account_id,account_hash,institution_type,owner_person_id,source_id,synthetic_demo_record
ACC_00001,a522d9e344f13ab8,Commercial Bank,P_03184,BANK_SRC_60,True
ACC_00002,ea7a906292a24a61,Cooperative Bank,P_04813,BANK_SRC_57,True
ACC_00003,de29c83ff84d068a,NBFC,P_02203,BANK_SRC_36,True
ACC_00004,754fc0e3cef98f08,Commercial Bank,P_04855,BANK_SRC_23,True
ACC_00005,adc3e6544126ca11,Payment Bank,P_02473,BANK_SRC_56,True
ACC_00006,8664ade293ee242d,Cooperative Bank,P_03982,BANK_SRC_42,True
ACC_00007,6a36611b2fd4f9e6,Cooperative Bank,P_01084,BANK_SRC_56,True
ACC_00008,754b741e20c4315a,Commercial Bank,P_02640,BANK_SRC_52,True
ACC_00009,53188f19fb07f9ad,Commercial Bank,P_00196,BANK_SRC_10,True
ACC_00010,d3b93ffc7223eaf2,Commercial Bank,P_00393,BANK_SRC_95,True
ACC_00011,497b908837aa0c52,Commercial Bank,P_00454,BANK_SRC_63,True
ACC_00012,f338c71f7835b817,NBFC,P_00577,BANK_SRC_34,True
ACC_00013,90e234f9b4526c2e,Commercial Bank,P_04603,BANK_SRC_27,True
ACC_00014,2ae85cc6312ef8f9,Commercial Bank,P_00719,BANK_SRC_16,True
ACC_00015,bfee61ea47fc8771,Cooperative Bank,P_04556,BANK_SRC_77,True
ACC_00016,f51fbdd784af8a2b,Commercial Bank,P_02030,BANK_SRC_97,True
ACC_00017,add3411598e37371,NBFC,P_04594,BANK_SRC_26,True
ACC_00018,5ca63a65ff56f247,Commercial Bank,P_01611,BANK_SRC_43,True
ACC_00019,691f63676a339e2a,NBFC,P_02198,BANK_SRC_96,True
ACC_00020,c1279c93b6db4427,Cooperative Bank,P_03820,BANK_SRC_90,True
ACC_00021,88f52677ff9fe9f1,Payment Bank,P_03381,BANK_SRC_63,True
ACC_00022,a873ca150607f415,Cooperative Bank,P_00576,BANK_SRC_19,True
ACC_00023,7228c8e3bed9bcd5,Cooperative Bank,P_04441,BANK_SRC_12,True
ACC_00024,fd6676d866dba057,NBFC,P_03365,BANK_SRC_46,True
ACC_00025,9bd584737fc0174d,Commercial Bank,P_00996,BANK_SRC_91,True
ACC_00026,3a3649e396769085,Cooperative Bank,P_01830,BANK_SRC_34,True
ACC_00027,4db8d40dd8fe99ee,Cooperative Bank,P_03388,BANK_SRC_64,True
ACC_00028,e6b7c70c41ee0b5d,Commercial Bank,P_04248,BANK_SRC_62,True
ACC_00029,7f5ed675904c95ef,Commercial Bank,P_03789,BANK_SRC_41,True
ACC_00030,7725aceb7a0dc80f,Cooperative Bank,P_01208,BANK_SRC_91,True
ACC_00031,4448796d2351540e,Commercial Bank,P_03296,BANK_SRC_32,True
ACC_00032,606e215091de63e1,Cooperative Bank,P_03118,BANK_SRC_69,True
ACC_00033,ccbe8960228df138,Payment Bank,P_04778,BANK_SRC_31,True
ACC_00034,bc3524f203a9fb68,NBFC,P_01528,BANK_SRC_42,True
ACC_00035,7f36a407299b1d8a,Cooperative Bank,P_02163,BANK_SRC_90,True
ACC_00036,10d8697b389f24c3,NBFC,P_03517,BANK_SRC_74,True
ACC_00037,b44455e8818ea2bf,Commercial Bank,P_00926,BANK_SRC_49,True
ACC_00038,da41f346d2197bdf,NBFC,P_01824,BANK_SRC_42,True
ACC_00039,f56ad2528c602302,Payment Bank,P_00200,BANK_SRC_81,True
ACC_00040,e462bbd809e3c2ba,Payment Bank,P_04190,BANK_SRC_50,True
ACC_00041,d41b3fc618bdcbeb,NBFC,P_02849,BANK_SRC_99,True
ACC_00042,85216d84eda10484,NBFC,P_01368,BANK_SRC_88,True
ACC_00043,6763acc21f1d1e43,Commercial Bank,P_00428,BANK_SRC_98,True
ACC_00044,dc1ff338d9b93a55,NBFC,P_01245,BANK_SRC_40,True
ACC_00045,1357fa3c9a94bb3b,NBFC,P_03834,BANK_SRC_32,True
ACC_00046,33866bb26454099b,Cooperative Bank,P_03251,BANK_SRC_34,True
ACC_00047,890e8b6c6303f0d5,Commercial Bank,P_02655,BANK_SRC_78,True
ACC_00048,cb9292557d9f9df6,Payment Bank,P_00055,BANK_SRC_54,True
ACC_00049,1451b5830ab9b668,Cooperative Bank,P_04829,BANK_SRC_68,True
ACC_00050,90b790550575b706,Payment Bank,P_04680,BANK_SRC_72,True
ACC_00051,db53c15d045deab6,Cooperative Bank,P_04743,BANK_SRC_42,True
ACC_00052,0061cbe0ca036325,Commercial Bank,P_03699,BANK_SRC_71,True
ACC_00053,de2cce9b1d00a1a5,NBFC,P_01775,BANK_SRC_11,True
ACC_00054,0527d6c158ffa51a,NBFC,P_01790,BANK_SRC_28,True
ACC_00055,79ac2dec1175f603,NBFC,P_02910,BANK_SRC_23,True
ACC_00056,162417ea8c1f6691,Payment Bank,P_00848,BANK_SRC_30,True
ACC_00057,368d458e003c578f,Commercial Bank,P_01682,BANK_SRC_79,True
ACC_00058,264ada45124501bd,Cooperative Bank,P_00352,BANK_SRC_14,True
ACC_00059,660e0704c632c87d,Cooperative Bank,P_04259,BANK_SRC_90,True
ACC_00060,e1b74a6e2d785736,NBFC,P_02119,BANK_SRC_38,True
ACC_00061,a0b51cfefd98f83f,Commercial Bank,P_01404,BANK_SRC_70,True
ACC_00062,e4a05415f8ef2f79,Commercial Bank,P_04370,BANK_SRC_31,True
ACC_00063,45f30ce62271d7b6,Payment Bank,P_03616,BANK_SRC_29,True
ACC_00064,5977e8dce02b0411,Cooperative Bank,P_01507,BANK_SRC_10,True
ACC_00065,e5558aef70006d22,Commercial Bank,P_00525,BANK_SRC_80,True
ACC_00066,0ea0b58f43c48568,NBFC,P_02465,BANK_SRC_42,True
ACC_00067,009c322e692f296c,NBFC,P_00569,BANK_SRC_88,True
ACC_00068,a56cb0a3d4f3581b,NBFC,P_03522,BANK_SRC_51,True
ACC_00069,0cc92a11f8b8cdc6,Payment Bank,P_00543,BANK_SRC_55,True
ACC_00070,67bec8494ba383a0,Commercial Bank,P_02720,BANK_SRC_56,True
ACC_00071,744e117ea4c1e45a,Commercial Bank,P_00662,BANK_SRC_89,True
ACC_00072,f69bd50161e60992,Payment Bank,P_02035,BANK_SRC_26,True
ACC_00073,786b9945651f0ca9,Commercial Bank,P_01056,BANK_SRC_11,True
ACC_00074,0628022854696dfc,NBFC,P_01719,BANK_SRC_27,True
ACC_00075,8e7abeabf9d8df9a,Commercial Bank,P_01057,BANK_SRC_29,True
ACC_00076,eb276b3342de8d55,Cooperative Bank,P_04430,BANK_SRC_95,True
ACC_00077,cc20fefd9535e60b,Payment Bank,P_02274,BANK_SRC_35,True
ACC_00078,f4f397662a533237,Commercial Bank,P_03743,BANK_SRC_65,True
ACC_00079,c9d296960493a896,Commercial Bank,P_04696,BANK_SRC_87,True
ACC_00080,6cac4c9677c74df6,NBFC,P_00917,BANK_SRC_38,True
ACC_00081,0242ba3066863d1a,NBFC,P_01016,BANK_SRC_81,True
ACC_00082,7b617e5286fd698a,Cooperative Bank,P_03861,BANK_SRC_36,True
ACC_00083,fdcc1e6f9d26bf12,Payment Bank,P_00012,BANK_SRC_42,True
ACC_00084,50e5d8b647ed27ff,NBFC,P_00527,BANK_SRC_22,True
ACC_00085,023427d8b42312b3,NBFC,P_03571,BANK_SRC_10,True
ACC_00086,8da372180ec81ed6,Payment Bank,P_00251,BANK_SRC_47,True
ACC_00087,c0436f123ae89280,Commercial Bank,P_02714,BANK_SRC_52,True
ACC_00088,e2400bb568c35a1e,Payment Bank,P_00779,BANK_SRC_28,True
ACC_00089,c004889ccc2df350,Cooperative Bank,P_04753,BANK_SRC_76,True
ACC_00090,14221e7dce7cb3ef,Payment Bank,P_00030,BANK_SRC_22,True
ACC_00091,f91a389acc9c0df2,Payment Bank,P_00975,BANK_SRC_12,True
ACC_00092,5aefe81358edad98,NBFC,P_04996,BANK_SRC_22,True
ACC_00093,49a0fa350f132239,Cooperative Bank,P_01599,BANK_SRC_52,True
ACC_00094,cd7d8a3deb9a468f,Commercial Bank,P_03052,BANK_SRC_51,True
ACC_00095,72cc8ecbfc3477e8,Cooperative Bank,P_04219,BANK_SRC_68,True
ACC_00096,651c8ed3f947468b,Cooperative Bank,P_03646,BANK_SRC_54,True
ACC_00097,9e970348793647f8,Payment Bank,P_02269,BANK_SRC_73,True
ACC_00098,c74678c72a6dfedb,Payment Bank,P_03315,BANK_SRC_15,True
ACC_00099,2c8318876842fd16,Payment Bank,P_00873,BANK_SRC_30,True
ACC_00100,6b528db206a58c76,NBFC,P_02660,BANK_SRC_33,True
ACC_00101,2de172efe6390f77,Cooperative Bank,P_03793,BANK_SRC_61,True
ACC_00102,d1724153a91d495e,NBFC,P_00331,BANK_SRC_45,True
ACC_00103,f68b5d2a920f6002,Cooperative Bank,P_04451,BANK_SRC_12,True
ACC_00104,c985702cf71415b9,Commercial Bank,P_02135,BANK_SRC_85,True
ACC_00105,216dad132d4b6d27,Commercial Bank,P_03858,BANK_SRC_49,True
ACC_00106,a66f118adc2c5261,Cooperative Bank,P_01076,BANK_SRC_57,True
ACC_00107,1f7da6ab04c7bbb7,Payment Bank,P_02691,BANK_SRC_86,True
ACC_00108,101355cca8e0d4b8,Payment Bank,P_01484,BANK_SRC_82,True
ACC_00109,5ac82be01eb3998f,NBFC,P_03333,BANK_SRC_73,True
ACC_00110,82df23c791d7d771,Commercial Bank,P_04912,BANK_SRC_97,True
ACC_00111,dd91ec575c33c688,Cooperative Bank,P_01544,BANK_SRC_12,True
ACC_00112,322991aae905d0b7,NBFC,P_02503,BANK_SRC_62,True
ACC_00113,a5e4770fb797fa52,Commercial Bank,P_01170,BANK_SRC_21,True
ACC_00114,a266ecfa3e8b8637,Payment Bank,P_03188,BANK_SRC_77,True
ACC_00115,80b10d4852ed334a,Commercial Bank,P_04674,BANK_SRC_54,True
ACC_00116,fdf780ed82522239,Cooperative Bank,P_01376,BANK_SRC_35,True
ACC_00117,f1542db0be51e9c6,NBFC,P_03105,BANK_SRC_17,True
ACC_00118,6f245e95e8cbfbc7,Cooperative Bank,P_00064,BANK_SRC_44,True
ACC_00119,bbe448e45ed19ad5,Cooperative Bank,P_03757,BANK_SRC_95,True
ACC_00120,ad04f80b33b1e106,Cooperative Bank,P_04255,BANK_SRC_10,True
ACC_00121,c19006f961adfc00,Commercial Bank,P_04158,BANK_SRC_24,True
ACC_00122,ee598909c69d188a,NBFC,P_02067,BANK_SRC_83,True
ACC_00123,1b3999352199d5e6,Commercial Bank,P_04870,BANK_SRC_91,True
ACC_00124,8eb197571bfc120c,Commercial Bank,P_02690,BANK_SRC_38,True
ACC_00125,992796d805b7c826,Payment Bank,P_01731,BANK_SRC_92,True
ACC_00126,94a0ebbffb062954,NBFC,P_04595,BANK_SRC_75,True
ACC_00127,4f27cb85df93e2e4,Cooperative Bank,P_00860,BANK_SRC_83,True
ACC_00128,528637c805afcc48,Commercial Bank,P_03830,BANK_SRC_92,True
ACC_00129,9f74f9e2622639aa,NBFC,P_00034,BANK_SRC_85,True
ACC_00130,75c14cae30dfd54c,Payment Bank,P_02380,BANK_SRC_45,True
ACC_00131,e9353ab1594f7d01,Payment Bank,P_02562,BANK_SRC_49,True
ACC_00132,fef4c3b7ccc2704c,NBFC,P_02319,BANK_SRC_61,True
ACC_00133,a7780c7541d056d9,NBFC,P_04764,BANK_SRC_91,True
ACC_00134,8877f77ed4b0268c,Cooperative Bank,P_02813,BANK_SRC_48,True
ACC_00135,8c1c7ca88cf0311b,Commercial Bank,P_03703,BANK_SRC_98,True
ACC_00136,ab98c577650ac03c,Payment Bank,P_03204,BANK_SRC_84,True
ACC_00137,e8d2f452ea27cd38,Payment Bank,P_04319,BANK_SRC_90,True
ACC_00138,cc2cc66c6ab3759b,NBFC,P_04651,BANK_SRC_87,True
ACC_00139,7f6b8964f23a9692,Payment Bank,P_04689,BANK_SRC_74,True
ACC_00140,042f028c6519481d,Cooperative Bank,P_02575,BANK_SRC_96,True
ACC_00141,3f2cccb20a77bace,Commercial Bank,P_04167,BANK_SRC_58,True
ACC_00142,06c03d0f8731e7c5,Cooperative Bank,P_03908,BANK_SRC_49,True
ACC_00143,a6a7adb8267580eb,NBFC,P_00320,BANK_SRC_93,True
ACC_00144,8093cfd61de4ff78,NBFC,P_00802,BANK_SRC_59,True
ACC_00145,c313e11de6abd238,Cooperative Bank,P_00770,BANK_SRC_50,True
ACC_00146,e1ce3e5a0fc2e29a,Commercial Bank,P_00210,BANK_SRC_72,True
ACC_00147,64444bfcb9b72b96,NBFC,P_04257,BANK_SRC_84,True
ACC_00148,9d6d0424a3a08c0a,Cooperative Bank,P_01284,BANK_SRC_74,True
ACC_00149,f8a9a0f6cab02d1c,Cooperative Bank,P_02635,BANK_SRC_34,True
ACC_00150,0ff2f1b0e0a14e64,Payment Bank,P_03349,BANK_SRC_26,True
ACC_00151,7eb048648bb6e62c,Cooperative Bank,P_04542,BANK_SRC_38,True
ACC_00152,cd27f71b84b5c8c7,NBFC,P_00713,BANK_SRC_50,True
ACC_00153,e1c4eff6dadfcdf6,Cooperative Bank,P_01603,BANK_SRC_50,True
ACC_00154,6c7caefa5fd97359,Payment Bank,P_02712,BANK_SRC_89,True
ACC_00155,41190099d69aa4db,Commercial Bank,P_03691,BANK_SRC_34,True
ACC_00156,20ce8fa7ce94692f,Cooperative Bank,P_01145,BANK_SRC_44,True
ACC_00157,84972260c5c25b1e,Payment Bank,P_03950,BANK_SRC_64,True
ACC_00158,868d1ec148a034fc,Cooperative Bank,P_02702,BANK_SRC_55,True
ACC_00159,dbc51423a305ba75,NBFC,P_02572,BANK_SRC_15,True
ACC_00160,b6a7f4c3e1cb9a6f,NBFC,P_01219,BANK_SRC_24,True
ACC_00161,09d0e28ee990d557,Cooperative Bank,P_03853,BANK_SRC_63,True
ACC_00162,7173a98d31fd93eb,Payment Bank,P_02533,BANK_SRC_70,True
ACC_00163,0af173090b62f30e,Cooperative Bank,P_03209,BANK_SRC_94,True
ACC_00164,6ed6104e0bfff09a,NBFC,P_04892,BANK_SRC_96,True
ACC_00165,aa6ce3133575d104,Payment Bank,P_00117,BANK_SRC_13,True
ACC_00166,c235b4c15c787211,Commercial Bank,P_03585,BANK_SRC_29,True
ACC_00167,bb28911403c9528c,Cooperative Bank,P_01384,BANK_SRC_93,True
ACC_00168,c6d72a59f993ea82,Payment Bank,P_00217,BANK_SRC_46,True
ACC_00169,258a2fe62d234b9a,Commercial Bank,P_03435,BANK_SRC_42,True
ACC_00170,6669a65035547d1f,Payment Bank,P_03040,BANK_SRC_84,True
ACC_00171,820d5d68616ed70f,NBFC,P_02728,BANK_SRC_37,True
ACC_00172,e265a8e22a23d552,NBFC,P_02727,BANK_SRC_73,True
ACC_00173,550acccd49970e33,Payment Bank,P_03992,BANK_SRC_37,True
ACC_00174,147ad131de87f00b,NBFC,P_01902,BANK_SRC_62,True
ACC_00175,699cb2b76ee664df,Payment Bank,P_01571,BANK_SRC_96,True
ACC_00176,60d2257df57c76b2,Cooperative Bank,P_03368,BANK_SRC_98,True
ACC_00177,fe888172b0db99da,NBFC,P_02049,BANK_SRC_94,True
ACC_00178,8dc0fda8c1df69b2,Commercial Bank,P_01165,BANK_SRC_33,True
ACC_00179,f1a5dc52f8c0442d,NBFC,P_01506,BANK_SRC_57,True
ACC_00180,875fff202ff419bd,NBFC,P_02763,BANK_SRC_23,True
ACC_00181,d493143f5bb71f59,Commercial Bank,P_03752,BANK_SRC_65,True
ACC_00182,6d5e5383d05ce7eb,Payment Bank,P_03787,BANK_SRC_96,True
ACC_00183,5c17937b448c7bea,Commercial Bank,P_00884,BANK_SRC_36,True
ACC_00184,69c3d3fdc7b1de39,Payment Bank,P_04785,BANK_SRC_49,True
ACC_00185,b3f1c8bcb14371d9,NBFC,P_00272,BANK_SRC_30,True
ACC_00186,36009495bc5f32ab,Commercial Bank,P_00939,BANK_SRC_80,True
ACC_00187,9be0231a1e882f18,Cooperative Bank,P_01587,BANK_SRC_85,True
ACC_00188,a53cdf5211377de8,Cooperative Bank,P_00595,BANK_SRC_83,True
ACC_00189,20b3d94c41b25180,Cooperative Bank,P_03096,BANK_SRC_24,True
ACC_00190,b3a4fd45fa9abd1d,Cooperative Bank,P_00021,BANK_SRC_13,True
ACC_00191,4773fa9533bb547e,Cooperative Bank,P_03936,BANK_SRC_63,True
ACC_00192,dfeb6a0148008501,Cooperative Bank,P_00346,BANK_SRC_28,True
ACC_00193,ef9f97133b111ca3,NBFC,P_04282,BANK_SRC_66,True
ACC_00194,354af8b5781a3b76,Commercial Bank,P_02340,BANK_SRC_50,True
ACC_00195,9751683b13589d06,Payment Bank,P_02392,BANK_SRC_72,True
ACC_00196,4ca043bbf2b85aad,NBFC,P_04032,BANK_SRC_34,True
ACC_00197,f8e1e7d94ecc9130,Commercial Bank,P_01235,BANK_SRC_20,True
ACC_00198,ac9d6de372d6dc55,Commercial Bank,P_01372,BANK_SRC_47,True
ACC_00199,3c7f782e15f245ae,Payment Bank,P_02168,BANK_SRC_27,True
ACC_00200,6d2ada1982f049da,Commercial Bank,P_02266,BANK_SRC_82,True
ACC_00201,b1a97b60c5d5c249,NBFC,P_03416,BANK_SRC_43,True
ACC_00202,f95eb952a133b3cc,Payment Bank,P_03605,BANK_SRC_32,True
ACC_00203,d90f0889db85a11b,NBFC,P_02964,BANK_SRC_80,True
ACC_00204,4a9fc9659006c2f5,NBFC,P_03816,BANK_SRC_73,True
ACC_00205,ea9a950e4c0f68e7,Payment Bank,P_04081,BANK_SRC_11,True
ACC_00206,13f66538b20b1273,NBFC,P_03617,BANK_SRC_50,True
ACC_00207,bee3f04ad8f58544,Commercial Bank,P_03921,BANK_SRC_65,True
ACC_00208,57e11f2c592170ce,NBFC,P_00708,BANK_SRC_29,True
ACC_00209,e28b444947d14fa6,NBFC,P_04067,BANK_SRC_76,True
ACC_00210,607019abe4a628b6,Cooperative Bank,P_00503,BANK_SRC_75,True
ACC_00211,35dc9c98a4a11ee4,Commercial Bank,P_01202,BANK_SRC_92,True
ACC_00212,16b4f2c960e2b944,NBFC,P_03094,BANK_SRC_13,True
ACC_00213,d2fb413e88bcd899,NBFC,P_00011,BANK_SRC_19,True
ACC_00214,057477d0149053d8,Commercial Bank,P_04323,BANK_SRC_52,True
ACC_00215,717d81d3c4689215,Commercial Bank,P_03172,BANK_SRC_35,True
ACC_00216,5ddbb5c4caf808e7,Payment Bank,P_00609,BANK_SRC_70,True
ACC_00217,17e5e6f2da4891c6,Commercial Bank,P_04729,BANK_SRC_28,True
ACC_00218,75c283de1c9e792e,Cooperative Bank,P_03820,BANK_SRC_25,True
ACC_00219,708f79e48ffa9c07,Cooperative Bank,P_01428,BANK_SRC_81,True
ACC_00220,e7164db17a6aadc6,Commercial Bank,P_02958,BANK_SRC_61,True
ACC_00221,c5791dbeb9c41d5e,Commercial Bank,P_00148,BANK_SRC_88,True
ACC_00222,f96f74096a9f1d81,Commercial Bank,P_04558,BANK_SRC_76,True
ACC_00223,d69f5651e4b47480,NBFC,P_03605,BANK_SRC_10,True
ACC_00224,aec09b616e6faad5,NBFC,P_04311,BANK_SRC_23,True
ACC_00225,35d61b00d113baf6,NBFC,P_03007,BANK_SRC_69,True
ACC_00226,4da517537e40dbb1,Payment Bank,P_00848,BANK_SRC_17,True
ACC_00227,f503aff5fb5e9a0e,NBFC,P_02383,BANK_SRC_80,True
ACC_00228,9c7cab78e7d978d7,NBFC,P_04744,BANK_SRC_67,True
ACC_00229,30c1e0f12aa79d73,Commercial Bank,P_01243,BANK_SRC_95,True
ACC_00230,c8bc028155721711,Commercial Bank,P_00440,BANK_SRC_83,True
ACC_00231,c1dc058c4b913213,Commercial Bank,P_00005,BANK_SRC_73,True
ACC_00232,a199920aad8a5041,Commercial Bank,P_04549,BANK_SRC_32,True
ACC_00233,9d0060fc3a7fb3bc,Cooperative Bank,P_00097,BANK_SRC_54,True
ACC_00234,39f260ccfdee3797,Cooperative Bank,P_02416,BANK_SRC_97,True
ACC_00235,088625b8503d53ac,Commercial Bank,P_01882,BANK_SRC_20,True
ACC_00236,a814f137266fef6c,NBFC,P_00098,BANK_SRC_56,True
ACC_00237,6f51459554e46d20,NBFC,P_04941,BANK_SRC_96,True
ACC_00238,6118d78fca43227c,NBFC,P_02735,BANK_SRC_51,True
ACC_00239,060699f09bf469fa,Payment Bank,P_04875,BANK_SRC_42,True
ACC_00240,dbc17ef97a8cf4c8,NBFC,P_01369,BANK_SRC_94,True
ACC_00241,ca1a7680d90ea9b8,Cooperative Bank,P_02161,BANK_SRC_17,True
ACC_00242,3512391d88676105,Payment Bank,P_02353,BANK_SRC_24,True
ACC_00243,93d1c362b97a77fd,Payment Bank,P_02861,BANK_SRC_15,True
ACC_00244,2fbad658d7c652e5,NBFC,P_03002,BANK_SRC_88,True
ACC_00245,2941becbfb2c6cf7,NBFC,P_01883,BANK_SRC_60,True
ACC_00246,28c791941b0a99bf,NBFC,P_04698,BANK_SRC_58,True
ACC_00247,37c038959b1c715a,Payment Bank,P_04468,BANK_SRC_53,True
ACC_00248,91a28ba0db733787,NBFC,P_04163,BANK_SRC_48,True
ACC_00249,40fb2c0074a35845,Payment Bank,P_04905,BANK_SRC_76,True
ACC_00250,3454b61d8ee4380e,Commercial Bank,P_02492,BANK_SRC_45,True
ACC_00251,dae1a9225ec93e24,Commercial Bank,P_02284,BANK_SRC_75,True
ACC_00252,6c9ec41d02a67d6e,NBFC,P_00478,BANK_SRC_31,True
ACC_00253,887bfb4786de3827,Payment Bank,P_02369,BANK_SRC_66,True
ACC_00254,494f0280cde6af60,Commercial Bank,P_02141,BANK_SRC_82,True
ACC_00255,b3eb6de28ca92693,Cooperative Bank,P_04732,BANK_SRC_33,True
ACC_00256,581df43246ed17c0,Cooperative Bank,P_02166,BANK_SRC_66,True
ACC_00257,0632231ff35d0561,Commercial Bank,P_04843,BANK_SRC_21,True
ACC_00258,63f9b6094bc4b184,Commercial Bank,P_00465,BANK_SRC_78,True
ACC_00259,6dcfd264f7bc86fd,Payment Bank,P_02099,BANK_SRC_86,True
ACC_00260,13deb446b6687173,Commercial Bank,P_01822,BANK_SRC_41,True
ACC_00261,48368a4cd0d4bf4e,NBFC,P_02925,BANK_SRC_25,True
ACC_00262,fa342ddb5afb7b6b,Commercial Bank,P_04193,BANK_SRC_94,True
ACC_00263,50eedb3045f49fac,Payment Bank,P_03719,BANK_SRC_98,True
ACC_00264,70a1ee9c1a9e2d52,Cooperative Bank,P_04454,BANK_SRC_28,True
ACC_00265,fc5b4fecbb7c3efb,Payment Bank,P_03430,BANK_SRC_88,True
ACC_00266,7964d710138d7b37,Payment Bank,P_04154,BANK_SRC_52,True
ACC_00267,2b1e4c80f5d37a75,NBFC,P_02477,BANK_SRC_80,True
ACC_00268,808fbd971dfa8dad,Cooperative Bank,P_00836,BANK_SRC_18,True
ACC_00269,a0bb704ba457cb86,Payment Bank,P_02358,BANK_SRC_67,True
ACC_00270,642b060f176019d9,Payment Bank,P_02047,BANK_SRC_32,True
ACC_00271,5f904e1c539ee2f8,Payment Bank,P_04784,BANK_SRC_97,True
ACC_00272,fe3bb5d757e20f3c,Commercial Bank,P_03887,BANK_SRC_43,True
ACC_00273,ff6dcb12d9111693,Cooperative Bank,P_03521,BANK_SRC_73,True
ACC_00274,e022483a63bba249,Payment Bank,P_02753,BANK_SRC_54,True
ACC_00275,72007e1cb3f3f6da,NBFC,P_01181,BANK_SRC_67,True
ACC_00276,3949e6d78251b062,NBFC,P_03506,BANK_SRC_85,True
ACC_00277,d8861b2fd9b7e3ae,NBFC,P_04035,BANK_SRC_52,True
ACC_00278,6959d10c78c5497a,Payment Bank,P_02450,BANK_SRC_67,True
ACC_00279,578b28656682050e,Cooperative Bank,P_02464,BANK_SRC_45,True
ACC_00280,814d39c1c0f01f99,Cooperative Bank,P_00035,BANK_SRC_63,True
ACC_00281,6ee02bbaaf4113dd,NBFC,P_00027,BANK_SRC_33,True
ACC_00282,70e823b74563363b,Cooperative Bank,P_03717,BANK_SRC_42,True
ACC_00283,83b5bc0ba83dafdd,Commercial Bank,P_03088,BANK_SRC_24,True
ACC_00284,8332282aeaa81f3c,Payment Bank,P_01255,BANK_SRC_47,True
ACC_00285,b2d959c4bc64f1d7,NBFC,P_03921,BANK_SRC_95,True
ACC_00286,4f654088b47030a5,Commercial Bank,P_02863,BANK_SRC_56,True
ACC_00287,4883415ad74805d3,Cooperative Bank,P_03356,BANK_SRC_99,True
ACC_00288,2e956123551452b3,NBFC,P_01967,BANK_SRC_52,True
ACC_00289,5f90f72b2747b4fc,Payment Bank,P_02116,BANK_SRC_39,True
ACC_00290,4b4b1c9f3f845a57,Cooperative Bank,P_00837,BANK_SRC_26,True
ACC_00291,11de3d717964e04c,Cooperative Bank,P_03683,BANK_SRC_16,True
ACC_00292,d8893d99d1cc1aa7,Cooperative Bank,P_01747,BANK_SRC_93,True
ACC_00293,9b193d1af9ded010,NBFC,P_04127,BANK_SRC_91,True
ACC_00294,0a366d250cdd1222,NBFC,P_01327,BANK_SRC_55,True
ACC_00295,b14e3272c4d35221,Cooperative Bank,P_03428,BANK_SRC_90,True
ACC_00296,63351152f359c3c0,Commercial Bank,P_00627,BANK_SRC_72,True
ACC_00297,ae2d42ade377a20f,NBFC,P_04057,BANK_SRC_79,True
ACC_00298,042cf015135efb96,NBFC,P_00390,BANK_SRC_19,True
ACC_00299,50dca4908078247c,Payment Bank,P_02613,BANK_SRC_75,True
ACC_00300,c375a366e5e63864,Payment Bank,P_03288,BANK_SRC_65,True
ACC_00301,9459416289f279de,Commercial Bank,P_02672,BANK_SRC_31,True
ACC_00302,a3f431101bfe9170,Cooperative Bank,P_04514,BANK_SRC_53,True
ACC_00303,33c15de3c86f0362,NBFC,P_01143,BANK_SRC_65,True
ACC_00304,99adb5d856971c95,Payment Bank,P_04785,BANK_SRC_59,True
ACC_00305,57e0505fbebec64b,Payment Bank,P_04828,BANK_SRC_32,True
ACC_00306,08b7a97df11f57e1,Commercial Bank,P_04494,BANK_SRC_52,True
ACC_00307,ef4226d6c49a1bf3,Commercial Bank,P_01263,BANK_SRC_95,True
ACC_00308,7141046c87214fb9,NBFC,P_01805,BANK_SRC_21,True
ACC_00309,c96f963347cdda7e,NBFC,P_01373,BANK_SRC_58,True
ACC_00310,226297d7f62ce334,NBFC,P_04381,BANK_SRC_71,True
ACC_00311,12aa486c831ac233,NBFC,P_04062,BANK_SRC_79,True
ACC_00312,548f5e0239418069,Cooperative Bank,P_02769,BANK_SRC_77,True
ACC_00313,1a3bdc766bba9ad0,Commercial Bank,P_03791,BANK_SRC_41,True
ACC_00314,6bfa155c99adfaa7,NBFC,P_01226,BANK_SRC_67,True
ACC_00315,eab8a31f10b2d742,Commercial Bank,P_04597,BANK_SRC_10,True
ACC_00316,ba3bc8b081a8871a,Cooperative Bank,P_03332,BANK_SRC_44,True
ACC_00317,3ae32239374416f6,Cooperative Bank,P_02843,BANK_SRC_53,True
ACC_00318,83056e8886edae6d,Cooperative Bank,P_03484,BANK_SRC_67,True
ACC_00319,b228a8f2a6e58f35,Commercial Bank,P_04190,BANK_SRC_42,True
ACC_00320,4173e86a545ef732,Payment Bank,P_02709,BANK_SRC_84,True
ACC_00321,d5ad4f6af6eccdcc,Cooperative Bank,P_03849,BANK_SRC_69,True
ACC_00322,6d8b4eea9b9ca187,Cooperative Bank,P_01808,BANK_SRC_31,True
ACC_00323,65b7e3368afb7ad7,Payment Bank,P_04512,BANK_SRC_30,True
ACC_00324,ba3df3a7500de576,Payment Bank,P_02134,BANK_SRC_53,True
ACC_00325,3e041da2fe89ec65,Cooperative Bank,P_02427,BANK_SRC_84,True
ACC_00326,758f2e5f530b7dcd,Commercial Bank,P_03686,BANK_SRC_47,True
ACC_00327,f7f8293524767d4c,NBFC,P_00855,BANK_SRC_81,True
ACC_00328,1c1627138c9eb3d2,NBFC,P_04499,BANK_SRC_91,True
ACC_00329,ab40f75c33944da7,Cooperative Bank,P_02387,BANK_SRC_77,True
ACC_00330,d71a379be8439c6a,Commercial Bank,P_03203,BANK_SRC_48,True
ACC_00331,cc8bb1158c9bc187,NBFC,P_02330,BANK_SRC_39,True
ACC_00332,e8e16991b01f6376,Commercial Bank,P_01698,BANK_SRC_98,True
ACC_00333,6a863047697c4c61,Payment Bank,P_01336,BANK_SRC_55,True
ACC_00334,0f817d1912f616c9,Commercial Bank,P_04476,BANK_SRC_11,True
ACC_00335,854b63f9787eb63f,Cooperative Bank,P_03468,BANK_SRC_96,True
ACC_00336,d56c35d3cabca8f6,Payment Bank,P_02193,BANK_SRC_30,True
ACC_00337,bee0078099aab461,NBFC,P_03455,BANK_SRC_62,True
ACC_00338,ea3ec40da79946d1,Payment Bank,P_00197,BANK_SRC_36,True
ACC_00339,3dde0939b19f9e30,Commercial Bank,P_00485,BANK_SRC_38,True
ACC_00340,067a158bf9db22ea,Commercial Bank,P_02055,BANK_SRC_98,True
ACC_00341,e820620d1798ab3b,NBFC,P_00962,BANK_SRC_21,True
ACC_00342,7e7fdbb6708d0d66,Cooperative Bank,P_03080,BANK_SRC_41,True
ACC_00343,1cf33c5ab0849965,Commercial Bank,P_02916,BANK_SRC_51,True
ACC_00344,dbc893f6e181f5d7,Commercial Bank,P_04087,BANK_SRC_24,True
ACC_00345,72cfe948973b0854,Cooperative Bank,P_02999,BANK_SRC_68,True
ACC_00346,20b0daf1b8f0ef30,NBFC,P_02344,BANK_SRC_68,True
ACC_00347,0fc17e4e528310fd,NBFC,P_00174,BANK_SRC_72,True
ACC_00348,bdabbd5cb12a96ee,Payment Bank,P_01358,BANK_SRC_58,True
ACC_00349,3081df0648150fa5,Payment Bank,P_02997,BANK_SRC_69,True
ACC_00350,28a0c9bc9e7dd460,NBFC,P_04763,BANK_SRC_53,True
ACC_00351,b07a42eda4664cbe,Payment Bank,P_04656,BANK_SRC_57,True
ACC_00352,786da191707b07b4,Payment Bank,P_00209,BANK_SRC_93,True
ACC_00353,606b8912276e4cc1,NBFC,P_01967,BANK_SRC_27,True
ACC_00354,198b9e0fb4234d62,Commercial Bank,P_04614,BANK_SRC_66,True
ACC_00355,a6ce4370dceb3e87,Payment Bank,P_00940,BANK_SRC_46,True
ACC_00356,63d250c1fc1b4d02,Payment Bank,P_00609,BANK_SRC_30,True
ACC_00357,a84f9ddd91163817,Cooperative Bank,P_02564,BANK_SRC_17,True
ACC_00358,e3ce6e77e9ffbb0a,Cooperative Bank,P_03713,BANK_SRC_19,True
ACC_00359,5a5ef32ca4f5c435,Commercial Bank,P_03231,BANK_SRC_18,True
ACC_00360,197a6d6d74228bdb,Payment Bank,P_05000,BANK_SRC_57,True
ACC_00361,1d65e24831bf9e87,Cooperative Bank,P_04122,BANK_SRC_17,True
ACC_00362,77e6ab5972cf59d9,NBFC,P_01676,BANK_SRC_89,True
ACC_00363,7107eff47e5330fc,Commercial Bank,P_02195,BANK_SRC_75,True
ACC_00364,be88e8fc9546f526,Commercial Bank,P_04077,BANK_SRC_34,True
ACC_00365,e56d31e5b380afa9,Commercial Bank,P_02969,BANK_SRC_31,True
ACC_00366,0d6c7aad656056b4,Cooperative Bank,P_02379,BANK_SRC_84,True
ACC_00367,08fe78daf1e002b0,Payment Bank,P_01641,BANK_SRC_92,True
ACC_00368,864bee7aa685af39,Commercial Bank,P_00181,BANK_SRC_32,True
ACC_00369,8420eadc0d349089,Commercial Bank,P_00726,BANK_SRC_56,True
ACC_00370,ffb071714f7d4d06,Payment Bank,P_01350,BANK_SRC_84,True
ACC_00371,191e4dd7606112a2,NBFC,P_04655,BANK_SRC_87,True
ACC_00372,860b88886222257c,Cooperative Bank,P_02120,BANK_SRC_29,True
ACC_00373,8f2487d720274d7c,Commercial Bank,P_02662,BANK_SRC_21,True
ACC_00374,d6ef352bb3e0758f,Commercial Bank,P_04536,BANK_SRC_24,True
ACC_00375,fc0fe2ed394ea232,Cooperative Bank,P_01671,BANK_SRC_43,True
ACC_00376,cb25a077d7c44245,NBFC,P_04212,BANK_SRC_18,True
ACC_00377,13073e73a829fbbd,NBFC,P_01656,BANK_SRC_98,True
ACC_00378,31a4e5509d8e9c02,NBFC,P_01441,BANK_SRC_79,True
ACC_00379,afe4d921bb34e7e3,NBFC,P_03408,BANK_SRC_40,True
ACC_00380,1eec274c9113ac20,Commercial Bank,P_02427,BANK_SRC_24,True
ACC_00381,074142f8f3d1fb70,Commercial Bank,P_01235,BANK_SRC_99,True
ACC_00382,90100e93a90bb327,Cooperative Bank,P_01670,BANK_SRC_15,True
ACC_00383,8812ad9044743389,Payment Bank,P_00756,BANK_SRC_81,True
ACC_00384,01fa44164e63913c,Commercial Bank,P_00282,BANK_SRC_81,True
ACC_00385,ce157542de2949df,Commercial Bank,P_04061,BANK_SRC_84,True
ACC_00386,bab31d87d1737713,Payment Bank,P_03112,BANK_SRC_56,True
ACC_00387,2f7bd472eeb7cf10,Commercial Bank,P_01293,BANK_SRC_96,True
ACC_00388,c31a296cf01090ec,Commercial Bank,P_04717,BANK_SRC_75,True
ACC_00389,fafd9edafe3c802a,Payment Bank,P_01263,BANK_SRC_60,True
ACC_00390,d901f13956492cb1,Commercial Bank,P_04601,BANK_SRC_66,True
ACC_00391,81579b05b7667e35,NBFC,P_01242,BANK_SRC_72,True
ACC_00392,571666cfa02bae7c,Commercial Bank,P_00442,BANK_SRC_71,True
ACC_00393,84768987641de237,Commercial Bank,P_00697,BANK_SRC_89,True
ACC_00394,843b5b206b7e57ca,NBFC,P_00944,BANK_SRC_47,True
ACC_00395,fdc6bfeb727ff86c,Commercial Bank,P_00293,BANK_SRC_40,True
ACC_00396,7d389102e0e93dca,Commercial Bank,P_01688,BANK_SRC_41,True
ACC_00397,dd7ad5fcdaf25cc4,Payment Bank,P_02280,BANK_SRC_65,True
ACC_00398,fbe3ab84b67484ec,Commercial Bank,P_00228,BANK_SRC_42,True
ACC_00399,2d0ca9980dccf4c0,Commercial Bank,P_04350,BANK_SRC_73,True
ACC_00400,182d181f186c129b,Payment Bank,P_03718,BANK_SRC_93,True
ACC_00401,ecb62afd54121968,Commercial Bank,P_03763,BANK_SRC_58,True
ACC_00402,d93f2da149d63ae5,Commercial Bank,P_01712,BANK_SRC_35,True
ACC_00403,92f69000a1076748,Commercial Bank,P_04172,BANK_SRC_50,True
ACC_00404,2095952a6b3056a8,Cooperative Bank,P_03601,BANK_SRC_83,True
ACC_00405,4edeb60b9e745d19,NBFC,P_03106,BANK_SRC_61,True
ACC_00406,90423ecdd8c18fa8,Payment Bank,P_03782,BANK_SRC_86,True
ACC_00407,41ba531e423e94e8,NBFC,P_04977,BANK_SRC_60,True
ACC_00408,95670527dff2bac0,Cooperative Bank,P_04953,BANK_SRC_37,True
ACC_00409,75ccbcc52a278e92,NBFC,P_03779,BANK_SRC_23,True
ACC_00410,b11e5c12e6b4fabe,NBFC,P_02608,BANK_SRC_18,True
ACC_00411,9c4c925c5acc6598,NBFC,P_02296,BANK_SRC_35,True
ACC_00412,b1667a821b27005c,Payment Bank,P_02094,BANK_SRC_37,True
ACC_00413,231f98f2ddd02b20,NBFC,P_00251,BANK_SRC_47,True
ACC_00414,846c73d1750b9c69,Cooperative Bank,P_02386,BANK_SRC_89,True
ACC_00415,c02274c9468323f6,Payment Bank,P_01402,BANK_SRC_86,True
ACC_00416,219918de5c03e3ab,NBFC,P_00043,BANK_SRC_33,True
ACC_00417,b88683b5d1ba3f0a,Cooperative Bank,P_01165,BANK_SRC_97,True
ACC_00418,db08f1204b4d0f6b,Payment Bank,P_03063,BANK_SRC_24,True
ACC_00419,3654823b3abce104,Cooperative Bank,P_01734,BANK_SRC_40,True
ACC_00420,ad109b309873f3bc,Cooperative Bank,P_03510,BANK_SRC_80,True
ACC_00421,c6169ad0a3cee0f0,Cooperative Bank,P_04103,BANK_SRC_28,True
ACC_00422,6ac7073fee27ef35,Commercial Bank,P_01971,BANK_SRC_43,True
ACC_00423,5ceb2db26448b5f8,NBFC,P_01929,BANK_SRC_56,True
ACC_00424,a02b664d47df6e47,NBFC,P_04347,BANK_SRC_45,True
ACC_00425,c2b2cb1ccdcc7f28,Commercial Bank,P_04334,BANK_SRC_60,True
ACC_00426,6822dedbd30d2d2b,Commercial Bank,P_01892,BANK_SRC_61,True
ACC_00427,606de6a2c031a870,Payment Bank,P_01868,BANK_SRC_54,True
ACC_00428,1cba00918dce5542,NBFC,P_01382,BANK_SRC_61,True
ACC_00429,a73dfd9d5428dfea,Payment Bank,P_00306,BANK_SRC_75,True
ACC_00430,2bbb250a694c3b63,Commercial Bank,P_02022,BANK_SRC_24,True
ACC_00431,d043b9b2f7139c7a,NBFC,P_02255,BANK_SRC_32,True
ACC_00432,161ff9134245429c,NBFC,P_04053,BANK_SRC_78,True
ACC_00433,73cfb175e9b906b0,Payment Bank,P_03123,BANK_SRC_59,True
ACC_00434,77f8fc7c33747a23,NBFC,P_00255,BANK_SRC_19,True
ACC_00435,7a3b8bca4c4fc2ec,Cooperative Bank,P_00732,BANK_SRC_61,True
ACC_00436,c0b5d4ebed6ae1eb,Payment Bank,P_00182,BANK_SRC_53,True
ACC_00437,a656f673093e9a5a,NBFC,P_02257,BANK_SRC_74,True
ACC_00438,d8f12646f9b392b9,Payment Bank,P_02070,BANK_SRC_39,True
ACC_00439,7101d149b6711fee,Payment Bank,P_04191,BANK_SRC_13,True
ACC_00440,04ae2159ab846943,Payment Bank,P_01626,BANK_SRC_45,True
ACC_00441,0725431a764109f4,Payment Bank,P_02769,BANK_SRC_96,True
ACC_00442,f8d42ab306486e4e,Commercial Bank,P_03361,BANK_SRC_11,True
ACC_00443,e694ae931b8d7aaa,Commercial Bank,P_01892,BANK_SRC_21,True
ACC_00444,1e0c0a0ad062db55,Cooperative Bank,P_04924,BANK_SRC_29,True
ACC_00445,f9c8afeac3782cb2,Cooperative Bank,P_04164,BANK_SRC_76,True
ACC_00446,ebb2b04b1b9e7a9f,NBFC,P_03084,BANK_SRC_44,True
ACC_00447,03879cd04bffe7a2,NBFC,P_01030,BANK_SRC_36,True
ACC_00448,2356a1a02c59b5c3,Cooperative Bank,P_03200,BANK_SRC_78,True
ACC_00449,4d4ee15255f3ec52,Payment Bank,P_03012,BANK_SRC_96,True
ACC_00450,9c47ce465c4c598d,Cooperative Bank,P_03695,BANK_SRC_43,True
ACC_00451,de26e9ed138318e2,Commercial Bank,P_00241,BANK_SRC_62,True
ACC_00452,1f1ec664562411e7,Commercial Bank,P_02955,BANK_SRC_18,True
ACC_00453,c0713ec97750b036,Payment Bank,P_01549,BANK_SRC_77,True
ACC_00454,4ffb898e324d5b74,Cooperative Bank,P_02112,BANK_SRC_70,True
ACC_00455,9a81a1b528de6c40,NBFC,P_03797,BANK_SRC_32,True
ACC_00456,0275e0fa6abf15f8,Payment Bank,P_03990,BANK_SRC_94,True
ACC_00457,447a4c0bf3771acc,Payment Bank,P_04722,BANK_SRC_33,True
ACC_00458,a4aada79e6b17699,Payment Bank,P_04866,BANK_SRC_46,True
ACC_00459,169f2364159b0e8a,Payment Bank,P_03172,BANK_SRC_47,True
ACC_00460,096210bb67670113,NBFC,P_01133,BANK_SRC_99,True
ACC_00461,80cd2a289b28f139,Cooperative Bank,P_02898,BANK_SRC_70,True
ACC_00462,b794909936a77385,Commercial Bank,P_02809,BANK_SRC_11,True
ACC_00463,8db511d65af94e53,NBFC,P_00920,BANK_SRC_36,True
ACC_00464,4a39ac2e8c09144a,Payment Bank,P_02268,BANK_SRC_99,True
ACC_00465,c78902096722df6c,Cooperative Bank,P_02613,BANK_SRC_50,True
ACC_00466,5a11241f84068c45,Cooperative Bank,P_00963,BANK_SRC_80,True
ACC_00467,7e1a54e6faff439c,NBFC,P_01868,BANK_SRC_45,True
ACC_00468,a9b2a90c4345021b,Commercial Bank,P_04310,BANK_SRC_97,True
ACC_00469,d428c65472c43c3a,NBFC,P_00379,BANK_SRC_11,True
ACC_00470,d0a678b93c75d6f7,Cooperative Bank,P_03811,BANK_SRC_97,True
ACC_00471,2a3ea38f404f80ea,Payment Bank,P_02374,BANK_SRC_67,True
ACC_00472,c0bf2462189a1956,Cooperative Bank,P_03319,BANK_SRC_15,True
ACC_00473,c432705a6874baee,Payment Bank,P_02265,BANK_SRC_81,True
ACC_00474,c5845801cac796a4,Cooperative Bank,P_02357,BANK_SRC_50,True
ACC_00475,963edce0284ae6ce,Cooperative Bank,P_02873,BANK_SRC_91,True
ACC_00476,f2721ed36344877e,NBFC,P_01748,BANK_SRC_55,True
ACC_00477,11ecdcfdfd8454d9,Commercial Bank,P_03321,BANK_SRC_94,True
ACC_00478,5ff9a74387148dac,Payment Bank,P_01705,BANK_SRC_58,True
ACC_00479,045c1fa09a35a5b9,NBFC,P_02292,BANK_SRC_22,True
ACC_00480,9793202210d93ca0,Cooperative Bank,P_00679,BANK_SRC_18,True
ACC_00481,6847f76bc0802e30,Commercial Bank,P_04395,BANK_SRC_96,True
ACC_00482,51daaf962392a3fb,Payment Bank,P_04371,BANK_SRC_19,True
ACC_00483,bb2f19dff787c84f,Commercial Bank,P_00017,BANK_SRC_63,True
ACC_00484,228396514823859c,NBFC,P_00977,BANK_SRC_42,True
ACC_00485,4825284885e960c3,Commercial Bank,P_02134,BANK_SRC_84,True
ACC_00486,c3d5cb402a96f21a,NBFC,P_04232,BANK_SRC_56,True
ACC_00487,6537229bc070fb37,NBFC,P_02034,BANK_SRC_37,True
ACC_00488,2e6a64e9321a0ea6,Payment Bank,P_04325,BANK_SRC_33,True
ACC_00489,9ad1b4d36123ca6d,NBFC,P_01976,BANK_SRC_68,True
ACC_00490,fa34c9e917b8bb95,Commercial Bank,P_00039,BANK_SRC_90,True
ACC_00491,7fb1e30c9e886e3c,Cooperative Bank,P_01205,BANK_SRC_52,True
ACC_00492,b005d68f0a1de2e0,Commercial Bank,P_00777,BANK_SRC_80,True
ACC_00493,62904d5cbfc77f5b,NBFC,P_01339,BANK_SRC_71,True
ACC_00494,7a272d132170a446,Commercial Bank,P_04684,BANK_SRC_88,True
ACC_00495,c82d46ab810ba1de,NBFC,P_03352,BANK_SRC_12,True
ACC_00496,226d128ed97ed1ef,Payment Bank,P_01216,BANK_SRC_36,True
ACC_00497,a28929a2c5a6fb30,Payment Bank,P_04096,BANK_SRC_68,True
ACC_00498,7c390ef5677059b6,NBFC,P_00518,BANK_SRC_95,True
ACC_00499,060cdf1ca05aa16b,Commercial Bank,P_04435,BANK_SRC_34,True
ACC_00500,8eefae5f3ea6e7d9,NBFC,P_03870,BANK_SRC_15,True
ACC_00501,37d36325ff77964e,Commercial Bank,P_02063,BANK_SRC_77,True
ACC_00502,f1fdb99bc1559756,Cooperative Bank,P_04292,BANK_SRC_31,True
ACC_00503,41544bfa4fe52a4a,Cooperative Bank,P_00300,BANK_SRC_44,True
ACC_00504,5d44c44b15abd8f9,Cooperative Bank,P_04230,BANK_SRC_96,True
ACC_00505,01015dc4f0d3cfcf,NBFC,P_03566,BANK_SRC_62,True
ACC_00506,9fd8b1f189a05c2a,Payment Bank,P_01442,BANK_SRC_17,True
ACC_00507,9edfbd6aee79a777,Payment Bank,P_03890,BANK_SRC_53,True
ACC_00508,7d3cd4631e74fcaa,Cooperative Bank,P_03236,BANK_SRC_64,True
ACC_00509,ceb51dbbd4a6e376,Payment Bank,P_03858,BANK_SRC_21,True
ACC_00510,41d9d309689a1f24,Commercial Bank,P_04900,BANK_SRC_67,True
ACC_00511,89b26c86d2123024,NBFC,P_04801,BANK_SRC_83,True
ACC_00512,e9f8f7046c3d70ac,Payment Bank,P_02868,BANK_SRC_52,True
ACC_00513,a78b6c8a07dce84c,Commercial Bank,P_01085,BANK_SRC_33,True
ACC_00514,3d83091cf705a26a,NBFC,P_03584,BANK_SRC_88,True
ACC_00515,a88c149bef64c010,Cooperative Bank,P_01850,BANK_SRC_59,True
ACC_00516,735f1c354a827d31,Payment Bank,P_02143,BANK_SRC_66,True
ACC_00517,f24ca9b6d43a939d,Commercial Bank,P_01825,BANK_SRC_69,True
ACC_00518,0c08af1098ba4508,Payment Bank,P_02161,BANK_SRC_21,True
ACC_00519,fa1392a8ecf3e344,Cooperative Bank,P_03545,BANK_SRC_92,True
ACC_00520,0a8fd761e76f612c,NBFC,P_01217,BANK_SRC_71,True
ACC_00521,130a02070defe8cb,Payment Bank,P_03016,BANK_SRC_81,True
ACC_00522,5d513bcc589d55b8,Commercial Bank,P_01640,BANK_SRC_17,True
ACC_00523,53505c4f65542695,NBFC,P_02935,BANK_SRC_62,True
ACC_00524,e4299375887a74a6,Cooperative Bank,P_04920,BANK_SRC_27,True
ACC_00525,c096745a3e4bd8cf,Cooperative Bank,P_04132,BANK_SRC_43,True
ACC_00526,e79a8a9b6c09264e,Payment Bank,P_01062,BANK_SRC_99,True
ACC_00527,ddf514a8523e29e4,NBFC,P_03279,BANK_SRC_27,True
ACC_00528,63cc0cd404bb5345,Payment Bank,P_01795,BANK_SRC_84,True
ACC_00529,5f2fee49d36aa6d6,Cooperative Bank,P_01704,BANK_SRC_39,True
ACC_00530,8cf78c422fbca0da,Payment Bank,P_03863,BANK_SRC_28,True
ACC_00531,4770363a1a8f6f2e,Cooperative Bank,P_01701,BANK_SRC_67,True
ACC_00532,ab2f31d395cb68ce,Cooperative Bank,P_00092,BANK_SRC_39,True
ACC_00533,cbea6d9ccd4e5af1,Cooperative Bank,P_01611,BANK_SRC_78,True
ACC_00534,34fe4c3748ea79ec,Commercial Bank,P_02350,BANK_SRC_26,True
ACC_00535,945e8236a4ea5811,Commercial Bank,P_02950,BANK_SRC_44,True
ACC_00536,644d9fc314a12ee4,Commercial Bank,P_03808,BANK_SRC_85,True
ACC_00537,02718627ed1515b1,Payment Bank,P_04387,BANK_SRC_97,True
ACC_00538,d82298f9b7e4e2e7,NBFC,P_00932,BANK_SRC_79,True
ACC_00539,f6dd4ec1ef7ea064,NBFC,P_00136,BANK_SRC_47,True
ACC_00540,1ffbb0d2b3615991,Payment Bank,P_03028,BANK_SRC_98,True
ACC_00541,61e196ca1fd40e91,NBFC,P_01181,BANK_SRC_95,True
ACC_00542,2d0c6447cd2077ea,NBFC,P_04015,BANK_SRC_89,True
ACC_00543,3e6485e56475a1ed,Commercial Bank,P_01289,BANK_SRC_51,True
ACC_00544,c101f0e01336f40e,NBFC,P_01690,BANK_SRC_35,True
ACC_00545,b1df8b402756d5f3,Payment Bank,P_04936,BANK_SRC_88,True
ACC_00546,4885ee46253ec220,Cooperative Bank,P_01673,BANK_SRC_91,True
ACC_00547,9665ff41fc1c1458,NBFC,P_04688,BANK_SRC_88,True
ACC_00548,0fcb17f3cf9297ef,Cooperative Bank,P_04975,BANK_SRC_96,True
ACC_00549,df7867955fd11cb7,Cooperative Bank,P_01731,BANK_SRC_31,True
ACC_00550,e39fac29eb85c0e5,Payment Bank,P_00775,BANK_SRC_84,True
ACC_00551,3a2bdaef9ae1adc3,Payment Bank,P_03446,BANK_SRC_20,True
ACC_00552,5cfa670e40cde1ae,Commercial Bank,P_00245,BANK_SRC_60,True
ACC_00553,c9a64a3776b02f9a,NBFC,P_03571,BANK_SRC_91,True
ACC_00554,3afa03a075354c5d,NBFC,P_00302,BANK_SRC_38,True
ACC_00555,9a0e1a79da2187d3,NBFC,P_02487,BANK_SRC_21,True
ACC_00556,621bf4a65c34bb14,NBFC,P_02488,BANK_SRC_41,True
ACC_00557,bc1f9291a7d24b7e,Payment Bank,P_01166,BANK_SRC_88,True
ACC_00558,f80a87915daa3bf5,Payment Bank,P_00730,BANK_SRC_33,True
ACC_00559,f7f737a8cfdc6149,Cooperative Bank,P_02543,BANK_SRC_29,True
ACC_00560,e239b5a121a74155,NBFC,P_00846,BANK_SRC_40,True
ACC_00561,c9848ec7ac050097,NBFC,P_03619,BANK_SRC_39,True
ACC_00562,01d6e55de71871be,Payment Bank,P_04888,BANK_SRC_86,True
ACC_00563,c1c552bd7575176c,Payment Bank,P_02416,BANK_SRC_51,True
ACC_00564,5390bc714f1bf6bd,NBFC,P_02391,BANK_SRC_94,True
ACC_00565,e35284d025d11899,NBFC,P_03015,BANK_SRC_17,True
ACC_00566,a609859499caf0f2,Commercial Bank,P_04303,BANK_SRC_16,True
ACC_00567,5de9bb9dd4c67c22,Cooperative Bank,P_01226,BANK_SRC_69,True
ACC_00568,6b5d48440f550ee5,Cooperative Bank,P_01672,BANK_SRC_54,True
ACC_00569,03a17ab7949677ac,Cooperative Bank,P_03200,BANK_SRC_31,True
ACC_00570,465a656dcc1fc53c,Payment Bank,P_01676,BANK_SRC_82,True
ACC_00571,2204fa3c2bf19991,NBFC,P_01752,BANK_SRC_10,True
ACC_00572,5fae62853130013a,Commercial Bank,P_00787,BANK_SRC_87,True
ACC_00573,34a00ef551c0796c,NBFC,P_00086,BANK_SRC_60,True
ACC_00574,d32d25b71852e7d2,Cooperative Bank,P_00188,BANK_SRC_29,True
ACC_00575,6851c19403cb4f32,NBFC,P_03387,BANK_SRC_81,True
ACC_00576,7326f39e7365e59f,Payment Bank,P_04678,BANK_SRC_88,True
ACC_00577,e77366eb6d63f5bd,NBFC,P_02975,BANK_SRC_65,True
ACC_00578,0f094577e3240279,Cooperative Bank,P_00478,BANK_SRC_73,True
ACC_00579,34e0cf5de4126c88,Payment Bank,P_00793,BANK_SRC_94,True
ACC_00580,e2ff9716925df62d,Commercial Bank,P_02997,BANK_SRC_46,True
ACC_00581,87d98f37623c9167,Cooperative Bank,P_02868,BANK_SRC_44,True
ACC_00582,d7bf8a5270823c79,NBFC,P_03429,BANK_SRC_37,True
ACC_00583,6a4e7d434a4ca4a2,Commercial Bank,P_01916,BANK_SRC_51,True
ACC_00584,e5c1261e4bd1bed1,Payment Bank,P_01072,BANK_SRC_59,True
ACC_00585,544b082cb5e3980c,Cooperative Bank,P_03578,BANK_SRC_66,True
ACC_00586,ec775f1d11b234e9,Commercial Bank,P_04039,BANK_SRC_85,True
ACC_00587,005efc778f08768a,Cooperative Bank,P_04427,BANK_SRC_66,True
ACC_00588,c785c927084b9d27,Commercial Bank,P_02289,BANK_SRC_87,True
ACC_00589,406e02a9a6ea5c6b,Cooperative Bank,P_03304,BANK_SRC_74,True
ACC_00590,c5cc024be68939c9,Payment Bank,P_00333,BANK_SRC_17,True
ACC_00591,0c1156eeedbcd81d,NBFC,P_01228,BANK_SRC_45,True
ACC_00592,ee14525133b4ebd1,Cooperative Bank,P_03222,BANK_SRC_43,True
ACC_00593,2a5d4e69c132c822,Payment Bank,P_01822,BANK_SRC_42,True
ACC_00594,a8eff81ae07a0e08,Payment Bank,P_04425,BANK_SRC_32,True
ACC_00595,0bb6a389f2298545,Commercial Bank,P_00919,BANK_SRC_40,True
ACC_00596,af51fc04578531ff,Commercial Bank,P_04229,BANK_SRC_76,True
ACC_00597,3f0d460291cb9cce,Payment Bank,P_04069,BANK_SRC_49,True
ACC_00598,6142d31b1ec8c4fb,NBFC,P_03438,BANK_SRC_64,True
ACC_00599,d6e42d0ae36ae133,Commercial Bank,P_00006,BANK_SRC_37,True
ACC_00600,f98bf11f7787ceec,NBFC,P_03908,BANK_SRC_45,True
ACC_00601,fb785654a8c535c0,Commercial Bank,P_03765,BANK_SRC_94,True
ACC_00602,ef3b523532bfbb6e,Cooperative Bank,P_00672,BANK_SRC_32,True
ACC_00603,9e0a777b96674baf,Commercial Bank,P_00949,BANK_SRC_40,True
ACC_00604,774fdc95d2ed897d,NBFC,P_04707,BANK_SRC_74,True
ACC_00605,89e3fb3b9bf4b44f,Commercial Bank,P_00575,BANK_SRC_15,True
ACC_00606,b2eb7cffb8c32ef8,Cooperative Bank,P_02028,BANK_SRC_37,True
ACC_00607,4307c72b6f2ea5c4,NBFC,P_01776,BANK_SRC_94,True
ACC_00608,e1126ce20706f726,Cooperative Bank,P_03286,BANK_SRC_75,True
ACC_00609,faeb0274614592a4,Cooperative Bank,P_02571,BANK_SRC_85,True
ACC_00610,2481b263852cbb9d,Commercial Bank,P_02775,BANK_SRC_23,True
ACC_00611,852aca10a3520fbc,Payment Bank,P_00256,BANK_SRC_55,True
ACC_00612,96d51afb824bd122,Payment Bank,P_03815,BANK_SRC_81,True
ACC_00613,bdd8da975621d9e4,Commercial Bank,P_00449,BANK_SRC_86,True
ACC_00614,705d131a676d0a95,Commercial Bank,P_02467,BANK_SRC_34,True
ACC_00615,1babe7811153386e,Commercial Bank,P_03287,BANK_SRC_55,True
ACC_00616,ff25d2ec39df5a37,Commercial Bank,P_02753,BANK_SRC_95,True
ACC_00617,11bd2b096d4efa51,NBFC,P_04859,BANK_SRC_78,True
ACC_00618,65dc93cc0f53b502,NBFC,P_03589,BANK_SRC_94,True
ACC_00619,986ca509234ef9ce,Commercial Bank,P_04131,BANK_SRC_78,True
ACC_00620,9e32c39eb76858f5,Cooperative Bank,P_00094,BANK_SRC_86,True
ACC_00621,4b37c403e9a456ae,Payment Bank,P_01672,BANK_SRC_12,True
ACC_00622,b26120c12982d3da,NBFC,P_04114,BANK_SRC_20,True
ACC_00623,78e6ac9f9c2cd657,Cooperative Bank,P_01260,BANK_SRC_36,True
ACC_00624,75f53918a5093c48,Payment Bank,P_01151,BANK_SRC_30,True
ACC_00625,98bef1cf1b861518,Payment Bank,P_01105,BANK_SRC_15,True
ACC_00626,3405f34cfdefc7f9,NBFC,P_00428,BANK_SRC_96,True
ACC_00627,d4f4c6efd39e006a,Payment Bank,P_00599,BANK_SRC_76,True
ACC_00628,3fd78dd386fd938e,Cooperative Bank,P_04553,BANK_SRC_67,True
ACC_00629,f282cc24f07a5987,NBFC,P_02137,BANK_SRC_61,True
ACC_00630,8fe3a39563d1580b,Cooperative Bank,P_00871,BANK_SRC_17,True
ACC_00631,77c5c452a094d959,Commercial Bank,P_03182,BANK_SRC_64,True
ACC_00632,79cfbf31fae49aab,Commercial Bank,P_02606,BANK_SRC_25,True
ACC_00633,145f7540692b19d3,Commercial Bank,P_04542,BANK_SRC_79,True
ACC_00634,6ec1bdaa78292861,Cooperative Bank,P_00671,BANK_SRC_95,True
ACC_00635,12b6a61ac2903ad9,Commercial Bank,P_01885,BANK_SRC_33,True
ACC_00636,f34bd53044e399a2,NBFC,P_02659,BANK_SRC_84,True
ACC_00637,dd650e8b4a8fda84,Cooperative Bank,P_01112,BANK_SRC_38,True
ACC_00638,8cd012387c72c1ad,Payment Bank,P_00943,BANK_SRC_86,True
ACC_00639,321f4103c0b5030c,Commercial Bank,P_03527,BANK_SRC_12,True
ACC_00640,9f20f0af63577eb0,Commercial Bank,P_04774,BANK_SRC_83,True
ACC_00641,cc3eed6853d6d3b3,Commercial Bank,P_03315,BANK_SRC_46,True
ACC_00642,d8a7a130f3582646,Cooperative Bank,P_02944,BANK_SRC_21,True
ACC_00643,5c9ae86cd454aa91,Commercial Bank,P_00534,BANK_SRC_61,True
ACC_00644,89db0214af465911,Commercial Bank,P_02294,BANK_SRC_42,True
ACC_00645,e732b63ef8cba864,Commercial Bank,P_02138,BANK_SRC_79,True
ACC_00646,a8e562b8cc1ac5ef,NBFC,P_00618,BANK_SRC_23,True
ACC_00647,40faa897da8ef9ff,Cooperative Bank,P_02151,BANK_SRC_44,True
ACC_00648,084763634d561305,Payment Bank,P_03481,BANK_SRC_45,True
ACC_00649,d9706e04d262233a,Commercial Bank,P_04637,BANK_SRC_61,True
ACC_00650,0a736482dbda23c1,Commercial Bank,P_00095,BANK_SRC_62,True
ACC_00651,0da844a31c2735eb,Payment Bank,P_01079,BANK_SRC_60,True
ACC_00652,b697ec529e455b1d,Cooperative Bank,P_03541,BANK_SRC_97,True
ACC_00653,2c5c3af9748f1d23,Commercial Bank,P_04072,BANK_SRC_72,True
ACC_00654,6dcc505e6af17a74,Payment Bank,P_02161,BANK_SRC_20,True
ACC_00655,4f6aeb02cf616f9c,Payment Bank,P_02047,BANK_SRC_68,True
ACC_00656,4f127c837aae7678,Cooperative Bank,P_03630,BANK_SRC_50,True
ACC_00657,70e2fa43826f2b23,Payment Bank,P_01561,BANK_SRC_68,True
ACC_00658,3709ca0cae3d0537,Commercial Bank,P_03328,BANK_SRC_86,True
ACC_00659,06ef78b78e13314e,Commercial Bank,P_02830,BANK_SRC_60,True
ACC_00660,4e74aa7944d6094b,NBFC,P_02389,BANK_SRC_25,True
ACC_00661,4f874e618602eb03,NBFC,P_03846,BANK_SRC_76,True
ACC_00662,fa1144bb81b9cf8f,NBFC,P_02623,BANK_SRC_26,True
ACC_00663,d466845d4837d367,NBFC,P_04987,BANK_SRC_20,True
ACC_00664,461d350df351e1b6,NBFC,P_00991,BANK_SRC_27,True
ACC_00665,4b1cfbb06dcde47d,Commercial Bank,P_04021,BANK_SRC_34,True
ACC_00666,259ed27a78605924,Cooperative Bank,P_02527,BANK_SRC_44,True
ACC_00667,220ed60e78082b38,NBFC,P_03277,BANK_SRC_71,True
ACC_00668,bb5d3326c4aff619,Payment Bank,P_00377,BANK_SRC_58,True
ACC_00669,7aa1e2031cce5e47,NBFC,P_01290,BANK_SRC_97,True
ACC_00670,97705d47fb711277,Commercial Bank,P_02468,BANK_SRC_56,True
ACC_00671,82c7ad4ad77ded6b,Cooperative Bank,P_04170,BANK_SRC_21,True
ACC_00672,898cd743456fe45b,Payment Bank,P_01209,BANK_SRC_32,True
ACC_00673,4afcebe427d54810,Payment Bank,P_01664,BANK_SRC_59,True
ACC_00674,6f64d3973462d912,Payment Bank,P_00278,BANK_SRC_76,True
ACC_00675,e04f4c77f9bcd043,Commercial Bank,P_02531,BANK_SRC_67,True
ACC_00676,36c6cf068d1b83d1,Commercial Bank,P_01473,BANK_SRC_53,True
ACC_00677,6b4d55d9deea8132,Payment Bank,P_01231,BANK_SRC_39,True
ACC_00678,cc1c7a40c13a83da,Commercial Bank,P_02708,BANK_SRC_75,True
ACC_00679,4d0e9ef60274853f,Payment Bank,P_02278,BANK_SRC_88,True
ACC_00680,71760102571f61db,Cooperative Bank,P_01884,BANK_SRC_26,True
ACC_00681,103ed52e9f964388,Commercial Bank,P_01013,BANK_SRC_28,True
ACC_00682,f0b5118005361817,Commercial Bank,P_04741,BANK_SRC_45,True
ACC_00683,ef9d07ea887d333a,NBFC,P_00616,BANK_SRC_75,True
ACC_00684,b6742aa016267832,NBFC,P_01823,BANK_SRC_71,True
ACC_00685,9a207dd1cb1e9ed8,Cooperative Bank,P_04848,BANK_SRC_98,True
ACC_00686,a6c15febfe0bb950,Commercial Bank,P_02037,BANK_SRC_64,True
ACC_00687,7c4f8da9e4b267df,Commercial Bank,P_04446,BANK_SRC_37,True
ACC_00688,af87ed21e353eff2,Commercial Bank,P_04128,BANK_SRC_74,True
ACC_00689,d9b43ee7903fb1f0,Commercial Bank,P_00894,BANK_SRC_97,True
ACC_00690,b6e663ed323f49ee,Payment Bank,P_04644,BANK_SRC_30,True
ACC_00691,8dd11f867f1e8980,NBFC,P_03346,BANK_SRC_37,True
ACC_00692,91f541a95a661c5c,NBFC,P_02724,BANK_SRC_67,True
ACC_00693,0ab2c22f2e8e093f,Cooperative Bank,P_02361,BANK_SRC_63,True
ACC_00694,5bf103059f5012ae,Cooperative Bank,P_01747,BANK_SRC_35,True
ACC_00695,aa35aec6b7e347cf,Cooperative Bank,P_04143,BANK_SRC_50,True
ACC_00696,d2db0ff1e2225623,Payment Bank,P_02547,BANK_SRC_35,True
ACC_00697,c87e76d37ce1cdd1,NBFC,P_02679,BANK_SRC_77,True
ACC_00698,85654deff7598d52,Commercial Bank,P_04564,BANK_SRC_52,True
ACC_00699,294077009e682efc,Payment Bank,P_00378,BANK_SRC_53,True
ACC_00700,9e5484ed5ce6df0b,Cooperative Bank,P_02995,BANK_SRC_75,True
ACC_00701,ca050468fb071ca3,Payment Bank,P_03865,BANK_SRC_66,True
ACC_00702,ad8baca6412fbd62,NBFC,P_03250,BANK_SRC_58,True
ACC_00703,83f679d6504a3cd6,NBFC,P_00363,BANK_SRC_48,True
ACC_00704,08f28af45e5162c6,NBFC,P_02630,BANK_SRC_20,True
ACC_00705,79c965b864961ce3,NBFC,P_01060,BANK_SRC_50,True
ACC_00706,5c4a285aeb7a019e,Payment Bank,P_01701,BANK_SRC_87,True
ACC_00707,3dfce8862dc4ffdd,Cooperative Bank,P_01554,BANK_SRC_60,True
ACC_00708,3fcd39316acce719,NBFC,P_01052,BANK_SRC_47,True
ACC_00709,787fc83907019306,Cooperative Bank,P_00674,BANK_SRC_10,True
ACC_00710,244342ba97049ee6,Payment Bank,P_00998,BANK_SRC_46,True
ACC_00711,f2c7e7e97a0ab607,NBFC,P_02913,BANK_SRC_49,True
ACC_00712,13ce2b90efcba6eb,Payment Bank,P_02888,BANK_SRC_44,True
ACC_00713,6322c42fcffd6a62,NBFC,P_01678,BANK_SRC_22,True
ACC_00714,db09285ca8241858,Cooperative Bank,P_01004,BANK_SRC_41,True
ACC_00715,962c27938a51a308,NBFC,P_02315,BANK_SRC_31,True
ACC_00716,261e75797327bc89,NBFC,P_03541,BANK_SRC_13,True
ACC_00717,397ce38277d5682b,Cooperative Bank,P_00756,BANK_SRC_47,True
ACC_00718,fbb1fd8dc8dc26b3,NBFC,P_02019,BANK_SRC_56,True
ACC_00719,8a09580ed2c39ff2,NBFC,P_04043,BANK_SRC_90,True
ACC_00720,735fa98a266f1316,Commercial Bank,P_00564,BANK_SRC_70,True
ACC_00721,e557799374735f7c,Cooperative Bank,P_04289,BANK_SRC_24,True
ACC_00722,b2048ce835f736a7,Cooperative Bank,P_03002,BANK_SRC_73,True
ACC_00723,f9069560753660f3,NBFC,P_04973,BANK_SRC_65,True
ACC_00724,f4e56492400fe673,NBFC,P_01799,BANK_SRC_46,True
ACC_00725,45ac9783b5f8695e,Cooperative Bank,P_04779,BANK_SRC_37,True
ACC_00726,83449b8e2196a199,Cooperative Bank,P_00963,BANK_SRC_39,True
ACC_00727,b27d5f0884352dfd,Commercial Bank,P_04933,BANK_SRC_66,True
ACC_00728,850c8203fe8b66cb,Cooperative Bank,P_00113,BANK_SRC_97,True
ACC_00729,985022e76c15036b,Cooperative Bank,P_00964,BANK_SRC_60,True
ACC_00730,24d76514ab52fefe,NBFC,P_04552,BANK_SRC_70,True
ACC_00731,491c8001f2cbeeef,NBFC,P_04163,BANK_SRC_12,True
ACC_00732,7f24e1d6cad11181,NBFC,P_01812,BANK_SRC_55,True
ACC_00733,5137efbac807bcdb,NBFC,P_03295,BANK_SRC_58,True
ACC_00734,8abc8740e89588d4,Cooperative Bank,P_01141,BANK_SRC_25,True
ACC_00735,31546eef868c6360,Cooperative Bank,P_01483,BANK_SRC_25,True
ACC_00736,5506277bb36ae570,NBFC,P_04760,BANK_SRC_78,True
ACC_00737,0ab8937883b7afb4,Payment Bank,P_01352,BANK_SRC_66,True
ACC_00738,9943eda9b3719942,Cooperative Bank,P_01095,BANK_SRC_86,True
ACC_00739,2021db82ff650d46,NBFC,P_01688,BANK_SRC_82,True
ACC_00740,122ded14eca5ef06,NBFC,P_01361,BANK_SRC_14,True
ACC_00741,5c18547f371d19aa,Cooperative Bank,P_02286,BANK_SRC_22,True
ACC_00742,152baccb888aaf7d,Payment Bank,P_01489,BANK_SRC_36,True
ACC_00743,407f15d27a01c2ec,Commercial Bank,P_02786,BANK_SRC_24,True
ACC_00744,80e198b0d4b708e4,NBFC,P_04363,BANK_SRC_54,True
ACC_00745,02e4168c2085dbce,Commercial Bank,P_00804,BANK_SRC_13,True
ACC_00746,71639e3ecec4ab15,NBFC,P_03186,BANK_SRC_81,True
ACC_00747,3bda338213dce322,Payment Bank,P_00724,BANK_SRC_81,True
ACC_00748,f9544792f91dd539,Payment Bank,P_01848,BANK_SRC_90,True
ACC_00749,23a1fab1999eb70d,NBFC,P_04430,BANK_SRC_53,True
ACC_00750,76c5d0346936dd73,Payment Bank,P_04747,BANK_SRC_31,True
ACC_00751,53fd01ee3e2fefd8,NBFC,P_00601,BANK_SRC_83,True
ACC_00752,25ebe5bd08c49472,Cooperative Bank,P_01617,BANK_SRC_62,True
ACC_00753,e088e9258a146561,NBFC,P_01585,BANK_SRC_32,True
ACC_00754,d4327cf737058d5d,NBFC,P_04101,BANK_SRC_76,True
ACC_00755,b3efe39f96aed1a1,Payment Bank,P_04130,BANK_SRC_82,True
ACC_00756,f42dc59fb252fb6c,Commercial Bank,P_01718,BANK_SRC_36,True
ACC_00757,9a0a4e3eeba7c53f,Payment Bank,P_02529,BANK_SRC_86,True
ACC_00758,9b8362258f1fda67,Cooperative Bank,P_00598,BANK_SRC_81,True
ACC_00759,ff0ce377c5e1d350,Payment Bank,P_00193,BANK_SRC_32,True
ACC_00760,9a504b8d9d5a6479,Cooperative Bank,P_03542,BANK_SRC_34,True
ACC_00761,e391bc4f13df8152,Commercial Bank,P_01643,BANK_SRC_96,True
ACC_00762,a59fb0051fe221df,Commercial Bank,P_04111,BANK_SRC_56,True
ACC_00763,b016dcf576479e14,Commercial Bank,P_00226,BANK_SRC_20,True
ACC_00764,cb4eb5ed01aea262,Payment Bank,P_01835,BANK_SRC_49,True
ACC_00765,d499ebea9e9e85f5,Payment Bank,P_04403,BANK_SRC_46,True
ACC_00766,fad9a1fa26c23f02,NBFC,P_01503,BANK_SRC_42,True
ACC_00767,f250eb78e5af3923,Commercial Bank,P_04188,BANK_SRC_43,True
ACC_00768,b03ef3e13776c975,Commercial Bank,P_04793,BANK_SRC_10,True
ACC_00769,8889d3085aa10ef8,Commercial Bank,P_04394,BANK_SRC_59,True
ACC_00770,1b9c7a8007c1492a,Commercial Bank,P_02097,BANK_SRC_49,True
ACC_00771,e49ce47328b4a82f,NBFC,P_04939,BANK_SRC_38,True
ACC_00772,58106b52e249c69f,NBFC,P_04441,BANK_SRC_88,True
ACC_00773,f1395f88ce78abe8,Cooperative Bank,P_04689,BANK_SRC_59,True
ACC_00774,3766084f11db9c88,NBFC,P_03704,BANK_SRC_25,True
ACC_00775,3427727a8007bafe,Cooperative Bank,P_00370,BANK_SRC_68,True
ACC_00776,9fa32814658a15c3,Cooperative Bank,P_01485,BANK_SRC_96,True
ACC_00777,c921e64fad476fa5,NBFC,P_01421,BANK_SRC_82,True
ACC_00778,06c8c09f420f08a1,NBFC,P_04636,BANK_SRC_23,True
ACC_00779,2faab7ddd11676a4,Cooperative Bank,P_02983,BANK_SRC_30,True
ACC_00780,6c9d1c2f5d24f199,Commercial Bank,P_04102,BANK_SRC_24,True
ACC_00781,76485c426c143851,NBFC,P_02750,BANK_SRC_96,True
ACC_00782,3b34365afacd575d,Cooperative Bank,P_04185,BANK_SRC_62,True
ACC_00783,c65d44ce04d28514,Payment Bank,P_00038,BANK_SRC_62,True
ACC_00784,8c18bc90b0d59d4f,Commercial Bank,P_04261,BANK_SRC_14,True
ACC_00785,0c0232c9a3aa8ac5,Cooperative Bank,P_04387,BANK_SRC_54,True
ACC_00786,be99d6016bf7a90c,Payment Bank,P_04200,BANK_SRC_37,True
ACC_00787,ce092652a9be8ded,Payment Bank,P_01594,BANK_SRC_73,True
ACC_00788,9ae51b9bb0a8fcd8,Cooperative Bank,P_00419,BANK_SRC_29,True
ACC_00789,ecae2b1d8a239404,NBFC,P_04111,BANK_SRC_43,True
ACC_00790,2bb4283793a579ac,NBFC,P_02743,BANK_SRC_59,True
ACC_00791,c2ff64babf433475,Payment Bank,P_02173,BANK_SRC_66,True
ACC_00792,ff67f40ed134e1db,Cooperative Bank,P_00642,BANK_SRC_45,True
ACC_00793,4a09156b73939d25,Payment Bank,P_03632,BANK_SRC_92,True
ACC_00794,fa98a5e096ccf403,Cooperative Bank,P_00296,BANK_SRC_42,True
ACC_00795,6139bab64762bbee,Cooperative Bank,P_00193,BANK_SRC_66,True
ACC_00796,72d93687d304af3e,Commercial Bank,P_04153,BANK_SRC_81,True
ACC_00797,3748f2c73684fe66,NBFC,P_02284,BANK_SRC_50,True
ACC_00798,45718c5512c8da90,Payment Bank,P_01860,BANK_SRC_52,True
ACC_00799,e84802583688889b,Payment Bank,P_00222,BANK_SRC_45,True
ACC_00800,607fcb9cbb858057,Commercial Bank,P_04539,BANK_SRC_57,True
ACC_00801,744feebb519f4b72,Cooperative Bank,P_01881,BANK_SRC_78,True
ACC_00802,c35d6456ee54c545,Cooperative Bank,P_03047,BANK_SRC_33,True
ACC_00803,2be31f0f49e9658c,NBFC,P_04974,BANK_SRC_86,True
ACC_00804,50811e11ed0071b1,Commercial Bank,P_03112,BANK_SRC_99,True
ACC_00805,310bf8e3f8b8a2aa,Cooperative Bank,P_02315,BANK_SRC_68,True
ACC_00806,7ff38a496247e1f8,Payment Bank,P_01713,BANK_SRC_10,True
ACC_00807,04b4c4ab0745dd0e,Payment Bank,P_03165,BANK_SRC_13,True
ACC_00808,55cfeadce0cc7d45,Cooperative Bank,P_02575,BANK_SRC_62,True
ACC_00809,e67b157bce23ccb3,NBFC,P_02958,BANK_SRC_90,True
ACC_00810,219cde0aef9156ca,Cooperative Bank,P_04764,BANK_SRC_47,True
ACC_00811,083fadf229ab3c68,NBFC,P_03233,BANK_SRC_44,True
ACC_00812,2b42cf1578c21d1b,Commercial Bank,P_03229,BANK_SRC_41,True
ACC_00813,f2543b7db3fc4ce3,NBFC,P_01790,BANK_SRC_35,True
ACC_00814,2f5761a578491864,Payment Bank,P_04673,BANK_SRC_24,True
ACC_00815,e7b92d266a1913b8,Commercial Bank,P_02750,BANK_SRC_83,True
ACC_00816,86ff777269756f55,Commercial Bank,P_02372,BANK_SRC_12,True
ACC_00817,5641e6d413f3d26e,NBFC,P_01467,BANK_SRC_15,True
ACC_00818,6803d7dc15c42c35,Commercial Bank,P_03957,BANK_SRC_97,True
ACC_00819,d5c0903c905209f3,NBFC,P_04886,BANK_SRC_48,True
ACC_00820,1af9190e15eaa0a5,NBFC,P_04338,BANK_SRC_70,True
ACC_00821,1ab14e33e4de07cb,Cooperative Bank,P_04635,BANK_SRC_76,True
ACC_00822,f3e071314af5f195,Commercial Bank,P_01609,BANK_SRC_64,True
ACC_00823,ef52a0595480b6c7,Cooperative Bank,P_00715,BANK_SRC_51,True
ACC_00824,ca16f97b6df6ddc4,Payment Bank,P_03664,BANK_SRC_44,True
ACC_00825,29a75c5d7574434d,Cooperative Bank,P_03876,BANK_SRC_53,True
ACC_00826,55bc11c7c5a35d04,Cooperative Bank,P_00188,BANK_SRC_62,True
ACC_00827,83ed1502a3e8c7bd,NBFC,P_00260,BANK_SRC_77,True
ACC_00828,273e5e86cb6f91fc,NBFC,P_03854,BANK_SRC_17,True
ACC_00829,1cd68b46ade4e4b4,Commercial Bank,P_03940,BANK_SRC_30,True
ACC_00830,ef730191ed13fe6f,NBFC,P_04913,BANK_SRC_22,True
ACC_00831,88b14fc44e9a1075,Cooperative Bank,P_01790,BANK_SRC_34,True
ACC_00832,1566d83fdcbb5e42,Payment Bank,P_04127,BANK_SRC_86,True
ACC_00833,b21cbd278be27d83,Cooperative Bank,P_04819,BANK_SRC_41,True
ACC_00834,91fc71735e9702b6,Commercial Bank,P_04178,BANK_SRC_52,True
ACC_00835,bdaa5499142697d3,Commercial Bank,P_04234,BANK_SRC_15,True
ACC_00836,72ce353cbfc1d8ae,Payment Bank,P_03314,BANK_SRC_25,True
ACC_00837,a1d79f4880c19ffa,Payment Bank,P_00246,BANK_SRC_15,True
ACC_00838,56e0e1433b598a75,Cooperative Bank,P_04159,BANK_SRC_78,True
ACC_00839,3a1748f769bec25b,Payment Bank,P_02017,BANK_SRC_75,True
ACC_00840,b9fcbac471c478d0,Cooperative Bank,P_01608,BANK_SRC_42,True
ACC_00841,ea6f0b421a281007,Cooperative Bank,P_04336,BANK_SRC_65,True
ACC_00842,ecbbac0e09af4cd8,Commercial Bank,P_02692,BANK_SRC_47,True
ACC_00843,5838817982275c14,NBFC,P_02197,BANK_SRC_33,True
ACC_00844,01da2061a003c4bd,Commercial Bank,P_04308,BANK_SRC_34,True
ACC_00845,0928f1d40d7ccbb5,Cooperative Bank,P_00965,BANK_SRC_94,True
ACC_00846,7ccd97b032ddd90c,Commercial Bank,P_03195,BANK_SRC_64,True
ACC_00847,5161fc2781079bb9,Payment Bank,P_04131,BANK_SRC_89,True
ACC_00848,c65329eab1827f2e,Payment Bank,P_04214,BANK_SRC_44,True
ACC_00849,cc49e3bc97f037df,Payment Bank,P_00342,BANK_SRC_85,True
ACC_00850,301883a43e3c38a1,Cooperative Bank,P_01767,BANK_SRC_90,True
ACC_00851,b4ea96f2786f4384,Payment Bank,P_00276,BANK_SRC_65,True
ACC_00852,464f1368ec45e87e,Cooperative Bank,P_00042,BANK_SRC_64,True
ACC_00853,fa3de238f120fe64,Cooperative Bank,P_00444,BANK_SRC_93,True
ACC_00854,043ecba43d09023e,NBFC,P_00310,BANK_SRC_58,True
ACC_00855,8c9a1c79f9c7ccd8,Cooperative Bank,P_01605,BANK_SRC_41,True
ACC_00856,c9c422294f3d9372,Payment Bank,P_02935,BANK_SRC_10,True
ACC_00857,95fde15b6ed25cc8,Commercial Bank,P_02054,BANK_SRC_55,True
ACC_00858,737fe00d116b1be8,Cooperative Bank,P_02303,BANK_SRC_97,True
ACC_00859,d7977090a2e5210c,Commercial Bank,P_03793,BANK_SRC_28,True
ACC_00860,bc4e884e0c09e69a,Commercial Bank,P_04992,BANK_SRC_81,True
ACC_00861,07c89c92f6c371fe,Payment Bank,P_02674,BANK_SRC_26,True
ACC_00862,585599e76d1bc997,Cooperative Bank,P_01643,BANK_SRC_99,True
ACC_00863,2a9aa5c3cc0121b6,Commercial Bank,P_00320,BANK_SRC_48,True
ACC_00864,240a4c0474cfae3c,Commercial Bank,P_04425,BANK_SRC_82,True
ACC_00865,ed143eb1bb0ed0d3,Payment Bank,P_01946,BANK_SRC_77,True
ACC_00866,727040f7aa203336,Cooperative Bank,P_02407,BANK_SRC_76,True
ACC_00867,06a0277506eeca79,NBFC,P_02941,BANK_SRC_36,True
ACC_00868,b48f46883e14c858,Cooperative Bank,P_04808,BANK_SRC_44,True
ACC_00869,c6f56b623b1746c7,Commercial Bank,P_02700,BANK_SRC_57,True
ACC_00870,daf1ba8e16294b01,NBFC,P_00694,BANK_SRC_28,True
ACC_00871,34acfefa3efc4b26,Cooperative Bank,P_01539,BANK_SRC_65,True
ACC_00872,f84615404bb25b80,Payment Bank,P_02297,BANK_SRC_22,True
ACC_00873,fdddaf21ecb458ce,Payment Bank,P_04229,BANK_SRC_56,True
ACC_00874,084e34317f2a5dcc,Commercial Bank,P_03826,BANK_SRC_53,True
ACC_00875,7049deceed1445d6,Cooperative Bank,P_02773,BANK_SRC_16,True
ACC_00876,9c0e31243e6f2f46,NBFC,P_04301,BANK_SRC_89,True
ACC_00877,7e1f0f744fa1485b,Payment Bank,P_02690,BANK_SRC_74,True
ACC_00878,da7206301f3fd004,Payment Bank,P_03715,BANK_SRC_11,True
ACC_00879,a213b331bd53cf94,Payment Bank,P_02458,BANK_SRC_84,True
ACC_00880,8241137b994c5736,Commercial Bank,P_00944,BANK_SRC_75,True
ACC_00881,f29e869fe8a64dee,Payment Bank,P_04687,BANK_SRC_46,True
ACC_00882,862c27d82912617b,Commercial Bank,P_03336,BANK_SRC_40,True
ACC_00883,a65ad37b814cda1c,NBFC,P_02724,BANK_SRC_86,True
ACC_00884,dc329b87a70e95e9,Cooperative Bank,P_02959,BANK_SRC_57,True
ACC_00885,23f415a6f1452d5e,Commercial Bank,P_02725,BANK_SRC_17,True
ACC_00886,4bcbf7ad99de4d53,NBFC,P_04256,BANK_SRC_52,True
ACC_00887,5c574bbfd01e0cd5,NBFC,P_02006,BANK_SRC_73,True
ACC_00888,51d7d814fd5d76fb,Cooperative Bank,P_02273,BANK_SRC_57,True
ACC_00889,6dc0929deec8bba6,Cooperative Bank,P_02374,BANK_SRC_75,True
ACC_00890,05a7b397a20cfbed,NBFC,P_03665,BANK_SRC_86,True
ACC_00891,134c0c57e80ec6ca,Commercial Bank,P_03850,BANK_SRC_73,True
ACC_00892,f1da9c85af9d400b,Payment Bank,P_00509,BANK_SRC_56,True
ACC_00893,0ef9d26036c63312,Payment Bank,P_04914,BANK_SRC_82,True
ACC_00894,ffd1c3433fe6df35,NBFC,P_03409,BANK_SRC_64,True
ACC_00895,2cacc5e7d45d47cb,NBFC,P_01087,BANK_SRC_94,True
ACC_00896,2779f682f714b106,Payment Bank,P_04099,BANK_SRC_56,True
ACC_00897,fd8649f39bd9c3cb,Commercial Bank,P_04802,BANK_SRC_31,True
ACC_00898,aa885b5af609be9c,Payment Bank,P_03690,BANK_SRC_89,True
ACC_00899,1bd6ff9cbc2e1d22,Commercial Bank,P_00171,BANK_SRC_29,True
ACC_00900,97495136fbb61a78,NBFC,P_01254,BANK_SRC_60,True
ACC_00901,981558ff8a44db62,Payment Bank,P_02953,BANK_SRC_23,True
ACC_00902,7905ec93ab75bcd6,Payment Bank,P_04163,BANK_SRC_46,True
ACC_00903,f5b32f9e8d3cc98a,Cooperative Bank,P_02987,BANK_SRC_47,True
ACC_00904,1733f6510e255c76,Payment Bank,P_02894,BANK_SRC_56,True
ACC_00905,fffdbb064bdff037,Commercial Bank,P_03565,BANK_SRC_64,True
ACC_00906,88413551dacbfb7d,Cooperative Bank,P_04574,BANK_SRC_57,True
ACC_00907,3d94bc97bf194c58,Commercial Bank,P_03963,BANK_SRC_81,True
ACC_00908,984b1f2944ed1d94,Payment Bank,P_02918,BANK_SRC_84,True
ACC_00909,c1b222ae92a8d6fb,NBFC,P_00751,BANK_SRC_16,True
ACC_00910,f5acdf562a490263,NBFC,P_02455,BANK_SRC_21,True
ACC_00911,bd5c255507485c6d,NBFC,P_03036,BANK_SRC_81,True
ACC_00912,5a563a4d808b3645,Commercial Bank,P_02631,BANK_SRC_90,True
ACC_00913,b5168548d98455c2,Cooperative Bank,P_04744,BANK_SRC_38,True
ACC_00914,98a6874ccde1cc44,Commercial Bank,P_03203,BANK_SRC_88,True
ACC_00915,9ea5732856d02e43,NBFC,P_01988,BANK_SRC_14,True
ACC_00916,810190c62cf10ba9,Payment Bank,P_04385,BANK_SRC_92,True
ACC_00917,34cb9fc21759882d,Commercial Bank,P_00201,BANK_SRC_57,True
ACC_00918,c30d293dec0f90b4,Commercial Bank,P_03046,BANK_SRC_21,True
ACC_00919,626e554a8c2b075a,Commercial Bank,P_00885,BANK_SRC_30,True
ACC_00920,491842a0c893ed81,Commercial Bank,P_03326,BANK_SRC_88,True
ACC_00921,1b84956a1d7b187f,Cooperative Bank,P_01556,BANK_SRC_83,True
ACC_00922,37d246924bca6feb,Commercial Bank,P_03551,BANK_SRC_33,True
ACC_00923,f5d016bf08c8b1f4,NBFC,P_00020,BANK_SRC_76,True
ACC_00924,84dedffa3a36fc01,Commercial Bank,P_01390,BANK_SRC_81,True
ACC_00925,4fd2de03dce47fed,Payment Bank,P_04457,BANK_SRC_46,True
ACC_00926,ace6f49b291a206e,NBFC,P_03685,BANK_SRC_67,True
ACC_00927,dc7c3af667873ccf,Payment Bank,P_03542,BANK_SRC_27,True
ACC_00928,d62df22439ba27be,Payment Bank,P_00065,BANK_SRC_75,True
ACC_00929,f4359657cba4f57e,Cooperative Bank,P_00760,BANK_SRC_61,True
ACC_00930,6bcaf75d6325d1a6,Payment Bank,P_03564,BANK_SRC_29,True
ACC_00931,8a84b4bc83767cf8,Commercial Bank,P_03384,BANK_SRC_42,True
ACC_00932,9776299ca472ec82,Cooperative Bank,P_03794,BANK_SRC_97,True
ACC_00933,4e9d60b3def702ab,NBFC,P_01364,BANK_SRC_62,True
ACC_00934,2fc7bca7f52bfab7,Payment Bank,P_01963,BANK_SRC_76,True
ACC_00935,49fffd4228974f83,NBFC,P_00762,BANK_SRC_48,True
ACC_00936,9f21c3861ac7dbd4,Cooperative Bank,P_02282,BANK_SRC_49,True
ACC_00937,6fd9343c3a338ae8,Commercial Bank,P_03180,BANK_SRC_49,True
ACC_00938,602b5d77df88d22b,Payment Bank,P_02156,BANK_SRC_41,True
ACC_00939,58d7b7a06543f35e,Payment Bank,P_00753,BANK_SRC_65,True
ACC_00940,6b29ce0ede717f20,Cooperative Bank,P_03305,BANK_SRC_35,True
ACC_00941,c4f47f0e5d18432e,NBFC,P_02335,BANK_SRC_84,True
ACC_00942,7f64d3967b6d15b8,NBFC,P_00092,BANK_SRC_44,True
ACC_00943,79ceaba7a8c946ec,NBFC,P_04827,BANK_SRC_95,True
ACC_00944,ac94e37d363419a0,Cooperative Bank,P_04351,BANK_SRC_27,True
ACC_00945,22acf3a44d025dfb,Cooperative Bank,P_04724,BANK_SRC_44,True
ACC_00946,518dcc40ad6cfb54,Cooperative Bank,P_03144,BANK_SRC_33,True
ACC_00947,f59fcebb2efc2694,Cooperative Bank,P_00430,BANK_SRC_39,True
ACC_00948,42b47005007221e9,Payment Bank,P_03982,BANK_SRC_16,True
ACC_00949,9b447bb72f1317ba,NBFC,P_03169,BANK_SRC_72,True
ACC_00950,1b6bfde974ed13ad,Payment Bank,P_02013,BANK_SRC_73,True
ACC_00951,494027d1878b473d,Payment Bank,P_04204,BANK_SRC_52,True
ACC_00952,d5cff3f934a653ec,Payment Bank,P_02686,BANK_SRC_96,True
ACC_00953,13d2194a732dd488,Payment Bank,P_03682,BANK_SRC_68,True
ACC_00954,eac6724a00fb2a49,Commercial Bank,P_04212,BANK_SRC_16,True
ACC_00955,a9b94b74665a1115,Cooperative Bank,P_02889,BANK_SRC_60,True
ACC_00956,d80242fc2f34b9ab,Payment Bank,P_03924,BANK_SRC_91,True
ACC_00957,66fb26f4c40d8d64,Payment Bank,P_02141,BANK_SRC_37,True
ACC_00958,9665aea5a4e9eedf,Cooperative Bank,P_03394,BANK_SRC_69,True
ACC_00959,7a056f0e0ec00887,Commercial Bank,P_00299,BANK_SRC_42,True
ACC_00960,1eb6f594fc856619,Payment Bank,P_03559,BANK_SRC_42,True
ACC_00961,c4fb9d5aa0f8d450,Payment Bank,P_01455,BANK_SRC_29,True
ACC_00962,b3fceab3e4505e97,NBFC,P_00720,BANK_SRC_42,True
ACC_00963,597455021a7d0f2a,Payment Bank,P_03735,BANK_SRC_27,True
ACC_00964,30a7c27dae9ca899,Commercial Bank,P_00416,BANK_SRC_90,True
ACC_00965,bab194437d13e88b,Payment Bank,P_04706,BANK_SRC_95,True
ACC_00966,80372ac36f3356ed,NBFC,P_00178,BANK_SRC_57,True
ACC_00967,3f7eab74504a15e0,Payment Bank,P_00830,BANK_SRC_80,True
ACC_00968,ac1ac4eec343520e,Commercial Bank,P_02618,BANK_SRC_90,True
ACC_00969,bcf2ab8bfa495b93,Cooperative Bank,P_02204,BANK_SRC_33,True
ACC_00970,946ae47b013863eb,NBFC,P_04610,BANK_SRC_62,True
ACC_00971,322197f4f14f6730,Payment Bank,P_01678,BANK_SRC_26,True
ACC_00972,621e23379eeaaa91,Commercial Bank,P_01698,BANK_SRC_10,True
ACC_00973,b0148224eae02f70,Commercial Bank,P_03295,BANK_SRC_72,True
ACC_00974,cdf933253e931c38,Cooperative Bank,P_00355,BANK_SRC_26,True
ACC_00975,05bf499bd0a68f91,Payment Bank,P_04941,BANK_SRC_54,True
ACC_00976,b1fa899f132ee2b6,NBFC,P_03762,BANK_SRC_56,True
ACC_00977,13e23332643dfcea,Cooperative Bank,P_04904,BANK_SRC_70,True
ACC_00978,7ad4cc0d44895b57,Payment Bank,P_00156,BANK_SRC_88,True
ACC_00979,b9b58f5734101788,Payment Bank,P_03517,BANK_SRC_74,True
ACC_00980,8685a4be5eff0ba7,Commercial Bank,P_01588,BANK_SRC_90,True
ACC_00981,303fafd2943641b4,Commercial Bank,P_03965,BANK_SRC_38,True
ACC_00982,2d90a83359264d06,Commercial Bank,P_00329,BANK_SRC_86,True
ACC_00983,4ff5d62b879a397f,Commercial Bank,P_01255,BANK_SRC_61,True
ACC_00984,9a184dc1b3863a3a,Payment Bank,P_04504,BANK_SRC_53,True
ACC_00985,e6c7ffaf4c8a8ac3,Commercial Bank,P_01648,BANK_SRC_46,True
ACC_00986,4ea9965b60cbf0c3,Commercial Bank,P_03662,BANK_SRC_46,True
ACC_00987,8c9318f471a53d0e,Cooperative Bank,P_02062,BANK_SRC_66,True
ACC_00988,d9df85e0e102fe96,NBFC,P_02359,BANK_SRC_64,True
ACC_00989,de0fe4b53bbfa071,Commercial Bank,P_03369,BANK_SRC_32,True
ACC_00990,96a7b4ed0c1b9deb,Commercial Bank,P_01816,BANK_SRC_62,True
ACC_00991,1a88069c8a8d3bc8,Commercial Bank,P_02915,BANK_SRC_63,True
ACC_00992,c8a0ce44f33df46e,Payment Bank,P_01193,BANK_SRC_52,True
ACC_00993,3b4304d6f76defdb,NBFC,P_02772,BANK_SRC_27,True
ACC_00994,19e2124e3e0cb4cd,NBFC,P_00444,BANK_SRC_90,True
ACC_00995,70c568dddd82afd6,Cooperative Bank,P_03876,BANK_SRC_68,True
ACC_00996,6eb698863b8be5e6,Commercial Bank,P_02573,BANK_SRC_55,True
ACC_00997,4c5a9db59402230c,Commercial Bank,P_03577,BANK_SRC_64,True
ACC_00998,d1c69ef7296e01b4,NBFC,P_04744,BANK_SRC_19,True
ACC_00999,857ea0f9b4889a44,Commercial Bank,P_00582,BANK_SRC_99,True
ACC_01000,528c945081d90cb9,Cooperative Bank,P_04377,BANK_SRC_33,True
ACC_01001,589242ace71d37b1,Cooperative Bank,P_01974,BANK_SRC_99,True
ACC_01002,406b73a851ba8b71,Payment Bank,P_01896,BANK_SRC_44,True
ACC_01003,c3486aab9ff54cb3,Payment Bank,P_04436,BANK_SRC_70,True
ACC_01004,e445482803032c62,Payment Bank,P_00460,BANK_SRC_34,True
ACC_01005,1f34cbe59e36df44,Cooperative Bank,P_01191,BANK_SRC_14,True
ACC_01006,6de5bd3aa95aab9b,NBFC,P_01212,BANK_SRC_97,True
ACC_01007,2d205707da9e3378,Payment Bank,P_02220,BANK_SRC_24,True
ACC_01008,01b382eec4f9ea27,Commercial Bank,P_04699,BANK_SRC_48,True
ACC_01009,01d07e733f1d43b9,Payment Bank,P_00564,BANK_SRC_79,True
ACC_01010,a9ca5a5c737f3484,Commercial Bank,P_04229,BANK_SRC_87,True
ACC_01011,c6ea921c4f8f5dd9,NBFC,P_01814,BANK_SRC_56,True
ACC_01012,9aa2ae8bc83c5af7,Cooperative Bank,P_02079,BANK_SRC_10,True
ACC_01013,c0e915687e359596,Payment Bank,P_02587,BANK_SRC_34,True
ACC_01014,b741a1c9f4726c03,Payment Bank,P_03814,BANK_SRC_25,True
ACC_01015,54b90100b6714646,NBFC,P_03323,BANK_SRC_67,True
ACC_01016,826d514adae957aa,Cooperative Bank,P_00271,BANK_SRC_22,True
ACC_01017,f894fc5b748d1f95,Commercial Bank,P_03789,BANK_SRC_24,True
ACC_01018,35e277297619a66c,Cooperative Bank,P_01507,BANK_SRC_37,True
ACC_01019,e10c9964432af4f0,Commercial Bank,P_04632,BANK_SRC_67,True
ACC_01020,59c4162f90b2a275,Commercial Bank,P_04013,BANK_SRC_68,True
ACC_01021,dfb94f1af54bcba9,Payment Bank,P_03102,BANK_SRC_14,True
ACC_01022,225902911fd04223,NBFC,P_02905,BANK_SRC_40,True
ACC_01023,b60e9f9a4848a28e,Commercial Bank,P_04611,BANK_SRC_17,True
ACC_01024,ef2c7b8cdc9227b5,Commercial Bank,P_02844,BANK_SRC_58,True
ACC_01025,f79ba0484b839d79,Cooperative Bank,P_04970,BANK_SRC_41,True
ACC_01026,84b3416e74a0da10,Cooperative Bank,P_00604,BANK_SRC_58,True
ACC_01027,7c753d9c904e6b6b,Commercial Bank,P_02404,BANK_SRC_76,True
ACC_01028,ff3bdd90e6c38d9d,NBFC,P_04933,BANK_SRC_54,True
ACC_01029,4868318c337790cc,Cooperative Bank,P_02473,BANK_SRC_52,True
ACC_01030,34fdd57c2857f6f7,NBFC,P_04678,BANK_SRC_12,True
ACC_01031,660214ce31d2e6de,Payment Bank,P_04172,BANK_SRC_10,True
ACC_01032,f0eca3f2e7b05d4b,Cooperative Bank,P_04724,BANK_SRC_11,True
ACC_01033,7304c40546622813,NBFC,P_03842,BANK_SRC_28,True
ACC_01034,22b0d170c06740c4,Cooperative Bank,P_01494,BANK_SRC_62,True
ACC_01035,b2aae0b283e90fab,NBFC,P_00214,BANK_SRC_18,True
ACC_01036,1c86b6bf0d81c2f1,Commercial Bank,P_00994,BANK_SRC_25,True
ACC_01037,68a8605d14312a5f,Cooperative Bank,P_00217,BANK_SRC_65,True
ACC_01038,ed6ff696390e27c2,Commercial Bank,P_00027,BANK_SRC_85,True
ACC_01039,b355e74271f8a661,Commercial Bank,P_02329,BANK_SRC_81,True
ACC_01040,b44c2b911a3ec5d5,Commercial Bank,P_00551,BANK_SRC_16,True
ACC_01041,800bb4f202093109,NBFC,P_01609,BANK_SRC_98,True
ACC_01042,555b1c6d946fb3e2,Commercial Bank,P_03328,BANK_SRC_54,True
ACC_01043,07bc18470ed18316,NBFC,P_04388,BANK_SRC_73,True
ACC_01044,ded0adc99038de11,NBFC,P_00408,BANK_SRC_27,True
ACC_01045,b5a327303b76f094,Commercial Bank,P_03160,BANK_SRC_23,True
ACC_01046,00db3f35053c8016,NBFC,P_04614,BANK_SRC_49,True
ACC_01047,0e93fbf3a624bedb,Cooperative Bank,P_03556,BANK_SRC_91,True
ACC_01048,984ba03db3b7b361,Payment Bank,P_02605,BANK_SRC_59,True
ACC_01049,3a5dab64cb93204a,Cooperative Bank,P_04612,BANK_SRC_29,True
ACC_01050,14c42487a86d5651,Cooperative Bank,P_00303,BANK_SRC_57,True
ACC_01051,4bfda1ae7b534c32,NBFC,P_03288,BANK_SRC_46,True
ACC_01052,06f4be44539951e6,Payment Bank,P_04444,BANK_SRC_15,True
ACC_01053,4ddf7a1c01c0b21f,Commercial Bank,P_00400,BANK_SRC_64,True
ACC_01054,c2e09f16d4f4f633,NBFC,P_03826,BANK_SRC_91,True
ACC_01055,816a5c9878337c15,Commercial Bank,P_03874,BANK_SRC_80,True
ACC_01056,92b71a0129b09cd4,NBFC,P_01071,BANK_SRC_73,True
ACC_01057,d6ecf7a22a14d933,Payment Bank,P_02196,BANK_SRC_73,True
ACC_01058,a332bf76ac03dfbf,Payment Bank,P_03696,BANK_SRC_88,True
ACC_01059,d12c05c7628b1d74,Payment Bank,P_02729,BANK_SRC_37,True
ACC_01060,84c380eccd871546,NBFC,P_04496,BANK_SRC_87,True
ACC_01061,305c2177880a0aa6,Commercial Bank,P_04741,BANK_SRC_32,True
ACC_01062,4398677de8235b32,Cooperative Bank,P_02873,BANK_SRC_17,True
ACC_01063,d4b535e74c5fa874,NBFC,P_03113,BANK_SRC_91,True
ACC_01064,e8a9c08f3d1b0b8f,NBFC,P_04735,BANK_SRC_72,True
ACC_01065,72c6b9be56be0fc6,NBFC,P_00917,BANK_SRC_84,True
ACC_01066,14d0508c266e73ac,Payment Bank,P_04713,BANK_SRC_40,True
ACC_01067,543e14e2dc9bf597,Commercial Bank,P_00308,BANK_SRC_41,True
ACC_01068,d034277c127e6a71,Cooperative Bank,P_04548,BANK_SRC_15,True
ACC_01069,31d10899f447cc0a,Cooperative Bank,P_02630,BANK_SRC_75,True
ACC_01070,5b2952cd0ebb1f3e,Cooperative Bank,P_03912,BANK_SRC_52,True
ACC_01071,5aca2cc6e49ea8d6,Cooperative Bank,P_02716,BANK_SRC_16,True
ACC_01072,63f061ef984d209a,NBFC,P_01113,BANK_SRC_74,True
ACC_01073,9eea71b55a7d17c5,Cooperative Bank,P_01015,BANK_SRC_61,True
ACC_01074,3e80408ddec95417,Payment Bank,P_04841,BANK_SRC_57,True
ACC_01075,e7b75474af50480a,Cooperative Bank,P_01002,BANK_SRC_26,True
ACC_01076,358f2dd136ab1d65,Commercial Bank,P_01126,BANK_SRC_66,True
ACC_01077,3113da2820281373,Payment Bank,P_03770,BANK_SRC_11,True
ACC_01078,ecf331efe70712cd,Payment Bank,P_02050,BANK_SRC_97,True
ACC_01079,ffb21e55aa4e193f,Commercial Bank,P_03600,BANK_SRC_50,True
ACC_01080,135cee2059d38bc9,NBFC,P_02668,BANK_SRC_71,True
ACC_01081,3c7aee12f85058fa,Payment Bank,P_04609,BANK_SRC_36,True
ACC_01082,66072b626435b484,Payment Bank,P_00608,BANK_SRC_37,True
ACC_01083,6aad0ed51c5de606,Cooperative Bank,P_02021,BANK_SRC_54,True
ACC_01084,e7ba22057068468f,Commercial Bank,P_02077,BANK_SRC_98,True
ACC_01085,393a1b96ed38dbce,Commercial Bank,P_02707,BANK_SRC_85,True
ACC_01086,8e3d35c77728dfed,Commercial Bank,P_01153,BANK_SRC_89,True
ACC_01087,cfe7faf8d40311f5,Cooperative Bank,P_02274,BANK_SRC_58,True
ACC_01088,91d95b81dd34977c,Payment Bank,P_04846,BANK_SRC_63,True
ACC_01089,320cc64227b88a24,Payment Bank,P_01528,BANK_SRC_35,True
ACC_01090,23b03702b5f319fe,NBFC,P_01635,BANK_SRC_78,True
ACC_01091,3f5f2ba0a990659e,Commercial Bank,P_03094,BANK_SRC_76,True
ACC_01092,ad42097ff857f4a4,Commercial Bank,P_04496,BANK_SRC_61,True
ACC_01093,eb7a46e809ee647e,Cooperative Bank,P_04691,BANK_SRC_84,True
ACC_01094,f7e0df30e2a8236b,Commercial Bank,P_02282,BANK_SRC_12,True
ACC_01095,14740ae2fa36bacb,NBFC,P_02005,BANK_SRC_43,True
ACC_01096,3449301d3ef3480b,Cooperative Bank,P_01581,BANK_SRC_24,True
ACC_01097,36e743c2a944ab50,NBFC,P_00012,BANK_SRC_88,True
ACC_01098,4c7bdd35fbbcecde,Cooperative Bank,P_00931,BANK_SRC_57,True
ACC_01099,3ad8d239318b894c,Payment Bank,P_03673,BANK_SRC_74,True
ACC_01100,5f62bdb6d6d0c7d6,Payment Bank,P_00636,BANK_SRC_73,True
ACC_01101,66d0dbc7cd08b9b2,Payment Bank,P_00308,BANK_SRC_68,True
ACC_01102,ea94ba8890368662,Commercial Bank,P_03027,BANK_SRC_62,True
ACC_01103,2ce41e33509b6bdf,Cooperative Bank,P_02394,BANK_SRC_48,True
ACC_01104,cb710cfcdd2acd5e,Payment Bank,P_02739,BANK_SRC_63,True
ACC_01105,7859c9ba21dcee23,Payment Bank,P_01333,BANK_SRC_59,True
ACC_01106,54da0e989ea02673,Payment Bank,P_01390,BANK_SRC_10,True
ACC_01107,c4c477bee14b0899,Payment Bank,P_04112,BANK_SRC_39,True
ACC_01108,c598f3f8d8267856,Commercial Bank,P_02311,BANK_SRC_89,True
ACC_01109,f850e85d9ef7e709,Commercial Bank,P_02790,BANK_SRC_94,True
ACC_01110,d8007637830ec46e,Cooperative Bank,P_00415,BANK_SRC_83,True
ACC_01111,fcd34cac815ddca5,NBFC,P_04401,BANK_SRC_83,True
ACC_01112,104e56b392c89e8c,Cooperative Bank,P_02929,BANK_SRC_53,True
ACC_01113,c60ceca355006b18,Commercial Bank,P_01094,BANK_SRC_32,True
ACC_01114,7bbbf93c938a5da0,Cooperative Bank,P_00004,BANK_SRC_47,True
ACC_01115,4a07c8da2e5c288b,NBFC,P_00875,BANK_SRC_18,True
ACC_01116,a141197c49832d86,Payment Bank,P_03138,BANK_SRC_65,True
ACC_01117,60839889686542ae,Payment Bank,P_02122,BANK_SRC_44,True
ACC_01118,e53dad639a35c97a,Cooperative Bank,P_00999,BANK_SRC_65,True
ACC_01119,64aa4576eb66f3d3,Cooperative Bank,P_03212,BANK_SRC_76,True
ACC_01120,5490a1316f6b705d,Payment Bank,P_02790,BANK_SRC_65,True
ACC_01121,5b66d37bac79c45d,NBFC,P_02618,BANK_SRC_92,True
ACC_01122,7c000e2ae23e20bd,NBFC,P_00811,BANK_SRC_80,True
ACC_01123,1b781a9070fd30fc,Payment Bank,P_01397,BANK_SRC_32,True
ACC_01124,42b096323648119d,Cooperative Bank,P_02039,BANK_SRC_20,True
ACC_01125,81fe0596d476ebb1,Commercial Bank,P_04792,BANK_SRC_93,True
ACC_01126,a8ab26d37a240c5a,Payment Bank,P_02368,BANK_SRC_74,True
ACC_01127,87cd174406391f43,Payment Bank,P_00925,BANK_SRC_10,True
ACC_01128,f21324255fdea236,Cooperative Bank,P_00689,BANK_SRC_84,True
ACC_01129,7bc5e25c3194cdc6,Payment Bank,P_00992,BANK_SRC_29,True
ACC_01130,230d0e673bc161f5,Cooperative Bank,P_00047,BANK_SRC_13,True
ACC_01131,7afedc79a95d1c19,Commercial Bank,P_00886,BANK_SRC_29,True
ACC_01132,8e0069c315621373,Payment Bank,P_00424,BANK_SRC_99,True
ACC_01133,734c9f3d74197745,NBFC,P_02517,BANK_SRC_61,True
ACC_01134,231b936fc9aafa37,Commercial Bank,P_02982,BANK_SRC_98,True
ACC_01135,a9010a44596345a3,Cooperative Bank,P_04040,BANK_SRC_86,True
ACC_01136,6733f174b7d624a1,Payment Bank,P_01021,BANK_SRC_87,True
ACC_01137,35800fc488fa224d,Payment Bank,P_00834,BANK_SRC_44,True
ACC_01138,df2cc4d17da7a69e,Cooperative Bank,P_04725,BANK_SRC_24,True
ACC_01139,9b9ceae4c78d8358,Commercial Bank,P_04586,BANK_SRC_22,True
ACC_01140,02dc6bc847324827,Payment Bank,P_01563,BANK_SRC_27,True
ACC_01141,b21eed67e2c1d0ef,NBFC,P_01784,BANK_SRC_78,True
ACC_01142,c1452a18f18dbded,Cooperative Bank,P_01400,BANK_SRC_79,True
ACC_01143,80621c78388428f4,Cooperative Bank,P_02102,BANK_SRC_28,True
ACC_01144,f56b5db6a7944189,NBFC,P_02111,BANK_SRC_71,True
ACC_01145,4b230f625417818c,Cooperative Bank,P_00670,BANK_SRC_11,True
ACC_01146,f42ef688233f2e8d,Payment Bank,P_01143,BANK_SRC_30,True
ACC_01147,8a150f8be5179cca,NBFC,P_01981,BANK_SRC_15,True
ACC_01148,e8017603a5c07d22,Commercial Bank,P_03672,BANK_SRC_49,True
ACC_01149,9197f56422d937c9,NBFC,P_01103,BANK_SRC_91,True
ACC_01150,bc791545d117a84d,NBFC,P_03495,BANK_SRC_48,True
ACC_01151,fda8d9f4118af30a,NBFC,P_00425,BANK_SRC_72,True
ACC_01152,04ff1a67110e55d4,NBFC,P_01099,BANK_SRC_93,True
ACC_01153,d2ac28e10fb03154,Commercial Bank,P_02770,BANK_SRC_40,True
ACC_01154,f807cc84156f7631,Payment Bank,P_01792,BANK_SRC_19,True
ACC_01155,bc1e02fe28181b1e,NBFC,P_00153,BANK_SRC_28,True
ACC_01156,2981d4a986032410,Cooperative Bank,P_02372,BANK_SRC_54,True
ACC_01157,4a2e13a8691ddd61,Payment Bank,P_02314,BANK_SRC_47,True
ACC_01158,68304333c6148bc6,Cooperative Bank,P_00531,BANK_SRC_85,True
ACC_01159,a0bb6a1fc1f999c0,Cooperative Bank,P_01458,BANK_SRC_84,True
ACC_01160,53ba4fa80c6c8325,Commercial Bank,P_04514,BANK_SRC_80,True
ACC_01161,12c5a0113ffb1f03,Cooperative Bank,P_01387,BANK_SRC_58,True
ACC_01162,b7062e6e28e72b5c,NBFC,P_01571,BANK_SRC_80,True
ACC_01163,0ecf2c54593ff052,NBFC,P_03494,BANK_SRC_15,True
ACC_01164,e721b8bc7cc0bf82,Cooperative Bank,P_02295,BANK_SRC_55,True
ACC_01165,9f12c2b8881b7dd8,Cooperative Bank,P_03741,BANK_SRC_20,True
ACC_01166,4806676f1beea80c,Payment Bank,P_04365,BANK_SRC_84,True
ACC_01167,d799af043e81f348,Cooperative Bank,P_01928,BANK_SRC_96,True
ACC_01168,b490b51f73ff4912,Payment Bank,P_00663,BANK_SRC_41,True
ACC_01169,7a3ed7079248bbe9,Commercial Bank,P_02560,BANK_SRC_54,True
ACC_01170,94b88acef76a09d4,Commercial Bank,P_00057,BANK_SRC_73,True
ACC_01171,b3e348939a3507dc,Payment Bank,P_03928,BANK_SRC_82,True
ACC_01172,fff998a2fcbc0493,NBFC,P_02363,BANK_SRC_35,True
ACC_01173,295a4e1d268dda70,NBFC,P_02839,BANK_SRC_63,True
ACC_01174,6ce2f0315b69ff07,Cooperative Bank,P_01027,BANK_SRC_79,True
ACC_01175,8601648587f26486,Payment Bank,P_00095,BANK_SRC_19,True
ACC_01176,95c6cfd994a03a31,Payment Bank,P_02156,BANK_SRC_45,True
ACC_01177,379a313b168b8f5e,Payment Bank,P_01404,BANK_SRC_53,True
ACC_01178,f57c3350dad53aad,Commercial Bank,P_00826,BANK_SRC_54,True
ACC_01179,8266cb79674adcbb,NBFC,P_02458,BANK_SRC_36,True
ACC_01180,91be8711f341591a,NBFC,P_02904,BANK_SRC_73,True
ACC_01181,e84430baed00df68,Cooperative Bank,P_02529,BANK_SRC_64,True
ACC_01182,0e00d0735b1f1011,Payment Bank,P_01880,BANK_SRC_13,True
ACC_01183,0870207af99bfc2f,Cooperative Bank,P_02111,BANK_SRC_73,True
ACC_01184,86d2c5e37428a204,Payment Bank,P_01167,BANK_SRC_27,True
ACC_01185,0fcc9729596d7327,Commercial Bank,P_03440,BANK_SRC_35,True
ACC_01186,2d85fcda34d3a001,Commercial Bank,P_01414,BANK_SRC_27,True
ACC_01187,83f1188774cefc88,Commercial Bank,P_04323,BANK_SRC_77,True
ACC_01188,e42b58e07737d894,Payment Bank,P_04672,BANK_SRC_49,True
ACC_01189,586175b8833902d7,Commercial Bank,P_03631,BANK_SRC_30,True
ACC_01190,99f9deafc9e9c11c,NBFC,P_03615,BANK_SRC_41,True
ACC_01191,9ec7807840be57d1,Commercial Bank,P_04176,BANK_SRC_49,True
ACC_01192,815ebd25ca091d5a,Commercial Bank,P_04968,BANK_SRC_12,True
ACC_01193,0d939d888c787635,Cooperative Bank,P_04480,BANK_SRC_40,True
ACC_01194,e6b412022c53a073,Payment Bank,P_00442,BANK_SRC_84,True
ACC_01195,72c8be3dd06a72ff,Cooperative Bank,P_02174,BANK_SRC_78,True
ACC_01196,7c5ee3e1dbf2e2bc,NBFC,P_00783,BANK_SRC_48,True
ACC_01197,ec5c586355d6d693,Commercial Bank,P_04079,BANK_SRC_96,True
ACC_01198,7b90bde0726d8f3e,Cooperative Bank,P_00307,BANK_SRC_18,True
ACC_01199,0b6fd9894459a500,Commercial Bank,P_04199,BANK_SRC_42,True
ACC_01200,8ca3d43ea86e8ee3,NBFC,P_00195,BANK_SRC_15,True
ACC_01201,f08f181f2e1541da,NBFC,P_01104,BANK_SRC_18,True
ACC_01202,6dbadd2150ed0b8b,NBFC,P_03479,BANK_SRC_78,True
ACC_01203,2785a27988c9044e,Cooperative Bank,P_03651,BANK_SRC_18,True
ACC_01204,1ee2d194dc7c0923,NBFC,P_02355,BANK_SRC_11,True
ACC_01205,8f1408b4735499d0,Commercial Bank,P_01718,BANK_SRC_45,True
ACC_01206,bbff6deee953cd16,NBFC,P_01538,BANK_SRC_42,True
ACC_01207,0109b77366c4a8ae,Payment Bank,P_01746,BANK_SRC_49,True
ACC_01208,bb95cab735f59007,NBFC,P_01063,BANK_SRC_56,True
ACC_01209,e691ae688d1ea908,Commercial Bank,P_00544,BANK_SRC_47,True
ACC_01210,eb8e5d3d2e905ddc,Commercial Bank,P_03237,BANK_SRC_90,True
ACC_01211,b4d8c362d9c424b6,Commercial Bank,P_02443,BANK_SRC_40,True
ACC_01212,3dfdb8618c541539,NBFC,P_02755,BANK_SRC_83,True
ACC_01213,ed174bcda3f519b1,NBFC,P_02034,BANK_SRC_28,True
ACC_01214,8629bc34a3914acf,Payment Bank,P_01048,BANK_SRC_64,True
ACC_01215,e1780c0754f728f9,NBFC,P_03804,BANK_SRC_19,True
ACC_01216,7e7da63f5770cc26,NBFC,P_04379,BANK_SRC_80,True
ACC_01217,0e4a892700cc7ab9,NBFC,P_03719,BANK_SRC_66,True
ACC_01218,fb4ef59027b35294,Cooperative Bank,P_03040,BANK_SRC_74,True
ACC_01219,c349076e7d8874ff,Cooperative Bank,P_03936,BANK_SRC_87,True
ACC_01220,531e80e1d564de24,Cooperative Bank,P_04496,BANK_SRC_88,True
ACC_01221,ec9708475ffe0790,Cooperative Bank,P_03740,BANK_SRC_15,True
ACC_01222,6ccb4bbfffe6610c,Cooperative Bank,P_02324,BANK_SRC_14,True
ACC_01223,bad721488e9b1fbb,Payment Bank,P_02301,BANK_SRC_50,True
ACC_01224,42b9d64c653f55fe,NBFC,P_02799,BANK_SRC_75,True
ACC_01225,19e28375a74dd69e,Cooperative Bank,P_00693,BANK_SRC_45,True
ACC_01226,c7fe113e8a5d081e,Commercial Bank,P_00930,BANK_SRC_73,True
ACC_01227,126534b0f3ee9964,Payment Bank,P_04742,BANK_SRC_96,True
ACC_01228,7fc85ddcb27512a8,Commercial Bank,P_00329,BANK_SRC_54,True
ACC_01229,397686d633ec32b1,Payment Bank,P_03969,BANK_SRC_89,True
ACC_01230,2e5d6512d175ea1f,Commercial Bank,P_01579,BANK_SRC_79,True
ACC_01231,7a28d08860ebe407,Payment Bank,P_02665,BANK_SRC_45,True
ACC_01232,d88cc1b10a2c603d,Cooperative Bank,P_02505,BANK_SRC_84,True
ACC_01233,715024b9f4c87936,Payment Bank,P_01497,BANK_SRC_42,True
ACC_01234,db6dcf88046e3db1,Cooperative Bank,P_00255,BANK_SRC_76,True
ACC_01235,2d09b592b3ba2853,NBFC,P_02573,BANK_SRC_11,True
ACC_01236,985a23c708a90766,NBFC,P_01150,BANK_SRC_91,True
ACC_01237,4a37a9277ed482ac,Cooperative Bank,P_00612,BANK_SRC_68,True
ACC_01238,8324ce9c8ee3816b,Cooperative Bank,P_04579,BANK_SRC_17,True
ACC_01239,52a99c794b8198b4,Payment Bank,P_02838,BANK_SRC_38,True
ACC_01240,9f13697ed297e6ed,Commercial Bank,P_02619,BANK_SRC_67,True
ACC_01241,f4cfdcf76f1104cc,NBFC,P_04325,BANK_SRC_68,True
ACC_01242,192221899e78347d,Cooperative Bank,P_03834,BANK_SRC_92,True
ACC_01243,d5e042e68693bebe,Commercial Bank,P_01110,BANK_SRC_14,True
ACC_01244,637cd24ad564413e,Commercial Bank,P_03732,BANK_SRC_45,True
ACC_01245,7e8884d829989da6,NBFC,P_00178,BANK_SRC_18,True
ACC_01246,92d2dd8f263ffed8,Payment Bank,P_01023,BANK_SRC_61,True
ACC_01247,48e3419b334be7f1,Payment Bank,P_00866,BANK_SRC_95,True
ACC_01248,16e327d3a4f72388,Commercial Bank,P_04125,BANK_SRC_12,True
ACC_01249,40bc9d2514a007c7,NBFC,P_02545,BANK_SRC_71,True
ACC_01250,1884dc9fd1efa600,Payment Bank,P_00671,BANK_SRC_44,True
ACC_01251,e34e0f1dfccb5d17,Cooperative Bank,P_01221,BANK_SRC_47,True
ACC_01252,868bffb44c85962f,Commercial Bank,P_02011,BANK_SRC_99,True
ACC_01253,cfce19e85c55df23,NBFC,P_02168,BANK_SRC_70,True
ACC_01254,f68f46e62e17452b,NBFC,P_00674,BANK_SRC_69,True
ACC_01255,0bc74781a5af5e39,Cooperative Bank,P_00113,BANK_SRC_51,True
ACC_01256,c7d72363d161782d,Payment Bank,P_03795,BANK_SRC_94,True
ACC_01257,75d3f77b2376f5d5,NBFC,P_02455,BANK_SRC_41,True
ACC_01258,9fb1f47df917d390,NBFC,P_01103,BANK_SRC_94,True
ACC_01259,1c29761786a99560,Commercial Bank,P_02149,BANK_SRC_43,True
ACC_01260,78ef33fedba468ae,Cooperative Bank,P_01865,BANK_SRC_43,True
ACC_01261,91b35e0da301e7d2,Cooperative Bank,P_03310,BANK_SRC_46,True
ACC_01262,5ac352173975e385,Commercial Bank,P_03827,BANK_SRC_23,True
ACC_01263,8d53eea08179a0c2,NBFC,P_01570,BANK_SRC_46,True
ACC_01264,9f87580d88f4132c,Commercial Bank,P_02056,BANK_SRC_43,True
ACC_01265,57ebe1145e501d76,Payment Bank,P_02927,BANK_SRC_22,True
ACC_01266,e1c5bf4a6081528b,Cooperative Bank,P_04275,BANK_SRC_69,True
ACC_01267,f8a3cb5bdfedff31,NBFC,P_03009,BANK_SRC_17,True
ACC_01268,c2d67824c50e7f9b,Cooperative Bank,P_00177,BANK_SRC_68,True
ACC_01269,14e3f18a05c7dab2,Payment Bank,P_02267,BANK_SRC_58,True
ACC_01270,ba0aa91b12854a35,Payment Bank,P_03843,BANK_SRC_36,True
ACC_01271,3d0c13aa11dfe43a,Commercial Bank,P_03113,BANK_SRC_93,True
ACC_01272,2fce5753e872927c,Commercial Bank,P_01269,BANK_SRC_53,True
ACC_01273,7277a33877d05fbd,Commercial Bank,P_02161,BANK_SRC_24,True
ACC_01274,7fa9d1a59444301b,Cooperative Bank,P_04849,BANK_SRC_13,True
ACC_01275,9af3b40bd7b775fc,Commercial Bank,P_03107,BANK_SRC_41,True
ACC_01276,53841d474c1bbe54,Cooperative Bank,P_03294,BANK_SRC_16,True
ACC_01277,72ff2d3ef2c54a09,Commercial Bank,P_00271,BANK_SRC_96,True
ACC_01278,2f5380a51cdff791,NBFC,P_02534,BANK_SRC_66,True
ACC_01279,92bd2254ef6fd88b,Payment Bank,P_02050,BANK_SRC_95,True
ACC_01280,09ca899914462117,Commercial Bank,P_01115,BANK_SRC_62,True
ACC_01281,20984a715d0dfaa7,Payment Bank,P_00891,BANK_SRC_44,True
ACC_01282,0306c0f95eefee58,Payment Bank,P_01161,BANK_SRC_52,True
ACC_01283,1f9c1c6d46b5f954,Payment Bank,P_02578,BANK_SRC_78,True
ACC_01284,3a20bf01f96d7efc,Cooperative Bank,P_01264,BANK_SRC_92,True
ACC_01285,f8a741b98f82f7d8,Commercial Bank,P_03021,BANK_SRC_44,True
ACC_01286,3b817f491767fdb5,Commercial Bank,P_04756,BANK_SRC_33,True
ACC_01287,7fd48b66fca734af,Payment Bank,P_01569,BANK_SRC_81,True
ACC_01288,8a667c355da45ca2,Payment Bank,P_03035,BANK_SRC_75,True
ACC_01289,57f92e4bcd77a092,Payment Bank,P_00459,BANK_SRC_92,True
ACC_01290,12b64f4c0cb6d8f7,Commercial Bank,P_01405,BANK_SRC_53,True
ACC_01291,cd026354d8eecbef,Commercial Bank,P_00230,BANK_SRC_73,True
ACC_01292,269d66301835b3f0,NBFC,P_04262,BANK_SRC_37,True
ACC_01293,740240e45b1058ab,Cooperative Bank,P_02955,BANK_SRC_45,True
ACC_01294,30bc139407d6d838,NBFC,P_03878,BANK_SRC_42,True
ACC_01295,11aeb778be9033e2,NBFC,P_02385,BANK_SRC_43,True
ACC_01296,dabfaa1a39e08a18,Payment Bank,P_04812,BANK_SRC_64,True
ACC_01297,2fbaedb125422d74,Commercial Bank,P_02361,BANK_SRC_65,True
ACC_01298,ba82be286ae4b6f3,Cooperative Bank,P_00072,BANK_SRC_59,True
ACC_01299,a071fa6a9b40efe3,Cooperative Bank,P_02487,BANK_SRC_95,True
ACC_01300,05c91e5aaed363cc,NBFC,P_03748,BANK_SRC_85,True
ACC_01301,fee12ce48dacc221,Payment Bank,P_01867,BANK_SRC_93,True
ACC_01302,fd33d03805bd1baf,Commercial Bank,P_03112,BANK_SRC_27,True
ACC_01303,0957b1eb24061625,Commercial Bank,P_00994,BANK_SRC_69,True
ACC_01304,c0d3708e3c7de7f9,Payment Bank,P_01288,BANK_SRC_55,True
ACC_01305,299f74ad4875c01c,Commercial Bank,P_01623,BANK_SRC_21,True
ACC_01306,11ec7c46ff082c51,Cooperative Bank,P_03557,BANK_SRC_28,True
ACC_01307,b2e3abefbeb6a5ef,NBFC,P_02120,BANK_SRC_82,True
ACC_01308,af7e68df226eac11,Commercial Bank,P_01175,BANK_SRC_71,True
ACC_01309,d6167cc6d84fa318,NBFC,P_02479,BANK_SRC_17,True
ACC_01310,e9b65c152b48f309,Commercial Bank,P_01783,BANK_SRC_93,True
ACC_01311,0c0bea56047ab20c,Payment Bank,P_01894,BANK_SRC_41,True
ACC_01312,c4193c028b650adf,Payment Bank,P_04895,BANK_SRC_29,True
ACC_01313,02f00e2a9a79d123,Payment Bank,P_03768,BANK_SRC_29,True
ACC_01314,51385998ada6952c,NBFC,P_01989,BANK_SRC_85,True
ACC_01315,e8bd3786330e63d8,Payment Bank,P_02216,BANK_SRC_53,True
ACC_01316,cb259e9ff1636706,NBFC,P_02510,BANK_SRC_74,True
ACC_01317,49d385b1a16d7476,Cooperative Bank,P_00951,BANK_SRC_23,True
ACC_01318,e4a80e21b3acacb0,Commercial Bank,P_04135,BANK_SRC_77,True
ACC_01319,e6a28f48e734e674,Commercial Bank,P_01873,BANK_SRC_30,True
ACC_01320,49cce2360e07e28a,Cooperative Bank,P_01748,BANK_SRC_70,True
ACC_01321,a73fb5e5f6aba58c,NBFC,P_03175,BANK_SRC_44,True
ACC_01322,43e77513f1dd1e78,NBFC,P_00250,BANK_SRC_53,True
ACC_01323,9342db38e313a133,Cooperative Bank,P_03004,BANK_SRC_80,True
ACC_01324,5a1e3e1a677a80b2,Commercial Bank,P_03095,BANK_SRC_25,True
ACC_01325,d1af0268a0a2298a,Cooperative Bank,P_00131,BANK_SRC_26,True
ACC_01326,c7ea2dda31fe8c57,Cooperative Bank,P_04454,BANK_SRC_14,True
ACC_01327,dd24d0d2a3b4a939,Payment Bank,P_03907,BANK_SRC_96,True
ACC_01328,44caf4d8d574225f,Cooperative Bank,P_02774,BANK_SRC_77,True
ACC_01329,78b149e3a7dde3e1,NBFC,P_01105,BANK_SRC_44,True
ACC_01330,421b9b243b1fadd1,Cooperative Bank,P_01496,BANK_SRC_50,True
ACC_01331,0e37058082b56fae,NBFC,P_02219,BANK_SRC_34,True
ACC_01332,c0cc3788dea637e9,Cooperative Bank,P_01092,BANK_SRC_87,True
ACC_01333,faec6a91208e623f,Commercial Bank,P_03427,BANK_SRC_54,True
ACC_01334,0ca4b0e34e9c8793,Cooperative Bank,P_00981,BANK_SRC_58,True
ACC_01335,78e566e834f73a06,Cooperative Bank,P_00012,BANK_SRC_18,True
ACC_01336,b9d915f76e3ea40e,Payment Bank,P_02158,BANK_SRC_99,True
ACC_01337,c762940119cab853,NBFC,P_04372,BANK_SRC_53,True
ACC_01338,f3517fd2fad3b060,Commercial Bank,P_01775,BANK_SRC_56,True
ACC_01339,a7c8188d7801ead0,Commercial Bank,P_02921,BANK_SRC_13,True
ACC_01340,82f5c116a171b157,Cooperative Bank,P_02918,BANK_SRC_18,True
ACC_01341,e2137883ebe3de01,Commercial Bank,P_04556,BANK_SRC_95,True
ACC_01342,3f7373217f1c0ca4,Commercial Bank,P_04656,BANK_SRC_70,True
ACC_01343,72bdebcfb77164c6,NBFC,P_01717,BANK_SRC_67,True
ACC_01344,4a0e03250555d4ff,NBFC,P_01866,BANK_SRC_34,True
ACC_01345,b2c018fe2396c68a,Payment Bank,P_02303,BANK_SRC_76,True
ACC_01346,ede1abe377cda0e5,Payment Bank,P_02785,BANK_SRC_87,True
ACC_01347,56f1627cd0f047f1,NBFC,P_00220,BANK_SRC_79,True
ACC_01348,cc12f7c768928565,Commercial Bank,P_00152,BANK_SRC_70,True
ACC_01349,34537e9b88777c9d,NBFC,P_01235,BANK_SRC_20,True
ACC_01350,e4f4699261dc17c2,Payment Bank,P_01284,BANK_SRC_54,True
ACC_01351,004928338faf27de,Payment Bank,P_01475,BANK_SRC_82,True
ACC_01352,fcc07bde33d56d64,Cooperative Bank,P_03388,BANK_SRC_40,True
ACC_01353,791ab5c868ad8a6d,NBFC,P_01718,BANK_SRC_54,True
ACC_01354,bd1df52c60f62d4d,NBFC,P_00942,BANK_SRC_89,True
ACC_01355,25989abfa7f9e1cb,Cooperative Bank,P_00243,BANK_SRC_11,True
ACC_01356,181e6c7cf9c57dc2,Commercial Bank,P_04513,BANK_SRC_65,True
ACC_01357,48297db93b2e465c,Payment Bank,P_00025,BANK_SRC_18,True
ACC_01358,407deabc432bb6a3,Cooperative Bank,P_03809,BANK_SRC_45,True
ACC_01359,6cdae4f6fd6bcd86,Commercial Bank,P_00998,BANK_SRC_16,True
ACC_01360,89180393607bfc3b,NBFC,P_03635,BANK_SRC_73,True
ACC_01361,22172294a40aab25,Payment Bank,P_02864,BANK_SRC_53,True
ACC_01362,7e5771b7ad8ddcdf,Payment Bank,P_04030,BANK_SRC_83,True
ACC_01363,1a4cbed582114537,Commercial Bank,P_00795,BANK_SRC_47,True
ACC_01364,b8471c94ed8ac53c,NBFC,P_03586,BANK_SRC_89,True
ACC_01365,644a246910a281cb,Cooperative Bank,P_02435,BANK_SRC_67,True
ACC_01366,7ee1956cad93a2f0,Payment Bank,P_01459,BANK_SRC_23,True
ACC_01367,dce81dd0e3d7c67f,Payment Bank,P_04022,BANK_SRC_98,True
ACC_01368,c70b85d97b49d4d3,Cooperative Bank,P_01101,BANK_SRC_93,True
ACC_01369,557bcbbb04c5a4ae,Commercial Bank,P_04534,BANK_SRC_97,True
ACC_01370,a2fc0a27946d8bd5,Cooperative Bank,P_02172,BANK_SRC_23,True
ACC_01371,231da5738f7f3bf9,Payment Bank,P_03990,BANK_SRC_94,True
ACC_01372,d4b6760832ba52c4,Cooperative Bank,P_01585,BANK_SRC_83,True
ACC_01373,562eb23e754f7b1c,NBFC,P_02396,BANK_SRC_67,True
ACC_01374,cf3381f501d1bce5,NBFC,P_02149,BANK_SRC_81,True
ACC_01375,ce28960f3a92e6fc,Payment Bank,P_04586,BANK_SRC_78,True
ACC_01376,0241c59aed5582a0,Commercial Bank,P_02578,BANK_SRC_21,True
ACC_01377,5dbe3f972bbdccda,NBFC,P_00448,BANK_SRC_68,True
ACC_01378,fd8dfad798729ecb,Payment Bank,P_01239,BANK_SRC_21,True
ACC_01379,b06a4b6482accb5b,Cooperative Bank,P_04225,BANK_SRC_93,True
ACC_01380,14788a2cb30e82b3,Payment Bank,P_04744,BANK_SRC_37,True
ACC_01381,14cf9fb5ef7ae58d,Commercial Bank,P_03724,BANK_SRC_30,True
ACC_01382,4099cd158989d7fe,Commercial Bank,P_02332,BANK_SRC_65,True
ACC_01383,98c0076db1e52c4d,Cooperative Bank,P_02227,BANK_SRC_43,True
ACC_01384,1cf84c189c04982e,Commercial Bank,P_02071,BANK_SRC_44,True
ACC_01385,3012a337ba3445e0,Commercial Bank,P_03608,BANK_SRC_71,True
ACC_01386,d7f2a0af3e522e64,Payment Bank,P_04827,BANK_SRC_18,True
ACC_01387,8ee76cd7d87f7569,Payment Bank,P_04266,BANK_SRC_60,True
ACC_01388,84e3f95d31866f36,Commercial Bank,P_04751,BANK_SRC_38,True
ACC_01389,fd78e27bf8f0fdee,Cooperative Bank,P_01303,BANK_SRC_56,True
ACC_01390,6919d9d0dbcee632,Cooperative Bank,P_03190,BANK_SRC_19,True
ACC_01391,23b59f216d19c330,Commercial Bank,P_01265,BANK_SRC_13,True
ACC_01392,916ebbcec03be254,NBFC,P_04527,BANK_SRC_94,True
ACC_01393,9ed4938f947a7548,Payment Bank,P_04241,BANK_SRC_85,True
ACC_01394,43ae1653f55bdd21,Cooperative Bank,P_00944,BANK_SRC_49,True
ACC_01395,685f53450dc876ff,Commercial Bank,P_01488,BANK_SRC_10,True
ACC_01396,aa7197135e8e09c1,NBFC,P_04755,BANK_SRC_78,True
ACC_01397,eac139c4e1d1341a,Commercial Bank,P_01744,BANK_SRC_99,True
ACC_01398,06e2751929e87cf4,Payment Bank,P_01684,BANK_SRC_19,True
ACC_01399,540b76e0cdbd891d,NBFC,P_02063,BANK_SRC_53,True
ACC_01400,f451a9e809e6b039,Payment Bank,P_01549,BANK_SRC_65,True
ACC_01401,04ee4b99435ce57d,NBFC,P_04488,BANK_SRC_66,True
ACC_01402,529744da1f1e74bd,Commercial Bank,P_00227,BANK_SRC_64,True
ACC_01403,9fd7a1e7dcdad765,Payment Bank,P_00361,BANK_SRC_58,True
ACC_01404,a25285bb3548f5a6,Cooperative Bank,P_00814,BANK_SRC_41,True
ACC_01405,50f26e880d42032d,NBFC,P_03647,BANK_SRC_49,True
ACC_01406,fb04a4257a23602c,NBFC,P_02373,BANK_SRC_20,True
ACC_01407,84b2308d413f161e,NBFC,P_03126,BANK_SRC_65,True
ACC_01408,15bb2d4da620eb97,Payment Bank,P_01528,BANK_SRC_71,True
ACC_01409,0b53117de3841d6e,Commercial Bank,P_04109,BANK_SRC_51,True
ACC_01410,4033eed8b99e90ac,NBFC,P_02137,BANK_SRC_64,True
ACC_01411,b7a51454621e8f96,Payment Bank,P_00999,BANK_SRC_79,True
ACC_01412,5812f120ac192ccb,Payment Bank,P_04188,BANK_SRC_31,True
ACC_01413,d657bead3a0ad7fe,Cooperative Bank,P_04103,BANK_SRC_90,True
ACC_01414,fc6a1966a0402963,NBFC,P_00521,BANK_SRC_32,True
ACC_01415,eff0648052d77825,Commercial Bank,P_03427,BANK_SRC_91,True
ACC_01416,ec0b9a4233760a09,Cooperative Bank,P_01320,BANK_SRC_83,True
ACC_01417,ac6ebd105d3e6ec8,Commercial Bank,P_04795,BANK_SRC_50,True
ACC_01418,5963c5d1b0e17449,Commercial Bank,P_04614,BANK_SRC_69,True
ACC_01419,90dc91444a244374,Commercial Bank,P_01007,BANK_SRC_47,True
ACC_01420,76657603a857514c,Payment Bank,P_02286,BANK_SRC_54,True
ACC_01421,1088a4e9f9514e16,Commercial Bank,P_03440,BANK_SRC_56,True
ACC_01422,1c044eb403a2dd58,NBFC,P_02227,BANK_SRC_59,True
ACC_01423,b7f933ad7ff14e2e,NBFC,P_00058,BANK_SRC_80,True
ACC_01424,243dbceb22725f71,Commercial Bank,P_04826,BANK_SRC_22,True
ACC_01425,280281bd51df1b88,Payment Bank,P_03293,BANK_SRC_66,True
ACC_01426,fb1e799c59804854,Payment Bank,P_03283,BANK_SRC_70,True
ACC_01427,e4ce98dfc5e80b91,Payment Bank,P_03548,BANK_SRC_71,True
ACC_01428,a3a2579806799a85,Payment Bank,P_03229,BANK_SRC_26,True
ACC_01429,bd87df3dc0c1e253,NBFC,P_00069,BANK_SRC_49,True
ACC_01430,9a397d2a6c5748f5,Cooperative Bank,P_02700,BANK_SRC_19,True
ACC_01431,95d8149a2831433a,Payment Bank,P_04119,BANK_SRC_83,True
ACC_01432,66b3a7b98e19b3da,Cooperative Bank,P_04498,BANK_SRC_85,True
ACC_01433,c0ff916654985536,Cooperative Bank,P_04574,BANK_SRC_69,True
ACC_01434,1a91c9e8adf653ea,Cooperative Bank,P_02954,BANK_SRC_10,True
ACC_01435,468841603276a449,Payment Bank,P_03532,BANK_SRC_98,True
ACC_01436,f20f51d34efac278,NBFC,P_00333,BANK_SRC_96,True
ACC_01437,f2bf1f8ee8b3269d,NBFC,P_01902,BANK_SRC_97,True
ACC_01438,bd802539041d1bf2,NBFC,P_02306,BANK_SRC_71,True
ACC_01439,93f0721e117a37ea,NBFC,P_01145,BANK_SRC_35,True
ACC_01440,afaadac29e65bb24,Cooperative Bank,P_04786,BANK_SRC_21,True
ACC_01441,28ca86b7c3d7dcd7,Cooperative Bank,P_02153,BANK_SRC_21,True
ACC_01442,03e237bfbbd22559,Cooperative Bank,P_04053,BANK_SRC_40,True
ACC_01443,a464ad294d8cd933,Commercial Bank,P_00163,BANK_SRC_24,True
ACC_01444,2bb1699520b5b8b6,Payment Bank,P_04261,BANK_SRC_42,True
ACC_01445,74582ada9c3c7abe,Payment Bank,P_04207,BANK_SRC_76,True
ACC_01446,1cd05d7f75a9c7d5,Cooperative Bank,P_04177,BANK_SRC_99,True
ACC_01447,8a4a895272eac457,NBFC,P_02420,BANK_SRC_23,True
ACC_01448,2d47229ed8b2dcc4,Cooperative Bank,P_02815,BANK_SRC_62,True
ACC_01449,d49d6aa552460048,NBFC,P_04986,BANK_SRC_76,True
ACC_01450,212ea8e5947004a7,NBFC,P_01730,BANK_SRC_83,True
ACC_01451,7ec5dcb0768a6fd4,NBFC,P_04071,BANK_SRC_21,True
ACC_01452,01a6dccffa7becda,NBFC,P_01979,BANK_SRC_64,True
ACC_01453,e672e98a9d69b5d4,Payment Bank,P_03540,BANK_SRC_78,True
ACC_01454,59c8560c07e3e86a,Commercial Bank,P_03583,BANK_SRC_69,True
ACC_01455,0b08dd31676f768b,Payment Bank,P_04470,BANK_SRC_97,True
ACC_01456,8f5f4ffc9230aee6,Commercial Bank,P_03171,BANK_SRC_86,True
ACC_01457,18416a64e8c1c45b,NBFC,P_04778,BANK_SRC_26,True
ACC_01458,2d95963ce89de73f,Payment Bank,P_02209,BANK_SRC_91,True
ACC_01459,f2a263e2bd58c520,Cooperative Bank,P_03855,BANK_SRC_60,True
ACC_01460,3801ba6a5a96e86e,NBFC,P_04493,BANK_SRC_77,True
ACC_01461,198d09f013cc1435,NBFC,P_02965,BANK_SRC_85,True
ACC_01462,d65823717bb8ec46,NBFC,P_03749,BANK_SRC_82,True
ACC_01463,aca6bc32c4b6cc52,Commercial Bank,P_04967,BANK_SRC_26,True
ACC_01464,18a86cb80a74c130,Commercial Bank,P_04147,BANK_SRC_96,True
ACC_01465,0e3604577ea81bb1,Commercial Bank,P_02563,BANK_SRC_34,True
ACC_01466,edf56a69f5601b49,Commercial Bank,P_04020,BANK_SRC_26,True
ACC_01467,81b1d14d5bb7b6be,Commercial Bank,P_01018,BANK_SRC_83,True
ACC_01468,e0567de04a2cb5f2,Payment Bank,P_00340,BANK_SRC_58,True
ACC_01469,d56a530aa0a1b381,Payment Bank,P_01406,BANK_SRC_63,True
ACC_01470,acc3d67771338cb4,Commercial Bank,P_01499,BANK_SRC_60,True
ACC_01471,8ac37fadc8435a05,Cooperative Bank,P_02758,BANK_SRC_90,True
ACC_01472,55f8ba0e5d858d98,Payment Bank,P_01932,BANK_SRC_14,True
ACC_01473,bf685b9b06de3cd2,Cooperative Bank,P_04372,BANK_SRC_26,True
ACC_01474,4a9b80d39d0c1100,Cooperative Bank,P_03140,BANK_SRC_96,True
ACC_01475,4c3919dd930f43f5,Cooperative Bank,P_04008,BANK_SRC_16,True
ACC_01476,4fa423ac018f5fe9,Payment Bank,P_04148,BANK_SRC_18,True
ACC_01477,b38177de0fc28ff7,Commercial Bank,P_02290,BANK_SRC_28,True
ACC_01478,18baa836b47f8bc5,Cooperative Bank,P_02368,BANK_SRC_54,True
ACC_01479,8c2f1f3ab0136b89,Payment Bank,P_00404,BANK_SRC_11,True
ACC_01480,55029971bd796078,Cooperative Bank,P_04918,BANK_SRC_75,True
ACC_01481,6dd9be94b7def6a4,NBFC,P_00444,BANK_SRC_13,True
ACC_01482,5c07bc9305f1601d,Commercial Bank,P_01145,BANK_SRC_48,True
ACC_01483,e52d175e79eae603,Commercial Bank,P_01657,BANK_SRC_69,True
ACC_01484,64f283eb7edce83f,Cooperative Bank,P_03967,BANK_SRC_96,True
ACC_01485,474ae272ccd0da8c,NBFC,P_02692,BANK_SRC_70,True
ACC_01486,e83ec2a2e1487635,Payment Bank,P_01808,BANK_SRC_53,True
ACC_01487,edfa5be7955cabc8,Commercial Bank,P_02156,BANK_SRC_66,True
ACC_01488,2ce40987afda83a4,NBFC,P_01043,BANK_SRC_38,True
ACC_01489,aaa015aed3512a0d,Commercial Bank,P_02766,BANK_SRC_46,True
ACC_01490,133801cc24c2f851,Cooperative Bank,P_03836,BANK_SRC_59,True
ACC_01491,b7535abea024f9b2,Payment Bank,P_03329,BANK_SRC_97,True
ACC_01492,0d499152f6cfd311,Cooperative Bank,P_02072,BANK_SRC_87,True
ACC_01493,e7c294aa005cbea0,Commercial Bank,P_02230,BANK_SRC_27,True
ACC_01494,231f0ace5d28d6a6,Commercial Bank,P_00566,BANK_SRC_36,True
ACC_01495,7c4706601549e427,Cooperative Bank,P_02135,BANK_SRC_82,True
ACC_01496,ebc6f18a92b0fc0c,NBFC,P_00415,BANK_SRC_89,True
ACC_01497,800073d4fac47b6f,Payment Bank,P_04017,BANK_SRC_74,True
ACC_01498,53da4b3c722f2058,NBFC,P_01483,BANK_SRC_70,True
ACC_01499,9b96c7e8bbbce180,Cooperative Bank,P_01548,BANK_SRC_87,True
ACC_01500,41ef5dda88fed5e2,Cooperative Bank,P_04946,BANK_SRC_67,True
ACC_01501,99238ad702861fbe,Commercial Bank,P_00917,BANK_SRC_28,True
ACC_01502,90c300926ef60488,Cooperative Bank,P_03618,BANK_SRC_82,True
ACC_01503,d574301e79955b8b,Commercial Bank,P_02971,BANK_SRC_46,True
ACC_01504,6629e6b51582e6ab,NBFC,P_01481,BANK_SRC_96,True
ACC_01505,62c91b420816fb5e,Commercial Bank,P_01532,BANK_SRC_60,True
ACC_01506,5b81c0da79d631ad,Commercial Bank,P_02665,BANK_SRC_10,True
ACC_01507,0e2a12bf6d19c119,Cooperative Bank,P_02310,BANK_SRC_60,True
ACC_01508,9795ba3b35913c46,NBFC,P_02106,BANK_SRC_44,True
ACC_01509,00e0671094870326,Cooperative Bank,P_02425,BANK_SRC_82,True
ACC_01510,487e1ea808b37148,Payment Bank,P_03428,BANK_SRC_28,True
ACC_01511,76934035a447a8bd,Commercial Bank,P_01281,BANK_SRC_69,True
ACC_01512,7b9a6520eb6795a4,Cooperative Bank,P_01231,BANK_SRC_50,True
ACC_01513,e9f121f11c6ad98a,Commercial Bank,P_01288,BANK_SRC_90,True
ACC_01514,01aebd82ab99cf56,Payment Bank,P_04252,BANK_SRC_95,True
ACC_01515,7854843f7ca9884a,Cooperative Bank,P_03952,BANK_SRC_34,True
ACC_01516,5d895d6cf6c55403,Cooperative Bank,P_04024,BANK_SRC_15,True
ACC_01517,0fe8441227a54187,Commercial Bank,P_00117,BANK_SRC_17,True
ACC_01518,21917a320db108d9,Cooperative Bank,P_03466,BANK_SRC_53,True
ACC_01519,23f395a426d39aec,NBFC,P_04311,BANK_SRC_67,True
ACC_01520,e740323a54530c54,Payment Bank,P_02710,BANK_SRC_80,True
ACC_01521,9d469f73129467e8,Cooperative Bank,P_03385,BANK_SRC_80,True
ACC_01522,368ca1ca2008eaa4,Commercial Bank,P_02532,BANK_SRC_40,True
ACC_01523,5406b8d7632f78aa,Cooperative Bank,P_02418,BANK_SRC_38,True
ACC_01524,c081c355fc8d731d,NBFC,P_01506,BANK_SRC_55,True
ACC_01525,68239e747e86c6e7,Commercial Bank,P_03385,BANK_SRC_52,True
ACC_01526,1a7039f6b005e416,Cooperative Bank,P_02479,BANK_SRC_52,True
ACC_01527,d3cfccb8ca95f9b8,NBFC,P_00992,BANK_SRC_36,True
ACC_01528,07465668b3271c61,Payment Bank,P_02569,BANK_SRC_23,True
ACC_01529,d9286b3fd23388f6,NBFC,P_04190,BANK_SRC_55,True
ACC_01530,625db8f3cf6bac50,Payment Bank,P_04640,BANK_SRC_62,True
ACC_01531,88be5e0afb8552eb,Cooperative Bank,P_00104,BANK_SRC_38,True
ACC_01532,da3274c7911dbf06,Cooperative Bank,P_03668,BANK_SRC_33,True
ACC_01533,cfe8c210dc162e91,Payment Bank,P_04665,BANK_SRC_76,True
ACC_01534,fbe5cd8a6efa3c21,Commercial Bank,P_02148,BANK_SRC_11,True
ACC_01535,27b4fc7e7f8a3cf7,Cooperative Bank,P_04620,BANK_SRC_51,True
ACC_01536,de7bff425f46fa3d,Payment Bank,P_00759,BANK_SRC_55,True
ACC_01537,a0944af356c0e55c,Payment Bank,P_03932,BANK_SRC_35,True
ACC_01538,633d96129845bfd8,Cooperative Bank,P_03713,BANK_SRC_72,True
ACC_01539,5125dc1f5ce60fb8,Payment Bank,P_03249,BANK_SRC_18,True
ACC_01540,bedff4f7d4bf47f8,Cooperative Bank,P_02381,BANK_SRC_17,True
ACC_01541,55aa70d9ffd7993d,Commercial Bank,P_01515,BANK_SRC_38,True
ACC_01542,4df64043dd2f42af,Cooperative Bank,P_03987,BANK_SRC_25,True
ACC_01543,e96a3fe4aea0e48c,Cooperative Bank,P_00133,BANK_SRC_49,True
ACC_01544,c7454eca0d280b6f,Cooperative Bank,P_01559,BANK_SRC_87,True
ACC_01545,674ce90e5f994602,Payment Bank,P_03026,BANK_SRC_82,True
ACC_01546,17f705613afdd595,Payment Bank,P_03229,BANK_SRC_13,True
ACC_01547,44e444b5f19d71da,Payment Bank,P_03776,BANK_SRC_35,True
ACC_01548,838b625f8d1ef7fb,Cooperative Bank,P_04944,BANK_SRC_94,True
ACC_01549,ce84a4c3504b381e,NBFC,P_02457,BANK_SRC_68,True
ACC_01550,bd2cb2c542ef379a,Cooperative Bank,P_00197,BANK_SRC_49,True
ACC_01551,b8b829351a40dc1d,NBFC,P_02034,BANK_SRC_58,True
ACC_01552,ac4925fab5d6cd10,NBFC,P_04978,BANK_SRC_97,True
ACC_01553,3c7e06f695dc939f,Payment Bank,P_00040,BANK_SRC_36,True
ACC_01554,e04ac9f3b04672e1,Cooperative Bank,P_04340,BANK_SRC_97,True
ACC_01555,0bd9dd82a5de718e,Payment Bank,P_02917,BANK_SRC_52,True
ACC_01556,547f55ca645e48fd,NBFC,P_04746,BANK_SRC_31,True
ACC_01557,35e6f8c10f2f5ae6,NBFC,P_04677,BANK_SRC_82,True
ACC_01558,6390e249e4f98a20,NBFC,P_01199,BANK_SRC_30,True
ACC_01559,5573fedd2635e4e7,Payment Bank,P_03997,BANK_SRC_62,True
ACC_01560,8ca806495e597bcc,Commercial Bank,P_04023,BANK_SRC_97,True
ACC_01561,6dd654f50065f330,Cooperative Bank,P_02264,BANK_SRC_96,True
ACC_01562,b5ea2895fac36f46,Payment Bank,P_01974,BANK_SRC_65,True
ACC_01563,8849ad7e6c806cb2,Commercial Bank,P_03410,BANK_SRC_55,True
ACC_01564,19db5812fd5f5c04,NBFC,P_00821,BANK_SRC_21,True
ACC_01565,d2849e5dfb780dbf,Cooperative Bank,P_04076,BANK_SRC_74,True
ACC_01566,f33af0ac880dcde0,Cooperative Bank,P_04093,BANK_SRC_44,True
ACC_01567,b47455111d9c8fcc,Commercial Bank,P_02101,BANK_SRC_41,True
ACC_01568,1b5d9a3040be6e51,NBFC,P_02951,BANK_SRC_89,True
ACC_01569,cff92e5134831f96,Payment Bank,P_02655,BANK_SRC_44,True
ACC_01570,57a58d1e7ddac5f8,Cooperative Bank,P_00386,BANK_SRC_99,True
ACC_01571,7575bdb05969b155,Cooperative Bank,P_01928,BANK_SRC_79,True
ACC_01572,a7c6409924ad6476,Cooperative Bank,P_00227,BANK_SRC_44,True
ACC_01573,7075cf81ed7c496b,Commercial Bank,P_03842,BANK_SRC_27,True
ACC_01574,705d0b710ddc4572,Cooperative Bank,P_01667,BANK_SRC_90,True
ACC_01575,d935ac9370673e83,Cooperative Bank,P_04997,BANK_SRC_30,True
ACC_01576,2e358a579fdd5150,Cooperative Bank,P_00228,BANK_SRC_22,True
ACC_01577,65e6ba9d73c815fb,Cooperative Bank,P_04202,BANK_SRC_13,True
ACC_01578,21a3966bf0eb36e9,Cooperative Bank,P_00049,BANK_SRC_84,True
ACC_01579,af393bef1b326671,Cooperative Bank,P_00815,BANK_SRC_19,True
ACC_01580,8549f70a3e448c75,Cooperative Bank,P_01597,BANK_SRC_96,True
ACC_01581,d78f97f137b53223,Cooperative Bank,P_00546,BANK_SRC_20,True
ACC_01582,bc63ec75d9f0e4b8,Cooperative Bank,P_01376,BANK_SRC_41,True
ACC_01583,d5787713f455a30b,NBFC,P_01002,BANK_SRC_71,True
ACC_01584,bb2965f230fab18f,Payment Bank,P_01535,BANK_SRC_87,True
ACC_01585,cc935e60f363e768,Commercial Bank,P_00149,BANK_SRC_94,True
ACC_01586,f2f1cc9cf82fc69e,Payment Bank,P_03740,BANK_SRC_61,True
ACC_01587,a9f6cf6367451a9a,Commercial Bank,P_04713,BANK_SRC_98,True
ACC_01588,29e41e829600318a,Commercial Bank,P_00862,BANK_SRC_69,True
ACC_01589,9e5bcfc8d1b6317a,Cooperative Bank,P_03082,BANK_SRC_32,True
ACC_01590,be70e378b4c9e36c,Cooperative Bank,P_02457,BANK_SRC_42,True
ACC_01591,8ee0fa208ef83c18,Commercial Bank,P_01792,BANK_SRC_57,True
ACC_01592,db71e1d3dbbe267c,NBFC,P_00596,BANK_SRC_48,True
ACC_01593,5adc734416ace93f,Commercial Bank,P_03567,BANK_SRC_69,True
ACC_01594,6378f409c6a0433a,NBFC,P_00480,BANK_SRC_11,True
ACC_01595,98970d1691c7c08d,Cooperative Bank,P_01093,BANK_SRC_14,True
ACC_01596,764a66280db6f22b,Cooperative Bank,P_02133,BANK_SRC_94,True
ACC_01597,734f86b3d9aa4976,Cooperative Bank,P_04354,BANK_SRC_46,True
ACC_01598,bfa60d7fd6e658a1,Cooperative Bank,P_04653,BANK_SRC_36,True
ACC_01599,33a44ab89c812a15,Commercial Bank,P_01375,BANK_SRC_13,True
ACC_01600,c541ec8e9ef31ee6,Cooperative Bank,P_03070,BANK_SRC_32,True
ACC_01601,eed8b3e667064adf,Cooperative Bank,P_02222,BANK_SRC_27,True
ACC_01602,ed1db210cf9c88fa,Cooperative Bank,P_02870,BANK_SRC_56,True
ACC_01603,fbb7d766da9444d8,Cooperative Bank,P_01209,BANK_SRC_24,True
ACC_01604,9234f09bdafa4d34,Payment Bank,P_00809,BANK_SRC_47,True
ACC_01605,843aba21bb09b7df,NBFC,P_01357,BANK_SRC_73,True
ACC_01606,7fba9643b2e06de9,NBFC,P_00218,BANK_SRC_67,True
ACC_01607,51ef13da162897b9,NBFC,P_04238,BANK_SRC_69,True
ACC_01608,3d095e5521679929,Cooperative Bank,P_04496,BANK_SRC_50,True
ACC_01609,28b7654cc810f57b,NBFC,P_00786,BANK_SRC_42,True
ACC_01610,ecc5165d7114164b,Cooperative Bank,P_01387,BANK_SRC_12,True
ACC_01611,5f0e168e83eebee9,Payment Bank,P_01398,BANK_SRC_20,True
ACC_01612,01648ef1f30b0b89,Commercial Bank,P_03960,BANK_SRC_46,True
ACC_01613,eb8d01a0e464e70a,Payment Bank,P_00098,BANK_SRC_19,True
ACC_01614,ac0c9d82c6e23666,Commercial Bank,P_00497,BANK_SRC_67,True
ACC_01615,c3936ae949cfc89b,Commercial Bank,P_02641,BANK_SRC_77,True
ACC_01616,491bf56bc1b96b16,Cooperative Bank,P_02174,BANK_SRC_80,True
ACC_01617,8a33a2164f14d6b8,Commercial Bank,P_02434,BANK_SRC_39,True
ACC_01618,001c7ec3b8628ea7,NBFC,P_04164,BANK_SRC_67,True
ACC_01619,a574b94ff375b21a,Commercial Bank,P_04997,BANK_SRC_81,True
ACC_01620,b30a55bbe80fe72a,NBFC,P_01862,BANK_SRC_60,True
ACC_01621,22e63f3455a18001,Commercial Bank,P_02282,BANK_SRC_53,True
ACC_01622,f1ef75ab3a385371,Payment Bank,P_04274,BANK_SRC_10,True
ACC_01623,96a4ad0792545029,Cooperative Bank,P_00690,BANK_SRC_68,True
ACC_01624,b27444cfd53b8d0e,Cooperative Bank,P_04874,BANK_SRC_27,True
ACC_01625,c914b9b41f07eb9e,Commercial Bank,P_04090,BANK_SRC_25,True
ACC_01626,73b404b4e5a6647f,Cooperative Bank,P_04079,BANK_SRC_11,True
ACC_01627,1308e5354569dc22,Cooperative Bank,P_02958,BANK_SRC_18,True
ACC_01628,74a0ddf8d5566cf8,NBFC,P_01584,BANK_SRC_35,True
ACC_01629,2e2fce3a70121d28,Commercial Bank,P_03141,BANK_SRC_89,True
ACC_01630,26c7857d218f511e,Commercial Bank,P_04887,BANK_SRC_32,True
ACC_01631,96083b3e432673ad,Payment Bank,P_02029,BANK_SRC_18,True
ACC_01632,e60668336ad68fa3,Payment Bank,P_00542,BANK_SRC_70,True
ACC_01633,2249af4d4b9778c8,NBFC,P_00637,BANK_SRC_16,True
ACC_01634,2db9972a0b3e3f05,Payment Bank,P_03219,BANK_SRC_66,True
ACC_01635,7e31da3da7be5109,NBFC,P_04643,BANK_SRC_34,True
ACC_01636,103d855178c5cca1,Commercial Bank,P_00734,BANK_SRC_67,True
ACC_01637,691d770b04251e3e,Payment Bank,P_04950,BANK_SRC_79,True
ACC_01638,1090cf4f8416405d,Commercial Bank,P_00658,BANK_SRC_83,True
ACC_01639,4d00e0738dd1d6e5,Commercial Bank,P_00512,BANK_SRC_45,True
ACC_01640,6d29cf8fc2301a12,NBFC,P_02747,BANK_SRC_98,True
ACC_01641,a18b2e54b0acb46d,NBFC,P_03295,BANK_SRC_19,True
ACC_01642,f9b6e4a9554101ec,Cooperative Bank,P_04788,BANK_SRC_44,True
ACC_01643,d7aadfde122b52d4,NBFC,P_04625,BANK_SRC_14,True
ACC_01644,b929d8d603724979,NBFC,P_04656,BANK_SRC_49,True
ACC_01645,04bd4d6115434c8a,NBFC,P_02713,BANK_SRC_15,True
ACC_01646,c5ed7221b50f54af,Cooperative Bank,P_01057,BANK_SRC_81,True
ACC_01647,0c0a07d457634e0d,Cooperative Bank,P_00035,BANK_SRC_49,True
ACC_01648,365c5cc77c188669,NBFC,P_03704,BANK_SRC_94,True
ACC_01649,de808a16aa067e1d,Payment Bank,P_01114,BANK_SRC_91,True
ACC_01650,3fcd7fed1720afc8,Payment Bank,P_04818,BANK_SRC_77,True
ACC_01651,65380b97b9224aee,Cooperative Bank,P_04621,BANK_SRC_56,True
ACC_01652,312577ec1e715a59,NBFC,P_04209,BANK_SRC_31,True
ACC_01653,96fd59afbfc7b5e6,Payment Bank,P_04979,BANK_SRC_99,True
ACC_01654,244ebd05eaf3e60b,Cooperative Bank,P_03872,BANK_SRC_99,True
ACC_01655,882dd0058427806f,Cooperative Bank,P_02137,BANK_SRC_83,True
ACC_01656,4f129880e5c7916a,Payment Bank,P_04217,BANK_SRC_59,True
ACC_01657,95d223835304940a,Payment Bank,P_02393,BANK_SRC_27,True
ACC_01658,9c173b961c34c13e,Cooperative Bank,P_03727,BANK_SRC_50,True
ACC_01659,820908f6f1b907d5,Cooperative Bank,P_03219,BANK_SRC_87,True
ACC_01660,9a446be9db52e188,NBFC,P_00635,BANK_SRC_61,True
ACC_01661,e20a4694ba69be21,Cooperative Bank,P_01361,BANK_SRC_52,True
ACC_01662,5541e23a7990feb3,Payment Bank,P_01850,BANK_SRC_10,True
ACC_01663,4ee45df89919bad3,Commercial Bank,P_03199,BANK_SRC_23,True
ACC_01664,eb9f7ded5d798036,Cooperative Bank,P_03368,BANK_SRC_44,True
ACC_01665,065365bea6a3ac6f,Cooperative Bank,P_00485,BANK_SRC_21,True
ACC_01666,e15e0010e80842a0,Payment Bank,P_03068,BANK_SRC_32,True
ACC_01667,b8e6bfbf07f260e1,Cooperative Bank,P_03405,BANK_SRC_77,True
ACC_01668,cd79783155614cfb,Cooperative Bank,P_04560,BANK_SRC_34,True
ACC_01669,e45e31ad289e9e88,Payment Bank,P_02986,BANK_SRC_45,True
ACC_01670,a016273e09b698ee,Commercial Bank,P_02230,BANK_SRC_93,True
ACC_01671,1850195bedc3a6e2,Payment Bank,P_02511,BANK_SRC_28,True
ACC_01672,df198cf1addd643f,NBFC,P_00689,BANK_SRC_53,True
ACC_01673,b38cc87476bae62a,Payment Bank,P_02221,BANK_SRC_47,True
ACC_01674,b95b9dc3ffedce9c,Payment Bank,P_04651,BANK_SRC_31,True
ACC_01675,a6794ee6e6ad25e9,Payment Bank,P_00664,BANK_SRC_32,True
ACC_01676,de18a981b1468c68,Commercial Bank,P_02008,BANK_SRC_56,True
ACC_01677,821b968b64b49e0c,Commercial Bank,P_00612,BANK_SRC_25,True
ACC_01678,13ad51f138ba3551,Cooperative Bank,P_03342,BANK_SRC_42,True
ACC_01679,62724b9bab709d00,NBFC,P_03174,BANK_SRC_32,True
ACC_01680,2bfe0c18ea7b7c1f,Cooperative Bank,P_02123,BANK_SRC_93,True
ACC_01681,b43cb5d635f8f18f,Payment Bank,P_04424,BANK_SRC_92,True
ACC_01682,8795d7ea4842e2f6,Payment Bank,P_04669,BANK_SRC_40,True
ACC_01683,3c62f59a2695bcf0,Payment Bank,P_00018,BANK_SRC_25,True
ACC_01684,d3f7c8f0480ac9d9,Commercial Bank,P_02187,BANK_SRC_77,True
ACC_01685,f93339e27b3e598a,NBFC,P_01805,BANK_SRC_82,True
ACC_01686,5ff63db09122f302,Commercial Bank,P_01454,BANK_SRC_53,True
ACC_01687,3baeee04615f0cde,Payment Bank,P_03814,BANK_SRC_51,True
ACC_01688,d6bd0e7095f58a88,Commercial Bank,P_01611,BANK_SRC_74,True
ACC_01689,8c85ee276636fbe8,NBFC,P_00752,BANK_SRC_48,True
ACC_01690,d2234040ccc0c403,NBFC,P_01955,BANK_SRC_31,True
ACC_01691,b20983c501e9b744,Commercial Bank,P_02528,BANK_SRC_44,True
ACC_01692,5150010c2fbf5a2e,NBFC,P_03406,BANK_SRC_85,True
ACC_01693,87d60652aa3f4ff1,NBFC,P_03189,BANK_SRC_41,True
ACC_01694,f974b99db9a98296,Commercial Bank,P_03653,BANK_SRC_28,True
ACC_01695,37a32e2b99b05d40,Commercial Bank,P_00524,BANK_SRC_59,True
ACC_01696,4ebb713a78019d85,Commercial Bank,P_02771,BANK_SRC_44,True
ACC_01697,2c5d0ecc4a723a51,Commercial Bank,P_03587,BANK_SRC_23,True
ACC_01698,034262112895d042,Payment Bank,P_00881,BANK_SRC_10,True
ACC_01699,4ecdf4534be18336,NBFC,P_01137,BANK_SRC_15,True
ACC_01700,6ac2fa177cdcaf99,Commercial Bank,P_00014,BANK_SRC_33,True
ACC_01701,858a373289a88024,NBFC,P_03938,BANK_SRC_75,True
ACC_01702,480edecd9b265e04,Commercial Bank,P_01859,BANK_SRC_32,True
ACC_01703,45d0f426f6075bd1,Commercial Bank,P_00493,BANK_SRC_43,True
ACC_01704,fd0cb5638b3cadbf,Payment Bank,P_04086,BANK_SRC_14,True
ACC_01705,318f58f83212adf0,NBFC,P_03786,BANK_SRC_89,True
ACC_01706,343645dcbaee8722,NBFC,P_04953,BANK_SRC_74,True
ACC_01707,d8500f7b36dc880b,Commercial Bank,P_02189,BANK_SRC_92,True
ACC_01708,e5ffab4bd0c5e03e,Payment Bank,P_00553,BANK_SRC_44,True
ACC_01709,7edd26aea1efa9e6,Commercial Bank,P_01118,BANK_SRC_92,True
ACC_01710,8c1089a39ef7692b,Cooperative Bank,P_03897,BANK_SRC_78,True
ACC_01711,6ea902f79e263b30,Payment Bank,P_03467,BANK_SRC_31,True
ACC_01712,48b97a036fcd27f9,Payment Bank,P_04347,BANK_SRC_68,True
ACC_01713,6ddc6bc1ce3cd2d6,NBFC,P_02652,BANK_SRC_37,True
ACC_01714,feab5aac154182ac,Cooperative Bank,P_04109,BANK_SRC_85,True
ACC_01715,a4b22ed89db342ae,Payment Bank,P_01882,BANK_SRC_73,True
ACC_01716,cdd6817e58e52977,Cooperative Bank,P_03915,BANK_SRC_59,True
ACC_01717,d1f3599ee53e54be,NBFC,P_03634,BANK_SRC_49,True
ACC_01718,bcfd25c04ebd97cf,Cooperative Bank,P_00817,BANK_SRC_87,True
ACC_01719,ebd30a4e4555e5c8,Payment Bank,P_02282,BANK_SRC_10,True
ACC_01720,332bffec1db94889,Commercial Bank,P_02348,BANK_SRC_40,True
ACC_01721,9161c3880628cdbb,Payment Bank,P_02794,BANK_SRC_80,True
ACC_01722,708098c20dc379e0,NBFC,P_03358,BANK_SRC_64,True
ACC_01723,2a4974801e5eac2e,NBFC,P_00124,BANK_SRC_37,True
ACC_01724,2193933eb4f0b3ea,Commercial Bank,P_02927,BANK_SRC_72,True
ACC_01725,6ff243fee4e36ec9,Cooperative Bank,P_02676,BANK_SRC_21,True
ACC_01726,ca5461a54850e147,Payment Bank,P_00467,BANK_SRC_26,True
ACC_01727,d2b47b7777bba9cc,Payment Bank,P_03191,BANK_SRC_93,True
ACC_01728,347089f8b1be952c,Commercial Bank,P_02389,BANK_SRC_26,True
ACC_01729,6aba5e3fc2472fde,Payment Bank,P_02321,BANK_SRC_17,True
ACC_01730,cd31502055432c76,Cooperative Bank,P_04207,BANK_SRC_51,True
ACC_01731,cc9df1233094f524,Payment Bank,P_03321,BANK_SRC_30,True
ACC_01732,13350ccaa7daa370,NBFC,P_02313,BANK_SRC_68,True
ACC_01733,dca383cae6627615,NBFC,P_04840,BANK_SRC_63,True
ACC_01734,e2f557ec2450bc31,Cooperative Bank,P_02970,BANK_SRC_72,True
ACC_01735,c5e2a2746b72c982,Cooperative Bank,P_02113,BANK_SRC_52,True
ACC_01736,0606d08514e46ce2,Payment Bank,P_00623,BANK_SRC_80,True
ACC_01737,89d974282547294d,Commercial Bank,P_02428,BANK_SRC_20,True
ACC_01738,f16b8523499c719f,Cooperative Bank,P_04125,BANK_SRC_30,True
ACC_01739,1cb12079d737956f,Payment Bank,P_03935,BANK_SRC_82,True
ACC_01740,8186293082fdf278,NBFC,P_03508,BANK_SRC_73,True
ACC_01741,6aeb45de09f122d0,Commercial Bank,P_02136,BANK_SRC_28,True
ACC_01742,77cef853b000221b,Payment Bank,P_00494,BANK_SRC_44,True
ACC_01743,df62d3117bbe412b,Commercial Bank,P_00312,BANK_SRC_81,True
ACC_01744,cf0487580318f2a8,Payment Bank,P_02197,BANK_SRC_83,True
ACC_01745,00b6207014748fbf,Payment Bank,P_00673,BANK_SRC_28,True
ACC_01746,78ee58c341a11ec0,Payment Bank,P_03399,BANK_SRC_38,True
ACC_01747,b900fe18b80ce3b0,Cooperative Bank,P_04048,BANK_SRC_96,True
ACC_01748,cff40db20ac89445,NBFC,P_04983,BANK_SRC_41,True
ACC_01749,6935841d7bab74dc,Payment Bank,P_02734,BANK_SRC_63,True
ACC_01750,ceea4e3c08b8036c,NBFC,P_00577,BANK_SRC_31,True
ACC_01751,900bc8b56b5c5719,Payment Bank,P_00179,BANK_SRC_28,True
ACC_01752,1c57effde31e50f5,Payment Bank,P_00184,BANK_SRC_62,True
ACC_01753,83d6eb27e5d2dd87,NBFC,P_00625,BANK_SRC_77,True
ACC_01754,6f8763d2420e4042,Cooperative Bank,P_04160,BANK_SRC_76,True
ACC_01755,09e55971f5a14183,Payment Bank,P_01471,BANK_SRC_87,True
ACC_01756,9a6e84212d6d6a3b,Commercial Bank,P_01545,BANK_SRC_46,True
ACC_01757,330014e92559bcdf,NBFC,P_00839,BANK_SRC_20,True
ACC_01758,9fc743d1efb01da3,Cooperative Bank,P_03151,BANK_SRC_17,True
ACC_01759,5d5b9d76cad7f019,Payment Bank,P_04230,BANK_SRC_46,True
ACC_01760,6e182716f43279f3,Payment Bank,P_00712,BANK_SRC_41,True
ACC_01761,726bf13d047e869b,Commercial Bank,P_03438,BANK_SRC_95,True
ACC_01762,787c89a72d06001b,Cooperative Bank,P_01481,BANK_SRC_21,True
ACC_01763,f6c5d0dd5d82070b,Commercial Bank,P_01823,BANK_SRC_30,True
ACC_01764,99d30a31b26e3326,Cooperative Bank,P_00548,BANK_SRC_63,True
ACC_01765,8576e5fffa4ad336,NBFC,P_03978,BANK_SRC_69,True
ACC_01766,ead269ec18f1361e,NBFC,P_03727,BANK_SRC_58,True
ACC_01767,dd9e23e74e312043,Payment Bank,P_02549,BANK_SRC_52,True
ACC_01768,6f96a48f8b181459,Commercial Bank,P_00477,BANK_SRC_88,True
ACC_01769,0dcc158bb66c539b,Cooperative Bank,P_02711,BANK_SRC_55,True
ACC_01770,0d867cfc2bead5b9,NBFC,P_00910,BANK_SRC_89,True
ACC_01771,5a1b40857ba72dc7,Payment Bank,P_01674,BANK_SRC_36,True
ACC_01772,ccc19e3ab571986b,Cooperative Bank,P_01926,BANK_SRC_34,True
ACC_01773,92bd07eb2ee691e1,Commercial Bank,P_02092,BANK_SRC_36,True
ACC_01774,a88359622d173e0a,Payment Bank,P_02992,BANK_SRC_93,True
ACC_01775,0163b7714333e057,Commercial Bank,P_04357,BANK_SRC_69,True
ACC_01776,f695fcc19703053d,Payment Bank,P_00188,BANK_SRC_12,True
ACC_01777,f29798e88dcda0be,Commercial Bank,P_03541,BANK_SRC_59,True
ACC_01778,ed7fd1f2e5339eda,Commercial Bank,P_03605,BANK_SRC_48,True
ACC_01779,c84c7f04ec1c4682,NBFC,P_02505,BANK_SRC_65,True
ACC_01780,9cb976f2485d1a01,Payment Bank,P_01288,BANK_SRC_81,True
ACC_01781,736a02e59966e5a6,NBFC,P_02053,BANK_SRC_41,True
ACC_01782,1a1c8780ad278f4d,Payment Bank,P_00447,BANK_SRC_16,True
ACC_01783,42f91ef328118ec3,NBFC,P_03579,BANK_SRC_31,True
ACC_01784,cc7d75905d10a97e,Cooperative Bank,P_02826,BANK_SRC_56,True
ACC_01785,3446a76a3b03169e,NBFC,P_04252,BANK_SRC_69,True
ACC_01786,a7c78c04ea3b7841,Cooperative Bank,P_00915,BANK_SRC_78,True
ACC_01787,bc3217c9792def99,Commercial Bank,P_02215,BANK_SRC_85,True
ACC_01788,b715f45359004276,Commercial Bank,P_04829,BANK_SRC_59,True
ACC_01789,b692a9655ba7c80a,Commercial Bank,P_02735,BANK_SRC_99,True
ACC_01790,a3a5f61bf95435c3,NBFC,P_04784,BANK_SRC_94,True
ACC_01791,7e4a53b598750b6f,NBFC,P_02450,BANK_SRC_42,True
ACC_01792,ac77873eebfcfa1f,Commercial Bank,P_02634,BANK_SRC_13,True
ACC_01793,5a9fa9af4af65364,Payment Bank,P_02161,BANK_SRC_29,True
ACC_01794,497c1b431fe0e2bf,Payment Bank,P_04408,BANK_SRC_52,True
ACC_01795,272fd27608eb7b85,NBFC,P_02143,BANK_SRC_72,True
ACC_01796,78c307820354f4ba,Commercial Bank,P_04908,BANK_SRC_25,True
ACC_01797,8710b61f451d61e5,Commercial Bank,P_02016,BANK_SRC_88,True
ACC_01798,db15402996a5954e,Cooperative Bank,P_01872,BANK_SRC_92,True
ACC_01799,cccf18565d9baa2b,Cooperative Bank,P_02816,BANK_SRC_74,True
ACC_01800,96fb155287a6cfb9,Commercial Bank,P_00229,BANK_SRC_69,True
ACC_01801,26584270437bd9f6,Cooperative Bank,P_03962,BANK_SRC_44,True
ACC_01802,abf56d2131445e3b,NBFC,P_03469,BANK_SRC_22,True
ACC_01803,458fe209c87e50a1,Commercial Bank,P_01816,BANK_SRC_72,True
ACC_01804,7d7b37cec43b96f8,Commercial Bank,P_04813,BANK_SRC_59,True
ACC_01805,69ff6466143b1d28,Payment Bank,P_02246,BANK_SRC_32,True
ACC_01806,8b8ff217fa7b8c11,Cooperative Bank,P_03997,BANK_SRC_74,True
ACC_01807,74a1fbe46e836861,NBFC,P_01649,BANK_SRC_72,True
ACC_01808,0c1e0ed10fb6e214,NBFC,P_04210,BANK_SRC_76,True
ACC_01809,1610ac5dc4d25511,Payment Bank,P_04259,BANK_SRC_69,True
ACC_01810,7148b1ae9b54493c,Payment Bank,P_00900,BANK_SRC_63,True
ACC_01811,679b70c399e83041,Payment Bank,P_03412,BANK_SRC_15,True
ACC_01812,63cfc22282ea63ef,Cooperative Bank,P_04634,BANK_SRC_59,True
ACC_01813,697b3bd15b406117,Commercial Bank,P_02104,BANK_SRC_53,True
ACC_01814,3e6814f4f3ee5153,Payment Bank,P_04659,BANK_SRC_25,True
ACC_01815,a108acd5a519901d,Cooperative Bank,P_03386,BANK_SRC_36,True
ACC_01816,af120adde72b32d2,Cooperative Bank,P_04809,BANK_SRC_33,True
ACC_01817,f968a63b201eb403,Cooperative Bank,P_01079,BANK_SRC_57,True
ACC_01818,ebe97fdc1456a8c8,Commercial Bank,P_03236,BANK_SRC_85,True
ACC_01819,aff6da474165424e,NBFC,P_01054,BANK_SRC_82,True
ACC_01820,773c518db30bb5a1,NBFC,P_03695,BANK_SRC_84,True
ACC_01821,5aefa502f7325493,NBFC,P_03983,BANK_SRC_83,True
ACC_01822,112e5b392bc31a85,NBFC,P_04254,BANK_SRC_35,True
ACC_01823,d7af3c8af6602fd1,Cooperative Bank,P_00699,BANK_SRC_17,True
ACC_01824,a80536f4a223e126,Commercial Bank,P_02847,BANK_SRC_43,True
ACC_01825,8af64f69e0de3799,Cooperative Bank,P_01679,BANK_SRC_33,True
ACC_01826,853ed0e176e85c8a,Commercial Bank,P_02848,BANK_SRC_64,True
ACC_01827,09c7c70492f855ac,Commercial Bank,P_02100,BANK_SRC_25,True
ACC_01828,018e6664e8ca068c,NBFC,P_01099,BANK_SRC_85,True
ACC_01829,d4cf97aca9c691d0,NBFC,P_00082,BANK_SRC_36,True
ACC_01830,4082573a7ccef90b,Commercial Bank,P_00885,BANK_SRC_83,True
ACC_01831,48d4ef7b4e67aad4,Cooperative Bank,P_04212,BANK_SRC_69,True
ACC_01832,c5a29ba637c0b687,Payment Bank,P_00140,BANK_SRC_95,True
ACC_01833,225c4e4d339f8d96,NBFC,P_02834,BANK_SRC_29,True
ACC_01834,0745df859116abf2,NBFC,P_01424,BANK_SRC_34,True
ACC_01835,2a3c34cabb83c64c,Cooperative Bank,P_02854,BANK_SRC_92,True
ACC_01836,1ca92d7a5c8b84b7,Payment Bank,P_02891,BANK_SRC_60,True
ACC_01837,b85ee844ae64a443,Payment Bank,P_02419,BANK_SRC_18,True
ACC_01838,f037b954a5ff97c6,Commercial Bank,P_00016,BANK_SRC_14,True
ACC_01839,3e82c0bffae60a32,Cooperative Bank,P_01779,BANK_SRC_12,True
ACC_01840,b1254525d5448992,Payment Bank,P_01786,BANK_SRC_77,True
ACC_01841,130873ee6a76b54a,Payment Bank,P_01427,BANK_SRC_98,True
ACC_01842,a8d46215691e4203,Cooperative Bank,P_03121,BANK_SRC_97,True
ACC_01843,95f5cf2391388386,NBFC,P_01879,BANK_SRC_20,True
ACC_01844,e0aea66a873d65d5,Cooperative Bank,P_00950,BANK_SRC_11,True
ACC_01845,e7c9c7ae3940384f,NBFC,P_01990,BANK_SRC_96,True
ACC_01846,13a5e891faf87443,NBFC,P_04774,BANK_SRC_27,True
ACC_01847,8990e165ec373de3,Cooperative Bank,P_00550,BANK_SRC_93,True
ACC_01848,0c939342e1ca06cd,Commercial Bank,P_00525,BANK_SRC_93,True
ACC_01849,9f1e1d3879576767,NBFC,P_01341,BANK_SRC_87,True
ACC_01850,18cd66272412b02d,NBFC,P_00246,BANK_SRC_64,True
ACC_01851,58a33e53b9f0140c,NBFC,P_03154,BANK_SRC_93,True
ACC_01852,8d46f2a02e5ab764,Commercial Bank,P_02037,BANK_SRC_93,True
ACC_01853,56851fcabb1242f7,Payment Bank,P_02066,BANK_SRC_84,True
ACC_01854,fdfa6e3288240819,Commercial Bank,P_04319,BANK_SRC_34,True
ACC_01855,2d108a9c82c6f077,Commercial Bank,P_01648,BANK_SRC_32,True
ACC_01856,814cb40314d111f0,Cooperative Bank,P_04926,BANK_SRC_72,True
ACC_01857,f9b3b4601ed821fa,Cooperative Bank,P_02960,BANK_SRC_95,True
ACC_01858,09d251460ecfe5dd,Cooperative Bank,P_00882,BANK_SRC_42,True
ACC_01859,e35c5574fd875759,Payment Bank,P_02810,BANK_SRC_63,True
ACC_01860,689f0df7a5b96696,Payment Bank,P_03700,BANK_SRC_16,True
ACC_01861,1cc5c5d6b01eb187,NBFC,P_02093,BANK_SRC_74,True
ACC_01862,b855512dc6b7a989,NBFC,P_03726,BANK_SRC_18,True
ACC_01863,d3cf3b5e68627bed,Payment Bank,P_01031,BANK_SRC_29,True
ACC_01864,24fe733b19396795,Commercial Bank,P_02375,BANK_SRC_74,True
ACC_01865,87305465e13255ee,Cooperative Bank,P_02913,BANK_SRC_74,True
ACC_01866,4cf25eaed28c8a27,Commercial Bank,P_04215,BANK_SRC_19,True
ACC_01867,1c96c9243cc50012,NBFC,P_02688,BANK_SRC_66,True
ACC_01868,c548fc1ba9cc7466,Commercial Bank,P_04165,BANK_SRC_41,True
ACC_01869,ad0e50c83cd6fee1,NBFC,P_03277,BANK_SRC_55,True
ACC_01870,846af732ed59d4eb,Cooperative Bank,P_03609,BANK_SRC_27,True
ACC_01871,d9b21040b4e9a5d0,Payment Bank,P_03169,BANK_SRC_94,True
ACC_01872,0ea768ccea630f56,Cooperative Bank,P_02251,BANK_SRC_82,True
ACC_01873,ab329f7c791da22c,Payment Bank,P_02046,BANK_SRC_34,True
ACC_01874,268fb1c3d9de8307,NBFC,P_02146,BANK_SRC_62,True
ACC_01875,0bf7e92247261d10,NBFC,P_03237,BANK_SRC_53,True
ACC_01876,b23a532d2f16283a,Commercial Bank,P_02785,BANK_SRC_99,True
ACC_01877,fe146fdf2758f664,NBFC,P_03011,BANK_SRC_66,True
ACC_01878,b5f85b5f59959e5b,Cooperative Bank,P_04320,BANK_SRC_82,True
ACC_01879,9ec65c4b32a4a3cf,Cooperative Bank,P_02987,BANK_SRC_59,True
ACC_01880,39bd26885e8ab848,Payment Bank,P_00126,BANK_SRC_21,True
ACC_01881,90c22b5ed4067453,Commercial Bank,P_01264,BANK_SRC_63,True
ACC_01882,423ac77f8481f3b9,Payment Bank,P_03137,BANK_SRC_95,True
ACC_01883,ae9bbba6f6d7a945,NBFC,P_01883,BANK_SRC_78,True
ACC_01884,43effc78665deee2,Commercial Bank,P_00341,BANK_SRC_95,True
ACC_01885,4f72822af84ce1cb,Commercial Bank,P_01146,BANK_SRC_18,True
ACC_01886,ae2269a63968e9da,NBFC,P_01294,BANK_SRC_60,True
ACC_01887,f1ca86677ff92a49,Cooperative Bank,P_03906,BANK_SRC_12,True
ACC_01888,6e16e1fca002cc2c,Cooperative Bank,P_01634,BANK_SRC_47,True
ACC_01889,7f3c6719c4a54b89,NBFC,P_02098,BANK_SRC_56,True
ACC_01890,5f4fd6b3dec291c1,NBFC,P_03445,BANK_SRC_91,True
ACC_01891,02ea4f5cb1264e74,Commercial Bank,P_00825,BANK_SRC_54,True
ACC_01892,2a7aa71dafb025b0,Payment Bank,P_03323,BANK_SRC_34,True
ACC_01893,53e057d4c10eaa2a,NBFC,P_04825,BANK_SRC_14,True
ACC_01894,ad1b6e893669d1a7,NBFC,P_02603,BANK_SRC_35,True
ACC_01895,61fef3ae28cae17f,NBFC,P_04924,BANK_SRC_42,True
ACC_01896,242886fabd43ffa6,Payment Bank,P_04891,BANK_SRC_44,True
ACC_01897,746696bfb55faec2,NBFC,P_03488,BANK_SRC_40,True
ACC_01898,feebdfac0d3b082e,NBFC,P_00411,BANK_SRC_78,True
ACC_01899,6540733a1be26f01,Cooperative Bank,P_01021,BANK_SRC_22,True
ACC_01900,79b741e9a0838872,Cooperative Bank,P_01120,BANK_SRC_64,True
ACC_01901,cb7aed9a523524a1,Payment Bank,P_03438,BANK_SRC_73,True
ACC_01902,6c3dc1f486ff7e7b,Commercial Bank,P_04261,BANK_SRC_82,True
ACC_01903,cb6e51e1d15570af,Payment Bank,P_02686,BANK_SRC_11,True
ACC_01904,f122723a6b8fca29,NBFC,P_00743,BANK_SRC_25,True
ACC_01905,02144e74a14dbeac,Commercial Bank,P_02585,BANK_SRC_13,True
ACC_01906,e484b2a4c47020b4,Commercial Bank,P_00577,BANK_SRC_14,True
ACC_01907,b6fb2a6c55d7af55,Payment Bank,P_03693,BANK_SRC_42,True
ACC_01908,3ee3c7d546e61f0e,Payment Bank,P_03216,BANK_SRC_73,True
ACC_01909,003c4398fd2639ed,Commercial Bank,P_02367,BANK_SRC_80,True
ACC_01910,69191d9569f6c286,Cooperative Bank,P_04952,BANK_SRC_23,True
ACC_01911,45ddcea59487b364,NBFC,P_04706,BANK_SRC_73,True
ACC_01912,a1ea47a3a110ee60,Cooperative Bank,P_00555,BANK_SRC_23,True
ACC_01913,a5a595e76854a4e7,Payment Bank,P_01648,BANK_SRC_47,True
ACC_01914,1a90b410ce2f512b,Payment Bank,P_01031,BANK_SRC_93,True
ACC_01915,4e2ad2073e18e402,Commercial Bank,P_01435,BANK_SRC_23,True
ACC_01916,e892fb2ef1007570,Commercial Bank,P_00710,BANK_SRC_35,True
ACC_01917,1f132931a22f35b6,Commercial Bank,P_02895,BANK_SRC_83,True
ACC_01918,45cb01ff180690d4,Commercial Bank,P_02455,BANK_SRC_33,True
ACC_01919,9abfab26772e9cc7,Commercial Bank,P_02569,BANK_SRC_97,True
ACC_01920,49731d70131d2e5c,NBFC,P_01870,BANK_SRC_96,True
ACC_01921,09d871b43977205e,NBFC,P_03431,BANK_SRC_65,True
ACC_01922,49636a44c6eaa272,Payment Bank,P_00298,BANK_SRC_19,True
ACC_01923,978f78679e9f249a,Commercial Bank,P_01655,BANK_SRC_92,True
ACC_01924,56b0eb3710538204,NBFC,P_01741,BANK_SRC_80,True
ACC_01925,ca9243cf3a99c460,Payment Bank,P_01785,BANK_SRC_47,True
ACC_01926,083fa13e276ca28e,Commercial Bank,P_01593,BANK_SRC_75,True
ACC_01927,b6db6aa4c11fc5ee,Cooperative Bank,P_01611,BANK_SRC_98,True
ACC_01928,4e675b6b09dd4e33,NBFC,P_04657,BANK_SRC_11,True
ACC_01929,1179e116875a6ce8,Cooperative Bank,P_01478,BANK_SRC_10,True
ACC_01930,043c405693d2cdc9,Payment Bank,P_03866,BANK_SRC_81,True
ACC_01931,337d330ef6ed97ae,Commercial Bank,P_00655,BANK_SRC_38,True
ACC_01932,8d99e09a53b88cea,NBFC,P_01829,BANK_SRC_75,True
ACC_01933,8d07db583cfb40c4,NBFC,P_03400,BANK_SRC_67,True
ACC_01934,49132094f6858f00,NBFC,P_03326,BANK_SRC_19,True
ACC_01935,ab181a001410c129,Cooperative Bank,P_04858,BANK_SRC_14,True
ACC_01936,1d7b508c7a26976d,NBFC,P_01866,BANK_SRC_50,True
ACC_01937,bd57bf50dbcf828a,Payment Bank,P_03587,BANK_SRC_74,True
ACC_01938,1e167ddb2e76de5c,Cooperative Bank,P_01522,BANK_SRC_63,True
ACC_01939,dcbcc1ab06b20199,NBFC,P_00107,BANK_SRC_77,True
ACC_01940,6af58a173ca9e1cf,Cooperative Bank,P_03950,BANK_SRC_44,True
ACC_01941,9b87ab102e35bb51,NBFC,P_04892,BANK_SRC_51,True
ACC_01942,97c850dbcf170a39,Cooperative Bank,P_02799,BANK_SRC_61,True
ACC_01943,1c0c04aa5f7483a2,Payment Bank,P_02357,BANK_SRC_99,True
ACC_01944,d3b40a0cff63fd9e,Payment Bank,P_02978,BANK_SRC_39,True
ACC_01945,6585d792e8049ce6,NBFC,P_03708,BANK_SRC_48,True
ACC_01946,3285c9127840d56f,Cooperative Bank,P_02483,BANK_SRC_51,True
ACC_01947,0f0c4a8f8b404c24,Commercial Bank,P_01143,BANK_SRC_24,True
ACC_01948,d0eef58392f485a4,Commercial Bank,P_04361,BANK_SRC_50,True
ACC_01949,0e71412023288a5a,Payment Bank,P_03546,BANK_SRC_19,True
ACC_01950,04c46e66cc0947a3,Payment Bank,P_02620,BANK_SRC_63,True
ACC_01951,4639f59d3272f043,Payment Bank,P_04147,BANK_SRC_17,True
ACC_01952,44c349f9b99be619,Cooperative Bank,P_03390,BANK_SRC_74,True
ACC_01953,7816577539f21947,Cooperative Bank,P_01717,BANK_SRC_43,True
ACC_01954,72647755ecfd1946,NBFC,P_03555,BANK_SRC_50,True
ACC_01955,ba7d3eede6b10c1c,Commercial Bank,P_04267,BANK_SRC_41,True
ACC_01956,d986ce012d81d4e5,NBFC,P_02500,BANK_SRC_35,True
ACC_01957,b45aad66cca5662c,Cooperative Bank,P_01975,BANK_SRC_41,True
ACC_01958,0b2b2e023f73968f,Cooperative Bank,P_02011,BANK_SRC_45,True
ACC_01959,7b83b6fc851dd473,Payment Bank,P_02630,BANK_SRC_19,True
ACC_01960,38cc5ede71c4a3b4,NBFC,P_02596,BANK_SRC_77,True
ACC_01961,0e7ffa8b1ac54bcc,Commercial Bank,P_01094,BANK_SRC_91,True
ACC_01962,f1348b6a99c3fd22,Payment Bank,P_01660,BANK_SRC_96,True
ACC_01963,efc659a9ac730509,NBFC,P_01191,BANK_SRC_24,True
ACC_01964,b96b5a077a3723d4,NBFC,P_04400,BANK_SRC_42,True
ACC_01965,e3eda2b4d9493c6c,Cooperative Bank,P_03944,BANK_SRC_90,True
ACC_01966,a78376cbf5476d90,Payment Bank,P_03846,BANK_SRC_93,True
ACC_01967,1b320bbfaf8b32d7,NBFC,P_02335,BANK_SRC_98,True
ACC_01968,a0697e7bd2ef8498,Commercial Bank,P_01519,BANK_SRC_83,True
ACC_01969,7ac677d664e854db,Cooperative Bank,P_01551,BANK_SRC_32,True
ACC_01970,28565a1940905b9c,Commercial Bank,P_04686,BANK_SRC_32,True
ACC_01971,d13631b485cc590e,Commercial Bank,P_01827,BANK_SRC_60,True
ACC_01972,07b9a7f7cf2882d9,Payment Bank,P_01520,BANK_SRC_22,True
ACC_01973,2ec6e02e5e4c2f7e,Payment Bank,P_04207,BANK_SRC_57,True
ACC_01974,61d69d4c44c00272,Cooperative Bank,P_02328,BANK_SRC_50,True
ACC_01975,5233416a120ccf56,Cooperative Bank,P_04010,BANK_SRC_20,True
ACC_01976,b9e36d1eb86cf907,Commercial Bank,P_02189,BANK_SRC_39,True
ACC_01977,2d965e0416cd1a3d,Commercial Bank,P_02844,BANK_SRC_35,True
ACC_01978,536ff0b61154a8d3,NBFC,P_01299,BANK_SRC_70,True
ACC_01979,c6243de5aee43582,Payment Bank,P_01563,BANK_SRC_67,True
ACC_01980,016444b23edac32f,NBFC,P_04748,BANK_SRC_22,True
ACC_01981,0dafd3f401c84d3f,NBFC,P_03495,BANK_SRC_93,True
ACC_01982,829d5cb2335d9c74,Cooperative Bank,P_01141,BANK_SRC_56,True
ACC_01983,1342d28fb9c88e08,Cooperative Bank,P_00489,BANK_SRC_79,True
ACC_01984,3c78745177090cb6,Payment Bank,P_03341,BANK_SRC_59,True
ACC_01985,0c5a6ae86435b610,NBFC,P_02442,BANK_SRC_59,True
ACC_01986,f29b05d07880dc22,Cooperative Bank,P_00415,BANK_SRC_12,True
ACC_01987,eefdc85851390514,NBFC,P_04724,BANK_SRC_32,True
ACC_01988,a9a27e735f322573,Payment Bank,P_04362,BANK_SRC_60,True
ACC_01989,ea1da7034240eed9,NBFC,P_03825,BANK_SRC_36,True
ACC_01990,7f8e966cf64a28db,Cooperative Bank,P_00640,BANK_SRC_12,True
ACC_01991,d4dba88bb87d7953,Commercial Bank,P_04540,BANK_SRC_23,True
ACC_01992,b094883b900b0ade,Commercial Bank,P_03843,BANK_SRC_40,True
ACC_01993,fc5a13b273210a27,Commercial Bank,P_01700,BANK_SRC_75,True
ACC_01994,71afd74b6374e05f,Payment Bank,P_02375,BANK_SRC_83,True
ACC_01995,ab4e49779346778d,NBFC,P_00662,BANK_SRC_40,True
ACC_01996,81be7e34e2b23636,Cooperative Bank,P_02130,BANK_SRC_97,True
ACC_01997,63ae45e85dcc94c4,Commercial Bank,P_00284,BANK_SRC_59,True
ACC_01998,7efaf4b2469d3b37,Cooperative Bank,P_03376,BANK_SRC_28,True
ACC_01999,3e91af0b36ede313,Payment Bank,P_04390,BANK_SRC_49,True
ACC_02000,08f225116f57f7d7,Payment Bank,P_00593,BANK_SRC_68,True
ACC_02001,ff09b41e97a56034,Payment Bank,P_03100,BANK_SRC_19,True
ACC_02002,d43f32ac5f27baca,Payment Bank,P_00853,BANK_SRC_77,True
ACC_02003,c3175e0d43257af3,NBFC,P_03498,BANK_SRC_63,True
ACC_02004,9456efbf7709f640,Cooperative Bank,P_00359,BANK_SRC_59,True
ACC_02005,bff56da20778ab1f,Commercial Bank,P_00051,BANK_SRC_91,True
ACC_02006,96fe350bbe9967b0,Payment Bank,P_00852,BANK_SRC_35,True
ACC_02007,6e750509d386f759,Commercial Bank,P_04284,BANK_SRC_58,True
ACC_02008,b0c9452940c51fa6,Payment Bank,P_01099,BANK_SRC_19,True
ACC_02009,5bee442a7ca7fa87,NBFC,P_00196,BANK_SRC_79,True
ACC_02010,93e2cc480d78f78f,NBFC,P_04056,BANK_SRC_38,True
ACC_02011,f7350770bc0a7011,NBFC,P_01209,BANK_SRC_54,True
ACC_02012,9411833a0dc75418,Payment Bank,P_00459,BANK_SRC_29,True
ACC_02013,6aff181da7eea6bb,Cooperative Bank,P_01733,BANK_SRC_54,True
ACC_02014,d7f277395f3ab880,Commercial Bank,P_02228,BANK_SRC_68,True
ACC_02015,aedc081b9953807f,Commercial Bank,P_00625,BANK_SRC_97,True
ACC_02016,fe72973d7d8fa041,Payment Bank,P_03802,BANK_SRC_13,True
ACC_02017,baa7b3e4fa7258bf,Payment Bank,P_01384,BANK_SRC_91,True
ACC_02018,37ff616864361f66,NBFC,P_00250,BANK_SRC_66,True
ACC_02019,812c62c7309500ed,Payment Bank,P_00773,BANK_SRC_39,True
ACC_02020,5e3299e13a4aaf98,Commercial Bank,P_01822,BANK_SRC_73,True
ACC_02021,dd4bf899e29629c2,Payment Bank,P_00661,BANK_SRC_55,True
ACC_02022,3b08b672029e89a3,Cooperative Bank,P_02141,BANK_SRC_47,True
ACC_02023,2c92b154027f045c,Commercial Bank,P_04744,BANK_SRC_33,True
ACC_02024,14c18a0257a8a79b,Commercial Bank,P_04255,BANK_SRC_55,True
ACC_02025,ad4f7a9289812f6e,Payment Bank,P_01483,BANK_SRC_27,True
ACC_02026,1a396ccf566a756b,NBFC,P_00907,BANK_SRC_80,True
ACC_02027,dce5d033d6c136c7,NBFC,P_00030,BANK_SRC_87,True
ACC_02028,28fb58407f467454,Commercial Bank,P_03524,BANK_SRC_51,True
ACC_02029,cb2518758e75c1c3,Payment Bank,P_00468,BANK_SRC_86,True
ACC_02030,794763ef72270791,Cooperative Bank,P_00520,BANK_SRC_16,True
ACC_02031,67d68385781aa55c,Commercial Bank,P_02072,BANK_SRC_31,True
ACC_02032,5f70a86bbcf07c8d,NBFC,P_03985,BANK_SRC_29,True
ACC_02033,ed2c5c65f213b442,Payment Bank,P_01964,BANK_SRC_47,True
ACC_02034,b1fdc61e95a91059,NBFC,P_00388,BANK_SRC_55,True
ACC_02035,80d74c8c40b907d9,Payment Bank,P_02153,BANK_SRC_29,True
ACC_02036,6faffceb7192ee94,Commercial Bank,P_04606,BANK_SRC_34,True
ACC_02037,9144e430219af67e,NBFC,P_01842,BANK_SRC_91,True
ACC_02038,18a86ec79f0635fb,Payment Bank,P_02135,BANK_SRC_81,True
ACC_02039,1ef88d9bc54ec284,Cooperative Bank,P_03371,BANK_SRC_85,True
ACC_02040,fb65ba98d26b8a11,Commercial Bank,P_00384,BANK_SRC_52,True
ACC_02041,a9c31c8325ed1ca5,NBFC,P_00469,BANK_SRC_94,True
ACC_02042,155707edb45971fa,Commercial Bank,P_00867,BANK_SRC_50,True
ACC_02043,a0cecd032916f583,Cooperative Bank,P_00966,BANK_SRC_69,True
ACC_02044,d051b977dfb762e9,Commercial Bank,P_04000,BANK_SRC_88,True
ACC_02045,fe48559cc0b2ec98,Payment Bank,P_00426,BANK_SRC_42,True
ACC_02046,94ea133a0f901be7,Commercial Bank,P_03855,BANK_SRC_98,True
ACC_02047,8572ed1b2e95dca2,NBFC,P_00588,BANK_SRC_42,True
ACC_02048,dce5bbeaa6418b40,Payment Bank,P_00081,BANK_SRC_55,True
ACC_02049,9a4f0436b0011f39,Payment Bank,P_03232,BANK_SRC_77,True
ACC_02050,fb72e773b994c3ea,Cooperative Bank,P_03246,BANK_SRC_71,True
ACC_02051,4dadc47dae1bced7,NBFC,P_02455,BANK_SRC_61,True
ACC_02052,97f71220e0fdae96,NBFC,P_03089,BANK_SRC_27,True
ACC_02053,2f0f75f41abd57cd,Commercial Bank,P_01796,BANK_SRC_47,True
ACC_02054,45e0844c5f0c426e,Cooperative Bank,P_03850,BANK_SRC_10,True
ACC_02055,1916f8300aef9d15,Commercial Bank,P_04574,BANK_SRC_34,True
ACC_02056,c9186ce24e352823,Cooperative Bank,P_03575,BANK_SRC_74,True
ACC_02057,1da0c0e28c847f8d,Payment Bank,P_01261,BANK_SRC_10,True
ACC_02058,d18c4691499b4912,Cooperative Bank,P_02508,BANK_SRC_56,True
ACC_02059,b37f9f8cfcc526f9,Cooperative Bank,P_00959,BANK_SRC_60,True
ACC_02060,1933669e2e0c073c,NBFC,P_04979,BANK_SRC_57,True
ACC_02061,78f583fa66266b30,Payment Bank,P_01085,BANK_SRC_81,True
ACC_02062,53d009372e8002fc,NBFC,P_00421,BANK_SRC_35,True
ACC_02063,3398b939bae9eac9,Commercial Bank,P_03280,BANK_SRC_68,True
ACC_02064,ef9bc0da272b457c,Commercial Bank,P_02582,BANK_SRC_41,True
ACC_02065,de2253eb4ba07a75,NBFC,P_02772,BANK_SRC_44,True
ACC_02066,772c55eb259385ac,Cooperative Bank,P_01284,BANK_SRC_11,True
ACC_02067,169000785611f311,Payment Bank,P_01714,BANK_SRC_40,True
ACC_02068,6511d35b9ff13bad,NBFC,P_04911,BANK_SRC_15,True
ACC_02069,ff794a360afefdff,Payment Bank,P_04372,BANK_SRC_34,True
ACC_02070,c73b754a73fe1c48,Commercial Bank,P_01482,BANK_SRC_21,True
ACC_02071,6f70aad2e5401b0e,NBFC,P_00689,BANK_SRC_48,True
ACC_02072,78922ad16261d7e5,Payment Bank,P_03730,BANK_SRC_72,True
ACC_02073,a53737db3c4e30a4,NBFC,P_01653,BANK_SRC_14,True
ACC_02074,1f6a261bbaf424e0,Commercial Bank,P_02305,BANK_SRC_83,True
ACC_02075,63f013416fe3d7d6,Commercial Bank,P_03417,BANK_SRC_87,True
ACC_02076,78f3e359ddb4711d,Payment Bank,P_02540,BANK_SRC_83,True
ACC_02077,10b3b29626198ed5,Cooperative Bank,P_03927,BANK_SRC_88,True
ACC_02078,fe09bd0f0c9c57c2,Cooperative Bank,P_03154,BANK_SRC_97,True
ACC_02079,4650d5fa6302ef95,NBFC,P_02103,BANK_SRC_36,True
ACC_02080,41aa5482d640dec5,Commercial Bank,P_03289,BANK_SRC_76,True
ACC_02081,0adbe855c88af02b,Payment Bank,P_00166,BANK_SRC_64,True
ACC_02082,0bf5ebb1686184c2,Commercial Bank,P_02325,BANK_SRC_70,True
ACC_02083,eaa5bdedb27b3117,NBFC,P_01324,BANK_SRC_94,True
ACC_02084,aea79b615ef324ee,NBFC,P_03719,BANK_SRC_83,True
ACC_02085,41a4b21d1eec3218,Payment Bank,P_04819,BANK_SRC_74,True
ACC_02086,b5e2ce077b36f5b8,NBFC,P_03790,BANK_SRC_41,True
ACC_02087,d6ff01afea4b89b9,Commercial Bank,P_02525,BANK_SRC_14,True
ACC_02088,e8c8a417cd6a4492,NBFC,P_02209,BANK_SRC_67,True
ACC_02089,1e1454bbc0f5d615,NBFC,P_00905,BANK_SRC_51,True
ACC_02090,407c283069df624b,Commercial Bank,P_03909,BANK_SRC_80,True
ACC_02091,13cbd81b4cc318c8,NBFC,P_01177,BANK_SRC_81,True
ACC_02092,022a0005b1d74b78,Cooperative Bank,P_04471,BANK_SRC_43,True
ACC_02093,b9dfcf2c1b5d62a1,NBFC,P_04731,BANK_SRC_13,True
ACC_02094,788b4607dd4675e7,Payment Bank,P_04437,BANK_SRC_96,True
ACC_02095,19c38888349b4204,Payment Bank,P_04590,BANK_SRC_34,True
ACC_02096,87fe3690ba26ccec,Commercial Bank,P_03811,BANK_SRC_45,True
ACC_02097,045da2e54c110c11,Commercial Bank,P_01758,BANK_SRC_77,True
ACC_02098,74e7e6966245b5a1,NBFC,P_02629,BANK_SRC_73,True
ACC_02099,c913a7bb93643536,Payment Bank,P_00179,BANK_SRC_42,True
ACC_02100,4098f231e8fc978b,Payment Bank,P_04081,BANK_SRC_49,True
ACC_02101,1decba731da43937,Payment Bank,P_00019,BANK_SRC_14,True
ACC_02102,9ab556df150674f4,Commercial Bank,P_03642,BANK_SRC_29,True
ACC_02103,0c3cd0208ed1caff,Commercial Bank,P_01954,BANK_SRC_64,True
ACC_02104,e5f0709a3d021c4d,NBFC,P_02559,BANK_SRC_30,True
ACC_02105,c2b688244d342829,Cooperative Bank,P_04787,BANK_SRC_32,True
ACC_02106,614bdad68e7e29c7,Payment Bank,P_04603,BANK_SRC_29,True
ACC_02107,6690bfbaf7bc556d,Payment Bank,P_03715,BANK_SRC_43,True
ACC_02108,d17e2be0ad35e133,Cooperative Bank,P_04823,BANK_SRC_57,True
ACC_02109,3902be93a7bf5450,Cooperative Bank,P_00942,BANK_SRC_62,True
ACC_02110,428fc0e6be096217,Payment Bank,P_03342,BANK_SRC_67,True
ACC_02111,1a5e0f1f45b0c700,Cooperative Bank,P_03001,BANK_SRC_95,True
ACC_02112,3e086a72f33c55f8,Commercial Bank,P_03968,BANK_SRC_99,True
ACC_02113,f7e82d8782157d03,Payment Bank,P_02643,BANK_SRC_92,True
ACC_02114,ff1ccec841eeb444,NBFC,P_04835,BANK_SRC_25,True
ACC_02115,ca237c596972c96f,NBFC,P_04574,BANK_SRC_10,True
ACC_02116,1306bdcb3bf7a180,Cooperative Bank,P_00876,BANK_SRC_99,True
ACC_02117,2a44ae51c8539e06,Cooperative Bank,P_00165,BANK_SRC_54,True
ACC_02118,aed95449a7251c92,Payment Bank,P_03089,BANK_SRC_25,True
ACC_02119,ddb9c7a848485cfb,NBFC,P_01647,BANK_SRC_97,True
ACC_02120,c1f8adb6a10f4007,NBFC,P_03251,BANK_SRC_55,True
ACC_02121,8cbc3eeb3cabf831,NBFC,P_01210,BANK_SRC_24,True
ACC_02122,f7c624630a41b478,NBFC,P_01276,BANK_SRC_23,True
ACC_02123,bae9b8b02afbfb1d,Payment Bank,P_03597,BANK_SRC_11,True
ACC_02124,295f2a6a1c28c209,Cooperative Bank,P_03363,BANK_SRC_99,True
ACC_02125,d88aeb72cc9d9ec0,Commercial Bank,P_03757,BANK_SRC_98,True
ACC_02126,2a78681df086703f,Commercial Bank,P_02458,BANK_SRC_72,True
ACC_02127,0615ac1a7f1a4a99,Cooperative Bank,P_03336,BANK_SRC_31,True
ACC_02128,c2781aa263e099c3,Payment Bank,P_03592,BANK_SRC_49,True
ACC_02129,ea72fadb8593ae5b,NBFC,P_02068,BANK_SRC_91,True
ACC_02130,97945ea67f322599,Payment Bank,P_01902,BANK_SRC_75,True
ACC_02131,95fa6fcd83ce8af0,Payment Bank,P_02532,BANK_SRC_71,True
ACC_02132,6f6131bce446bcdd,Commercial Bank,P_01034,BANK_SRC_46,True
ACC_02133,b017201867e28c15,Cooperative Bank,P_03146,BANK_SRC_93,True
ACC_02134,e77b745e6c8f2a71,NBFC,P_00368,BANK_SRC_89,True
ACC_02135,98c69b4f96ab906d,Payment Bank,P_00176,BANK_SRC_99,True
ACC_02136,0ae744b0412930cb,NBFC,P_02875,BANK_SRC_18,True
ACC_02137,7c16b2e08e811975,NBFC,P_01947,BANK_SRC_38,True
ACC_02138,41ba3957522f656c,Cooperative Bank,P_00767,BANK_SRC_96,True
ACC_02139,142e10c02b05f028,NBFC,P_00455,BANK_SRC_66,True
ACC_02140,377ad7f9eab1e145,Commercial Bank,P_03568,BANK_SRC_51,True
ACC_02141,0a4513026910b220,Cooperative Bank,P_01920,BANK_SRC_45,True
ACC_02142,968a18ed99984877,NBFC,P_01285,BANK_SRC_82,True
ACC_02143,57e5bb99a5dca263,Cooperative Bank,P_02322,BANK_SRC_99,True
ACC_02144,6c45ea1303f0dfb8,Commercial Bank,P_01366,BANK_SRC_56,True
ACC_02145,a23dff96c6a5896f,Cooperative Bank,P_04539,BANK_SRC_76,True
ACC_02146,8517e248e803d889,NBFC,P_00263,BANK_SRC_38,True
ACC_02147,ee6982742b92d711,NBFC,P_01531,BANK_SRC_66,True
ACC_02148,69307959051a3884,NBFC,P_04571,BANK_SRC_47,True
ACC_02149,edb4c66828cb6e09,NBFC,P_02924,BANK_SRC_24,True
ACC_02150,50932182729fae62,NBFC,P_02583,BANK_SRC_11,True
ACC_02151,162944cacb45e537,NBFC,P_02850,BANK_SRC_11,True
ACC_02152,d5573d84b7725448,Payment Bank,P_02984,BANK_SRC_14,True
ACC_02153,968a0ac32f6ebcbf,NBFC,P_04605,BANK_SRC_44,True
ACC_02154,e602eef8139a8c33,Cooperative Bank,P_02418,BANK_SRC_53,True
ACC_02155,9f5c25fce2ed4a63,NBFC,P_04807,BANK_SRC_93,True
ACC_02156,a8ce4bbc8cce4771,NBFC,P_01420,BANK_SRC_86,True
ACC_02157,6debde2cb9f3ea5e,Cooperative Bank,P_01233,BANK_SRC_50,True
ACC_02158,84cddbbe86557669,NBFC,P_03530,BANK_SRC_92,True
ACC_02159,6f4472aa9cd00927,Payment Bank,P_01533,BANK_SRC_21,True
ACC_02160,ca62ab55f6f76e76,NBFC,P_03954,BANK_SRC_98,True
ACC_02161,c2111a754e70f789,NBFC,P_02976,BANK_SRC_76,True
ACC_02162,8aa377bdf7414ab6,Cooperative Bank,P_02100,BANK_SRC_18,True
ACC_02163,83df27ff4d167fcb,Payment Bank,P_01415,BANK_SRC_52,True
ACC_02164,b57a2b219ee1b70b,Commercial Bank,P_04438,BANK_SRC_89,True
ACC_02165,2410009efc937310,Cooperative Bank,P_04131,BANK_SRC_44,True
ACC_02166,a5649bdfbc755a68,NBFC,P_03416,BANK_SRC_45,True
ACC_02167,a689a9db0dd05379,Cooperative Bank,P_03086,BANK_SRC_99,True
ACC_02168,d4bfbde92c4e7169,Cooperative Bank,P_03536,BANK_SRC_29,True
ACC_02169,0de2aed62643e869,Commercial Bank,P_01157,BANK_SRC_10,True
ACC_02170,32db4a6a8cd71866,Commercial Bank,P_00879,BANK_SRC_31,True
ACC_02171,cd30fb689e15e51a,Commercial Bank,P_04775,BANK_SRC_88,True
ACC_02172,5f17e5a3708081d6,Commercial Bank,P_04575,BANK_SRC_81,True
ACC_02173,f7bea5b1b5176a9b,Cooperative Bank,P_04925,BANK_SRC_67,True
ACC_02174,7bbf7038f963f2fa,Commercial Bank,P_02023,BANK_SRC_27,True
ACC_02175,4fdae52b6202f6fd,NBFC,P_03292,BANK_SRC_86,True
ACC_02176,ee86108b167f7368,Commercial Bank,P_02094,BANK_SRC_51,True
ACC_02177,3ee396682bf2ffb0,Commercial Bank,P_04315,BANK_SRC_52,True
ACC_02178,44f9df2ff83226c1,Commercial Bank,P_04257,BANK_SRC_44,True
ACC_02179,c377868f1ee66671,Payment Bank,P_00132,BANK_SRC_13,True
ACC_02180,243403339a394510,Commercial Bank,P_02785,BANK_SRC_98,True
ACC_02181,eafff47d7039f1d8,Cooperative Bank,P_00396,BANK_SRC_53,True
ACC_02182,ceaa50ae9892262b,Commercial Bank,P_04342,BANK_SRC_91,True
ACC_02183,d2dea9fe2b4952c3,Cooperative Bank,P_01511,BANK_SRC_18,True
ACC_02184,87cec61ede1476ad,Payment Bank,P_00797,BANK_SRC_63,True
ACC_02185,3c5110e6fa73f759,Commercial Bank,P_00181,BANK_SRC_30,True
ACC_02186,d448517565e383dd,NBFC,P_02429,BANK_SRC_64,True
ACC_02187,203ac06bbecdcc0c,Commercial Bank,P_02164,BANK_SRC_29,True
ACC_02188,815ac956a4deb350,Cooperative Bank,P_02841,BANK_SRC_60,True
ACC_02189,f270e27dea020091,Payment Bank,P_01301,BANK_SRC_89,True
ACC_02190,331226cc81a66cf3,Payment Bank,P_04268,BANK_SRC_84,True
ACC_02191,08c13c06ab78ca68,Cooperative Bank,P_02630,BANK_SRC_59,True
ACC_02192,518b559baa24903a,Cooperative Bank,P_00037,BANK_SRC_10,True
ACC_02193,101f17a521bd4e67,Payment Bank,P_02053,BANK_SRC_65,True
ACC_02194,5f30997694c7c15c,NBFC,P_03027,BANK_SRC_25,True
ACC_02195,d5ec0f9778bc815d,NBFC,P_03438,BANK_SRC_75,True
ACC_02196,dfc97ae7469f0027,Payment Bank,P_00791,BANK_SRC_83,True
ACC_02197,4050db16ce2b097e,Payment Bank,P_02830,BANK_SRC_40,True
ACC_02198,c5c76ff814175e9d,Payment Bank,P_04203,BANK_SRC_93,True
ACC_02199,6629c2da70198d6e,Payment Bank,P_00823,BANK_SRC_15,True
ACC_02200,6a11c13b4899f9f6,Payment Bank,P_04425,BANK_SRC_34,True
ACC_02201,efa7b822e93fd69b,Cooperative Bank,P_01067,BANK_SRC_12,True
ACC_02202,9370077b0d884f26,Payment Bank,P_03865,BANK_SRC_80,True
ACC_02203,e144206079fc0e73,Commercial Bank,P_04104,BANK_SRC_33,True
ACC_02204,5b842084812e175a,Payment Bank,P_03386,BANK_SRC_56,True
ACC_02205,97b52c1320c2f735,NBFC,P_04111,BANK_SRC_25,True
ACC_02206,dbf8c71bf54feb9b,Payment Bank,P_04225,BANK_SRC_74,True
ACC_02207,d162431a31bbf65c,Payment Bank,P_01640,BANK_SRC_14,True
ACC_02208,7b32252c0dfc4e83,Payment Bank,P_04341,BANK_SRC_91,True
ACC_02209,98971f7ef2a52dde,NBFC,P_02336,BANK_SRC_75,True
ACC_02210,7fa6ffc412e55916,Commercial Bank,P_04442,BANK_SRC_85,True
ACC_02211,3bc0c27eb51bb0bd,NBFC,P_01409,BANK_SRC_57,True
ACC_02212,fa23003b7456a46b,Cooperative Bank,P_03121,BANK_SRC_57,True
ACC_02213,85e424758b902f96,Cooperative Bank,P_04899,BANK_SRC_27,True
ACC_02214,f8953ffcbc738ecd,Cooperative Bank,P_01967,BANK_SRC_20,True
ACC_02215,65dc81dddb1a4125,Cooperative Bank,P_01426,BANK_SRC_42,True
ACC_02216,9155925385654a8c,Payment Bank,P_01006,BANK_SRC_53,True
ACC_02217,5174c7c4293a3af9,Commercial Bank,P_03853,BANK_SRC_30,True
ACC_02218,62d99e76920faf8c,Commercial Bank,P_01100,BANK_SRC_21,True
ACC_02219,28aad75bf444ac55,Commercial Bank,P_03723,BANK_SRC_63,True
ACC_02220,b572d7f5d9633c02,Payment Bank,P_01065,BANK_SRC_12,True
ACC_02221,505c10f2f60b7a5d,Payment Bank,P_01094,BANK_SRC_44,True
ACC_02222,947d4b9b5dec9fd3,Commercial Bank,P_03726,BANK_SRC_92,True
ACC_02223,d0777f5dcbe9827e,Commercial Bank,P_02358,BANK_SRC_13,True
ACC_02224,1260a887aa050e82,NBFC,P_01778,BANK_SRC_94,True
ACC_02225,fe19951e8e05bf76,Commercial Bank,P_03498,BANK_SRC_64,True
ACC_02226,e1f088ba69dc90c9,Payment Bank,P_03458,BANK_SRC_70,True
ACC_02227,f0b8c3847ca194f6,Cooperative Bank,P_03950,BANK_SRC_16,True
ACC_02228,b42763cd72a2caac,Payment Bank,P_00800,BANK_SRC_10,True
ACC_02229,02a4827adf39e09f,Payment Bank,P_04517,BANK_SRC_41,True
ACC_02230,3c9f6c600957f511,Cooperative Bank,P_03837,BANK_SRC_60,True
ACC_02231,c3424fda1f038e8d,NBFC,P_00147,BANK_SRC_70,True
ACC_02232,6dc5175267915307,Payment Bank,P_03897,BANK_SRC_92,True
ACC_02233,0c1ba3199ff34ecd,Cooperative Bank,P_01817,BANK_SRC_27,True
ACC_02234,d7a612078f778579,Cooperative Bank,P_02659,BANK_SRC_88,True
ACC_02235,7a82f93275026701,Cooperative Bank,P_01063,BANK_SRC_56,True
ACC_02236,4e4ed164b8f43645,Cooperative Bank,P_04131,BANK_SRC_68,True
ACC_02237,2ac962270e091a9f,NBFC,P_03738,BANK_SRC_96,True
ACC_02238,93cf7d5d2cc29aca,Commercial Bank,P_02778,BANK_SRC_94,True
ACC_02239,9af590fbbccaf683,Commercial Bank,P_04366,BANK_SRC_22,True
ACC_02240,0bdd04d4da5bc4f6,NBFC,P_02358,BANK_SRC_14,True
ACC_02241,bbf408acc072bc65,Cooperative Bank,P_01862,BANK_SRC_77,True
ACC_02242,9a2639e230e95a2a,NBFC,P_01887,BANK_SRC_79,True
ACC_02243,3a20d92cee264d68,Cooperative Bank,P_04238,BANK_SRC_12,True
ACC_02244,ea37172136265f31,Cooperative Bank,P_02386,BANK_SRC_57,True
ACC_02245,777e5884e53b6e7b,Payment Bank,P_04217,BANK_SRC_67,True
ACC_02246,e82841cf19ecfa3d,Cooperative Bank,P_03890,BANK_SRC_97,True
ACC_02247,834367d35b18982b,Payment Bank,P_04832,BANK_SRC_40,True
ACC_02248,91d3be2cef24718d,Commercial Bank,P_01072,BANK_SRC_29,True
ACC_02249,1cd0c87e9baae5f7,Commercial Bank,P_02599,BANK_SRC_63,True
ACC_02250,189ac4680f7df99a,NBFC,P_03885,BANK_SRC_92,True
ACC_02251,d89987b18a072a25,NBFC,P_03705,BANK_SRC_37,True
ACC_02252,a26e836241cb2b97,Payment Bank,P_03394,BANK_SRC_91,True
ACC_02253,abb32546b0bc4852,Commercial Bank,P_02688,BANK_SRC_24,True
ACC_02254,6b763f553b95d04a,Cooperative Bank,P_04590,BANK_SRC_90,True
ACC_02255,bfca749c7011c3ca,Payment Bank,P_02722,BANK_SRC_68,True
ACC_02256,3442f000b1c3b5e6,NBFC,P_01752,BANK_SRC_27,True
ACC_02257,7e6be78770defd43,NBFC,P_03286,BANK_SRC_55,True
ACC_02258,c0862d26129682f4,Commercial Bank,P_02441,BANK_SRC_71,True
ACC_02259,05086aaf8a88257c,Cooperative Bank,P_04539,BANK_SRC_27,True
ACC_02260,b240af91abf632bb,Commercial Bank,P_00167,BANK_SRC_12,True
ACC_02261,ad06e3be06b439a9,NBFC,P_00248,BANK_SRC_95,True
ACC_02262,8040006a7994333b,NBFC,P_03410,BANK_SRC_33,True
ACC_02263,abf8a87591ca15a8,NBFC,P_02620,BANK_SRC_51,True
ACC_02264,c3f85b774f481f69,Payment Bank,P_04802,BANK_SRC_84,True
ACC_02265,7d90f8a365f663e2,Commercial Bank,P_00351,BANK_SRC_90,True
ACC_02266,4f8826aa9c64e2e5,Commercial Bank,P_00115,BANK_SRC_10,True
ACC_02267,f1c28e60ebcf2e07,NBFC,P_02221,BANK_SRC_33,True
ACC_02268,b3da20e7dde7542b,Payment Bank,P_02284,BANK_SRC_98,True
ACC_02269,5906b5f01d2b8e9c,NBFC,P_04827,BANK_SRC_54,True
ACC_02270,59c9e9b1209aae3e,Cooperative Bank,P_01053,BANK_SRC_15,True
ACC_02271,5916bacd49882e34,Commercial Bank,P_02829,BANK_SRC_85,True
ACC_02272,04dee971e2eeec14,Cooperative Bank,P_03808,BANK_SRC_93,True
ACC_02273,00386a99e045771a,Cooperative Bank,P_01779,BANK_SRC_51,True
ACC_02274,7140b83e6e0dbb19,NBFC,P_01901,BANK_SRC_57,True
ACC_02275,12b3a29cf6b8df0a,NBFC,P_03666,BANK_SRC_66,True
ACC_02276,0144c22737a0805c,NBFC,P_01743,BANK_SRC_52,True
ACC_02277,2b463ba534b1a04b,Payment Bank,P_04455,BANK_SRC_16,True
ACC_02278,ba52466db700419a,Commercial Bank,P_01695,BANK_SRC_48,True
ACC_02279,7277fc7ddc9a7b59,Commercial Bank,P_04836,BANK_SRC_42,True
ACC_02280,3644de7725a6207e,Cooperative Bank,P_00009,BANK_SRC_75,True
ACC_02281,ff86004aaaaa2ab4,Commercial Bank,P_00245,BANK_SRC_71,True
ACC_02282,e2e44cfd0d40afe3,NBFC,P_02213,BANK_SRC_62,True
ACC_02283,9fdbef319f117ad8,Payment Bank,P_04950,BANK_SRC_70,True
ACC_02284,f52b9ab178967606,NBFC,P_01242,BANK_SRC_25,True
ACC_02285,a56895af1f47f520,NBFC,P_01395,BANK_SRC_64,True
ACC_02286,ba72f2e903599d88,Cooperative Bank,P_04196,BANK_SRC_54,True
ACC_02287,194b3f9abec50cf6,Payment Bank,P_01616,BANK_SRC_28,True
ACC_02288,ace2b6c922bced2d,NBFC,P_02969,BANK_SRC_58,True
ACC_02289,67247b48ecb182d1,Commercial Bank,P_04107,BANK_SRC_70,True
ACC_02290,cd74d3d6689a1f11,Commercial Bank,P_04590,BANK_SRC_94,True
ACC_02291,dab2ea681d28b259,Cooperative Bank,P_04186,BANK_SRC_93,True
ACC_02292,df9b52ba00bb32af,NBFC,P_04878,BANK_SRC_96,True
ACC_02293,1e38bf87e46cc604,Payment Bank,P_00590,BANK_SRC_88,True
ACC_02294,6c6277bab09360ef,Commercial Bank,P_04977,BANK_SRC_83,True
ACC_02295,97c786955a7de2c0,NBFC,P_03235,BANK_SRC_99,True
ACC_02296,70854685cdf96f57,Commercial Bank,P_02491,BANK_SRC_84,True
ACC_02297,22f0457a5b75e7b0,Payment Bank,P_02609,BANK_SRC_60,True
ACC_02298,f9881fb80bf4942d,NBFC,P_03285,BANK_SRC_35,True
ACC_02299,0f933926658e0225,Commercial Bank,P_03196,BANK_SRC_55,True
ACC_02300,d9ec6d7a57fbf353,Commercial Bank,P_00633,BANK_SRC_67,True
ACC_02301,8f09afbee5c54d72,Payment Bank,P_04278,BANK_SRC_74,True
ACC_02302,5da3de7293fd7a4c,Payment Bank,P_00886,BANK_SRC_35,True
ACC_02303,8e41707bf71ac8ab,Cooperative Bank,P_03903,BANK_SRC_87,True
ACC_02304,afea8fe8ce0607bb,Cooperative Bank,P_03405,BANK_SRC_86,True
ACC_02305,e7a19f32ee392389,NBFC,P_02597,BANK_SRC_68,True
ACC_02306,021a8f3c11f475b4,Payment Bank,P_03841,BANK_SRC_56,True
ACC_02307,424c6d6eade0ca53,Commercial Bank,P_02491,BANK_SRC_70,True
ACC_02308,d934d453d614bf3d,NBFC,P_00731,BANK_SRC_87,True
ACC_02309,f237fd0be1bd2b1a,Payment Bank,P_04927,BANK_SRC_47,True
ACC_02310,49bc36115786f287,Commercial Bank,P_04095,BANK_SRC_94,True
ACC_02311,00b54d18ecd46e21,Cooperative Bank,P_01043,BANK_SRC_99,True
ACC_02312,8213bb06d5c527cb,Cooperative Bank,P_00860,BANK_SRC_70,True
ACC_02313,49f55c00d59b9025,Cooperative Bank,P_02193,BANK_SRC_18,True
ACC_02314,050e859db2c766f6,Commercial Bank,P_02094,BANK_SRC_56,True
ACC_02315,ac4d0dfff5510b69,Cooperative Bank,P_04190,BANK_SRC_87,True
ACC_02316,ed0c6df854bb2bbc,Cooperative Bank,P_00553,BANK_SRC_99,True
ACC_02317,81e3b00669efaa00,NBFC,P_03068,BANK_SRC_20,True
ACC_02318,3f5ee1dbcf802e8e,Cooperative Bank,P_03875,BANK_SRC_29,True
ACC_02319,f7ac2b9216a63129,Payment Bank,P_01804,BANK_SRC_26,True
ACC_02320,806735d2b467da97,NBFC,P_04076,BANK_SRC_95,True
ACC_02321,033b37ca9699667b,Cooperative Bank,P_00212,BANK_SRC_10,True
ACC_02322,4f4d30f85d2a5cdd,Cooperative Bank,P_01240,BANK_SRC_87,True
ACC_02323,61fb19de0ced4b7a,Payment Bank,P_01826,BANK_SRC_28,True
ACC_02324,dd79b276e429c780,NBFC,P_04046,BANK_SRC_23,True
ACC_02325,7ccbddb17a8314b2,NBFC,P_03069,BANK_SRC_48,True
ACC_02326,50eebe664bcce5a0,NBFC,P_03969,BANK_SRC_77,True
ACC_02327,e5e9744d4359a2d0,NBFC,P_02538,BANK_SRC_45,True
ACC_02328,c358175503f604be,NBFC,P_02949,BANK_SRC_97,True
ACC_02329,bf8058826f761318,Cooperative Bank,P_01237,BANK_SRC_23,True
ACC_02330,c8a49a447303f0cb,Commercial Bank,P_00081,BANK_SRC_79,True
ACC_02331,3772f655e84effee,Payment Bank,P_03934,BANK_SRC_54,True
ACC_02332,63796a88dc053d8c,Commercial Bank,P_00210,BANK_SRC_93,True
ACC_02333,586dee3777282727,Commercial Bank,P_00099,BANK_SRC_23,True
ACC_02334,7bf3b89dec91d008,NBFC,P_00013,BANK_SRC_72,True
ACC_02335,007d530fe560c79a,Payment Bank,P_04871,BANK_SRC_73,True
ACC_02336,c2163f02d1ffecb0,Cooperative Bank,P_03566,BANK_SRC_67,True
ACC_02337,dda1a192dbb6bb01,NBFC,P_04450,BANK_SRC_58,True
ACC_02338,fa363150297952c5,Payment Bank,P_01589,BANK_SRC_59,True
ACC_02339,810ab51dc6d92dad,Payment Bank,P_02708,BANK_SRC_66,True
ACC_02340,d6979020edac1fc9,Cooperative Bank,P_03627,BANK_SRC_35,True
ACC_02341,482b2c15e6dc34e0,Cooperative Bank,P_03929,BANK_SRC_98,True
ACC_02342,2f8723adcf386df6,Commercial Bank,P_03526,BANK_SRC_88,True
ACC_02343,05a8894e1f839850,Cooperative Bank,P_00609,BANK_SRC_37,True
ACC_02344,9f25be3e3aadcd8c,NBFC,P_03973,BANK_SRC_41,True
ACC_02345,5b7a122e54116df8,Commercial Bank,P_02410,BANK_SRC_51,True
ACC_02346,76959b8cc7d50e2a,Payment Bank,P_01349,BANK_SRC_11,True
ACC_02347,b8118c2e7fdd8d04,Commercial Bank,P_02618,BANK_SRC_42,True
ACC_02348,7be46c578721cf21,NBFC,P_03877,BANK_SRC_92,True
ACC_02349,f5dbd057085091a0,Commercial Bank,P_04618,BANK_SRC_44,True
ACC_02350,e52f508de6dfdf89,NBFC,P_02912,BANK_SRC_67,True
ACC_02351,0ab97688732ef9ff,Commercial Bank,P_01936,BANK_SRC_83,True
ACC_02352,ce7fffb0746d0927,Commercial Bank,P_04460,BANK_SRC_87,True
ACC_02353,151fb91238f3b422,Payment Bank,P_04561,BANK_SRC_72,True
ACC_02354,90322a9765898561,Payment Bank,P_01900,BANK_SRC_36,True
ACC_02355,c5e1ee55abfe09cb,Payment Bank,P_03615,BANK_SRC_77,True
ACC_02356,6e80d70bbc185369,Payment Bank,P_03690,BANK_SRC_93,True
ACC_02357,a51e0bcd70ac6cfb,Cooperative Bank,P_02968,BANK_SRC_24,True
ACC_02358,ae93395573475888,NBFC,P_04481,BANK_SRC_18,True
ACC_02359,f96e9b6b1c053dac,Cooperative Bank,P_03565,BANK_SRC_53,True
ACC_02360,645e9860f187b9fa,NBFC,P_03924,BANK_SRC_71,True
ACC_02361,e4eba4d2a53bc2a6,Cooperative Bank,P_02323,BANK_SRC_20,True
ACC_02362,93c432a5932c7a09,Payment Bank,P_01161,BANK_SRC_75,True
ACC_02363,8c537477903f62e5,NBFC,P_03729,BANK_SRC_19,True
ACC_02364,ef0052c7ab15b0f8,NBFC,P_00667,BANK_SRC_52,True
ACC_02365,8e65f4bb1bfcccb7,Cooperative Bank,P_03059,BANK_SRC_26,True
ACC_02366,974064caf4c90e66,Commercial Bank,P_01536,BANK_SRC_91,True
ACC_02367,8b27e500fa10c517,Payment Bank,P_00234,BANK_SRC_85,True
ACC_02368,d29a9a3519b318f7,Payment Bank,P_00101,BANK_SRC_24,True
ACC_02369,df197193d67041ba,Payment Bank,P_03590,BANK_SRC_80,True
ACC_02370,d8f3dbf05f102e8d,Payment Bank,P_02985,BANK_SRC_82,True
ACC_02371,4f9ea5d7b86b9d3c,Payment Bank,P_00551,BANK_SRC_48,True
ACC_02372,85f17e2fd2eba19c,Cooperative Bank,P_01515,BANK_SRC_94,True
ACC_02373,cf699db9567c1b2a,Cooperative Bank,P_03845,BANK_SRC_41,True
ACC_02374,740be36b60d4fa75,Payment Bank,P_00454,BANK_SRC_40,True
ACC_02375,e666fdce263f4408,Payment Bank,P_01657,BANK_SRC_88,True
ACC_02376,2b2064041e887cc3,NBFC,P_03870,BANK_SRC_30,True
ACC_02377,5cc5a4d402e571a5,NBFC,P_04223,BANK_SRC_10,True
ACC_02378,deb59d7ebf086449,NBFC,P_04400,BANK_SRC_90,True
ACC_02379,8c11ff19d6d6764e,Cooperative Bank,P_02665,BANK_SRC_99,True
ACC_02380,e4a64627b8dbd18f,NBFC,P_03901,BANK_SRC_64,True
ACC_02381,74bf7aaf5d180874,NBFC,P_02076,BANK_SRC_68,True
ACC_02382,74b55143f9312f4f,Cooperative Bank,P_01799,BANK_SRC_65,True
ACC_02383,442df98e57e45cdc,NBFC,P_03153,BANK_SRC_94,True
ACC_02384,4269a028961dcdfc,Payment Bank,P_04665,BANK_SRC_52,True
ACC_02385,4153b4924f29a4d9,Payment Bank,P_00092,BANK_SRC_45,True
ACC_02386,0505b1ebcab2fd95,NBFC,P_02981,BANK_SRC_27,True
ACC_02387,e41711e88d948598,Commercial Bank,P_04921,BANK_SRC_97,True
ACC_02388,cbe7cdf42ca02bf0,Cooperative Bank,P_00670,BANK_SRC_33,True
ACC_02389,2606b2f92697621f,Cooperative Bank,P_01209,BANK_SRC_67,True
ACC_02390,a277171111b05322,Payment Bank,P_04330,BANK_SRC_59,True
ACC_02391,d443545fbfb64cd2,Payment Bank,P_01947,BANK_SRC_95,True
ACC_02392,9ef11725b76f22c0,NBFC,P_00643,BANK_SRC_73,True
ACC_02393,b439341bb85fc7c9,NBFC,P_00992,BANK_SRC_50,True
ACC_02394,8b45ed6705fc566f,NBFC,P_01666,BANK_SRC_31,True
ACC_02395,3dfedf70b32d35ad,Payment Bank,P_02326,BANK_SRC_80,True
ACC_02396,1cb99c446428b65c,Commercial Bank,P_00742,BANK_SRC_74,True
ACC_02397,2fe74a52204bed4c,NBFC,P_04199,BANK_SRC_52,True
ACC_02398,e8974d5a53e36a05,Commercial Bank,P_02584,BANK_SRC_56,True
ACC_02399,25ee7d593445fa1c,Payment Bank,P_01604,BANK_SRC_89,True
ACC_02400,4c3dd16bf93c65a9,Cooperative Bank,P_03910,BANK_SRC_89,True
ACC_02401,107d229d30e6d573,Commercial Bank,P_03039,BANK_SRC_34,True
ACC_02402,3e443b2aeffed690,NBFC,P_00373,BANK_SRC_67,True
ACC_02403,61ffdc4ee1f3cb3a,Commercial Bank,P_01489,BANK_SRC_50,True
ACC_02404,89df8d5480630589,NBFC,P_03180,BANK_SRC_13,True
ACC_02405,278e5e0e1292c1fc,Payment Bank,P_01501,BANK_SRC_38,True
ACC_02406,e8380dd5b4268c68,Cooperative Bank,P_03685,BANK_SRC_24,True
ACC_02407,deaddf2f0437d1b7,Cooperative Bank,P_02414,BANK_SRC_49,True
ACC_02408,3211066fd25ae7f0,Commercial Bank,P_00692,BANK_SRC_71,True
ACC_02409,49d3a221ab3336be,Cooperative Bank,P_01978,BANK_SRC_82,True
ACC_02410,d20e2b12b15d89c0,Cooperative Bank,P_00290,BANK_SRC_14,True
ACC_02411,11c4959ba7593518,Cooperative Bank,P_03343,BANK_SRC_64,True
ACC_02412,524164b1e1c812c1,NBFC,P_04323,BANK_SRC_66,True
ACC_02413,812b762c00aa9af2,NBFC,P_01327,BANK_SRC_64,True
ACC_02414,9f02a1284a0a681f,Commercial Bank,P_02753,BANK_SRC_61,True
ACC_02415,5519c8c2b9b87fbd,Payment Bank,P_03890,BANK_SRC_82,True
ACC_02416,bc57deb30590a121,Payment Bank,P_02915,BANK_SRC_22,True
ACC_02417,0572e71867ecb84a,NBFC,P_00025,BANK_SRC_94,True
ACC_02418,4799104d2596314b,Commercial Bank,P_01072,BANK_SRC_32,True
ACC_02419,785190d74dccff25,Commercial Bank,P_02689,BANK_SRC_13,True
ACC_02420,16a51d0e8a9ef2ff,Payment Bank,P_04025,BANK_SRC_77,True
ACC_02421,fa5e532e76040cb5,Payment Bank,P_03667,BANK_SRC_72,True
ACC_02422,84afb87669a674e9,Cooperative Bank,P_04224,BANK_SRC_15,True
ACC_02423,6b119d9b81b3732f,Payment Bank,P_04409,BANK_SRC_24,True
ACC_02424,d7da6fc509b5c535,Commercial Bank,P_00135,BANK_SRC_57,True
ACC_02425,10ef9d5623c03078,Payment Bank,P_00486,BANK_SRC_84,True
ACC_02426,65ebd9030088ed22,NBFC,P_02053,BANK_SRC_11,True
ACC_02427,c6ae048e85f18cb3,NBFC,P_04381,BANK_SRC_97,True
ACC_02428,7966b1b8fe5f9608,Payment Bank,P_00939,BANK_SRC_90,True
ACC_02429,855e273286b95b94,Commercial Bank,P_03133,BANK_SRC_39,True
ACC_02430,72f0a7a04297c0c0,Payment Bank,P_02379,BANK_SRC_15,True
ACC_02431,e572fad84326e8b9,Payment Bank,P_00345,BANK_SRC_80,True
ACC_02432,8033820d3d7faab9,Cooperative Bank,P_02013,BANK_SRC_26,True
ACC_02433,c331153d156f4bae,Commercial Bank,P_03913,BANK_SRC_93,True
ACC_02434,0d2ec8a64f1a2000,Payment Bank,P_03150,BANK_SRC_89,True
ACC_02435,1ca53931eebfd4a5,Payment Bank,P_01983,BANK_SRC_99,True
ACC_02436,65ad101003c22d95,Cooperative Bank,P_04243,BANK_SRC_93,True
ACC_02437,4919db86b2ddc41d,Cooperative Bank,P_03226,BANK_SRC_61,True
ACC_02438,076f8324b696d149,Cooperative Bank,P_02448,BANK_SRC_48,True
ACC_02439,1cbd93c27a0c0f26,NBFC,P_02973,BANK_SRC_14,True
ACC_02440,6e24fc0c64c7abf0,Cooperative Bank,P_04389,BANK_SRC_54,True
ACC_02441,5fb44b7bb572ceb4,Cooperative Bank,P_00530,BANK_SRC_43,True
ACC_02442,ea2892d159f54f3c,NBFC,P_02278,BANK_SRC_61,True
ACC_02443,110c9b742265384b,Commercial Bank,P_02078,BANK_SRC_15,True
ACC_02444,38d5613efc77d2bd,Cooperative Bank,P_00286,BANK_SRC_85,True
ACC_02445,42f5d9c182dbefac,NBFC,P_04092,BANK_SRC_73,True
ACC_02446,5c12053a525e3929,Commercial Bank,P_01358,BANK_SRC_48,True
ACC_02447,c9dc22f1d45ea869,NBFC,P_00084,BANK_SRC_24,True
ACC_02448,b6c13bcca220b814,NBFC,P_03585,BANK_SRC_36,True
ACC_02449,81da1f7c88c8563d,Commercial Bank,P_00603,BANK_SRC_60,True
ACC_02450,d56260f2e301acb7,Commercial Bank,P_03329,BANK_SRC_38,True
ACC_02451,4a979e589dfe8f97,Payment Bank,P_00146,BANK_SRC_58,True
ACC_02452,894e75f3bb8e3193,Commercial Bank,P_04938,BANK_SRC_56,True
ACC_02453,a78667d6f90b3cf8,Payment Bank,P_00448,BANK_SRC_51,True
ACC_02454,43af31223d6e9872,NBFC,P_02188,BANK_SRC_29,True
ACC_02455,94d0ab53adc2983a,Commercial Bank,P_03029,BANK_SRC_29,True
ACC_02456,ad43da78f21598e0,Commercial Bank,P_02861,BANK_SRC_26,True
ACC_02457,f4dfe1ff5cf0a26e,NBFC,P_03616,BANK_SRC_60,True
ACC_02458,b76d3033e7dd8cb7,Payment Bank,P_01411,BANK_SRC_73,True
ACC_02459,c844a48b8c1813d8,NBFC,P_04788,BANK_SRC_45,True
ACC_02460,ce4e2afcd12fb2ba,Commercial Bank,P_02981,BANK_SRC_90,True
ACC_02461,016a31f6dcdbb02c,NBFC,P_04621,BANK_SRC_25,True
ACC_02462,ed8a2d174cc96782,Cooperative Bank,P_03820,BANK_SRC_21,True
ACC_02463,4e0cb8312c59b447,Commercial Bank,P_02760,BANK_SRC_64,True
ACC_02464,4141ae3520243fac,Cooperative Bank,P_00302,BANK_SRC_58,True
ACC_02465,52cf8a4702424e7b,Commercial Bank,P_00676,BANK_SRC_63,True
ACC_02466,ce5399883b515472,Commercial Bank,P_02728,BANK_SRC_57,True
ACC_02467,68d8c7c0a39c48f0,Payment Bank,P_01519,BANK_SRC_54,True
ACC_02468,fe0bab89721d29cb,Cooperative Bank,P_04194,BANK_SRC_86,True
ACC_02469,3fc8195b3410d2da,Payment Bank,P_03393,BANK_SRC_57,True
ACC_02470,41bacaba51ae4b43,Cooperative Bank,P_02153,BANK_SRC_69,True
ACC_02471,cb3d59cd899b0d91,NBFC,P_04569,BANK_SRC_64,True
ACC_02472,39af6d2b81995a7a,Cooperative Bank,P_01107,BANK_SRC_80,True
ACC_02473,804ef07eb44a798e,NBFC,P_01576,BANK_SRC_51,True
ACC_02474,41db0cdc0767887c,NBFC,P_01350,BANK_SRC_46,True
ACC_02475,ac826c412dce2895,Payment Bank,P_00992,BANK_SRC_44,True
ACC_02476,37f8b1e08103d531,NBFC,P_00028,BANK_SRC_98,True
ACC_02477,1f917594acafad68,Cooperative Bank,P_01016,BANK_SRC_46,True
ACC_02478,8fa75e9fb171d477,Payment Bank,P_01270,BANK_SRC_59,True
ACC_02479,364e1cb0f237affd,Cooperative Bank,P_00708,BANK_SRC_65,True
ACC_02480,b6b9eda58c5c6bf2,Cooperative Bank,P_01249,BANK_SRC_78,True
ACC_02481,3ad67ec131c2c20a,Payment Bank,P_02144,BANK_SRC_54,True
ACC_02482,b9a523045ce14fd5,Payment Bank,P_00594,BANK_SRC_44,True
ACC_02483,7128f266d0bbdc49,Cooperative Bank,P_01086,BANK_SRC_71,True
ACC_02484,94da26d6d18f1b4b,NBFC,P_02780,BANK_SRC_79,True
ACC_02485,f010f5f0fac1b199,Payment Bank,P_04220,BANK_SRC_92,True
ACC_02486,3e55d695f365b904,Commercial Bank,P_04402,BANK_SRC_66,True
ACC_02487,252f17e168c36bc8,Cooperative Bank,P_01281,BANK_SRC_60,True
ACC_02488,6dfe9de9f98a1bfa,Commercial Bank,P_01542,BANK_SRC_98,True
ACC_02489,ce47fa42c68d53c9,Cooperative Bank,P_01511,BANK_SRC_72,True
ACC_02490,11678c7580b67aee,Cooperative Bank,P_04434,BANK_SRC_29,True
ACC_02491,80ae5ec5d42f06d5,NBFC,P_03332,BANK_SRC_41,True
ACC_02492,f13da7f5da9dd9e4,NBFC,P_01998,BANK_SRC_67,True
ACC_02493,ae042e494c4e5145,NBFC,P_03519,BANK_SRC_88,True
ACC_02494,201450d1710ca067,Commercial Bank,P_02751,BANK_SRC_84,True
ACC_02495,73db42a3036a0d90,NBFC,P_02448,BANK_SRC_91,True
ACC_02496,866c30e6fca75845,Cooperative Bank,P_03751,BANK_SRC_83,True
ACC_02497,e3aed688c9cb8a0f,Cooperative Bank,P_02420,BANK_SRC_19,True
ACC_02498,e03e9eef6baf981f,Payment Bank,P_01649,BANK_SRC_91,True
ACC_02499,dd811ea010bf3302,NBFC,P_04151,BANK_SRC_74,True
ACC_02500,543307b42069a326,Payment Bank,P_02184,BANK_SRC_39,True
ACC_02501,61abdf9c8b1d60d9,NBFC,P_03313,BANK_SRC_92,True
ACC_02502,cb432f289d5cb57d,Cooperative Bank,P_04204,BANK_SRC_19,True
ACC_02503,a371926a63289a61,Commercial Bank,P_03251,BANK_SRC_71,True
ACC_02504,d5cdcb74a448a22f,Payment Bank,P_03688,BANK_SRC_41,True
ACC_02505,041def964d1d1e3c,Cooperative Bank,P_02026,BANK_SRC_34,True
ACC_02506,ef07bebbde4f4769,Payment Bank,P_01636,BANK_SRC_95,True
ACC_02507,66de0d0b21667439,Commercial Bank,P_00786,BANK_SRC_60,True
ACC_02508,7aad5bccd8115a2e,Commercial Bank,P_03300,BANK_SRC_30,True
ACC_02509,8af9d1a7cb68bcfb,Commercial Bank,P_02093,BANK_SRC_25,True
ACC_02510,8067bda012737811,Payment Bank,P_04891,BANK_SRC_34,True
ACC_02511,d54cc9006d96a536,Payment Bank,P_00590,BANK_SRC_95,True
ACC_02512,a9e096ce580ccc04,Commercial Bank,P_01975,BANK_SRC_56,True
ACC_02513,0a934583903c777a,Commercial Bank,P_03971,BANK_SRC_50,True
ACC_02514,768a188fd6b807b5,Commercial Bank,P_04750,BANK_SRC_96,True
ACC_02515,dd54c94cf23446b2,Commercial Bank,P_03094,BANK_SRC_74,True
ACC_02516,53ffffcd3aebd11c,Cooperative Bank,P_03443,BANK_SRC_58,True
ACC_02517,274427cd6dfe1592,NBFC,P_02894,BANK_SRC_14,True
ACC_02518,52c833ba1ba2b15b,NBFC,P_01157,BANK_SRC_80,True
ACC_02519,d2c9e020c6aad718,Payment Bank,P_04958,BANK_SRC_23,True
ACC_02520,3d67c5b8d14d33d7,Cooperative Bank,P_04508,BANK_SRC_53,True
ACC_02521,df467b3984d21846,Cooperative Bank,P_00354,BANK_SRC_18,True
ACC_02522,b7785911b7cf5d22,Commercial Bank,P_00495,BANK_SRC_19,True
ACC_02523,dabf1bda86f71299,NBFC,P_02647,BANK_SRC_93,True
ACC_02524,a84cb78a02f897fe,Commercial Bank,P_00145,BANK_SRC_14,True
ACC_02525,c56ae623b1fc9469,NBFC,P_04624,BANK_SRC_92,True
ACC_02526,ed16f61f65219b38,NBFC,P_02899,BANK_SRC_63,True
ACC_02527,3f384eec4ef640f2,NBFC,P_03066,BANK_SRC_80,True
ACC_02528,93cc232919952506,Cooperative Bank,P_00762,BANK_SRC_24,True
ACC_02529,5c5510e4cdb6407f,Cooperative Bank,P_02432,BANK_SRC_70,True
ACC_02530,b33e4da393d92911,NBFC,P_01606,BANK_SRC_20,True
ACC_02531,2f3dcc7592eceafb,Commercial Bank,P_02347,BANK_SRC_34,True
ACC_02532,073e4132cd55f051,Commercial Bank,P_00083,BANK_SRC_16,True
ACC_02533,9867c5d22b89cb53,NBFC,P_02796,BANK_SRC_15,True
ACC_02534,cf9a28fad5fe0507,Cooperative Bank,P_03952,BANK_SRC_93,True
ACC_02535,35a7a2c0e575a752,Payment Bank,P_02379,BANK_SRC_93,True
ACC_02536,e23f7545c7bfac64,Cooperative Bank,P_03678,BANK_SRC_18,True
ACC_02537,7652b053f7582e7d,Cooperative Bank,P_01893,BANK_SRC_78,True
ACC_02538,56b1eae2c8cf6e49,Cooperative Bank,P_00961,BANK_SRC_29,True
ACC_02539,72f251a1b0fe2733,Cooperative Bank,P_04883,BANK_SRC_83,True
ACC_02540,8e66c0af5a098ba7,Payment Bank,P_03716,BANK_SRC_14,True
ACC_02541,f4fed1856531349a,Cooperative Bank,P_00919,BANK_SRC_80,True
ACC_02542,d74e5128aa8a2ca0,Payment Bank,P_02471,BANK_SRC_40,True
ACC_02543,977bcc663feacd75,NBFC,P_00699,BANK_SRC_49,True
ACC_02544,2d56f7dad97920a7,NBFC,P_02958,BANK_SRC_79,True
ACC_02545,6f77f43cc5e1ba93,Cooperative Bank,P_00427,BANK_SRC_44,True
ACC_02546,0453019d8b866f8f,NBFC,P_03511,BANK_SRC_86,True
ACC_02547,25a6e83898308cc9,Payment Bank,P_04383,BANK_SRC_56,True
ACC_02548,90604cb8f8c55384,Payment Bank,P_02995,BANK_SRC_53,True
ACC_02549,6b72a6e42bdaa584,NBFC,P_04054,BANK_SRC_56,True
ACC_02550,38ad475b156f5e9d,NBFC,P_00317,BANK_SRC_14,True
ACC_02551,abc4a35453488e6e,NBFC,P_04761,BANK_SRC_28,True
ACC_02552,d09569664a7c8dc4,Payment Bank,P_00779,BANK_SRC_34,True
ACC_02553,143471bd34f52f04,Payment Bank,P_01717,BANK_SRC_96,True
ACC_02554,0d3a63bd47e03b19,Payment Bank,P_03446,BANK_SRC_12,True
ACC_02555,c9a640db3c4fe8f3,Payment Bank,P_00947,BANK_SRC_61,True
ACC_02556,ec3ad43d04e047b3,Cooperative Bank,P_00254,BANK_SRC_10,True
ACC_02557,288561f5ff7a03cf,Commercial Bank,P_03562,BANK_SRC_97,True
ACC_02558,6c0248a47a5dd9d3,NBFC,P_04646,BANK_SRC_45,True
ACC_02559,31e663424d9740af,NBFC,P_01069,BANK_SRC_39,True
ACC_02560,902a14176e283c9d,Commercial Bank,P_01894,BANK_SRC_47,True
ACC_02561,3feecd0cf7f1e9be,Cooperative Bank,P_00430,BANK_SRC_34,True
ACC_02562,31384d0bbbb6a919,NBFC,P_00864,BANK_SRC_20,True
ACC_02563,02855e2c686de9b8,Payment Bank,P_03678,BANK_SRC_50,True
ACC_02564,64abf2dc49f079f3,Payment Bank,P_03811,BANK_SRC_24,True
ACC_02565,0a2010294876c0ae,Payment Bank,P_04946,BANK_SRC_13,True
ACC_02566,0555f927ba2ac272,Commercial Bank,P_04540,BANK_SRC_10,True
ACC_02567,7a358437828ddc9c,Payment Bank,P_02726,BANK_SRC_30,True
ACC_02568,32c52a2e595da26e,Payment Bank,P_03418,BANK_SRC_86,True
ACC_02569,f6d4c01aa4f05961,NBFC,P_03024,BANK_SRC_40,True
ACC_02570,64408f641bb12ff5,Commercial Bank,P_02962,BANK_SRC_40,True
ACC_02571,bc42c4d43c77b28e,NBFC,P_00231,BANK_SRC_22,True
ACC_02572,04c22bc2bf2b17ab,Payment Bank,P_00446,BANK_SRC_64,True
ACC_02573,aee0d0c22b4a809b,Cooperative Bank,P_00178,BANK_SRC_34,True
ACC_02574,8efbf5fb52214691,NBFC,P_03001,BANK_SRC_66,True
ACC_02575,259095756fde51cc,Commercial Bank,P_02404,BANK_SRC_57,True
ACC_02576,7465e8599cb81add,Payment Bank,P_03857,BANK_SRC_34,True
ACC_02577,5323fa05e6623c5e,NBFC,P_01239,BANK_SRC_98,True
ACC_02578,b30d48fdba96e62e,Commercial Bank,P_02850,BANK_SRC_50,True
ACC_02579,07f2f11cd7c43476,Commercial Bank,P_04413,BANK_SRC_61,True
ACC_02580,bf08821c5cbeb465,Commercial Bank,P_04538,BANK_SRC_71,True
ACC_02581,731bc71878c1e81d,Commercial Bank,P_00868,BANK_SRC_18,True
ACC_02582,82648fc1bc8a0188,Cooperative Bank,P_02163,BANK_SRC_47,True
ACC_02583,34c24b6ad4bb8fd9,Cooperative Bank,P_04199,BANK_SRC_19,True
ACC_02584,44faf337868a233b,NBFC,P_01671,BANK_SRC_43,True
ACC_02585,803a0df188a162ec,NBFC,P_00758,BANK_SRC_61,True
ACC_02586,c6fdef5c5e4cc47a,Payment Bank,P_04892,BANK_SRC_93,True
ACC_02587,850fcc10d6b94f0e,NBFC,P_00439,BANK_SRC_10,True
ACC_02588,b0d2d92cea582ff4,Commercial Bank,P_01574,BANK_SRC_93,True
ACC_02589,bca179468623f758,NBFC,P_00744,BANK_SRC_21,True
ACC_02590,12ab57dd364c948a,Commercial Bank,P_03781,BANK_SRC_36,True
ACC_02591,8919a40e67a57a1b,Cooperative Bank,P_00302,BANK_SRC_67,True
ACC_02592,bf53d0af929f24f0,Commercial Bank,P_01747,BANK_SRC_95,True
ACC_02593,79d20ba11b8ce6b8,NBFC,P_04376,BANK_SRC_30,True
ACC_02594,1e603b98c4c03c61,Payment Bank,P_00243,BANK_SRC_70,True
ACC_02595,a78e359c427eb58b,NBFC,P_04810,BANK_SRC_43,True
ACC_02596,cd09f0eadb0cbb53,Commercial Bank,P_00101,BANK_SRC_95,True
ACC_02597,f0137c024a90a256,Cooperative Bank,P_02599,BANK_SRC_47,True
ACC_02598,4705176648947294,Payment Bank,P_00616,BANK_SRC_36,True
ACC_02599,d46d33be24fe73da,Commercial Bank,P_02270,BANK_SRC_25,True
ACC_02600,c8faa65c78a7e29f,Payment Bank,P_02125,BANK_SRC_94,True
ACC_02601,bc869585916d6756,Cooperative Bank,P_03243,BANK_SRC_45,True
ACC_02602,dc391bcba1877c7b,Cooperative Bank,P_04423,BANK_SRC_17,True
ACC_02603,199f8e455b3d186e,Cooperative Bank,P_03486,BANK_SRC_19,True
ACC_02604,9b6068171fab44a3,NBFC,P_00650,BANK_SRC_17,True
ACC_02605,898b2b536e5413f6,Payment Bank,P_01838,BANK_SRC_88,True
ACC_02606,5d1553ea0f087598,NBFC,P_01220,BANK_SRC_60,True
ACC_02607,e0b2a1d1962ee9aa,NBFC,P_02610,BANK_SRC_46,True
ACC_02608,efb128201204ee68,Cooperative Bank,P_03480,BANK_SRC_39,True
ACC_02609,aa727e24b1dc020a,Payment Bank,P_00808,BANK_SRC_84,True
ACC_02610,ec6e1a82beb2b756,Commercial Bank,P_02577,BANK_SRC_51,True
ACC_02611,364b21be0ed8b2b2,Cooperative Bank,P_02408,BANK_SRC_70,True
ACC_02612,cbdcfd07431bd6d7,Payment Bank,P_00854,BANK_SRC_92,True
ACC_02613,500667fbe459951e,Commercial Bank,P_03484,BANK_SRC_97,True
ACC_02614,f316fa2cb871ed52,Commercial Bank,P_00098,BANK_SRC_91,True
ACC_02615,2268e0681d932bc7,Payment Bank,P_03962,BANK_SRC_67,True
ACC_02616,f73d8a998e5801ca,Cooperative Bank,P_03079,BANK_SRC_11,True
ACC_02617,df4518380b4eee48,Payment Bank,P_02295,BANK_SRC_91,True
ACC_02618,57ac82471713f25c,NBFC,P_02371,BANK_SRC_40,True
ACC_02619,8e46ad5b10d9a9ae,NBFC,P_01951,BANK_SRC_41,True
ACC_02620,2763e4f8550e4269,NBFC,P_03540,BANK_SRC_14,True
ACC_02621,38ca38c480ee6789,Payment Bank,P_00769,BANK_SRC_29,True
ACC_02622,55680c445da9f9b7,Commercial Bank,P_02973,BANK_SRC_95,True
ACC_02623,35e804607ee2fca5,Payment Bank,P_03963,BANK_SRC_10,True
ACC_02624,9d8a14c08f407b88,Commercial Bank,P_04617,BANK_SRC_20,True
ACC_02625,80de12fe4a6e999a,NBFC,P_00947,BANK_SRC_81,True
ACC_02626,f3350fe4ae456bc2,Payment Bank,P_04689,BANK_SRC_92,True
ACC_02627,00d4944631f0b110,Payment Bank,P_00147,BANK_SRC_31,True
ACC_02628,ff85512d0203f21f,Payment Bank,P_04626,BANK_SRC_14,True
ACC_02629,dfbcabce008a373e,Cooperative Bank,P_04907,BANK_SRC_74,True
ACC_02630,3c7c93e713d3d882,NBFC,P_00553,BANK_SRC_29,True
ACC_02631,be32d7483ba2d5db,Commercial Bank,P_03200,BANK_SRC_60,True
ACC_02632,476b5c28f44504c2,Cooperative Bank,P_01684,BANK_SRC_46,True
ACC_02633,c4373e8cdddc111d,Commercial Bank,P_00631,BANK_SRC_86,True
ACC_02634,821e2d11fbffac37,Commercial Bank,P_02838,BANK_SRC_98,True
ACC_02635,c3271b9f2b8b3c32,Commercial Bank,P_03124,BANK_SRC_75,True
ACC_02636,bbb61cdaf75acd86,Commercial Bank,P_04461,BANK_SRC_60,True
ACC_02637,fef121697dd150d9,Commercial Bank,P_04211,BANK_SRC_25,True
ACC_02638,08d2391bae2065cc,NBFC,P_01230,BANK_SRC_84,True
ACC_02639,18d90b7de86c98a3,Cooperative Bank,P_02722,BANK_SRC_30,True
ACC_02640,5cda2cf77fa3e3c0,Payment Bank,P_01718,BANK_SRC_59,True
ACC_02641,dc189ce3baa26ecd,Payment Bank,P_03982,BANK_SRC_10,True
ACC_02642,7682276f789c93df,NBFC,P_01755,BANK_SRC_32,True
ACC_02643,24e63a851fcc9819,Payment Bank,P_03773,BANK_SRC_21,True
ACC_02644,4b4945e29207ba0f,NBFC,P_01553,BANK_SRC_34,True
ACC_02645,a4c43f8b46c5fdf9,NBFC,P_01180,BANK_SRC_39,True
ACC_02646,8bfb4d1ac366a9ff,Cooperative Bank,P_04111,BANK_SRC_22,True
ACC_02647,3df48242945d7951,Commercial Bank,P_02536,BANK_SRC_87,True
ACC_02648,72127505a1aa87d3,NBFC,P_02118,BANK_SRC_86,True
ACC_02649,0a15bc101a5b673c,Payment Bank,P_01954,BANK_SRC_24,True
ACC_02650,6113973a652b4656,NBFC,P_03028,BANK_SRC_18,True
ACC_02651,06953e8bb77d4022,Commercial Bank,P_02404,BANK_SRC_94,True
ACC_02652,53917407e0f9d38d,Cooperative Bank,P_02698,BANK_SRC_94,True
ACC_02653,132f865bbc0d11ab,Payment Bank,P_02704,BANK_SRC_55,True
ACC_02654,bb2199423cc4626c,Cooperative Bank,P_04081,BANK_SRC_60,True
ACC_02655,d8f448cb7c6d2ac5,Cooperative Bank,P_02468,BANK_SRC_68,True
ACC_02656,56d7f7542299eba7,Cooperative Bank,P_04793,BANK_SRC_38,True
ACC_02657,bf03238f676a89f0,Commercial Bank,P_04361,BANK_SRC_64,True
ACC_02658,5b6536ad15c43d18,Cooperative Bank,P_00586,BANK_SRC_20,True
ACC_02659,3d761e1479823722,Commercial Bank,P_01961,BANK_SRC_94,True
ACC_02660,5e93eb31886e0a5e,Cooperative Bank,P_00604,BANK_SRC_16,True
ACC_02661,ffa609d89489e31d,Payment Bank,P_00876,BANK_SRC_34,True
ACC_02662,3bc373984063c463,Cooperative Bank,P_03056,BANK_SRC_43,True
ACC_02663,545c7fb81320ba7f,Payment Bank,P_03318,BANK_SRC_77,True
ACC_02664,1f39d1aaecf57fd0,Cooperative Bank,P_02411,BANK_SRC_37,True
ACC_02665,4f473299742e8f2f,Cooperative Bank,P_01143,BANK_SRC_31,True
ACC_02666,8726c43f29c7df5c,Cooperative Bank,P_00274,BANK_SRC_77,True
ACC_02667,09199b89ba7858fb,Payment Bank,P_02636,BANK_SRC_36,True
ACC_02668,0d4bbce78083550c,NBFC,P_04791,BANK_SRC_11,True
ACC_02669,20e3bff1d9677391,NBFC,P_04412,BANK_SRC_76,True
ACC_02670,214f190259c7f649,Cooperative Bank,P_01681,BANK_SRC_25,True
ACC_02671,213e483ea3298159,Cooperative Bank,P_01845,BANK_SRC_27,True
ACC_02672,1cb6ac3c49b43007,Commercial Bank,P_03079,BANK_SRC_89,True
ACC_02673,e3491739669f9be7,Commercial Bank,P_04883,BANK_SRC_57,True
ACC_02674,d3d4d2307814d2a4,Commercial Bank,P_00875,BANK_SRC_67,True
ACC_02675,6c6d855b4e1894bd,Cooperative Bank,P_04048,BANK_SRC_79,True
ACC_02676,29c5d6ebf997d169,Payment Bank,P_00026,BANK_SRC_93,True
ACC_02677,798b6caac747d543,Commercial Bank,P_03586,BANK_SRC_22,True
ACC_02678,b7c131ebab40651b,NBFC,P_01830,BANK_SRC_17,True
ACC_02679,0c5c184cb31d2e19,NBFC,P_02098,BANK_SRC_31,True
ACC_02680,bd8fea25091fc39f,Payment Bank,P_02509,BANK_SRC_49,True
ACC_02681,f831a0429f818b4c,Commercial Bank,P_00256,BANK_SRC_51,True
ACC_02682,8a45914c54756c87,Payment Bank,P_01906,BANK_SRC_93,True
ACC_02683,09253f6d05f7bcab,Cooperative Bank,P_04256,BANK_SRC_43,True
ACC_02684,1eb7c8fa6364bb39,Commercial Bank,P_04521,BANK_SRC_75,True
ACC_02685,4e060f7bd062a584,Cooperative Bank,P_00225,BANK_SRC_82,True
ACC_02686,bdb754902ea1bf4e,Cooperative Bank,P_01904,BANK_SRC_78,True
ACC_02687,1ceb56087986f875,Cooperative Bank,P_02345,BANK_SRC_53,True
ACC_02688,7546c354be2c3451,NBFC,P_04319,BANK_SRC_18,True
ACC_02689,34a7e1c07c35d17e,Payment Bank,P_03041,BANK_SRC_40,True
ACC_02690,80d9c8b4fc4083f4,NBFC,P_01773,BANK_SRC_12,True
ACC_02691,15ede149d51c8d68,NBFC,P_03124,BANK_SRC_17,True
ACC_02692,5b02ae2a70d90985,Commercial Bank,P_03290,BANK_SRC_22,True
ACC_02693,5032cd9c1b680d98,Payment Bank,P_04695,BANK_SRC_53,True
ACC_02694,e3c489f8ba94e43d,Cooperative Bank,P_01805,BANK_SRC_72,True
ACC_02695,35b9e31b9b144b2f,Cooperative Bank,P_01684,BANK_SRC_42,True
ACC_02696,83bdcc04fbc7e7a3,NBFC,P_00468,BANK_SRC_89,True
ACC_02697,4662a8eb962ded12,Commercial Bank,P_00633,BANK_SRC_37,True
ACC_02698,613e80997b844ce5,Cooperative Bank,P_03979,BANK_SRC_13,True
ACC_02699,6b1e8c936ba576b1,Cooperative Bank,P_03393,BANK_SRC_16,True
ACC_02700,8ccdbff22cdb9723,Cooperative Bank,P_00120,BANK_SRC_15,True
ACC_02701,5b4fb9b0dd712c31,Cooperative Bank,P_03907,BANK_SRC_44,True
ACC_02702,a96b2c79d7152f74,Payment Bank,P_03677,BANK_SRC_65,True
ACC_02703,483ef86d27d1439c,Cooperative Bank,P_04579,BANK_SRC_56,True
ACC_02704,64af8d6650dff690,Commercial Bank,P_02632,BANK_SRC_52,True
ACC_02705,e858b021c09470b4,Commercial Bank,P_01793,BANK_SRC_26,True
ACC_02706,854465d74ed9a40e,Cooperative Bank,P_00199,BANK_SRC_14,True
ACC_02707,f0e44d6afb78a87c,Commercial Bank,P_02832,BANK_SRC_39,True
ACC_02708,3957d5435f996fed,Commercial Bank,P_02571,BANK_SRC_78,True
ACC_02709,4018844e447665e6,NBFC,P_00809,BANK_SRC_79,True
ACC_02710,75452c092e28e497,NBFC,P_02203,BANK_SRC_51,True
ACC_02711,8b605c9ad91d4265,Commercial Bank,P_03660,BANK_SRC_67,True
ACC_02712,f92afd8dfea0d406,Payment Bank,P_02207,BANK_SRC_43,True
ACC_02713,f1ea49b9183ab6d4,Commercial Bank,P_00455,BANK_SRC_57,True
ACC_02714,c6de16ad09ae4433,Payment Bank,P_02670,BANK_SRC_11,True
ACC_02715,5209d6f3bd068091,Commercial Bank,P_04621,BANK_SRC_24,True
ACC_02716,232387c0282fe00b,Payment Bank,P_03225,BANK_SRC_86,True
ACC_02717,80072df9656057e6,Commercial Bank,P_04889,BANK_SRC_13,True
ACC_02718,d746f3e6becacff5,Payment Bank,P_00587,BANK_SRC_14,True
ACC_02719,75049f09d0bf790e,Commercial Bank,P_02860,BANK_SRC_59,True
ACC_02720,84ea31270eea895a,Commercial Bank,P_03922,BANK_SRC_42,True
ACC_02721,7c22dd2207fb07e3,Payment Bank,P_02275,BANK_SRC_49,True
ACC_02722,90e7dfbf8ee6043c,Commercial Bank,P_04349,BANK_SRC_11,True
ACC_02723,1adcfd8669df0f0f,Commercial Bank,P_00330,BANK_SRC_12,True
ACC_02724,cd60a8b96274ce2c,Payment Bank,P_02448,BANK_SRC_55,True
ACC_02725,b8efa17c605e3486,NBFC,P_02112,BANK_SRC_77,True
ACC_02726,af37de8a0efff155,NBFC,P_01729,BANK_SRC_54,True
ACC_02727,7e23ab759997a4c5,Commercial Bank,P_01396,BANK_SRC_46,True
ACC_02728,2ba72407f3da4493,Cooperative Bank,P_04519,BANK_SRC_46,True
ACC_02729,c581476a59434056,Payment Bank,P_03247,BANK_SRC_66,True
ACC_02730,c9fa14154dd7ebc0,Cooperative Bank,P_03458,BANK_SRC_77,True
ACC_02731,761fea1258c7e3ea,Payment Bank,P_00324,BANK_SRC_20,True
ACC_02732,05006c7c2329204a,Commercial Bank,P_00731,BANK_SRC_31,True
ACC_02733,7e7b978315da3a28,Cooperative Bank,P_00875,BANK_SRC_97,True
ACC_02734,bfcd3c12d274c020,Commercial Bank,P_03055,BANK_SRC_57,True
ACC_02735,00ce7f4fd720bdf3,Commercial Bank,P_04638,BANK_SRC_49,True
ACC_02736,53ae74ae97f29a6e,Commercial Bank,P_01969,BANK_SRC_66,True
ACC_02737,a8cbdda509605dd8,Payment Bank,P_00579,BANK_SRC_19,True
ACC_02738,ce293a5cf452cfd7,NBFC,P_03546,BANK_SRC_71,True
ACC_02739,585de66893debbe8,Commercial Bank,P_03173,BANK_SRC_90,True
ACC_02740,1f3f012cce887682,Cooperative Bank,P_00327,BANK_SRC_99,True
ACC_02741,bf50132a4a2d4d7a,NBFC,P_02076,BANK_SRC_61,True
ACC_02742,f8314ea5bce064d7,Payment Bank,P_03866,BANK_SRC_49,True
ACC_02743,d338985cad1fe8fb,Payment Bank,P_03079,BANK_SRC_47,True
ACC_02744,d87227bd1d199608,NBFC,P_02326,BANK_SRC_46,True
ACC_02745,0d5cff67a6ecae38,Cooperative Bank,P_02994,BANK_SRC_42,True
ACC_02746,bb8bfe960ec0eab3,Cooperative Bank,P_02526,BANK_SRC_33,True
ACC_02747,9f29c60dd2ee8e2f,Cooperative Bank,P_04262,BANK_SRC_44,True
ACC_02748,4c85343c1228370a,Cooperative Bank,P_02334,BANK_SRC_84,True
ACC_02749,eb4236e62635902a,Payment Bank,P_03749,BANK_SRC_48,True
ACC_02750,2ebf46f3d62f24cd,Commercial Bank,P_04440,BANK_SRC_83,True
ACC_02751,5fa16c86ed76adfd,Payment Bank,P_02536,BANK_SRC_61,True
ACC_02752,af677bc4f5a82ba2,Cooperative Bank,P_01923,BANK_SRC_92,True
ACC_02753,7c6f73c0ee7dbc6d,Commercial Bank,P_02418,BANK_SRC_92,True
ACC_02754,63a43b38bcf18260,NBFC,P_03905,BANK_SRC_60,True
ACC_02755,4821402d0ee73b61,Cooperative Bank,P_03911,BANK_SRC_67,True
ACC_02756,9b576432093c6f4e,Cooperative Bank,P_04448,BANK_SRC_45,True
ACC_02757,56d0998fc481ad2b,Commercial Bank,P_01213,BANK_SRC_78,True
ACC_02758,561b599509ebc0bb,Cooperative Bank,P_03724,BANK_SRC_78,True
ACC_02759,0bcbdfac29e056a7,NBFC,P_04683,BANK_SRC_65,True
ACC_02760,a8df58fe9f61b094,NBFC,P_03750,BANK_SRC_17,True
ACC_02761,7e15813d6d230054,Cooperative Bank,P_00669,BANK_SRC_56,True
ACC_02762,7fdfa4eab24eda81,Payment Bank,P_01341,BANK_SRC_83,True
ACC_02763,2c586ddadbdcb508,NBFC,P_01726,BANK_SRC_84,True
ACC_02764,2c11f4f04276c415,Payment Bank,P_04162,BANK_SRC_63,True
ACC_02765,b56e3167a09de55d,Commercial Bank,P_03666,BANK_SRC_13,True
ACC_02766,2846433ea2c2512a,NBFC,P_03071,BANK_SRC_37,True
ACC_02767,0e76c5991055bc3a,Commercial Bank,P_04844,BANK_SRC_94,True
ACC_02768,a1ea2c9622fa9d7b,NBFC,P_02031,BANK_SRC_71,True
ACC_02769,e6d9863837e4fb5a,Payment Bank,P_03943,BANK_SRC_14,True
ACC_02770,ee0b1860ebb07a42,NBFC,P_02912,BANK_SRC_17,True
ACC_02771,ea93fd2823ea9c91,Commercial Bank,P_01105,BANK_SRC_99,True
ACC_02772,ab8614fc4b028eed,Payment Bank,P_00701,BANK_SRC_42,True
ACC_02773,7ee0ac9ffdade627,Payment Bank,P_02360,BANK_SRC_68,True
ACC_02774,19303d6022e01b1a,NBFC,P_02653,BANK_SRC_90,True
ACC_02775,17ab9782788c1513,Payment Bank,P_01774,BANK_SRC_80,True
ACC_02776,364e859e7248fa05,Payment Bank,P_02253,BANK_SRC_95,True
ACC_02777,bde390972c16be5c,Cooperative Bank,P_03879,BANK_SRC_53,True
ACC_02778,868189b0ca6a3615,Commercial Bank,P_02273,BANK_SRC_52,True
ACC_02779,6f254871cf1f10b3,Payment Bank,P_00217,BANK_SRC_37,True
ACC_02780,7ca78df08bea9eed,Cooperative Bank,P_00081,BANK_SRC_70,True
ACC_02781,a63beaccdebb016e,Cooperative Bank,P_03852,BANK_SRC_70,True
ACC_02782,5b49affc4a26d673,NBFC,P_03188,BANK_SRC_17,True
ACC_02783,4e0e72afd94068c3,NBFC,P_04550,BANK_SRC_61,True
ACC_02784,b6b208f92251ec40,NBFC,P_00188,BANK_SRC_88,True
ACC_02785,0146379b342cb509,NBFC,P_04023,BANK_SRC_65,True
ACC_02786,3ed6f6af5a17eaba,Cooperative Bank,P_02509,BANK_SRC_92,True
ACC_02787,271fb8d55f8bcac7,Payment Bank,P_04916,BANK_SRC_15,True
ACC_02788,3ac42a5cf610ac27,NBFC,P_00464,BANK_SRC_23,True
ACC_02789,b8d1d2dfa82023fd,NBFC,P_03542,BANK_SRC_73,True
ACC_02790,3c38e97c43b84271,Payment Bank,P_03826,BANK_SRC_27,True
ACC_02791,9c311491b45681b3,NBFC,P_02327,BANK_SRC_46,True
ACC_02792,5b9aba80a14daf1a,Commercial Bank,P_04623,BANK_SRC_59,True
ACC_02793,c08d3164c5eaf0ff,Payment Bank,P_01582,BANK_SRC_12,True
ACC_02794,6053a8dc34b688db,Payment Bank,P_03857,BANK_SRC_87,True
ACC_02795,22d2b6a34389740c,Commercial Bank,P_01442,BANK_SRC_59,True
ACC_02796,51ef46b6fabae208,NBFC,P_04968,BANK_SRC_88,True
ACC_02797,48d39ce4fd62f233,NBFC,P_03903,BANK_SRC_89,True
ACC_02798,91f167fbca49a414,Commercial Bank,P_04271,BANK_SRC_71,True
ACC_02799,78605786144b9a03,Commercial Bank,P_00378,BANK_SRC_35,True
ACC_02800,7deb7cde4053661d,Commercial Bank,P_01768,BANK_SRC_28,True
ACC_02801,67d32a98c06fcf7f,Cooperative Bank,P_01709,BANK_SRC_32,True
ACC_02802,3354ae8af01aeb52,Payment Bank,P_03541,BANK_SRC_89,True
ACC_02803,248c0757a61bfad5,Commercial Bank,P_02354,BANK_SRC_21,True
ACC_02804,4b80583d61a55b1a,Payment Bank,P_03108,BANK_SRC_88,True
ACC_02805,642a4b6dfe0f6155,Cooperative Bank,P_00966,BANK_SRC_83,True
ACC_02806,d5be3a43424f18e2,Cooperative Bank,P_02010,BANK_SRC_18,True
ACC_02807,f9e0af437d164621,NBFC,P_00877,BANK_SRC_86,True
ACC_02808,533eb9a2f64e18ba,Payment Bank,P_00774,BANK_SRC_85,True
ACC_02809,813dd4fa3e76c83a,Cooperative Bank,P_02859,BANK_SRC_13,True
ACC_02810,d7f97122ad2f34ba,Commercial Bank,P_01545,BANK_SRC_57,True
ACC_02811,900ad1968586d995,NBFC,P_04938,BANK_SRC_97,True
ACC_02812,ba19114d18f5ffeb,Payment Bank,P_03545,BANK_SRC_29,True
ACC_02813,3a90e5403afbe81b,Cooperative Bank,P_01777,BANK_SRC_81,True
ACC_02814,945644b67f5f445a,Payment Bank,P_01703,BANK_SRC_96,True
ACC_02815,3ffe4a9b924d98b0,Payment Bank,P_02400,BANK_SRC_59,True
ACC_02816,26eeadd70d38da48,Payment Bank,P_01986,BANK_SRC_90,True
ACC_02817,e7968ac923fe3e8a,Cooperative Bank,P_04505,BANK_SRC_11,True
ACC_02818,f6db27e225a90094,NBFC,P_01469,BANK_SRC_27,True
ACC_02819,31ac0ae4b3b664ad,Cooperative Bank,P_00650,BANK_SRC_19,True
ACC_02820,f4d56bc8feaff62c,Commercial Bank,P_03286,BANK_SRC_52,True
ACC_02821,a02274111d0c0a42,NBFC,P_02888,BANK_SRC_66,True
ACC_02822,346aac0267b5af93,Payment Bank,P_04968,BANK_SRC_96,True
ACC_02823,9caadbeb7cb6a567,NBFC,P_04283,BANK_SRC_81,True
ACC_02824,cd7175bbaf10036a,Cooperative Bank,P_03780,BANK_SRC_75,True
ACC_02825,e7dab4c9a632b3ed,Cooperative Bank,P_04410,BANK_SRC_77,True
ACC_02826,c4f582074d4ac20e,NBFC,P_03574,BANK_SRC_71,True
ACC_02827,232cba32eae8e673,Commercial Bank,P_02155,BANK_SRC_16,True
ACC_02828,f456748942a4c848,NBFC,P_02462,BANK_SRC_31,True
ACC_02829,bcfa899f8f5d97ca,Payment Bank,P_04890,BANK_SRC_33,True
ACC_02830,ce02647183ac8663,Cooperative Bank,P_02356,BANK_SRC_19,True
ACC_02831,6b1fb6663701eb20,Commercial Bank,P_04305,BANK_SRC_46,True
ACC_02832,8ece5350e1d2b5e0,Commercial Bank,P_00166,BANK_SRC_68,True
ACC_02833,c320fdefea4a2eab,Cooperative Bank,P_00838,BANK_SRC_86,True
ACC_02834,b7b51af18ef2e273,NBFC,P_02341,BANK_SRC_17,True
ACC_02835,c9c28fc4a1addc51,NBFC,P_01475,BANK_SRC_77,True
ACC_02836,a4d10a7df2748a83,NBFC,P_00817,BANK_SRC_38,True
ACC_02837,4685eb28b7e92bbf,Commercial Bank,P_02930,BANK_SRC_84,True
ACC_02838,bf12da1836c16dce,Commercial Bank,P_01717,BANK_SRC_94,True
ACC_02839,cc8ce61623be8325,Payment Bank,P_00651,BANK_SRC_57,True
ACC_02840,29d8fc4409e4fd64,Cooperative Bank,P_03242,BANK_SRC_71,True
ACC_02841,ece5e450e199ee68,Commercial Bank,P_00472,BANK_SRC_95,True
ACC_02842,0133a71e70d1c66d,Cooperative Bank,P_03778,BANK_SRC_21,True
ACC_02843,41d8fb41313cdc5c,Commercial Bank,P_03695,BANK_SRC_73,True
ACC_02844,fe5fe19929a01fd0,Commercial Bank,P_01911,BANK_SRC_99,True
ACC_02845,b7b83a4adf90a3f5,Cooperative Bank,P_03648,BANK_SRC_40,True
ACC_02846,bcf249b7a87da482,Commercial Bank,P_04879,BANK_SRC_22,True
ACC_02847,a1ff84c321133276,NBFC,P_02419,BANK_SRC_30,True
ACC_02848,e665e65e480f6f7b,Cooperative Bank,P_00629,BANK_SRC_30,True
ACC_02849,7d9aef8d8f81f37d,Commercial Bank,P_02187,BANK_SRC_36,True
ACC_02850,49ab9334daf1af87,Payment Bank,P_04391,BANK_SRC_98,True
ACC_02851,68eda3ca616ba6ed,Cooperative Bank,P_04863,BANK_SRC_93,True
ACC_02852,12be7b339e959420,Payment Bank,P_02565,BANK_SRC_41,True
ACC_02853,04b7ccc304018c94,Commercial Bank,P_02797,BANK_SRC_81,True
ACC_02854,c8d67f5ca74bb394,Commercial Bank,P_00254,BANK_SRC_20,True
ACC_02855,2f3868672ff220cc,Commercial Bank,P_02588,BANK_SRC_24,True
ACC_02856,c73444a1efbd9551,NBFC,P_04688,BANK_SRC_17,True
ACC_02857,7a00a076040576fa,Cooperative Bank,P_01238,BANK_SRC_99,True
ACC_02858,221a4c5446d8b272,NBFC,P_02293,BANK_SRC_63,True
ACC_02859,54fe0c8c7d0cae6c,Payment Bank,P_00408,BANK_SRC_74,True
ACC_02860,fa6c004c912710e5,Payment Bank,P_02723,BANK_SRC_70,True
ACC_02861,8a4e492d708dc9dc,Cooperative Bank,P_02867,BANK_SRC_49,True
ACC_02862,7227d1e7ad6bdeb6,Commercial Bank,P_03283,BANK_SRC_59,True
ACC_02863,dbf4a60940c8cec0,NBFC,P_04839,BANK_SRC_24,True
ACC_02864,ea099a7d3a0fc73d,NBFC,P_04127,BANK_SRC_73,True
ACC_02865,cdbd35a04810a337,Payment Bank,P_00896,BANK_SRC_81,True
ACC_02866,127635111785be06,Commercial Bank,P_04572,BANK_SRC_57,True
ACC_02867,3713ac26928f34c0,NBFC,P_04558,BANK_SRC_95,True
ACC_02868,c3441aafd01d6a61,Cooperative Bank,P_02706,BANK_SRC_61,True
ACC_02869,41bd5abbe7ca8bb0,NBFC,P_04126,BANK_SRC_51,True
ACC_02870,ec9575f391bfda93,Payment Bank,P_00383,BANK_SRC_21,True
ACC_02871,e445a6cd12ebd087,Payment Bank,P_02498,BANK_SRC_28,True
ACC_02872,33c65d348ab4db6f,Commercial Bank,P_03313,BANK_SRC_99,True
ACC_02873,8ad353a04e0d4828,Commercial Bank,P_02839,BANK_SRC_52,True
ACC_02874,887507697ae7c473,NBFC,P_01015,BANK_SRC_32,True
ACC_02875,a2c89d8c11e21051,NBFC,P_03365,BANK_SRC_15,True
ACC_02876,c68343037d665083,Commercial Bank,P_02451,BANK_SRC_62,True
ACC_02877,ac3a4f5e573ba3c8,Commercial Bank,P_04616,BANK_SRC_47,True
ACC_02878,e2a8d6ba447ac27b,NBFC,P_01228,BANK_SRC_58,True
ACC_02879,5884d724d9a17a18,Commercial Bank,P_04012,BANK_SRC_15,True
ACC_02880,756e1b3589e82f2b,Payment Bank,P_03516,BANK_SRC_38,True
ACC_02881,53095cde2a3ad7b8,NBFC,P_03490,BANK_SRC_29,True
ACC_02882,8a37dd5aaeab751c,NBFC,P_01849,BANK_SRC_23,True
ACC_02883,a4fe8ad0bab1cc50,Commercial Bank,P_00389,BANK_SRC_68,True
ACC_02884,24ecad3b632a3f3f,Commercial Bank,P_00685,BANK_SRC_73,True
ACC_02885,f86e79f2ff5b4780,NBFC,P_03543,BANK_SRC_54,True
ACC_02886,0011129373924098,NBFC,P_00909,BANK_SRC_70,True
ACC_02887,c38a720b0cfaddff,Payment Bank,P_04536,BANK_SRC_57,True
ACC_02888,928c9fe429337325,Commercial Bank,P_02971,BANK_SRC_77,True
ACC_02889,3cb6164449907066,NBFC,P_03506,BANK_SRC_15,True
ACC_02890,8c5374b2c891a193,Cooperative Bank,P_03551,BANK_SRC_98,True
ACC_02891,064f3e9ae6e7dedf,Cooperative Bank,P_00757,BANK_SRC_48,True
ACC_02892,3d0784a393e0db0d,Payment Bank,P_04803,BANK_SRC_36,True
ACC_02893,bdd09d8acfc35bf5,Cooperative Bank,P_00088,BANK_SRC_24,True
ACC_02894,e1fe0270c5f276d4,Cooperative Bank,P_02969,BANK_SRC_56,True
ACC_02895,8ffb97a2dd97c243,Cooperative Bank,P_03976,BANK_SRC_64,True
ACC_02896,d70f76c2a1b9836f,Commercial Bank,P_03800,BANK_SRC_31,True
ACC_02897,9ee5b2b10334abb8,Payment Bank,P_00369,BANK_SRC_46,True
ACC_02898,54c858a209b0d413,Commercial Bank,P_03812,BANK_SRC_21,True
ACC_02899,011cf38385db4a7a,NBFC,P_01445,BANK_SRC_26,True
ACC_02900,625034062ba72e9e,NBFC,P_00499,BANK_SRC_22,True
ACC_02901,de0f98be7e6a398f,Commercial Bank,P_00120,BANK_SRC_29,True
ACC_02902,f5f5ff821501d9d8,Commercial Bank,P_02931,BANK_SRC_61,True
ACC_02903,7f9532349bb32285,NBFC,P_01380,BANK_SRC_40,True
ACC_02904,d58d84cabb2f6a07,Payment Bank,P_03750,BANK_SRC_53,True
ACC_02905,6c7aec9343a4e97c,Payment Bank,P_02882,BANK_SRC_25,True
ACC_02906,465e8afda88cfff6,NBFC,P_03207,BANK_SRC_29,True
ACC_02907,af57ae4d6b8c536b,NBFC,P_04691,BANK_SRC_34,True
ACC_02908,89461e516c342a4d,Payment Bank,P_03161,BANK_SRC_41,True
ACC_02909,98a9080d0b813978,Cooperative Bank,P_03078,BANK_SRC_28,True
ACC_02910,f5e1542ce3910e34,Cooperative Bank,P_00497,BANK_SRC_51,True
ACC_02911,f68582b777609ddd,Commercial Bank,P_02309,BANK_SRC_59,True
ACC_02912,3cf3ade571242502,NBFC,P_02246,BANK_SRC_81,True
ACC_02913,068b83432a60f39f,NBFC,P_03794,BANK_SRC_22,True
ACC_02914,e58caaabdbcf23df,Payment Bank,P_04486,BANK_SRC_25,True
ACC_02915,e8d6a3e37d0428da,Commercial Bank,P_00459,BANK_SRC_65,True
ACC_02916,4c8c6c0633464a30,Payment Bank,P_03191,BANK_SRC_75,True
ACC_02917,52d6990bc5447260,Commercial Bank,P_02401,BANK_SRC_10,True
ACC_02918,455ce4a780732d88,Cooperative Bank,P_02315,BANK_SRC_99,True
ACC_02919,31958c671db03671,NBFC,P_02566,BANK_SRC_10,True
ACC_02920,4644a6e0786a91ac,Commercial Bank,P_04468,BANK_SRC_59,True
ACC_02921,8a74b363a6bb9712,Payment Bank,P_02309,BANK_SRC_89,True
ACC_02922,5f6ffff32a2da471,NBFC,P_00044,BANK_SRC_88,True
ACC_02923,aed2caf8bc4320d4,Cooperative Bank,P_00418,BANK_SRC_17,True
ACC_02924,1732c7287b6f317d,Cooperative Bank,P_02201,BANK_SRC_72,True
ACC_02925,8f878866ac3d3955,Cooperative Bank,P_04436,BANK_SRC_68,True
ACC_02926,7b1c0272d4df99d5,Commercial Bank,P_03486,BANK_SRC_34,True
ACC_02927,d3d666386c1f5f4d,Payment Bank,P_00036,BANK_SRC_90,True
ACC_02928,27d0a43c722bbe9b,Payment Bank,P_00410,BANK_SRC_72,True
ACC_02929,ffba295213214838,Cooperative Bank,P_02691,BANK_SRC_79,True
ACC_02930,35793ea72fbe646a,Payment Bank,P_04258,BANK_SRC_33,True
ACC_02931,3ef7f9406ddb9046,NBFC,P_03971,BANK_SRC_30,True
ACC_02932,31b837219e904939,Payment Bank,P_04279,BANK_SRC_10,True
ACC_02933,4482670b139054cf,Payment Bank,P_03641,BANK_SRC_38,True
ACC_02934,19c4170573c7d241,Cooperative Bank,P_01506,BANK_SRC_78,True
ACC_02935,e6b679889cb70148,Payment Bank,P_02956,BANK_SRC_17,True
ACC_02936,07e3ce0833c22116,Cooperative Bank,P_00960,BANK_SRC_42,True
ACC_02937,75613943349a19ac,NBFC,P_03835,BANK_SRC_80,True
ACC_02938,6b76c64cd29d4054,Commercial Bank,P_04276,BANK_SRC_56,True
ACC_02939,023dc3dba5e3a47b,Commercial Bank,P_01001,BANK_SRC_77,True
ACC_02940,eaad62cfe4fe964e,Commercial Bank,P_02238,BANK_SRC_55,True
ACC_02941,a69e375bdafa16ef,Commercial Bank,P_00759,BANK_SRC_26,True
ACC_02942,8fd06d2b58ba77fa,Payment Bank,P_00181,BANK_SRC_90,True
ACC_02943,ffdc2f1189651acb,Payment Bank,P_00342,BANK_SRC_18,True
ACC_02944,315d0233b203ef91,Cooperative Bank,P_02714,BANK_SRC_37,True
ACC_02945,dfb7eb6c0ed46329,Cooperative Bank,P_01262,BANK_SRC_58,True
ACC_02946,22af273b9680c687,Payment Bank,P_04602,BANK_SRC_67,True
ACC_02947,bfaca6fe83c3c306,Cooperative Bank,P_01853,BANK_SRC_15,True
ACC_02948,15a71a9621e0eabe,Payment Bank,P_04648,BANK_SRC_32,True
ACC_02949,29cf4c5a9916cf9f,NBFC,P_01669,BANK_SRC_16,True
ACC_02950,c93603f411b0e2a3,NBFC,P_03007,BANK_SRC_15,True
ACC_02951,b050f75e79a4abb9,Payment Bank,P_03596,BANK_SRC_25,True
ACC_02952,6c709a68bbd9d98f,Payment Bank,P_01668,BANK_SRC_88,True
ACC_02953,63b3bfffb940bdc8,Payment Bank,P_00710,BANK_SRC_78,True
ACC_02954,ac01f82b7339a9cb,NBFC,P_00570,BANK_SRC_59,True
ACC_02955,f0f3a7da143c157d,Payment Bank,P_04740,BANK_SRC_36,True
ACC_02956,79bec0c5eeccdb29,Commercial Bank,P_03503,BANK_SRC_94,True
ACC_02957,4656f293304ea32d,Payment Bank,P_02509,BANK_SRC_57,True
ACC_02958,ea1fb9d68b33d8f8,Commercial Bank,P_03447,BANK_SRC_79,True
ACC_02959,501d8a14f119bb13,Cooperative Bank,P_04782,BANK_SRC_93,True
ACC_02960,35c5e4ec3dbda1a9,NBFC,P_00884,BANK_SRC_62,True
ACC_02961,f4b75074af32ca3c,Cooperative Bank,P_01870,BANK_SRC_11,True
ACC_02962,8691012384d2c2ad,Cooperative Bank,P_02352,BANK_SRC_38,True
ACC_02963,269bc2671504039f,Cooperative Bank,P_04341,BANK_SRC_23,True
ACC_02964,1df60c55d8400fc8,Cooperative Bank,P_04670,BANK_SRC_51,True
ACC_02965,202def7302af3cdf,Commercial Bank,P_00222,BANK_SRC_43,True
ACC_02966,b351def40e18d5ae,NBFC,P_00048,BANK_SRC_58,True
ACC_02967,6410d98d47081d02,NBFC,P_03513,BANK_SRC_15,True
ACC_02968,d7ca631a7898899d,NBFC,P_04190,BANK_SRC_15,True
ACC_02969,ba0e12acfd665a91,NBFC,P_01313,BANK_SRC_74,True
ACC_02970,30736587c1eae7b9,NBFC,P_04965,BANK_SRC_74,True
ACC_02971,3e4a7395c53216b0,NBFC,P_00238,BANK_SRC_34,True
ACC_02972,fdcfe9bab9de48ad,Cooperative Bank,P_04438,BANK_SRC_34,True
ACC_02973,4c08c2f2495d98db,Commercial Bank,P_00354,BANK_SRC_21,True
ACC_02974,498255e3a65c7740,Cooperative Bank,P_04987,BANK_SRC_47,True
ACC_02975,93fee6788c535cfc,NBFC,P_03803,BANK_SRC_56,True
ACC_02976,a879e54db35091ea,Cooperative Bank,P_00814,BANK_SRC_23,True
ACC_02977,b5c1a10d1e7a1048,NBFC,P_00027,BANK_SRC_34,True
ACC_02978,f4fafbc91b59fb71,Cooperative Bank,P_03308,BANK_SRC_74,True
ACC_02979,d5e98b237703ebe4,NBFC,P_00558,BANK_SRC_11,True
ACC_02980,eadbca4673901e73,Commercial Bank,P_00113,BANK_SRC_30,True
ACC_02981,978678a38f7094db,Payment Bank,P_03985,BANK_SRC_30,True
ACC_02982,db9e0b6bb9ea1a18,Payment Bank,P_03027,BANK_SRC_58,True
ACC_02983,65d0516499e3a970,Commercial Bank,P_02643,BANK_SRC_96,True
ACC_02984,f1c5a862bf8ebca4,Cooperative Bank,P_03684,BANK_SRC_90,True
ACC_02985,351ec0fc7bd4afa4,NBFC,P_02387,BANK_SRC_87,True
ACC_02986,5868ead62c231c4a,Commercial Bank,P_03628,BANK_SRC_15,True
ACC_02987,f8266ddda46fe7ab,Cooperative Bank,P_04568,BANK_SRC_43,True
ACC_02988,d1ac0e07410c60b0,Payment Bank,P_04578,BANK_SRC_43,True
ACC_02989,5747c4521540c2ed,NBFC,P_02157,BANK_SRC_80,True
ACC_02990,4f6ff6cec680a771,Cooperative Bank,P_04699,BANK_SRC_34,True
ACC_02991,dd34723fe631eab9,NBFC,P_02137,BANK_SRC_98,True
ACC_02992,e45dba1e1791f6b6,NBFC,P_03751,BANK_SRC_17,True
ACC_02993,1ba22e4ecda2325c,Commercial Bank,P_01498,BANK_SRC_95,True
ACC_02994,8f31fad16b360125,NBFC,P_04228,BANK_SRC_64,True
ACC_02995,10ee796aa8ae4025,Payment Bank,P_03400,BANK_SRC_91,True
ACC_02996,47914659a03c418b,NBFC,P_04964,BANK_SRC_91,True
ACC_02997,ce7456da5757cbf7,Commercial Bank,P_02036,BANK_SRC_77,True
ACC_02998,11e470992bb21567,Commercial Bank,P_04182,BANK_SRC_99,True
ACC_02999,25f1187c04ab4af7,Cooperative Bank,P_01734,BANK_SRC_92,True
ACC_03000,24e3918c80a69058,NBFC,P_02740,BANK_SRC_23,True
