CaseMasterID,CrimeNo,CaseNo,CrimeRegisteredDate,PolicePersonID,PoliceStationID,CaseCategoryID,GravityOffenceID,CrimeMajorHeadID,CrimeMinorHeadID,CaseStatusID,CourtID,IncidentFromDate,IncidentToDate,InfoReceivedPSDate,Latitude,Longitude,BriefFacts,SourceSystem,SourceRecordID,SourceVersion,synthetic_demo_record
1,CR/0001/2025,CASE_2025_0001,2025-01-04T15:41:22,POL_125,PS_BYCULLA,CAT_CRIMINAL,HEINOUS,VEHICLE_THEFT_RING,observe_target_vehicle,UNDER_INVESTIGATION,COURT_MUMBAI_MAGISTRATE,2025-01-04T15:41:22,2025-01-04T15:41:22,2025-01-04T15:41:22,18.932872,72.934828,Incident reported at Colaba Causeway Sector-62 under MO Vehicle Theft Ring.,CCTNS_MUMBAI,CCTNS_000001,v1.0,True
2,CR/0002/2025,CASE_2025_0002,2025-01-05T14:55:36,POL_350,PS_CHEMBUR,CAT_CRIMINAL,SERIOUS,ATM_CARD_SKIMMING,inspect_unattended_kiosk,UNDER_INVESTIGATION,COURT_MUMBAI_MAGISTRATE,2025-01-05T14:55:36,2025-01-05T14:55:36,2025-01-05T14:55:36,19.201891,72.784229,Incident reported at Thane Station West Sector-137 under MO ATM/Card Skimming Racket.,CCTNS_MUMBAI,CCTNS_000002,v1.0,True
3,CR/0003/2025,CASE_2025_0003,2025-01-06T18:10:10,POL_854,PS_KURLA,CAT_CRIMINAL,HEINOUS,CHAIN_SNATCHING,survey_pedestrian_victim,UNDER_INVESTIGATION,COURT_MUMBAI_MAGISTRATE,2025-01-06T18:10:10,2025-01-06T18:10:10,2025-01-06T18:10:10,18.881663,72.968174,Incident reported at Thane Station West Sector-197 under MO Two-Wheeler Chain Snatching.,CCTNS_MUMBAI,CCTNS_000003,v1.0,True
4,CR/0004/2025,CASE_2025_0004,2025-01-07T05:26:37,POL_858,PS_BANDRA,CAT_CRIMINAL,SERIOUS,CYBER_FRAUD_CALL_CENTER,spoof_official_bank_helpline,UNDER_INVESTIGATION,COURT_MUMBAI_MAGISTRATE,2025-01-07T05:26:37,2025-01-07T05:26:37,2025-01-07T05:26:37,19.237965,72.857636,Incident reported at Kurla West Terminus Sector-26 under MO Cyber Fraud Call Center.,CCTNS_MUMBAI,CCTNS_000004,v1.0,True
5,CR/0005/2025,CASE_2025_0005,2025-01-08T20:56:32,POL_704,PS_MALAD,CAT_CRIMINAL,HEINOUS,EXTORTION_RACKET,identify_prominent_local_trader,UNDER_INVESTIGATION,COURT_MUMBAI_MAGISTRATE,2025-01-08T20:56:32,2025-01-08T20:56:32,2025-01-08T20:56:32,18.884991,72.949456,Incident reported at Dharavi Commercial Complex Sector-101 under MO Commercial Extortion Racket.,CCTNS_MUMBAI,CCTNS_000005,v1.0,True
6,CR/0006/2025,CASE_2025_0006,2025-01-11T06:15:27,POL_130,PS_WORLI,CAT_CRIMINAL,SERIOUS,NARCOTICS_COURIER_NETWORK,procure_contraband_consignment,UNDER_INVESTIGATION,COURT_MUMBAI_MAGISTRATE,2025-01-11T06:15:27,2025-01-11T06:15:27,2025-01-11T06:15:27,19.24434,72.76625,Incident reported at Juhu Tara Road Sector-27 under MO Narcotics Courier Network.,CCTNS_MUMBAI,CCTNS_000006,v1.0,True
7,CR/0007/2025,CASE_2025_0007,2025-01-13T08:34:30,POL_338,PS_BANDRA,CAT_CRIMINAL,HEINOUS,VEHICLE_THEFT_RING,observe_target_vehicle,UNDER_INVESTIGATION,COURT_MUMBAI_MAGISTRATE,2025-01-13T08:34:30,2025-01-13T08:34:30,2025-01-13T08:34:30,19.129388,72.975634,Incident reported at Borivali West Station Area Sector-134 under MO Vehicle Theft Ring.,CCTNS_MUMBAI,CCTNS_000007,v1.0,True
8,CR/0008/2025,CASE_2025_0008,2025-01-14T17:50:51,POL_127,PS_MALAD,CAT_CRIMINAL,SERIOUS,ATM_CARD_SKIMMING,inspect_unattended_kiosk,UNDER_INVESTIGATION,COURT_MUMBAI_MAGISTRATE,2025-01-14T17:50:51,2025-01-14T17:50:51,2025-01-14T17:50:51,18.941219,72.898344,Incident reported at Dadar TT Circle Sector-208 under MO ATM/Card Skimming Racket.,CCTNS_MUMBAI,CCTNS_000008,v1.0,True
9,CR/0009/2025,CASE_2025_0009,2025-01-16T09:40:03,POL_833,PS_MALAD,CAT_CRIMINAL,HEINOUS,CHAIN_SNATCHING,survey_pedestrian_victim,UNDER_INVESTIGATION,COURT_MUMBAI_MAGISTRATE,2025-01-16T09:40:03,2025-01-16T09:40:03,2025-01-16T09:40:03,19.009854,72.763743,Incident reported at Andheri East MIDC Sector-45 under MO Two-Wheeler Chain Snatching.,CCTNS_MUMBAI,CCTNS_000009,v1.0,True
10,CR/0010/2025,CASE_2025_0010,2025-01-18T01:53:46,POL_658,PS_BYCULLA,CAT_CRIMINAL,SERIOUS,CYBER_FRAUD_CALL_CENTER,spoof_official_bank_helpline,UNDER_INVESTIGATION,COURT_MUMBAI_MAGISTRATE,2025-01-18T01:53:46,2025-01-18T01:53:46,2025-01-18T01:53:46,18.932872,72.934828,Incident reported at Colaba Causeway Sector-62 under MO Cyber Fraud Call Center.,CCTNS_MUMBAI,CCTNS_000010,v1.0,True
11,CR/0011/2025,CASE_2025_0011,2025-01-18T04:29:59,POL_559,PS_WORLI,CAT_CRIMINAL,HEINOUS,EXTORTION_RACKET,identify_prominent_local_trader,UNDER_INVESTIGATION,COURT_MUMBAI_MAGISTRATE,2025-01-18T04:29:59,2025-01-18T04:29:59,2025-01-18T04:29:59,18.939334,72.864962,Incident reported at Malad Link Road Sector-53 under MO Commercial Extortion Racket.,CCTNS_MUMBAI,CCTNS_000011,v1.0,True
12,CR/0012/2025,CASE_2025_0012,2025-01-18T05:45:01,POL_928,PS_BORIVALI,CAT_CRIMINAL,SERIOUS,NARCOTICS_COURIER_NETWORK,procure_contraband_consignment,UNDER_INVESTIGATION,COURT_MUMBAI_MAGISTRATE,2025-01-18T05:45:01,2025-01-18T05:45:01,2025-01-18T05:45:01,18.898178,72.885882,Incident reported at Lower Parel Business Park Sector-30 under MO Narcotics Courier Network.,CCTNS_MUMBAI,CCTNS_000012,v1.0,True
13,CR/0013/2025,CASE_2025_0013,2025-01-18T20:05:05,POL_814,PS_COLABA,CAT_CRIMINAL,HEINOUS,VEHICLE_THEFT_RING,observe_target_vehicle,UNDER_INVESTIGATION,COURT_MUMBAI_MAGISTRATE,2025-01-18T20:05:05,2025-01-18T20:05:05,2025-01-18T20:05:05,19.161237,72.806446,Incident reported at Lower Parel Business Park Sector-90 under MO Vehicle Theft Ring.,CCTNS_MUMBAI,CCTNS_000013,v1.0,True
14,CR/0014/2025,CASE_2025_0014,2025-01-18T21:15:50,POL_384,PS_WORLI,CAT_CRIMINAL,SERIOUS,ATM_CARD_SKIMMING,inspect_unattended_kiosk,UNDER_INVESTIGATION,COURT_MUMBAI_MAGISTRATE,2025-01-18T21:15:50,2025-01-18T21:15:50,2025-01-18T21:15:50,19.008102,72.843744,Incident reported at Dharavi Commercial Complex Sector-81 under MO ATM/Card Skimming Racket.,CCTNS_MUMBAI,CCTNS_000014,v1.0,True
15,CR/0015/2025,CASE_2025_0015,2025-01-20T20:29:52,POL_881,PS_DHARAVI,CAT_CRIMINAL,HEINOUS,CHAIN_SNATCHING,survey_pedestrian_victim,UNDER_INVESTIGATION,COURT_MUMBAI_MAGISTRATE,2025-01-20T20:29:52,2025-01-20T20:29:52,2025-01-20T20:29:52,19.070731,72.892542,Incident reported at Sion Circle Sector-99 under MO Two-Wheeler Chain Snatching.,CCTNS_MUMBAI,CCTNS_000015,v1.0,True
16,CR/0016/2025,CASE_2025_0016,2025-01-21T13:05:27,POL_194,PS_JUHU,CAT_CRIMINAL,SERIOUS,CYBER_FRAUD_CALL_CENTER,spoof_official_bank_helpline,UNDER_INVESTIGATION,COURT_MUMBAI_MAGISTRATE,2025-01-21T13:05:27,2025-01-21T13:05:27,2025-01-21T13:05:27,19.062176,72.919861,Incident reported at Sewri Timber Market Sector-36 under MO Cyber Fraud Call Center.,CCTNS_MUMBAI,CCTNS_000016,v1.0,True
17,CR/0017/2025,CASE_2025_0017,2025-01-23T22:58:39,POL_467,PS_WORLI,CAT_CRIMINAL,HEINOUS,EXTORTION_RACKET,identify_prominent_local_trader,UNDER_INVESTIGATION,COURT_MUMBAI_MAGISTRATE,2025-01-23T22:58:39,2025-01-23T22:58:39,2025-01-23T22:58:39,19.233761,72.943794,Incident reported at Lower Parel Business Park Sector-130 under MO Commercial Extortion Racket.,CCTNS_MUMBAI,CCTNS_000017,v1.0,True
18,CR/0018/2025,CASE_2025_0018,2025-01-27T15:40:36,POL_370,PS_JUHU,CAT_CRIMINAL,SERIOUS,NARCOTICS_COURIER_NETWORK,procure_contraband_consignment,UNDER_INVESTIGATION,COURT_MUMBAI_MAGISTRATE,2025-01-27T15:40:36,2025-01-27T15:40:36,2025-01-27T15:40:36,18.96871,72.852258,Incident reported at Dadar TT Circle Sector-8 under MO Narcotics Courier Network.,CCTNS_MUMBAI,CCTNS_000018,v1.0,True
19,CR/0019/2025,CASE_2025_0019,2025-01-27T23:57:55,POL_570,PS_COLABA,CAT_CRIMINAL,HEINOUS,VEHICLE_THEFT_RING,observe_target_vehicle,UNDER_INVESTIGATION,COURT_MUMBAI_MAGISTRATE,2025-01-27T23:57:55,2025-01-27T23:57:55,2025-01-27T23:57:55,18.964748,72.936451,Incident reported at Ghatkopar Central Mall Sector-191 under MO Vehicle Theft Ring.,CCTNS_MUMBAI,CCTNS_000019,v1.0,True
20,CR/0020/2025,CASE_2025_0020,2025-01-28T05:16:04,POL_487,PS_MALAD,CAT_CRIMINAL,SERIOUS,ATM_CARD_SKIMMING,inspect_unattended_kiosk,UNDER_INVESTIGATION,COURT_MUMBAI_MAGISTRATE,2025-01-28T05:16:04,2025-01-28T05:16:04,2025-01-28T05:16:04,19.006988,72.790899,Incident reported at Sion Circle Sector-199 under MO ATM/Card Skimming Racket.,CCTNS_MUMBAI,CCTNS_000020,v1.0,True
21,CR/0021/2025,CASE_2025_0021,2025-01-28T17:07:01,POL_400,PS_BANDRA,CAT_CRIMINAL,HEINOUS,CHAIN_SNATCHING,survey_pedestrian_victim,UNDER_INVESTIGATION,COURT_MUMBAI_MAGISTRATE,2025-01-28T17:07:01,2025-01-28T17:07:01,2025-01-28T17:07:01,19.250892,72.773928,Incident reported at Worli Sea Face Sector-189 under MO Two-Wheeler Chain Snatching.,CCTNS_MUMBAI,CCTNS_000021,v1.0,True
22,CR/0022/2025,CASE_2025_0022,2025-01-30T19:36:15,POL_982,PS_BYCULLA,CAT_CRIMINAL,SERIOUS,CYBER_FRAUD_CALL_CENTER,spoof_official_bank_helpline,UNDER_INVESTIGATION,COURT_MUMBAI_MAGISTRATE,2025-01-30T19:36:15,2025-01-30T19:36:15,2025-01-30T19:36:15,19.132485,72.955154,Incident reported at Colaba Causeway Sector-222 under MO Cyber Fraud Call Center.,CCTNS_MUMBAI,CCTNS_000022,v1.0,True
23,CR/0023/2025,CASE_2025_0023,2025-01-30T23:57:03,POL_296,PS_JUHU,CAT_CRIMINAL,HEINOUS,EXTORTION_RACKET,identify_prominent_local_trader,UNDER_INVESTIGATION,COURT_MUMBAI_MAGISTRATE,2025-01-30T23:57:03,2025-01-30T23:57:03,2025-01-30T23:57:03,19.134275,72.770062,Incident reported at Colaba Causeway Sector-162 under MO Commercial Extortion Racket.,CCTNS_MUMBAI,CCTNS_000023,v1.0,True
24,CR/0024/2025,CASE_2025_0024,2025-01-31T14:19:03,POL_146,PS_CHEMBUR,CAT_CRIMINAL,SERIOUS,NARCOTICS_COURIER_NETWORK,procure_contraband_consignment,UNDER_INVESTIGATION,COURT_MUMBAI_MAGISTRATE,2025-01-31T14:19:03,2025-01-31T14:19:03,2025-01-31T14:19:03,19.227013,72.941372,Incident reported at Navi Mumbai Vashi Sector 17 Sector-138 under MO Narcotics Courier Network.,CCTNS_MUMBAI,CCTNS_000024,v1.0,True
25,CR/0025/2025,CASE_2025_0025,2025-02-01T09:00:11,POL_891,PS_BYCULLA,CAT_CRIMINAL,HEINOUS,VEHICLE_THEFT_RING,observe_target_vehicle,UNDER_INVESTIGATION,COURT_MUMBAI_MAGISTRATE,2025-02-01T09:00:11,2025-02-01T09:00:11,2025-02-01T09:00:11,19.034153,72.834794,Incident reported at Ghatkopar Central Mall Sector-71 under MO Vehicle Theft Ring.,CCTNS_MUMBAI,CCTNS_000025,v1.0,True
26,CR/0026/2025,CASE_2025_0026,2025-02-05T16:22:52,POL_975,PS_ANDHERI,CAT_CRIMINAL,SERIOUS,ATM_CARD_SKIMMING,inspect_unattended_kiosk,UNDER_INVESTIGATION,COURT_MUMBAI_MAGISTRATE,2025-02-05T16:22:52,2025-02-05T16:22:52,2025-02-05T16:22:52,19.050558,72.859206,Incident reported at Navi Mumbai Vashi Sector 17 Sector-58 under MO ATM/Card Skimming Racket.,CCTNS_MUMBAI,CCTNS_000026,v1.0,True
27,CR/0027/2025,CASE_2025_0027,2025-02-07T08:28:15,POL_489,PS_KURLA,CAT_CRIMINAL,HEINOUS,CHAIN_SNATCHING,survey_pedestrian_victim,UNDER_INVESTIGATION,COURT_MUMBAI_MAGISTRATE,2025-02-07T08:28:15,2025-02-07T08:28:15,2025-02-07T08:28:15,18.972388,72.920406,Incident reported at Bandra Kurla Complex Sector-204 under MO Two-Wheeler Chain Snatching.,CCTNS_MUMBAI,CCTNS_000027,v1.0,True
28,CR/0028/2025,CASE_2025_0028,2025-02-08T10:32:10,POL_750,PS_ANDHERI,CAT_CRIMINAL,SERIOUS,CYBER_FRAUD_CALL_CENTER,spoof_official_bank_helpline,UNDER_INVESTIGATION,COURT_MUMBAI_MAGISTRATE,2025-02-08T10:32:10,2025-02-08T10:32:10,2025-02-08T10:32:10,19.187014,72.834626,Incident reported at Bandra Kurla Complex Sector-84 under MO Cyber Fraud Call Center.,CCTNS_MUMBAI,CCTNS_000028,v1.0,True
29,CR/0029/2025,CASE_2025_0029,2025-02-09T16:24:14,POL_479,PS_JUHU,CAT_CRIMINAL,HEINOUS,EXTORTION_RACKET,identify_prominent_local_trader,UNDER_INVESTIGATION,COURT_MUMBAI_MAGISTRATE,2025-02-09T16:24:14,2025-02-09T16:24:14,2025-02-09T16:24:14,18.888419,72.7891,Incident reported at Sewri Timber Market Sector-56 under MO Commercial Extortion Racket.,CCTNS_MUMBAI,CCTNS_000029,v1.0,True
30,CR/0030/2025,CASE_2025_0030,2025-02-11T04:45:46,POL_786,PS_JUHU,CAT_CRIMINAL,SERIOUS,NARCOTICS_COURIER_NETWORK,procure_contraband_consignment,UNDER_INVESTIGATION,COURT_MUMBAI_MAGISTRATE,2025-02-11T04:45:46,2025-02-11T04:45:46,2025-02-11T04:45:46,19.128245,72.904528,Incident reported at Dadar TT Circle Sector-148 under MO Narcotics Courier Network.,CCTNS_MUMBAI,CCTNS_000030,v1.0,True
31,CR/0031/2025,CASE_2025_0031,2025-02-11T22:30:06,POL_799,PS_ANDHERI,CAT_CRIMINAL,HEINOUS,VEHICLE_THEFT_RING,observe_target_vehicle,UNDER_INVESTIGATION,COURT_MUMBAI_MAGISTRATE,2025-02-11T22:30:06,2025-02-11T22:30:06,2025-02-11T22:30:06,19.261058,72.914081,Incident reported at Dharavi Commercial Complex Sector-161 under MO Vehicle Theft Ring.,CCTNS_MUMBAI,CCTNS_000031,v1.0,True
32,CR/0032/2025,CASE_2025_0032,2025-02-12T04:47:04,POL_723,PS_BYCULLA,CAT_CRIMINAL,SERIOUS,ATM_CARD_SKIMMING,inspect_unattended_kiosk,UNDER_INVESTIGATION,COURT_MUMBAI_MAGISTRATE,2025-02-12T04:47:04,2025-02-12T04:47:04,2025-02-12T04:47:04,19.158578,72.935852,Incident reported at Thane Station West Sector-177 under MO ATM/Card Skimming Racket.,CCTNS_MUMBAI,CCTNS_000032,v1.0,True
33,CR/0033/2025,CASE_2025_0033,2025-02-12T08:38:53,POL_646,PS_BYCULLA,CAT_CRIMINAL,HEINOUS,CHAIN_SNATCHING,survey_pedestrian_victim,UNDER_INVESTIGATION,COURT_MUMBAI_MAGISTRATE,2025-02-12T08:38:53,2025-02-12T08:38:53,2025-02-12T08:38:53,18.960929,72.865302,Incident reported at Andheri East MIDC Sector-65 under MO Two-Wheeler Chain Snatching.,CCTNS_MUMBAI,CCTNS_000033,v1.0,True
34,CR/0034/2025,CASE_2025_0034,2025-02-12T10:27:07,POL_267,PS_CHEMBUR,CAT_CRIMINAL,SERIOUS,CYBER_FRAUD_CALL_CENTER,spoof_official_bank_helpline,UNDER_INVESTIGATION,COURT_MUMBAI_MAGISTRATE,2025-02-12T10:27:07,2025-02-12T10:27:07,2025-02-12T10:27:07,19.107863,72.976405,Incident reported at Byculla Market Sector-55 under MO Cyber Fraud Call Center.,CCTNS_MUMBAI,CCTNS_000034,v1.0,True
35,CR/0035/2025,CASE_2025_0035,2025-02-13T13:35:29,POL_376,PS_GHATKOPAR,CAT_CRIMINAL,HEINOUS,EXTORTION_RACKET,identify_prominent_local_trader,UNDER_INVESTIGATION,COURT_MUMBAI_MAGISTRATE,2025-02-13T13:35:29,2025-02-13T13:35:29,2025-02-13T13:35:29,19.262042,72.838862,Incident reported at Sion Circle Sector-179 under MO Commercial Extortion Racket.,CCTNS_MUMBAI,CCTNS_000035,v1.0,True
36,CR/0036/2025,CASE_2025_0036,2025-02-13T21:33:00,POL_670,PS_BYCULLA,CAT_CRIMINAL,SERIOUS,NARCOTICS_COURIER_NETWORK,procure_contraband_consignment,UNDER_INVESTIGATION,COURT_MUMBAI_MAGISTRATE,2025-02-13T21:33:00,2025-02-13T21:33:00,2025-02-13T21:33:00,19.126504,72.848707,Incident reported at Dadar TT Circle Sector-188 under MO Narcotics Courier Network.,CCTNS_MUMBAI,CCTNS_000036,v1.0,True
37,CR/0037/2025,CASE_2025_0037,2025-02-13T21:49:14,POL_432,PS_KURLA,CAT_CRIMINAL,HEINOUS,VEHICLE_THEFT_RING,observe_target_vehicle,UNDER_INVESTIGATION,COURT_MUMBAI_MAGISTRATE,2025-02-13T21:49:14,2025-02-13T21:49:14,2025-02-13T21:49:14,19.263206,72.886056,Incident reported at Sewri Timber Market Sector-136 under MO Vehicle Theft Ring.,CCTNS_MUMBAI,CCTNS_000037,v1.0,True
38,CR/0038/2025,CASE_2025_0038,2025-02-13T22:24:18,POL_941,PS_COLABA,CAT_CRIMINAL,SERIOUS,ATM_CARD_SKIMMING,inspect_unattended_kiosk,UNDER_INVESTIGATION,COURT_MUMBAI_MAGISTRATE,2025-02-13T22:24:18,2025-02-13T22:24:18,2025-02-13T22:24:18,19.206357,72.899499,Incident reported at Sewri Timber Market Sector-236 under MO ATM/Card Skimming Racket.,CCTNS_MUMBAI,CCTNS_000038,v1.0,True
39,CR/0039/2025,CASE_2025_0039,2025-02-21T20:59:58,POL_510,PS_COLABA,CAT_CRIMINAL,HEINOUS,CHAIN_SNATCHING,survey_pedestrian_victim,UNDER_INVESTIGATION,COURT_MUMBAI_MAGISTRATE,2025-02-21T20:59:58,2025-02-21T20:59:58,2025-02-21T20:59:58,19.161237,72.806446,Incident reported at Lower Parel Business Park Sector-90 under MO Two-Wheeler Chain Snatching.,CCTNS_MUMBAI,CCTNS_000039,v1.0,True
40,CR/0040/2025,CASE_2025_0040,2025-02-21T23:34:03,POL_316,PS_ANDHERI,CAT_CRIMINAL,SERIOUS,CYBER_FRAUD_CALL_CENTER,spoof_official_bank_helpline,UNDER_INVESTIGATION,COURT_MUMBAI_MAGISTRATE,2025-02-21T23:34:03,2025-02-21T23:34:03,2025-02-21T23:34:03,19.274457,72.984836,Incident reported at Colaba Causeway Sector-142 under MO Cyber Fraud Call Center.,CCTNS_MUMBAI,CCTNS_000040,v1.0,True
41,CR/0041/2025,CASE_2025_0041,2025-02-22T15:15:50,POL_422,PS_BORIVALI,CAT_CRIMINAL,HEINOUS,EXTORTION_RACKET,identify_prominent_local_trader,UNDER_INVESTIGATION,COURT_MUMBAI_MAGISTRATE,2025-02-22T15:15:50,2025-02-22T15:15:50,2025-02-22T15:15:50,19.10086,72.791066,Incident reported at Navi Mumbai Vashi Sector 17 Sector-38 under MO Commercial Extortion Racket.,CCTNS_MUMBAI,CCTNS_000041,v1.0,True
42,CR/0042/2025,CASE_2025_0042,2025-02-23T04:00:04,POL_611,PS_KURLA,CAT_CRIMINAL,SERIOUS,NARCOTICS_COURIER_NETWORK,procure_contraband_consignment,UNDER_INVESTIGATION,COURT_MUMBAI_MAGISTRATE,2025-02-23T04:00:04,2025-02-23T04:00:04,2025-02-23T04:00:04,18.923648,72.793266,Incident reported at Malad Link Road Sector-153 under MO Narcotics Courier Network.,CCTNS_MUMBAI,CCTNS_000042,v1.0,True
43,CR/0043/2025,CASE_2025_0043,2025-02-24T17:13:13,POL_569,PS_WORLI,CAT_CRIMINAL,HEINOUS,VEHICLE_THEFT_RING,observe_target_vehicle,UNDER_INVESTIGATION,COURT_MUMBAI_MAGISTRATE,2025-02-24T17:13:13,2025-02-24T17:13:13,2025-02-24T17:13:13,19.133717,72.90334,Incident reported at Byculla Market Sector-175 under MO Vehicle Theft Ring.,CCTNS_MUMBAI,CCTNS_000043,v1.0,True
44,CR/0044/2025,CASE_2025_0044,2025-02-26T02:02:35,POL_242,PS_DHARAVI,CAT_CRIMINAL,SERIOUS,ATM_CARD_SKIMMING,inspect_unattended_kiosk,UNDER_INVESTIGATION,COURT_MUMBAI_MAGISTRATE,2025-02-26T02:02:35,2025-02-26T02:02:35,2025-02-26T02:02:35,18.92923,72.947982,Incident reported at Dadar TT Circle Sector-68 under MO ATM/Card Skimming Racket.,CCTNS_MUMBAI,CCTNS_000044,v1.0,True
45,CR/0045/2025,CASE_2025_0045,2025-03-01T06:14:23,POL_674,PS_KURLA,CAT_CRIMINAL,HEINOUS,CHAIN_SNATCHING,survey_pedestrian_victim,UNDER_INVESTIGATION,COURT_MUMBAI_MAGISTRATE,2025-03-01T06:14:23,2025-03-01T06:14:23,2025-03-01T06:14:23,19.000778,72.823672,Incident reported at Tardeo Road Sector-180 under MO Two-Wheeler Chain Snatching.,CCTNS_MUMBAI,CCTNS_000045,v1.0,True
46,CR/0046/2025,CASE_2025_0046,2025-03-01T14:52:25,POL_864,PS_MALAD,CAT_CRIMINAL,SERIOUS,CYBER_FRAUD_CALL_CENTER,spoof_official_bank_helpline,UNDER_INVESTIGATION,COURT_MUMBAI_MAGISTRATE,2025-03-01T14:52:25,2025-03-01T14:52:25,2025-03-01T14:52:25,19.159898,72.884592,Incident reported at Worli Sea Face Sector-149 under MO Cyber Fraud Call Center.,CCTNS_MUMBAI,CCTNS_000046,v1.0,True
47,CR/0047/2025,CASE_2025_0047,2025-03-01T21:25:10,POL_697,PS_BORIVALI,CAT_CRIMINAL,HEINOUS,EXTORTION_RACKET,identify_prominent_local_trader,UNDER_INVESTIGATION,COURT_MUMBAI_MAGISTRATE,2025-03-01T21:25:10,2025-03-01T21:25:10,2025-03-01T21:25:10,19.262042,72.838862,Incident reported at Sion Circle Sector-179 under MO Commercial Extortion Racket.,CCTNS_MUMBAI,CCTNS_000047,v1.0,True
48,CR/0048/2025,CASE_2025_0048,2025-03-02T15:43:46,POL_324,PS_WORLI,CAT_CRIMINAL,SERIOUS,NARCOTICS_COURIER_NETWORK,procure_contraband_consignment,UNDER_INVESTIGATION,COURT_MUMBAI_MAGISTRATE,2025-03-02T15:43:46,2025-03-02T15:43:46,2025-03-02T15:43:46,19.112493,72.757833,Incident reported at Lower Parel Business Park Sector-190 under MO Narcotics Courier Network.,CCTNS_MUMBAI,CCTNS_000048,v1.0,True
49,CR/0049/2025,CASE_2025_0049,2025-03-03T01:08:37,POL_605,PS_DHARAVI,CAT_CRIMINAL,HEINOUS,VEHICLE_THEFT_RING,observe_target_vehicle,UNDER_INVESTIGATION,COURT_MUMBAI_MAGISTRATE,2025-03-03T01:08:37,2025-03-03T01:08:37,2025-03-03T01:08:37,18.996048,72.786369,Incident reported at Dadar TT Circle Sector-128 under MO Vehicle Theft Ring.,CCTNS_MUMBAI,CCTNS_000049,v1.0,True
50,CR/0050/2025,CASE_2025_0050,2025-03-03T11:43:39,POL_981,PS_BANDRA,CAT_CRIMINAL,SERIOUS,ATM_CARD_SKIMMING,inspect_unattended_kiosk,UNDER_INVESTIGATION,COURT_MUMBAI_MAGISTRATE,2025-03-03T11:43:39,2025-03-03T11:43:39,2025-03-03T11:43:39,18.9258,72.955522,Incident reported at Chembur Colony Sector-192 under MO ATM/Card Skimming Racket.,CCTNS_MUMBAI,CCTNS_000050,v1.0,True
51,CR/0051/2025,CASE_2025_0051,2025-03-07T10:58:27,POL_742,PS_BANDRA,CAT_CRIMINAL,HEINOUS,CHAIN_SNATCHING,survey_pedestrian_victim,UNDER_INVESTIGATION,COURT_MUMBAI_MAGISTRATE,2025-03-07T10:58:27,2025-03-07T10:58:27,2025-03-07T10:58:27,19.261058,72.914081,Incident reported at Dharavi Commercial Complex Sector-161 under MO Two-Wheeler Chain Snatching.,CCTNS_MUMBAI,CCTNS_000051,v1.0,True
52,CR/0052/2025,CASE_2025_0052,2025-03-08T09:37:55,POL_532,PS_DHARAVI,CAT_CRIMINAL,SERIOUS,CYBER_FRAUD_CALL_CENTER,spoof_official_bank_helpline,UNDER_INVESTIGATION,COURT_MUMBAI_MAGISTRATE,2025-03-08T09:37:55,2025-03-08T09:37:55,2025-03-08T09:37:55,19.006988,72.790899,Incident reported at Sion Circle Sector-199 under MO Cyber Fraud Call Center.,CCTNS_MUMBAI,CCTNS_000052,v1.0,True
53,CR/0053/2025,CASE_2025_0053,2025-03-09T06:54:38,POL_494,PS_BORIVALI,CAT_CRIMINAL,HEINOUS,EXTORTION_RACKET,identify_prominent_local_trader,UNDER_INVESTIGATION,COURT_MUMBAI_MAGISTRATE,2025-03-09T06:54:38,2025-03-09T06:54:38,2025-03-09T06:54:38,19.206357,72.899499,Incident reported at Sewri Timber Market Sector-236 under MO Commercial Extortion Racket.,CCTNS_MUMBAI,CCTNS_000053,v1.0,True
54,CR/0054/2025,CASE_2025_0054,2025-03-10T22:53:17,POL_579,PS_WORLI,CAT_CRIMINAL,SERIOUS,NARCOTICS_COURIER_NETWORK,procure_contraband_consignment,UNDER_INVESTIGATION,COURT_MUMBAI_MAGISTRATE,2025-03-10T22:53:17,2025-03-10T22:53:17,2025-03-10T22:53:17,19.274457,72.984836,Incident reported at Colaba Causeway Sector-142 under MO Narcotics Courier Network.,CCTNS_MUMBAI,CCTNS_000054,v1.0,True
55,CR/0055/2025,CASE_2025_0055,2025-03-11T19:25:42,POL_666,PS_MALAD,CAT_CRIMINAL,HEINOUS,VEHICLE_THEFT_RING,observe_target_vehicle,UNDER_INVESTIGATION,COURT_MUMBAI_MAGISTRATE,2025-03-11T19:25:42,2025-03-11T19:25:42,2025-03-11T19:25:42,19.038556,72.851669,Incident reported at Juhu Tara Road Sector-107 under MO Vehicle Theft Ring.,CCTNS_MUMBAI,CCTNS_000055,v1.0,True
56,CR/0056/2025,CASE_2025_0056,2025-03-15T16:27:13,POL_838,PS_COLABA,CAT_CRIMINAL,SERIOUS,ATM_CARD_SKIMMING,inspect_unattended_kiosk,UNDER_INVESTIGATION,COURT_MUMBAI_MAGISTRATE,2025-03-15T16:27:13,2025-03-15T16:27:13,2025-03-15T16:27:13,19.225721,72.777266,Incident reported at Malad Link Road Sector-173 under MO ATM/Card Skimming Racket.,CCTNS_MUMBAI,CCTNS_000056,v1.0,True
57,CR/0057/2025,CASE_2025_0057,2025-03-17T16:23:48,POL_649,PS_BANDRA,CAT_CRIMINAL,HEINOUS,CHAIN_SNATCHING,survey_pedestrian_victim,UNDER_INVESTIGATION,COURT_MUMBAI_MAGISTRATE,2025-03-17T16:23:48,2025-03-17T16:23:48,2025-03-17T16:23:48,18.987667,72.984399,Incident reported at Tardeo Road Sector-120 under MO Two-Wheeler Chain Snatching.,CCTNS_MUMBAI,CCTNS_000057,v1.0,True
58,CR/0058/2025,CASE_2025_0058,2025-03-18T18:24:15,POL_448,PS_ANDHERI,CAT_CRIMINAL,SERIOUS,CYBER_FRAUD_CALL_CENTER,spoof_official_bank_helpline,UNDER_INVESTIGATION,COURT_MUMBAI_MAGISTRATE,2025-03-18T18:24:15,2025-03-18T18:24:15,2025-03-18T18:24:15,18.992883,72.879976,Incident reported at Thane Station West Sector-117 under MO Cyber Fraud Call Center.,CCTNS_MUMBAI,CCTNS_000058,v1.0,True
59,CR/0059/2025,CASE_2025_0059,2025-03-19T04:05:07,POL_545,PS_BANDRA,CAT_CRIMINAL,HEINOUS,EXTORTION_RACKET,identify_prominent_local_trader,UNDER_INVESTIGATION,COURT_MUMBAI_MAGISTRATE,2025-03-19T04:05:07,2025-03-19T04:05:07,2025-03-19T04:05:07,19.064155,72.950461,Incident reported at Borivali West Station Area Sector-94 under MO Commercial Extortion Racket.,CCTNS_MUMBAI,CCTNS_000059,v1.0,True
60,CR/0060/2025,CASE_2025_0060,2025-03-20T06:34:12,POL_103,PS_DHARAVI,CAT_CRIMINAL,SERIOUS,NARCOTICS_COURIER_NETWORK,procure_contraband_consignment,UNDER_INVESTIGATION,COURT_MUMBAI_MAGISTRATE,2025-03-20T06:34:12,2025-03-20T06:34:12,2025-03-20T06:34:12,19.042919,72.823547,Incident reported at Juhu Tara Road Sector-7 under MO Narcotics Courier Network.,CCTNS_MUMBAI,CCTNS_000060,v1.0,True
61,CR/0061/2025,CASE_2025_0061,2025-03-21T06:13:51,POL_369,PS_CHEMBUR,CAT_CRIMINAL,HEINOUS,VEHICLE_THEFT_RING,observe_target_vehicle,UNDER_INVESTIGATION,COURT_MUMBAI_MAGISTRATE,2025-03-21T06:13:51,2025-03-21T06:13:51,2025-03-21T06:13:51,19.24434,72.76625,Incident reported at Juhu Tara Road Sector-27 under MO Vehicle Theft Ring.,CCTNS_MUMBAI,CCTNS_000061,v1.0,True
62,CR/0062/2025,CASE_2025_0062,2025-03-21T10:27:47,POL_619,PS_MALAD,CAT_CRIMINAL,SERIOUS,ATM_CARD_SKIMMING,inspect_unattended_kiosk,UNDER_INVESTIGATION,COURT_MUMBAI_MAGISTRATE,2025-03-21T10:27:47,2025-03-21T10:27:47,2025-03-21T10:27:47,19.163233,72.906462,Incident reported at Lower Parel Business Park Sector-230 under MO ATM/Card Skimming Racket.,CCTNS_MUMBAI,CCTNS_000062,v1.0,True
63,CR/0063/2025,CASE_2025_0063,2025-03-21T12:25:25,POL_405,PS_BANDRA,CAT_CRIMINAL,HEINOUS,CHAIN_SNATCHING,survey_pedestrian_victim,UNDER_INVESTIGATION,COURT_MUMBAI_MAGISTRATE,2025-03-21T12:25:25,2025-03-21T12:25:25,2025-03-21T12:25:25,18.950758,72.892774,Incident reported at Bandra Kurla Complex Sector-184 under MO Two-Wheeler Chain Snatching.,CCTNS_MUMBAI,CCTNS_000063,v1.0,True
64,CR/0064/2025,CASE_2025_0064,2025-03-21T14:47:22,POL_723,PS_BYCULLA,CAT_CRIMINAL,SERIOUS,CYBER_FRAUD_CALL_CENTER,spoof_official_bank_helpline,UNDER_INVESTIGATION,COURT_MUMBAI_MAGISTRATE,2025-03-21T14:47:22,2025-03-21T14:47:22,2025-03-21T14:47:22,18.977524,72.880446,Incident reported at Juhu Tara Road Sector-67 under MO Cyber Fraud Call Center.,CCTNS_MUMBAI,CCTNS_000064,v1.0,True
65,CR/0065/2025,CASE_2025_0065,2025-03-22T10:45:50,POL_482,PS_KURLA,CAT_CRIMINAL,HEINOUS,EXTORTION_RACKET,identify_prominent_local_trader,UNDER_INVESTIGATION,COURT_MUMBAI_MAGISTRATE,2025-03-22T10:45:50,2025-03-22T10:45:50,2025-03-22T10:45:50,19.131823,72.89444,Incident reported at Tardeo Road Sector-20 under MO Commercial Extortion Racket.,CCTNS_MUMBAI,CCTNS_000065,v1.0,True
66,CR/0066/2025,CASE_2025_0066,2025-03-23T22:50:13,POL_897,PS_DHARAVI,CAT_CRIMINAL,SERIOUS,NARCOTICS_COURIER_NETWORK,procure_contraband_consignment,UNDER_INVESTIGATION,COURT_MUMBAI_MAGISTRATE,2025-03-23T22:50:13,2025-03-23T22:50:13,2025-03-23T22:50:13,19.121276,72.953186,Incident reported at Sewri Timber Market Sector-116 under MO Narcotics Courier Network.,CCTNS_MUMBAI,CCTNS_000066,v1.0,True
67,CR/0067/2025,CASE_2025_0067,2025-03-24T12:21:13,POL_713,PS_MALAD,CAT_CRIMINAL,HEINOUS,VEHICLE_THEFT_RING,observe_target_vehicle,UNDER_INVESTIGATION,COURT_MUMBAI_MAGISTRATE,2025-03-24T12:21:13,2025-03-24T12:21:13,2025-03-24T12:21:13,19.176286,72.845399,Incident reported at Ghatkopar Central Mall Sector-31 under MO Vehicle Theft Ring.,CCTNS_MUMBAI,CCTNS_000067,v1.0,True
68,CR/0068/2025,CASE_2025_0068,2025-03-27T03:06:28,POL_119,PS_JUHU,CAT_CRIMINAL,SERIOUS,ATM_CARD_SKIMMING,inspect_unattended_kiosk,UNDER_INVESTIGATION,COURT_MUMBAI_MAGISTRATE,2025-03-27T03:06:28,2025-03-27T03:06:28,2025-03-27T03:06:28,19.135355,72.889045,Incident reported at Borivali West Station Area Sector-214 under MO ATM/Card Skimming Racket.,CCTNS_MUMBAI,CCTNS_000068,v1.0,True
69,CR/0069/2025,CASE_2025_0069,2025-03-28T01:32:24,POL_999,PS_BANDRA,CAT_CRIMINAL,HEINOUS,CHAIN_SNATCHING,survey_pedestrian_victim,UNDER_INVESTIGATION,COURT_MUMBAI_MAGISTRATE,2025-03-28T01:32:24,2025-03-28T01:32:24,2025-03-28T01:32:24,18.977524,72.880446,Incident reported at Juhu Tara Road Sector-67 under MO Two-Wheeler Chain Snatching.,CCTNS_MUMBAI,CCTNS_000069,v1.0,True
70,CR/0070/2025,CASE_2025_0070,2025-03-28T03:17:15,POL_159,PS_ANDHERI,CAT_CRIMINAL,SERIOUS,CYBER_FRAUD_CALL_CENTER,spoof_official_bank_helpline,UNDER_INVESTIGATION,COURT_MUMBAI_MAGISTRATE,2025-03-28T03:17:15,2025-03-28T03:17:15,2025-03-28T03:17:15,19.008102,72.843744,Incident reported at Dharavi Commercial Complex Sector-81 under MO Cyber Fraud Call Center.,CCTNS_MUMBAI,CCTNS_000070,v1.0,True
71,CR/0071/2025,CASE_2025_0071,2025-03-28T03:40:56,POL_180,PS_KURLA,CAT_CRIMINAL,HEINOUS,EXTORTION_RACKET,identify_prominent_local_trader,UNDER_INVESTIGATION,COURT_MUMBAI_MAGISTRATE,2025-03-28T03:40:56,2025-03-28T03:40:56,2025-03-28T03:40:56,19.163233,72.906462,Incident reported at Lower Parel Business Park Sector-230 under MO Commercial Extortion Racket.,CCTNS_MUMBAI,CCTNS_000071,v1.0,True
72,CR/0072/2025,CASE_2025_0072,2025-03-28T08:33:48,POL_597,PS_BANDRA,CAT_CRIMINAL,SERIOUS,NARCOTICS_COURIER_NETWORK,procure_contraband_consignment,UNDER_INVESTIGATION,COURT_MUMBAI_MAGISTRATE,2025-03-28T08:33:48,2025-03-28T08:33:48,2025-03-28T08:33:48,19.112666,72.943856,Incident reported at Ghatkopar Central Mall Sector-51 under MO Narcotics Courier Network.,CCTNS_MUMBAI,CCTNS_000072,v1.0,True
73,CR/0073/2025,CASE_2025_0073,2025-03-31T22:51:46,POL_884,PS_BANDRA,CAT_CRIMINAL,HEINOUS,VEHICLE_THEFT_RING,observe_target_vehicle,UNDER_INVESTIGATION,COURT_MUMBAI_MAGISTRATE,2025-03-31T22:51:46,2025-03-31T22:51:46,2025-03-31T22:51:46,19.100677,72.903213,Incident reported at Sion Circle Sector-119 under MO Vehicle Theft Ring.,CCTNS_MUMBAI,CCTNS_000073,v1.0,True
74,CR/0074/2025,CASE_2025_0074,2025-04-01T09:35:22,POL_775,PS_DHARAVI,CAT_CRIMINAL,SERIOUS,ATM_CARD_SKIMMING,inspect_unattended_kiosk,UNDER_INVESTIGATION,COURT_MUMBAI_MAGISTRATE,2025-04-01T09:35:22,2025-04-01T09:35:22,2025-04-01T09:35:22,19.277562,72.754117,Incident reported at Ghatkopar Central Mall Sector-91 under MO ATM/Card Skimming Racket.,CCTNS_MUMBAI,CCTNS_000074,v1.0,True
75,CR/0075/2025,CASE_2025_0075,2025-04-01T11:13:25,POL_269,PS_GHATKOPAR,CAT_CRIMINAL,HEINOUS,CHAIN_SNATCHING,survey_pedestrian_victim,UNDER_INVESTIGATION,COURT_MUMBAI_MAGISTRATE,2025-04-01T11:13:25,2025-04-01T11:13:25,2025-04-01T11:13:25,19.121669,72.791659,Incident reported at Kurla West Terminus Sector-106 under MO Two-Wheeler Chain Snatching.,CCTNS_MUMBAI,CCTNS_000075,v1.0,True
76,CR/0076/2025,CASE_2025_0076,2025-04-01T11:21:28,POL_993,PS_ANDHERI,CAT_CRIMINAL,SERIOUS,CYBER_FRAUD_CALL_CENTER,spoof_official_bank_helpline,UNDER_INVESTIGATION,COURT_MUMBAI_MAGISTRATE,2025-04-01T11:21:28,2025-04-01T11:21:28,2025-04-01T11:21:28,19.096948,72.946381,Incident reported at Bandra Kurla Complex Sector-64 under MO Cyber Fraud Call Center.,CCTNS_MUMBAI,CCTNS_000076,v1.0,True
77,CR/0077/2025,CASE_2025_0077,2025-04-01T14:24:24,POL_316,PS_BORIVALI,CAT_CRIMINAL,HEINOUS,EXTORTION_RACKET,identify_prominent_local_trader,UNDER_INVESTIGATION,COURT_MUMBAI_MAGISTRATE,2025-04-01T14:24:24,2025-04-01T14:24:24,2025-04-01T14:24:24,18.946261,72.7994,Incident reported at Borivali West Station Area Sector-234 under MO Commercial Extortion Racket.,CCTNS_MUMBAI,CCTNS_000077,v1.0,True
78,CR/0078/2025,CASE_2025_0078,2025-04-01T20:54:03,POL_806,PS_MALAD,CAT_CRIMINAL,SERIOUS,NARCOTICS_COURIER_NETWORK,procure_contraband_consignment,UNDER_INVESTIGATION,COURT_MUMBAI_MAGISTRATE,2025-04-01T20:54:03,2025-04-01T20:54:03,2025-04-01T20:54:03,18.976999,72.948677,Incident reported at Byculla Market Sector-95 under MO Narcotics Courier Network.,CCTNS_MUMBAI,CCTNS_000078,v1.0,True
79,CR/0079/2025,CASE_2025_0079,2025-04-02T01:59:06,POL_419,PS_KURLA,CAT_CRIMINAL,HEINOUS,VEHICLE_THEFT_RING,observe_target_vehicle,UNDER_INVESTIGATION,COURT_MUMBAI_MAGISTRATE,2025-04-02T01:59:06,2025-04-02T01:59:06,2025-04-02T01:59:06,19.096948,72.946381,Incident reported at Bandra Kurla Complex Sector-64 under MO Vehicle Theft Ring.,CCTNS_MUMBAI,CCTNS_000079,v1.0,True
80,CR/0080/2025,CASE_2025_0080,2025-04-02T05:39:52,POL_765,PS_WORLI,CAT_CRIMINAL,SERIOUS,ATM_CARD_SKIMMING,inspect_unattended_kiosk,UNDER_INVESTIGATION,COURT_MUMBAI_MAGISTRATE,2025-04-02T05:39:52,2025-04-02T05:39:52,2025-04-02T05:39:52,19.20586,72.777159,Incident reported at Colaba Causeway Sector-82 under MO ATM/Card Skimming Racket.,CCTNS_MUMBAI,CCTNS_000080,v1.0,True
81,CR/0081/2025,CASE_2025_0081,2025-04-02T08:54:52,POL_629,PS_JUHU,CAT_CRIMINAL,HEINOUS,CHAIN_SNATCHING,survey_pedestrian_victim,UNDER_INVESTIGATION,COURT_MUMBAI_MAGISTRATE,2025-04-02T08:54:52,2025-04-02T08:54:52,2025-04-02T08:54:52,18.917646,72.825292,Incident reported at Sion Circle Sector-139 under MO Two-Wheeler Chain Snatching.,CCTNS_MUMBAI,CCTNS_000081,v1.0,True
82,CR/0082/2025,CASE_2025_0082,2025-04-03T06:49:21,POL_353,PS_GHATKOPAR,CAT_CRIMINAL,SERIOUS,CYBER_FRAUD_CALL_CENTER,spoof_official_bank_helpline,UNDER_INVESTIGATION,COURT_MUMBAI_MAGISTRATE,2025-04-03T06:49:21,2025-04-03T06:49:21,2025-04-03T06:49:21,19.180672,72.980097,Incident reported at Crawford Market Sector-123 under MO Cyber Fraud Call Center.,CCTNS_MUMBAI,CCTNS_000082,v1.0,True
83,CR/0083/2025,CASE_2025_0083,2025-04-03T14:35:21,POL_446,PS_KURLA,CAT_CRIMINAL,HEINOUS,EXTORTION_RACKET,identify_prominent_local_trader,UNDER_INVESTIGATION,COURT_MUMBAI_MAGISTRATE,2025-04-03T14:35:21,2025-04-03T14:35:21,2025-04-03T14:35:21,18.969221,72.959798,Incident reported at Ghatkopar Central Mall Sector-151 under MO Commercial Extortion Racket.,CCTNS_MUMBAI,CCTNS_000083,v1.0,True
84,CR/0084/2025,CASE_2025_0084,2025-04-03T17:04:22,POL_667,PS_COLABA,CAT_CRIMINAL,SERIOUS,NARCOTICS_COURIER_NETWORK,procure_contraband_consignment,UNDER_INVESTIGATION,COURT_MUMBAI_MAGISTRATE,2025-04-03T17:04:22,2025-04-03T17:04:22,2025-04-03T17:04:22,19.263206,72.886056,Incident reported at Sewri Timber Market Sector-136 under MO Narcotics Courier Network.,CCTNS_MUMBAI,CCTNS_000084,v1.0,True
85,CR/0085/2025,CASE_2025_0085,2025-04-04T13:04:12,POL_325,PS_KURLA,CAT_CRIMINAL,HEINOUS,VEHICLE_THEFT_RING,observe_target_vehicle,UNDER_INVESTIGATION,COURT_MUMBAI_MAGISTRATE,2025-04-04T13:04:12,2025-04-04T13:04:12,2025-04-04T13:04:12,19.041248,72.82635,Incident reported at Crawford Market Sector-203 under MO Vehicle Theft Ring.,CCTNS_MUMBAI,CCTNS_000085,v1.0,True
86,CR/0086/2025,CASE_2025_0086,2025-04-04T13:34:03,POL_824,PS_COLABA,CAT_CRIMINAL,SERIOUS,ATM_CARD_SKIMMING,inspect_unattended_kiosk,UNDER_INVESTIGATION,COURT_MUMBAI_MAGISTRATE,2025-04-04T13:34:03,2025-04-04T13:34:03,2025-04-04T13:34:03,19.173233,72.917069,Incident reported at Thane Station West Sector-97 under MO ATM/Card Skimming Racket.,CCTNS_MUMBAI,CCTNS_000086,v1.0,True
87,CR/0087/2025,CASE_2025_0087,2025-04-04T19:05:32,POL_334,PS_BYCULLA,CAT_CRIMINAL,HEINOUS,CHAIN_SNATCHING,survey_pedestrian_victim,UNDER_INVESTIGATION,COURT_MUMBAI_MAGISTRATE,2025-04-04T19:05:32,2025-04-04T19:05:32,2025-04-04T19:05:32,19.228516,72.875947,Incident reported at Bandra Kurla Complex Sector-164 under MO Two-Wheeler Chain Snatching.,CCTNS_MUMBAI,CCTNS_000087,v1.0,True
88,CR/0088/2025,CASE_2025_0088,2025-04-04T20:08:32,POL_980,PS_BANDRA,CAT_CRIMINAL,SERIOUS,CYBER_FRAUD_CALL_CENTER,spoof_official_bank_helpline,UNDER_INVESTIGATION,COURT_MUMBAI_MAGISTRATE,2025-04-04T20:08:32,2025-04-04T20:08:32,2025-04-04T20:08:32,18.975889,72.965498,Incident reported at Ghatkopar Central Mall Sector-211 under MO Cyber Fraud Call Center.,CCTNS_MUMBAI,CCTNS_000088,v1.0,True
89,CR/0089/2025,CASE_2025_0089,2025-04-05T08:58:45,POL_626,PS_JUHU,CAT_CRIMINAL,HEINOUS,EXTORTION_RACKET,identify_prominent_local_trader,UNDER_INVESTIGATION,COURT_MUMBAI_MAGISTRATE,2025-04-05T08:58:45,2025-04-05T08:58:45,2025-04-05T08:58:45,19.063756,72.945744,Incident reported at Borivali West Station Area Sector-54 under MO Commercial Extortion Racket.,CCTNS_MUMBAI,CCTNS_000089,v1.0,True
90,CR/0090/2025,CASE_2025_0090,2025-04-05T13:50:07,POL_785,PS_KURLA,CAT_CRIMINAL,SERIOUS,NARCOTICS_COURIER_NETWORK,procure_contraband_consignment,UNDER_INVESTIGATION,COURT_MUMBAI_MAGISTRATE,2025-04-05T13:50:07,2025-04-05T13:50:07,2025-04-05T13:50:07,19.206624,72.862425,Incident reported at Malad Link Road Sector-113 under MO Narcotics Courier Network.,CCTNS_MUMBAI,CCTNS_000090,v1.0,True
91,CR/0091/2025,CASE_2025_0091,2025-04-05T17:14:30,POL_652,PS_GHATKOPAR,CAT_CRIMINAL,HEINOUS,VEHICLE_THEFT_RING,observe_target_vehicle,UNDER_INVESTIGATION,COURT_MUMBAI_MAGISTRATE,2025-04-05T17:14:30,2025-04-05T17:14:30,2025-04-05T17:14:30,19.143703,72.815992,Incident reported at Malad Link Road Sector-213 under MO Vehicle Theft Ring.,CCTNS_MUMBAI,CCTNS_000091,v1.0,True
92,CR/0092/2025,CASE_2025_0092,2025-04-06T10:08:29,POL_684,PS_DHARAVI,CAT_CRIMINAL,SERIOUS,ATM_CARD_SKIMMING,inspect_unattended_kiosk,UNDER_INVESTIGATION,COURT_MUMBAI_MAGISTRATE,2025-04-06T10:08:29,2025-04-06T10:08:29,2025-04-06T10:08:29,18.927349,72.888464,Incident reported at Andheri East MIDC Sector-205 under MO ATM/Card Skimming Racket.,CCTNS_MUMBAI,CCTNS_000092,v1.0,True
93,CR/0093/2025,CASE_2025_0093,2025-04-06T20:05:50,POL_348,PS_BORIVALI,CAT_CRIMINAL,HEINOUS,CHAIN_SNATCHING,survey_pedestrian_victim,UNDER_INVESTIGATION,COURT_MUMBAI_MAGISTRATE,2025-04-06T20:05:50,2025-04-06T20:05:50,2025-04-06T20:05:50,19.168832,72.848002,Incident reported at Bandra Kurla Complex Sector-44 under MO Two-Wheeler Chain Snatching.,CCTNS_MUMBAI,CCTNS_000093,v1.0,True
94,CR/0094/2025,CASE_2025_0094,2025-04-07T06:19:00,POL_294,PS_GHATKOPAR,CAT_CRIMINAL,SERIOUS,CYBER_FRAUD_CALL_CENTER,spoof_official_bank_helpline,UNDER_INVESTIGATION,COURT_MUMBAI_MAGISTRATE,2025-04-07T06:19:00,2025-04-07T06:19:00,2025-04-07T06:19:00,19.139565,72.859439,Incident reported at Dharavi Commercial Complex Sector-181 under MO Cyber Fraud Call Center.,CCTNS_MUMBAI,CCTNS_000094,v1.0,True
95,CR/0095/2025,CASE_2025_0095,2025-04-07T11:29:19,POL_774,PS_BANDRA,CAT_CRIMINAL,HEINOUS,EXTORTION_RACKET,identify_prominent_local_trader,UNDER_INVESTIGATION,COURT_MUMBAI_MAGISTRATE,2025-04-07T11:29:19,2025-04-07T11:29:19,2025-04-07T11:29:19,19.072515,72.983484,Incident reported at Andheri East MIDC Sector-85 under MO Commercial Extortion Racket.,CCTNS_MUMBAI,CCTNS_000095,v1.0,True
96,CR/0096/2025,CASE_2025_0096,2025-04-07T22:33:55,POL_533,PS_WORLI,CAT_CRIMINAL,SERIOUS,NARCOTICS_COURIER_NETWORK,procure_contraband_consignment,UNDER_INVESTIGATION,COURT_MUMBAI_MAGISTRATE,2025-04-07T22:33:55,2025-04-07T22:33:55,2025-04-07T22:33:55,19.047285,72.920785,Incident reported at Andheri East MIDC Sector-25 under MO Narcotics Courier Network.,CCTNS_MUMBAI,CCTNS_000096,v1.0,True
97,CR/0097/2025,CASE_2025_0097,2025-04-07T23:21:49,POL_984,PS_WORLI,CAT_CRIMINAL,HEINOUS,VEHICLE_THEFT_RING,observe_target_vehicle,UNDER_INVESTIGATION,COURT_MUMBAI_MAGISTRATE,2025-04-07T23:21:49,2025-04-07T23:21:49,2025-04-07T23:21:49,18.978942,72.946946,Incident reported at Dharavi Commercial Complex Sector-1 under MO Vehicle Theft Ring.,CCTNS_MUMBAI,CCTNS_000097,v1.0,True
98,CR/0098/2025,CASE_2025_0098,2025-04-08T02:46:03,POL_789,PS_CHEMBUR,CAT_CRIMINAL,SERIOUS,ATM_CARD_SKIMMING,inspect_unattended_kiosk,UNDER_INVESTIGATION,COURT_MUMBAI_MAGISTRATE,2025-04-08T02:46:03,2025-04-08T02:46:03,2025-04-08T02:46:03,19.168832,72.848002,Incident reported at Bandra Kurla Complex Sector-44 under MO ATM/Card Skimming Racket.,CCTNS_MUMBAI,CCTNS_000098,v1.0,True
99,CR/0099/2025,CASE_2025_0099,2025-04-08T04:18:45,POL_200,PS_BYCULLA,CAT_CRIMINAL,HEINOUS,CHAIN_SNATCHING,survey_pedestrian_victim,UNDER_INVESTIGATION,COURT_MUMBAI_MAGISTRATE,2025-04-08T04:18:45,2025-04-08T04:18:45,2025-04-08T04:18:45,18.920401,72.943799,Incident reported at Kurla West Terminus Sector-126 under MO Two-Wheeler Chain Snatching.,CCTNS_MUMBAI,CCTNS_000099,v1.0,True
100,CR/0100/2025,CASE_2025_0100,2025-04-08T14:28:09,POL_845,PS_COLABA,CAT_CRIMINAL,SERIOUS,CYBER_FRAUD_CALL_CENTER,spoof_official_bank_helpline,UNDER_INVESTIGATION,COURT_MUMBAI_MAGISTRATE,2025-04-08T14:28:09,2025-04-08T14:28:09,2025-04-08T14:28:09,18.901633,72.775442,Incident reported at Navi Mumbai Vashi Sector 17 Sector-98 under MO Cyber Fraud Call Center.,CCTNS_MUMBAI,CCTNS_000100,v1.0,True
101,CR/0101/2025,CASE_2025_0101,2025-04-08T19:34:17,POL_354,PS_JUHU,CAT_CRIMINAL,HEINOUS,EXTORTION_RACKET,identify_prominent_local_trader,UNDER_INVESTIGATION,COURT_MUMBAI_MAGISTRATE,2025-04-08T19:34:17,2025-04-08T19:34:17,2025-04-08T19:34:17,18.975287,72.759382,Incident reported at Sion Circle Sector-39 under MO Commercial Extortion Racket.,CCTNS_MUMBAI,CCTNS_000101,v1.0,True
102,CR/0102/2025,CASE_2025_0102,2025-04-08T23:29:22,POL_649,PS_KURLA,CAT_CRIMINAL,SERIOUS,NARCOTICS_COURIER_NETWORK,procure_contraband_consignment,UNDER_INVESTIGATION,COURT_MUMBAI_MAGISTRATE,2025-04-08T23:29:22,2025-04-08T23:29:22,2025-04-08T23:29:22,19.153185,72.934911,Incident reported at Sewri Timber Market Sector-16 under MO Narcotics Courier Network.,CCTNS_MUMBAI,CCTNS_000102,v1.0,True
103,CR/0103/2025,CASE_2025_0103,2025-04-09T01:53:59,POL_532,PS_GHATKOPAR,CAT_CRIMINAL,HEINOUS,VEHICLE_THEFT_RING,observe_target_vehicle,UNDER_INVESTIGATION,COURT_MUMBAI_MAGISTRATE,2025-04-09T01:53:59,2025-04-09T01:53:59,2025-04-09T01:53:59,19.047285,72.920785,Incident reported at Andheri East MIDC Sector-25 under MO Vehicle Theft Ring.,CCTNS_MUMBAI,CCTNS_000103,v1.0,True
104,CR/0104/2025,CASE_2025_0104,2025-04-09T13:19:03,POL_573,PS_DHARAVI,CAT_CRIMINAL,SERIOUS,ATM_CARD_SKIMMING,inspect_unattended_kiosk,UNDER_INVESTIGATION,COURT_MUMBAI_MAGISTRATE,2025-04-09T13:19:03,2025-04-09T13:19:03,2025-04-09T13:19:03,19.009854,72.763743,Incident reported at Andheri East MIDC Sector-45 under MO ATM/Card Skimming Racket.,CCTNS_MUMBAI,CCTNS_000104,v1.0,True
105,CR/0105/2025,CASE_2025_0105,2025-04-10T08:31:32,POL_553,PS_KURLA,CAT_CRIMINAL,HEINOUS,CHAIN_SNATCHING,survey_pedestrian_victim,UNDER_INVESTIGATION,COURT_MUMBAI_MAGISTRATE,2025-04-10T08:31:32,2025-04-10T08:31:32,2025-04-10T08:31:32,19.267332,72.96217,Incident reported at Dharavi Commercial Complex Sector-21 under MO Two-Wheeler Chain Snatching.,CCTNS_MUMBAI,CCTNS_000105,v1.0,True
106,CR/0106/2025,CASE_2025_0106,2025-04-10T11:53:43,POL_151,PS_MALAD,CAT_CRIMINAL,SERIOUS,CYBER_FRAUD_CALL_CENTER,spoof_official_bank_helpline,UNDER_INVESTIGATION,COURT_MUMBAI_MAGISTRATE,2025-04-10T11:53:43,2025-04-10T11:53:43,2025-04-10T11:53:43,19.269249,72.87516,Incident reported at Lower Parel Business Park Sector-110 under MO Cyber Fraud Call Center.,CCTNS_MUMBAI,CCTNS_000106,v1.0,True
107,CR/0107/2025,CASE_2025_0107,2025-04-10T13:16:35,POL_956,PS_BYCULLA,CAT_CRIMINAL,HEINOUS,EXTORTION_RACKET,identify_prominent_local_trader,UNDER_INVESTIGATION,COURT_MUMBAI_MAGISTRATE,2025-04-10T13:16:35,2025-04-10T13:16:35,2025-04-10T13:16:35,19.112666,72.943856,Incident reported at Ghatkopar Central Mall Sector-51 under MO Commercial Extortion Racket.,CCTNS_MUMBAI,CCTNS_000107,v1.0,True
108,CR/0108/2025,CASE_2025_0108,2025-04-10T22:01:16,POL_871,PS_COLABA,CAT_CRIMINAL,SERIOUS,NARCOTICS_COURIER_NETWORK,procure_contraband_consignment,UNDER_INVESTIGATION,COURT_MUMBAI_MAGISTRATE,2025-04-10T22:01:16,2025-04-10T22:01:16,2025-04-10T22:01:16,19.246856,72.780956,Incident reported at Andheri East MIDC Sector-145 under MO Narcotics Courier Network.,CCTNS_MUMBAI,CCTNS_000108,v1.0,True
109,CR/0109/2025,CASE_2025_0109,2025-04-10T22:22:14,POL_516,PS_KURLA,CAT_CRIMINAL,HEINOUS,VEHICLE_THEFT_RING,observe_target_vehicle,UNDER_INVESTIGATION,COURT_MUMBAI_MAGISTRATE,2025-04-10T22:22:14,2025-04-10T22:22:14,2025-04-10T22:22:14,19.15288,72.871426,Incident reported at Juhu Tara Road Sector-147 under MO Vehicle Theft Ring.,CCTNS_MUMBAI,CCTNS_000109,v1.0,True
110,CR/0110/2025,CASE_2025_0110,2025-04-11T08:22:29,POL_318,PS_GHATKOPAR,CAT_CRIMINAL,SERIOUS,ATM_CARD_SKIMMING,inspect_unattended_kiosk,UNDER_INVESTIGATION,COURT_MUMBAI_MAGISTRATE,2025-04-11T08:22:29,2025-04-11T08:22:29,2025-04-11T08:22:29,19.158578,72.935852,Incident reported at Thane Station West Sector-177 under MO ATM/Card Skimming Racket.,CCTNS_MUMBAI,CCTNS_000110,v1.0,True
111,CR/0111/2025,CASE_2025_0111,2025-04-11T17:11:58,POL_268,PS_WORLI,CAT_CRIMINAL,HEINOUS,CHAIN_SNATCHING,survey_pedestrian_victim,UNDER_INVESTIGATION,COURT_MUMBAI_MAGISTRATE,2025-04-11T17:11:58,2025-04-11T17:11:58,2025-04-11T17:11:58,18.992985,72.964705,Incident reported at Sewri Timber Market Sector-216 under MO Two-Wheeler Chain Snatching.,CCTNS_MUMBAI,CCTNS_000111,v1.0,True
112,CR/0112/2025,CASE_2025_0112,2025-04-11T17:14:54,POL_499,PS_WORLI,CAT_CRIMINAL,SERIOUS,CYBER_FRAUD_CALL_CENTER,spoof_official_bank_helpline,UNDER_INVESTIGATION,COURT_MUMBAI_MAGISTRATE,2025-04-11T17:14:54,2025-04-11T17:14:54,2025-04-11T17:14:54,19.202376,72.774915,Incident reported at Juhu Tara Road Sector-187 under MO Cyber Fraud Call Center.,CCTNS_MUMBAI,CCTNS_000112,v1.0,True
113,CR/0113/2025,CASE_2025_0113,2025-04-12T08:39:46,POL_392,PS_ANDHERI,CAT_CRIMINAL,HEINOUS,EXTORTION_RACKET,identify_prominent_local_trader,UNDER_INVESTIGATION,COURT_MUMBAI_MAGISTRATE,2025-04-12T08:39:46,2025-04-12T08:39:46,2025-04-12T08:39:46,19.024227,72.944408,Incident reported at Thane Station West Sector-17 under MO Commercial Extortion Racket.,CCTNS_MUMBAI,CCTNS_000113,v1.0,True
114,CR/0114/2025,CASE_2025_0114,2025-04-12T15:54:32,POL_848,PS_WORLI,CAT_CRIMINAL,SERIOUS,NARCOTICS_COURIER_NETWORK,procure_contraband_consignment,UNDER_INVESTIGATION,COURT_MUMBAI_MAGISTRATE,2025-04-12T15:54:32,2025-04-12T15:54:32,2025-04-12T15:54:32,19.206739,72.802953,Incident reported at Lower Parel Business Park Sector-50 under MO Narcotics Courier Network.,CCTNS_MUMBAI,CCTNS_000114,v1.0,True
115,CR/0115/2025,CASE_2025_0115,2025-04-12T19:52:47,POL_835,PS_MALAD,CAT_CRIMINAL,HEINOUS,VEHICLE_THEFT_RING,observe_target_vehicle,UNDER_INVESTIGATION,COURT_MUMBAI_MAGISTRATE,2025-04-12T19:52:47,2025-04-12T19:52:47,2025-04-12T19:52:47,18.976999,72.948677,Incident reported at Byculla Market Sector-95 under MO Vehicle Theft Ring.,CCTNS_MUMBAI,CCTNS_000115,v1.0,True
116,CR/0116/2025,CASE_2025_0116,2025-04-12T23:08:27,POL_294,PS_GHATKOPAR,CAT_CRIMINAL,SERIOUS,ATM_CARD_SKIMMING,inspect_unattended_kiosk,UNDER_INVESTIGATION,COURT_MUMBAI_MAGISTRATE,2025-04-12T23:08:27,2025-04-12T23:08:27,2025-04-12T23:08:27,18.926894,72.916987,Incident reported at Sewri Timber Market Sector-96 under MO ATM/Card Skimming Racket.,CCTNS_MUMBAI,CCTNS_000116,v1.0,True
117,CR/0117/2025,CASE_2025_0117,2025-04-13T05:33:48,POL_159,PS_ANDHERI,CAT_CRIMINAL,HEINOUS,CHAIN_SNATCHING,survey_pedestrian_victim,UNDER_INVESTIGATION,COURT_MUMBAI_MAGISTRATE,2025-04-13T05:33:48,2025-04-13T05:33:48,2025-04-13T05:33:48,18.9258,72.955522,Incident reported at Chembur Colony Sector-192 under MO Two-Wheeler Chain Snatching.,CCTNS_MUMBAI,CCTNS_000117,v1.0,True
118,CR/0118/2025,CASE_2025_0118,2025-04-13T05:36:58,POL_655,PS_BORIVALI,CAT_CRIMINAL,SERIOUS,CYBER_FRAUD_CALL_CENTER,spoof_official_bank_helpline,UNDER_INVESTIGATION,COURT_MUMBAI_MAGISTRATE,2025-04-13T05:36:58,2025-04-13T05:36:58,2025-04-13T05:36:58,18.976732,72.983638,Incident reported at Tardeo Road Sector-200 under MO Cyber Fraud Call Center.,CCTNS_MUMBAI,CCTNS_000118,v1.0,True
119,CR/0119/2025,CASE_2025_0119,2025-04-13T06:41:41,POL_421,PS_COLABA,CAT_CRIMINAL,HEINOUS,EXTORTION_RACKET,identify_prominent_local_trader,UNDER_INVESTIGATION,COURT_MUMBAI_MAGISTRATE,2025-04-13T06:41:41,2025-04-13T06:41:41,2025-04-13T06:41:41,18.924507,72.7644,Incident reported at Andheri East MIDC Sector-105 under MO Commercial Extortion Racket.,CCTNS_MUMBAI,CCTNS_000119,v1.0,True
120,CR/0120/2025,CASE_2025_0120,2025-04-13T20:49:23,POL_698,PS_COLABA,CAT_CRIMINAL,SERIOUS,NARCOTICS_COURIER_NETWORK,procure_contraband_consignment,UNDER_INVESTIGATION,COURT_MUMBAI_MAGISTRATE,2025-04-13T20:49:23,2025-04-13T20:49:23,2025-04-13T20:49:23,18.960929,72.865302,Incident reported at Andheri East MIDC Sector-65 under MO Narcotics Courier Network.,CCTNS_MUMBAI,CCTNS_000120,v1.0,True
121,CR/0121/2025,CASE_2025_0121,2025-04-14T01:09:25,POL_973,PS_GHATKOPAR,CAT_CRIMINAL,HEINOUS,VEHICLE_THEFT_RING,observe_target_vehicle,UNDER_INVESTIGATION,COURT_MUMBAI_MAGISTRATE,2025-04-14T01:09:25,2025-04-14T01:09:25,2025-04-14T01:09:25,18.888419,72.7891,Incident reported at Sewri Timber Market Sector-56 under MO Vehicle Theft Ring.,CCTNS_MUMBAI,CCTNS_000121,v1.0,True
122,CR/0122/2025,CASE_2025_0122,2025-04-14T10:04:25,POL_158,PS_MALAD,CAT_CRIMINAL,SERIOUS,ATM_CARD_SKIMMING,inspect_unattended_kiosk,UNDER_INVESTIGATION,COURT_MUMBAI_MAGISTRATE,2025-04-14T10:04:25,2025-04-14T10:04:25,2025-04-14T10:04:25,19.18753,72.788651,Incident reported at Ghatkopar Central Mall Sector-131 under MO ATM/Card Skimming Racket.,CCTNS_MUMBAI,CCTNS_000122,v1.0,True
123,CR/0123/2025,CASE_2025_0123,2025-04-14T12:35:09,POL_971,PS_MALAD,CAT_CRIMINAL,HEINOUS,CHAIN_SNATCHING,survey_pedestrian_victim,UNDER_INVESTIGATION,COURT_MUMBAI_MAGISTRATE,2025-04-14T12:35:09,2025-04-14T12:35:09,2025-04-14T12:35:09,19.005789,72.843754,Incident reported at Bandra Kurla Complex Sector-124 under MO Two-Wheeler Chain Snatching.,CCTNS_MUMBAI,CCTNS_000123,v1.0,True
124,CR/0124/2025,CASE_2025_0124,2025-04-14T12:53:58,POL_709,PS_DHARAVI,CAT_CRIMINAL,SERIOUS,CYBER_FRAUD_CALL_CENTER,spoof_official_bank_helpline,UNDER_INVESTIGATION,COURT_MUMBAI_MAGISTRATE,2025-04-14T12:53:58,2025-04-14T12:53:58,2025-04-14T12:53:58,19.215394,72.940833,Incident reported at Sewri Timber Market Sector-196 under MO Cyber Fraud Call Center.,CCTNS_MUMBAI,CCTNS_000124,v1.0,True
125,CR/0125/2025,CASE_2025_0125,2025-04-14T13:48:15,POL_982,PS_BANDRA,CAT_CRIMINAL,HEINOUS,EXTORTION_RACKET,identify_prominent_local_trader,UNDER_INVESTIGATION,COURT_MUMBAI_MAGISTRATE,2025-04-14T13:48:15,2025-04-14T13:48:15,2025-04-14T13:48:15,19.266236,72.854828,Incident reported at Dadar TT Circle Sector-168 under MO Commercial Extortion Racket.,CCTNS_MUMBAI,CCTNS_000125,v1.0,True
126,CR/0126/2025,CASE_2025_0126,2025-04-14T17:37:51,POL_222,PS_KURLA,CAT_CRIMINAL,SERIOUS,NARCOTICS_COURIER_NETWORK,procure_contraband_consignment,UNDER_INVESTIGATION,COURT_MUMBAI_MAGISTRATE,2025-04-14T17:37:51,2025-04-14T17:37:51,2025-04-14T17:37:51,19.020884,72.880192,Incident reported at Colaba Causeway Sector-182 under MO Narcotics Courier Network.,CCTNS_MUMBAI,CCTNS_000126,v1.0,True
127,CR/0127/2025,CASE_2025_0127,2025-04-15T13:30:29,POL_692,PS_BORIVALI,CAT_CRIMINAL,HEINOUS,VEHICLE_THEFT_RING,observe_target_vehicle,UNDER_INVESTIGATION,COURT_MUMBAI_MAGISTRATE,2025-04-15T13:30:29,2025-04-15T13:30:29,2025-04-15T13:30:29,19.233761,72.943794,Incident reported at Lower Parel Business Park Sector-130 under MO Vehicle Theft Ring.,CCTNS_MUMBAI,CCTNS_000127,v1.0,True
128,CR/0128/2025,CASE_2025_0128,2025-04-15T19:20:16,POL_734,PS_BORIVALI,CAT_CRIMINAL,SERIOUS,ATM_CARD_SKIMMING,inspect_unattended_kiosk,UNDER_INVESTIGATION,COURT_MUMBAI_MAGISTRATE,2025-04-15T19:20:16,2025-04-15T19:20:16,2025-04-15T19:20:16,19.112493,72.757833,Incident reported at Lower Parel Business Park Sector-190 under MO ATM/Card Skimming Racket.,CCTNS_MUMBAI,CCTNS_000128,v1.0,True
129,CR/0129/2025,CASE_2025_0129,2025-04-16T15:40:46,POL_773,PS_BANDRA,CAT_CRIMINAL,HEINOUS,CHAIN_SNATCHING,survey_pedestrian_victim,UNDER_INVESTIGATION,COURT_MUMBAI_MAGISTRATE,2025-04-16T15:40:46,2025-04-16T15:40:46,2025-04-16T15:40:46,19.277562,72.754117,Incident reported at Ghatkopar Central Mall Sector-91 under MO Two-Wheeler Chain Snatching.,CCTNS_MUMBAI,CCTNS_000129,v1.0,True
130,CR/0130/2025,CASE_2025_0130,2025-04-17T02:55:00,POL_635,PS_BORIVALI,CAT_CRIMINAL,SERIOUS,CYBER_FRAUD_CALL_CENTER,spoof_official_bank_helpline,UNDER_INVESTIGATION,COURT_MUMBAI_MAGISTRATE,2025-04-17T02:55:00,2025-04-17T02:55:00,2025-04-17T02:55:00,18.920269,72.940906,Incident reported at Navi Mumbai Vashi Sector 17 Sector-218 under MO Cyber Fraud Call Center.,CCTNS_MUMBAI,CCTNS_000130,v1.0,True
131,CR/0131/2025,CASE_2025_0131,2025-04-17T15:00:08,POL_309,PS_JUHU,CAT_CRIMINAL,HEINOUS,EXTORTION_RACKET,identify_prominent_local_trader,UNDER_INVESTIGATION,COURT_MUMBAI_MAGISTRATE,2025-04-17T15:00:08,2025-04-17T15:00:08,2025-04-17T15:00:08,19.261058,72.914081,Incident reported at Dharavi Commercial Complex Sector-161 under MO Commercial Extortion Racket.,CCTNS_MUMBAI,CCTNS_000131,v1.0,True
132,CR/0132/2025,CASE_2025_0132,2025-04-18T03:23:18,POL_421,PS_BYCULLA,CAT_CRIMINAL,SERIOUS,NARCOTICS_COURIER_NETWORK,procure_contraband_consignment,UNDER_INVESTIGATION,COURT_MUMBAI_MAGISTRATE,2025-04-18T03:23:18,2025-04-18T03:23:18,2025-04-18T03:23:18,19.062176,72.919861,Incident reported at Sewri Timber Market Sector-36 under MO Narcotics Courier Network.,CCTNS_MUMBAI,CCTNS_000132,v1.0,True
133,CR/0133/2025,CASE_2025_0133,2025-04-18T06:44:27,POL_505,PS_KURLA,CAT_CRIMINAL,HEINOUS,VEHICLE_THEFT_RING,observe_target_vehicle,UNDER_INVESTIGATION,COURT_MUMBAI_MAGISTRATE,2025-04-18T06:44:27,2025-04-18T06:44:27,2025-04-18T06:44:27,18.935289,72.976567,Incident reported at Kurla West Terminus Sector-86 under MO Vehicle Theft Ring.,CCTNS_MUMBAI,CCTNS_000133,v1.0,True
134,CR/0134/2025,CASE_2025_0134,2025-04-18T13:19:13,POL_760,PS_DHARAVI,CAT_CRIMINAL,SERIOUS,ATM_CARD_SKIMMING,inspect_unattended_kiosk,UNDER_INVESTIGATION,COURT_MUMBAI_MAGISTRATE,2025-04-18T13:19:13,2025-04-18T13:19:13,2025-04-18T13:19:13,19.058992,72.781487,Incident reported at Malad Link Road Sector-133 under MO ATM/Card Skimming Racket.,CCTNS_MUMBAI,CCTNS_000134,v1.0,True
135,CR/0135/2025,CASE_2025_0135,2025-04-18T14:18:38,POL_423,PS_ANDHERI,CAT_CRIMINAL,HEINOUS,CHAIN_SNATCHING,survey_pedestrian_victim,UNDER_INVESTIGATION,COURT_MUMBAI_MAGISTRATE,2025-04-18T14:18:38,2025-04-18T14:18:38,2025-04-18T14:18:38,19.063651,72.893015,Incident reported at Byculla Market Sector-215 under MO Two-Wheeler Chain Snatching.,CCTNS_MUMBAI,CCTNS_000135,v1.0,True
136,CR/0136/2025,CASE_2025_0136,2025-04-19T12:05:15,POL_569,PS_BANDRA,CAT_CRIMINAL,SERIOUS,CYBER_FRAUD_CALL_CENTER,spoof_official_bank_helpline,UNDER_INVESTIGATION,COURT_MUMBAI_MAGISTRATE,2025-04-19T12:05:15,2025-04-19T12:05:15,2025-04-19T12:05:15,19.058422,72.925155,Incident reported at Chembur Colony Sector-52 under MO Cyber Fraud Call Center.,CCTNS_MUMBAI,CCTNS_000136,v1.0,True
137,CR/0137/2025,CASE_2025_0137,2025-04-20T01:48:42,POL_202,PS_BORIVALI,CAT_CRIMINAL,HEINOUS,EXTORTION_RACKET,identify_prominent_local_trader,UNDER_INVESTIGATION,COURT_MUMBAI_MAGISTRATE,2025-04-20T01:48:42,2025-04-20T01:48:42,2025-04-20T01:48:42,19.234082,72.77239,Incident reported at Worli Sea Face Sector-129 under MO Commercial Extortion Racket.,CCTNS_MUMBAI,CCTNS_000137,v1.0,True
138,CR/0138/2025,CASE_2025_0138,2025-04-20T10:45:15,POL_318,PS_BANDRA,CAT_CRIMINAL,SERIOUS,NARCOTICS_COURIER_NETWORK,procure_contraband_consignment,UNDER_INVESTIGATION,COURT_MUMBAI_MAGISTRATE,2025-04-20T10:45:15,2025-04-20T10:45:15,2025-04-20T10:45:15,19.209002,72.984237,Incident reported at Chembur Colony Sector-112 under MO Narcotics Courier Network.,CCTNS_MUMBAI,CCTNS_000138,v1.0,True
139,CR/0139/2025,CASE_2025_0139,2025-04-20T21:21:57,POL_235,PS_MALAD,CAT_CRIMINAL,HEINOUS,VEHICLE_THEFT_RING,observe_target_vehicle,UNDER_INVESTIGATION,COURT_MUMBAI_MAGISTRATE,2025-04-20T21:21:57,2025-04-20T21:21:57,2025-04-20T21:21:57,18.928921,72.826461,Incident reported at Crawford Market Sector-243 under MO Vehicle Theft Ring.,CCTNS_MUMBAI,CCTNS_000139,v1.0,True
140,CR/0140/2025,CASE_2025_0140,2025-04-21T19:40:55,POL_350,PS_JUHU,CAT_CRIMINAL,SERIOUS,ATM_CARD_SKIMMING,inspect_unattended_kiosk,UNDER_INVESTIGATION,COURT_MUMBAI_MAGISTRATE,2025-04-21T19:40:55,2025-04-21T19:40:55,2025-04-21T19:40:55,19.107863,72.976405,Incident reported at Byculla Market Sector-55 under MO ATM/Card Skimming Racket.,CCTNS_MUMBAI,CCTNS_000140,v1.0,True
141,CR/0141/2025,CASE_2025_0141,2025-04-21T22:10:06,POL_261,PS_JUHU,CAT_CRIMINAL,HEINOUS,CHAIN_SNATCHING,survey_pedestrian_victim,UNDER_INVESTIGATION,COURT_MUMBAI_MAGISTRATE,2025-04-21T22:10:06,2025-04-21T22:10:06,2025-04-21T22:10:06,18.890499,72.939722,Incident reported at Navi Mumbai Vashi Sector 17 Sector-198 under MO Two-Wheeler Chain Snatching.,CCTNS_MUMBAI,CCTNS_000141,v1.0,True
142,CR/0142/2025,CASE_2025_0142,2025-04-22T08:49:05,POL_820,PS_GHATKOPAR,CAT_CRIMINAL,SERIOUS,CYBER_FRAUD_CALL_CENTER,spoof_official_bank_helpline,UNDER_INVESTIGATION,COURT_MUMBAI_MAGISTRATE,2025-04-22T08:49:05,2025-04-22T08:49:05,2025-04-22T08:49:05,19.158578,72.935852,Incident reported at Thane Station West Sector-177 under MO Cyber Fraud Call Center.,CCTNS_MUMBAI,CCTNS_000142,v1.0,True
143,CR/0143/2025,CASE_2025_0143,2025-04-22T13:22:27,POL_926,PS_ANDHERI,CAT_CRIMINAL,HEINOUS,EXTORTION_RACKET,identify_prominent_local_trader,UNDER_INVESTIGATION,COURT_MUMBAI_MAGISTRATE,2025-04-22T13:22:27,2025-04-22T13:22:27,2025-04-22T13:22:27,19.129903,72.818881,Incident reported at Navi Mumbai Vashi Sector 17 Sector-78 under MO Commercial Extortion Racket.,CCTNS_MUMBAI,CCTNS_000143,v1.0,True
144,CR/0144/2025,CASE_2025_0144,2025-04-22T15:22:13,POL_108,PS_BYCULLA,CAT_CRIMINAL,SERIOUS,NARCOTICS_COURIER_NETWORK,procure_contraband_consignment,UNDER_INVESTIGATION,COURT_MUMBAI_MAGISTRATE,2025-04-22T15:22:13,2025-04-22T15:22:13,2025-04-22T15:22:13,19.18753,72.788651,Incident reported at Ghatkopar Central Mall Sector-131 under MO Narcotics Courier Network.,CCTNS_MUMBAI,CCTNS_000144,v1.0,True
145,CR/0145/2025,CASE_2025_0145,2025-04-22T15:24:56,POL_406,PS_BYCULLA,CAT_CRIMINAL,HEINOUS,VEHICLE_THEFT_RING,observe_target_vehicle,UNDER_INVESTIGATION,COURT_MUMBAI_MAGISTRATE,2025-04-22T15:24:56,2025-04-22T15:24:56,2025-04-22T15:24:56,18.976732,72.983638,Incident reported at Tardeo Road Sector-200 under MO Vehicle Theft Ring.,CCTNS_MUMBAI,CCTNS_000145,v1.0,True
146,CR/0146/2025,CASE_2025_0146,2025-04-22T21:15:03,POL_999,PS_BYCULLA,CAT_CRIMINAL,SERIOUS,ATM_CARD_SKIMMING,inspect_unattended_kiosk,UNDER_INVESTIGATION,COURT_MUMBAI_MAGISTRATE,2025-04-22T21:15:03,2025-04-22T21:15:03,2025-04-22T21:15:03,18.946261,72.7994,Incident reported at Borivali West Station Area Sector-234 under MO ATM/Card Skimming Racket.,CCTNS_MUMBAI,CCTNS_000146,v1.0,True
147,CR/0147/2025,CASE_2025_0147,2025-04-22T22:44:11,POL_218,PS_DHARAVI,CAT_CRIMINAL,HEINOUS,CHAIN_SNATCHING,survey_pedestrian_victim,UNDER_INVESTIGATION,COURT_MUMBAI_MAGISTRATE,2025-04-22T22:44:11,2025-04-22T22:44:11,2025-04-22T22:44:11,18.975287,72.759382,Incident reported at Sion Circle Sector-39 under MO Two-Wheeler Chain Snatching.,CCTNS_MUMBAI,CCTNS_000147,v1.0,True
148,CR/0148/2025,CASE_2025_0148,2025-04-23T04:09:56,POL_666,PS_BANDRA,CAT_CRIMINAL,SERIOUS,CYBER_FRAUD_CALL_CENTER,spoof_official_bank_helpline,UNDER_INVESTIGATION,COURT_MUMBAI_MAGISTRATE,2025-04-23T04:09:56,2025-04-23T04:09:56,2025-04-23T04:09:56,19.121803,72.792736,Incident reported at Sewri Timber Market Sector-76 under MO Cyber Fraud Call Center.,CCTNS_MUMBAI,CCTNS_000148,v1.0,True
149,CR/0149/2025,CASE_2025_0149,2025-04-24T14:47:51,POL_388,PS_DHARAVI,CAT_CRIMINAL,HEINOUS,EXTORTION_RACKET,identify_prominent_local_trader,UNDER_INVESTIGATION,COURT_MUMBAI_MAGISTRATE,2025-04-24T14:47:51,2025-04-24T14:47:51,2025-04-24T14:47:51,19.269249,72.87516,Incident reported at Lower Parel Business Park Sector-110 under MO Commercial Extortion Racket.,CCTNS_MUMBAI,CCTNS_000149,v1.0,True
150,CR/0150/2025,CASE_2025_0150,2025-04-24T17:05:37,POL_834,PS_BORIVALI,CAT_CRIMINAL,SERIOUS,NARCOTICS_COURIER_NETWORK,procure_contraband_consignment,UNDER_INVESTIGATION,COURT_MUMBAI_MAGISTRATE,2025-04-24T17:05:37,2025-04-24T17:05:37,2025-04-24T17:05:37,18.987036,72.865578,Incident reported at Worli Sea Face Sector-229 under MO Narcotics Courier Network.,CCTNS_MUMBAI,CCTNS_000150,v1.0,True
151,CR/0151/2025,CASE_2025_0151,2025-04-25T05:00:18,POL_803,PS_JUHU,CAT_CRIMINAL,HEINOUS,VEHICLE_THEFT_RING,observe_target_vehicle,UNDER_INVESTIGATION,COURT_MUMBAI_MAGISTRATE,2025-04-25T05:00:18,2025-04-25T05:00:18,2025-04-25T05:00:18,19.159426,72.821882,Incident reported at Crawford Market Sector-103 under MO Vehicle Theft Ring.,CCTNS_MUMBAI,CCTNS_000151,v1.0,True
152,CR/0152/2025,CASE_2025_0152,2025-04-25T08:33:04,POL_617,PS_BYCULLA,CAT_CRIMINAL,SERIOUS,ATM_CARD_SKIMMING,inspect_unattended_kiosk,UNDER_INVESTIGATION,COURT_MUMBAI_MAGISTRATE,2025-04-25T08:33:04,2025-04-25T08:33:04,2025-04-25T08:33:04,19.250892,72.773928,Incident reported at Worli Sea Face Sector-189 under MO ATM/Card Skimming Racket.,CCTNS_MUMBAI,CCTNS_000152,v1.0,True
153,CR/0153/2025,CASE_2025_0153,2025-04-25T09:28:36,POL_966,PS_GHATKOPAR,CAT_CRIMINAL,HEINOUS,CHAIN_SNATCHING,survey_pedestrian_victim,UNDER_INVESTIGATION,COURT_MUMBAI_MAGISTRATE,2025-04-25T09:28:36,2025-04-25T09:28:36,2025-04-25T09:28:36,19.268642,72.878973,Incident reported at Juhu Tara Road Sector-47 under MO Two-Wheeler Chain Snatching.,CCTNS_MUMBAI,CCTNS_000153,v1.0,True
154,CR/0154/2025,CASE_2025_0154,2025-04-27T19:46:40,POL_749,PS_COLABA,CAT_CRIMINAL,SERIOUS,CYBER_FRAUD_CALL_CENTER,spoof_official_bank_helpline,UNDER_INVESTIGATION,COURT_MUMBAI_MAGISTRATE,2025-04-27T19:46:40,2025-04-27T19:46:40,2025-04-27T19:46:40,19.119661,72.917209,Incident reported at Worli Sea Face Sector-29 under MO Cyber Fraud Call Center.,CCTNS_MUMBAI,CCTNS_000154,v1.0,True
155,CR/0155/2025,CASE_2025_0155,2025-04-28T03:51:15,POL_145,PS_WORLI,CAT_CRIMINAL,HEINOUS,EXTORTION_RACKET,identify_prominent_local_trader,UNDER_INVESTIGATION,COURT_MUMBAI_MAGISTRATE,2025-04-28T03:51:15,2025-04-28T03:51:15,2025-04-28T03:51:15,18.975644,72.989282,Incident reported at Byculla Market Sector-135 under MO Commercial Extortion Racket.,CCTNS_MUMBAI,CCTNS_000155,v1.0,True
156,CR/0156/2025,CASE_2025_0156,2025-04-28T11:37:33,POL_889,PS_COLABA,CAT_CRIMINAL,SERIOUS,NARCOTICS_COURIER_NETWORK,procure_contraband_consignment,UNDER_INVESTIGATION,COURT_MUMBAI_MAGISTRATE,2025-04-28T11:37:33,2025-04-28T11:37:33,2025-04-28T11:37:33,19.047285,72.920785,Incident reported at Andheri East MIDC Sector-25 under MO Narcotics Courier Network.,CCTNS_MUMBAI,CCTNS_000156,v1.0,True
157,CR/0157/2025,CASE_2025_0157,2025-04-28T12:39:42,POL_368,PS_DHARAVI,CAT_CRIMINAL,HEINOUS,VEHICLE_THEFT_RING,observe_target_vehicle,UNDER_INVESTIGATION,COURT_MUMBAI_MAGISTRATE,2025-04-28T12:39:42,2025-04-28T12:39:42,2025-04-28T12:39:42,18.987036,72.865578,Incident reported at Worli Sea Face Sector-229 under MO Vehicle Theft Ring.,CCTNS_MUMBAI,CCTNS_000157,v1.0,True
158,CR/0158/2025,CASE_2025_0158,2025-04-28T15:47:53,POL_552,PS_DHARAVI,CAT_CRIMINAL,SERIOUS,ATM_CARD_SKIMMING,inspect_unattended_kiosk,UNDER_INVESTIGATION,COURT_MUMBAI_MAGISTRATE,2025-04-28T15:47:53,2025-04-28T15:47:53,2025-04-28T15:47:53,18.932872,72.934828,Incident reported at Colaba Causeway Sector-62 under MO ATM/Card Skimming Racket.,CCTNS_MUMBAI,CCTNS_000158,v1.0,True
159,CR/0159/2025,CASE_2025_0159,2025-04-30T08:05:02,POL_537,PS_MALAD,CAT_CRIMINAL,HEINOUS,CHAIN_SNATCHING,survey_pedestrian_victim,UNDER_INVESTIGATION,COURT_MUMBAI_MAGISTRATE,2025-04-30T08:05:02,2025-04-30T08:05:02,2025-04-30T08:05:02,18.950758,72.892774,Incident reported at Bandra Kurla Complex Sector-184 under MO Two-Wheeler Chain Snatching.,CCTNS_MUMBAI,CCTNS_000159,v1.0,True
160,CR/0160/2025,CASE_2025_0160,2025-04-30T16:38:10,POL_214,PS_MALAD,CAT_CRIMINAL,SERIOUS,CYBER_FRAUD_CALL_CENTER,spoof_official_bank_helpline,UNDER_INVESTIGATION,COURT_MUMBAI_MAGISTRATE,2025-04-30T16:38:10,2025-04-30T16:38:10,2025-04-30T16:38:10,19.268642,72.878973,Incident reported at Juhu Tara Road Sector-47 under MO Cyber Fraud Call Center.,CCTNS_MUMBAI,CCTNS_000160,v1.0,True
161,CR/0161/2025,CASE_2025_0161,2025-05-01T14:12:53,POL_252,PS_BANDRA,CAT_CRIMINAL,HEINOUS,EXTORTION_RACKET,identify_prominent_local_trader,UNDER_INVESTIGATION,COURT_MUMBAI_MAGISTRATE,2025-05-01T14:12:53,2025-05-01T14:12:53,2025-05-01T14:12:53,19.041248,72.82635,Incident reported at Crawford Market Sector-203 under MO Commercial Extortion Racket.,CCTNS_MUMBAI,CCTNS_000161,v1.0,True
162,CR/0162/2025,CASE_2025_0162,2025-05-03T22:11:27,POL_954,PS_MALAD,CAT_CRIMINAL,SERIOUS,NARCOTICS_COURIER_NETWORK,procure_contraband_consignment,UNDER_INVESTIGATION,COURT_MUMBAI_MAGISTRATE,2025-05-03T22:11:27,2025-05-03T22:11:27,2025-05-03T22:11:27,19.064155,72.950461,Incident reported at Borivali West Station Area Sector-94 under MO Narcotics Courier Network.,CCTNS_MUMBAI,CCTNS_000162,v1.0,True
163,CR/0163/2025,CASE_2025_0163,2025-05-05T02:17:50,POL_665,PS_JUHU,CAT_CRIMINAL,HEINOUS,VEHICLE_THEFT_RING,observe_target_vehicle,UNDER_INVESTIGATION,COURT_MUMBAI_MAGISTRATE,2025-05-05T02:17:50,2025-05-05T02:17:50,2025-05-05T02:17:50,18.898178,72.885882,Incident reported at Lower Parel Business Park Sector-30 under MO Vehicle Theft Ring.,CCTNS_MUMBAI,CCTNS_000163,v1.0,True
164,CR/0164/2025,CASE_2025_0164,2025-05-05T20:37:08,POL_230,PS_DHARAVI,CAT_CRIMINAL,SERIOUS,ATM_CARD_SKIMMING,inspect_unattended_kiosk,UNDER_INVESTIGATION,COURT_MUMBAI_MAGISTRATE,2025-05-05T20:37:08,2025-05-05T20:37:08,2025-05-05T20:37:08,19.163233,72.906462,Incident reported at Lower Parel Business Park Sector-230 under MO ATM/Card Skimming Racket.,CCTNS_MUMBAI,CCTNS_000164,v1.0,True
165,CR/0165/2025,CASE_2025_0165,2025-05-07T12:55:07,POL_473,PS_COLABA,CAT_CRIMINAL,HEINOUS,CHAIN_SNATCHING,survey_pedestrian_victim,UNDER_INVESTIGATION,COURT_MUMBAI_MAGISTRATE,2025-05-07T12:55:07,2025-05-07T12:55:07,2025-05-07T12:55:07,18.895313,72.787378,Incident reported at Thane Station West Sector-157 under MO Two-Wheeler Chain Snatching.,CCTNS_MUMBAI,CCTNS_000165,v1.0,True
166,CR/0166/2025,CASE_2025_0166,2025-05-09T10:57:49,POL_315,PS_COLABA,CAT_CRIMINAL,SERIOUS,CYBER_FRAUD_CALL_CENTER,spoof_official_bank_helpline,UNDER_INVESTIGATION,COURT_MUMBAI_MAGISTRATE,2025-05-09T10:57:49,2025-05-09T10:57:49,2025-05-09T10:57:49,18.880214,72.908503,Incident reported at Chembur Colony Sector-12 under MO Cyber Fraud Call Center.,CCTNS_MUMBAI,CCTNS_000166,v1.0,True
167,CR/0167/2025,CASE_2025_0167,2025-05-09T13:48:09,POL_782,PS_BYCULLA,CAT_CRIMINAL,HEINOUS,EXTORTION_RACKET,identify_prominent_local_trader,UNDER_INVESTIGATION,COURT_MUMBAI_MAGISTRATE,2025-05-09T13:48:09,2025-05-09T13:48:09,2025-05-09T13:48:09,19.108759,72.892107,Incident reported at Byculla Market Sector-35 under MO Commercial Extortion Racket.,CCTNS_MUMBAI,CCTNS_000167,v1.0,True
168,CR/0168/2025,CASE_2025_0168,2025-05-09T15:19:54,POL_898,PS_BANDRA,CAT_CRIMINAL,SERIOUS,NARCOTICS_COURIER_NETWORK,procure_contraband_consignment,UNDER_INVESTIGATION,COURT_MUMBAI_MAGISTRATE,2025-05-09T15:19:54,2025-05-09T15:19:54,2025-05-09T15:19:54,18.966455,72.800343,Incident reported at Navi Mumbai Vashi Sector 17 Sector-178 under MO Narcotics Courier Network.,CCTNS_MUMBAI,CCTNS_000168,v1.0,True
169,CR/0169/2025,CASE_2025_0169,2025-05-10T01:03:14,POL_735,PS_MALAD,CAT_CRIMINAL,HEINOUS,VEHICLE_THEFT_RING,observe_target_vehicle,UNDER_INVESTIGATION,COURT_MUMBAI_MAGISTRATE,2025-05-10T01:03:14,2025-05-10T01:03:14,2025-05-10T01:03:14,19.160916,72.864293,Incident reported at Sewri Timber Market Sector-156 under MO Vehicle Theft Ring.,CCTNS_MUMBAI,CCTNS_000169,v1.0,True
170,CR/0170/2025,CASE_2025_0170,2025-05-10T21:39:53,POL_342,PS_CHEMBUR,CAT_CRIMINAL,SERIOUS,ATM_CARD_SKIMMING,inspect_unattended_kiosk,UNDER_INVESTIGATION,COURT_MUMBAI_MAGISTRATE,2025-05-10T21:39:53,2025-05-10T21:39:53,2025-05-10T21:39:53,19.108759,72.892107,Incident reported at Byculla Market Sector-35 under MO ATM/Card Skimming Racket.,CCTNS_MUMBAI,CCTNS_000170,v1.0,True
171,CR/0171/2025,CASE_2025_0171,2025-05-12T07:37:40,POL_522,PS_DHARAVI,CAT_CRIMINAL,HEINOUS,CHAIN_SNATCHING,survey_pedestrian_victim,UNDER_INVESTIGATION,COURT_MUMBAI_MAGISTRATE,2025-05-12T07:37:40,2025-05-12T07:37:40,2025-05-12T07:37:40,18.925352,72.792195,Incident reported at Crawford Market Sector-183 under MO Two-Wheeler Chain Snatching.,CCTNS_MUMBAI,CCTNS_000171,v1.0,True
172,CR/0172/2025,CASE_2025_0172,2025-05-12T18:31:23,POL_854,PS_COLABA,CAT_CRIMINAL,SERIOUS,CYBER_FRAUD_CALL_CENTER,spoof_official_bank_helpline,UNDER_INVESTIGATION,COURT_MUMBAI_MAGISTRATE,2025-05-12T18:31:23,2025-05-12T18:31:23,2025-05-12T18:31:23,19.01349,72.836518,Incident reported at Byculla Market Sector-75 under MO Cyber Fraud Call Center.,CCTNS_MUMBAI,CCTNS_000172,v1.0,True
173,CR/0173/2025,CASE_2025_0173,2025-05-13T19:23:26,POL_921,PS_JUHU,CAT_CRIMINAL,HEINOUS,EXTORTION_RACKET,identify_prominent_local_trader,UNDER_INVESTIGATION,COURT_MUMBAI_MAGISTRATE,2025-05-13T19:23:26,2025-05-13T19:23:26,2025-05-13T19:23:26,18.996264,72.787969,Incident reported at Lower Parel Business Park Sector-150 under MO Commercial Extortion Racket.,CCTNS_MUMBAI,CCTNS_000173,v1.0,True
174,CR/0174/2025,CASE_2025_0174,2025-05-15T12:47:57,POL_930,PS_BYCULLA,CAT_CRIMINAL,SERIOUS,NARCOTICS_COURIER_NETWORK,procure_contraband_consignment,UNDER_INVESTIGATION,COURT_MUMBAI_MAGISTRATE,2025-05-15T12:47:57,2025-05-15T12:47:57,2025-05-15T12:47:57,18.901633,72.775442,Incident reported at Navi Mumbai Vashi Sector 17 Sector-98 under MO Narcotics Courier Network.,CCTNS_MUMBAI,CCTNS_000174,v1.0,True
175,CR/0175/2025,CASE_2025_0175,2025-05-15T23:36:12,POL_263,PS_KURLA,CAT_CRIMINAL,HEINOUS,VEHICLE_THEFT_RING,observe_target_vehicle,UNDER_INVESTIGATION,COURT_MUMBAI_MAGISTRATE,2025-05-15T23:36:12,2025-05-15T23:36:12,2025-05-15T23:36:12,19.137774,72.948852,Incident reported at Dharavi Commercial Complex Sector-201 under MO Vehicle Theft Ring.,CCTNS_MUMBAI,CCTNS_000175,v1.0,True
176,CR/0176/2025,CASE_2025_0176,2025-05-16T17:31:32,POL_491,PS_CHEMBUR,CAT_CRIMINAL,SERIOUS,ATM_CARD_SKIMMING,inspect_unattended_kiosk,UNDER_INVESTIGATION,COURT_MUMBAI_MAGISTRATE,2025-05-16T17:31:32,2025-05-16T17:31:32,2025-05-16T17:31:32,19.025389,72.81879,Incident reported at Bandra Kurla Complex Sector-144 under MO ATM/Card Skimming Racket.,CCTNS_MUMBAI,CCTNS_000176,v1.0,True
177,CR/0177/2025,CASE_2025_0177,2025-05-20T04:10:12,POL_327,PS_COLABA,CAT_CRIMINAL,HEINOUS,CHAIN_SNATCHING,survey_pedestrian_victim,UNDER_INVESTIGATION,COURT_MUMBAI_MAGISTRATE,2025-05-20T04:10:12,2025-05-20T04:10:12,2025-05-20T04:10:12,18.938755,72.783907,Incident reported at Tardeo Road Sector-100 under MO Two-Wheeler Chain Snatching.,CCTNS_MUMBAI,CCTNS_000177,v1.0,True
178,CR/0178/2025,CASE_2025_0178,2025-05-22T03:07:01,POL_458,PS_KURLA,CAT_CRIMINAL,SERIOUS,CYBER_FRAUD_CALL_CENTER,spoof_official_bank_helpline,UNDER_INVESTIGATION,COURT_MUMBAI_MAGISTRATE,2025-05-22T03:07:01,2025-05-22T03:07:01,2025-05-22T03:07:01,18.951923,72.752434,Incident reported at Dharavi Commercial Complex Sector-221 under MO Cyber Fraud Call Center.,CCTNS_MUMBAI,CCTNS_000178,v1.0,True
179,CR/0179/2025,CASE_2025_0179,2025-05-23T11:14:59,POL_328,PS_ANDHERI,CAT_CRIMINAL,HEINOUS,EXTORTION_RACKET,identify_prominent_local_trader,UNDER_INVESTIGATION,COURT_MUMBAI_MAGISTRATE,2025-05-23T11:14:59,2025-05-23T11:14:59,2025-05-23T11:14:59,19.258508,72.943782,Incident reported at Juhu Tara Road Sector-247 under MO Commercial Extortion Racket.,CCTNS_MUMBAI,CCTNS_000179,v1.0,True
180,CR/0180/2025,CASE_2025_0180,2025-05-24T10:32:21,POL_297,PS_COLABA,CAT_CRIMINAL,SERIOUS,NARCOTICS_COURIER_NETWORK,procure_contraband_consignment,UNDER_INVESTIGATION,COURT_MUMBAI_MAGISTRATE,2025-05-24T10:32:21,2025-05-24T10:32:21,2025-05-24T10:32:21,19.173233,72.917069,Incident reported at Thane Station West Sector-97 under MO Narcotics Courier Network.,CCTNS_MUMBAI,CCTNS_000180,v1.0,True
181,CR/0181/2025,CASE_2025_0181,2025-05-24T19:53:56,POL_385,PS_WORLI,CAT_CRIMINAL,HEINOUS,VEHICLE_THEFT_RING,observe_target_vehicle,UNDER_INVESTIGATION,COURT_MUMBAI_MAGISTRATE,2025-05-24T19:53:56,2025-05-24T19:53:56,2025-05-24T19:53:56,19.020884,72.880192,Incident reported at Colaba Causeway Sector-182 under MO Vehicle Theft Ring.,CCTNS_MUMBAI,CCTNS_000181,v1.0,True
182,CR/0182/2025,CASE_2025_0182,2025-05-25T21:23:35,POL_459,PS_BANDRA,CAT_CRIMINAL,SERIOUS,ATM_CARD_SKIMMING,inspect_unattended_kiosk,UNDER_INVESTIGATION,COURT_MUMBAI_MAGISTRATE,2025-05-25T21:23:35,2025-05-25T21:23:35,2025-05-25T21:23:35,18.908454,72.920557,Incident reported at Dharavi Commercial Complex Sector-141 under MO ATM/Card Skimming Racket.,CCTNS_MUMBAI,CCTNS_000182,v1.0,True
183,CR/0183/2025,CASE_2025_0183,2025-05-27T22:44:45,POL_509,PS_BYCULLA,CAT_CRIMINAL,HEINOUS,CHAIN_SNATCHING,survey_pedestrian_victim,UNDER_INVESTIGATION,COURT_MUMBAI_MAGISTRATE,2025-05-27T22:44:45,2025-05-27T22:44:45,2025-05-27T22:44:45,19.233761,72.943794,Incident reported at Lower Parel Business Park Sector-130 under MO Two-Wheeler Chain Snatching.,CCTNS_MUMBAI,CCTNS_000183,v1.0,True
184,CR/0184/2025,CASE_2025_0184,2025-05-28T18:56:42,POL_439,PS_BYCULLA,CAT_CRIMINAL,SERIOUS,CYBER_FRAUD_CALL_CENTER,spoof_official_bank_helpline,UNDER_INVESTIGATION,COURT_MUMBAI_MAGISTRATE,2025-05-28T18:56:42,2025-05-28T18:56:42,2025-05-28T18:56:42,18.911123,72.910311,Incident reported at Lower Parel Business Park Sector-170 under MO Cyber Fraud Call Center.,CCTNS_MUMBAI,CCTNS_000184,v1.0,True
185,CR/0185/2025,CASE_2025_0185,2025-05-28T23:15:19,POL_998,PS_COLABA,CAT_CRIMINAL,HEINOUS,EXTORTION_RACKET,identify_prominent_local_trader,UNDER_INVESTIGATION,COURT_MUMBAI_MAGISTRATE,2025-05-28T23:15:19,2025-05-28T23:15:19,2025-05-28T23:15:19,18.885675,72.96516,Incident reported at Chembur Colony Sector-172 under MO Commercial Extortion Racket.,CCTNS_MUMBAI,CCTNS_000185,v1.0,True
186,CR/0186/2025,CASE_2025_0186,2025-05-31T21:08:26,POL_694,PS_ANDHERI,CAT_CRIMINAL,SERIOUS,NARCOTICS_COURIER_NETWORK,procure_contraband_consignment,UNDER_INVESTIGATION,COURT_MUMBAI_MAGISTRATE,2025-05-31T21:08:26,2025-05-31T21:08:26,2025-05-31T21:08:26,19.22675,72.777549,Incident reported at Juhu Tara Road Sector-227 under MO Narcotics Courier Network.,CCTNS_MUMBAI,CCTNS_000186,v1.0,True
187,CR/0187/2025,CASE_2025_0187,2025-06-01T22:37:19,POL_211,PS_ANDHERI,CAT_CRIMINAL,HEINOUS,VEHICLE_THEFT_RING,observe_target_vehicle,UNDER_INVESTIGATION,COURT_MUMBAI_MAGISTRATE,2025-06-01T22:37:19,2025-06-01T22:37:19,2025-06-01T22:37:19,18.975889,72.965498,Incident reported at Ghatkopar Central Mall Sector-211 under MO Vehicle Theft Ring.,CCTNS_MUMBAI,CCTNS_000187,v1.0,True
188,CR/0188/2025,CASE_2025_0188,2025-06-04T12:02:23,POL_453,PS_BORIVALI,CAT_CRIMINAL,SERIOUS,ATM_CARD_SKIMMING,inspect_unattended_kiosk,UNDER_INVESTIGATION,COURT_MUMBAI_MAGISTRATE,2025-06-04T12:02:23,2025-06-04T12:02:23,2025-06-04T12:02:23,19.206739,72.802953,Incident reported at Lower Parel Business Park Sector-50 under MO ATM/Card Skimming Racket.,CCTNS_MUMBAI,CCTNS_000188,v1.0,True
189,CR/0189/2025,CASE_2025_0189,2025-06-05T02:41:46,POL_546,PS_CHEMBUR,CAT_CRIMINAL,HEINOUS,CHAIN_SNATCHING,survey_pedestrian_victim,UNDER_INVESTIGATION,COURT_MUMBAI_MAGISTRATE,2025-06-05T02:41:46,2025-06-05T02:41:46,2025-06-05T02:41:46,19.063756,72.945744,Incident reported at Borivali West Station Area Sector-54 under MO Two-Wheeler Chain Snatching.,CCTNS_MUMBAI,CCTNS_000189,v1.0,True
190,CR/0190/2025,CASE_2025_0190,2025-06-05T20:47:27,POL_218,PS_BORIVALI,CAT_CRIMINAL,SERIOUS,CYBER_FRAUD_CALL_CENTER,spoof_official_bank_helpline,UNDER_INVESTIGATION,COURT_MUMBAI_MAGISTRATE,2025-06-05T20:47:27,2025-06-05T20:47:27,2025-06-05T20:47:27,19.227013,72.941372,Incident reported at Navi Mumbai Vashi Sector 17 Sector-138 under MO Cyber Fraud Call Center.,CCTNS_MUMBAI,CCTNS_000190,v1.0,True
191,CR/0191/2025,CASE_2025_0191,2025-06-07T02:07:45,POL_294,PS_WORLI,CAT_CRIMINAL,HEINOUS,EXTORTION_RACKET,identify_prominent_local_trader,UNDER_INVESTIGATION,COURT_MUMBAI_MAGISTRATE,2025-06-07T02:07:45,2025-06-07T02:07:45,2025-06-07T02:07:45,18.894594,72.92897,Incident reported at Sewri Timber Market Sector-176 under MO Commercial Extortion Racket.,CCTNS_MUMBAI,CCTNS_000191,v1.0,True
192,CR/0192/2025,CASE_2025_0192,2025-06-07T04:16:16,POL_825,PS_ANDHERI,CAT_CRIMINAL,SERIOUS,NARCOTICS_COURIER_NETWORK,procure_contraband_consignment,UNDER_INVESTIGATION,COURT_MUMBAI_MAGISTRATE,2025-06-07T04:16:16,2025-06-07T04:16:16,2025-06-07T04:16:16,18.967712,72.981655,Incident reported at Kurla West Terminus Sector-46 under MO Narcotics Courier Network.,CCTNS_MUMBAI,CCTNS_000192,v1.0,True
193,CR/0193/2025,CASE_2025_0193,2025-06-09T04:49:21,POL_632,PS_WORLI,CAT_CRIMINAL,HEINOUS,VEHICLE_THEFT_RING,observe_target_vehicle,UNDER_INVESTIGATION,COURT_MUMBAI_MAGISTRATE,2025-06-09T04:49:21,2025-06-09T04:49:21,2025-06-09T04:49:21,19.134275,72.770062,Incident reported at Colaba Causeway Sector-162 under MO Vehicle Theft Ring.,CCTNS_MUMBAI,CCTNS_000193,v1.0,True
194,CR/0194/2025,CASE_2025_0194,2025-06-09T04:58:47,POL_836,PS_MALAD,CAT_CRIMINAL,SERIOUS,ATM_CARD_SKIMMING,inspect_unattended_kiosk,UNDER_INVESTIGATION,COURT_MUMBAI_MAGISTRATE,2025-06-09T04:58:47,2025-06-09T04:58:47,2025-06-09T04:58:47,18.883042,72.839915,Incident reported at Borivali West Station Area Sector-194 under MO ATM/Card Skimming Racket.,CCTNS_MUMBAI,CCTNS_000194,v1.0,True
195,CR/0195/2025,CASE_2025_0195,2025-06-11T07:24:45,POL_786,PS_CHEMBUR,CAT_CRIMINAL,HEINOUS,CHAIN_SNATCHING,survey_pedestrian_victim,UNDER_INVESTIGATION,COURT_MUMBAI_MAGISTRATE,2025-06-11T07:24:45,2025-06-11T07:24:45,2025-06-11T07:24:45,18.931548,72.902706,Incident reported at Colaba Causeway Sector-202 under MO Two-Wheeler Chain Snatching.,CCTNS_MUMBAI,CCTNS_000195,v1.0,True
196,CR/0196/2025,CASE_2025_0196,2025-06-12T01:44:25,POL_541,PS_KURLA,CAT_CRIMINAL,SERIOUS,CYBER_FRAUD_CALL_CENTER,spoof_official_bank_helpline,UNDER_INVESTIGATION,COURT_MUMBAI_MAGISTRATE,2025-06-12T01:44:25,2025-06-12T01:44:25,2025-06-12T01:44:25,19.005832,72.976442,Incident reported at Colaba Causeway Sector-122 under MO Cyber Fraud Call Center.,CCTNS_MUMBAI,CCTNS_000196,v1.0,True
197,CR/0197/2025,CASE_2025_0197,2025-06-13T02:08:05,POL_438,PS_BANDRA,CAT_CRIMINAL,HEINOUS,EXTORTION_RACKET,identify_prominent_local_trader,UNDER_INVESTIGATION,COURT_MUMBAI_MAGISTRATE,2025-06-13T02:08:05,2025-06-13T02:08:05,2025-06-13T02:08:05,19.011016,72.802743,Incident reported at Dadar TT Circle Sector-228 under MO Commercial Extortion Racket.,CCTNS_MUMBAI,CCTNS_000197,v1.0,True
198,CR/0198/2025,CASE_2025_0198,2025-06-13T17:35:35,POL_779,PS_BORIVALI,CAT_CRIMINAL,SERIOUS,NARCOTICS_COURIER_NETWORK,procure_contraband_consignment,UNDER_INVESTIGATION,COURT_MUMBAI_MAGISTRATE,2025-06-13T17:35:35,2025-06-13T17:35:35,2025-06-13T17:35:35,19.098593,72.788013,Incident reported at Bandra Kurla Complex Sector-224 under MO Narcotics Courier Network.,CCTNS_MUMBAI,CCTNS_000198,v1.0,True
199,CR/0199/2025,CASE_2025_0199,2025-06-15T11:25:16,POL_407,PS_BANDRA,CAT_CRIMINAL,HEINOUS,VEHICLE_THEFT_RING,observe_target_vehicle,UNDER_INVESTIGATION,COURT_MUMBAI_MAGISTRATE,2025-06-15T11:25:16,2025-06-15T11:25:16,2025-06-15T11:25:16,19.063756,72.945744,Incident reported at Borivali West Station Area Sector-54 under MO Vehicle Theft Ring.,CCTNS_MUMBAI,CCTNS_000199,v1.0,True
200,CR/0200/2025,CASE_2025_0200,2025-06-16T14:24:16,POL_782,PS_MALAD,CAT_CRIMINAL,SERIOUS,ATM_CARD_SKIMMING,inspect_unattended_kiosk,UNDER_INVESTIGATION,COURT_MUMBAI_MAGISTRATE,2025-06-16T14:24:16,2025-06-16T14:24:16,2025-06-16T14:24:16,19.154947,72.795084,Incident reported at Thane Station West Sector-57 under MO ATM/Card Skimming Racket.,CCTNS_MUMBAI,CCTNS_000200,v1.0,True
201,CR/0201/2025,CASE_2025_0201,2025-06-17T14:36:50,POL_512,PS_WORLI,CAT_CRIMINAL,HEINOUS,CHAIN_SNATCHING,survey_pedestrian_victim,UNDER_INVESTIGATION,COURT_MUMBAI_MAGISTRATE,2025-06-17T14:36:50,2025-06-17T14:36:50,2025-06-17T14:36:50,19.100677,72.903213,Incident reported at Sion Circle Sector-119 under MO Two-Wheeler Chain Snatching.,CCTNS_MUMBAI,CCTNS_000201,v1.0,True
202,CR/0202/2025,CASE_2025_0202,2025-06-18T04:46:12,POL_667,PS_CHEMBUR,CAT_CRIMINAL,SERIOUS,CYBER_FRAUD_CALL_CENTER,spoof_official_bank_helpline,UNDER_INVESTIGATION,COURT_MUMBAI_MAGISTRATE,2025-06-18T04:46:12,2025-06-18T04:46:12,2025-06-18T04:46:12,19.133643,72.918502,Incident reported at Kurla West Terminus Sector-186 under MO Cyber Fraud Call Center.,CCTNS_MUMBAI,CCTNS_000202,v1.0,True
203,CR/0203/2025,CASE_2025_0203,2025-06-18T05:27:21,POL_530,PS_DHARAVI,CAT_CRIMINAL,HEINOUS,EXTORTION_RACKET,identify_prominent_local_trader,UNDER_INVESTIGATION,COURT_MUMBAI_MAGISTRATE,2025-06-18T05:27:21,2025-06-18T05:27:21,2025-06-18T05:27:21,19.189682,72.764976,Incident reported at Sion Circle Sector-159 under MO Commercial Extortion Racket.,CCTNS_MUMBAI,CCTNS_000203,v1.0,True
204,CR/0204/2025,CASE_2025_0204,2025-06-18T06:33:03,POL_793,PS_BYCULLA,CAT_CRIMINAL,SERIOUS,NARCOTICS_COURIER_NETWORK,procure_contraband_consignment,UNDER_INVESTIGATION,COURT_MUMBAI_MAGISTRATE,2025-06-18T06:33:03,2025-06-18T06:33:03,2025-06-18T06:33:03,19.090905,72.774701,Incident reported at Kurla West Terminus Sector-246 under MO Narcotics Courier Network.,CCTNS_MUMBAI,CCTNS_000204,v1.0,True
205,CR/0205/2025,CASE_2025_0205,2025-06-18T09:52:17,POL_730,PS_CHEMBUR,CAT_CRIMINAL,HEINOUS,VEHICLE_THEFT_RING,observe_target_vehicle,UNDER_INVESTIGATION,COURT_MUMBAI_MAGISTRATE,2025-06-18T09:52:17,2025-06-18T09:52:17,2025-06-18T09:52:17,18.985121,72.923349,Incident reported at Borivali West Station Area Sector-174 under MO Vehicle Theft Ring.,CCTNS_MUMBAI,CCTNS_000205,v1.0,True
206,CR/0206/2025,CASE_2025_0206,2025-06-18T10:30:27,POL_515,PS_BORIVALI,CAT_CRIMINAL,SERIOUS,ATM_CARD_SKIMMING,inspect_unattended_kiosk,UNDER_INVESTIGATION,COURT_MUMBAI_MAGISTRATE,2025-06-18T10:30:27,2025-06-18T10:30:27,2025-06-18T10:30:27,19.274457,72.984836,Incident reported at Colaba Causeway Sector-142 under MO ATM/Card Skimming Racket.,CCTNS_MUMBAI,CCTNS_000206,v1.0,True
207,CR/0207/2025,CASE_2025_0207,2025-06-18T16:20:00,POL_411,PS_MALAD,CAT_CRIMINAL,HEINOUS,CHAIN_SNATCHING,survey_pedestrian_victim,UNDER_INVESTIGATION,COURT_MUMBAI_MAGISTRATE,2025-06-18T16:20:00,2025-06-18T16:20:00,2025-06-18T16:20:00,19.202376,72.774915,Incident reported at Juhu Tara Road Sector-187 under MO Two-Wheeler Chain Snatching.,CCTNS_MUMBAI,CCTNS_000207,v1.0,True
208,CR/0208/2025,CASE_2025_0208,2025-06-20T18:30:16,POL_540,PS_ANDHERI,CAT_CRIMINAL,SERIOUS,CYBER_FRAUD_CALL_CENTER,spoof_official_bank_helpline,UNDER_INVESTIGATION,COURT_MUMBAI_MAGISTRATE,2025-06-20T18:30:16,2025-06-20T18:30:16,2025-06-20T18:30:16,18.907265,72.888363,Incident reported at Tardeo Road Sector-140 under MO Cyber Fraud Call Center.,CCTNS_MUMBAI,CCTNS_000208,v1.0,True
209,CR/0209/2025,CASE_2025_0209,2025-06-21T19:50:26,POL_770,PS_BORIVALI,CAT_CRIMINAL,HEINOUS,EXTORTION_RACKET,identify_prominent_local_trader,UNDER_INVESTIGATION,COURT_MUMBAI_MAGISTRATE,2025-06-21T19:50:26,2025-06-21T19:50:26,2025-06-21T19:50:26,19.108759,72.892107,Incident reported at Byculla Market Sector-35 under MO Commercial Extortion Racket.,CCTNS_MUMBAI,CCTNS_000209,v1.0,True
210,CR/0210/2025,CASE_2025_0210,2025-06-22T02:57:21,POL_552,PS_JUHU,CAT_CRIMINAL,SERIOUS,NARCOTICS_COURIER_NETWORK,procure_contraband_consignment,UNDER_INVESTIGATION,COURT_MUMBAI_MAGISTRATE,2025-06-22T02:57:21,2025-06-22T02:57:21,2025-06-22T02:57:21,18.917302,72.756154,Incident reported at Juhu Tara Road Sector-207 under MO Narcotics Courier Network.,CCTNS_MUMBAI,CCTNS_000210,v1.0,True
211,CR/0211/2025,CASE_2025_0211,2025-06-22T17:33:21,POL_318,PS_GHATKOPAR,CAT_CRIMINAL,HEINOUS,VEHICLE_THEFT_RING,observe_target_vehicle,UNDER_INVESTIGATION,COURT_MUMBAI_MAGISTRATE,2025-06-22T17:33:21,2025-06-22T17:33:21,2025-06-22T17:33:21,19.250892,72.773928,Incident reported at Worli Sea Face Sector-189 under MO Vehicle Theft Ring.,CCTNS_MUMBAI,CCTNS_000211,v1.0,True
212,CR/0212/2025,CASE_2025_0212,2025-06-23T11:26:20,POL_912,PS_MALAD,CAT_CRIMINAL,SERIOUS,ATM_CARD_SKIMMING,inspect_unattended_kiosk,UNDER_INVESTIGATION,COURT_MUMBAI_MAGISTRATE,2025-06-23T11:26:20,2025-06-23T11:26:20,2025-06-23T11:26:20,19.121317,72.84069,Incident reported at Tardeo Road Sector-60 under MO ATM/Card Skimming Racket.,CCTNS_MUMBAI,CCTNS_000212,v1.0,True
213,CR/0213/2025,CASE_2025_0213,2025-06-24T17:37:44,POL_774,PS_CHEMBUR,CAT_CRIMINAL,HEINOUS,CHAIN_SNATCHING,survey_pedestrian_victim,UNDER_INVESTIGATION,COURT_MUMBAI_MAGISTRATE,2025-06-24T17:37:44,2025-06-24T17:37:44,2025-06-24T17:37:44,19.24434,72.76625,Incident reported at Juhu Tara Road Sector-27 under MO Two-Wheeler Chain Snatching.,CCTNS_MUMBAI,CCTNS_000213,v1.0,True
214,CR/0214/2025,CASE_2025_0214,2025-06-25T12:43:13,POL_627,PS_BANDRA,CAT_CRIMINAL,SERIOUS,CYBER_FRAUD_CALL_CENTER,spoof_official_bank_helpline,UNDER_INVESTIGATION,COURT_MUMBAI_MAGISTRATE,2025-06-25T12:43:13,2025-06-25T12:43:13,2025-06-25T12:43:13,18.969221,72.959798,Incident reported at Ghatkopar Central Mall Sector-151 under MO Cyber Fraud Call Center.,CCTNS_MUMBAI,CCTNS_000214,v1.0,True
215,CR/0215/2025,CASE_2025_0215,2025-07-02T11:29:07,POL_734,PS_BYCULLA,CAT_CRIMINAL,HEINOUS,EXTORTION_RACKET,identify_prominent_local_trader,UNDER_INVESTIGATION,COURT_MUMBAI_MAGISTRATE,2025-07-02T11:29:07,2025-07-02T11:29:07,2025-07-02T11:29:07,19.273366,72.902271,Incident reported at Lower Parel Business Park Sector-210 under MO Commercial Extortion Racket.,CCTNS_MUMBAI,CCTNS_000215,v1.0,True
216,CR/0216/2025,CASE_2025_0216,2025-07-02T19:20:04,POL_938,PS_JUHU,CAT_CRIMINAL,SERIOUS,NARCOTICS_COURIER_NETWORK,procure_contraband_consignment,UNDER_INVESTIGATION,COURT_MUMBAI_MAGISTRATE,2025-07-02T19:20:04,2025-07-02T19:20:04,2025-07-02T19:20:04,18.949184,72.914894,Incident reported at Chembur Colony Sector-232 under MO Narcotics Courier Network.,CCTNS_MUMBAI,CCTNS_000216,v1.0,True
217,CR/0217/2025,CASE_2025_0217,2025-07-03T03:40:24,POL_417,PS_KURLA,CAT_CRIMINAL,HEINOUS,VEHICLE_THEFT_RING,observe_target_vehicle,UNDER_INVESTIGATION,COURT_MUMBAI_MAGISTRATE,2025-07-03T03:40:24,2025-07-03T03:40:24,2025-07-03T03:40:24,19.006914,72.989145,Incident reported at Byculla Market Sector-155 under MO Vehicle Theft Ring.,CCTNS_MUMBAI,CCTNS_000217,v1.0,True
218,CR/0218/2025,CASE_2025_0218,2025-07-04T01:44:18,POL_250,PS_KURLA,CAT_CRIMINAL,SERIOUS,ATM_CARD_SKIMMING,inspect_unattended_kiosk,UNDER_INVESTIGATION,COURT_MUMBAI_MAGISTRATE,2025-07-04T01:44:18,2025-07-04T01:44:18,2025-07-04T01:44:18,19.225721,72.777266,Incident reported at Malad Link Road Sector-173 under MO ATM/Card Skimming Racket.,CCTNS_MUMBAI,CCTNS_000218,v1.0,True
219,CR/0219/2025,CASE_2025_0219,2025-07-04T09:44:18,POL_350,PS_COLABA,CAT_CRIMINAL,HEINOUS,CHAIN_SNATCHING,survey_pedestrian_victim,UNDER_INVESTIGATION,COURT_MUMBAI_MAGISTRATE,2025-07-04T09:44:18,2025-07-04T09:44:18,2025-07-04T09:44:18,18.880214,72.908503,Incident reported at Chembur Colony Sector-12 under MO Two-Wheeler Chain Snatching.,CCTNS_MUMBAI,CCTNS_000219,v1.0,True
220,CR/0220/2025,CASE_2025_0220,2025-07-04T12:44:50,POL_970,PS_GHATKOPAR,CAT_CRIMINAL,SERIOUS,CYBER_FRAUD_CALL_CENTER,spoof_official_bank_helpline,UNDER_INVESTIGATION,COURT_MUMBAI_MAGISTRATE,2025-07-04T12:44:50,2025-07-04T12:44:50,2025-07-04T12:44:50,18.977524,72.880446,Incident reported at Juhu Tara Road Sector-67 under MO Cyber Fraud Call Center.,CCTNS_MUMBAI,CCTNS_000220,v1.0,True
221,CR/0221/2025,CASE_2025_0221,2025-07-05T05:38:28,POL_524,PS_BANDRA,CAT_CRIMINAL,HEINOUS,EXTORTION_RACKET,identify_prominent_local_trader,UNDER_INVESTIGATION,COURT_MUMBAI_MAGISTRATE,2025-07-05T05:38:28,2025-07-05T05:38:28,2025-07-05T05:38:28,18.928921,72.826461,Incident reported at Crawford Market Sector-243 under MO Commercial Extortion Racket.,CCTNS_MUMBAI,CCTNS_000221,v1.0,True
222,CR/0222/2025,CASE_2025_0222,2025-07-07T05:03:22,POL_299,PS_BYCULLA,CAT_CRIMINAL,SERIOUS,NARCOTICS_COURIER_NETWORK,procure_contraband_consignment,UNDER_INVESTIGATION,COURT_MUMBAI_MAGISTRATE,2025-07-07T05:03:22,2025-07-07T05:03:22,2025-07-07T05:03:22,19.187287,72.797873,Incident reported at Borivali West Station Area Sector-154 under MO Narcotics Courier Network.,CCTNS_MUMBAI,CCTNS_000222,v1.0,True
223,CR/0223/2025,CASE_2025_0223,2025-07-08T01:54:40,POL_493,PS_CHEMBUR,CAT_CRIMINAL,HEINOUS,VEHICLE_THEFT_RING,observe_target_vehicle,UNDER_INVESTIGATION,COURT_MUMBAI_MAGISTRATE,2025-07-08T01:54:40,2025-07-08T01:54:40,2025-07-08T01:54:40,18.923648,72.793266,Incident reported at Malad Link Road Sector-153 under MO Vehicle Theft Ring.,CCTNS_MUMBAI,CCTNS_000223,v1.0,True
224,CR/0224/2025,CASE_2025_0224,2025-07-08T11:16:02,POL_349,PS_GHATKOPAR,CAT_CRIMINAL,SERIOUS,ATM_CARD_SKIMMING,inspect_unattended_kiosk,UNDER_INVESTIGATION,COURT_MUMBAI_MAGISTRATE,2025-07-08T11:16:02,2025-07-08T11:16:02,2025-07-08T11:16:02,19.264749,72.774695,Incident reported at Malad Link Road Sector-233 under MO ATM/Card Skimming Racket.,CCTNS_MUMBAI,CCTNS_000224,v1.0,True
225,CR/0225/2025,CASE_2025_0225,2025-07-08T20:39:24,POL_804,PS_DHARAVI,CAT_CRIMINAL,HEINOUS,CHAIN_SNATCHING,survey_pedestrian_victim,UNDER_INVESTIGATION,COURT_MUMBAI_MAGISTRATE,2025-07-08T20:39:24,2025-07-08T20:39:24,2025-07-08T20:39:24,19.187287,72.797873,Incident reported at Borivali West Station Area Sector-154 under MO Two-Wheeler Chain Snatching.,CCTNS_MUMBAI,CCTNS_000225,v1.0,True
226,CR/0226/2025,CASE_2025_0226,2025-07-11T03:36:27,POL_897,PS_COLABA,CAT_CRIMINAL,SERIOUS,CYBER_FRAUD_CALL_CENTER,spoof_official_bank_helpline,UNDER_INVESTIGATION,COURT_MUMBAI_MAGISTRATE,2025-07-11T03:36:27,2025-07-11T03:36:27,2025-07-11T03:36:27,19.129388,72.975634,Incident reported at Borivali West Station Area Sector-134 under MO Cyber Fraud Call Center.,CCTNS_MUMBAI,CCTNS_000226,v1.0,True
227,CR/0227/2025,CASE_2025_0227,2025-07-11T11:38:24,POL_280,PS_WORLI,CAT_CRIMINAL,HEINOUS,EXTORTION_RACKET,identify_prominent_local_trader,UNDER_INVESTIGATION,COURT_MUMBAI_MAGISTRATE,2025-07-11T11:38:24,2025-07-11T11:38:24,2025-07-11T11:38:24,19.108759,72.892107,Incident reported at Byculla Market Sector-35 under MO Commercial Extortion Racket.,CCTNS_MUMBAI,CCTNS_000227,v1.0,True
228,CR/0228/2025,CASE_2025_0228,2025-07-13T04:45:54,POL_575,PS_CHEMBUR,CAT_CRIMINAL,SERIOUS,NARCOTICS_COURIER_NETWORK,procure_contraband_consignment,UNDER_INVESTIGATION,COURT_MUMBAI_MAGISTRATE,2025-07-13T04:45:54,2025-07-13T04:45:54,2025-07-13T04:45:54,19.176286,72.845399,Incident reported at Ghatkopar Central Mall Sector-31 under MO Narcotics Courier Network.,CCTNS_MUMBAI,CCTNS_000228,v1.0,True
229,CR/0229/2025,CASE_2025_0229,2025-07-16T00:57:25,POL_355,PS_COLABA,CAT_CRIMINAL,HEINOUS,VEHICLE_THEFT_RING,observe_target_vehicle,UNDER_INVESTIGATION,COURT_MUMBAI_MAGISTRATE,2025-07-16T00:57:25,2025-07-16T00:57:25,2025-07-16T00:57:25,19.256777,72.86559,Incident reported at Juhu Tara Road Sector-167 under MO Vehicle Theft Ring.,CCTNS_MUMBAI,CCTNS_000229,v1.0,True
230,CR/0230/2025,CASE_2025_0230,2025-07-21T09:14:49,POL_236,PS_BANDRA,CAT_CRIMINAL,SERIOUS,ATM_CARD_SKIMMING,inspect_unattended_kiosk,UNDER_INVESTIGATION,COURT_MUMBAI_MAGISTRATE,2025-07-21T09:14:49,2025-07-21T09:14:49,2025-07-21T09:14:49,19.121669,72.791659,Incident reported at Kurla West Terminus Sector-106 under MO ATM/Card Skimming Racket.,CCTNS_MUMBAI,CCTNS_000230,v1.0,True
231,CR/0231/2025,CASE_2025_0231,2025-07-21T22:40:33,POL_643,PS_GHATKOPAR,CAT_CRIMINAL,HEINOUS,CHAIN_SNATCHING,survey_pedestrian_victim,UNDER_INVESTIGATION,COURT_MUMBAI_MAGISTRATE,2025-07-21T22:40:33,2025-07-21T22:40:33,2025-07-21T22:40:33,19.250892,72.773928,Incident reported at Worli Sea Face Sector-189 under MO Two-Wheeler Chain Snatching.,CCTNS_MUMBAI,CCTNS_000231,v1.0,True
232,CR/0232/2025,CASE_2025_0232,2025-07-22T07:01:53,POL_424,PS_MALAD,CAT_CRIMINAL,SERIOUS,CYBER_FRAUD_CALL_CENTER,spoof_official_bank_helpline,UNDER_INVESTIGATION,COURT_MUMBAI_MAGISTRATE,2025-07-22T07:01:53,2025-07-22T07:01:53,2025-07-22T07:01:53,19.18753,72.788651,Incident reported at Ghatkopar Central Mall Sector-131 under MO Cyber Fraud Call Center.,CCTNS_MUMBAI,CCTNS_000232,v1.0,True
233,CR/0233/2025,CASE_2025_0233,2025-07-22T17:40:24,POL_934,PS_GHATKOPAR,CAT_CRIMINAL,HEINOUS,EXTORTION_RACKET,identify_prominent_local_trader,UNDER_INVESTIGATION,COURT_MUMBAI_MAGISTRATE,2025-07-22T17:40:24,2025-07-22T17:40:24,2025-07-22T17:40:24,19.214935,72.788173,Incident reported at Kurla West Terminus Sector-206 under MO Commercial Extortion Racket.,CCTNS_MUMBAI,CCTNS_000233,v1.0,True
234,CR/0234/2025,CASE_2025_0234,2025-07-27T16:45:32,POL_536,PS_CHEMBUR,CAT_CRIMINAL,SERIOUS,NARCOTICS_COURIER_NETWORK,procure_contraband_consignment,UNDER_INVESTIGATION,COURT_MUMBAI_MAGISTRATE,2025-07-27T16:45:32,2025-07-27T16:45:32,2025-07-27T16:45:32,18.92923,72.947982,Incident reported at Dadar TT Circle Sector-68 under MO Narcotics Courier Network.,CCTNS_MUMBAI,CCTNS_000234,v1.0,True
235,CR/0235/2025,CASE_2025_0235,2025-07-29T05:12:57,POL_262,PS_MALAD,CAT_CRIMINAL,HEINOUS,VEHICLE_THEFT_RING,observe_target_vehicle,UNDER_INVESTIGATION,COURT_MUMBAI_MAGISTRATE,2025-07-29T05:12:57,2025-07-29T05:12:57,2025-07-29T05:12:57,19.228516,72.875947,Incident reported at Bandra Kurla Complex Sector-164 under MO Vehicle Theft Ring.,CCTNS_MUMBAI,CCTNS_000235,v1.0,True
236,CR/0236/2025,CASE_2025_0236,2025-08-02T14:38:45,POL_560,PS_CHEMBUR,CAT_CRIMINAL,SERIOUS,ATM_CARD_SKIMMING,inspect_unattended_kiosk,UNDER_INVESTIGATION,COURT_MUMBAI_MAGISTRATE,2025-08-02T14:38:45,2025-08-02T14:38:45,2025-08-02T14:38:45,19.18753,72.788651,Incident reported at Ghatkopar Central Mall Sector-131 under MO ATM/Card Skimming Racket.,CCTNS_MUMBAI,CCTNS_000236,v1.0,True
237,CR/0237/2025,CASE_2025_0237,2025-08-05T03:43:54,POL_960,PS_ANDHERI,CAT_CRIMINAL,HEINOUS,CHAIN_SNATCHING,survey_pedestrian_victim,UNDER_INVESTIGATION,COURT_MUMBAI_MAGISTRATE,2025-08-05T03:43:54,2025-08-05T03:43:54,2025-08-05T03:43:54,19.20109,72.869676,Incident reported at Lower Parel Business Park Sector-250 under MO Two-Wheeler Chain Snatching.,CCTNS_MUMBAI,CCTNS_000237,v1.0,True
238,CR/0238/2025,CASE_2025_0238,2025-08-07T12:01:28,POL_884,PS_BYCULLA,CAT_CRIMINAL,SERIOUS,CYBER_FRAUD_CALL_CENTER,spoof_official_bank_helpline,UNDER_INVESTIGATION,COURT_MUMBAI_MAGISTRATE,2025-08-07T12:01:28,2025-08-07T12:01:28,2025-08-07T12:01:28,19.206357,72.899499,Incident reported at Sewri Timber Market Sector-236 under MO Cyber Fraud Call Center.,CCTNS_MUMBAI,CCTNS_000238,v1.0,True
239,CR/0239/2025,CASE_2025_0239,2025-08-19T14:34:47,POL_741,PS_MALAD,CAT_CRIMINAL,HEINOUS,EXTORTION_RACKET,identify_prominent_local_trader,UNDER_INVESTIGATION,COURT_MUMBAI_MAGISTRATE,2025-08-19T14:34:47,2025-08-19T14:34:47,2025-08-19T14:34:47,19.160916,72.864293,Incident reported at Sewri Timber Market Sector-156 under MO Commercial Extortion Racket.,CCTNS_MUMBAI,CCTNS_000239,v1.0,True
240,CR/0240/2025,CASE_2025_0240,2025-08-23T10:58:49,POL_550,PS_KURLA,CAT_CRIMINAL,SERIOUS,NARCOTICS_COURIER_NETWORK,procure_contraband_consignment,UNDER_INVESTIGATION,COURT_MUMBAI_MAGISTRATE,2025-08-23T10:58:49,2025-08-23T10:58:49,2025-08-23T10:58:49,19.009854,72.763743,Incident reported at Andheri East MIDC Sector-45 under MO Narcotics Courier Network.,CCTNS_MUMBAI,CCTNS_000240,v1.0,True
241,CR/0241/2025,CASE_2025_0241,2025-09-01T10:17:52,POL_392,PS_BANDRA,CAT_CRIMINAL,HEINOUS,VEHICLE_THEFT_RING,observe_target_vehicle,UNDER_INVESTIGATION,COURT_MUMBAI_MAGISTRATE,2025-09-01T10:17:52,2025-09-01T10:17:52,2025-09-01T10:17:52,19.250633,72.796283,Incident reported at Andheri East MIDC Sector-225 under MO Vehicle Theft Ring.,CCTNS_MUMBAI,CCTNS_000241,v1.0,True
242,CR/0242/2025,CASE_2025_0242,2025-09-01T13:00:05,POL_443,PS_KURLA,CAT_CRIMINAL,SERIOUS,ATM_CARD_SKIMMING,inspect_unattended_kiosk,UNDER_INVESTIGATION,COURT_MUMBAI_MAGISTRATE,2025-09-01T13:00:05,2025-09-01T13:00:05,2025-09-01T13:00:05,19.163233,72.906462,Incident reported at Lower Parel Business Park Sector-230 under MO ATM/Card Skimming Racket.,CCTNS_MUMBAI,CCTNS_000242,v1.0,True
243,CR/0243/2025,CASE_2025_0243,2025-09-03T15:27:20,POL_182,PS_JUHU,CAT_CRIMINAL,HEINOUS,CHAIN_SNATCHING,survey_pedestrian_victim,UNDER_INVESTIGATION,COURT_MUMBAI_MAGISTRATE,2025-09-03T15:27:20,2025-09-03T15:27:20,2025-09-03T15:27:20,19.058992,72.781487,Incident reported at Malad Link Road Sector-133 under MO Two-Wheeler Chain Snatching.,CCTNS_MUMBAI,CCTNS_000243,v1.0,True
244,CR/0244/2025,CASE_2025_0244,2025-09-03T17:07:24,POL_336,PS_DHARAVI,CAT_CRIMINAL,SERIOUS,CYBER_FRAUD_CALL_CENTER,spoof_official_bank_helpline,UNDER_INVESTIGATION,COURT_MUMBAI_MAGISTRATE,2025-09-03T17:07:24,2025-09-03T17:07:24,2025-09-03T17:07:24,19.114748,72.820434,Incident reported at Sion Circle Sector-239 under MO Cyber Fraud Call Center.,CCTNS_MUMBAI,CCTNS_000244,v1.0,True
245,CR/0245/2025,CASE_2025_0245,2025-09-05T02:18:12,POL_256,PS_WORLI,CAT_CRIMINAL,HEINOUS,EXTORTION_RACKET,identify_prominent_local_trader,UNDER_INVESTIGATION,COURT_MUMBAI_MAGISTRATE,2025-09-05T02:18:12,2025-09-05T02:18:12,2025-09-05T02:18:12,19.058422,72.925155,Incident reported at Chembur Colony Sector-52 under MO Commercial Extortion Racket.,CCTNS_MUMBAI,CCTNS_000245,v1.0,True
246,CR/0246/2025,CASE_2025_0246,2025-09-05T15:19:36,POL_165,PS_CHEMBUR,CAT_CRIMINAL,SERIOUS,NARCOTICS_COURIER_NETWORK,procure_contraband_consignment,UNDER_INVESTIGATION,COURT_MUMBAI_MAGISTRATE,2025-09-05T15:19:36,2025-09-05T15:19:36,2025-09-05T15:19:36,19.250899,72.814904,Incident reported at Tardeo Road Sector-40 under MO Narcotics Courier Network.,CCTNS_MUMBAI,CCTNS_000246,v1.0,True
247,CR/0247/2025,CASE_2025_0247,2025-09-06T00:30:46,POL_438,PS_WORLI,CAT_CRIMINAL,HEINOUS,VEHICLE_THEFT_RING,observe_target_vehicle,UNDER_INVESTIGATION,COURT_MUMBAI_MAGISTRATE,2025-09-06T00:30:46,2025-09-06T00:30:46,2025-09-06T00:30:46,19.030102,72.82526,Incident reported at Tardeo Road Sector-220 under MO Vehicle Theft Ring.,CCTNS_MUMBAI,CCTNS_000247,v1.0,True
248,CR/0248/2025,CASE_2025_0248,2025-09-07T20:49:51,POL_525,PS_MALAD,CAT_CRIMINAL,SERIOUS,ATM_CARD_SKIMMING,inspect_unattended_kiosk,UNDER_INVESTIGATION,COURT_MUMBAI_MAGISTRATE,2025-09-07T20:49:51,2025-09-07T20:49:51,2025-09-07T20:49:51,19.215394,72.940833,Incident reported at Sewri Timber Market Sector-196 under MO ATM/Card Skimming Racket.,CCTNS_MUMBAI,CCTNS_000248,v1.0,True
249,CR/0249/2025,CASE_2025_0249,2025-09-09T08:23:37,POL_952,PS_COLABA,CAT_CRIMINAL,HEINOUS,CHAIN_SNATCHING,survey_pedestrian_victim,UNDER_INVESTIGATION,COURT_MUMBAI_MAGISTRATE,2025-09-09T08:23:37,2025-09-09T08:23:37,2025-09-09T08:23:37,19.180672,72.980097,Incident reported at Crawford Market Sector-123 under MO Two-Wheeler Chain Snatching.,CCTNS_MUMBAI,CCTNS_000249,v1.0,True
250,CR/0250/2025,CASE_2025_0250,2025-09-12T05:38:52,POL_888,PS_WORLI,CAT_CRIMINAL,SERIOUS,CYBER_FRAUD_CALL_CENTER,spoof_official_bank_helpline,UNDER_INVESTIGATION,COURT_MUMBAI_MAGISTRATE,2025-09-12T05:38:52,2025-09-12T05:38:52,2025-09-12T05:38:52,19.008102,72.843744,Incident reported at Dharavi Commercial Complex Sector-81 under MO Cyber Fraud Call Center.,CCTNS_MUMBAI,CCTNS_000250,v1.0,True
251,CR/0251/2025,CASE_2025_0251,2025-09-13T02:52:37,POL_120,PS_BORIVALI,CAT_CRIMINAL,HEINOUS,EXTORTION_RACKET,identify_prominent_local_trader,UNDER_INVESTIGATION,COURT_MUMBAI_MAGISTRATE,2025-09-13T02:52:37,2025-09-13T02:52:37,2025-09-13T02:52:37,19.277496,72.866139,Incident reported at Crawford Market Sector-223 under MO Commercial Extortion Racket.,CCTNS_MUMBAI,CCTNS_000251,v1.0,True
252,CR/0252/2025,CASE_2025_0252,2025-09-16T07:47:27,POL_588,PS_BORIVALI,CAT_CRIMINAL,SERIOUS,NARCOTICS_COURIER_NETWORK,procure_contraband_consignment,UNDER_INVESTIGATION,COURT_MUMBAI_MAGISTRATE,2025-09-16T07:47:27,2025-09-16T07:47:27,2025-09-16T07:47:27,19.169041,72.915148,Incident reported at Dadar TT Circle Sector-48 under MO Narcotics Courier Network.,CCTNS_MUMBAI,CCTNS_000252,v1.0,True
253,CR/0253/2025,CASE_2025_0253,2025-09-18T00:25:04,POL_405,PS_COLABA,CAT_CRIMINAL,HEINOUS,VEHICLE_THEFT_RING,observe_target_vehicle,UNDER_INVESTIGATION,COURT_MUMBAI_MAGISTRATE,2025-09-18T00:25:04,2025-09-18T00:25:04,2025-09-18T00:25:04,19.128245,72.904528,Incident reported at Dadar TT Circle Sector-148 under MO Vehicle Theft Ring.,CCTNS_MUMBAI,CCTNS_000253,v1.0,True
254,CR/0254/2025,CASE_2025_0254,2025-09-22T22:01:34,POL_651,PS_WORLI,CAT_CRIMINAL,SERIOUS,ATM_CARD_SKIMMING,inspect_unattended_kiosk,UNDER_INVESTIGATION,COURT_MUMBAI_MAGISTRATE,2025-09-22T22:01:34,2025-09-22T22:01:34,2025-09-22T22:01:34,19.030102,72.82526,Incident reported at Tardeo Road Sector-220 under MO ATM/Card Skimming Racket.,CCTNS_MUMBAI,CCTNS_000254,v1.0,True
255,CR/0255/2025,CASE_2025_0255,2025-09-23T15:52:34,POL_659,PS_CHEMBUR,CAT_CRIMINAL,HEINOUS,CHAIN_SNATCHING,survey_pedestrian_victim,UNDER_INVESTIGATION,COURT_MUMBAI_MAGISTRATE,2025-09-23T15:52:34,2025-09-23T15:52:34,2025-09-23T15:52:34,18.996048,72.786369,Incident reported at Dadar TT Circle Sector-128 under MO Two-Wheeler Chain Snatching.,CCTNS_MUMBAI,CCTNS_000255,v1.0,True
256,CR/0256/2025,CASE_2025_0256,2025-09-26T03:56:08,POL_599,PS_BORIVALI,CAT_CRIMINAL,SERIOUS,CYBER_FRAUD_CALL_CENTER,spoof_official_bank_helpline,UNDER_INVESTIGATION,COURT_MUMBAI_MAGISTRATE,2025-09-26T03:56:08,2025-09-26T03:56:08,2025-09-26T03:56:08,19.255932,72.983203,Incident reported at Crawford Market Sector-143 under MO Cyber Fraud Call Center.,CCTNS_MUMBAI,CCTNS_000256,v1.0,True
257,CR/0257/2025,CASE_2025_0257,2025-09-26T16:33:58,POL_546,PS_KURLA,CAT_CRIMINAL,HEINOUS,EXTORTION_RACKET,identify_prominent_local_trader,UNDER_INVESTIGATION,COURT_MUMBAI_MAGISTRATE,2025-09-26T16:33:58,2025-09-26T16:33:58,2025-09-26T16:33:58,19.024343,72.953839,Incident reported at Malad Link Road Sector-93 under MO Commercial Extortion Racket.,CCTNS_MUMBAI,CCTNS_000257,v1.0,True
258,CR/0258/2025,CASE_2025_0258,2025-09-27T17:47:24,POL_498,PS_GHATKOPAR,CAT_CRIMINAL,SERIOUS,NARCOTICS_COURIER_NETWORK,procure_contraband_consignment,UNDER_INVESTIGATION,COURT_MUMBAI_MAGISTRATE,2025-09-27T17:47:24,2025-09-27T17:47:24,2025-09-27T17:47:24,19.009493,72.986728,Incident reported at Ghatkopar Central Mall Sector-171 under MO Narcotics Courier Network.,CCTNS_MUMBAI,CCTNS_000258,v1.0,True
259,CR/0259/2025,CASE_2025_0259,2025-09-28T08:56:17,POL_795,PS_JUHU,CAT_CRIMINAL,HEINOUS,VEHICLE_THEFT_RING,observe_target_vehicle,UNDER_INVESTIGATION,COURT_MUMBAI_MAGISTRATE,2025-09-28T08:56:17,2025-09-28T08:56:17,2025-09-28T08:56:17,19.262587,72.817635,Incident reported at Borivali West Station Area Sector-74 under MO Vehicle Theft Ring.,CCTNS_MUMBAI,CCTNS_000259,v1.0,True
260,CR/0260/2025,CASE_2025_0260,2025-09-28T17:23:36,POL_269,PS_WORLI,CAT_CRIMINAL,SERIOUS,ATM_CARD_SKIMMING,inspect_unattended_kiosk,UNDER_INVESTIGATION,COURT_MUMBAI_MAGISTRATE,2025-09-28T17:23:36,2025-09-28T17:23:36,2025-09-28T17:23:36,18.920269,72.940906,Incident reported at Navi Mumbai Vashi Sector 17 Sector-218 under MO ATM/Card Skimming Racket.,CCTNS_MUMBAI,CCTNS_000260,v1.0,True
261,CR/0261/2025,CASE_2025_0261,2025-09-28T23:54:17,POL_737,PS_GHATKOPAR,CAT_CRIMINAL,HEINOUS,CHAIN_SNATCHING,survey_pedestrian_victim,UNDER_INVESTIGATION,COURT_MUMBAI_MAGISTRATE,2025-09-28T23:54:17,2025-09-28T23:54:17,2025-09-28T23:54:17,18.998695,72.87277,Incident reported at Worli Sea Face Sector-69 under MO Two-Wheeler Chain Snatching.,CCTNS_MUMBAI,CCTNS_000261,v1.0,True
262,CR/0262/2025,CASE_2025_0262,2025-10-01T22:23:04,POL_503,PS_MALAD,CAT_CRIMINAL,SERIOUS,CYBER_FRAUD_CALL_CENTER,spoof_official_bank_helpline,UNDER_INVESTIGATION,COURT_MUMBAI_MAGISTRATE,2025-10-01T22:23:04,2025-10-01T22:23:04,2025-10-01T22:23:04,19.202376,72.774915,Incident reported at Juhu Tara Road Sector-187 under MO Cyber Fraud Call Center.,CCTNS_MUMBAI,CCTNS_000262,v1.0,True
263,CR/0263/2025,CASE_2025_0263,2025-10-02T07:15:44,POL_778,PS_BORIVALI,CAT_CRIMINAL,HEINOUS,EXTORTION_RACKET,identify_prominent_local_trader,UNDER_INVESTIGATION,COURT_MUMBAI_MAGISTRATE,2025-10-02T07:15:44,2025-10-02T07:15:44,2025-10-02T07:15:44,19.24434,72.76625,Incident reported at Juhu Tara Road Sector-27 under MO Commercial Extortion Racket.,CCTNS_MUMBAI,CCTNS_000263,v1.0,True
264,CR/0264/2025,CASE_2025_0264,2025-10-03T02:10:52,POL_758,PS_COLABA,CAT_CRIMINAL,SERIOUS,NARCOTICS_COURIER_NETWORK,procure_contraband_consignment,UNDER_INVESTIGATION,COURT_MUMBAI_MAGISTRATE,2025-10-03T02:10:52,2025-10-03T02:10:52,2025-10-03T02:10:52,18.92923,72.947982,Incident reported at Dadar TT Circle Sector-68 under MO Narcotics Courier Network.,CCTNS_MUMBAI,CCTNS_000264,v1.0,True
265,CR/0265/2025,CASE_2025_0265,2025-10-06T04:55:50,POL_987,PS_WORLI,CAT_CRIMINAL,HEINOUS,VEHICLE_THEFT_RING,observe_target_vehicle,UNDER_INVESTIGATION,COURT_MUMBAI_MAGISTRATE,2025-10-06T04:55:50,2025-10-06T04:55:50,2025-10-06T04:55:50,19.261058,72.914081,Incident reported at Dharavi Commercial Complex Sector-161 under MO Vehicle Theft Ring.,CCTNS_MUMBAI,CCTNS_000265,v1.0,True
266,CR/0266/2025,CASE_2025_0266,2025-10-08T10:29:22,POL_151,PS_GHATKOPAR,CAT_CRIMINAL,SERIOUS,ATM_CARD_SKIMMING,inspect_unattended_kiosk,UNDER_INVESTIGATION,COURT_MUMBAI_MAGISTRATE,2025-10-08T10:29:22,2025-10-08T10:29:22,2025-10-08T10:29:22,18.987667,72.984399,Incident reported at Tardeo Road Sector-120 under MO ATM/Card Skimming Racket.,CCTNS_MUMBAI,CCTNS_000266,v1.0,True
267,CR/0267/2025,CASE_2025_0267,2025-10-10T02:52:38,POL_435,PS_ANDHERI,CAT_CRIMINAL,HEINOUS,CHAIN_SNATCHING,survey_pedestrian_victim,UNDER_INVESTIGATION,COURT_MUMBAI_MAGISTRATE,2025-10-10T02:52:38,2025-10-10T02:52:38,2025-10-10T02:52:38,19.019575,72.862437,Incident reported at Chembur Colony Sector-152 under MO Two-Wheeler Chain Snatching.,CCTNS_MUMBAI,CCTNS_000267,v1.0,True
268,CR/0268/2025,CASE_2025_0268,2025-10-10T08:11:13,POL_434,PS_KURLA,CAT_CRIMINAL,SERIOUS,CYBER_FRAUD_CALL_CENTER,spoof_official_bank_helpline,UNDER_INVESTIGATION,COURT_MUMBAI_MAGISTRATE,2025-10-10T08:11:13,2025-10-10T08:11:13,2025-10-10T08:11:13,19.250899,72.814904,Incident reported at Tardeo Road Sector-40 under MO Cyber Fraud Call Center.,CCTNS_MUMBAI,CCTNS_000268,v1.0,True
269,CR/0269/2025,CASE_2025_0269,2025-10-12T06:31:59,POL_384,PS_JUHU,CAT_CRIMINAL,HEINOUS,EXTORTION_RACKET,identify_prominent_local_trader,UNDER_INVESTIGATION,COURT_MUMBAI_MAGISTRATE,2025-10-12T06:31:59,2025-10-12T06:31:59,2025-10-12T06:31:59,19.109579,72.905105,Incident reported at Dadar TT Circle Sector-248 under MO Commercial Extortion Racket.,CCTNS_MUMBAI,CCTNS_000269,v1.0,True
270,CR/0270/2025,CASE_2025_0270,2025-10-12T15:40:50,POL_954,PS_WORLI,CAT_CRIMINAL,SERIOUS,NARCOTICS_COURIER_NETWORK,procure_contraband_consignment,UNDER_INVESTIGATION,COURT_MUMBAI_MAGISTRATE,2025-10-12T15:40:50,2025-10-12T15:40:50,2025-10-12T15:40:50,18.928921,72.826461,Incident reported at Crawford Market Sector-243 under MO Narcotics Courier Network.,CCTNS_MUMBAI,CCTNS_000270,v1.0,True
271,CR/0271/2025,CASE_2025_0271,2025-10-13T08:51:30,POL_119,PS_BANDRA,CAT_CRIMINAL,HEINOUS,VEHICLE_THEFT_RING,observe_target_vehicle,UNDER_INVESTIGATION,COURT_MUMBAI_MAGISTRATE,2025-10-13T08:51:30,2025-10-13T08:51:30,2025-10-13T08:51:30,19.209002,72.984237,Incident reported at Chembur Colony Sector-112 under MO Vehicle Theft Ring.,CCTNS_MUMBAI,CCTNS_000271,v1.0,True
272,CR/0272/2025,CASE_2025_0272,2025-10-13T15:15:21,POL_153,PS_CHEMBUR,CAT_CRIMINAL,SERIOUS,ATM_CARD_SKIMMING,inspect_unattended_kiosk,UNDER_INVESTIGATION,COURT_MUMBAI_MAGISTRATE,2025-10-13T15:15:21,2025-10-13T15:15:21,2025-10-13T15:15:21,19.058422,72.925155,Incident reported at Chembur Colony Sector-52 under MO ATM/Card Skimming Racket.,CCTNS_MUMBAI,CCTNS_000272,v1.0,True
273,CR/0273/2025,CASE_2025_0273,2025-10-14T21:06:59,POL_765,PS_JUHU,CAT_CRIMINAL,HEINOUS,CHAIN_SNATCHING,survey_pedestrian_victim,UNDER_INVESTIGATION,COURT_MUMBAI_MAGISTRATE,2025-10-14T21:06:59,2025-10-14T21:06:59,2025-10-14T21:06:59,19.261058,72.914081,Incident reported at Dharavi Commercial Complex Sector-161 under MO Two-Wheeler Chain Snatching.,CCTNS_MUMBAI,CCTNS_000273,v1.0,True
274,CR/0274/2025,CASE_2025_0274,2025-10-16T16:02:13,POL_141,PS_BANDRA,CAT_CRIMINAL,SERIOUS,CYBER_FRAUD_CALL_CENTER,spoof_official_bank_helpline,UNDER_INVESTIGATION,COURT_MUMBAI_MAGISTRATE,2025-10-16T16:02:13,2025-10-16T16:02:13,2025-10-16T16:02:13,19.268642,72.878973,Incident reported at Juhu Tara Road Sector-47 under MO Cyber Fraud Call Center.,CCTNS_MUMBAI,CCTNS_000274,v1.0,True
275,CR/0275/2025,CASE_2025_0275,2025-10-19T19:06:05,POL_304,PS_COLABA,CAT_CRIMINAL,HEINOUS,EXTORTION_RACKET,identify_prominent_local_trader,UNDER_INVESTIGATION,COURT_MUMBAI_MAGISTRATE,2025-10-19T19:06:05,2025-10-19T19:06:05,2025-10-19T19:06:05,19.22801,72.902233,Incident reported at Worli Sea Face Sector-49 under MO Commercial Extortion Racket.,CCTNS_MUMBAI,CCTNS_000275,v1.0,True
276,CR/0276/2025,CASE_2025_0276,2025-10-19T19:46:37,POL_256,PS_COLABA,CAT_CRIMINAL,SERIOUS,NARCOTICS_COURIER_NETWORK,procure_contraband_consignment,UNDER_INVESTIGATION,COURT_MUMBAI_MAGISTRATE,2025-10-19T19:46:37,2025-10-19T19:46:37,2025-10-19T19:46:37,18.998695,72.87277,Incident reported at Worli Sea Face Sector-69 under MO Narcotics Courier Network.,CCTNS_MUMBAI,CCTNS_000276,v1.0,True
277,CR/0277/2025,CASE_2025_0277,2025-10-20T23:49:15,POL_584,PS_KURLA,CAT_CRIMINAL,HEINOUS,VEHICLE_THEFT_RING,observe_target_vehicle,UNDER_INVESTIGATION,COURT_MUMBAI_MAGISTRATE,2025-10-20T23:49:15,2025-10-20T23:49:15,2025-10-20T23:49:15,18.888419,72.7891,Incident reported at Sewri Timber Market Sector-56 under MO Vehicle Theft Ring.,CCTNS_MUMBAI,CCTNS_000277,v1.0,True
278,CR/0278/2025,CASE_2025_0278,2025-10-21T18:29:00,POL_677,PS_BYCULLA,CAT_CRIMINAL,SERIOUS,ATM_CARD_SKIMMING,inspect_unattended_kiosk,UNDER_INVESTIGATION,COURT_MUMBAI_MAGISTRATE,2025-10-21T18:29:00,2025-10-21T18:29:00,2025-10-21T18:29:00,19.013713,72.776767,Incident reported at Byculla Market Sector-15 under MO ATM/Card Skimming Racket.,CCTNS_MUMBAI,CCTNS_000278,v1.0,True
279,CR/0279/2025,CASE_2025_0279,2025-10-21T19:46:51,POL_816,PS_KURLA,CAT_CRIMINAL,HEINOUS,CHAIN_SNATCHING,survey_pedestrian_victim,UNDER_INVESTIGATION,COURT_MUMBAI_MAGISTRATE,2025-10-21T19:46:51,2025-10-21T19:46:51,2025-10-21T19:46:51,19.228102,72.983169,Incident reported at Chembur Colony Sector-32 under MO Two-Wheeler Chain Snatching.,CCTNS_MUMBAI,CCTNS_000279,v1.0,True
280,CR/0280/2025,CASE_2025_0280,2025-10-21T21:18:44,POL_271,PS_ANDHERI,CAT_CRIMINAL,SERIOUS,CYBER_FRAUD_CALL_CENTER,spoof_official_bank_helpline,UNDER_INVESTIGATION,COURT_MUMBAI_MAGISTRATE,2025-10-21T21:18:44,2025-10-21T21:18:44,2025-10-21T21:18:44,19.118844,72.931565,Incident reported at Navi Mumbai Vashi Sector 17 Sector-118 under MO Cyber Fraud Call Center.,CCTNS_MUMBAI,CCTNS_000280,v1.0,True
281,CR/0281/2025,CASE_2025_0281,2025-10-22T03:46:17,POL_865,PS_BORIVALI,CAT_CRIMINAL,HEINOUS,EXTORTION_RACKET,identify_prominent_local_trader,UNDER_INVESTIGATION,COURT_MUMBAI_MAGISTRATE,2025-10-22T03:46:17,2025-10-22T03:46:17,2025-10-22T03:46:17,19.275815,72.800393,Incident reported at Dharavi Commercial Complex Sector-41 under MO Commercial Extortion Racket.,CCTNS_MUMBAI,CCTNS_000281,v1.0,True
282,CR/0282/2025,CASE_2025_0282,2025-10-23T20:14:05,POL_896,PS_CHEMBUR,CAT_CRIMINAL,SERIOUS,NARCOTICS_COURIER_NETWORK,procure_contraband_consignment,UNDER_INVESTIGATION,COURT_MUMBAI_MAGISTRATE,2025-10-23T20:14:05,2025-10-23T20:14:05,2025-10-23T20:14:05,19.024343,72.953839,Incident reported at Malad Link Road Sector-93 under MO Narcotics Courier Network.,CCTNS_MUMBAI,CCTNS_000282,v1.0,True
283,CR/0283/2025,CASE_2025_0283,2025-10-26T02:48:02,POL_210,PS_DHARAVI,CAT_CRIMINAL,HEINOUS,VEHICLE_THEFT_RING,observe_target_vehicle,UNDER_INVESTIGATION,COURT_MUMBAI_MAGISTRATE,2025-10-26T02:48:02,2025-10-26T02:48:02,2025-10-26T02:48:02,18.971754,72.781751,Incident reported at Bandra Kurla Complex Sector-4 under MO Vehicle Theft Ring.,CCTNS_MUMBAI,CCTNS_000283,v1.0,True
284,CR/0284/2025,CASE_2025_0284,2025-10-26T15:06:27,POL_419,PS_BORIVALI,CAT_CRIMINAL,SERIOUS,ATM_CARD_SKIMMING,inspect_unattended_kiosk,UNDER_INVESTIGATION,COURT_MUMBAI_MAGISTRATE,2025-10-26T15:06:27,2025-10-26T15:06:27,2025-10-26T15:06:27,19.159898,72.884592,Incident reported at Worli Sea Face Sector-149 under MO ATM/Card Skimming Racket.,CCTNS_MUMBAI,CCTNS_000284,v1.0,True
285,CR/0285/2025,CASE_2025_0285,2025-10-27T00:36:20,POL_484,PS_BORIVALI,CAT_CRIMINAL,HEINOUS,CHAIN_SNATCHING,survey_pedestrian_victim,UNDER_INVESTIGATION,COURT_MUMBAI_MAGISTRATE,2025-10-27T00:36:20,2025-10-27T00:36:20,2025-10-27T00:36:20,19.275815,72.800393,Incident reported at Dharavi Commercial Complex Sector-41 under MO Two-Wheeler Chain Snatching.,CCTNS_MUMBAI,CCTNS_000285,v1.0,True
286,CR/0286/2025,CASE_2025_0286,2025-10-27T02:56:06,POL_303,PS_WORLI,CAT_CRIMINAL,SERIOUS,CYBER_FRAUD_CALL_CENTER,spoof_official_bank_helpline,UNDER_INVESTIGATION,COURT_MUMBAI_MAGISTRATE,2025-10-27T02:56:06,2025-10-27T02:56:06,2025-10-27T02:56:06,19.265346,72.821257,Incident reported at Kurla West Terminus Sector-166 under MO Cyber Fraud Call Center.,CCTNS_MUMBAI,CCTNS_000286,v1.0,True
287,CR/0287/2025,CASE_2025_0287,2025-10-27T17:12:05,POL_807,PS_BANDRA,CAT_CRIMINAL,HEINOUS,EXTORTION_RACKET,identify_prominent_local_trader,UNDER_INVESTIGATION,COURT_MUMBAI_MAGISTRATE,2025-10-27T17:12:05,2025-10-27T17:12:05,2025-10-27T17:12:05,18.917302,72.756154,Incident reported at Juhu Tara Road Sector-207 under MO Commercial Extortion Racket.,CCTNS_MUMBAI,CCTNS_000287,v1.0,True
288,CR/0288/2025,CASE_2025_0288,2025-10-28T00:14:11,POL_204,PS_BYCULLA,CAT_CRIMINAL,SERIOUS,NARCOTICS_COURIER_NETWORK,procure_contraband_consignment,UNDER_INVESTIGATION,COURT_MUMBAI_MAGISTRATE,2025-10-28T00:14:11,2025-10-28T00:14:11,2025-10-28T00:14:11,19.161063,72.773371,Incident reported at Andheri East MIDC Sector-125 under MO Narcotics Courier Network.,CCTNS_MUMBAI,CCTNS_000288,v1.0,True
289,CR/0289/2025,CASE_2025_0289,2025-10-30T04:06:30,POL_970,PS_CHEMBUR,CAT_CRIMINAL,HEINOUS,VEHICLE_THEFT_RING,observe_target_vehicle,UNDER_INVESTIGATION,COURT_MUMBAI_MAGISTRATE,2025-10-30T04:06:30,2025-10-30T04:06:30,2025-10-30T04:06:30,19.228102,72.983169,Incident reported at Chembur Colony Sector-32 under MO Vehicle Theft Ring.,CCTNS_MUMBAI,CCTNS_000289,v1.0,True
290,CR/0290/2025,CASE_2025_0290,2025-10-30T17:53:02,POL_924,PS_BYCULLA,CAT_CRIMINAL,SERIOUS,ATM_CARD_SKIMMING,inspect_unattended_kiosk,UNDER_INVESTIGATION,COURT_MUMBAI_MAGISTRATE,2025-10-30T17:53:02,2025-10-30T17:53:02,2025-10-30T17:53:02,19.250899,72.814904,Incident reported at Tardeo Road Sector-40 under MO ATM/Card Skimming Racket.,CCTNS_MUMBAI,CCTNS_000290,v1.0,True
291,CR/0291/2025,CASE_2025_0291,2025-10-31T10:59:56,POL_901,PS_BANDRA,CAT_CRIMINAL,HEINOUS,CHAIN_SNATCHING,survey_pedestrian_victim,UNDER_INVESTIGATION,COURT_MUMBAI_MAGISTRATE,2025-10-31T10:59:56,2025-10-31T10:59:56,2025-10-31T10:59:56,19.189682,72.764976,Incident reported at Sion Circle Sector-159 under MO Two-Wheeler Chain Snatching.,CCTNS_MUMBAI,CCTNS_000291,v1.0,True
292,CR/0292/2025,CASE_2025_0292,2025-10-31T15:20:55,POL_645,PS_COLABA,CAT_CRIMINAL,SERIOUS,CYBER_FRAUD_CALL_CENTER,spoof_official_bank_helpline,UNDER_INVESTIGATION,COURT_MUMBAI_MAGISTRATE,2025-10-31T15:20:55,2025-10-31T15:20:55,2025-10-31T15:20:55,18.977524,72.880446,Incident reported at Juhu Tara Road Sector-67 under MO Cyber Fraud Call Center.,CCTNS_MUMBAI,CCTNS_000292,v1.0,True
293,CR/0293/2025,CASE_2025_0293,2025-10-31T15:26:55,POL_479,PS_WORLI,CAT_CRIMINAL,HEINOUS,EXTORTION_RACKET,identify_prominent_local_trader,UNDER_INVESTIGATION,COURT_MUMBAI_MAGISTRATE,2025-10-31T15:26:55,2025-10-31T15:26:55,2025-10-31T15:26:55,19.047285,72.920785,Incident reported at Andheri East MIDC Sector-25 under MO Commercial Extortion Racket.,CCTNS_MUMBAI,CCTNS_000293,v1.0,True
294,CR/0294/2025,CASE_2025_0294,2025-11-01T20:06:24,POL_763,PS_BANDRA,CAT_CRIMINAL,SERIOUS,NARCOTICS_COURIER_NETWORK,procure_contraband_consignment,UNDER_INVESTIGATION,COURT_MUMBAI_MAGISTRATE,2025-11-01T20:06:24,2025-11-01T20:06:24,2025-11-01T20:06:24,19.206739,72.802953,Incident reported at Lower Parel Business Park Sector-50 under MO Narcotics Courier Network.,CCTNS_MUMBAI,CCTNS_000294,v1.0,True
295,CR/0295/2025,CASE_2025_0295,2025-11-06T11:44:51,POL_969,PS_JUHU,CAT_CRIMINAL,HEINOUS,VEHICLE_THEFT_RING,observe_target_vehicle,UNDER_INVESTIGATION,COURT_MUMBAI_MAGISTRATE,2025-11-06T11:44:51,2025-11-06T11:44:51,2025-11-06T11:44:51,19.160916,72.864293,Incident reported at Sewri Timber Market Sector-156 under MO Vehicle Theft Ring.,CCTNS_MUMBAI,CCTNS_000295,v1.0,True
296,CR/0296/2025,CASE_2025_0296,2025-11-07T12:26:31,POL_208,PS_WORLI,CAT_CRIMINAL,SERIOUS,ATM_CARD_SKIMMING,inspect_unattended_kiosk,UNDER_INVESTIGATION,COURT_MUMBAI_MAGISTRATE,2025-11-07T12:26:31,2025-11-07T12:26:31,2025-11-07T12:26:31,19.214935,72.788173,Incident reported at Kurla West Terminus Sector-206 under MO ATM/Card Skimming Racket.,CCTNS_MUMBAI,CCTNS_000296,v1.0,True
297,CR/0297/2025,CASE_2025_0297,2025-11-09T14:18:22,POL_750,PS_WORLI,CAT_CRIMINAL,HEINOUS,CHAIN_SNATCHING,survey_pedestrian_victim,UNDER_INVESTIGATION,COURT_MUMBAI_MAGISTRATE,2025-11-09T14:18:22,2025-11-09T14:18:22,2025-11-09T14:18:22,18.964013,72.842172,Incident reported at Sion Circle Sector-19 under MO Two-Wheeler Chain Snatching.,CCTNS_MUMBAI,CCTNS_000297,v1.0,True
298,CR/0298/2025,CASE_2025_0298,2025-11-12T20:24:24,POL_256,PS_GHATKOPAR,CAT_CRIMINAL,SERIOUS,CYBER_FRAUD_CALL_CENTER,spoof_official_bank_helpline,UNDER_INVESTIGATION,COURT_MUMBAI_MAGISTRATE,2025-11-12T20:24:24,2025-11-12T20:24:24,2025-11-12T20:24:24,19.121317,72.84069,Incident reported at Tardeo Road Sector-60 under MO Cyber Fraud Call Center.,CCTNS_MUMBAI,CCTNS_000298,v1.0,True
299,CR/0299/2025,CASE_2025_0299,2025-11-14T11:52:33,POL_851,PS_WORLI,CAT_CRIMINAL,HEINOUS,EXTORTION_RACKET,identify_prominent_local_trader,UNDER_INVESTIGATION,COURT_MUMBAI_MAGISTRATE,2025-11-14T11:52:33,2025-11-14T11:52:33,2025-11-14T11:52:33,19.255932,72.983203,Incident reported at Crawford Market Sector-143 under MO Commercial Extortion Racket.,CCTNS_MUMBAI,CCTNS_000299,v1.0,True
300,CR/0300/2025,CASE_2025_0300,2025-11-14T14:51:51,POL_376,PS_MALAD,CAT_CRIMINAL,SERIOUS,NARCOTICS_COURIER_NETWORK,procure_contraband_consignment,UNDER_INVESTIGATION,COURT_MUMBAI_MAGISTRATE,2025-11-14T14:51:51,2025-11-14T14:51:51,2025-11-14T14:51:51,19.24434,72.76625,Incident reported at Juhu Tara Road Sector-27 under MO Narcotics Courier Network.,CCTNS_MUMBAI,CCTNS_000300,v1.0,True
301,CR/0301/2025,CASE_2025_0301,2025-11-15T11:54:00,POL_893,PS_BORIVALI,CAT_CRIMINAL,HEINOUS,VEHICLE_THEFT_RING,observe_target_vehicle,UNDER_INVESTIGATION,COURT_MUMBAI_MAGISTRATE,2025-11-15T11:54:00,2025-11-15T11:54:00,2025-11-15T11:54:00,19.210901,72.789558,Incident reported at Borivali West Station Area Sector-114 under MO Vehicle Theft Ring.,CCTNS_MUMBAI,CCTNS_000301,v1.0,True
302,CR/0302/2025,CASE_2025_0302,2025-11-19T13:26:08,POL_546,PS_GHATKOPAR,CAT_CRIMINAL,SERIOUS,ATM_CARD_SKIMMING,inspect_unattended_kiosk,UNDER_INVESTIGATION,COURT_MUMBAI_MAGISTRATE,2025-11-19T13:26:08,2025-11-19T13:26:08,2025-11-19T13:26:08,19.160916,72.864293,Incident reported at Sewri Timber Market Sector-156 under MO ATM/Card Skimming Racket.,CCTNS_MUMBAI,CCTNS_000302,v1.0,True
303,CR/0303/2025,CASE_2025_0303,2025-11-20T11:40:30,POL_374,PS_CHEMBUR,CAT_CRIMINAL,HEINOUS,CHAIN_SNATCHING,survey_pedestrian_victim,UNDER_INVESTIGATION,COURT_MUMBAI_MAGISTRATE,2025-11-20T11:40:30,2025-11-20T11:40:30,2025-11-20T11:40:30,18.978942,72.946946,Incident reported at Dharavi Commercial Complex Sector-1 under MO Two-Wheeler Chain Snatching.,CCTNS_MUMBAI,CCTNS_000303,v1.0,True
304,CR/0304/2025,CASE_2025_0304,2025-11-20T15:30:51,POL_950,PS_JUHU,CAT_CRIMINAL,SERIOUS,CYBER_FRAUD_CALL_CENTER,spoof_official_bank_helpline,UNDER_INVESTIGATION,COURT_MUMBAI_MAGISTRATE,2025-11-20T15:30:51,2025-11-20T15:30:51,2025-11-20T15:30:51,19.119845,72.913064,Incident reported at Thane Station West Sector-77 under MO Cyber Fraud Call Center.,CCTNS_MUMBAI,CCTNS_000304,v1.0,True
305,CR/0305/2025,CASE_2025_0305,2025-11-21T02:09:14,POL_561,PS_BANDRA,CAT_CRIMINAL,HEINOUS,EXTORTION_RACKET,identify_prominent_local_trader,UNDER_INVESTIGATION,COURT_MUMBAI_MAGISTRATE,2025-11-21T02:09:14,2025-11-21T02:09:14,2025-11-21T02:09:14,19.118844,72.931565,Incident reported at Navi Mumbai Vashi Sector 17 Sector-118 under MO Commercial Extortion Racket.,CCTNS_MUMBAI,CCTNS_000305,v1.0,True
306,CR/0306/2025,CASE_2025_0306,2025-11-23T07:18:46,POL_683,PS_KURLA,CAT_CRIMINAL,SERIOUS,NARCOTICS_COURIER_NETWORK,procure_contraband_consignment,UNDER_INVESTIGATION,COURT_MUMBAI_MAGISTRATE,2025-11-23T07:18:46,2025-11-23T07:18:46,2025-11-23T07:18:46,19.217934,72.978491,Incident reported at Kurla West Terminus Sector-146 under MO Narcotics Courier Network.,CCTNS_MUMBAI,CCTNS_000306,v1.0,True
307,CR/0307/2025,CASE_2025_0307,2025-11-23T17:25:39,POL_488,PS_BORIVALI,CAT_CRIMINAL,HEINOUS,VEHICLE_THEFT_RING,observe_target_vehicle,UNDER_INVESTIGATION,COURT_MUMBAI_MAGISTRATE,2025-11-23T17:25:39,2025-11-23T17:25:39,2025-11-23T17:25:39,19.02543,72.97632,Incident reported at Lower Parel Business Park Sector-10 under MO Vehicle Theft Ring.,CCTNS_MUMBAI,CCTNS_000307,v1.0,True
308,CR/0308/2025,CASE_2025_0308,2025-11-23T19:26:50,POL_606,PS_JUHU,CAT_CRIMINAL,SERIOUS,ATM_CARD_SKIMMING,inspect_unattended_kiosk,UNDER_INVESTIGATION,COURT_MUMBAI_MAGISTRATE,2025-11-23T19:26:50,2025-11-23T19:26:50,2025-11-23T19:26:50,19.209002,72.984237,Incident reported at Chembur Colony Sector-112 under MO ATM/Card Skimming Racket.,CCTNS_MUMBAI,CCTNS_000308,v1.0,True
309,CR/0309/2025,CASE_2025_0309,2025-11-24T20:51:28,POL_599,PS_JUHU,CAT_CRIMINAL,HEINOUS,CHAIN_SNATCHING,survey_pedestrian_victim,UNDER_INVESTIGATION,COURT_MUMBAI_MAGISTRATE,2025-11-24T20:51:28,2025-11-24T20:51:28,2025-11-24T20:51:28,18.976732,72.983638,Incident reported at Tardeo Road Sector-200 under MO Two-Wheeler Chain Snatching.,CCTNS_MUMBAI,CCTNS_000309,v1.0,True
310,CR/0310/2025,CASE_2025_0310,2025-11-25T02:38:28,POL_916,PS_KURLA,CAT_CRIMINAL,SERIOUS,CYBER_FRAUD_CALL_CENTER,spoof_official_bank_helpline,UNDER_INVESTIGATION,COURT_MUMBAI_MAGISTRATE,2025-11-25T02:38:28,2025-11-25T02:38:28,2025-11-25T02:38:28,19.187287,72.797873,Incident reported at Borivali West Station Area Sector-154 under MO Cyber Fraud Call Center.,CCTNS_MUMBAI,CCTNS_000310,v1.0,True
311,CR/0311/2025,CASE_2025_0311,2025-11-25T14:42:56,POL_386,PS_ANDHERI,CAT_CRIMINAL,HEINOUS,EXTORTION_RACKET,identify_prominent_local_trader,UNDER_INVESTIGATION,COURT_MUMBAI_MAGISTRATE,2025-11-25T14:42:56,2025-11-25T14:42:56,2025-11-25T14:42:56,19.040161,72.763439,Incident reported at Ghatkopar Central Mall Sector-111 under MO Commercial Extortion Racket.,CCTNS_MUMBAI,CCTNS_000311,v1.0,True
312,CR/0312/2025,CASE_2025_0312,2025-11-30T00:33:29,POL_382,PS_BORIVALI,CAT_CRIMINAL,SERIOUS,NARCOTICS_COURIER_NETWORK,procure_contraband_consignment,UNDER_INVESTIGATION,COURT_MUMBAI_MAGISTRATE,2025-11-30T00:33:29,2025-11-30T00:33:29,2025-11-30T00:33:29,18.92923,72.947982,Incident reported at Dadar TT Circle Sector-68 under MO Narcotics Courier Network.,CCTNS_MUMBAI,CCTNS_000312,v1.0,True
313,CR/0313/2025,CASE_2025_0313,2025-12-01T04:11:58,POL_629,PS_MALAD,CAT_CRIMINAL,HEINOUS,VEHICLE_THEFT_RING,observe_target_vehicle,UNDER_INVESTIGATION,COURT_MUMBAI_MAGISTRATE,2025-12-01T04:11:58,2025-12-01T04:11:58,2025-12-01T04:11:58,19.112666,72.943856,Incident reported at Ghatkopar Central Mall Sector-51 under MO Vehicle Theft Ring.,CCTNS_MUMBAI,CCTNS_000313,v1.0,True
314,CR/0314/2025,CASE_2025_0314,2025-12-03T19:42:11,POL_347,PS_KURLA,CAT_CRIMINAL,SERIOUS,ATM_CARD_SKIMMING,inspect_unattended_kiosk,UNDER_INVESTIGATION,COURT_MUMBAI_MAGISTRATE,2025-12-03T19:42:11,2025-12-03T19:42:11,2025-12-03T19:42:11,18.998695,72.87277,Incident reported at Worli Sea Face Sector-69 under MO ATM/Card Skimming Racket.,CCTNS_MUMBAI,CCTNS_000314,v1.0,True
315,CR/0315/2025,CASE_2025_0315,2025-12-04T14:57:25,POL_600,PS_CHEMBUR,CAT_CRIMINAL,HEINOUS,CHAIN_SNATCHING,survey_pedestrian_victim,UNDER_INVESTIGATION,COURT_MUMBAI_MAGISTRATE,2025-12-04T14:57:25,2025-12-04T14:57:25,2025-12-04T14:57:25,19.112386,72.851242,Incident reported at Worli Sea Face Sector-89 under MO Two-Wheeler Chain Snatching.,CCTNS_MUMBAI,CCTNS_000315,v1.0,True
316,CR/0316/2025,CASE_2025_0316,2025-12-05T07:50:21,POL_807,PS_MALAD,CAT_CRIMINAL,SERIOUS,CYBER_FRAUD_CALL_CENTER,spoof_official_bank_helpline,UNDER_INVESTIGATION,COURT_MUMBAI_MAGISTRATE,2025-12-05T07:50:21,2025-12-05T07:50:21,2025-12-05T07:50:21,19.133717,72.90334,Incident reported at Byculla Market Sector-175 under MO Cyber Fraud Call Center.,CCTNS_MUMBAI,CCTNS_000316,v1.0,True
317,CR/0317/2025,CASE_2025_0317,2025-12-05T21:41:56,POL_828,PS_GHATKOPAR,CAT_CRIMINAL,HEINOUS,EXTORTION_RACKET,identify_prominent_local_trader,UNDER_INVESTIGATION,COURT_MUMBAI_MAGISTRATE,2025-12-05T21:41:56,2025-12-05T21:41:56,2025-12-05T21:41:56,18.928921,72.826461,Incident reported at Crawford Market Sector-243 under MO Commercial Extortion Racket.,CCTNS_MUMBAI,CCTNS_000317,v1.0,True
318,CR/0318/2025,CASE_2025_0318,2025-12-10T15:49:45,POL_911,PS_GHATKOPAR,CAT_CRIMINAL,SERIOUS,NARCOTICS_COURIER_NETWORK,procure_contraband_consignment,UNDER_INVESTIGATION,COURT_MUMBAI_MAGISTRATE,2025-12-10T15:49:45,2025-12-10T15:49:45,2025-12-10T15:49:45,19.121276,72.953186,Incident reported at Sewri Timber Market Sector-116 under MO Narcotics Courier Network.,CCTNS_MUMBAI,CCTNS_000318,v1.0,True
319,CR/0319/2025,CASE_2025_0319,2025-12-11T03:26:27,POL_401,PS_COLABA,CAT_CRIMINAL,HEINOUS,VEHICLE_THEFT_RING,observe_target_vehicle,UNDER_INVESTIGATION,COURT_MUMBAI_MAGISTRATE,2025-12-11T03:26:27,2025-12-11T03:26:27,2025-12-11T03:26:27,19.202376,72.774915,Incident reported at Juhu Tara Road Sector-187 under MO Vehicle Theft Ring.,CCTNS_MUMBAI,CCTNS_000319,v1.0,True
320,CR/0320/2025,CASE_2025_0320,2025-12-14T13:29:31,POL_808,PS_KURLA,CAT_CRIMINAL,SERIOUS,ATM_CARD_SKIMMING,inspect_unattended_kiosk,UNDER_INVESTIGATION,COURT_MUMBAI_MAGISTRATE,2025-12-14T13:29:31,2025-12-14T13:29:31,2025-12-14T13:29:31,19.206186,72.823772,Incident reported at Kurla West Terminus Sector-66 under MO ATM/Card Skimming Racket.,CCTNS_MUMBAI,CCTNS_000320,v1.0,True
321,CR/0321/2025,CASE_2025_0321,2025-12-15T14:31:02,POL_779,PS_KURLA,CAT_CRIMINAL,HEINOUS,CHAIN_SNATCHING,survey_pedestrian_victim,UNDER_INVESTIGATION,COURT_MUMBAI_MAGISTRATE,2025-12-15T14:31:02,2025-12-15T14:31:02,2025-12-15T14:31:02,19.266236,72.854828,Incident reported at Dadar TT Circle Sector-168 under MO Two-Wheeler Chain Snatching.,CCTNS_MUMBAI,CCTNS_000321,v1.0,True
322,CR/0322/2025,CASE_2025_0322,2025-12-15T23:52:59,POL_584,PS_BORIVALI,CAT_CRIMINAL,SERIOUS,CYBER_FRAUD_CALL_CENTER,spoof_official_bank_helpline,UNDER_INVESTIGATION,COURT_MUMBAI_MAGISTRATE,2025-12-15T23:52:59,2025-12-15T23:52:59,2025-12-15T23:52:59,18.953631,72.762898,Incident reported at Andheri East MIDC Sector-165 under MO Cyber Fraud Call Center.,CCTNS_MUMBAI,CCTNS_000322,v1.0,True
323,CR/0323/2025,CASE_2025_0323,2025-12-16T11:50:00,POL_452,PS_MALAD,CAT_CRIMINAL,HEINOUS,EXTORTION_RACKET,identify_prominent_local_trader,UNDER_INVESTIGATION,COURT_MUMBAI_MAGISTRATE,2025-12-16T11:50:00,2025-12-16T11:50:00,2025-12-16T11:50:00,19.161063,72.773371,Incident reported at Andheri East MIDC Sector-125 under MO Commercial Extortion Racket.,CCTNS_MUMBAI,CCTNS_000323,v1.0,True
324,CR/0324/2025,CASE_2025_0324,2025-12-19T05:08:57,POL_663,PS_WORLI,CAT_CRIMINAL,SERIOUS,NARCOTICS_COURIER_NETWORK,procure_contraband_consignment,UNDER_INVESTIGATION,COURT_MUMBAI_MAGISTRATE,2025-12-19T05:08:57,2025-12-19T05:08:57,2025-12-19T05:08:57,19.275815,72.800393,Incident reported at Dharavi Commercial Complex Sector-41 under MO Narcotics Courier Network.,CCTNS_MUMBAI,CCTNS_000324,v1.0,True
325,CR/0325/2025,CASE_2025_0325,2025-12-19T15:10:00,POL_819,PS_JUHU,CAT_CRIMINAL,HEINOUS,VEHICLE_THEFT_RING,observe_target_vehicle,UNDER_INVESTIGATION,COURT_MUMBAI_MAGISTRATE,2025-12-19T15:10:00,2025-12-19T15:10:00,2025-12-19T15:10:00,18.894594,72.92897,Incident reported at Sewri Timber Market Sector-176 under MO Vehicle Theft Ring.,CCTNS_MUMBAI,CCTNS_000325,v1.0,True
326,CR/0326/2025,CASE_2025_0326,2025-12-19T18:28:27,POL_413,PS_GHATKOPAR,CAT_CRIMINAL,SERIOUS,ATM_CARD_SKIMMING,inspect_unattended_kiosk,UNDER_INVESTIGATION,COURT_MUMBAI_MAGISTRATE,2025-12-19T18:28:27,2025-12-19T18:28:27,2025-12-19T18:28:27,19.050558,72.859206,Incident reported at Navi Mumbai Vashi Sector 17 Sector-58 under MO ATM/Card Skimming Racket.,CCTNS_MUMBAI,CCTNS_000326,v1.0,True
327,CR/0327/2025,CASE_2025_0327,2025-12-20T08:03:35,POL_223,PS_ANDHERI,CAT_CRIMINAL,HEINOUS,CHAIN_SNATCHING,survey_pedestrian_victim,UNDER_INVESTIGATION,COURT_MUMBAI_MAGISTRATE,2025-12-20T08:03:35,2025-12-20T08:03:35,2025-12-20T08:03:35,19.15288,72.871426,Incident reported at Juhu Tara Road Sector-147 under MO Two-Wheeler Chain Snatching.,CCTNS_MUMBAI,CCTNS_000327,v1.0,True
328,CR/0328/2025,CASE_2025_0328,2025-12-20T13:49:52,POL_423,PS_CHEMBUR,CAT_CRIMINAL,SERIOUS,CYBER_FRAUD_CALL_CENTER,spoof_official_bank_helpline,UNDER_INVESTIGATION,COURT_MUMBAI_MAGISTRATE,2025-12-20T13:49:52,2025-12-20T13:49:52,2025-12-20T13:49:52,19.062176,72.919861,Incident reported at Sewri Timber Market Sector-36 under MO Cyber Fraud Call Center.,CCTNS_MUMBAI,CCTNS_000328,v1.0,True
329,CR/0329/2025,CASE_2025_0329,2025-12-21T06:22:29,POL_648,PS_BANDRA,CAT_CRIMINAL,HEINOUS,EXTORTION_RACKET,identify_prominent_local_trader,UNDER_INVESTIGATION,COURT_MUMBAI_MAGISTRATE,2025-12-21T06:22:29,2025-12-21T06:22:29,2025-12-21T06:22:29,19.20109,72.869676,Incident reported at Lower Parel Business Park Sector-250 under MO Commercial Extortion Racket.,CCTNS_MUMBAI,CCTNS_000329,v1.0,True
330,CR/0330/2025,CASE_2025_0330,2025-12-22T15:23:55,POL_296,PS_CHEMBUR,CAT_CRIMINAL,SERIOUS,NARCOTICS_COURIER_NETWORK,procure_contraband_consignment,UNDER_INVESTIGATION,COURT_MUMBAI_MAGISTRATE,2025-12-22T15:23:55,2025-12-22T15:23:55,2025-12-22T15:23:55,19.20586,72.777159,Incident reported at Colaba Causeway Sector-82 under MO Narcotics Courier Network.,CCTNS_MUMBAI,CCTNS_000330,v1.0,True
331,CR/0331/2025,CASE_2025_0331,2025-12-23T16:31:13,POL_595,PS_KURLA,CAT_CRIMINAL,HEINOUS,VEHICLE_THEFT_RING,observe_target_vehicle,UNDER_INVESTIGATION,COURT_MUMBAI_MAGISTRATE,2025-12-23T16:31:13,2025-12-23T16:31:13,2025-12-23T16:31:13,18.987036,72.865578,Incident reported at Worli Sea Face Sector-229 under MO Vehicle Theft Ring.,CCTNS_MUMBAI,CCTNS_000331,v1.0,True
332,CR/0332/2025,CASE_2025_0332,2025-12-25T22:21:00,POL_703,PS_ANDHERI,CAT_CRIMINAL,SERIOUS,ATM_CARD_SKIMMING,inspect_unattended_kiosk,UNDER_INVESTIGATION,COURT_MUMBAI_MAGISTRATE,2025-12-25T22:21:00,2025-12-25T22:21:00,2025-12-25T22:21:00,19.169041,72.915148,Incident reported at Dadar TT Circle Sector-48 under MO ATM/Card Skimming Racket.,CCTNS_MUMBAI,CCTNS_000332,v1.0,True
333,CR/0333/2025,CASE_2025_0333,2025-12-26T18:29:10,POL_389,PS_MALAD,CAT_CRIMINAL,HEINOUS,CHAIN_SNATCHING,survey_pedestrian_victim,UNDER_INVESTIGATION,COURT_MUMBAI_MAGISTRATE,2025-12-26T18:29:10,2025-12-26T18:29:10,2025-12-26T18:29:10,19.263046,72.971017,Incident reported at Chembur Colony Sector-92 under MO Two-Wheeler Chain Snatching.,CCTNS_MUMBAI,CCTNS_000333,v1.0,True
334,CR/0334/2025,CASE_2025_0334,2025-12-27T08:17:11,POL_403,PS_BANDRA,CAT_CRIMINAL,SERIOUS,CYBER_FRAUD_CALL_CENTER,spoof_official_bank_helpline,UNDER_INVESTIGATION,COURT_MUMBAI_MAGISTRATE,2025-12-27T08:17:11,2025-12-27T08:17:11,2025-12-27T08:17:11,19.005832,72.976442,Incident reported at Colaba Causeway Sector-122 under MO Cyber Fraud Call Center.,CCTNS_MUMBAI,CCTNS_000334,v1.0,True
335,CR/0335/2025,CASE_2025_0335,2025-12-27T23:42:12,POL_283,PS_KURLA,CAT_CRIMINAL,HEINOUS,EXTORTION_RACKET,identify_prominent_local_trader,UNDER_INVESTIGATION,COURT_MUMBAI_MAGISTRATE,2025-12-27T23:42:12,2025-12-27T23:42:12,2025-12-27T23:42:12,18.883042,72.839915,Incident reported at Borivali West Station Area Sector-194 under MO Commercial Extortion Racket.,CCTNS_MUMBAI,CCTNS_000335,v1.0,True
336,CR/0336/2025,CASE_2025_0336,2025-12-29T13:48:12,POL_825,PS_ANDHERI,CAT_CRIMINAL,SERIOUS,NARCOTICS_COURIER_NETWORK,procure_contraband_consignment,UNDER_INVESTIGATION,COURT_MUMBAI_MAGISTRATE,2025-12-29T13:48:12,2025-12-29T13:48:12,2025-12-29T13:48:12,19.057589,72.904763,Incident reported at Bandra Kurla Complex Sector-104 under MO Narcotics Courier Network.,CCTNS_MUMBAI,CCTNS_000336,v1.0,True
337,CR/0337/2025,CASE_2025_0337,2025-12-29T20:04:20,POL_380,PS_MALAD,CAT_CRIMINAL,HEINOUS,VEHICLE_THEFT_RING,observe_target_vehicle,UNDER_INVESTIGATION,COURT_MUMBAI_MAGISTRATE,2025-12-29T20:04:20,2025-12-29T20:04:20,2025-12-29T20:04:20,18.975644,72.989282,Incident reported at Byculla Market Sector-135 under MO Vehicle Theft Ring.,CCTNS_MUMBAI,CCTNS_000337,v1.0,True
338,CR/0338/2025,CASE_2025_0338,2025-12-31T01:52:14,POL_666,PS_COLABA,CAT_CRIMINAL,SERIOUS,ATM_CARD_SKIMMING,inspect_unattended_kiosk,UNDER_INVESTIGATION,COURT_MUMBAI_MAGISTRATE,2025-12-31T01:52:14,2025-12-31T01:52:14,2025-12-31T01:52:14,18.992883,72.879976,Incident reported at Thane Station West Sector-117 under MO ATM/Card Skimming Racket.,CCTNS_MUMBAI,CCTNS_000338,v1.0,True
339,CR/0339/2025,CASE_2025_0339,2025-12-31T23:29:59,POL_229,PS_ANDHERI,CAT_CRIMINAL,HEINOUS,CHAIN_SNATCHING,survey_pedestrian_victim,UNDER_INVESTIGATION,COURT_MUMBAI_MAGISTRATE,2025-12-31T23:29:59,2025-12-31T23:29:59,2025-12-31T23:29:59,19.058992,72.781487,Incident reported at Malad Link Road Sector-133 under MO Two-Wheeler Chain Snatching.,CCTNS_MUMBAI,CCTNS_000339,v1.0,True
340,CR/0340/2025,CASE_2025_0340,2026-01-01T12:48:25,POL_205,PS_BYCULLA,CAT_CRIMINAL,SERIOUS,CYBER_FRAUD_CALL_CENTER,spoof_official_bank_helpline,UNDER_INVESTIGATION,COURT_MUMBAI_MAGISTRATE,2026-01-01T12:48:25,2026-01-01T12:48:25,2026-01-01T12:48:25,18.913298,72.919311,Incident reported at Crawford Market Sector-43 under MO Cyber Fraud Call Center.,CCTNS_MUMBAI,CCTNS_000340,v1.0,True
341,CR/0341/2025,CASE_2025_0341,2026-01-03T12:01:19,POL_391,PS_COLABA,CAT_CRIMINAL,HEINOUS,EXTORTION_RACKET,identify_prominent_local_trader,UNDER_INVESTIGATION,COURT_MUMBAI_MAGISTRATE,2026-01-03T12:01:19,2026-01-03T12:01:19,2026-01-03T12:01:19,19.268642,72.878973,Incident reported at Juhu Tara Road Sector-47 under MO Commercial Extortion Racket.,CCTNS_MUMBAI,CCTNS_000341,v1.0,True
342,CR/0342/2025,CASE_2025_0342,2026-01-05T17:16:03,POL_551,PS_GHATKOPAR,CAT_CRIMINAL,SERIOUS,NARCOTICS_COURIER_NETWORK,procure_contraband_consignment,UNDER_INVESTIGATION,COURT_MUMBAI_MAGISTRATE,2026-01-05T17:16:03,2026-01-05T17:16:03,2026-01-05T17:16:03,19.237965,72.857636,Incident reported at Kurla West Terminus Sector-26 under MO Narcotics Courier Network.,CCTNS_MUMBAI,CCTNS_000342,v1.0,True
343,CR/0343/2025,CASE_2025_0343,2026-01-08T07:58:41,POL_152,PS_JUHU,CAT_CRIMINAL,HEINOUS,VEHICLE_THEFT_RING,observe_target_vehicle,UNDER_INVESTIGATION,COURT_MUMBAI_MAGISTRATE,2026-01-08T07:58:41,2026-01-08T07:58:41,2026-01-08T07:58:41,19.256777,72.86559,Incident reported at Juhu Tara Road Sector-167 under MO Vehicle Theft Ring.,CCTNS_MUMBAI,CCTNS_000343,v1.0,True
344,CR/0344/2025,CASE_2025_0344,2026-01-09T13:05:39,POL_216,PS_ANDHERI,CAT_CRIMINAL,SERIOUS,ATM_CARD_SKIMMING,inspect_unattended_kiosk,UNDER_INVESTIGATION,COURT_MUMBAI_MAGISTRATE,2026-01-09T13:05:39,2026-01-09T13:05:39,2026-01-09T13:05:39,19.139565,72.859439,Incident reported at Dharavi Commercial Complex Sector-181 under MO ATM/Card Skimming Racket.,CCTNS_MUMBAI,CCTNS_000344,v1.0,True
345,CR/0345/2025,CASE_2025_0345,2026-01-10T10:44:56,POL_603,PS_BANDRA,CAT_CRIMINAL,HEINOUS,CHAIN_SNATCHING,survey_pedestrian_victim,UNDER_INVESTIGATION,COURT_MUMBAI_MAGISTRATE,2026-01-10T10:44:56,2026-01-10T10:44:56,2026-01-10T10:44:56,18.901633,72.775442,Incident reported at Navi Mumbai Vashi Sector 17 Sector-98 under MO Two-Wheeler Chain Snatching.,CCTNS_MUMBAI,CCTNS_000345,v1.0,True
346,CR/0346/2025,CASE_2025_0346,2026-01-10T14:06:19,POL_744,PS_BANDRA,CAT_CRIMINAL,SERIOUS,CYBER_FRAUD_CALL_CENTER,spoof_official_bank_helpline,UNDER_INVESTIGATION,COURT_MUMBAI_MAGISTRATE,2026-01-10T14:06:19,2026-01-10T14:06:19,2026-01-10T14:06:19,18.881663,72.968174,Incident reported at Thane Station West Sector-197 under MO Cyber Fraud Call Center.,CCTNS_MUMBAI,CCTNS_000346,v1.0,True
347,CR/0347/2025,CASE_2025_0347,2026-01-11T22:49:15,POL_255,PS_BYCULLA,CAT_CRIMINAL,HEINOUS,EXTORTION_RACKET,identify_prominent_local_trader,UNDER_INVESTIGATION,COURT_MUMBAI_MAGISTRATE,2026-01-11T22:49:15,2026-01-11T22:49:15,2026-01-11T22:49:15,19.090905,72.774701,Incident reported at Kurla West Terminus Sector-246 under MO Commercial Extortion Racket.,CCTNS_MUMBAI,CCTNS_000347,v1.0,True
348,CR/0348/2025,CASE_2025_0348,2026-01-13T12:33:57,POL_411,PS_DHARAVI,CAT_CRIMINAL,SERIOUS,NARCOTICS_COURIER_NETWORK,procure_contraband_consignment,UNDER_INVESTIGATION,COURT_MUMBAI_MAGISTRATE,2026-01-13T12:33:57,2026-01-13T12:33:57,2026-01-13T12:33:57,19.210625,72.933227,Incident reported at Dharavi Commercial Complex Sector-61 under MO Narcotics Courier Network.,CCTNS_MUMBAI,CCTNS_000348,v1.0,True
349,CR/0349/2025,CASE_2025_0349,2026-01-13T16:42:41,POL_221,PS_BANDRA,CAT_CRIMINAL,HEINOUS,VEHICLE_THEFT_RING,observe_target_vehicle,UNDER_INVESTIGATION,COURT_MUMBAI_MAGISTRATE,2026-01-13T16:42:41,2026-01-13T16:42:41,2026-01-13T16:42:41,18.889215,72.872819,Incident reported at Kurla West Terminus Sector-226 under MO Vehicle Theft Ring.,CCTNS_MUMBAI,CCTNS_000349,v1.0,True
350,CR/0350/2025,CASE_2025_0350,2026-01-13T20:39:09,POL_720,PS_MALAD,CAT_CRIMINAL,SERIOUS,ATM_CARD_SKIMMING,inspect_unattended_kiosk,UNDER_INVESTIGATION,COURT_MUMBAI_MAGISTRATE,2026-01-13T20:39:09,2026-01-13T20:39:09,2026-01-13T20:39:09,19.266236,72.854828,Incident reported at Dadar TT Circle Sector-168 under MO ATM/Card Skimming Racket.,CCTNS_MUMBAI,CCTNS_000350,v1.0,True
351,CR/0351/2025,CASE_2025_0351,2026-01-14T01:39:52,POL_331,PS_BORIVALI,CAT_CRIMINAL,HEINOUS,CHAIN_SNATCHING,survey_pedestrian_victim,UNDER_INVESTIGATION,COURT_MUMBAI_MAGISTRATE,2026-01-14T01:39:52,2026-01-14T01:39:52,2026-01-14T01:39:52,19.252533,72.870929,Incident reported at Dadar TT Circle Sector-28 under MO Two-Wheeler Chain Snatching.,CCTNS_MUMBAI,CCTNS_000351,v1.0,True
352,CR/0352/2025,CASE_2025_0352,2026-01-18T17:19:50,POL_561,PS_MALAD,CAT_CRIMINAL,SERIOUS,CYBER_FRAUD_CALL_CENTER,spoof_official_bank_helpline,UNDER_INVESTIGATION,COURT_MUMBAI_MAGISTRATE,2026-01-18T17:19:50,2026-01-18T17:19:50,2026-01-18T17:19:50,19.077698,72.836735,Incident reported at Thane Station West Sector-217 under MO Cyber Fraud Call Center.,CCTNS_MUMBAI,CCTNS_000352,v1.0,True
353,CR/0353/2025,CASE_2025_0353,2026-01-18T23:37:09,POL_980,PS_GHATKOPAR,CAT_CRIMINAL,HEINOUS,EXTORTION_RACKET,identify_prominent_local_trader,UNDER_INVESTIGATION,COURT_MUMBAI_MAGISTRATE,2026-01-18T23:37:09,2026-01-18T23:37:09,2026-01-18T23:37:09,18.992985,72.964705,Incident reported at Sewri Timber Market Sector-216 under MO Commercial Extortion Racket.,CCTNS_MUMBAI,CCTNS_000353,v1.0,True
354,CR/0354/2025,CASE_2025_0354,2026-01-19T13:25:53,POL_412,PS_BORIVALI,CAT_CRIMINAL,SERIOUS,NARCOTICS_COURIER_NETWORK,procure_contraband_consignment,UNDER_INVESTIGATION,COURT_MUMBAI_MAGISTRATE,2026-01-19T13:25:53,2026-01-19T13:25:53,2026-01-19T13:25:53,19.252533,72.870929,Incident reported at Dadar TT Circle Sector-28 under MO Narcotics Courier Network.,CCTNS_MUMBAI,CCTNS_000354,v1.0,True
355,CR/0355/2025,CASE_2025_0355,2026-01-22T03:59:26,POL_161,PS_BORIVALI,CAT_CRIMINAL,HEINOUS,VEHICLE_THEFT_RING,observe_target_vehicle,UNDER_INVESTIGATION,COURT_MUMBAI_MAGISTRATE,2026-01-22T03:59:26,2026-01-22T03:59:26,2026-01-22T03:59:26,18.975644,72.989282,Incident reported at Byculla Market Sector-135 under MO Vehicle Theft Ring.,CCTNS_MUMBAI,CCTNS_000355,v1.0,True
356,CR/0356/2025,CASE_2025_0356,2026-01-22T19:38:07,POL_201,PS_BORIVALI,CAT_CRIMINAL,SERIOUS,ATM_CARD_SKIMMING,inspect_unattended_kiosk,UNDER_INVESTIGATION,COURT_MUMBAI_MAGISTRATE,2026-01-22T19:38:07,2026-01-22T19:38:07,2026-01-22T19:38:07,19.11487,72.841707,Incident reported at Juhu Tara Road Sector-127 under MO ATM/Card Skimming Racket.,CCTNS_MUMBAI,CCTNS_000356,v1.0,True
357,CR/0357/2025,CASE_2025_0357,2026-01-24T11:48:37,POL_316,PS_KURLA,CAT_CRIMINAL,HEINOUS,CHAIN_SNATCHING,survey_pedestrian_victim,UNDER_INVESTIGATION,COURT_MUMBAI_MAGISTRATE,2026-01-24T11:48:37,2026-01-24T11:48:37,2026-01-24T11:48:37,19.042919,72.823547,Incident reported at Juhu Tara Road Sector-7 under MO Two-Wheeler Chain Snatching.,CCTNS_MUMBAI,CCTNS_000357,v1.0,True
358,CR/0358/2025,CASE_2025_0358,2026-01-25T18:08:58,POL_183,PS_ANDHERI,CAT_CRIMINAL,SERIOUS,CYBER_FRAUD_CALL_CENTER,spoof_official_bank_helpline,UNDER_INVESTIGATION,COURT_MUMBAI_MAGISTRATE,2026-01-25T18:08:58,2026-01-25T18:08:58,2026-01-25T18:08:58,19.007113,72.826829,Incident reported at Worli Sea Face Sector-249 under MO Cyber Fraud Call Center.,CCTNS_MUMBAI,CCTNS_000358,v1.0,True
359,CR/0359/2025,CASE_2025_0359,2026-01-26T05:49:29,POL_277,PS_DHARAVI,CAT_CRIMINAL,HEINOUS,EXTORTION_RACKET,identify_prominent_local_trader,UNDER_INVESTIGATION,COURT_MUMBAI_MAGISTRATE,2026-01-26T05:49:29,2026-01-26T05:49:29,2026-01-26T05:49:29,19.119845,72.913064,Incident reported at Thane Station West Sector-77 under MO Commercial Extortion Racket.,CCTNS_MUMBAI,CCTNS_000359,v1.0,True
360,CR/0360/2025,CASE_2025_0360,2026-01-26T14:21:57,POL_260,PS_MALAD,CAT_CRIMINAL,SERIOUS,NARCOTICS_COURIER_NETWORK,procure_contraband_consignment,UNDER_INVESTIGATION,COURT_MUMBAI_MAGISTRATE,2026-01-26T14:21:57,2026-01-26T14:21:57,2026-01-26T14:21:57,19.136087,72.826845,Incident reported at Navi Mumbai Vashi Sector 17 Sector-158 under MO Narcotics Courier Network.,CCTNS_MUMBAI,CCTNS_000360,v1.0,True
361,CR/0361/2025,CASE_2025_0361,2026-01-26T18:54:22,POL_561,PS_COLABA,CAT_CRIMINAL,HEINOUS,VEHICLE_THEFT_RING,observe_target_vehicle,UNDER_INVESTIGATION,COURT_MUMBAI_MAGISTRATE,2026-01-26T18:54:22,2026-01-26T18:54:22,2026-01-26T18:54:22,19.053389,72.857078,Incident reported at Byculla Market Sector-235 under MO Vehicle Theft Ring.,CCTNS_MUMBAI,CCTNS_000361,v1.0,True
362,CR/0362/2025,CASE_2025_0362,2026-01-27T08:56:48,POL_581,PS_CHEMBUR,CAT_CRIMINAL,SERIOUS,ATM_CARD_SKIMMING,inspect_unattended_kiosk,UNDER_INVESTIGATION,COURT_MUMBAI_MAGISTRATE,2026-01-27T08:56:48,2026-01-27T08:56:48,2026-01-27T08:56:48,19.059761,72.963468,Incident reported at Navi Mumbai Vashi Sector 17 Sector-238 under MO ATM/Card Skimming Racket.,CCTNS_MUMBAI,CCTNS_000362,v1.0,True
363,CR/0363/2025,CASE_2025_0363,2026-01-29T18:50:39,POL_337,PS_ANDHERI,CAT_CRIMINAL,HEINOUS,CHAIN_SNATCHING,survey_pedestrian_victim,UNDER_INVESTIGATION,COURT_MUMBAI_MAGISTRATE,2026-01-29T18:50:39,2026-01-29T18:50:39,2026-01-29T18:50:39,19.128245,72.904528,Incident reported at Dadar TT Circle Sector-148 under MO Two-Wheeler Chain Snatching.,CCTNS_MUMBAI,CCTNS_000363,v1.0,True
364,CR/0364/2025,CASE_2025_0364,2026-01-30T20:31:45,POL_389,PS_ANDHERI,CAT_CRIMINAL,SERIOUS,CYBER_FRAUD_CALL_CENTER,spoof_official_bank_helpline,UNDER_INVESTIGATION,COURT_MUMBAI_MAGISTRATE,2026-01-30T20:31:45,2026-01-30T20:31:45,2026-01-30T20:31:45,18.96871,72.852258,Incident reported at Dadar TT Circle Sector-8 under MO Cyber Fraud Call Center.,CCTNS_MUMBAI,CCTNS_000364,v1.0,True
365,CR/0365/2025,CASE_2025_0365,2026-01-31T08:58:41,POL_172,PS_CHEMBUR,CAT_CRIMINAL,HEINOUS,EXTORTION_RACKET,identify_prominent_local_trader,UNDER_INVESTIGATION,COURT_MUMBAI_MAGISTRATE,2026-01-31T08:58:41,2026-01-31T08:58:41,2026-01-31T08:58:41,19.020884,72.880192,Incident reported at Colaba Causeway Sector-182 under MO Commercial Extortion Racket.,CCTNS_MUMBAI,CCTNS_000365,v1.0,True
366,CR/0366/2025,CASE_2025_0366,2026-02-01T20:36:17,POL_370,PS_BYCULLA,CAT_CRIMINAL,SERIOUS,NARCOTICS_COURIER_NETWORK,procure_contraband_consignment,UNDER_INVESTIGATION,COURT_MUMBAI_MAGISTRATE,2026-02-01T20:36:17,2026-02-01T20:36:17,2026-02-01T20:36:17,19.009854,72.763743,Incident reported at Andheri East MIDC Sector-45 under MO Narcotics Courier Network.,CCTNS_MUMBAI,CCTNS_000366,v1.0,True
367,CR/0367/2025,CASE_2025_0367,2026-02-02T17:08:14,POL_777,PS_BYCULLA,CAT_CRIMINAL,HEINOUS,VEHICLE_THEFT_RING,observe_target_vehicle,UNDER_INVESTIGATION,COURT_MUMBAI_MAGISTRATE,2026-02-02T17:08:14,2026-02-02T17:08:14,2026-02-02T17:08:14,18.949184,72.914894,Incident reported at Chembur Colony Sector-232 under MO Vehicle Theft Ring.,CCTNS_MUMBAI,CCTNS_000367,v1.0,True
368,CR/0368/2025,CASE_2025_0368,2026-02-03T07:40:53,POL_217,PS_KURLA,CAT_CRIMINAL,SERIOUS,ATM_CARD_SKIMMING,inspect_unattended_kiosk,UNDER_INVESTIGATION,COURT_MUMBAI_MAGISTRATE,2026-02-03T07:40:53,2026-02-03T07:40:53,2026-02-03T07:40:53,18.881663,72.968174,Incident reported at Thane Station West Sector-197 under MO ATM/Card Skimming Racket.,CCTNS_MUMBAI,CCTNS_000368,v1.0,True
369,CR/0369/2025,CASE_2025_0369,2026-02-03T13:39:00,POL_763,PS_MALAD,CAT_CRIMINAL,HEINOUS,CHAIN_SNATCHING,survey_pedestrian_victim,UNDER_INVESTIGATION,COURT_MUMBAI_MAGISTRATE,2026-02-03T13:39:00,2026-02-03T13:39:00,2026-02-03T13:39:00,19.118844,72.931565,Incident reported at Navi Mumbai Vashi Sector 17 Sector-118 under MO Two-Wheeler Chain Snatching.,CCTNS_MUMBAI,CCTNS_000369,v1.0,True
370,CR/0370/2025,CASE_2025_0370,2026-02-05T01:39:03,POL_946,PS_DHARAVI,CAT_CRIMINAL,SERIOUS,CYBER_FRAUD_CALL_CENTER,spoof_official_bank_helpline,UNDER_INVESTIGATION,COURT_MUMBAI_MAGISTRATE,2026-02-05T01:39:03,2026-02-05T01:39:03,2026-02-05T01:39:03,18.987667,72.984399,Incident reported at Tardeo Road Sector-120 under MO Cyber Fraud Call Center.,CCTNS_MUMBAI,CCTNS_000370,v1.0,True
371,CR/0371/2025,CASE_2025_0371,2026-02-08T04:07:51,POL_161,PS_DHARAVI,CAT_CRIMINAL,HEINOUS,EXTORTION_RACKET,identify_prominent_local_trader,UNDER_INVESTIGATION,COURT_MUMBAI_MAGISTRATE,2026-02-08T04:07:51,2026-02-08T04:07:51,2026-02-08T04:07:51,18.993442,72.961106,Incident reported at Byculla Market Sector-195 under MO Commercial Extortion Racket.,CCTNS_MUMBAI,CCTNS_000371,v1.0,True
372,CR/0372/2025,CASE_2025_0372,2026-02-08T05:02:11,POL_709,PS_DHARAVI,CAT_CRIMINAL,SERIOUS,NARCOTICS_COURIER_NETWORK,procure_contraband_consignment,UNDER_INVESTIGATION,COURT_MUMBAI_MAGISTRATE,2026-02-08T05:02:11,2026-02-08T05:02:11,2026-02-08T05:02:11,18.975287,72.759382,Incident reported at Sion Circle Sector-39 under MO Narcotics Courier Network.,CCTNS_MUMBAI,CCTNS_000372,v1.0,True
373,CR/0373/2025,CASE_2025_0373,2026-02-09T02:31:39,POL_395,PS_CHEMBUR,CAT_CRIMINAL,HEINOUS,VEHICLE_THEFT_RING,observe_target_vehicle,UNDER_INVESTIGATION,COURT_MUMBAI_MAGISTRATE,2026-02-09T02:31:39,2026-02-09T02:31:39,2026-02-09T02:31:39,18.917646,72.825292,Incident reported at Sion Circle Sector-139 under MO Vehicle Theft Ring.,CCTNS_MUMBAI,CCTNS_000373,v1.0,True
374,CR/0374/2025,CASE_2025_0374,2026-02-10T20:11:07,POL_579,PS_GHATKOPAR,CAT_CRIMINAL,SERIOUS,ATM_CARD_SKIMMING,inspect_unattended_kiosk,UNDER_INVESTIGATION,COURT_MUMBAI_MAGISTRATE,2026-02-10T20:11:07,2026-02-10T20:11:07,2026-02-10T20:11:07,19.195542,72.956811,Incident reported at Tardeo Road Sector-80 under MO ATM/Card Skimming Racket.,CCTNS_MUMBAI,CCTNS_000374,v1.0,True
375,CR/0375/2025,CASE_2025_0375,2026-02-11T03:48:30,POL_816,PS_CHEMBUR,CAT_CRIMINAL,HEINOUS,CHAIN_SNATCHING,survey_pedestrian_victim,UNDER_INVESTIGATION,COURT_MUMBAI_MAGISTRATE,2026-02-11T03:48:30,2026-02-11T03:48:30,2026-02-11T03:48:30,18.949184,72.914894,Incident reported at Chembur Colony Sector-232 under MO Two-Wheeler Chain Snatching.,CCTNS_MUMBAI,CCTNS_000375,v1.0,True
376,CR/0376/2025,CASE_2025_0376,2026-02-12T08:35:03,POL_612,PS_WORLI,CAT_CRIMINAL,SERIOUS,CYBER_FRAUD_CALL_CENTER,spoof_official_bank_helpline,UNDER_INVESTIGATION,COURT_MUMBAI_MAGISTRATE,2026-02-12T08:35:03,2026-02-12T08:35:03,2026-02-12T08:35:03,19.019575,72.862437,Incident reported at Chembur Colony Sector-152 under MO Cyber Fraud Call Center.,CCTNS_MUMBAI,CCTNS_000376,v1.0,True
377,CR/0377/2025,CASE_2025_0377,2026-02-16T17:23:00,POL_548,PS_MALAD,CAT_CRIMINAL,HEINOUS,EXTORTION_RACKET,identify_prominent_local_trader,UNDER_INVESTIGATION,COURT_MUMBAI_MAGISTRATE,2026-02-16T17:23:00,2026-02-16T17:23:00,2026-02-16T17:23:00,19.267332,72.96217,Incident reported at Dharavi Commercial Complex Sector-21 under MO Commercial Extortion Racket.,CCTNS_MUMBAI,CCTNS_000377,v1.0,True
378,CR/0378/2025,CASE_2025_0378,2026-02-18T16:57:49,POL_140,PS_BANDRA,CAT_CRIMINAL,SERIOUS,NARCOTICS_COURIER_NETWORK,procure_contraband_consignment,UNDER_INVESTIGATION,COURT_MUMBAI_MAGISTRATE,2026-02-18T16:57:49,2026-02-18T16:57:49,2026-02-18T16:57:49,19.214935,72.788173,Incident reported at Kurla West Terminus Sector-206 under MO Narcotics Courier Network.,CCTNS_MUMBAI,CCTNS_000378,v1.0,True
379,CR/0379/2025,CASE_2025_0379,2026-02-19T06:55:14,POL_430,PS_WORLI,CAT_CRIMINAL,HEINOUS,VEHICLE_THEFT_RING,observe_target_vehicle,UNDER_INVESTIGATION,COURT_MUMBAI_MAGISTRATE,2026-02-19T06:55:14,2026-02-19T06:55:14,2026-02-19T06:55:14,18.977524,72.880446,Incident reported at Juhu Tara Road Sector-67 under MO Vehicle Theft Ring.,CCTNS_MUMBAI,CCTNS_000379,v1.0,True
380,CR/0380/2025,CASE_2025_0380,2026-02-19T08:57:51,POL_126,PS_BORIVALI,CAT_CRIMINAL,SERIOUS,ATM_CARD_SKIMMING,inspect_unattended_kiosk,UNDER_INVESTIGATION,COURT_MUMBAI_MAGISTRATE,2026-02-19T08:57:51,2026-02-19T08:57:51,2026-02-19T08:57:51,19.024227,72.944408,Incident reported at Thane Station West Sector-17 under MO ATM/Card Skimming Racket.,CCTNS_MUMBAI,CCTNS_000380,v1.0,True
381,CR/0381/2025,CASE_2025_0381,2026-02-19T20:27:18,POL_790,PS_BANDRA,CAT_CRIMINAL,HEINOUS,CHAIN_SNATCHING,survey_pedestrian_victim,UNDER_INVESTIGATION,COURT_MUMBAI_MAGISTRATE,2026-02-19T20:27:18,2026-02-19T20:27:18,2026-02-19T20:27:18,19.057589,72.904763,Incident reported at Bandra Kurla Complex Sector-104 under MO Two-Wheeler Chain Snatching.,CCTNS_MUMBAI,CCTNS_000381,v1.0,True
382,CR/0382/2025,CASE_2025_0382,2026-02-20T10:53:41,POL_121,PS_BORIVALI,CAT_CRIMINAL,SERIOUS,CYBER_FRAUD_CALL_CENTER,spoof_official_bank_helpline,UNDER_INVESTIGATION,COURT_MUMBAI_MAGISTRATE,2026-02-20T10:53:41,2026-02-20T10:53:41,2026-02-20T10:53:41,19.129903,72.818881,Incident reported at Navi Mumbai Vashi Sector 17 Sector-78 under MO Cyber Fraud Call Center.,CCTNS_MUMBAI,CCTNS_000382,v1.0,True
383,CR/0383/2025,CASE_2025_0383,2026-02-22T23:44:21,POL_690,PS_BYCULLA,CAT_CRIMINAL,HEINOUS,EXTORTION_RACKET,identify_prominent_local_trader,UNDER_INVESTIGATION,COURT_MUMBAI_MAGISTRATE,2026-02-22T23:44:21,2026-02-22T23:44:21,2026-02-22T23:44:21,19.024227,72.944408,Incident reported at Thane Station West Sector-17 under MO Commercial Extortion Racket.,CCTNS_MUMBAI,CCTNS_000383,v1.0,True
384,CR/0384/2025,CASE_2025_0384,2026-02-23T07:13:15,POL_581,PS_COLABA,CAT_CRIMINAL,SERIOUS,NARCOTICS_COURIER_NETWORK,procure_contraband_consignment,UNDER_INVESTIGATION,COURT_MUMBAI_MAGISTRATE,2026-02-23T07:13:15,2026-02-23T07:13:15,2026-02-23T07:13:15,19.009854,72.763743,Incident reported at Andheri East MIDC Sector-45 under MO Narcotics Courier Network.,CCTNS_MUMBAI,CCTNS_000384,v1.0,True
385,CR/0385/2025,CASE_2025_0385,2026-02-24T05:05:43,POL_552,PS_MALAD,CAT_CRIMINAL,HEINOUS,VEHICLE_THEFT_RING,observe_target_vehicle,UNDER_INVESTIGATION,COURT_MUMBAI_MAGISTRATE,2026-02-24T05:05:43,2026-02-24T05:05:43,2026-02-24T05:05:43,18.923648,72.793266,Incident reported at Malad Link Road Sector-153 under MO Vehicle Theft Ring.,CCTNS_MUMBAI,CCTNS_000385,v1.0,True
386,CR/0386/2025,CASE_2025_0386,2026-02-25T21:15:56,POL_699,PS_ANDHERI,CAT_CRIMINAL,SERIOUS,ATM_CARD_SKIMMING,inspect_unattended_kiosk,UNDER_INVESTIGATION,COURT_MUMBAI_MAGISTRATE,2026-02-25T21:15:56,2026-02-25T21:15:56,2026-02-25T21:15:56,19.187014,72.834626,Incident reported at Bandra Kurla Complex Sector-84 under MO ATM/Card Skimming Racket.,CCTNS_MUMBAI,CCTNS_000386,v1.0,True
387,CR/0387/2025,CASE_2025_0387,2026-02-28T14:57:21,POL_933,PS_WORLI,CAT_CRIMINAL,HEINOUS,CHAIN_SNATCHING,survey_pedestrian_victim,UNDER_INVESTIGATION,COURT_MUMBAI_MAGISTRATE,2026-02-28T14:57:21,2026-02-28T14:57:21,2026-02-28T14:57:21,19.121276,72.953186,Incident reported at Sewri Timber Market Sector-116 under MO Two-Wheeler Chain Snatching.,CCTNS_MUMBAI,CCTNS_000387,v1.0,True
388,CR/0388/2025,CASE_2025_0388,2026-03-01T19:16:31,POL_581,PS_GHATKOPAR,CAT_CRIMINAL,SERIOUS,CYBER_FRAUD_CALL_CENTER,spoof_official_bank_helpline,UNDER_INVESTIGATION,COURT_MUMBAI_MAGISTRATE,2026-03-01T19:16:31,2026-03-01T19:16:31,2026-03-01T19:16:31,19.20586,72.777159,Incident reported at Colaba Causeway Sector-82 under MO Cyber Fraud Call Center.,CCTNS_MUMBAI,CCTNS_000388,v1.0,True
389,CR/0389/2025,CASE_2025_0389,2026-03-04T11:22:46,POL_441,PS_JUHU,CAT_CRIMINAL,HEINOUS,EXTORTION_RACKET,identify_prominent_local_trader,UNDER_INVESTIGATION,COURT_MUMBAI_MAGISTRATE,2026-03-04T11:22:46,2026-03-04T11:22:46,2026-03-04T11:22:46,18.895313,72.787378,Incident reported at Thane Station West Sector-157 under MO Commercial Extortion Racket.,CCTNS_MUMBAI,CCTNS_000389,v1.0,True
390,CR/0390/2025,CASE_2025_0390,2026-03-04T14:44:48,POL_207,PS_JUHU,CAT_CRIMINAL,SERIOUS,NARCOTICS_COURIER_NETWORK,procure_contraband_consignment,UNDER_INVESTIGATION,COURT_MUMBAI_MAGISTRATE,2026-03-04T14:44:48,2026-03-04T14:44:48,2026-03-04T14:44:48,19.054425,72.977123,Incident reported at Ghatkopar Central Mall Sector-231 under MO Narcotics Courier Network.,CCTNS_MUMBAI,CCTNS_000390,v1.0,True
391,CR/0391/2025,CASE_2025_0391,2026-03-04T23:04:26,POL_521,PS_DHARAVI,CAT_CRIMINAL,HEINOUS,VEHICLE_THEFT_RING,observe_target_vehicle,UNDER_INVESTIGATION,COURT_MUMBAI_MAGISTRATE,2026-03-04T23:04:26,2026-03-04T23:04:26,2026-03-04T23:04:26,19.000778,72.823672,Incident reported at Tardeo Road Sector-180 under MO Vehicle Theft Ring.,CCTNS_MUMBAI,CCTNS_000391,v1.0,True
392,CR/0392/2025,CASE_2025_0392,2026-03-07T15:17:49,POL_395,PS_CHEMBUR,CAT_CRIMINAL,SERIOUS,ATM_CARD_SKIMMING,inspect_unattended_kiosk,UNDER_INVESTIGATION,COURT_MUMBAI_MAGISTRATE,2026-03-07T15:17:49,2026-03-07T15:17:49,2026-03-07T15:17:49,19.22801,72.902233,Incident reported at Worli Sea Face Sector-49 under MO ATM/Card Skimming Racket.,CCTNS_MUMBAI,CCTNS_000392,v1.0,True
393,CR/0393/2025,CASE_2025_0393,2026-03-07T18:52:32,POL_933,PS_BYCULLA,CAT_CRIMINAL,HEINOUS,CHAIN_SNATCHING,survey_pedestrian_victim,UNDER_INVESTIGATION,COURT_MUMBAI_MAGISTRATE,2026-03-07T18:52:32,2026-03-07T18:52:32,2026-03-07T18:52:32,18.964013,72.842172,Incident reported at Sion Circle Sector-19 under MO Two-Wheeler Chain Snatching.,CCTNS_MUMBAI,CCTNS_000393,v1.0,True
394,CR/0394/2025,CASE_2025_0394,2026-03-09T02:13:09,POL_565,PS_MALAD,CAT_CRIMINAL,SERIOUS,CYBER_FRAUD_CALL_CENTER,spoof_official_bank_helpline,UNDER_INVESTIGATION,COURT_MUMBAI_MAGISTRATE,2026-03-09T02:13:09,2026-03-09T02:13:09,2026-03-09T02:13:09,18.953631,72.762898,Incident reported at Andheri East MIDC Sector-165 under MO Cyber Fraud Call Center.,CCTNS_MUMBAI,CCTNS_000394,v1.0,True
395,CR/0395/2025,CASE_2025_0395,2026-03-10T21:35:43,POL_358,PS_BANDRA,CAT_CRIMINAL,HEINOUS,EXTORTION_RACKET,identify_prominent_local_trader,UNDER_INVESTIGATION,COURT_MUMBAI_MAGISTRATE,2026-03-10T21:35:43,2026-03-10T21:35:43,2026-03-10T21:35:43,19.274457,72.984836,Incident reported at Colaba Causeway Sector-142 under MO Commercial Extortion Racket.,CCTNS_MUMBAI,CCTNS_000395,v1.0,True
396,CR/0396/2025,CASE_2025_0396,2026-03-11T05:43:51,POL_891,PS_JUHU,CAT_CRIMINAL,SERIOUS,NARCOTICS_COURIER_NETWORK,procure_contraband_consignment,UNDER_INVESTIGATION,COURT_MUMBAI_MAGISTRATE,2026-03-11T05:43:51,2026-03-11T05:43:51,2026-03-11T05:43:51,18.996048,72.786369,Incident reported at Dadar TT Circle Sector-128 under MO Narcotics Courier Network.,CCTNS_MUMBAI,CCTNS_000396,v1.0,True
397,CR/0397/2025,CASE_2025_0397,2026-03-11T21:46:06,POL_944,PS_WORLI,CAT_CRIMINAL,HEINOUS,VEHICLE_THEFT_RING,observe_target_vehicle,UNDER_INVESTIGATION,COURT_MUMBAI_MAGISTRATE,2026-03-11T21:46:06,2026-03-11T21:46:06,2026-03-11T21:46:06,19.139565,72.859439,Incident reported at Dharavi Commercial Complex Sector-181 under MO Vehicle Theft Ring.,CCTNS_MUMBAI,CCTNS_000397,v1.0,True
398,CR/0398/2025,CASE_2025_0398,2026-03-13T08:21:42,POL_990,PS_COLABA,CAT_CRIMINAL,SERIOUS,ATM_CARD_SKIMMING,inspect_unattended_kiosk,UNDER_INVESTIGATION,COURT_MUMBAI_MAGISTRATE,2026-03-13T08:21:42,2026-03-13T08:21:42,2026-03-13T08:21:42,18.987667,72.984399,Incident reported at Tardeo Road Sector-120 under MO ATM/Card Skimming Racket.,CCTNS_MUMBAI,CCTNS_000398,v1.0,True
399,CR/0399/2025,CASE_2025_0399,2026-03-14T07:25:24,POL_523,PS_MALAD,CAT_CRIMINAL,HEINOUS,CHAIN_SNATCHING,survey_pedestrian_victim,UNDER_INVESTIGATION,COURT_MUMBAI_MAGISTRATE,2026-03-14T07:25:24,2026-03-14T07:25:24,2026-03-14T07:25:24,18.894594,72.92897,Incident reported at Sewri Timber Market Sector-176 under MO Two-Wheeler Chain Snatching.,CCTNS_MUMBAI,CCTNS_000399,v1.0,True
400,CR/0400/2025,CASE_2025_0400,2026-03-15T01:58:20,POL_630,PS_COLABA,CAT_CRIMINAL,SERIOUS,CYBER_FRAUD_CALL_CENTER,spoof_official_bank_helpline,UNDER_INVESTIGATION,COURT_MUMBAI_MAGISTRATE,2026-03-15T01:58:20,2026-03-15T01:58:20,2026-03-15T01:58:20,19.105496,72.939654,Incident reported at Dharavi Commercial Complex Sector-121 under MO Cyber Fraud Call Center.,CCTNS_MUMBAI,CCTNS_000400,v1.0,True
401,CR/0401/2025,CASE_2025_0401,2026-03-15T21:27:16,POL_874,PS_JUHU,CAT_CRIMINAL,HEINOUS,EXTORTION_RACKET,identify_prominent_local_trader,UNDER_INVESTIGATION,COURT_MUMBAI_MAGISTRATE,2026-03-15T21:27:16,2026-03-15T21:27:16,2026-03-15T21:27:16,18.966455,72.800343,Incident reported at Navi Mumbai Vashi Sector 17 Sector-178 under MO Commercial Extortion Racket.,CCTNS_MUMBAI,CCTNS_000401,v1.0,True
402,CR/0402/2025,CASE_2025_0402,2026-03-18T08:11:06,POL_552,PS_GHATKOPAR,CAT_CRIMINAL,SERIOUS,NARCOTICS_COURIER_NETWORK,procure_contraband_consignment,UNDER_INVESTIGATION,COURT_MUMBAI_MAGISTRATE,2026-03-18T08:11:06,2026-03-18T08:11:06,2026-03-18T08:11:06,19.159898,72.884592,Incident reported at Worli Sea Face Sector-149 under MO Narcotics Courier Network.,CCTNS_MUMBAI,CCTNS_000402,v1.0,True
403,CR/0403/2025,CASE_2025_0403,2026-03-18T17:08:32,POL_373,PS_COLABA,CAT_CRIMINAL,HEINOUS,VEHICLE_THEFT_RING,observe_target_vehicle,UNDER_INVESTIGATION,COURT_MUMBAI_MAGISTRATE,2026-03-18T17:08:32,2026-03-18T17:08:32,2026-03-18T17:08:32,19.233761,72.943794,Incident reported at Lower Parel Business Park Sector-130 under MO Vehicle Theft Ring.,CCTNS_MUMBAI,CCTNS_000403,v1.0,True
404,CR/0404/2025,CASE_2025_0404,2026-03-18T20:11:50,POL_394,PS_MALAD,CAT_CRIMINAL,SERIOUS,ATM_CARD_SKIMMING,inspect_unattended_kiosk,UNDER_INVESTIGATION,COURT_MUMBAI_MAGISTRATE,2026-03-18T20:11:50,2026-03-18T20:11:50,2026-03-18T20:11:50,19.006914,72.989145,Incident reported at Byculla Market Sector-155 under MO ATM/Card Skimming Racket.,CCTNS_MUMBAI,CCTNS_000404,v1.0,True
405,CR/0405/2025,CASE_2025_0405,2026-03-21T01:06:09,POL_596,PS_GHATKOPAR,CAT_CRIMINAL,HEINOUS,CHAIN_SNATCHING,survey_pedestrian_victim,UNDER_INVESTIGATION,COURT_MUMBAI_MAGISTRATE,2026-03-21T01:06:09,2026-03-21T01:06:09,2026-03-21T01:06:09,19.137774,72.948852,Incident reported at Dharavi Commercial Complex Sector-201 under MO Two-Wheeler Chain Snatching.,CCTNS_MUMBAI,CCTNS_000405,v1.0,True
406,CR/0406/2025,CASE_2025_0406,2026-03-22T09:16:48,POL_745,PS_BANDRA,CAT_CRIMINAL,SERIOUS,CYBER_FRAUD_CALL_CENTER,spoof_official_bank_helpline,UNDER_INVESTIGATION,COURT_MUMBAI_MAGISTRATE,2026-03-22T09:16:48,2026-03-22T09:16:48,2026-03-22T09:16:48,19.063651,72.893015,Incident reported at Byculla Market Sector-215 under MO Cyber Fraud Call Center.,CCTNS_MUMBAI,CCTNS_000406,v1.0,True
407,CR/0407/2025,CASE_2025_0407,2026-03-24T05:37:33,POL_826,PS_BORIVALI,CAT_CRIMINAL,HEINOUS,EXTORTION_RACKET,identify_prominent_local_trader,UNDER_INVESTIGATION,COURT_MUMBAI_MAGISTRATE,2026-03-24T05:37:33,2026-03-24T05:37:33,2026-03-24T05:37:33,19.126504,72.848707,Incident reported at Dadar TT Circle Sector-188 under MO Commercial Extortion Racket.,CCTNS_MUMBAI,CCTNS_000407,v1.0,True
408,CR/0408/2025,CASE_2025_0408,2026-03-24T20:02:20,POL_664,PS_DHARAVI,CAT_CRIMINAL,SERIOUS,NARCOTICS_COURIER_NETWORK,procure_contraband_consignment,UNDER_INVESTIGATION,COURT_MUMBAI_MAGISTRATE,2026-03-24T20:02:20,2026-03-24T20:02:20,2026-03-24T20:02:20,19.005832,72.976442,Incident reported at Colaba Causeway Sector-122 under MO Narcotics Courier Network.,CCTNS_MUMBAI,CCTNS_000408,v1.0,True
409,CR/0409/2025,CASE_2025_0409,2026-03-25T03:05:01,POL_517,PS_COLABA,CAT_CRIMINAL,HEINOUS,VEHICLE_THEFT_RING,observe_target_vehicle,UNDER_INVESTIGATION,COURT_MUMBAI_MAGISTRATE,2026-03-25T03:05:01,2026-03-25T03:05:01,2026-03-25T03:05:01,19.209002,72.984237,Incident reported at Chembur Colony Sector-112 under MO Vehicle Theft Ring.,CCTNS_MUMBAI,CCTNS_000409,v1.0,True
410,CR/0410/2025,CASE_2025_0410,2026-03-25T22:15:47,POL_961,PS_BANDRA,CAT_CRIMINAL,SERIOUS,ATM_CARD_SKIMMING,inspect_unattended_kiosk,UNDER_INVESTIGATION,COURT_MUMBAI_MAGISTRATE,2026-03-25T22:15:47,2026-03-25T22:15:47,2026-03-25T22:15:47,19.104656,72.842542,Incident reported at Andheri East MIDC Sector-245 under MO ATM/Card Skimming Racket.,CCTNS_MUMBAI,CCTNS_000410,v1.0,True
411,CR/0411/2025,CASE_2025_0411,2026-03-30T02:01:03,POL_220,PS_BANDRA,CAT_CRIMINAL,HEINOUS,CHAIN_SNATCHING,survey_pedestrian_victim,UNDER_INVESTIGATION,COURT_MUMBAI_MAGISTRATE,2026-03-30T02:01:03,2026-03-30T02:01:03,2026-03-30T02:01:03,19.206186,72.823772,Incident reported at Kurla West Terminus Sector-66 under MO Two-Wheeler Chain Snatching.,CCTNS_MUMBAI,CCTNS_000411,v1.0,True
412,CR/0412/2025,CASE_2025_0412,2026-03-30T19:56:50,POL_610,PS_BYCULLA,CAT_CRIMINAL,SERIOUS,CYBER_FRAUD_CALL_CENTER,spoof_official_bank_helpline,UNDER_INVESTIGATION,COURT_MUMBAI_MAGISTRATE,2026-03-30T19:56:50,2026-03-30T19:56:50,2026-03-30T19:56:50,18.985121,72.923349,Incident reported at Borivali West Station Area Sector-174 under MO Cyber Fraud Call Center.,CCTNS_MUMBAI,CCTNS_000412,v1.0,True
413,CR/0413/2025,CASE_2025_0413,2026-03-31T05:48:52,POL_621,PS_CHEMBUR,CAT_CRIMINAL,HEINOUS,EXTORTION_RACKET,identify_prominent_local_trader,UNDER_INVESTIGATION,COURT_MUMBAI_MAGISTRATE,2026-03-31T05:48:52,2026-03-31T05:48:52,2026-03-31T05:48:52,19.121669,72.791659,Incident reported at Kurla West Terminus Sector-106 under MO Commercial Extortion Racket.,CCTNS_MUMBAI,CCTNS_000413,v1.0,True
414,CR/0414/2025,CASE_2025_0414,2026-04-01T02:53:04,POL_525,PS_CHEMBUR,CAT_CRIMINAL,SERIOUS,NARCOTICS_COURIER_NETWORK,procure_contraband_consignment,UNDER_INVESTIGATION,COURT_MUMBAI_MAGISTRATE,2026-04-01T02:53:04,2026-04-01T02:53:04,2026-04-01T02:53:04,19.250633,72.796283,Incident reported at Andheri East MIDC Sector-225 under MO Narcotics Courier Network.,CCTNS_MUMBAI,CCTNS_000414,v1.0,True
415,CR/0415/2025,CASE_2025_0415,2026-04-01T03:23:16,POL_349,PS_GHATKOPAR,CAT_CRIMINAL,HEINOUS,VEHICLE_THEFT_RING,observe_target_vehicle,UNDER_INVESTIGATION,COURT_MUMBAI_MAGISTRATE,2026-04-01T03:23:16,2026-04-01T03:23:16,2026-04-01T03:23:16,19.090905,72.774701,Incident reported at Kurla West Terminus Sector-246 under MO Vehicle Theft Ring.,CCTNS_MUMBAI,CCTNS_000415,v1.0,True
416,CR/0416/2025,CASE_2025_0416,2026-04-02T20:20:42,POL_248,PS_GHATKOPAR,CAT_CRIMINAL,SERIOUS,ATM_CARD_SKIMMING,inspect_unattended_kiosk,UNDER_INVESTIGATION,COURT_MUMBAI_MAGISTRATE,2026-04-02T20:20:42,2026-04-02T20:20:42,2026-04-02T20:20:42,19.169041,72.915148,Incident reported at Dadar TT Circle Sector-48 under MO ATM/Card Skimming Racket.,CCTNS_MUMBAI,CCTNS_000416,v1.0,True
417,CR/0417/2025,CASE_2025_0417,2026-04-04T18:11:53,POL_713,PS_WORLI,CAT_CRIMINAL,HEINOUS,CHAIN_SNATCHING,survey_pedestrian_victim,UNDER_INVESTIGATION,COURT_MUMBAI_MAGISTRATE,2026-04-04T18:11:53,2026-04-04T18:11:53,2026-04-04T18:11:53,18.938755,72.783907,Incident reported at Tardeo Road Sector-100 under MO Two-Wheeler Chain Snatching.,CCTNS_MUMBAI,CCTNS_000417,v1.0,True
418,CR/0418/2025,CASE_2025_0418,2026-04-04T23:34:56,POL_239,PS_MALAD,CAT_CRIMINAL,SERIOUS,CYBER_FRAUD_CALL_CENTER,spoof_official_bank_helpline,UNDER_INVESTIGATION,COURT_MUMBAI_MAGISTRATE,2026-04-04T23:34:56,2026-04-04T23:34:56,2026-04-04T23:34:56,19.104656,72.842542,Incident reported at Andheri East MIDC Sector-245 under MO Cyber Fraud Call Center.,CCTNS_MUMBAI,CCTNS_000418,v1.0,True
419,CR/0419/2025,CASE_2025_0419,2026-04-05T03:31:29,POL_891,PS_BANDRA,CAT_CRIMINAL,HEINOUS,EXTORTION_RACKET,identify_prominent_local_trader,UNDER_INVESTIGATION,COURT_MUMBAI_MAGISTRATE,2026-04-05T03:31:29,2026-04-05T03:31:29,2026-04-05T03:31:29,19.001364,72.802881,Incident reported at Thane Station West Sector-37 under MO Commercial Extortion Racket.,CCTNS_MUMBAI,CCTNS_000419,v1.0,True
420,CR/0420/2025,CASE_2025_0420,2026-04-05T13:57:57,POL_906,PS_WORLI,CAT_CRIMINAL,SERIOUS,NARCOTICS_COURIER_NETWORK,procure_contraband_consignment,UNDER_INVESTIGATION,COURT_MUMBAI_MAGISTRATE,2026-04-05T13:57:57,2026-04-05T13:57:57,2026-04-05T13:57:57,18.964013,72.842172,Incident reported at Sion Circle Sector-19 under MO Narcotics Courier Network.,CCTNS_MUMBAI,CCTNS_000420,v1.0,True
421,CR/0421/2025,CASE_2025_0421,2026-04-06T17:16:56,POL_940,PS_MALAD,CAT_CRIMINAL,HEINOUS,VEHICLE_THEFT_RING,observe_target_vehicle,UNDER_INVESTIGATION,COURT_MUMBAI_MAGISTRATE,2026-04-06T17:16:56,2026-04-06T17:16:56,2026-04-06T17:16:56,19.114748,72.820434,Incident reported at Sion Circle Sector-239 under MO Vehicle Theft Ring.,CCTNS_MUMBAI,CCTNS_000421,v1.0,True
422,CR/0422/2025,CASE_2025_0422,2026-04-08T08:10:51,POL_843,PS_COLABA,CAT_CRIMINAL,SERIOUS,ATM_CARD_SKIMMING,inspect_unattended_kiosk,UNDER_INVESTIGATION,COURT_MUMBAI_MAGISTRATE,2026-04-08T08:10:51,2026-04-08T08:10:51,2026-04-08T08:10:51,19.020884,72.880192,Incident reported at Colaba Causeway Sector-182 under MO ATM/Card Skimming Racket.,CCTNS_MUMBAI,CCTNS_000422,v1.0,True
423,CR/0423/2025,CASE_2025_0423,2026-04-08T13:12:17,POL_693,PS_ANDHERI,CAT_CRIMINAL,HEINOUS,CHAIN_SNATCHING,survey_pedestrian_victim,UNDER_INVESTIGATION,COURT_MUMBAI_MAGISTRATE,2026-04-08T13:12:17,2026-04-08T13:12:17,2026-04-08T13:12:17,19.050558,72.859206,Incident reported at Navi Mumbai Vashi Sector 17 Sector-58 under MO Two-Wheeler Chain Snatching.,CCTNS_MUMBAI,CCTNS_000423,v1.0,True
424,CR/0424/2025,CASE_2025_0424,2026-04-08T15:03:59,POL_986,PS_BYCULLA,CAT_CRIMINAL,SERIOUS,CYBER_FRAUD_CALL_CENTER,spoof_official_bank_helpline,UNDER_INVESTIGATION,COURT_MUMBAI_MAGISTRATE,2026-04-08T15:03:59,2026-04-08T15:03:59,2026-04-08T15:03:59,19.090905,72.774701,Incident reported at Kurla West Terminus Sector-246 under MO Cyber Fraud Call Center.,CCTNS_MUMBAI,CCTNS_000424,v1.0,True
425,CR/0425/2025,CASE_2025_0425,2026-04-09T07:50:55,POL_651,PS_DHARAVI,CAT_CRIMINAL,HEINOUS,EXTORTION_RACKET,identify_prominent_local_trader,UNDER_INVESTIGATION,COURT_MUMBAI_MAGISTRATE,2026-04-09T07:50:55,2026-04-09T07:50:55,2026-04-09T07:50:55,19.274457,72.984836,Incident reported at Colaba Causeway Sector-142 under MO Commercial Extortion Racket.,CCTNS_MUMBAI,CCTNS_000425,v1.0,True
426,CR/0426/2025,CASE_2025_0426,2026-04-09T12:00:04,POL_440,PS_GHATKOPAR,CAT_CRIMINAL,SERIOUS,NARCOTICS_COURIER_NETWORK,procure_contraband_consignment,UNDER_INVESTIGATION,COURT_MUMBAI_MAGISTRATE,2026-04-09T12:00:04,2026-04-09T12:00:04,2026-04-09T12:00:04,19.158578,72.935852,Incident reported at Thane Station West Sector-177 under MO Narcotics Courier Network.,CCTNS_MUMBAI,CCTNS_000426,v1.0,True
427,CR/0427/2025,CASE_2025_0427,2026-04-09T23:18:06,POL_486,PS_MALAD,CAT_CRIMINAL,HEINOUS,VEHICLE_THEFT_RING,observe_target_vehicle,UNDER_INVESTIGATION,COURT_MUMBAI_MAGISTRATE,2026-04-09T23:18:06,2026-04-09T23:18:06,2026-04-09T23:18:06,19.042919,72.823547,Incident reported at Juhu Tara Road Sector-7 under MO Vehicle Theft Ring.,CCTNS_MUMBAI,CCTNS_000427,v1.0,True
428,CR/0428/2025,CASE_2025_0428,2026-04-10T02:31:04,POL_990,PS_GHATKOPAR,CAT_CRIMINAL,SERIOUS,ATM_CARD_SKIMMING,inspect_unattended_kiosk,UNDER_INVESTIGATION,COURT_MUMBAI_MAGISTRATE,2026-04-10T02:31:04,2026-04-10T02:31:04,2026-04-10T02:31:04,18.917646,72.825292,Incident reported at Sion Circle Sector-139 under MO ATM/Card Skimming Racket.,CCTNS_MUMBAI,CCTNS_000428,v1.0,True
429,CR/0429/2025,CASE_2025_0429,2026-04-10T10:00:02,POL_344,PS_KURLA,CAT_CRIMINAL,HEINOUS,CHAIN_SNATCHING,survey_pedestrian_victim,UNDER_INVESTIGATION,COURT_MUMBAI_MAGISTRATE,2026-04-10T10:00:02,2026-04-10T10:00:02,2026-04-10T10:00:02,19.013713,72.776767,Incident reported at Byculla Market Sector-15 under MO Two-Wheeler Chain Snatching.,CCTNS_MUMBAI,CCTNS_000429,v1.0,True
430,CR/0430/2025,CASE_2025_0430,2026-04-10T13:54:12,POL_339,PS_BORIVALI,CAT_CRIMINAL,SERIOUS,CYBER_FRAUD_CALL_CENTER,spoof_official_bank_helpline,UNDER_INVESTIGATION,COURT_MUMBAI_MAGISTRATE,2026-04-10T13:54:12,2026-04-10T13:54:12,2026-04-10T13:54:12,19.250892,72.773928,Incident reported at Worli Sea Face Sector-189 under MO Cyber Fraud Call Center.,CCTNS_MUMBAI,CCTNS_000430,v1.0,True
431,CR/0431/2025,CASE_2025_0431,2026-04-11T09:11:22,POL_425,PS_WORLI,CAT_CRIMINAL,HEINOUS,EXTORTION_RACKET,identify_prominent_local_trader,UNDER_INVESTIGATION,COURT_MUMBAI_MAGISTRATE,2026-04-11T09:11:22,2026-04-11T09:11:22,2026-04-11T09:11:22,19.122887,72.799662,Incident reported at Borivali West Station Area Sector-34 under MO Commercial Extortion Racket.,CCTNS_MUMBAI,CCTNS_000431,v1.0,True
432,CR/0432/2025,CASE_2025_0432,2026-04-12T21:23:34,POL_822,PS_CHEMBUR,CAT_CRIMINAL,SERIOUS,NARCOTICS_COURIER_NETWORK,procure_contraband_consignment,UNDER_INVESTIGATION,COURT_MUMBAI_MAGISTRATE,2026-04-12T21:23:34,2026-04-12T21:23:34,2026-04-12T21:23:34,19.024227,72.944408,Incident reported at Thane Station West Sector-17 under MO Narcotics Courier Network.,CCTNS_MUMBAI,CCTNS_000432,v1.0,True
433,CR/0433/2025,CASE_2025_0433,2026-04-15T02:50:05,POL_779,PS_WORLI,CAT_CRIMINAL,HEINOUS,VEHICLE_THEFT_RING,observe_target_vehicle,UNDER_INVESTIGATION,COURT_MUMBAI_MAGISTRATE,2026-04-15T02:50:05,2026-04-15T02:50:05,2026-04-15T02:50:05,19.269249,72.87516,Incident reported at Lower Parel Business Park Sector-110 under MO Vehicle Theft Ring.,CCTNS_MUMBAI,CCTNS_000433,v1.0,True
434,CR/0434/2025,CASE_2025_0434,2026-04-15T11:04:17,POL_607,PS_BYCULLA,CAT_CRIMINAL,SERIOUS,ATM_CARD_SKIMMING,inspect_unattended_kiosk,UNDER_INVESTIGATION,COURT_MUMBAI_MAGISTRATE,2026-04-15T11:04:17,2026-04-15T11:04:17,2026-04-15T11:04:17,19.215394,72.940833,Incident reported at Sewri Timber Market Sector-196 under MO ATM/Card Skimming Racket.,CCTNS_MUMBAI,CCTNS_000434,v1.0,True
435,CR/0435/2025,CASE_2025_0435,2026-04-17T15:07:30,POL_614,PS_COLABA,CAT_CRIMINAL,HEINOUS,CHAIN_SNATCHING,survey_pedestrian_victim,UNDER_INVESTIGATION,COURT_MUMBAI_MAGISTRATE,2026-04-17T15:07:30,2026-04-17T15:07:30,2026-04-17T15:07:30,18.913298,72.919311,Incident reported at Crawford Market Sector-43 under MO Two-Wheeler Chain Snatching.,CCTNS_MUMBAI,CCTNS_000435,v1.0,True
436,CR/0436/2025,CASE_2025_0436,2026-04-18T07:54:37,POL_990,PS_BORIVALI,CAT_CRIMINAL,SERIOUS,CYBER_FRAUD_CALL_CENTER,spoof_official_bank_helpline,UNDER_INVESTIGATION,COURT_MUMBAI_MAGISTRATE,2026-04-18T07:54:37,2026-04-18T07:54:37,2026-04-18T07:54:37,19.267332,72.96217,Incident reported at Dharavi Commercial Complex Sector-21 under MO Cyber Fraud Call Center.,CCTNS_MUMBAI,CCTNS_000436,v1.0,True
437,CR/0437/2025,CASE_2025_0437,2026-04-18T12:27:49,POL_202,PS_BANDRA,CAT_CRIMINAL,HEINOUS,EXTORTION_RACKET,identify_prominent_local_trader,UNDER_INVESTIGATION,COURT_MUMBAI_MAGISTRATE,2026-04-18T12:27:49,2026-04-18T12:27:49,2026-04-18T12:27:49,19.041248,72.82635,Incident reported at Crawford Market Sector-203 under MO Commercial Extortion Racket.,CCTNS_MUMBAI,CCTNS_000437,v1.0,True
438,CR/0438/2025,CASE_2025_0438,2026-04-20T13:36:11,POL_115,PS_MALAD,CAT_CRIMINAL,SERIOUS,NARCOTICS_COURIER_NETWORK,procure_contraband_consignment,UNDER_INVESTIGATION,COURT_MUMBAI_MAGISTRATE,2026-04-20T13:36:11,2026-04-20T13:36:11,2026-04-20T13:36:11,19.047285,72.920785,Incident reported at Andheri East MIDC Sector-25 under MO Narcotics Courier Network.,CCTNS_MUMBAI,CCTNS_000438,v1.0,True
439,CR/0439/2025,CASE_2025_0439,2026-04-20T15:39:47,POL_519,PS_CHEMBUR,CAT_CRIMINAL,HEINOUS,VEHICLE_THEFT_RING,observe_target_vehicle,UNDER_INVESTIGATION,COURT_MUMBAI_MAGISTRATE,2026-04-20T15:39:47,2026-04-20T15:39:47,2026-04-20T15:39:47,18.895313,72.787378,Incident reported at Thane Station West Sector-157 under MO Vehicle Theft Ring.,CCTNS_MUMBAI,CCTNS_000439,v1.0,True
440,CR/0440/2025,CASE_2025_0440,2026-04-20T17:06:32,POL_176,PS_BYCULLA,CAT_CRIMINAL,SERIOUS,ATM_CARD_SKIMMING,inspect_unattended_kiosk,UNDER_INVESTIGATION,COURT_MUMBAI_MAGISTRATE,2026-04-20T17:06:32,2026-04-20T17:06:32,2026-04-20T17:06:32,19.263206,72.886056,Incident reported at Sewri Timber Market Sector-136 under MO ATM/Card Skimming Racket.,CCTNS_MUMBAI,CCTNS_000440,v1.0,True
441,CR/0441/2025,CASE_2025_0441,2026-04-22T00:20:31,POL_446,PS_GHATKOPAR,CAT_CRIMINAL,HEINOUS,CHAIN_SNATCHING,survey_pedestrian_victim,UNDER_INVESTIGATION,COURT_MUMBAI_MAGISTRATE,2026-04-22T00:20:31,2026-04-22T00:20:31,2026-04-22T00:20:31,19.261058,72.914081,Incident reported at Dharavi Commercial Complex Sector-161 under MO Two-Wheeler Chain Snatching.,CCTNS_MUMBAI,CCTNS_000441,v1.0,True
442,CR/0442/2025,CASE_2025_0442,2026-04-22T07:28:42,POL_507,PS_BORIVALI,CAT_CRIMINAL,SERIOUS,CYBER_FRAUD_CALL_CENTER,spoof_official_bank_helpline,UNDER_INVESTIGATION,COURT_MUMBAI_MAGISTRATE,2026-04-22T07:28:42,2026-04-22T07:28:42,2026-04-22T07:28:42,19.052363,72.810543,Incident reported at Borivali West Station Area Sector-14 under MO Cyber Fraud Call Center.,CCTNS_MUMBAI,CCTNS_000442,v1.0,True
443,CR/0443/2025,CASE_2025_0443,2026-04-22T07:46:50,POL_972,PS_BYCULLA,CAT_CRIMINAL,HEINOUS,EXTORTION_RACKET,identify_prominent_local_trader,UNDER_INVESTIGATION,COURT_MUMBAI_MAGISTRATE,2026-04-22T07:46:50,2026-04-22T07:46:50,2026-04-22T07:46:50,18.967712,72.981655,Incident reported at Kurla West Terminus Sector-46 under MO Commercial Extortion Racket.,CCTNS_MUMBAI,CCTNS_000443,v1.0,True
444,CR/0444/2025,CASE_2025_0444,2026-04-22T09:32:42,POL_979,PS_JUHU,CAT_CRIMINAL,SERIOUS,NARCOTICS_COURIER_NETWORK,procure_contraband_consignment,UNDER_INVESTIGATION,COURT_MUMBAI_MAGISTRATE,2026-04-22T09:32:42,2026-04-22T09:32:42,2026-04-22T09:32:42,19.019575,72.862437,Incident reported at Chembur Colony Sector-152 under MO Narcotics Courier Network.,CCTNS_MUMBAI,CCTNS_000444,v1.0,True
445,CR/0445/2025,CASE_2025_0445,2026-04-22T18:50:11,POL_424,PS_MALAD,CAT_CRIMINAL,HEINOUS,VEHICLE_THEFT_RING,observe_target_vehicle,UNDER_INVESTIGATION,COURT_MUMBAI_MAGISTRATE,2026-04-22T18:50:11,2026-04-22T18:50:11,2026-04-22T18:50:11,18.920094,72.876427,Incident reported at Sion Circle Sector-59 under MO Vehicle Theft Ring.,CCTNS_MUMBAI,CCTNS_000445,v1.0,True
446,CR/0446/2025,CASE_2025_0446,2026-04-23T10:24:10,POL_877,PS_BYCULLA,CAT_CRIMINAL,SERIOUS,ATM_CARD_SKIMMING,inspect_unattended_kiosk,UNDER_INVESTIGATION,COURT_MUMBAI_MAGISTRATE,2026-04-23T10:24:10,2026-04-23T10:24:10,2026-04-23T10:24:10,18.996264,72.787969,Incident reported at Lower Parel Business Park Sector-150 under MO ATM/Card Skimming Racket.,CCTNS_MUMBAI,CCTNS_000446,v1.0,True
447,CR/0447/2025,CASE_2025_0447,2026-04-23T13:10:19,POL_136,PS_GHATKOPAR,CAT_CRIMINAL,HEINOUS,CHAIN_SNATCHING,survey_pedestrian_victim,UNDER_INVESTIGATION,COURT_MUMBAI_MAGISTRATE,2026-04-23T13:10:19,2026-04-23T13:10:19,2026-04-23T13:10:19,19.206739,72.802953,Incident reported at Lower Parel Business Park Sector-50 under MO Two-Wheeler Chain Snatching.,CCTNS_MUMBAI,CCTNS_000447,v1.0,True
448,CR/0448/2025,CASE_2025_0448,2026-04-24T12:49:20,POL_340,PS_BORIVALI,CAT_CRIMINAL,SERIOUS,CYBER_FRAUD_CALL_CENTER,spoof_official_bank_helpline,UNDER_INVESTIGATION,COURT_MUMBAI_MAGISTRATE,2026-04-24T12:49:20,2026-04-24T12:49:20,2026-04-24T12:49:20,19.153185,72.934911,Incident reported at Sewri Timber Market Sector-16 under MO Cyber Fraud Call Center.,CCTNS_MUMBAI,CCTNS_000448,v1.0,True
449,CR/0449/2025,CASE_2025_0449,2026-04-24T12:50:10,POL_394,PS_BYCULLA,CAT_CRIMINAL,HEINOUS,EXTORTION_RACKET,identify_prominent_local_trader,UNDER_INVESTIGATION,COURT_MUMBAI_MAGISTRATE,2026-04-24T12:50:10,2026-04-24T12:50:10,2026-04-24T12:50:10,19.064155,72.950461,Incident reported at Borivali West Station Area Sector-94 under MO Commercial Extortion Racket.,CCTNS_MUMBAI,CCTNS_000449,v1.0,True
450,CR/0450/2025,CASE_2025_0450,2026-04-24T18:59:46,POL_192,PS_KURLA,CAT_CRIMINAL,SERIOUS,NARCOTICS_COURIER_NETWORK,procure_contraband_consignment,UNDER_INVESTIGATION,COURT_MUMBAI_MAGISTRATE,2026-04-24T18:59:46,2026-04-24T18:59:46,2026-04-24T18:59:46,19.030102,72.82526,Incident reported at Tardeo Road Sector-220 under MO Narcotics Courier Network.,CCTNS_MUMBAI,CCTNS_000450,v1.0,True
451,CR/0451/2025,CASE_2025_0451,2026-04-25T09:00:06,POL_878,PS_WORLI,CAT_CRIMINAL,HEINOUS,VEHICLE_THEFT_RING,observe_target_vehicle,UNDER_INVESTIGATION,COURT_MUMBAI_MAGISTRATE,2026-04-25T09:00:06,2026-04-25T09:00:06,2026-04-25T09:00:06,19.269249,72.87516,Incident reported at Lower Parel Business Park Sector-110 under MO Vehicle Theft Ring.,CCTNS_MUMBAI,CCTNS_000451,v1.0,True
452,CR/0452/2025,CASE_2025_0452,2026-04-25T09:49:18,POL_993,PS_BYCULLA,CAT_CRIMINAL,SERIOUS,ATM_CARD_SKIMMING,inspect_unattended_kiosk,UNDER_INVESTIGATION,COURT_MUMBAI_MAGISTRATE,2026-04-25T09:49:18,2026-04-25T09:49:18,2026-04-25T09:49:18,19.038556,72.851669,Incident reported at Juhu Tara Road Sector-107 under MO ATM/Card Skimming Racket.,CCTNS_MUMBAI,CCTNS_000452,v1.0,True
453,CR/0453/2025,CASE_2025_0453,2026-04-26T12:30:15,POL_270,PS_BANDRA,CAT_CRIMINAL,HEINOUS,CHAIN_SNATCHING,survey_pedestrian_victim,UNDER_INVESTIGATION,COURT_MUMBAI_MAGISTRATE,2026-04-26T12:30:15,2026-04-26T12:30:15,2026-04-26T12:30:15,19.263206,72.886056,Incident reported at Sewri Timber Market Sector-136 under MO Two-Wheeler Chain Snatching.,CCTNS_MUMBAI,CCTNS_000453,v1.0,True
454,CR/0454/2025,CASE_2025_0454,2026-04-26T20:48:48,POL_129,PS_CHEMBUR,CAT_CRIMINAL,SERIOUS,CYBER_FRAUD_CALL_CENTER,spoof_official_bank_helpline,UNDER_INVESTIGATION,COURT_MUMBAI_MAGISTRATE,2026-04-26T20:48:48,2026-04-26T20:48:48,2026-04-26T20:48:48,19.126504,72.848707,Incident reported at Dadar TT Circle Sector-188 under MO Cyber Fraud Call Center.,CCTNS_MUMBAI,CCTNS_000454,v1.0,True
455,CR/0455/2025,CASE_2025_0455,2026-04-27T13:16:59,POL_915,PS_COLABA,CAT_CRIMINAL,HEINOUS,EXTORTION_RACKET,identify_prominent_local_trader,UNDER_INVESTIGATION,COURT_MUMBAI_MAGISTRATE,2026-04-27T13:16:59,2026-04-27T13:16:59,2026-04-27T13:16:59,18.885675,72.96516,Incident reported at Chembur Colony Sector-172 under MO Commercial Extortion Racket.,CCTNS_MUMBAI,CCTNS_000455,v1.0,True
456,CR/0456/2025,CASE_2025_0456,2026-04-27T17:54:11,POL_467,PS_COLABA,CAT_CRIMINAL,SERIOUS,NARCOTICS_COURIER_NETWORK,procure_contraband_consignment,UNDER_INVESTIGATION,COURT_MUMBAI_MAGISTRATE,2026-04-27T17:54:11,2026-04-27T17:54:11,2026-04-27T17:54:11,19.100677,72.903213,Incident reported at Sion Circle Sector-119 under MO Narcotics Courier Network.,CCTNS_MUMBAI,CCTNS_000456,v1.0,True
457,CR/0457/2025,CASE_2025_0457,2026-04-28T20:02:12,POL_249,PS_JUHU,CAT_CRIMINAL,HEINOUS,VEHICLE_THEFT_RING,observe_target_vehicle,UNDER_INVESTIGATION,COURT_MUMBAI_MAGISTRATE,2026-04-28T20:02:12,2026-04-28T20:02:12,2026-04-28T20:02:12,19.042027,72.821601,Incident reported at Crawford Market Sector-163 under MO Vehicle Theft Ring.,CCTNS_MUMBAI,CCTNS_000457,v1.0,True
458,CR/0458/2025,CASE_2025_0458,2026-04-29T16:12:21,POL_521,PS_KURLA,CAT_CRIMINAL,SERIOUS,ATM_CARD_SKIMMING,inspect_unattended_kiosk,UNDER_INVESTIGATION,COURT_MUMBAI_MAGISTRATE,2026-04-29T16:12:21,2026-04-29T16:12:21,2026-04-29T16:12:21,19.269249,72.87516,Incident reported at Lower Parel Business Park Sector-110 under MO ATM/Card Skimming Racket.,CCTNS_MUMBAI,CCTNS_000458,v1.0,True
459,CR/0459/2025,CASE_2025_0459,2026-04-29T22:55:44,POL_911,PS_BORIVALI,CAT_CRIMINAL,HEINOUS,CHAIN_SNATCHING,survey_pedestrian_victim,UNDER_INVESTIGATION,COURT_MUMBAI_MAGISTRATE,2026-04-29T22:55:44,2026-04-29T22:55:44,2026-04-29T22:55:44,19.250892,72.773928,Incident reported at Worli Sea Face Sector-189 under MO Two-Wheeler Chain Snatching.,CCTNS_MUMBAI,CCTNS_000459,v1.0,True
460,CR/0460/2025,CASE_2025_0460,2026-04-30T13:44:39,POL_279,PS_DHARAVI,CAT_CRIMINAL,SERIOUS,CYBER_FRAUD_CALL_CENTER,spoof_official_bank_helpline,UNDER_INVESTIGATION,COURT_MUMBAI_MAGISTRATE,2026-04-30T13:44:39,2026-04-30T13:44:39,2026-04-30T13:44:39,19.070731,72.892542,Incident reported at Sion Circle Sector-99 under MO Cyber Fraud Call Center.,CCTNS_MUMBAI,CCTNS_000460,v1.0,True
461,CR/0461/2025,CASE_2025_0461,2026-05-02T02:42:24,POL_991,PS_BANDRA,CAT_CRIMINAL,HEINOUS,EXTORTION_RACKET,identify_prominent_local_trader,UNDER_INVESTIGATION,COURT_MUMBAI_MAGISTRATE,2026-05-02T02:42:24,2026-05-02T02:42:24,2026-05-02T02:42:24,19.020884,72.880192,Incident reported at Colaba Causeway Sector-182 under MO Commercial Extortion Racket.,CCTNS_MUMBAI,CCTNS_000461,v1.0,True
462,CR/0462/2025,CASE_2025_0462,2026-05-02T23:33:10,POL_799,PS_WORLI,CAT_CRIMINAL,SERIOUS,NARCOTICS_COURIER_NETWORK,procure_contraband_consignment,UNDER_INVESTIGATION,COURT_MUMBAI_MAGISTRATE,2026-05-02T23:33:10,2026-05-02T23:33:10,2026-05-02T23:33:10,19.180672,72.980097,Incident reported at Crawford Market Sector-123 under MO Narcotics Courier Network.,CCTNS_MUMBAI,CCTNS_000462,v1.0,True
463,CR/0463/2025,CASE_2025_0463,2026-05-04T13:12:56,POL_697,PS_KURLA,CAT_CRIMINAL,HEINOUS,VEHICLE_THEFT_RING,observe_target_vehicle,UNDER_INVESTIGATION,COURT_MUMBAI_MAGISTRATE,2026-05-04T13:12:56,2026-05-04T13:12:56,2026-05-04T13:12:56,19.163233,72.906462,Incident reported at Lower Parel Business Park Sector-230 under MO Vehicle Theft Ring.,CCTNS_MUMBAI,CCTNS_000463,v1.0,True
464,CR/0464/2025,CASE_2025_0464,2026-05-05T02:15:09,POL_572,PS_DHARAVI,CAT_CRIMINAL,SERIOUS,ATM_CARD_SKIMMING,inspect_unattended_kiosk,UNDER_INVESTIGATION,COURT_MUMBAI_MAGISTRATE,2026-05-05T02:15:09,2026-05-05T02:15:09,2026-05-05T02:15:09,19.105496,72.939654,Incident reported at Dharavi Commercial Complex Sector-121 under MO ATM/Card Skimming Racket.,CCTNS_MUMBAI,CCTNS_000464,v1.0,True
465,CR/0465/2025,CASE_2025_0465,2026-05-06T14:29:58,POL_570,PS_BYCULLA,CAT_CRIMINAL,HEINOUS,CHAIN_SNATCHING,survey_pedestrian_victim,UNDER_INVESTIGATION,COURT_MUMBAI_MAGISTRATE,2026-05-06T14:29:58,2026-05-06T14:29:58,2026-05-06T14:29:58,18.928921,72.826461,Incident reported at Crawford Market Sector-243 under MO Two-Wheeler Chain Snatching.,CCTNS_MUMBAI,CCTNS_000465,v1.0,True
466,CR/0466/2025,CASE_2025_0466,2026-05-06T14:45:38,POL_109,PS_ANDHERI,CAT_CRIMINAL,SERIOUS,CYBER_FRAUD_CALL_CENTER,spoof_official_bank_helpline,UNDER_INVESTIGATION,COURT_MUMBAI_MAGISTRATE,2026-05-06T14:45:38,2026-05-06T14:45:38,2026-05-06T14:45:38,19.090905,72.774701,Incident reported at Kurla West Terminus Sector-246 under MO Cyber Fraud Call Center.,CCTNS_MUMBAI,CCTNS_000466,v1.0,True
467,CR/0467/2025,CASE_2025_0467,2026-05-08T09:59:52,POL_793,PS_GHATKOPAR,CAT_CRIMINAL,HEINOUS,EXTORTION_RACKET,identify_prominent_local_trader,UNDER_INVESTIGATION,COURT_MUMBAI_MAGISTRATE,2026-05-08T09:59:52,2026-05-08T09:59:52,2026-05-08T09:59:52,19.126587,72.771825,Incident reported at Kurla West Terminus Sector-6 under MO Commercial Extortion Racket.,CCTNS_MUMBAI,CCTNS_000467,v1.0,True
468,CR/0468/2025,CASE_2025_0468,2026-05-09T12:19:35,POL_175,PS_MALAD,CAT_CRIMINAL,SERIOUS,NARCOTICS_COURIER_NETWORK,procure_contraband_consignment,UNDER_INVESTIGATION,COURT_MUMBAI_MAGISTRATE,2026-05-09T12:19:35,2026-05-09T12:19:35,2026-05-09T12:19:35,19.01349,72.836518,Incident reported at Byculla Market Sector-75 under MO Narcotics Courier Network.,CCTNS_MUMBAI,CCTNS_000468,v1.0,True
469,CR/0469/2025,CASE_2025_0469,2026-05-09T13:25:51,POL_701,PS_GHATKOPAR,CAT_CRIMINAL,HEINOUS,VEHICLE_THEFT_RING,observe_target_vehicle,UNDER_INVESTIGATION,COURT_MUMBAI_MAGISTRATE,2026-05-09T13:25:51,2026-05-09T13:25:51,2026-05-09T13:25:51,19.209002,72.984237,Incident reported at Chembur Colony Sector-112 under MO Vehicle Theft Ring.,CCTNS_MUMBAI,CCTNS_000469,v1.0,True
470,CR/0470/2025,CASE_2025_0470,2026-05-09T15:52:05,POL_534,PS_ANDHERI,CAT_CRIMINAL,SERIOUS,ATM_CARD_SKIMMING,inspect_unattended_kiosk,UNDER_INVESTIGATION,COURT_MUMBAI_MAGISTRATE,2026-05-09T15:52:05,2026-05-09T15:52:05,2026-05-09T15:52:05,19.163233,72.906462,Incident reported at Lower Parel Business Park Sector-230 under MO ATM/Card Skimming Racket.,CCTNS_MUMBAI,CCTNS_000470,v1.0,True
471,CR/0471/2025,CASE_2025_0471,2026-05-11T20:05:40,POL_567,PS_CHEMBUR,CAT_CRIMINAL,HEINOUS,CHAIN_SNATCHING,survey_pedestrian_victim,UNDER_INVESTIGATION,COURT_MUMBAI_MAGISTRATE,2026-05-11T20:05:40,2026-05-11T20:05:40,2026-05-11T20:05:40,18.994127,72.817238,Incident reported at Malad Link Road Sector-13 under MO Two-Wheeler Chain Snatching.,CCTNS_MUMBAI,CCTNS_000471,v1.0,True
472,CR/0472/2025,CASE_2025_0472,2026-05-11T22:05:16,POL_493,PS_ANDHERI,CAT_CRIMINAL,SERIOUS,CYBER_FRAUD_CALL_CENTER,spoof_official_bank_helpline,UNDER_INVESTIGATION,COURT_MUMBAI_MAGISTRATE,2026-05-11T22:05:16,2026-05-11T22:05:16,2026-05-11T22:05:16,18.966455,72.800343,Incident reported at Navi Mumbai Vashi Sector 17 Sector-178 under MO Cyber Fraud Call Center.,CCTNS_MUMBAI,CCTNS_000472,v1.0,True
473,CR/0473/2025,CASE_2025_0473,2026-05-13T12:14:17,POL_342,PS_GHATKOPAR,CAT_CRIMINAL,HEINOUS,EXTORTION_RACKET,identify_prominent_local_trader,UNDER_INVESTIGATION,COURT_MUMBAI_MAGISTRATE,2026-05-13T12:14:17,2026-05-13T12:14:17,2026-05-13T12:14:17,19.20586,72.777159,Incident reported at Colaba Causeway Sector-82 under MO Commercial Extortion Racket.,CCTNS_MUMBAI,CCTNS_000473,v1.0,True
474,CR/0474/2025,CASE_2025_0474,2026-05-17T12:30:56,POL_467,PS_WORLI,CAT_CRIMINAL,SERIOUS,NARCOTICS_COURIER_NETWORK,procure_contraband_consignment,UNDER_INVESTIGATION,COURT_MUMBAI_MAGISTRATE,2026-05-17T12:30:56,2026-05-17T12:30:56,2026-05-17T12:30:56,19.112386,72.851242,Incident reported at Worli Sea Face Sector-89 under MO Narcotics Courier Network.,CCTNS_MUMBAI,CCTNS_000474,v1.0,True
475,CR/0475/2025,CASE_2025_0475,2026-05-18T01:29:36,POL_816,PS_BORIVALI,CAT_CRIMINAL,HEINOUS,VEHICLE_THEFT_RING,observe_target_vehicle,UNDER_INVESTIGATION,COURT_MUMBAI_MAGISTRATE,2026-05-18T01:29:36,2026-05-18T01:29:36,2026-05-18T01:29:36,19.057589,72.904763,Incident reported at Bandra Kurla Complex Sector-104 under MO Vehicle Theft Ring.,CCTNS_MUMBAI,CCTNS_000475,v1.0,True
476,CR/0476/2025,CASE_2025_0476,2026-05-18T04:43:29,POL_949,PS_ANDHERI,CAT_CRIMINAL,SERIOUS,ATM_CARD_SKIMMING,inspect_unattended_kiosk,UNDER_INVESTIGATION,COURT_MUMBAI_MAGISTRATE,2026-05-18T04:43:29,2026-05-18T04:43:29,2026-05-18T04:43:29,19.20109,72.869676,Incident reported at Lower Parel Business Park Sector-250 under MO ATM/Card Skimming Racket.,CCTNS_MUMBAI,CCTNS_000476,v1.0,True
477,CR/0477/2025,CASE_2025_0477,2026-05-18T09:04:22,POL_381,PS_BYCULLA,CAT_CRIMINAL,HEINOUS,CHAIN_SNATCHING,survey_pedestrian_victim,UNDER_INVESTIGATION,COURT_MUMBAI_MAGISTRATE,2026-05-18T09:04:22,2026-05-18T09:04:22,2026-05-18T09:04:22,19.047464,72.869305,Incident reported at Juhu Tara Road Sector-87 under MO Two-Wheeler Chain Snatching.,CCTNS_MUMBAI,CCTNS_000477,v1.0,True
478,CR/0478/2025,CASE_2025_0478,2026-05-20T20:26:24,POL_985,PS_COLABA,CAT_CRIMINAL,SERIOUS,CYBER_FRAUD_CALL_CENTER,spoof_official_bank_helpline,UNDER_INVESTIGATION,COURT_MUMBAI_MAGISTRATE,2026-05-20T20:26:24,2026-05-20T20:26:24,2026-05-20T20:26:24,19.042919,72.823547,Incident reported at Juhu Tara Road Sector-7 under MO Cyber Fraud Call Center.,CCTNS_MUMBAI,CCTNS_000478,v1.0,True
479,CR/0479/2025,CASE_2025_0479,2026-05-21T16:06:03,POL_150,PS_BYCULLA,CAT_CRIMINAL,HEINOUS,EXTORTION_RACKET,identify_prominent_local_trader,UNDER_INVESTIGATION,COURT_MUMBAI_MAGISTRATE,2026-05-21T16:06:03,2026-05-21T16:06:03,2026-05-21T16:06:03,18.996264,72.787969,Incident reported at Lower Parel Business Park Sector-150 under MO Commercial Extortion Racket.,CCTNS_MUMBAI,CCTNS_000479,v1.0,True
480,CR/0480/2025,CASE_2025_0480,2026-05-22T11:13:45,POL_608,PS_BORIVALI,CAT_CRIMINAL,SERIOUS,NARCOTICS_COURIER_NETWORK,procure_contraband_consignment,UNDER_INVESTIGATION,COURT_MUMBAI_MAGISTRATE,2026-05-22T11:13:45,2026-05-22T11:13:45,2026-05-22T11:13:45,18.884991,72.949456,Incident reported at Dharavi Commercial Complex Sector-101 under MO Narcotics Courier Network.,CCTNS_MUMBAI,CCTNS_000480,v1.0,True
481,CR/0481/2025,CASE_2025_0481,2026-05-25T08:44:59,POL_721,PS_ANDHERI,CAT_CRIMINAL,HEINOUS,VEHICLE_THEFT_RING,observe_target_vehicle,UNDER_INVESTIGATION,COURT_MUMBAI_MAGISTRATE,2026-05-25T08:44:59,2026-05-25T08:44:59,2026-05-25T08:44:59,18.976999,72.948677,Incident reported at Byculla Market Sector-95 under MO Vehicle Theft Ring.,CCTNS_MUMBAI,CCTNS_000481,v1.0,True
482,CR/0482/2025,CASE_2025_0482,2026-05-25T13:10:53,POL_751,PS_JUHU,CAT_CRIMINAL,SERIOUS,ATM_CARD_SKIMMING,inspect_unattended_kiosk,UNDER_INVESTIGATION,COURT_MUMBAI_MAGISTRATE,2026-05-25T13:10:53,2026-05-25T13:10:53,2026-05-25T13:10:53,19.202376,72.774915,Incident reported at Juhu Tara Road Sector-187 under MO ATM/Card Skimming Racket.,CCTNS_MUMBAI,CCTNS_000482,v1.0,True
483,CR/0483/2025,CASE_2025_0483,2026-05-26T11:13:12,POL_356,PS_KURLA,CAT_CRIMINAL,HEINOUS,CHAIN_SNATCHING,survey_pedestrian_victim,UNDER_INVESTIGATION,COURT_MUMBAI_MAGISTRATE,2026-05-26T11:13:12,2026-05-26T11:13:12,2026-05-26T11:13:12,19.007113,72.826829,Incident reported at Worli Sea Face Sector-249 under MO Two-Wheeler Chain Snatching.,CCTNS_MUMBAI,CCTNS_000483,v1.0,True
484,CR/0484/2025,CASE_2025_0484,2026-05-26T14:47:07,POL_885,PS_BYCULLA,CAT_CRIMINAL,SERIOUS,CYBER_FRAUD_CALL_CENTER,spoof_official_bank_helpline,UNDER_INVESTIGATION,COURT_MUMBAI_MAGISTRATE,2026-05-26T14:47:07,2026-05-26T14:47:07,2026-05-26T14:47:07,19.063756,72.945744,Incident reported at Borivali West Station Area Sector-54 under MO Cyber Fraud Call Center.,CCTNS_MUMBAI,CCTNS_000484,v1.0,True
485,CR/0485/2025,CASE_2025_0485,2026-05-27T21:34:16,POL_958,PS_BYCULLA,CAT_CRIMINAL,HEINOUS,EXTORTION_RACKET,identify_prominent_local_trader,UNDER_INVESTIGATION,COURT_MUMBAI_MAGISTRATE,2026-05-27T21:34:16,2026-05-27T21:34:16,2026-05-27T21:34:16,19.053389,72.857078,Incident reported at Byculla Market Sector-235 under MO Commercial Extortion Racket.,CCTNS_MUMBAI,CCTNS_000485,v1.0,True
486,CR/0486/2025,CASE_2025_0486,2026-05-28T02:44:40,POL_199,PS_DHARAVI,CAT_CRIMINAL,SERIOUS,NARCOTICS_COURIER_NETWORK,procure_contraband_consignment,UNDER_INVESTIGATION,COURT_MUMBAI_MAGISTRATE,2026-05-28T02:44:40,2026-05-28T02:44:40,2026-05-28T02:44:40,19.135355,72.889045,Incident reported at Borivali West Station Area Sector-214 under MO Narcotics Courier Network.,CCTNS_MUMBAI,CCTNS_000486,v1.0,True
487,CR/0487/2025,CASE_2025_0487,2026-05-28T12:07:22,POL_140,PS_BYCULLA,CAT_CRIMINAL,HEINOUS,VEHICLE_THEFT_RING,observe_target_vehicle,UNDER_INVESTIGATION,COURT_MUMBAI_MAGISTRATE,2026-05-28T12:07:22,2026-05-28T12:07:22,2026-05-28T12:07:22,19.050558,72.859206,Incident reported at Navi Mumbai Vashi Sector 17 Sector-58 under MO Vehicle Theft Ring.,CCTNS_MUMBAI,CCTNS_000487,v1.0,True
488,CR/0488/2025,CASE_2025_0488,2026-05-30T09:01:52,POL_134,PS_ANDHERI,CAT_CRIMINAL,SERIOUS,ATM_CARD_SKIMMING,inspect_unattended_kiosk,UNDER_INVESTIGATION,COURT_MUMBAI_MAGISTRATE,2026-05-30T09:01:52,2026-05-30T09:01:52,2026-05-30T09:01:52,19.038556,72.851669,Incident reported at Juhu Tara Road Sector-107 under MO ATM/Card Skimming Racket.,CCTNS_MUMBAI,CCTNS_000488,v1.0,True
489,CR/0489/2025,CASE_2025_0489,2026-05-30T19:44:18,POL_849,PS_BORIVALI,CAT_CRIMINAL,HEINOUS,CHAIN_SNATCHING,survey_pedestrian_victim,UNDER_INVESTIGATION,COURT_MUMBAI_MAGISTRATE,2026-05-30T19:44:18,2026-05-30T19:44:18,2026-05-30T19:44:18,19.27616,72.972984,Incident reported at Andheri East MIDC Sector-5 under MO Two-Wheeler Chain Snatching.,CCTNS_MUMBAI,CCTNS_000489,v1.0,True
490,CR/0490/2025,CASE_2025_0490,2026-05-31T08:58:31,POL_402,PS_DHARAVI,CAT_CRIMINAL,SERIOUS,CYBER_FRAUD_CALL_CENTER,spoof_official_bank_helpline,UNDER_INVESTIGATION,COURT_MUMBAI_MAGISTRATE,2026-05-31T08:58:31,2026-05-31T08:58:31,2026-05-31T08:58:31,19.139458,72.901844,Incident reported at Colaba Causeway Sector-42 under MO Cyber Fraud Call Center.,CCTNS_MUMBAI,CCTNS_000490,v1.0,True
491,CR/0491/2025,CASE_2025_0491,2026-06-01T13:12:06,POL_525,PS_JUHU,CAT_CRIMINAL,HEINOUS,EXTORTION_RACKET,identify_prominent_local_trader,UNDER_INVESTIGATION,COURT_MUMBAI_MAGISTRATE,2026-06-01T13:12:06,2026-06-01T13:12:06,2026-06-01T13:12:06,19.024343,72.953839,Incident reported at Malad Link Road Sector-93 under MO Commercial Extortion Racket.,CCTNS_MUMBAI,CCTNS_000491,v1.0,True
492,CR/0492/2025,CASE_2025_0492,2026-06-01T20:26:03,POL_235,PS_DHARAVI,CAT_CRIMINAL,SERIOUS,NARCOTICS_COURIER_NETWORK,procure_contraband_consignment,UNDER_INVESTIGATION,COURT_MUMBAI_MAGISTRATE,2026-06-01T20:26:03,2026-06-01T20:26:03,2026-06-01T20:26:03,19.268642,72.878973,Incident reported at Juhu Tara Road Sector-47 under MO Narcotics Courier Network.,CCTNS_MUMBAI,CCTNS_000492,v1.0,True
493,CR/0493/2025,CASE_2025_0493,2026-06-02T01:25:00,POL_643,PS_MALAD,CAT_CRIMINAL,HEINOUS,VEHICLE_THEFT_RING,observe_target_vehicle,UNDER_INVESTIGATION,COURT_MUMBAI_MAGISTRATE,2026-06-02T01:25:00,2026-06-02T01:25:00,2026-06-02T01:25:00,18.880484,72.803835,Incident reported at Lower Parel Business Park Sector-70 under MO Vehicle Theft Ring.,CCTNS_MUMBAI,CCTNS_000493,v1.0,True
494,CR/0494/2025,CASE_2025_0494,2026-06-03T01:42:55,POL_950,PS_MALAD,CAT_CRIMINAL,SERIOUS,ATM_CARD_SKIMMING,inspect_unattended_kiosk,UNDER_INVESTIGATION,COURT_MUMBAI_MAGISTRATE,2026-06-03T01:42:55,2026-06-03T01:42:55,2026-06-03T01:42:55,19.058992,72.781487,Incident reported at Malad Link Road Sector-133 under MO ATM/Card Skimming Racket.,CCTNS_MUMBAI,CCTNS_000494,v1.0,True
495,CR/0495/2025,CASE_2025_0495,2026-06-03T14:35:38,POL_944,PS_DHARAVI,CAT_CRIMINAL,HEINOUS,CHAIN_SNATCHING,survey_pedestrian_victim,UNDER_INVESTIGATION,COURT_MUMBAI_MAGISTRATE,2026-06-03T14:35:38,2026-06-03T14:35:38,2026-06-03T14:35:38,19.154947,72.795084,Incident reported at Thane Station West Sector-57 under MO Two-Wheeler Chain Snatching.,CCTNS_MUMBAI,CCTNS_000495,v1.0,True
496,CR/0496/2025,CASE_2025_0496,2026-06-04T00:57:22,POL_864,PS_GHATKOPAR,CAT_CRIMINAL,SERIOUS,CYBER_FRAUD_CALL_CENTER,spoof_official_bank_helpline,UNDER_INVESTIGATION,COURT_MUMBAI_MAGISTRATE,2026-06-04T00:57:22,2026-06-04T00:57:22,2026-06-04T00:57:22,19.118844,72.931565,Incident reported at Navi Mumbai Vashi Sector 17 Sector-118 under MO Cyber Fraud Call Center.,CCTNS_MUMBAI,CCTNS_000496,v1.0,True
497,CR/0497/2025,CASE_2025_0497,2026-06-04T11:37:07,POL_579,PS_JUHU,CAT_CRIMINAL,HEINOUS,EXTORTION_RACKET,identify_prominent_local_trader,UNDER_INVESTIGATION,COURT_MUMBAI_MAGISTRATE,2026-06-04T11:37:07,2026-06-04T11:37:07,2026-06-04T11:37:07,19.062176,72.919861,Incident reported at Sewri Timber Market Sector-36 under MO Commercial Extortion Racket.,CCTNS_MUMBAI,CCTNS_000497,v1.0,True
498,CR/0498/2025,CASE_2025_0498,2026-06-04T16:27:25,POL_872,PS_BANDRA,CAT_CRIMINAL,SERIOUS,NARCOTICS_COURIER_NETWORK,procure_contraband_consignment,UNDER_INVESTIGATION,COURT_MUMBAI_MAGISTRATE,2026-06-04T16:27:25,2026-06-04T16:27:25,2026-06-04T16:27:25,18.964748,72.936451,Incident reported at Ghatkopar Central Mall Sector-191 under MO Narcotics Courier Network.,CCTNS_MUMBAI,CCTNS_000498,v1.0,True
499,CR/0499/2025,CASE_2025_0499,2026-06-04T22:45:59,POL_841,PS_KURLA,CAT_CRIMINAL,HEINOUS,VEHICLE_THEFT_RING,observe_target_vehicle,UNDER_INVESTIGATION,COURT_MUMBAI_MAGISTRATE,2026-06-04T22:45:59,2026-06-04T22:45:59,2026-06-04T22:45:59,19.267332,72.96217,Incident reported at Dharavi Commercial Complex Sector-21 under MO Vehicle Theft Ring.,CCTNS_MUMBAI,CCTNS_000499,v1.0,True
500,CR/0500/2025,CASE_2025_0500,2026-06-08T05:13:38,POL_966,PS_BYCULLA,CAT_CRIMINAL,SERIOUS,ATM_CARD_SKIMMING,inspect_unattended_kiosk,UNDER_INVESTIGATION,COURT_MUMBAI_MAGISTRATE,2026-06-08T05:13:38,2026-06-08T05:13:38,2026-06-08T05:13:38,18.972388,72.920406,Incident reported at Bandra Kurla Complex Sector-204 under MO ATM/Card Skimming Racket.,CCTNS_MUMBAI,CCTNS_000500,v1.0,True
501,CR/0501/2025,CASE_2025_0501,2026-06-08T05:22:22,POL_192,PS_MALAD,CAT_CRIMINAL,HEINOUS,CHAIN_SNATCHING,survey_pedestrian_victim,UNDER_INVESTIGATION,COURT_MUMBAI_MAGISTRATE,2026-06-08T05:22:22,2026-06-08T05:22:22,2026-06-08T05:22:22,19.009493,72.986728,Incident reported at Ghatkopar Central Mall Sector-171 under MO Two-Wheeler Chain Snatching.,CCTNS_MUMBAI,CCTNS_000501,v1.0,True
502,CR/0502/2025,CASE_2025_0502,2026-06-08T07:49:59,POL_370,PS_WORLI,CAT_CRIMINAL,SERIOUS,CYBER_FRAUD_CALL_CENTER,spoof_official_bank_helpline,UNDER_INVESTIGATION,COURT_MUMBAI_MAGISTRATE,2026-06-08T07:49:59,2026-06-08T07:49:59,2026-06-08T07:49:59,19.161237,72.806446,Incident reported at Lower Parel Business Park Sector-90 under MO Cyber Fraud Call Center.,CCTNS_MUMBAI,CCTNS_000502,v1.0,True
503,CR/0503/2025,CASE_2025_0503,2026-06-09T01:50:58,POL_565,PS_MALAD,CAT_CRIMINAL,HEINOUS,EXTORTION_RACKET,identify_prominent_local_trader,UNDER_INVESTIGATION,COURT_MUMBAI_MAGISTRATE,2026-06-09T01:50:58,2026-06-09T01:50:58,2026-06-09T01:50:58,18.976732,72.983638,Incident reported at Tardeo Road Sector-200 under MO Commercial Extortion Racket.,CCTNS_MUMBAI,CCTNS_000503,v1.0,True
504,CR/0504/2025,CASE_2025_0504,2026-06-09T15:07:39,POL_866,PS_JUHU,CAT_CRIMINAL,SERIOUS,NARCOTICS_COURIER_NETWORK,procure_contraband_consignment,UNDER_INVESTIGATION,COURT_MUMBAI_MAGISTRATE,2026-06-09T15:07:39,2026-06-09T15:07:39,2026-06-09T15:07:39,18.888419,72.7891,Incident reported at Sewri Timber Market Sector-56 under MO Narcotics Courier Network.,CCTNS_MUMBAI,CCTNS_000504,v1.0,True
505,CR/0505/2025,CASE_2025_0505,2026-06-10T18:06:31,POL_698,PS_BYCULLA,CAT_CRIMINAL,HEINOUS,VEHICLE_THEFT_RING,observe_target_vehicle,UNDER_INVESTIGATION,COURT_MUMBAI_MAGISTRATE,2026-06-10T18:06:31,2026-06-10T18:06:31,2026-06-10T18:06:31,19.237965,72.857636,Incident reported at Kurla West Terminus Sector-26 under MO Vehicle Theft Ring.,CCTNS_MUMBAI,CCTNS_000505,v1.0,True
506,CR/0506/2025,CASE_2025_0506,2026-06-12T01:57:18,POL_480,PS_WORLI,CAT_CRIMINAL,SERIOUS,ATM_CARD_SKIMMING,inspect_unattended_kiosk,UNDER_INVESTIGATION,COURT_MUMBAI_MAGISTRATE,2026-06-12T01:57:18,2026-06-12T01:57:18,2026-06-12T01:57:18,19.206624,72.862425,Incident reported at Malad Link Road Sector-113 under MO ATM/Card Skimming Racket.,CCTNS_MUMBAI,CCTNS_000506,v1.0,True
507,CR/0507/2025,CASE_2025_0507,2026-06-12T02:12:03,POL_339,PS_BANDRA,CAT_CRIMINAL,HEINOUS,CHAIN_SNATCHING,survey_pedestrian_victim,UNDER_INVESTIGATION,COURT_MUMBAI_MAGISTRATE,2026-06-12T02:12:03,2026-06-12T02:12:03,2026-06-12T02:12:03,18.924507,72.7644,Incident reported at Andheri East MIDC Sector-105 under MO Two-Wheeler Chain Snatching.,CCTNS_MUMBAI,CCTNS_000507,v1.0,True
508,CR/0508/2025,CASE_2025_0508,2026-06-12T20:08:07,POL_734,PS_GHATKOPAR,CAT_CRIMINAL,SERIOUS,CYBER_FRAUD_CALL_CENTER,spoof_official_bank_helpline,UNDER_INVESTIGATION,COURT_MUMBAI_MAGISTRATE,2026-06-12T20:08:07,2026-06-12T20:08:07,2026-06-12T20:08:07,19.187014,72.834626,Incident reported at Bandra Kurla Complex Sector-84 under MO Cyber Fraud Call Center.,CCTNS_MUMBAI,CCTNS_000508,v1.0,True
509,CR/0509/2025,CASE_2025_0509,2026-06-12T23:25:20,POL_724,PS_MALAD,CAT_CRIMINAL,HEINOUS,EXTORTION_RACKET,identify_prominent_local_trader,UNDER_INVESTIGATION,COURT_MUMBAI_MAGISTRATE,2026-06-12T23:25:20,2026-06-12T23:25:20,2026-06-12T23:25:20,19.074607,72.900164,Incident reported at Sion Circle Sector-219 under MO Commercial Extortion Racket.,CCTNS_MUMBAI,CCTNS_000509,v1.0,True
510,CR/0510/2025,CASE_2025_0510,2026-06-14T05:54:01,POL_164,PS_KURLA,CAT_CRIMINAL,SERIOUS,NARCOTICS_COURIER_NETWORK,procure_contraband_consignment,UNDER_INVESTIGATION,COURT_MUMBAI_MAGISTRATE,2026-06-14T05:54:01,2026-06-14T05:54:01,2026-06-14T05:54:01,19.225721,72.777266,Incident reported at Malad Link Road Sector-173 under MO Narcotics Courier Network.,CCTNS_MUMBAI,CCTNS_000510,v1.0,True
511,CR/0511/2025,CASE_2025_0511,2026-06-16T15:56:17,POL_817,PS_BYCULLA,CAT_CRIMINAL,HEINOUS,VEHICLE_THEFT_RING,observe_target_vehicle,UNDER_INVESTIGATION,COURT_MUMBAI_MAGISTRATE,2026-06-16T15:56:17,2026-06-16T15:56:17,2026-06-16T15:56:17,19.186167,72.862744,Incident reported at Colaba Causeway Sector-102 under MO Vehicle Theft Ring.,CCTNS_MUMBAI,CCTNS_000511,v1.0,True
512,CR/0512/2025,CASE_2025_0512,2026-06-16T16:58:00,POL_518,PS_ANDHERI,CAT_CRIMINAL,SERIOUS,ATM_CARD_SKIMMING,inspect_unattended_kiosk,UNDER_INVESTIGATION,COURT_MUMBAI_MAGISTRATE,2026-06-16T16:58:00,2026-06-16T16:58:00,2026-06-16T16:58:00,19.20109,72.869676,Incident reported at Lower Parel Business Park Sector-250 under MO ATM/Card Skimming Racket.,CCTNS_MUMBAI,CCTNS_000512,v1.0,True
513,CR/0513/2025,CASE_2025_0513,2026-06-17T16:59:46,POL_146,PS_BANDRA,CAT_CRIMINAL,HEINOUS,CHAIN_SNATCHING,survey_pedestrian_victim,UNDER_INVESTIGATION,COURT_MUMBAI_MAGISTRATE,2026-06-17T16:59:46,2026-06-17T16:59:46,2026-06-17T16:59:46,19.133643,72.918502,Incident reported at Kurla West Terminus Sector-186 under MO Two-Wheeler Chain Snatching.,CCTNS_MUMBAI,CCTNS_000513,v1.0,True
514,CR/0514/2025,CASE_2025_0514,2026-06-18T19:10:13,POL_604,PS_COLABA,CAT_CRIMINAL,SERIOUS,CYBER_FRAUD_CALL_CENTER,spoof_official_bank_helpline,UNDER_INVESTIGATION,COURT_MUMBAI_MAGISTRATE,2026-06-18T19:10:13,2026-06-18T19:10:13,2026-06-18T19:10:13,18.965509,72.886193,Incident reported at Bandra Kurla Complex Sector-244 under MO Cyber Fraud Call Center.,CCTNS_MUMBAI,CCTNS_000514,v1.0,True
515,CR/0515/2025,CASE_2025_0515,2026-06-19T05:12:38,POL_340,PS_BANDRA,CAT_CRIMINAL,HEINOUS,EXTORTION_RACKET,identify_prominent_local_trader,UNDER_INVESTIGATION,COURT_MUMBAI_MAGISTRATE,2026-06-19T05:12:38,2026-06-19T05:12:38,2026-06-19T05:12:38,18.960929,72.865302,Incident reported at Andheri East MIDC Sector-65 under MO Commercial Extortion Racket.,CCTNS_MUMBAI,CCTNS_000515,v1.0,True
516,CR/0516/2025,CASE_2025_0516,2026-06-19T08:49:35,POL_497,PS_MALAD,CAT_CRIMINAL,SERIOUS,NARCOTICS_COURIER_NETWORK,procure_contraband_consignment,UNDER_INVESTIGATION,COURT_MUMBAI_MAGISTRATE,2026-06-19T08:49:35,2026-06-19T08:49:35,2026-06-19T08:49:35,19.143703,72.815992,Incident reported at Malad Link Road Sector-213 under MO Narcotics Courier Network.,CCTNS_MUMBAI,CCTNS_000516,v1.0,True
517,CR/0517/2025,CASE_2025_0517,2026-06-19T22:55:02,POL_786,PS_GHATKOPAR,CAT_CRIMINAL,HEINOUS,VEHICLE_THEFT_RING,observe_target_vehicle,UNDER_INVESTIGATION,COURT_MUMBAI_MAGISTRATE,2026-06-19T22:55:02,2026-06-19T22:55:02,2026-06-19T22:55:02,19.271424,72.801221,Incident reported at Tardeo Road Sector-160 under MO Vehicle Theft Ring.,CCTNS_MUMBAI,CCTNS_000517,v1.0,True
518,CR/0518/2025,CASE_2025_0518,2026-06-20T01:34:43,POL_653,PS_CHEMBUR,CAT_CRIMINAL,SERIOUS,ATM_CARD_SKIMMING,inspect_unattended_kiosk,UNDER_INVESTIGATION,COURT_MUMBAI_MAGISTRATE,2026-06-20T01:34:43,2026-06-20T01:34:43,2026-06-20T01:34:43,19.209002,72.984237,Incident reported at Chembur Colony Sector-112 under MO ATM/Card Skimming Racket.,CCTNS_MUMBAI,CCTNS_000518,v1.0,True
519,CR/0519/2025,CASE_2025_0519,2026-06-21T12:17:25,POL_860,PS_WORLI,CAT_CRIMINAL,HEINOUS,CHAIN_SNATCHING,survey_pedestrian_victim,UNDER_INVESTIGATION,COURT_MUMBAI_MAGISTRATE,2026-06-21T12:17:25,2026-06-21T12:17:25,2026-06-21T12:17:25,18.880214,72.908503,Incident reported at Chembur Colony Sector-12 under MO Two-Wheeler Chain Snatching.,CCTNS_MUMBAI,CCTNS_000519,v1.0,True
520,CR/0520/2025,CASE_2025_0520,2026-06-21T19:51:49,POL_524,PS_CHEMBUR,CAT_CRIMINAL,SERIOUS,CYBER_FRAUD_CALL_CENTER,spoof_official_bank_helpline,UNDER_INVESTIGATION,COURT_MUMBAI_MAGISTRATE,2026-06-21T19:51:49,2026-06-21T19:51:49,2026-06-21T19:51:49,18.920401,72.943799,Incident reported at Kurla West Terminus Sector-126 under MO Cyber Fraud Call Center.,CCTNS_MUMBAI,CCTNS_000520,v1.0,True
521,CR/0521/2025,CASE_2025_0521,2026-06-25T20:31:29,POL_953,PS_BYCULLA,CAT_CRIMINAL,HEINOUS,EXTORTION_RACKET,identify_prominent_local_trader,UNDER_INVESTIGATION,COURT_MUMBAI_MAGISTRATE,2026-06-25T20:31:29,2026-06-25T20:31:29,2026-06-25T20:31:29,19.114748,72.820434,Incident reported at Sion Circle Sector-239 under MO Commercial Extortion Racket.,CCTNS_MUMBAI,CCTNS_000521,v1.0,True
522,CR/0522/2025,CASE_2025_0522,2026-06-26T06:10:41,POL_517,PS_GHATKOPAR,CAT_CRIMINAL,SERIOUS,NARCOTICS_COURIER_NETWORK,procure_contraband_consignment,UNDER_INVESTIGATION,COURT_MUMBAI_MAGISTRATE,2026-06-26T06:10:41,2026-06-26T06:10:41,2026-06-26T06:10:41,19.019575,72.862437,Incident reported at Chembur Colony Sector-152 under MO Narcotics Courier Network.,CCTNS_MUMBAI,CCTNS_000522,v1.0,True
523,CR/0523/2025,CASE_2025_0523,2026-06-27T19:46:16,POL_806,PS_ANDHERI,CAT_CRIMINAL,HEINOUS,VEHICLE_THEFT_RING,observe_target_vehicle,UNDER_INVESTIGATION,COURT_MUMBAI_MAGISTRATE,2026-06-27T19:46:16,2026-06-27T19:46:16,2026-06-27T19:46:16,18.911123,72.910311,Incident reported at Lower Parel Business Park Sector-170 under MO Vehicle Theft Ring.,CCTNS_MUMBAI,CCTNS_000523,v1.0,True
524,CR/0524/2025,CASE_2025_0524,2026-06-30T16:08:58,POL_554,PS_JUHU,CAT_CRIMINAL,SERIOUS,ATM_CARD_SKIMMING,inspect_unattended_kiosk,UNDER_INVESTIGATION,COURT_MUMBAI_MAGISTRATE,2026-06-30T16:08:58,2026-06-30T16:08:58,2026-06-30T16:08:58,19.246494,72.908816,Incident reported at Sion Circle Sector-79 under MO ATM/Card Skimming Racket.,CCTNS_MUMBAI,CCTNS_000524,v1.0,True
525,CR/0525/2025,CASE_2025_0525,2026-07-04T10:29:22,POL_975,PS_GHATKOPAR,CAT_CRIMINAL,HEINOUS,CHAIN_SNATCHING,survey_pedestrian_victim,UNDER_INVESTIGATION,COURT_MUMBAI_MAGISTRATE,2026-07-04T10:29:22,2026-07-04T10:29:22,2026-07-04T10:29:22,19.126587,72.771825,Incident reported at Kurla West Terminus Sector-6 under MO Two-Wheeler Chain Snatching.,CCTNS_MUMBAI,CCTNS_000525,v1.0,True
526,CR/0526/2025,CASE_2025_0526,2026-07-05T22:04:23,POL_802,PS_JUHU,CAT_CRIMINAL,SERIOUS,CYBER_FRAUD_CALL_CENTER,spoof_official_bank_helpline,UNDER_INVESTIGATION,COURT_MUMBAI_MAGISTRATE,2026-07-05T22:04:23,2026-07-05T22:04:23,2026-07-05T22:04:23,19.047464,72.869305,Incident reported at Juhu Tara Road Sector-87 under MO Cyber Fraud Call Center.,CCTNS_MUMBAI,CCTNS_000526,v1.0,True
527,CR/0527/2025,CASE_2025_0527,2026-07-06T13:14:56,POL_760,PS_JUHU,CAT_CRIMINAL,HEINOUS,EXTORTION_RACKET,identify_prominent_local_trader,UNDER_INVESTIGATION,COURT_MUMBAI_MAGISTRATE,2026-07-06T13:14:56,2026-07-06T13:14:56,2026-07-06T13:14:56,18.992985,72.964705,Incident reported at Sewri Timber Market Sector-216 under MO Commercial Extortion Racket.,CCTNS_MUMBAI,CCTNS_000527,v1.0,True
528,CR/0528/2025,CASE_2025_0528,2026-07-08T05:56:57,POL_507,PS_JUHU,CAT_CRIMINAL,SERIOUS,NARCOTICS_COURIER_NETWORK,procure_contraband_consignment,UNDER_INVESTIGATION,COURT_MUMBAI_MAGISTRATE,2026-07-08T05:56:57,2026-07-08T05:56:57,2026-07-08T05:56:57,19.090905,72.774701,Incident reported at Kurla West Terminus Sector-246 under MO Narcotics Courier Network.,CCTNS_MUMBAI,CCTNS_000528,v1.0,True
529,CR/0529/2025,CASE_2025_0529,2026-07-11T06:18:19,POL_225,PS_ANDHERI,CAT_CRIMINAL,HEINOUS,VEHICLE_THEFT_RING,observe_target_vehicle,UNDER_INVESTIGATION,COURT_MUMBAI_MAGISTRATE,2026-07-11T06:18:19,2026-07-11T06:18:19,2026-07-11T06:18:19,19.256777,72.86559,Incident reported at Juhu Tara Road Sector-167 under MO Vehicle Theft Ring.,CCTNS_MUMBAI,CCTNS_000529,v1.0,True
530,CR/0530/2025,CASE_2025_0530,2026-07-12T02:27:50,POL_778,PS_GHATKOPAR,CAT_CRIMINAL,SERIOUS,ATM_CARD_SKIMMING,inspect_unattended_kiosk,UNDER_INVESTIGATION,COURT_MUMBAI_MAGISTRATE,2026-07-12T02:27:50,2026-07-12T02:27:50,2026-07-12T02:27:50,18.960929,72.865302,Incident reported at Andheri East MIDC Sector-65 under MO ATM/Card Skimming Racket.,CCTNS_MUMBAI,CCTNS_000530,v1.0,True
531,CR/0531/2025,CASE_2025_0531,2026-07-13T11:17:48,POL_754,PS_KURLA,CAT_CRIMINAL,HEINOUS,CHAIN_SNATCHING,survey_pedestrian_victim,UNDER_INVESTIGATION,COURT_MUMBAI_MAGISTRATE,2026-07-13T11:17:48,2026-07-13T11:17:48,2026-07-13T11:17:48,19.139565,72.859439,Incident reported at Dharavi Commercial Complex Sector-181 under MO Two-Wheeler Chain Snatching.,CCTNS_MUMBAI,CCTNS_000531,v1.0,True
532,CR/0532/2025,CASE_2025_0532,2026-07-13T11:26:47,POL_151,PS_BORIVALI,CAT_CRIMINAL,SERIOUS,CYBER_FRAUD_CALL_CENTER,spoof_official_bank_helpline,UNDER_INVESTIGATION,COURT_MUMBAI_MAGISTRATE,2026-07-13T11:26:47,2026-07-13T11:26:47,2026-07-13T11:26:47,18.941219,72.898344,Incident reported at Dadar TT Circle Sector-208 under MO Cyber Fraud Call Center.,CCTNS_MUMBAI,CCTNS_000532,v1.0,True
533,CR/0533/2025,CASE_2025_0533,2026-07-15T23:25:23,POL_228,PS_JUHU,CAT_CRIMINAL,HEINOUS,EXTORTION_RACKET,identify_prominent_local_trader,UNDER_INVESTIGATION,COURT_MUMBAI_MAGISTRATE,2026-07-15T23:25:23,2026-07-15T23:25:23,2026-07-15T23:25:23,19.058422,72.925155,Incident reported at Chembur Colony Sector-52 under MO Commercial Extortion Racket.,CCTNS_MUMBAI,CCTNS_000533,v1.0,True
534,CR/0534/2025,CASE_2025_0534,2026-07-17T23:20:15,POL_170,PS_BORIVALI,CAT_CRIMINAL,SERIOUS,NARCOTICS_COURIER_NETWORK,procure_contraband_consignment,UNDER_INVESTIGATION,COURT_MUMBAI_MAGISTRATE,2026-07-17T23:20:15,2026-07-17T23:20:15,2026-07-17T23:20:15,18.998695,72.87277,Incident reported at Worli Sea Face Sector-69 under MO Narcotics Courier Network.,CCTNS_MUMBAI,CCTNS_000534,v1.0,True
535,CR/0535/2025,CASE_2025_0535,2026-07-20T15:24:21,POL_700,PS_MALAD,CAT_CRIMINAL,HEINOUS,VEHICLE_THEFT_RING,observe_target_vehicle,UNDER_INVESTIGATION,COURT_MUMBAI_MAGISTRATE,2026-07-20T15:24:21,2026-07-20T15:24:21,2026-07-20T15:24:21,18.898178,72.885882,Incident reported at Lower Parel Business Park Sector-30 under MO Vehicle Theft Ring.,CCTNS_MUMBAI,CCTNS_000535,v1.0,True
536,CR/0536/2025,CASE_2025_0536,2026-07-22T20:11:32,POL_436,PS_KURLA,CAT_CRIMINAL,SERIOUS,ATM_CARD_SKIMMING,inspect_unattended_kiosk,UNDER_INVESTIGATION,COURT_MUMBAI_MAGISTRATE,2026-07-22T20:11:32,2026-07-22T20:11:32,2026-07-22T20:11:32,19.275815,72.800393,Incident reported at Dharavi Commercial Complex Sector-41 under MO ATM/Card Skimming Racket.,CCTNS_MUMBAI,CCTNS_000536,v1.0,True
537,CR/0537/2025,CASE_2025_0537,2026-07-23T20:29:43,POL_102,PS_DHARAVI,CAT_CRIMINAL,HEINOUS,CHAIN_SNATCHING,survey_pedestrian_victim,UNDER_INVESTIGATION,COURT_MUMBAI_MAGISTRATE,2026-07-23T20:29:43,2026-07-23T20:29:43,2026-07-23T20:29:43,19.258508,72.943782,Incident reported at Juhu Tara Road Sector-247 under MO Two-Wheeler Chain Snatching.,CCTNS_MUMBAI,CCTNS_000537,v1.0,True
538,CR/0538/2025,CASE_2025_0538,2026-07-24T02:18:50,POL_233,PS_ANDHERI,CAT_CRIMINAL,SERIOUS,CYBER_FRAUD_CALL_CENTER,spoof_official_bank_helpline,UNDER_INVESTIGATION,COURT_MUMBAI_MAGISTRATE,2026-07-24T02:18:50,2026-07-24T02:18:50,2026-07-24T02:18:50,19.163233,72.906462,Incident reported at Lower Parel Business Park Sector-230 under MO Cyber Fraud Call Center.,CCTNS_MUMBAI,CCTNS_000538,v1.0,True
539,CR/0539/2025,CASE_2025_0539,2026-07-24T08:06:28,POL_917,PS_MALAD,CAT_CRIMINAL,HEINOUS,EXTORTION_RACKET,identify_prominent_local_trader,UNDER_INVESTIGATION,COURT_MUMBAI_MAGISTRATE,2026-07-24T08:06:28,2026-07-24T08:06:28,2026-07-24T08:06:28,19.250892,72.773928,Incident reported at Worli Sea Face Sector-189 under MO Commercial Extortion Racket.,CCTNS_MUMBAI,CCTNS_000539,v1.0,True
540,CR/0540/2025,CASE_2025_0540,2026-07-24T19:53:02,POL_776,PS_DHARAVI,CAT_CRIMINAL,SERIOUS,NARCOTICS_COURIER_NETWORK,procure_contraband_consignment,UNDER_INVESTIGATION,COURT_MUMBAI_MAGISTRATE,2026-07-24T19:53:02,2026-07-24T19:53:02,2026-07-24T19:53:02,19.210625,72.933227,Incident reported at Dharavi Commercial Complex Sector-61 under MO Narcotics Courier Network.,CCTNS_MUMBAI,CCTNS_000540,v1.0,True
541,CR/0541/2025,CASE_2025_0541,2026-07-25T14:54:25,POL_115,PS_COLABA,CAT_CRIMINAL,HEINOUS,VEHICLE_THEFT_RING,observe_target_vehicle,UNDER_INVESTIGATION,COURT_MUMBAI_MAGISTRATE,2026-07-25T14:54:25,2026-07-25T14:54:25,2026-07-25T14:54:25,19.001364,72.802881,Incident reported at Thane Station West Sector-37 under MO Vehicle Theft Ring.,CCTNS_MUMBAI,CCTNS_000541,v1.0,True
542,CR/0542/2025,CASE_2025_0542,2026-07-27T02:42:22,POL_702,PS_JUHU,CAT_CRIMINAL,SERIOUS,ATM_CARD_SKIMMING,inspect_unattended_kiosk,UNDER_INVESTIGATION,COURT_MUMBAI_MAGISTRATE,2026-07-27T02:42:22,2026-07-27T02:42:22,2026-07-27T02:42:22,19.133643,72.918502,Incident reported at Kurla West Terminus Sector-186 under MO ATM/Card Skimming Racket.,CCTNS_MUMBAI,CCTNS_000542,v1.0,True
543,CR/0543/2025,CASE_2025_0543,2026-07-27T12:54:17,POL_278,PS_JUHU,CAT_CRIMINAL,HEINOUS,CHAIN_SNATCHING,survey_pedestrian_victim,UNDER_INVESTIGATION,COURT_MUMBAI_MAGISTRATE,2026-07-27T12:54:17,2026-07-27T12:54:17,2026-07-27T12:54:17,19.005832,72.976442,Incident reported at Colaba Causeway Sector-122 under MO Two-Wheeler Chain Snatching.,CCTNS_MUMBAI,CCTNS_000543,v1.0,True
544,CR/0544/2025,CASE_2025_0544,2026-07-29T04:53:09,POL_229,PS_ANDHERI,CAT_CRIMINAL,SERIOUS,CYBER_FRAUD_CALL_CENTER,spoof_official_bank_helpline,UNDER_INVESTIGATION,COURT_MUMBAI_MAGISTRATE,2026-07-29T04:53:09,2026-07-29T04:53:09,2026-07-29T04:53:09,18.9258,72.955522,Incident reported at Chembur Colony Sector-192 under MO Cyber Fraud Call Center.,CCTNS_MUMBAI,CCTNS_000544,v1.0,True
545,CR/0545/2025,CASE_2025_0545,2026-07-30T09:55:20,POL_638,PS_CHEMBUR,CAT_CRIMINAL,HEINOUS,EXTORTION_RACKET,identify_prominent_local_trader,UNDER_INVESTIGATION,COURT_MUMBAI_MAGISTRATE,2026-07-30T09:55:20,2026-07-30T09:55:20,2026-07-30T09:55:20,18.949184,72.914894,Incident reported at Chembur Colony Sector-232 under MO Commercial Extortion Racket.,CCTNS_MUMBAI,CCTNS_000545,v1.0,True
546,CR/0546/2025,CASE_2025_0546,2026-07-30T13:46:55,POL_165,PS_BANDRA,CAT_CRIMINAL,SERIOUS,NARCOTICS_COURIER_NETWORK,procure_contraband_consignment,UNDER_INVESTIGATION,COURT_MUMBAI_MAGISTRATE,2026-07-30T13:46:55,2026-07-30T13:46:55,2026-07-30T13:46:55,19.059761,72.963468,Incident reported at Navi Mumbai Vashi Sector 17 Sector-238 under MO Narcotics Courier Network.,CCTNS_MUMBAI,CCTNS_000546,v1.0,True
547,CR/0547/2025,CASE_2025_0547,2026-07-30T20:26:59,POL_896,PS_GHATKOPAR,CAT_CRIMINAL,HEINOUS,VEHICLE_THEFT_RING,observe_target_vehicle,UNDER_INVESTIGATION,COURT_MUMBAI_MAGISTRATE,2026-07-30T20:26:59,2026-07-30T20:26:59,2026-07-30T20:26:59,19.134275,72.770062,Incident reported at Colaba Causeway Sector-162 under MO Vehicle Theft Ring.,CCTNS_MUMBAI,CCTNS_000547,v1.0,True
548,CR/0548/2025,CASE_2025_0548,2026-08-01T03:03:23,POL_707,PS_JUHU,CAT_CRIMINAL,SERIOUS,ATM_CARD_SKIMMING,inspect_unattended_kiosk,UNDER_INVESTIGATION,COURT_MUMBAI_MAGISTRATE,2026-08-01T03:03:23,2026-08-01T03:03:23,2026-08-01T03:03:23,18.992985,72.964705,Incident reported at Sewri Timber Market Sector-216 under MO ATM/Card Skimming Racket.,CCTNS_MUMBAI,CCTNS_000548,v1.0,True
549,CR/0549/2025,CASE_2025_0549,2026-08-01T11:03:49,POL_615,PS_BANDRA,CAT_CRIMINAL,HEINOUS,CHAIN_SNATCHING,survey_pedestrian_victim,UNDER_INVESTIGATION,COURT_MUMBAI_MAGISTRATE,2026-08-01T11:03:49,2026-08-01T11:03:49,2026-08-01T11:03:49,19.164563,72.811933,Incident reported at Dadar TT Circle Sector-108 under MO Two-Wheeler Chain Snatching.,CCTNS_MUMBAI,CCTNS_000549,v1.0,True
550,CR/0550/2025,CASE_2025_0550,2026-08-02T06:31:48,POL_144,PS_KURLA,CAT_CRIMINAL,SERIOUS,CYBER_FRAUD_CALL_CENTER,spoof_official_bank_helpline,UNDER_INVESTIGATION,COURT_MUMBAI_MAGISTRATE,2026-08-02T06:31:48,2026-08-02T06:31:48,2026-08-02T06:31:48,19.041248,72.82635,Incident reported at Crawford Market Sector-203 under MO Cyber Fraud Call Center.,CCTNS_MUMBAI,CCTNS_000550,v1.0,True
551,CR/0551/2025,CASE_2025_0551,2026-08-04T02:44:22,POL_633,PS_CHEMBUR,CAT_CRIMINAL,HEINOUS,EXTORTION_RACKET,identify_prominent_local_trader,UNDER_INVESTIGATION,COURT_MUMBAI_MAGISTRATE,2026-08-04T02:44:22,2026-08-04T02:44:22,2026-08-04T02:44:22,19.096948,72.946381,Incident reported at Bandra Kurla Complex Sector-64 under MO Commercial Extortion Racket.,CCTNS_MUMBAI,CCTNS_000551,v1.0,True
552,CR/0552/2025,CASE_2025_0552,2026-08-04T12:11:54,POL_758,PS_ANDHERI,CAT_CRIMINAL,SERIOUS,NARCOTICS_COURIER_NETWORK,procure_contraband_consignment,UNDER_INVESTIGATION,COURT_MUMBAI_MAGISTRATE,2026-08-04T12:11:54,2026-08-04T12:11:54,2026-08-04T12:11:54,19.108759,72.892107,Incident reported at Byculla Market Sector-35 under MO Narcotics Courier Network.,CCTNS_MUMBAI,CCTNS_000552,v1.0,True
553,CR/0553/2025,CASE_2025_0553,2026-08-04T18:47:01,POL_590,PS_COLABA,CAT_CRIMINAL,HEINOUS,VEHICLE_THEFT_RING,observe_target_vehicle,UNDER_INVESTIGATION,COURT_MUMBAI_MAGISTRATE,2026-08-04T18:47:01,2026-08-04T18:47:01,2026-08-04T18:47:01,18.976999,72.948677,Incident reported at Byculla Market Sector-95 under MO Vehicle Theft Ring.,CCTNS_MUMBAI,CCTNS_000553,v1.0,True
554,CR/0554/2025,CASE_2025_0554,2026-08-05T14:08:30,POL_802,PS_WORLI,CAT_CRIMINAL,SERIOUS,ATM_CARD_SKIMMING,inspect_unattended_kiosk,UNDER_INVESTIGATION,COURT_MUMBAI_MAGISTRATE,2026-08-05T14:08:30,2026-08-05T14:08:30,2026-08-05T14:08:30,19.051725,72.886114,Incident reported at Thane Station West Sector-237 under MO ATM/Card Skimming Racket.,CCTNS_MUMBAI,CCTNS_000554,v1.0,True
555,CR/0555/2025,CASE_2025_0555,2026-08-08T05:18:46,POL_829,PS_BANDRA,CAT_CRIMINAL,HEINOUS,CHAIN_SNATCHING,survey_pedestrian_victim,UNDER_INVESTIGATION,COURT_MUMBAI_MAGISTRATE,2026-08-08T05:18:46,2026-08-08T05:18:46,2026-08-08T05:18:46,19.189682,72.764976,Incident reported at Sion Circle Sector-159 under MO Two-Wheeler Chain Snatching.,CCTNS_MUMBAI,CCTNS_000555,v1.0,True
556,CR/0556/2025,CASE_2025_0556,2026-08-10T10:55:15,POL_182,PS_GHATKOPAR,CAT_CRIMINAL,SERIOUS,CYBER_FRAUD_CALL_CENTER,spoof_official_bank_helpline,UNDER_INVESTIGATION,COURT_MUMBAI_MAGISTRATE,2026-08-10T10:55:15,2026-08-10T10:55:15,2026-08-10T10:55:15,18.950758,72.892774,Incident reported at Bandra Kurla Complex Sector-184 under MO Cyber Fraud Call Center.,CCTNS_MUMBAI,CCTNS_000556,v1.0,True
557,CR/0557/2025,CASE_2025_0557,2026-08-11T03:44:07,POL_251,PS_JUHU,CAT_CRIMINAL,HEINOUS,EXTORTION_RACKET,identify_prominent_local_trader,UNDER_INVESTIGATION,COURT_MUMBAI_MAGISTRATE,2026-08-11T03:44:07,2026-08-11T03:44:07,2026-08-11T03:44:07,19.070731,72.892542,Incident reported at Sion Circle Sector-99 under MO Commercial Extortion Racket.,CCTNS_MUMBAI,CCTNS_000557,v1.0,True
558,CR/0558/2025,CASE_2025_0558,2026-08-11T09:29:39,POL_381,PS_BANDRA,CAT_CRIMINAL,SERIOUS,NARCOTICS_COURIER_NETWORK,procure_contraband_consignment,UNDER_INVESTIGATION,COURT_MUMBAI_MAGISTRATE,2026-08-11T09:29:39,2026-08-11T09:29:39,2026-08-11T09:29:39,18.888419,72.7891,Incident reported at Sewri Timber Market Sector-56 under MO Narcotics Courier Network.,CCTNS_MUMBAI,CCTNS_000558,v1.0,True
559,CR/0559/2025,CASE_2025_0559,2026-08-11T13:52:05,POL_699,PS_BORIVALI,CAT_CRIMINAL,HEINOUS,VEHICLE_THEFT_RING,observe_target_vehicle,UNDER_INVESTIGATION,COURT_MUMBAI_MAGISTRATE,2026-08-11T13:52:05,2026-08-11T13:52:05,2026-08-11T13:52:05,19.268642,72.878973,Incident reported at Juhu Tara Road Sector-47 under MO Vehicle Theft Ring.,CCTNS_MUMBAI,CCTNS_000559,v1.0,True
560,CR/0560/2025,CASE_2025_0560,2026-08-13T10:20:43,POL_432,PS_MALAD,CAT_CRIMINAL,SERIOUS,ATM_CARD_SKIMMING,inspect_unattended_kiosk,UNDER_INVESTIGATION,COURT_MUMBAI_MAGISTRATE,2026-08-13T10:20:43,2026-08-13T10:20:43,2026-08-13T10:20:43,19.098593,72.788013,Incident reported at Bandra Kurla Complex Sector-224 under MO ATM/Card Skimming Racket.,CCTNS_MUMBAI,CCTNS_000560,v1.0,True
561,CR/0561/2025,CASE_2025_0561,2026-08-14T22:04:31,POL_643,PS_WORLI,CAT_CRIMINAL,HEINOUS,CHAIN_SNATCHING,survey_pedestrian_victim,UNDER_INVESTIGATION,COURT_MUMBAI_MAGISTRATE,2026-08-14T22:04:31,2026-08-14T22:04:31,2026-08-14T22:04:31,19.047285,72.920785,Incident reported at Andheri East MIDC Sector-25 under MO Two-Wheeler Chain Snatching.,CCTNS_MUMBAI,CCTNS_000561,v1.0,True
562,CR/0562/2025,CASE_2025_0562,2026-08-17T06:57:22,POL_617,PS_ANDHERI,CAT_CRIMINAL,SERIOUS,CYBER_FRAUD_CALL_CENTER,spoof_official_bank_helpline,UNDER_INVESTIGATION,COURT_MUMBAI_MAGISTRATE,2026-08-17T06:57:22,2026-08-17T06:57:22,2026-08-17T06:57:22,18.960929,72.865302,Incident reported at Andheri East MIDC Sector-65 under MO Cyber Fraud Call Center.,CCTNS_MUMBAI,CCTNS_000562,v1.0,True
563,CR/0563/2025,CASE_2025_0563,2026-08-19T06:22:35,POL_201,PS_BORIVALI,CAT_CRIMINAL,HEINOUS,EXTORTION_RACKET,identify_prominent_local_trader,UNDER_INVESTIGATION,COURT_MUMBAI_MAGISTRATE,2026-08-19T06:22:35,2026-08-19T06:22:35,2026-08-19T06:22:35,19.159898,72.884592,Incident reported at Worli Sea Face Sector-149 under MO Commercial Extortion Racket.,CCTNS_MUMBAI,CCTNS_000563,v1.0,True
564,CR/0564/2025,CASE_2025_0564,2026-08-19T08:01:04,POL_973,PS_CHEMBUR,CAT_CRIMINAL,SERIOUS,NARCOTICS_COURIER_NETWORK,procure_contraband_consignment,UNDER_INVESTIGATION,COURT_MUMBAI_MAGISTRATE,2026-08-19T08:01:04,2026-08-19T08:01:04,2026-08-19T08:01:04,19.020884,72.880192,Incident reported at Colaba Causeway Sector-182 under MO Narcotics Courier Network.,CCTNS_MUMBAI,CCTNS_000564,v1.0,True
565,CR/0565/2025,CASE_2025_0565,2026-08-19T14:10:07,POL_998,PS_BYCULLA,CAT_CRIMINAL,HEINOUS,VEHICLE_THEFT_RING,observe_target_vehicle,UNDER_INVESTIGATION,COURT_MUMBAI_MAGISTRATE,2026-08-19T14:10:07,2026-08-19T14:10:07,2026-08-19T14:10:07,19.263206,72.886056,Incident reported at Sewri Timber Market Sector-136 under MO Vehicle Theft Ring.,CCTNS_MUMBAI,CCTNS_000565,v1.0,True
566,CR/0566/2025,CASE_2025_0566,2026-08-21T11:57:34,POL_986,PS_MALAD,CAT_CRIMINAL,SERIOUS,ATM_CARD_SKIMMING,inspect_unattended_kiosk,UNDER_INVESTIGATION,COURT_MUMBAI_MAGISTRATE,2026-08-21T11:57:34,2026-08-21T11:57:34,2026-08-21T11:57:34,19.250892,72.773928,Incident reported at Worli Sea Face Sector-189 under MO ATM/Card Skimming Racket.,CCTNS_MUMBAI,CCTNS_000566,v1.0,True
567,CR/0567/2025,CASE_2025_0567,2026-08-21T13:03:32,POL_562,PS_KURLA,CAT_CRIMINAL,HEINOUS,CHAIN_SNATCHING,survey_pedestrian_victim,UNDER_INVESTIGATION,COURT_MUMBAI_MAGISTRATE,2026-08-21T13:03:32,2026-08-21T13:03:32,2026-08-21T13:03:32,19.268642,72.878973,Incident reported at Juhu Tara Road Sector-47 under MO Two-Wheeler Chain Snatching.,CCTNS_MUMBAI,CCTNS_000567,v1.0,True
568,CR/0568/2025,CASE_2025_0568,2026-08-22T13:47:54,POL_447,PS_KURLA,CAT_CRIMINAL,SERIOUS,CYBER_FRAUD_CALL_CENTER,spoof_official_bank_helpline,UNDER_INVESTIGATION,COURT_MUMBAI_MAGISTRATE,2026-08-22T13:47:54,2026-08-22T13:47:54,2026-08-22T13:47:54,19.051725,72.886114,Incident reported at Thane Station West Sector-237 under MO Cyber Fraud Call Center.,CCTNS_MUMBAI,CCTNS_000568,v1.0,True
569,CR/0569/2025,CASE_2025_0569,2026-08-22T17:25:01,POL_525,PS_GHATKOPAR,CAT_CRIMINAL,HEINOUS,EXTORTION_RACKET,identify_prominent_local_trader,UNDER_INVESTIGATION,COURT_MUMBAI_MAGISTRATE,2026-08-22T17:25:01,2026-08-22T17:25:01,2026-08-22T17:25:01,19.268642,72.878973,Incident reported at Juhu Tara Road Sector-47 under MO Commercial Extortion Racket.,CCTNS_MUMBAI,CCTNS_000569,v1.0,True
570,CR/0570/2025,CASE_2025_0570,2026-08-22T23:25:19,POL_420,PS_CHEMBUR,CAT_CRIMINAL,SERIOUS,NARCOTICS_COURIER_NETWORK,procure_contraband_consignment,UNDER_INVESTIGATION,COURT_MUMBAI_MAGISTRATE,2026-08-22T23:25:19,2026-08-22T23:25:19,2026-08-22T23:25:19,18.881663,72.968174,Incident reported at Thane Station West Sector-197 under MO Narcotics Courier Network.,CCTNS_MUMBAI,CCTNS_000570,v1.0,True
571,CR/0571/2025,CASE_2025_0571,2026-08-23T04:35:51,POL_781,PS_WORLI,CAT_CRIMINAL,HEINOUS,VEHICLE_THEFT_RING,observe_target_vehicle,UNDER_INVESTIGATION,COURT_MUMBAI_MAGISTRATE,2026-08-23T04:35:51,2026-08-23T04:35:51,2026-08-23T04:35:51,19.072515,72.983484,Incident reported at Andheri East MIDC Sector-85 under MO Vehicle Theft Ring.,CCTNS_MUMBAI,CCTNS_000571,v1.0,True
572,CR/0572/2025,CASE_2025_0572,2026-08-23T08:13:23,POL_256,PS_ANDHERI,CAT_CRIMINAL,SERIOUS,ATM_CARD_SKIMMING,inspect_unattended_kiosk,UNDER_INVESTIGATION,COURT_MUMBAI_MAGISTRATE,2026-08-23T08:13:23,2026-08-23T08:13:23,2026-08-23T08:13:23,19.118844,72.931565,Incident reported at Navi Mumbai Vashi Sector 17 Sector-118 under MO ATM/Card Skimming Racket.,CCTNS_MUMBAI,CCTNS_000572,v1.0,True
573,CR/0573/2025,CASE_2025_0573,2026-08-24T22:10:07,POL_168,PS_BYCULLA,CAT_CRIMINAL,HEINOUS,CHAIN_SNATCHING,survey_pedestrian_victim,UNDER_INVESTIGATION,COURT_MUMBAI_MAGISTRATE,2026-08-24T22:10:07,2026-08-24T22:10:07,2026-08-24T22:10:07,19.007113,72.826829,Incident reported at Worli Sea Face Sector-249 under MO Two-Wheeler Chain Snatching.,CCTNS_MUMBAI,CCTNS_000573,v1.0,True
574,CR/0574/2025,CASE_2025_0574,2026-08-25T07:01:58,POL_195,PS_BANDRA,CAT_CRIMINAL,SERIOUS,CYBER_FRAUD_CALL_CENTER,spoof_official_bank_helpline,UNDER_INVESTIGATION,COURT_MUMBAI_MAGISTRATE,2026-08-25T07:01:58,2026-08-25T07:01:58,2026-08-25T07:01:58,18.994127,72.817238,Incident reported at Malad Link Road Sector-13 under MO Cyber Fraud Call Center.,CCTNS_MUMBAI,CCTNS_000574,v1.0,True
575,CR/0575/2025,CASE_2025_0575,2026-08-25T10:18:21,POL_862,PS_WORLI,CAT_CRIMINAL,HEINOUS,EXTORTION_RACKET,identify_prominent_local_trader,UNDER_INVESTIGATION,COURT_MUMBAI_MAGISTRATE,2026-08-25T10:18:21,2026-08-25T10:18:21,2026-08-25T10:18:21,18.932872,72.934828,Incident reported at Colaba Causeway Sector-62 under MO Commercial Extortion Racket.,CCTNS_MUMBAI,CCTNS_000575,v1.0,True
576,CR/0576/2025,CASE_2025_0576,2026-08-26T06:33:20,POL_931,PS_CHEMBUR,CAT_CRIMINAL,SERIOUS,NARCOTICS_COURIER_NETWORK,procure_contraband_consignment,UNDER_INVESTIGATION,COURT_MUMBAI_MAGISTRATE,2026-08-26T06:33:20,2026-08-26T06:33:20,2026-08-26T06:33:20,18.976732,72.983638,Incident reported at Tardeo Road Sector-200 under MO Narcotics Courier Network.,CCTNS_MUMBAI,CCTNS_000576,v1.0,True
577,CR/0577/2025,CASE_2025_0577,2026-08-27T13:26:33,POL_161,PS_DHARAVI,CAT_CRIMINAL,HEINOUS,VEHICLE_THEFT_RING,observe_target_vehicle,UNDER_INVESTIGATION,COURT_MUMBAI_MAGISTRATE,2026-08-27T13:26:33,2026-08-27T13:26:33,2026-08-27T13:26:33,19.047285,72.920785,Incident reported at Andheri East MIDC Sector-25 under MO Vehicle Theft Ring.,CCTNS_MUMBAI,CCTNS_000577,v1.0,True
578,CR/0578/2025,CASE_2025_0578,2026-08-31T15:09:52,POL_675,PS_BORIVALI,CAT_CRIMINAL,SERIOUS,ATM_CARD_SKIMMING,inspect_unattended_kiosk,UNDER_INVESTIGATION,COURT_MUMBAI_MAGISTRATE,2026-08-31T15:09:52,2026-08-31T15:09:52,2026-08-31T15:09:52,19.002414,72.804556,Incident reported at Worli Sea Face Sector-109 under MO ATM/Card Skimming Racket.,CCTNS_MUMBAI,CCTNS_000578,v1.0,True
579,CR/0579/2025,CASE_2025_0579,2026-09-01T06:20:38,POL_225,PS_JUHU,CAT_CRIMINAL,HEINOUS,CHAIN_SNATCHING,survey_pedestrian_victim,UNDER_INVESTIGATION,COURT_MUMBAI_MAGISTRATE,2026-09-01T06:20:38,2026-09-01T06:20:38,2026-09-01T06:20:38,19.005789,72.843754,Incident reported at Bandra Kurla Complex Sector-124 under MO Two-Wheeler Chain Snatching.,CCTNS_MUMBAI,CCTNS_000579,v1.0,True
580,CR/0580/2025,CASE_2025_0580,2026-09-01T09:48:45,POL_994,PS_WORLI,CAT_CRIMINAL,SERIOUS,CYBER_FRAUD_CALL_CENTER,spoof_official_bank_helpline,UNDER_INVESTIGATION,COURT_MUMBAI_MAGISTRATE,2026-09-01T09:48:45,2026-09-01T09:48:45,2026-09-01T09:48:45,18.987667,72.984399,Incident reported at Tardeo Road Sector-120 under MO Cyber Fraud Call Center.,CCTNS_MUMBAI,CCTNS_000580,v1.0,True
581,CR/0581/2025,CASE_2025_0581,2026-09-01T23:00:31,POL_988,PS_BYCULLA,CAT_CRIMINAL,HEINOUS,EXTORTION_RACKET,identify_prominent_local_trader,UNDER_INVESTIGATION,COURT_MUMBAI_MAGISTRATE,2026-09-01T23:00:31,2026-09-01T23:00:31,2026-09-01T23:00:31,19.121803,72.792736,Incident reported at Sewri Timber Market Sector-76 under MO Commercial Extortion Racket.,CCTNS_MUMBAI,CCTNS_000581,v1.0,True
582,CR/0582/2025,CASE_2025_0582,2026-09-02T01:50:24,POL_394,PS_CHEMBUR,CAT_CRIMINAL,SERIOUS,NARCOTICS_COURIER_NETWORK,procure_contraband_consignment,UNDER_INVESTIGATION,COURT_MUMBAI_MAGISTRATE,2026-09-02T01:50:24,2026-09-02T01:50:24,2026-09-02T01:50:24,19.032625,72.952822,Incident reported at Andheri East MIDC Sector-185 under MO Narcotics Courier Network.,CCTNS_MUMBAI,CCTNS_000582,v1.0,True
583,CR/0583/2025,CASE_2025_0583,2026-09-02T15:25:34,POL_460,PS_BORIVALI,CAT_CRIMINAL,HEINOUS,VEHICLE_THEFT_RING,observe_target_vehicle,UNDER_INVESTIGATION,COURT_MUMBAI_MAGISTRATE,2026-09-02T15:25:34,2026-09-02T15:25:34,2026-09-02T15:25:34,19.112493,72.757833,Incident reported at Lower Parel Business Park Sector-190 under MO Vehicle Theft Ring.,CCTNS_MUMBAI,CCTNS_000583,v1.0,True
584,CR/0584/2025,CASE_2025_0584,2026-09-02T22:33:03,POL_619,PS_BANDRA,CAT_CRIMINAL,SERIOUS,ATM_CARD_SKIMMING,inspect_unattended_kiosk,UNDER_INVESTIGATION,COURT_MUMBAI_MAGISTRATE,2026-09-02T22:33:03,2026-09-02T22:33:03,2026-09-02T22:33:03,19.139458,72.901844,Incident reported at Colaba Causeway Sector-42 under MO ATM/Card Skimming Racket.,CCTNS_MUMBAI,CCTNS_000584,v1.0,True
585,CR/0585/2025,CASE_2025_0585,2026-09-03T11:16:17,POL_772,PS_KURLA,CAT_CRIMINAL,HEINOUS,CHAIN_SNATCHING,survey_pedestrian_victim,UNDER_INVESTIGATION,COURT_MUMBAI_MAGISTRATE,2026-09-03T11:16:17,2026-09-03T11:16:17,2026-09-03T11:16:17,19.169041,72.915148,Incident reported at Dadar TT Circle Sector-48 under MO Two-Wheeler Chain Snatching.,CCTNS_MUMBAI,CCTNS_000585,v1.0,True
586,CR/0586/2025,CASE_2025_0586,2026-09-05T15:38:53,POL_967,PS_GHATKOPAR,CAT_CRIMINAL,SERIOUS,CYBER_FRAUD_CALL_CENTER,spoof_official_bank_helpline,UNDER_INVESTIGATION,COURT_MUMBAI_MAGISTRATE,2026-09-05T15:38:53,2026-09-05T15:38:53,2026-09-05T15:38:53,19.186167,72.862744,Incident reported at Colaba Causeway Sector-102 under MO Cyber Fraud Call Center.,CCTNS_MUMBAI,CCTNS_000586,v1.0,True
587,CR/0587/2025,CASE_2025_0587,2026-09-06T13:51:43,POL_965,PS_BANDRA,CAT_CRIMINAL,HEINOUS,EXTORTION_RACKET,identify_prominent_local_trader,UNDER_INVESTIGATION,COURT_MUMBAI_MAGISTRATE,2026-09-06T13:51:43,2026-09-06T13:51:43,2026-09-06T13:51:43,19.225721,72.777266,Incident reported at Malad Link Road Sector-173 under MO Commercial Extortion Racket.,CCTNS_MUMBAI,CCTNS_000587,v1.0,True
588,CR/0588/2025,CASE_2025_0588,2026-09-06T19:05:12,POL_217,PS_MALAD,CAT_CRIMINAL,SERIOUS,NARCOTICS_COURIER_NETWORK,procure_contraband_consignment,UNDER_INVESTIGATION,COURT_MUMBAI_MAGISTRATE,2026-09-06T19:05:12,2026-09-06T19:05:12,2026-09-06T19:05:12,19.22801,72.902233,Incident reported at Worli Sea Face Sector-49 under MO Narcotics Courier Network.,CCTNS_MUMBAI,CCTNS_000588,v1.0,True
589,CR/0589/2025,CASE_2025_0589,2026-09-08T17:13:13,POL_331,PS_ANDHERI,CAT_CRIMINAL,HEINOUS,VEHICLE_THEFT_RING,observe_target_vehicle,UNDER_INVESTIGATION,COURT_MUMBAI_MAGISTRATE,2026-09-08T17:13:13,2026-09-08T17:13:13,2026-09-08T17:13:13,19.256777,72.86559,Incident reported at Juhu Tara Road Sector-167 under MO Vehicle Theft Ring.,CCTNS_MUMBAI,CCTNS_000589,v1.0,True
590,CR/0590/2025,CASE_2025_0590,2026-09-09T01:23:34,POL_885,PS_WORLI,CAT_CRIMINAL,SERIOUS,ATM_CARD_SKIMMING,inspect_unattended_kiosk,UNDER_INVESTIGATION,COURT_MUMBAI_MAGISTRATE,2026-09-09T01:23:34,2026-09-09T01:23:34,2026-09-09T01:23:34,18.949184,72.914894,Incident reported at Chembur Colony Sector-232 under MO ATM/Card Skimming Racket.,CCTNS_MUMBAI,CCTNS_000590,v1.0,True
591,CR/0591/2025,CASE_2025_0591,2026-09-12T18:28:17,POL_791,PS_BORIVALI,CAT_CRIMINAL,HEINOUS,CHAIN_SNATCHING,survey_pedestrian_victim,UNDER_INVESTIGATION,COURT_MUMBAI_MAGISTRATE,2026-09-12T18:28:17,2026-09-12T18:28:17,2026-09-12T18:28:17,19.217934,72.978491,Incident reported at Kurla West Terminus Sector-146 under MO Two-Wheeler Chain Snatching.,CCTNS_MUMBAI,CCTNS_000591,v1.0,True
592,CR/0592/2025,CASE_2025_0592,2026-09-13T13:53:39,POL_126,PS_BYCULLA,CAT_CRIMINAL,SERIOUS,CYBER_FRAUD_CALL_CENTER,spoof_official_bank_helpline,UNDER_INVESTIGATION,COURT_MUMBAI_MAGISTRATE,2026-09-13T13:53:39,2026-09-13T13:53:39,2026-09-13T13:53:39,18.923648,72.793266,Incident reported at Malad Link Road Sector-153 under MO Cyber Fraud Call Center.,CCTNS_MUMBAI,CCTNS_000592,v1.0,True
593,CR/0593/2025,CASE_2025_0593,2026-09-14T10:44:51,POL_949,PS_BORIVALI,CAT_CRIMINAL,HEINOUS,EXTORTION_RACKET,identify_prominent_local_trader,UNDER_INVESTIGATION,COURT_MUMBAI_MAGISTRATE,2026-09-14T10:44:51,2026-09-14T10:44:51,2026-09-14T10:44:51,19.128245,72.904528,Incident reported at Dadar TT Circle Sector-148 under MO Commercial Extortion Racket.,CCTNS_MUMBAI,CCTNS_000593,v1.0,True
594,CR/0594/2025,CASE_2025_0594,2026-09-15T19:15:52,POL_129,PS_CHEMBUR,CAT_CRIMINAL,SERIOUS,NARCOTICS_COURIER_NETWORK,procure_contraband_consignment,UNDER_INVESTIGATION,COURT_MUMBAI_MAGISTRATE,2026-09-15T19:15:52,2026-09-15T19:15:52,2026-09-15T19:15:52,19.27616,72.972984,Incident reported at Andheri East MIDC Sector-5 under MO Narcotics Courier Network.,CCTNS_MUMBAI,CCTNS_000594,v1.0,True
595,CR/0595/2025,CASE_2025_0595,2026-09-15T21:45:52,POL_819,PS_DHARAVI,CAT_CRIMINAL,HEINOUS,VEHICLE_THEFT_RING,observe_target_vehicle,UNDER_INVESTIGATION,COURT_MUMBAI_MAGISTRATE,2026-09-15T21:45:52,2026-09-15T21:45:52,2026-09-15T21:45:52,19.262042,72.838862,Incident reported at Sion Circle Sector-179 under MO Vehicle Theft Ring.,CCTNS_MUMBAI,CCTNS_000595,v1.0,True
596,CR/0596/2025,CASE_2025_0596,2026-09-17T18:33:29,POL_459,PS_ANDHERI,CAT_CRIMINAL,SERIOUS,ATM_CARD_SKIMMING,inspect_unattended_kiosk,UNDER_INVESTIGATION,COURT_MUMBAI_MAGISTRATE,2026-09-17T18:33:29,2026-09-17T18:33:29,2026-09-17T18:33:29,18.894594,72.92897,Incident reported at Sewri Timber Market Sector-176 under MO ATM/Card Skimming Racket.,CCTNS_MUMBAI,CCTNS_000596,v1.0,True
597,CR/0597/2025,CASE_2025_0597,2026-09-17T19:20:15,POL_990,PS_COLABA,CAT_CRIMINAL,HEINOUS,CHAIN_SNATCHING,survey_pedestrian_victim,UNDER_INVESTIGATION,COURT_MUMBAI_MAGISTRATE,2026-09-17T19:20:15,2026-09-17T19:20:15,2026-09-17T19:20:15,18.977524,72.880446,Incident reported at Juhu Tara Road Sector-67 under MO Two-Wheeler Chain Snatching.,CCTNS_MUMBAI,CCTNS_000597,v1.0,True
598,CR/0598/2025,CASE_2025_0598,2026-09-18T01:21:28,POL_773,PS_DHARAVI,CAT_CRIMINAL,SERIOUS,CYBER_FRAUD_CALL_CENTER,spoof_official_bank_helpline,UNDER_INVESTIGATION,COURT_MUMBAI_MAGISTRATE,2026-09-18T01:21:28,2026-09-18T01:21:28,2026-09-18T01:21:28,19.005789,72.843754,Incident reported at Bandra Kurla Complex Sector-124 under MO Cyber Fraud Call Center.,CCTNS_MUMBAI,CCTNS_000598,v1.0,True
599,CR/0599/2025,CASE_2025_0599,2026-09-18T02:13:09,POL_245,PS_WORLI,CAT_CRIMINAL,HEINOUS,EXTORTION_RACKET,identify_prominent_local_trader,UNDER_INVESTIGATION,COURT_MUMBAI_MAGISTRATE,2026-09-18T02:13:09,2026-09-18T02:13:09,2026-09-18T02:13:09,19.27616,72.972984,Incident reported at Andheri East MIDC Sector-5 under MO Commercial Extortion Racket.,CCTNS_MUMBAI,CCTNS_000599,v1.0,True
600,CR/0600/2025,CASE_2025_0600,2026-09-18T20:27:00,POL_131,PS_CHEMBUR,CAT_CRIMINAL,SERIOUS,NARCOTICS_COURIER_NETWORK,procure_contraband_consignment,UNDER_INVESTIGATION,COURT_MUMBAI_MAGISTRATE,2026-09-18T20:27:00,2026-09-18T20:27:00,2026-09-18T20:27:00,19.024227,72.944408,Incident reported at Thane Station West Sector-17 under MO Narcotics Courier Network.,CCTNS_MUMBAI,CCTNS_000600,v1.0,True
601,CR/0601/2025,CASE_2025_0601,2026-09-20T08:13:01,POL_643,PS_BANDRA,CAT_CRIMINAL,HEINOUS,VEHICLE_THEFT_RING,observe_target_vehicle,UNDER_INVESTIGATION,COURT_MUMBAI_MAGISTRATE,2026-09-20T08:13:01,2026-09-20T08:13:01,2026-09-20T08:13:01,19.09299,72.947137,Incident reported at Dadar TT Circle Sector-88 under MO Vehicle Theft Ring.,CCTNS_MUMBAI,CCTNS_000601,v1.0,True
602,CR/0602/2025,CASE_2025_0602,2026-09-22T17:49:38,POL_529,PS_KURLA,CAT_CRIMINAL,SERIOUS,ATM_CARD_SKIMMING,inspect_unattended_kiosk,UNDER_INVESTIGATION,COURT_MUMBAI_MAGISTRATE,2026-09-22T17:49:38,2026-09-22T17:49:38,2026-09-22T17:49:38,19.098593,72.788013,Incident reported at Bandra Kurla Complex Sector-224 under MO ATM/Card Skimming Racket.,CCTNS_MUMBAI,CCTNS_000602,v1.0,True
603,CR/0603/2025,CASE_2025_0603,2026-09-23T02:31:56,POL_261,PS_GHATKOPAR,CAT_CRIMINAL,HEINOUS,CHAIN_SNATCHING,survey_pedestrian_victim,UNDER_INVESTIGATION,COURT_MUMBAI_MAGISTRATE,2026-09-23T02:31:56,2026-09-23T02:31:56,2026-09-23T02:31:56,19.137774,72.948852,Incident reported at Dharavi Commercial Complex Sector-201 under MO Two-Wheeler Chain Snatching.,CCTNS_MUMBAI,CCTNS_000603,v1.0,True
604,CR/0604/2025,CASE_2025_0604,2026-09-23T13:58:48,POL_838,PS_JUHU,CAT_CRIMINAL,SERIOUS,CYBER_FRAUD_CALL_CENTER,spoof_official_bank_helpline,UNDER_INVESTIGATION,COURT_MUMBAI_MAGISTRATE,2026-09-23T13:58:48,2026-09-23T13:58:48,2026-09-23T13:58:48,19.24434,72.76625,Incident reported at Juhu Tara Road Sector-27 under MO Cyber Fraud Call Center.,CCTNS_MUMBAI,CCTNS_000604,v1.0,True
605,CR/0605/2025,CASE_2025_0605,2026-09-23T23:18:24,POL_710,PS_JUHU,CAT_CRIMINAL,HEINOUS,EXTORTION_RACKET,identify_prominent_local_trader,UNDER_INVESTIGATION,COURT_MUMBAI_MAGISTRATE,2026-09-23T23:18:24,2026-09-23T23:18:24,2026-09-23T23:18:24,19.126504,72.848707,Incident reported at Dadar TT Circle Sector-188 under MO Commercial Extortion Racket.,CCTNS_MUMBAI,CCTNS_000605,v1.0,True
606,CR/0606/2025,CASE_2025_0606,2026-09-24T01:52:11,POL_259,PS_BANDRA,CAT_CRIMINAL,SERIOUS,NARCOTICS_COURIER_NETWORK,procure_contraband_consignment,UNDER_INVESTIGATION,COURT_MUMBAI_MAGISTRATE,2026-09-24T01:52:11,2026-09-24T01:52:11,2026-09-24T01:52:11,19.058422,72.925155,Incident reported at Chembur Colony Sector-52 under MO Narcotics Courier Network.,CCTNS_MUMBAI,CCTNS_000606,v1.0,True
607,CR/0607/2025,CASE_2025_0607,2026-09-25T06:22:42,POL_150,PS_DHARAVI,CAT_CRIMINAL,HEINOUS,VEHICLE_THEFT_RING,observe_target_vehicle,UNDER_INVESTIGATION,COURT_MUMBAI_MAGISTRATE,2026-09-25T06:22:42,2026-09-25T06:22:42,2026-09-25T06:22:42,19.161864,72.97212,Incident reported at Colaba Causeway Sector-22 under MO Vehicle Theft Ring.,CCTNS_MUMBAI,CCTNS_000607,v1.0,True
608,CR/0608/2025,CASE_2025_0608,2026-09-27T08:28:59,POL_378,PS_BYCULLA,CAT_CRIMINAL,SERIOUS,ATM_CARD_SKIMMING,inspect_unattended_kiosk,UNDER_INVESTIGATION,COURT_MUMBAI_MAGISTRATE,2026-09-27T08:28:59,2026-09-27T08:28:59,2026-09-27T08:28:59,19.206357,72.899499,Incident reported at Sewri Timber Market Sector-236 under MO ATM/Card Skimming Racket.,CCTNS_MUMBAI,CCTNS_000608,v1.0,True
609,CR/0609/2025,CASE_2025_0609,2026-09-27T23:14:55,POL_534,PS_GHATKOPAR,CAT_CRIMINAL,HEINOUS,CHAIN_SNATCHING,survey_pedestrian_victim,UNDER_INVESTIGATION,COURT_MUMBAI_MAGISTRATE,2026-09-27T23:14:55,2026-09-27T23:14:55,2026-09-27T23:14:55,19.10086,72.791066,Incident reported at Navi Mumbai Vashi Sector 17 Sector-38 under MO Two-Wheeler Chain Snatching.,CCTNS_MUMBAI,CCTNS_000609,v1.0,True
610,CR/0610/2025,CASE_2025_0610,2026-09-30T13:39:52,POL_552,PS_GHATKOPAR,CAT_CRIMINAL,SERIOUS,CYBER_FRAUD_CALL_CENTER,spoof_official_bank_helpline,UNDER_INVESTIGATION,COURT_MUMBAI_MAGISTRATE,2026-09-30T13:39:52,2026-09-30T13:39:52,2026-09-30T13:39:52,19.008102,72.843744,Incident reported at Dharavi Commercial Complex Sector-81 under MO Cyber Fraud Call Center.,CCTNS_MUMBAI,CCTNS_000610,v1.0,True
611,CR/0611/2025,CASE_2025_0611,2026-10-03T02:23:37,POL_320,PS_WORLI,CAT_CRIMINAL,HEINOUS,EXTORTION_RACKET,identify_prominent_local_trader,UNDER_INVESTIGATION,COURT_MUMBAI_MAGISTRATE,2026-10-03T02:23:37,2026-10-03T02:23:37,2026-10-03T02:23:37,19.20109,72.869676,Incident reported at Lower Parel Business Park Sector-250 under MO Commercial Extortion Racket.,CCTNS_MUMBAI,CCTNS_000611,v1.0,True
612,CR/0612/2025,CASE_2025_0612,2026-10-03T04:35:40,POL_453,PS_MALAD,CAT_CRIMINAL,SERIOUS,NARCOTICS_COURIER_NETWORK,procure_contraband_consignment,UNDER_INVESTIGATION,COURT_MUMBAI_MAGISTRATE,2026-10-03T04:35:40,2026-10-03T04:35:40,2026-10-03T04:35:40,19.094167,72.808861,Incident reported at Chembur Colony Sector-212 under MO Narcotics Courier Network.,CCTNS_MUMBAI,CCTNS_000612,v1.0,True
613,CR/0613/2025,CASE_2025_0613,2026-10-04T07:04:03,POL_390,PS_WORLI,CAT_CRIMINAL,HEINOUS,VEHICLE_THEFT_RING,observe_target_vehicle,UNDER_INVESTIGATION,COURT_MUMBAI_MAGISTRATE,2026-10-04T07:04:03,2026-10-04T07:04:03,2026-10-04T07:04:03,19.006988,72.790899,Incident reported at Sion Circle Sector-199 under MO Vehicle Theft Ring.,CCTNS_MUMBAI,CCTNS_000613,v1.0,True
614,CR/0614/2025,CASE_2025_0614,2026-10-05T13:36:49,POL_707,PS_BYCULLA,CAT_CRIMINAL,SERIOUS,ATM_CARD_SKIMMING,inspect_unattended_kiosk,UNDER_INVESTIGATION,COURT_MUMBAI_MAGISTRATE,2026-10-05T13:36:49,2026-10-05T13:36:49,2026-10-05T13:36:49,19.076728,72.987784,Incident reported at Malad Link Road Sector-73 under MO ATM/Card Skimming Racket.,CCTNS_MUMBAI,CCTNS_000614,v1.0,True
615,CR/0615/2025,CASE_2025_0615,2026-10-10T14:47:05,POL_783,PS_GHATKOPAR,CAT_CRIMINAL,HEINOUS,CHAIN_SNATCHING,survey_pedestrian_victim,UNDER_INVESTIGATION,COURT_MUMBAI_MAGISTRATE,2026-10-10T14:47:05,2026-10-10T14:47:05,2026-10-10T14:47:05,18.972388,72.920406,Incident reported at Bandra Kurla Complex Sector-204 under MO Two-Wheeler Chain Snatching.,CCTNS_MUMBAI,CCTNS_000615,v1.0,True
616,CR/0616/2025,CASE_2025_0616,2026-10-11T16:55:46,POL_325,PS_ANDHERI,CAT_CRIMINAL,SERIOUS,CYBER_FRAUD_CALL_CENTER,spoof_official_bank_helpline,UNDER_INVESTIGATION,COURT_MUMBAI_MAGISTRATE,2026-10-11T16:55:46,2026-10-11T16:55:46,2026-10-11T16:55:46,18.992985,72.964705,Incident reported at Sewri Timber Market Sector-216 under MO Cyber Fraud Call Center.,CCTNS_MUMBAI,CCTNS_000616,v1.0,True
617,CR/0617/2025,CASE_2025_0617,2026-10-13T23:39:35,POL_156,PS_WORLI,CAT_CRIMINAL,HEINOUS,EXTORTION_RACKET,identify_prominent_local_trader,UNDER_INVESTIGATION,COURT_MUMBAI_MAGISTRATE,2026-10-13T23:39:35,2026-10-13T23:39:35,2026-10-13T23:39:35,18.992883,72.879976,Incident reported at Thane Station West Sector-117 under MO Commercial Extortion Racket.,CCTNS_MUMBAI,CCTNS_000617,v1.0,True
618,CR/0618/2025,CASE_2025_0618,2026-10-14T09:59:46,POL_408,PS_COLABA,CAT_CRIMINAL,SERIOUS,NARCOTICS_COURIER_NETWORK,procure_contraband_consignment,UNDER_INVESTIGATION,COURT_MUMBAI_MAGISTRATE,2026-10-14T09:59:46,2026-10-14T09:59:46,2026-10-14T09:59:46,19.076728,72.987784,Incident reported at Malad Link Road Sector-73 under MO Narcotics Courier Network.,CCTNS_MUMBAI,CCTNS_000618,v1.0,True
619,CR/0619/2025,CASE_2025_0619,2026-10-15T03:53:41,POL_882,PS_KURLA,CAT_CRIMINAL,HEINOUS,VEHICLE_THEFT_RING,observe_target_vehicle,UNDER_INVESTIGATION,COURT_MUMBAI_MAGISTRATE,2026-10-15T03:53:41,2026-10-15T03:53:41,2026-10-15T03:53:41,18.975889,72.965498,Incident reported at Ghatkopar Central Mall Sector-211 under MO Vehicle Theft Ring.,CCTNS_MUMBAI,CCTNS_000619,v1.0,True
620,CR/0620/2025,CASE_2025_0620,2026-10-17T04:12:37,POL_435,PS_ANDHERI,CAT_CRIMINAL,SERIOUS,ATM_CARD_SKIMMING,inspect_unattended_kiosk,UNDER_INVESTIGATION,COURT_MUMBAI_MAGISTRATE,2026-10-17T04:12:37,2026-10-17T04:12:37,2026-10-17T04:12:37,19.005832,72.976442,Incident reported at Colaba Causeway Sector-122 under MO ATM/Card Skimming Racket.,CCTNS_MUMBAI,CCTNS_000620,v1.0,True
621,CR/0621/2025,CASE_2025_0621,2026-10-17T13:59:54,POL_609,PS_BANDRA,CAT_CRIMINAL,HEINOUS,CHAIN_SNATCHING,survey_pedestrian_victim,UNDER_INVESTIGATION,COURT_MUMBAI_MAGISTRATE,2026-10-17T13:59:54,2026-10-17T13:59:54,2026-10-17T13:59:54,19.002414,72.804556,Incident reported at Worli Sea Face Sector-109 under MO Two-Wheeler Chain Snatching.,CCTNS_MUMBAI,CCTNS_000621,v1.0,True
622,CR/0622/2025,CASE_2025_0622,2026-10-20T03:36:46,POL_279,PS_CHEMBUR,CAT_CRIMINAL,SERIOUS,CYBER_FRAUD_CALL_CENTER,spoof_official_bank_helpline,UNDER_INVESTIGATION,COURT_MUMBAI_MAGISTRATE,2026-10-20T03:36:46,2026-10-20T03:36:46,2026-10-20T03:36:46,19.180291,72.842196,Incident reported at Malad Link Road Sector-33 under MO Cyber Fraud Call Center.,CCTNS_MUMBAI,CCTNS_000622,v1.0,True
623,CR/0623/2025,CASE_2025_0623,2026-10-21T20:16:12,POL_645,PS_DHARAVI,CAT_CRIMINAL,HEINOUS,EXTORTION_RACKET,identify_prominent_local_trader,UNDER_INVESTIGATION,COURT_MUMBAI_MAGISTRATE,2026-10-21T20:16:12,2026-10-21T20:16:12,2026-10-21T20:16:12,19.107863,72.976405,Incident reported at Byculla Market Sector-55 under MO Commercial Extortion Racket.,CCTNS_MUMBAI,CCTNS_000623,v1.0,True
624,CR/0624/2025,CASE_2025_0624,2026-10-22T04:32:14,POL_612,PS_CHEMBUR,CAT_CRIMINAL,SERIOUS,NARCOTICS_COURIER_NETWORK,procure_contraband_consignment,UNDER_INVESTIGATION,COURT_MUMBAI_MAGISTRATE,2026-10-22T04:32:14,2026-10-22T04:32:14,2026-10-22T04:32:14,19.074607,72.900164,Incident reported at Sion Circle Sector-219 under MO Narcotics Courier Network.,CCTNS_MUMBAI,CCTNS_000624,v1.0,True
625,CR/0625/2025,CASE_2025_0625,2026-10-22T22:26:48,POL_925,PS_MALAD,CAT_CRIMINAL,HEINOUS,VEHICLE_THEFT_RING,observe_target_vehicle,UNDER_INVESTIGATION,COURT_MUMBAI_MAGISTRATE,2026-10-22T22:26:48,2026-10-22T22:26:48,2026-10-22T22:26:48,19.246494,72.908816,Incident reported at Sion Circle Sector-79 under MO Vehicle Theft Ring.,CCTNS_MUMBAI,CCTNS_000625,v1.0,True
626,CR/0626/2025,CASE_2025_0626,2026-10-24T18:22:42,POL_506,PS_JUHU,CAT_CRIMINAL,SERIOUS,ATM_CARD_SKIMMING,inspect_unattended_kiosk,UNDER_INVESTIGATION,COURT_MUMBAI_MAGISTRATE,2026-10-24T18:22:42,2026-10-24T18:22:42,2026-10-24T18:22:42,19.020901,72.757186,Incident reported at Tardeo Road Sector-240 under MO ATM/Card Skimming Racket.,CCTNS_MUMBAI,CCTNS_000626,v1.0,True
627,CR/0627/2025,CASE_2025_0627,2026-10-25T23:51:58,POL_546,PS_CHEMBUR,CAT_CRIMINAL,HEINOUS,CHAIN_SNATCHING,survey_pedestrian_victim,UNDER_INVESTIGATION,COURT_MUMBAI_MAGISTRATE,2026-10-25T23:51:58,2026-10-25T23:51:58,2026-10-25T23:51:58,19.091545,72.839182,Incident reported at Navi Mumbai Vashi Sector 17 Sector-18 under MO Two-Wheeler Chain Snatching.,CCTNS_MUMBAI,CCTNS_000627,v1.0,True
628,CR/0628/2025,CASE_2025_0628,2026-10-26T11:48:43,POL_179,PS_COLABA,CAT_CRIMINAL,SERIOUS,CYBER_FRAUD_CALL_CENTER,spoof_official_bank_helpline,UNDER_INVESTIGATION,COURT_MUMBAI_MAGISTRATE,2026-10-26T11:48:43,2026-10-26T11:48:43,2026-10-26T11:48:43,19.135355,72.889045,Incident reported at Borivali West Station Area Sector-214 under MO Cyber Fraud Call Center.,CCTNS_MUMBAI,CCTNS_000628,v1.0,True
629,CR/0629/2025,CASE_2025_0629,2026-10-28T02:38:59,POL_539,PS_JUHU,CAT_CRIMINAL,HEINOUS,EXTORTION_RACKET,identify_prominent_local_trader,UNDER_INVESTIGATION,COURT_MUMBAI_MAGISTRATE,2026-10-28T02:38:59,2026-10-28T02:38:59,2026-10-28T02:38:59,19.127604,72.822354,Incident reported at Crawford Market Sector-23 under MO Commercial Extortion Racket.,CCTNS_MUMBAI,CCTNS_000629,v1.0,True
630,CR/0630/2025,CASE_2025_0630,2026-10-28T13:10:00,POL_826,PS_BORIVALI,CAT_CRIMINAL,SERIOUS,NARCOTICS_COURIER_NETWORK,procure_contraband_consignment,UNDER_INVESTIGATION,COURT_MUMBAI_MAGISTRATE,2026-10-28T13:10:00,2026-10-28T13:10:00,2026-10-28T13:10:00,18.917646,72.825292,Incident reported at Sion Circle Sector-139 under MO Narcotics Courier Network.,CCTNS_MUMBAI,CCTNS_000630,v1.0,True
631,CR/0631/2025,CASE_2025_0631,2026-10-30T00:34:10,POL_396,PS_BYCULLA,CAT_CRIMINAL,HEINOUS,VEHICLE_THEFT_RING,observe_target_vehicle,UNDER_INVESTIGATION,COURT_MUMBAI_MAGISTRATE,2026-10-30T00:34:10,2026-10-30T00:34:10,2026-10-30T00:34:10,19.025389,72.81879,Incident reported at Bandra Kurla Complex Sector-144 under MO Vehicle Theft Ring.,CCTNS_MUMBAI,CCTNS_000631,v1.0,True
632,CR/0632/2025,CASE_2025_0632,2026-11-01T01:50:29,POL_121,PS_BANDRA,CAT_CRIMINAL,SERIOUS,ATM_CARD_SKIMMING,inspect_unattended_kiosk,UNDER_INVESTIGATION,COURT_MUMBAI_MAGISTRATE,2026-11-01T01:50:29,2026-11-01T01:50:29,2026-11-01T01:50:29,19.129388,72.975634,Incident reported at Borivali West Station Area Sector-134 under MO ATM/Card Skimming Racket.,CCTNS_MUMBAI,CCTNS_000632,v1.0,True
633,CR/0633/2025,CASE_2025_0633,2026-11-01T10:00:48,POL_920,PS_JUHU,CAT_CRIMINAL,HEINOUS,CHAIN_SNATCHING,survey_pedestrian_victim,UNDER_INVESTIGATION,COURT_MUMBAI_MAGISTRATE,2026-11-01T10:00:48,2026-11-01T10:00:48,2026-11-01T10:00:48,18.931548,72.902706,Incident reported at Colaba Causeway Sector-202 under MO Two-Wheeler Chain Snatching.,CCTNS_MUMBAI,CCTNS_000633,v1.0,True
634,CR/0634/2025,CASE_2025_0634,2026-11-02T09:01:12,POL_951,PS_BORIVALI,CAT_CRIMINAL,SERIOUS,CYBER_FRAUD_CALL_CENTER,spoof_official_bank_helpline,UNDER_INVESTIGATION,COURT_MUMBAI_MAGISTRATE,2026-11-02T09:01:12,2026-11-02T09:01:12,2026-11-02T09:01:12,18.920401,72.943799,Incident reported at Kurla West Terminus Sector-126 under MO Cyber Fraud Call Center.,CCTNS_MUMBAI,CCTNS_000634,v1.0,True
635,CR/0635/2025,CASE_2025_0635,2026-11-05T16:48:35,POL_190,PS_CHEMBUR,CAT_CRIMINAL,HEINOUS,EXTORTION_RACKET,identify_prominent_local_trader,UNDER_INVESTIGATION,COURT_MUMBAI_MAGISTRATE,2026-11-05T16:48:35,2026-11-05T16:48:35,2026-11-05T16:48:35,19.263206,72.886056,Incident reported at Sewri Timber Market Sector-136 under MO Commercial Extortion Racket.,CCTNS_MUMBAI,CCTNS_000635,v1.0,True
636,CR/0636/2025,CASE_2025_0636,2026-11-06T04:41:52,POL_349,PS_WORLI,CAT_CRIMINAL,SERIOUS,NARCOTICS_COURIER_NETWORK,procure_contraband_consignment,UNDER_INVESTIGATION,COURT_MUMBAI_MAGISTRATE,2026-11-06T04:41:52,2026-11-06T04:41:52,2026-11-06T04:41:52,19.040161,72.763439,Incident reported at Ghatkopar Central Mall Sector-111 under MO Narcotics Courier Network.,CCTNS_MUMBAI,CCTNS_000636,v1.0,True
637,CR/0637/2025,CASE_2025_0637,2026-11-08T04:07:49,POL_510,PS_WORLI,CAT_CRIMINAL,HEINOUS,VEHICLE_THEFT_RING,observe_target_vehicle,UNDER_INVESTIGATION,COURT_MUMBAI_MAGISTRATE,2026-11-08T04:07:49,2026-11-08T04:07:49,2026-11-08T04:07:49,19.163233,72.906462,Incident reported at Lower Parel Business Park Sector-230 under MO Vehicle Theft Ring.,CCTNS_MUMBAI,CCTNS_000637,v1.0,True
638,CR/0638/2025,CASE_2025_0638,2026-11-09T05:52:58,POL_505,PS_MALAD,CAT_CRIMINAL,SERIOUS,ATM_CARD_SKIMMING,inspect_unattended_kiosk,UNDER_INVESTIGATION,COURT_MUMBAI_MAGISTRATE,2026-11-09T05:52:58,2026-11-09T05:52:58,2026-11-09T05:52:58,19.001364,72.802881,Incident reported at Thane Station West Sector-37 under MO ATM/Card Skimming Racket.,CCTNS_MUMBAI,CCTNS_000638,v1.0,True
639,CR/0639/2025,CASE_2025_0639,2026-11-10T16:02:59,POL_447,PS_ANDHERI,CAT_CRIMINAL,HEINOUS,CHAIN_SNATCHING,survey_pedestrian_victim,UNDER_INVESTIGATION,COURT_MUMBAI_MAGISTRATE,2026-11-10T16:02:59,2026-11-10T16:02:59,2026-11-10T16:02:59,18.969221,72.959798,Incident reported at Ghatkopar Central Mall Sector-151 under MO Two-Wheeler Chain Snatching.,CCTNS_MUMBAI,CCTNS_000639,v1.0,True
640,CR/0640/2025,CASE_2025_0640,2026-11-11T20:36:07,POL_897,PS_KURLA,CAT_CRIMINAL,SERIOUS,CYBER_FRAUD_CALL_CENTER,spoof_official_bank_helpline,UNDER_INVESTIGATION,COURT_MUMBAI_MAGISTRATE,2026-11-11T20:36:07,2026-11-11T20:36:07,2026-11-11T20:36:07,19.274457,72.984836,Incident reported at Colaba Causeway Sector-142 under MO Cyber Fraud Call Center.,CCTNS_MUMBAI,CCTNS_000640,v1.0,True
641,CR/0641/2025,CASE_2025_0641,2026-11-13T19:31:22,POL_622,PS_DHARAVI,CAT_CRIMINAL,HEINOUS,EXTORTION_RACKET,identify_prominent_local_trader,UNDER_INVESTIGATION,COURT_MUMBAI_MAGISTRATE,2026-11-13T19:31:22,2026-11-13T19:31:22,2026-11-13T19:31:22,19.237965,72.857636,Incident reported at Kurla West Terminus Sector-26 under MO Commercial Extortion Racket.,CCTNS_MUMBAI,CCTNS_000641,v1.0,True
642,CR/0642/2025,CASE_2025_0642,2026-11-14T20:14:16,POL_643,PS_BYCULLA,CAT_CRIMINAL,SERIOUS,NARCOTICS_COURIER_NETWORK,procure_contraband_consignment,UNDER_INVESTIGATION,COURT_MUMBAI_MAGISTRATE,2026-11-14T20:14:16,2026-11-14T20:14:16,2026-11-14T20:14:16,19.234082,72.77239,Incident reported at Worli Sea Face Sector-129 under MO Narcotics Courier Network.,CCTNS_MUMBAI,CCTNS_000642,v1.0,True
643,CR/0643/2025,CASE_2025_0643,2026-11-17T18:34:00,POL_894,PS_MALAD,CAT_CRIMINAL,HEINOUS,VEHICLE_THEFT_RING,observe_target_vehicle,UNDER_INVESTIGATION,COURT_MUMBAI_MAGISTRATE,2026-11-17T18:34:00,2026-11-17T18:34:00,2026-11-17T18:34:00,19.258508,72.943782,Incident reported at Juhu Tara Road Sector-247 under MO Vehicle Theft Ring.,CCTNS_MUMBAI,CCTNS_000643,v1.0,True
644,CR/0644/2025,CASE_2025_0644,2026-11-18T09:59:32,POL_844,PS_JUHU,CAT_CRIMINAL,SERIOUS,ATM_CARD_SKIMMING,inspect_unattended_kiosk,UNDER_INVESTIGATION,COURT_MUMBAI_MAGISTRATE,2026-11-18T09:59:32,2026-11-18T09:59:32,2026-11-18T09:59:32,18.901633,72.775442,Incident reported at Navi Mumbai Vashi Sector 17 Sector-98 under MO ATM/Card Skimming Racket.,CCTNS_MUMBAI,CCTNS_000644,v1.0,True
645,CR/0645/2025,CASE_2025_0645,2026-11-20T11:46:03,POL_341,PS_BYCULLA,CAT_CRIMINAL,HEINOUS,CHAIN_SNATCHING,survey_pedestrian_victim,UNDER_INVESTIGATION,COURT_MUMBAI_MAGISTRATE,2026-11-20T11:46:03,2026-11-20T11:46:03,2026-11-20T11:46:03,19.201891,72.784229,Incident reported at Thane Station West Sector-137 under MO Two-Wheeler Chain Snatching.,CCTNS_MUMBAI,CCTNS_000645,v1.0,True
646,CR/0646/2025,CASE_2025_0646,2026-11-20T13:50:32,POL_362,PS_BANDRA,CAT_CRIMINAL,SERIOUS,CYBER_FRAUD_CALL_CENTER,spoof_official_bank_helpline,UNDER_INVESTIGATION,COURT_MUMBAI_MAGISTRATE,2026-11-20T13:50:32,2026-11-20T13:50:32,2026-11-20T13:50:32,19.233761,72.943794,Incident reported at Lower Parel Business Park Sector-130 under MO Cyber Fraud Call Center.,CCTNS_MUMBAI,CCTNS_000646,v1.0,True
647,CR/0647/2025,CASE_2025_0647,2026-11-21T16:54:12,POL_716,PS_KURLA,CAT_CRIMINAL,HEINOUS,EXTORTION_RACKET,identify_prominent_local_trader,UNDER_INVESTIGATION,COURT_MUMBAI_MAGISTRATE,2026-11-21T16:54:12,2026-11-21T16:54:12,2026-11-21T16:54:12,19.063756,72.945744,Incident reported at Borivali West Station Area Sector-54 under MO Commercial Extortion Racket.,CCTNS_MUMBAI,CCTNS_000647,v1.0,True
648,CR/0648/2025,CASE_2025_0648,2026-11-25T01:52:44,POL_177,PS_DHARAVI,CAT_CRIMINAL,SERIOUS,NARCOTICS_COURIER_NETWORK,procure_contraband_consignment,UNDER_INVESTIGATION,COURT_MUMBAI_MAGISTRATE,2026-11-25T01:52:44,2026-11-25T01:52:44,2026-11-25T01:52:44,19.255932,72.983203,Incident reported at Crawford Market Sector-143 under MO Narcotics Courier Network.,CCTNS_MUMBAI,CCTNS_000648,v1.0,True
649,CR/0649/2025,CASE_2025_0649,2026-11-25T17:52:20,POL_605,PS_DHARAVI,CAT_CRIMINAL,HEINOUS,VEHICLE_THEFT_RING,observe_target_vehicle,UNDER_INVESTIGATION,COURT_MUMBAI_MAGISTRATE,2026-11-25T17:52:20,2026-11-25T17:52:20,2026-11-25T17:52:20,19.250633,72.796283,Incident reported at Andheri East MIDC Sector-225 under MO Vehicle Theft Ring.,CCTNS_MUMBAI,CCTNS_000649,v1.0,True
650,CR/0650/2025,CASE_2025_0650,2026-11-25T23:43:46,POL_878,PS_GHATKOPAR,CAT_CRIMINAL,SERIOUS,ATM_CARD_SKIMMING,inspect_unattended_kiosk,UNDER_INVESTIGATION,COURT_MUMBAI_MAGISTRATE,2026-11-25T23:43:46,2026-11-25T23:43:46,2026-11-25T23:43:46,19.072515,72.983484,Incident reported at Andheri East MIDC Sector-85 under MO ATM/Card Skimming Racket.,CCTNS_MUMBAI,CCTNS_000650,v1.0,True
651,CR/0651/2025,CASE_2025_0651,2026-11-26T02:05:18,POL_797,PS_BORIVALI,CAT_CRIMINAL,HEINOUS,CHAIN_SNATCHING,survey_pedestrian_victim,UNDER_INVESTIGATION,COURT_MUMBAI_MAGISTRATE,2026-11-26T02:05:18,2026-11-26T02:05:18,2026-11-26T02:05:18,18.941219,72.898344,Incident reported at Dadar TT Circle Sector-208 under MO Two-Wheeler Chain Snatching.,CCTNS_MUMBAI,CCTNS_000651,v1.0,True
652,CR/0652/2025,CASE_2025_0652,2026-11-28T13:30:55,POL_750,PS_BORIVALI,CAT_CRIMINAL,SERIOUS,CYBER_FRAUD_CALL_CENTER,spoof_official_bank_helpline,UNDER_INVESTIGATION,COURT_MUMBAI_MAGISTRATE,2026-11-28T13:30:55,2026-11-28T13:30:55,2026-11-28T13:30:55,19.133717,72.90334,Incident reported at Byculla Market Sector-175 under MO Cyber Fraud Call Center.,CCTNS_MUMBAI,CCTNS_000652,v1.0,True
653,CR/0653/2025,CASE_2025_0653,2026-11-29T22:50:42,POL_984,PS_BORIVALI,CAT_CRIMINAL,HEINOUS,EXTORTION_RACKET,identify_prominent_local_trader,UNDER_INVESTIGATION,COURT_MUMBAI_MAGISTRATE,2026-11-29T22:50:42,2026-11-29T22:50:42,2026-11-29T22:50:42,19.109579,72.905105,Incident reported at Dadar TT Circle Sector-248 under MO Commercial Extortion Racket.,CCTNS_MUMBAI,CCTNS_000653,v1.0,True
654,CR/0654/2025,CASE_2025_0654,2026-11-30T09:40:16,POL_254,PS_BYCULLA,CAT_CRIMINAL,SERIOUS,NARCOTICS_COURIER_NETWORK,procure_contraband_consignment,UNDER_INVESTIGATION,COURT_MUMBAI_MAGISTRATE,2026-11-30T09:40:16,2026-11-30T09:40:16,2026-11-30T09:40:16,18.975889,72.965498,Incident reported at Ghatkopar Central Mall Sector-211 under MO Narcotics Courier Network.,CCTNS_MUMBAI,CCTNS_000654,v1.0,True
655,CR/0655/2025,CASE_2025_0655,2026-11-30T16:22:34,POL_580,PS_GHATKOPAR,CAT_CRIMINAL,HEINOUS,VEHICLE_THEFT_RING,observe_target_vehicle,UNDER_INVESTIGATION,COURT_MUMBAI_MAGISTRATE,2026-11-30T16:22:34,2026-11-30T16:22:34,2026-11-30T16:22:34,19.225721,72.777266,Incident reported at Malad Link Road Sector-173 under MO Vehicle Theft Ring.,CCTNS_MUMBAI,CCTNS_000655,v1.0,True
656,CR/0656/2025,CASE_2025_0656,2026-12-01T03:52:50,POL_410,PS_GHATKOPAR,CAT_CRIMINAL,SERIOUS,ATM_CARD_SKIMMING,inspect_unattended_kiosk,UNDER_INVESTIGATION,COURT_MUMBAI_MAGISTRATE,2026-12-01T03:52:50,2026-12-01T03:52:50,2026-12-01T03:52:50,19.180291,72.842196,Incident reported at Malad Link Road Sector-33 under MO ATM/Card Skimming Racket.,CCTNS_MUMBAI,CCTNS_000656,v1.0,True
657,CR/0657/2025,CASE_2025_0657,2026-12-03T05:09:55,POL_157,PS_ANDHERI,CAT_CRIMINAL,HEINOUS,CHAIN_SNATCHING,survey_pedestrian_victim,UNDER_INVESTIGATION,COURT_MUMBAI_MAGISTRATE,2026-12-03T05:09:55,2026-12-03T05:09:55,2026-12-03T05:09:55,19.136087,72.826845,Incident reported at Navi Mumbai Vashi Sector 17 Sector-158 under MO Two-Wheeler Chain Snatching.,CCTNS_MUMBAI,CCTNS_000657,v1.0,True
658,CR/0658/2025,CASE_2025_0658,2026-12-06T05:07:10,POL_175,PS_JUHU,CAT_CRIMINAL,SERIOUS,CYBER_FRAUD_CALL_CENTER,spoof_official_bank_helpline,UNDER_INVESTIGATION,COURT_MUMBAI_MAGISTRATE,2026-12-06T05:07:10,2026-12-06T05:07:10,2026-12-06T05:07:10,19.040161,72.763439,Incident reported at Ghatkopar Central Mall Sector-111 under MO Cyber Fraud Call Center.,CCTNS_MUMBAI,CCTNS_000658,v1.0,True
659,CR/0659/2025,CASE_2025_0659,2026-12-08T07:15:00,POL_562,PS_ANDHERI,CAT_CRIMINAL,HEINOUS,EXTORTION_RACKET,identify_prominent_local_trader,UNDER_INVESTIGATION,COURT_MUMBAI_MAGISTRATE,2026-12-08T07:15:00,2026-12-08T07:15:00,2026-12-08T07:15:00,19.22675,72.777549,Incident reported at Juhu Tara Road Sector-227 under MO Commercial Extortion Racket.,CCTNS_MUMBAI,CCTNS_000659,v1.0,True
660,CR/0660/2025,CASE_2025_0660,2026-12-09T16:07:59,POL_477,PS_COLABA,CAT_CRIMINAL,SERIOUS,NARCOTICS_COURIER_NETWORK,procure_contraband_consignment,UNDER_INVESTIGATION,COURT_MUMBAI_MAGISTRATE,2026-12-09T16:07:59,2026-12-09T16:07:59,2026-12-09T16:07:59,18.935289,72.976567,Incident reported at Kurla West Terminus Sector-86 under MO Narcotics Courier Network.,CCTNS_MUMBAI,CCTNS_000660,v1.0,True
661,CR/0661/2025,CASE_2025_0661,2026-12-10T16:38:49,POL_760,PS_ANDHERI,CAT_CRIMINAL,HEINOUS,VEHICLE_THEFT_RING,observe_target_vehicle,UNDER_INVESTIGATION,COURT_MUMBAI_MAGISTRATE,2026-12-10T16:38:49,2026-12-10T16:38:49,2026-12-10T16:38:49,19.154947,72.795084,Incident reported at Thane Station West Sector-57 under MO Vehicle Theft Ring.,CCTNS_MUMBAI,CCTNS_000661,v1.0,True
662,CR/0662/2025,CASE_2025_0662,2026-12-10T18:46:01,POL_708,PS_BANDRA,CAT_CRIMINAL,SERIOUS,ATM_CARD_SKIMMING,inspect_unattended_kiosk,UNDER_INVESTIGATION,COURT_MUMBAI_MAGISTRATE,2026-12-10T18:46:01,2026-12-10T18:46:01,2026-12-10T18:46:01,19.005832,72.976442,Incident reported at Colaba Causeway Sector-122 under MO ATM/Card Skimming Racket.,CCTNS_MUMBAI,CCTNS_000662,v1.0,True
663,CR/0663/2025,CASE_2025_0663,2026-12-10T19:32:25,POL_573,PS_MALAD,CAT_CRIMINAL,HEINOUS,CHAIN_SNATCHING,survey_pedestrian_victim,UNDER_INVESTIGATION,COURT_MUMBAI_MAGISTRATE,2026-12-10T19:32:25,2026-12-10T19:32:25,2026-12-10T19:32:25,19.187287,72.797873,Incident reported at Borivali West Station Area Sector-154 under MO Two-Wheeler Chain Snatching.,CCTNS_MUMBAI,CCTNS_000663,v1.0,True
664,CR/0664/2025,CASE_2025_0664,2026-12-11T22:01:39,POL_910,PS_BORIVALI,CAT_CRIMINAL,SERIOUS,CYBER_FRAUD_CALL_CENTER,spoof_official_bank_helpline,UNDER_INVESTIGATION,COURT_MUMBAI_MAGISTRATE,2026-12-11T22:01:39,2026-12-11T22:01:39,2026-12-11T22:01:39,19.20109,72.869676,Incident reported at Lower Parel Business Park Sector-250 under MO Cyber Fraud Call Center.,CCTNS_MUMBAI,CCTNS_000664,v1.0,True
665,CR/0665/2025,CASE_2025_0665,2026-12-12T20:23:05,POL_560,PS_CHEMBUR,CAT_CRIMINAL,HEINOUS,EXTORTION_RACKET,identify_prominent_local_trader,UNDER_INVESTIGATION,COURT_MUMBAI_MAGISTRATE,2026-12-12T20:23:05,2026-12-12T20:23:05,2026-12-12T20:23:05,19.013713,72.776767,Incident reported at Byculla Market Sector-15 under MO Commercial Extortion Racket.,CCTNS_MUMBAI,CCTNS_000665,v1.0,True
666,CR/0666/2025,CASE_2025_0666,2026-12-16T05:38:09,POL_292,PS_BORIVALI,CAT_CRIMINAL,SERIOUS,NARCOTICS_COURIER_NETWORK,procure_contraband_consignment,UNDER_INVESTIGATION,COURT_MUMBAI_MAGISTRATE,2026-12-16T05:38:09,2026-12-16T05:38:09,2026-12-16T05:38:09,18.920269,72.940906,Incident reported at Navi Mumbai Vashi Sector 17 Sector-218 under MO Narcotics Courier Network.,CCTNS_MUMBAI,CCTNS_000666,v1.0,True
667,CR/0667/2025,CASE_2025_0667,2026-12-16T22:06:10,POL_587,PS_JUHU,CAT_CRIMINAL,HEINOUS,VEHICLE_THEFT_RING,observe_target_vehicle,UNDER_INVESTIGATION,COURT_MUMBAI_MAGISTRATE,2026-12-16T22:06:10,2026-12-16T22:06:10,2026-12-16T22:06:10,19.070731,72.892542,Incident reported at Sion Circle Sector-99 under MO Vehicle Theft Ring.,CCTNS_MUMBAI,CCTNS_000667,v1.0,True
668,CR/0668/2025,CASE_2025_0668,2026-12-18T12:04:40,POL_163,PS_MALAD,CAT_CRIMINAL,SERIOUS,ATM_CARD_SKIMMING,inspect_unattended_kiosk,UNDER_INVESTIGATION,COURT_MUMBAI_MAGISTRATE,2026-12-18T12:04:40,2026-12-18T12:04:40,2026-12-18T12:04:40,19.042919,72.823547,Incident reported at Juhu Tara Road Sector-7 under MO ATM/Card Skimming Racket.,CCTNS_MUMBAI,CCTNS_000668,v1.0,True
669,CR/0669/2025,CASE_2025_0669,2026-12-18T16:49:12,POL_930,PS_GHATKOPAR,CAT_CRIMINAL,HEINOUS,CHAIN_SNATCHING,survey_pedestrian_victim,UNDER_INVESTIGATION,COURT_MUMBAI_MAGISTRATE,2026-12-18T16:49:12,2026-12-18T16:49:12,2026-12-18T16:49:12,18.925352,72.792195,Incident reported at Crawford Market Sector-183 under MO Two-Wheeler Chain Snatching.,CCTNS_MUMBAI,CCTNS_000669,v1.0,True
670,CR/0670/2025,CASE_2025_0670,2026-12-19T07:56:09,POL_186,PS_JUHU,CAT_CRIMINAL,SERIOUS,CYBER_FRAUD_CALL_CENTER,spoof_official_bank_helpline,UNDER_INVESTIGATION,COURT_MUMBAI_MAGISTRATE,2026-12-19T07:56:09,2026-12-19T07:56:09,2026-12-19T07:56:09,19.133643,72.918502,Incident reported at Kurla West Terminus Sector-186 under MO Cyber Fraud Call Center.,CCTNS_MUMBAI,CCTNS_000670,v1.0,True
671,CR/0671/2025,CASE_2025_0671,2026-12-20T12:12:13,POL_276,PS_MALAD,CAT_CRIMINAL,HEINOUS,EXTORTION_RACKET,identify_prominent_local_trader,UNDER_INVESTIGATION,COURT_MUMBAI_MAGISTRATE,2026-12-20T12:12:13,2026-12-20T12:12:13,2026-12-20T12:12:13,19.209002,72.984237,Incident reported at Chembur Colony Sector-112 under MO Commercial Extortion Racket.,CCTNS_MUMBAI,CCTNS_000671,v1.0,True
672,CR/0672/2025,CASE_2025_0672,2026-12-21T03:34:59,POL_824,PS_COLABA,CAT_CRIMINAL,SERIOUS,NARCOTICS_COURIER_NETWORK,procure_contraband_consignment,UNDER_INVESTIGATION,COURT_MUMBAI_MAGISTRATE,2026-12-21T03:34:59,2026-12-21T03:34:59,2026-12-21T03:34:59,19.007113,72.826829,Incident reported at Worli Sea Face Sector-249 under MO Narcotics Courier Network.,CCTNS_MUMBAI,CCTNS_000672,v1.0,True
673,CR/0673/2025,CASE_2025_0673,2026-12-23T02:21:51,POL_636,PS_GHATKOPAR,CAT_CRIMINAL,HEINOUS,VEHICLE_THEFT_RING,observe_target_vehicle,UNDER_INVESTIGATION,COURT_MUMBAI_MAGISTRATE,2026-12-23T02:21:51,2026-12-23T02:21:51,2026-12-23T02:21:51,19.135355,72.889045,Incident reported at Borivali West Station Area Sector-214 under MO Vehicle Theft Ring.,CCTNS_MUMBAI,CCTNS_000673,v1.0,True
674,CR/0674/2025,CASE_2025_0674,2026-12-23T23:35:39,POL_262,PS_MALAD,CAT_CRIMINAL,SERIOUS,ATM_CARD_SKIMMING,inspect_unattended_kiosk,UNDER_INVESTIGATION,COURT_MUMBAI_MAGISTRATE,2026-12-23T23:35:39,2026-12-23T23:35:39,2026-12-23T23:35:39,19.250892,72.773928,Incident reported at Worli Sea Face Sector-189 under MO ATM/Card Skimming Racket.,CCTNS_MUMBAI,CCTNS_000674,v1.0,True
675,CR/0675/2025,CASE_2025_0675,2026-12-24T19:40:04,POL_389,PS_JUHU,CAT_CRIMINAL,HEINOUS,CHAIN_SNATCHING,survey_pedestrian_victim,UNDER_INVESTIGATION,COURT_MUMBAI_MAGISTRATE,2026-12-24T19:40:04,2026-12-24T19:40:04,2026-12-24T19:40:04,19.136087,72.826845,Incident reported at Navi Mumbai Vashi Sector 17 Sector-158 under MO Two-Wheeler Chain Snatching.,CCTNS_MUMBAI,CCTNS_000675,v1.0,True
676,CR/0676/2025,CASE_2025_0676,2026-12-25T10:27:29,POL_893,PS_WORLI,CAT_CRIMINAL,SERIOUS,CYBER_FRAUD_CALL_CENTER,spoof_official_bank_helpline,UNDER_INVESTIGATION,COURT_MUMBAI_MAGISTRATE,2026-12-25T10:27:29,2026-12-25T10:27:29,2026-12-25T10:27:29,18.966455,72.800343,Incident reported at Navi Mumbai Vashi Sector 17 Sector-178 under MO Cyber Fraud Call Center.,CCTNS_MUMBAI,CCTNS_000676,v1.0,True
677,CR/0677/2025,CASE_2025_0677,2026-12-26T14:43:14,POL_712,PS_JUHU,CAT_CRIMINAL,HEINOUS,EXTORTION_RACKET,identify_prominent_local_trader,UNDER_INVESTIGATION,COURT_MUMBAI_MAGISTRATE,2026-12-26T14:43:14,2026-12-26T14:43:14,2026-12-26T14:43:14,19.094167,72.808861,Incident reported at Chembur Colony Sector-212 under MO Commercial Extortion Racket.,CCTNS_MUMBAI,CCTNS_000677,v1.0,True
678,CR/0678/2025,CASE_2025_0678,2026-12-26T19:05:42,POL_762,PS_COLABA,CAT_CRIMINAL,SERIOUS,NARCOTICS_COURIER_NETWORK,procure_contraband_consignment,UNDER_INVESTIGATION,COURT_MUMBAI_MAGISTRATE,2026-12-26T19:05:42,2026-12-26T19:05:42,2026-12-26T19:05:42,19.01349,72.836518,Incident reported at Byculla Market Sector-75 under MO Narcotics Courier Network.,CCTNS_MUMBAI,CCTNS_000678,v1.0,True
679,CR/0679/2025,CASE_2025_0679,2026-12-28T01:46:20,POL_437,PS_JUHU,CAT_CRIMINAL,HEINOUS,VEHICLE_THEFT_RING,observe_target_vehicle,UNDER_INVESTIGATION,COURT_MUMBAI_MAGISTRATE,2026-12-28T01:46:20,2026-12-28T01:46:20,2026-12-28T01:46:20,19.112666,72.943856,Incident reported at Ghatkopar Central Mall Sector-51 under MO Vehicle Theft Ring.,CCTNS_MUMBAI,CCTNS_000679,v1.0,True
680,CR/0680/2025,CASE_2025_0680,2026-12-28T23:39:42,POL_794,PS_BANDRA,CAT_CRIMINAL,SERIOUS,ATM_CARD_SKIMMING,inspect_unattended_kiosk,UNDER_INVESTIGATION,COURT_MUMBAI_MAGISTRATE,2026-12-28T23:39:42,2026-12-28T23:39:42,2026-12-28T23:39:42,19.112666,72.943856,Incident reported at Ghatkopar Central Mall Sector-51 under MO ATM/Card Skimming Racket.,CCTNS_MUMBAI,CCTNS_000680,v1.0,True
681,CR/0681/2025,CASE_2025_0681,2026-12-29T06:20:10,POL_358,PS_WORLI,CAT_CRIMINAL,HEINOUS,CHAIN_SNATCHING,survey_pedestrian_victim,UNDER_INVESTIGATION,COURT_MUMBAI_MAGISTRATE,2026-12-29T06:20:10,2026-12-29T06:20:10,2026-12-29T06:20:10,18.992883,72.879976,Incident reported at Thane Station West Sector-117 under MO Two-Wheeler Chain Snatching.,CCTNS_MUMBAI,CCTNS_000681,v1.0,True
682,CR/0682/2025,CASE_2025_0682,2026-12-29T19:51:22,POL_717,PS_CHEMBUR,CAT_CRIMINAL,SERIOUS,CYBER_FRAUD_CALL_CENTER,spoof_official_bank_helpline,UNDER_INVESTIGATION,COURT_MUMBAI_MAGISTRATE,2026-12-29T19:51:22,2026-12-29T19:51:22,2026-12-29T19:51:22,19.001364,72.802881,Incident reported at Thane Station West Sector-37 under MO Cyber Fraud Call Center.,CCTNS_MUMBAI,CCTNS_000682,v1.0,True
683,CR/0683/2025,CASE_2025_0683,2026-12-30T07:12:08,POL_183,PS_DHARAVI,CAT_CRIMINAL,HEINOUS,EXTORTION_RACKET,identify_prominent_local_trader,UNDER_INVESTIGATION,COURT_MUMBAI_MAGISTRATE,2026-12-30T07:12:08,2026-12-30T07:12:08,2026-12-30T07:12:08,19.269249,72.87516,Incident reported at Lower Parel Business Park Sector-110 under MO Commercial Extortion Racket.,CCTNS_MUMBAI,CCTNS_000683,v1.0,True
684,CR/0684/2025,CASE_2025_0684,2027-01-02T04:18:15,POL_244,PS_BORIVALI,CAT_CRIMINAL,SERIOUS,NARCOTICS_COURIER_NETWORK,procure_contraband_consignment,UNDER_INVESTIGATION,COURT_MUMBAI_MAGISTRATE,2027-01-02T04:18:15,2027-01-02T04:18:15,2027-01-02T04:18:15,19.009854,72.763743,Incident reported at Andheri East MIDC Sector-45 under MO Narcotics Courier Network.,CCTNS_MUMBAI,CCTNS_000684,v1.0,True
685,CR/0685/2025,CASE_2025_0685,2027-01-04T04:41:04,POL_771,PS_JUHU,CAT_CRIMINAL,HEINOUS,VEHICLE_THEFT_RING,observe_target_vehicle,UNDER_INVESTIGATION,COURT_MUMBAI_MAGISTRATE,2027-01-04T04:41:04,2027-01-04T04:41:04,2027-01-04T04:41:04,19.22675,72.777549,Incident reported at Juhu Tara Road Sector-227 under MO Vehicle Theft Ring.,CCTNS_MUMBAI,CCTNS_000685,v1.0,True
686,CR/0686/2025,CASE_2025_0686,2027-01-04T16:09:13,POL_501,PS_CHEMBUR,CAT_CRIMINAL,SERIOUS,ATM_CARD_SKIMMING,inspect_unattended_kiosk,UNDER_INVESTIGATION,COURT_MUMBAI_MAGISTRATE,2027-01-04T16:09:13,2027-01-04T16:09:13,2027-01-04T16:09:13,18.917302,72.756154,Incident reported at Juhu Tara Road Sector-207 under MO ATM/Card Skimming Racket.,CCTNS_MUMBAI,CCTNS_000686,v1.0,True
687,CR/0687/2025,CASE_2025_0687,2027-01-04T19:33:01,POL_825,PS_DHARAVI,CAT_CRIMINAL,HEINOUS,CHAIN_SNATCHING,survey_pedestrian_victim,UNDER_INVESTIGATION,COURT_MUMBAI_MAGISTRATE,2027-01-04T19:33:01,2027-01-04T19:33:01,2027-01-04T19:33:01,18.966455,72.800343,Incident reported at Navi Mumbai Vashi Sector 17 Sector-178 under MO Two-Wheeler Chain Snatching.,CCTNS_MUMBAI,CCTNS_000687,v1.0,True
688,CR/0688/2025,CASE_2025_0688,2027-01-05T05:25:55,POL_672,PS_BANDRA,CAT_CRIMINAL,SERIOUS,CYBER_FRAUD_CALL_CENTER,spoof_official_bank_helpline,UNDER_INVESTIGATION,COURT_MUMBAI_MAGISTRATE,2027-01-05T05:25:55,2027-01-05T05:25:55,2027-01-05T05:25:55,19.154947,72.795084,Incident reported at Thane Station West Sector-57 under MO Cyber Fraud Call Center.,CCTNS_MUMBAI,CCTNS_000688,v1.0,True
689,CR/0689/2025,CASE_2025_0689,2027-01-05T17:04:47,POL_910,PS_WORLI,CAT_CRIMINAL,HEINOUS,EXTORTION_RACKET,identify_prominent_local_trader,UNDER_INVESTIGATION,COURT_MUMBAI_MAGISTRATE,2027-01-05T17:04:47,2027-01-05T17:04:47,2027-01-05T17:04:47,19.011016,72.802743,Incident reported at Dadar TT Circle Sector-228 under MO Commercial Extortion Racket.,CCTNS_MUMBAI,CCTNS_000689,v1.0,True
690,CR/0690/2025,CASE_2025_0690,2027-01-06T02:41:21,POL_786,PS_JUHU,CAT_CRIMINAL,SERIOUS,NARCOTICS_COURIER_NETWORK,procure_contraband_consignment,UNDER_INVESTIGATION,COURT_MUMBAI_MAGISTRATE,2027-01-06T02:41:21,2027-01-06T02:41:21,2027-01-06T02:41:21,19.267046,72.969367,Incident reported at Malad Link Road Sector-193 under MO Narcotics Courier Network.,CCTNS_MUMBAI,CCTNS_000690,v1.0,True
691,CR/0691/2025,CASE_2025_0691,2027-01-07T16:08:35,POL_801,PS_CHEMBUR,CAT_CRIMINAL,HEINOUS,VEHICLE_THEFT_RING,observe_target_vehicle,UNDER_INVESTIGATION,COURT_MUMBAI_MAGISTRATE,2027-01-07T16:08:35,2027-01-07T16:08:35,2027-01-07T16:08:35,19.276912,72.896097,Incident reported at Chembur Colony Sector-132 under MO Vehicle Theft Ring.,CCTNS_MUMBAI,CCTNS_000691,v1.0,True
692,CR/0692/2025,CASE_2025_0692,2027-01-07T22:16:39,POL_761,PS_MALAD,CAT_CRIMINAL,SERIOUS,ATM_CARD_SKIMMING,inspect_unattended_kiosk,UNDER_INVESTIGATION,COURT_MUMBAI_MAGISTRATE,2027-01-07T22:16:39,2027-01-07T22:16:39,2027-01-07T22:16:39,18.901633,72.775442,Incident reported at Navi Mumbai Vashi Sector 17 Sector-98 under MO ATM/Card Skimming Racket.,CCTNS_MUMBAI,CCTNS_000692,v1.0,True
693,CR/0693/2025,CASE_2025_0693,2027-01-08T11:48:24,POL_620,PS_BYCULLA,CAT_CRIMINAL,HEINOUS,CHAIN_SNATCHING,survey_pedestrian_victim,UNDER_INVESTIGATION,COURT_MUMBAI_MAGISTRATE,2027-01-08T11:48:24,2027-01-08T11:48:24,2027-01-08T11:48:24,18.992985,72.964705,Incident reported at Sewri Timber Market Sector-216 under MO Two-Wheeler Chain Snatching.,CCTNS_MUMBAI,CCTNS_000693,v1.0,True
694,CR/0694/2025,CASE_2025_0694,2027-01-09T19:46:16,POL_471,PS_JUHU,CAT_CRIMINAL,SERIOUS,CYBER_FRAUD_CALL_CENTER,spoof_official_bank_helpline,UNDER_INVESTIGATION,COURT_MUMBAI_MAGISTRATE,2027-01-09T19:46:16,2027-01-09T19:46:16,2027-01-09T19:46:16,18.964013,72.842172,Incident reported at Sion Circle Sector-19 under MO Cyber Fraud Call Center.,CCTNS_MUMBAI,CCTNS_000694,v1.0,True
695,CR/0695/2025,CASE_2025_0695,2027-01-10T14:34:48,POL_319,PS_ANDHERI,CAT_CRIMINAL,HEINOUS,EXTORTION_RACKET,identify_prominent_local_trader,UNDER_INVESTIGATION,COURT_MUMBAI_MAGISTRATE,2027-01-10T14:34:48,2027-01-10T14:34:48,2027-01-10T14:34:48,18.881663,72.968174,Incident reported at Thane Station West Sector-197 under MO Commercial Extortion Racket.,CCTNS_MUMBAI,CCTNS_000695,v1.0,True
696,CR/0696/2025,CASE_2025_0696,2027-01-13T04:41:41,POL_296,PS_JUHU,CAT_CRIMINAL,SERIOUS,NARCOTICS_COURIER_NETWORK,procure_contraband_consignment,UNDER_INVESTIGATION,COURT_MUMBAI_MAGISTRATE,2027-01-13T04:41:41,2027-01-13T04:41:41,2027-01-13T04:41:41,18.975889,72.965498,Incident reported at Ghatkopar Central Mall Sector-211 under MO Narcotics Courier Network.,CCTNS_MUMBAI,CCTNS_000696,v1.0,True
697,CR/0697/2025,CASE_2025_0697,2027-01-13T08:42:49,POL_258,PS_KURLA,CAT_CRIMINAL,HEINOUS,VEHICLE_THEFT_RING,observe_target_vehicle,UNDER_INVESTIGATION,COURT_MUMBAI_MAGISTRATE,2027-01-13T08:42:49,2027-01-13T08:42:49,2027-01-13T08:42:49,18.920094,72.876427,Incident reported at Sion Circle Sector-59 under MO Vehicle Theft Ring.,CCTNS_MUMBAI,CCTNS_000697,v1.0,True
698,CR/0698/2025,CASE_2025_0698,2027-01-15T01:16:01,POL_964,PS_BANDRA,CAT_CRIMINAL,SERIOUS,ATM_CARD_SKIMMING,inspect_unattended_kiosk,UNDER_INVESTIGATION,COURT_MUMBAI_MAGISTRATE,2027-01-15T01:16:01,2027-01-15T01:16:01,2027-01-15T01:16:01,19.008102,72.843744,Incident reported at Dharavi Commercial Complex Sector-81 under MO ATM/Card Skimming Racket.,CCTNS_MUMBAI,CCTNS_000698,v1.0,True
699,CR/0699/2025,CASE_2025_0699,2027-01-15T10:59:59,POL_889,PS_BANDRA,CAT_CRIMINAL,HEINOUS,CHAIN_SNATCHING,survey_pedestrian_victim,UNDER_INVESTIGATION,COURT_MUMBAI_MAGISTRATE,2027-01-15T10:59:59,2027-01-15T10:59:59,2027-01-15T10:59:59,19.255932,72.983203,Incident reported at Crawford Market Sector-143 under MO Two-Wheeler Chain Snatching.,CCTNS_MUMBAI,CCTNS_000699,v1.0,True
700,CR/0700/2025,CASE_2025_0700,2027-01-17T20:20:33,POL_639,PS_MALAD,CAT_CRIMINAL,SERIOUS,CYBER_FRAUD_CALL_CENTER,spoof_official_bank_helpline,UNDER_INVESTIGATION,COURT_MUMBAI_MAGISTRATE,2027-01-17T20:20:33,2027-01-17T20:20:33,2027-01-17T20:20:33,18.941219,72.898344,Incident reported at Dadar TT Circle Sector-208 under MO Cyber Fraud Call Center.,CCTNS_MUMBAI,CCTNS_000700,v1.0,True
701,CR/0701/2025,CASE_2025_0701,2027-01-18T00:58:47,POL_444,PS_COLABA,CAT_CRIMINAL,HEINOUS,EXTORTION_RACKET,identify_prominent_local_trader,UNDER_INVESTIGATION,COURT_MUMBAI_MAGISTRATE,2027-01-18T00:58:47,2027-01-18T00:58:47,2027-01-18T00:58:47,19.126587,72.771825,Incident reported at Kurla West Terminus Sector-6 under MO Commercial Extortion Racket.,CCTNS_MUMBAI,CCTNS_000701,v1.0,True
702,CR/0702/2025,CASE_2025_0702,2027-01-19T16:02:29,POL_711,PS_BORIVALI,CAT_CRIMINAL,SERIOUS,NARCOTICS_COURIER_NETWORK,procure_contraband_consignment,UNDER_INVESTIGATION,COURT_MUMBAI_MAGISTRATE,2027-01-19T16:02:29,2027-01-19T16:02:29,2027-01-19T16:02:29,19.201891,72.784229,Incident reported at Thane Station West Sector-137 under MO Narcotics Courier Network.,CCTNS_MUMBAI,CCTNS_000702,v1.0,True
703,CR/0703/2025,CASE_2025_0703,2027-01-20T23:48:37,POL_266,PS_WORLI,CAT_CRIMINAL,HEINOUS,VEHICLE_THEFT_RING,observe_target_vehicle,UNDER_INVESTIGATION,COURT_MUMBAI_MAGISTRATE,2027-01-20T23:48:37,2027-01-20T23:48:37,2027-01-20T23:48:37,19.24434,72.76625,Incident reported at Juhu Tara Road Sector-27 under MO Vehicle Theft Ring.,CCTNS_MUMBAI,CCTNS_000703,v1.0,True
704,CR/0704/2025,CASE_2025_0704,2027-01-21T10:44:31,POL_889,PS_DHARAVI,CAT_CRIMINAL,SERIOUS,ATM_CARD_SKIMMING,inspect_unattended_kiosk,UNDER_INVESTIGATION,COURT_MUMBAI_MAGISTRATE,2027-01-21T10:44:31,2027-01-21T10:44:31,2027-01-21T10:44:31,19.108759,72.892107,Incident reported at Byculla Market Sector-35 under MO ATM/Card Skimming Racket.,CCTNS_MUMBAI,CCTNS_000704,v1.0,True
705,CR/0705/2025,CASE_2025_0705,2027-01-21T17:52:12,POL_838,PS_BORIVALI,CAT_CRIMINAL,HEINOUS,CHAIN_SNATCHING,survey_pedestrian_victim,UNDER_INVESTIGATION,COURT_MUMBAI_MAGISTRATE,2027-01-21T17:52:12,2027-01-21T17:52:12,2027-01-21T17:52:12,19.013713,72.776767,Incident reported at Byculla Market Sector-15 under MO Two-Wheeler Chain Snatching.,CCTNS_MUMBAI,CCTNS_000705,v1.0,True
706,CR/0706/2025,CASE_2025_0706,2027-01-22T13:50:16,POL_520,PS_GHATKOPAR,CAT_CRIMINAL,SERIOUS,CYBER_FRAUD_CALL_CENTER,spoof_official_bank_helpline,UNDER_INVESTIGATION,COURT_MUMBAI_MAGISTRATE,2027-01-22T13:50:16,2027-01-22T13:50:16,2027-01-22T13:50:16,19.227013,72.941372,Incident reported at Navi Mumbai Vashi Sector 17 Sector-138 under MO Cyber Fraud Call Center.,CCTNS_MUMBAI,CCTNS_000706,v1.0,True
707,CR/0707/2025,CASE_2025_0707,2027-01-28T09:36:40,POL_836,PS_JUHU,CAT_CRIMINAL,HEINOUS,EXTORTION_RACKET,identify_prominent_local_trader,UNDER_INVESTIGATION,COURT_MUMBAI_MAGISTRATE,2027-01-28T09:36:40,2027-01-28T09:36:40,2027-01-28T09:36:40,19.009493,72.986728,Incident reported at Ghatkopar Central Mall Sector-171 under MO Commercial Extortion Racket.,CCTNS_MUMBAI,CCTNS_000707,v1.0,True
708,CR/0708/2025,CASE_2025_0708,2027-01-30T11:19:20,POL_725,PS_KURLA,CAT_CRIMINAL,SERIOUS,NARCOTICS_COURIER_NETWORK,procure_contraband_consignment,UNDER_INVESTIGATION,COURT_MUMBAI_MAGISTRATE,2027-01-30T11:19:20,2027-01-30T11:19:20,2027-01-30T11:19:20,19.034153,72.834794,Incident reported at Ghatkopar Central Mall Sector-71 under MO Narcotics Courier Network.,CCTNS_MUMBAI,CCTNS_000708,v1.0,True
709,CR/0709/2025,CASE_2025_0709,2027-01-31T07:10:25,POL_902,PS_ANDHERI,CAT_CRIMINAL,HEINOUS,VEHICLE_THEFT_RING,observe_target_vehicle,UNDER_INVESTIGATION,COURT_MUMBAI_MAGISTRATE,2027-01-31T07:10:25,2027-01-31T07:10:25,2027-01-31T07:10:25,18.946261,72.7994,Incident reported at Borivali West Station Area Sector-234 under MO Vehicle Theft Ring.,CCTNS_MUMBAI,CCTNS_000709,v1.0,True
710,CR/0710/2025,CASE_2025_0710,2027-01-31T09:54:43,POL_646,PS_GHATKOPAR,CAT_CRIMINAL,SERIOUS,ATM_CARD_SKIMMING,inspect_unattended_kiosk,UNDER_INVESTIGATION,COURT_MUMBAI_MAGISTRATE,2027-01-31T09:54:43,2027-01-31T09:54:43,2027-01-31T09:54:43,19.265346,72.821257,Incident reported at Kurla West Terminus Sector-166 under MO ATM/Card Skimming Racket.,CCTNS_MUMBAI,CCTNS_000710,v1.0,True
711,CR/0711/2025,CASE_2025_0711,2027-02-01T07:57:48,POL_928,PS_KURLA,CAT_CRIMINAL,HEINOUS,CHAIN_SNATCHING,survey_pedestrian_victim,UNDER_INVESTIGATION,COURT_MUMBAI_MAGISTRATE,2027-02-01T07:57:48,2027-02-01T07:57:48,2027-02-01T07:57:48,19.118844,72.931565,Incident reported at Navi Mumbai Vashi Sector 17 Sector-118 under MO Two-Wheeler Chain Snatching.,CCTNS_MUMBAI,CCTNS_000711,v1.0,True
712,CR/0712/2025,CASE_2025_0712,2027-02-03T15:06:17,POL_476,PS_GHATKOPAR,CAT_CRIMINAL,SERIOUS,CYBER_FRAUD_CALL_CENTER,spoof_official_bank_helpline,UNDER_INVESTIGATION,COURT_MUMBAI_MAGISTRATE,2027-02-03T15:06:17,2027-02-03T15:06:17,2027-02-03T15:06:17,19.22675,72.777549,Incident reported at Juhu Tara Road Sector-227 under MO Cyber Fraud Call Center.,CCTNS_MUMBAI,CCTNS_000712,v1.0,True
713,CR/0713/2025,CASE_2025_0713,2027-02-07T01:52:35,POL_551,PS_BYCULLA,CAT_CRIMINAL,HEINOUS,EXTORTION_RACKET,identify_prominent_local_trader,UNDER_INVESTIGATION,COURT_MUMBAI_MAGISTRATE,2027-02-07T01:52:35,2027-02-07T01:52:35,2027-02-07T01:52:35,19.133643,72.918502,Incident reported at Kurla West Terminus Sector-186 under MO Commercial Extortion Racket.,CCTNS_MUMBAI,CCTNS_000713,v1.0,True
714,CR/0714/2025,CASE_2025_0714,2027-02-07T05:48:05,POL_896,PS_GHATKOPAR,CAT_CRIMINAL,SERIOUS,NARCOTICS_COURIER_NETWORK,procure_contraband_consignment,UNDER_INVESTIGATION,COURT_MUMBAI_MAGISTRATE,2027-02-07T05:48:05,2027-02-07T05:48:05,2027-02-07T05:48:05,19.131823,72.89444,Incident reported at Tardeo Road Sector-20 under MO Narcotics Courier Network.,CCTNS_MUMBAI,CCTNS_000714,v1.0,True
715,CR/0715/2025,CASE_2025_0715,2027-02-07T15:39:30,POL_640,PS_WORLI,CAT_CRIMINAL,HEINOUS,VEHICLE_THEFT_RING,observe_target_vehicle,UNDER_INVESTIGATION,COURT_MUMBAI_MAGISTRATE,2027-02-07T15:39:30,2027-02-07T15:39:30,2027-02-07T15:39:30,19.100677,72.903213,Incident reported at Sion Circle Sector-119 under MO Vehicle Theft Ring.,CCTNS_MUMBAI,CCTNS_000715,v1.0,True
716,CR/0716/2025,CASE_2025_0716,2027-02-10T18:27:49,POL_936,PS_WORLI,CAT_CRIMINAL,SERIOUS,ATM_CARD_SKIMMING,inspect_unattended_kiosk,UNDER_INVESTIGATION,COURT_MUMBAI_MAGISTRATE,2027-02-10T18:27:49,2027-02-10T18:27:49,2027-02-10T18:27:49,18.960929,72.865302,Incident reported at Andheri East MIDC Sector-65 under MO ATM/Card Skimming Racket.,CCTNS_MUMBAI,CCTNS_000716,v1.0,True
717,CR/0717/2025,CASE_2025_0717,2027-02-11T15:53:19,POL_241,PS_KURLA,CAT_CRIMINAL,HEINOUS,CHAIN_SNATCHING,survey_pedestrian_victim,UNDER_INVESTIGATION,COURT_MUMBAI_MAGISTRATE,2027-02-11T15:53:19,2027-02-11T15:53:19,2027-02-11T15:53:19,18.908454,72.920557,Incident reported at Dharavi Commercial Complex Sector-141 under MO Two-Wheeler Chain Snatching.,CCTNS_MUMBAI,CCTNS_000717,v1.0,True
718,CR/0718/2025,CASE_2025_0718,2027-02-13T09:15:52,POL_756,PS_ANDHERI,CAT_CRIMINAL,SERIOUS,CYBER_FRAUD_CALL_CENTER,spoof_official_bank_helpline,UNDER_INVESTIGATION,COURT_MUMBAI_MAGISTRATE,2027-02-13T09:15:52,2027-02-13T09:15:52,2027-02-13T09:15:52,18.967712,72.981655,Incident reported at Kurla West Terminus Sector-46 under MO Cyber Fraud Call Center.,CCTNS_MUMBAI,CCTNS_000718,v1.0,True
719,CR/0719/2025,CASE_2025_0719,2027-02-13T23:39:40,POL_667,PS_GHATKOPAR,CAT_CRIMINAL,HEINOUS,EXTORTION_RACKET,identify_prominent_local_trader,UNDER_INVESTIGATION,COURT_MUMBAI_MAGISTRATE,2027-02-13T23:39:40,2027-02-13T23:39:40,2027-02-13T23:39:40,19.250899,72.814904,Incident reported at Tardeo Road Sector-40 under MO Commercial Extortion Racket.,CCTNS_MUMBAI,CCTNS_000719,v1.0,True
720,CR/0720/2025,CASE_2025_0720,2027-02-15T01:20:47,POL_966,PS_BANDRA,CAT_CRIMINAL,SERIOUS,NARCOTICS_COURIER_NETWORK,procure_contraband_consignment,UNDER_INVESTIGATION,COURT_MUMBAI_MAGISTRATE,2027-02-15T01:20:47,2027-02-15T01:20:47,2027-02-15T01:20:47,19.063651,72.893015,Incident reported at Byculla Market Sector-215 under MO Narcotics Courier Network.,CCTNS_MUMBAI,CCTNS_000720,v1.0,True
721,CR/0721/2025,CASE_2025_0721,2027-02-15T19:04:50,POL_391,PS_MALAD,CAT_CRIMINAL,HEINOUS,VEHICLE_THEFT_RING,observe_target_vehicle,UNDER_INVESTIGATION,COURT_MUMBAI_MAGISTRATE,2027-02-15T19:04:50,2027-02-15T19:04:50,2027-02-15T19:04:50,19.187287,72.797873,Incident reported at Borivali West Station Area Sector-154 under MO Vehicle Theft Ring.,CCTNS_MUMBAI,CCTNS_000721,v1.0,True
722,CR/0722/2025,CASE_2025_0722,2027-02-16T03:18:39,POL_379,PS_BANDRA,CAT_CRIMINAL,SERIOUS,ATM_CARD_SKIMMING,inspect_unattended_kiosk,UNDER_INVESTIGATION,COURT_MUMBAI_MAGISTRATE,2027-02-16T03:18:39,2027-02-16T03:18:39,2027-02-16T03:18:39,19.27616,72.972984,Incident reported at Andheri East MIDC Sector-5 under MO ATM/Card Skimming Racket.,CCTNS_MUMBAI,CCTNS_000722,v1.0,True
723,CR/0723/2025,CASE_2025_0723,2027-02-16T21:37:11,POL_250,PS_GHATKOPAR,CAT_CRIMINAL,HEINOUS,CHAIN_SNATCHING,survey_pedestrian_victim,UNDER_INVESTIGATION,COURT_MUMBAI_MAGISTRATE,2027-02-16T21:37:11,2027-02-16T21:37:11,2027-02-16T21:37:11,19.047285,72.920785,Incident reported at Andheri East MIDC Sector-25 under MO Two-Wheeler Chain Snatching.,CCTNS_MUMBAI,CCTNS_000723,v1.0,True
724,CR/0724/2025,CASE_2025_0724,2027-02-17T07:32:56,POL_327,PS_WORLI,CAT_CRIMINAL,SERIOUS,CYBER_FRAUD_CALL_CENTER,spoof_official_bank_helpline,UNDER_INVESTIGATION,COURT_MUMBAI_MAGISTRATE,2027-02-17T07:32:56,2027-02-17T07:32:56,2027-02-17T07:32:56,19.276912,72.896097,Incident reported at Chembur Colony Sector-132 under MO Cyber Fraud Call Center.,CCTNS_MUMBAI,CCTNS_000724,v1.0,True
725,CR/0725/2025,CASE_2025_0725,2027-02-18T07:54:04,POL_127,PS_GHATKOPAR,CAT_CRIMINAL,HEINOUS,EXTORTION_RACKET,identify_prominent_local_trader,UNDER_INVESTIGATION,COURT_MUMBAI_MAGISTRATE,2027-02-18T07:54:04,2027-02-18T07:54:04,2027-02-18T07:54:04,19.252533,72.870929,Incident reported at Dadar TT Circle Sector-28 under MO Commercial Extortion Racket.,CCTNS_MUMBAI,CCTNS_000725,v1.0,True
726,CR/0726/2025,CASE_2025_0726,2027-02-18T08:50:16,POL_505,PS_WORLI,CAT_CRIMINAL,SERIOUS,NARCOTICS_COURIER_NETWORK,procure_contraband_consignment,UNDER_INVESTIGATION,COURT_MUMBAI_MAGISTRATE,2027-02-18T08:50:16,2027-02-18T08:50:16,2027-02-18T08:50:16,19.035655,72.752384,Incident reported at Worli Sea Face Sector-169 under MO Narcotics Courier Network.,CCTNS_MUMBAI,CCTNS_000726,v1.0,True
727,CR/0727/2025,CASE_2025_0727,2027-02-18T10:26:16,POL_341,PS_MALAD,CAT_CRIMINAL,HEINOUS,VEHICLE_THEFT_RING,observe_target_vehicle,UNDER_INVESTIGATION,COURT_MUMBAI_MAGISTRATE,2027-02-18T10:26:16,2027-02-18T10:26:16,2027-02-18T10:26:16,19.121669,72.791659,Incident reported at Kurla West Terminus Sector-106 under MO Vehicle Theft Ring.,CCTNS_MUMBAI,CCTNS_000727,v1.0,True
728,CR/0728/2025,CASE_2025_0728,2027-02-20T12:17:32,POL_483,PS_WORLI,CAT_CRIMINAL,SERIOUS,ATM_CARD_SKIMMING,inspect_unattended_kiosk,UNDER_INVESTIGATION,COURT_MUMBAI_MAGISTRATE,2027-02-20T12:17:32,2027-02-20T12:17:32,2027-02-20T12:17:32,19.187287,72.797873,Incident reported at Borivali West Station Area Sector-154 under MO ATM/Card Skimming Racket.,CCTNS_MUMBAI,CCTNS_000728,v1.0,True
729,CR/0729/2025,CASE_2025_0729,2027-02-21T05:37:01,POL_426,PS_KURLA,CAT_CRIMINAL,HEINOUS,CHAIN_SNATCHING,survey_pedestrian_victim,UNDER_INVESTIGATION,COURT_MUMBAI_MAGISTRATE,2027-02-21T05:37:01,2027-02-21T05:37:01,2027-02-21T05:37:01,19.22675,72.777549,Incident reported at Juhu Tara Road Sector-227 under MO Two-Wheeler Chain Snatching.,CCTNS_MUMBAI,CCTNS_000729,v1.0,True
730,CR/0730/2025,CASE_2025_0730,2027-02-23T16:31:50,POL_765,PS_BANDRA,CAT_CRIMINAL,SERIOUS,CYBER_FRAUD_CALL_CENTER,spoof_official_bank_helpline,UNDER_INVESTIGATION,COURT_MUMBAI_MAGISTRATE,2027-02-23T16:31:50,2027-02-23T16:31:50,2027-02-23T16:31:50,19.27616,72.972984,Incident reported at Andheri East MIDC Sector-5 under MO Cyber Fraud Call Center.,CCTNS_MUMBAI,CCTNS_000730,v1.0,True
731,CR/0731/2025,CASE_2025_0731,2027-02-23T17:48:14,POL_240,PS_JUHU,CAT_CRIMINAL,HEINOUS,EXTORTION_RACKET,identify_prominent_local_trader,UNDER_INVESTIGATION,COURT_MUMBAI_MAGISTRATE,2027-02-23T17:48:14,2027-02-23T17:48:14,2027-02-23T17:48:14,19.139565,72.859439,Incident reported at Dharavi Commercial Complex Sector-181 under MO Commercial Extortion Racket.,CCTNS_MUMBAI,CCTNS_000731,v1.0,True
732,CR/0732/2025,CASE_2025_0732,2027-02-25T17:45:56,POL_949,PS_COLABA,CAT_CRIMINAL,SERIOUS,NARCOTICS_COURIER_NETWORK,procure_contraband_consignment,UNDER_INVESTIGATION,COURT_MUMBAI_MAGISTRATE,2027-02-25T17:45:56,2027-02-25T17:45:56,2027-02-25T17:45:56,18.883042,72.839915,Incident reported at Borivali West Station Area Sector-194 under MO Narcotics Courier Network.,CCTNS_MUMBAI,CCTNS_000732,v1.0,True
733,CR/0733/2025,CASE_2025_0733,2027-02-26T13:52:48,POL_951,PS_GHATKOPAR,CAT_CRIMINAL,HEINOUS,VEHICLE_THEFT_RING,observe_target_vehicle,UNDER_INVESTIGATION,COURT_MUMBAI_MAGISTRATE,2027-02-26T13:52:48,2027-02-26T13:52:48,2027-02-26T13:52:48,18.939334,72.864962,Incident reported at Malad Link Road Sector-53 under MO Vehicle Theft Ring.,CCTNS_MUMBAI,CCTNS_000733,v1.0,True
734,CR/0734/2025,CASE_2025_0734,2027-02-27T17:01:01,POL_580,PS_DHARAVI,CAT_CRIMINAL,SERIOUS,ATM_CARD_SKIMMING,inspect_unattended_kiosk,UNDER_INVESTIGATION,COURT_MUMBAI_MAGISTRATE,2027-02-27T17:01:01,2027-02-27T17:01:01,2027-02-27T17:01:01,18.953631,72.762898,Incident reported at Andheri East MIDC Sector-165 under MO ATM/Card Skimming Racket.,CCTNS_MUMBAI,CCTNS_000734,v1.0,True
735,CR/0735/2025,CASE_2025_0735,2027-02-27T21:22:11,POL_105,PS_GHATKOPAR,CAT_CRIMINAL,HEINOUS,CHAIN_SNATCHING,survey_pedestrian_victim,UNDER_INVESTIGATION,COURT_MUMBAI_MAGISTRATE,2027-02-27T21:22:11,2027-02-27T21:22:11,2027-02-27T21:22:11,19.077698,72.836735,Incident reported at Thane Station West Sector-217 under MO Two-Wheeler Chain Snatching.,CCTNS_MUMBAI,CCTNS_000735,v1.0,True
736,CR/0736/2025,CASE_2025_0736,2027-02-28T23:59:23,POL_362,PS_BANDRA,CAT_CRIMINAL,SERIOUS,CYBER_FRAUD_CALL_CENTER,spoof_official_bank_helpline,UNDER_INVESTIGATION,COURT_MUMBAI_MAGISTRATE,2027-02-28T23:59:23,2027-02-28T23:59:23,2027-02-28T23:59:23,19.129388,72.975634,Incident reported at Borivali West Station Area Sector-134 under MO Cyber Fraud Call Center.,CCTNS_MUMBAI,CCTNS_000736,v1.0,True
737,CR/0737/2025,CASE_2025_0737,2027-03-01T03:20:26,POL_661,PS_KURLA,CAT_CRIMINAL,HEINOUS,EXTORTION_RACKET,identify_prominent_local_trader,UNDER_INVESTIGATION,COURT_MUMBAI_MAGISTRATE,2027-03-01T03:20:26,2027-03-01T03:20:26,2027-03-01T03:20:26,19.052363,72.810543,Incident reported at Borivali West Station Area Sector-14 under MO Commercial Extortion Racket.,CCTNS_MUMBAI,CCTNS_000737,v1.0,True
738,CR/0738/2025,CASE_2025_0738,2027-03-02T01:49:32,POL_640,PS_CHEMBUR,CAT_CRIMINAL,SERIOUS,NARCOTICS_COURIER_NETWORK,procure_contraband_consignment,UNDER_INVESTIGATION,COURT_MUMBAI_MAGISTRATE,2027-03-02T01:49:32,2027-03-02T01:49:32,2027-03-02T01:49:32,19.143703,72.815992,Incident reported at Malad Link Road Sector-213 under MO Narcotics Courier Network.,CCTNS_MUMBAI,CCTNS_000738,v1.0,True
739,CR/0739/2025,CASE_2025_0739,2027-03-04T12:34:02,POL_894,PS_WORLI,CAT_CRIMINAL,HEINOUS,VEHICLE_THEFT_RING,observe_target_vehicle,UNDER_INVESTIGATION,COURT_MUMBAI_MAGISTRATE,2027-03-04T12:34:02,2027-03-04T12:34:02,2027-03-04T12:34:02,19.255439,72.893913,Incident reported at Crawford Market Sector-63 under MO Vehicle Theft Ring.,CCTNS_MUMBAI,CCTNS_000739,v1.0,True
740,CR/0740/2025,CASE_2025_0740,2027-03-05T02:32:30,POL_408,PS_ANDHERI,CAT_CRIMINAL,SERIOUS,ATM_CARD_SKIMMING,inspect_unattended_kiosk,UNDER_INVESTIGATION,COURT_MUMBAI_MAGISTRATE,2027-03-05T02:32:30,2027-03-05T02:32:30,2027-03-05T02:32:30,19.267332,72.96217,Incident reported at Dharavi Commercial Complex Sector-21 under MO ATM/Card Skimming Racket.,CCTNS_MUMBAI,CCTNS_000740,v1.0,True
741,CR/0741/2025,CASE_2025_0741,2027-03-06T07:18:38,POL_344,PS_BANDRA,CAT_CRIMINAL,HEINOUS,CHAIN_SNATCHING,survey_pedestrian_victim,UNDER_INVESTIGATION,COURT_MUMBAI_MAGISTRATE,2027-03-06T07:18:38,2027-03-06T07:18:38,2027-03-06T07:18:38,19.040161,72.763439,Incident reported at Ghatkopar Central Mall Sector-111 under MO Two-Wheeler Chain Snatching.,CCTNS_MUMBAI,CCTNS_000741,v1.0,True
742,CR/0742/2025,CASE_2025_0742,2027-03-07T13:41:48,POL_912,PS_WORLI,CAT_CRIMINAL,SERIOUS,CYBER_FRAUD_CALL_CENTER,spoof_official_bank_helpline,UNDER_INVESTIGATION,COURT_MUMBAI_MAGISTRATE,2027-03-07T13:41:48,2027-03-07T13:41:48,2027-03-07T13:41:48,19.250899,72.814904,Incident reported at Tardeo Road Sector-40 under MO Cyber Fraud Call Center.,CCTNS_MUMBAI,CCTNS_000742,v1.0,True
743,CR/0743/2025,CASE_2025_0743,2027-03-08T12:07:35,POL_164,PS_BORIVALI,CAT_CRIMINAL,HEINOUS,EXTORTION_RACKET,identify_prominent_local_trader,UNDER_INVESTIGATION,COURT_MUMBAI_MAGISTRATE,2027-03-08T12:07:35,2027-03-08T12:07:35,2027-03-08T12:07:35,18.964013,72.842172,Incident reported at Sion Circle Sector-19 under MO Commercial Extortion Racket.,CCTNS_MUMBAI,CCTNS_000743,v1.0,True
744,CR/0744/2025,CASE_2025_0744,2027-03-11T13:07:57,POL_711,PS_BANDRA,CAT_CRIMINAL,SERIOUS,NARCOTICS_COURIER_NETWORK,procure_contraband_consignment,UNDER_INVESTIGATION,COURT_MUMBAI_MAGISTRATE,2027-03-11T13:07:57,2027-03-11T13:07:57,2027-03-11T13:07:57,19.051755,72.79462,Incident reported at Dharavi Commercial Complex Sector-241 under MO Narcotics Courier Network.,CCTNS_MUMBAI,CCTNS_000744,v1.0,True
745,CR/0745/2025,CASE_2025_0745,2027-03-11T14:59:24,POL_747,PS_MALAD,CAT_CRIMINAL,HEINOUS,VEHICLE_THEFT_RING,observe_target_vehicle,UNDER_INVESTIGATION,COURT_MUMBAI_MAGISTRATE,2027-03-11T14:59:24,2027-03-11T14:59:24,2027-03-11T14:59:24,19.22675,72.777549,Incident reported at Juhu Tara Road Sector-227 under MO Vehicle Theft Ring.,CCTNS_MUMBAI,CCTNS_000745,v1.0,True
746,CR/0746/2025,CASE_2025_0746,2027-03-14T21:14:44,POL_347,PS_MALAD,CAT_CRIMINAL,SERIOUS,ATM_CARD_SKIMMING,inspect_unattended_kiosk,UNDER_INVESTIGATION,COURT_MUMBAI_MAGISTRATE,2027-03-14T21:14:44,2027-03-14T21:14:44,2027-03-14T21:14:44,19.042027,72.821601,Incident reported at Crawford Market Sector-163 under MO ATM/Card Skimming Racket.,CCTNS_MUMBAI,CCTNS_000746,v1.0,True
747,CR/0747/2025,CASE_2025_0747,2027-03-16T08:46:24,POL_398,PS_CHEMBUR,CAT_CRIMINAL,HEINOUS,CHAIN_SNATCHING,survey_pedestrian_victim,UNDER_INVESTIGATION,COURT_MUMBAI_MAGISTRATE,2027-03-16T08:46:24,2027-03-16T08:46:24,2027-03-16T08:46:24,19.206357,72.899499,Incident reported at Sewri Timber Market Sector-236 under MO Two-Wheeler Chain Snatching.,CCTNS_MUMBAI,CCTNS_000747,v1.0,True
748,CR/0748/2025,CASE_2025_0748,2027-03-18T09:33:58,POL_729,PS_WORLI,CAT_CRIMINAL,SERIOUS,CYBER_FRAUD_CALL_CENTER,spoof_official_bank_helpline,UNDER_INVESTIGATION,COURT_MUMBAI_MAGISTRATE,2027-03-18T09:33:58,2027-03-18T09:33:58,2027-03-18T09:33:58,18.966074,72.839198,Incident reported at Colaba Causeway Sector-242 under MO Cyber Fraud Call Center.,CCTNS_MUMBAI,CCTNS_000748,v1.0,True
749,CR/0749/2025,CASE_2025_0749,2027-03-18T15:34:17,POL_684,PS_JUHU,CAT_CRIMINAL,HEINOUS,EXTORTION_RACKET,identify_prominent_local_trader,UNDER_INVESTIGATION,COURT_MUMBAI_MAGISTRATE,2027-03-18T15:34:17,2027-03-18T15:34:17,2027-03-18T15:34:17,18.890499,72.939722,Incident reported at Navi Mumbai Vashi Sector 17 Sector-198 under MO Commercial Extortion Racket.,CCTNS_MUMBAI,CCTNS_000749,v1.0,True
750,CR/0750/2025,CASE_2025_0750,2027-03-19T10:30:28,POL_780,PS_WORLI,CAT_CRIMINAL,SERIOUS,NARCOTICS_COURIER_NETWORK,procure_contraband_consignment,UNDER_INVESTIGATION,COURT_MUMBAI_MAGISTRATE,2027-03-19T10:30:28,2027-03-19T10:30:28,2027-03-19T10:30:28,19.143703,72.815992,Incident reported at Malad Link Road Sector-213 under MO Narcotics Courier Network.,CCTNS_MUMBAI,CCTNS_000750,v1.0,True
751,CR/0751/2025,CASE_2025_0751,2027-03-20T09:06:56,POL_636,PS_BYCULLA,CAT_CRIMINAL,HEINOUS,VEHICLE_THEFT_RING,observe_target_vehicle,UNDER_INVESTIGATION,COURT_MUMBAI_MAGISTRATE,2027-03-20T09:06:56,2027-03-20T09:06:56,2027-03-20T09:06:56,19.250633,72.796283,Incident reported at Andheri East MIDC Sector-225 under MO Vehicle Theft Ring.,CCTNS_MUMBAI,CCTNS_000751,v1.0,True
752,CR/0752/2025,CASE_2025_0752,2027-03-21T03:46:27,POL_638,PS_JUHU,CAT_CRIMINAL,SERIOUS,ATM_CARD_SKIMMING,inspect_unattended_kiosk,UNDER_INVESTIGATION,COURT_MUMBAI_MAGISTRATE,2027-03-21T03:46:27,2027-03-21T03:46:27,2027-03-21T03:46:27,19.114748,72.820434,Incident reported at Sion Circle Sector-239 under MO ATM/Card Skimming Racket.,CCTNS_MUMBAI,CCTNS_000752,v1.0,True
753,CR/0753/2025,CASE_2025_0753,2027-03-23T07:19:25,POL_905,PS_MALAD,CAT_CRIMINAL,HEINOUS,CHAIN_SNATCHING,survey_pedestrian_victim,UNDER_INVESTIGATION,COURT_MUMBAI_MAGISTRATE,2027-03-23T07:19:25,2027-03-23T07:19:25,2027-03-23T07:19:25,19.262042,72.838862,Incident reported at Sion Circle Sector-179 under MO Two-Wheeler Chain Snatching.,CCTNS_MUMBAI,CCTNS_000753,v1.0,True
754,CR/0754/2025,CASE_2025_0754,2027-03-23T14:30:05,POL_120,PS_MALAD,CAT_CRIMINAL,SERIOUS,CYBER_FRAUD_CALL_CENTER,spoof_official_bank_helpline,UNDER_INVESTIGATION,COURT_MUMBAI_MAGISTRATE,2027-03-23T14:30:05,2027-03-23T14:30:05,2027-03-23T14:30:05,19.169041,72.915148,Incident reported at Dadar TT Circle Sector-48 under MO Cyber Fraud Call Center.,CCTNS_MUMBAI,CCTNS_000754,v1.0,True
755,CR/0755/2025,CASE_2025_0755,2027-03-25T02:03:18,POL_144,PS_WORLI,CAT_CRIMINAL,HEINOUS,EXTORTION_RACKET,identify_prominent_local_trader,UNDER_INVESTIGATION,COURT_MUMBAI_MAGISTRATE,2027-03-25T02:03:18,2027-03-25T02:03:18,2027-03-25T02:03:18,18.9258,72.955522,Incident reported at Chembur Colony Sector-192 under MO Commercial Extortion Racket.,CCTNS_MUMBAI,CCTNS_000755,v1.0,True
756,CR/0756/2025,CASE_2025_0756,2027-03-25T17:26:13,POL_482,PS_BYCULLA,CAT_CRIMINAL,SERIOUS,NARCOTICS_COURIER_NETWORK,procure_contraband_consignment,UNDER_INVESTIGATION,COURT_MUMBAI_MAGISTRATE,2027-03-25T17:26:13,2027-03-25T17:26:13,2027-03-25T17:26:13,19.161864,72.97212,Incident reported at Colaba Causeway Sector-22 under MO Narcotics Courier Network.,CCTNS_MUMBAI,CCTNS_000756,v1.0,True
757,CR/0757/2025,CASE_2025_0757,2027-03-25T23:20:12,POL_116,PS_ANDHERI,CAT_CRIMINAL,HEINOUS,VEHICLE_THEFT_RING,observe_target_vehicle,UNDER_INVESTIGATION,COURT_MUMBAI_MAGISTRATE,2027-03-25T23:20:12,2027-03-25T23:20:12,2027-03-25T23:20:12,19.153185,72.934911,Incident reported at Sewri Timber Market Sector-16 under MO Vehicle Theft Ring.,CCTNS_MUMBAI,CCTNS_000757,v1.0,True
758,CR/0758/2025,CASE_2025_0758,2027-03-26T07:57:07,POL_453,PS_JUHU,CAT_CRIMINAL,SERIOUS,ATM_CARD_SKIMMING,inspect_unattended_kiosk,UNDER_INVESTIGATION,COURT_MUMBAI_MAGISTRATE,2027-03-26T07:57:07,2027-03-26T07:57:07,2027-03-26T07:57:07,19.173233,72.917069,Incident reported at Thane Station West Sector-97 under MO ATM/Card Skimming Racket.,CCTNS_MUMBAI,CCTNS_000758,v1.0,True
759,CR/0759/2025,CASE_2025_0759,2027-03-26T10:44:29,POL_772,PS_KURLA,CAT_CRIMINAL,HEINOUS,CHAIN_SNATCHING,survey_pedestrian_victim,UNDER_INVESTIGATION,COURT_MUMBAI_MAGISTRATE,2027-03-26T10:44:29,2027-03-26T10:44:29,2027-03-26T10:44:29,19.273366,72.902271,Incident reported at Lower Parel Business Park Sector-210 under MO Two-Wheeler Chain Snatching.,CCTNS_MUMBAI,CCTNS_000759,v1.0,True
760,CR/0760/2025,CASE_2025_0760,2027-03-26T16:20:41,POL_890,PS_BYCULLA,CAT_CRIMINAL,SERIOUS,CYBER_FRAUD_CALL_CENTER,spoof_official_bank_helpline,UNDER_INVESTIGATION,COURT_MUMBAI_MAGISTRATE,2027-03-26T16:20:41,2027-03-26T16:20:41,2027-03-26T16:20:41,18.880214,72.908503,Incident reported at Chembur Colony Sector-12 under MO Cyber Fraud Call Center.,CCTNS_MUMBAI,CCTNS_000760,v1.0,True
761,CR/0761/2025,CASE_2025_0761,2027-03-28T12:34:28,POL_874,PS_BORIVALI,CAT_CRIMINAL,HEINOUS,EXTORTION_RACKET,identify_prominent_local_trader,UNDER_INVESTIGATION,COURT_MUMBAI_MAGISTRATE,2027-03-28T12:34:28,2027-03-28T12:34:28,2027-03-28T12:34:28,19.158578,72.935852,Incident reported at Thane Station West Sector-177 under MO Commercial Extortion Racket.,CCTNS_MUMBAI,CCTNS_000761,v1.0,True
762,CR/0762/2025,CASE_2025_0762,2027-03-30T08:37:09,POL_145,PS_JUHU,CAT_CRIMINAL,SERIOUS,NARCOTICS_COURIER_NETWORK,procure_contraband_consignment,UNDER_INVESTIGATION,COURT_MUMBAI_MAGISTRATE,2027-03-30T08:37:09,2027-03-30T08:37:09,2027-03-30T08:37:09,18.978942,72.946946,Incident reported at Dharavi Commercial Complex Sector-1 under MO Narcotics Courier Network.,CCTNS_MUMBAI,CCTNS_000762,v1.0,True
763,CR/0763/2025,CASE_2025_0763,2027-04-03T14:45:20,POL_446,PS_JUHU,CAT_CRIMINAL,HEINOUS,VEHICLE_THEFT_RING,observe_target_vehicle,UNDER_INVESTIGATION,COURT_MUMBAI_MAGISTRATE,2027-04-03T14:45:20,2027-04-03T14:45:20,2027-04-03T14:45:20,19.121317,72.84069,Incident reported at Tardeo Road Sector-60 under MO Vehicle Theft Ring.,CCTNS_MUMBAI,CCTNS_000763,v1.0,True
764,CR/0764/2025,CASE_2025_0764,2027-04-03T18:35:10,POL_950,PS_BYCULLA,CAT_CRIMINAL,SERIOUS,ATM_CARD_SKIMMING,inspect_unattended_kiosk,UNDER_INVESTIGATION,COURT_MUMBAI_MAGISTRATE,2027-04-03T18:35:10,2027-04-03T18:35:10,2027-04-03T18:35:10,19.030102,72.82526,Incident reported at Tardeo Road Sector-220 under MO ATM/Card Skimming Racket.,CCTNS_MUMBAI,CCTNS_000764,v1.0,True
765,CR/0765/2025,CASE_2025_0765,2027-04-05T17:18:16,POL_812,PS_BYCULLA,CAT_CRIMINAL,HEINOUS,CHAIN_SNATCHING,survey_pedestrian_victim,UNDER_INVESTIGATION,COURT_MUMBAI_MAGISTRATE,2027-04-05T17:18:16,2027-04-05T17:18:16,2027-04-05T17:18:16,19.277496,72.866139,Incident reported at Crawford Market Sector-223 under MO Two-Wheeler Chain Snatching.,CCTNS_MUMBAI,CCTNS_000765,v1.0,True
766,CR/0766/2025,CASE_2025_0766,2027-04-06T11:19:28,POL_286,PS_GHATKOPAR,CAT_CRIMINAL,SERIOUS,CYBER_FRAUD_CALL_CENTER,spoof_official_bank_helpline,UNDER_INVESTIGATION,COURT_MUMBAI_MAGISTRATE,2027-04-06T11:19:28,2027-04-06T11:19:28,2027-04-06T11:19:28,18.996048,72.786369,Incident reported at Dadar TT Circle Sector-128 under MO Cyber Fraud Call Center.,CCTNS_MUMBAI,CCTNS_000766,v1.0,True
767,CR/0767/2025,CASE_2025_0767,2027-04-06T15:23:12,POL_833,PS_DHARAVI,CAT_CRIMINAL,HEINOUS,EXTORTION_RACKET,identify_prominent_local_trader,UNDER_INVESTIGATION,COURT_MUMBAI_MAGISTRATE,2027-04-06T15:23:12,2027-04-06T15:23:12,2027-04-06T15:23:12,19.005789,72.843754,Incident reported at Bandra Kurla Complex Sector-124 under MO Commercial Extortion Racket.,CCTNS_MUMBAI,CCTNS_000767,v1.0,True
768,CR/0768/2025,CASE_2025_0768,2027-04-08T06:24:13,POL_400,PS_GHATKOPAR,CAT_CRIMINAL,SERIOUS,NARCOTICS_COURIER_NETWORK,procure_contraband_consignment,UNDER_INVESTIGATION,COURT_MUMBAI_MAGISTRATE,2027-04-08T06:24:13,2027-04-08T06:24:13,2027-04-08T06:24:13,18.950758,72.892774,Incident reported at Bandra Kurla Complex Sector-184 under MO Narcotics Courier Network.,CCTNS_MUMBAI,CCTNS_000768,v1.0,True
769,CR/0769/2025,CASE_2025_0769,2027-04-08T22:06:09,POL_910,PS_KURLA,CAT_CRIMINAL,HEINOUS,VEHICLE_THEFT_RING,observe_target_vehicle,UNDER_INVESTIGATION,COURT_MUMBAI_MAGISTRATE,2027-04-08T22:06:09,2027-04-08T22:06:09,2027-04-08T22:06:09,19.051725,72.886114,Incident reported at Thane Station West Sector-237 under MO Vehicle Theft Ring.,CCTNS_MUMBAI,CCTNS_000769,v1.0,True
770,CR/0770/2025,CASE_2025_0770,2027-04-09T16:21:33,POL_423,PS_KURLA,CAT_CRIMINAL,SERIOUS,ATM_CARD_SKIMMING,inspect_unattended_kiosk,UNDER_INVESTIGATION,COURT_MUMBAI_MAGISTRATE,2027-04-09T16:21:33,2027-04-09T16:21:33,2027-04-09T16:21:33,19.09299,72.947137,Incident reported at Dadar TT Circle Sector-88 under MO ATM/Card Skimming Racket.,CCTNS_MUMBAI,CCTNS_000770,v1.0,True
771,CR/0771/2025,CASE_2025_0771,2027-04-09T22:41:29,POL_507,PS_ANDHERI,CAT_CRIMINAL,HEINOUS,CHAIN_SNATCHING,survey_pedestrian_victim,UNDER_INVESTIGATION,COURT_MUMBAI_MAGISTRATE,2027-04-09T22:41:29,2027-04-09T22:41:29,2027-04-09T22:41:29,18.898178,72.885882,Incident reported at Lower Parel Business Park Sector-30 under MO Two-Wheeler Chain Snatching.,CCTNS_MUMBAI,CCTNS_000771,v1.0,True
772,CR/0772/2025,CASE_2025_0772,2027-04-10T11:56:47,POL_359,PS_MALAD,CAT_CRIMINAL,SERIOUS,CYBER_FRAUD_CALL_CENTER,spoof_official_bank_helpline,UNDER_INVESTIGATION,COURT_MUMBAI_MAGISTRATE,2027-04-10T11:56:47,2027-04-10T11:56:47,2027-04-10T11:56:47,19.104656,72.842542,Incident reported at Andheri East MIDC Sector-245 under MO Cyber Fraud Call Center.,CCTNS_MUMBAI,CCTNS_000772,v1.0,True
773,CR/0773/2025,CASE_2025_0773,2027-04-11T07:23:44,POL_295,PS_COLABA,CAT_CRIMINAL,HEINOUS,EXTORTION_RACKET,identify_prominent_local_trader,UNDER_INVESTIGATION,COURT_MUMBAI_MAGISTRATE,2027-04-11T07:23:44,2027-04-11T07:23:44,2027-04-11T07:23:44,19.129388,72.975634,Incident reported at Borivali West Station Area Sector-134 under MO Commercial Extortion Racket.,CCTNS_MUMBAI,CCTNS_000773,v1.0,True
774,CR/0774/2025,CASE_2025_0774,2027-04-12T01:38:50,POL_982,PS_ANDHERI,CAT_CRIMINAL,SERIOUS,NARCOTICS_COURIER_NETWORK,procure_contraband_consignment,UNDER_INVESTIGATION,COURT_MUMBAI_MAGISTRATE,2027-04-12T01:38:50,2027-04-12T01:38:50,2027-04-12T01:38:50,19.074607,72.900164,Incident reported at Sion Circle Sector-219 under MO Narcotics Courier Network.,CCTNS_MUMBAI,CCTNS_000774,v1.0,True
775,CR/0775/2025,CASE_2025_0775,2027-04-13T16:24:09,POL_439,PS_COLABA,CAT_CRIMINAL,HEINOUS,VEHICLE_THEFT_RING,observe_target_vehicle,UNDER_INVESTIGATION,COURT_MUMBAI_MAGISTRATE,2027-04-13T16:24:09,2027-04-13T16:24:09,2027-04-13T16:24:09,19.187287,72.797873,Incident reported at Borivali West Station Area Sector-154 under MO Vehicle Theft Ring.,CCTNS_MUMBAI,CCTNS_000775,v1.0,True
776,CR/0776/2025,CASE_2025_0776,2027-04-13T16:34:42,POL_918,PS_ANDHERI,CAT_CRIMINAL,SERIOUS,ATM_CARD_SKIMMING,inspect_unattended_kiosk,UNDER_INVESTIGATION,COURT_MUMBAI_MAGISTRATE,2027-04-13T16:34:42,2027-04-13T16:34:42,2027-04-13T16:34:42,19.139565,72.859439,Incident reported at Dharavi Commercial Complex Sector-181 under MO ATM/Card Skimming Racket.,CCTNS_MUMBAI,CCTNS_000776,v1.0,True
777,CR/0777/2025,CASE_2025_0777,2027-04-14T05:00:21,POL_509,PS_JUHU,CAT_CRIMINAL,HEINOUS,CHAIN_SNATCHING,survey_pedestrian_victim,UNDER_INVESTIGATION,COURT_MUMBAI_MAGISTRATE,2027-04-14T05:00:21,2027-04-14T05:00:21,2027-04-14T05:00:21,19.052363,72.810543,Incident reported at Borivali West Station Area Sector-14 under MO Two-Wheeler Chain Snatching.,CCTNS_MUMBAI,CCTNS_000777,v1.0,True
778,CR/0778/2025,CASE_2025_0778,2027-04-15T20:33:09,POL_495,PS_CHEMBUR,CAT_CRIMINAL,SERIOUS,CYBER_FRAUD_CALL_CENTER,spoof_official_bank_helpline,UNDER_INVESTIGATION,COURT_MUMBAI_MAGISTRATE,2027-04-15T20:33:09,2027-04-15T20:33:09,2027-04-15T20:33:09,18.908454,72.920557,Incident reported at Dharavi Commercial Complex Sector-141 under MO Cyber Fraud Call Center.,CCTNS_MUMBAI,CCTNS_000778,v1.0,True
779,CR/0779/2025,CASE_2025_0779,2027-04-18T19:18:34,POL_608,PS_JUHU,CAT_CRIMINAL,HEINOUS,EXTORTION_RACKET,identify_prominent_local_trader,UNDER_INVESTIGATION,COURT_MUMBAI_MAGISTRATE,2027-04-18T19:18:34,2027-04-18T19:18:34,2027-04-18T19:18:34,19.076728,72.987784,Incident reported at Malad Link Road Sector-73 under MO Commercial Extortion Racket.,CCTNS_MUMBAI,CCTNS_000779,v1.0,True
780,CR/0780/2025,CASE_2025_0780,2027-04-19T05:00:47,POL_476,PS_CHEMBUR,CAT_CRIMINAL,SERIOUS,NARCOTICS_COURIER_NETWORK,procure_contraband_consignment,UNDER_INVESTIGATION,COURT_MUMBAI_MAGISTRATE,2027-04-19T05:00:47,2027-04-19T05:00:47,2027-04-19T05:00:47,18.920269,72.940906,Incident reported at Navi Mumbai Vashi Sector 17 Sector-218 under MO Narcotics Courier Network.,CCTNS_MUMBAI,CCTNS_000780,v1.0,True
781,CR/0781/2025,CASE_2025_0781,2027-04-19T08:14:03,POL_920,PS_MALAD,CAT_CRIMINAL,HEINOUS,VEHICLE_THEFT_RING,observe_target_vehicle,UNDER_INVESTIGATION,COURT_MUMBAI_MAGISTRATE,2027-04-19T08:14:03,2027-04-19T08:14:03,2027-04-19T08:14:03,19.005789,72.843754,Incident reported at Bandra Kurla Complex Sector-124 under MO Vehicle Theft Ring.,CCTNS_MUMBAI,CCTNS_000781,v1.0,True
782,CR/0782/2025,CASE_2025_0782,2027-04-19T21:42:28,POL_534,PS_BANDRA,CAT_CRIMINAL,SERIOUS,ATM_CARD_SKIMMING,inspect_unattended_kiosk,UNDER_INVESTIGATION,COURT_MUMBAI_MAGISTRATE,2027-04-19T21:42:28,2027-04-19T21:42:28,2027-04-19T21:42:28,19.24434,72.76625,Incident reported at Juhu Tara Road Sector-27 under MO ATM/Card Skimming Racket.,CCTNS_MUMBAI,CCTNS_000782,v1.0,True
783,CR/0783/2025,CASE_2025_0783,2027-04-22T21:41:34,POL_716,PS_BANDRA,CAT_CRIMINAL,HEINOUS,CHAIN_SNATCHING,survey_pedestrian_victim,UNDER_INVESTIGATION,COURT_MUMBAI_MAGISTRATE,2027-04-22T21:41:34,2027-04-22T21:41:34,2027-04-22T21:41:34,19.263046,72.971017,Incident reported at Chembur Colony Sector-92 under MO Two-Wheeler Chain Snatching.,CCTNS_MUMBAI,CCTNS_000783,v1.0,True
784,CR/0784/2025,CASE_2025_0784,2027-04-24T12:06:23,POL_400,PS_DHARAVI,CAT_CRIMINAL,SERIOUS,CYBER_FRAUD_CALL_CENTER,spoof_official_bank_helpline,UNDER_INVESTIGATION,COURT_MUMBAI_MAGISTRATE,2027-04-24T12:06:23,2027-04-24T12:06:23,2027-04-24T12:06:23,19.261058,72.914081,Incident reported at Dharavi Commercial Complex Sector-161 under MO Cyber Fraud Call Center.,CCTNS_MUMBAI,CCTNS_000784,v1.0,True
785,CR/0785/2025,CASE_2025_0785,2027-04-24T23:30:56,POL_181,PS_JUHU,CAT_CRIMINAL,HEINOUS,EXTORTION_RACKET,identify_prominent_local_trader,UNDER_INVESTIGATION,COURT_MUMBAI_MAGISTRATE,2027-04-24T23:30:56,2027-04-24T23:30:56,2027-04-24T23:30:56,19.266236,72.854828,Incident reported at Dadar TT Circle Sector-168 under MO Commercial Extortion Racket.,CCTNS_MUMBAI,CCTNS_000785,v1.0,True
786,CR/0786/2025,CASE_2025_0786,2027-05-04T00:56:19,POL_402,PS_JUHU,CAT_CRIMINAL,SERIOUS,NARCOTICS_COURIER_NETWORK,procure_contraband_consignment,UNDER_INVESTIGATION,COURT_MUMBAI_MAGISTRATE,2027-05-04T00:56:19,2027-05-04T00:56:19,2027-05-04T00:56:19,18.976999,72.948677,Incident reported at Byculla Market Sector-95 under MO Narcotics Courier Network.,CCTNS_MUMBAI,CCTNS_000786,v1.0,True
787,CR/0787/2025,CASE_2025_0787,2027-05-04T09:03:11,POL_717,PS_ANDHERI,CAT_CRIMINAL,HEINOUS,VEHICLE_THEFT_RING,observe_target_vehicle,UNDER_INVESTIGATION,COURT_MUMBAI_MAGISTRATE,2027-05-04T09:03:11,2027-05-04T09:03:11,2027-05-04T09:03:11,19.15288,72.871426,Incident reported at Juhu Tara Road Sector-147 under MO Vehicle Theft Ring.,CCTNS_MUMBAI,CCTNS_000787,v1.0,True
788,CR/0788/2025,CASE_2025_0788,2027-05-05T01:23:40,POL_270,PS_CHEMBUR,CAT_CRIMINAL,SERIOUS,ATM_CARD_SKIMMING,inspect_unattended_kiosk,UNDER_INVESTIGATION,COURT_MUMBAI_MAGISTRATE,2027-05-05T01:23:40,2027-05-05T01:23:40,2027-05-05T01:23:40,19.265346,72.821257,Incident reported at Kurla West Terminus Sector-166 under MO ATM/Card Skimming Racket.,CCTNS_MUMBAI,CCTNS_000788,v1.0,True
789,CR/0789/2025,CASE_2025_0789,2027-05-06T15:56:06,POL_459,PS_CHEMBUR,CAT_CRIMINAL,HEINOUS,CHAIN_SNATCHING,survey_pedestrian_victim,UNDER_INVESTIGATION,COURT_MUMBAI_MAGISTRATE,2027-05-06T15:56:06,2027-05-06T15:56:06,2027-05-06T15:56:06,19.264749,72.774695,Incident reported at Malad Link Road Sector-233 under MO Two-Wheeler Chain Snatching.,CCTNS_MUMBAI,CCTNS_000789,v1.0,True
790,CR/0790/2025,CASE_2025_0790,2027-05-07T02:29:52,POL_844,PS_GHATKOPAR,CAT_CRIMINAL,SERIOUS,CYBER_FRAUD_CALL_CENTER,spoof_official_bank_helpline,UNDER_INVESTIGATION,COURT_MUMBAI_MAGISTRATE,2027-05-07T02:29:52,2027-05-07T02:29:52,2027-05-07T02:29:52,19.058992,72.781487,Incident reported at Malad Link Road Sector-133 under MO Cyber Fraud Call Center.,CCTNS_MUMBAI,CCTNS_000790,v1.0,True
791,CR/0791/2025,CASE_2025_0791,2027-05-07T03:26:03,POL_545,PS_JUHU,CAT_CRIMINAL,HEINOUS,EXTORTION_RACKET,identify_prominent_local_trader,UNDER_INVESTIGATION,COURT_MUMBAI_MAGISTRATE,2027-05-07T03:26:03,2027-05-07T03:26:03,2027-05-07T03:26:03,18.951923,72.752434,Incident reported at Dharavi Commercial Complex Sector-221 under MO Commercial Extortion Racket.,CCTNS_MUMBAI,CCTNS_000791,v1.0,True
792,CR/0792/2025,CASE_2025_0792,2027-05-08T04:35:05,POL_910,PS_ANDHERI,CAT_CRIMINAL,SERIOUS,NARCOTICS_COURIER_NETWORK,procure_contraband_consignment,UNDER_INVESTIGATION,COURT_MUMBAI_MAGISTRATE,2027-05-08T04:35:05,2027-05-08T04:35:05,2027-05-08T04:35:05,19.128245,72.904528,Incident reported at Dadar TT Circle Sector-148 under MO Narcotics Courier Network.,CCTNS_MUMBAI,CCTNS_000792,v1.0,True
793,CR/0793/2025,CASE_2025_0793,2027-05-08T23:10:42,POL_787,PS_COLABA,CAT_CRIMINAL,HEINOUS,VEHICLE_THEFT_RING,observe_target_vehicle,UNDER_INVESTIGATION,COURT_MUMBAI_MAGISTRATE,2027-05-08T23:10:42,2027-05-08T23:10:42,2027-05-08T23:10:42,19.119845,72.913064,Incident reported at Thane Station West Sector-77 under MO Vehicle Theft Ring.,CCTNS_MUMBAI,CCTNS_000793,v1.0,True
794,CR/0794/2025,CASE_2025_0794,2027-05-09T22:12:43,POL_472,PS_BYCULLA,CAT_CRIMINAL,SERIOUS,ATM_CARD_SKIMMING,inspect_unattended_kiosk,UNDER_INVESTIGATION,COURT_MUMBAI_MAGISTRATE,2027-05-09T22:12:43,2027-05-09T22:12:43,2027-05-09T22:12:43,19.035655,72.752384,Incident reported at Worli Sea Face Sector-169 under MO ATM/Card Skimming Racket.,CCTNS_MUMBAI,CCTNS_000794,v1.0,True
795,CR/0795/2025,CASE_2025_0795,2027-05-11T10:10:55,POL_795,PS_MALAD,CAT_CRIMINAL,HEINOUS,CHAIN_SNATCHING,survey_pedestrian_victim,UNDER_INVESTIGATION,COURT_MUMBAI_MAGISTRATE,2027-05-11T10:10:55,2027-05-11T10:10:55,2027-05-11T10:10:55,19.063756,72.945744,Incident reported at Borivali West Station Area Sector-54 under MO Two-Wheeler Chain Snatching.,CCTNS_MUMBAI,CCTNS_000795,v1.0,True
796,CR/0796/2025,CASE_2025_0796,2027-05-11T16:01:40,POL_246,PS_DHARAVI,CAT_CRIMINAL,SERIOUS,CYBER_FRAUD_CALL_CENTER,spoof_official_bank_helpline,UNDER_INVESTIGATION,COURT_MUMBAI_MAGISTRATE,2027-05-11T16:01:40,2027-05-11T16:01:40,2027-05-11T16:01:40,19.001364,72.802881,Incident reported at Thane Station West Sector-37 under MO Cyber Fraud Call Center.,CCTNS_MUMBAI,CCTNS_000796,v1.0,True
797,CR/0797/2025,CASE_2025_0797,2027-05-11T20:18:36,POL_900,PS_BORIVALI,CAT_CRIMINAL,HEINOUS,EXTORTION_RACKET,identify_prominent_local_trader,UNDER_INVESTIGATION,COURT_MUMBAI_MAGISTRATE,2027-05-11T20:18:36,2027-05-11T20:18:36,2027-05-11T20:18:36,19.248676,72.91426,Incident reported at Chembur Colony Sector-72 under MO Commercial Extortion Racket.,CCTNS_MUMBAI,CCTNS_000797,v1.0,True
798,CR/0798/2025,CASE_2025_0798,2027-05-12T08:46:44,POL_229,PS_GHATKOPAR,CAT_CRIMINAL,SERIOUS,NARCOTICS_COURIER_NETWORK,procure_contraband_consignment,UNDER_INVESTIGATION,COURT_MUMBAI_MAGISTRATE,2027-05-12T08:46:44,2027-05-12T08:46:44,2027-05-12T08:46:44,19.161864,72.97212,Incident reported at Colaba Causeway Sector-22 under MO Narcotics Courier Network.,CCTNS_MUMBAI,CCTNS_000798,v1.0,True
799,CR/0799/2025,CASE_2025_0799,2027-05-15T02:44:29,POL_897,PS_BANDRA,CAT_CRIMINAL,HEINOUS,VEHICLE_THEFT_RING,observe_target_vehicle,UNDER_INVESTIGATION,COURT_MUMBAI_MAGISTRATE,2027-05-15T02:44:29,2027-05-15T02:44:29,2027-05-15T02:44:29,19.128245,72.904528,Incident reported at Dadar TT Circle Sector-148 under MO Vehicle Theft Ring.,CCTNS_MUMBAI,CCTNS_000799,v1.0,True
800,CR/0800/2025,CASE_2025_0800,2027-05-17T20:10:33,POL_470,PS_BYCULLA,CAT_CRIMINAL,SERIOUS,ATM_CARD_SKIMMING,inspect_unattended_kiosk,UNDER_INVESTIGATION,COURT_MUMBAI_MAGISTRATE,2027-05-17T20:10:33,2027-05-17T20:10:33,2027-05-17T20:10:33,19.250899,72.814904,Incident reported at Tardeo Road Sector-40 under MO ATM/Card Skimming Racket.,CCTNS_MUMBAI,CCTNS_000800,v1.0,True
801,CR/0801/2025,CASE_2025_0801,2027-05-18T02:11:01,POL_133,PS_WORLI,CAT_CRIMINAL,HEINOUS,CHAIN_SNATCHING,survey_pedestrian_victim,UNDER_INVESTIGATION,COURT_MUMBAI_MAGISTRATE,2027-05-18T02:11:01,2027-05-18T02:11:01,2027-05-18T02:11:01,19.072515,72.983484,Incident reported at Andheri East MIDC Sector-85 under MO Two-Wheeler Chain Snatching.,CCTNS_MUMBAI,CCTNS_000801,v1.0,True
802,CR/0802/2025,CASE_2025_0802,2027-05-18T17:36:12,POL_795,PS_BORIVALI,CAT_CRIMINAL,SERIOUS,CYBER_FRAUD_CALL_CENTER,spoof_official_bank_helpline,UNDER_INVESTIGATION,COURT_MUMBAI_MAGISTRATE,2027-05-18T17:36:12,2027-05-18T17:36:12,2027-05-18T17:36:12,19.237965,72.857636,Incident reported at Kurla West Terminus Sector-26 under MO Cyber Fraud Call Center.,CCTNS_MUMBAI,CCTNS_000802,v1.0,True
803,CR/0803/2025,CASE_2025_0803,2027-05-19T01:29:43,POL_480,PS_GHATKOPAR,CAT_CRIMINAL,HEINOUS,EXTORTION_RACKET,identify_prominent_local_trader,UNDER_INVESTIGATION,COURT_MUMBAI_MAGISTRATE,2027-05-19T01:29:43,2027-05-19T01:29:43,2027-05-19T01:29:43,19.263206,72.886056,Incident reported at Sewri Timber Market Sector-136 under MO Commercial Extortion Racket.,CCTNS_MUMBAI,CCTNS_000803,v1.0,True
804,CR/0804/2025,CASE_2025_0804,2027-05-20T16:45:05,POL_687,PS_GHATKOPAR,CAT_CRIMINAL,SERIOUS,NARCOTICS_COURIER_NETWORK,procure_contraband_consignment,UNDER_INVESTIGATION,COURT_MUMBAI_MAGISTRATE,2027-05-20T16:45:05,2027-05-20T16:45:05,2027-05-20T16:45:05,19.168832,72.848002,Incident reported at Bandra Kurla Complex Sector-44 under MO Narcotics Courier Network.,CCTNS_MUMBAI,CCTNS_000804,v1.0,True
805,CR/0805/2025,CASE_2025_0805,2027-05-21T21:28:24,POL_475,PS_DHARAVI,CAT_CRIMINAL,HEINOUS,VEHICLE_THEFT_RING,observe_target_vehicle,UNDER_INVESTIGATION,COURT_MUMBAI_MAGISTRATE,2027-05-21T21:28:24,2027-05-21T21:28:24,2027-05-21T21:28:24,19.12444,72.795281,Incident reported at Crawford Market Sector-3 under MO Vehicle Theft Ring.,CCTNS_MUMBAI,CCTNS_000805,v1.0,True
806,CR/0806/2025,CASE_2025_0806,2027-05-23T02:40:34,POL_765,PS_WORLI,CAT_CRIMINAL,SERIOUS,ATM_CARD_SKIMMING,inspect_unattended_kiosk,UNDER_INVESTIGATION,COURT_MUMBAI_MAGISTRATE,2027-05-23T02:40:34,2027-05-23T02:40:34,2027-05-23T02:40:34,19.250892,72.773928,Incident reported at Worli Sea Face Sector-189 under MO ATM/Card Skimming Racket.,CCTNS_MUMBAI,CCTNS_000806,v1.0,True
807,CR/0807/2025,CASE_2025_0807,2027-05-23T02:51:19,POL_216,PS_ANDHERI,CAT_CRIMINAL,HEINOUS,CHAIN_SNATCHING,survey_pedestrian_victim,UNDER_INVESTIGATION,COURT_MUMBAI_MAGISTRATE,2027-05-23T02:51:19,2027-05-23T02:51:19,2027-05-23T02:51:19,18.927349,72.888464,Incident reported at Andheri East MIDC Sector-205 under MO Two-Wheeler Chain Snatching.,CCTNS_MUMBAI,CCTNS_000807,v1.0,True
808,CR/0808/2025,CASE_2025_0808,2027-05-23T05:45:58,POL_290,PS_COLABA,CAT_CRIMINAL,SERIOUS,CYBER_FRAUD_CALL_CENTER,spoof_official_bank_helpline,UNDER_INVESTIGATION,COURT_MUMBAI_MAGISTRATE,2027-05-23T05:45:58,2027-05-23T05:45:58,2027-05-23T05:45:58,18.924507,72.7644,Incident reported at Andheri East MIDC Sector-105 under MO Cyber Fraud Call Center.,CCTNS_MUMBAI,CCTNS_000808,v1.0,True
809,CR/0809/2025,CASE_2025_0809,2027-05-23T18:51:29,POL_496,PS_GHATKOPAR,CAT_CRIMINAL,HEINOUS,EXTORTION_RACKET,identify_prominent_local_trader,UNDER_INVESTIGATION,COURT_MUMBAI_MAGISTRATE,2027-05-23T18:51:29,2027-05-23T18:51:29,2027-05-23T18:51:29,18.966074,72.839198,Incident reported at Colaba Causeway Sector-242 under MO Commercial Extortion Racket.,CCTNS_MUMBAI,CCTNS_000809,v1.0,True
810,CR/0810/2025,CASE_2025_0810,2027-05-24T16:43:37,POL_368,PS_MALAD,CAT_CRIMINAL,SERIOUS,NARCOTICS_COURIER_NETWORK,procure_contraband_consignment,UNDER_INVESTIGATION,COURT_MUMBAI_MAGISTRATE,2027-05-24T16:43:37,2027-05-24T16:43:37,2027-05-24T16:43:37,18.985121,72.923349,Incident reported at Borivali West Station Area Sector-174 under MO Narcotics Courier Network.,CCTNS_MUMBAI,CCTNS_000810,v1.0,True
811,CR/0811/2025,CASE_2025_0811,2027-05-24T22:54:38,POL_556,PS_ANDHERI,CAT_CRIMINAL,HEINOUS,VEHICLE_THEFT_RING,observe_target_vehicle,UNDER_INVESTIGATION,COURT_MUMBAI_MAGISTRATE,2027-05-24T22:54:38,2027-05-24T22:54:38,2027-05-24T22:54:38,18.971754,72.781751,Incident reported at Bandra Kurla Complex Sector-4 under MO Vehicle Theft Ring.,CCTNS_MUMBAI,CCTNS_000811,v1.0,True
812,CR/0812/2025,CASE_2025_0812,2027-05-28T09:02:07,POL_392,PS_KURLA,CAT_CRIMINAL,SERIOUS,ATM_CARD_SKIMMING,inspect_unattended_kiosk,UNDER_INVESTIGATION,COURT_MUMBAI_MAGISTRATE,2027-05-28T09:02:07,2027-05-28T09:02:07,2027-05-28T09:02:07,19.255439,72.893913,Incident reported at Crawford Market Sector-63 under MO ATM/Card Skimming Racket.,CCTNS_MUMBAI,CCTNS_000812,v1.0,True
813,CR/0813/2025,CASE_2025_0813,2027-05-28T20:25:26,POL_304,PS_CHEMBUR,CAT_CRIMINAL,HEINOUS,CHAIN_SNATCHING,survey_pedestrian_victim,UNDER_INVESTIGATION,COURT_MUMBAI_MAGISTRATE,2027-05-28T20:25:26,2027-05-28T20:25:26,2027-05-28T20:25:26,18.957892,72.776016,Incident reported at Byculla Market Sector-115 under MO Two-Wheeler Chain Snatching.,CCTNS_MUMBAI,CCTNS_000813,v1.0,True
814,CR/0814/2025,CASE_2025_0814,2027-05-29T08:01:46,POL_973,PS_BANDRA,CAT_CRIMINAL,SERIOUS,CYBER_FRAUD_CALL_CENTER,spoof_official_bank_helpline,UNDER_INVESTIGATION,COURT_MUMBAI_MAGISTRATE,2027-05-29T08:01:46,2027-05-29T08:01:46,2027-05-29T08:01:46,19.063651,72.893015,Incident reported at Byculla Market Sector-215 under MO Cyber Fraud Call Center.,CCTNS_MUMBAI,CCTNS_000814,v1.0,True
815,CR/0815/2025,CASE_2025_0815,2027-05-30T02:05:52,POL_276,PS_BANDRA,CAT_CRIMINAL,HEINOUS,EXTORTION_RACKET,identify_prominent_local_trader,UNDER_INVESTIGATION,COURT_MUMBAI_MAGISTRATE,2027-05-30T02:05:52,2027-05-30T02:05:52,2027-05-30T02:05:52,18.946261,72.7994,Incident reported at Borivali West Station Area Sector-234 under MO Commercial Extortion Racket.,CCTNS_MUMBAI,CCTNS_000815,v1.0,True
816,CR/0816/2025,CASE_2025_0816,2027-05-30T06:31:36,POL_189,PS_CHEMBUR,CAT_CRIMINAL,SERIOUS,NARCOTICS_COURIER_NETWORK,procure_contraband_consignment,UNDER_INVESTIGATION,COURT_MUMBAI_MAGISTRATE,2027-05-30T06:31:36,2027-05-30T06:31:36,2027-05-30T06:31:36,19.007113,72.826829,Incident reported at Worli Sea Face Sector-249 under MO Narcotics Courier Network.,CCTNS_MUMBAI,CCTNS_000816,v1.0,True
817,CR/0817/2025,CASE_2025_0817,2027-05-31T11:03:44,POL_783,PS_BYCULLA,CAT_CRIMINAL,HEINOUS,VEHICLE_THEFT_RING,observe_target_vehicle,UNDER_INVESTIGATION,COURT_MUMBAI_MAGISTRATE,2027-05-31T11:03:44,2027-05-31T11:03:44,2027-05-31T11:03:44,18.987036,72.865578,Incident reported at Worli Sea Face Sector-229 under MO Vehicle Theft Ring.,CCTNS_MUMBAI,CCTNS_000817,v1.0,True
818,CR/0818/2025,CASE_2025_0818,2027-06-01T02:57:26,POL_166,PS_JUHU,CAT_CRIMINAL,SERIOUS,ATM_CARD_SKIMMING,inspect_unattended_kiosk,UNDER_INVESTIGATION,COURT_MUMBAI_MAGISTRATE,2027-06-01T02:57:26,2027-06-01T02:57:26,2027-06-01T02:57:26,19.162584,72.944389,Incident reported at Colaba Causeway Sector-2 under MO ATM/Card Skimming Racket.,CCTNS_MUMBAI,CCTNS_000818,v1.0,True
819,CR/0819/2025,CASE_2025_0819,2027-06-03T02:10:16,POL_397,PS_MALAD,CAT_CRIMINAL,HEINOUS,CHAIN_SNATCHING,survey_pedestrian_victim,UNDER_INVESTIGATION,COURT_MUMBAI_MAGISTRATE,2027-06-03T02:10:16,2027-06-03T02:10:16,2027-06-03T02:10:16,19.121669,72.791659,Incident reported at Kurla West Terminus Sector-106 under MO Two-Wheeler Chain Snatching.,CCTNS_MUMBAI,CCTNS_000819,v1.0,True
820,CR/0820/2025,CASE_2025_0820,2027-06-03T04:33:46,POL_828,PS_ANDHERI,CAT_CRIMINAL,SERIOUS,CYBER_FRAUD_CALL_CENTER,spoof_official_bank_helpline,UNDER_INVESTIGATION,COURT_MUMBAI_MAGISTRATE,2027-06-03T04:33:46,2027-06-03T04:33:46,2027-06-03T04:33:46,18.987036,72.865578,Incident reported at Worli Sea Face Sector-229 under MO Cyber Fraud Call Center.,CCTNS_MUMBAI,CCTNS_000820,v1.0,True
821,CR/0821/2025,CASE_2025_0821,2027-06-03T08:36:22,POL_753,PS_CHEMBUR,CAT_CRIMINAL,HEINOUS,EXTORTION_RACKET,identify_prominent_local_trader,UNDER_INVESTIGATION,COURT_MUMBAI_MAGISTRATE,2027-06-03T08:36:22,2027-06-03T08:36:22,2027-06-03T08:36:22,18.9258,72.955522,Incident reported at Chembur Colony Sector-192 under MO Commercial Extortion Racket.,CCTNS_MUMBAI,CCTNS_000821,v1.0,True
822,CR/0822/2025,CASE_2025_0822,2027-06-03T10:09:19,POL_620,PS_DHARAVI,CAT_CRIMINAL,SERIOUS,NARCOTICS_COURIER_NETWORK,procure_contraband_consignment,UNDER_INVESTIGATION,COURT_MUMBAI_MAGISTRATE,2027-06-03T10:09:19,2027-06-03T10:09:19,2027-06-03T10:09:19,19.076728,72.987784,Incident reported at Malad Link Road Sector-73 under MO Narcotics Courier Network.,CCTNS_MUMBAI,CCTNS_000822,v1.0,True
823,CR/0823/2025,CASE_2025_0823,2027-06-08T03:44:34,POL_305,PS_KURLA,CAT_CRIMINAL,HEINOUS,VEHICLE_THEFT_RING,observe_target_vehicle,UNDER_INVESTIGATION,COURT_MUMBAI_MAGISTRATE,2027-06-08T03:44:34,2027-06-08T03:44:34,2027-06-08T03:44:34,18.928921,72.826461,Incident reported at Crawford Market Sector-243 under MO Vehicle Theft Ring.,CCTNS_MUMBAI,CCTNS_000823,v1.0,True
824,CR/0824/2025,CASE_2025_0824,2027-06-09T01:03:14,POL_909,PS_DHARAVI,CAT_CRIMINAL,SERIOUS,ATM_CARD_SKIMMING,inspect_unattended_kiosk,UNDER_INVESTIGATION,COURT_MUMBAI_MAGISTRATE,2027-06-09T01:03:14,2027-06-09T01:03:14,2027-06-09T01:03:14,19.215394,72.940833,Incident reported at Sewri Timber Market Sector-196 under MO ATM/Card Skimming Racket.,CCTNS_MUMBAI,CCTNS_000824,v1.0,True
825,CR/0825/2025,CASE_2025_0825,2027-06-09T17:32:36,POL_469,PS_GHATKOPAR,CAT_CRIMINAL,HEINOUS,CHAIN_SNATCHING,survey_pedestrian_victim,UNDER_INVESTIGATION,COURT_MUMBAI_MAGISTRATE,2027-06-09T17:32:36,2027-06-09T17:32:36,2027-06-09T17:32:36,19.180291,72.842196,Incident reported at Malad Link Road Sector-33 under MO Two-Wheeler Chain Snatching.,CCTNS_MUMBAI,CCTNS_000825,v1.0,True
826,CR/0826/2025,CASE_2025_0826,2027-06-16T08:52:26,POL_477,PS_MALAD,CAT_CRIMINAL,SERIOUS,CYBER_FRAUD_CALL_CENTER,spoof_official_bank_helpline,UNDER_INVESTIGATION,COURT_MUMBAI_MAGISTRATE,2027-06-16T08:52:26,2027-06-16T08:52:26,2027-06-16T08:52:26,19.01349,72.836518,Incident reported at Byculla Market Sector-75 under MO Cyber Fraud Call Center.,CCTNS_MUMBAI,CCTNS_000826,v1.0,True
827,CR/0827/2025,CASE_2025_0827,2027-06-16T10:37:34,POL_232,PS_GHATKOPAR,CAT_CRIMINAL,HEINOUS,EXTORTION_RACKET,identify_prominent_local_trader,UNDER_INVESTIGATION,COURT_MUMBAI_MAGISTRATE,2027-06-16T10:37:34,2027-06-16T10:37:34,2027-06-16T10:37:34,19.091545,72.839182,Incident reported at Navi Mumbai Vashi Sector 17 Sector-18 under MO Commercial Extortion Racket.,CCTNS_MUMBAI,CCTNS_000827,v1.0,True
828,CR/0828/2025,CASE_2025_0828,2027-06-17T05:34:16,POL_167,PS_BORIVALI,CAT_CRIMINAL,SERIOUS,NARCOTICS_COURIER_NETWORK,procure_contraband_consignment,UNDER_INVESTIGATION,COURT_MUMBAI_MAGISTRATE,2027-06-17T05:34:16,2027-06-17T05:34:16,2027-06-17T05:34:16,19.137774,72.948852,Incident reported at Dharavi Commercial Complex Sector-201 under MO Narcotics Courier Network.,CCTNS_MUMBAI,CCTNS_000828,v1.0,True
829,CR/0829/2025,CASE_2025_0829,2027-06-18T01:20:09,POL_834,PS_ANDHERI,CAT_CRIMINAL,HEINOUS,VEHICLE_THEFT_RING,observe_target_vehicle,UNDER_INVESTIGATION,COURT_MUMBAI_MAGISTRATE,2027-06-18T01:20:09,2027-06-18T01:20:09,2027-06-18T01:20:09,19.134275,72.770062,Incident reported at Colaba Causeway Sector-162 under MO Vehicle Theft Ring.,CCTNS_MUMBAI,CCTNS_000829,v1.0,True
830,CR/0830/2025,CASE_2025_0830,2027-06-18T07:32:32,POL_638,PS_CHEMBUR,CAT_CRIMINAL,SERIOUS,ATM_CARD_SKIMMING,inspect_unattended_kiosk,UNDER_INVESTIGATION,COURT_MUMBAI_MAGISTRATE,2027-06-18T07:32:32,2027-06-18T07:32:32,2027-06-18T07:32:32,19.27616,72.972984,Incident reported at Andheri East MIDC Sector-5 under MO ATM/Card Skimming Racket.,CCTNS_MUMBAI,CCTNS_000830,v1.0,True
831,CR/0831/2025,CASE_2025_0831,2027-06-20T14:51:32,POL_943,PS_WORLI,CAT_CRIMINAL,HEINOUS,CHAIN_SNATCHING,survey_pedestrian_victim,UNDER_INVESTIGATION,COURT_MUMBAI_MAGISTRATE,2027-06-20T14:51:32,2027-06-20T14:51:32,2027-06-20T14:51:32,18.987036,72.865578,Incident reported at Worli Sea Face Sector-229 under MO Two-Wheeler Chain Snatching.,CCTNS_MUMBAI,CCTNS_000831,v1.0,True
832,CR/0832/2025,CASE_2025_0832,2027-06-22T16:54:59,POL_228,PS_BORIVALI,CAT_CRIMINAL,SERIOUS,CYBER_FRAUD_CALL_CENTER,spoof_official_bank_helpline,UNDER_INVESTIGATION,COURT_MUMBAI_MAGISTRATE,2027-06-22T16:54:59,2027-06-22T16:54:59,2027-06-22T16:54:59,19.248676,72.91426,Incident reported at Chembur Colony Sector-72 under MO Cyber Fraud Call Center.,CCTNS_MUMBAI,CCTNS_000832,v1.0,True
833,CR/0833/2025,CASE_2025_0833,2027-06-22T19:09:55,POL_175,PS_JUHU,CAT_CRIMINAL,HEINOUS,EXTORTION_RACKET,identify_prominent_local_trader,UNDER_INVESTIGATION,COURT_MUMBAI_MAGISTRATE,2027-06-22T19:09:55,2027-06-22T19:09:55,2027-06-22T19:09:55,18.978787,72.964825,Incident reported at Ghatkopar Central Mall Sector-11 under MO Commercial Extortion Racket.,CCTNS_MUMBAI,CCTNS_000833,v1.0,True
834,CR/0834/2025,CASE_2025_0834,2027-06-24T07:56:00,POL_796,PS_GHATKOPAR,CAT_CRIMINAL,SERIOUS,NARCOTICS_COURIER_NETWORK,procure_contraband_consignment,UNDER_INVESTIGATION,COURT_MUMBAI_MAGISTRATE,2027-06-24T07:56:00,2027-06-24T07:56:00,2027-06-24T07:56:00,19.169041,72.915148,Incident reported at Dadar TT Circle Sector-48 under MO Narcotics Courier Network.,CCTNS_MUMBAI,CCTNS_000834,v1.0,True
835,CR/0835/2025,CASE_2025_0835,2027-06-24T20:58:31,POL_231,PS_MALAD,CAT_CRIMINAL,HEINOUS,VEHICLE_THEFT_RING,observe_target_vehicle,UNDER_INVESTIGATION,COURT_MUMBAI_MAGISTRATE,2027-06-24T20:58:31,2027-06-24T20:58:31,2027-06-24T20:58:31,19.072515,72.983484,Incident reported at Andheri East MIDC Sector-85 under MO Vehicle Theft Ring.,CCTNS_MUMBAI,CCTNS_000835,v1.0,True
836,CR/0836/2025,CASE_2025_0836,2027-06-25T00:49:39,POL_701,PS_MALAD,CAT_CRIMINAL,SERIOUS,ATM_CARD_SKIMMING,inspect_unattended_kiosk,UNDER_INVESTIGATION,COURT_MUMBAI_MAGISTRATE,2027-06-25T00:49:39,2027-06-25T00:49:39,2027-06-25T00:49:39,18.996264,72.787969,Incident reported at Lower Parel Business Park Sector-150 under MO ATM/Card Skimming Racket.,CCTNS_MUMBAI,CCTNS_000836,v1.0,True
837,CR/0837/2025,CASE_2025_0837,2027-06-25T19:23:42,POL_543,PS_DHARAVI,CAT_CRIMINAL,HEINOUS,CHAIN_SNATCHING,survey_pedestrian_victim,UNDER_INVESTIGATION,COURT_MUMBAI_MAGISTRATE,2027-06-25T19:23:42,2027-06-25T19:23:42,2027-06-25T19:23:42,19.051725,72.886114,Incident reported at Thane Station West Sector-237 under MO Two-Wheeler Chain Snatching.,CCTNS_MUMBAI,CCTNS_000837,v1.0,True
838,CR/0838/2025,CASE_2025_0838,2027-06-26T12:53:41,POL_951,PS_MALAD,CAT_CRIMINAL,SERIOUS,CYBER_FRAUD_CALL_CENTER,spoof_official_bank_helpline,UNDER_INVESTIGATION,COURT_MUMBAI_MAGISTRATE,2027-06-26T12:53:41,2027-06-26T12:53:41,2027-06-26T12:53:41,18.880214,72.908503,Incident reported at Chembur Colony Sector-12 under MO Cyber Fraud Call Center.,CCTNS_MUMBAI,CCTNS_000838,v1.0,True
839,CR/0839/2025,CASE_2025_0839,2027-06-26T22:00:54,POL_256,PS_BANDRA,CAT_CRIMINAL,HEINOUS,EXTORTION_RACKET,identify_prominent_local_trader,UNDER_INVESTIGATION,COURT_MUMBAI_MAGISTRATE,2027-06-26T22:00:54,2027-06-26T22:00:54,2027-06-26T22:00:54,19.134275,72.770062,Incident reported at Colaba Causeway Sector-162 under MO Commercial Extortion Racket.,CCTNS_MUMBAI,CCTNS_000839,v1.0,True
840,CR/0840/2025,CASE_2025_0840,2027-06-29T10:25:12,POL_265,PS_ANDHERI,CAT_CRIMINAL,SERIOUS,NARCOTICS_COURIER_NETWORK,procure_contraband_consignment,UNDER_INVESTIGATION,COURT_MUMBAI_MAGISTRATE,2027-06-29T10:25:12,2027-06-29T10:25:12,2027-06-29T10:25:12,19.187287,72.797873,Incident reported at Borivali West Station Area Sector-154 under MO Narcotics Courier Network.,CCTNS_MUMBAI,CCTNS_000840,v1.0,True
841,CR/0841/2025,CASE_2025_0841,2027-06-29T12:43:40,POL_330,PS_JUHU,CAT_CRIMINAL,HEINOUS,VEHICLE_THEFT_RING,observe_target_vehicle,UNDER_INVESTIGATION,COURT_MUMBAI_MAGISTRATE,2027-06-29T12:43:40,2027-06-29T12:43:40,2027-06-29T12:43:40,18.913298,72.919311,Incident reported at Crawford Market Sector-43 under MO Vehicle Theft Ring.,CCTNS_MUMBAI,CCTNS_000841,v1.0,True
842,CR/0842/2025,CASE_2025_0842,2027-06-30T13:10:28,POL_390,PS_JUHU,CAT_CRIMINAL,SERIOUS,ATM_CARD_SKIMMING,inspect_unattended_kiosk,UNDER_INVESTIGATION,COURT_MUMBAI_MAGISTRATE,2027-06-30T13:10:28,2027-06-30T13:10:28,2027-06-30T13:10:28,19.275815,72.800393,Incident reported at Dharavi Commercial Complex Sector-41 under MO ATM/Card Skimming Racket.,CCTNS_MUMBAI,CCTNS_000842,v1.0,True
843,CR/0843/2025,CASE_2025_0843,2027-06-30T21:01:58,POL_301,PS_BANDRA,CAT_CRIMINAL,HEINOUS,CHAIN_SNATCHING,survey_pedestrian_victim,UNDER_INVESTIGATION,COURT_MUMBAI_MAGISTRATE,2027-06-30T21:01:58,2027-06-30T21:01:58,2027-06-30T21:01:58,19.121803,72.792736,Incident reported at Sewri Timber Market Sector-76 under MO Two-Wheeler Chain Snatching.,CCTNS_MUMBAI,CCTNS_000843,v1.0,True
844,CR/0844/2025,CASE_2025_0844,2027-07-01T10:37:33,POL_381,PS_BYCULLA,CAT_CRIMINAL,SERIOUS,CYBER_FRAUD_CALL_CENTER,spoof_official_bank_helpline,UNDER_INVESTIGATION,COURT_MUMBAI_MAGISTRATE,2027-07-01T10:37:33,2027-07-01T10:37:33,2027-07-01T10:37:33,19.210625,72.933227,Incident reported at Dharavi Commercial Complex Sector-61 under MO Cyber Fraud Call Center.,CCTNS_MUMBAI,CCTNS_000844,v1.0,True
845,CR/0845/2025,CASE_2025_0845,2027-07-03T18:43:11,POL_410,PS_DHARAVI,CAT_CRIMINAL,HEINOUS,EXTORTION_RACKET,identify_prominent_local_trader,UNDER_INVESTIGATION,COURT_MUMBAI_MAGISTRATE,2027-07-03T18:43:11,2027-07-03T18:43:11,2027-07-03T18:43:11,19.096948,72.946381,Incident reported at Bandra Kurla Complex Sector-64 under MO Commercial Extortion Racket.,CCTNS_MUMBAI,CCTNS_000845,v1.0,True
846,CR/0846/2025,CASE_2025_0846,2027-07-03T19:30:06,POL_195,PS_BORIVALI,CAT_CRIMINAL,SERIOUS,NARCOTICS_COURIER_NETWORK,procure_contraband_consignment,UNDER_INVESTIGATION,COURT_MUMBAI_MAGISTRATE,2027-07-03T19:30:06,2027-07-03T19:30:06,2027-07-03T19:30:06,18.92923,72.947982,Incident reported at Dadar TT Circle Sector-68 under MO Narcotics Courier Network.,CCTNS_MUMBAI,CCTNS_000846,v1.0,True
847,CR/0847/2025,CASE_2025_0847,2027-07-03T21:39:52,POL_272,PS_MALAD,CAT_CRIMINAL,HEINOUS,VEHICLE_THEFT_RING,observe_target_vehicle,UNDER_INVESTIGATION,COURT_MUMBAI_MAGISTRATE,2027-07-03T21:39:52,2027-07-03T21:39:52,2027-07-03T21:39:52,19.12444,72.795281,Incident reported at Crawford Market Sector-3 under MO Vehicle Theft Ring.,CCTNS_MUMBAI,CCTNS_000847,v1.0,True
848,CR/0848/2025,CASE_2025_0848,2027-07-05T22:50:40,POL_257,PS_BORIVALI,CAT_CRIMINAL,SERIOUS,ATM_CARD_SKIMMING,inspect_unattended_kiosk,UNDER_INVESTIGATION,COURT_MUMBAI_MAGISTRATE,2027-07-05T22:50:40,2027-07-05T22:50:40,2027-07-05T22:50:40,19.035655,72.752384,Incident reported at Worli Sea Face Sector-169 under MO ATM/Card Skimming Racket.,CCTNS_MUMBAI,CCTNS_000848,v1.0,True
849,CR/0849/2025,CASE_2025_0849,2027-07-08T02:28:28,POL_739,PS_DHARAVI,CAT_CRIMINAL,HEINOUS,CHAIN_SNATCHING,survey_pedestrian_victim,UNDER_INVESTIGATION,COURT_MUMBAI_MAGISTRATE,2027-07-08T02:28:28,2027-07-08T02:28:28,2027-07-08T02:28:28,19.187014,72.834626,Incident reported at Bandra Kurla Complex Sector-84 under MO Two-Wheeler Chain Snatching.,CCTNS_MUMBAI,CCTNS_000849,v1.0,True
850,CR/0850/2025,CASE_2025_0850,2027-07-09T07:08:49,POL_445,PS_CHEMBUR,CAT_CRIMINAL,SERIOUS,CYBER_FRAUD_CALL_CENTER,spoof_official_bank_helpline,UNDER_INVESTIGATION,COURT_MUMBAI_MAGISTRATE,2027-07-09T07:08:49,2027-07-09T07:08:49,2027-07-09T07:08:49,19.215394,72.940833,Incident reported at Sewri Timber Market Sector-196 under MO Cyber Fraud Call Center.,CCTNS_MUMBAI,CCTNS_000850,v1.0,True
851,CR/0851/2025,CASE_2025_0851,2027-07-09T18:58:47,POL_945,PS_BORIVALI,CAT_CRIMINAL,HEINOUS,EXTORTION_RACKET,identify_prominent_local_trader,UNDER_INVESTIGATION,COURT_MUMBAI_MAGISTRATE,2027-07-09T18:58:47,2027-07-09T18:58:47,2027-07-09T18:58:47,18.920401,72.943799,Incident reported at Kurla West Terminus Sector-126 under MO Commercial Extortion Racket.,CCTNS_MUMBAI,CCTNS_000851,v1.0,True
852,CR/0852/2025,CASE_2025_0852,2027-07-10T03:03:13,POL_146,PS_COLABA,CAT_CRIMINAL,SERIOUS,NARCOTICS_COURIER_NETWORK,procure_contraband_consignment,UNDER_INVESTIGATION,COURT_MUMBAI_MAGISTRATE,2027-07-10T03:03:13,2027-07-10T03:03:13,2027-07-10T03:03:13,19.273366,72.902271,Incident reported at Lower Parel Business Park Sector-210 under MO Narcotics Courier Network.,CCTNS_MUMBAI,CCTNS_000852,v1.0,True
853,CR/0853/2025,CASE_2025_0853,2027-07-10T05:15:20,POL_371,PS_BYCULLA,CAT_CRIMINAL,HEINOUS,VEHICLE_THEFT_RING,observe_target_vehicle,UNDER_INVESTIGATION,COURT_MUMBAI_MAGISTRATE,2027-07-10T05:15:20,2027-07-10T05:15:20,2027-07-10T05:15:20,19.265346,72.821257,Incident reported at Kurla West Terminus Sector-166 under MO Vehicle Theft Ring.,CCTNS_MUMBAI,CCTNS_000853,v1.0,True
854,CR/0854/2025,CASE_2025_0854,2027-07-11T14:59:15,POL_885,PS_BYCULLA,CAT_CRIMINAL,SERIOUS,ATM_CARD_SKIMMING,inspect_unattended_kiosk,UNDER_INVESTIGATION,COURT_MUMBAI_MAGISTRATE,2027-07-11T14:59:15,2027-07-11T14:59:15,2027-07-11T14:59:15,19.070731,72.892542,Incident reported at Sion Circle Sector-99 under MO ATM/Card Skimming Racket.,CCTNS_MUMBAI,CCTNS_000854,v1.0,True
855,CR/0855/2025,CASE_2025_0855,2027-07-12T04:10:58,POL_732,PS_BORIVALI,CAT_CRIMINAL,HEINOUS,CHAIN_SNATCHING,survey_pedestrian_victim,UNDER_INVESTIGATION,COURT_MUMBAI_MAGISTRATE,2027-07-12T04:10:58,2027-07-12T04:10:58,2027-07-12T04:10:58,19.263206,72.886056,Incident reported at Sewri Timber Market Sector-136 under MO Two-Wheeler Chain Snatching.,CCTNS_MUMBAI,CCTNS_000855,v1.0,True
856,CR/0856/2025,CASE_2025_0856,2027-07-14T03:55:50,POL_609,PS_BYCULLA,CAT_CRIMINAL,SERIOUS,CYBER_FRAUD_CALL_CENTER,spoof_official_bank_helpline,UNDER_INVESTIGATION,COURT_MUMBAI_MAGISTRATE,2027-07-14T03:55:50,2027-07-14T03:55:50,2027-07-14T03:55:50,19.180672,72.980097,Incident reported at Crawford Market Sector-123 under MO Cyber Fraud Call Center.,CCTNS_MUMBAI,CCTNS_000856,v1.0,True
857,CR/0857/2025,CASE_2025_0857,2027-07-15T09:56:01,POL_396,PS_BYCULLA,CAT_CRIMINAL,HEINOUS,EXTORTION_RACKET,identify_prominent_local_trader,UNDER_INVESTIGATION,COURT_MUMBAI_MAGISTRATE,2027-07-15T09:56:01,2027-07-15T09:56:01,2027-07-15T09:56:01,19.013713,72.776767,Incident reported at Byculla Market Sector-15 under MO Commercial Extortion Racket.,CCTNS_MUMBAI,CCTNS_000857,v1.0,True
858,CR/0858/2025,CASE_2025_0858,2027-07-15T19:36:32,POL_594,PS_BYCULLA,CAT_CRIMINAL,SERIOUS,NARCOTICS_COURIER_NETWORK,procure_contraband_consignment,UNDER_INVESTIGATION,COURT_MUMBAI_MAGISTRATE,2027-07-15T19:36:32,2027-07-15T19:36:32,2027-07-15T19:36:32,18.907265,72.888363,Incident reported at Tardeo Road Sector-140 under MO Narcotics Courier Network.,CCTNS_MUMBAI,CCTNS_000858,v1.0,True
859,CR/0859/2025,CASE_2025_0859,2027-07-19T01:29:59,POL_515,PS_KURLA,CAT_CRIMINAL,HEINOUS,VEHICLE_THEFT_RING,observe_target_vehicle,UNDER_INVESTIGATION,COURT_MUMBAI_MAGISTRATE,2027-07-19T01:29:59,2027-07-19T01:29:59,2027-07-19T01:29:59,19.042919,72.823547,Incident reported at Juhu Tara Road Sector-7 under MO Vehicle Theft Ring.,CCTNS_MUMBAI,CCTNS_000859,v1.0,True
860,CR/0860/2025,CASE_2025_0860,2027-07-19T15:37:47,POL_174,PS_ANDHERI,CAT_CRIMINAL,SERIOUS,ATM_CARD_SKIMMING,inspect_unattended_kiosk,UNDER_INVESTIGATION,COURT_MUMBAI_MAGISTRATE,2027-07-19T15:37:47,2027-07-19T15:37:47,2027-07-19T15:37:47,19.168832,72.848002,Incident reported at Bandra Kurla Complex Sector-44 under MO ATM/Card Skimming Racket.,CCTNS_MUMBAI,CCTNS_000860,v1.0,True
861,CR/0861/2025,CASE_2025_0861,2027-07-20T04:24:26,POL_261,PS_CHEMBUR,CAT_CRIMINAL,HEINOUS,CHAIN_SNATCHING,survey_pedestrian_victim,UNDER_INVESTIGATION,COURT_MUMBAI_MAGISTRATE,2027-07-20T04:24:26,2027-07-20T04:24:26,2027-07-20T04:24:26,19.051725,72.886114,Incident reported at Thane Station West Sector-237 under MO Two-Wheeler Chain Snatching.,CCTNS_MUMBAI,CCTNS_000861,v1.0,True
862,CR/0862/2025,CASE_2025_0862,2027-07-20T09:37:51,POL_595,PS_GHATKOPAR,CAT_CRIMINAL,SERIOUS,CYBER_FRAUD_CALL_CENTER,spoof_official_bank_helpline,UNDER_INVESTIGATION,COURT_MUMBAI_MAGISTRATE,2027-07-20T09:37:51,2027-07-20T09:37:51,2027-07-20T09:37:51,18.935289,72.976567,Incident reported at Kurla West Terminus Sector-86 under MO Cyber Fraud Call Center.,CCTNS_MUMBAI,CCTNS_000862,v1.0,True
863,CR/0863/2025,CASE_2025_0863,2027-07-21T11:30:36,POL_448,PS_GHATKOPAR,CAT_CRIMINAL,HEINOUS,EXTORTION_RACKET,identify_prominent_local_trader,UNDER_INVESTIGATION,COURT_MUMBAI_MAGISTRATE,2027-07-21T11:30:36,2027-07-21T11:30:36,2027-07-21T11:30:36,19.053389,72.857078,Incident reported at Byculla Market Sector-235 under MO Commercial Extortion Racket.,CCTNS_MUMBAI,CCTNS_000863,v1.0,True
864,CR/0864/2025,CASE_2025_0864,2027-07-21T12:12:27,POL_420,PS_BORIVALI,CAT_CRIMINAL,SERIOUS,NARCOTICS_COURIER_NETWORK,procure_contraband_consignment,UNDER_INVESTIGATION,COURT_MUMBAI_MAGISTRATE,2027-07-21T12:12:27,2027-07-21T12:12:27,2027-07-21T12:12:27,18.976732,72.983638,Incident reported at Tardeo Road Sector-200 under MO Narcotics Courier Network.,CCTNS_MUMBAI,CCTNS_000864,v1.0,True
865,CR/0865/2025,CASE_2025_0865,2027-07-21T20:04:24,POL_851,PS_CHEMBUR,CAT_CRIMINAL,HEINOUS,VEHICLE_THEFT_RING,observe_target_vehicle,UNDER_INVESTIGATION,COURT_MUMBAI_MAGISTRATE,2027-07-21T20:04:24,2027-07-21T20:04:24,2027-07-21T20:04:24,19.128245,72.904528,Incident reported at Dadar TT Circle Sector-148 under MO Vehicle Theft Ring.,CCTNS_MUMBAI,CCTNS_000865,v1.0,True
866,CR/0866/2025,CASE_2025_0866,2027-07-23T23:13:04,POL_233,PS_JUHU,CAT_CRIMINAL,SERIOUS,ATM_CARD_SKIMMING,inspect_unattended_kiosk,UNDER_INVESTIGATION,COURT_MUMBAI_MAGISTRATE,2027-07-23T23:13:04,2027-07-23T23:13:04,2027-07-23T23:13:04,19.005789,72.843754,Incident reported at Bandra Kurla Complex Sector-124 under MO ATM/Card Skimming Racket.,CCTNS_MUMBAI,CCTNS_000866,v1.0,True
867,CR/0867/2025,CASE_2025_0867,2027-07-25T01:47:08,POL_675,PS_JUHU,CAT_CRIMINAL,HEINOUS,CHAIN_SNATCHING,survey_pedestrian_victim,UNDER_INVESTIGATION,COURT_MUMBAI_MAGISTRATE,2027-07-25T01:47:08,2027-07-25T01:47:08,2027-07-25T01:47:08,19.206357,72.899499,Incident reported at Sewri Timber Market Sector-236 under MO Two-Wheeler Chain Snatching.,CCTNS_MUMBAI,CCTNS_000867,v1.0,True
868,CR/0868/2025,CASE_2025_0868,2027-07-25T02:02:11,POL_347,PS_BANDRA,CAT_CRIMINAL,SERIOUS,CYBER_FRAUD_CALL_CENTER,spoof_official_bank_helpline,UNDER_INVESTIGATION,COURT_MUMBAI_MAGISTRATE,2027-07-25T02:02:11,2027-07-25T02:02:11,2027-07-25T02:02:11,18.975644,72.989282,Incident reported at Byculla Market Sector-135 under MO Cyber Fraud Call Center.,CCTNS_MUMBAI,CCTNS_000868,v1.0,True
869,CR/0869/2025,CASE_2025_0869,2027-07-26T06:26:46,POL_373,PS_GHATKOPAR,CAT_CRIMINAL,HEINOUS,EXTORTION_RACKET,identify_prominent_local_trader,UNDER_INVESTIGATION,COURT_MUMBAI_MAGISTRATE,2027-07-26T06:26:46,2027-07-26T06:26:46,2027-07-26T06:26:46,18.920269,72.940906,Incident reported at Navi Mumbai Vashi Sector 17 Sector-218 under MO Commercial Extortion Racket.,CCTNS_MUMBAI,CCTNS_000869,v1.0,True
870,CR/0870/2025,CASE_2025_0870,2027-07-27T00:02:30,POL_244,PS_GHATKOPAR,CAT_CRIMINAL,SERIOUS,NARCOTICS_COURIER_NETWORK,procure_contraband_consignment,UNDER_INVESTIGATION,COURT_MUMBAI_MAGISTRATE,2027-07-27T00:02:30,2027-07-27T00:02:30,2027-07-27T00:02:30,19.024343,72.953839,Incident reported at Malad Link Road Sector-93 under MO Narcotics Courier Network.,CCTNS_MUMBAI,CCTNS_000870,v1.0,True
871,CR/0871/2025,CASE_2025_0871,2027-08-01T06:31:49,POL_397,PS_BANDRA,CAT_CRIMINAL,HEINOUS,VEHICLE_THEFT_RING,observe_target_vehicle,UNDER_INVESTIGATION,COURT_MUMBAI_MAGISTRATE,2027-08-01T06:31:49,2027-08-01T06:31:49,2027-08-01T06:31:49,19.255439,72.893913,Incident reported at Crawford Market Sector-63 under MO Vehicle Theft Ring.,CCTNS_MUMBAI,CCTNS_000871,v1.0,True
872,CR/0872/2025,CASE_2025_0872,2027-08-01T10:51:50,POL_528,PS_WORLI,CAT_CRIMINAL,SERIOUS,ATM_CARD_SKIMMING,inspect_unattended_kiosk,UNDER_INVESTIGATION,COURT_MUMBAI_MAGISTRATE,2027-08-01T10:51:50,2027-08-01T10:51:50,2027-08-01T10:51:50,18.969221,72.959798,Incident reported at Ghatkopar Central Mall Sector-151 under MO ATM/Card Skimming Racket.,CCTNS_MUMBAI,CCTNS_000872,v1.0,True
873,CR/0873/2025,CASE_2025_0873,2027-08-02T22:28:51,POL_933,PS_KURLA,CAT_CRIMINAL,HEINOUS,CHAIN_SNATCHING,survey_pedestrian_victim,UNDER_INVESTIGATION,COURT_MUMBAI_MAGISTRATE,2027-08-02T22:28:51,2027-08-02T22:28:51,2027-08-02T22:28:51,19.064155,72.950461,Incident reported at Borivali West Station Area Sector-94 under MO Two-Wheeler Chain Snatching.,CCTNS_MUMBAI,CCTNS_000873,v1.0,True
874,CR/0874/2025,CASE_2025_0874,2027-08-03T19:07:59,POL_838,PS_JUHU,CAT_CRIMINAL,SERIOUS,CYBER_FRAUD_CALL_CENTER,spoof_official_bank_helpline,UNDER_INVESTIGATION,COURT_MUMBAI_MAGISTRATE,2027-08-03T19:07:59,2027-08-03T19:07:59,2027-08-03T19:07:59,19.007113,72.826829,Incident reported at Worli Sea Face Sector-249 under MO Cyber Fraud Call Center.,CCTNS_MUMBAI,CCTNS_000874,v1.0,True
875,CR/0875/2025,CASE_2025_0875,2027-08-05T02:43:27,POL_881,PS_JUHU,CAT_CRIMINAL,HEINOUS,EXTORTION_RACKET,identify_prominent_local_trader,UNDER_INVESTIGATION,COURT_MUMBAI_MAGISTRATE,2027-08-05T02:43:27,2027-08-05T02:43:27,2027-08-05T02:43:27,19.262587,72.817635,Incident reported at Borivali West Station Area Sector-74 under MO Commercial Extortion Racket.,CCTNS_MUMBAI,CCTNS_000875,v1.0,True
876,CR/0876/2025,CASE_2025_0876,2027-08-06T01:19:23,POL_627,PS_DHARAVI,CAT_CRIMINAL,SERIOUS,NARCOTICS_COURIER_NETWORK,procure_contraband_consignment,UNDER_INVESTIGATION,COURT_MUMBAI_MAGISTRATE,2027-08-06T01:19:23,2027-08-06T01:19:23,2027-08-06T01:19:23,19.186167,72.862744,Incident reported at Colaba Causeway Sector-102 under MO Narcotics Courier Network.,CCTNS_MUMBAI,CCTNS_000876,v1.0,True
877,CR/0877/2025,CASE_2025_0877,2027-08-08T16:55:10,POL_415,PS_GHATKOPAR,CAT_CRIMINAL,HEINOUS,VEHICLE_THEFT_RING,observe_target_vehicle,UNDER_INVESTIGATION,COURT_MUMBAI_MAGISTRATE,2027-08-08T16:55:10,2027-08-08T16:55:10,2027-08-08T16:55:10,19.002414,72.804556,Incident reported at Worli Sea Face Sector-109 under MO Vehicle Theft Ring.,CCTNS_MUMBAI,CCTNS_000877,v1.0,True
878,CR/0878/2025,CASE_2025_0878,2027-08-09T06:30:05,POL_192,PS_GHATKOPAR,CAT_CRIMINAL,SERIOUS,ATM_CARD_SKIMMING,inspect_unattended_kiosk,UNDER_INVESTIGATION,COURT_MUMBAI_MAGISTRATE,2027-08-09T06:30:05,2027-08-09T06:30:05,2027-08-09T06:30:05,19.159426,72.821882,Incident reported at Crawford Market Sector-103 under MO ATM/Card Skimming Racket.,CCTNS_MUMBAI,CCTNS_000878,v1.0,True
879,CR/0879/2025,CASE_2025_0879,2027-08-11T09:56:51,POL_568,PS_WORLI,CAT_CRIMINAL,HEINOUS,CHAIN_SNATCHING,survey_pedestrian_victim,UNDER_INVESTIGATION,COURT_MUMBAI_MAGISTRATE,2027-08-11T09:56:51,2027-08-11T09:56:51,2027-08-11T09:56:51,19.180672,72.980097,Incident reported at Crawford Market Sector-123 under MO Two-Wheeler Chain Snatching.,CCTNS_MUMBAI,CCTNS_000879,v1.0,True
880,CR/0880/2025,CASE_2025_0880,2027-08-11T11:17:22,POL_697,PS_KURLA,CAT_CRIMINAL,SERIOUS,CYBER_FRAUD_CALL_CENTER,spoof_official_bank_helpline,UNDER_INVESTIGATION,COURT_MUMBAI_MAGISTRATE,2027-08-11T11:17:22,2027-08-11T11:17:22,2027-08-11T11:17:22,19.252533,72.870929,Incident reported at Dadar TT Circle Sector-28 under MO Cyber Fraud Call Center.,CCTNS_MUMBAI,CCTNS_000880,v1.0,True
881,CR/0881/2025,CASE_2025_0881,2027-08-12T10:22:33,POL_151,PS_JUHU,CAT_CRIMINAL,HEINOUS,EXTORTION_RACKET,identify_prominent_local_trader,UNDER_INVESTIGATION,COURT_MUMBAI_MAGISTRATE,2027-08-12T10:22:33,2027-08-12T10:22:33,2027-08-12T10:22:33,18.917646,72.825292,Incident reported at Sion Circle Sector-139 under MO Commercial Extortion Racket.,CCTNS_MUMBAI,CCTNS_000881,v1.0,True
882,CR/0882/2025,CASE_2025_0882,2027-08-13T10:07:14,POL_711,PS_ANDHERI,CAT_CRIMINAL,SERIOUS,NARCOTICS_COURIER_NETWORK,procure_contraband_consignment,UNDER_INVESTIGATION,COURT_MUMBAI_MAGISTRATE,2027-08-13T10:07:14,2027-08-13T10:07:14,2027-08-13T10:07:14,19.047285,72.920785,Incident reported at Andheri East MIDC Sector-25 under MO Narcotics Courier Network.,CCTNS_MUMBAI,CCTNS_000882,v1.0,True
883,CR/0883/2025,CASE_2025_0883,2027-08-14T22:35:51,POL_581,PS_BYCULLA,CAT_CRIMINAL,HEINOUS,VEHICLE_THEFT_RING,observe_target_vehicle,UNDER_INVESTIGATION,COURT_MUMBAI_MAGISTRATE,2027-08-14T22:35:51,2027-08-14T22:35:51,2027-08-14T22:35:51,18.901633,72.775442,Incident reported at Navi Mumbai Vashi Sector 17 Sector-98 under MO Vehicle Theft Ring.,CCTNS_MUMBAI,CCTNS_000883,v1.0,True
884,CR/0884/2025,CASE_2025_0884,2027-08-15T05:34:12,POL_108,PS_ANDHERI,CAT_CRIMINAL,SERIOUS,ATM_CARD_SKIMMING,inspect_unattended_kiosk,UNDER_INVESTIGATION,COURT_MUMBAI_MAGISTRATE,2027-08-15T05:34:12,2027-08-15T05:34:12,2027-08-15T05:34:12,19.133643,72.918502,Incident reported at Kurla West Terminus Sector-186 under MO ATM/Card Skimming Racket.,CCTNS_MUMBAI,CCTNS_000884,v1.0,True
885,CR/0885/2025,CASE_2025_0885,2027-08-20T08:46:06,POL_237,PS_BANDRA,CAT_CRIMINAL,HEINOUS,CHAIN_SNATCHING,survey_pedestrian_victim,UNDER_INVESTIGATION,COURT_MUMBAI_MAGISTRATE,2027-08-20T08:46:06,2027-08-20T08:46:06,2027-08-20T08:46:06,18.969221,72.959798,Incident reported at Ghatkopar Central Mall Sector-151 under MO Two-Wheeler Chain Snatching.,CCTNS_MUMBAI,CCTNS_000885,v1.0,True
886,CR/0886/2025,CASE_2025_0886,2027-08-21T03:36:18,POL_474,PS_ANDHERI,CAT_CRIMINAL,SERIOUS,CYBER_FRAUD_CALL_CENTER,spoof_official_bank_helpline,UNDER_INVESTIGATION,COURT_MUMBAI_MAGISTRATE,2027-08-21T03:36:18,2027-08-21T03:36:18,2027-08-21T03:36:18,19.058992,72.781487,Incident reported at Malad Link Road Sector-133 under MO Cyber Fraud Call Center.,CCTNS_MUMBAI,CCTNS_000886,v1.0,True
887,CR/0887/2025,CASE_2025_0887,2027-08-21T16:42:22,POL_146,PS_WORLI,CAT_CRIMINAL,HEINOUS,EXTORTION_RACKET,identify_prominent_local_trader,UNDER_INVESTIGATION,COURT_MUMBAI_MAGISTRATE,2027-08-21T16:42:22,2027-08-21T16:42:22,2027-08-21T16:42:22,19.058992,72.781487,Incident reported at Malad Link Road Sector-133 under MO Commercial Extortion Racket.,CCTNS_MUMBAI,CCTNS_000887,v1.0,True
888,CR/0888/2025,CASE_2025_0888,2027-08-23T10:03:31,POL_683,PS_WORLI,CAT_CRIMINAL,SERIOUS,NARCOTICS_COURIER_NETWORK,procure_contraband_consignment,UNDER_INVESTIGATION,COURT_MUMBAI_MAGISTRATE,2027-08-23T10:03:31,2027-08-23T10:03:31,2027-08-23T10:03:31,19.024343,72.953839,Incident reported at Malad Link Road Sector-93 under MO Narcotics Courier Network.,CCTNS_MUMBAI,CCTNS_000888,v1.0,True
889,CR/0889/2025,CASE_2025_0889,2027-08-24T01:52:23,POL_471,PS_MALAD,CAT_CRIMINAL,HEINOUS,VEHICLE_THEFT_RING,observe_target_vehicle,UNDER_INVESTIGATION,COURT_MUMBAI_MAGISTRATE,2027-08-24T01:52:23,2027-08-24T01:52:23,2027-08-24T01:52:23,19.160916,72.864293,Incident reported at Sewri Timber Market Sector-156 under MO Vehicle Theft Ring.,CCTNS_MUMBAI,CCTNS_000889,v1.0,True
890,CR/0890/2025,CASE_2025_0890,2027-08-24T16:00:37,POL_175,PS_MALAD,CAT_CRIMINAL,SERIOUS,ATM_CARD_SKIMMING,inspect_unattended_kiosk,UNDER_INVESTIGATION,COURT_MUMBAI_MAGISTRATE,2027-08-24T16:00:37,2027-08-24T16:00:37,2027-08-24T16:00:37,18.881663,72.968174,Incident reported at Thane Station West Sector-197 under MO ATM/Card Skimming Racket.,CCTNS_MUMBAI,CCTNS_000890,v1.0,True
891,CR/0891/2025,CASE_2025_0891,2027-08-27T11:11:46,POL_561,PS_WORLI,CAT_CRIMINAL,HEINOUS,CHAIN_SNATCHING,survey_pedestrian_victim,UNDER_INVESTIGATION,COURT_MUMBAI_MAGISTRATE,2027-08-27T11:11:46,2027-08-27T11:11:46,2027-08-27T11:11:46,19.008102,72.843744,Incident reported at Dharavi Commercial Complex Sector-81 under MO Two-Wheeler Chain Snatching.,CCTNS_MUMBAI,CCTNS_000891,v1.0,True
892,CR/0892/2025,CASE_2025_0892,2027-08-28T16:01:51,POL_945,PS_MALAD,CAT_CRIMINAL,SERIOUS,CYBER_FRAUD_CALL_CENTER,spoof_official_bank_helpline,UNDER_INVESTIGATION,COURT_MUMBAI_MAGISTRATE,2027-08-28T16:01:51,2027-08-28T16:01:51,2027-08-28T16:01:51,18.890499,72.939722,Incident reported at Navi Mumbai Vashi Sector 17 Sector-198 under MO Cyber Fraud Call Center.,CCTNS_MUMBAI,CCTNS_000892,v1.0,True
893,CR/0893/2025,CASE_2025_0893,2027-09-03T05:02:16,POL_725,PS_BORIVALI,CAT_CRIMINAL,HEINOUS,EXTORTION_RACKET,identify_prominent_local_trader,UNDER_INVESTIGATION,COURT_MUMBAI_MAGISTRATE,2027-09-03T05:02:16,2027-09-03T05:02:16,2027-09-03T05:02:16,19.161063,72.773371,Incident reported at Andheri East MIDC Sector-125 under MO Commercial Extortion Racket.,CCTNS_MUMBAI,CCTNS_000893,v1.0,True
894,CR/0894/2025,CASE_2025_0894,2027-09-03T23:44:58,POL_199,PS_BANDRA,CAT_CRIMINAL,SERIOUS,NARCOTICS_COURIER_NETWORK,procure_contraband_consignment,UNDER_INVESTIGATION,COURT_MUMBAI_MAGISTRATE,2027-09-03T23:44:58,2027-09-03T23:44:58,2027-09-03T23:44:58,19.133717,72.90334,Incident reported at Byculla Market Sector-175 under MO Narcotics Courier Network.,CCTNS_MUMBAI,CCTNS_000894,v1.0,True
895,CR/0895/2025,CASE_2025_0895,2027-09-04T16:37:09,POL_913,PS_WORLI,CAT_CRIMINAL,HEINOUS,VEHICLE_THEFT_RING,observe_target_vehicle,UNDER_INVESTIGATION,COURT_MUMBAI_MAGISTRATE,2027-09-04T16:37:09,2027-09-04T16:37:09,2027-09-04T16:37:09,19.025389,72.81879,Incident reported at Bandra Kurla Complex Sector-144 under MO Vehicle Theft Ring.,CCTNS_MUMBAI,CCTNS_000895,v1.0,True
896,CR/0896/2025,CASE_2025_0896,2027-09-05T11:56:27,POL_474,PS_JUHU,CAT_CRIMINAL,SERIOUS,ATM_CARD_SKIMMING,inspect_unattended_kiosk,UNDER_INVESTIGATION,COURT_MUMBAI_MAGISTRATE,2027-09-05T11:56:27,2027-09-05T11:56:27,2027-09-05T11:56:27,18.938755,72.783907,Incident reported at Tardeo Road Sector-100 under MO ATM/Card Skimming Racket.,CCTNS_MUMBAI,CCTNS_000896,v1.0,True
897,CR/0897/2025,CASE_2025_0897,2027-09-05T15:55:40,POL_716,PS_DHARAVI,CAT_CRIMINAL,HEINOUS,CHAIN_SNATCHING,survey_pedestrian_victim,UNDER_INVESTIGATION,COURT_MUMBAI_MAGISTRATE,2027-09-05T15:55:40,2027-09-05T15:55:40,2027-09-05T15:55:40,19.252533,72.870929,Incident reported at Dadar TT Circle Sector-28 under MO Two-Wheeler Chain Snatching.,CCTNS_MUMBAI,CCTNS_000897,v1.0,True
898,CR/0898/2025,CASE_2025_0898,2027-09-06T15:12:53,POL_612,PS_MALAD,CAT_CRIMINAL,SERIOUS,CYBER_FRAUD_CALL_CENTER,spoof_official_bank_helpline,UNDER_INVESTIGATION,COURT_MUMBAI_MAGISTRATE,2027-09-06T15:12:53,2027-09-06T15:12:53,2027-09-06T15:12:53,19.024227,72.944408,Incident reported at Thane Station West Sector-17 under MO Cyber Fraud Call Center.,CCTNS_MUMBAI,CCTNS_000898,v1.0,True
899,CR/0899/2025,CASE_2025_0899,2027-09-06T21:18:40,POL_139,PS_COLABA,CAT_CRIMINAL,HEINOUS,EXTORTION_RACKET,identify_prominent_local_trader,UNDER_INVESTIGATION,COURT_MUMBAI_MAGISTRATE,2027-09-06T21:18:40,2027-09-06T21:18:40,2027-09-06T21:18:40,18.992883,72.879976,Incident reported at Thane Station West Sector-117 under MO Commercial Extortion Racket.,CCTNS_MUMBAI,CCTNS_000899,v1.0,True
900,CR/0900/2025,CASE_2025_0900,2027-09-07T09:05:06,POL_441,PS_DHARAVI,CAT_CRIMINAL,SERIOUS,NARCOTICS_COURIER_NETWORK,procure_contraband_consignment,UNDER_INVESTIGATION,COURT_MUMBAI_MAGISTRATE,2027-09-07T09:05:06,2027-09-07T09:05:06,2027-09-07T09:05:06,19.040161,72.763439,Incident reported at Ghatkopar Central Mall Sector-111 under MO Narcotics Courier Network.,CCTNS_MUMBAI,CCTNS_000900,v1.0,True
901,CR/0901/2025,CASE_2025_0901,2027-09-07T13:23:33,POL_567,PS_GHATKOPAR,CAT_CRIMINAL,HEINOUS,VEHICLE_THEFT_RING,observe_target_vehicle,UNDER_INVESTIGATION,COURT_MUMBAI_MAGISTRATE,2027-09-07T13:23:33,2027-09-07T13:23:33,2027-09-07T13:23:33,19.277496,72.866139,Incident reported at Crawford Market Sector-223 under MO Vehicle Theft Ring.,CCTNS_MUMBAI,CCTNS_000901,v1.0,True
902,CR/0902/2025,CASE_2025_0902,2027-09-08T07:41:50,POL_627,PS_DHARAVI,CAT_CRIMINAL,SERIOUS,ATM_CARD_SKIMMING,inspect_unattended_kiosk,UNDER_INVESTIGATION,COURT_MUMBAI_MAGISTRATE,2027-09-08T07:41:50,2027-09-08T07:41:50,2027-09-08T07:41:50,19.057589,72.904763,Incident reported at Bandra Kurla Complex Sector-104 under MO ATM/Card Skimming Racket.,CCTNS_MUMBAI,CCTNS_000902,v1.0,True
903,CR/0903/2025,CASE_2025_0903,2027-09-10T21:25:39,POL_727,PS_DHARAVI,CAT_CRIMINAL,HEINOUS,CHAIN_SNATCHING,survey_pedestrian_victim,UNDER_INVESTIGATION,COURT_MUMBAI_MAGISTRATE,2027-09-10T21:25:39,2027-09-10T21:25:39,2027-09-10T21:25:39,18.908454,72.920557,Incident reported at Dharavi Commercial Complex Sector-141 under MO Two-Wheeler Chain Snatching.,CCTNS_MUMBAI,CCTNS_000903,v1.0,True
904,CR/0904/2025,CASE_2025_0904,2027-09-10T23:38:17,POL_502,PS_JUHU,CAT_CRIMINAL,SERIOUS,CYBER_FRAUD_CALL_CENTER,spoof_official_bank_helpline,UNDER_INVESTIGATION,COURT_MUMBAI_MAGISTRATE,2027-09-10T23:38:17,2027-09-10T23:38:17,2027-09-10T23:38:17,19.109579,72.905105,Incident reported at Dadar TT Circle Sector-248 under MO Cyber Fraud Call Center.,CCTNS_MUMBAI,CCTNS_000904,v1.0,True
905,CR/0905/2025,CASE_2025_0905,2027-09-10T23:53:10,POL_962,PS_BORIVALI,CAT_CRIMINAL,HEINOUS,EXTORTION_RACKET,identify_prominent_local_trader,UNDER_INVESTIGATION,COURT_MUMBAI_MAGISTRATE,2027-09-10T23:53:10,2027-09-10T23:53:10,2027-09-10T23:53:10,19.169041,72.915148,Incident reported at Dadar TT Circle Sector-48 under MO Commercial Extortion Racket.,CCTNS_MUMBAI,CCTNS_000905,v1.0,True
906,CR/0906/2025,CASE_2025_0906,2027-09-13T12:20:38,POL_444,PS_ANDHERI,CAT_CRIMINAL,SERIOUS,NARCOTICS_COURIER_NETWORK,procure_contraband_consignment,UNDER_INVESTIGATION,COURT_MUMBAI_MAGISTRATE,2027-09-13T12:20:38,2027-09-13T12:20:38,2027-09-13T12:20:38,18.994127,72.817238,Incident reported at Malad Link Road Sector-13 under MO Narcotics Courier Network.,CCTNS_MUMBAI,CCTNS_000906,v1.0,True
907,CR/0907/2025,CASE_2025_0907,2027-09-15T02:01:32,POL_645,PS_MALAD,CAT_CRIMINAL,HEINOUS,VEHICLE_THEFT_RING,observe_target_vehicle,UNDER_INVESTIGATION,COURT_MUMBAI_MAGISTRATE,2027-09-15T02:01:32,2027-09-15T02:01:32,2027-09-15T02:01:32,19.163233,72.906462,Incident reported at Lower Parel Business Park Sector-230 under MO Vehicle Theft Ring.,CCTNS_MUMBAI,CCTNS_000907,v1.0,True
908,CR/0908/2025,CASE_2025_0908,2027-09-15T10:28:20,POL_676,PS_GHATKOPAR,CAT_CRIMINAL,SERIOUS,ATM_CARD_SKIMMING,inspect_unattended_kiosk,UNDER_INVESTIGATION,COURT_MUMBAI_MAGISTRATE,2027-09-15T10:28:20,2027-09-15T10:28:20,2027-09-15T10:28:20,19.042027,72.821601,Incident reported at Crawford Market Sector-163 under MO ATM/Card Skimming Racket.,CCTNS_MUMBAI,CCTNS_000908,v1.0,True
909,CR/0909/2025,CASE_2025_0909,2027-09-19T11:27:25,POL_935,PS_ANDHERI,CAT_CRIMINAL,HEINOUS,CHAIN_SNATCHING,survey_pedestrian_victim,UNDER_INVESTIGATION,COURT_MUMBAI_MAGISTRATE,2027-09-19T11:27:25,2027-09-19T11:27:25,2027-09-19T11:27:25,19.063756,72.945744,Incident reported at Borivali West Station Area Sector-54 under MO Two-Wheeler Chain Snatching.,CCTNS_MUMBAI,CCTNS_000909,v1.0,True
910,CR/0910/2025,CASE_2025_0910,2027-09-20T11:48:07,POL_439,PS_COLABA,CAT_CRIMINAL,SERIOUS,CYBER_FRAUD_CALL_CENTER,spoof_official_bank_helpline,UNDER_INVESTIGATION,COURT_MUMBAI_MAGISTRATE,2027-09-20T11:48:07,2027-09-20T11:48:07,2027-09-20T11:48:07,19.129903,72.818881,Incident reported at Navi Mumbai Vashi Sector 17 Sector-78 under MO Cyber Fraud Call Center.,CCTNS_MUMBAI,CCTNS_000910,v1.0,True
911,CR/0911/2025,CASE_2025_0911,2027-09-22T17:45:44,POL_526,PS_BYCULLA,CAT_CRIMINAL,HEINOUS,EXTORTION_RACKET,identify_prominent_local_trader,UNDER_INVESTIGATION,COURT_MUMBAI_MAGISTRATE,2027-09-22T17:45:44,2027-09-22T17:45:44,2027-09-22T17:45:44,19.129388,72.975634,Incident reported at Borivali West Station Area Sector-134 under MO Commercial Extortion Racket.,CCTNS_MUMBAI,CCTNS_000911,v1.0,True
912,CR/0912/2025,CASE_2025_0912,2027-09-23T20:38:09,POL_915,PS_BORIVALI,CAT_CRIMINAL,SERIOUS,NARCOTICS_COURIER_NETWORK,procure_contraband_consignment,UNDER_INVESTIGATION,COURT_MUMBAI_MAGISTRATE,2027-09-23T20:38:09,2027-09-23T20:38:09,2027-09-23T20:38:09,18.924507,72.7644,Incident reported at Andheri East MIDC Sector-105 under MO Narcotics Courier Network.,CCTNS_MUMBAI,CCTNS_000912,v1.0,True
913,CR/0913/2025,CASE_2025_0913,2027-09-23T22:00:20,POL_744,PS_CHEMBUR,CAT_CRIMINAL,HEINOUS,VEHICLE_THEFT_RING,observe_target_vehicle,UNDER_INVESTIGATION,COURT_MUMBAI_MAGISTRATE,2027-09-23T22:00:20,2027-09-23T22:00:20,2027-09-23T22:00:20,19.127604,72.822354,Incident reported at Crawford Market Sector-23 under MO Vehicle Theft Ring.,CCTNS_MUMBAI,CCTNS_000913,v1.0,True
914,CR/0914/2025,CASE_2025_0914,2027-09-24T18:05:07,POL_585,PS_COLABA,CAT_CRIMINAL,SERIOUS,ATM_CARD_SKIMMING,inspect_unattended_kiosk,UNDER_INVESTIGATION,COURT_MUMBAI_MAGISTRATE,2027-09-24T18:05:07,2027-09-24T18:05:07,2027-09-24T18:05:07,18.9258,72.955522,Incident reported at Chembur Colony Sector-192 under MO ATM/Card Skimming Racket.,CCTNS_MUMBAI,CCTNS_000914,v1.0,True
915,CR/0915/2025,CASE_2025_0915,2027-09-26T01:27:09,POL_901,PS_ANDHERI,CAT_CRIMINAL,HEINOUS,CHAIN_SNATCHING,survey_pedestrian_victim,UNDER_INVESTIGATION,COURT_MUMBAI_MAGISTRATE,2027-09-26T01:27:09,2027-09-26T01:27:09,2027-09-26T01:27:09,19.074607,72.900164,Incident reported at Sion Circle Sector-219 under MO Two-Wheeler Chain Snatching.,CCTNS_MUMBAI,CCTNS_000915,v1.0,True
916,CR/0916/2025,CASE_2025_0916,2027-09-27T15:34:19,POL_333,PS_BORIVALI,CAT_CRIMINAL,SERIOUS,CYBER_FRAUD_CALL_CENTER,spoof_official_bank_helpline,UNDER_INVESTIGATION,COURT_MUMBAI_MAGISTRATE,2027-09-27T15:34:19,2027-09-27T15:34:19,2027-09-27T15:34:19,19.030102,72.82526,Incident reported at Tardeo Road Sector-220 under MO Cyber Fraud Call Center.,CCTNS_MUMBAI,CCTNS_000916,v1.0,True
917,CR/0917/2025,CASE_2025_0917,2027-10-01T20:57:36,POL_697,PS_CHEMBUR,CAT_CRIMINAL,HEINOUS,EXTORTION_RACKET,identify_prominent_local_trader,UNDER_INVESTIGATION,COURT_MUMBAI_MAGISTRATE,2027-10-01T20:57:36,2027-10-01T20:57:36,2027-10-01T20:57:36,19.137774,72.948852,Incident reported at Dharavi Commercial Complex Sector-201 under MO Commercial Extortion Racket.,CCTNS_MUMBAI,CCTNS_000917,v1.0,True
918,CR/0918/2025,CASE_2025_0918,2027-10-04T08:30:47,POL_636,PS_GHATKOPAR,CAT_CRIMINAL,SERIOUS,NARCOTICS_COURIER_NETWORK,procure_contraband_consignment,UNDER_INVESTIGATION,COURT_MUMBAI_MAGISTRATE,2027-10-04T08:30:47,2027-10-04T08:30:47,2027-10-04T08:30:47,18.971754,72.781751,Incident reported at Bandra Kurla Complex Sector-4 under MO Narcotics Courier Network.,CCTNS_MUMBAI,CCTNS_000918,v1.0,True
919,CR/0919/2025,CASE_2025_0919,2027-10-05T09:37:44,POL_734,PS_BYCULLA,CAT_CRIMINAL,HEINOUS,VEHICLE_THEFT_RING,observe_target_vehicle,UNDER_INVESTIGATION,COURT_MUMBAI_MAGISTRATE,2027-10-05T09:37:44,2027-10-05T09:37:44,2027-10-05T09:37:44,19.15288,72.871426,Incident reported at Juhu Tara Road Sector-147 under MO Vehicle Theft Ring.,CCTNS_MUMBAI,CCTNS_000919,v1.0,True
920,CR/0920/2025,CASE_2025_0920,2027-10-08T12:35:53,POL_941,PS_WORLI,CAT_CRIMINAL,SERIOUS,ATM_CARD_SKIMMING,inspect_unattended_kiosk,UNDER_INVESTIGATION,COURT_MUMBAI_MAGISTRATE,2027-10-08T12:35:53,2027-10-08T12:35:53,2027-10-08T12:35:53,19.114748,72.820434,Incident reported at Sion Circle Sector-239 under MO ATM/Card Skimming Racket.,CCTNS_MUMBAI,CCTNS_000920,v1.0,True
921,CR/0921/2025,CASE_2025_0921,2027-10-09T01:11:28,POL_132,PS_BYCULLA,CAT_CRIMINAL,HEINOUS,CHAIN_SNATCHING,survey_pedestrian_victim,UNDER_INVESTIGATION,COURT_MUMBAI_MAGISTRATE,2027-10-09T01:11:28,2027-10-09T01:11:28,2027-10-09T01:11:28,19.10086,72.791066,Incident reported at Navi Mumbai Vashi Sector 17 Sector-38 under MO Two-Wheeler Chain Snatching.,CCTNS_MUMBAI,CCTNS_000921,v1.0,True
922,CR/0922/2025,CASE_2025_0922,2027-10-10T05:54:52,POL_212,PS_BORIVALI,CAT_CRIMINAL,SERIOUS,CYBER_FRAUD_CALL_CENTER,spoof_official_bank_helpline,UNDER_INVESTIGATION,COURT_MUMBAI_MAGISTRATE,2027-10-10T05:54:52,2027-10-10T05:54:52,2027-10-10T05:54:52,19.063651,72.893015,Incident reported at Byculla Market Sector-215 under MO Cyber Fraud Call Center.,CCTNS_MUMBAI,CCTNS_000922,v1.0,True
923,CR/0923/2025,CASE_2025_0923,2027-10-10T10:31:20,POL_551,PS_KURLA,CAT_CRIMINAL,HEINOUS,EXTORTION_RACKET,identify_prominent_local_trader,UNDER_INVESTIGATION,COURT_MUMBAI_MAGISTRATE,2027-10-10T10:31:20,2027-10-10T10:31:20,2027-10-10T10:31:20,18.890499,72.939722,Incident reported at Navi Mumbai Vashi Sector 17 Sector-198 under MO Commercial Extortion Racket.,CCTNS_MUMBAI,CCTNS_000923,v1.0,True
924,CR/0924/2025,CASE_2025_0924,2027-10-11T00:34:12,POL_255,PS_JUHU,CAT_CRIMINAL,SERIOUS,NARCOTICS_COURIER_NETWORK,procure_contraband_consignment,UNDER_INVESTIGATION,COURT_MUMBAI_MAGISTRATE,2027-10-11T00:34:12,2027-10-11T00:34:12,2027-10-11T00:34:12,19.169041,72.915148,Incident reported at Dadar TT Circle Sector-48 under MO Narcotics Courier Network.,CCTNS_MUMBAI,CCTNS_000924,v1.0,True
925,CR/0925/2025,CASE_2025_0925,2027-10-11T05:54:59,POL_308,PS_WORLI,CAT_CRIMINAL,HEINOUS,VEHICLE_THEFT_RING,observe_target_vehicle,UNDER_INVESTIGATION,COURT_MUMBAI_MAGISTRATE,2027-10-11T05:54:59,2027-10-11T05:54:59,2027-10-11T05:54:59,19.161864,72.97212,Incident reported at Colaba Causeway Sector-22 under MO Vehicle Theft Ring.,CCTNS_MUMBAI,CCTNS_000925,v1.0,True
926,CR/0926/2025,CASE_2025_0926,2027-10-12T00:13:20,POL_893,PS_WORLI,CAT_CRIMINAL,SERIOUS,ATM_CARD_SKIMMING,inspect_unattended_kiosk,UNDER_INVESTIGATION,COURT_MUMBAI_MAGISTRATE,2027-10-12T00:13:20,2027-10-12T00:13:20,2027-10-12T00:13:20,19.034153,72.834794,Incident reported at Ghatkopar Central Mall Sector-71 under MO ATM/Card Skimming Racket.,CCTNS_MUMBAI,CCTNS_000926,v1.0,True
927,CR/0927/2025,CASE_2025_0927,2027-10-14T01:56:20,POL_993,PS_BORIVALI,CAT_CRIMINAL,HEINOUS,CHAIN_SNATCHING,survey_pedestrian_victim,UNDER_INVESTIGATION,COURT_MUMBAI_MAGISTRATE,2027-10-14T01:56:20,2027-10-14T01:56:20,2027-10-14T01:56:20,19.11487,72.841707,Incident reported at Juhu Tara Road Sector-127 under MO Two-Wheeler Chain Snatching.,CCTNS_MUMBAI,CCTNS_000927,v1.0,True
928,CR/0928/2025,CASE_2025_0928,2027-10-14T06:45:45,POL_163,PS_CHEMBUR,CAT_CRIMINAL,SERIOUS,CYBER_FRAUD_CALL_CENTER,spoof_official_bank_helpline,UNDER_INVESTIGATION,COURT_MUMBAI_MAGISTRATE,2027-10-14T06:45:45,2027-10-14T06:45:45,2027-10-14T06:45:45,18.972388,72.920406,Incident reported at Bandra Kurla Complex Sector-204 under MO Cyber Fraud Call Center.,CCTNS_MUMBAI,CCTNS_000928,v1.0,True
929,CR/0929/2025,CASE_2025_0929,2027-10-15T17:38:52,POL_631,PS_CHEMBUR,CAT_CRIMINAL,HEINOUS,EXTORTION_RACKET,identify_prominent_local_trader,UNDER_INVESTIGATION,COURT_MUMBAI_MAGISTRATE,2027-10-15T17:38:52,2027-10-15T17:38:52,2027-10-15T17:38:52,19.011016,72.802743,Incident reported at Dadar TT Circle Sector-228 under MO Commercial Extortion Racket.,CCTNS_MUMBAI,CCTNS_000929,v1.0,True
930,CR/0930/2025,CASE_2025_0930,2027-10-20T19:26:48,POL_432,PS_KURLA,CAT_CRIMINAL,SERIOUS,NARCOTICS_COURIER_NETWORK,procure_contraband_consignment,UNDER_INVESTIGATION,COURT_MUMBAI_MAGISTRATE,2027-10-20T19:26:48,2027-10-20T19:26:48,2027-10-20T19:26:48,18.972388,72.920406,Incident reported at Bandra Kurla Complex Sector-204 under MO Narcotics Courier Network.,CCTNS_MUMBAI,CCTNS_000930,v1.0,True
931,CR/0931/2025,CASE_2025_0931,2027-10-22T01:45:58,POL_638,PS_BYCULLA,CAT_CRIMINAL,HEINOUS,VEHICLE_THEFT_RING,observe_target_vehicle,UNDER_INVESTIGATION,COURT_MUMBAI_MAGISTRATE,2027-10-22T01:45:58,2027-10-22T01:45:58,2027-10-22T01:45:58,19.129388,72.975634,Incident reported at Borivali West Station Area Sector-134 under MO Vehicle Theft Ring.,CCTNS_MUMBAI,CCTNS_000931,v1.0,True
932,CR/0932/2025,CASE_2025_0932,2027-10-23T05:25:36,POL_277,PS_WORLI,CAT_CRIMINAL,SERIOUS,ATM_CARD_SKIMMING,inspect_unattended_kiosk,UNDER_INVESTIGATION,COURT_MUMBAI_MAGISTRATE,2027-10-23T05:25:36,2027-10-23T05:25:36,2027-10-23T05:25:36,19.126587,72.771825,Incident reported at Kurla West Terminus Sector-6 under MO ATM/Card Skimming Racket.,CCTNS_MUMBAI,CCTNS_000932,v1.0,True
933,CR/0933/2025,CASE_2025_0933,2027-10-23T09:53:21,POL_450,PS_GHATKOPAR,CAT_CRIMINAL,HEINOUS,CHAIN_SNATCHING,survey_pedestrian_victim,UNDER_INVESTIGATION,COURT_MUMBAI_MAGISTRATE,2027-10-23T09:53:21,2027-10-23T09:53:21,2027-10-23T09:53:21,19.062176,72.919861,Incident reported at Sewri Timber Market Sector-36 under MO Two-Wheeler Chain Snatching.,CCTNS_MUMBAI,CCTNS_000933,v1.0,True
934,CR/0934/2025,CASE_2025_0934,2027-10-25T04:59:47,POL_792,PS_MALAD,CAT_CRIMINAL,SERIOUS,CYBER_FRAUD_CALL_CENTER,spoof_official_bank_helpline,UNDER_INVESTIGATION,COURT_MUMBAI_MAGISTRATE,2027-10-25T04:59:47,2027-10-25T04:59:47,2027-10-25T04:59:47,19.121803,72.792736,Incident reported at Sewri Timber Market Sector-76 under MO Cyber Fraud Call Center.,CCTNS_MUMBAI,CCTNS_000934,v1.0,True
935,CR/0935/2025,CASE_2025_0935,2027-10-25T05:15:09,POL_758,PS_CHEMBUR,CAT_CRIMINAL,HEINOUS,EXTORTION_RACKET,identify_prominent_local_trader,UNDER_INVESTIGATION,COURT_MUMBAI_MAGISTRATE,2027-10-25T05:15:09,2027-10-25T05:15:09,2027-10-25T05:15:09,19.077698,72.836735,Incident reported at Thane Station West Sector-217 under MO Commercial Extortion Racket.,CCTNS_MUMBAI,CCTNS_000935,v1.0,True
936,CR/0936/2025,CASE_2025_0936,2027-10-26T09:57:22,POL_724,PS_CHEMBUR,CAT_CRIMINAL,SERIOUS,NARCOTICS_COURIER_NETWORK,procure_contraband_consignment,UNDER_INVESTIGATION,COURT_MUMBAI_MAGISTRATE,2027-10-26T09:57:22,2027-10-26T09:57:22,2027-10-26T09:57:22,19.104656,72.842542,Incident reported at Andheri East MIDC Sector-245 under MO Narcotics Courier Network.,CCTNS_MUMBAI,CCTNS_000936,v1.0,True
937,CR/0937/2025,CASE_2025_0937,2027-10-28T02:16:03,POL_352,PS_GHATKOPAR,CAT_CRIMINAL,HEINOUS,VEHICLE_THEFT_RING,observe_target_vehicle,UNDER_INVESTIGATION,COURT_MUMBAI_MAGISTRATE,2027-10-28T02:16:03,2027-10-28T02:16:03,2027-10-28T02:16:03,19.252533,72.870929,Incident reported at Dadar TT Circle Sector-28 under MO Vehicle Theft Ring.,CCTNS_MUMBAI,CCTNS_000937,v1.0,True
938,CR/0938/2025,CASE_2025_0938,2027-10-28T06:52:07,POL_405,PS_ANDHERI,CAT_CRIMINAL,SERIOUS,ATM_CARD_SKIMMING,inspect_unattended_kiosk,UNDER_INVESTIGATION,COURT_MUMBAI_MAGISTRATE,2027-10-28T06:52:07,2027-10-28T06:52:07,2027-10-28T06:52:07,19.011016,72.802743,Incident reported at Dadar TT Circle Sector-228 under MO ATM/Card Skimming Racket.,CCTNS_MUMBAI,CCTNS_000938,v1.0,True
939,CR/0939/2025,CASE_2025_0939,2027-10-29T02:30:16,POL_889,PS_KURLA,CAT_CRIMINAL,HEINOUS,CHAIN_SNATCHING,survey_pedestrian_victim,UNDER_INVESTIGATION,COURT_MUMBAI_MAGISTRATE,2027-10-29T02:30:16,2027-10-29T02:30:16,2027-10-29T02:30:16,19.268642,72.878973,Incident reported at Juhu Tara Road Sector-47 under MO Two-Wheeler Chain Snatching.,CCTNS_MUMBAI,CCTNS_000939,v1.0,True
940,CR/0940/2025,CASE_2025_0940,2027-11-02T17:26:21,POL_312,PS_ANDHERI,CAT_CRIMINAL,SERIOUS,CYBER_FRAUD_CALL_CENTER,spoof_official_bank_helpline,UNDER_INVESTIGATION,COURT_MUMBAI_MAGISTRATE,2027-11-02T17:26:21,2027-11-02T17:26:21,2027-11-02T17:26:21,19.035655,72.752384,Incident reported at Worli Sea Face Sector-169 under MO Cyber Fraud Call Center.,CCTNS_MUMBAI,CCTNS_000940,v1.0,True
941,CR/0941/2025,CASE_2025_0941,2027-11-03T17:41:39,POL_600,PS_CHEMBUR,CAT_CRIMINAL,HEINOUS,EXTORTION_RACKET,identify_prominent_local_trader,UNDER_INVESTIGATION,COURT_MUMBAI_MAGISTRATE,2027-11-03T17:41:39,2027-11-03T17:41:39,2027-11-03T17:41:39,18.987667,72.984399,Incident reported at Tardeo Road Sector-120 under MO Commercial Extortion Racket.,CCTNS_MUMBAI,CCTNS_000941,v1.0,True
942,CR/0942/2025,CASE_2025_0942,2027-11-05T22:07:15,POL_457,PS_JUHU,CAT_CRIMINAL,SERIOUS,NARCOTICS_COURIER_NETWORK,procure_contraband_consignment,UNDER_INVESTIGATION,COURT_MUMBAI_MAGISTRATE,2027-11-05T22:07:15,2027-11-05T22:07:15,2027-11-05T22:07:15,18.960929,72.865302,Incident reported at Andheri East MIDC Sector-65 under MO Narcotics Courier Network.,CCTNS_MUMBAI,CCTNS_000942,v1.0,True
943,CR/0943/2025,CASE_2025_0943,2027-11-06T09:39:01,POL_380,PS_MALAD,CAT_CRIMINAL,HEINOUS,VEHICLE_THEFT_RING,observe_target_vehicle,UNDER_INVESTIGATION,COURT_MUMBAI_MAGISTRATE,2027-11-06T09:39:01,2027-11-06T09:39:01,2027-11-06T09:39:01,19.108718,72.75607,Incident reported at Worli Sea Face Sector-209 under MO Vehicle Theft Ring.,CCTNS_MUMBAI,CCTNS_000943,v1.0,True
944,CR/0944/2025,CASE_2025_0944,2027-11-07T22:46:27,POL_687,PS_ANDHERI,CAT_CRIMINAL,SERIOUS,ATM_CARD_SKIMMING,inspect_unattended_kiosk,UNDER_INVESTIGATION,COURT_MUMBAI_MAGISTRATE,2027-11-07T22:46:27,2027-11-07T22:46:27,2027-11-07T22:46:27,19.168832,72.848002,Incident reported at Bandra Kurla Complex Sector-44 under MO ATM/Card Skimming Racket.,CCTNS_MUMBAI,CCTNS_000944,v1.0,True
945,CR/0945/2025,CASE_2025_0945,2027-11-09T12:47:05,POL_488,PS_BYCULLA,CAT_CRIMINAL,HEINOUS,CHAIN_SNATCHING,survey_pedestrian_victim,UNDER_INVESTIGATION,COURT_MUMBAI_MAGISTRATE,2027-11-09T12:47:05,2027-11-09T12:47:05,2027-11-09T12:47:05,19.27616,72.972984,Incident reported at Andheri East MIDC Sector-5 under MO Two-Wheeler Chain Snatching.,CCTNS_MUMBAI,CCTNS_000945,v1.0,True
946,CR/0946/2025,CASE_2025_0946,2027-11-09T22:25:28,POL_891,PS_WORLI,CAT_CRIMINAL,SERIOUS,CYBER_FRAUD_CALL_CENTER,spoof_official_bank_helpline,UNDER_INVESTIGATION,COURT_MUMBAI_MAGISTRATE,2027-11-09T22:25:28,2027-11-09T22:25:28,2027-11-09T22:25:28,19.163233,72.906462,Incident reported at Lower Parel Business Park Sector-230 under MO Cyber Fraud Call Center.,CCTNS_MUMBAI,CCTNS_000946,v1.0,True
947,CR/0947/2025,CASE_2025_0947,2027-11-10T12:19:56,POL_143,PS_DHARAVI,CAT_CRIMINAL,HEINOUS,EXTORTION_RACKET,identify_prominent_local_trader,UNDER_INVESTIGATION,COURT_MUMBAI_MAGISTRATE,2027-11-10T12:19:56,2027-11-10T12:19:56,2027-11-10T12:19:56,19.20586,72.777159,Incident reported at Colaba Causeway Sector-82 under MO Commercial Extortion Racket.,CCTNS_MUMBAI,CCTNS_000947,v1.0,True
948,CR/0948/2025,CASE_2025_0948,2027-11-10T17:56:09,POL_180,PS_ANDHERI,CAT_CRIMINAL,SERIOUS,NARCOTICS_COURIER_NETWORK,procure_contraband_consignment,UNDER_INVESTIGATION,COURT_MUMBAI_MAGISTRATE,2027-11-10T17:56:09,2027-11-10T17:56:09,2027-11-10T17:56:09,19.262042,72.838862,Incident reported at Sion Circle Sector-179 under MO Narcotics Courier Network.,CCTNS_MUMBAI,CCTNS_000948,v1.0,True
949,CR/0949/2025,CASE_2025_0949,2027-11-10T23:02:35,POL_771,PS_JUHU,CAT_CRIMINAL,HEINOUS,VEHICLE_THEFT_RING,observe_target_vehicle,UNDER_INVESTIGATION,COURT_MUMBAI_MAGISTRATE,2027-11-10T23:02:35,2027-11-10T23:02:35,2027-11-10T23:02:35,19.050558,72.859206,Incident reported at Navi Mumbai Vashi Sector 17 Sector-58 under MO Vehicle Theft Ring.,CCTNS_MUMBAI,CCTNS_000949,v1.0,True
950,CR/0950/2025,CASE_2025_0950,2027-11-11T03:43:16,POL_590,PS_ANDHERI,CAT_CRIMINAL,SERIOUS,ATM_CARD_SKIMMING,inspect_unattended_kiosk,UNDER_INVESTIGATION,COURT_MUMBAI_MAGISTRATE,2027-11-11T03:43:16,2027-11-11T03:43:16,2027-11-11T03:43:16,19.22801,72.902233,Incident reported at Worli Sea Face Sector-49 under MO ATM/Card Skimming Racket.,CCTNS_MUMBAI,CCTNS_000950,v1.0,True
951,CR/0951/2025,CASE_2025_0951,2027-11-12T13:55:32,POL_947,PS_KURLA,CAT_CRIMINAL,HEINOUS,CHAIN_SNATCHING,survey_pedestrian_victim,UNDER_INVESTIGATION,COURT_MUMBAI_MAGISTRATE,2027-11-12T13:55:32,2027-11-12T13:55:32,2027-11-12T13:55:32,19.22675,72.777549,Incident reported at Juhu Tara Road Sector-227 under MO Two-Wheeler Chain Snatching.,CCTNS_MUMBAI,CCTNS_000951,v1.0,True
952,CR/0952/2025,CASE_2025_0952,2027-11-12T16:09:48,POL_675,PS_MALAD,CAT_CRIMINAL,SERIOUS,CYBER_FRAUD_CALL_CENTER,spoof_official_bank_helpline,UNDER_INVESTIGATION,COURT_MUMBAI_MAGISTRATE,2027-11-12T16:09:48,2027-11-12T16:09:48,2027-11-12T16:09:48,19.275815,72.800393,Incident reported at Dharavi Commercial Complex Sector-41 under MO Cyber Fraud Call Center.,CCTNS_MUMBAI,CCTNS_000952,v1.0,True
953,CR/0953/2025,CASE_2025_0953,2027-11-13T11:52:58,POL_240,PS_CHEMBUR,CAT_CRIMINAL,HEINOUS,EXTORTION_RACKET,identify_prominent_local_trader,UNDER_INVESTIGATION,COURT_MUMBAI_MAGISTRATE,2027-11-13T11:52:58,2027-11-13T11:52:58,2027-11-13T11:52:58,19.262042,72.838862,Incident reported at Sion Circle Sector-179 under MO Commercial Extortion Racket.,CCTNS_MUMBAI,CCTNS_000953,v1.0,True
954,CR/0954/2025,CASE_2025_0954,2027-11-15T07:37:59,POL_858,PS_BANDRA,CAT_CRIMINAL,SERIOUS,NARCOTICS_COURIER_NETWORK,procure_contraband_consignment,UNDER_INVESTIGATION,COURT_MUMBAI_MAGISTRATE,2027-11-15T07:37:59,2027-11-15T07:37:59,2027-11-15T07:37:59,19.263206,72.886056,Incident reported at Sewri Timber Market Sector-136 under MO Narcotics Courier Network.,CCTNS_MUMBAI,CCTNS_000954,v1.0,True
955,CR/0955/2025,CASE_2025_0955,2027-11-16T05:34:38,POL_348,PS_BORIVALI,CAT_CRIMINAL,HEINOUS,VEHICLE_THEFT_RING,observe_target_vehicle,UNDER_INVESTIGATION,COURT_MUMBAI_MAGISTRATE,2027-11-16T05:34:38,2027-11-16T05:34:38,2027-11-16T05:34:38,19.02543,72.97632,Incident reported at Lower Parel Business Park Sector-10 under MO Vehicle Theft Ring.,CCTNS_MUMBAI,CCTNS_000955,v1.0,True
956,CR/0956/2025,CASE_2025_0956,2027-11-16T06:59:26,POL_643,PS_COLABA,CAT_CRIMINAL,SERIOUS,ATM_CARD_SKIMMING,inspect_unattended_kiosk,UNDER_INVESTIGATION,COURT_MUMBAI_MAGISTRATE,2027-11-16T06:59:26,2027-11-16T06:59:26,2027-11-16T06:59:26,19.007113,72.826829,Incident reported at Worli Sea Face Sector-249 under MO ATM/Card Skimming Racket.,CCTNS_MUMBAI,CCTNS_000956,v1.0,True
957,CR/0957/2025,CASE_2025_0957,2027-11-16T12:40:07,POL_338,PS_KURLA,CAT_CRIMINAL,HEINOUS,CHAIN_SNATCHING,survey_pedestrian_victim,UNDER_INVESTIGATION,COURT_MUMBAI_MAGISTRATE,2027-11-16T12:40:07,2027-11-16T12:40:07,2027-11-16T12:40:07,19.09299,72.947137,Incident reported at Dadar TT Circle Sector-88 under MO Two-Wheeler Chain Snatching.,CCTNS_MUMBAI,CCTNS_000957,v1.0,True
958,CR/0958/2025,CASE_2025_0958,2027-11-17T10:20:30,POL_523,PS_COLABA,CAT_CRIMINAL,SERIOUS,CYBER_FRAUD_CALL_CENTER,spoof_official_bank_helpline,UNDER_INVESTIGATION,COURT_MUMBAI_MAGISTRATE,2027-11-17T10:20:30,2027-11-17T10:20:30,2027-11-17T10:20:30,19.250899,72.814904,Incident reported at Tardeo Road Sector-40 under MO Cyber Fraud Call Center.,CCTNS_MUMBAI,CCTNS_000958,v1.0,True
959,CR/0959/2025,CASE_2025_0959,2027-11-18T18:28:16,POL_583,PS_JUHU,CAT_CRIMINAL,HEINOUS,EXTORTION_RACKET,identify_prominent_local_trader,UNDER_INVESTIGATION,COURT_MUMBAI_MAGISTRATE,2027-11-18T18:28:16,2027-11-18T18:28:16,2027-11-18T18:28:16,19.09299,72.947137,Incident reported at Dadar TT Circle Sector-88 under MO Commercial Extortion Racket.,CCTNS_MUMBAI,CCTNS_000959,v1.0,True
960,CR/0960/2025,CASE_2025_0960,2027-11-19T05:14:59,POL_889,PS_BANDRA,CAT_CRIMINAL,SERIOUS,NARCOTICS_COURIER_NETWORK,procure_contraband_consignment,UNDER_INVESTIGATION,COURT_MUMBAI_MAGISTRATE,2027-11-19T05:14:59,2027-11-19T05:14:59,2027-11-19T05:14:59,18.964748,72.936451,Incident reported at Ghatkopar Central Mall Sector-191 under MO Narcotics Courier Network.,CCTNS_MUMBAI,CCTNS_000960,v1.0,True
961,CR/0961/2025,CASE_2025_0961,2027-11-20T05:28:29,POL_663,PS_DHARAVI,CAT_CRIMINAL,HEINOUS,VEHICLE_THEFT_RING,observe_target_vehicle,UNDER_INVESTIGATION,COURT_MUMBAI_MAGISTRATE,2027-11-20T05:28:29,2027-11-20T05:28:29,2027-11-20T05:28:29,18.911123,72.910311,Incident reported at Lower Parel Business Park Sector-170 under MO Vehicle Theft Ring.,CCTNS_MUMBAI,CCTNS_000961,v1.0,True
962,CR/0962/2025,CASE_2025_0962,2027-11-20T10:22:26,POL_768,PS_DHARAVI,CAT_CRIMINAL,SERIOUS,ATM_CARD_SKIMMING,inspect_unattended_kiosk,UNDER_INVESTIGATION,COURT_MUMBAI_MAGISTRATE,2027-11-20T10:22:26,2027-11-20T10:22:26,2027-11-20T10:22:26,19.040161,72.763439,Incident reported at Ghatkopar Central Mall Sector-111 under MO ATM/Card Skimming Racket.,CCTNS_MUMBAI,CCTNS_000962,v1.0,True
963,CR/0963/2025,CASE_2025_0963,2027-11-20T11:22:33,POL_766,PS_GHATKOPAR,CAT_CRIMINAL,HEINOUS,CHAIN_SNATCHING,survey_pedestrian_victim,UNDER_INVESTIGATION,COURT_MUMBAI_MAGISTRATE,2027-11-20T11:22:33,2027-11-20T11:22:33,2027-11-20T11:22:33,18.901633,72.775442,Incident reported at Navi Mumbai Vashi Sector 17 Sector-98 under MO Two-Wheeler Chain Snatching.,CCTNS_MUMBAI,CCTNS_000963,v1.0,True
964,CR/0964/2025,CASE_2025_0964,2027-11-21T02:42:00,POL_428,PS_KURLA,CAT_CRIMINAL,SERIOUS,CYBER_FRAUD_CALL_CENTER,spoof_official_bank_helpline,UNDER_INVESTIGATION,COURT_MUMBAI_MAGISTRATE,2027-11-21T02:42:00,2027-11-21T02:42:00,2027-11-21T02:42:00,19.160916,72.864293,Incident reported at Sewri Timber Market Sector-156 under MO Cyber Fraud Call Center.,CCTNS_MUMBAI,CCTNS_000964,v1.0,True
965,CR/0965/2025,CASE_2025_0965,2027-11-21T17:51:43,POL_160,PS_ANDHERI,CAT_CRIMINAL,HEINOUS,EXTORTION_RACKET,identify_prominent_local_trader,UNDER_INVESTIGATION,COURT_MUMBAI_MAGISTRATE,2027-11-21T17:51:43,2027-11-21T17:51:43,2027-11-21T17:51:43,19.005789,72.843754,Incident reported at Bandra Kurla Complex Sector-124 under MO Commercial Extortion Racket.,CCTNS_MUMBAI,CCTNS_000965,v1.0,True
966,CR/0966/2025,CASE_2025_0966,2027-11-25T06:30:16,POL_687,PS_BANDRA,CAT_CRIMINAL,SERIOUS,NARCOTICS_COURIER_NETWORK,procure_contraband_consignment,UNDER_INVESTIGATION,COURT_MUMBAI_MAGISTRATE,2027-11-25T06:30:16,2027-11-25T06:30:16,2027-11-25T06:30:16,19.050558,72.859206,Incident reported at Navi Mumbai Vashi Sector 17 Sector-58 under MO Narcotics Courier Network.,CCTNS_MUMBAI,CCTNS_000966,v1.0,True
967,CR/0967/2025,CASE_2025_0967,2027-11-26T05:19:58,POL_856,PS_KURLA,CAT_CRIMINAL,HEINOUS,VEHICLE_THEFT_RING,observe_target_vehicle,UNDER_INVESTIGATION,COURT_MUMBAI_MAGISTRATE,2027-11-26T05:19:58,2027-11-26T05:19:58,2027-11-26T05:19:58,18.939334,72.864962,Incident reported at Malad Link Road Sector-53 under MO Vehicle Theft Ring.,CCTNS_MUMBAI,CCTNS_000967,v1.0,True
968,CR/0968/2025,CASE_2025_0968,2027-11-26T17:04:34,POL_279,PS_CHEMBUR,CAT_CRIMINAL,SERIOUS,ATM_CARD_SKIMMING,inspect_unattended_kiosk,UNDER_INVESTIGATION,COURT_MUMBAI_MAGISTRATE,2027-11-26T17:04:34,2027-11-26T17:04:34,2027-11-26T17:04:34,19.169041,72.915148,Incident reported at Dadar TT Circle Sector-48 under MO ATM/Card Skimming Racket.,CCTNS_MUMBAI,CCTNS_000968,v1.0,True
969,CR/0969/2025,CASE_2025_0969,2027-11-26T20:17:28,POL_137,PS_WORLI,CAT_CRIMINAL,HEINOUS,CHAIN_SNATCHING,survey_pedestrian_victim,UNDER_INVESTIGATION,COURT_MUMBAI_MAGISTRATE,2027-11-26T20:17:28,2027-11-26T20:17:28,2027-11-26T20:17:28,19.091545,72.839182,Incident reported at Navi Mumbai Vashi Sector 17 Sector-18 under MO Two-Wheeler Chain Snatching.,CCTNS_MUMBAI,CCTNS_000969,v1.0,True
970,CR/0970/2025,CASE_2025_0970,2027-11-26T21:03:41,POL_290,PS_WORLI,CAT_CRIMINAL,SERIOUS,CYBER_FRAUD_CALL_CENTER,spoof_official_bank_helpline,UNDER_INVESTIGATION,COURT_MUMBAI_MAGISTRATE,2027-11-26T21:03:41,2027-11-26T21:03:41,2027-11-26T21:03:41,19.20109,72.869676,Incident reported at Lower Parel Business Park Sector-250 under MO Cyber Fraud Call Center.,CCTNS_MUMBAI,CCTNS_000970,v1.0,True
971,CR/0971/2025,CASE_2025_0971,2027-11-28T16:33:20,POL_997,PS_CHEMBUR,CAT_CRIMINAL,HEINOUS,EXTORTION_RACKET,identify_prominent_local_trader,UNDER_INVESTIGATION,COURT_MUMBAI_MAGISTRATE,2027-11-28T16:33:20,2027-11-28T16:33:20,2027-11-28T16:33:20,19.105496,72.939654,Incident reported at Dharavi Commercial Complex Sector-121 under MO Commercial Extortion Racket.,CCTNS_MUMBAI,CCTNS_000971,v1.0,True
972,CR/0972/2025,CASE_2025_0972,2027-11-29T16:06:48,POL_405,PS_COLABA,CAT_CRIMINAL,SERIOUS,NARCOTICS_COURIER_NETWORK,procure_contraband_consignment,UNDER_INVESTIGATION,COURT_MUMBAI_MAGISTRATE,2027-11-29T16:06:48,2027-11-29T16:06:48,2027-11-29T16:06:48,19.237965,72.857636,Incident reported at Kurla West Terminus Sector-26 under MO Narcotics Courier Network.,CCTNS_MUMBAI,CCTNS_000972,v1.0,True
973,CR/0973/2025,CASE_2025_0973,2027-11-30T19:38:06,POL_209,PS_BORIVALI,CAT_CRIMINAL,HEINOUS,VEHICLE_THEFT_RING,observe_target_vehicle,UNDER_INVESTIGATION,COURT_MUMBAI_MAGISTRATE,2027-11-30T19:38:06,2027-11-30T19:38:06,2027-11-30T19:38:06,19.064155,72.950461,Incident reported at Borivali West Station Area Sector-94 under MO Vehicle Theft Ring.,CCTNS_MUMBAI,CCTNS_000973,v1.0,True
974,CR/0974/2025,CASE_2025_0974,2027-12-03T18:22:12,POL_565,PS_JUHU,CAT_CRIMINAL,SERIOUS,ATM_CARD_SKIMMING,inspect_unattended_kiosk,UNDER_INVESTIGATION,COURT_MUMBAI_MAGISTRATE,2027-12-03T18:22:12,2027-12-03T18:22:12,2027-12-03T18:22:12,19.202376,72.774915,Incident reported at Juhu Tara Road Sector-187 under MO ATM/Card Skimming Racket.,CCTNS_MUMBAI,CCTNS_000974,v1.0,True
975,CR/0975/2025,CASE_2025_0975,2027-12-03T19:34:28,POL_636,PS_BYCULLA,CAT_CRIMINAL,HEINOUS,CHAIN_SNATCHING,survey_pedestrian_victim,UNDER_INVESTIGATION,COURT_MUMBAI_MAGISTRATE,2027-12-03T19:34:28,2027-12-03T19:34:28,2027-12-03T19:34:28,19.128245,72.904528,Incident reported at Dadar TT Circle Sector-148 under MO Two-Wheeler Chain Snatching.,CCTNS_MUMBAI,CCTNS_000975,v1.0,True
976,CR/0976/2025,CASE_2025_0976,2027-12-04T19:13:46,POL_971,PS_GHATKOPAR,CAT_CRIMINAL,SERIOUS,CYBER_FRAUD_CALL_CENTER,spoof_official_bank_helpline,UNDER_INVESTIGATION,COURT_MUMBAI_MAGISTRATE,2027-12-04T19:13:46,2027-12-04T19:13:46,2027-12-04T19:13:46,19.206357,72.899499,Incident reported at Sewri Timber Market Sector-236 under MO Cyber Fraud Call Center.,CCTNS_MUMBAI,CCTNS_000976,v1.0,True
977,CR/0977/2025,CASE_2025_0977,2027-12-05T10:56:18,POL_379,PS_MALAD,CAT_CRIMINAL,HEINOUS,EXTORTION_RACKET,identify_prominent_local_trader,UNDER_INVESTIGATION,COURT_MUMBAI_MAGISTRATE,2027-12-05T10:56:18,2027-12-05T10:56:18,2027-12-05T10:56:18,19.011016,72.802743,Incident reported at Dadar TT Circle Sector-228 under MO Commercial Extortion Racket.,CCTNS_MUMBAI,CCTNS_000977,v1.0,True
978,CR/0978/2025,CASE_2025_0978,2027-12-05T13:29:27,POL_438,PS_KURLA,CAT_CRIMINAL,SERIOUS,NARCOTICS_COURIER_NETWORK,procure_contraband_consignment,UNDER_INVESTIGATION,COURT_MUMBAI_MAGISTRATE,2027-12-05T13:29:27,2027-12-05T13:29:27,2027-12-05T13:29:27,19.129388,72.975634,Incident reported at Borivali West Station Area Sector-134 under MO Narcotics Courier Network.,CCTNS_MUMBAI,CCTNS_000978,v1.0,True
979,CR/0979/2025,CASE_2025_0979,2027-12-08T20:49:06,POL_569,PS_DHARAVI,CAT_CRIMINAL,HEINOUS,VEHICLE_THEFT_RING,observe_target_vehicle,UNDER_INVESTIGATION,COURT_MUMBAI_MAGISTRATE,2027-12-08T20:49:06,2027-12-08T20:49:06,2027-12-08T20:49:06,18.996048,72.786369,Incident reported at Dadar TT Circle Sector-128 under MO Vehicle Theft Ring.,CCTNS_MUMBAI,CCTNS_000979,v1.0,True
980,CR/0980/2025,CASE_2025_0980,2027-12-10T20:42:11,POL_835,PS_BYCULLA,CAT_CRIMINAL,SERIOUS,ATM_CARD_SKIMMING,inspect_unattended_kiosk,UNDER_INVESTIGATION,COURT_MUMBAI_MAGISTRATE,2027-12-10T20:42:11,2027-12-10T20:42:11,2027-12-10T20:42:11,19.262587,72.817635,Incident reported at Borivali West Station Area Sector-74 under MO ATM/Card Skimming Racket.,CCTNS_MUMBAI,CCTNS_000980,v1.0,True
981,CR/0981/2025,CASE_2025_0981,2027-12-12T08:09:49,POL_854,PS_DHARAVI,CAT_CRIMINAL,HEINOUS,CHAIN_SNATCHING,survey_pedestrian_victim,UNDER_INVESTIGATION,COURT_MUMBAI_MAGISTRATE,2027-12-12T08:09:49,2027-12-12T08:09:49,2027-12-12T08:09:49,18.920401,72.943799,Incident reported at Kurla West Terminus Sector-126 under MO Two-Wheeler Chain Snatching.,CCTNS_MUMBAI,CCTNS_000981,v1.0,True
982,CR/0982/2025,CASE_2025_0982,2027-12-13T13:35:15,POL_681,PS_JUHU,CAT_CRIMINAL,SERIOUS,CYBER_FRAUD_CALL_CENTER,spoof_official_bank_helpline,UNDER_INVESTIGATION,COURT_MUMBAI_MAGISTRATE,2027-12-13T13:35:15,2027-12-13T13:35:15,2027-12-13T13:35:15,18.931548,72.902706,Incident reported at Colaba Causeway Sector-202 under MO Cyber Fraud Call Center.,CCTNS_MUMBAI,CCTNS_000982,v1.0,True
983,CR/0983/2025,CASE_2025_0983,2027-12-13T18:02:10,POL_279,PS_BYCULLA,CAT_CRIMINAL,HEINOUS,EXTORTION_RACKET,identify_prominent_local_trader,UNDER_INVESTIGATION,COURT_MUMBAI_MAGISTRATE,2027-12-13T18:02:10,2027-12-13T18:02:10,2027-12-13T18:02:10,18.880484,72.803835,Incident reported at Lower Parel Business Park Sector-70 under MO Commercial Extortion Racket.,CCTNS_MUMBAI,CCTNS_000983,v1.0,True
984,CR/0984/2025,CASE_2025_0984,2027-12-15T19:49:21,POL_515,PS_BORIVALI,CAT_CRIMINAL,SERIOUS,NARCOTICS_COURIER_NETWORK,procure_contraband_consignment,UNDER_INVESTIGATION,COURT_MUMBAI_MAGISTRATE,2027-12-15T19:49:21,2027-12-15T19:49:21,2027-12-15T19:49:21,19.114748,72.820434,Incident reported at Sion Circle Sector-239 under MO Narcotics Courier Network.,CCTNS_MUMBAI,CCTNS_000984,v1.0,True
985,CR/0985/2025,CASE_2025_0985,2027-12-16T01:09:19,POL_435,PS_WORLI,CAT_CRIMINAL,HEINOUS,VEHICLE_THEFT_RING,observe_target_vehicle,UNDER_INVESTIGATION,COURT_MUMBAI_MAGISTRATE,2027-12-16T01:09:19,2027-12-16T01:09:19,2027-12-16T01:09:19,19.246856,72.780956,Incident reported at Andheri East MIDC Sector-145 under MO Vehicle Theft Ring.,CCTNS_MUMBAI,CCTNS_000985,v1.0,True
986,CR/0986/2025,CASE_2025_0986,2027-12-16T01:20:52,POL_785,PS_BANDRA,CAT_CRIMINAL,SERIOUS,ATM_CARD_SKIMMING,inspect_unattended_kiosk,UNDER_INVESTIGATION,COURT_MUMBAI_MAGISTRATE,2027-12-16T01:20:52,2027-12-16T01:20:52,2027-12-16T01:20:52,19.058422,72.925155,Incident reported at Chembur Colony Sector-52 under MO ATM/Card Skimming Racket.,CCTNS_MUMBAI,CCTNS_000986,v1.0,True
987,CR/0987/2025,CASE_2025_0987,2027-12-16T18:06:51,POL_243,PS_BANDRA,CAT_CRIMINAL,HEINOUS,CHAIN_SNATCHING,survey_pedestrian_victim,UNDER_INVESTIGATION,COURT_MUMBAI_MAGISTRATE,2027-12-16T18:06:51,2027-12-16T18:06:51,2027-12-16T18:06:51,19.047285,72.920785,Incident reported at Andheri East MIDC Sector-25 under MO Two-Wheeler Chain Snatching.,CCTNS_MUMBAI,CCTNS_000987,v1.0,True
988,CR/0988/2025,CASE_2025_0988,2027-12-16T23:00:02,POL_354,PS_GHATKOPAR,CAT_CRIMINAL,SERIOUS,CYBER_FRAUD_CALL_CENTER,spoof_official_bank_helpline,UNDER_INVESTIGATION,COURT_MUMBAI_MAGISTRATE,2027-12-16T23:00:02,2027-12-16T23:00:02,2027-12-16T23:00:02,19.258508,72.943782,Incident reported at Juhu Tara Road Sector-247 under MO Cyber Fraud Call Center.,CCTNS_MUMBAI,CCTNS_000988,v1.0,True
989,CR/0989/2025,CASE_2025_0989,2027-12-17T08:02:52,POL_492,PS_COLABA,CAT_CRIMINAL,HEINOUS,EXTORTION_RACKET,identify_prominent_local_trader,UNDER_INVESTIGATION,COURT_MUMBAI_MAGISTRATE,2027-12-17T08:02:52,2027-12-17T08:02:52,2027-12-17T08:02:52,19.136087,72.826845,Incident reported at Navi Mumbai Vashi Sector 17 Sector-158 under MO Commercial Extortion Racket.,CCTNS_MUMBAI,CCTNS_000989,v1.0,True
990,CR/0990/2025,CASE_2025_0990,2027-12-17T10:44:12,POL_871,PS_KURLA,CAT_CRIMINAL,SERIOUS,NARCOTICS_COURIER_NETWORK,procure_contraband_consignment,UNDER_INVESTIGATION,COURT_MUMBAI_MAGISTRATE,2027-12-17T10:44:12,2027-12-17T10:44:12,2027-12-17T10:44:12,19.054425,72.977123,Incident reported at Ghatkopar Central Mall Sector-231 under MO Narcotics Courier Network.,CCTNS_MUMBAI,CCTNS_000990,v1.0,True
991,CR/0991/2025,CASE_2025_0991,2027-12-18T09:07:33,POL_409,PS_ANDHERI,CAT_CRIMINAL,HEINOUS,VEHICLE_THEFT_RING,observe_target_vehicle,UNDER_INVESTIGATION,COURT_MUMBAI_MAGISTRATE,2027-12-18T09:07:33,2027-12-18T09:07:33,2027-12-18T09:07:33,18.917302,72.756154,Incident reported at Juhu Tara Road Sector-207 under MO Vehicle Theft Ring.,CCTNS_MUMBAI,CCTNS_000991,v1.0,True
992,CR/0992/2025,CASE_2025_0992,2027-12-19T11:12:07,POL_686,PS_BORIVALI,CAT_CRIMINAL,SERIOUS,ATM_CARD_SKIMMING,inspect_unattended_kiosk,UNDER_INVESTIGATION,COURT_MUMBAI_MAGISTRATE,2027-12-19T11:12:07,2027-12-19T11:12:07,2027-12-19T11:12:07,19.143703,72.815992,Incident reported at Malad Link Road Sector-213 under MO ATM/Card Skimming Racket.,CCTNS_MUMBAI,CCTNS_000992,v1.0,True
993,CR/0993/2025,CASE_2025_0993,2027-12-20T02:39:05,POL_769,PS_COLABA,CAT_CRIMINAL,HEINOUS,CHAIN_SNATCHING,survey_pedestrian_victim,UNDER_INVESTIGATION,COURT_MUMBAI_MAGISTRATE,2027-12-20T02:39:05,2027-12-20T02:39:05,2027-12-20T02:39:05,19.112493,72.757833,Incident reported at Lower Parel Business Park Sector-190 under MO Two-Wheeler Chain Snatching.,CCTNS_MUMBAI,CCTNS_000993,v1.0,True
994,CR/0994/2025,CASE_2025_0994,2027-12-20T11:33:08,POL_341,PS_JUHU,CAT_CRIMINAL,SERIOUS,CYBER_FRAUD_CALL_CENTER,spoof_official_bank_helpline,UNDER_INVESTIGATION,COURT_MUMBAI_MAGISTRATE,2027-12-20T11:33:08,2027-12-20T11:33:08,2027-12-20T11:33:08,19.109579,72.905105,Incident reported at Dadar TT Circle Sector-248 under MO Cyber Fraud Call Center.,CCTNS_MUMBAI,CCTNS_000994,v1.0,True
995,CR/0995/2025,CASE_2025_0995,2027-12-24T03:17:26,POL_221,PS_COLABA,CAT_CRIMINAL,HEINOUS,EXTORTION_RACKET,identify_prominent_local_trader,UNDER_INVESTIGATION,COURT_MUMBAI_MAGISTRATE,2027-12-24T03:17:26,2027-12-24T03:17:26,2027-12-24T03:17:26,18.917302,72.756154,Incident reported at Juhu Tara Road Sector-207 under MO Commercial Extortion Racket.,CCTNS_MUMBAI,CCTNS_000995,v1.0,True
996,CR/0996/2025,CASE_2025_0996,2027-12-26T11:38:09,POL_263,PS_GHATKOPAR,CAT_CRIMINAL,SERIOUS,NARCOTICS_COURIER_NETWORK,procure_contraband_consignment,UNDER_INVESTIGATION,COURT_MUMBAI_MAGISTRATE,2027-12-26T11:38:09,2027-12-26T11:38:09,2027-12-26T11:38:09,19.047285,72.920785,Incident reported at Andheri East MIDC Sector-25 under MO Narcotics Courier Network.,CCTNS_MUMBAI,CCTNS_000996,v1.0,True
997,CR/0997/2025,CASE_2025_0997,2027-12-27T22:38:10,POL_614,PS_WORLI,CAT_CRIMINAL,HEINOUS,VEHICLE_THEFT_RING,observe_target_vehicle,UNDER_INVESTIGATION,COURT_MUMBAI_MAGISTRATE,2027-12-27T22:38:10,2027-12-27T22:38:10,2027-12-27T22:38:10,19.005789,72.843754,Incident reported at Bandra Kurla Complex Sector-124 under MO Vehicle Theft Ring.,CCTNS_MUMBAI,CCTNS_000997,v1.0,True
998,CR/0998/2025,CASE_2025_0998,2027-12-28T08:28:32,POL_806,PS_CHEMBUR,CAT_CRIMINAL,SERIOUS,ATM_CARD_SKIMMING,inspect_unattended_kiosk,UNDER_INVESTIGATION,COURT_MUMBAI_MAGISTRATE,2027-12-28T08:28:32,2027-12-28T08:28:32,2027-12-28T08:28:32,19.040161,72.763439,Incident reported at Ghatkopar Central Mall Sector-111 under MO ATM/Card Skimming Racket.,CCTNS_MUMBAI,CCTNS_000998,v1.0,True
999,CR/0999/2025,CASE_2025_0999,2027-12-30T02:30:46,POL_402,PS_BANDRA,CAT_CRIMINAL,HEINOUS,CHAIN_SNATCHING,survey_pedestrian_victim,UNDER_INVESTIGATION,COURT_MUMBAI_MAGISTRATE,2027-12-30T02:30:46,2027-12-30T02:30:46,2027-12-30T02:30:46,19.01349,72.836518,Incident reported at Byculla Market Sector-75 under MO Two-Wheeler Chain Snatching.,CCTNS_MUMBAI,CCTNS_000999,v1.0,True
1000,CR/1000/2025,CASE_2025_1000,2027-12-31T02:08:18,POL_326,PS_JUHU,CAT_CRIMINAL,SERIOUS,CYBER_FRAUD_CALL_CENTER,spoof_official_bank_helpline,UNDER_INVESTIGATION,COURT_MUMBAI_MAGISTRATE,2027-12-31T02:08:18,2027-12-31T02:08:18,2027-12-31T02:08:18,19.108759,72.892107,Incident reported at Byculla Market Sector-35 under MO Cyber Fraud Call Center.,CCTNS_MUMBAI,CCTNS_001000,v1.0,True
