chunk_id,document_id,page_or_paragraph,text_span,start_offset,end_offset,synthetic_demo_record
CHK_0001_01,DOC_FIR_0001,1,"MUMBAI POLICE DEPARTMENT - FIRST INFORMATION REPORT (SYNTHETIC RECORD)
FIR No: CASE_2025_0001 | Station: Byculla Police Station | Date: 2025-01-04
Investigating Officer: Inspector S. V. Kadam (Formal ...",0,200,True
CHK_0002_01,DOC_FIR_0002,1,"MUMBAI POLICE DEPARTMENT - FIRST INFORMATION REPORT (SYNTHETIC RECORD)
FIR No: CASE_2025_0002 | Station: Chembur Police Station | Date: 2025-01-05
Investigating Officer: Sub-Inspector R. P. Patil (Ver...",0,200,True
CHK_0003_01,DOC_FIR_0003,1,"MUMBAI POLICE DEPARTMENT - FIRST INFORMATION REPORT (SYNTHETIC RECORD)
FIR No: CASE_2025_0003 | Station: Kurla Police Station | Date: 2025-01-06
Investigating Officer: Inspector S. V. Kadam (Formal Te...",0,200,True
CHK_0004_01,DOC_FIR_0004,1,"MUMBAI POLICE DEPARTMENT - FIRST INFORMATION REPORT (SYNTHETIC RECORD)
FIR No: CASE_2025_0004 | Station: Bandra Police Station | Date: 2025-01-07
Investigating Officer: Assistant Inspector A. B. Deshm...",0,200,True
CHK_0005_01,DOC_FIR_0005,1,"MUMBAI POLICE DEPARTMENT - FIRST INFORMATION REPORT (SYNTHETIC RECORD)
FIR No: CASE_2025_0005 | Station: Malad Police Station | Date: 2025-01-08
Investigating Officer: Inspector S. V. Kadam (Formal Te...",0,200,True
CHK_0006_01,DOC_FIR_0006,1,"MUMBAI POLICE DEPARTMENT - FIRST INFORMATION REPORT (SYNTHETIC RECORD)
FIR No: CASE_2025_0006 | Station: Worli Police Station | Date: 2025-01-11
Investigating Officer: Inspector S. V. Kadam (Formal Te...",0,200,True
CHK_0007_01,DOC_FIR_0007,1,"MUMBAI POLICE DEPARTMENT - FIRST INFORMATION REPORT (SYNTHETIC RECORD)
FIR No: CASE_2025_0007 | Station: Bandra Police Station | Date: 2025-01-13
Investigating Officer: Inspector S. V. Kadam (Formal T...",0,200,True
CHK_0008_01,DOC_FIR_0008,1,"MUMBAI POLICE DEPARTMENT - FIRST INFORMATION REPORT (SYNTHETIC RECORD)
FIR No: CASE_2025_0008 | Station: Malad Police Station | Date: 2025-01-14
Investigating Officer: Assistant Inspector A. B. Deshmu...",0,200,True
CHK_0009_01,DOC_FIR_0009,1,"MUMBAI POLICE DEPARTMENT - FIRST INFORMATION REPORT (SYNTHETIC RECORD)
FIR No: CASE_2025_0009 | Station: Malad Police Station | Date: 2025-01-16
Investigating Officer: Inspector S. V. Kadam (Formal Te...",0,200,True
CHK_0010_01,DOC_FIR_0010,1,"MUMBAI POLICE DEPARTMENT - FIRST INFORMATION REPORT (SYNTHETIC RECORD)
FIR No: CASE_2025_0010 | Station: Byculla Police Station | Date: 2025-01-18
Investigating Officer: Assistant Inspector A. B. Desh...",0,200,True
CHK_0011_01,DOC_FIR_0011,1,"MUMBAI POLICE DEPARTMENT - FIRST INFORMATION REPORT (SYNTHETIC RECORD)
FIR No: CASE_2025_0011 | Station: Worli Police Station | Date: 2025-01-18
Investigating Officer: Inspector S. V. Kadam (Formal Te...",0,200,True
CHK_0012_01,DOC_FIR_0012,1,"MUMBAI POLICE DEPARTMENT - FIRST INFORMATION REPORT (SYNTHETIC RECORD)
FIR No: CASE_2025_0012 | Station: Borivali Police Station | Date: 2025-01-18
Investigating Officer: Sub-Inspector R. P. Patil (Ve...",0,200,True
CHK_0013_01,DOC_FIR_0013,1,"MUMBAI POLICE DEPARTMENT - FIRST INFORMATION REPORT (SYNTHETIC RECORD)
FIR No: CASE_2025_0013 | Station: Colaba Police Station | Date: 2025-01-18
Investigating Officer: Inspector S. V. Kadam (Formal T...",0,200,True
CHK_0014_01,DOC_FIR_0014,1,"MUMBAI POLICE DEPARTMENT - FIRST INFORMATION REPORT (SYNTHETIC RECORD)
FIR No: CASE_2025_0014 | Station: Worli Police Station | Date: 2025-01-18
Investigating Officer: Sub-Inspector R. P. Patil (Verbo...",0,200,True
CHK_0015_01,DOC_FIR_0015,1,"MUMBAI POLICE DEPARTMENT - FIRST INFORMATION REPORT (SYNTHETIC RECORD)
FIR No: CASE_2025_0015 | Station: Dharavi Police Station | Date: 2025-01-20
Investigating Officer: Inspector S. V. Kadam (Formal ...",0,200,True
CHK_0016_01,DOC_FIR_0016,1,"MUMBAI POLICE DEPARTMENT - FIRST INFORMATION REPORT (SYNTHETIC RECORD)
FIR No: CASE_2025_0016 | Station: Juhu Police Station | Date: 2025-01-21
Investigating Officer: Inspector S. V. Kadam (Formal Ter...",0,200,True
CHK_0017_01,DOC_FIR_0017,1,"MUMBAI POLICE DEPARTMENT - FIRST INFORMATION REPORT (SYNTHETIC RECORD)
FIR No: CASE_2025_0017 | Station: Worli Police Station | Date: 2025-01-23
Investigating Officer: Inspector S. V. Kadam (Formal Te...",0,200,True
CHK_0018_01,DOC_FIR_0018,1,"MUMBAI POLICE DEPARTMENT - FIRST INFORMATION REPORT (SYNTHETIC RECORD)
FIR No: CASE_2025_0018 | Station: Juhu Police Station | Date: 2025-01-27
Investigating Officer: Assistant Inspector A. B. Deshmuk...",0,200,True
CHK_0019_01,DOC_FIR_0019,1,"MUMBAI POLICE DEPARTMENT - FIRST INFORMATION REPORT (SYNTHETIC RECORD)
FIR No: CASE_2025_0019 | Station: Colaba Police Station | Date: 2025-01-27
Investigating Officer: Assistant Inspector A. B. Deshm...",0,200,True
CHK_0020_01,DOC_FIR_0020,1,"MUMBAI POLICE DEPARTMENT - FIRST INFORMATION REPORT (SYNTHETIC RECORD)
FIR No: CASE_2025_0020 | Station: Malad Police Station | Date: 2025-01-28
Investigating Officer: Inspector S. V. Kadam (Formal Te...",0,200,True
CHK_0021_01,DOC_FIR_0021,1,"MUMBAI POLICE DEPARTMENT - FIRST INFORMATION REPORT (SYNTHETIC RECORD)
FIR No: CASE_2025_0021 | Station: Bandra Police Station | Date: 2025-01-28
Investigating Officer: Assistant Inspector A. B. Deshm...",0,200,True
CHK_0022_01,DOC_FIR_0022,1,"MUMBAI POLICE DEPARTMENT - FIRST INFORMATION REPORT (SYNTHETIC RECORD)
FIR No: CASE_2025_0022 | Station: Byculla Police Station | Date: 2025-01-30
Investigating Officer: Assistant Inspector A. B. Desh...",0,200,True
CHK_0023_01,DOC_FIR_0023,1,"MUMBAI POLICE DEPARTMENT - FIRST INFORMATION REPORT (SYNTHETIC RECORD)
FIR No: CASE_2025_0023 | Station: Juhu Police Station | Date: 2025-01-30
Investigating Officer: Assistant Inspector A. B. Deshmuk...",0,200,True
CHK_0024_01,DOC_FIR_0024,1,"MUMBAI POLICE DEPARTMENT - FIRST INFORMATION REPORT (SYNTHETIC RECORD)
FIR No: CASE_2025_0024 | Station: Chembur Police Station | Date: 2025-01-31
Investigating Officer: Inspector S. V. Kadam (Formal ...",0,200,True
CHK_0025_01,DOC_FIR_0025,1,"MUMBAI POLICE DEPARTMENT - FIRST INFORMATION REPORT (SYNTHETIC RECORD)
FIR No: CASE_2025_0025 | Station: Byculla Police Station | Date: 2025-02-01
Investigating Officer: Inspector S. V. Kadam (Formal ...",0,200,True
CHK_0026_01,DOC_FIR_0026,1,"MUMBAI POLICE DEPARTMENT - FIRST INFORMATION REPORT (SYNTHETIC RECORD)
FIR No: CASE_2025_0026 | Station: Andheri Police Station | Date: 2025-02-05
Investigating Officer: Inspector S. V. Kadam (Formal ...",0,200,True
CHK_0027_01,DOC_FIR_0027,1,"MUMBAI POLICE DEPARTMENT - FIRST INFORMATION REPORT (SYNTHETIC RECORD)
FIR No: CASE_2025_0027 | Station: Kurla Police Station | Date: 2025-02-07
Investigating Officer: Inspector S. V. Kadam (Formal Te...",0,200,True
CHK_0028_01,DOC_FIR_0028,1,"MUMBAI POLICE DEPARTMENT - FIRST INFORMATION REPORT (SYNTHETIC RECORD)
FIR No: CASE_2025_0028 | Station: Andheri Police Station | Date: 2025-02-08
Investigating Officer: Sub-Inspector R. P. Patil (Ver...",0,200,True
CHK_0029_01,DOC_FIR_0029,1,"MUMBAI POLICE DEPARTMENT - FIRST INFORMATION REPORT (SYNTHETIC RECORD)
FIR No: CASE_2025_0029 | Station: Juhu Police Station | Date: 2025-02-09
Investigating Officer: Inspector S. V. Kadam (Formal Ter...",0,200,True
CHK_0030_01,DOC_FIR_0030,1,"MUMBAI POLICE DEPARTMENT - FIRST INFORMATION REPORT (SYNTHETIC RECORD)
FIR No: CASE_2025_0030 | Station: Juhu Police Station | Date: 2025-02-11
Investigating Officer: Inspector S. V. Kadam (Formal Ter...",0,200,True
CHK_0031_01,DOC_FIR_0031,1,"MUMBAI POLICE DEPARTMENT - FIRST INFORMATION REPORT (SYNTHETIC RECORD)
FIR No: CASE_2025_0031 | Station: Andheri Police Station | Date: 2025-02-11
Investigating Officer: Assistant Inspector A. B. Desh...",0,200,True
CHK_0032_01,DOC_FIR_0032,1,"MUMBAI POLICE DEPARTMENT - FIRST INFORMATION REPORT (SYNTHETIC RECORD)
FIR No: CASE_2025_0032 | Station: Byculla Police Station | Date: 2025-02-12
Investigating Officer: Inspector S. V. Kadam (Formal ...",0,200,True
CHK_0033_01,DOC_FIR_0033,1,"MUMBAI POLICE DEPARTMENT - FIRST INFORMATION REPORT (SYNTHETIC RECORD)
FIR No: CASE_2025_0033 | Station: Byculla Police Station | Date: 2025-02-12
Investigating Officer: Inspector S. V. Kadam (Formal ...",0,200,True
CHK_0034_01,DOC_FIR_0034,1,"MUMBAI POLICE DEPARTMENT - FIRST INFORMATION REPORT (SYNTHETIC RECORD)
FIR No: CASE_2025_0034 | Station: Chembur Police Station | Date: 2025-02-12
Investigating Officer: Inspector S. V. Kadam (Formal ...",0,200,True
CHK_0035_01,DOC_FIR_0035,1,"MUMBAI POLICE DEPARTMENT - FIRST INFORMATION REPORT (SYNTHETIC RECORD)
FIR No: CASE_2025_0035 | Station: Ghatkopar Police Station | Date: 2025-02-13
Investigating Officer: Sub-Inspector R. P. Patil (V...",0,200,True
CHK_0036_01,DOC_FIR_0036,1,"MUMBAI POLICE DEPARTMENT - FIRST INFORMATION REPORT (SYNTHETIC RECORD)
FIR No: CASE_2025_0036 | Station: Byculla Police Station | Date: 2025-02-13
Investigating Officer: Assistant Inspector A. B. Desh...",0,200,True
CHK_0037_01,DOC_FIR_0037,1,"MUMBAI POLICE DEPARTMENT - FIRST INFORMATION REPORT (SYNTHETIC RECORD)
FIR No: CASE_2025_0037 | Station: Kurla Police Station | Date: 2025-02-13
Investigating Officer: Assistant Inspector A. B. Deshmu...",0,200,True
CHK_0038_01,DOC_FIR_0038,1,"MUMBAI POLICE DEPARTMENT - FIRST INFORMATION REPORT (SYNTHETIC RECORD)
FIR No: CASE_2025_0038 | Station: Colaba Police Station | Date: 2025-02-13
Investigating Officer: Inspector S. V. Kadam (Formal T...",0,200,True
CHK_0039_01,DOC_FIR_0039,1,"MUMBAI POLICE DEPARTMENT - FIRST INFORMATION REPORT (SYNTHETIC RECORD)
FIR No: CASE_2025_0039 | Station: Colaba Police Station | Date: 2025-02-21
Investigating Officer: Sub-Inspector R. P. Patil (Verb...",0,200,True
CHK_0040_01,DOC_FIR_0040,1,"MUMBAI POLICE DEPARTMENT - FIRST INFORMATION REPORT (SYNTHETIC RECORD)
FIR No: CASE_2025_0040 | Station: Andheri Police Station | Date: 2025-02-21
Investigating Officer: Inspector S. V. Kadam (Formal ...",0,200,True
CHK_0041_01,DOC_FIR_0041,1,"MUMBAI POLICE DEPARTMENT - FIRST INFORMATION REPORT (SYNTHETIC RECORD)
FIR No: CASE_2025_0041 | Station: Borivali Police Station | Date: 2025-02-22
Investigating Officer: Assistant Inspector A. B. Des...",0,200,True
CHK_0042_01,DOC_FIR_0042,1,"MUMBAI POLICE DEPARTMENT - FIRST INFORMATION REPORT (SYNTHETIC RECORD)
FIR No: CASE_2025_0042 | Station: Kurla Police Station | Date: 2025-02-23
Investigating Officer: Assistant Inspector A. B. Deshmu...",0,200,True
CHK_0043_01,DOC_FIR_0043,1,"MUMBAI POLICE DEPARTMENT - FIRST INFORMATION REPORT (SYNTHETIC RECORD)
FIR No: CASE_2025_0043 | Station: Worli Police Station | Date: 2025-02-24
Investigating Officer: Assistant Inspector A. B. Deshmu...",0,200,True
CHK_0044_01,DOC_FIR_0044,1,"MUMBAI POLICE DEPARTMENT - FIRST INFORMATION REPORT (SYNTHETIC RECORD)
FIR No: CASE_2025_0044 | Station: Dharavi Police Station | Date: 2025-02-26
Investigating Officer: Sub-Inspector R. P. Patil (Ver...",0,200,True
CHK_0045_01,DOC_FIR_0045,1,"MUMBAI POLICE DEPARTMENT - FIRST INFORMATION REPORT (SYNTHETIC RECORD)
FIR No: CASE_2025_0045 | Station: Kurla Police Station | Date: 2025-03-01
Investigating Officer: Assistant Inspector A. B. Deshmu...",0,200,True
CHK_0046_01,DOC_FIR_0046,1,"MUMBAI POLICE DEPARTMENT - FIRST INFORMATION REPORT (SYNTHETIC RECORD)
FIR No: CASE_2025_0046 | Station: Malad Police Station | Date: 2025-03-01
Investigating Officer: Sub-Inspector R. P. Patil (Verbo...",0,200,True
CHK_0047_01,DOC_FIR_0047,1,"MUMBAI POLICE DEPARTMENT - FIRST INFORMATION REPORT (SYNTHETIC RECORD)
FIR No: CASE_2025_0047 | Station: Borivali Police Station | Date: 2025-03-01
Investigating Officer: Sub-Inspector R. P. Patil (Ve...",0,200,True
CHK_0048_01,DOC_FIR_0048,1,"MUMBAI POLICE DEPARTMENT - FIRST INFORMATION REPORT (SYNTHETIC RECORD)
FIR No: CASE_2025_0048 | Station: Worli Police Station | Date: 2025-03-02
Investigating Officer: Sub-Inspector R. P. Patil (Verbo...",0,200,True
CHK_0049_01,DOC_FIR_0049,1,"MUMBAI POLICE DEPARTMENT - FIRST INFORMATION REPORT (SYNTHETIC RECORD)
FIR No: CASE_2025_0049 | Station: Dharavi Police Station | Date: 2025-03-03
Investigating Officer: Assistant Inspector A. B. Desh...",0,200,True
CHK_0050_01,DOC_FIR_0050,1,"MUMBAI POLICE DEPARTMENT - FIRST INFORMATION REPORT (SYNTHETIC RECORD)
FIR No: CASE_2025_0050 | Station: Bandra Police Station | Date: 2025-03-03
Investigating Officer: Inspector S. V. Kadam (Formal T...",0,200,True
CHK_0051_01,DOC_FIR_0051,1,"MUMBAI POLICE DEPARTMENT - FIRST INFORMATION REPORT (SYNTHETIC RECORD)
FIR No: CASE_2025_0051 | Station: Bandra Police Station | Date: 2025-03-07
Investigating Officer: Inspector S. V. Kadam (Formal T...",0,200,True
CHK_0052_01,DOC_FIR_0052,1,"MUMBAI POLICE DEPARTMENT - FIRST INFORMATION REPORT (SYNTHETIC RECORD)
FIR No: CASE_2025_0052 | Station: Dharavi Police Station | Date: 2025-03-08
Investigating Officer: Assistant Inspector A. B. Desh...",0,200,True
CHK_0053_01,DOC_FIR_0053,1,"MUMBAI POLICE DEPARTMENT - FIRST INFORMATION REPORT (SYNTHETIC RECORD)
FIR No: CASE_2025_0053 | Station: Borivali Police Station | Date: 2025-03-09
Investigating Officer: Inspector S. V. Kadam (Formal...",0,200,True
CHK_0054_01,DOC_FIR_0054,1,"MUMBAI POLICE DEPARTMENT - FIRST INFORMATION REPORT (SYNTHETIC RECORD)
FIR No: CASE_2025_0054 | Station: Worli Police Station | Date: 2025-03-10
Investigating Officer: Assistant Inspector A. B. Deshmu...",0,200,True
CHK_0055_01,DOC_FIR_0055,1,"MUMBAI POLICE DEPARTMENT - FIRST INFORMATION REPORT (SYNTHETIC RECORD)
FIR No: CASE_2025_0055 | Station: Malad Police Station | Date: 2025-03-11
Investigating Officer: Sub-Inspector R. P. Patil (Verbo...",0,200,True
CHK_0056_01,DOC_FIR_0056,1,"MUMBAI POLICE DEPARTMENT - FIRST INFORMATION REPORT (SYNTHETIC RECORD)
FIR No: CASE_2025_0056 | Station: Colaba Police Station | Date: 2025-03-15
Investigating Officer: Assistant Inspector A. B. Deshm...",0,200,True
CHK_0057_01,DOC_FIR_0057,1,"MUMBAI POLICE DEPARTMENT - FIRST INFORMATION REPORT (SYNTHETIC RECORD)
FIR No: CASE_2025_0057 | Station: Bandra Police Station | Date: 2025-03-17
Investigating Officer: Assistant Inspector A. B. Deshm...",0,200,True
CHK_0058_01,DOC_FIR_0058,1,"MUMBAI POLICE DEPARTMENT - FIRST INFORMATION REPORT (SYNTHETIC RECORD)
FIR No: CASE_2025_0058 | Station: Andheri Police Station | Date: 2025-03-18
Investigating Officer: Assistant Inspector A. B. Desh...",0,200,True
CHK_0059_01,DOC_FIR_0059,1,"MUMBAI POLICE DEPARTMENT - FIRST INFORMATION REPORT (SYNTHETIC RECORD)
FIR No: CASE_2025_0059 | Station: Bandra Police Station | Date: 2025-03-19
Investigating Officer: Sub-Inspector R. P. Patil (Verb...",0,200,True
CHK_0060_01,DOC_FIR_0060,1,"MUMBAI POLICE DEPARTMENT - FIRST INFORMATION REPORT (SYNTHETIC RECORD)
FIR No: CASE_2025_0060 | Station: Dharavi Police Station | Date: 2025-03-20
Investigating Officer: Sub-Inspector R. P. Patil (Ver...",0,200,True
CHK_0061_01,DOC_FIR_0061,1,"MUMBAI POLICE DEPARTMENT - FIRST INFORMATION REPORT (SYNTHETIC RECORD)
FIR No: CASE_2025_0061 | Station: Chembur Police Station | Date: 2025-03-21
Investigating Officer: Assistant Inspector A. B. Desh...",0,200,True
CHK_0062_01,DOC_FIR_0062,1,"MUMBAI POLICE DEPARTMENT - FIRST INFORMATION REPORT (SYNTHETIC RECORD)
FIR No: CASE_2025_0062 | Station: Malad Police Station | Date: 2025-03-21
Investigating Officer: Inspector S. V. Kadam (Formal Te...",0,200,True
CHK_0063_01,DOC_FIR_0063,1,"MUMBAI POLICE DEPARTMENT - FIRST INFORMATION REPORT (SYNTHETIC RECORD)
FIR No: CASE_2025_0063 | Station: Bandra Police Station | Date: 2025-03-21
Investigating Officer: Assistant Inspector A. B. Deshm...",0,200,True
CHK_0064_01,DOC_FIR_0064,1,"MUMBAI POLICE DEPARTMENT - FIRST INFORMATION REPORT (SYNTHETIC RECORD)
FIR No: CASE_2025_0064 | Station: Byculla Police Station | Date: 2025-03-21
Investigating Officer: Assistant Inspector A. B. Desh...",0,200,True
CHK_0065_01,DOC_FIR_0065,1,"MUMBAI POLICE DEPARTMENT - FIRST INFORMATION REPORT (SYNTHETIC RECORD)
FIR No: CASE_2025_0065 | Station: Kurla Police Station | Date: 2025-03-22
Investigating Officer: Inspector S. V. Kadam (Formal Te...",0,200,True
CHK_0066_01,DOC_FIR_0066,1,"MUMBAI POLICE DEPARTMENT - FIRST INFORMATION REPORT (SYNTHETIC RECORD)
FIR No: CASE_2025_0066 | Station: Dharavi Police Station | Date: 2025-03-23
Investigating Officer: Assistant Inspector A. B. Desh...",0,200,True
CHK_0067_01,DOC_FIR_0067,1,"MUMBAI POLICE DEPARTMENT - FIRST INFORMATION REPORT (SYNTHETIC RECORD)
FIR No: CASE_2025_0067 | Station: Malad Police Station | Date: 2025-03-24
Investigating Officer: Inspector S. V. Kadam (Formal Te...",0,200,True
CHK_0068_01,DOC_FIR_0068,1,"MUMBAI POLICE DEPARTMENT - FIRST INFORMATION REPORT (SYNTHETIC RECORD)
FIR No: CASE_2025_0068 | Station: Juhu Police Station | Date: 2025-03-27
Investigating Officer: Sub-Inspector R. P. Patil (Verbos...",0,200,True
CHK_0069_01,DOC_FIR_0069,1,"MUMBAI POLICE DEPARTMENT - FIRST INFORMATION REPORT (SYNTHETIC RECORD)
FIR No: CASE_2025_0069 | Station: Bandra Police Station | Date: 2025-03-28
Investigating Officer: Sub-Inspector R. P. Patil (Verb...",0,200,True
CHK_0070_01,DOC_FIR_0070,1,"MUMBAI POLICE DEPARTMENT - FIRST INFORMATION REPORT (SYNTHETIC RECORD)
FIR No: CASE_2025_0070 | Station: Andheri Police Station | Date: 2025-03-28
Investigating Officer: Inspector S. V. Kadam (Formal ...",0,200,True
CHK_0071_01,DOC_FIR_0071,1,"MUMBAI POLICE DEPARTMENT - FIRST INFORMATION REPORT (SYNTHETIC RECORD)
FIR No: CASE_2025_0071 | Station: Kurla Police Station | Date: 2025-03-28
Investigating Officer: Assistant Inspector A. B. Deshmu...",0,200,True
CHK_0072_01,DOC_FIR_0072,1,"MUMBAI POLICE DEPARTMENT - FIRST INFORMATION REPORT (SYNTHETIC RECORD)
FIR No: CASE_2025_0072 | Station: Bandra Police Station | Date: 2025-03-28
Investigating Officer: Assistant Inspector A. B. Deshm...",0,200,True
CHK_0073_01,DOC_FIR_0073,1,"MUMBAI POLICE DEPARTMENT - FIRST INFORMATION REPORT (SYNTHETIC RECORD)
FIR No: CASE_2025_0073 | Station: Bandra Police Station | Date: 2025-03-31
Investigating Officer: Assistant Inspector A. B. Deshm...",0,200,True
CHK_0074_01,DOC_FIR_0074,1,"MUMBAI POLICE DEPARTMENT - FIRST INFORMATION REPORT (SYNTHETIC RECORD)
FIR No: CASE_2025_0074 | Station: Dharavi Police Station | Date: 2025-04-01
Investigating Officer: Inspector S. V. Kadam (Formal ...",0,200,True
CHK_0075_01,DOC_FIR_0075,1,"MUMBAI POLICE DEPARTMENT - FIRST INFORMATION REPORT (SYNTHETIC RECORD)
FIR No: CASE_2025_0075 | Station: Ghatkopar Police Station | Date: 2025-04-01
Investigating Officer: Assistant Inspector A. B. De...",0,200,True
CHK_0076_01,DOC_FIR_0076,1,"MUMBAI POLICE DEPARTMENT - FIRST INFORMATION REPORT (SYNTHETIC RECORD)
FIR No: CASE_2025_0076 | Station: Andheri Police Station | Date: 2025-04-01
Investigating Officer: Assistant Inspector A. B. Desh...",0,200,True
CHK_0077_01,DOC_FIR_0077,1,"MUMBAI POLICE DEPARTMENT - FIRST INFORMATION REPORT (SYNTHETIC RECORD)
FIR No: CASE_2025_0077 | Station: Borivali Police Station | Date: 2025-04-01
Investigating Officer: Sub-Inspector R. P. Patil (Ve...",0,200,True
CHK_0078_01,DOC_FIR_0078,1,"MUMBAI POLICE DEPARTMENT - FIRST INFORMATION REPORT (SYNTHETIC RECORD)
FIR No: CASE_2025_0078 | Station: Malad Police Station | Date: 2025-04-01
Investigating Officer: Assistant Inspector A. B. Deshmu...",0,200,True
CHK_0079_01,DOC_FIR_0079,1,"MUMBAI POLICE DEPARTMENT - FIRST INFORMATION REPORT (SYNTHETIC RECORD)
FIR No: CASE_2025_0079 | Station: Kurla Police Station | Date: 2025-04-02
Investigating Officer: Assistant Inspector A. B. Deshmu...",0,200,True
CHK_0080_01,DOC_FIR_0080,1,"MUMBAI POLICE DEPARTMENT - FIRST INFORMATION REPORT (SYNTHETIC RECORD)
FIR No: CASE_2025_0080 | Station: Worli Police Station | Date: 2025-04-02
Investigating Officer: Assistant Inspector A. B. Deshmu...",0,200,True
CHK_0081_01,DOC_FIR_0081,1,"MUMBAI POLICE DEPARTMENT - FIRST INFORMATION REPORT (SYNTHETIC RECORD)
FIR No: CASE_2025_0081 | Station: Juhu Police Station | Date: 2025-04-02
Investigating Officer: Sub-Inspector R. P. Patil (Verbos...",0,200,True
CHK_0082_01,DOC_FIR_0082,1,"MUMBAI POLICE DEPARTMENT - FIRST INFORMATION REPORT (SYNTHETIC RECORD)
FIR No: CASE_2025_0082 | Station: Ghatkopar Police Station | Date: 2025-04-03
Investigating Officer: Inspector S. V. Kadam (Forma...",0,200,True
CHK_0083_01,DOC_FIR_0083,1,"MUMBAI POLICE DEPARTMENT - FIRST INFORMATION REPORT (SYNTHETIC RECORD)
FIR No: CASE_2025_0083 | Station: Kurla Police Station | Date: 2025-04-03
Investigating Officer: Inspector S. V. Kadam (Formal Te...",0,200,True
CHK_0084_01,DOC_FIR_0084,1,"MUMBAI POLICE DEPARTMENT - FIRST INFORMATION REPORT (SYNTHETIC RECORD)
FIR No: CASE_2025_0084 | Station: Colaba Police Station | Date: 2025-04-03
Investigating Officer: Assistant Inspector A. B. Deshm...",0,200,True
CHK_0085_01,DOC_FIR_0085,1,"MUMBAI POLICE DEPARTMENT - FIRST INFORMATION REPORT (SYNTHETIC RECORD)
FIR No: CASE_2025_0085 | Station: Kurla Police Station | Date: 2025-04-04
Investigating Officer: Assistant Inspector A. B. Deshmu...",0,200,True
CHK_0086_01,DOC_FIR_0086,1,"MUMBAI POLICE DEPARTMENT - FIRST INFORMATION REPORT (SYNTHETIC RECORD)
FIR No: CASE_2025_0086 | Station: Colaba Police Station | Date: 2025-04-04
Investigating Officer: Inspector S. V. Kadam (Formal T...",0,200,True
CHK_0087_01,DOC_FIR_0087,1,"MUMBAI POLICE DEPARTMENT - FIRST INFORMATION REPORT (SYNTHETIC RECORD)
FIR No: CASE_2025_0087 | Station: Byculla Police Station | Date: 2025-04-04
Investigating Officer: Inspector S. V. Kadam (Formal ...",0,200,True
CHK_0088_01,DOC_FIR_0088,1,"MUMBAI POLICE DEPARTMENT - FIRST INFORMATION REPORT (SYNTHETIC RECORD)
FIR No: CASE_2025_0088 | Station: Bandra Police Station | Date: 2025-04-04
Investigating Officer: Inspector S. V. Kadam (Formal T...",0,200,True
CHK_0089_01,DOC_FIR_0089,1,"MUMBAI POLICE DEPARTMENT - FIRST INFORMATION REPORT (SYNTHETIC RECORD)
FIR No: CASE_2025_0089 | Station: Juhu Police Station | Date: 2025-04-05
Investigating Officer: Inspector S. V. Kadam (Formal Ter...",0,200,True
CHK_0090_01,DOC_FIR_0090,1,"MUMBAI POLICE DEPARTMENT - FIRST INFORMATION REPORT (SYNTHETIC RECORD)
FIR No: CASE_2025_0090 | Station: Kurla Police Station | Date: 2025-04-05
Investigating Officer: Sub-Inspector R. P. Patil (Verbo...",0,200,True
CHK_0091_01,DOC_FIR_0091,1,"MUMBAI POLICE DEPARTMENT - FIRST INFORMATION REPORT (SYNTHETIC RECORD)
FIR No: CASE_2025_0091 | Station: Ghatkopar Police Station | Date: 2025-04-05
Investigating Officer: Inspector S. V. Kadam (Forma...",0,200,True
CHK_0092_01,DOC_FIR_0092,1,"MUMBAI POLICE DEPARTMENT - FIRST INFORMATION REPORT (SYNTHETIC RECORD)
FIR No: CASE_2025_0092 | Station: Dharavi Police Station | Date: 2025-04-06
Investigating Officer: Assistant Inspector A. B. Desh...",0,200,True
CHK_0093_01,DOC_FIR_0093,1,"MUMBAI POLICE DEPARTMENT - FIRST INFORMATION REPORT (SYNTHETIC RECORD)
FIR No: CASE_2025_0093 | Station: Borivali Police Station | Date: 2025-04-06
Investigating Officer: Sub-Inspector R. P. Patil (Ve...",0,200,True
CHK_0094_01,DOC_FIR_0094,1,"MUMBAI POLICE DEPARTMENT - FIRST INFORMATION REPORT (SYNTHETIC RECORD)
FIR No: CASE_2025_0094 | Station: Ghatkopar Police Station | Date: 2025-04-07
Investigating Officer: Sub-Inspector R. P. Patil (V...",0,200,True
CHK_0095_01,DOC_FIR_0095,1,"MUMBAI POLICE DEPARTMENT - FIRST INFORMATION REPORT (SYNTHETIC RECORD)
FIR No: CASE_2025_0095 | Station: Bandra Police Station | Date: 2025-04-07
Investigating Officer: Inspector S. V. Kadam (Formal T...",0,200,True
CHK_0096_01,DOC_FIR_0096,1,"MUMBAI POLICE DEPARTMENT - FIRST INFORMATION REPORT (SYNTHETIC RECORD)
FIR No: CASE_2025_0096 | Station: Worli Police Station | Date: 2025-04-07
Investigating Officer: Sub-Inspector R. P. Patil (Verbo...",0,200,True
CHK_0097_01,DOC_FIR_0097,1,"MUMBAI POLICE DEPARTMENT - FIRST INFORMATION REPORT (SYNTHETIC RECORD)
FIR No: CASE_2025_0097 | Station: Worli Police Station | Date: 2025-04-07
Investigating Officer: Sub-Inspector R. P. Patil (Verbo...",0,200,True
CHK_0098_01,DOC_FIR_0098,1,"MUMBAI POLICE DEPARTMENT - FIRST INFORMATION REPORT (SYNTHETIC RECORD)
FIR No: CASE_2025_0098 | Station: Chembur Police Station | Date: 2025-04-08
Investigating Officer: Inspector S. V. Kadam (Formal ...",0,200,True
CHK_0099_01,DOC_FIR_0099,1,"MUMBAI POLICE DEPARTMENT - FIRST INFORMATION REPORT (SYNTHETIC RECORD)
FIR No: CASE_2025_0099 | Station: Byculla Police Station | Date: 2025-04-08
Investigating Officer: Assistant Inspector A. B. Desh...",0,200,True
CHK_0100_01,DOC_FIR_0100,1,"MUMBAI POLICE DEPARTMENT - FIRST INFORMATION REPORT (SYNTHETIC RECORD)
FIR No: CASE_2025_0100 | Station: Colaba Police Station | Date: 2025-04-08
Investigating Officer: Sub-Inspector R. P. Patil (Verb...",0,200,True
CHK_0101_01,DOC_FIR_0101,1,"MUMBAI POLICE DEPARTMENT - FIRST INFORMATION REPORT (SYNTHETIC RECORD)
FIR No: CASE_2025_0101 | Station: Juhu Police Station | Date: 2025-04-08
Investigating Officer: Inspector S. V. Kadam (Formal Ter...",0,200,True
CHK_0102_01,DOC_FIR_0102,1,"MUMBAI POLICE DEPARTMENT - FIRST INFORMATION REPORT (SYNTHETIC RECORD)
FIR No: CASE_2025_0102 | Station: Kurla Police Station | Date: 2025-04-08
Investigating Officer: Inspector S. V. Kadam (Formal Te...",0,200,True
CHK_0103_01,DOC_FIR_0103,1,"MUMBAI POLICE DEPARTMENT - FIRST INFORMATION REPORT (SYNTHETIC RECORD)
FIR No: CASE_2025_0103 | Station: Ghatkopar Police Station | Date: 2025-04-09
Investigating Officer: Inspector S. V. Kadam (Forma...",0,200,True
CHK_0104_01,DOC_FIR_0104,1,"MUMBAI POLICE DEPARTMENT - FIRST INFORMATION REPORT (SYNTHETIC RECORD)
FIR No: CASE_2025_0104 | Station: Dharavi Police Station | Date: 2025-04-09
Investigating Officer: Sub-Inspector R. P. Patil (Ver...",0,200,True
CHK_0105_01,DOC_FIR_0105,1,"MUMBAI POLICE DEPARTMENT - FIRST INFORMATION REPORT (SYNTHETIC RECORD)
FIR No: CASE_2025_0105 | Station: Kurla Police Station | Date: 2025-04-10
Investigating Officer: Inspector S. V. Kadam (Formal Te...",0,200,True
CHK_0106_01,DOC_FIR_0106,1,"MUMBAI POLICE DEPARTMENT - FIRST INFORMATION REPORT (SYNTHETIC RECORD)
FIR No: CASE_2025_0106 | Station: Malad Police Station | Date: 2025-04-10
Investigating Officer: Inspector S. V. Kadam (Formal Te...",0,200,True
CHK_0107_01,DOC_FIR_0107,1,"MUMBAI POLICE DEPARTMENT - FIRST INFORMATION REPORT (SYNTHETIC RECORD)
FIR No: CASE_2025_0107 | Station: Byculla Police Station | Date: 2025-04-10
Investigating Officer: Assistant Inspector A. B. Desh...",0,200,True
CHK_0108_01,DOC_FIR_0108,1,"MUMBAI POLICE DEPARTMENT - FIRST INFORMATION REPORT (SYNTHETIC RECORD)
FIR No: CASE_2025_0108 | Station: Colaba Police Station | Date: 2025-04-10
Investigating Officer: Inspector S. V. Kadam (Formal T...",0,200,True
CHK_0109_01,DOC_FIR_0109,1,"MUMBAI POLICE DEPARTMENT - FIRST INFORMATION REPORT (SYNTHETIC RECORD)
FIR No: CASE_2025_0109 | Station: Kurla Police Station | Date: 2025-04-10
Investigating Officer: Inspector S. V. Kadam (Formal Te...",0,200,True
CHK_0110_01,DOC_FIR_0110,1,"MUMBAI POLICE DEPARTMENT - FIRST INFORMATION REPORT (SYNTHETIC RECORD)
FIR No: CASE_2025_0110 | Station: Ghatkopar Police Station | Date: 2025-04-11
Investigating Officer: Sub-Inspector R. P. Patil (V...",0,200,True
CHK_0111_01,DOC_FIR_0111,1,"MUMBAI POLICE DEPARTMENT - FIRST INFORMATION REPORT (SYNTHETIC RECORD)
FIR No: CASE_2025_0111 | Station: Worli Police Station | Date: 2025-04-11
Investigating Officer: Inspector S. V. Kadam (Formal Te...",0,200,True
CHK_0112_01,DOC_FIR_0112,1,"MUMBAI POLICE DEPARTMENT - FIRST INFORMATION REPORT (SYNTHETIC RECORD)
FIR No: CASE_2025_0112 | Station: Worli Police Station | Date: 2025-04-11
Investigating Officer: Inspector S. V. Kadam (Formal Te...",0,200,True
CHK_0113_01,DOC_FIR_0113,1,"MUMBAI POLICE DEPARTMENT - FIRST INFORMATION REPORT (SYNTHETIC RECORD)
FIR No: CASE_2025_0113 | Station: Andheri Police Station | Date: 2025-04-12
Investigating Officer: Sub-Inspector R. P. Patil (Ver...",0,200,True
CHK_0114_01,DOC_FIR_0114,1,"MUMBAI POLICE DEPARTMENT - FIRST INFORMATION REPORT (SYNTHETIC RECORD)
FIR No: CASE_2025_0114 | Station: Worli Police Station | Date: 2025-04-12
Investigating Officer: Assistant Inspector A. B. Deshmu...",0,200,True
CHK_0115_01,DOC_FIR_0115,1,"MUMBAI POLICE DEPARTMENT - FIRST INFORMATION REPORT (SYNTHETIC RECORD)
FIR No: CASE_2025_0115 | Station: Malad Police Station | Date: 2025-04-12
Investigating Officer: Assistant Inspector A. B. Deshmu...",0,200,True
CHK_0116_01,DOC_FIR_0116,1,"MUMBAI POLICE DEPARTMENT - FIRST INFORMATION REPORT (SYNTHETIC RECORD)
FIR No: CASE_2025_0116 | Station: Ghatkopar Police Station | Date: 2025-04-12
Investigating Officer: Inspector S. V. Kadam (Forma...",0,200,True
CHK_0117_01,DOC_FIR_0117,1,"MUMBAI POLICE DEPARTMENT - FIRST INFORMATION REPORT (SYNTHETIC RECORD)
FIR No: CASE_2025_0117 | Station: Andheri Police Station | Date: 2025-04-13
Investigating Officer: Inspector S. V. Kadam (Formal ...",0,200,True
CHK_0118_01,DOC_FIR_0118,1,"MUMBAI POLICE DEPARTMENT - FIRST INFORMATION REPORT (SYNTHETIC RECORD)
FIR No: CASE_2025_0118 | Station: Borivali Police Station | Date: 2025-04-13
Investigating Officer: Assistant Inspector A. B. Des...",0,200,True
CHK_0119_01,DOC_FIR_0119,1,"MUMBAI POLICE DEPARTMENT - FIRST INFORMATION REPORT (SYNTHETIC RECORD)
FIR No: CASE_2025_0119 | Station: Colaba Police Station | Date: 2025-04-13
Investigating Officer: Assistant Inspector A. B. Deshm...",0,200,True
CHK_0120_01,DOC_FIR_0120,1,"MUMBAI POLICE DEPARTMENT - FIRST INFORMATION REPORT (SYNTHETIC RECORD)
FIR No: CASE_2025_0120 | Station: Colaba Police Station | Date: 2025-04-13
Investigating Officer: Inspector S. V. Kadam (Formal T...",0,200,True
CHK_0121_01,DOC_FIR_0121,1,"MUMBAI POLICE DEPARTMENT - FIRST INFORMATION REPORT (SYNTHETIC RECORD)
FIR No: CASE_2025_0121 | Station: Ghatkopar Police Station | Date: 2025-04-14
Investigating Officer: Assistant Inspector A. B. De...",0,200,True
CHK_0122_01,DOC_FIR_0122,1,"MUMBAI POLICE DEPARTMENT - FIRST INFORMATION REPORT (SYNTHETIC RECORD)
FIR No: CASE_2025_0122 | Station: Malad Police Station | Date: 2025-04-14
Investigating Officer: Inspector S. V. Kadam (Formal Te...",0,200,True
CHK_0123_01,DOC_FIR_0123,1,"MUMBAI POLICE DEPARTMENT - FIRST INFORMATION REPORT (SYNTHETIC RECORD)
FIR No: CASE_2025_0123 | Station: Malad Police Station | Date: 2025-04-14
Investigating Officer: Inspector S. V. Kadam (Formal Te...",0,200,True
CHK_0124_01,DOC_FIR_0124,1,"MUMBAI POLICE DEPARTMENT - FIRST INFORMATION REPORT (SYNTHETIC RECORD)
FIR No: CASE_2025_0124 | Station: Dharavi Police Station | Date: 2025-04-14
Investigating Officer: Inspector S. V. Kadam (Formal ...",0,200,True
CHK_0125_01,DOC_FIR_0125,1,"MUMBAI POLICE DEPARTMENT - FIRST INFORMATION REPORT (SYNTHETIC RECORD)
FIR No: CASE_2025_0125 | Station: Bandra Police Station | Date: 2025-04-14
Investigating Officer: Assistant Inspector A. B. Deshm...",0,200,True
CHK_0126_01,DOC_FIR_0126,1,"MUMBAI POLICE DEPARTMENT - FIRST INFORMATION REPORT (SYNTHETIC RECORD)
FIR No: CASE_2025_0126 | Station: Kurla Police Station | Date: 2025-04-14
Investigating Officer: Sub-Inspector R. P. Patil (Verbo...",0,200,True
CHK_0127_01,DOC_FIR_0127,1,"MUMBAI POLICE DEPARTMENT - FIRST INFORMATION REPORT (SYNTHETIC RECORD)
FIR No: CASE_2025_0127 | Station: Borivali Police Station | Date: 2025-04-15
Investigating Officer: Inspector S. V. Kadam (Formal...",0,200,True
CHK_0128_01,DOC_FIR_0128,1,"MUMBAI POLICE DEPARTMENT - FIRST INFORMATION REPORT (SYNTHETIC RECORD)
FIR No: CASE_2025_0128 | Station: Borivali Police Station | Date: 2025-04-15
Investigating Officer: Inspector S. V. Kadam (Formal...",0,200,True
CHK_0129_01,DOC_FIR_0129,1,"MUMBAI POLICE DEPARTMENT - FIRST INFORMATION REPORT (SYNTHETIC RECORD)
FIR No: CASE_2025_0129 | Station: Bandra Police Station | Date: 2025-04-16
Investigating Officer: Sub-Inspector R. P. Patil (Verb...",0,200,True
CHK_0130_01,DOC_FIR_0130,1,"MUMBAI POLICE DEPARTMENT - FIRST INFORMATION REPORT (SYNTHETIC RECORD)
FIR No: CASE_2025_0130 | Station: Borivali Police Station | Date: 2025-04-17
Investigating Officer: Assistant Inspector A. B. Des...",0,200,True
CHK_0131_01,DOC_FIR_0131,1,"MUMBAI POLICE DEPARTMENT - FIRST INFORMATION REPORT (SYNTHETIC RECORD)
FIR No: CASE_2025_0131 | Station: Juhu Police Station | Date: 2025-04-17
Investigating Officer: Sub-Inspector R. P. Patil (Verbos...",0,200,True
CHK_0132_01,DOC_FIR_0132,1,"MUMBAI POLICE DEPARTMENT - FIRST INFORMATION REPORT (SYNTHETIC RECORD)
FIR No: CASE_2025_0132 | Station: Byculla Police Station | Date: 2025-04-18
Investigating Officer: Assistant Inspector A. B. Desh...",0,200,True
CHK_0133_01,DOC_FIR_0133,1,"MUMBAI POLICE DEPARTMENT - FIRST INFORMATION REPORT (SYNTHETIC RECORD)
FIR No: CASE_2025_0133 | Station: Kurla Police Station | Date: 2025-04-18
Investigating Officer: Sub-Inspector R. P. Patil (Verbo...",0,200,True
CHK_0134_01,DOC_FIR_0134,1,"MUMBAI POLICE DEPARTMENT - FIRST INFORMATION REPORT (SYNTHETIC RECORD)
FIR No: CASE_2025_0134 | Station: Dharavi Police Station | Date: 2025-04-18
Investigating Officer: Assistant Inspector A. B. Desh...",0,200,True
CHK_0135_01,DOC_FIR_0135,1,"MUMBAI POLICE DEPARTMENT - FIRST INFORMATION REPORT (SYNTHETIC RECORD)
FIR No: CASE_2025_0135 | Station: Andheri Police Station | Date: 2025-04-18
Investigating Officer: Sub-Inspector R. P. Patil (Ver...",0,200,True
CHK_0136_01,DOC_FIR_0136,1,"MUMBAI POLICE DEPARTMENT - FIRST INFORMATION REPORT (SYNTHETIC RECORD)
FIR No: CASE_2025_0136 | Station: Bandra Police Station | Date: 2025-04-19
Investigating Officer: Inspector S. V. Kadam (Formal T...",0,200,True
CHK_0137_01,DOC_FIR_0137,1,"MUMBAI POLICE DEPARTMENT - FIRST INFORMATION REPORT (SYNTHETIC RECORD)
FIR No: CASE_2025_0137 | Station: Borivali Police Station | Date: 2025-04-20
Investigating Officer: Assistant Inspector A. B. Des...",0,200,True
CHK_0138_01,DOC_FIR_0138,1,"MUMBAI POLICE DEPARTMENT - FIRST INFORMATION REPORT (SYNTHETIC RECORD)
FIR No: CASE_2025_0138 | Station: Bandra Police Station | Date: 2025-04-20
Investigating Officer: Assistant Inspector A. B. Deshm...",0,200,True
CHK_0139_01,DOC_FIR_0139,1,"MUMBAI POLICE DEPARTMENT - FIRST INFORMATION REPORT (SYNTHETIC RECORD)
FIR No: CASE_2025_0139 | Station: Malad Police Station | Date: 2025-04-20
Investigating Officer: Sub-Inspector R. P. Patil (Verbo...",0,200,True
CHK_0140_01,DOC_FIR_0140,1,"MUMBAI POLICE DEPARTMENT - FIRST INFORMATION REPORT (SYNTHETIC RECORD)
FIR No: CASE_2025_0140 | Station: Juhu Police Station | Date: 2025-04-21
Investigating Officer: Inspector S. V. Kadam (Formal Ter...",0,200,True
CHK_0141_01,DOC_FIR_0141,1,"MUMBAI POLICE DEPARTMENT - FIRST INFORMATION REPORT (SYNTHETIC RECORD)
FIR No: CASE_2025_0141 | Station: Juhu Police Station | Date: 2025-04-21
Investigating Officer: Sub-Inspector R. P. Patil (Verbos...",0,200,True
CHK_0142_01,DOC_FIR_0142,1,"MUMBAI POLICE DEPARTMENT - FIRST INFORMATION REPORT (SYNTHETIC RECORD)
FIR No: CASE_2025_0142 | Station: Ghatkopar Police Station | Date: 2025-04-22
Investigating Officer: Assistant Inspector A. B. De...",0,200,True
CHK_0143_01,DOC_FIR_0143,1,"MUMBAI POLICE DEPARTMENT - FIRST INFORMATION REPORT (SYNTHETIC RECORD)
FIR No: CASE_2025_0143 | Station: Andheri Police Station | Date: 2025-04-22
Investigating Officer: Assistant Inspector A. B. Desh...",0,200,True
CHK_0144_01,DOC_FIR_0144,1,"MUMBAI POLICE DEPARTMENT - FIRST INFORMATION REPORT (SYNTHETIC RECORD)
FIR No: CASE_2025_0144 | Station: Byculla Police Station | Date: 2025-04-22
Investigating Officer: Assistant Inspector A. B. Desh...",0,200,True
CHK_0145_01,DOC_FIR_0145,1,"MUMBAI POLICE DEPARTMENT - FIRST INFORMATION REPORT (SYNTHETIC RECORD)
FIR No: CASE_2025_0145 | Station: Byculla Police Station | Date: 2025-04-22
Investigating Officer: Assistant Inspector A. B. Desh...",0,200,True
CHK_0146_01,DOC_FIR_0146,1,"MUMBAI POLICE DEPARTMENT - FIRST INFORMATION REPORT (SYNTHETIC RECORD)
FIR No: CASE_2025_0146 | Station: Byculla Police Station | Date: 2025-04-22
Investigating Officer: Inspector S. V. Kadam (Formal ...",0,200,True
CHK_0147_01,DOC_FIR_0147,1,"MUMBAI POLICE DEPARTMENT - FIRST INFORMATION REPORT (SYNTHETIC RECORD)
FIR No: CASE_2025_0147 | Station: Dharavi Police Station | Date: 2025-04-22
Investigating Officer: Sub-Inspector R. P. Patil (Ver...",0,200,True
CHK_0148_01,DOC_FIR_0148,1,"MUMBAI POLICE DEPARTMENT - FIRST INFORMATION REPORT (SYNTHETIC RECORD)
FIR No: CASE_2025_0148 | Station: Bandra Police Station | Date: 2025-04-23
Investigating Officer: Assistant Inspector A. B. Deshm...",0,200,True
CHK_0149_01,DOC_FIR_0149,1,"MUMBAI POLICE DEPARTMENT - FIRST INFORMATION REPORT (SYNTHETIC RECORD)
FIR No: CASE_2025_0149 | Station: Dharavi Police Station | Date: 2025-04-24
Investigating Officer: Sub-Inspector R. P. Patil (Ver...",0,200,True
CHK_0150_01,DOC_FIR_0150,1,"MUMBAI POLICE DEPARTMENT - FIRST INFORMATION REPORT (SYNTHETIC RECORD)
FIR No: CASE_2025_0150 | Station: Borivali Police Station | Date: 2025-04-24
Investigating Officer: Inspector S. V. Kadam (Formal...",0,200,True
CHK_0151_01,DOC_FIR_0151,1,"MUMBAI POLICE DEPARTMENT - FIRST INFORMATION REPORT (SYNTHETIC RECORD)
FIR No: CASE_2025_0151 | Station: Juhu Police Station | Date: 2025-04-25
Investigating Officer: Inspector S. V. Kadam (Formal Ter...",0,200,True
CHK_0152_01,DOC_FIR_0152,1,"MUMBAI POLICE DEPARTMENT - FIRST INFORMATION REPORT (SYNTHETIC RECORD)
FIR No: CASE_2025_0152 | Station: Byculla Police Station | Date: 2025-04-25
Investigating Officer: Sub-Inspector R. P. Patil (Ver...",0,200,True
CHK_0153_01,DOC_FIR_0153,1,"MUMBAI POLICE DEPARTMENT - FIRST INFORMATION REPORT (SYNTHETIC RECORD)
FIR No: CASE_2025_0153 | Station: Ghatkopar Police Station | Date: 2025-04-25
Investigating Officer: Sub-Inspector R. P. Patil (V...",0,200,True
CHK_0154_01,DOC_FIR_0154,1,"MUMBAI POLICE DEPARTMENT - FIRST INFORMATION REPORT (SYNTHETIC RECORD)
FIR No: CASE_2025_0154 | Station: Colaba Police Station | Date: 2025-04-27
Investigating Officer: Inspector S. V. Kadam (Formal T...",0,200,True
CHK_0155_01,DOC_FIR_0155,1,"MUMBAI POLICE DEPARTMENT - FIRST INFORMATION REPORT (SYNTHETIC RECORD)
FIR No: CASE_2025_0155 | Station: Worli Police Station | Date: 2025-04-28
Investigating Officer: Sub-Inspector R. P. Patil (Verbo...",0,200,True
CHK_0156_01,DOC_FIR_0156,1,"MUMBAI POLICE DEPARTMENT - FIRST INFORMATION REPORT (SYNTHETIC RECORD)
FIR No: CASE_2025_0156 | Station: Colaba Police Station | Date: 2025-04-28
Investigating Officer: Sub-Inspector R. P. Patil (Verb...",0,200,True
CHK_0157_01,DOC_FIR_0157,1,"MUMBAI POLICE DEPARTMENT - FIRST INFORMATION REPORT (SYNTHETIC RECORD)
FIR No: CASE_2025_0157 | Station: Dharavi Police Station | Date: 2025-04-28
Investigating Officer: Assistant Inspector A. B. Desh...",0,200,True
CHK_0158_01,DOC_FIR_0158,1,"MUMBAI POLICE DEPARTMENT - FIRST INFORMATION REPORT (SYNTHETIC RECORD)
FIR No: CASE_2025_0158 | Station: Dharavi Police Station | Date: 2025-04-28
Investigating Officer: Assistant Inspector A. B. Desh...",0,200,True
CHK_0159_01,DOC_FIR_0159,1,"MUMBAI POLICE DEPARTMENT - FIRST INFORMATION REPORT (SYNTHETIC RECORD)
FIR No: CASE_2025_0159 | Station: Malad Police Station | Date: 2025-04-30
Investigating Officer: Assistant Inspector A. B. Deshmu...",0,200,True
CHK_0160_01,DOC_FIR_0160,1,"MUMBAI POLICE DEPARTMENT - FIRST INFORMATION REPORT (SYNTHETIC RECORD)
FIR No: CASE_2025_0160 | Station: Malad Police Station | Date: 2025-04-30
Investigating Officer: Inspector S. V. Kadam (Formal Te...",0,200,True
CHK_0161_01,DOC_FIR_0161,1,"MUMBAI POLICE DEPARTMENT - FIRST INFORMATION REPORT (SYNTHETIC RECORD)
FIR No: CASE_2025_0161 | Station: Bandra Police Station | Date: 2025-05-01
Investigating Officer: Assistant Inspector A. B. Deshm...",0,200,True
CHK_0162_01,DOC_FIR_0162,1,"MUMBAI POLICE DEPARTMENT - FIRST INFORMATION REPORT (SYNTHETIC RECORD)
FIR No: CASE_2025_0162 | Station: Malad Police Station | Date: 2025-05-03
Investigating Officer: Inspector S. V. Kadam (Formal Te...",0,200,True
CHK_0163_01,DOC_FIR_0163,1,"MUMBAI POLICE DEPARTMENT - FIRST INFORMATION REPORT (SYNTHETIC RECORD)
FIR No: CASE_2025_0163 | Station: Juhu Police Station | Date: 2025-05-05
Investigating Officer: Assistant Inspector A. B. Deshmuk...",0,200,True
CHK_0164_01,DOC_FIR_0164,1,"MUMBAI POLICE DEPARTMENT - FIRST INFORMATION REPORT (SYNTHETIC RECORD)
FIR No: CASE_2025_0164 | Station: Dharavi Police Station | Date: 2025-05-05
Investigating Officer: Sub-Inspector R. P. Patil (Ver...",0,200,True
CHK_0165_01,DOC_FIR_0165,1,"MUMBAI POLICE DEPARTMENT - FIRST INFORMATION REPORT (SYNTHETIC RECORD)
FIR No: CASE_2025_0165 | Station: Colaba Police Station | Date: 2025-05-07
Investigating Officer: Sub-Inspector R. P. Patil (Verb...",0,200,True
CHK_0166_01,DOC_FIR_0166,1,"MUMBAI POLICE DEPARTMENT - FIRST INFORMATION REPORT (SYNTHETIC RECORD)
FIR No: CASE_2025_0166 | Station: Colaba Police Station | Date: 2025-05-09
Investigating Officer: Sub-Inspector R. P. Patil (Verb...",0,200,True
CHK_0167_01,DOC_FIR_0167,1,"MUMBAI POLICE DEPARTMENT - FIRST INFORMATION REPORT (SYNTHETIC RECORD)
FIR No: CASE_2025_0167 | Station: Byculla Police Station | Date: 2025-05-09
Investigating Officer: Inspector S. V. Kadam (Formal ...",0,200,True
CHK_0168_01,DOC_FIR_0168,1,"MUMBAI POLICE DEPARTMENT - FIRST INFORMATION REPORT (SYNTHETIC RECORD)
FIR No: CASE_2025_0168 | Station: Bandra Police Station | Date: 2025-05-09
Investigating Officer: Sub-Inspector R. P. Patil (Verb...",0,200,True
CHK_0169_01,DOC_FIR_0169,1,"MUMBAI POLICE DEPARTMENT - FIRST INFORMATION REPORT (SYNTHETIC RECORD)
FIR No: CASE_2025_0169 | Station: Malad Police Station | Date: 2025-05-10
Investigating Officer: Sub-Inspector R. P. Patil (Verbo...",0,200,True
CHK_0170_01,DOC_FIR_0170,1,"MUMBAI POLICE DEPARTMENT - FIRST INFORMATION REPORT (SYNTHETIC RECORD)
FIR No: CASE_2025_0170 | Station: Chembur Police Station | Date: 2025-05-10
Investigating Officer: Inspector S. V. Kadam (Formal ...",0,200,True
CHK_0171_01,DOC_FIR_0171,1,"MUMBAI POLICE DEPARTMENT - FIRST INFORMATION REPORT (SYNTHETIC RECORD)
FIR No: CASE_2025_0171 | Station: Dharavi Police Station | Date: 2025-05-12
Investigating Officer: Inspector S. V. Kadam (Formal ...",0,200,True
CHK_0172_01,DOC_FIR_0172,1,"MUMBAI POLICE DEPARTMENT - FIRST INFORMATION REPORT (SYNTHETIC RECORD)
FIR No: CASE_2025_0172 | Station: Colaba Police Station | Date: 2025-05-12
Investigating Officer: Inspector S. V. Kadam (Formal T...",0,200,True
CHK_0173_01,DOC_FIR_0173,1,"MUMBAI POLICE DEPARTMENT - FIRST INFORMATION REPORT (SYNTHETIC RECORD)
FIR No: CASE_2025_0173 | Station: Juhu Police Station | Date: 2025-05-13
Investigating Officer: Sub-Inspector R. P. Patil (Verbos...",0,200,True
CHK_0174_01,DOC_FIR_0174,1,"MUMBAI POLICE DEPARTMENT - FIRST INFORMATION REPORT (SYNTHETIC RECORD)
FIR No: CASE_2025_0174 | Station: Byculla Police Station | Date: 2025-05-15
Investigating Officer: Assistant Inspector A. B. Desh...",0,200,True
CHK_0175_01,DOC_FIR_0175,1,"MUMBAI POLICE DEPARTMENT - FIRST INFORMATION REPORT (SYNTHETIC RECORD)
FIR No: CASE_2025_0175 | Station: Kurla Police Station | Date: 2025-05-15
Investigating Officer: Sub-Inspector R. P. Patil (Verbo...",0,200,True
CHK_0176_01,DOC_FIR_0176,1,"MUMBAI POLICE DEPARTMENT - FIRST INFORMATION REPORT (SYNTHETIC RECORD)
FIR No: CASE_2025_0176 | Station: Chembur Police Station | Date: 2025-05-16
Investigating Officer: Inspector S. V. Kadam (Formal ...",0,200,True
CHK_0177_01,DOC_FIR_0177,1,"MUMBAI POLICE DEPARTMENT - FIRST INFORMATION REPORT (SYNTHETIC RECORD)
FIR No: CASE_2025_0177 | Station: Colaba Police Station | Date: 2025-05-20
Investigating Officer: Sub-Inspector R. P. Patil (Verb...",0,200,True
CHK_0178_01,DOC_FIR_0178,1,"MUMBAI POLICE DEPARTMENT - FIRST INFORMATION REPORT (SYNTHETIC RECORD)
FIR No: CASE_2025_0178 | Station: Kurla Police Station | Date: 2025-05-22
Investigating Officer: Sub-Inspector R. P. Patil (Verbo...",0,200,True
CHK_0179_01,DOC_FIR_0179,1,"MUMBAI POLICE DEPARTMENT - FIRST INFORMATION REPORT (SYNTHETIC RECORD)
FIR No: CASE_2025_0179 | Station: Andheri Police Station | Date: 2025-05-23
Investigating Officer: Inspector S. V. Kadam (Formal ...",0,200,True
CHK_0180_01,DOC_FIR_0180,1,"MUMBAI POLICE DEPARTMENT - FIRST INFORMATION REPORT (SYNTHETIC RECORD)
FIR No: CASE_2025_0180 | Station: Colaba Police Station | Date: 2025-05-24
Investigating Officer: Assistant Inspector A. B. Deshm...",0,200,True
CHK_0181_01,DOC_FIR_0181,1,"MUMBAI POLICE DEPARTMENT - FIRST INFORMATION REPORT (SYNTHETIC RECORD)
FIR No: CASE_2025_0181 | Station: Worli Police Station | Date: 2025-05-24
Investigating Officer: Sub-Inspector R. P. Patil (Verbo...",0,200,True
CHK_0182_01,DOC_FIR_0182,1,"MUMBAI POLICE DEPARTMENT - FIRST INFORMATION REPORT (SYNTHETIC RECORD)
FIR No: CASE_2025_0182 | Station: Bandra Police Station | Date: 2025-05-25
Investigating Officer: Sub-Inspector R. P. Patil (Verb...",0,200,True
CHK_0183_01,DOC_FIR_0183,1,"MUMBAI POLICE DEPARTMENT - FIRST INFORMATION REPORT (SYNTHETIC RECORD)
FIR No: CASE_2025_0183 | Station: Byculla Police Station | Date: 2025-05-27
Investigating Officer: Assistant Inspector A. B. Desh...",0,200,True
CHK_0184_01,DOC_FIR_0184,1,"MUMBAI POLICE DEPARTMENT - FIRST INFORMATION REPORT (SYNTHETIC RECORD)
FIR No: CASE_2025_0184 | Station: Byculla Police Station | Date: 2025-05-28
Investigating Officer: Assistant Inspector A. B. Desh...",0,200,True
CHK_0185_01,DOC_FIR_0185,1,"MUMBAI POLICE DEPARTMENT - FIRST INFORMATION REPORT (SYNTHETIC RECORD)
FIR No: CASE_2025_0185 | Station: Colaba Police Station | Date: 2025-05-28
Investigating Officer: Inspector S. V. Kadam (Formal T...",0,200,True
CHK_0186_01,DOC_FIR_0186,1,"MUMBAI POLICE DEPARTMENT - FIRST INFORMATION REPORT (SYNTHETIC RECORD)
FIR No: CASE_2025_0186 | Station: Andheri Police Station | Date: 2025-05-31
Investigating Officer: Inspector S. V. Kadam (Formal ...",0,200,True
CHK_0187_01,DOC_FIR_0187,1,"MUMBAI POLICE DEPARTMENT - FIRST INFORMATION REPORT (SYNTHETIC RECORD)
FIR No: CASE_2025_0187 | Station: Andheri Police Station | Date: 2025-06-01
Investigating Officer: Inspector S. V. Kadam (Formal ...",0,200,True
CHK_0188_01,DOC_FIR_0188,1,"MUMBAI POLICE DEPARTMENT - FIRST INFORMATION REPORT (SYNTHETIC RECORD)
FIR No: CASE_2025_0188 | Station: Borivali Police Station | Date: 2025-06-04
Investigating Officer: Sub-Inspector R. P. Patil (Ve...",0,200,True
CHK_0189_01,DOC_FIR_0189,1,"MUMBAI POLICE DEPARTMENT - FIRST INFORMATION REPORT (SYNTHETIC RECORD)
FIR No: CASE_2025_0189 | Station: Chembur Police Station | Date: 2025-06-05
Investigating Officer: Sub-Inspector R. P. Patil (Ver...",0,200,True
CHK_0190_01,DOC_FIR_0190,1,"MUMBAI POLICE DEPARTMENT - FIRST INFORMATION REPORT (SYNTHETIC RECORD)
FIR No: CASE_2025_0190 | Station: Borivali Police Station | Date: 2025-06-05
Investigating Officer: Assistant Inspector A. B. Des...",0,200,True
CHK_0191_01,DOC_FIR_0191,1,"MUMBAI POLICE DEPARTMENT - FIRST INFORMATION REPORT (SYNTHETIC RECORD)
FIR No: CASE_2025_0191 | Station: Worli Police Station | Date: 2025-06-07
Investigating Officer: Assistant Inspector A. B. Deshmu...",0,200,True
CHK_0192_01,DOC_FIR_0192,1,"MUMBAI POLICE DEPARTMENT - FIRST INFORMATION REPORT (SYNTHETIC RECORD)
FIR No: CASE_2025_0192 | Station: Andheri Police Station | Date: 2025-06-07
Investigating Officer: Inspector S. V. Kadam (Formal ...",0,200,True
CHK_0193_01,DOC_FIR_0193,1,"MUMBAI POLICE DEPARTMENT - FIRST INFORMATION REPORT (SYNTHETIC RECORD)
FIR No: CASE_2025_0193 | Station: Worli Police Station | Date: 2025-06-09
Investigating Officer: Inspector S. V. Kadam (Formal Te...",0,200,True
CHK_0194_01,DOC_FIR_0194,1,"MUMBAI POLICE DEPARTMENT - FIRST INFORMATION REPORT (SYNTHETIC RECORD)
FIR No: CASE_2025_0194 | Station: Malad Police Station | Date: 2025-06-09
Investigating Officer: Assistant Inspector A. B. Deshmu...",0,200,True
CHK_0195_01,DOC_FIR_0195,1,"MUMBAI POLICE DEPARTMENT - FIRST INFORMATION REPORT (SYNTHETIC RECORD)
FIR No: CASE_2025_0195 | Station: Chembur Police Station | Date: 2025-06-11
Investigating Officer: Assistant Inspector A. B. Desh...",0,200,True
CHK_0196_01,DOC_FIR_0196,1,"MUMBAI POLICE DEPARTMENT - FIRST INFORMATION REPORT (SYNTHETIC RECORD)
FIR No: CASE_2025_0196 | Station: Kurla Police Station | Date: 2025-06-12
Investigating Officer: Sub-Inspector R. P. Patil (Verbo...",0,200,True
CHK_0197_01,DOC_FIR_0197,1,"MUMBAI POLICE DEPARTMENT - FIRST INFORMATION REPORT (SYNTHETIC RECORD)
FIR No: CASE_2025_0197 | Station: Bandra Police Station | Date: 2025-06-13
Investigating Officer: Assistant Inspector A. B. Deshm...",0,200,True
CHK_0198_01,DOC_FIR_0198,1,"MUMBAI POLICE DEPARTMENT - FIRST INFORMATION REPORT (SYNTHETIC RECORD)
FIR No: CASE_2025_0198 | Station: Borivali Police Station | Date: 2025-06-13
Investigating Officer: Sub-Inspector R. P. Patil (Ve...",0,200,True
CHK_0199_01,DOC_FIR_0199,1,"MUMBAI POLICE DEPARTMENT - FIRST INFORMATION REPORT (SYNTHETIC RECORD)
FIR No: CASE_2025_0199 | Station: Bandra Police Station | Date: 2025-06-15
Investigating Officer: Assistant Inspector A. B. Deshm...",0,200,True
CHK_0200_01,DOC_FIR_0200,1,"MUMBAI POLICE DEPARTMENT - FIRST INFORMATION REPORT (SYNTHETIC RECORD)
FIR No: CASE_2025_0200 | Station: Malad Police Station | Date: 2025-06-16
Investigating Officer: Sub-Inspector R. P. Patil (Verbo...",0,200,True
CHK_0201_01,DOC_FIR_0201,1,"MUMBAI POLICE DEPARTMENT - FIRST INFORMATION REPORT (SYNTHETIC RECORD)
FIR No: CASE_2025_0201 | Station: Worli Police Station | Date: 2025-06-17
Investigating Officer: Sub-Inspector R. P. Patil (Verbo...",0,200,True
CHK_0202_01,DOC_FIR_0202,1,"MUMBAI POLICE DEPARTMENT - FIRST INFORMATION REPORT (SYNTHETIC RECORD)
FIR No: CASE_2025_0202 | Station: Chembur Police Station | Date: 2025-06-18
Investigating Officer: Sub-Inspector R. P. Patil (Ver...",0,200,True
CHK_0203_01,DOC_FIR_0203,1,"MUMBAI POLICE DEPARTMENT - FIRST INFORMATION REPORT (SYNTHETIC RECORD)
FIR No: CASE_2025_0203 | Station: Dharavi Police Station | Date: 2025-06-18
Investigating Officer: Inspector S. V. Kadam (Formal ...",0,200,True
CHK_0204_01,DOC_FIR_0204,1,"MUMBAI POLICE DEPARTMENT - FIRST INFORMATION REPORT (SYNTHETIC RECORD)
FIR No: CASE_2025_0204 | Station: Byculla Police Station | Date: 2025-06-18
Investigating Officer: Sub-Inspector R. P. Patil (Ver...",0,200,True
CHK_0205_01,DOC_FIR_0205,1,"MUMBAI POLICE DEPARTMENT - FIRST INFORMATION REPORT (SYNTHETIC RECORD)
FIR No: CASE_2025_0205 | Station: Chembur Police Station | Date: 2025-06-18
Investigating Officer: Inspector S. V. Kadam (Formal ...",0,200,True
CHK_0206_01,DOC_FIR_0206,1,"MUMBAI POLICE DEPARTMENT - FIRST INFORMATION REPORT (SYNTHETIC RECORD)
FIR No: CASE_2025_0206 | Station: Borivali Police Station | Date: 2025-06-18
Investigating Officer: Sub-Inspector R. P. Patil (Ve...",0,200,True
CHK_0207_01,DOC_FIR_0207,1,"MUMBAI POLICE DEPARTMENT - FIRST INFORMATION REPORT (SYNTHETIC RECORD)
FIR No: CASE_2025_0207 | Station: Malad Police Station | Date: 2025-06-18
Investigating Officer: Inspector S. V. Kadam (Formal Te...",0,200,True
CHK_0208_01,DOC_FIR_0208,1,"MUMBAI POLICE DEPARTMENT - FIRST INFORMATION REPORT (SYNTHETIC RECORD)
FIR No: CASE_2025_0208 | Station: Andheri Police Station | Date: 2025-06-20
Investigating Officer: Inspector S. V. Kadam (Formal ...",0,200,True
CHK_0209_01,DOC_FIR_0209,1,"MUMBAI POLICE DEPARTMENT - FIRST INFORMATION REPORT (SYNTHETIC RECORD)
FIR No: CASE_2025_0209 | Station: Borivali Police Station | Date: 2025-06-21
Investigating Officer: Assistant Inspector A. B. Des...",0,200,True
CHK_0210_01,DOC_FIR_0210,1,"MUMBAI POLICE DEPARTMENT - FIRST INFORMATION REPORT (SYNTHETIC RECORD)
FIR No: CASE_2025_0210 | Station: Juhu Police Station | Date: 2025-06-22
Investigating Officer: Sub-Inspector R. P. Patil (Verbos...",0,200,True
CHK_0211_01,DOC_FIR_0211,1,"MUMBAI POLICE DEPARTMENT - FIRST INFORMATION REPORT (SYNTHETIC RECORD)
FIR No: CASE_2025_0211 | Station: Ghatkopar Police Station | Date: 2025-06-22
Investigating Officer: Assistant Inspector A. B. De...",0,200,True
CHK_0212_01,DOC_FIR_0212,1,"MUMBAI POLICE DEPARTMENT - FIRST INFORMATION REPORT (SYNTHETIC RECORD)
FIR No: CASE_2025_0212 | Station: Malad Police Station | Date: 2025-06-23
Investigating Officer: Sub-Inspector R. P. Patil (Verbo...",0,200,True
CHK_0213_01,DOC_FIR_0213,1,"MUMBAI POLICE DEPARTMENT - FIRST INFORMATION REPORT (SYNTHETIC RECORD)
FIR No: CASE_2025_0213 | Station: Chembur Police Station | Date: 2025-06-24
Investigating Officer: Inspector S. V. Kadam (Formal ...",0,200,True
CHK_0214_01,DOC_FIR_0214,1,"MUMBAI POLICE DEPARTMENT - FIRST INFORMATION REPORT (SYNTHETIC RECORD)
FIR No: CASE_2025_0214 | Station: Bandra Police Station | Date: 2025-06-25
Investigating Officer: Sub-Inspector R. P. Patil (Verb...",0,200,True
CHK_0215_01,DOC_FIR_0215,1,"MUMBAI POLICE DEPARTMENT - FIRST INFORMATION REPORT (SYNTHETIC RECORD)
FIR No: CASE_2025_0215 | Station: Byculla Police Station | Date: 2025-07-02
Investigating Officer: Assistant Inspector A. B. Desh...",0,200,True
CHK_0216_01,DOC_FIR_0216,1,"MUMBAI POLICE DEPARTMENT - FIRST INFORMATION REPORT (SYNTHETIC RECORD)
FIR No: CASE_2025_0216 | Station: Juhu Police Station | Date: 2025-07-02
Investigating Officer: Inspector S. V. Kadam (Formal Ter...",0,200,True
CHK_0217_01,DOC_FIR_0217,1,"MUMBAI POLICE DEPARTMENT - FIRST INFORMATION REPORT (SYNTHETIC RECORD)
FIR No: CASE_2025_0217 | Station: Kurla Police Station | Date: 2025-07-03
Investigating Officer: Assistant Inspector A. B. Deshmu...",0,200,True
CHK_0218_01,DOC_FIR_0218,1,"MUMBAI POLICE DEPARTMENT - FIRST INFORMATION REPORT (SYNTHETIC RECORD)
FIR No: CASE_2025_0218 | Station: Kurla Police Station | Date: 2025-07-04
Investigating Officer: Inspector S. V. Kadam (Formal Te...",0,200,True
CHK_0219_01,DOC_FIR_0219,1,"MUMBAI POLICE DEPARTMENT - FIRST INFORMATION REPORT (SYNTHETIC RECORD)
FIR No: CASE_2025_0219 | Station: Colaba Police Station | Date: 2025-07-04
Investigating Officer: Inspector S. V. Kadam (Formal T...",0,200,True
CHK_0220_01,DOC_FIR_0220,1,"MUMBAI POLICE DEPARTMENT - FIRST INFORMATION REPORT (SYNTHETIC RECORD)
FIR No: CASE_2025_0220 | Station: Ghatkopar Police Station | Date: 2025-07-04
Investigating Officer: Assistant Inspector A. B. De...",0,200,True
CHK_0221_01,DOC_FIR_0221,1,"MUMBAI POLICE DEPARTMENT - FIRST INFORMATION REPORT (SYNTHETIC RECORD)
FIR No: CASE_2025_0221 | Station: Bandra Police Station | Date: 2025-07-05
Investigating Officer: Sub-Inspector R. P. Patil (Verb...",0,200,True
CHK_0222_01,DOC_FIR_0222,1,"MUMBAI POLICE DEPARTMENT - FIRST INFORMATION REPORT (SYNTHETIC RECORD)
FIR No: CASE_2025_0222 | Station: Byculla Police Station | Date: 2025-07-07
Investigating Officer: Assistant Inspector A. B. Desh...",0,200,True
CHK_0223_01,DOC_FIR_0223,1,"MUMBAI POLICE DEPARTMENT - FIRST INFORMATION REPORT (SYNTHETIC RECORD)
FIR No: CASE_2025_0223 | Station: Chembur Police Station | Date: 2025-07-08
Investigating Officer: Assistant Inspector A. B. Desh...",0,200,True
CHK_0224_01,DOC_FIR_0224,1,"MUMBAI POLICE DEPARTMENT - FIRST INFORMATION REPORT (SYNTHETIC RECORD)
FIR No: CASE_2025_0224 | Station: Ghatkopar Police Station | Date: 2025-07-08
Investigating Officer: Sub-Inspector R. P. Patil (V...",0,200,True
CHK_0225_01,DOC_FIR_0225,1,"MUMBAI POLICE DEPARTMENT - FIRST INFORMATION REPORT (SYNTHETIC RECORD)
FIR No: CASE_2025_0225 | Station: Dharavi Police Station | Date: 2025-07-08
Investigating Officer: Assistant Inspector A. B. Desh...",0,200,True
CHK_0226_01,DOC_FIR_0226,1,"MUMBAI POLICE DEPARTMENT - FIRST INFORMATION REPORT (SYNTHETIC RECORD)
FIR No: CASE_2025_0226 | Station: Colaba Police Station | Date: 2025-07-11
Investigating Officer: Inspector S. V. Kadam (Formal T...",0,200,True
CHK_0227_01,DOC_FIR_0227,1,"MUMBAI POLICE DEPARTMENT - FIRST INFORMATION REPORT (SYNTHETIC RECORD)
FIR No: CASE_2025_0227 | Station: Worli Police Station | Date: 2025-07-11
Investigating Officer: Inspector S. V. Kadam (Formal Te...",0,200,True
CHK_0228_01,DOC_FIR_0228,1,"MUMBAI POLICE DEPARTMENT - FIRST INFORMATION REPORT (SYNTHETIC RECORD)
FIR No: CASE_2025_0228 | Station: Chembur Police Station | Date: 2025-07-13
Investigating Officer: Assistant Inspector A. B. Desh...",0,200,True
CHK_0229_01,DOC_FIR_0229,1,"MUMBAI POLICE DEPARTMENT - FIRST INFORMATION REPORT (SYNTHETIC RECORD)
FIR No: CASE_2025_0229 | Station: Colaba Police Station | Date: 2025-07-16
Investigating Officer: Assistant Inspector A. B. Deshm...",0,200,True
CHK_0230_01,DOC_FIR_0230,1,"MUMBAI POLICE DEPARTMENT - FIRST INFORMATION REPORT (SYNTHETIC RECORD)
FIR No: CASE_2025_0230 | Station: Bandra Police Station | Date: 2025-07-21
Investigating Officer: Sub-Inspector R. P. Patil (Verb...",0,200,True
CHK_0231_01,DOC_FIR_0231,1,"MUMBAI POLICE DEPARTMENT - FIRST INFORMATION REPORT (SYNTHETIC RECORD)
FIR No: CASE_2025_0231 | Station: Ghatkopar Police Station | Date: 2025-07-21
Investigating Officer: Assistant Inspector A. B. De...",0,200,True
CHK_0232_01,DOC_FIR_0232,1,"MUMBAI POLICE DEPARTMENT - FIRST INFORMATION REPORT (SYNTHETIC RECORD)
FIR No: CASE_2025_0232 | Station: Malad Police Station | Date: 2025-07-22
Investigating Officer: Assistant Inspector A. B. Deshmu...",0,200,True
CHK_0233_01,DOC_FIR_0233,1,"MUMBAI POLICE DEPARTMENT - FIRST INFORMATION REPORT (SYNTHETIC RECORD)
FIR No: CASE_2025_0233 | Station: Ghatkopar Police Station | Date: 2025-07-22
Investigating Officer: Assistant Inspector A. B. De...",0,200,True
CHK_0234_01,DOC_FIR_0234,1,"MUMBAI POLICE DEPARTMENT - FIRST INFORMATION REPORT (SYNTHETIC RECORD)
FIR No: CASE_2025_0234 | Station: Chembur Police Station | Date: 2025-07-27
Investigating Officer: Assistant Inspector A. B. Desh...",0,200,True
CHK_0235_01,DOC_FIR_0235,1,"MUMBAI POLICE DEPARTMENT - FIRST INFORMATION REPORT (SYNTHETIC RECORD)
FIR No: CASE_2025_0235 | Station: Malad Police Station | Date: 2025-07-29
Investigating Officer: Sub-Inspector R. P. Patil (Verbo...",0,200,True
CHK_0236_01,DOC_FIR_0236,1,"MUMBAI POLICE DEPARTMENT - FIRST INFORMATION REPORT (SYNTHETIC RECORD)
FIR No: CASE_2025_0236 | Station: Chembur Police Station | Date: 2025-08-02
Investigating Officer: Sub-Inspector R. P. Patil (Ver...",0,200,True
CHK_0237_01,DOC_FIR_0237,1,"MUMBAI POLICE DEPARTMENT - FIRST INFORMATION REPORT (SYNTHETIC RECORD)
FIR No: CASE_2025_0237 | Station: Andheri Police Station | Date: 2025-08-05
Investigating Officer: Inspector S. V. Kadam (Formal ...",0,200,True
CHK_0238_01,DOC_FIR_0238,1,"MUMBAI POLICE DEPARTMENT - FIRST INFORMATION REPORT (SYNTHETIC RECORD)
FIR No: CASE_2025_0238 | Station: Byculla Police Station | Date: 2025-08-07
Investigating Officer: Sub-Inspector R. P. Patil (Ver...",0,200,True
CHK_0239_01,DOC_FIR_0239,1,"MUMBAI POLICE DEPARTMENT - FIRST INFORMATION REPORT (SYNTHETIC RECORD)
FIR No: CASE_2025_0239 | Station: Malad Police Station | Date: 2025-08-19
Investigating Officer: Sub-Inspector R. P. Patil (Verbo...",0,200,True
CHK_0240_01,DOC_FIR_0240,1,"MUMBAI POLICE DEPARTMENT - FIRST INFORMATION REPORT (SYNTHETIC RECORD)
FIR No: CASE_2025_0240 | Station: Kurla Police Station | Date: 2025-08-23
Investigating Officer: Sub-Inspector R. P. Patil (Verbo...",0,200,True
CHK_0241_01,DOC_FIR_0241,1,"MUMBAI POLICE DEPARTMENT - FIRST INFORMATION REPORT (SYNTHETIC RECORD)
FIR No: CASE_2025_0241 | Station: Bandra Police Station | Date: 2025-09-01
Investigating Officer: Assistant Inspector A. B. Deshm...",0,200,True
CHK_0242_01,DOC_FIR_0242,1,"MUMBAI POLICE DEPARTMENT - FIRST INFORMATION REPORT (SYNTHETIC RECORD)
FIR No: CASE_2025_0242 | Station: Kurla Police Station | Date: 2025-09-01
Investigating Officer: Sub-Inspector R. P. Patil (Verbo...",0,200,True
CHK_0243_01,DOC_FIR_0243,1,"MUMBAI POLICE DEPARTMENT - FIRST INFORMATION REPORT (SYNTHETIC RECORD)
FIR No: CASE_2025_0243 | Station: Juhu Police Station | Date: 2025-09-03
Investigating Officer: Assistant Inspector A. B. Deshmuk...",0,200,True
CHK_0244_01,DOC_FIR_0244,1,"MUMBAI POLICE DEPARTMENT - FIRST INFORMATION REPORT (SYNTHETIC RECORD)
FIR No: CASE_2025_0244 | Station: Dharavi Police Station | Date: 2025-09-03
Investigating Officer: Inspector S. V. Kadam (Formal ...",0,200,True
CHK_0245_01,DOC_FIR_0245,1,"MUMBAI POLICE DEPARTMENT - FIRST INFORMATION REPORT (SYNTHETIC RECORD)
FIR No: CASE_2025_0245 | Station: Worli Police Station | Date: 2025-09-05
Investigating Officer: Assistant Inspector A. B. Deshmu...",0,200,True
CHK_0246_01,DOC_FIR_0246,1,"MUMBAI POLICE DEPARTMENT - FIRST INFORMATION REPORT (SYNTHETIC RECORD)
FIR No: CASE_2025_0246 | Station: Chembur Police Station | Date: 2025-09-05
Investigating Officer: Inspector S. V. Kadam (Formal ...",0,200,True
CHK_0247_01,DOC_FIR_0247,1,"MUMBAI POLICE DEPARTMENT - FIRST INFORMATION REPORT (SYNTHETIC RECORD)
FIR No: CASE_2025_0247 | Station: Worli Police Station | Date: 2025-09-06
Investigating Officer: Sub-Inspector R. P. Patil (Verbo...",0,200,True
CHK_0248_01,DOC_FIR_0248,1,"MUMBAI POLICE DEPARTMENT - FIRST INFORMATION REPORT (SYNTHETIC RECORD)
FIR No: CASE_2025_0248 | Station: Malad Police Station | Date: 2025-09-07
Investigating Officer: Sub-Inspector R. P. Patil (Verbo...",0,200,True
CHK_0249_01,DOC_FIR_0249,1,"MUMBAI POLICE DEPARTMENT - FIRST INFORMATION REPORT (SYNTHETIC RECORD)
FIR No: CASE_2025_0249 | Station: Colaba Police Station | Date: 2025-09-09
Investigating Officer: Inspector S. V. Kadam (Formal T...",0,200,True
CHK_0250_01,DOC_FIR_0250,1,"MUMBAI POLICE DEPARTMENT - FIRST INFORMATION REPORT (SYNTHETIC RECORD)
FIR No: CASE_2025_0250 | Station: Worli Police Station | Date: 2025-09-12
Investigating Officer: Sub-Inspector R. P. Patil (Verbo...",0,200,True
CHK_0251_01,DOC_FIR_0251,1,"MUMBAI POLICE DEPARTMENT - FIRST INFORMATION REPORT (SYNTHETIC RECORD)
FIR No: CASE_2025_0251 | Station: Borivali Police Station | Date: 2025-09-13
Investigating Officer: Assistant Inspector A. B. Des...",0,200,True
CHK_0252_01,DOC_FIR_0252,1,"MUMBAI POLICE DEPARTMENT - FIRST INFORMATION REPORT (SYNTHETIC RECORD)
FIR No: CASE_2025_0252 | Station: Borivali Police Station | Date: 2025-09-16
Investigating Officer: Sub-Inspector R. P. Patil (Ve...",0,200,True
CHK_0253_01,DOC_FIR_0253,1,"MUMBAI POLICE DEPARTMENT - FIRST INFORMATION REPORT (SYNTHETIC RECORD)
FIR No: CASE_2025_0253 | Station: Colaba Police Station | Date: 2025-09-18
Investigating Officer: Sub-Inspector R. P. Patil (Verb...",0,200,True
CHK_0254_01,DOC_FIR_0254,1,"MUMBAI POLICE DEPARTMENT - FIRST INFORMATION REPORT (SYNTHETIC RECORD)
FIR No: CASE_2025_0254 | Station: Worli Police Station | Date: 2025-09-22
Investigating Officer: Sub-Inspector R. P. Patil (Verbo...",0,200,True
CHK_0255_01,DOC_FIR_0255,1,"MUMBAI POLICE DEPARTMENT - FIRST INFORMATION REPORT (SYNTHETIC RECORD)
FIR No: CASE_2025_0255 | Station: Chembur Police Station | Date: 2025-09-23
Investigating Officer: Assistant Inspector A. B. Desh...",0,200,True
CHK_0256_01,DOC_FIR_0256,1,"MUMBAI POLICE DEPARTMENT - FIRST INFORMATION REPORT (SYNTHETIC RECORD)
FIR No: CASE_2025_0256 | Station: Borivali Police Station | Date: 2025-09-26
Investigating Officer: Inspector S. V. Kadam (Formal...",0,200,True
CHK_0257_01,DOC_FIR_0257,1,"MUMBAI POLICE DEPARTMENT - FIRST INFORMATION REPORT (SYNTHETIC RECORD)
FIR No: CASE_2025_0257 | Station: Kurla Police Station | Date: 2025-09-26
Investigating Officer: Sub-Inspector R. P. Patil (Verbo...",0,200,True
CHK_0258_01,DOC_FIR_0258,1,"MUMBAI POLICE DEPARTMENT - FIRST INFORMATION REPORT (SYNTHETIC RECORD)
FIR No: CASE_2025_0258 | Station: Ghatkopar Police Station | Date: 2025-09-27
Investigating Officer: Inspector S. V. Kadam (Forma...",0,200,True
CHK_0259_01,DOC_FIR_0259,1,"MUMBAI POLICE DEPARTMENT - FIRST INFORMATION REPORT (SYNTHETIC RECORD)
FIR No: CASE_2025_0259 | Station: Juhu Police Station | Date: 2025-09-28
Investigating Officer: Assistant Inspector A. B. Deshmuk...",0,200,True
CHK_0260_01,DOC_FIR_0260,1,"MUMBAI POLICE DEPARTMENT - FIRST INFORMATION REPORT (SYNTHETIC RECORD)
FIR No: CASE_2025_0260 | Station: Worli Police Station | Date: 2025-09-28
Investigating Officer: Assistant Inspector A. B. Deshmu...",0,200,True
CHK_0261_01,DOC_FIR_0261,1,"MUMBAI POLICE DEPARTMENT - FIRST INFORMATION REPORT (SYNTHETIC RECORD)
FIR No: CASE_2025_0261 | Station: Ghatkopar Police Station | Date: 2025-09-28
Investigating Officer: Inspector S. V. Kadam (Forma...",0,200,True
CHK_0262_01,DOC_FIR_0262,1,"MUMBAI POLICE DEPARTMENT - FIRST INFORMATION REPORT (SYNTHETIC RECORD)
FIR No: CASE_2025_0262 | Station: Malad Police Station | Date: 2025-10-01
Investigating Officer: Inspector S. V. Kadam (Formal Te...",0,200,True
CHK_0263_01,DOC_FIR_0263,1,"MUMBAI POLICE DEPARTMENT - FIRST INFORMATION REPORT (SYNTHETIC RECORD)
FIR No: CASE_2025_0263 | Station: Borivali Police Station | Date: 2025-10-02
Investigating Officer: Assistant Inspector A. B. Des...",0,200,True
CHK_0264_01,DOC_FIR_0264,1,"MUMBAI POLICE DEPARTMENT - FIRST INFORMATION REPORT (SYNTHETIC RECORD)
FIR No: CASE_2025_0264 | Station: Colaba Police Station | Date: 2025-10-03
Investigating Officer: Inspector S. V. Kadam (Formal T...",0,200,True
CHK_0265_01,DOC_FIR_0265,1,"MUMBAI POLICE DEPARTMENT - FIRST INFORMATION REPORT (SYNTHETIC RECORD)
FIR No: CASE_2025_0265 | Station: Worli Police Station | Date: 2025-10-06
Investigating Officer: Inspector S. V. Kadam (Formal Te...",0,200,True
CHK_0266_01,DOC_FIR_0266,1,"MUMBAI POLICE DEPARTMENT - FIRST INFORMATION REPORT (SYNTHETIC RECORD)
FIR No: CASE_2025_0266 | Station: Ghatkopar Police Station | Date: 2025-10-08
Investigating Officer: Inspector S. V. Kadam (Forma...",0,200,True
CHK_0267_01,DOC_FIR_0267,1,"MUMBAI POLICE DEPARTMENT - FIRST INFORMATION REPORT (SYNTHETIC RECORD)
FIR No: CASE_2025_0267 | Station: Andheri Police Station | Date: 2025-10-10
Investigating Officer: Sub-Inspector R. P. Patil (Ver...",0,200,True
CHK_0268_01,DOC_FIR_0268,1,"MUMBAI POLICE DEPARTMENT - FIRST INFORMATION REPORT (SYNTHETIC RECORD)
FIR No: CASE_2025_0268 | Station: Kurla Police Station | Date: 2025-10-10
Investigating Officer: Sub-Inspector R. P. Patil (Verbo...",0,200,True
CHK_0269_01,DOC_FIR_0269,1,"MUMBAI POLICE DEPARTMENT - FIRST INFORMATION REPORT (SYNTHETIC RECORD)
FIR No: CASE_2025_0269 | Station: Juhu Police Station | Date: 2025-10-12
Investigating Officer: Sub-Inspector R. P. Patil (Verbos...",0,200,True
CHK_0270_01,DOC_FIR_0270,1,"MUMBAI POLICE DEPARTMENT - FIRST INFORMATION REPORT (SYNTHETIC RECORD)
FIR No: CASE_2025_0270 | Station: Worli Police Station | Date: 2025-10-12
Investigating Officer: Sub-Inspector R. P. Patil (Verbo...",0,200,True
CHK_0271_01,DOC_FIR_0271,1,"MUMBAI POLICE DEPARTMENT - FIRST INFORMATION REPORT (SYNTHETIC RECORD)
FIR No: CASE_2025_0271 | Station: Bandra Police Station | Date: 2025-10-13
Investigating Officer: Sub-Inspector R. P. Patil (Verb...",0,200,True
CHK_0272_01,DOC_FIR_0272,1,"MUMBAI POLICE DEPARTMENT - FIRST INFORMATION REPORT (SYNTHETIC RECORD)
FIR No: CASE_2025_0272 | Station: Chembur Police Station | Date: 2025-10-13
Investigating Officer: Assistant Inspector A. B. Desh...",0,200,True
CHK_0273_01,DOC_FIR_0273,1,"MUMBAI POLICE DEPARTMENT - FIRST INFORMATION REPORT (SYNTHETIC RECORD)
FIR No: CASE_2025_0273 | Station: Juhu Police Station | Date: 2025-10-14
Investigating Officer: Inspector S. V. Kadam (Formal Ter...",0,200,True
CHK_0274_01,DOC_FIR_0274,1,"MUMBAI POLICE DEPARTMENT - FIRST INFORMATION REPORT (SYNTHETIC RECORD)
FIR No: CASE_2025_0274 | Station: Bandra Police Station | Date: 2025-10-16
Investigating Officer: Assistant Inspector A. B. Deshm...",0,200,True
CHK_0275_01,DOC_FIR_0275,1,"MUMBAI POLICE DEPARTMENT - FIRST INFORMATION REPORT (SYNTHETIC RECORD)
FIR No: CASE_2025_0275 | Station: Colaba Police Station | Date: 2025-10-19
Investigating Officer: Inspector S. V. Kadam (Formal T...",0,200,True
CHK_0276_01,DOC_FIR_0276,1,"MUMBAI POLICE DEPARTMENT - FIRST INFORMATION REPORT (SYNTHETIC RECORD)
FIR No: CASE_2025_0276 | Station: Colaba Police Station | Date: 2025-10-19
Investigating Officer: Assistant Inspector A. B. Deshm...",0,200,True
CHK_0277_01,DOC_FIR_0277,1,"MUMBAI POLICE DEPARTMENT - FIRST INFORMATION REPORT (SYNTHETIC RECORD)
FIR No: CASE_2025_0277 | Station: Kurla Police Station | Date: 2025-10-20
Investigating Officer: Inspector S. V. Kadam (Formal Te...",0,200,True
CHK_0278_01,DOC_FIR_0278,1,"MUMBAI POLICE DEPARTMENT - FIRST INFORMATION REPORT (SYNTHETIC RECORD)
FIR No: CASE_2025_0278 | Station: Byculla Police Station | Date: 2025-10-21
Investigating Officer: Inspector S. V. Kadam (Formal ...",0,200,True
CHK_0279_01,DOC_FIR_0279,1,"MUMBAI POLICE DEPARTMENT - FIRST INFORMATION REPORT (SYNTHETIC RECORD)
FIR No: CASE_2025_0279 | Station: Kurla Police Station | Date: 2025-10-21
Investigating Officer: Sub-Inspector R. P. Patil (Verbo...",0,200,True
CHK_0280_01,DOC_FIR_0280,1,"MUMBAI POLICE DEPARTMENT - FIRST INFORMATION REPORT (SYNTHETIC RECORD)
FIR No: CASE_2025_0280 | Station: Andheri Police Station | Date: 2025-10-21
Investigating Officer: Sub-Inspector R. P. Patil (Ver...",0,200,True
CHK_0281_01,DOC_FIR_0281,1,"MUMBAI POLICE DEPARTMENT - FIRST INFORMATION REPORT (SYNTHETIC RECORD)
FIR No: CASE_2025_0281 | Station: Borivali Police Station | Date: 2025-10-22
Investigating Officer: Assistant Inspector A. B. Des...",0,200,True
CHK_0282_01,DOC_FIR_0282,1,"MUMBAI POLICE DEPARTMENT - FIRST INFORMATION REPORT (SYNTHETIC RECORD)
FIR No: CASE_2025_0282 | Station: Chembur Police Station | Date: 2025-10-23
Investigating Officer: Inspector S. V. Kadam (Formal ...",0,200,True
CHK_0283_01,DOC_FIR_0283,1,"MUMBAI POLICE DEPARTMENT - FIRST INFORMATION REPORT (SYNTHETIC RECORD)
FIR No: CASE_2025_0283 | Station: Dharavi Police Station | Date: 2025-10-26
Investigating Officer: Sub-Inspector R. P. Patil (Ver...",0,200,True
CHK_0284_01,DOC_FIR_0284,1,"MUMBAI POLICE DEPARTMENT - FIRST INFORMATION REPORT (SYNTHETIC RECORD)
FIR No: CASE_2025_0284 | Station: Borivali Police Station | Date: 2025-10-26
Investigating Officer: Inspector S. V. Kadam (Formal...",0,200,True
CHK_0285_01,DOC_FIR_0285,1,"MUMBAI POLICE DEPARTMENT - FIRST INFORMATION REPORT (SYNTHETIC RECORD)
FIR No: CASE_2025_0285 | Station: Borivali Police Station | Date: 2025-10-27
Investigating Officer: Assistant Inspector A. B. Des...",0,200,True
CHK_0286_01,DOC_FIR_0286,1,"MUMBAI POLICE DEPARTMENT - FIRST INFORMATION REPORT (SYNTHETIC RECORD)
FIR No: CASE_2025_0286 | Station: Worli Police Station | Date: 2025-10-27
Investigating Officer: Assistant Inspector A. B. Deshmu...",0,200,True
CHK_0287_01,DOC_FIR_0287,1,"MUMBAI POLICE DEPARTMENT - FIRST INFORMATION REPORT (SYNTHETIC RECORD)
FIR No: CASE_2025_0287 | Station: Bandra Police Station | Date: 2025-10-27
Investigating Officer: Assistant Inspector A. B. Deshm...",0,200,True
CHK_0288_01,DOC_FIR_0288,1,"MUMBAI POLICE DEPARTMENT - FIRST INFORMATION REPORT (SYNTHETIC RECORD)
FIR No: CASE_2025_0288 | Station: Byculla Police Station | Date: 2025-10-28
Investigating Officer: Inspector S. V. Kadam (Formal ...",0,200,True
CHK_0289_01,DOC_FIR_0289,1,"MUMBAI POLICE DEPARTMENT - FIRST INFORMATION REPORT (SYNTHETIC RECORD)
FIR No: CASE_2025_0289 | Station: Chembur Police Station | Date: 2025-10-30
Investigating Officer: Sub-Inspector R. P. Patil (Ver...",0,200,True
CHK_0290_01,DOC_FIR_0290,1,"MUMBAI POLICE DEPARTMENT - FIRST INFORMATION REPORT (SYNTHETIC RECORD)
FIR No: CASE_2025_0290 | Station: Byculla Police Station | Date: 2025-10-30
Investigating Officer: Assistant Inspector A. B. Desh...",0,200,True
CHK_0291_01,DOC_FIR_0291,1,"MUMBAI POLICE DEPARTMENT - FIRST INFORMATION REPORT (SYNTHETIC RECORD)
FIR No: CASE_2025_0291 | Station: Bandra Police Station | Date: 2025-10-31
Investigating Officer: Assistant Inspector A. B. Deshm...",0,200,True
CHK_0292_01,DOC_FIR_0292,1,"MUMBAI POLICE DEPARTMENT - FIRST INFORMATION REPORT (SYNTHETIC RECORD)
FIR No: CASE_2025_0292 | Station: Colaba Police Station | Date: 2025-10-31
Investigating Officer: Sub-Inspector R. P. Patil (Verb...",0,200,True
CHK_0293_01,DOC_FIR_0293,1,"MUMBAI POLICE DEPARTMENT - FIRST INFORMATION REPORT (SYNTHETIC RECORD)
FIR No: CASE_2025_0293 | Station: Worli Police Station | Date: 2025-10-31
Investigating Officer: Assistant Inspector A. B. Deshmu...",0,200,True
CHK_0294_01,DOC_FIR_0294,1,"MUMBAI POLICE DEPARTMENT - FIRST INFORMATION REPORT (SYNTHETIC RECORD)
FIR No: CASE_2025_0294 | Station: Bandra Police Station | Date: 2025-11-01
Investigating Officer: Assistant Inspector A. B. Deshm...",0,200,True
CHK_0295_01,DOC_FIR_0295,1,"MUMBAI POLICE DEPARTMENT - FIRST INFORMATION REPORT (SYNTHETIC RECORD)
FIR No: CASE_2025_0295 | Station: Juhu Police Station | Date: 2025-11-06
Investigating Officer: Inspector S. V. Kadam (Formal Ter...",0,200,True
CHK_0296_01,DOC_FIR_0296,1,"MUMBAI POLICE DEPARTMENT - FIRST INFORMATION REPORT (SYNTHETIC RECORD)
FIR No: CASE_2025_0296 | Station: Worli Police Station | Date: 2025-11-07
Investigating Officer: Sub-Inspector R. P. Patil (Verbo...",0,200,True
CHK_0297_01,DOC_FIR_0297,1,"MUMBAI POLICE DEPARTMENT - FIRST INFORMATION REPORT (SYNTHETIC RECORD)
FIR No: CASE_2025_0297 | Station: Worli Police Station | Date: 2025-11-09
Investigating Officer: Sub-Inspector R. P. Patil (Verbo...",0,200,True
CHK_0298_01,DOC_FIR_0298,1,"MUMBAI POLICE DEPARTMENT - FIRST INFORMATION REPORT (SYNTHETIC RECORD)
FIR No: CASE_2025_0298 | Station: Ghatkopar Police Station | Date: 2025-11-12
Investigating Officer: Assistant Inspector A. B. De...",0,200,True
CHK_0299_01,DOC_FIR_0299,1,"MUMBAI POLICE DEPARTMENT - FIRST INFORMATION REPORT (SYNTHETIC RECORD)
FIR No: CASE_2025_0299 | Station: Worli Police Station | Date: 2025-11-14
Investigating Officer: Inspector S. V. Kadam (Formal Te...",0,200,True
CHK_0300_01,DOC_FIR_0300,1,"MUMBAI POLICE DEPARTMENT - FIRST INFORMATION REPORT (SYNTHETIC RECORD)
FIR No: CASE_2025_0300 | Station: Malad Police Station | Date: 2025-11-14
Investigating Officer: Assistant Inspector A. B. Deshmu...",0,200,True
CHK_0301_01,DOC_FIR_0301,1,"MUMBAI POLICE DEPARTMENT - FIRST INFORMATION REPORT (SYNTHETIC RECORD)
FIR No: CASE_2025_0301 | Station: Borivali Police Station | Date: 2025-11-15
Investigating Officer: Assistant Inspector A. B. Des...",0,200,True
CHK_0302_01,DOC_FIR_0302,1,"MUMBAI POLICE DEPARTMENT - FIRST INFORMATION REPORT (SYNTHETIC RECORD)
FIR No: CASE_2025_0302 | Station: Ghatkopar Police Station | Date: 2025-11-19
Investigating Officer: Sub-Inspector R. P. Patil (V...",0,200,True
CHK_0303_01,DOC_FIR_0303,1,"MUMBAI POLICE DEPARTMENT - FIRST INFORMATION REPORT (SYNTHETIC RECORD)
FIR No: CASE_2025_0303 | Station: Chembur Police Station | Date: 2025-11-20
Investigating Officer: Assistant Inspector A. B. Desh...",0,200,True
CHK_0304_01,DOC_FIR_0304,1,"MUMBAI POLICE DEPARTMENT - FIRST INFORMATION REPORT (SYNTHETIC RECORD)
FIR No: CASE_2025_0304 | Station: Juhu Police Station | Date: 2025-11-20
Investigating Officer: Inspector S. V. Kadam (Formal Ter...",0,200,True
CHK_0305_01,DOC_FIR_0305,1,"MUMBAI POLICE DEPARTMENT - FIRST INFORMATION REPORT (SYNTHETIC RECORD)
FIR No: CASE_2025_0305 | Station: Bandra Police Station | Date: 2025-11-21
Investigating Officer: Sub-Inspector R. P. Patil (Verb...",0,200,True
CHK_0306_01,DOC_FIR_0306,1,"MUMBAI POLICE DEPARTMENT - FIRST INFORMATION REPORT (SYNTHETIC RECORD)
FIR No: CASE_2025_0306 | Station: Kurla Police Station | Date: 2025-11-23
Investigating Officer: Sub-Inspector R. P. Patil (Verbo...",0,200,True
CHK_0307_01,DOC_FIR_0307,1,"MUMBAI POLICE DEPARTMENT - FIRST INFORMATION REPORT (SYNTHETIC RECORD)
FIR No: CASE_2025_0307 | Station: Borivali Police Station | Date: 2025-11-23
Investigating Officer: Assistant Inspector A. B. Des...",0,200,True
CHK_0308_01,DOC_FIR_0308,1,"MUMBAI POLICE DEPARTMENT - FIRST INFORMATION REPORT (SYNTHETIC RECORD)
FIR No: CASE_2025_0308 | Station: Juhu Police Station | Date: 2025-11-23
Investigating Officer: Inspector S. V. Kadam (Formal Ter...",0,200,True
CHK_0309_01,DOC_FIR_0309,1,"MUMBAI POLICE DEPARTMENT - FIRST INFORMATION REPORT (SYNTHETIC RECORD)
FIR No: CASE_2025_0309 | Station: Juhu Police Station | Date: 2025-11-24
Investigating Officer: Inspector S. V. Kadam (Formal Ter...",0,200,True
CHK_0310_01,DOC_FIR_0310,1,"MUMBAI POLICE DEPARTMENT - FIRST INFORMATION REPORT (SYNTHETIC RECORD)
FIR No: CASE_2025_0310 | Station: Kurla Police Station | Date: 2025-11-25
Investigating Officer: Sub-Inspector R. P. Patil (Verbo...",0,200,True
CHK_0311_01,DOC_FIR_0311,1,"MUMBAI POLICE DEPARTMENT - FIRST INFORMATION REPORT (SYNTHETIC RECORD)
FIR No: CASE_2025_0311 | Station: Andheri Police Station | Date: 2025-11-25
Investigating Officer: Sub-Inspector R. P. Patil (Ver...",0,200,True
CHK_0312_01,DOC_FIR_0312,1,"MUMBAI POLICE DEPARTMENT - FIRST INFORMATION REPORT (SYNTHETIC RECORD)
FIR No: CASE_2025_0312 | Station: Borivali Police Station | Date: 2025-11-30
Investigating Officer: Assistant Inspector A. B. Des...",0,200,True
CHK_0313_01,DOC_FIR_0313,1,"MUMBAI POLICE DEPARTMENT - FIRST INFORMATION REPORT (SYNTHETIC RECORD)
FIR No: CASE_2025_0313 | Station: Malad Police Station | Date: 2025-12-01
Investigating Officer: Inspector S. V. Kadam (Formal Te...",0,200,True
CHK_0314_01,DOC_FIR_0314,1,"MUMBAI POLICE DEPARTMENT - FIRST INFORMATION REPORT (SYNTHETIC RECORD)
FIR No: CASE_2025_0314 | Station: Kurla Police Station | Date: 2025-12-03
Investigating Officer: Inspector S. V. Kadam (Formal Te...",0,200,True
CHK_0315_01,DOC_FIR_0315,1,"MUMBAI POLICE DEPARTMENT - FIRST INFORMATION REPORT (SYNTHETIC RECORD)
FIR No: CASE_2025_0315 | Station: Chembur Police Station | Date: 2025-12-04
Investigating Officer: Sub-Inspector R. P. Patil (Ver...",0,200,True
CHK_0316_01,DOC_FIR_0316,1,"MUMBAI POLICE DEPARTMENT - FIRST INFORMATION REPORT (SYNTHETIC RECORD)
FIR No: CASE_2025_0316 | Station: Malad Police Station | Date: 2025-12-05
Investigating Officer: Inspector S. V. Kadam (Formal Te...",0,200,True
CHK_0317_01,DOC_FIR_0317,1,"MUMBAI POLICE DEPARTMENT - FIRST INFORMATION REPORT (SYNTHETIC RECORD)
FIR No: CASE_2025_0317 | Station: Ghatkopar Police Station | Date: 2025-12-05
Investigating Officer: Assistant Inspector A. B. De...",0,200,True
CHK_0318_01,DOC_FIR_0318,1,"MUMBAI POLICE DEPARTMENT - FIRST INFORMATION REPORT (SYNTHETIC RECORD)
FIR No: CASE_2025_0318 | Station: Ghatkopar Police Station | Date: 2025-12-10
Investigating Officer: Sub-Inspector R. P. Patil (V...",0,200,True
CHK_0319_01,DOC_FIR_0319,1,"MUMBAI POLICE DEPARTMENT - FIRST INFORMATION REPORT (SYNTHETIC RECORD)
FIR No: CASE_2025_0319 | Station: Colaba Police Station | Date: 2025-12-11
Investigating Officer: Inspector S. V. Kadam (Formal T...",0,200,True
CHK_0320_01,DOC_FIR_0320,1,"MUMBAI POLICE DEPARTMENT - FIRST INFORMATION REPORT (SYNTHETIC RECORD)
FIR No: CASE_2025_0320 | Station: Kurla Police Station | Date: 2025-12-14
Investigating Officer: Sub-Inspector R. P. Patil (Verbo...",0,200,True
CHK_0321_01,DOC_FIR_0321,1,"MUMBAI POLICE DEPARTMENT - FIRST INFORMATION REPORT (SYNTHETIC RECORD)
FIR No: CASE_2025_0321 | Station: Kurla Police Station | Date: 2025-12-15
Investigating Officer: Sub-Inspector R. P. Patil (Verbo...",0,200,True
CHK_0322_01,DOC_FIR_0322,1,"MUMBAI POLICE DEPARTMENT - FIRST INFORMATION REPORT (SYNTHETIC RECORD)
FIR No: CASE_2025_0322 | Station: Borivali Police Station | Date: 2025-12-15
Investigating Officer: Sub-Inspector R. P. Patil (Ve...",0,200,True
CHK_0323_01,DOC_FIR_0323,1,"MUMBAI POLICE DEPARTMENT - FIRST INFORMATION REPORT (SYNTHETIC RECORD)
FIR No: CASE_2025_0323 | Station: Malad Police Station | Date: 2025-12-16
Investigating Officer: Assistant Inspector A. B. Deshmu...",0,200,True
CHK_0324_01,DOC_FIR_0324,1,"MUMBAI POLICE DEPARTMENT - FIRST INFORMATION REPORT (SYNTHETIC RECORD)
FIR No: CASE_2025_0324 | Station: Worli Police Station | Date: 2025-12-19
Investigating Officer: Assistant Inspector A. B. Deshmu...",0,200,True
CHK_0325_01,DOC_FIR_0325,1,"MUMBAI POLICE DEPARTMENT - FIRST INFORMATION REPORT (SYNTHETIC RECORD)
FIR No: CASE_2025_0325 | Station: Juhu Police Station | Date: 2025-12-19
Investigating Officer: Sub-Inspector R. P. Patil (Verbos...",0,200,True
CHK_0326_01,DOC_FIR_0326,1,"MUMBAI POLICE DEPARTMENT - FIRST INFORMATION REPORT (SYNTHETIC RECORD)
FIR No: CASE_2025_0326 | Station: Ghatkopar Police Station | Date: 2025-12-19
Investigating Officer: Sub-Inspector R. P. Patil (V...",0,200,True
CHK_0327_01,DOC_FIR_0327,1,"MUMBAI POLICE DEPARTMENT - FIRST INFORMATION REPORT (SYNTHETIC RECORD)
FIR No: CASE_2025_0327 | Station: Andheri Police Station | Date: 2025-12-20
Investigating Officer: Inspector S. V. Kadam (Formal ...",0,200,True
CHK_0328_01,DOC_FIR_0328,1,"MUMBAI POLICE DEPARTMENT - FIRST INFORMATION REPORT (SYNTHETIC RECORD)
FIR No: CASE_2025_0328 | Station: Chembur Police Station | Date: 2025-12-20
Investigating Officer: Inspector S. V. Kadam (Formal ...",0,200,True
CHK_0329_01,DOC_FIR_0329,1,"MUMBAI POLICE DEPARTMENT - FIRST INFORMATION REPORT (SYNTHETIC RECORD)
FIR No: CASE_2025_0329 | Station: Bandra Police Station | Date: 2025-12-21
Investigating Officer: Assistant Inspector A. B. Deshm...",0,200,True
CHK_0330_01,DOC_FIR_0330,1,"MUMBAI POLICE DEPARTMENT - FIRST INFORMATION REPORT (SYNTHETIC RECORD)
FIR No: CASE_2025_0330 | Station: Chembur Police Station | Date: 2025-12-22
Investigating Officer: Inspector S. V. Kadam (Formal ...",0,200,True
CHK_0331_01,DOC_FIR_0331,1,"MUMBAI POLICE DEPARTMENT - FIRST INFORMATION REPORT (SYNTHETIC RECORD)
FIR No: CASE_2025_0331 | Station: Kurla Police Station | Date: 2025-12-23
Investigating Officer: Assistant Inspector A. B. Deshmu...",0,200,True
CHK_0332_01,DOC_FIR_0332,1,"MUMBAI POLICE DEPARTMENT - FIRST INFORMATION REPORT (SYNTHETIC RECORD)
FIR No: CASE_2025_0332 | Station: Andheri Police Station | Date: 2025-12-25
Investigating Officer: Assistant Inspector A. B. Desh...",0,200,True
CHK_0333_01,DOC_FIR_0333,1,"MUMBAI POLICE DEPARTMENT - FIRST INFORMATION REPORT (SYNTHETIC RECORD)
FIR No: CASE_2025_0333 | Station: Malad Police Station | Date: 2025-12-26
Investigating Officer: Assistant Inspector A. B. Deshmu...",0,200,True
CHK_0334_01,DOC_FIR_0334,1,"MUMBAI POLICE DEPARTMENT - FIRST INFORMATION REPORT (SYNTHETIC RECORD)
FIR No: CASE_2025_0334 | Station: Bandra Police Station | Date: 2025-12-27
Investigating Officer: Inspector S. V. Kadam (Formal T...",0,200,True
CHK_0335_01,DOC_FIR_0335,1,"MUMBAI POLICE DEPARTMENT - FIRST INFORMATION REPORT (SYNTHETIC RECORD)
FIR No: CASE_2025_0335 | Station: Kurla Police Station | Date: 2025-12-27
Investigating Officer: Sub-Inspector R. P. Patil (Verbo...",0,200,True
CHK_0336_01,DOC_FIR_0336,1,"MUMBAI POLICE DEPARTMENT - FIRST INFORMATION REPORT (SYNTHETIC RECORD)
FIR No: CASE_2025_0336 | Station: Andheri Police Station | Date: 2025-12-29
Investigating Officer: Inspector S. V. Kadam (Formal ...",0,200,True
CHK_0337_01,DOC_FIR_0337,1,"MUMBAI POLICE DEPARTMENT - FIRST INFORMATION REPORT (SYNTHETIC RECORD)
FIR No: CASE_2025_0337 | Station: Malad Police Station | Date: 2025-12-29
Investigating Officer: Inspector S. V. Kadam (Formal Te...",0,200,True
CHK_0338_01,DOC_FIR_0338,1,"MUMBAI POLICE DEPARTMENT - FIRST INFORMATION REPORT (SYNTHETIC RECORD)
FIR No: CASE_2025_0338 | Station: Colaba Police Station | Date: 2025-12-31
Investigating Officer: Inspector S. V. Kadam (Formal T...",0,200,True
CHK_0339_01,DOC_FIR_0339,1,"MUMBAI POLICE DEPARTMENT - FIRST INFORMATION REPORT (SYNTHETIC RECORD)
FIR No: CASE_2025_0339 | Station: Andheri Police Station | Date: 2025-12-31
Investigating Officer: Assistant Inspector A. B. Desh...",0,200,True
CHK_0340_01,DOC_FIR_0340,1,"MUMBAI POLICE DEPARTMENT - FIRST INFORMATION REPORT (SYNTHETIC RECORD)
FIR No: CASE_2025_0340 | Station: Byculla Police Station | Date: 2026-01-01
Investigating Officer: Sub-Inspector R. P. Patil (Ver...",0,200,True
CHK_0341_01,DOC_FIR_0341,1,"MUMBAI POLICE DEPARTMENT - FIRST INFORMATION REPORT (SYNTHETIC RECORD)
FIR No: CASE_2025_0341 | Station: Colaba Police Station | Date: 2026-01-03
Investigating Officer: Assistant Inspector A. B. Deshm...",0,200,True
CHK_0342_01,DOC_FIR_0342,1,"MUMBAI POLICE DEPARTMENT - FIRST INFORMATION REPORT (SYNTHETIC RECORD)
FIR No: CASE_2025_0342 | Station: Ghatkopar Police Station | Date: 2026-01-05
Investigating Officer: Sub-Inspector R. P. Patil (V...",0,200,True
CHK_0343_01,DOC_FIR_0343,1,"MUMBAI POLICE DEPARTMENT - FIRST INFORMATION REPORT (SYNTHETIC RECORD)
FIR No: CASE_2025_0343 | Station: Juhu Police Station | Date: 2026-01-08
Investigating Officer: Inspector S. V. Kadam (Formal Ter...",0,200,True
CHK_0344_01,DOC_FIR_0344,1,"MUMBAI POLICE DEPARTMENT - FIRST INFORMATION REPORT (SYNTHETIC RECORD)
FIR No: CASE_2025_0344 | Station: Andheri Police Station | Date: 2026-01-09
Investigating Officer: Sub-Inspector R. P. Patil (Ver...",0,200,True
CHK_0345_01,DOC_FIR_0345,1,"MUMBAI POLICE DEPARTMENT - FIRST INFORMATION REPORT (SYNTHETIC RECORD)
FIR No: CASE_2025_0345 | Station: Bandra Police Station | Date: 2026-01-10
Investigating Officer: Sub-Inspector R. P. Patil (Verb...",0,200,True
CHK_0346_01,DOC_FIR_0346,1,"MUMBAI POLICE DEPARTMENT - FIRST INFORMATION REPORT (SYNTHETIC RECORD)
FIR No: CASE_2025_0346 | Station: Bandra Police Station | Date: 2026-01-10
Investigating Officer: Assistant Inspector A. B. Deshm...",0,200,True
CHK_0347_01,DOC_FIR_0347,1,"MUMBAI POLICE DEPARTMENT - FIRST INFORMATION REPORT (SYNTHETIC RECORD)
FIR No: CASE_2025_0347 | Station: Byculla Police Station | Date: 2026-01-11
Investigating Officer: Inspector S. V. Kadam (Formal ...",0,200,True
CHK_0348_01,DOC_FIR_0348,1,"MUMBAI POLICE DEPARTMENT - FIRST INFORMATION REPORT (SYNTHETIC RECORD)
FIR No: CASE_2025_0348 | Station: Dharavi Police Station | Date: 2026-01-13
Investigating Officer: Assistant Inspector A. B. Desh...",0,200,True
CHK_0349_01,DOC_FIR_0349,1,"MUMBAI POLICE DEPARTMENT - FIRST INFORMATION REPORT (SYNTHETIC RECORD)
FIR No: CASE_2025_0349 | Station: Bandra Police Station | Date: 2026-01-13
Investigating Officer: Inspector S. V. Kadam (Formal T...",0,200,True
CHK_0350_01,DOC_FIR_0350,1,"MUMBAI POLICE DEPARTMENT - FIRST INFORMATION REPORT (SYNTHETIC RECORD)
FIR No: CASE_2025_0350 | Station: Malad Police Station | Date: 2026-01-13
Investigating Officer: Sub-Inspector R. P. Patil (Verbo...",0,200,True
CHK_0351_01,DOC_FIR_0351,1,"MUMBAI POLICE DEPARTMENT - FIRST INFORMATION REPORT (SYNTHETIC RECORD)
FIR No: CASE_2025_0351 | Station: Borivali Police Station | Date: 2026-01-14
Investigating Officer: Assistant Inspector A. B. Des...",0,200,True
CHK_0352_01,DOC_FIR_0352,1,"MUMBAI POLICE DEPARTMENT - FIRST INFORMATION REPORT (SYNTHETIC RECORD)
FIR No: CASE_2025_0352 | Station: Malad Police Station | Date: 2026-01-18
Investigating Officer: Sub-Inspector R. P. Patil (Verbo...",0,200,True
CHK_0353_01,DOC_FIR_0353,1,"MUMBAI POLICE DEPARTMENT - FIRST INFORMATION REPORT (SYNTHETIC RECORD)
FIR No: CASE_2025_0353 | Station: Ghatkopar Police Station | Date: 2026-01-18
Investigating Officer: Sub-Inspector R. P. Patil (V...",0,200,True
CHK_0354_01,DOC_FIR_0354,1,"MUMBAI POLICE DEPARTMENT - FIRST INFORMATION REPORT (SYNTHETIC RECORD)
FIR No: CASE_2025_0354 | Station: Borivali Police Station | Date: 2026-01-19
Investigating Officer: Sub-Inspector R. P. Patil (Ve...",0,200,True
CHK_0355_01,DOC_FIR_0355,1,"MUMBAI POLICE DEPARTMENT - FIRST INFORMATION REPORT (SYNTHETIC RECORD)
FIR No: CASE_2025_0355 | Station: Borivali Police Station | Date: 2026-01-22
Investigating Officer: Assistant Inspector A. B. Des...",0,200,True
CHK_0356_01,DOC_FIR_0356,1,"MUMBAI POLICE DEPARTMENT - FIRST INFORMATION REPORT (SYNTHETIC RECORD)
FIR No: CASE_2025_0356 | Station: Borivali Police Station | Date: 2026-01-22
Investigating Officer: Assistant Inspector A. B. Des...",0,200,True
CHK_0357_01,DOC_FIR_0357,1,"MUMBAI POLICE DEPARTMENT - FIRST INFORMATION REPORT (SYNTHETIC RECORD)
FIR No: CASE_2025_0357 | Station: Kurla Police Station | Date: 2026-01-24
Investigating Officer: Assistant Inspector A. B. Deshmu...",0,200,True
CHK_0358_01,DOC_FIR_0358,1,"MUMBAI POLICE DEPARTMENT - FIRST INFORMATION REPORT (SYNTHETIC RECORD)
FIR No: CASE_2025_0358 | Station: Andheri Police Station | Date: 2026-01-25
Investigating Officer: Assistant Inspector A. B. Desh...",0,200,True
CHK_0359_01,DOC_FIR_0359,1,"MUMBAI POLICE DEPARTMENT - FIRST INFORMATION REPORT (SYNTHETIC RECORD)
FIR No: CASE_2025_0359 | Station: Dharavi Police Station | Date: 2026-01-26
Investigating Officer: Inspector S. V. Kadam (Formal ...",0,200,True
CHK_0360_01,DOC_FIR_0360,1,"MUMBAI POLICE DEPARTMENT - FIRST INFORMATION REPORT (SYNTHETIC RECORD)
FIR No: CASE_2025_0360 | Station: Malad Police Station | Date: 2026-01-26
Investigating Officer: Inspector S. V. Kadam (Formal Te...",0,200,True
CHK_0361_01,DOC_FIR_0361,1,"MUMBAI POLICE DEPARTMENT - FIRST INFORMATION REPORT (SYNTHETIC RECORD)
FIR No: CASE_2025_0361 | Station: Colaba Police Station | Date: 2026-01-26
Investigating Officer: Sub-Inspector R. P. Patil (Verb...",0,200,True
CHK_0362_01,DOC_FIR_0362,1,"MUMBAI POLICE DEPARTMENT - FIRST INFORMATION REPORT (SYNTHETIC RECORD)
FIR No: CASE_2025_0362 | Station: Chembur Police Station | Date: 2026-01-27
Investigating Officer: Assistant Inspector A. B. Desh...",0,200,True
CHK_0363_01,DOC_FIR_0363,1,"MUMBAI POLICE DEPARTMENT - FIRST INFORMATION REPORT (SYNTHETIC RECORD)
FIR No: CASE_2025_0363 | Station: Andheri Police Station | Date: 2026-01-29
Investigating Officer: Inspector S. V. Kadam (Formal ...",0,200,True
CHK_0364_01,DOC_FIR_0364,1,"MUMBAI POLICE DEPARTMENT - FIRST INFORMATION REPORT (SYNTHETIC RECORD)
FIR No: CASE_2025_0364 | Station: Andheri Police Station | Date: 2026-01-30
Investigating Officer: Assistant Inspector A. B. Desh...",0,200,True
CHK_0365_01,DOC_FIR_0365,1,"MUMBAI POLICE DEPARTMENT - FIRST INFORMATION REPORT (SYNTHETIC RECORD)
FIR No: CASE_2025_0365 | Station: Chembur Police Station | Date: 2026-01-31
Investigating Officer: Sub-Inspector R. P. Patil (Ver...",0,200,True
CHK_0366_01,DOC_FIR_0366,1,"MUMBAI POLICE DEPARTMENT - FIRST INFORMATION REPORT (SYNTHETIC RECORD)
FIR No: CASE_2025_0366 | Station: Byculla Police Station | Date: 2026-02-01
Investigating Officer: Inspector S. V. Kadam (Formal ...",0,200,True
CHK_0367_01,DOC_FIR_0367,1,"MUMBAI POLICE DEPARTMENT - FIRST INFORMATION REPORT (SYNTHETIC RECORD)
FIR No: CASE_2025_0367 | Station: Byculla Police Station | Date: 2026-02-02
Investigating Officer: Assistant Inspector A. B. Desh...",0,200,True
CHK_0368_01,DOC_FIR_0368,1,"MUMBAI POLICE DEPARTMENT - FIRST INFORMATION REPORT (SYNTHETIC RECORD)
FIR No: CASE_2025_0368 | Station: Kurla Police Station | Date: 2026-02-03
Investigating Officer: Sub-Inspector R. P. Patil (Verbo...",0,200,True
CHK_0369_01,DOC_FIR_0369,1,"MUMBAI POLICE DEPARTMENT - FIRST INFORMATION REPORT (SYNTHETIC RECORD)
FIR No: CASE_2025_0369 | Station: Malad Police Station | Date: 2026-02-03
Investigating Officer: Inspector S. V. Kadam (Formal Te...",0,200,True
CHK_0370_01,DOC_FIR_0370,1,"MUMBAI POLICE DEPARTMENT - FIRST INFORMATION REPORT (SYNTHETIC RECORD)
FIR No: CASE_2025_0370 | Station: Dharavi Police Station | Date: 2026-02-05
Investigating Officer: Sub-Inspector R. P. Patil (Ver...",0,200,True
CHK_0371_01,DOC_FIR_0371,1,"MUMBAI POLICE DEPARTMENT - FIRST INFORMATION REPORT (SYNTHETIC RECORD)
FIR No: CASE_2025_0371 | Station: Dharavi Police Station | Date: 2026-02-08
Investigating Officer: Inspector S. V. Kadam (Formal ...",0,200,True
CHK_0372_01,DOC_FIR_0372,1,"MUMBAI POLICE DEPARTMENT - FIRST INFORMATION REPORT (SYNTHETIC RECORD)
FIR No: CASE_2025_0372 | Station: Dharavi Police Station | Date: 2026-02-08
Investigating Officer: Sub-Inspector R. P. Patil (Ver...",0,200,True
CHK_0373_01,DOC_FIR_0373,1,"MUMBAI POLICE DEPARTMENT - FIRST INFORMATION REPORT (SYNTHETIC RECORD)
FIR No: CASE_2025_0373 | Station: Chembur Police Station | Date: 2026-02-09
Investigating Officer: Assistant Inspector A. B. Desh...",0,200,True
CHK_0374_01,DOC_FIR_0374,1,"MUMBAI POLICE DEPARTMENT - FIRST INFORMATION REPORT (SYNTHETIC RECORD)
FIR No: CASE_2025_0374 | Station: Ghatkopar Police Station | Date: 2026-02-10
Investigating Officer: Inspector S. V. Kadam (Forma...",0,200,True
CHK_0375_01,DOC_FIR_0375,1,"MUMBAI POLICE DEPARTMENT - FIRST INFORMATION REPORT (SYNTHETIC RECORD)
FIR No: CASE_2025_0375 | Station: Chembur Police Station | Date: 2026-02-11
Investigating Officer: Sub-Inspector R. P. Patil (Ver...",0,200,True
CHK_0376_01,DOC_FIR_0376,1,"MUMBAI POLICE DEPARTMENT - FIRST INFORMATION REPORT (SYNTHETIC RECORD)
FIR No: CASE_2025_0376 | Station: Worli Police Station | Date: 2026-02-12
Investigating Officer: Sub-Inspector R. P. Patil (Verbo...",0,200,True
CHK_0377_01,DOC_FIR_0377,1,"MUMBAI POLICE DEPARTMENT - FIRST INFORMATION REPORT (SYNTHETIC RECORD)
FIR No: CASE_2025_0377 | Station: Malad Police Station | Date: 2026-02-16
Investigating Officer: Sub-Inspector R. P. Patil (Verbo...",0,200,True
CHK_0378_01,DOC_FIR_0378,1,"MUMBAI POLICE DEPARTMENT - FIRST INFORMATION REPORT (SYNTHETIC RECORD)
FIR No: CASE_2025_0378 | Station: Bandra Police Station | Date: 2026-02-18
Investigating Officer: Assistant Inspector A. B. Deshm...",0,200,True
CHK_0379_01,DOC_FIR_0379,1,"MUMBAI POLICE DEPARTMENT - FIRST INFORMATION REPORT (SYNTHETIC RECORD)
FIR No: CASE_2025_0379 | Station: Worli Police Station | Date: 2026-02-19
Investigating Officer: Assistant Inspector A. B. Deshmu...",0,200,True
CHK_0380_01,DOC_FIR_0380,1,"MUMBAI POLICE DEPARTMENT - FIRST INFORMATION REPORT (SYNTHETIC RECORD)
FIR No: CASE_2025_0380 | Station: Borivali Police Station | Date: 2026-02-19
Investigating Officer: Sub-Inspector R. P. Patil (Ve...",0,200,True
CHK_0381_01,DOC_FIR_0381,1,"MUMBAI POLICE DEPARTMENT - FIRST INFORMATION REPORT (SYNTHETIC RECORD)
FIR No: CASE_2025_0381 | Station: Bandra Police Station | Date: 2026-02-19
Investigating Officer: Inspector S. V. Kadam (Formal T...",0,200,True
CHK_0382_01,DOC_FIR_0382,1,"MUMBAI POLICE DEPARTMENT - FIRST INFORMATION REPORT (SYNTHETIC RECORD)
FIR No: CASE_2025_0382 | Station: Borivali Police Station | Date: 2026-02-20
Investigating Officer: Assistant Inspector A. B. Des...",0,200,True
CHK_0383_01,DOC_FIR_0383,1,"MUMBAI POLICE DEPARTMENT - FIRST INFORMATION REPORT (SYNTHETIC RECORD)
FIR No: CASE_2025_0383 | Station: Byculla Police Station | Date: 2026-02-22
Investigating Officer: Sub-Inspector R. P. Patil (Ver...",0,200,True
CHK_0384_01,DOC_FIR_0384,1,"MUMBAI POLICE DEPARTMENT - FIRST INFORMATION REPORT (SYNTHETIC RECORD)
FIR No: CASE_2025_0384 | Station: Colaba Police Station | Date: 2026-02-23
Investigating Officer: Inspector S. V. Kadam (Formal T...",0,200,True
CHK_0385_01,DOC_FIR_0385,1,"MUMBAI POLICE DEPARTMENT - FIRST INFORMATION REPORT (SYNTHETIC RECORD)
FIR No: CASE_2025_0385 | Station: Malad Police Station | Date: 2026-02-24
Investigating Officer: Assistant Inspector A. B. Deshmu...",0,200,True
CHK_0386_01,DOC_FIR_0386,1,"MUMBAI POLICE DEPARTMENT - FIRST INFORMATION REPORT (SYNTHETIC RECORD)
FIR No: CASE_2025_0386 | Station: Andheri Police Station | Date: 2026-02-25
Investigating Officer: Inspector S. V. Kadam (Formal ...",0,200,True
CHK_0387_01,DOC_FIR_0387,1,"MUMBAI POLICE DEPARTMENT - FIRST INFORMATION REPORT (SYNTHETIC RECORD)
FIR No: CASE_2025_0387 | Station: Worli Police Station | Date: 2026-02-28
Investigating Officer: Assistant Inspector A. B. Deshmu...",0,200,True
CHK_0388_01,DOC_FIR_0388,1,"MUMBAI POLICE DEPARTMENT - FIRST INFORMATION REPORT (SYNTHETIC RECORD)
FIR No: CASE_2025_0388 | Station: Ghatkopar Police Station | Date: 2026-03-01
Investigating Officer: Inspector S. V. Kadam (Forma...",0,200,True
CHK_0389_01,DOC_FIR_0389,1,"MUMBAI POLICE DEPARTMENT - FIRST INFORMATION REPORT (SYNTHETIC RECORD)
FIR No: CASE_2025_0389 | Station: Juhu Police Station | Date: 2026-03-04
Investigating Officer: Sub-Inspector R. P. Patil (Verbos...",0,200,True
CHK_0390_01,DOC_FIR_0390,1,"MUMBAI POLICE DEPARTMENT - FIRST INFORMATION REPORT (SYNTHETIC RECORD)
FIR No: CASE_2025_0390 | Station: Juhu Police Station | Date: 2026-03-04
Investigating Officer: Assistant Inspector A. B. Deshmuk...",0,200,True
CHK_0391_01,DOC_FIR_0391,1,"MUMBAI POLICE DEPARTMENT - FIRST INFORMATION REPORT (SYNTHETIC RECORD)
FIR No: CASE_2025_0391 | Station: Dharavi Police Station | Date: 2026-03-04
Investigating Officer: Sub-Inspector R. P. Patil (Ver...",0,200,True
CHK_0392_01,DOC_FIR_0392,1,"MUMBAI POLICE DEPARTMENT - FIRST INFORMATION REPORT (SYNTHETIC RECORD)
FIR No: CASE_2025_0392 | Station: Chembur Police Station | Date: 2026-03-07
Investigating Officer: Sub-Inspector R. P. Patil (Ver...",0,200,True
CHK_0393_01,DOC_FIR_0393,1,"MUMBAI POLICE DEPARTMENT - FIRST INFORMATION REPORT (SYNTHETIC RECORD)
FIR No: CASE_2025_0393 | Station: Byculla Police Station | Date: 2026-03-07
Investigating Officer: Sub-Inspector R. P. Patil (Ver...",0,200,True
CHK_0394_01,DOC_FIR_0394,1,"MUMBAI POLICE DEPARTMENT - FIRST INFORMATION REPORT (SYNTHETIC RECORD)
FIR No: CASE_2025_0394 | Station: Malad Police Station | Date: 2026-03-09
Investigating Officer: Inspector S. V. Kadam (Formal Te...",0,200,True
CHK_0395_01,DOC_FIR_0395,1,"MUMBAI POLICE DEPARTMENT - FIRST INFORMATION REPORT (SYNTHETIC RECORD)
FIR No: CASE_2025_0395 | Station: Bandra Police Station | Date: 2026-03-10
Investigating Officer: Sub-Inspector R. P. Patil (Verb...",0,200,True
CHK_0396_01,DOC_FIR_0396,1,"MUMBAI POLICE DEPARTMENT - FIRST INFORMATION REPORT (SYNTHETIC RECORD)
FIR No: CASE_2025_0396 | Station: Juhu Police Station | Date: 2026-03-11
Investigating Officer: Inspector S. V. Kadam (Formal Ter...",0,200,True
CHK_0397_01,DOC_FIR_0397,1,"MUMBAI POLICE DEPARTMENT - FIRST INFORMATION REPORT (SYNTHETIC RECORD)
FIR No: CASE_2025_0397 | Station: Worli Police Station | Date: 2026-03-11
Investigating Officer: Assistant Inspector A. B. Deshmu...",0,200,True
CHK_0398_01,DOC_FIR_0398,1,"MUMBAI POLICE DEPARTMENT - FIRST INFORMATION REPORT (SYNTHETIC RECORD)
FIR No: CASE_2025_0398 | Station: Colaba Police Station | Date: 2026-03-13
Investigating Officer: Assistant Inspector A. B. Deshm...",0,200,True
CHK_0399_01,DOC_FIR_0399,1,"MUMBAI POLICE DEPARTMENT - FIRST INFORMATION REPORT (SYNTHETIC RECORD)
FIR No: CASE_2025_0399 | Station: Malad Police Station | Date: 2026-03-14
Investigating Officer: Sub-Inspector R. P. Patil (Verbo...",0,200,True
CHK_0400_01,DOC_FIR_0400,1,"MUMBAI POLICE DEPARTMENT - FIRST INFORMATION REPORT (SYNTHETIC RECORD)
FIR No: CASE_2025_0400 | Station: Colaba Police Station | Date: 2026-03-15
Investigating Officer: Inspector S. V. Kadam (Formal T...",0,200,True
CHK_0401_01,DOC_FIR_0401,1,"MUMBAI POLICE DEPARTMENT - FIRST INFORMATION REPORT (SYNTHETIC RECORD)
FIR No: CASE_2025_0401 | Station: Juhu Police Station | Date: 2026-03-15
Investigating Officer: Assistant Inspector A. B. Deshmuk...",0,200,True
CHK_0402_01,DOC_FIR_0402,1,"MUMBAI POLICE DEPARTMENT - FIRST INFORMATION REPORT (SYNTHETIC RECORD)
FIR No: CASE_2025_0402 | Station: Ghatkopar Police Station | Date: 2026-03-18
Investigating Officer: Assistant Inspector A. B. De...",0,200,True
CHK_0403_01,DOC_FIR_0403,1,"MUMBAI POLICE DEPARTMENT - FIRST INFORMATION REPORT (SYNTHETIC RECORD)
FIR No: CASE_2025_0403 | Station: Colaba Police Station | Date: 2026-03-18
Investigating Officer: Inspector S. V. Kadam (Formal T...",0,200,True
CHK_0404_01,DOC_FIR_0404,1,"MUMBAI POLICE DEPARTMENT - FIRST INFORMATION REPORT (SYNTHETIC RECORD)
FIR No: CASE_2025_0404 | Station: Malad Police Station | Date: 2026-03-18
Investigating Officer: Inspector S. V. Kadam (Formal Te...",0,200,True
CHK_0405_01,DOC_FIR_0405,1,"MUMBAI POLICE DEPARTMENT - FIRST INFORMATION REPORT (SYNTHETIC RECORD)
FIR No: CASE_2025_0405 | Station: Ghatkopar Police Station | Date: 2026-03-21
Investigating Officer: Assistant Inspector A. B. De...",0,200,True
CHK_0406_01,DOC_FIR_0406,1,"MUMBAI POLICE DEPARTMENT - FIRST INFORMATION REPORT (SYNTHETIC RECORD)
FIR No: CASE_2025_0406 | Station: Bandra Police Station | Date: 2026-03-22
Investigating Officer: Inspector S. V. Kadam (Formal T...",0,200,True
CHK_0407_01,DOC_FIR_0407,1,"MUMBAI POLICE DEPARTMENT - FIRST INFORMATION REPORT (SYNTHETIC RECORD)
FIR No: CASE_2025_0407 | Station: Borivali Police Station | Date: 2026-03-24
Investigating Officer: Inspector S. V. Kadam (Formal...",0,200,True
CHK_0408_01,DOC_FIR_0408,1,"MUMBAI POLICE DEPARTMENT - FIRST INFORMATION REPORT (SYNTHETIC RECORD)
FIR No: CASE_2025_0408 | Station: Dharavi Police Station | Date: 2026-03-24
Investigating Officer: Sub-Inspector R. P. Patil (Ver...",0,200,True
CHK_0409_01,DOC_FIR_0409,1,"MUMBAI POLICE DEPARTMENT - FIRST INFORMATION REPORT (SYNTHETIC RECORD)
FIR No: CASE_2025_0409 | Station: Colaba Police Station | Date: 2026-03-25
Investigating Officer: Assistant Inspector A. B. Deshm...",0,200,True
CHK_0410_01,DOC_FIR_0410,1,"MUMBAI POLICE DEPARTMENT - FIRST INFORMATION REPORT (SYNTHETIC RECORD)
FIR No: CASE_2025_0410 | Station: Bandra Police Station | Date: 2026-03-25
Investigating Officer: Inspector S. V. Kadam (Formal T...",0,200,True
CHK_0411_01,DOC_FIR_0411,1,"MUMBAI POLICE DEPARTMENT - FIRST INFORMATION REPORT (SYNTHETIC RECORD)
FIR No: CASE_2025_0411 | Station: Bandra Police Station | Date: 2026-03-30
Investigating Officer: Sub-Inspector R. P. Patil (Verb...",0,200,True
CHK_0412_01,DOC_FIR_0412,1,"MUMBAI POLICE DEPARTMENT - FIRST INFORMATION REPORT (SYNTHETIC RECORD)
FIR No: CASE_2025_0412 | Station: Byculla Police Station | Date: 2026-03-30
Investigating Officer: Inspector S. V. Kadam (Formal ...",0,200,True
CHK_0413_01,DOC_FIR_0413,1,"MUMBAI POLICE DEPARTMENT - FIRST INFORMATION REPORT (SYNTHETIC RECORD)
FIR No: CASE_2025_0413 | Station: Chembur Police Station | Date: 2026-03-31
Investigating Officer: Sub-Inspector R. P. Patil (Ver...",0,200,True
CHK_0414_01,DOC_FIR_0414,1,"MUMBAI POLICE DEPARTMENT - FIRST INFORMATION REPORT (SYNTHETIC RECORD)
FIR No: CASE_2025_0414 | Station: Chembur Police Station | Date: 2026-04-01
Investigating Officer: Sub-Inspector R. P. Patil (Ver...",0,200,True
CHK_0415_01,DOC_FIR_0415,1,"MUMBAI POLICE DEPARTMENT - FIRST INFORMATION REPORT (SYNTHETIC RECORD)
FIR No: CASE_2025_0415 | Station: Ghatkopar Police Station | Date: 2026-04-01
Investigating Officer: Sub-Inspector R. P. Patil (V...",0,200,True
CHK_0416_01,DOC_FIR_0416,1,"MUMBAI POLICE DEPARTMENT - FIRST INFORMATION REPORT (SYNTHETIC RECORD)
FIR No: CASE_2025_0416 | Station: Ghatkopar Police Station | Date: 2026-04-02
Investigating Officer: Assistant Inspector A. B. De...",0,200,True
CHK_0417_01,DOC_FIR_0417,1,"MUMBAI POLICE DEPARTMENT - FIRST INFORMATION REPORT (SYNTHETIC RECORD)
FIR No: CASE_2025_0417 | Station: Worli Police Station | Date: 2026-04-04
Investigating Officer: Inspector S. V. Kadam (Formal Te...",0,200,True
CHK_0418_01,DOC_FIR_0418,1,"MUMBAI POLICE DEPARTMENT - FIRST INFORMATION REPORT (SYNTHETIC RECORD)
FIR No: CASE_2025_0418 | Station: Malad Police Station | Date: 2026-04-04
Investigating Officer: Assistant Inspector A. B. Deshmu...",0,200,True
CHK_0419_01,DOC_FIR_0419,1,"MUMBAI POLICE DEPARTMENT - FIRST INFORMATION REPORT (SYNTHETIC RECORD)
FIR No: CASE_2025_0419 | Station: Bandra Police Station | Date: 2026-04-05
Investigating Officer: Sub-Inspector R. P. Patil (Verb...",0,200,True
CHK_0420_01,DOC_FIR_0420,1,"MUMBAI POLICE DEPARTMENT - FIRST INFORMATION REPORT (SYNTHETIC RECORD)
FIR No: CASE_2025_0420 | Station: Worli Police Station | Date: 2026-04-05
Investigating Officer: Sub-Inspector R. P. Patil (Verbo...",0,200,True
CHK_0421_01,DOC_FIR_0421,1,"MUMBAI POLICE DEPARTMENT - FIRST INFORMATION REPORT (SYNTHETIC RECORD)
FIR No: CASE_2025_0421 | Station: Malad Police Station | Date: 2026-04-06
Investigating Officer: Sub-Inspector R. P. Patil (Verbo...",0,200,True
CHK_0422_01,DOC_FIR_0422,1,"MUMBAI POLICE DEPARTMENT - FIRST INFORMATION REPORT (SYNTHETIC RECORD)
FIR No: CASE_2025_0422 | Station: Colaba Police Station | Date: 2026-04-08
Investigating Officer: Sub-Inspector R. P. Patil (Verb...",0,200,True
CHK_0423_01,DOC_FIR_0423,1,"MUMBAI POLICE DEPARTMENT - FIRST INFORMATION REPORT (SYNTHETIC RECORD)
FIR No: CASE_2025_0423 | Station: Andheri Police Station | Date: 2026-04-08
Investigating Officer: Assistant Inspector A. B. Desh...",0,200,True
CHK_0424_01,DOC_FIR_0424,1,"MUMBAI POLICE DEPARTMENT - FIRST INFORMATION REPORT (SYNTHETIC RECORD)
FIR No: CASE_2025_0424 | Station: Byculla Police Station | Date: 2026-04-08
Investigating Officer: Sub-Inspector R. P. Patil (Ver...",0,200,True
CHK_0425_01,DOC_FIR_0425,1,"MUMBAI POLICE DEPARTMENT - FIRST INFORMATION REPORT (SYNTHETIC RECORD)
FIR No: CASE_2025_0425 | Station: Dharavi Police Station | Date: 2026-04-09
Investigating Officer: Sub-Inspector R. P. Patil (Ver...",0,200,True
CHK_0426_01,DOC_FIR_0426,1,"MUMBAI POLICE DEPARTMENT - FIRST INFORMATION REPORT (SYNTHETIC RECORD)
FIR No: CASE_2025_0426 | Station: Ghatkopar Police Station | Date: 2026-04-09
Investigating Officer: Sub-Inspector R. P. Patil (V...",0,200,True
CHK_0427_01,DOC_FIR_0427,1,"MUMBAI POLICE DEPARTMENT - FIRST INFORMATION REPORT (SYNTHETIC RECORD)
FIR No: CASE_2025_0427 | Station: Malad Police Station | Date: 2026-04-09
Investigating Officer: Assistant Inspector A. B. Deshmu...",0,200,True
CHK_0428_01,DOC_FIR_0428,1,"MUMBAI POLICE DEPARTMENT - FIRST INFORMATION REPORT (SYNTHETIC RECORD)
FIR No: CASE_2025_0428 | Station: Ghatkopar Police Station | Date: 2026-04-10
Investigating Officer: Sub-Inspector R. P. Patil (V...",0,200,True
CHK_0429_01,DOC_FIR_0429,1,"MUMBAI POLICE DEPARTMENT - FIRST INFORMATION REPORT (SYNTHETIC RECORD)
FIR No: CASE_2025_0429 | Station: Kurla Police Station | Date: 2026-04-10
Investigating Officer: Assistant Inspector A. B. Deshmu...",0,200,True
CHK_0430_01,DOC_FIR_0430,1,"MUMBAI POLICE DEPARTMENT - FIRST INFORMATION REPORT (SYNTHETIC RECORD)
FIR No: CASE_2025_0430 | Station: Borivali Police Station | Date: 2026-04-10
Investigating Officer: Sub-Inspector R. P. Patil (Ve...",0,200,True
CHK_0431_01,DOC_FIR_0431,1,"MUMBAI POLICE DEPARTMENT - FIRST INFORMATION REPORT (SYNTHETIC RECORD)
FIR No: CASE_2025_0431 | Station: Worli Police Station | Date: 2026-04-11
Investigating Officer: Inspector S. V. Kadam (Formal Te...",0,200,True
CHK_0432_01,DOC_FIR_0432,1,"MUMBAI POLICE DEPARTMENT - FIRST INFORMATION REPORT (SYNTHETIC RECORD)
FIR No: CASE_2025_0432 | Station: Chembur Police Station | Date: 2026-04-12
Investigating Officer: Sub-Inspector R. P. Patil (Ver...",0,200,True
CHK_0433_01,DOC_FIR_0433,1,"MUMBAI POLICE DEPARTMENT - FIRST INFORMATION REPORT (SYNTHETIC RECORD)
FIR No: CASE_2025_0433 | Station: Worli Police Station | Date: 2026-04-15
Investigating Officer: Sub-Inspector R. P. Patil (Verbo...",0,200,True
CHK_0434_01,DOC_FIR_0434,1,"MUMBAI POLICE DEPARTMENT - FIRST INFORMATION REPORT (SYNTHETIC RECORD)
FIR No: CASE_2025_0434 | Station: Byculla Police Station | Date: 2026-04-15
Investigating Officer: Inspector S. V. Kadam (Formal ...",0,200,True
CHK_0435_01,DOC_FIR_0435,1,"MUMBAI POLICE DEPARTMENT - FIRST INFORMATION REPORT (SYNTHETIC RECORD)
FIR No: CASE_2025_0435 | Station: Colaba Police Station | Date: 2026-04-17
Investigating Officer: Inspector S. V. Kadam (Formal T...",0,200,True
CHK_0436_01,DOC_FIR_0436,1,"MUMBAI POLICE DEPARTMENT - FIRST INFORMATION REPORT (SYNTHETIC RECORD)
FIR No: CASE_2025_0436 | Station: Borivali Police Station | Date: 2026-04-18
Investigating Officer: Sub-Inspector R. P. Patil (Ve...",0,200,True
CHK_0437_01,DOC_FIR_0437,1,"MUMBAI POLICE DEPARTMENT - FIRST INFORMATION REPORT (SYNTHETIC RECORD)
FIR No: CASE_2025_0437 | Station: Bandra Police Station | Date: 2026-04-18
Investigating Officer: Sub-Inspector R. P. Patil (Verb...",0,200,True
CHK_0438_01,DOC_FIR_0438,1,"MUMBAI POLICE DEPARTMENT - FIRST INFORMATION REPORT (SYNTHETIC RECORD)
FIR No: CASE_2025_0438 | Station: Malad Police Station | Date: 2026-04-20
Investigating Officer: Sub-Inspector R. P. Patil (Verbo...",0,200,True
CHK_0439_01,DOC_FIR_0439,1,"MUMBAI POLICE DEPARTMENT - FIRST INFORMATION REPORT (SYNTHETIC RECORD)
FIR No: CASE_2025_0439 | Station: Chembur Police Station | Date: 2026-04-20
Investigating Officer: Inspector S. V. Kadam (Formal ...",0,200,True
CHK_0440_01,DOC_FIR_0440,1,"MUMBAI POLICE DEPARTMENT - FIRST INFORMATION REPORT (SYNTHETIC RECORD)
FIR No: CASE_2025_0440 | Station: Byculla Police Station | Date: 2026-04-20
Investigating Officer: Inspector S. V. Kadam (Formal ...",0,200,True
CHK_0441_01,DOC_FIR_0441,1,"MUMBAI POLICE DEPARTMENT - FIRST INFORMATION REPORT (SYNTHETIC RECORD)
FIR No: CASE_2025_0441 | Station: Ghatkopar Police Station | Date: 2026-04-22
Investigating Officer: Sub-Inspector R. P. Patil (V...",0,200,True
CHK_0442_01,DOC_FIR_0442,1,"MUMBAI POLICE DEPARTMENT - FIRST INFORMATION REPORT (SYNTHETIC RECORD)
FIR No: CASE_2025_0442 | Station: Borivali Police Station | Date: 2026-04-22
Investigating Officer: Assistant Inspector A. B. Des...",0,200,True
CHK_0443_01,DOC_FIR_0443,1,"MUMBAI POLICE DEPARTMENT - FIRST INFORMATION REPORT (SYNTHETIC RECORD)
FIR No: CASE_2025_0443 | Station: Byculla Police Station | Date: 2026-04-22
Investigating Officer: Inspector S. V. Kadam (Formal ...",0,200,True
CHK_0444_01,DOC_FIR_0444,1,"MUMBAI POLICE DEPARTMENT - FIRST INFORMATION REPORT (SYNTHETIC RECORD)
FIR No: CASE_2025_0444 | Station: Juhu Police Station | Date: 2026-04-22
Investigating Officer: Assistant Inspector A. B. Deshmuk...",0,200,True
CHK_0445_01,DOC_FIR_0445,1,"MUMBAI POLICE DEPARTMENT - FIRST INFORMATION REPORT (SYNTHETIC RECORD)
FIR No: CASE_2025_0445 | Station: Malad Police Station | Date: 2026-04-22
Investigating Officer: Sub-Inspector R. P. Patil (Verbo...",0,200,True
CHK_0446_01,DOC_FIR_0446,1,"MUMBAI POLICE DEPARTMENT - FIRST INFORMATION REPORT (SYNTHETIC RECORD)
FIR No: CASE_2025_0446 | Station: Byculla Police Station | Date: 2026-04-23
Investigating Officer: Assistant Inspector A. B. Desh...",0,200,True
CHK_0447_01,DOC_FIR_0447,1,"MUMBAI POLICE DEPARTMENT - FIRST INFORMATION REPORT (SYNTHETIC RECORD)
FIR No: CASE_2025_0447 | Station: Ghatkopar Police Station | Date: 2026-04-23
Investigating Officer: Assistant Inspector A. B. De...",0,200,True
CHK_0448_01,DOC_FIR_0448,1,"MUMBAI POLICE DEPARTMENT - FIRST INFORMATION REPORT (SYNTHETIC RECORD)
FIR No: CASE_2025_0448 | Station: Borivali Police Station | Date: 2026-04-24
Investigating Officer: Inspector S. V. Kadam (Formal...",0,200,True
CHK_0449_01,DOC_FIR_0449,1,"MUMBAI POLICE DEPARTMENT - FIRST INFORMATION REPORT (SYNTHETIC RECORD)
FIR No: CASE_2025_0449 | Station: Byculla Police Station | Date: 2026-04-24
Investigating Officer: Assistant Inspector A. B. Desh...",0,200,True
CHK_0450_01,DOC_FIR_0450,1,"MUMBAI POLICE DEPARTMENT - FIRST INFORMATION REPORT (SYNTHETIC RECORD)
FIR No: CASE_2025_0450 | Station: Kurla Police Station | Date: 2026-04-24
Investigating Officer: Assistant Inspector A. B. Deshmu...",0,200,True
CHK_0451_01,DOC_FIR_0451,1,"MUMBAI POLICE DEPARTMENT - FIRST INFORMATION REPORT (SYNTHETIC RECORD)
FIR No: CASE_2025_0451 | Station: Worli Police Station | Date: 2026-04-25
Investigating Officer: Inspector S. V. Kadam (Formal Te...",0,200,True
CHK_0452_01,DOC_FIR_0452,1,"MUMBAI POLICE DEPARTMENT - FIRST INFORMATION REPORT (SYNTHETIC RECORD)
FIR No: CASE_2025_0452 | Station: Byculla Police Station | Date: 2026-04-25
Investigating Officer: Assistant Inspector A. B. Desh...",0,200,True
CHK_0453_01,DOC_FIR_0453,1,"MUMBAI POLICE DEPARTMENT - FIRST INFORMATION REPORT (SYNTHETIC RECORD)
FIR No: CASE_2025_0453 | Station: Bandra Police Station | Date: 2026-04-26
Investigating Officer: Sub-Inspector R. P. Patil (Verb...",0,200,True
CHK_0454_01,DOC_FIR_0454,1,"MUMBAI POLICE DEPARTMENT - FIRST INFORMATION REPORT (SYNTHETIC RECORD)
FIR No: CASE_2025_0454 | Station: Chembur Police Station | Date: 2026-04-26
Investigating Officer: Sub-Inspector R. P. Patil (Ver...",0,200,True
CHK_0455_01,DOC_FIR_0455,1,"MUMBAI POLICE DEPARTMENT - FIRST INFORMATION REPORT (SYNTHETIC RECORD)
FIR No: CASE_2025_0455 | Station: Colaba Police Station | Date: 2026-04-27
Investigating Officer: Sub-Inspector R. P. Patil (Verb...",0,200,True
CHK_0456_01,DOC_FIR_0456,1,"MUMBAI POLICE DEPARTMENT - FIRST INFORMATION REPORT (SYNTHETIC RECORD)
FIR No: CASE_2025_0456 | Station: Colaba Police Station | Date: 2026-04-27
Investigating Officer: Sub-Inspector R. P. Patil (Verb...",0,200,True
CHK_0457_01,DOC_FIR_0457,1,"MUMBAI POLICE DEPARTMENT - FIRST INFORMATION REPORT (SYNTHETIC RECORD)
FIR No: CASE_2025_0457 | Station: Juhu Police Station | Date: 2026-04-28
Investigating Officer: Sub-Inspector R. P. Patil (Verbos...",0,200,True
CHK_0458_01,DOC_FIR_0458,1,"MUMBAI POLICE DEPARTMENT - FIRST INFORMATION REPORT (SYNTHETIC RECORD)
FIR No: CASE_2025_0458 | Station: Kurla Police Station | Date: 2026-04-29
Investigating Officer: Assistant Inspector A. B. Deshmu...",0,200,True
CHK_0459_01,DOC_FIR_0459,1,"MUMBAI POLICE DEPARTMENT - FIRST INFORMATION REPORT (SYNTHETIC RECORD)
FIR No: CASE_2025_0459 | Station: Borivali Police Station | Date: 2026-04-29
Investigating Officer: Assistant Inspector A. B. Des...",0,200,True
CHK_0460_01,DOC_FIR_0460,1,"MUMBAI POLICE DEPARTMENT - FIRST INFORMATION REPORT (SYNTHETIC RECORD)
FIR No: CASE_2025_0460 | Station: Dharavi Police Station | Date: 2026-04-30
Investigating Officer: Inspector S. V. Kadam (Formal ...",0,200,True
CHK_0461_01,DOC_FIR_0461,1,"MUMBAI POLICE DEPARTMENT - FIRST INFORMATION REPORT (SYNTHETIC RECORD)
FIR No: CASE_2025_0461 | Station: Bandra Police Station | Date: 2026-05-02
Investigating Officer: Assistant Inspector A. B. Deshm...",0,200,True
CHK_0462_01,DOC_FIR_0462,1,"MUMBAI POLICE DEPARTMENT - FIRST INFORMATION REPORT (SYNTHETIC RECORD)
FIR No: CASE_2025_0462 | Station: Worli Police Station | Date: 2026-05-02
Investigating Officer: Assistant Inspector A. B. Deshmu...",0,200,True
CHK_0463_01,DOC_FIR_0463,1,"MUMBAI POLICE DEPARTMENT - FIRST INFORMATION REPORT (SYNTHETIC RECORD)
FIR No: CASE_2025_0463 | Station: Kurla Police Station | Date: 2026-05-04
Investigating Officer: Sub-Inspector R. P. Patil (Verbo...",0,200,True
CHK_0464_01,DOC_FIR_0464,1,"MUMBAI POLICE DEPARTMENT - FIRST INFORMATION REPORT (SYNTHETIC RECORD)
FIR No: CASE_2025_0464 | Station: Dharavi Police Station | Date: 2026-05-05
Investigating Officer: Inspector S. V. Kadam (Formal ...",0,200,True
CHK_0465_01,DOC_FIR_0465,1,"MUMBAI POLICE DEPARTMENT - FIRST INFORMATION REPORT (SYNTHETIC RECORD)
FIR No: CASE_2025_0465 | Station: Byculla Police Station | Date: 2026-05-06
Investigating Officer: Sub-Inspector R. P. Patil (Ver...",0,200,True
CHK_0466_01,DOC_FIR_0466,1,"MUMBAI POLICE DEPARTMENT - FIRST INFORMATION REPORT (SYNTHETIC RECORD)
FIR No: CASE_2025_0466 | Station: Andheri Police Station | Date: 2026-05-06
Investigating Officer: Assistant Inspector A. B. Desh...",0,200,True
CHK_0467_01,DOC_FIR_0467,1,"MUMBAI POLICE DEPARTMENT - FIRST INFORMATION REPORT (SYNTHETIC RECORD)
FIR No: CASE_2025_0467 | Station: Ghatkopar Police Station | Date: 2026-05-08
Investigating Officer: Sub-Inspector R. P. Patil (V...",0,200,True
CHK_0468_01,DOC_FIR_0468,1,"MUMBAI POLICE DEPARTMENT - FIRST INFORMATION REPORT (SYNTHETIC RECORD)
FIR No: CASE_2025_0468 | Station: Malad Police Station | Date: 2026-05-09
Investigating Officer: Inspector S. V. Kadam (Formal Te...",0,200,True
CHK_0469_01,DOC_FIR_0469,1,"MUMBAI POLICE DEPARTMENT - FIRST INFORMATION REPORT (SYNTHETIC RECORD)
FIR No: CASE_2025_0469 | Station: Ghatkopar Police Station | Date: 2026-05-09
Investigating Officer: Sub-Inspector R. P. Patil (V...",0,200,True
CHK_0470_01,DOC_FIR_0470,1,"MUMBAI POLICE DEPARTMENT - FIRST INFORMATION REPORT (SYNTHETIC RECORD)
FIR No: CASE_2025_0470 | Station: Andheri Police Station | Date: 2026-05-09
Investigating Officer: Assistant Inspector A. B. Desh...",0,200,True
CHK_0471_01,DOC_FIR_0471,1,"MUMBAI POLICE DEPARTMENT - FIRST INFORMATION REPORT (SYNTHETIC RECORD)
FIR No: CASE_2025_0471 | Station: Chembur Police Station | Date: 2026-05-11
Investigating Officer: Sub-Inspector R. P. Patil (Ver...",0,200,True
CHK_0472_01,DOC_FIR_0472,1,"MUMBAI POLICE DEPARTMENT - FIRST INFORMATION REPORT (SYNTHETIC RECORD)
FIR No: CASE_2025_0472 | Station: Andheri Police Station | Date: 2026-05-11
Investigating Officer: Inspector S. V. Kadam (Formal ...",0,200,True
CHK_0473_01,DOC_FIR_0473,1,"MUMBAI POLICE DEPARTMENT - FIRST INFORMATION REPORT (SYNTHETIC RECORD)
FIR No: CASE_2025_0473 | Station: Ghatkopar Police Station | Date: 2026-05-13
Investigating Officer: Inspector S. V. Kadam (Forma...",0,200,True
CHK_0474_01,DOC_FIR_0474,1,"MUMBAI POLICE DEPARTMENT - FIRST INFORMATION REPORT (SYNTHETIC RECORD)
FIR No: CASE_2025_0474 | Station: Worli Police Station | Date: 2026-05-17
Investigating Officer: Assistant Inspector A. B. Deshmu...",0,200,True
CHK_0475_01,DOC_FIR_0475,1,"MUMBAI POLICE DEPARTMENT - FIRST INFORMATION REPORT (SYNTHETIC RECORD)
FIR No: CASE_2025_0475 | Station: Borivali Police Station | Date: 2026-05-18
Investigating Officer: Sub-Inspector R. P. Patil (Ve...",0,200,True
CHK_0476_01,DOC_FIR_0476,1,"MUMBAI POLICE DEPARTMENT - FIRST INFORMATION REPORT (SYNTHETIC RECORD)
FIR No: CASE_2025_0476 | Station: Andheri Police Station | Date: 2026-05-18
Investigating Officer: Inspector S. V. Kadam (Formal ...",0,200,True
CHK_0477_01,DOC_FIR_0477,1,"MUMBAI POLICE DEPARTMENT - FIRST INFORMATION REPORT (SYNTHETIC RECORD)
FIR No: CASE_2025_0477 | Station: Byculla Police Station | Date: 2026-05-18
Investigating Officer: Sub-Inspector R. P. Patil (Ver...",0,200,True
CHK_0478_01,DOC_FIR_0478,1,"MUMBAI POLICE DEPARTMENT - FIRST INFORMATION REPORT (SYNTHETIC RECORD)
FIR No: CASE_2025_0478 | Station: Colaba Police Station | Date: 2026-05-20
Investigating Officer: Assistant Inspector A. B. Deshm...",0,200,True
CHK_0479_01,DOC_FIR_0479,1,"MUMBAI POLICE DEPARTMENT - FIRST INFORMATION REPORT (SYNTHETIC RECORD)
FIR No: CASE_2025_0479 | Station: Byculla Police Station | Date: 2026-05-21
Investigating Officer: Assistant Inspector A. B. Desh...",0,200,True
CHK_0480_01,DOC_FIR_0480,1,"MUMBAI POLICE DEPARTMENT - FIRST INFORMATION REPORT (SYNTHETIC RECORD)
FIR No: CASE_2025_0480 | Station: Borivali Police Station | Date: 2026-05-22
Investigating Officer: Assistant Inspector A. B. Des...",0,200,True
CHK_0481_01,DOC_FIR_0481,1,"MUMBAI POLICE DEPARTMENT - FIRST INFORMATION REPORT (SYNTHETIC RECORD)
FIR No: CASE_2025_0481 | Station: Andheri Police Station | Date: 2026-05-25
Investigating Officer: Inspector S. V. Kadam (Formal ...",0,200,True
CHK_0482_01,DOC_FIR_0482,1,"MUMBAI POLICE DEPARTMENT - FIRST INFORMATION REPORT (SYNTHETIC RECORD)
FIR No: CASE_2025_0482 | Station: Juhu Police Station | Date: 2026-05-25
Investigating Officer: Inspector S. V. Kadam (Formal Ter...",0,200,True
CHK_0483_01,DOC_FIR_0483,1,"MUMBAI POLICE DEPARTMENT - FIRST INFORMATION REPORT (SYNTHETIC RECORD)
FIR No: CASE_2025_0483 | Station: Kurla Police Station | Date: 2026-05-26
Investigating Officer: Assistant Inspector A. B. Deshmu...",0,200,True
CHK_0484_01,DOC_FIR_0484,1,"MUMBAI POLICE DEPARTMENT - FIRST INFORMATION REPORT (SYNTHETIC RECORD)
FIR No: CASE_2025_0484 | Station: Byculla Police Station | Date: 2026-05-26
Investigating Officer: Assistant Inspector A. B. Desh...",0,200,True
CHK_0485_01,DOC_FIR_0485,1,"MUMBAI POLICE DEPARTMENT - FIRST INFORMATION REPORT (SYNTHETIC RECORD)
FIR No: CASE_2025_0485 | Station: Byculla Police Station | Date: 2026-05-27
Investigating Officer: Assistant Inspector A. B. Desh...",0,200,True
CHK_0486_01,DOC_FIR_0486,1,"MUMBAI POLICE DEPARTMENT - FIRST INFORMATION REPORT (SYNTHETIC RECORD)
FIR No: CASE_2025_0486 | Station: Dharavi Police Station | Date: 2026-05-28
Investigating Officer: Assistant Inspector A. B. Desh...",0,200,True
CHK_0487_01,DOC_FIR_0487,1,"MUMBAI POLICE DEPARTMENT - FIRST INFORMATION REPORT (SYNTHETIC RECORD)
FIR No: CASE_2025_0487 | Station: Byculla Police Station | Date: 2026-05-28
Investigating Officer: Assistant Inspector A. B. Desh...",0,200,True
CHK_0488_01,DOC_FIR_0488,1,"MUMBAI POLICE DEPARTMENT - FIRST INFORMATION REPORT (SYNTHETIC RECORD)
FIR No: CASE_2025_0488 | Station: Andheri Police Station | Date: 2026-05-30
Investigating Officer: Sub-Inspector R. P. Patil (Ver...",0,200,True
CHK_0489_01,DOC_FIR_0489,1,"MUMBAI POLICE DEPARTMENT - FIRST INFORMATION REPORT (SYNTHETIC RECORD)
FIR No: CASE_2025_0489 | Station: Borivali Police Station | Date: 2026-05-30
Investigating Officer: Sub-Inspector R. P. Patil (Ve...",0,200,True
CHK_0490_01,DOC_FIR_0490,1,"MUMBAI POLICE DEPARTMENT - FIRST INFORMATION REPORT (SYNTHETIC RECORD)
FIR No: CASE_2025_0490 | Station: Dharavi Police Station | Date: 2026-05-31
Investigating Officer: Inspector S. V. Kadam (Formal ...",0,200,True
CHK_0491_01,DOC_FIR_0491,1,"MUMBAI POLICE DEPARTMENT - FIRST INFORMATION REPORT (SYNTHETIC RECORD)
FIR No: CASE_2025_0491 | Station: Juhu Police Station | Date: 2026-06-01
Investigating Officer: Assistant Inspector A. B. Deshmuk...",0,200,True
CHK_0492_01,DOC_FIR_0492,1,"MUMBAI POLICE DEPARTMENT - FIRST INFORMATION REPORT (SYNTHETIC RECORD)
FIR No: CASE_2025_0492 | Station: Dharavi Police Station | Date: 2026-06-01
Investigating Officer: Inspector S. V. Kadam (Formal ...",0,200,True
CHK_0493_01,DOC_FIR_0493,1,"MUMBAI POLICE DEPARTMENT - FIRST INFORMATION REPORT (SYNTHETIC RECORD)
FIR No: CASE_2025_0493 | Station: Malad Police Station | Date: 2026-06-02
Investigating Officer: Sub-Inspector R. P. Patil (Verbo...",0,200,True
CHK_0494_01,DOC_FIR_0494,1,"MUMBAI POLICE DEPARTMENT - FIRST INFORMATION REPORT (SYNTHETIC RECORD)
FIR No: CASE_2025_0494 | Station: Malad Police Station | Date: 2026-06-03
Investigating Officer: Sub-Inspector R. P. Patil (Verbo...",0,200,True
CHK_0495_01,DOC_FIR_0495,1,"MUMBAI POLICE DEPARTMENT - FIRST INFORMATION REPORT (SYNTHETIC RECORD)
FIR No: CASE_2025_0495 | Station: Dharavi Police Station | Date: 2026-06-03
Investigating Officer: Sub-Inspector R. P. Patil (Ver...",0,200,True
CHK_0496_01,DOC_FIR_0496,1,"MUMBAI POLICE DEPARTMENT - FIRST INFORMATION REPORT (SYNTHETIC RECORD)
FIR No: CASE_2025_0496 | Station: Ghatkopar Police Station | Date: 2026-06-04
Investigating Officer: Sub-Inspector R. P. Patil (V...",0,200,True
CHK_0497_01,DOC_FIR_0497,1,"MUMBAI POLICE DEPARTMENT - FIRST INFORMATION REPORT (SYNTHETIC RECORD)
FIR No: CASE_2025_0497 | Station: Juhu Police Station | Date: 2026-06-04
Investigating Officer: Inspector S. V. Kadam (Formal Ter...",0,200,True
CHK_0498_01,DOC_FIR_0498,1,"MUMBAI POLICE DEPARTMENT - FIRST INFORMATION REPORT (SYNTHETIC RECORD)
FIR No: CASE_2025_0498 | Station: Bandra Police Station | Date: 2026-06-04
Investigating Officer: Inspector S. V. Kadam (Formal T...",0,200,True
CHK_0499_01,DOC_FIR_0499,1,"MUMBAI POLICE DEPARTMENT - FIRST INFORMATION REPORT (SYNTHETIC RECORD)
FIR No: CASE_2025_0499 | Station: Kurla Police Station | Date: 2026-06-04
Investigating Officer: Assistant Inspector A. B. Deshmu...",0,200,True
CHK_0500_01,DOC_FIR_0500,1,"MUMBAI POLICE DEPARTMENT - FIRST INFORMATION REPORT (SYNTHETIC RECORD)
FIR No: CASE_2025_0500 | Station: Byculla Police Station | Date: 2026-06-08
Investigating Officer: Sub-Inspector R. P. Patil (Ver...",0,200,True
CHK_0501_01,DOC_FIR_0501,1,"MUMBAI POLICE DEPARTMENT - FIRST INFORMATION REPORT (SYNTHETIC RECORD)
FIR No: CASE_2025_0501 | Station: Malad Police Station | Date: 2026-06-08
Investigating Officer: Sub-Inspector R. P. Patil (Verbo...",0,200,True
CHK_0502_01,DOC_FIR_0502,1,"MUMBAI POLICE DEPARTMENT - FIRST INFORMATION REPORT (SYNTHETIC RECORD)
FIR No: CASE_2025_0502 | Station: Worli Police Station | Date: 2026-06-08
Investigating Officer: Inspector S. V. Kadam (Formal Te...",0,200,True
CHK_0503_01,DOC_FIR_0503,1,"MUMBAI POLICE DEPARTMENT - FIRST INFORMATION REPORT (SYNTHETIC RECORD)
FIR No: CASE_2025_0503 | Station: Malad Police Station | Date: 2026-06-09
Investigating Officer: Inspector S. V. Kadam (Formal Te...",0,200,True
CHK_0504_01,DOC_FIR_0504,1,"MUMBAI POLICE DEPARTMENT - FIRST INFORMATION REPORT (SYNTHETIC RECORD)
FIR No: CASE_2025_0504 | Station: Juhu Police Station | Date: 2026-06-09
Investigating Officer: Assistant Inspector A. B. Deshmuk...",0,200,True
CHK_0505_01,DOC_FIR_0505,1,"MUMBAI POLICE DEPARTMENT - FIRST INFORMATION REPORT (SYNTHETIC RECORD)
FIR No: CASE_2025_0505 | Station: Byculla Police Station | Date: 2026-06-10
Investigating Officer: Sub-Inspector R. P. Patil (Ver...",0,200,True
CHK_0506_01,DOC_FIR_0506,1,"MUMBAI POLICE DEPARTMENT - FIRST INFORMATION REPORT (SYNTHETIC RECORD)
FIR No: CASE_2025_0506 | Station: Worli Police Station | Date: 2026-06-12
Investigating Officer: Assistant Inspector A. B. Deshmu...",0,200,True
CHK_0507_01,DOC_FIR_0507,1,"MUMBAI POLICE DEPARTMENT - FIRST INFORMATION REPORT (SYNTHETIC RECORD)
FIR No: CASE_2025_0507 | Station: Bandra Police Station | Date: 2026-06-12
Investigating Officer: Assistant Inspector A. B. Deshm...",0,200,True
CHK_0508_01,DOC_FIR_0508,1,"MUMBAI POLICE DEPARTMENT - FIRST INFORMATION REPORT (SYNTHETIC RECORD)
FIR No: CASE_2025_0508 | Station: Ghatkopar Police Station | Date: 2026-06-12
Investigating Officer: Inspector S. V. Kadam (Forma...",0,200,True
CHK_0509_01,DOC_FIR_0509,1,"MUMBAI POLICE DEPARTMENT - FIRST INFORMATION REPORT (SYNTHETIC RECORD)
FIR No: CASE_2025_0509 | Station: Malad Police Station | Date: 2026-06-12
Investigating Officer: Sub-Inspector R. P. Patil (Verbo...",0,200,True
CHK_0510_01,DOC_FIR_0510,1,"MUMBAI POLICE DEPARTMENT - FIRST INFORMATION REPORT (SYNTHETIC RECORD)
FIR No: CASE_2025_0510 | Station: Kurla Police Station | Date: 2026-06-14
Investigating Officer: Assistant Inspector A. B. Deshmu...",0,200,True
CHK_0511_01,DOC_FIR_0511,1,"MUMBAI POLICE DEPARTMENT - FIRST INFORMATION REPORT (SYNTHETIC RECORD)
FIR No: CASE_2025_0511 | Station: Byculla Police Station | Date: 2026-06-16
Investigating Officer: Sub-Inspector R. P. Patil (Ver...",0,200,True
CHK_0512_01,DOC_FIR_0512,1,"MUMBAI POLICE DEPARTMENT - FIRST INFORMATION REPORT (SYNTHETIC RECORD)
FIR No: CASE_2025_0512 | Station: Andheri Police Station | Date: 2026-06-16
Investigating Officer: Assistant Inspector A. B. Desh...",0,200,True
CHK_0513_01,DOC_FIR_0513,1,"MUMBAI POLICE DEPARTMENT - FIRST INFORMATION REPORT (SYNTHETIC RECORD)
FIR No: CASE_2025_0513 | Station: Bandra Police Station | Date: 2026-06-17
Investigating Officer: Inspector S. V. Kadam (Formal T...",0,200,True
CHK_0514_01,DOC_FIR_0514,1,"MUMBAI POLICE DEPARTMENT - FIRST INFORMATION REPORT (SYNTHETIC RECORD)
FIR No: CASE_2025_0514 | Station: Colaba Police Station | Date: 2026-06-18
Investigating Officer: Sub-Inspector R. P. Patil (Verb...",0,200,True
CHK_0515_01,DOC_FIR_0515,1,"MUMBAI POLICE DEPARTMENT - FIRST INFORMATION REPORT (SYNTHETIC RECORD)
FIR No: CASE_2025_0515 | Station: Bandra Police Station | Date: 2026-06-19
Investigating Officer: Inspector S. V. Kadam (Formal T...",0,200,True
CHK_0516_01,DOC_FIR_0516,1,"MUMBAI POLICE DEPARTMENT - FIRST INFORMATION REPORT (SYNTHETIC RECORD)
FIR No: CASE_2025_0516 | Station: Malad Police Station | Date: 2026-06-19
Investigating Officer: Inspector S. V. Kadam (Formal Te...",0,200,True
CHK_0517_01,DOC_FIR_0517,1,"MUMBAI POLICE DEPARTMENT - FIRST INFORMATION REPORT (SYNTHETIC RECORD)
FIR No: CASE_2025_0517 | Station: Ghatkopar Police Station | Date: 2026-06-19
Investigating Officer: Sub-Inspector R. P. Patil (V...",0,200,True
CHK_0518_01,DOC_FIR_0518,1,"MUMBAI POLICE DEPARTMENT - FIRST INFORMATION REPORT (SYNTHETIC RECORD)
FIR No: CASE_2025_0518 | Station: Chembur Police Station | Date: 2026-06-20
Investigating Officer: Assistant Inspector A. B. Desh...",0,200,True
CHK_0519_01,DOC_FIR_0519,1,"MUMBAI POLICE DEPARTMENT - FIRST INFORMATION REPORT (SYNTHETIC RECORD)
FIR No: CASE_2025_0519 | Station: Worli Police Station | Date: 2026-06-21
Investigating Officer: Assistant Inspector A. B. Deshmu...",0,200,True
CHK_0520_01,DOC_FIR_0520,1,"MUMBAI POLICE DEPARTMENT - FIRST INFORMATION REPORT (SYNTHETIC RECORD)
FIR No: CASE_2025_0520 | Station: Chembur Police Station | Date: 2026-06-21
Investigating Officer: Inspector S. V. Kadam (Formal ...",0,200,True
CHK_0521_01,DOC_FIR_0521,1,"MUMBAI POLICE DEPARTMENT - FIRST INFORMATION REPORT (SYNTHETIC RECORD)
FIR No: CASE_2025_0521 | Station: Byculla Police Station | Date: 2026-06-25
Investigating Officer: Inspector S. V. Kadam (Formal ...",0,200,True
CHK_0522_01,DOC_FIR_0522,1,"MUMBAI POLICE DEPARTMENT - FIRST INFORMATION REPORT (SYNTHETIC RECORD)
FIR No: CASE_2025_0522 | Station: Ghatkopar Police Station | Date: 2026-06-26
Investigating Officer: Assistant Inspector A. B. De...",0,200,True
CHK_0523_01,DOC_FIR_0523,1,"MUMBAI POLICE DEPARTMENT - FIRST INFORMATION REPORT (SYNTHETIC RECORD)
FIR No: CASE_2025_0523 | Station: Andheri Police Station | Date: 2026-06-27
Investigating Officer: Inspector S. V. Kadam (Formal ...",0,200,True
CHK_0524_01,DOC_FIR_0524,1,"MUMBAI POLICE DEPARTMENT - FIRST INFORMATION REPORT (SYNTHETIC RECORD)
FIR No: CASE_2025_0524 | Station: Juhu Police Station | Date: 2026-06-30
Investigating Officer: Inspector S. V. Kadam (Formal Ter...",0,200,True
CHK_0525_01,DOC_FIR_0525,1,"MUMBAI POLICE DEPARTMENT - FIRST INFORMATION REPORT (SYNTHETIC RECORD)
FIR No: CASE_2025_0525 | Station: Ghatkopar Police Station | Date: 2026-07-04
Investigating Officer: Inspector S. V. Kadam (Forma...",0,200,True
CHK_0526_01,DOC_FIR_0526,1,"MUMBAI POLICE DEPARTMENT - FIRST INFORMATION REPORT (SYNTHETIC RECORD)
FIR No: CASE_2025_0526 | Station: Juhu Police Station | Date: 2026-07-05
Investigating Officer: Inspector S. V. Kadam (Formal Ter...",0,200,True
CHK_0527_01,DOC_FIR_0527,1,"MUMBAI POLICE DEPARTMENT - FIRST INFORMATION REPORT (SYNTHETIC RECORD)
FIR No: CASE_2025_0527 | Station: Juhu Police Station | Date: 2026-07-06
Investigating Officer: Assistant Inspector A. B. Deshmuk...",0,200,True
CHK_0528_01,DOC_FIR_0528,1,"MUMBAI POLICE DEPARTMENT - FIRST INFORMATION REPORT (SYNTHETIC RECORD)
FIR No: CASE_2025_0528 | Station: Juhu Police Station | Date: 2026-07-08
Investigating Officer: Inspector S. V. Kadam (Formal Ter...",0,200,True
CHK_0529_01,DOC_FIR_0529,1,"MUMBAI POLICE DEPARTMENT - FIRST INFORMATION REPORT (SYNTHETIC RECORD)
FIR No: CASE_2025_0529 | Station: Andheri Police Station | Date: 2026-07-11
Investigating Officer: Inspector S. V. Kadam (Formal ...",0,200,True
CHK_0530_01,DOC_FIR_0530,1,"MUMBAI POLICE DEPARTMENT - FIRST INFORMATION REPORT (SYNTHETIC RECORD)
FIR No: CASE_2025_0530 | Station: Ghatkopar Police Station | Date: 2026-07-12
Investigating Officer: Inspector S. V. Kadam (Forma...",0,200,True
CHK_0531_01,DOC_FIR_0531,1,"MUMBAI POLICE DEPARTMENT - FIRST INFORMATION REPORT (SYNTHETIC RECORD)
FIR No: CASE_2025_0531 | Station: Kurla Police Station | Date: 2026-07-13
Investigating Officer: Assistant Inspector A. B. Deshmu...",0,200,True
CHK_0532_01,DOC_FIR_0532,1,"MUMBAI POLICE DEPARTMENT - FIRST INFORMATION REPORT (SYNTHETIC RECORD)
FIR No: CASE_2025_0532 | Station: Borivali Police Station | Date: 2026-07-13
Investigating Officer: Inspector S. V. Kadam (Formal...",0,200,True
CHK_0533_01,DOC_FIR_0533,1,"MUMBAI POLICE DEPARTMENT - FIRST INFORMATION REPORT (SYNTHETIC RECORD)
FIR No: CASE_2025_0533 | Station: Juhu Police Station | Date: 2026-07-15
Investigating Officer: Inspector S. V. Kadam (Formal Ter...",0,200,True
CHK_0534_01,DOC_FIR_0534,1,"MUMBAI POLICE DEPARTMENT - FIRST INFORMATION REPORT (SYNTHETIC RECORD)
FIR No: CASE_2025_0534 | Station: Borivali Police Station | Date: 2026-07-17
Investigating Officer: Inspector S. V. Kadam (Formal...",0,200,True
CHK_0535_01,DOC_FIR_0535,1,"MUMBAI POLICE DEPARTMENT - FIRST INFORMATION REPORT (SYNTHETIC RECORD)
FIR No: CASE_2025_0535 | Station: Malad Police Station | Date: 2026-07-20
Investigating Officer: Inspector S. V. Kadam (Formal Te...",0,200,True
CHK_0536_01,DOC_FIR_0536,1,"MUMBAI POLICE DEPARTMENT - FIRST INFORMATION REPORT (SYNTHETIC RECORD)
FIR No: CASE_2025_0536 | Station: Kurla Police Station | Date: 2026-07-22
Investigating Officer: Inspector S. V. Kadam (Formal Te...",0,200,True
CHK_0537_01,DOC_FIR_0537,1,"MUMBAI POLICE DEPARTMENT - FIRST INFORMATION REPORT (SYNTHETIC RECORD)
FIR No: CASE_2025_0537 | Station: Dharavi Police Station | Date: 2026-07-23
Investigating Officer: Assistant Inspector A. B. Desh...",0,200,True
CHK_0538_01,DOC_FIR_0538,1,"MUMBAI POLICE DEPARTMENT - FIRST INFORMATION REPORT (SYNTHETIC RECORD)
FIR No: CASE_2025_0538 | Station: Andheri Police Station | Date: 2026-07-24
Investigating Officer: Inspector S. V. Kadam (Formal ...",0,200,True
CHK_0539_01,DOC_FIR_0539,1,"MUMBAI POLICE DEPARTMENT - FIRST INFORMATION REPORT (SYNTHETIC RECORD)
FIR No: CASE_2025_0539 | Station: Malad Police Station | Date: 2026-07-24
Investigating Officer: Sub-Inspector R. P. Patil (Verbo...",0,200,True
CHK_0540_01,DOC_FIR_0540,1,"MUMBAI POLICE DEPARTMENT - FIRST INFORMATION REPORT (SYNTHETIC RECORD)
FIR No: CASE_2025_0540 | Station: Dharavi Police Station | Date: 2026-07-24
Investigating Officer: Inspector S. V. Kadam (Formal ...",0,200,True
CHK_0541_01,DOC_FIR_0541,1,"MUMBAI POLICE DEPARTMENT - FIRST INFORMATION REPORT (SYNTHETIC RECORD)
FIR No: CASE_2025_0541 | Station: Colaba Police Station | Date: 2026-07-25
Investigating Officer: Inspector S. V. Kadam (Formal T...",0,200,True
CHK_0542_01,DOC_FIR_0542,1,"MUMBAI POLICE DEPARTMENT - FIRST INFORMATION REPORT (SYNTHETIC RECORD)
FIR No: CASE_2025_0542 | Station: Juhu Police Station | Date: 2026-07-27
Investigating Officer: Inspector S. V. Kadam (Formal Ter...",0,200,True
CHK_0543_01,DOC_FIR_0543,1,"MUMBAI POLICE DEPARTMENT - FIRST INFORMATION REPORT (SYNTHETIC RECORD)
FIR No: CASE_2025_0543 | Station: Juhu Police Station | Date: 2026-07-27
Investigating Officer: Inspector S. V. Kadam (Formal Ter...",0,200,True
CHK_0544_01,DOC_FIR_0544,1,"MUMBAI POLICE DEPARTMENT - FIRST INFORMATION REPORT (SYNTHETIC RECORD)
FIR No: CASE_2025_0544 | Station: Andheri Police Station | Date: 2026-07-29
Investigating Officer: Inspector S. V. Kadam (Formal ...",0,200,True
CHK_0545_01,DOC_FIR_0545,1,"MUMBAI POLICE DEPARTMENT - FIRST INFORMATION REPORT (SYNTHETIC RECORD)
FIR No: CASE_2025_0545 | Station: Chembur Police Station | Date: 2026-07-30
Investigating Officer: Sub-Inspector R. P. Patil (Ver...",0,200,True
CHK_0546_01,DOC_FIR_0546,1,"MUMBAI POLICE DEPARTMENT - FIRST INFORMATION REPORT (SYNTHETIC RECORD)
FIR No: CASE_2025_0546 | Station: Bandra Police Station | Date: 2026-07-30
Investigating Officer: Assistant Inspector A. B. Deshm...",0,200,True
CHK_0547_01,DOC_FIR_0547,1,"MUMBAI POLICE DEPARTMENT - FIRST INFORMATION REPORT (SYNTHETIC RECORD)
FIR No: CASE_2025_0547 | Station: Ghatkopar Police Station | Date: 2026-07-30
Investigating Officer: Sub-Inspector R. P. Patil (V...",0,200,True
CHK_0548_01,DOC_FIR_0548,1,"MUMBAI POLICE DEPARTMENT - FIRST INFORMATION REPORT (SYNTHETIC RECORD)
FIR No: CASE_2025_0548 | Station: Juhu Police Station | Date: 2026-08-01
Investigating Officer: Assistant Inspector A. B. Deshmuk...",0,200,True
CHK_0549_01,DOC_FIR_0549,1,"MUMBAI POLICE DEPARTMENT - FIRST INFORMATION REPORT (SYNTHETIC RECORD)
FIR No: CASE_2025_0549 | Station: Bandra Police Station | Date: 2026-08-01
Investigating Officer: Sub-Inspector R. P. Patil (Verb...",0,200,True
CHK_0550_01,DOC_FIR_0550,1,"MUMBAI POLICE DEPARTMENT - FIRST INFORMATION REPORT (SYNTHETIC RECORD)
FIR No: CASE_2025_0550 | Station: Kurla Police Station | Date: 2026-08-02
Investigating Officer: Assistant Inspector A. B. Deshmu...",0,200,True
CHK_0551_01,DOC_FIR_0551,1,"MUMBAI POLICE DEPARTMENT - FIRST INFORMATION REPORT (SYNTHETIC RECORD)
FIR No: CASE_2025_0551 | Station: Chembur Police Station | Date: 2026-08-04
Investigating Officer: Assistant Inspector A. B. Desh...",0,200,True
CHK_0552_01,DOC_FIR_0552,1,"MUMBAI POLICE DEPARTMENT - FIRST INFORMATION REPORT (SYNTHETIC RECORD)
FIR No: CASE_2025_0552 | Station: Andheri Police Station | Date: 2026-08-04
Investigating Officer: Sub-Inspector R. P. Patil (Ver...",0,200,True
CHK_0553_01,DOC_FIR_0553,1,"MUMBAI POLICE DEPARTMENT - FIRST INFORMATION REPORT (SYNTHETIC RECORD)
FIR No: CASE_2025_0553 | Station: Colaba Police Station | Date: 2026-08-04
Investigating Officer: Inspector S. V. Kadam (Formal T...",0,200,True
CHK_0554_01,DOC_FIR_0554,1,"MUMBAI POLICE DEPARTMENT - FIRST INFORMATION REPORT (SYNTHETIC RECORD)
FIR No: CASE_2025_0554 | Station: Worli Police Station | Date: 2026-08-05
Investigating Officer: Sub-Inspector R. P. Patil (Verbo...",0,200,True
CHK_0555_01,DOC_FIR_0555,1,"MUMBAI POLICE DEPARTMENT - FIRST INFORMATION REPORT (SYNTHETIC RECORD)
FIR No: CASE_2025_0555 | Station: Bandra Police Station | Date: 2026-08-08
Investigating Officer: Sub-Inspector R. P. Patil (Verb...",0,200,True
CHK_0556_01,DOC_FIR_0556,1,"MUMBAI POLICE DEPARTMENT - FIRST INFORMATION REPORT (SYNTHETIC RECORD)
FIR No: CASE_2025_0556 | Station: Ghatkopar Police Station | Date: 2026-08-10
Investigating Officer: Inspector S. V. Kadam (Forma...",0,200,True
CHK_0557_01,DOC_FIR_0557,1,"MUMBAI POLICE DEPARTMENT - FIRST INFORMATION REPORT (SYNTHETIC RECORD)
FIR No: CASE_2025_0557 | Station: Juhu Police Station | Date: 2026-08-11
Investigating Officer: Assistant Inspector A. B. Deshmuk...",0,200,True
CHK_0558_01,DOC_FIR_0558,1,"MUMBAI POLICE DEPARTMENT - FIRST INFORMATION REPORT (SYNTHETIC RECORD)
FIR No: CASE_2025_0558 | Station: Bandra Police Station | Date: 2026-08-11
Investigating Officer: Inspector S. V. Kadam (Formal T...",0,200,True
CHK_0559_01,DOC_FIR_0559,1,"MUMBAI POLICE DEPARTMENT - FIRST INFORMATION REPORT (SYNTHETIC RECORD)
FIR No: CASE_2025_0559 | Station: Borivali Police Station | Date: 2026-08-11
Investigating Officer: Assistant Inspector A. B. Des...",0,200,True
CHK_0560_01,DOC_FIR_0560,1,"MUMBAI POLICE DEPARTMENT - FIRST INFORMATION REPORT (SYNTHETIC RECORD)
FIR No: CASE_2025_0560 | Station: Malad Police Station | Date: 2026-08-13
Investigating Officer: Assistant Inspector A. B. Deshmu...",0,200,True
CHK_0561_01,DOC_FIR_0561,1,"MUMBAI POLICE DEPARTMENT - FIRST INFORMATION REPORT (SYNTHETIC RECORD)
FIR No: CASE_2025_0561 | Station: Worli Police Station | Date: 2026-08-14
Investigating Officer: Assistant Inspector A. B. Deshmu...",0,200,True
CHK_0562_01,DOC_FIR_0562,1,"MUMBAI POLICE DEPARTMENT - FIRST INFORMATION REPORT (SYNTHETIC RECORD)
FIR No: CASE_2025_0562 | Station: Andheri Police Station | Date: 2026-08-17
Investigating Officer: Sub-Inspector R. P. Patil (Ver...",0,200,True
CHK_0563_01,DOC_FIR_0563,1,"MUMBAI POLICE DEPARTMENT - FIRST INFORMATION REPORT (SYNTHETIC RECORD)
FIR No: CASE_2025_0563 | Station: Borivali Police Station | Date: 2026-08-19
Investigating Officer: Sub-Inspector R. P. Patil (Ve...",0,200,True
CHK_0564_01,DOC_FIR_0564,1,"MUMBAI POLICE DEPARTMENT - FIRST INFORMATION REPORT (SYNTHETIC RECORD)
FIR No: CASE_2025_0564 | Station: Chembur Police Station | Date: 2026-08-19
Investigating Officer: Inspector S. V. Kadam (Formal ...",0,200,True
CHK_0565_01,DOC_FIR_0565,1,"MUMBAI POLICE DEPARTMENT - FIRST INFORMATION REPORT (SYNTHETIC RECORD)
FIR No: CASE_2025_0565 | Station: Byculla Police Station | Date: 2026-08-19
Investigating Officer: Assistant Inspector A. B. Desh...",0,200,True
CHK_0566_01,DOC_FIR_0566,1,"MUMBAI POLICE DEPARTMENT - FIRST INFORMATION REPORT (SYNTHETIC RECORD)
FIR No: CASE_2025_0566 | Station: Malad Police Station | Date: 2026-08-21
Investigating Officer: Assistant Inspector A. B. Deshmu...",0,200,True
CHK_0567_01,DOC_FIR_0567,1,"MUMBAI POLICE DEPARTMENT - FIRST INFORMATION REPORT (SYNTHETIC RECORD)
FIR No: CASE_2025_0567 | Station: Kurla Police Station | Date: 2026-08-21
Investigating Officer: Sub-Inspector R. P. Patil (Verbo...",0,200,True
CHK_0568_01,DOC_FIR_0568,1,"MUMBAI POLICE DEPARTMENT - FIRST INFORMATION REPORT (SYNTHETIC RECORD)
FIR No: CASE_2025_0568 | Station: Kurla Police Station | Date: 2026-08-22
Investigating Officer: Sub-Inspector R. P. Patil (Verbo...",0,200,True
CHK_0569_01,DOC_FIR_0569,1,"MUMBAI POLICE DEPARTMENT - FIRST INFORMATION REPORT (SYNTHETIC RECORD)
FIR No: CASE_2025_0569 | Station: Ghatkopar Police Station | Date: 2026-08-22
Investigating Officer: Sub-Inspector R. P. Patil (V...",0,200,True
CHK_0570_01,DOC_FIR_0570,1,"MUMBAI POLICE DEPARTMENT - FIRST INFORMATION REPORT (SYNTHETIC RECORD)
FIR No: CASE_2025_0570 | Station: Chembur Police Station | Date: 2026-08-22
Investigating Officer: Inspector S. V. Kadam (Formal ...",0,200,True
CHK_0571_01,DOC_FIR_0571,1,"MUMBAI POLICE DEPARTMENT - FIRST INFORMATION REPORT (SYNTHETIC RECORD)
FIR No: CASE_2025_0571 | Station: Worli Police Station | Date: 2026-08-23
Investigating Officer: Sub-Inspector R. P. Patil (Verbo...",0,200,True
CHK_0572_01,DOC_FIR_0572,1,"MUMBAI POLICE DEPARTMENT - FIRST INFORMATION REPORT (SYNTHETIC RECORD)
FIR No: CASE_2025_0572 | Station: Andheri Police Station | Date: 2026-08-23
Investigating Officer: Sub-Inspector R. P. Patil (Ver...",0,200,True
CHK_0573_01,DOC_FIR_0573,1,"MUMBAI POLICE DEPARTMENT - FIRST INFORMATION REPORT (SYNTHETIC RECORD)
FIR No: CASE_2025_0573 | Station: Byculla Police Station | Date: 2026-08-24
Investigating Officer: Sub-Inspector R. P. Patil (Ver...",0,200,True
CHK_0574_01,DOC_FIR_0574,1,"MUMBAI POLICE DEPARTMENT - FIRST INFORMATION REPORT (SYNTHETIC RECORD)
FIR No: CASE_2025_0574 | Station: Bandra Police Station | Date: 2026-08-25
Investigating Officer: Inspector S. V. Kadam (Formal T...",0,200,True
CHK_0575_01,DOC_FIR_0575,1,"MUMBAI POLICE DEPARTMENT - FIRST INFORMATION REPORT (SYNTHETIC RECORD)
FIR No: CASE_2025_0575 | Station: Worli Police Station | Date: 2026-08-25
Investigating Officer: Inspector S. V. Kadam (Formal Te...",0,200,True
CHK_0576_01,DOC_FIR_0576,1,"MUMBAI POLICE DEPARTMENT - FIRST INFORMATION REPORT (SYNTHETIC RECORD)
FIR No: CASE_2025_0576 | Station: Chembur Police Station | Date: 2026-08-26
Investigating Officer: Sub-Inspector R. P. Patil (Ver...",0,200,True
CHK_0577_01,DOC_FIR_0577,1,"MUMBAI POLICE DEPARTMENT - FIRST INFORMATION REPORT (SYNTHETIC RECORD)
FIR No: CASE_2025_0577 | Station: Dharavi Police Station | Date: 2026-08-27
Investigating Officer: Assistant Inspector A. B. Desh...",0,200,True
CHK_0578_01,DOC_FIR_0578,1,"MUMBAI POLICE DEPARTMENT - FIRST INFORMATION REPORT (SYNTHETIC RECORD)
FIR No: CASE_2025_0578 | Station: Borivali Police Station | Date: 2026-08-31
Investigating Officer: Assistant Inspector A. B. Des...",0,200,True
CHK_0579_01,DOC_FIR_0579,1,"MUMBAI POLICE DEPARTMENT - FIRST INFORMATION REPORT (SYNTHETIC RECORD)
FIR No: CASE_2025_0579 | Station: Juhu Police Station | Date: 2026-09-01
Investigating Officer: Assistant Inspector A. B. Deshmuk...",0,200,True
CHK_0580_01,DOC_FIR_0580,1,"MUMBAI POLICE DEPARTMENT - FIRST INFORMATION REPORT (SYNTHETIC RECORD)
FIR No: CASE_2025_0580 | Station: Worli Police Station | Date: 2026-09-01
Investigating Officer: Sub-Inspector R. P. Patil (Verbo...",0,200,True
CHK_0581_01,DOC_FIR_0581,1,"MUMBAI POLICE DEPARTMENT - FIRST INFORMATION REPORT (SYNTHETIC RECORD)
FIR No: CASE_2025_0581 | Station: Byculla Police Station | Date: 2026-09-01
Investigating Officer: Sub-Inspector R. P. Patil (Ver...",0,200,True
CHK_0582_01,DOC_FIR_0582,1,"MUMBAI POLICE DEPARTMENT - FIRST INFORMATION REPORT (SYNTHETIC RECORD)
FIR No: CASE_2025_0582 | Station: Chembur Police Station | Date: 2026-09-02
Investigating Officer: Inspector S. V. Kadam (Formal ...",0,200,True
CHK_0583_01,DOC_FIR_0583,1,"MUMBAI POLICE DEPARTMENT - FIRST INFORMATION REPORT (SYNTHETIC RECORD)
FIR No: CASE_2025_0583 | Station: Borivali Police Station | Date: 2026-09-02
Investigating Officer: Sub-Inspector R. P. Patil (Ve...",0,200,True
CHK_0584_01,DOC_FIR_0584,1,"MUMBAI POLICE DEPARTMENT - FIRST INFORMATION REPORT (SYNTHETIC RECORD)
FIR No: CASE_2025_0584 | Station: Bandra Police Station | Date: 2026-09-02
Investigating Officer: Assistant Inspector A. B. Deshm...",0,200,True
CHK_0585_01,DOC_FIR_0585,1,"MUMBAI POLICE DEPARTMENT - FIRST INFORMATION REPORT (SYNTHETIC RECORD)
FIR No: CASE_2025_0585 | Station: Kurla Police Station | Date: 2026-09-03
Investigating Officer: Inspector S. V. Kadam (Formal Te...",0,200,True
CHK_0586_01,DOC_FIR_0586,1,"MUMBAI POLICE DEPARTMENT - FIRST INFORMATION REPORT (SYNTHETIC RECORD)
FIR No: CASE_2025_0586 | Station: Ghatkopar Police Station | Date: 2026-09-05
Investigating Officer: Inspector S. V. Kadam (Forma...",0,200,True
CHK_0587_01,DOC_FIR_0587,1,"MUMBAI POLICE DEPARTMENT - FIRST INFORMATION REPORT (SYNTHETIC RECORD)
FIR No: CASE_2025_0587 | Station: Bandra Police Station | Date: 2026-09-06
Investigating Officer: Sub-Inspector R. P. Patil (Verb...",0,200,True
CHK_0588_01,DOC_FIR_0588,1,"MUMBAI POLICE DEPARTMENT - FIRST INFORMATION REPORT (SYNTHETIC RECORD)
FIR No: CASE_2025_0588 | Station: Malad Police Station | Date: 2026-09-06
Investigating Officer: Sub-Inspector R. P. Patil (Verbo...",0,200,True
CHK_0589_01,DOC_FIR_0589,1,"MUMBAI POLICE DEPARTMENT - FIRST INFORMATION REPORT (SYNTHETIC RECORD)
FIR No: CASE_2025_0589 | Station: Andheri Police Station | Date: 2026-09-08
Investigating Officer: Assistant Inspector A. B. Desh...",0,200,True
CHK_0590_01,DOC_FIR_0590,1,"MUMBAI POLICE DEPARTMENT - FIRST INFORMATION REPORT (SYNTHETIC RECORD)
FIR No: CASE_2025_0590 | Station: Worli Police Station | Date: 2026-09-09
Investigating Officer: Assistant Inspector A. B. Deshmu...",0,200,True
CHK_0591_01,DOC_FIR_0591,1,"MUMBAI POLICE DEPARTMENT - FIRST INFORMATION REPORT (SYNTHETIC RECORD)
FIR No: CASE_2025_0591 | Station: Borivali Police Station | Date: 2026-09-12
Investigating Officer: Assistant Inspector A. B. Des...",0,200,True
CHK_0592_01,DOC_FIR_0592,1,"MUMBAI POLICE DEPARTMENT - FIRST INFORMATION REPORT (SYNTHETIC RECORD)
FIR No: CASE_2025_0592 | Station: Byculla Police Station | Date: 2026-09-13
Investigating Officer: Assistant Inspector A. B. Desh...",0,200,True
CHK_0593_01,DOC_FIR_0593,1,"MUMBAI POLICE DEPARTMENT - FIRST INFORMATION REPORT (SYNTHETIC RECORD)
FIR No: CASE_2025_0593 | Station: Borivali Police Station | Date: 2026-09-14
Investigating Officer: Assistant Inspector A. B. Des...",0,200,True
CHK_0594_01,DOC_FIR_0594,1,"MUMBAI POLICE DEPARTMENT - FIRST INFORMATION REPORT (SYNTHETIC RECORD)
FIR No: CASE_2025_0594 | Station: Chembur Police Station | Date: 2026-09-15
Investigating Officer: Sub-Inspector R. P. Patil (Ver...",0,200,True
CHK_0595_01,DOC_FIR_0595,1,"MUMBAI POLICE DEPARTMENT - FIRST INFORMATION REPORT (SYNTHETIC RECORD)
FIR No: CASE_2025_0595 | Station: Dharavi Police Station | Date: 2026-09-15
Investigating Officer: Sub-Inspector R. P. Patil (Ver...",0,200,True
CHK_0596_01,DOC_FIR_0596,1,"MUMBAI POLICE DEPARTMENT - FIRST INFORMATION REPORT (SYNTHETIC RECORD)
FIR No: CASE_2025_0596 | Station: Andheri Police Station | Date: 2026-09-17
Investigating Officer: Sub-Inspector R. P. Patil (Ver...",0,200,True
CHK_0597_01,DOC_FIR_0597,1,"MUMBAI POLICE DEPARTMENT - FIRST INFORMATION REPORT (SYNTHETIC RECORD)
FIR No: CASE_2025_0597 | Station: Colaba Police Station | Date: 2026-09-17
Investigating Officer: Inspector S. V. Kadam (Formal T...",0,200,True
CHK_0598_01,DOC_FIR_0598,1,"MUMBAI POLICE DEPARTMENT - FIRST INFORMATION REPORT (SYNTHETIC RECORD)
FIR No: CASE_2025_0598 | Station: Dharavi Police Station | Date: 2026-09-18
Investigating Officer: Assistant Inspector A. B. Desh...",0,200,True
CHK_0599_01,DOC_FIR_0599,1,"MUMBAI POLICE DEPARTMENT - FIRST INFORMATION REPORT (SYNTHETIC RECORD)
FIR No: CASE_2025_0599 | Station: Worli Police Station | Date: 2026-09-18
Investigating Officer: Inspector S. V. Kadam (Formal Te...",0,200,True
CHK_0600_01,DOC_FIR_0600,1,"MUMBAI POLICE DEPARTMENT - FIRST INFORMATION REPORT (SYNTHETIC RECORD)
FIR No: CASE_2025_0600 | Station: Chembur Police Station | Date: 2026-09-18
Investigating Officer: Assistant Inspector A. B. Desh...",0,200,True
CHK_0601_01,DOC_FIR_0601,1,"MUMBAI POLICE DEPARTMENT - FIRST INFORMATION REPORT (SYNTHETIC RECORD)
FIR No: CASE_2025_0601 | Station: Bandra Police Station | Date: 2026-09-20
Investigating Officer: Assistant Inspector A. B. Deshm...",0,200,True
CHK_0602_01,DOC_FIR_0602,1,"MUMBAI POLICE DEPARTMENT - FIRST INFORMATION REPORT (SYNTHETIC RECORD)
FIR No: CASE_2025_0602 | Station: Kurla Police Station | Date: 2026-09-22
Investigating Officer: Sub-Inspector R. P. Patil (Verbo...",0,200,True
CHK_0603_01,DOC_FIR_0603,1,"MUMBAI POLICE DEPARTMENT - FIRST INFORMATION REPORT (SYNTHETIC RECORD)
FIR No: CASE_2025_0603 | Station: Ghatkopar Police Station | Date: 2026-09-23
Investigating Officer: Sub-Inspector R. P. Patil (V...",0,200,True
CHK_0604_01,DOC_FIR_0604,1,"MUMBAI POLICE DEPARTMENT - FIRST INFORMATION REPORT (SYNTHETIC RECORD)
FIR No: CASE_2025_0604 | Station: Juhu Police Station | Date: 2026-09-23
Investigating Officer: Sub-Inspector R. P. Patil (Verbos...",0,200,True
CHK_0605_01,DOC_FIR_0605,1,"MUMBAI POLICE DEPARTMENT - FIRST INFORMATION REPORT (SYNTHETIC RECORD)
FIR No: CASE_2025_0605 | Station: Juhu Police Station | Date: 2026-09-23
Investigating Officer: Assistant Inspector A. B. Deshmuk...",0,200,True
CHK_0606_01,DOC_FIR_0606,1,"MUMBAI POLICE DEPARTMENT - FIRST INFORMATION REPORT (SYNTHETIC RECORD)
FIR No: CASE_2025_0606 | Station: Bandra Police Station | Date: 2026-09-24
Investigating Officer: Inspector S. V. Kadam (Formal T...",0,200,True
CHK_0607_01,DOC_FIR_0607,1,"MUMBAI POLICE DEPARTMENT - FIRST INFORMATION REPORT (SYNTHETIC RECORD)
FIR No: CASE_2025_0607 | Station: Dharavi Police Station | Date: 2026-09-25
Investigating Officer: Assistant Inspector A. B. Desh...",0,200,True
CHK_0608_01,DOC_FIR_0608,1,"MUMBAI POLICE DEPARTMENT - FIRST INFORMATION REPORT (SYNTHETIC RECORD)
FIR No: CASE_2025_0608 | Station: Byculla Police Station | Date: 2026-09-27
Investigating Officer: Inspector S. V. Kadam (Formal ...",0,200,True
CHK_0609_01,DOC_FIR_0609,1,"MUMBAI POLICE DEPARTMENT - FIRST INFORMATION REPORT (SYNTHETIC RECORD)
FIR No: CASE_2025_0609 | Station: Ghatkopar Police Station | Date: 2026-09-27
Investigating Officer: Assistant Inspector A. B. De...",0,200,True
CHK_0610_01,DOC_FIR_0610,1,"MUMBAI POLICE DEPARTMENT - FIRST INFORMATION REPORT (SYNTHETIC RECORD)
FIR No: CASE_2025_0610 | Station: Ghatkopar Police Station | Date: 2026-09-30
Investigating Officer: Assistant Inspector A. B. De...",0,200,True
CHK_0611_01,DOC_FIR_0611,1,"MUMBAI POLICE DEPARTMENT - FIRST INFORMATION REPORT (SYNTHETIC RECORD)
FIR No: CASE_2025_0611 | Station: Worli Police Station | Date: 2026-10-03
Investigating Officer: Sub-Inspector R. P. Patil (Verbo...",0,200,True
CHK_0612_01,DOC_FIR_0612,1,"MUMBAI POLICE DEPARTMENT - FIRST INFORMATION REPORT (SYNTHETIC RECORD)
FIR No: CASE_2025_0612 | Station: Malad Police Station | Date: 2026-10-03
Investigating Officer: Inspector S. V. Kadam (Formal Te...",0,200,True
CHK_0613_01,DOC_FIR_0613,1,"MUMBAI POLICE DEPARTMENT - FIRST INFORMATION REPORT (SYNTHETIC RECORD)
FIR No: CASE_2025_0613 | Station: Worli Police Station | Date: 2026-10-04
Investigating Officer: Inspector S. V. Kadam (Formal Te...",0,200,True
CHK_0614_01,DOC_FIR_0614,1,"MUMBAI POLICE DEPARTMENT - FIRST INFORMATION REPORT (SYNTHETIC RECORD)
FIR No: CASE_2025_0614 | Station: Byculla Police Station | Date: 2026-10-05
Investigating Officer: Assistant Inspector A. B. Desh...",0,200,True
CHK_0615_01,DOC_FIR_0615,1,"MUMBAI POLICE DEPARTMENT - FIRST INFORMATION REPORT (SYNTHETIC RECORD)
FIR No: CASE_2025_0615 | Station: Ghatkopar Police Station | Date: 2026-10-10
Investigating Officer: Assistant Inspector A. B. De...",0,200,True
CHK_0616_01,DOC_FIR_0616,1,"MUMBAI POLICE DEPARTMENT - FIRST INFORMATION REPORT (SYNTHETIC RECORD)
FIR No: CASE_2025_0616 | Station: Andheri Police Station | Date: 2026-10-11
Investigating Officer: Inspector S. V. Kadam (Formal ...",0,200,True
CHK_0617_01,DOC_FIR_0617,1,"MUMBAI POLICE DEPARTMENT - FIRST INFORMATION REPORT (SYNTHETIC RECORD)
FIR No: CASE_2025_0617 | Station: Worli Police Station | Date: 2026-10-13
Investigating Officer: Assistant Inspector A. B. Deshmu...",0,200,True
CHK_0618_01,DOC_FIR_0618,1,"MUMBAI POLICE DEPARTMENT - FIRST INFORMATION REPORT (SYNTHETIC RECORD)
FIR No: CASE_2025_0618 | Station: Colaba Police Station | Date: 2026-10-14
Investigating Officer: Inspector S. V. Kadam (Formal T...",0,200,True
CHK_0619_01,DOC_FIR_0619,1,"MUMBAI POLICE DEPARTMENT - FIRST INFORMATION REPORT (SYNTHETIC RECORD)
FIR No: CASE_2025_0619 | Station: Kurla Police Station | Date: 2026-10-15
Investigating Officer: Inspector S. V. Kadam (Formal Te...",0,200,True
CHK_0620_01,DOC_FIR_0620,1,"MUMBAI POLICE DEPARTMENT - FIRST INFORMATION REPORT (SYNTHETIC RECORD)
FIR No: CASE_2025_0620 | Station: Andheri Police Station | Date: 2026-10-17
Investigating Officer: Sub-Inspector R. P. Patil (Ver...",0,200,True
CHK_0621_01,DOC_FIR_0621,1,"MUMBAI POLICE DEPARTMENT - FIRST INFORMATION REPORT (SYNTHETIC RECORD)
FIR No: CASE_2025_0621 | Station: Bandra Police Station | Date: 2026-10-17
Investigating Officer: Inspector S. V. Kadam (Formal T...",0,200,True
CHK_0622_01,DOC_FIR_0622,1,"MUMBAI POLICE DEPARTMENT - FIRST INFORMATION REPORT (SYNTHETIC RECORD)
FIR No: CASE_2025_0622 | Station: Chembur Police Station | Date: 2026-10-20
Investigating Officer: Sub-Inspector R. P. Patil (Ver...",0,200,True
CHK_0623_01,DOC_FIR_0623,1,"MUMBAI POLICE DEPARTMENT - FIRST INFORMATION REPORT (SYNTHETIC RECORD)
FIR No: CASE_2025_0623 | Station: Dharavi Police Station | Date: 2026-10-21
Investigating Officer: Sub-Inspector R. P. Patil (Ver...",0,200,True
CHK_0624_01,DOC_FIR_0624,1,"MUMBAI POLICE DEPARTMENT - FIRST INFORMATION REPORT (SYNTHETIC RECORD)
FIR No: CASE_2025_0624 | Station: Chembur Police Station | Date: 2026-10-22
Investigating Officer: Inspector S. V. Kadam (Formal ...",0,200,True
CHK_0625_01,DOC_FIR_0625,1,"MUMBAI POLICE DEPARTMENT - FIRST INFORMATION REPORT (SYNTHETIC RECORD)
FIR No: CASE_2025_0625 | Station: Malad Police Station | Date: 2026-10-22
Investigating Officer: Assistant Inspector A. B. Deshmu...",0,200,True
CHK_0626_01,DOC_FIR_0626,1,"MUMBAI POLICE DEPARTMENT - FIRST INFORMATION REPORT (SYNTHETIC RECORD)
FIR No: CASE_2025_0626 | Station: Juhu Police Station | Date: 2026-10-24
Investigating Officer: Inspector S. V. Kadam (Formal Ter...",0,200,True
CHK_0627_01,DOC_FIR_0627,1,"MUMBAI POLICE DEPARTMENT - FIRST INFORMATION REPORT (SYNTHETIC RECORD)
FIR No: CASE_2025_0627 | Station: Chembur Police Station | Date: 2026-10-25
Investigating Officer: Inspector S. V. Kadam (Formal ...",0,200,True
CHK_0628_01,DOC_FIR_0628,1,"MUMBAI POLICE DEPARTMENT - FIRST INFORMATION REPORT (SYNTHETIC RECORD)
FIR No: CASE_2025_0628 | Station: Colaba Police Station | Date: 2026-10-26
Investigating Officer: Sub-Inspector R. P. Patil (Verb...",0,200,True
CHK_0629_01,DOC_FIR_0629,1,"MUMBAI POLICE DEPARTMENT - FIRST INFORMATION REPORT (SYNTHETIC RECORD)
FIR No: CASE_2025_0629 | Station: Juhu Police Station | Date: 2026-10-28
Investigating Officer: Assistant Inspector A. B. Deshmuk...",0,200,True
CHK_0630_01,DOC_FIR_0630,1,"MUMBAI POLICE DEPARTMENT - FIRST INFORMATION REPORT (SYNTHETIC RECORD)
FIR No: CASE_2025_0630 | Station: Borivali Police Station | Date: 2026-10-28
Investigating Officer: Sub-Inspector R. P. Patil (Ve...",0,200,True
CHK_0631_01,DOC_FIR_0631,1,"MUMBAI POLICE DEPARTMENT - FIRST INFORMATION REPORT (SYNTHETIC RECORD)
FIR No: CASE_2025_0631 | Station: Byculla Police Station | Date: 2026-10-30
Investigating Officer: Sub-Inspector R. P. Patil (Ver...",0,200,True
CHK_0632_01,DOC_FIR_0632,1,"MUMBAI POLICE DEPARTMENT - FIRST INFORMATION REPORT (SYNTHETIC RECORD)
FIR No: CASE_2025_0632 | Station: Bandra Police Station | Date: 2026-11-01
Investigating Officer: Sub-Inspector R. P. Patil (Verb...",0,200,True
CHK_0633_01,DOC_FIR_0633,1,"MUMBAI POLICE DEPARTMENT - FIRST INFORMATION REPORT (SYNTHETIC RECORD)
FIR No: CASE_2025_0633 | Station: Juhu Police Station | Date: 2026-11-01
Investigating Officer: Inspector S. V. Kadam (Formal Ter...",0,200,True
CHK_0634_01,DOC_FIR_0634,1,"MUMBAI POLICE DEPARTMENT - FIRST INFORMATION REPORT (SYNTHETIC RECORD)
FIR No: CASE_2025_0634 | Station: Borivali Police Station | Date: 2026-11-02
Investigating Officer: Sub-Inspector R. P. Patil (Ve...",0,200,True
CHK_0635_01,DOC_FIR_0635,1,"MUMBAI POLICE DEPARTMENT - FIRST INFORMATION REPORT (SYNTHETIC RECORD)
FIR No: CASE_2025_0635 | Station: Chembur Police Station | Date: 2026-11-05
Investigating Officer: Sub-Inspector R. P. Patil (Ver...",0,200,True
CHK_0636_01,DOC_FIR_0636,1,"MUMBAI POLICE DEPARTMENT - FIRST INFORMATION REPORT (SYNTHETIC RECORD)
FIR No: CASE_2025_0636 | Station: Worli Police Station | Date: 2026-11-06
Investigating Officer: Inspector S. V. Kadam (Formal Te...",0,200,True
CHK_0637_01,DOC_FIR_0637,1,"MUMBAI POLICE DEPARTMENT - FIRST INFORMATION REPORT (SYNTHETIC RECORD)
FIR No: CASE_2025_0637 | Station: Worli Police Station | Date: 2026-11-08
Investigating Officer: Assistant Inspector A. B. Deshmu...",0,200,True
CHK_0638_01,DOC_FIR_0638,1,"MUMBAI POLICE DEPARTMENT - FIRST INFORMATION REPORT (SYNTHETIC RECORD)
FIR No: CASE_2025_0638 | Station: Malad Police Station | Date: 2026-11-09
Investigating Officer: Inspector S. V. Kadam (Formal Te...",0,200,True
CHK_0639_01,DOC_FIR_0639,1,"MUMBAI POLICE DEPARTMENT - FIRST INFORMATION REPORT (SYNTHETIC RECORD)
FIR No: CASE_2025_0639 | Station: Andheri Police Station | Date: 2026-11-10
Investigating Officer: Assistant Inspector A. B. Desh...",0,200,True
CHK_0640_01,DOC_FIR_0640,1,"MUMBAI POLICE DEPARTMENT - FIRST INFORMATION REPORT (SYNTHETIC RECORD)
FIR No: CASE_2025_0640 | Station: Kurla Police Station | Date: 2026-11-11
Investigating Officer: Sub-Inspector R. P. Patil (Verbo...",0,200,True
CHK_0641_01,DOC_FIR_0641,1,"MUMBAI POLICE DEPARTMENT - FIRST INFORMATION REPORT (SYNTHETIC RECORD)
FIR No: CASE_2025_0641 | Station: Dharavi Police Station | Date: 2026-11-13
Investigating Officer: Inspector S. V. Kadam (Formal ...",0,200,True
CHK_0642_01,DOC_FIR_0642,1,"MUMBAI POLICE DEPARTMENT - FIRST INFORMATION REPORT (SYNTHETIC RECORD)
FIR No: CASE_2025_0642 | Station: Byculla Police Station | Date: 2026-11-14
Investigating Officer: Inspector S. V. Kadam (Formal ...",0,200,True
CHK_0643_01,DOC_FIR_0643,1,"MUMBAI POLICE DEPARTMENT - FIRST INFORMATION REPORT (SYNTHETIC RECORD)
FIR No: CASE_2025_0643 | Station: Malad Police Station | Date: 2026-11-17
Investigating Officer: Inspector S. V. Kadam (Formal Te...",0,200,True
CHK_0644_01,DOC_FIR_0644,1,"MUMBAI POLICE DEPARTMENT - FIRST INFORMATION REPORT (SYNTHETIC RECORD)
FIR No: CASE_2025_0644 | Station: Juhu Police Station | Date: 2026-11-18
Investigating Officer: Sub-Inspector R. P. Patil (Verbos...",0,200,True
CHK_0645_01,DOC_FIR_0645,1,"MUMBAI POLICE DEPARTMENT - FIRST INFORMATION REPORT (SYNTHETIC RECORD)
FIR No: CASE_2025_0645 | Station: Byculla Police Station | Date: 2026-11-20
Investigating Officer: Inspector S. V. Kadam (Formal ...",0,200,True
CHK_0646_01,DOC_FIR_0646,1,"MUMBAI POLICE DEPARTMENT - FIRST INFORMATION REPORT (SYNTHETIC RECORD)
FIR No: CASE_2025_0646 | Station: Bandra Police Station | Date: 2026-11-20
Investigating Officer: Inspector S. V. Kadam (Formal T...",0,200,True
CHK_0647_01,DOC_FIR_0647,1,"MUMBAI POLICE DEPARTMENT - FIRST INFORMATION REPORT (SYNTHETIC RECORD)
FIR No: CASE_2025_0647 | Station: Kurla Police Station | Date: 2026-11-21
Investigating Officer: Inspector S. V. Kadam (Formal Te...",0,200,True
CHK_0648_01,DOC_FIR_0648,1,"MUMBAI POLICE DEPARTMENT - FIRST INFORMATION REPORT (SYNTHETIC RECORD)
FIR No: CASE_2025_0648 | Station: Dharavi Police Station | Date: 2026-11-25
Investigating Officer: Assistant Inspector A. B. Desh...",0,200,True
CHK_0649_01,DOC_FIR_0649,1,"MUMBAI POLICE DEPARTMENT - FIRST INFORMATION REPORT (SYNTHETIC RECORD)
FIR No: CASE_2025_0649 | Station: Dharavi Police Station | Date: 2026-11-25
Investigating Officer: Assistant Inspector A. B. Desh...",0,200,True
CHK_0650_01,DOC_FIR_0650,1,"MUMBAI POLICE DEPARTMENT - FIRST INFORMATION REPORT (SYNTHETIC RECORD)
FIR No: CASE_2025_0650 | Station: Ghatkopar Police Station | Date: 2026-11-25
Investigating Officer: Assistant Inspector A. B. De...",0,200,True
CHK_0651_01,DOC_FIR_0651,1,"MUMBAI POLICE DEPARTMENT - FIRST INFORMATION REPORT (SYNTHETIC RECORD)
FIR No: CASE_2025_0651 | Station: Borivali Police Station | Date: 2026-11-26
Investigating Officer: Sub-Inspector R. P. Patil (Ve...",0,200,True
CHK_0652_01,DOC_FIR_0652,1,"MUMBAI POLICE DEPARTMENT - FIRST INFORMATION REPORT (SYNTHETIC RECORD)
FIR No: CASE_2025_0652 | Station: Borivali Police Station | Date: 2026-11-28
Investigating Officer: Assistant Inspector A. B. Des...",0,200,True
CHK_0653_01,DOC_FIR_0653,1,"MUMBAI POLICE DEPARTMENT - FIRST INFORMATION REPORT (SYNTHETIC RECORD)
FIR No: CASE_2025_0653 | Station: Borivali Police Station | Date: 2026-11-29
Investigating Officer: Sub-Inspector R. P. Patil (Ve...",0,200,True
CHK_0654_01,DOC_FIR_0654,1,"MUMBAI POLICE DEPARTMENT - FIRST INFORMATION REPORT (SYNTHETIC RECORD)
FIR No: CASE_2025_0654 | Station: Byculla Police Station | Date: 2026-11-30
Investigating Officer: Sub-Inspector R. P. Patil (Ver...",0,200,True
CHK_0655_01,DOC_FIR_0655,1,"MUMBAI POLICE DEPARTMENT - FIRST INFORMATION REPORT (SYNTHETIC RECORD)
FIR No: CASE_2025_0655 | Station: Ghatkopar Police Station | Date: 2026-11-30
Investigating Officer: Inspector S. V. Kadam (Forma...",0,200,True
CHK_0656_01,DOC_FIR_0656,1,"MUMBAI POLICE DEPARTMENT - FIRST INFORMATION REPORT (SYNTHETIC RECORD)
FIR No: CASE_2025_0656 | Station: Ghatkopar Police Station | Date: 2026-12-01
Investigating Officer: Assistant Inspector A. B. De...",0,200,True
CHK_0657_01,DOC_FIR_0657,1,"MUMBAI POLICE DEPARTMENT - FIRST INFORMATION REPORT (SYNTHETIC RECORD)
FIR No: CASE_2025_0657 | Station: Andheri Police Station | Date: 2026-12-03
Investigating Officer: Assistant Inspector A. B. Desh...",0,200,True
CHK_0658_01,DOC_FIR_0658,1,"MUMBAI POLICE DEPARTMENT - FIRST INFORMATION REPORT (SYNTHETIC RECORD)
FIR No: CASE_2025_0658 | Station: Juhu Police Station | Date: 2026-12-06
Investigating Officer: Assistant Inspector A. B. Deshmuk...",0,200,True
CHK_0659_01,DOC_FIR_0659,1,"MUMBAI POLICE DEPARTMENT - FIRST INFORMATION REPORT (SYNTHETIC RECORD)
FIR No: CASE_2025_0659 | Station: Andheri Police Station | Date: 2026-12-08
Investigating Officer: Sub-Inspector R. P. Patil (Ver...",0,200,True
CHK_0660_01,DOC_FIR_0660,1,"MUMBAI POLICE DEPARTMENT - FIRST INFORMATION REPORT (SYNTHETIC RECORD)
FIR No: CASE_2025_0660 | Station: Colaba Police Station | Date: 2026-12-09
Investigating Officer: Inspector S. V. Kadam (Formal T...",0,200,True
CHK_0661_01,DOC_FIR_0661,1,"MUMBAI POLICE DEPARTMENT - FIRST INFORMATION REPORT (SYNTHETIC RECORD)
FIR No: CASE_2025_0661 | Station: Andheri Police Station | Date: 2026-12-10
Investigating Officer: Inspector S. V. Kadam (Formal ...",0,200,True
CHK_0662_01,DOC_FIR_0662,1,"MUMBAI POLICE DEPARTMENT - FIRST INFORMATION REPORT (SYNTHETIC RECORD)
FIR No: CASE_2025_0662 | Station: Bandra Police Station | Date: 2026-12-10
Investigating Officer: Assistant Inspector A. B. Deshm...",0,200,True
CHK_0663_01,DOC_FIR_0663,1,"MUMBAI POLICE DEPARTMENT - FIRST INFORMATION REPORT (SYNTHETIC RECORD)
FIR No: CASE_2025_0663 | Station: Malad Police Station | Date: 2026-12-10
Investigating Officer: Sub-Inspector R. P. Patil (Verbo...",0,200,True
CHK_0664_01,DOC_FIR_0664,1,"MUMBAI POLICE DEPARTMENT - FIRST INFORMATION REPORT (SYNTHETIC RECORD)
FIR No: CASE_2025_0664 | Station: Borivali Police Station | Date: 2026-12-11
Investigating Officer: Assistant Inspector A. B. Des...",0,200,True
CHK_0665_01,DOC_FIR_0665,1,"MUMBAI POLICE DEPARTMENT - FIRST INFORMATION REPORT (SYNTHETIC RECORD)
FIR No: CASE_2025_0665 | Station: Chembur Police Station | Date: 2026-12-12
Investigating Officer: Inspector S. V. Kadam (Formal ...",0,200,True
CHK_0666_01,DOC_FIR_0666,1,"MUMBAI POLICE DEPARTMENT - FIRST INFORMATION REPORT (SYNTHETIC RECORD)
FIR No: CASE_2025_0666 | Station: Borivali Police Station | Date: 2026-12-16
Investigating Officer: Assistant Inspector A. B. Des...",0,200,True
CHK_0667_01,DOC_FIR_0667,1,"MUMBAI POLICE DEPARTMENT - FIRST INFORMATION REPORT (SYNTHETIC RECORD)
FIR No: CASE_2025_0667 | Station: Juhu Police Station | Date: 2026-12-16
Investigating Officer: Assistant Inspector A. B. Deshmuk...",0,200,True
CHK_0668_01,DOC_FIR_0668,1,"MUMBAI POLICE DEPARTMENT - FIRST INFORMATION REPORT (SYNTHETIC RECORD)
FIR No: CASE_2025_0668 | Station: Malad Police Station | Date: 2026-12-18
Investigating Officer: Inspector S. V. Kadam (Formal Te...",0,200,True
CHK_0669_01,DOC_FIR_0669,1,"MUMBAI POLICE DEPARTMENT - FIRST INFORMATION REPORT (SYNTHETIC RECORD)
FIR No: CASE_2025_0669 | Station: Ghatkopar Police Station | Date: 2026-12-18
Investigating Officer: Inspector S. V. Kadam (Forma...",0,200,True
CHK_0670_01,DOC_FIR_0670,1,"MUMBAI POLICE DEPARTMENT - FIRST INFORMATION REPORT (SYNTHETIC RECORD)
FIR No: CASE_2025_0670 | Station: Juhu Police Station | Date: 2026-12-19
Investigating Officer: Assistant Inspector A. B. Deshmuk...",0,200,True
CHK_0671_01,DOC_FIR_0671,1,"MUMBAI POLICE DEPARTMENT - FIRST INFORMATION REPORT (SYNTHETIC RECORD)
FIR No: CASE_2025_0671 | Station: Malad Police Station | Date: 2026-12-20
Investigating Officer: Assistant Inspector A. B. Deshmu...",0,200,True
CHK_0672_01,DOC_FIR_0672,1,"MUMBAI POLICE DEPARTMENT - FIRST INFORMATION REPORT (SYNTHETIC RECORD)
FIR No: CASE_2025_0672 | Station: Colaba Police Station | Date: 2026-12-21
Investigating Officer: Inspector S. V. Kadam (Formal T...",0,200,True
CHK_0673_01,DOC_FIR_0673,1,"MUMBAI POLICE DEPARTMENT - FIRST INFORMATION REPORT (SYNTHETIC RECORD)
FIR No: CASE_2025_0673 | Station: Ghatkopar Police Station | Date: 2026-12-23
Investigating Officer: Sub-Inspector R. P. Patil (V...",0,200,True
CHK_0674_01,DOC_FIR_0674,1,"MUMBAI POLICE DEPARTMENT - FIRST INFORMATION REPORT (SYNTHETIC RECORD)
FIR No: CASE_2025_0674 | Station: Malad Police Station | Date: 2026-12-23
Investigating Officer: Assistant Inspector A. B. Deshmu...",0,200,True
CHK_0675_01,DOC_FIR_0675,1,"MUMBAI POLICE DEPARTMENT - FIRST INFORMATION REPORT (SYNTHETIC RECORD)
FIR No: CASE_2025_0675 | Station: Juhu Police Station | Date: 2026-12-24
Investigating Officer: Sub-Inspector R. P. Patil (Verbos...",0,200,True
CHK_0676_01,DOC_FIR_0676,1,"MUMBAI POLICE DEPARTMENT - FIRST INFORMATION REPORT (SYNTHETIC RECORD)
FIR No: CASE_2025_0676 | Station: Worli Police Station | Date: 2026-12-25
Investigating Officer: Sub-Inspector R. P. Patil (Verbo...",0,200,True
CHK_0677_01,DOC_FIR_0677,1,"MUMBAI POLICE DEPARTMENT - FIRST INFORMATION REPORT (SYNTHETIC RECORD)
FIR No: CASE_2025_0677 | Station: Juhu Police Station | Date: 2026-12-26
Investigating Officer: Assistant Inspector A. B. Deshmuk...",0,200,True
CHK_0678_01,DOC_FIR_0678,1,"MUMBAI POLICE DEPARTMENT - FIRST INFORMATION REPORT (SYNTHETIC RECORD)
FIR No: CASE_2025_0678 | Station: Colaba Police Station | Date: 2026-12-26
Investigating Officer: Assistant Inspector A. B. Deshm...",0,200,True
CHK_0679_01,DOC_FIR_0679,1,"MUMBAI POLICE DEPARTMENT - FIRST INFORMATION REPORT (SYNTHETIC RECORD)
FIR No: CASE_2025_0679 | Station: Juhu Police Station | Date: 2026-12-28
Investigating Officer: Inspector S. V. Kadam (Formal Ter...",0,200,True
CHK_0680_01,DOC_FIR_0680,1,"MUMBAI POLICE DEPARTMENT - FIRST INFORMATION REPORT (SYNTHETIC RECORD)
FIR No: CASE_2025_0680 | Station: Bandra Police Station | Date: 2026-12-28
Investigating Officer: Assistant Inspector A. B. Deshm...",0,200,True
CHK_0681_01,DOC_FIR_0681,1,"MUMBAI POLICE DEPARTMENT - FIRST INFORMATION REPORT (SYNTHETIC RECORD)
FIR No: CASE_2025_0681 | Station: Worli Police Station | Date: 2026-12-29
Investigating Officer: Sub-Inspector R. P. Patil (Verbo...",0,200,True
CHK_0682_01,DOC_FIR_0682,1,"MUMBAI POLICE DEPARTMENT - FIRST INFORMATION REPORT (SYNTHETIC RECORD)
FIR No: CASE_2025_0682 | Station: Chembur Police Station | Date: 2026-12-29
Investigating Officer: Assistant Inspector A. B. Desh...",0,200,True
CHK_0683_01,DOC_FIR_0683,1,"MUMBAI POLICE DEPARTMENT - FIRST INFORMATION REPORT (SYNTHETIC RECORD)
FIR No: CASE_2025_0683 | Station: Dharavi Police Station | Date: 2026-12-30
Investigating Officer: Sub-Inspector R. P. Patil (Ver...",0,200,True
CHK_0684_01,DOC_FIR_0684,1,"MUMBAI POLICE DEPARTMENT - FIRST INFORMATION REPORT (SYNTHETIC RECORD)
FIR No: CASE_2025_0684 | Station: Borivali Police Station | Date: 2027-01-02
Investigating Officer: Assistant Inspector A. B. Des...",0,200,True
CHK_0685_01,DOC_FIR_0685,1,"MUMBAI POLICE DEPARTMENT - FIRST INFORMATION REPORT (SYNTHETIC RECORD)
FIR No: CASE_2025_0685 | Station: Juhu Police Station | Date: 2027-01-04
Investigating Officer: Sub-Inspector R. P. Patil (Verbos...",0,200,True
CHK_0686_01,DOC_FIR_0686,1,"MUMBAI POLICE DEPARTMENT - FIRST INFORMATION REPORT (SYNTHETIC RECORD)
FIR No: CASE_2025_0686 | Station: Chembur Police Station | Date: 2027-01-04
Investigating Officer: Assistant Inspector A. B. Desh...",0,200,True
CHK_0687_01,DOC_FIR_0687,1,"MUMBAI POLICE DEPARTMENT - FIRST INFORMATION REPORT (SYNTHETIC RECORD)
FIR No: CASE_2025_0687 | Station: Dharavi Police Station | Date: 2027-01-04
Investigating Officer: Assistant Inspector A. B. Desh...",0,200,True
CHK_0688_01,DOC_FIR_0688,1,"MUMBAI POLICE DEPARTMENT - FIRST INFORMATION REPORT (SYNTHETIC RECORD)
FIR No: CASE_2025_0688 | Station: Bandra Police Station | Date: 2027-01-05
Investigating Officer: Sub-Inspector R. P. Patil (Verb...",0,200,True
CHK_0689_01,DOC_FIR_0689,1,"MUMBAI POLICE DEPARTMENT - FIRST INFORMATION REPORT (SYNTHETIC RECORD)
FIR No: CASE_2025_0689 | Station: Worli Police Station | Date: 2027-01-05
Investigating Officer: Assistant Inspector A. B. Deshmu...",0,200,True
CHK_0690_01,DOC_FIR_0690,1,"MUMBAI POLICE DEPARTMENT - FIRST INFORMATION REPORT (SYNTHETIC RECORD)
FIR No: CASE_2025_0690 | Station: Juhu Police Station | Date: 2027-01-06
Investigating Officer: Inspector S. V. Kadam (Formal Ter...",0,200,True
CHK_0691_01,DOC_FIR_0691,1,"MUMBAI POLICE DEPARTMENT - FIRST INFORMATION REPORT (SYNTHETIC RECORD)
FIR No: CASE_2025_0691 | Station: Chembur Police Station | Date: 2027-01-07
Investigating Officer: Assistant Inspector A. B. Desh...",0,200,True
CHK_0692_01,DOC_FIR_0692,1,"MUMBAI POLICE DEPARTMENT - FIRST INFORMATION REPORT (SYNTHETIC RECORD)
FIR No: CASE_2025_0692 | Station: Malad Police Station | Date: 2027-01-07
Investigating Officer: Inspector S. V. Kadam (Formal Te...",0,200,True
CHK_0693_01,DOC_FIR_0693,1,"MUMBAI POLICE DEPARTMENT - FIRST INFORMATION REPORT (SYNTHETIC RECORD)
FIR No: CASE_2025_0693 | Station: Byculla Police Station | Date: 2027-01-08
Investigating Officer: Sub-Inspector R. P. Patil (Ver...",0,200,True
CHK_0694_01,DOC_FIR_0694,1,"MUMBAI POLICE DEPARTMENT - FIRST INFORMATION REPORT (SYNTHETIC RECORD)
FIR No: CASE_2025_0694 | Station: Juhu Police Station | Date: 2027-01-09
Investigating Officer: Inspector S. V. Kadam (Formal Ter...",0,200,True
CHK_0695_01,DOC_FIR_0695,1,"MUMBAI POLICE DEPARTMENT - FIRST INFORMATION REPORT (SYNTHETIC RECORD)
FIR No: CASE_2025_0695 | Station: Andheri Police Station | Date: 2027-01-10
Investigating Officer: Inspector S. V. Kadam (Formal ...",0,200,True
CHK_0696_01,DOC_FIR_0696,1,"MUMBAI POLICE DEPARTMENT - FIRST INFORMATION REPORT (SYNTHETIC RECORD)
FIR No: CASE_2025_0696 | Station: Juhu Police Station | Date: 2027-01-13
Investigating Officer: Sub-Inspector R. P. Patil (Verbos...",0,200,True
CHK_0697_01,DOC_FIR_0697,1,"MUMBAI POLICE DEPARTMENT - FIRST INFORMATION REPORT (SYNTHETIC RECORD)
FIR No: CASE_2025_0697 | Station: Kurla Police Station | Date: 2027-01-13
Investigating Officer: Inspector S. V. Kadam (Formal Te...",0,200,True
CHK_0698_01,DOC_FIR_0698,1,"MUMBAI POLICE DEPARTMENT - FIRST INFORMATION REPORT (SYNTHETIC RECORD)
FIR No: CASE_2025_0698 | Station: Bandra Police Station | Date: 2027-01-15
Investigating Officer: Sub-Inspector R. P. Patil (Verb...",0,200,True
CHK_0699_01,DOC_FIR_0699,1,"MUMBAI POLICE DEPARTMENT - FIRST INFORMATION REPORT (SYNTHETIC RECORD)
FIR No: CASE_2025_0699 | Station: Bandra Police Station | Date: 2027-01-15
Investigating Officer: Assistant Inspector A. B. Deshm...",0,200,True
CHK_0700_01,DOC_FIR_0700,1,"MUMBAI POLICE DEPARTMENT - FIRST INFORMATION REPORT (SYNTHETIC RECORD)
FIR No: CASE_2025_0700 | Station: Malad Police Station | Date: 2027-01-17
Investigating Officer: Assistant Inspector A. B. Deshmu...",0,200,True
CHK_0701_01,DOC_FIR_0701,1,"MUMBAI POLICE DEPARTMENT - FIRST INFORMATION REPORT (SYNTHETIC RECORD)
FIR No: CASE_2025_0701 | Station: Colaba Police Station | Date: 2027-01-18
Investigating Officer: Assistant Inspector A. B. Deshm...",0,200,True
CHK_0702_01,DOC_FIR_0702,1,"MUMBAI POLICE DEPARTMENT - FIRST INFORMATION REPORT (SYNTHETIC RECORD)
FIR No: CASE_2025_0702 | Station: Borivali Police Station | Date: 2027-01-19
Investigating Officer: Inspector S. V. Kadam (Formal...",0,200,True
CHK_0703_01,DOC_FIR_0703,1,"MUMBAI POLICE DEPARTMENT - FIRST INFORMATION REPORT (SYNTHETIC RECORD)
FIR No: CASE_2025_0703 | Station: Worli Police Station | Date: 2027-01-20
Investigating Officer: Inspector S. V. Kadam (Formal Te...",0,200,True
CHK_0704_01,DOC_FIR_0704,1,"MUMBAI POLICE DEPARTMENT - FIRST INFORMATION REPORT (SYNTHETIC RECORD)
FIR No: CASE_2025_0704 | Station: Dharavi Police Station | Date: 2027-01-21
Investigating Officer: Assistant Inspector A. B. Desh...",0,200,True
CHK_0705_01,DOC_FIR_0705,1,"MUMBAI POLICE DEPARTMENT - FIRST INFORMATION REPORT (SYNTHETIC RECORD)
FIR No: CASE_2025_0705 | Station: Borivali Police Station | Date: 2027-01-21
Investigating Officer: Inspector S. V. Kadam (Formal...",0,200,True
CHK_0706_01,DOC_FIR_0706,1,"MUMBAI POLICE DEPARTMENT - FIRST INFORMATION REPORT (SYNTHETIC RECORD)
FIR No: CASE_2025_0706 | Station: Ghatkopar Police Station | Date: 2027-01-22
Investigating Officer: Inspector S. V. Kadam (Forma...",0,200,True
CHK_0707_01,DOC_FIR_0707,1,"MUMBAI POLICE DEPARTMENT - FIRST INFORMATION REPORT (SYNTHETIC RECORD)
FIR No: CASE_2025_0707 | Station: Juhu Police Station | Date: 2027-01-28
Investigating Officer: Assistant Inspector A. B. Deshmuk...",0,200,True
CHK_0708_01,DOC_FIR_0708,1,"MUMBAI POLICE DEPARTMENT - FIRST INFORMATION REPORT (SYNTHETIC RECORD)
FIR No: CASE_2025_0708 | Station: Kurla Police Station | Date: 2027-01-30
Investigating Officer: Sub-Inspector R. P. Patil (Verbo...",0,200,True
CHK_0709_01,DOC_FIR_0709,1,"MUMBAI POLICE DEPARTMENT - FIRST INFORMATION REPORT (SYNTHETIC RECORD)
FIR No: CASE_2025_0709 | Station: Andheri Police Station | Date: 2027-01-31
Investigating Officer: Assistant Inspector A. B. Desh...",0,200,True
CHK_0710_01,DOC_FIR_0710,1,"MUMBAI POLICE DEPARTMENT - FIRST INFORMATION REPORT (SYNTHETIC RECORD)
FIR No: CASE_2025_0710 | Station: Ghatkopar Police Station | Date: 2027-01-31
Investigating Officer: Inspector S. V. Kadam (Forma...",0,200,True
CHK_0711_01,DOC_FIR_0711,1,"MUMBAI POLICE DEPARTMENT - FIRST INFORMATION REPORT (SYNTHETIC RECORD)
FIR No: CASE_2025_0711 | Station: Kurla Police Station | Date: 2027-02-01
Investigating Officer: Sub-Inspector R. P. Patil (Verbo...",0,200,True
CHK_0712_01,DOC_FIR_0712,1,"MUMBAI POLICE DEPARTMENT - FIRST INFORMATION REPORT (SYNTHETIC RECORD)
FIR No: CASE_2025_0712 | Station: Ghatkopar Police Station | Date: 2027-02-03
Investigating Officer: Inspector S. V. Kadam (Forma...",0,200,True
CHK_0713_01,DOC_FIR_0713,1,"MUMBAI POLICE DEPARTMENT - FIRST INFORMATION REPORT (SYNTHETIC RECORD)
FIR No: CASE_2025_0713 | Station: Byculla Police Station | Date: 2027-02-07
Investigating Officer: Assistant Inspector A. B. Desh...",0,200,True
CHK_0714_01,DOC_FIR_0714,1,"MUMBAI POLICE DEPARTMENT - FIRST INFORMATION REPORT (SYNTHETIC RECORD)
FIR No: CASE_2025_0714 | Station: Ghatkopar Police Station | Date: 2027-02-07
Investigating Officer: Sub-Inspector R. P. Patil (V...",0,200,True
CHK_0715_01,DOC_FIR_0715,1,"MUMBAI POLICE DEPARTMENT - FIRST INFORMATION REPORT (SYNTHETIC RECORD)
FIR No: CASE_2025_0715 | Station: Worli Police Station | Date: 2027-02-07
Investigating Officer: Assistant Inspector A. B. Deshmu...",0,200,True
CHK_0716_01,DOC_FIR_0716,1,"MUMBAI POLICE DEPARTMENT - FIRST INFORMATION REPORT (SYNTHETIC RECORD)
FIR No: CASE_2025_0716 | Station: Worli Police Station | Date: 2027-02-10
Investigating Officer: Inspector S. V. Kadam (Formal Te...",0,200,True
CHK_0717_01,DOC_FIR_0717,1,"MUMBAI POLICE DEPARTMENT - FIRST INFORMATION REPORT (SYNTHETIC RECORD)
FIR No: CASE_2025_0717 | Station: Kurla Police Station | Date: 2027-02-11
Investigating Officer: Assistant Inspector A. B. Deshmu...",0,200,True
CHK_0718_01,DOC_FIR_0718,1,"MUMBAI POLICE DEPARTMENT - FIRST INFORMATION REPORT (SYNTHETIC RECORD)
FIR No: CASE_2025_0718 | Station: Andheri Police Station | Date: 2027-02-13
Investigating Officer: Inspector S. V. Kadam (Formal ...",0,200,True
CHK_0719_01,DOC_FIR_0719,1,"MUMBAI POLICE DEPARTMENT - FIRST INFORMATION REPORT (SYNTHETIC RECORD)
FIR No: CASE_2025_0719 | Station: Ghatkopar Police Station | Date: 2027-02-13
Investigating Officer: Sub-Inspector R. P. Patil (V...",0,200,True
CHK_0720_01,DOC_FIR_0720,1,"MUMBAI POLICE DEPARTMENT - FIRST INFORMATION REPORT (SYNTHETIC RECORD)
FIR No: CASE_2025_0720 | Station: Bandra Police Station | Date: 2027-02-15
Investigating Officer: Assistant Inspector A. B. Deshm...",0,200,True
CHK_0721_01,DOC_FIR_0721,1,"MUMBAI POLICE DEPARTMENT - FIRST INFORMATION REPORT (SYNTHETIC RECORD)
FIR No: CASE_2025_0721 | Station: Malad Police Station | Date: 2027-02-15
Investigating Officer: Inspector S. V. Kadam (Formal Te...",0,200,True
CHK_0722_01,DOC_FIR_0722,1,"MUMBAI POLICE DEPARTMENT - FIRST INFORMATION REPORT (SYNTHETIC RECORD)
FIR No: CASE_2025_0722 | Station: Bandra Police Station | Date: 2027-02-16
Investigating Officer: Inspector S. V. Kadam (Formal T...",0,200,True
CHK_0723_01,DOC_FIR_0723,1,"MUMBAI POLICE DEPARTMENT - FIRST INFORMATION REPORT (SYNTHETIC RECORD)
FIR No: CASE_2025_0723 | Station: Ghatkopar Police Station | Date: 2027-02-16
Investigating Officer: Assistant Inspector A. B. De...",0,200,True
CHK_0724_01,DOC_FIR_0724,1,"MUMBAI POLICE DEPARTMENT - FIRST INFORMATION REPORT (SYNTHETIC RECORD)
FIR No: CASE_2025_0724 | Station: Worli Police Station | Date: 2027-02-17
Investigating Officer: Inspector S. V. Kadam (Formal Te...",0,200,True
CHK_0725_01,DOC_FIR_0725,1,"MUMBAI POLICE DEPARTMENT - FIRST INFORMATION REPORT (SYNTHETIC RECORD)
FIR No: CASE_2025_0725 | Station: Ghatkopar Police Station | Date: 2027-02-18
Investigating Officer: Sub-Inspector R. P. Patil (V...",0,200,True
CHK_0726_01,DOC_FIR_0726,1,"MUMBAI POLICE DEPARTMENT - FIRST INFORMATION REPORT (SYNTHETIC RECORD)
FIR No: CASE_2025_0726 | Station: Worli Police Station | Date: 2027-02-18
Investigating Officer: Inspector S. V. Kadam (Formal Te...",0,200,True
CHK_0727_01,DOC_FIR_0727,1,"MUMBAI POLICE DEPARTMENT - FIRST INFORMATION REPORT (SYNTHETIC RECORD)
FIR No: CASE_2025_0727 | Station: Malad Police Station | Date: 2027-02-18
Investigating Officer: Sub-Inspector R. P. Patil (Verbo...",0,200,True
CHK_0728_01,DOC_FIR_0728,1,"MUMBAI POLICE DEPARTMENT - FIRST INFORMATION REPORT (SYNTHETIC RECORD)
FIR No: CASE_2025_0728 | Station: Worli Police Station | Date: 2027-02-20
Investigating Officer: Inspector S. V. Kadam (Formal Te...",0,200,True
CHK_0729_01,DOC_FIR_0729,1,"MUMBAI POLICE DEPARTMENT - FIRST INFORMATION REPORT (SYNTHETIC RECORD)
FIR No: CASE_2025_0729 | Station: Kurla Police Station | Date: 2027-02-21
Investigating Officer: Inspector S. V. Kadam (Formal Te...",0,200,True
CHK_0730_01,DOC_FIR_0730,1,"MUMBAI POLICE DEPARTMENT - FIRST INFORMATION REPORT (SYNTHETIC RECORD)
FIR No: CASE_2025_0730 | Station: Bandra Police Station | Date: 2027-02-23
Investigating Officer: Assistant Inspector A. B. Deshm...",0,200,True
CHK_0731_01,DOC_FIR_0731,1,"MUMBAI POLICE DEPARTMENT - FIRST INFORMATION REPORT (SYNTHETIC RECORD)
FIR No: CASE_2025_0731 | Station: Juhu Police Station | Date: 2027-02-23
Investigating Officer: Inspector S. V. Kadam (Formal Ter...",0,200,True
CHK_0732_01,DOC_FIR_0732,1,"MUMBAI POLICE DEPARTMENT - FIRST INFORMATION REPORT (SYNTHETIC RECORD)
FIR No: CASE_2025_0732 | Station: Colaba Police Station | Date: 2027-02-25
Investigating Officer: Sub-Inspector R. P. Patil (Verb...",0,200,True
CHK_0733_01,DOC_FIR_0733,1,"MUMBAI POLICE DEPARTMENT - FIRST INFORMATION REPORT (SYNTHETIC RECORD)
FIR No: CASE_2025_0733 | Station: Ghatkopar Police Station | Date: 2027-02-26
Investigating Officer: Assistant Inspector A. B. De...",0,200,True
CHK_0734_01,DOC_FIR_0734,1,"MUMBAI POLICE DEPARTMENT - FIRST INFORMATION REPORT (SYNTHETIC RECORD)
FIR No: CASE_2025_0734 | Station: Dharavi Police Station | Date: 2027-02-27
Investigating Officer: Assistant Inspector A. B. Desh...",0,200,True
CHK_0735_01,DOC_FIR_0735,1,"MUMBAI POLICE DEPARTMENT - FIRST INFORMATION REPORT (SYNTHETIC RECORD)
FIR No: CASE_2025_0735 | Station: Ghatkopar Police Station | Date: 2027-02-27
Investigating Officer: Assistant Inspector A. B. De...",0,200,True
CHK_0736_01,DOC_FIR_0736,1,"MUMBAI POLICE DEPARTMENT - FIRST INFORMATION REPORT (SYNTHETIC RECORD)
FIR No: CASE_2025_0736 | Station: Bandra Police Station | Date: 2027-02-28
Investigating Officer: Inspector S. V. Kadam (Formal T...",0,200,True
CHK_0737_01,DOC_FIR_0737,1,"MUMBAI POLICE DEPARTMENT - FIRST INFORMATION REPORT (SYNTHETIC RECORD)
FIR No: CASE_2025_0737 | Station: Kurla Police Station | Date: 2027-03-01
Investigating Officer: Inspector S. V. Kadam (Formal Te...",0,200,True
CHK_0738_01,DOC_FIR_0738,1,"MUMBAI POLICE DEPARTMENT - FIRST INFORMATION REPORT (SYNTHETIC RECORD)
FIR No: CASE_2025_0738 | Station: Chembur Police Station | Date: 2027-03-02
Investigating Officer: Assistant Inspector A. B. Desh...",0,200,True
CHK_0739_01,DOC_FIR_0739,1,"MUMBAI POLICE DEPARTMENT - FIRST INFORMATION REPORT (SYNTHETIC RECORD)
FIR No: CASE_2025_0739 | Station: Worli Police Station | Date: 2027-03-04
Investigating Officer: Inspector S. V. Kadam (Formal Te...",0,200,True
CHK_0740_01,DOC_FIR_0740,1,"MUMBAI POLICE DEPARTMENT - FIRST INFORMATION REPORT (SYNTHETIC RECORD)
FIR No: CASE_2025_0740 | Station: Andheri Police Station | Date: 2027-03-05
Investigating Officer: Inspector S. V. Kadam (Formal ...",0,200,True
CHK_0741_01,DOC_FIR_0741,1,"MUMBAI POLICE DEPARTMENT - FIRST INFORMATION REPORT (SYNTHETIC RECORD)
FIR No: CASE_2025_0741 | Station: Bandra Police Station | Date: 2027-03-06
Investigating Officer: Inspector S. V. Kadam (Formal T...",0,200,True
CHK_0742_01,DOC_FIR_0742,1,"MUMBAI POLICE DEPARTMENT - FIRST INFORMATION REPORT (SYNTHETIC RECORD)
FIR No: CASE_2025_0742 | Station: Worli Police Station | Date: 2027-03-07
Investigating Officer: Assistant Inspector A. B. Deshmu...",0,200,True
CHK_0743_01,DOC_FIR_0743,1,"MUMBAI POLICE DEPARTMENT - FIRST INFORMATION REPORT (SYNTHETIC RECORD)
FIR No: CASE_2025_0743 | Station: Borivali Police Station | Date: 2027-03-08
Investigating Officer: Sub-Inspector R. P. Patil (Ve...",0,200,True
CHK_0744_01,DOC_FIR_0744,1,"MUMBAI POLICE DEPARTMENT - FIRST INFORMATION REPORT (SYNTHETIC RECORD)
FIR No: CASE_2025_0744 | Station: Bandra Police Station | Date: 2027-03-11
Investigating Officer: Sub-Inspector R. P. Patil (Verb...",0,200,True
CHK_0745_01,DOC_FIR_0745,1,"MUMBAI POLICE DEPARTMENT - FIRST INFORMATION REPORT (SYNTHETIC RECORD)
FIR No: CASE_2025_0745 | Station: Malad Police Station | Date: 2027-03-11
Investigating Officer: Inspector S. V. Kadam (Formal Te...",0,200,True
CHK_0746_01,DOC_FIR_0746,1,"MUMBAI POLICE DEPARTMENT - FIRST INFORMATION REPORT (SYNTHETIC RECORD)
FIR No: CASE_2025_0746 | Station: Malad Police Station | Date: 2027-03-14
Investigating Officer: Assistant Inspector A. B. Deshmu...",0,200,True
CHK_0747_01,DOC_FIR_0747,1,"MUMBAI POLICE DEPARTMENT - FIRST INFORMATION REPORT (SYNTHETIC RECORD)
FIR No: CASE_2025_0747 | Station: Chembur Police Station | Date: 2027-03-16
Investigating Officer: Inspector S. V. Kadam (Formal ...",0,200,True
CHK_0748_01,DOC_FIR_0748,1,"MUMBAI POLICE DEPARTMENT - FIRST INFORMATION REPORT (SYNTHETIC RECORD)
FIR No: CASE_2025_0748 | Station: Worli Police Station | Date: 2027-03-18
Investigating Officer: Inspector S. V. Kadam (Formal Te...",0,200,True
CHK_0749_01,DOC_FIR_0749,1,"MUMBAI POLICE DEPARTMENT - FIRST INFORMATION REPORT (SYNTHETIC RECORD)
FIR No: CASE_2025_0749 | Station: Juhu Police Station | Date: 2027-03-18
Investigating Officer: Inspector S. V. Kadam (Formal Ter...",0,200,True
CHK_0750_01,DOC_FIR_0750,1,"MUMBAI POLICE DEPARTMENT - FIRST INFORMATION REPORT (SYNTHETIC RECORD)
FIR No: CASE_2025_0750 | Station: Worli Police Station | Date: 2027-03-19
Investigating Officer: Inspector S. V. Kadam (Formal Te...",0,200,True
CHK_0751_01,DOC_FIR_0751,1,"MUMBAI POLICE DEPARTMENT - FIRST INFORMATION REPORT (SYNTHETIC RECORD)
FIR No: CASE_2025_0751 | Station: Byculla Police Station | Date: 2027-03-20
Investigating Officer: Inspector S. V. Kadam (Formal ...",0,200,True
CHK_0752_01,DOC_FIR_0752,1,"MUMBAI POLICE DEPARTMENT - FIRST INFORMATION REPORT (SYNTHETIC RECORD)
FIR No: CASE_2025_0752 | Station: Juhu Police Station | Date: 2027-03-21
Investigating Officer: Inspector S. V. Kadam (Formal Ter...",0,200,True
CHK_0753_01,DOC_FIR_0753,1,"MUMBAI POLICE DEPARTMENT - FIRST INFORMATION REPORT (SYNTHETIC RECORD)
FIR No: CASE_2025_0753 | Station: Malad Police Station | Date: 2027-03-23
Investigating Officer: Assistant Inspector A. B. Deshmu...",0,200,True
CHK_0754_01,DOC_FIR_0754,1,"MUMBAI POLICE DEPARTMENT - FIRST INFORMATION REPORT (SYNTHETIC RECORD)
FIR No: CASE_2025_0754 | Station: Malad Police Station | Date: 2027-03-23
Investigating Officer: Assistant Inspector A. B. Deshmu...",0,200,True
CHK_0755_01,DOC_FIR_0755,1,"MUMBAI POLICE DEPARTMENT - FIRST INFORMATION REPORT (SYNTHETIC RECORD)
FIR No: CASE_2025_0755 | Station: Worli Police Station | Date: 2027-03-25
Investigating Officer: Sub-Inspector R. P. Patil (Verbo...",0,200,True
CHK_0756_01,DOC_FIR_0756,1,"MUMBAI POLICE DEPARTMENT - FIRST INFORMATION REPORT (SYNTHETIC RECORD)
FIR No: CASE_2025_0756 | Station: Byculla Police Station | Date: 2027-03-25
Investigating Officer: Sub-Inspector R. P. Patil (Ver...",0,200,True
CHK_0757_01,DOC_FIR_0757,1,"MUMBAI POLICE DEPARTMENT - FIRST INFORMATION REPORT (SYNTHETIC RECORD)
FIR No: CASE_2025_0757 | Station: Andheri Police Station | Date: 2027-03-25
Investigating Officer: Assistant Inspector A. B. Desh...",0,200,True
CHK_0758_01,DOC_FIR_0758,1,"MUMBAI POLICE DEPARTMENT - FIRST INFORMATION REPORT (SYNTHETIC RECORD)
FIR No: CASE_2025_0758 | Station: Juhu Police Station | Date: 2027-03-26
Investigating Officer: Inspector S. V. Kadam (Formal Ter...",0,200,True
CHK_0759_01,DOC_FIR_0759,1,"MUMBAI POLICE DEPARTMENT - FIRST INFORMATION REPORT (SYNTHETIC RECORD)
FIR No: CASE_2025_0759 | Station: Kurla Police Station | Date: 2027-03-26
Investigating Officer: Assistant Inspector A. B. Deshmu...",0,200,True
CHK_0760_01,DOC_FIR_0760,1,"MUMBAI POLICE DEPARTMENT - FIRST INFORMATION REPORT (SYNTHETIC RECORD)
FIR No: CASE_2025_0760 | Station: Byculla Police Station | Date: 2027-03-26
Investigating Officer: Inspector S. V. Kadam (Formal ...",0,200,True
CHK_0761_01,DOC_FIR_0761,1,"MUMBAI POLICE DEPARTMENT - FIRST INFORMATION REPORT (SYNTHETIC RECORD)
FIR No: CASE_2025_0761 | Station: Borivali Police Station | Date: 2027-03-28
Investigating Officer: Assistant Inspector A. B. Des...",0,200,True
CHK_0762_01,DOC_FIR_0762,1,"MUMBAI POLICE DEPARTMENT - FIRST INFORMATION REPORT (SYNTHETIC RECORD)
FIR No: CASE_2025_0762 | Station: Juhu Police Station | Date: 2027-03-30
Investigating Officer: Inspector S. V. Kadam (Formal Ter...",0,200,True
CHK_0763_01,DOC_FIR_0763,1,"MUMBAI POLICE DEPARTMENT - FIRST INFORMATION REPORT (SYNTHETIC RECORD)
FIR No: CASE_2025_0763 | Station: Juhu Police Station | Date: 2027-04-03
Investigating Officer: Assistant Inspector A. B. Deshmuk...",0,200,True
CHK_0764_01,DOC_FIR_0764,1,"MUMBAI POLICE DEPARTMENT - FIRST INFORMATION REPORT (SYNTHETIC RECORD)
FIR No: CASE_2025_0764 | Station: Byculla Police Station | Date: 2027-04-03
Investigating Officer: Inspector S. V. Kadam (Formal ...",0,200,True
CHK_0765_01,DOC_FIR_0765,1,"MUMBAI POLICE DEPARTMENT - FIRST INFORMATION REPORT (SYNTHETIC RECORD)
FIR No: CASE_2025_0765 | Station: Byculla Police Station | Date: 2027-04-05
Investigating Officer: Sub-Inspector R. P. Patil (Ver...",0,200,True
CHK_0766_01,DOC_FIR_0766,1,"MUMBAI POLICE DEPARTMENT - FIRST INFORMATION REPORT (SYNTHETIC RECORD)
FIR No: CASE_2025_0766 | Station: Ghatkopar Police Station | Date: 2027-04-06
Investigating Officer: Assistant Inspector A. B. De...",0,200,True
CHK_0767_01,DOC_FIR_0767,1,"MUMBAI POLICE DEPARTMENT - FIRST INFORMATION REPORT (SYNTHETIC RECORD)
FIR No: CASE_2025_0767 | Station: Dharavi Police Station | Date: 2027-04-06
Investigating Officer: Inspector S. V. Kadam (Formal ...",0,200,True
CHK_0768_01,DOC_FIR_0768,1,"MUMBAI POLICE DEPARTMENT - FIRST INFORMATION REPORT (SYNTHETIC RECORD)
FIR No: CASE_2025_0768 | Station: Ghatkopar Police Station | Date: 2027-04-08
Investigating Officer: Inspector S. V. Kadam (Forma...",0,200,True
CHK_0769_01,DOC_FIR_0769,1,"MUMBAI POLICE DEPARTMENT - FIRST INFORMATION REPORT (SYNTHETIC RECORD)
FIR No: CASE_2025_0769 | Station: Kurla Police Station | Date: 2027-04-08
Investigating Officer: Inspector S. V. Kadam (Formal Te...",0,200,True
CHK_0770_01,DOC_FIR_0770,1,"MUMBAI POLICE DEPARTMENT - FIRST INFORMATION REPORT (SYNTHETIC RECORD)
FIR No: CASE_2025_0770 | Station: Kurla Police Station | Date: 2027-04-09
Investigating Officer: Inspector S. V. Kadam (Formal Te...",0,200,True
CHK_0771_01,DOC_FIR_0771,1,"MUMBAI POLICE DEPARTMENT - FIRST INFORMATION REPORT (SYNTHETIC RECORD)
FIR No: CASE_2025_0771 | Station: Andheri Police Station | Date: 2027-04-09
Investigating Officer: Assistant Inspector A. B. Desh...",0,200,True
CHK_0772_01,DOC_FIR_0772,1,"MUMBAI POLICE DEPARTMENT - FIRST INFORMATION REPORT (SYNTHETIC RECORD)
FIR No: CASE_2025_0772 | Station: Malad Police Station | Date: 2027-04-10
Investigating Officer: Sub-Inspector R. P. Patil (Verbo...",0,200,True
CHK_0773_01,DOC_FIR_0773,1,"MUMBAI POLICE DEPARTMENT - FIRST INFORMATION REPORT (SYNTHETIC RECORD)
FIR No: CASE_2025_0773 | Station: Colaba Police Station | Date: 2027-04-11
Investigating Officer: Assistant Inspector A. B. Deshm...",0,200,True
CHK_0774_01,DOC_FIR_0774,1,"MUMBAI POLICE DEPARTMENT - FIRST INFORMATION REPORT (SYNTHETIC RECORD)
FIR No: CASE_2025_0774 | Station: Andheri Police Station | Date: 2027-04-12
Investigating Officer: Sub-Inspector R. P. Patil (Ver...",0,200,True
CHK_0775_01,DOC_FIR_0775,1,"MUMBAI POLICE DEPARTMENT - FIRST INFORMATION REPORT (SYNTHETIC RECORD)
FIR No: CASE_2025_0775 | Station: Colaba Police Station | Date: 2027-04-13
Investigating Officer: Assistant Inspector A. B. Deshm...",0,200,True
CHK_0776_01,DOC_FIR_0776,1,"MUMBAI POLICE DEPARTMENT - FIRST INFORMATION REPORT (SYNTHETIC RECORD)
FIR No: CASE_2025_0776 | Station: Andheri Police Station | Date: 2027-04-13
Investigating Officer: Inspector S. V. Kadam (Formal ...",0,200,True
CHK_0777_01,DOC_FIR_0777,1,"MUMBAI POLICE DEPARTMENT - FIRST INFORMATION REPORT (SYNTHETIC RECORD)
FIR No: CASE_2025_0777 | Station: Juhu Police Station | Date: 2027-04-14
Investigating Officer: Sub-Inspector R. P. Patil (Verbos...",0,200,True
CHK_0778_01,DOC_FIR_0778,1,"MUMBAI POLICE DEPARTMENT - FIRST INFORMATION REPORT (SYNTHETIC RECORD)
FIR No: CASE_2025_0778 | Station: Chembur Police Station | Date: 2027-04-15
Investigating Officer: Sub-Inspector R. P. Patil (Ver...",0,200,True
CHK_0779_01,DOC_FIR_0779,1,"MUMBAI POLICE DEPARTMENT - FIRST INFORMATION REPORT (SYNTHETIC RECORD)
FIR No: CASE_2025_0779 | Station: Juhu Police Station | Date: 2027-04-18
Investigating Officer: Inspector S. V. Kadam (Formal Ter...",0,200,True
CHK_0780_01,DOC_FIR_0780,1,"MUMBAI POLICE DEPARTMENT - FIRST INFORMATION REPORT (SYNTHETIC RECORD)
FIR No: CASE_2025_0780 | Station: Chembur Police Station | Date: 2027-04-19
Investigating Officer: Sub-Inspector R. P. Patil (Ver...",0,200,True
CHK_0781_01,DOC_FIR_0781,1,"MUMBAI POLICE DEPARTMENT - FIRST INFORMATION REPORT (SYNTHETIC RECORD)
FIR No: CASE_2025_0781 | Station: Malad Police Station | Date: 2027-04-19
Investigating Officer: Sub-Inspector R. P. Patil (Verbo...",0,200,True
CHK_0782_01,DOC_FIR_0782,1,"MUMBAI POLICE DEPARTMENT - FIRST INFORMATION REPORT (SYNTHETIC RECORD)
FIR No: CASE_2025_0782 | Station: Bandra Police Station | Date: 2027-04-19
Investigating Officer: Assistant Inspector A. B. Deshm...",0,200,True
CHK_0783_01,DOC_FIR_0783,1,"MUMBAI POLICE DEPARTMENT - FIRST INFORMATION REPORT (SYNTHETIC RECORD)
FIR No: CASE_2025_0783 | Station: Bandra Police Station | Date: 2027-04-22
Investigating Officer: Sub-Inspector R. P. Patil (Verb...",0,200,True
CHK_0784_01,DOC_FIR_0784,1,"MUMBAI POLICE DEPARTMENT - FIRST INFORMATION REPORT (SYNTHETIC RECORD)
FIR No: CASE_2025_0784 | Station: Dharavi Police Station | Date: 2027-04-24
Investigating Officer: Assistant Inspector A. B. Desh...",0,200,True
CHK_0785_01,DOC_FIR_0785,1,"MUMBAI POLICE DEPARTMENT - FIRST INFORMATION REPORT (SYNTHETIC RECORD)
FIR No: CASE_2025_0785 | Station: Juhu Police Station | Date: 2027-04-24
Investigating Officer: Inspector S. V. Kadam (Formal Ter...",0,200,True
CHK_0786_01,DOC_FIR_0786,1,"MUMBAI POLICE DEPARTMENT - FIRST INFORMATION REPORT (SYNTHETIC RECORD)
FIR No: CASE_2025_0786 | Station: Juhu Police Station | Date: 2027-05-04
Investigating Officer: Assistant Inspector A. B. Deshmuk...",0,200,True
CHK_0787_01,DOC_FIR_0787,1,"MUMBAI POLICE DEPARTMENT - FIRST INFORMATION REPORT (SYNTHETIC RECORD)
FIR No: CASE_2025_0787 | Station: Andheri Police Station | Date: 2027-05-04
Investigating Officer: Sub-Inspector R. P. Patil (Ver...",0,200,True
CHK_0788_01,DOC_FIR_0788,1,"MUMBAI POLICE DEPARTMENT - FIRST INFORMATION REPORT (SYNTHETIC RECORD)
FIR No: CASE_2025_0788 | Station: Chembur Police Station | Date: 2027-05-05
Investigating Officer: Sub-Inspector R. P. Patil (Ver...",0,200,True
CHK_0789_01,DOC_FIR_0789,1,"MUMBAI POLICE DEPARTMENT - FIRST INFORMATION REPORT (SYNTHETIC RECORD)
FIR No: CASE_2025_0789 | Station: Chembur Police Station | Date: 2027-05-06
Investigating Officer: Sub-Inspector R. P. Patil (Ver...",0,200,True
CHK_0790_01,DOC_FIR_0790,1,"MUMBAI POLICE DEPARTMENT - FIRST INFORMATION REPORT (SYNTHETIC RECORD)
FIR No: CASE_2025_0790 | Station: Ghatkopar Police Station | Date: 2027-05-07
Investigating Officer: Inspector S. V. Kadam (Forma...",0,200,True
CHK_0791_01,DOC_FIR_0791,1,"MUMBAI POLICE DEPARTMENT - FIRST INFORMATION REPORT (SYNTHETIC RECORD)
FIR No: CASE_2025_0791 | Station: Juhu Police Station | Date: 2027-05-07
Investigating Officer: Assistant Inspector A. B. Deshmuk...",0,200,True
CHK_0792_01,DOC_FIR_0792,1,"MUMBAI POLICE DEPARTMENT - FIRST INFORMATION REPORT (SYNTHETIC RECORD)
FIR No: CASE_2025_0792 | Station: Andheri Police Station | Date: 2027-05-08
Investigating Officer: Assistant Inspector A. B. Desh...",0,200,True
CHK_0793_01,DOC_FIR_0793,1,"MUMBAI POLICE DEPARTMENT - FIRST INFORMATION REPORT (SYNTHETIC RECORD)
FIR No: CASE_2025_0793 | Station: Colaba Police Station | Date: 2027-05-08
Investigating Officer: Inspector S. V. Kadam (Formal T...",0,200,True
CHK_0794_01,DOC_FIR_0794,1,"MUMBAI POLICE DEPARTMENT - FIRST INFORMATION REPORT (SYNTHETIC RECORD)
FIR No: CASE_2025_0794 | Station: Byculla Police Station | Date: 2027-05-09
Investigating Officer: Sub-Inspector R. P. Patil (Ver...",0,200,True
CHK_0795_01,DOC_FIR_0795,1,"MUMBAI POLICE DEPARTMENT - FIRST INFORMATION REPORT (SYNTHETIC RECORD)
FIR No: CASE_2025_0795 | Station: Malad Police Station | Date: 2027-05-11
Investigating Officer: Assistant Inspector A. B. Deshmu...",0,200,True
CHK_0796_01,DOC_FIR_0796,1,"MUMBAI POLICE DEPARTMENT - FIRST INFORMATION REPORT (SYNTHETIC RECORD)
FIR No: CASE_2025_0796 | Station: Dharavi Police Station | Date: 2027-05-11
Investigating Officer: Inspector S. V. Kadam (Formal ...",0,200,True
CHK_0797_01,DOC_FIR_0797,1,"MUMBAI POLICE DEPARTMENT - FIRST INFORMATION REPORT (SYNTHETIC RECORD)
FIR No: CASE_2025_0797 | Station: Borivali Police Station | Date: 2027-05-11
Investigating Officer: Assistant Inspector A. B. Des...",0,200,True
CHK_0798_01,DOC_FIR_0798,1,"MUMBAI POLICE DEPARTMENT - FIRST INFORMATION REPORT (SYNTHETIC RECORD)
FIR No: CASE_2025_0798 | Station: Ghatkopar Police Station | Date: 2027-05-12
Investigating Officer: Inspector S. V. Kadam (Forma...",0,200,True
CHK_0799_01,DOC_FIR_0799,1,"MUMBAI POLICE DEPARTMENT - FIRST INFORMATION REPORT (SYNTHETIC RECORD)
FIR No: CASE_2025_0799 | Station: Bandra Police Station | Date: 2027-05-15
Investigating Officer: Inspector S. V. Kadam (Formal T...",0,200,True
CHK_0800_01,DOC_FIR_0800,1,"MUMBAI POLICE DEPARTMENT - FIRST INFORMATION REPORT (SYNTHETIC RECORD)
FIR No: CASE_2025_0800 | Station: Byculla Police Station | Date: 2027-05-17
Investigating Officer: Sub-Inspector R. P. Patil (Ver...",0,200,True
CHK_0801_01,DOC_FIR_0801,1,"MUMBAI POLICE DEPARTMENT - FIRST INFORMATION REPORT (SYNTHETIC RECORD)
FIR No: CASE_2025_0801 | Station: Worli Police Station | Date: 2027-05-18
Investigating Officer: Assistant Inspector A. B. Deshmu...",0,200,True
CHK_0802_01,DOC_FIR_0802,1,"MUMBAI POLICE DEPARTMENT - FIRST INFORMATION REPORT (SYNTHETIC RECORD)
FIR No: CASE_2025_0802 | Station: Borivali Police Station | Date: 2027-05-18
Investigating Officer: Inspector S. V. Kadam (Formal...",0,200,True
CHK_0803_01,DOC_FIR_0803,1,"MUMBAI POLICE DEPARTMENT - FIRST INFORMATION REPORT (SYNTHETIC RECORD)
FIR No: CASE_2025_0803 | Station: Ghatkopar Police Station | Date: 2027-05-19
Investigating Officer: Sub-Inspector R. P. Patil (V...",0,200,True
CHK_0804_01,DOC_FIR_0804,1,"MUMBAI POLICE DEPARTMENT - FIRST INFORMATION REPORT (SYNTHETIC RECORD)
FIR No: CASE_2025_0804 | Station: Ghatkopar Police Station | Date: 2027-05-20
Investigating Officer: Inspector S. V. Kadam (Forma...",0,200,True
CHK_0805_01,DOC_FIR_0805,1,"MUMBAI POLICE DEPARTMENT - FIRST INFORMATION REPORT (SYNTHETIC RECORD)
FIR No: CASE_2025_0805 | Station: Dharavi Police Station | Date: 2027-05-21
Investigating Officer: Assistant Inspector A. B. Desh...",0,200,True
CHK_0806_01,DOC_FIR_0806,1,"MUMBAI POLICE DEPARTMENT - FIRST INFORMATION REPORT (SYNTHETIC RECORD)
FIR No: CASE_2025_0806 | Station: Worli Police Station | Date: 2027-05-23
Investigating Officer: Sub-Inspector R. P. Patil (Verbo...",0,200,True
CHK_0807_01,DOC_FIR_0807,1,"MUMBAI POLICE DEPARTMENT - FIRST INFORMATION REPORT (SYNTHETIC RECORD)
FIR No: CASE_2025_0807 | Station: Andheri Police Station | Date: 2027-05-23
Investigating Officer: Inspector S. V. Kadam (Formal ...",0,200,True
CHK_0808_01,DOC_FIR_0808,1,"MUMBAI POLICE DEPARTMENT - FIRST INFORMATION REPORT (SYNTHETIC RECORD)
FIR No: CASE_2025_0808 | Station: Colaba Police Station | Date: 2027-05-23
Investigating Officer: Assistant Inspector A. B. Deshm...",0,200,True
CHK_0809_01,DOC_FIR_0809,1,"MUMBAI POLICE DEPARTMENT - FIRST INFORMATION REPORT (SYNTHETIC RECORD)
FIR No: CASE_2025_0809 | Station: Ghatkopar Police Station | Date: 2027-05-23
Investigating Officer: Assistant Inspector A. B. De...",0,200,True
CHK_0810_01,DOC_FIR_0810,1,"MUMBAI POLICE DEPARTMENT - FIRST INFORMATION REPORT (SYNTHETIC RECORD)
FIR No: CASE_2025_0810 | Station: Malad Police Station | Date: 2027-05-24
Investigating Officer: Inspector S. V. Kadam (Formal Te...",0,200,True
CHK_0811_01,DOC_FIR_0811,1,"MUMBAI POLICE DEPARTMENT - FIRST INFORMATION REPORT (SYNTHETIC RECORD)
FIR No: CASE_2025_0811 | Station: Andheri Police Station | Date: 2027-05-24
Investigating Officer: Assistant Inspector A. B. Desh...",0,200,True
CHK_0812_01,DOC_FIR_0812,1,"MUMBAI POLICE DEPARTMENT - FIRST INFORMATION REPORT (SYNTHETIC RECORD)
FIR No: CASE_2025_0812 | Station: Kurla Police Station | Date: 2027-05-28
Investigating Officer: Assistant Inspector A. B. Deshmu...",0,200,True
CHK_0813_01,DOC_FIR_0813,1,"MUMBAI POLICE DEPARTMENT - FIRST INFORMATION REPORT (SYNTHETIC RECORD)
FIR No: CASE_2025_0813 | Station: Chembur Police Station | Date: 2027-05-28
Investigating Officer: Sub-Inspector R. P. Patil (Ver...",0,200,True
CHK_0814_01,DOC_FIR_0814,1,"MUMBAI POLICE DEPARTMENT - FIRST INFORMATION REPORT (SYNTHETIC RECORD)
FIR No: CASE_2025_0814 | Station: Bandra Police Station | Date: 2027-05-29
Investigating Officer: Inspector S. V. Kadam (Formal T...",0,200,True
CHK_0815_01,DOC_FIR_0815,1,"MUMBAI POLICE DEPARTMENT - FIRST INFORMATION REPORT (SYNTHETIC RECORD)
FIR No: CASE_2025_0815 | Station: Bandra Police Station | Date: 2027-05-30
Investigating Officer: Sub-Inspector R. P. Patil (Verb...",0,200,True
CHK_0816_01,DOC_FIR_0816,1,"MUMBAI POLICE DEPARTMENT - FIRST INFORMATION REPORT (SYNTHETIC RECORD)
FIR No: CASE_2025_0816 | Station: Chembur Police Station | Date: 2027-05-30
Investigating Officer: Sub-Inspector R. P. Patil (Ver...",0,200,True
CHK_0817_01,DOC_FIR_0817,1,"MUMBAI POLICE DEPARTMENT - FIRST INFORMATION REPORT (SYNTHETIC RECORD)
FIR No: CASE_2025_0817 | Station: Byculla Police Station | Date: 2027-05-31
Investigating Officer: Sub-Inspector R. P. Patil (Ver...",0,200,True
CHK_0818_01,DOC_FIR_0818,1,"MUMBAI POLICE DEPARTMENT - FIRST INFORMATION REPORT (SYNTHETIC RECORD)
FIR No: CASE_2025_0818 | Station: Juhu Police Station | Date: 2027-06-01
Investigating Officer: Assistant Inspector A. B. Deshmuk...",0,200,True
CHK_0819_01,DOC_FIR_0819,1,"MUMBAI POLICE DEPARTMENT - FIRST INFORMATION REPORT (SYNTHETIC RECORD)
FIR No: CASE_2025_0819 | Station: Malad Police Station | Date: 2027-06-03
Investigating Officer: Assistant Inspector A. B. Deshmu...",0,200,True
CHK_0820_01,DOC_FIR_0820,1,"MUMBAI POLICE DEPARTMENT - FIRST INFORMATION REPORT (SYNTHETIC RECORD)
FIR No: CASE_2025_0820 | Station: Andheri Police Station | Date: 2027-06-03
Investigating Officer: Inspector S. V. Kadam (Formal ...",0,200,True
CHK_0821_01,DOC_FIR_0821,1,"MUMBAI POLICE DEPARTMENT - FIRST INFORMATION REPORT (SYNTHETIC RECORD)
FIR No: CASE_2025_0821 | Station: Chembur Police Station | Date: 2027-06-03
Investigating Officer: Assistant Inspector A. B. Desh...",0,200,True
CHK_0822_01,DOC_FIR_0822,1,"MUMBAI POLICE DEPARTMENT - FIRST INFORMATION REPORT (SYNTHETIC RECORD)
FIR No: CASE_2025_0822 | Station: Dharavi Police Station | Date: 2027-06-03
Investigating Officer: Sub-Inspector R. P. Patil (Ver...",0,200,True
CHK_0823_01,DOC_FIR_0823,1,"MUMBAI POLICE DEPARTMENT - FIRST INFORMATION REPORT (SYNTHETIC RECORD)
FIR No: CASE_2025_0823 | Station: Kurla Police Station | Date: 2027-06-08
Investigating Officer: Inspector S. V. Kadam (Formal Te...",0,200,True
CHK_0824_01,DOC_FIR_0824,1,"MUMBAI POLICE DEPARTMENT - FIRST INFORMATION REPORT (SYNTHETIC RECORD)
FIR No: CASE_2025_0824 | Station: Dharavi Police Station | Date: 2027-06-09
Investigating Officer: Inspector S. V. Kadam (Formal ...",0,200,True
CHK_0825_01,DOC_FIR_0825,1,"MUMBAI POLICE DEPARTMENT - FIRST INFORMATION REPORT (SYNTHETIC RECORD)
FIR No: CASE_2025_0825 | Station: Ghatkopar Police Station | Date: 2027-06-09
Investigating Officer: Inspector S. V. Kadam (Forma...",0,200,True
CHK_0826_01,DOC_FIR_0826,1,"MUMBAI POLICE DEPARTMENT - FIRST INFORMATION REPORT (SYNTHETIC RECORD)
FIR No: CASE_2025_0826 | Station: Malad Police Station | Date: 2027-06-16
Investigating Officer: Assistant Inspector A. B. Deshmu...",0,200,True
CHK_0827_01,DOC_FIR_0827,1,"MUMBAI POLICE DEPARTMENT - FIRST INFORMATION REPORT (SYNTHETIC RECORD)
FIR No: CASE_2025_0827 | Station: Ghatkopar Police Station | Date: 2027-06-16
Investigating Officer: Assistant Inspector A. B. De...",0,200,True
CHK_0828_01,DOC_FIR_0828,1,"MUMBAI POLICE DEPARTMENT - FIRST INFORMATION REPORT (SYNTHETIC RECORD)
FIR No: CASE_2025_0828 | Station: Borivali Police Station | Date: 2027-06-17
Investigating Officer: Inspector S. V. Kadam (Formal...",0,200,True
CHK_0829_01,DOC_FIR_0829,1,"MUMBAI POLICE DEPARTMENT - FIRST INFORMATION REPORT (SYNTHETIC RECORD)
FIR No: CASE_2025_0829 | Station: Andheri Police Station | Date: 2027-06-18
Investigating Officer: Sub-Inspector R. P. Patil (Ver...",0,200,True
CHK_0830_01,DOC_FIR_0830,1,"MUMBAI POLICE DEPARTMENT - FIRST INFORMATION REPORT (SYNTHETIC RECORD)
FIR No: CASE_2025_0830 | Station: Chembur Police Station | Date: 2027-06-18
Investigating Officer: Sub-Inspector R. P. Patil (Ver...",0,200,True
CHK_0831_01,DOC_FIR_0831,1,"MUMBAI POLICE DEPARTMENT - FIRST INFORMATION REPORT (SYNTHETIC RECORD)
FIR No: CASE_2025_0831 | Station: Worli Police Station | Date: 2027-06-20
Investigating Officer: Sub-Inspector R. P. Patil (Verbo...",0,200,True
CHK_0832_01,DOC_FIR_0832,1,"MUMBAI POLICE DEPARTMENT - FIRST INFORMATION REPORT (SYNTHETIC RECORD)
FIR No: CASE_2025_0832 | Station: Borivali Police Station | Date: 2027-06-22
Investigating Officer: Inspector S. V. Kadam (Formal...",0,200,True
CHK_0833_01,DOC_FIR_0833,1,"MUMBAI POLICE DEPARTMENT - FIRST INFORMATION REPORT (SYNTHETIC RECORD)
FIR No: CASE_2025_0833 | Station: Juhu Police Station | Date: 2027-06-22
Investigating Officer: Assistant Inspector A. B. Deshmuk...",0,200,True
CHK_0834_01,DOC_FIR_0834,1,"MUMBAI POLICE DEPARTMENT - FIRST INFORMATION REPORT (SYNTHETIC RECORD)
FIR No: CASE_2025_0834 | Station: Ghatkopar Police Station | Date: 2027-06-24
Investigating Officer: Sub-Inspector R. P. Patil (V...",0,200,True
CHK_0835_01,DOC_FIR_0835,1,"MUMBAI POLICE DEPARTMENT - FIRST INFORMATION REPORT (SYNTHETIC RECORD)
FIR No: CASE_2025_0835 | Station: Malad Police Station | Date: 2027-06-24
Investigating Officer: Sub-Inspector R. P. Patil (Verbo...",0,200,True
CHK_0836_01,DOC_FIR_0836,1,"MUMBAI POLICE DEPARTMENT - FIRST INFORMATION REPORT (SYNTHETIC RECORD)
FIR No: CASE_2025_0836 | Station: Malad Police Station | Date: 2027-06-25
Investigating Officer: Assistant Inspector A. B. Deshmu...",0,200,True
CHK_0837_01,DOC_FIR_0837,1,"MUMBAI POLICE DEPARTMENT - FIRST INFORMATION REPORT (SYNTHETIC RECORD)
FIR No: CASE_2025_0837 | Station: Dharavi Police Station | Date: 2027-06-25
Investigating Officer: Inspector S. V. Kadam (Formal ...",0,200,True
CHK_0838_01,DOC_FIR_0838,1,"MUMBAI POLICE DEPARTMENT - FIRST INFORMATION REPORT (SYNTHETIC RECORD)
FIR No: CASE_2025_0838 | Station: Malad Police Station | Date: 2027-06-26
Investigating Officer: Inspector S. V. Kadam (Formal Te...",0,200,True
CHK_0839_01,DOC_FIR_0839,1,"MUMBAI POLICE DEPARTMENT - FIRST INFORMATION REPORT (SYNTHETIC RECORD)
FIR No: CASE_2025_0839 | Station: Bandra Police Station | Date: 2027-06-26
Investigating Officer: Assistant Inspector A. B. Deshm...",0,200,True
CHK_0840_01,DOC_FIR_0840,1,"MUMBAI POLICE DEPARTMENT - FIRST INFORMATION REPORT (SYNTHETIC RECORD)
FIR No: CASE_2025_0840 | Station: Andheri Police Station | Date: 2027-06-29
Investigating Officer: Inspector S. V. Kadam (Formal ...",0,200,True
CHK_0841_01,DOC_FIR_0841,1,"MUMBAI POLICE DEPARTMENT - FIRST INFORMATION REPORT (SYNTHETIC RECORD)
FIR No: CASE_2025_0841 | Station: Juhu Police Station | Date: 2027-06-29
Investigating Officer: Assistant Inspector A. B. Deshmuk...",0,200,True
CHK_0842_01,DOC_FIR_0842,1,"MUMBAI POLICE DEPARTMENT - FIRST INFORMATION REPORT (SYNTHETIC RECORD)
FIR No: CASE_2025_0842 | Station: Juhu Police Station | Date: 2027-06-30
Investigating Officer: Assistant Inspector A. B. Deshmuk...",0,200,True
CHK_0843_01,DOC_FIR_0843,1,"MUMBAI POLICE DEPARTMENT - FIRST INFORMATION REPORT (SYNTHETIC RECORD)
FIR No: CASE_2025_0843 | Station: Bandra Police Station | Date: 2027-06-30
Investigating Officer: Sub-Inspector R. P. Patil (Verb...",0,200,True
CHK_0844_01,DOC_FIR_0844,1,"MUMBAI POLICE DEPARTMENT - FIRST INFORMATION REPORT (SYNTHETIC RECORD)
FIR No: CASE_2025_0844 | Station: Byculla Police Station | Date: 2027-07-01
Investigating Officer: Assistant Inspector A. B. Desh...",0,200,True
CHK_0845_01,DOC_FIR_0845,1,"MUMBAI POLICE DEPARTMENT - FIRST INFORMATION REPORT (SYNTHETIC RECORD)
FIR No: CASE_2025_0845 | Station: Dharavi Police Station | Date: 2027-07-03
Investigating Officer: Assistant Inspector A. B. Desh...",0,200,True
CHK_0846_01,DOC_FIR_0846,1,"MUMBAI POLICE DEPARTMENT - FIRST INFORMATION REPORT (SYNTHETIC RECORD)
FIR No: CASE_2025_0846 | Station: Borivali Police Station | Date: 2027-07-03
Investigating Officer: Assistant Inspector A. B. Des...",0,200,True
CHK_0847_01,DOC_FIR_0847,1,"MUMBAI POLICE DEPARTMENT - FIRST INFORMATION REPORT (SYNTHETIC RECORD)
FIR No: CASE_2025_0847 | Station: Malad Police Station | Date: 2027-07-03
Investigating Officer: Assistant Inspector A. B. Deshmu...",0,200,True
CHK_0848_01,DOC_FIR_0848,1,"MUMBAI POLICE DEPARTMENT - FIRST INFORMATION REPORT (SYNTHETIC RECORD)
FIR No: CASE_2025_0848 | Station: Borivali Police Station | Date: 2027-07-05
Investigating Officer: Assistant Inspector A. B. Des...",0,200,True
CHK_0849_01,DOC_FIR_0849,1,"MUMBAI POLICE DEPARTMENT - FIRST INFORMATION REPORT (SYNTHETIC RECORD)
FIR No: CASE_2025_0849 | Station: Dharavi Police Station | Date: 2027-07-08
Investigating Officer: Assistant Inspector A. B. Desh...",0,200,True
CHK_0850_01,DOC_FIR_0850,1,"MUMBAI POLICE DEPARTMENT - FIRST INFORMATION REPORT (SYNTHETIC RECORD)
FIR No: CASE_2025_0850 | Station: Chembur Police Station | Date: 2027-07-09
Investigating Officer: Assistant Inspector A. B. Desh...",0,200,True
CHK_0851_01,DOC_FIR_0851,1,"MUMBAI POLICE DEPARTMENT - FIRST INFORMATION REPORT (SYNTHETIC RECORD)
FIR No: CASE_2025_0851 | Station: Borivali Police Station | Date: 2027-07-09
Investigating Officer: Inspector S. V. Kadam (Formal...",0,200,True
CHK_0852_01,DOC_FIR_0852,1,"MUMBAI POLICE DEPARTMENT - FIRST INFORMATION REPORT (SYNTHETIC RECORD)
FIR No: CASE_2025_0852 | Station: Colaba Police Station | Date: 2027-07-10
Investigating Officer: Inspector S. V. Kadam (Formal T...",0,200,True
CHK_0853_01,DOC_FIR_0853,1,"MUMBAI POLICE DEPARTMENT - FIRST INFORMATION REPORT (SYNTHETIC RECORD)
FIR No: CASE_2025_0853 | Station: Byculla Police Station | Date: 2027-07-10
Investigating Officer: Assistant Inspector A. B. Desh...",0,200,True
CHK_0854_01,DOC_FIR_0854,1,"MUMBAI POLICE DEPARTMENT - FIRST INFORMATION REPORT (SYNTHETIC RECORD)
FIR No: CASE_2025_0854 | Station: Byculla Police Station | Date: 2027-07-11
Investigating Officer: Inspector S. V. Kadam (Formal ...",0,200,True
CHK_0855_01,DOC_FIR_0855,1,"MUMBAI POLICE DEPARTMENT - FIRST INFORMATION REPORT (SYNTHETIC RECORD)
FIR No: CASE_2025_0855 | Station: Borivali Police Station | Date: 2027-07-12
Investigating Officer: Sub-Inspector R. P. Patil (Ve...",0,200,True
CHK_0856_01,DOC_FIR_0856,1,"MUMBAI POLICE DEPARTMENT - FIRST INFORMATION REPORT (SYNTHETIC RECORD)
FIR No: CASE_2025_0856 | Station: Byculla Police Station | Date: 2027-07-14
Investigating Officer: Inspector S. V. Kadam (Formal ...",0,200,True
CHK_0857_01,DOC_FIR_0857,1,"MUMBAI POLICE DEPARTMENT - FIRST INFORMATION REPORT (SYNTHETIC RECORD)
FIR No: CASE_2025_0857 | Station: Byculla Police Station | Date: 2027-07-15
Investigating Officer: Assistant Inspector A. B. Desh...",0,200,True
CHK_0858_01,DOC_FIR_0858,1,"MUMBAI POLICE DEPARTMENT - FIRST INFORMATION REPORT (SYNTHETIC RECORD)
FIR No: CASE_2025_0858 | Station: Byculla Police Station | Date: 2027-07-15
Investigating Officer: Sub-Inspector R. P. Patil (Ver...",0,200,True
CHK_0859_01,DOC_FIR_0859,1,"MUMBAI POLICE DEPARTMENT - FIRST INFORMATION REPORT (SYNTHETIC RECORD)
FIR No: CASE_2025_0859 | Station: Kurla Police Station | Date: 2027-07-19
Investigating Officer: Assistant Inspector A. B. Deshmu...",0,200,True
CHK_0860_01,DOC_FIR_0860,1,"MUMBAI POLICE DEPARTMENT - FIRST INFORMATION REPORT (SYNTHETIC RECORD)
FIR No: CASE_2025_0860 | Station: Andheri Police Station | Date: 2027-07-19
Investigating Officer: Sub-Inspector R. P. Patil (Ver...",0,200,True
CHK_0861_01,DOC_FIR_0861,1,"MUMBAI POLICE DEPARTMENT - FIRST INFORMATION REPORT (SYNTHETIC RECORD)
FIR No: CASE_2025_0861 | Station: Chembur Police Station | Date: 2027-07-20
Investigating Officer: Inspector S. V. Kadam (Formal ...",0,200,True
CHK_0862_01,DOC_FIR_0862,1,"MUMBAI POLICE DEPARTMENT - FIRST INFORMATION REPORT (SYNTHETIC RECORD)
FIR No: CASE_2025_0862 | Station: Ghatkopar Police Station | Date: 2027-07-20
Investigating Officer: Sub-Inspector R. P. Patil (V...",0,200,True
CHK_0863_01,DOC_FIR_0863,1,"MUMBAI POLICE DEPARTMENT - FIRST INFORMATION REPORT (SYNTHETIC RECORD)
FIR No: CASE_2025_0863 | Station: Ghatkopar Police Station | Date: 2027-07-21
Investigating Officer: Inspector S. V. Kadam (Forma...",0,200,True
CHK_0864_01,DOC_FIR_0864,1,"MUMBAI POLICE DEPARTMENT - FIRST INFORMATION REPORT (SYNTHETIC RECORD)
FIR No: CASE_2025_0864 | Station: Borivali Police Station | Date: 2027-07-21
Investigating Officer: Inspector S. V. Kadam (Formal...",0,200,True
CHK_0865_01,DOC_FIR_0865,1,"MUMBAI POLICE DEPARTMENT - FIRST INFORMATION REPORT (SYNTHETIC RECORD)
FIR No: CASE_2025_0865 | Station: Chembur Police Station | Date: 2027-07-21
Investigating Officer: Sub-Inspector R. P. Patil (Ver...",0,200,True
CHK_0866_01,DOC_FIR_0866,1,"MUMBAI POLICE DEPARTMENT - FIRST INFORMATION REPORT (SYNTHETIC RECORD)
FIR No: CASE_2025_0866 | Station: Juhu Police Station | Date: 2027-07-23
Investigating Officer: Sub-Inspector R. P. Patil (Verbos...",0,200,True
CHK_0867_01,DOC_FIR_0867,1,"MUMBAI POLICE DEPARTMENT - FIRST INFORMATION REPORT (SYNTHETIC RECORD)
FIR No: CASE_2025_0867 | Station: Juhu Police Station | Date: 2027-07-25
Investigating Officer: Assistant Inspector A. B. Deshmuk...",0,200,True
CHK_0868_01,DOC_FIR_0868,1,"MUMBAI POLICE DEPARTMENT - FIRST INFORMATION REPORT (SYNTHETIC RECORD)
FIR No: CASE_2025_0868 | Station: Bandra Police Station | Date: 2027-07-25
Investigating Officer: Sub-Inspector R. P. Patil (Verb...",0,200,True
CHK_0869_01,DOC_FIR_0869,1,"MUMBAI POLICE DEPARTMENT - FIRST INFORMATION REPORT (SYNTHETIC RECORD)
FIR No: CASE_2025_0869 | Station: Ghatkopar Police Station | Date: 2027-07-26
Investigating Officer: Inspector S. V. Kadam (Forma...",0,200,True
CHK_0870_01,DOC_FIR_0870,1,"MUMBAI POLICE DEPARTMENT - FIRST INFORMATION REPORT (SYNTHETIC RECORD)
FIR No: CASE_2025_0870 | Station: Ghatkopar Police Station | Date: 2027-07-27
Investigating Officer: Inspector S. V. Kadam (Forma...",0,200,True
CHK_0871_01,DOC_FIR_0871,1,"MUMBAI POLICE DEPARTMENT - FIRST INFORMATION REPORT (SYNTHETIC RECORD)
FIR No: CASE_2025_0871 | Station: Bandra Police Station | Date: 2027-08-01
Investigating Officer: Inspector S. V. Kadam (Formal T...",0,200,True
CHK_0872_01,DOC_FIR_0872,1,"MUMBAI POLICE DEPARTMENT - FIRST INFORMATION REPORT (SYNTHETIC RECORD)
FIR No: CASE_2025_0872 | Station: Worli Police Station | Date: 2027-08-01
Investigating Officer: Assistant Inspector A. B. Deshmu...",0,200,True
CHK_0873_01,DOC_FIR_0873,1,"MUMBAI POLICE DEPARTMENT - FIRST INFORMATION REPORT (SYNTHETIC RECORD)
FIR No: CASE_2025_0873 | Station: Kurla Police Station | Date: 2027-08-02
Investigating Officer: Inspector S. V. Kadam (Formal Te...",0,200,True
CHK_0874_01,DOC_FIR_0874,1,"MUMBAI POLICE DEPARTMENT - FIRST INFORMATION REPORT (SYNTHETIC RECORD)
FIR No: CASE_2025_0874 | Station: Juhu Police Station | Date: 2027-08-03
Investigating Officer: Assistant Inspector A. B. Deshmuk...",0,200,True
CHK_0875_01,DOC_FIR_0875,1,"MUMBAI POLICE DEPARTMENT - FIRST INFORMATION REPORT (SYNTHETIC RECORD)
FIR No: CASE_2025_0875 | Station: Juhu Police Station | Date: 2027-08-05
Investigating Officer: Inspector S. V. Kadam (Formal Ter...",0,200,True
CHK_0876_01,DOC_FIR_0876,1,"MUMBAI POLICE DEPARTMENT - FIRST INFORMATION REPORT (SYNTHETIC RECORD)
FIR No: CASE_2025_0876 | Station: Dharavi Police Station | Date: 2027-08-06
Investigating Officer: Sub-Inspector R. P. Patil (Ver...",0,200,True
CHK_0877_01,DOC_FIR_0877,1,"MUMBAI POLICE DEPARTMENT - FIRST INFORMATION REPORT (SYNTHETIC RECORD)
FIR No: CASE_2025_0877 | Station: Ghatkopar Police Station | Date: 2027-08-08
Investigating Officer: Sub-Inspector R. P. Patil (V...",0,200,True
CHK_0878_01,DOC_FIR_0878,1,"MUMBAI POLICE DEPARTMENT - FIRST INFORMATION REPORT (SYNTHETIC RECORD)
FIR No: CASE_2025_0878 | Station: Ghatkopar Police Station | Date: 2027-08-09
Investigating Officer: Inspector S. V. Kadam (Forma...",0,200,True
CHK_0879_01,DOC_FIR_0879,1,"MUMBAI POLICE DEPARTMENT - FIRST INFORMATION REPORT (SYNTHETIC RECORD)
FIR No: CASE_2025_0879 | Station: Worli Police Station | Date: 2027-08-11
Investigating Officer: Assistant Inspector A. B. Deshmu...",0,200,True
CHK_0880_01,DOC_FIR_0880,1,"MUMBAI POLICE DEPARTMENT - FIRST INFORMATION REPORT (SYNTHETIC RECORD)
FIR No: CASE_2025_0880 | Station: Kurla Police Station | Date: 2027-08-11
Investigating Officer: Inspector S. V. Kadam (Formal Te...",0,200,True
CHK_0881_01,DOC_FIR_0881,1,"MUMBAI POLICE DEPARTMENT - FIRST INFORMATION REPORT (SYNTHETIC RECORD)
FIR No: CASE_2025_0881 | Station: Juhu Police Station | Date: 2027-08-12
Investigating Officer: Inspector S. V. Kadam (Formal Ter...",0,200,True
CHK_0882_01,DOC_FIR_0882,1,"MUMBAI POLICE DEPARTMENT - FIRST INFORMATION REPORT (SYNTHETIC RECORD)
FIR No: CASE_2025_0882 | Station: Andheri Police Station | Date: 2027-08-13
Investigating Officer: Sub-Inspector R. P. Patil (Ver...",0,200,True
CHK_0883_01,DOC_FIR_0883,1,"MUMBAI POLICE DEPARTMENT - FIRST INFORMATION REPORT (SYNTHETIC RECORD)
FIR No: CASE_2025_0883 | Station: Byculla Police Station | Date: 2027-08-14
Investigating Officer: Assistant Inspector A. B. Desh...",0,200,True
CHK_0884_01,DOC_FIR_0884,1,"MUMBAI POLICE DEPARTMENT - FIRST INFORMATION REPORT (SYNTHETIC RECORD)
FIR No: CASE_2025_0884 | Station: Andheri Police Station | Date: 2027-08-15
Investigating Officer: Assistant Inspector A. B. Desh...",0,200,True
CHK_0885_01,DOC_FIR_0885,1,"MUMBAI POLICE DEPARTMENT - FIRST INFORMATION REPORT (SYNTHETIC RECORD)
FIR No: CASE_2025_0885 | Station: Bandra Police Station | Date: 2027-08-20
Investigating Officer: Sub-Inspector R. P. Patil (Verb...",0,200,True
CHK_0886_01,DOC_FIR_0886,1,"MUMBAI POLICE DEPARTMENT - FIRST INFORMATION REPORT (SYNTHETIC RECORD)
FIR No: CASE_2025_0886 | Station: Andheri Police Station | Date: 2027-08-21
Investigating Officer: Assistant Inspector A. B. Desh...",0,200,True
CHK_0887_01,DOC_FIR_0887,1,"MUMBAI POLICE DEPARTMENT - FIRST INFORMATION REPORT (SYNTHETIC RECORD)
FIR No: CASE_2025_0887 | Station: Worli Police Station | Date: 2027-08-21
Investigating Officer: Sub-Inspector R. P. Patil (Verbo...",0,200,True
CHK_0888_01,DOC_FIR_0888,1,"MUMBAI POLICE DEPARTMENT - FIRST INFORMATION REPORT (SYNTHETIC RECORD)
FIR No: CASE_2025_0888 | Station: Worli Police Station | Date: 2027-08-23
Investigating Officer: Inspector S. V. Kadam (Formal Te...",0,200,True
CHK_0889_01,DOC_FIR_0889,1,"MUMBAI POLICE DEPARTMENT - FIRST INFORMATION REPORT (SYNTHETIC RECORD)
FIR No: CASE_2025_0889 | Station: Malad Police Station | Date: 2027-08-24
Investigating Officer: Inspector S. V. Kadam (Formal Te...",0,200,True
CHK_0890_01,DOC_FIR_0890,1,"MUMBAI POLICE DEPARTMENT - FIRST INFORMATION REPORT (SYNTHETIC RECORD)
FIR No: CASE_2025_0890 | Station: Malad Police Station | Date: 2027-08-24
Investigating Officer: Sub-Inspector R. P. Patil (Verbo...",0,200,True
CHK_0891_01,DOC_FIR_0891,1,"MUMBAI POLICE DEPARTMENT - FIRST INFORMATION REPORT (SYNTHETIC RECORD)
FIR No: CASE_2025_0891 | Station: Worli Police Station | Date: 2027-08-27
Investigating Officer: Assistant Inspector A. B. Deshmu...",0,200,True
CHK_0892_01,DOC_FIR_0892,1,"MUMBAI POLICE DEPARTMENT - FIRST INFORMATION REPORT (SYNTHETIC RECORD)
FIR No: CASE_2025_0892 | Station: Malad Police Station | Date: 2027-08-28
Investigating Officer: Sub-Inspector R. P. Patil (Verbo...",0,200,True
CHK_0893_01,DOC_FIR_0893,1,"MUMBAI POLICE DEPARTMENT - FIRST INFORMATION REPORT (SYNTHETIC RECORD)
FIR No: CASE_2025_0893 | Station: Borivali Police Station | Date: 2027-09-03
Investigating Officer: Assistant Inspector A. B. Des...",0,200,True
CHK_0894_01,DOC_FIR_0894,1,"MUMBAI POLICE DEPARTMENT - FIRST INFORMATION REPORT (SYNTHETIC RECORD)
FIR No: CASE_2025_0894 | Station: Bandra Police Station | Date: 2027-09-03
Investigating Officer: Inspector S. V. Kadam (Formal T...",0,200,True
CHK_0895_01,DOC_FIR_0895,1,"MUMBAI POLICE DEPARTMENT - FIRST INFORMATION REPORT (SYNTHETIC RECORD)
FIR No: CASE_2025_0895 | Station: Worli Police Station | Date: 2027-09-04
Investigating Officer: Sub-Inspector R. P. Patil (Verbo...",0,200,True
CHK_0896_01,DOC_FIR_0896,1,"MUMBAI POLICE DEPARTMENT - FIRST INFORMATION REPORT (SYNTHETIC RECORD)
FIR No: CASE_2025_0896 | Station: Juhu Police Station | Date: 2027-09-05
Investigating Officer: Assistant Inspector A. B. Deshmuk...",0,200,True
CHK_0897_01,DOC_FIR_0897,1,"MUMBAI POLICE DEPARTMENT - FIRST INFORMATION REPORT (SYNTHETIC RECORD)
FIR No: CASE_2025_0897 | Station: Dharavi Police Station | Date: 2027-09-05
Investigating Officer: Inspector S. V. Kadam (Formal ...",0,200,True
CHK_0898_01,DOC_FIR_0898,1,"MUMBAI POLICE DEPARTMENT - FIRST INFORMATION REPORT (SYNTHETIC RECORD)
FIR No: CASE_2025_0898 | Station: Malad Police Station | Date: 2027-09-06
Investigating Officer: Sub-Inspector R. P. Patil (Verbo...",0,200,True
CHK_0899_01,DOC_FIR_0899,1,"MUMBAI POLICE DEPARTMENT - FIRST INFORMATION REPORT (SYNTHETIC RECORD)
FIR No: CASE_2025_0899 | Station: Colaba Police Station | Date: 2027-09-06
Investigating Officer: Inspector S. V. Kadam (Formal T...",0,200,True
CHK_0900_01,DOC_FIR_0900,1,"MUMBAI POLICE DEPARTMENT - FIRST INFORMATION REPORT (SYNTHETIC RECORD)
FIR No: CASE_2025_0900 | Station: Dharavi Police Station | Date: 2027-09-07
Investigating Officer: Assistant Inspector A. B. Desh...",0,200,True
CHK_0901_01,DOC_FIR_0901,1,"MUMBAI POLICE DEPARTMENT - FIRST INFORMATION REPORT (SYNTHETIC RECORD)
FIR No: CASE_2025_0901 | Station: Ghatkopar Police Station | Date: 2027-09-07
Investigating Officer: Assistant Inspector A. B. De...",0,200,True
CHK_0902_01,DOC_FIR_0902,1,"MUMBAI POLICE DEPARTMENT - FIRST INFORMATION REPORT (SYNTHETIC RECORD)
FIR No: CASE_2025_0902 | Station: Dharavi Police Station | Date: 2027-09-08
Investigating Officer: Assistant Inspector A. B. Desh...",0,200,True
CHK_0903_01,DOC_FIR_0903,1,"MUMBAI POLICE DEPARTMENT - FIRST INFORMATION REPORT (SYNTHETIC RECORD)
FIR No: CASE_2025_0903 | Station: Dharavi Police Station | Date: 2027-09-10
Investigating Officer: Sub-Inspector R. P. Patil (Ver...",0,200,True
CHK_0904_01,DOC_FIR_0904,1,"MUMBAI POLICE DEPARTMENT - FIRST INFORMATION REPORT (SYNTHETIC RECORD)
FIR No: CASE_2025_0904 | Station: Juhu Police Station | Date: 2027-09-10
Investigating Officer: Inspector S. V. Kadam (Formal Ter...",0,200,True
CHK_0905_01,DOC_FIR_0905,1,"MUMBAI POLICE DEPARTMENT - FIRST INFORMATION REPORT (SYNTHETIC RECORD)
FIR No: CASE_2025_0905 | Station: Borivali Police Station | Date: 2027-09-10
Investigating Officer: Assistant Inspector A. B. Des...",0,200,True
CHK_0906_01,DOC_FIR_0906,1,"MUMBAI POLICE DEPARTMENT - FIRST INFORMATION REPORT (SYNTHETIC RECORD)
FIR No: CASE_2025_0906 | Station: Andheri Police Station | Date: 2027-09-13
Investigating Officer: Assistant Inspector A. B. Desh...",0,200,True
CHK_0907_01,DOC_FIR_0907,1,"MUMBAI POLICE DEPARTMENT - FIRST INFORMATION REPORT (SYNTHETIC RECORD)
FIR No: CASE_2025_0907 | Station: Malad Police Station | Date: 2027-09-15
Investigating Officer: Assistant Inspector A. B. Deshmu...",0,200,True
CHK_0908_01,DOC_FIR_0908,1,"MUMBAI POLICE DEPARTMENT - FIRST INFORMATION REPORT (SYNTHETIC RECORD)
FIR No: CASE_2025_0908 | Station: Ghatkopar Police Station | Date: 2027-09-15
Investigating Officer: Assistant Inspector A. B. De...",0,200,True
CHK_0909_01,DOC_FIR_0909,1,"MUMBAI POLICE DEPARTMENT - FIRST INFORMATION REPORT (SYNTHETIC RECORD)
FIR No: CASE_2025_0909 | Station: Andheri Police Station | Date: 2027-09-19
Investigating Officer: Sub-Inspector R. P. Patil (Ver...",0,200,True
CHK_0910_01,DOC_FIR_0910,1,"MUMBAI POLICE DEPARTMENT - FIRST INFORMATION REPORT (SYNTHETIC RECORD)
FIR No: CASE_2025_0910 | Station: Colaba Police Station | Date: 2027-09-20
Investigating Officer: Sub-Inspector R. P. Patil (Verb...",0,200,True
CHK_0911_01,DOC_FIR_0911,1,"MUMBAI POLICE DEPARTMENT - FIRST INFORMATION REPORT (SYNTHETIC RECORD)
FIR No: CASE_2025_0911 | Station: Byculla Police Station | Date: 2027-09-22
Investigating Officer: Inspector S. V. Kadam (Formal ...",0,200,True
CHK_0912_01,DOC_FIR_0912,1,"MUMBAI POLICE DEPARTMENT - FIRST INFORMATION REPORT (SYNTHETIC RECORD)
FIR No: CASE_2025_0912 | Station: Borivali Police Station | Date: 2027-09-23
Investigating Officer: Sub-Inspector R. P. Patil (Ve...",0,200,True
CHK_0913_01,DOC_FIR_0913,1,"MUMBAI POLICE DEPARTMENT - FIRST INFORMATION REPORT (SYNTHETIC RECORD)
FIR No: CASE_2025_0913 | Station: Chembur Police Station | Date: 2027-09-23
Investigating Officer: Assistant Inspector A. B. Desh...",0,200,True
CHK_0914_01,DOC_FIR_0914,1,"MUMBAI POLICE DEPARTMENT - FIRST INFORMATION REPORT (SYNTHETIC RECORD)
FIR No: CASE_2025_0914 | Station: Colaba Police Station | Date: 2027-09-24
Investigating Officer: Assistant Inspector A. B. Deshm...",0,200,True
CHK_0915_01,DOC_FIR_0915,1,"MUMBAI POLICE DEPARTMENT - FIRST INFORMATION REPORT (SYNTHETIC RECORD)
FIR No: CASE_2025_0915 | Station: Andheri Police Station | Date: 2027-09-26
Investigating Officer: Assistant Inspector A. B. Desh...",0,200,True
CHK_0916_01,DOC_FIR_0916,1,"MUMBAI POLICE DEPARTMENT - FIRST INFORMATION REPORT (SYNTHETIC RECORD)
FIR No: CASE_2025_0916 | Station: Borivali Police Station | Date: 2027-09-27
Investigating Officer: Assistant Inspector A. B. Des...",0,200,True
CHK_0917_01,DOC_FIR_0917,1,"MUMBAI POLICE DEPARTMENT - FIRST INFORMATION REPORT (SYNTHETIC RECORD)
FIR No: CASE_2025_0917 | Station: Chembur Police Station | Date: 2027-10-01
Investigating Officer: Inspector S. V. Kadam (Formal ...",0,200,True
CHK_0918_01,DOC_FIR_0918,1,"MUMBAI POLICE DEPARTMENT - FIRST INFORMATION REPORT (SYNTHETIC RECORD)
FIR No: CASE_2025_0918 | Station: Ghatkopar Police Station | Date: 2027-10-04
Investigating Officer: Inspector S. V. Kadam (Forma...",0,200,True
CHK_0919_01,DOC_FIR_0919,1,"MUMBAI POLICE DEPARTMENT - FIRST INFORMATION REPORT (SYNTHETIC RECORD)
FIR No: CASE_2025_0919 | Station: Byculla Police Station | Date: 2027-10-05
Investigating Officer: Assistant Inspector A. B. Desh...",0,200,True
CHK_0920_01,DOC_FIR_0920,1,"MUMBAI POLICE DEPARTMENT - FIRST INFORMATION REPORT (SYNTHETIC RECORD)
FIR No: CASE_2025_0920 | Station: Worli Police Station | Date: 2027-10-08
Investigating Officer: Inspector S. V. Kadam (Formal Te...",0,200,True
CHK_0921_01,DOC_FIR_0921,1,"MUMBAI POLICE DEPARTMENT - FIRST INFORMATION REPORT (SYNTHETIC RECORD)
FIR No: CASE_2025_0921 | Station: Byculla Police Station | Date: 2027-10-09
Investigating Officer: Inspector S. V. Kadam (Formal ...",0,200,True
CHK_0922_01,DOC_FIR_0922,1,"MUMBAI POLICE DEPARTMENT - FIRST INFORMATION REPORT (SYNTHETIC RECORD)
FIR No: CASE_2025_0922 | Station: Borivali Police Station | Date: 2027-10-10
Investigating Officer: Assistant Inspector A. B. Des...",0,200,True
CHK_0923_01,DOC_FIR_0923,1,"MUMBAI POLICE DEPARTMENT - FIRST INFORMATION REPORT (SYNTHETIC RECORD)
FIR No: CASE_2025_0923 | Station: Kurla Police Station | Date: 2027-10-10
Investigating Officer: Inspector S. V. Kadam (Formal Te...",0,200,True
CHK_0924_01,DOC_FIR_0924,1,"MUMBAI POLICE DEPARTMENT - FIRST INFORMATION REPORT (SYNTHETIC RECORD)
FIR No: CASE_2025_0924 | Station: Juhu Police Station | Date: 2027-10-11
Investigating Officer: Sub-Inspector R. P. Patil (Verbos...",0,200,True
CHK_0925_01,DOC_FIR_0925,1,"MUMBAI POLICE DEPARTMENT - FIRST INFORMATION REPORT (SYNTHETIC RECORD)
FIR No: CASE_2025_0925 | Station: Worli Police Station | Date: 2027-10-11
Investigating Officer: Assistant Inspector A. B. Deshmu...",0,200,True
CHK_0926_01,DOC_FIR_0926,1,"MUMBAI POLICE DEPARTMENT - FIRST INFORMATION REPORT (SYNTHETIC RECORD)
FIR No: CASE_2025_0926 | Station: Worli Police Station | Date: 2027-10-12
Investigating Officer: Assistant Inspector A. B. Deshmu...",0,200,True
CHK_0927_01,DOC_FIR_0927,1,"MUMBAI POLICE DEPARTMENT - FIRST INFORMATION REPORT (SYNTHETIC RECORD)
FIR No: CASE_2025_0927 | Station: Borivali Police Station | Date: 2027-10-14
Investigating Officer: Sub-Inspector R. P. Patil (Ve...",0,200,True
CHK_0928_01,DOC_FIR_0928,1,"MUMBAI POLICE DEPARTMENT - FIRST INFORMATION REPORT (SYNTHETIC RECORD)
FIR No: CASE_2025_0928 | Station: Chembur Police Station | Date: 2027-10-14
Investigating Officer: Assistant Inspector A. B. Desh...",0,200,True
CHK_0929_01,DOC_FIR_0929,1,"MUMBAI POLICE DEPARTMENT - FIRST INFORMATION REPORT (SYNTHETIC RECORD)
FIR No: CASE_2025_0929 | Station: Chembur Police Station | Date: 2027-10-15
Investigating Officer: Inspector S. V. Kadam (Formal ...",0,200,True
CHK_0930_01,DOC_FIR_0930,1,"MUMBAI POLICE DEPARTMENT - FIRST INFORMATION REPORT (SYNTHETIC RECORD)
FIR No: CASE_2025_0930 | Station: Kurla Police Station | Date: 2027-10-20
Investigating Officer: Assistant Inspector A. B. Deshmu...",0,200,True
CHK_0931_01,DOC_FIR_0931,1,"MUMBAI POLICE DEPARTMENT - FIRST INFORMATION REPORT (SYNTHETIC RECORD)
FIR No: CASE_2025_0931 | Station: Byculla Police Station | Date: 2027-10-22
Investigating Officer: Sub-Inspector R. P. Patil (Ver...",0,200,True
CHK_0932_01,DOC_FIR_0932,1,"MUMBAI POLICE DEPARTMENT - FIRST INFORMATION REPORT (SYNTHETIC RECORD)
FIR No: CASE_2025_0932 | Station: Worli Police Station | Date: 2027-10-23
Investigating Officer: Sub-Inspector R. P. Patil (Verbo...",0,200,True
CHK_0933_01,DOC_FIR_0933,1,"MUMBAI POLICE DEPARTMENT - FIRST INFORMATION REPORT (SYNTHETIC RECORD)
FIR No: CASE_2025_0933 | Station: Ghatkopar Police Station | Date: 2027-10-23
Investigating Officer: Assistant Inspector A. B. De...",0,200,True
CHK_0934_01,DOC_FIR_0934,1,"MUMBAI POLICE DEPARTMENT - FIRST INFORMATION REPORT (SYNTHETIC RECORD)
FIR No: CASE_2025_0934 | Station: Malad Police Station | Date: 2027-10-25
Investigating Officer: Sub-Inspector R. P. Patil (Verbo...",0,200,True
CHK_0935_01,DOC_FIR_0935,1,"MUMBAI POLICE DEPARTMENT - FIRST INFORMATION REPORT (SYNTHETIC RECORD)
FIR No: CASE_2025_0935 | Station: Chembur Police Station | Date: 2027-10-25
Investigating Officer: Assistant Inspector A. B. Desh...",0,200,True
CHK_0936_01,DOC_FIR_0936,1,"MUMBAI POLICE DEPARTMENT - FIRST INFORMATION REPORT (SYNTHETIC RECORD)
FIR No: CASE_2025_0936 | Station: Chembur Police Station | Date: 2027-10-26
Investigating Officer: Sub-Inspector R. P. Patil (Ver...",0,200,True
CHK_0937_01,DOC_FIR_0937,1,"MUMBAI POLICE DEPARTMENT - FIRST INFORMATION REPORT (SYNTHETIC RECORD)
FIR No: CASE_2025_0937 | Station: Ghatkopar Police Station | Date: 2027-10-28
Investigating Officer: Inspector S. V. Kadam (Forma...",0,200,True
CHK_0938_01,DOC_FIR_0938,1,"MUMBAI POLICE DEPARTMENT - FIRST INFORMATION REPORT (SYNTHETIC RECORD)
FIR No: CASE_2025_0938 | Station: Andheri Police Station | Date: 2027-10-28
Investigating Officer: Assistant Inspector A. B. Desh...",0,200,True
CHK_0939_01,DOC_FIR_0939,1,"MUMBAI POLICE DEPARTMENT - FIRST INFORMATION REPORT (SYNTHETIC RECORD)
FIR No: CASE_2025_0939 | Station: Kurla Police Station | Date: 2027-10-29
Investigating Officer: Sub-Inspector R. P. Patil (Verbo...",0,200,True
CHK_0940_01,DOC_FIR_0940,1,"MUMBAI POLICE DEPARTMENT - FIRST INFORMATION REPORT (SYNTHETIC RECORD)
FIR No: CASE_2025_0940 | Station: Andheri Police Station | Date: 2027-11-02
Investigating Officer: Assistant Inspector A. B. Desh...",0,200,True
CHK_0941_01,DOC_FIR_0941,1,"MUMBAI POLICE DEPARTMENT - FIRST INFORMATION REPORT (SYNTHETIC RECORD)
FIR No: CASE_2025_0941 | Station: Chembur Police Station | Date: 2027-11-03
Investigating Officer: Assistant Inspector A. B. Desh...",0,200,True
CHK_0942_01,DOC_FIR_0942,1,"MUMBAI POLICE DEPARTMENT - FIRST INFORMATION REPORT (SYNTHETIC RECORD)
FIR No: CASE_2025_0942 | Station: Juhu Police Station | Date: 2027-11-05
Investigating Officer: Sub-Inspector R. P. Patil (Verbos...",0,200,True
CHK_0943_01,DOC_FIR_0943,1,"MUMBAI POLICE DEPARTMENT - FIRST INFORMATION REPORT (SYNTHETIC RECORD)
FIR No: CASE_2025_0943 | Station: Malad Police Station | Date: 2027-11-06
Investigating Officer: Assistant Inspector A. B. Deshmu...",0,200,True
CHK_0944_01,DOC_FIR_0944,1,"MUMBAI POLICE DEPARTMENT - FIRST INFORMATION REPORT (SYNTHETIC RECORD)
FIR No: CASE_2025_0944 | Station: Andheri Police Station | Date: 2027-11-07
Investigating Officer: Inspector S. V. Kadam (Formal ...",0,200,True
CHK_0945_01,DOC_FIR_0945,1,"MUMBAI POLICE DEPARTMENT - FIRST INFORMATION REPORT (SYNTHETIC RECORD)
FIR No: CASE_2025_0945 | Station: Byculla Police Station | Date: 2027-11-09
Investigating Officer: Assistant Inspector A. B. Desh...",0,200,True
CHK_0946_01,DOC_FIR_0946,1,"MUMBAI POLICE DEPARTMENT - FIRST INFORMATION REPORT (SYNTHETIC RECORD)
FIR No: CASE_2025_0946 | Station: Worli Police Station | Date: 2027-11-09
Investigating Officer: Sub-Inspector R. P. Patil (Verbo...",0,200,True
CHK_0947_01,DOC_FIR_0947,1,"MUMBAI POLICE DEPARTMENT - FIRST INFORMATION REPORT (SYNTHETIC RECORD)
FIR No: CASE_2025_0947 | Station: Dharavi Police Station | Date: 2027-11-10
Investigating Officer: Sub-Inspector R. P. Patil (Ver...",0,200,True
CHK_0948_01,DOC_FIR_0948,1,"MUMBAI POLICE DEPARTMENT - FIRST INFORMATION REPORT (SYNTHETIC RECORD)
FIR No: CASE_2025_0948 | Station: Andheri Police Station | Date: 2027-11-10
Investigating Officer: Assistant Inspector A. B. Desh...",0,200,True
CHK_0949_01,DOC_FIR_0949,1,"MUMBAI POLICE DEPARTMENT - FIRST INFORMATION REPORT (SYNTHETIC RECORD)
FIR No: CASE_2025_0949 | Station: Juhu Police Station | Date: 2027-11-10
Investigating Officer: Sub-Inspector R. P. Patil (Verbos...",0,200,True
CHK_0950_01,DOC_FIR_0950,1,"MUMBAI POLICE DEPARTMENT - FIRST INFORMATION REPORT (SYNTHETIC RECORD)
FIR No: CASE_2025_0950 | Station: Andheri Police Station | Date: 2027-11-11
Investigating Officer: Assistant Inspector A. B. Desh...",0,200,True
CHK_0951_01,DOC_FIR_0951,1,"MUMBAI POLICE DEPARTMENT - FIRST INFORMATION REPORT (SYNTHETIC RECORD)
FIR No: CASE_2025_0951 | Station: Kurla Police Station | Date: 2027-11-12
Investigating Officer: Inspector S. V. Kadam (Formal Te...",0,200,True
CHK_0952_01,DOC_FIR_0952,1,"MUMBAI POLICE DEPARTMENT - FIRST INFORMATION REPORT (SYNTHETIC RECORD)
FIR No: CASE_2025_0952 | Station: Malad Police Station | Date: 2027-11-12
Investigating Officer: Sub-Inspector R. P. Patil (Verbo...",0,200,True
CHK_0953_01,DOC_FIR_0953,1,"MUMBAI POLICE DEPARTMENT - FIRST INFORMATION REPORT (SYNTHETIC RECORD)
FIR No: CASE_2025_0953 | Station: Chembur Police Station | Date: 2027-11-13
Investigating Officer: Sub-Inspector R. P. Patil (Ver...",0,200,True
CHK_0954_01,DOC_FIR_0954,1,"MUMBAI POLICE DEPARTMENT - FIRST INFORMATION REPORT (SYNTHETIC RECORD)
FIR No: CASE_2025_0954 | Station: Bandra Police Station | Date: 2027-11-15
Investigating Officer: Assistant Inspector A. B. Deshm...",0,200,True
CHK_0955_01,DOC_FIR_0955,1,"MUMBAI POLICE DEPARTMENT - FIRST INFORMATION REPORT (SYNTHETIC RECORD)
FIR No: CASE_2025_0955 | Station: Borivali Police Station | Date: 2027-11-16
Investigating Officer: Inspector S. V. Kadam (Formal...",0,200,True
CHK_0956_01,DOC_FIR_0956,1,"MUMBAI POLICE DEPARTMENT - FIRST INFORMATION REPORT (SYNTHETIC RECORD)
FIR No: CASE_2025_0956 | Station: Colaba Police Station | Date: 2027-11-16
Investigating Officer: Assistant Inspector A. B. Deshm...",0,200,True
CHK_0957_01,DOC_FIR_0957,1,"MUMBAI POLICE DEPARTMENT - FIRST INFORMATION REPORT (SYNTHETIC RECORD)
FIR No: CASE_2025_0957 | Station: Kurla Police Station | Date: 2027-11-16
Investigating Officer: Assistant Inspector A. B. Deshmu...",0,200,True
CHK_0958_01,DOC_FIR_0958,1,"MUMBAI POLICE DEPARTMENT - FIRST INFORMATION REPORT (SYNTHETIC RECORD)
FIR No: CASE_2025_0958 | Station: Colaba Police Station | Date: 2027-11-17
Investigating Officer: Inspector S. V. Kadam (Formal T...",0,200,True
CHK_0959_01,DOC_FIR_0959,1,"MUMBAI POLICE DEPARTMENT - FIRST INFORMATION REPORT (SYNTHETIC RECORD)
FIR No: CASE_2025_0959 | Station: Juhu Police Station | Date: 2027-11-18
Investigating Officer: Assistant Inspector A. B. Deshmuk...",0,200,True
CHK_0960_01,DOC_FIR_0960,1,"MUMBAI POLICE DEPARTMENT - FIRST INFORMATION REPORT (SYNTHETIC RECORD)
FIR No: CASE_2025_0960 | Station: Bandra Police Station | Date: 2027-11-19
Investigating Officer: Assistant Inspector A. B. Deshm...",0,200,True
CHK_0961_01,DOC_FIR_0961,1,"MUMBAI POLICE DEPARTMENT - FIRST INFORMATION REPORT (SYNTHETIC RECORD)
FIR No: CASE_2025_0961 | Station: Dharavi Police Station | Date: 2027-11-20
Investigating Officer: Inspector S. V. Kadam (Formal ...",0,200,True
CHK_0962_01,DOC_FIR_0962,1,"MUMBAI POLICE DEPARTMENT - FIRST INFORMATION REPORT (SYNTHETIC RECORD)
FIR No: CASE_2025_0962 | Station: Dharavi Police Station | Date: 2027-11-20
Investigating Officer: Sub-Inspector R. P. Patil (Ver...",0,200,True
CHK_0963_01,DOC_FIR_0963,1,"MUMBAI POLICE DEPARTMENT - FIRST INFORMATION REPORT (SYNTHETIC RECORD)
FIR No: CASE_2025_0963 | Station: Ghatkopar Police Station | Date: 2027-11-20
Investigating Officer: Sub-Inspector R. P. Patil (V...",0,200,True
CHK_0964_01,DOC_FIR_0964,1,"MUMBAI POLICE DEPARTMENT - FIRST INFORMATION REPORT (SYNTHETIC RECORD)
FIR No: CASE_2025_0964 | Station: Kurla Police Station | Date: 2027-11-21
Investigating Officer: Sub-Inspector R. P. Patil (Verbo...",0,200,True
CHK_0965_01,DOC_FIR_0965,1,"MUMBAI POLICE DEPARTMENT - FIRST INFORMATION REPORT (SYNTHETIC RECORD)
FIR No: CASE_2025_0965 | Station: Andheri Police Station | Date: 2027-11-21
Investigating Officer: Assistant Inspector A. B. Desh...",0,200,True
CHK_0966_01,DOC_FIR_0966,1,"MUMBAI POLICE DEPARTMENT - FIRST INFORMATION REPORT (SYNTHETIC RECORD)
FIR No: CASE_2025_0966 | Station: Bandra Police Station | Date: 2027-11-25
Investigating Officer: Assistant Inspector A. B. Deshm...",0,200,True
CHK_0967_01,DOC_FIR_0967,1,"MUMBAI POLICE DEPARTMENT - FIRST INFORMATION REPORT (SYNTHETIC RECORD)
FIR No: CASE_2025_0967 | Station: Kurla Police Station | Date: 2027-11-26
Investigating Officer: Assistant Inspector A. B. Deshmu...",0,200,True
CHK_0968_01,DOC_FIR_0968,1,"MUMBAI POLICE DEPARTMENT - FIRST INFORMATION REPORT (SYNTHETIC RECORD)
FIR No: CASE_2025_0968 | Station: Chembur Police Station | Date: 2027-11-26
Investigating Officer: Inspector S. V. Kadam (Formal ...",0,200,True
CHK_0969_01,DOC_FIR_0969,1,"MUMBAI POLICE DEPARTMENT - FIRST INFORMATION REPORT (SYNTHETIC RECORD)
FIR No: CASE_2025_0969 | Station: Worli Police Station | Date: 2027-11-26
Investigating Officer: Inspector S. V. Kadam (Formal Te...",0,200,True
CHK_0970_01,DOC_FIR_0970,1,"MUMBAI POLICE DEPARTMENT - FIRST INFORMATION REPORT (SYNTHETIC RECORD)
FIR No: CASE_2025_0970 | Station: Worli Police Station | Date: 2027-11-26
Investigating Officer: Sub-Inspector R. P. Patil (Verbo...",0,200,True
CHK_0971_01,DOC_FIR_0971,1,"MUMBAI POLICE DEPARTMENT - FIRST INFORMATION REPORT (SYNTHETIC RECORD)
FIR No: CASE_2025_0971 | Station: Chembur Police Station | Date: 2027-11-28
Investigating Officer: Sub-Inspector R. P. Patil (Ver...",0,200,True
CHK_0972_01,DOC_FIR_0972,1,"MUMBAI POLICE DEPARTMENT - FIRST INFORMATION REPORT (SYNTHETIC RECORD)
FIR No: CASE_2025_0972 | Station: Colaba Police Station | Date: 2027-11-29
Investigating Officer: Inspector S. V. Kadam (Formal T...",0,200,True
CHK_0973_01,DOC_FIR_0973,1,"MUMBAI POLICE DEPARTMENT - FIRST INFORMATION REPORT (SYNTHETIC RECORD)
FIR No: CASE_2025_0973 | Station: Borivali Police Station | Date: 2027-11-30
Investigating Officer: Assistant Inspector A. B. Des...",0,200,True
CHK_0974_01,DOC_FIR_0974,1,"MUMBAI POLICE DEPARTMENT - FIRST INFORMATION REPORT (SYNTHETIC RECORD)
FIR No: CASE_2025_0974 | Station: Juhu Police Station | Date: 2027-12-03
Investigating Officer: Sub-Inspector R. P. Patil (Verbos...",0,200,True
CHK_0975_01,DOC_FIR_0975,1,"MUMBAI POLICE DEPARTMENT - FIRST INFORMATION REPORT (SYNTHETIC RECORD)
FIR No: CASE_2025_0975 | Station: Byculla Police Station | Date: 2027-12-03
Investigating Officer: Assistant Inspector A. B. Desh...",0,200,True
CHK_0976_01,DOC_FIR_0976,1,"MUMBAI POLICE DEPARTMENT - FIRST INFORMATION REPORT (SYNTHETIC RECORD)
FIR No: CASE_2025_0976 | Station: Ghatkopar Police Station | Date: 2027-12-04
Investigating Officer: Inspector S. V. Kadam (Forma...",0,200,True
CHK_0977_01,DOC_FIR_0977,1,"MUMBAI POLICE DEPARTMENT - FIRST INFORMATION REPORT (SYNTHETIC RECORD)
FIR No: CASE_2025_0977 | Station: Malad Police Station | Date: 2027-12-05
Investigating Officer: Sub-Inspector R. P. Patil (Verbo...",0,200,True
CHK_0978_01,DOC_FIR_0978,1,"MUMBAI POLICE DEPARTMENT - FIRST INFORMATION REPORT (SYNTHETIC RECORD)
FIR No: CASE_2025_0978 | Station: Kurla Police Station | Date: 2027-12-05
Investigating Officer: Inspector S. V. Kadam (Formal Te...",0,200,True
CHK_0979_01,DOC_FIR_0979,1,"MUMBAI POLICE DEPARTMENT - FIRST INFORMATION REPORT (SYNTHETIC RECORD)
FIR No: CASE_2025_0979 | Station: Dharavi Police Station | Date: 2027-12-08
Investigating Officer: Assistant Inspector A. B. Desh...",0,200,True
CHK_0980_01,DOC_FIR_0980,1,"MUMBAI POLICE DEPARTMENT - FIRST INFORMATION REPORT (SYNTHETIC RECORD)
FIR No: CASE_2025_0980 | Station: Byculla Police Station | Date: 2027-12-10
Investigating Officer: Sub-Inspector R. P. Patil (Ver...",0,200,True
CHK_0981_01,DOC_FIR_0981,1,"MUMBAI POLICE DEPARTMENT - FIRST INFORMATION REPORT (SYNTHETIC RECORD)
FIR No: CASE_2025_0981 | Station: Dharavi Police Station | Date: 2027-12-12
Investigating Officer: Inspector S. V. Kadam (Formal ...",0,200,True
CHK_0982_01,DOC_FIR_0982,1,"MUMBAI POLICE DEPARTMENT - FIRST INFORMATION REPORT (SYNTHETIC RECORD)
FIR No: CASE_2025_0982 | Station: Juhu Police Station | Date: 2027-12-13
Investigating Officer: Sub-Inspector R. P. Patil (Verbos...",0,200,True
CHK_0983_01,DOC_FIR_0983,1,"MUMBAI POLICE DEPARTMENT - FIRST INFORMATION REPORT (SYNTHETIC RECORD)
FIR No: CASE_2025_0983 | Station: Byculla Police Station | Date: 2027-12-13
Investigating Officer: Inspector S. V. Kadam (Formal ...",0,200,True
CHK_0984_01,DOC_FIR_0984,1,"MUMBAI POLICE DEPARTMENT - FIRST INFORMATION REPORT (SYNTHETIC RECORD)
FIR No: CASE_2025_0984 | Station: Borivali Police Station | Date: 2027-12-15
Investigating Officer: Assistant Inspector A. B. Des...",0,200,True
CHK_0985_01,DOC_FIR_0985,1,"MUMBAI POLICE DEPARTMENT - FIRST INFORMATION REPORT (SYNTHETIC RECORD)
FIR No: CASE_2025_0985 | Station: Worli Police Station | Date: 2027-12-16
Investigating Officer: Assistant Inspector A. B. Deshmu...",0,200,True
CHK_0986_01,DOC_FIR_0986,1,"MUMBAI POLICE DEPARTMENT - FIRST INFORMATION REPORT (SYNTHETIC RECORD)
FIR No: CASE_2025_0986 | Station: Bandra Police Station | Date: 2027-12-16
Investigating Officer: Sub-Inspector R. P. Patil (Verb...",0,200,True
CHK_0987_01,DOC_FIR_0987,1,"MUMBAI POLICE DEPARTMENT - FIRST INFORMATION REPORT (SYNTHETIC RECORD)
FIR No: CASE_2025_0987 | Station: Bandra Police Station | Date: 2027-12-16
Investigating Officer: Inspector S. V. Kadam (Formal T...",0,200,True
CHK_0988_01,DOC_FIR_0988,1,"MUMBAI POLICE DEPARTMENT - FIRST INFORMATION REPORT (SYNTHETIC RECORD)
FIR No: CASE_2025_0988 | Station: Ghatkopar Police Station | Date: 2027-12-16
Investigating Officer: Sub-Inspector R. P. Patil (V...",0,200,True
CHK_0989_01,DOC_FIR_0989,1,"MUMBAI POLICE DEPARTMENT - FIRST INFORMATION REPORT (SYNTHETIC RECORD)
FIR No: CASE_2025_0989 | Station: Colaba Police Station | Date: 2027-12-17
Investigating Officer: Sub-Inspector R. P. Patil (Verb...",0,200,True
CHK_0990_01,DOC_FIR_0990,1,"MUMBAI POLICE DEPARTMENT - FIRST INFORMATION REPORT (SYNTHETIC RECORD)
FIR No: CASE_2025_0990 | Station: Kurla Police Station | Date: 2027-12-17
Investigating Officer: Sub-Inspector R. P. Patil (Verbo...",0,200,True
CHK_0991_01,DOC_FIR_0991,1,"MUMBAI POLICE DEPARTMENT - FIRST INFORMATION REPORT (SYNTHETIC RECORD)
FIR No: CASE_2025_0991 | Station: Andheri Police Station | Date: 2027-12-18
Investigating Officer: Sub-Inspector R. P. Patil (Ver...",0,200,True
CHK_0992_01,DOC_FIR_0992,1,"MUMBAI POLICE DEPARTMENT - FIRST INFORMATION REPORT (SYNTHETIC RECORD)
FIR No: CASE_2025_0992 | Station: Borivali Police Station | Date: 2027-12-19
Investigating Officer: Assistant Inspector A. B. Des...",0,200,True
CHK_0993_01,DOC_FIR_0993,1,"MUMBAI POLICE DEPARTMENT - FIRST INFORMATION REPORT (SYNTHETIC RECORD)
FIR No: CASE_2025_0993 | Station: Colaba Police Station | Date: 2027-12-20
Investigating Officer: Sub-Inspector R. P. Patil (Verb...",0,200,True
CHK_0994_01,DOC_FIR_0994,1,"MUMBAI POLICE DEPARTMENT - FIRST INFORMATION REPORT (SYNTHETIC RECORD)
FIR No: CASE_2025_0994 | Station: Juhu Police Station | Date: 2027-12-20
Investigating Officer: Assistant Inspector A. B. Deshmuk...",0,200,True
CHK_0995_01,DOC_FIR_0995,1,"MUMBAI POLICE DEPARTMENT - FIRST INFORMATION REPORT (SYNTHETIC RECORD)
FIR No: CASE_2025_0995 | Station: Colaba Police Station | Date: 2027-12-24
Investigating Officer: Assistant Inspector A. B. Deshm...",0,200,True
CHK_0996_01,DOC_FIR_0996,1,"MUMBAI POLICE DEPARTMENT - FIRST INFORMATION REPORT (SYNTHETIC RECORD)
FIR No: CASE_2025_0996 | Station: Ghatkopar Police Station | Date: 2027-12-26
Investigating Officer: Sub-Inspector R. P. Patil (V...",0,200,True
CHK_0997_01,DOC_FIR_0997,1,"MUMBAI POLICE DEPARTMENT - FIRST INFORMATION REPORT (SYNTHETIC RECORD)
FIR No: CASE_2025_0997 | Station: Worli Police Station | Date: 2027-12-27
Investigating Officer: Assistant Inspector A. B. Deshmu...",0,200,True
CHK_0998_01,DOC_FIR_0998,1,"MUMBAI POLICE DEPARTMENT - FIRST INFORMATION REPORT (SYNTHETIC RECORD)
FIR No: CASE_2025_0998 | Station: Chembur Police Station | Date: 2027-12-28
Investigating Officer: Sub-Inspector R. P. Patil (Ver...",0,200,True
CHK_0999_01,DOC_FIR_0999,1,"MUMBAI POLICE DEPARTMENT - FIRST INFORMATION REPORT (SYNTHETIC RECORD)
FIR No: CASE_2025_0999 | Station: Bandra Police Station | Date: 2027-12-30
Investigating Officer: Assistant Inspector A. B. Deshm...",0,200,True
CHK_1000_01,DOC_FIR_1000,1,"MUMBAI POLICE DEPARTMENT - FIRST INFORMATION REPORT (SYNTHETIC RECORD)
FIR No: CASE_2025_1000 | Station: Juhu Police Station | Date: 2027-12-31
Investigating Officer: Assistant Inspector A. B. Deshmuk...",0,200,True
