event_id,event_type,timestamp,location_id,participants_json,attributes_json,synthetic_demo_record
EVT_0001,CrimeOccurrence,2025-01-04T15:41:22,LOC_0062,"['P_04187', 'P_04210', 'P_04036']",{'mo_family': 'CYBER_FRAUD_CALL_CENTER'},True
EVT_0002,CrimeOccurrence,2025-01-05T14:55:36,LOC_0137,"['P_00982', 'P_00886', 'P_00780', 'P_00606', 'P_00962']",{'mo_family': 'CYBER_FRAUD_CALL_CENTER'},True
EVT_0003,CrimeOccurrence,2025-01-06T18:10:10,LOC_0197,"['P_04495', 'P_04161']",{'mo_family': 'CHAIN_SNATCHING'},True
EVT_0004,CrimeOccurrence,2025-01-07T05:26:37,LOC_0026,"['P_04800', 'P_01921', 'P_04561', 'P_04614', 'P_04750']",{'mo_family': 'VEHICLE_THEFT_RING'},True
EVT_0005,CrimeOccurrence,2025-01-08T20:56:32,LOC_0101,"['P_04798', 'P_04756', 'P_04881']",{'mo_family': 'EXTORTION_RACKET'},True
EVT_0006,CrimeOccurrence,2025-01-11T06:15:27,LOC_0027,"['P_02808', 'P_02826']",{'mo_family': 'ATM_CARD_SKIMMING'},True
EVT_0007,CrimeOccurrence,2025-01-13T08:34:30,LOC_0134,"['P_02972', 'P_02791', 'P_02717', 'P_02854']",{'mo_family': 'ATM_CARD_SKIMMING'},True
EVT_0008,CrimeOccurrence,2025-01-14T17:50:51,LOC_0208,"['P_03606', 'P_01867', 'P_03707', 'P_01104']",{'mo_family': 'NARCOTICS_COURIER_NETWORK'},True
EVT_0009,CrimeOccurrence,2025-01-16T09:40:03,LOC_0045,"['P_00896', 'P_02333', 'P_00744']",{'mo_family': 'NARCOTICS_COURIER_NETWORK'},True
EVT_0010,CrimeOccurrence,2025-01-18T01:53:46,LOC_0062,"['P_01760', 'P_01900', 'P_01614', 'P_03117', 'P_03846']",{'mo_family': 'CYBER_FRAUD_CALL_CENTER'},True
EVT_0011,CrimeOccurrence,2025-01-18T04:29:59,LOC_0053,"['P_03055', 'P_03186']",{'mo_family': 'CYBER_FRAUD_CALL_CENTER'},True
EVT_0012,CrimeOccurrence,2025-01-18T05:45:01,LOC_0030,"['P_01532', 'P_01995', 'P_01885', 'P_01731']",{'mo_family': 'EXTORTION_RACKET'},True
EVT_0013,CrimeOccurrence,2025-01-18T20:05:05,LOC_0090,"['P_02768', 'P_02748', 'P_02651', 'P_02568', 'P_02516']",{'mo_family': 'NARCOTICS_COURIER_NETWORK'},True
EVT_0014,CrimeOccurrence,2025-01-18T21:15:50,LOC_0081,"['P_02117', 'P_02485']",{'mo_family': 'NARCOTICS_COURIER_NETWORK'},True
EVT_0015,CrimeOccurrence,2025-01-20T20:29:52,LOC_0099,"['P_01079', 'P_01159', 'P_01300', 'P_01235', 'P_01325']",{'mo_family': 'NARCOTICS_COURIER_NETWORK'},True
EVT_0016,CrimeOccurrence,2025-01-21T13:05:27,LOC_0036,"['P_01338', 'P_01218', 'P_01420']",{'mo_family': 'NARCOTICS_COURIER_NETWORK'},True
EVT_0017,CrimeOccurrence,2025-01-23T22:58:39,LOC_0130,"['P_04163', 'P_00322', 'P_00132', 'P_00108', 'P_00079']",{'mo_family': 'CHAIN_SNATCHING'},True
EVT_0018,CrimeOccurrence,2025-01-27T15:40:36,LOC_0008,"['P_03405', 'P_01570', 'P_03312', 'P_03243', 'P_03045']",{'mo_family': 'CYBER_FRAUD_CALL_CENTER'},True
EVT_0019,CrimeOccurrence,2025-01-27T23:57:55,LOC_0191,"['P_01842', 'P_01817', 'P_01536', 'P_01988']",{'mo_family': 'CHAIN_SNATCHING'},True
EVT_0020,CrimeOccurrence,2025-01-28T05:16:04,LOC_0199,"['P_00855', 'P_00928']",{'mo_family': 'EXTORTION_RACKET'},True
EVT_0021,CrimeOccurrence,2025-01-28T17:07:01,LOC_0189,"['P_03616', 'P_03393', 'P_03687']",{'mo_family': 'VEHICLE_THEFT_RING'},True
EVT_0022,CrimeOccurrence,2025-01-30T19:36:15,LOC_0222,"['P_00265', 'P_00164', 'P_00091', 'P_00212', 'P_00271']",{'mo_family': 'CHAIN_SNATCHING'},True
EVT_0023,CrimeOccurrence,2025-01-30T23:57:03,LOC_0162,"['P_01720', 'P_01871', 'P_02063', 'P_01843']",{'mo_family': 'ATM_CARD_SKIMMING'},True
EVT_0024,CrimeOccurrence,2025-01-31T14:19:03,LOC_0138,"['P_00437', 'P_00262', 'P_00481', 'P_00487']",{'mo_family': 'ATM_CARD_SKIMMING'},True
EVT_0025,CrimeOccurrence,2025-02-01T09:00:11,LOC_0071,"['P_00824', 'P_00514', 'P_00781']",{'mo_family': 'EXTORTION_RACKET'},True
EVT_0026,CrimeOccurrence,2025-02-05T16:22:52,LOC_0058,"['P_01452', 'P_01207', 'P_01199', 'P_01390']",{'mo_family': 'ATM_CARD_SKIMMING'},True
EVT_0027,CrimeOccurrence,2025-02-07T08:28:15,LOC_0204,"['P_03873', 'P_03703']",{'mo_family': 'CYBER_FRAUD_CALL_CENTER'},True
EVT_0028,CrimeOccurrence,2025-02-08T10:32:10,LOC_0084,"['P_02328', 'P_02339', 'P_04382', 'P_02347']",{'mo_family': 'NARCOTICS_COURIER_NETWORK'},True
EVT_0029,CrimeOccurrence,2025-02-09T16:24:14,LOC_0056,"['P_02935', 'P_02914']",{'mo_family': 'CYBER_FRAUD_CALL_CENTER'},True
EVT_0030,CrimeOccurrence,2025-02-11T04:45:46,LOC_0148,"['P_02258', 'P_02231', 'P_02248', 'P_02406']",{'mo_family': 'CYBER_FRAUD_CALL_CENTER'},True
EVT_0031,CrimeOccurrence,2025-02-11T22:30:06,LOC_0161,"['P_00086', 'P_00397']",{'mo_family': 'NARCOTICS_COURIER_NETWORK'},True
EVT_0032,CrimeOccurrence,2025-02-12T04:47:04,LOC_0177,"['P_01260', 'P_01476', 'P_01295', 'P_02281', 'P_00023']",{'mo_family': 'VEHICLE_THEFT_RING'},True
EVT_0033,CrimeOccurrence,2025-02-12T08:38:53,LOC_0065,"['P_01275', 'P_01030', 'P_01303', 'P_01189']",{'mo_family': 'CHAIN_SNATCHING'},True
EVT_0034,CrimeOccurrence,2025-02-12T10:27:07,LOC_0055,"['P_01919', 'P_01606', 'P_01513', 'P_00872', 'P_04810']",{'mo_family': 'CHAIN_SNATCHING'},True
EVT_0035,CrimeOccurrence,2025-02-13T13:35:29,LOC_0179,"['P_00533', 'P_03646']",{'mo_family': 'EXTORTION_RACKET'},True
EVT_0036,CrimeOccurrence,2025-02-13T21:33:00,LOC_0188,"['P_01108', 'P_01083', 'P_01926', 'P_01069', 'P_01243']",{'mo_family': 'CYBER_FRAUD_CALL_CENTER'},True
EVT_0037,CrimeOccurrence,2025-02-13T21:49:14,LOC_0136,"['P_03960', 'P_01190', 'P_01056', 'P_01124', 'P_02385']",{'mo_family': 'CHAIN_SNATCHING'},True
EVT_0038,CrimeOccurrence,2025-02-13T22:24:18,LOC_0236,"['P_02990', 'P_02615', 'P_02877']",{'mo_family': 'CYBER_FRAUD_CALL_CENTER'},True
EVT_0039,CrimeOccurrence,2025-02-21T20:59:58,LOC_0090,"['P_00824', 'P_00722', 'P_00936']",{'mo_family': 'VEHICLE_THEFT_RING'},True
EVT_0040,CrimeOccurrence,2025-02-21T23:34:03,LOC_0142,"['P_02084', 'P_02317']",{'mo_family': 'ATM_CARD_SKIMMING'},True
EVT_0041,CrimeOccurrence,2025-02-22T15:15:50,LOC_0038,"['P_00287', 'P_00987', 'P_02563', 'P_00220']",{'mo_family': 'CHAIN_SNATCHING'},True
EVT_0042,CrimeOccurrence,2025-02-23T04:00:04,LOC_0153,"['P_03735', 'P_04428', 'P_04151', 'P_04183', 'P_04338']",{'mo_family': 'ATM_CARD_SKIMMING'},True
EVT_0043,CrimeOccurrence,2025-02-24T17:13:13,LOC_0175,"['P_01275', 'P_01478', 'P_01082', 'P_01360', 'P_01492']",{'mo_family': 'CHAIN_SNATCHING'},True
EVT_0044,CrimeOccurrence,2025-02-26T02:02:35,LOC_0068,"['P_00137', 'P_00042']",{'mo_family': 'VEHICLE_THEFT_RING'},True
EVT_0045,CrimeOccurrence,2025-03-01T06:14:23,LOC_0180,"['P_04476', 'P_04021', 'P_04247', 'P_04063']",{'mo_family': 'CYBER_FRAUD_CALL_CENTER'},True
EVT_0046,CrimeOccurrence,2025-03-01T14:52:25,LOC_0149,"['P_02322', 'P_02247']",{'mo_family': 'ATM_CARD_SKIMMING'},True
EVT_0047,CrimeOccurrence,2025-03-01T21:25:10,LOC_0179,"['P_04491', 'P_04412', 'P_04370', 'P_04168']",{'mo_family': 'ATM_CARD_SKIMMING'},True
EVT_0048,CrimeOccurrence,2025-03-02T15:43:46,LOC_0190,"['P_00656', 'P_00951', 'P_00509', 'P_00780', 'P_00826']",{'mo_family': 'CYBER_FRAUD_CALL_CENTER'},True
EVT_0049,CrimeOccurrence,2025-03-03T01:08:37,LOC_0128,"['P_01125', 'P_01121']",{'mo_family': 'NARCOTICS_COURIER_NETWORK'},True
EVT_0050,CrimeOccurrence,2025-03-03T11:43:39,LOC_0192,"['P_02402', 'P_02176', 'P_02172']",{'mo_family': 'NARCOTICS_COURIER_NETWORK'},True
EVT_0051,CrimeOccurrence,2025-03-07T10:58:27,LOC_0161,"['P_02653', 'P_03143', 'P_02518', 'P_02953', 'P_02745']",{'mo_family': 'VEHICLE_THEFT_RING'},True
EVT_0052,CrimeOccurrence,2025-03-08T09:37:55,LOC_0199,"['P_04155', 'P_04420', 'P_04189']",{'mo_family': 'VEHICLE_THEFT_RING'},True
EVT_0053,CrimeOccurrence,2025-03-09T06:54:38,LOC_0236,"['P_00860', 'P_02295', 'P_00945']",{'mo_family': 'NARCOTICS_COURIER_NETWORK'},True
EVT_0054,CrimeOccurrence,2025-03-10T22:53:17,LOC_0142,"['P_03133', 'P_03050', 'P_03138']",{'mo_family': 'CHAIN_SNATCHING'},True
EVT_0055,CrimeOccurrence,2025-03-11T19:25:42,LOC_0107,"['P_03250', 'P_03436', 'P_03135']",{'mo_family': 'NARCOTICS_COURIER_NETWORK'},True
EVT_0056,CrimeOccurrence,2025-03-15T16:27:13,LOC_0173,"['P_03055', 'P_03486']",{'mo_family': 'EXTORTION_RACKET'},True
EVT_0057,CrimeOccurrence,2025-03-17T16:23:48,LOC_0120,"['P_03285', 'P_03497']",{'mo_family': 'VEHICLE_THEFT_RING'},True
EVT_0058,CrimeOccurrence,2025-03-18T18:24:15,LOC_0117,"['P_02728', 'P_02682']",{'mo_family': 'CHAIN_SNATCHING'},True
EVT_0059,CrimeOccurrence,2025-03-19T04:05:07,LOC_0094,"['P_01721', 'P_01865', 'P_01756', 'P_01638', 'P_01988']",{'mo_family': 'NARCOTICS_COURIER_NETWORK'},True
EVT_0060,CrimeOccurrence,2025-03-20T06:34:12,LOC_0007,"['P_01435', 'P_01234']",{'mo_family': 'ATM_CARD_SKIMMING'},True
EVT_0061,CrimeOccurrence,2025-03-21T06:13:51,LOC_0027,"['P_00009', 'P_00239', 'P_00079', 'P_00322']",{'mo_family': 'NARCOTICS_COURIER_NETWORK'},True
EVT_0062,CrimeOccurrence,2025-03-21T10:27:47,LOC_0230,"['P_01213', 'P_00460', 'P_01167', 'P_01032']",{'mo_family': 'VEHICLE_THEFT_RING'},True
EVT_0063,CrimeOccurrence,2025-03-21T12:25:25,LOC_0184,"['P_03956', 'P_03756']",{'mo_family': 'CHAIN_SNATCHING'},True
EVT_0064,CrimeOccurrence,2025-03-21T14:47:22,LOC_0067,"['P_03564', 'P_03600', 'P_03627']",{'mo_family': 'VEHICLE_THEFT_RING'},True
EVT_0065,CrimeOccurrence,2025-03-22T10:45:50,LOC_0020,"['P_02533', 'P_02515', 'P_02687', 'P_02673']",{'mo_family': 'CYBER_FRAUD_CALL_CENTER'},True
EVT_0066,CrimeOccurrence,2025-03-23T22:50:13,LOC_0116,"['P_01274', 'P_01143']",{'mo_family': 'VEHICLE_THEFT_RING'},True
EVT_0067,CrimeOccurrence,2025-03-24T12:21:13,LOC_0031,"['P_03995', 'P_03703', 'P_03654', 'P_03808']",{'mo_family': 'ATM_CARD_SKIMMING'},True
EVT_0068,CrimeOccurrence,2025-03-27T03:06:28,LOC_0214,"['P_04943', 'P_04545']",{'mo_family': 'NARCOTICS_COURIER_NETWORK'},True
EVT_0069,CrimeOccurrence,2025-03-28T01:32:24,LOC_0067,"['P_02915', 'P_02701', 'P_02826', 'P_02556', 'P_04557']",{'mo_family': 'ATM_CARD_SKIMMING'},True
EVT_0070,CrimeOccurrence,2025-03-28T03:17:15,LOC_0081,"['P_04517', 'P_04893', 'P_04555']",{'mo_family': 'CYBER_FRAUD_CALL_CENTER'},True
EVT_0071,CrimeOccurrence,2025-03-28T03:40:56,LOC_0230,"['P_01821', 'P_01677', 'P_01808']",{'mo_family': 'VEHICLE_THEFT_RING'},True
EVT_0072,CrimeOccurrence,2025-03-28T08:33:48,LOC_0051,"['P_04507', 'P_04993', 'P_01811', 'P_04771']",{'mo_family': 'VEHICLE_THEFT_RING'},True
EVT_0073,CrimeOccurrence,2025-03-31T22:51:46,LOC_0119,"['P_00555', 'P_00754', 'P_03592', 'P_00553']",{'mo_family': 'ATM_CARD_SKIMMING'},True
EVT_0074,CrimeOccurrence,2025-04-01T09:35:22,LOC_0091,"['P_03362', 'P_03103', 'P_03386', 'P_03236', 'P_00069']",{'mo_family': 'NARCOTICS_COURIER_NETWORK'},True
EVT_0075,CrimeOccurrence,2025-04-01T11:13:25,LOC_0106,"['P_04841', 'P_00284', 'P_00335']",{'mo_family': 'ATM_CARD_SKIMMING'},True
EVT_0076,CrimeOccurrence,2025-04-01T11:21:28,LOC_0064,"['P_02194', 'P_02282', 'P_02340', 'P_02430', 'P_02648']",{'mo_family': 'VEHICLE_THEFT_RING'},True
EVT_0077,CrimeOccurrence,2025-04-01T14:24:24,LOC_0234,"['P_03452', 'P_03312', 'P_03465', 'P_03134']",{'mo_family': 'VEHICLE_THEFT_RING'},True
EVT_0078,CrimeOccurrence,2025-04-01T20:54:03,LOC_0095,"['P_02613', 'P_02719', 'P_00105']",{'mo_family': 'VEHICLE_THEFT_RING'},True
EVT_0079,CrimeOccurrence,2025-04-02T01:59:06,LOC_0064,"['P_04785', 'P_04586', 'P_04225']",{'mo_family': 'CHAIN_SNATCHING'},True
EVT_0080,CrimeOccurrence,2025-04-02T05:39:52,LOC_0082,"['P_04717', 'P_04585', 'P_04731', 'P_04551', 'P_04858']",{'mo_family': 'ATM_CARD_SKIMMING'},True
EVT_0081,CrimeOccurrence,2025-04-02T08:54:52,LOC_0139,"['P_00171', 'P_00230', 'P_01811', 'P_00232']",{'mo_family': 'EXTORTION_RACKET'},True
EVT_0082,CrimeOccurrence,2025-04-03T06:49:21,LOC_0123,"['P_04691', 'P_00075', 'P_04929']",{'mo_family': 'ATM_CARD_SKIMMING'},True
EVT_0083,CrimeOccurrence,2025-04-03T14:35:21,LOC_0151,"['P_01046', 'P_00495', 'P_01454', 'P_01168']",{'mo_family': 'CHAIN_SNATCHING'},True
EVT_0084,CrimeOccurrence,2025-04-03T17:04:22,LOC_0136,"['P_02734', 'P_02990']",{'mo_family': 'EXTORTION_RACKET'},True
EVT_0085,CrimeOccurrence,2025-04-04T13:04:12,LOC_0203,"['P_02118', 'P_02098', 'P_02455', 'P_02021']",{'mo_family': 'CHAIN_SNATCHING'},True
EVT_0086,CrimeOccurrence,2025-04-04T13:34:03,LOC_0097,"['P_01428', 'P_03113', 'P_01176', 'P_01146']",{'mo_family': 'CHAIN_SNATCHING'},True
EVT_0087,CrimeOccurrence,2025-04-04T19:05:32,LOC_0164,"['P_04779', 'P_04639', 'P_01194', 'P_04614', 'P_04693']",{'mo_family': 'VEHICLE_THEFT_RING'},True
EVT_0088,CrimeOccurrence,2025-04-04T20:08:32,LOC_0211,"['P_02633', 'P_02842', 'P_02582', 'P_02812']",{'mo_family': 'ATM_CARD_SKIMMING'},True
EVT_0089,CrimeOccurrence,2025-04-05T08:58:45,LOC_0054,"['P_03659', 'P_03698']",{'mo_family': 'CHAIN_SNATCHING'},True
EVT_0090,CrimeOccurrence,2025-04-05T13:50:07,LOC_0113,"['P_00169', 'P_00011']",{'mo_family': 'NARCOTICS_COURIER_NETWORK'},True
EVT_0091,CrimeOccurrence,2025-04-05T17:14:30,LOC_0213,"['P_01996', 'P_04198', 'P_04136', 'P_04200', 'P_04356']",{'mo_family': 'CYBER_FRAUD_CALL_CENTER'},True
EVT_0092,CrimeOccurrence,2025-04-06T10:08:29,LOC_0205,"['P_01848', 'P_01715', 'P_01543']",{'mo_family': 'NARCOTICS_COURIER_NETWORK'},True
EVT_0093,CrimeOccurrence,2025-04-06T20:05:50,LOC_0044,"['P_00858', 'P_00691']",{'mo_family': 'CHAIN_SNATCHING'},True
EVT_0094,CrimeOccurrence,2025-04-07T06:19:00,LOC_0181,"['P_00774', 'P_04273', 'P_00763', 'P_00819']",{'mo_family': 'EXTORTION_RACKET'},True
EVT_0095,CrimeOccurrence,2025-04-07T11:29:19,LOC_0085,"['P_01287', 'P_01084']",{'mo_family': 'CYBER_FRAUD_CALL_CENTER'},True
EVT_0096,CrimeOccurrence,2025-04-07T22:33:55,LOC_0025,"['P_04087', 'P_04021', 'P_04231', 'P_04203']",{'mo_family': 'EXTORTION_RACKET'},True
EVT_0097,CrimeOccurrence,2025-04-07T23:21:49,LOC_0001,"['P_01374', 'P_01259']",{'mo_family': 'CYBER_FRAUD_CALL_CENTER'},True
EVT_0098,CrimeOccurrence,2025-04-08T02:46:03,LOC_0044,"['P_04622', 'P_04917', 'P_04218', 'P_04575', 'P_01100']",{'mo_family': 'NARCOTICS_COURIER_NETWORK'},True
EVT_0099,CrimeOccurrence,2025-04-08T04:18:45,LOC_0126,"['P_00947', 'P_00657', 'P_00991', 'P_00725']",{'mo_family': 'CYBER_FRAUD_CALL_CENTER'},True
EVT_0100,CrimeOccurrence,2025-04-08T14:28:09,LOC_0098,"['P_04115', 'P_03175', 'P_03214']",{'mo_family': 'EXTORTION_RACKET'},True
EVT_0101,CrimeOccurrence,2025-04-08T19:34:17,LOC_0039,"['P_02206', 'P_02113', 'P_02369']",{'mo_family': 'CYBER_FRAUD_CALL_CENTER'},True
EVT_0102,CrimeOccurrence,2025-04-08T23:29:22,LOC_0016,"['P_02859', 'P_02817', 'P_02855', 'P_04230', 'P_02624']",{'mo_family': 'VEHICLE_THEFT_RING'},True
EVT_0103,CrimeOccurrence,2025-04-09T01:53:59,LOC_0025,"['P_04483', 'P_01668', 'P_04044', 'P_04312', 'P_04213']",{'mo_family': 'CYBER_FRAUD_CALL_CENTER'},True
EVT_0104,CrimeOccurrence,2025-04-09T13:19:03,LOC_0045,"['P_04507', 'P_04682', 'P_04841']",{'mo_family': 'EXTORTION_RACKET'},True
EVT_0105,CrimeOccurrence,2025-04-10T08:31:32,LOC_0021,"['P_01433', 'P_01034']",{'mo_family': 'ATM_CARD_SKIMMING'},True
EVT_0106,CrimeOccurrence,2025-04-10T11:53:43,LOC_0110,"['P_01231', 'P_01487', 'P_02025', 'P_01212']",{'mo_family': 'NARCOTICS_COURIER_NETWORK'},True
EVT_0107,CrimeOccurrence,2025-04-10T13:16:35,LOC_0051,"['P_04354', 'P_00006', 'P_04445', 'P_04399', 'P_04056']",{'mo_family': 'CHAIN_SNATCHING'},True
EVT_0108,CrimeOccurrence,2025-04-10T22:01:16,LOC_0145,"['P_04505', 'P_04642']",{'mo_family': 'ATM_CARD_SKIMMING'},True
EVT_0109,CrimeOccurrence,2025-04-10T22:22:14,LOC_0147,"['P_02917', 'P_02653', 'P_02817', 'P_02728', 'P_02835']",{'mo_family': 'EXTORTION_RACKET'},True
EVT_0110,CrimeOccurrence,2025-04-11T08:22:29,LOC_0177,"['P_01176', 'P_00861', 'P_02746', 'P_01192', 'P_01179']",{'mo_family': 'CYBER_FRAUD_CALL_CENTER'},True
EVT_0111,CrimeOccurrence,2025-04-11T17:11:58,LOC_0216,"['P_00166', 'P_00292', 'P_03941', 'P_00395']",{'mo_family': 'CHAIN_SNATCHING'},True
EVT_0112,CrimeOccurrence,2025-04-11T17:14:54,LOC_0187,"['P_01480', 'P_01251', 'P_01303', 'P_01101']",{'mo_family': 'ATM_CARD_SKIMMING'},True
EVT_0113,CrimeOccurrence,2025-04-12T08:39:46,LOC_0017,"['P_03606', 'P_03969', 'P_01414', 'P_03874']",{'mo_family': 'CYBER_FRAUD_CALL_CENTER'},True
EVT_0114,CrimeOccurrence,2025-04-12T15:54:32,LOC_0050,"['P_04707', 'P_04659']",{'mo_family': 'EXTORTION_RACKET'},True
EVT_0115,CrimeOccurrence,2025-04-12T19:52:47,LOC_0095,"['P_00072', 'P_00241', 'P_00185', 'P_00271', 'P_00279']",{'mo_family': 'ATM_CARD_SKIMMING'},True
EVT_0116,CrimeOccurrence,2025-04-12T23:08:27,LOC_0096,"['P_01015', 'P_01151']",{'mo_family': 'NARCOTICS_COURIER_NETWORK'},True
EVT_0117,CrimeOccurrence,2025-04-13T05:33:48,LOC_0192,"['P_04517', 'P_04527', 'P_04613', 'P_04649']",{'mo_family': 'EXTORTION_RACKET'},True
EVT_0118,CrimeOccurrence,2025-04-13T05:36:58,LOC_0200,"['P_03820', 'P_00407', 'P_00487']",{'mo_family': 'CYBER_FRAUD_CALL_CENTER'},True
EVT_0119,CrimeOccurrence,2025-04-13T06:41:41,LOC_0105,"['P_01640', 'P_01882', 'P_01845']",{'mo_family': 'NARCOTICS_COURIER_NETWORK'},True
EVT_0120,CrimeOccurrence,2025-04-13T20:49:23,LOC_0065,"['P_01419', 'P_01144']",{'mo_family': 'ATM_CARD_SKIMMING'},True
EVT_0121,CrimeOccurrence,2025-04-14T01:09:25,LOC_0056,"['P_02362', 'P_02304', 'P_02192', 'P_02335', 'P_02400']",{'mo_family': 'NARCOTICS_COURIER_NETWORK'},True
EVT_0122,CrimeOccurrence,2025-04-14T10:04:25,LOC_0131,"['P_04789', 'P_00238']",{'mo_family': 'CYBER_FRAUD_CALL_CENTER'},True
EVT_0123,CrimeOccurrence,2025-04-14T12:35:09,LOC_0124,"['P_04650', 'P_04600', 'P_04982', 'P_04546']",{'mo_family': 'CHAIN_SNATCHING'},True
EVT_0124,CrimeOccurrence,2025-04-14T12:53:58,LOC_0196,"['P_02117', 'P_02195', 'P_02356', 'P_02188']",{'mo_family': 'CHAIN_SNATCHING'},True
EVT_0125,CrimeOccurrence,2025-04-14T13:48:15,LOC_0168,"['P_03122', 'P_04411', 'P_03311', 'P_01594']",{'mo_family': 'EXTORTION_RACKET'},True
EVT_0126,CrimeOccurrence,2025-04-14T17:37:51,LOC_0182,"['P_03251', 'P_03181']",{'mo_family': 'CYBER_FRAUD_CALL_CENTER'},True
EVT_0127,CrimeOccurrence,2025-04-15T13:30:29,LOC_0130,"['P_04045', 'P_01676', 'P_01862', 'P_04884', 'P_01822']",{'mo_family': 'CHAIN_SNATCHING'},True
EVT_0128,CrimeOccurrence,2025-04-15T19:20:16,LOC_0190,"['P_01053', 'P_01484', 'P_01259', 'P_01035']",{'mo_family': 'EXTORTION_RACKET'},True
EVT_0129,CrimeOccurrence,2025-04-16T15:40:46,LOC_0091,"['P_02585', 'P_02750']",{'mo_family': 'ATM_CARD_SKIMMING'},True
EVT_0130,CrimeOccurrence,2025-04-17T02:55:00,LOC_0218,"['P_03045', 'P_03485', 'P_03373', 'P_03224']",{'mo_family': 'CHAIN_SNATCHING'},True
EVT_0131,CrimeOccurrence,2025-04-17T15:00:08,LOC_0161,"['P_04754', 'P_04946']",{'mo_family': 'EXTORTION_RACKET'},True
EVT_0132,CrimeOccurrence,2025-04-18T03:23:18,LOC_0036,"['P_04028', 'P_04205', 'P_04437', 'P_03948']",{'mo_family': 'CYBER_FRAUD_CALL_CENTER'},True
EVT_0133,CrimeOccurrence,2025-04-18T06:44:27,LOC_0086,"['P_01467', 'P_01025', 'P_01072', 'P_01174']",{'mo_family': 'CYBER_FRAUD_CALL_CENTER'},True
EVT_0134,CrimeOccurrence,2025-04-18T13:19:13,LOC_0133,"['P_01868', 'P_00159', 'P_00148', 'P_00151', 'P_00039']",{'mo_family': 'VEHICLE_THEFT_RING'},True
EVT_0135,CrimeOccurrence,2025-04-18T14:18:38,LOC_0215,"['P_01456', 'P_01391', 'P_01370', 'P_02077', 'P_01061']",{'mo_family': 'VEHICLE_THEFT_RING'},True
EVT_0136,CrimeOccurrence,2025-04-19T12:05:15,LOC_0052,"['P_01356', 'P_02952', 'P_02640']",{'mo_family': 'VEHICLE_THEFT_RING'},True
EVT_0137,CrimeOccurrence,2025-04-20T01:48:42,LOC_0129,"['P_02896', 'P_02570', 'P_02557']",{'mo_family': 'CHAIN_SNATCHING'},True
EVT_0138,CrimeOccurrence,2025-04-20T10:45:15,LOC_0112,"['P_02439', 'P_04077', 'P_02305', 'P_02431', 'P_02488']",{'mo_family': 'CHAIN_SNATCHING'},True
EVT_0139,CrimeOccurrence,2025-04-20T21:21:57,LOC_0243,"['P_04131', 'P_04125', 'P_04017', 'P_04112']",{'mo_family': 'CHAIN_SNATCHING'},True
EVT_0140,CrimeOccurrence,2025-04-21T19:40:55,LOC_0055,"['P_01872', 'P_01931', 'P_01570']",{'mo_family': 'VEHICLE_THEFT_RING'},True
EVT_0141,CrimeOccurrence,2025-04-21T22:10:06,LOC_0198,"['P_01374', 'P_01009', 'P_01249', 'P_01028']",{'mo_family': 'ATM_CARD_SKIMMING'},True
EVT_0142,CrimeOccurrence,2025-04-22T08:49:05,LOC_0177,"['P_00596', 'P_00886']",{'mo_family': 'VEHICLE_THEFT_RING'},True
EVT_0143,CrimeOccurrence,2025-04-22T13:22:27,LOC_0078,"['P_03887', 'P_03635', 'P_00153']",{'mo_family': 'CHAIN_SNATCHING'},True
EVT_0144,CrimeOccurrence,2025-04-22T15:22:13,LOC_0131,"['P_04574', 'P_04962', 'P_04697']",{'mo_family': 'CHAIN_SNATCHING'},True
EVT_0145,CrimeOccurrence,2025-04-22T15:24:56,LOC_0200,"['P_04462', 'P_04246', 'P_04174']",{'mo_family': 'VEHICLE_THEFT_RING'},True
EVT_0146,CrimeOccurrence,2025-04-22T21:15:03,LOC_0234,"['P_03469', 'P_01799', 'P_03081', 'P_03357']",{'mo_family': 'CHAIN_SNATCHING'},True
EVT_0147,CrimeOccurrence,2025-04-22T22:44:11,LOC_0039,"['P_03036', 'P_00730']",{'mo_family': 'VEHICLE_THEFT_RING'},True
EVT_0148,CrimeOccurrence,2025-04-23T04:09:56,LOC_0076,"['P_00678', 'P_00844', 'P_00830', 'P_00903']",{'mo_family': 'VEHICLE_THEFT_RING'},True
EVT_0149,CrimeOccurrence,2025-04-24T14:47:51,LOC_0110,"['P_02429', 'P_02305', 'P_02494', 'P_03646']",{'mo_family': 'VEHICLE_THEFT_RING'},True
EVT_0150,CrimeOccurrence,2025-04-24T17:05:37,LOC_0229,"['P_01225', 'P_01134', 'P_01251']",{'mo_family': 'VEHICLE_THEFT_RING'},True
EVT_0151,CrimeOccurrence,2025-04-25T05:00:18,LOC_0103,"['P_02915', 'P_03053', 'P_00990', 'P_03154']",{'mo_family': 'VEHICLE_THEFT_RING'},True
EVT_0152,CrimeOccurrence,2025-04-25T08:33:04,LOC_0189,"['P_03649', 'P_03978', 'P_04862', 'P_03918', 'P_03633']",{'mo_family': 'NARCOTICS_COURIER_NETWORK'},True
EVT_0153,CrimeOccurrence,2025-04-25T09:28:36,LOC_0047,"['P_03260', 'P_03408', 'P_03409', 'P_03463', 'P_03298']",{'mo_family': 'VEHICLE_THEFT_RING'},True
EVT_0154,CrimeOccurrence,2025-04-27T19:46:40,LOC_0029,"['P_02839', 'P_04689', 'P_00237']",{'mo_family': 'EXTORTION_RACKET'},True
EVT_0155,CrimeOccurrence,2025-04-28T03:51:15,LOC_0135,"['P_02459', 'P_01580', 'P_02393', 'P_02192']",{'mo_family': 'VEHICLE_THEFT_RING'},True
EVT_0156,CrimeOccurrence,2025-04-28T11:37:33,LOC_0025,"['P_01835', 'P_01852', 'P_01914', 'P_01997']",{'mo_family': 'EXTORTION_RACKET'},True
EVT_0157,CrimeOccurrence,2025-04-28T12:39:42,LOC_0229,"['P_03345', 'P_03153', 'P_04910']",{'mo_family': 'NARCOTICS_COURIER_NETWORK'},True
EVT_0158,CrimeOccurrence,2025-04-28T15:47:53,LOC_0062,"['P_04238', 'P_04162', 'P_04458', 'P_04102', 'P_04239']",{'mo_family': 'ATM_CARD_SKIMMING'},True
EVT_0159,CrimeOccurrence,2025-04-30T08:05:02,LOC_0184,"['P_04509', 'P_03429', 'P_03170', 'P_03102', 'P_03256']",{'mo_family': 'EXTORTION_RACKET'},True
EVT_0160,CrimeOccurrence,2025-04-30T16:38:10,LOC_0047,"['P_02951', 'P_02590']",{'mo_family': 'CYBER_FRAUD_CALL_CENTER'},True
EVT_0161,CrimeOccurrence,2025-05-01T14:12:53,LOC_0203,"['P_00451', 'P_04565']",{'mo_family': 'VEHICLE_THEFT_RING'},True
EVT_0162,CrimeOccurrence,2025-05-03T22:11:27,LOC_0094,"['P_04486', 'P_04261', 'P_04342']",{'mo_family': 'CHAIN_SNATCHING'},True
EVT_0163,CrimeOccurrence,2025-05-05T02:17:50,LOC_0030,"['P_02744', 'P_02893', 'P_02712', 'P_02720', 'P_02869']",{'mo_family': 'CYBER_FRAUD_CALL_CENTER'},True
EVT_0164,CrimeOccurrence,2025-05-05T20:37:08,LOC_0230,"['P_02020', 'P_02072', 'P_02440', 'P_02102']",{'mo_family': 'NARCOTICS_COURIER_NETWORK'},True
EVT_0165,CrimeOccurrence,2025-05-07T12:55:07,LOC_0157,"['P_03118', 'P_03353']",{'mo_family': 'NARCOTICS_COURIER_NETWORK'},True
EVT_0166,CrimeOccurrence,2025-05-09T10:57:49,LOC_0012,"['P_01788', 'P_01546', 'P_01646', 'P_01941', 'P_01767']",{'mo_family': 'CYBER_FRAUD_CALL_CENTER'},True
EVT_0167,CrimeOccurrence,2025-05-09T13:48:09,LOC_0035,"['P_01329', 'P_01010', 'P_01399', 'P_01431', 'P_01290']",{'mo_family': 'EXTORTION_RACKET'},True
EVT_0168,CrimeOccurrence,2025-05-09T15:19:54,LOC_0178,"['P_00318', 'P_03546', 'P_03945', 'P_03560', 'P_03827']",{'mo_family': 'EXTORTION_RACKET'},True
EVT_0169,CrimeOccurrence,2025-05-10T01:03:14,LOC_0156,"['P_04840', 'P_04966', 'P_04832', 'P_04884']",{'mo_family': 'EXTORTION_RACKET'},True
EVT_0170,CrimeOccurrence,2025-05-10T21:39:53,LOC_0035,"['P_03260', 'P_03192', 'P_03455', 'P_03285']",{'mo_family': 'CHAIN_SNATCHING'},True
EVT_0171,CrimeOccurrence,2025-05-12T07:37:40,LOC_0183,"['P_04048', 'P_04282', 'P_04293', 'P_04404']",{'mo_family': 'NARCOTICS_COURIER_NETWORK'},True
EVT_0172,CrimeOccurrence,2025-05-12T18:31:23,LOC_0075,"['P_01967', 'P_01998', 'P_01646']",{'mo_family': 'ATM_CARD_SKIMMING'},True
EVT_0173,CrimeOccurrence,2025-05-13T19:23:26,LOC_0150,"['P_01110', 'P_01471', 'P_01457', 'P_01356']",{'mo_family': 'ATM_CARD_SKIMMING'},True
EVT_0174,CrimeOccurrence,2025-05-15T12:47:57,LOC_0098,"['P_02453', 'P_02099', 'P_02391', 'P_00518', 'P_00043']",{'mo_family': 'EXTORTION_RACKET'},True
EVT_0175,CrimeOccurrence,2025-05-15T23:36:12,LOC_0201,"['P_02477', 'P_02101', 'P_02081']",{'mo_family': 'CHAIN_SNATCHING'},True
EVT_0176,CrimeOccurrence,2025-05-16T17:31:32,LOC_0144,"['P_04869', 'P_04948', 'P_04603']",{'mo_family': 'VEHICLE_THEFT_RING'},True
EVT_0177,CrimeOccurrence,2025-05-20T04:10:12,LOC_0100,"['P_02366', 'P_02405']",{'mo_family': 'NARCOTICS_COURIER_NETWORK'},True
EVT_0178,CrimeOccurrence,2025-05-22T03:07:01,LOC_0221,"['P_00107', 'P_04204', 'P_00484', 'P_00151']",{'mo_family': 'VEHICLE_THEFT_RING'},True
EVT_0179,CrimeOccurrence,2025-05-23T11:14:59,LOC_0247,"['P_03013', 'P_03470', 'P_03487']",{'mo_family': 'NARCOTICS_COURIER_NETWORK'},True
EVT_0180,CrimeOccurrence,2025-05-24T10:32:21,LOC_0097,"['P_01532', 'P_02485', 'P_01625']",{'mo_family': 'VEHICLE_THEFT_RING'},True
EVT_0181,CrimeOccurrence,2025-05-24T19:53:56,LOC_0182,"['P_00149', 'P_01217', 'P_01319', 'P_01250']",{'mo_family': 'ATM_CARD_SKIMMING'},True
EVT_0182,CrimeOccurrence,2025-05-25T21:23:35,LOC_0141,"['P_00417', 'P_00366', 'P_00325', 'P_00764']",{'mo_family': 'EXTORTION_RACKET'},True
EVT_0183,CrimeOccurrence,2025-05-27T22:44:45,LOC_0130,"['P_04553', 'P_04361']",{'mo_family': 'ATM_CARD_SKIMMING'},True
EVT_0184,CrimeOccurrence,2025-05-28T18:56:42,LOC_0170,"['P_02608', 'P_02863', 'P_03452']",{'mo_family': 'VEHICLE_THEFT_RING'},True
EVT_0185,CrimeOccurrence,2025-05-28T23:15:19,LOC_0172,"['P_03586', 'P_03891']",{'mo_family': 'EXTORTION_RACKET'},True
EVT_0186,CrimeOccurrence,2025-05-31T21:08:26,LOC_0227,"['P_01998', 'P_01855']",{'mo_family': 'EXTORTION_RACKET'},True
EVT_0187,CrimeOccurrence,2025-06-01T22:37:19,LOC_0211,"['P_02469', 'P_02365']",{'mo_family': 'NARCOTICS_COURIER_NETWORK'},True
EVT_0188,CrimeOccurrence,2025-06-04T12:02:23,LOC_0050,"['P_01605', 'P_03930', 'P_03627', 'P_04546', 'P_03651']",{'mo_family': 'EXTORTION_RACKET'},True
EVT_0189,CrimeOccurrence,2025-06-05T02:41:46,LOC_0054,"['P_04004', 'P_04102']",{'mo_family': 'ATM_CARD_SKIMMING'},True
EVT_0190,CrimeOccurrence,2025-06-05T20:47:27,LOC_0138,"['P_03476', 'P_03067']",{'mo_family': 'NARCOTICS_COURIER_NETWORK'},True
EVT_0191,CrimeOccurrence,2025-06-07T02:07:45,LOC_0176,"['P_03919', 'P_03566']",{'mo_family': 'NARCOTICS_COURIER_NETWORK'},True
EVT_0192,CrimeOccurrence,2025-06-07T04:16:16,LOC_0046,"['P_00567', 'P_00717']",{'mo_family': 'VEHICLE_THEFT_RING'},True
EVT_0193,CrimeOccurrence,2025-06-09T04:49:21,LOC_0162,"['P_01926', 'P_01865', 'P_01957', 'P_01915']",{'mo_family': 'EXTORTION_RACKET'},True
EVT_0194,CrimeOccurrence,2025-06-09T04:58:47,LOC_0194,"['P_04478', 'P_04168']",{'mo_family': 'VEHICLE_THEFT_RING'},True
EVT_0195,CrimeOccurrence,2025-06-11T07:24:45,LOC_0202,"['P_04216', 'P_04224']",{'mo_family': 'CHAIN_SNATCHING'},True
EVT_0196,CrimeOccurrence,2025-06-12T01:44:25,LOC_0122,"['P_00140', 'P_04126', 'P_03891', 'P_03586', 'P_03600']",{'mo_family': 'CHAIN_SNATCHING'},True
EVT_0197,CrimeOccurrence,2025-06-13T02:08:05,LOC_0228,"['P_02465', 'P_02497', 'P_02191']",{'mo_family': 'EXTORTION_RACKET'},True
EVT_0198,CrimeOccurrence,2025-06-13T17:35:35,LOC_0224,"['P_03057', 'P_03384']",{'mo_family': 'NARCOTICS_COURIER_NETWORK'},True
EVT_0199,CrimeOccurrence,2025-06-15T11:25:16,LOC_0054,"['P_03229', 'P_03253']",{'mo_family': 'EXTORTION_RACKET'},True
EVT_0200,CrimeOccurrence,2025-06-16T14:24:16,LOC_0057,"['P_01680', 'P_01678', 'P_01656', 'P_02476', 'P_01735']",{'mo_family': 'CHAIN_SNATCHING'},True
EVT_0201,CrimeOccurrence,2025-06-17T14:36:50,LOC_0119,"['P_04648', 'P_00777']",{'mo_family': 'ATM_CARD_SKIMMING'},True
EVT_0202,CrimeOccurrence,2025-06-18T04:46:12,LOC_0186,"['P_02136', 'P_02102']",{'mo_family': 'VEHICLE_THEFT_RING'},True
EVT_0203,CrimeOccurrence,2025-06-18T05:27:21,LOC_0159,"['P_01650', 'P_01922']",{'mo_family': 'NARCOTICS_COURIER_NETWORK'},True
EVT_0204,CrimeOccurrence,2025-06-18T06:33:03,LOC_0246,"['P_02841', 'P_02794', 'P_02505']",{'mo_family': 'CHAIN_SNATCHING'},True
EVT_0205,CrimeOccurrence,2025-06-18T09:52:17,LOC_0174,"['P_03573', 'P_03471', 'P_03983', 'P_03609']",{'mo_family': 'NARCOTICS_COURIER_NETWORK'},True
EVT_0206,CrimeOccurrence,2025-06-18T10:30:27,LOC_0142,"['P_03795', 'P_03669', 'P_03649', 'P_03963']",{'mo_family': 'CYBER_FRAUD_CALL_CENTER'},True
EVT_0207,CrimeOccurrence,2025-06-18T16:20:00,LOC_0187,"['P_04009', 'P_02694', 'P_04269']",{'mo_family': 'ATM_CARD_SKIMMING'},True
EVT_0208,CrimeOccurrence,2025-06-20T18:30:16,LOC_0140,"['P_00256', 'P_03100', 'P_00230', 'P_00049', 'P_00298']",{'mo_family': 'NARCOTICS_COURIER_NETWORK'},True
EVT_0209,CrimeOccurrence,2025-06-21T19:50:26,LOC_0035,"['P_01312', 'P_01367', 'P_01218', 'P_01278']",{'mo_family': 'NARCOTICS_COURIER_NETWORK'},True
EVT_0210,CrimeOccurrence,2025-06-22T02:57:21,LOC_0207,"['P_00087', 'P_04468', 'P_01599']",{'mo_family': 'EXTORTION_RACKET'},True
EVT_0211,CrimeOccurrence,2025-06-22T17:33:21,LOC_0189,"['P_01128', 'P_01422', 'P_01150', 'P_01179', 'P_02579']",{'mo_family': 'EXTORTION_RACKET'},True
EVT_0212,CrimeOccurrence,2025-06-23T11:26:20,LOC_0060,"['P_01727', 'P_00882', 'P_01620', 'P_01793', 'P_01621']",{'mo_family': 'VEHICLE_THEFT_RING'},True
EVT_0213,CrimeOccurrence,2025-06-24T17:37:44,LOC_0027,"['P_03136', 'P_03261', 'P_03460', 'P_00430', 'P_03180']",{'mo_family': 'CHAIN_SNATCHING'},True
EVT_0214,CrimeOccurrence,2025-06-25T12:43:13,LOC_0151,"['P_02206', 'P_02481', 'P_02499']",{'mo_family': 'CHAIN_SNATCHING'},True
EVT_0215,CrimeOccurrence,2025-07-02T11:29:07,LOC_0210,"['P_02415', 'P_02425', 'P_02456', 'P_02109', 'P_02298']",{'mo_family': 'EXTORTION_RACKET'},True
EVT_0216,CrimeOccurrence,2025-07-02T19:20:04,LOC_0232,"['P_04950', 'P_04577']",{'mo_family': 'CYBER_FRAUD_CALL_CENTER'},True
EVT_0217,CrimeOccurrence,2025-07-03T03:40:24,LOC_0155,"['P_01653', 'P_01725', 'P_01733']",{'mo_family': 'CHAIN_SNATCHING'},True
EVT_0218,CrimeOccurrence,2025-07-04T01:44:18,LOC_0173,"['P_02941', 'P_02706']",{'mo_family': 'CYBER_FRAUD_CALL_CENTER'},True
EVT_0219,CrimeOccurrence,2025-07-04T09:44:18,LOC_0012,"['P_03139', 'P_03367']",{'mo_family': 'NARCOTICS_COURIER_NETWORK'},True
EVT_0220,CrimeOccurrence,2025-07-04T12:44:50,LOC_0067,"['P_00241', 'P_00079', 'P_00322']",{'mo_family': 'EXTORTION_RACKET'},True
EVT_0221,CrimeOccurrence,2025-07-05T05:38:28,LOC_0243,"['P_04680', 'P_04910']",{'mo_family': 'CYBER_FRAUD_CALL_CENTER'},True
EVT_0222,CrimeOccurrence,2025-07-07T05:03:22,LOC_0154,"['P_03603', 'P_03946', 'P_03858']",{'mo_family': 'CYBER_FRAUD_CALL_CENTER'},True
EVT_0223,CrimeOccurrence,2025-07-08T01:54:40,LOC_0153,"['P_04317', 'P_04497', 'P_04281', 'P_04156']",{'mo_family': 'ATM_CARD_SKIMMING'},True
EVT_0224,CrimeOccurrence,2025-07-08T11:16:02,LOC_0233,"['P_00136', 'P_00309', 'P_02175']",{'mo_family': 'VEHICLE_THEFT_RING'},True
EVT_0225,CrimeOccurrence,2025-07-08T20:39:24,LOC_0154,"['P_00895', 'P_00789', 'P_00972']",{'mo_family': 'EXTORTION_RACKET'},True
EVT_0226,CrimeOccurrence,2025-07-11T03:36:27,LOC_0134,"['P_00417', 'P_04597', 'P_00971', 'P_00764', 'P_00606']",{'mo_family': 'VEHICLE_THEFT_RING'},True
EVT_0227,CrimeOccurrence,2025-07-11T11:38:24,LOC_0035,"['P_01758', 'P_01948', 'P_01925', 'P_01880', 'P_01980']",{'mo_family': 'CYBER_FRAUD_CALL_CENTER'},True
EVT_0228,CrimeOccurrence,2025-07-13T04:45:54,LOC_0031,"['P_00982', 'P_04523', 'P_02251', 'P_02369', 'P_02206']",{'mo_family': 'VEHICLE_THEFT_RING'},True
EVT_0229,CrimeOccurrence,2025-07-16T00:57:25,LOC_0167,"['P_02555', 'P_02774', 'P_02831', 'P_02588', 'P_02623']",{'mo_family': 'NARCOTICS_COURIER_NETWORK'},True
EVT_0230,CrimeOccurrence,2025-07-21T09:14:49,LOC_0106,"['P_04626', 'P_04678', 'P_04733', 'P_04934']",{'mo_family': 'CYBER_FRAUD_CALL_CENTER'},True
EVT_0231,CrimeOccurrence,2025-07-21T22:40:33,LOC_0189,"['P_04581', 'P_04774', 'P_04790', 'P_04711', 'P_04665']",{'mo_family': 'CHAIN_SNATCHING'},True
EVT_0232,CrimeOccurrence,2025-07-22T07:01:53,LOC_0131,"['P_01098', 'P_01326']",{'mo_family': 'CYBER_FRAUD_CALL_CENTER'},True
EVT_0233,CrimeOccurrence,2025-07-22T17:40:24,LOC_0206,"['P_00015', 'P_00427', 'P_00437']",{'mo_family': 'EXTORTION_RACKET'},True
EVT_0234,CrimeOccurrence,2025-07-27T16:45:32,LOC_0068,"['P_03567', 'P_03502']",{'mo_family': 'EXTORTION_RACKET'},True
EVT_0235,CrimeOccurrence,2025-07-29T05:12:57,LOC_0164,"['P_03173', 'P_03384', 'P_03149', 'P_03067', 'P_01307']",{'mo_family': 'NARCOTICS_COURIER_NETWORK'},True
EVT_0236,CrimeOccurrence,2025-08-02T14:38:45,LOC_0131,"['P_01128', 'P_02391', 'P_02018']",{'mo_family': 'EXTORTION_RACKET'},True
EVT_0237,CrimeOccurrence,2025-08-05T03:43:54,LOC_0250,"['P_00433', 'P_00296', 'P_00012', 'P_00201']",{'mo_family': 'NARCOTICS_COURIER_NETWORK'},True
EVT_0238,CrimeOccurrence,2025-08-07T12:01:28,LOC_0236,"['P_04101', 'P_03022', 'P_02639', 'P_03152', 'P_03238']",{'mo_family': 'CHAIN_SNATCHING'},True
EVT_0239,CrimeOccurrence,2025-08-19T14:34:47,LOC_0156,"['P_04810', 'P_04760', 'P_04654', 'P_04776']",{'mo_family': 'EXTORTION_RACKET'},True
EVT_0240,CrimeOccurrence,2025-08-23T10:58:49,LOC_0045,"['P_04710', 'P_04692']",{'mo_family': 'CYBER_FRAUD_CALL_CENTER'},True
EVT_0241,CrimeOccurrence,2025-09-01T10:17:52,LOC_0225,"['P_02459', 'P_02318', 'P_02192', 'P_03319']",{'mo_family': 'EXTORTION_RACKET'},True
EVT_0242,CrimeOccurrence,2025-09-01T13:00:05,LOC_0230,"['P_04950', 'P_04614', 'P_04750', 'P_04693', 'P_04825']",{'mo_family': 'CYBER_FRAUD_CALL_CENTER'},True
EVT_0243,CrimeOccurrence,2025-09-03T15:27:20,LOC_0133,"['P_00908', 'P_00929', 'P_00914', 'P_00554', 'P_00825']",{'mo_family': 'CHAIN_SNATCHING'},True
EVT_0244,CrimeOccurrence,2025-09-03T17:07:24,LOC_0239,"['P_02814', 'P_02802']",{'mo_family': 'CYBER_FRAUD_CALL_CENTER'},True
EVT_0245,CrimeOccurrence,2025-09-05T02:18:12,LOC_0052,"['P_01327', 'P_01498', 'P_01767']",{'mo_family': 'CHAIN_SNATCHING'},True
EVT_0246,CrimeOccurrence,2025-09-05T15:19:36,LOC_0040,"['P_01745', 'P_01878', 'P_01648']",{'mo_family': 'ATM_CARD_SKIMMING'},True
EVT_0247,CrimeOccurrence,2025-09-06T00:30:46,LOC_0220,"['P_04491', 'P_04132']",{'mo_family': 'NARCOTICS_COURIER_NETWORK'},True
EVT_0248,CrimeOccurrence,2025-09-07T20:49:51,LOC_0196,"['P_02584', 'P_02557', 'P_02820', 'P_02910', 'P_02516']",{'mo_family': 'CHAIN_SNATCHING'},True
EVT_0249,CrimeOccurrence,2025-09-09T08:23:37,LOC_0123,"['P_01478', 'P_01051']",{'mo_family': 'EXTORTION_RACKET'},True
EVT_0250,CrimeOccurrence,2025-09-12T05:38:52,LOC_0081,"['P_01077', 'P_01404', 'P_01432', 'P_01500', 'P_01364']",{'mo_family': 'CYBER_FRAUD_CALL_CENTER'},True
EVT_0251,CrimeOccurrence,2025-09-13T02:52:37,LOC_0223,"['P_04821', 'P_04760']",{'mo_family': 'CYBER_FRAUD_CALL_CENTER'},True
EVT_0252,CrimeOccurrence,2025-09-16T07:47:27,LOC_0048,"['P_01943', 'P_03281', 'P_01772', 'P_01803']",{'mo_family': 'CHAIN_SNATCHING'},True
EVT_0253,CrimeOccurrence,2025-09-18T00:25:04,LOC_0148,"['P_02991', 'P_02544', 'P_02602', 'P_02713', 'P_02963']",{'mo_family': 'CHAIN_SNATCHING'},True
EVT_0254,CrimeOccurrence,2025-09-22T22:01:34,LOC_0220,"['P_02300', 'P_02382', 'P_02260']",{'mo_family': 'NARCOTICS_COURIER_NETWORK'},True
EVT_0255,CrimeOccurrence,2025-09-23T15:52:34,LOC_0128,"['P_00171', 'P_01017', 'P_02910', 'P_01138', 'P_01226']",{'mo_family': 'NARCOTICS_COURIER_NETWORK'},True
EVT_0256,CrimeOccurrence,2025-09-26T03:56:08,LOC_0143,"['P_03968', 'P_03901', 'P_03656', 'P_03987']",{'mo_family': 'CHAIN_SNATCHING'},True
EVT_0257,CrimeOccurrence,2025-09-26T16:33:58,LOC_0093,"['P_00798', 'P_03954', 'P_00842', 'P_00812', 'P_00789']",{'mo_family': 'CYBER_FRAUD_CALL_CENTER'},True
EVT_0258,CrimeOccurrence,2025-09-27T17:47:24,LOC_0171,"['P_02990', 'P_02877', 'P_02970']",{'mo_family': 'VEHICLE_THEFT_RING'},True
EVT_0259,CrimeOccurrence,2025-09-28T08:56:17,LOC_0074,"['P_03782', 'P_03995', 'P_03994', 'P_01645', 'P_03648']",{'mo_family': 'EXTORTION_RACKET'},True
EVT_0260,CrimeOccurrence,2025-09-28T17:23:36,LOC_0218,"['P_02922', 'P_02644', 'P_02726', 'P_02764', 'P_02847']",{'mo_family': 'NARCOTICS_COURIER_NETWORK'},True
EVT_0261,CrimeOccurrence,2025-09-28T23:54:17,LOC_0069,"['P_02933', 'P_02907', 'P_02569', 'P_02590']",{'mo_family': 'ATM_CARD_SKIMMING'},True
EVT_0262,CrimeOccurrence,2025-10-01T22:23:04,LOC_0187,"['P_01461', 'P_04596', 'P_04573', 'P_04809', 'P_04813']",{'mo_family': 'CHAIN_SNATCHING'},True
EVT_0263,CrimeOccurrence,2025-10-02T07:15:44,LOC_0027,"['P_00656', 'P_00737', 'P_00904']",{'mo_family': 'NARCOTICS_COURIER_NETWORK'},True
EVT_0264,CrimeOccurrence,2025-10-03T02:10:52,LOC_0068,"['P_03123', 'P_03253']",{'mo_family': 'VEHICLE_THEFT_RING'},True
EVT_0265,CrimeOccurrence,2025-10-06T04:55:50,LOC_0161,"['P_01879', 'P_01757', 'P_01966']",{'mo_family': 'CHAIN_SNATCHING'},True
EVT_0266,CrimeOccurrence,2025-10-08T10:29:22,LOC_0120,"['P_00252', 'P_00310', 'P_00489', 'P_00288']",{'mo_family': 'VEHICLE_THEFT_RING'},True
EVT_0267,CrimeOccurrence,2025-10-10T02:52:38,LOC_0152,"['P_04015', 'P_04116', 'P_04142', 'P_04376', 'P_04090']",{'mo_family': 'CHAIN_SNATCHING'},True
EVT_0268,CrimeOccurrence,2025-10-10T08:11:13,LOC_0040,"['P_04201', 'P_04094', 'P_04348', 'P_04469']",{'mo_family': 'NARCOTICS_COURIER_NETWORK'},True
EVT_0269,CrimeOccurrence,2025-10-12T06:31:59,LOC_0248,"['P_01267', 'P_02035']",{'mo_family': 'ATM_CARD_SKIMMING'},True
EVT_0270,CrimeOccurrence,2025-10-12T15:40:50,LOC_0243,"['P_02041', 'P_02314', 'P_00939', 'P_02398', 'P_02330']",{'mo_family': 'CHAIN_SNATCHING'},True
EVT_0271,CrimeOccurrence,2025-10-13T08:51:30,LOC_0112,"['P_00678', 'P_04858', 'P_04891']",{'mo_family': 'CHAIN_SNATCHING'},True
EVT_0272,CrimeOccurrence,2025-10-13T15:15:21,LOC_0052,"['P_03156', 'P_03374', 'P_03234']",{'mo_family': 'CYBER_FRAUD_CALL_CENTER'},True
EVT_0273,CrimeOccurrence,2025-10-14T21:06:59,LOC_0161,"['P_02313', 'P_02203']",{'mo_family': 'ATM_CARD_SKIMMING'},True
EVT_0274,CrimeOccurrence,2025-10-16T16:02:13,LOC_0047,"['P_03383', 'P_04769', 'P_03028']",{'mo_family': 'CHAIN_SNATCHING'},True
EVT_0275,CrimeOccurrence,2025-10-19T19:06:05,LOC_0049,"['P_03710', 'P_03787', 'P_03704', 'P_03860']",{'mo_family': 'EXTORTION_RACKET'},True
EVT_0276,CrimeOccurrence,2025-10-19T19:46:37,LOC_0069,"['P_01524', 'P_01912']",{'mo_family': 'VEHICLE_THEFT_RING'},True
EVT_0277,CrimeOccurrence,2025-10-20T23:49:15,LOC_0056,"['P_01732', 'P_00509', 'P_00739']",{'mo_family': 'ATM_CARD_SKIMMING'},True
EVT_0278,CrimeOccurrence,2025-10-21T18:29:00,LOC_0015,"['P_03043', 'P_03233', 'P_03107', 'P_03064', 'P_03020']",{'mo_family': 'CYBER_FRAUD_CALL_CENTER'},True
EVT_0279,CrimeOccurrence,2025-10-21T19:46:51,LOC_0032,"['P_00630', 'P_04369', 'P_01575', 'P_01735']",{'mo_family': 'ATM_CARD_SKIMMING'},True
EVT_0280,CrimeOccurrence,2025-10-21T21:18:44,LOC_0118,"['P_03629', 'P_03631', 'P_03340']",{'mo_family': 'CYBER_FRAUD_CALL_CENTER'},True
EVT_0281,CrimeOccurrence,2025-10-22T03:46:17,LOC_0041,"['P_03588', 'P_03874', 'P_03879', 'P_03587', 'P_04000']",{'mo_family': 'ATM_CARD_SKIMMING'},True
EVT_0282,CrimeOccurrence,2025-10-23T20:14:05,LOC_0093,"['P_01357', 'P_02991', 'P_01001', 'P_01201']",{'mo_family': 'EXTORTION_RACKET'},True
EVT_0283,CrimeOccurrence,2025-10-26T02:48:02,LOC_0004,"['P_00895', 'P_00761', 'P_00926']",{'mo_family': 'ATM_CARD_SKIMMING'},True
EVT_0284,CrimeOccurrence,2025-10-26T15:06:27,LOC_0149,"['P_01524', 'P_01992']",{'mo_family': 'CYBER_FRAUD_CALL_CENTER'},True
EVT_0285,CrimeOccurrence,2025-10-27T00:36:20,LOC_0041,"['P_01200', 'P_01261', 'P_01270', 'P_04970']",{'mo_family': 'EXTORTION_RACKET'},True
EVT_0286,CrimeOccurrence,2025-10-27T02:56:06,LOC_0166,"['P_00394', 'P_00492']",{'mo_family': 'NARCOTICS_COURIER_NETWORK'},True
EVT_0287,CrimeOccurrence,2025-10-27T17:12:05,LOC_0207,"['P_03997', 'P_03790', 'P_03779']",{'mo_family': 'ATM_CARD_SKIMMING'},True
EVT_0288,CrimeOccurrence,2025-10-28T00:14:11,LOC_0125,"['P_03001', 'P_03095', 'P_03204', 'P_03103']",{'mo_family': 'VEHICLE_THEFT_RING'},True
EVT_0289,CrimeOccurrence,2025-10-30T04:06:30,LOC_0032,"['P_04111', 'P_04087', 'P_04125']",{'mo_family': 'EXTORTION_RACKET'},True
EVT_0290,CrimeOccurrence,2025-10-30T17:53:02,LOC_0040,"['P_01314', 'P_01273']",{'mo_family': 'EXTORTION_RACKET'},True
EVT_0291,CrimeOccurrence,2025-10-31T10:59:56,LOC_0159,"['P_00038', 'P_00006', 'P_04855', 'P_00109', 'P_00489']",{'mo_family': 'CYBER_FRAUD_CALL_CENTER'},True
EVT_0292,CrimeOccurrence,2025-10-31T15:20:55,LOC_0067,"['P_02628', 'P_02847']",{'mo_family': 'ATM_CARD_SKIMMING'},True
EVT_0293,CrimeOccurrence,2025-10-31T15:26:55,LOC_0025,"['P_02098', 'P_02368', 'P_02335', 'P_02376']",{'mo_family': 'ATM_CARD_SKIMMING'},True
EVT_0294,CrimeOccurrence,2025-11-01T20:06:24,LOC_0050,"['P_00257', 'P_00116', 'P_00236']",{'mo_family': 'ATM_CARD_SKIMMING'},True
EVT_0295,CrimeOccurrence,2025-11-06T11:44:51,LOC_0156,"['P_01521', 'P_04293', 'P_04178', 'P_04110']",{'mo_family': 'CYBER_FRAUD_CALL_CENTER'},True
EVT_0296,CrimeOccurrence,2025-11-07T12:26:31,LOC_0206,"['P_04122', 'P_04307']",{'mo_family': 'NARCOTICS_COURIER_NETWORK'},True
EVT_0297,CrimeOccurrence,2025-11-09T14:18:22,LOC_0019,"['P_00057', 'P_00415', 'P_00478', 'P_00552']",{'mo_family': 'CHAIN_SNATCHING'},True
EVT_0298,CrimeOccurrence,2025-11-12T20:24:24,LOC_0060,"['P_00948', 'P_00796']",{'mo_family': 'EXTORTION_RACKET'},True
EVT_0299,CrimeOccurrence,2025-11-14T11:52:33,LOC_0143,"['P_04847', 'P_04670', 'P_04688']",{'mo_family': 'ATM_CARD_SKIMMING'},True
EVT_0300,CrimeOccurrence,2025-11-14T14:51:51,LOC_0027,"['P_02818', 'P_02825', 'P_02933', 'P_02685', 'P_02981']",{'mo_family': 'EXTORTION_RACKET'},True
EVT_0301,CrimeOccurrence,2025-11-15T11:54:00,LOC_0114,"['P_02765', 'P_02900', 'P_02833']",{'mo_family': 'EXTORTION_RACKET'},True
EVT_0302,CrimeOccurrence,2025-11-19T13:26:08,LOC_0156,"['P_02845', 'P_02660', 'P_02725', 'P_02852']",{'mo_family': 'EXTORTION_RACKET'},True
EVT_0303,CrimeOccurrence,2025-11-20T11:40:30,LOC_0001,"['P_04990', 'P_02366', 'P_02340', 'P_02130']",{'mo_family': 'NARCOTICS_COURIER_NETWORK'},True
EVT_0304,CrimeOccurrence,2025-11-20T15:30:51,LOC_0077,"['P_00292', 'P_00134', 'P_00028']",{'mo_family': 'EXTORTION_RACKET'},True
EVT_0305,CrimeOccurrence,2025-11-21T02:09:14,LOC_0118,"['P_02309', 'P_02054', 'P_01396']",{'mo_family': 'VEHICLE_THEFT_RING'},True
EVT_0306,CrimeOccurrence,2025-11-23T07:18:46,LOC_0146,"['P_01909', 'P_01913', 'P_01821', 'P_01608']",{'mo_family': 'ATM_CARD_SKIMMING'},True
EVT_0307,CrimeOccurrence,2025-11-23T17:25:39,LOC_0010,"['P_02517', 'P_02944', 'P_02713', 'P_02660', 'P_02605']",{'mo_family': 'NARCOTICS_COURIER_NETWORK'},True
EVT_0308,CrimeOccurrence,2025-11-23T19:26:50,LOC_0112,"['P_01756', 'P_03264', 'P_00459', 'P_00232']",{'mo_family': 'VEHICLE_THEFT_RING'},True
EVT_0309,CrimeOccurrence,2025-11-24T20:51:28,LOC_0200,"['P_04935', 'P_04912']",{'mo_family': 'ATM_CARD_SKIMMING'},True
EVT_0310,CrimeOccurrence,2025-11-25T02:38:28,LOC_0154,"['P_02766', 'P_02840', 'P_02616']",{'mo_family': 'VEHICLE_THEFT_RING'},True
EVT_0311,CrimeOccurrence,2025-11-25T14:42:56,LOC_0111,"['P_04713', 'P_04707']",{'mo_family': 'EXTORTION_RACKET'},True
EVT_0312,CrimeOccurrence,2025-11-30T00:33:29,LOC_0068,"['P_03899', 'P_03865']",{'mo_family': 'VEHICLE_THEFT_RING'},True
EVT_0313,CrimeOccurrence,2025-12-01T04:11:58,LOC_0051,"['P_01280', 'P_01069', 'P_01345']",{'mo_family': 'NARCOTICS_COURIER_NETWORK'},True
EVT_0314,CrimeOccurrence,2025-12-03T19:42:11,LOC_0069,"['P_04391', 'P_02307', 'P_04203']",{'mo_family': 'NARCOTICS_COURIER_NETWORK'},True
EVT_0315,CrimeOccurrence,2025-12-04T14:57:25,LOC_0089,"['P_00799', 'P_00644', 'P_00922', 'P_00746', 'P_00739']",{'mo_family': 'VEHICLE_THEFT_RING'},True
EVT_0316,CrimeOccurrence,2025-12-05T07:50:21,LOC_0175,"['P_01789', 'P_02696', 'P_02865', 'P_02980', 'P_02623']",{'mo_family': 'ATM_CARD_SKIMMING'},True
EVT_0317,CrimeOccurrence,2025-12-05T21:41:56,LOC_0243,"['P_00706', 'P_00921']",{'mo_family': 'VEHICLE_THEFT_RING'},True
EVT_0318,CrimeOccurrence,2025-12-10T15:49:45,LOC_0116,"['P_02813', 'P_02737']",{'mo_family': 'VEHICLE_THEFT_RING'},True
EVT_0319,CrimeOccurrence,2025-12-11T03:26:27,LOC_0187,"['P_01934', 'P_01670', 'P_01904', 'P_01849']",{'mo_family': 'ATM_CARD_SKIMMING'},True
EVT_0320,CrimeOccurrence,2025-12-14T13:29:31,LOC_0066,"['P_00343', 'P_00151', 'P_00230', 'P_00419', 'P_00039']",{'mo_family': 'NARCOTICS_COURIER_NETWORK'},True
EVT_0321,CrimeOccurrence,2025-12-15T14:31:02,LOC_0168,"['P_02477', 'P_02271']",{'mo_family': 'EXTORTION_RACKET'},True
EVT_0322,CrimeOccurrence,2025-12-15T23:52:59,LOC_0165,"['P_01070', 'P_02951']",{'mo_family': 'CHAIN_SNATCHING'},True
EVT_0323,CrimeOccurrence,2025-12-16T11:50:00,LOC_0125,"['P_03177', 'P_03119']",{'mo_family': 'ATM_CARD_SKIMMING'},True
EVT_0324,CrimeOccurrence,2025-12-19T05:08:57,LOC_0041,"['P_01639', 'P_01844', 'P_01630', 'P_00610', 'P_00070']",{'mo_family': 'ATM_CARD_SKIMMING'},True
EVT_0325,CrimeOccurrence,2025-12-19T15:10:00,LOC_0176,"['P_01287', 'P_01330']",{'mo_family': 'NARCOTICS_COURIER_NETWORK'},True
EVT_0326,CrimeOccurrence,2025-12-19T18:28:27,LOC_0058,"['P_00594', 'P_00869', 'P_00508', 'P_00963']",{'mo_family': 'CHAIN_SNATCHING'},True
EVT_0327,CrimeOccurrence,2025-12-20T08:03:35,LOC_0147,"['P_03209', 'P_03132', 'P_03413']",{'mo_family': 'VEHICLE_THEFT_RING'},True
EVT_0328,CrimeOccurrence,2025-12-20T13:49:52,LOC_0036,"['P_03680', 'P_03826', 'P_03644']",{'mo_family': 'CHAIN_SNATCHING'},True
EVT_0329,CrimeOccurrence,2025-12-21T06:22:29,LOC_0250,"['P_04095', 'P_04388', 'P_04179']",{'mo_family': 'CHAIN_SNATCHING'},True
EVT_0330,CrimeOccurrence,2025-12-22T15:23:55,LOC_0082,"['P_01170', 'P_01295', 'P_01132', 'P_01258']",{'mo_family': 'EXTORTION_RACKET'},True
EVT_0331,CrimeOccurrence,2025-12-23T16:31:13,LOC_0229,"['P_03392', 'P_03279', 'P_03386', 'P_03434', 'P_03148']",{'mo_family': 'CHAIN_SNATCHING'},True
EVT_0332,CrimeOccurrence,2025-12-25T22:21:00,LOC_0048,"['P_01511', 'P_01540']",{'mo_family': 'ATM_CARD_SKIMMING'},True
EVT_0333,CrimeOccurrence,2025-12-26T18:29:10,LOC_0092,"['P_01163', 'P_01892', 'P_01665']",{'mo_family': 'EXTORTION_RACKET'},True
EVT_0334,CrimeOccurrence,2025-12-27T08:17:11,LOC_0122,"['P_03265', 'P_03064', 'P_03365']",{'mo_family': 'CYBER_FRAUD_CALL_CENTER'},True
EVT_0335,CrimeOccurrence,2025-12-27T23:42:12,LOC_0194,"['P_02413', 'P_02419', 'P_02259', 'P_02162', 'P_02116']",{'mo_family': 'VEHICLE_THEFT_RING'},True
EVT_0336,CrimeOccurrence,2025-12-29T13:48:12,LOC_0104,"['P_04306', 'P_04313', 'P_04178', 'P_04110']",{'mo_family': 'CYBER_FRAUD_CALL_CENTER'},True
EVT_0337,CrimeOccurrence,2025-12-29T20:04:20,LOC_0135,"['P_02804', 'P_02871', 'P_02564', 'P_02756', 'P_02760']",{'mo_family': 'CYBER_FRAUD_CALL_CENTER'},True
EVT_0338,CrimeOccurrence,2025-12-31T01:52:14,LOC_0117,"['P_04362', 'P_04451']",{'mo_family': 'VEHICLE_THEFT_RING'},True
EVT_0339,CrimeOccurrence,2025-12-31T23:29:59,LOC_0133,"['P_04294', 'P_04358', 'P_04489', 'P_04003', 'P_02950']",{'mo_family': 'EXTORTION_RACKET'},True
EVT_0340,CrimeOccurrence,2026-01-01T12:48:25,LOC_0043,"['P_02380', 'P_02410', 'P_02350', 'P_03938', 'P_02434']",{'mo_family': 'ATM_CARD_SKIMMING'},True
EVT_0341,CrimeOccurrence,2026-01-03T12:01:19,LOC_0047,"['P_03798', 'P_03916', 'P_03521', 'P_03711', 'P_03534']",{'mo_family': 'ATM_CARD_SKIMMING'},True
EVT_0342,CrimeOccurrence,2026-01-05T17:16:03,LOC_0026,"['P_04496', 'P_04073', 'P_04479']",{'mo_family': 'NARCOTICS_COURIER_NETWORK'},True
EVT_0343,CrimeOccurrence,2026-01-08T07:58:41,LOC_0167,"['P_01623', 'P_01655', 'P_01474', 'P_01920', 'P_01585']",{'mo_family': 'NARCOTICS_COURIER_NETWORK'},True
EVT_0344,CrimeOccurrence,2026-01-09T13:05:39,LOC_0181,"['P_01009', 'P_01013']",{'mo_family': 'NARCOTICS_COURIER_NETWORK'},True
EVT_0345,CrimeOccurrence,2026-01-10T10:44:56,LOC_0098,"['P_04288', 'P_04275', 'P_04389']",{'mo_family': 'CYBER_FRAUD_CALL_CENTER'},True
EVT_0346,CrimeOccurrence,2026-01-10T14:06:19,LOC_0197,"['P_01088', 'P_01111', 'P_01230']",{'mo_family': 'EXTORTION_RACKET'},True
EVT_0347,CrimeOccurrence,2026-01-11T22:49:15,LOC_0246,"['P_03508', 'P_03615', 'P_03656', 'P_03519']",{'mo_family': 'CHAIN_SNATCHING'},True
EVT_0348,CrimeOccurrence,2026-01-13T12:33:57,LOC_0061,"['P_04081', 'P_04049']",{'mo_family': 'CYBER_FRAUD_CALL_CENTER'},True
EVT_0349,CrimeOccurrence,2026-01-13T16:42:41,LOC_0226,"['P_00651', 'P_00655']",{'mo_family': 'CYBER_FRAUD_CALL_CENTER'},True
EVT_0350,CrimeOccurrence,2026-01-13T20:39:09,LOC_0168,"['P_00401', 'P_00037', 'P_00073']",{'mo_family': 'ATM_CARD_SKIMMING'},True
EVT_0351,CrimeOccurrence,2026-01-14T01:39:52,LOC_0028,"['P_04568', 'P_04736', 'P_04533', 'P_04762']",{'mo_family': 'NARCOTICS_COURIER_NETWORK'},True
EVT_0352,CrimeOccurrence,2026-01-18T17:19:50,LOC_0217,"['P_04874', 'P_04835', 'P_04671']",{'mo_family': 'EXTORTION_RACKET'},True
EVT_0353,CrimeOccurrence,2026-01-18T23:37:09,LOC_0216,"['P_01332', 'P_03450', 'P_03255', 'P_03020', 'P_04768']",{'mo_family': 'CHAIN_SNATCHING'},True
EVT_0354,CrimeOccurrence,2026-01-19T13:25:53,LOC_0028,"['P_02126', 'P_02300', 'P_02042', 'P_02297']",{'mo_family': 'VEHICLE_THEFT_RING'},True
EVT_0355,CrimeOccurrence,2026-01-22T03:59:26,LOC_0135,"['P_04955', 'P_04833', 'P_04736', 'P_04616']",{'mo_family': 'CYBER_FRAUD_CALL_CENTER'},True
EVT_0356,CrimeOccurrence,2026-01-22T19:38:07,LOC_0127,"['P_04845', 'P_04610', 'P_04704', 'P_04694', 'P_04787']",{'mo_family': 'EXTORTION_RACKET'},True
EVT_0357,CrimeOccurrence,2026-01-24T11:48:37,LOC_0007,"['P_02050', 'P_02428', 'P_00602']",{'mo_family': 'ATM_CARD_SKIMMING'},True
EVT_0358,CrimeOccurrence,2026-01-25T18:08:58,LOC_0249,"['P_02837', 'P_03481', 'P_03242', 'P_03235', 'P_03397']",{'mo_family': 'ATM_CARD_SKIMMING'},True
EVT_0359,CrimeOccurrence,2026-01-26T05:49:29,LOC_0077,"['P_03385', 'P_02356', 'P_02095', 'P_02248']",{'mo_family': 'NARCOTICS_COURIER_NETWORK'},True
EVT_0360,CrimeOccurrence,2026-01-26T14:21:57,LOC_0158,"['P_04691', 'P_02719', 'P_02731', 'P_02938']",{'mo_family': 'VEHICLE_THEFT_RING'},True
EVT_0361,CrimeOccurrence,2026-01-26T18:54:22,LOC_0235,"['P_02708', 'P_02883', 'P_03259', 'P_02763']",{'mo_family': 'ATM_CARD_SKIMMING'},True
EVT_0362,CrimeOccurrence,2026-01-27T08:56:48,LOC_0238,"['P_01467', 'P_01273', 'P_01367', 'P_01339', 'P_01352']",{'mo_family': 'CYBER_FRAUD_CALL_CENTER'},True
EVT_0363,CrimeOccurrence,2026-01-29T18:50:39,LOC_0148,"['P_04781', 'P_00172', 'P_04560', 'P_04629']",{'mo_family': 'CHAIN_SNATCHING'},True
EVT_0364,CrimeOccurrence,2026-01-30T20:31:45,LOC_0008,"['P_00620', 'P_02795', 'P_00543']",{'mo_family': 'CHAIN_SNATCHING'},True
EVT_0365,CrimeOccurrence,2026-01-31T08:58:41,LOC_0182,"['P_04772', 'P_04678', 'P_04707', 'P_04798', 'P_04515']",{'mo_family': 'ATM_CARD_SKIMMING'},True
EVT_0366,CrimeOccurrence,2026-02-01T20:36:17,LOC_0045,"['P_03660', 'P_03814', 'P_03624', 'P_03703']",{'mo_family': 'CHAIN_SNATCHING'},True
EVT_0367,CrimeOccurrence,2026-02-02T17:08:14,LOC_0232,"['P_03774', 'P_03636']",{'mo_family': 'VEHICLE_THEFT_RING'},True
EVT_0368,CrimeOccurrence,2026-02-03T07:40:53,LOC_0197,"['P_04089', 'P_04386', 'P_04224', 'P_03590']",{'mo_family': 'NARCOTICS_COURIER_NETWORK'},True
EVT_0369,CrimeOccurrence,2026-02-03T13:39:00,LOC_0118,"['P_01465', 'P_01088', 'P_01006']",{'mo_family': 'EXTORTION_RACKET'},True
EVT_0370,CrimeOccurrence,2026-02-05T01:39:03,LOC_0120,"['P_04856', 'P_04869']",{'mo_family': 'VEHICLE_THEFT_RING'},True
EVT_0371,CrimeOccurrence,2026-02-08T04:07:51,LOC_0195,"['P_02560', 'P_02761']",{'mo_family': 'NARCOTICS_COURIER_NETWORK'},True
EVT_0372,CrimeOccurrence,2026-02-08T05:02:11,LOC_0039,"['P_02253', 'P_02315', 'P_02151', 'P_02063']",{'mo_family': 'CHAIN_SNATCHING'},True
EVT_0373,CrimeOccurrence,2026-02-09T02:31:39,LOC_0139,"['P_04308', 'P_04251']",{'mo_family': 'EXTORTION_RACKET'},True
EVT_0374,CrimeOccurrence,2026-02-10T20:11:07,LOC_0080,"['P_04703', 'P_04537', 'P_04666']",{'mo_family': 'CHAIN_SNATCHING'},True
EVT_0375,CrimeOccurrence,2026-02-11T03:48:30,LOC_0232,"['P_01066', 'P_01201']",{'mo_family': 'VEHICLE_THEFT_RING'},True
EVT_0376,CrimeOccurrence,2026-02-12T08:35:03,LOC_0152,"['P_03494', 'P_03109', 'P_03400', 'P_03500', 'P_03337']",{'mo_family': 'VEHICLE_THEFT_RING'},True
EVT_0377,CrimeOccurrence,2026-02-16T17:23:00,LOC_0021,"['P_02947', 'P_02757', 'P_02615', 'P_02914']",{'mo_family': 'CYBER_FRAUD_CALL_CENTER'},True
EVT_0378,CrimeOccurrence,2026-02-18T16:57:49,LOC_0206,"['P_04989', 'P_04504', 'P_04652']",{'mo_family': 'CYBER_FRAUD_CALL_CENTER'},True
EVT_0379,CrimeOccurrence,2026-02-19T06:55:14,LOC_0067,"['P_02671', 'P_02543', 'P_02893', 'P_02831', 'P_02538']",{'mo_family': 'CYBER_FRAUD_CALL_CENTER'},True
EVT_0380,CrimeOccurrence,2026-02-19T08:57:51,LOC_0017,"['P_00751', 'P_02707', 'P_02741', 'P_02739']",{'mo_family': 'NARCOTICS_COURIER_NETWORK'},True
EVT_0381,CrimeOccurrence,2026-02-19T20:27:18,LOC_0104,"['P_02159', 'P_02361', 'P_02154', 'P_02581']",{'mo_family': 'ATM_CARD_SKIMMING'},True
EVT_0382,CrimeOccurrence,2026-02-20T10:53:41,LOC_0078,"['P_04986', 'P_04556']",{'mo_family': 'CHAIN_SNATCHING'},True
EVT_0383,CrimeOccurrence,2026-02-22T23:44:21,LOC_0017,"['P_01841', 'P_01931', 'P_01997']",{'mo_family': 'ATM_CARD_SKIMMING'},True
EVT_0384,CrimeOccurrence,2026-02-23T07:13:15,LOC_0045,"['P_04706', 'P_04517', 'P_04825', 'P_04647']",{'mo_family': 'CYBER_FRAUD_CALL_CENTER'},True
EVT_0385,CrimeOccurrence,2026-02-24T05:05:43,LOC_0153,"['P_03968', 'P_03987']",{'mo_family': 'EXTORTION_RACKET'},True
EVT_0386,CrimeOccurrence,2026-02-25T21:15:56,LOC_0084,"['P_02793', 'P_04572', 'P_02524', 'P_02548', 'P_02518']",{'mo_family': 'ATM_CARD_SKIMMING'},True
EVT_0387,CrimeOccurrence,2026-02-28T14:57:21,LOC_0116,"['P_00047', 'P_00002', 'P_03406']",{'mo_family': 'EXTORTION_RACKET'},True
EVT_0388,CrimeOccurrence,2026-03-01T19:16:31,LOC_0082,"['P_01603', 'P_01997', 'P_01915']",{'mo_family': 'CYBER_FRAUD_CALL_CENTER'},True
EVT_0389,CrimeOccurrence,2026-03-04T11:22:46,LOC_0157,"['P_02821', 'P_00135']",{'mo_family': 'CYBER_FRAUD_CALL_CENTER'},True
EVT_0390,CrimeOccurrence,2026-03-04T14:44:48,LOC_0231,"['P_02378', 'P_02458']",{'mo_family': 'ATM_CARD_SKIMMING'},True
EVT_0391,CrimeOccurrence,2026-03-04T23:04:26,LOC_0180,"['P_00516', 'P_00755', 'P_00672', 'P_00899']",{'mo_family': 'CHAIN_SNATCHING'},True
EVT_0392,CrimeOccurrence,2026-03-07T15:17:49,LOC_0049,"['P_03192', 'P_03126', 'P_03215', 'P_03483', 'P_03143']",{'mo_family': 'CYBER_FRAUD_CALL_CENTER'},True
EVT_0393,CrimeOccurrence,2026-03-07T18:52:32,LOC_0019,"['P_02412', 'P_01027', 'P_02140']",{'mo_family': 'ATM_CARD_SKIMMING'},True
EVT_0394,CrimeOccurrence,2026-03-09T02:13:09,LOC_0165,"['P_03544', 'P_03568', 'P_03578']",{'mo_family': 'NARCOTICS_COURIER_NETWORK'},True
EVT_0395,CrimeOccurrence,2026-03-10T21:35:43,LOC_0142,"['P_04850', 'P_04952', 'P_04621', 'P_04861', 'P_04891']",{'mo_family': 'NARCOTICS_COURIER_NETWORK'},True
EVT_0396,CrimeOccurrence,2026-03-11T05:43:51,LOC_0128,"['P_03480', 'P_03429']",{'mo_family': 'ATM_CARD_SKIMMING'},True
EVT_0397,CrimeOccurrence,2026-03-11T21:46:06,LOC_0181,"['P_03015', 'P_03366', 'P_03281', 'P_03256']",{'mo_family': 'CHAIN_SNATCHING'},True
EVT_0398,CrimeOccurrence,2026-03-13T08:21:42,LOC_0120,"['P_00656', 'P_00818', 'P_00956']",{'mo_family': 'NARCOTICS_COURIER_NETWORK'},True
EVT_0399,CrimeOccurrence,2026-03-14T07:25:24,LOC_0176,"['P_02495', 'P_02463', 'P_02055', 'P_02057', 'P_02589']",{'mo_family': 'VEHICLE_THEFT_RING'},True
EVT_0400,CrimeOccurrence,2026-03-15T01:58:20,LOC_0121,"['P_01531', 'P_00353', 'P_00433', 'P_00029']",{'mo_family': 'CHAIN_SNATCHING'},True
EVT_0401,CrimeOccurrence,2026-03-15T21:27:16,LOC_0178,"['P_03169', 'P_03449', 'P_03075', 'P_02098']",{'mo_family': 'CHAIN_SNATCHING'},True
EVT_0402,CrimeOccurrence,2026-03-18T08:11:06,LOC_0149,"['P_04898', 'P_04838', 'P_03475', 'P_04618']",{'mo_family': 'NARCOTICS_COURIER_NETWORK'},True
EVT_0403,CrimeOccurrence,2026-03-18T17:08:32,LOC_0130,"['P_00046', 'P_00351', 'P_00224', 'P_00076']",{'mo_family': 'CHAIN_SNATCHING'},True
EVT_0404,CrimeOccurrence,2026-03-18T20:11:50,LOC_0155,"['P_02428', 'P_02303', 'P_01698', 'P_00848']",{'mo_family': 'CHAIN_SNATCHING'},True
EVT_0405,CrimeOccurrence,2026-03-21T01:06:09,LOC_0201,"['P_03659', 'P_03564', 'P_03952', 'P_03698']",{'mo_family': 'NARCOTICS_COURIER_NETWORK'},True
EVT_0406,CrimeOccurrence,2026-03-22T09:16:48,LOC_0215,"['P_00137', 'P_00219', 'P_02332', 'P_00272']",{'mo_family': 'EXTORTION_RACKET'},True
EVT_0407,CrimeOccurrence,2026-03-24T05:37:33,LOC_0188,"['P_03606', 'P_03603', 'P_03971']",{'mo_family': 'ATM_CARD_SKIMMING'},True
EVT_0408,CrimeOccurrence,2026-03-24T20:02:20,LOC_0122,"['P_00431', 'P_00434', 'P_00498']",{'mo_family': 'VEHICLE_THEFT_RING'},True
EVT_0409,CrimeOccurrence,2026-03-25T03:05:01,LOC_0112,"['P_03112', 'P_04861', 'P_03245', 'P_03196', 'P_02853']",{'mo_family': 'NARCOTICS_COURIER_NETWORK'},True
EVT_0410,CrimeOccurrence,2026-03-25T22:15:47,LOC_0245,"['P_00337', 'P_00219']",{'mo_family': 'EXTORTION_RACKET'},True
EVT_0411,CrimeOccurrence,2026-03-30T02:01:03,LOC_0066,"['P_02282', 'P_03310', 'P_02143', 'P_02270']",{'mo_family': 'NARCOTICS_COURIER_NETWORK'},True
EVT_0412,CrimeOccurrence,2026-03-30T19:56:50,LOC_0174,"['P_01981', 'P_01733', 'P_01861']",{'mo_family': 'NARCOTICS_COURIER_NETWORK'},True
EVT_0413,CrimeOccurrence,2026-03-31T05:48:52,LOC_0106,"['P_00070', 'P_00018']",{'mo_family': 'VEHICLE_THEFT_RING'},True
EVT_0414,CrimeOccurrence,2026-04-01T02:53:04,LOC_0225,"['P_01690', 'P_01686', 'P_01527', 'P_01798']",{'mo_family': 'CHAIN_SNATCHING'},True
EVT_0415,CrimeOccurrence,2026-04-01T03:23:16,LOC_0246,"['P_01967', 'P_01777']",{'mo_family': 'NARCOTICS_COURIER_NETWORK'},True
EVT_0416,CrimeOccurrence,2026-04-02T20:20:42,LOC_0048,"['P_04507', 'P_04927', 'P_04638']",{'mo_family': 'NARCOTICS_COURIER_NETWORK'},True
EVT_0417,CrimeOccurrence,2026-04-04T18:11:53,LOC_0100,"['P_03936', 'P_03952', 'P_03731', 'P_03715']",{'mo_family': 'VEHICLE_THEFT_RING'},True
EVT_0418,CrimeOccurrence,2026-04-04T23:34:56,LOC_0245,"['P_00713', 'P_00805', 'P_00512', 'P_00784', 'P_00514']",{'mo_family': 'CHAIN_SNATCHING'},True
EVT_0419,CrimeOccurrence,2026-04-05T03:31:29,LOC_0037,"['P_01848', 'P_01644', 'P_01511', 'P_01965', 'P_01566']",{'mo_family': 'CYBER_FRAUD_CALL_CENTER'},True
EVT_0420,CrimeOccurrence,2026-04-05T13:57:57,LOC_0019,"['P_02495', 'P_01803', 'P_00853', 'P_03618']",{'mo_family': 'VEHICLE_THEFT_RING'},True
EVT_0421,CrimeOccurrence,2026-04-06T17:16:56,LOC_0239,"['P_03445', 'P_04470', 'P_04174']",{'mo_family': 'VEHICLE_THEFT_RING'},True
EVT_0422,CrimeOccurrence,2026-04-08T08:10:51,LOC_0182,"['P_03195', 'P_03206']",{'mo_family': 'CHAIN_SNATCHING'},True
EVT_0423,CrimeOccurrence,2026-04-08T13:12:17,LOC_0058,"['P_03309', 'P_03350']",{'mo_family': 'CYBER_FRAUD_CALL_CENTER'},True
EVT_0424,CrimeOccurrence,2026-04-08T15:03:59,LOC_0246,"['P_00805', 'P_02732', 'P_02920', 'P_02710']",{'mo_family': 'CHAIN_SNATCHING'},True
EVT_0425,CrimeOccurrence,2026-04-09T07:50:55,LOC_0142,"['P_03766', 'P_03516', 'P_03509', 'P_03912']",{'mo_family': 'VEHICLE_THEFT_RING'},True
EVT_0426,CrimeOccurrence,2026-04-09T12:00:04,LOC_0177,"['P_03196', 'P_03304']",{'mo_family': 'CHAIN_SNATCHING'},True
EVT_0427,CrimeOccurrence,2026-04-09T23:18:06,LOC_0007,"['P_01540', 'P_01593', 'P_01553']",{'mo_family': 'CYBER_FRAUD_CALL_CENTER'},True
EVT_0428,CrimeOccurrence,2026-04-10T02:31:04,LOC_0139,"['P_03185', 'P_03452']",{'mo_family': 'CYBER_FRAUD_CALL_CENTER'},True
EVT_0429,CrimeOccurrence,2026-04-10T10:00:02,LOC_0015,"['P_00174', 'P_00135']",{'mo_family': 'CYBER_FRAUD_CALL_CENTER'},True
EVT_0430,CrimeOccurrence,2026-04-10T13:54:12,LOC_0189,"['P_04176', 'P_01717', 'P_04303', 'P_03839', 'P_04382']",{'mo_family': 'ATM_CARD_SKIMMING'},True
EVT_0431,CrimeOccurrence,2026-04-11T09:11:22,LOC_0034,"['P_00376', 'P_00396', 'P_00369']",{'mo_family': 'EXTORTION_RACKET'},True
EVT_0432,CrimeOccurrence,2026-04-12T21:23:34,LOC_0017,"['P_03954', 'P_03738', 'P_03846']",{'mo_family': 'VEHICLE_THEFT_RING'},True
EVT_0433,CrimeOccurrence,2026-04-15T02:50:05,LOC_0110,"['P_01807', 'P_01728']",{'mo_family': 'EXTORTION_RACKET'},True
EVT_0434,CrimeOccurrence,2026-04-15T11:04:17,LOC_0196,"['P_04068', 'P_04205', 'P_04296']",{'mo_family': 'EXTORTION_RACKET'},True
EVT_0435,CrimeOccurrence,2026-04-17T15:07:30,LOC_0043,"['P_01158', 'P_04403', 'P_01181', 'P_01337', 'P_01265']",{'mo_family': 'CHAIN_SNATCHING'},True
EVT_0436,CrimeOccurrence,2026-04-18T07:54:37,LOC_0021,"['P_03361', 'P_03082', 'P_01620']",{'mo_family': 'NARCOTICS_COURIER_NETWORK'},True
EVT_0437,CrimeOccurrence,2026-04-18T12:27:49,LOC_0203,"['P_04623', 'P_04903', 'P_04867', 'P_04864']",{'mo_family': 'NARCOTICS_COURIER_NETWORK'},True
EVT_0438,CrimeOccurrence,2026-04-20T13:36:11,LOC_0025,"['P_01271', 'P_01173', 'P_01221', 'P_01347']",{'mo_family': 'ATM_CARD_SKIMMING'},True
EVT_0439,CrimeOccurrence,2026-04-20T15:39:47,LOC_0157,"['P_04716', 'P_04954', 'P_04885']",{'mo_family': 'VEHICLE_THEFT_RING'},True
EVT_0440,CrimeOccurrence,2026-04-20T17:06:32,LOC_0136,"['P_02793', 'P_02850', 'P_02608', 'P_01379', 'P_02760']",{'mo_family': 'CHAIN_SNATCHING'},True
EVT_0441,CrimeOccurrence,2026-04-22T00:20:31,LOC_0161,"['P_04309', 'P_04043', 'P_04254']",{'mo_family': 'EXTORTION_RACKET'},True
EVT_0442,CrimeOccurrence,2026-04-22T07:28:42,LOC_0014,"['P_01223', 'P_01070', 'P_01245', 'P_01002', 'P_01403']",{'mo_family': 'VEHICLE_THEFT_RING'},True
EVT_0443,CrimeOccurrence,2026-04-22T07:46:50,LOC_0046,"['P_01076', 'P_02739', 'P_02926', 'P_02551', 'P_02796']",{'mo_family': 'CHAIN_SNATCHING'},True
EVT_0444,CrimeOccurrence,2026-04-22T09:32:42,LOC_0152,"['P_00775', 'P_00867', 'P_00581']",{'mo_family': 'VEHICLE_THEFT_RING'},True
EVT_0445,CrimeOccurrence,2026-04-22T18:50:11,LOC_0059,"['P_01885', 'P_01808']",{'mo_family': 'CHAIN_SNATCHING'},True
EVT_0446,CrimeOccurrence,2026-04-23T10:24:10,LOC_0150,"['P_01987', 'P_01808']",{'mo_family': 'CYBER_FRAUD_CALL_CENTER'},True
EVT_0447,CrimeOccurrence,2026-04-23T13:10:19,LOC_0050,"['P_01046', 'P_01257', 'P_01186', 'P_04281', 'P_01459']",{'mo_family': 'CYBER_FRAUD_CALL_CENTER'},True
EVT_0448,CrimeOccurrence,2026-04-24T12:49:20,LOC_0016,"['P_02752', 'P_02527', 'P_04941']",{'mo_family': 'ATM_CARD_SKIMMING'},True
EVT_0449,CrimeOccurrence,2026-04-24T12:50:10,LOC_0094,"['P_03427', 'P_03205', 'P_03432']",{'mo_family': 'CYBER_FRAUD_CALL_CENTER'},True
EVT_0450,CrimeOccurrence,2026-04-24T18:59:46,LOC_0220,"['P_01393', 'P_01378', 'P_01031']",{'mo_family': 'NARCOTICS_COURIER_NETWORK'},True
EVT_0451,CrimeOccurrence,2026-04-25T09:00:06,LOC_0110,"['P_02808', 'P_02335']",{'mo_family': 'CYBER_FRAUD_CALL_CENTER'},True
EVT_0452,CrimeOccurrence,2026-04-25T09:49:18,LOC_0107,"['P_04574', 'P_00348', 'P_04747']",{'mo_family': 'CYBER_FRAUD_CALL_CENTER'},True
EVT_0453,CrimeOccurrence,2026-04-26T12:30:15,LOC_0136,"['P_04227', 'P_04450']",{'mo_family': 'NARCOTICS_COURIER_NETWORK'},True
EVT_0454,CrimeOccurrence,2026-04-26T20:48:48,LOC_0188,"['P_00681', 'P_00877']",{'mo_family': 'ATM_CARD_SKIMMING'},True
EVT_0455,CrimeOccurrence,2026-04-27T13:16:59,LOC_0172,"['P_00903', 'P_00744']",{'mo_family': 'ATM_CARD_SKIMMING'},True
EVT_0456,CrimeOccurrence,2026-04-27T17:54:11,LOC_0119,"['P_04782', 'P_04705']",{'mo_family': 'NARCOTICS_COURIER_NETWORK'},True
EVT_0457,CrimeOccurrence,2026-04-28T20:02:12,LOC_0163,"['P_01516', 'P_01995', 'P_01982', 'P_01855']",{'mo_family': 'CYBER_FRAUD_CALL_CENTER'},True
EVT_0458,CrimeOccurrence,2026-04-29T16:12:21,LOC_0110,"['P_04126', 'P_04446']",{'mo_family': 'CHAIN_SNATCHING'},True
EVT_0459,CrimeOccurrence,2026-04-29T22:55:44,LOC_0189,"['P_04475', 'P_04168', 'P_04040']",{'mo_family': 'EXTORTION_RACKET'},True
EVT_0460,CrimeOccurrence,2026-04-30T13:44:39,LOC_0099,"['P_02560', 'P_02982']",{'mo_family': 'NARCOTICS_COURIER_NETWORK'},True
EVT_0461,CrimeOccurrence,2026-05-02T02:42:24,LOC_0182,"['P_04578', 'P_04710']",{'mo_family': 'NARCOTICS_COURIER_NETWORK'},True
EVT_0462,CrimeOccurrence,2026-05-02T23:33:10,LOC_0123,"['P_04964', 'P_04017']",{'mo_family': 'ATM_CARD_SKIMMING'},True
EVT_0463,CrimeOccurrence,2026-05-04T13:12:56,LOC_0230,"['P_01719', 'P_01802', 'P_01810']",{'mo_family': 'NARCOTICS_COURIER_NETWORK'},True
EVT_0464,CrimeOccurrence,2026-05-05T02:15:09,LOC_0121,"['P_02931', 'P_02829', 'P_02916', 'P_02571', 'P_02919']",{'mo_family': 'CHAIN_SNATCHING'},True
EVT_0465,CrimeOccurrence,2026-05-06T14:29:58,LOC_0243,"['P_02444', 'P_02410', 'P_02331', 'P_02892', 'P_02443']",{'mo_family': 'EXTORTION_RACKET'},True
EVT_0466,CrimeOccurrence,2026-05-06T14:45:38,LOC_0246,"['P_01543', 'P_01545', 'P_01653', 'P_01588', 'P_00768']",{'mo_family': 'VEHICLE_THEFT_RING'},True
EVT_0467,CrimeOccurrence,2026-05-08T09:59:52,LOC_0006,"['P_01167', 'P_01111', 'P_01355', 'P_01213', 'P_01463']",{'mo_family': 'VEHICLE_THEFT_RING'},True
EVT_0468,CrimeOccurrence,2026-05-09T12:19:35,LOC_0075,"['P_02916', 'P_02965', 'P_02841', 'P_01626', 'P_02798']",{'mo_family': 'CYBER_FRAUD_CALL_CENTER'},True
EVT_0469,CrimeOccurrence,2026-05-09T13:25:51,LOC_0112,"['P_04403', 'P_04714', 'P_04339', 'P_04353']",{'mo_family': 'ATM_CARD_SKIMMING'},True
EVT_0470,CrimeOccurrence,2026-05-09T15:52:05,LOC_0230,"['P_04120', 'P_04386', 'P_04239', 'P_04440', 'P_04315']",{'mo_family': 'NARCOTICS_COURIER_NETWORK'},True
EVT_0471,CrimeOccurrence,2026-05-11T20:05:40,LOC_0013,"['P_03949', 'P_03967', 'P_03822', 'P_03653']",{'mo_family': 'ATM_CARD_SKIMMING'},True
EVT_0472,CrimeOccurrence,2026-05-11T22:05:16,LOC_0178,"['P_01029', 'P_01398', 'P_01318', 'P_03499']",{'mo_family': 'ATM_CARD_SKIMMING'},True
EVT_0473,CrimeOccurrence,2026-05-13T12:14:17,LOC_0082,"['P_01949', 'P_00551']",{'mo_family': 'ATM_CARD_SKIMMING'},True
EVT_0474,CrimeOccurrence,2026-05-17T12:30:56,LOC_0089,"['P_04766', 'P_04608']",{'mo_family': 'ATM_CARD_SKIMMING'},True
EVT_0475,CrimeOccurrence,2026-05-18T01:29:36,LOC_0104,"['P_00087', 'P_04122', 'P_04999', 'P_04468']",{'mo_family': 'ATM_CARD_SKIMMING'},True
EVT_0476,CrimeOccurrence,2026-05-18T04:43:29,LOC_0250,"['P_03979', 'P_02624', 'P_00514']",{'mo_family': 'CYBER_FRAUD_CALL_CENTER'},True
EVT_0477,CrimeOccurrence,2026-05-18T09:04:22,LOC_0087,"['P_04922', 'P_04993', 'P_04700']",{'mo_family': 'CHAIN_SNATCHING'},True
EVT_0478,CrimeOccurrence,2026-05-20T20:26:24,LOC_0007,"['P_01346', 'P_01143']",{'mo_family': 'VEHICLE_THEFT_RING'},True
EVT_0479,CrimeOccurrence,2026-05-21T16:06:03,LOC_0150,"['P_02674', 'P_02679']",{'mo_family': 'VEHICLE_THEFT_RING'},True
EVT_0480,CrimeOccurrence,2026-05-22T11:13:45,LOC_0101,"['P_03650', 'P_03851']",{'mo_family': 'EXTORTION_RACKET'},True
EVT_0481,CrimeOccurrence,2026-05-25T08:44:59,LOC_0095,"['P_00457', 'P_00460', 'P_00145', 'P_00406']",{'mo_family': 'EXTORTION_RACKET'},True
EVT_0482,CrimeOccurrence,2026-05-25T13:10:53,LOC_0187,"['P_03651', 'P_03585']",{'mo_family': 'CHAIN_SNATCHING'},True
EVT_0483,CrimeOccurrence,2026-05-26T11:13:12,LOC_0249,"['P_04895', 'P_03955', 'P_03625', 'P_03605']",{'mo_family': 'CYBER_FRAUD_CALL_CENTER'},True
EVT_0484,CrimeOccurrence,2026-05-26T14:47:07,LOC_0054,"['P_01136', 'P_01144']",{'mo_family': 'CYBER_FRAUD_CALL_CENTER'},True
EVT_0485,CrimeOccurrence,2026-05-27T21:34:16,LOC_0235,"['P_02047', 'P_01295', 'P_04691', 'P_04925', 'P_04839']",{'mo_family': 'VEHICLE_THEFT_RING'},True
EVT_0486,CrimeOccurrence,2026-05-28T02:44:40,LOC_0214,"['P_04598', 'P_04653', 'P_04618']",{'mo_family': 'NARCOTICS_COURIER_NETWORK'},True
EVT_0487,CrimeOccurrence,2026-05-28T12:07:22,LOC_0058,"['P_04795', 'P_04868', 'P_04961', 'P_04929']",{'mo_family': 'CHAIN_SNATCHING'},True
EVT_0488,CrimeOccurrence,2026-05-30T09:01:52,LOC_0107,"['P_03872', 'P_03803']",{'mo_family': 'NARCOTICS_COURIER_NETWORK'},True
EVT_0489,CrimeOccurrence,2026-05-30T19:44:18,LOC_0005,"['P_00710', 'P_00822', 'P_00547', 'P_00757']",{'mo_family': 'CYBER_FRAUD_CALL_CENTER'},True
EVT_0490,CrimeOccurrence,2026-05-31T08:58:31,LOC_0042,"['P_03095', 'P_03058']",{'mo_family': 'VEHICLE_THEFT_RING'},True
EVT_0491,CrimeOccurrence,2026-06-01T13:12:06,LOC_0093,"['P_02650', 'P_02534', 'P_02928']",{'mo_family': 'ATM_CARD_SKIMMING'},True
EVT_0492,CrimeOccurrence,2026-06-01T20:26:03,LOC_0047,"['P_00974', 'P_00630', 'P_00924']",{'mo_family': 'EXTORTION_RACKET'},True
EVT_0493,CrimeOccurrence,2026-06-02T01:25:00,LOC_0070,"['P_04095', 'P_04051', 'P_04297', 'P_04321']",{'mo_family': 'ATM_CARD_SKIMMING'},True
EVT_0494,CrimeOccurrence,2026-06-03T01:42:55,LOC_0133,"['P_04474', 'P_02107', 'P_03223', 'P_04205']",{'mo_family': 'VEHICLE_THEFT_RING'},True
EVT_0495,CrimeOccurrence,2026-06-03T14:35:38,LOC_0057,"['P_00840', 'P_00633', 'P_00882']",{'mo_family': 'ATM_CARD_SKIMMING'},True
EVT_0496,CrimeOccurrence,2026-06-04T00:57:22,LOC_0118,"['P_04403', 'P_04353']",{'mo_family': 'EXTORTION_RACKET'},True
EVT_0497,CrimeOccurrence,2026-06-04T11:37:07,LOC_0036,"['P_03661', 'P_03686', 'P_03929', 'P_03891']",{'mo_family': 'VEHICLE_THEFT_RING'},True
EVT_0498,CrimeOccurrence,2026-06-04T16:27:25,LOC_0191,"['P_01153', 'P_04212', 'P_04424', 'P_04382']",{'mo_family': 'EXTORTION_RACKET'},True
EVT_0499,CrimeOccurrence,2026-06-04T22:45:59,LOC_0021,"['P_01634', 'P_02363', 'P_01857', 'P_01579']",{'mo_family': 'ATM_CARD_SKIMMING'},True
EVT_0500,CrimeOccurrence,2026-06-08T05:13:38,LOC_0204,"['P_00049', 'P_00349', 'P_00033']",{'mo_family': 'CYBER_FRAUD_CALL_CENTER'},True
EVT_0501,CrimeOccurrence,2026-06-08T05:22:22,LOC_0171,"['P_00975', 'P_00623', 'P_00823', 'P_00593']",{'mo_family': 'CYBER_FRAUD_CALL_CENTER'},True
EVT_0502,CrimeOccurrence,2026-06-08T07:49:59,LOC_0090,"['P_01966', 'P_01623', 'P_01683']",{'mo_family': 'EXTORTION_RACKET'},True
EVT_0503,CrimeOccurrence,2026-06-09T01:50:58,LOC_0200,"['P_04967', 'P_04641', 'P_04788', 'P_04750']",{'mo_family': 'CHAIN_SNATCHING'},True
EVT_0504,CrimeOccurrence,2026-06-09T15:07:39,LOC_0056,"['P_00812', 'P_04551']",{'mo_family': 'VEHICLE_THEFT_RING'},True
EVT_0505,CrimeOccurrence,2026-06-10T18:06:31,LOC_0026,"['P_04497', 'P_04079']",{'mo_family': 'ATM_CARD_SKIMMING'},True
EVT_0506,CrimeOccurrence,2026-06-12T01:57:18,LOC_0113,"['P_03889', 'P_03852', 'P_03954', 'P_03541']",{'mo_family': 'NARCOTICS_COURIER_NETWORK'},True
EVT_0507,CrimeOccurrence,2026-06-12T02:12:03,LOC_0105,"['P_03265', 'P_03103', 'P_03475']",{'mo_family': 'CYBER_FRAUD_CALL_CENTER'},True
EVT_0508,CrimeOccurrence,2026-06-12T20:08:07,LOC_0084,"['P_01404', 'P_01114', 'P_01003', 'P_01303', 'P_01044']",{'mo_family': 'EXTORTION_RACKET'},True
EVT_0509,CrimeOccurrence,2026-06-12T23:25:20,LOC_0219,"['P_02695', 'P_02668', 'P_02832', 'P_02556', 'P_02760']",{'mo_family': 'NARCOTICS_COURIER_NETWORK'},True
EVT_0510,CrimeOccurrence,2026-06-14T05:54:01,LOC_0173,"['P_03454', 'P_03011', 'P_03002']",{'mo_family': 'CYBER_FRAUD_CALL_CENTER'},True
EVT_0511,CrimeOccurrence,2026-06-16T15:56:17,LOC_0102,"['P_00565', 'P_00697']",{'mo_family': 'NARCOTICS_COURIER_NETWORK'},True
EVT_0512,CrimeOccurrence,2026-06-16T16:58:00,LOC_0250,"['P_01239', 'P_01383']",{'mo_family': 'NARCOTICS_COURIER_NETWORK'},True
EVT_0513,CrimeOccurrence,2026-06-17T16:59:46,LOC_0186,"['P_01462', 'P_01006', 'P_01206']",{'mo_family': 'CYBER_FRAUD_CALL_CENTER'},True
EVT_0514,CrimeOccurrence,2026-06-18T19:10:13,LOC_0244,"['P_03292', 'P_03373', 'P_03324', 'P_03279']",{'mo_family': 'NARCOTICS_COURIER_NETWORK'},True
EVT_0515,CrimeOccurrence,2026-06-19T05:12:38,LOC_0065,"['P_03725', 'P_03589']",{'mo_family': 'ATM_CARD_SKIMMING'},True
EVT_0516,CrimeOccurrence,2026-06-19T08:49:35,LOC_0213,"['P_00244', 'P_00109']",{'mo_family': 'ATM_CARD_SKIMMING'},True
EVT_0517,CrimeOccurrence,2026-06-19T22:55:02,LOC_0160,"['P_04834', 'P_04529', 'P_04641', 'P_04953']",{'mo_family': 'CYBER_FRAUD_CALL_CENTER'},True
EVT_0518,CrimeOccurrence,2026-06-20T01:34:43,LOC_0112,"['P_04290', 'P_04129', 'P_04192', 'P_04050', 'P_04418']",{'mo_family': 'EXTORTION_RACKET'},True
EVT_0519,CrimeOccurrence,2026-06-21T12:17:25,LOC_0012,"['P_00313', 'P_00145']",{'mo_family': 'EXTORTION_RACKET'},True
EVT_0520,CrimeOccurrence,2026-06-21T19:51:49,LOC_0126,"['P_03758', 'P_03626', 'P_02912', 'P_03690', 'P_03679']",{'mo_family': 'CYBER_FRAUD_CALL_CENTER'},True
EVT_0521,CrimeOccurrence,2026-06-25T20:31:29,LOC_0239,"['P_00566', 'P_00897', 'P_00695', 'P_02987', 'P_04283']",{'mo_family': 'CYBER_FRAUD_CALL_CENTER'},True
EVT_0522,CrimeOccurrence,2026-06-26T06:10:41,LOC_0152,"['P_02754', 'P_01290', 'P_02175', 'P_02890']",{'mo_family': 'EXTORTION_RACKET'},True
EVT_0523,CrimeOccurrence,2026-06-27T19:46:16,LOC_0170,"['P_02710', 'P_02524', 'P_01852', 'P_02796', 'P_02678']",{'mo_family': 'VEHICLE_THEFT_RING'},True
EVT_0524,CrimeOccurrence,2026-06-30T16:08:58,LOC_0079,"['P_03799', 'P_00696']",{'mo_family': 'EXTORTION_RACKET'},True
EVT_0525,CrimeOccurrence,2026-07-04T10:29:22,LOC_0006,"['P_03640', 'P_03776', 'P_03875', 'P_03718', 'P_03919']",{'mo_family': 'VEHICLE_THEFT_RING'},True
EVT_0526,CrimeOccurrence,2026-07-05T22:04:23,LOC_0087,"['P_03161', 'P_03251', 'P_03498', 'P_03095', 'P_03058']",{'mo_family': 'CHAIN_SNATCHING'},True
EVT_0527,CrimeOccurrence,2026-07-06T13:14:56,LOC_0216,"['P_03581', 'P_03853', 'P_03572']",{'mo_family': 'CHAIN_SNATCHING'},True
EVT_0528,CrimeOccurrence,2026-07-08T05:56:57,LOC_0246,"['P_02249', 'P_02002', 'P_02484', 'P_02035', 'P_02571']",{'mo_family': 'VEHICLE_THEFT_RING'},True
EVT_0529,CrimeOccurrence,2026-07-11T06:18:19,LOC_0167,"['P_00542', 'P_00836', 'P_00865', 'P_00640', 'P_00552']",{'mo_family': 'CHAIN_SNATCHING'},True
EVT_0530,CrimeOccurrence,2026-07-12T02:27:50,LOC_0065,"['P_03815', 'P_03616', 'P_03547', 'P_03828']",{'mo_family': 'CHAIN_SNATCHING'},True
EVT_0531,CrimeOccurrence,2026-07-13T11:17:48,LOC_0181,"['P_01423', 'P_01480']",{'mo_family': 'EXTORTION_RACKET'},True
EVT_0532,CrimeOccurrence,2026-07-13T11:26:47,LOC_0208,"['P_03830', 'P_04950', 'P_03782', 'P_03829']",{'mo_family': 'ATM_CARD_SKIMMING'},True
EVT_0533,CrimeOccurrence,2026-07-15T23:25:23,LOC_0052,"['P_04821', 'P_04638']",{'mo_family': 'CYBER_FRAUD_CALL_CENTER'},True
EVT_0534,CrimeOccurrence,2026-07-17T23:20:15,LOC_0069,"['P_03810', 'P_03705', 'P_03567', 'P_03502', 'P_03589']",{'mo_family': 'CHAIN_SNATCHING'},True
EVT_0535,CrimeOccurrence,2026-07-20T15:24:21,LOC_0030,"['P_04840', 'P_04926', 'P_04674']",{'mo_family': 'CHAIN_SNATCHING'},True
EVT_0536,CrimeOccurrence,2026-07-22T20:11:32,LOC_0041,"['P_03934', 'P_03707', 'P_02037', 'P_03977', 'P_03644']",{'mo_family': 'CYBER_FRAUD_CALL_CENTER'},True
EVT_0537,CrimeOccurrence,2026-07-23T20:29:43,LOC_0247,"['P_04512', 'P_04994', 'P_02711']",{'mo_family': 'NARCOTICS_COURIER_NETWORK'},True
EVT_0538,CrimeOccurrence,2026-07-24T02:18:50,LOC_0230,"['P_00688', 'P_00871', 'P_00639', 'P_00966']",{'mo_family': 'VEHICLE_THEFT_RING'},True
EVT_0539,CrimeOccurrence,2026-07-24T08:06:28,LOC_0189,"['P_01762', 'P_01934']",{'mo_family': 'ATM_CARD_SKIMMING'},True
EVT_0540,CrimeOccurrence,2026-07-24T19:53:02,LOC_0061,"['P_04640', 'P_03054', 'P_04399', 'P_04303']",{'mo_family': 'EXTORTION_RACKET'},True
EVT_0541,CrimeOccurrence,2026-07-25T14:54:25,LOC_0037,"['P_03265', 'P_03051', 'P_03195']",{'mo_family': 'NARCOTICS_COURIER_NETWORK'},True
EVT_0542,CrimeOccurrence,2026-07-27T02:42:22,LOC_0186,"['P_03437', 'P_03346', 'P_01870', 'P_03499']",{'mo_family': 'CYBER_FRAUD_CALL_CENTER'},True
EVT_0543,CrimeOccurrence,2026-07-27T12:54:17,LOC_0122,"['P_02287', 'P_02067', 'P_02125', 'P_00616']",{'mo_family': 'CYBER_FRAUD_CALL_CENTER'},True
EVT_0544,CrimeOccurrence,2026-07-29T04:53:09,LOC_0192,"['P_04963', 'P_04947']",{'mo_family': 'VEHICLE_THEFT_RING'},True
EVT_0545,CrimeOccurrence,2026-07-30T09:55:20,LOC_0232,"['P_03084', 'P_02288', 'P_02121', 'P_02241', 'P_02048']",{'mo_family': 'ATM_CARD_SKIMMING'},True
EVT_0546,CrimeOccurrence,2026-07-30T13:46:55,LOC_0238,"['P_03183', 'P_03331']",{'mo_family': 'CYBER_FRAUD_CALL_CENTER'},True
EVT_0547,CrimeOccurrence,2026-07-30T20:26:59,LOC_0162,"['P_02119', 'P_02485', 'P_02008']",{'mo_family': 'ATM_CARD_SKIMMING'},True
EVT_0548,CrimeOccurrence,2026-08-01T03:03:23,LOC_0216,"['P_00847', 'P_03782', 'P_00657', 'P_00931', 'P_00788']",{'mo_family': 'CHAIN_SNATCHING'},True
EVT_0549,CrimeOccurrence,2026-08-01T11:03:49,LOC_0108,"['P_01213', 'P_01314', 'P_01273', 'P_01035']",{'mo_family': 'VEHICLE_THEFT_RING'},True
EVT_0550,CrimeOccurrence,2026-08-02T06:31:48,LOC_0203,"['P_02633', 'P_02751', 'P_00283', 'P_01294', 'P_02677']",{'mo_family': 'NARCOTICS_COURIER_NETWORK'},True
EVT_0551,CrimeOccurrence,2026-08-04T02:44:22,LOC_0064,"['P_02504', 'P_02864', 'P_02535', 'P_02044']",{'mo_family': 'NARCOTICS_COURIER_NETWORK'},True
EVT_0552,CrimeOccurrence,2026-08-04T12:11:54,LOC_0035,"['P_03362', 'P_03495', 'P_03261', 'P_03320']",{'mo_family': 'NARCOTICS_COURIER_NETWORK'},True
EVT_0553,CrimeOccurrence,2026-08-04T18:47:01,LOC_0095,"['P_01628', 'P_01788']",{'mo_family': 'CHAIN_SNATCHING'},True
EVT_0554,CrimeOccurrence,2026-08-05T14:08:30,LOC_0237,"['P_01839', 'P_01502']",{'mo_family': 'EXTORTION_RACKET'},True
EVT_0555,CrimeOccurrence,2026-08-08T05:18:46,LOC_0159,"['P_01540', 'P_01625', 'P_01905', 'P_01676']",{'mo_family': 'CYBER_FRAUD_CALL_CENTER'},True
EVT_0556,CrimeOccurrence,2026-08-10T10:55:15,LOC_0184,"['P_04647', 'P_00924']",{'mo_family': 'ATM_CARD_SKIMMING'},True
EVT_0557,CrimeOccurrence,2026-08-11T03:44:07,LOC_0099,"['P_00608', 'P_00971', 'P_00544']",{'mo_family': 'CYBER_FRAUD_CALL_CENTER'},True
EVT_0558,CrimeOccurrence,2026-08-11T09:29:39,LOC_0056,"['P_04172', 'P_04004', 'P_04141', 'P_04388', 'P_04145']",{'mo_family': 'CHAIN_SNATCHING'},True
EVT_0559,CrimeOccurrence,2026-08-11T13:52:05,LOC_0047,"['P_03447', 'P_03427', 'P_03224']",{'mo_family': 'ATM_CARD_SKIMMING'},True
EVT_0560,CrimeOccurrence,2026-08-13T10:20:43,LOC_0224,"['P_03464', 'P_03029', 'P_03145', 'P_03072', 'P_00398']",{'mo_family': 'ATM_CARD_SKIMMING'},True
EVT_0561,CrimeOccurrence,2026-08-14T22:04:31,LOC_0025,"['P_03110', 'P_03142', 'P_03366', 'P_02480', 'P_03424']",{'mo_family': 'NARCOTICS_COURIER_NETWORK'},True
EVT_0562,CrimeOccurrence,2026-08-17T06:57:22,LOC_0065,"['P_00255', 'P_02903']",{'mo_family': 'CYBER_FRAUD_CALL_CENTER'},True
EVT_0563,CrimeOccurrence,2026-08-19T06:22:35,LOC_0149,"['P_03039', 'P_03494', 'P_00815']",{'mo_family': 'NARCOTICS_COURIER_NETWORK'},True
EVT_0564,CrimeOccurrence,2026-08-19T08:01:04,LOC_0182,"['P_03724', 'P_03835', 'P_03511']",{'mo_family': 'CHAIN_SNATCHING'},True
EVT_0565,CrimeOccurrence,2026-08-19T14:10:07,LOC_0136,"['P_01226', 'P_01247', 'P_01048', 'P_01351', 'P_01473']",{'mo_family': 'VEHICLE_THEFT_RING'},True
EVT_0566,CrimeOccurrence,2026-08-21T11:57:34,LOC_0189,"['P_03309', 'P_04332', 'P_04172', 'P_04344']",{'mo_family': 'CHAIN_SNATCHING'},True
EVT_0567,CrimeOccurrence,2026-08-21T13:03:32,LOC_0047,"['P_03501', 'P_04502', 'P_04616', 'P_04587', 'P_04553']",{'mo_family': 'ATM_CARD_SKIMMING'},True
EVT_0568,CrimeOccurrence,2026-08-22T13:47:54,LOC_0237,"['P_00951', 'P_00689', 'P_00509', 'P_00849', 'P_00739']",{'mo_family': 'CYBER_FRAUD_CALL_CENTER'},True
EVT_0569,CrimeOccurrence,2026-08-22T17:25:01,LOC_0047,"['P_01003', 'P_01013', 'P_01142', 'P_01035']",{'mo_family': 'ATM_CARD_SKIMMING'},True
EVT_0570,CrimeOccurrence,2026-08-22T23:25:19,LOC_0197,"['P_04615', 'P_00361', 'P_04346']",{'mo_family': 'CHAIN_SNATCHING'},True
EVT_0571,CrimeOccurrence,2026-08-23T04:35:51,LOC_0085,"['P_04177', 'P_04076']",{'mo_family': 'ATM_CARD_SKIMMING'},True
EVT_0572,CrimeOccurrence,2026-08-23T08:13:23,LOC_0118,"['P_00561', 'P_02383', 'P_02651']",{'mo_family': 'VEHICLE_THEFT_RING'},True
EVT_0573,CrimeOccurrence,2026-08-24T22:10:07,LOC_0249,"['P_02255', 'P_02399']",{'mo_family': 'CYBER_FRAUD_CALL_CENTER'},True
EVT_0574,CrimeOccurrence,2026-08-25T07:01:58,LOC_0013,"['P_04663', 'P_04527', 'P_04890']",{'mo_family': 'NARCOTICS_COURIER_NETWORK'},True
EVT_0575,CrimeOccurrence,2026-08-25T10:18:21,LOC_0062,"['P_00580', 'P_00616', 'P_00819', 'P_00769', 'P_00987']",{'mo_family': 'NARCOTICS_COURIER_NETWORK'},True
EVT_0576,CrimeOccurrence,2026-08-26T06:33:20,LOC_0200,"['P_00150', 'P_00169', 'P_00437']",{'mo_family': 'VEHICLE_THEFT_RING'},True
EVT_0577,CrimeOccurrence,2026-08-27T13:26:33,LOC_0025,"['P_02556', 'P_02767', 'P_02541']",{'mo_family': 'CYBER_FRAUD_CALL_CENTER'},True
EVT_0578,CrimeOccurrence,2026-08-31T15:09:52,LOC_0109,"['P_03650', 'P_03824', 'P_03674', 'P_03921', 'P_03955']",{'mo_family': 'CYBER_FRAUD_CALL_CENTER'},True
EVT_0579,CrimeOccurrence,2026-09-01T06:20:38,LOC_0124,"['P_01552', 'P_01060', 'P_01807', 'P_01937', 'P_01527']",{'mo_family': 'EXTORTION_RACKET'},True
EVT_0580,CrimeOccurrence,2026-09-01T09:48:45,LOC_0120,"['P_01271', 'P_01357', 'P_01294', 'P_01384', 'P_01054']",{'mo_family': 'NARCOTICS_COURIER_NETWORK'},True
EVT_0581,CrimeOccurrence,2026-09-01T23:00:31,LOC_0076,"['P_02446', 'P_02009', 'P_02373']",{'mo_family': 'NARCOTICS_COURIER_NETWORK'},True
EVT_0582,CrimeOccurrence,2026-09-02T01:50:24,LOC_0185,"['P_00880', 'P_00565', 'P_00882', 'P_00978', 'P_00854']",{'mo_family': 'EXTORTION_RACKET'},True
EVT_0583,CrimeOccurrence,2026-09-02T15:25:34,LOC_0190,"['P_04099', 'P_04221']",{'mo_family': 'VEHICLE_THEFT_RING'},True
EVT_0584,CrimeOccurrence,2026-09-02T22:33:03,LOC_0042,"['P_00371', 'P_00193']",{'mo_family': 'CYBER_FRAUD_CALL_CENTER'},True
EVT_0585,CrimeOccurrence,2026-09-03T11:16:17,LOC_0048,"['P_03686', 'P_03749', 'P_03731', 'P_03830']",{'mo_family': 'CYBER_FRAUD_CALL_CENTER'},True
EVT_0586,CrimeOccurrence,2026-09-05T15:38:53,LOC_0102,"['P_03554', 'P_00159']",{'mo_family': 'VEHICLE_THEFT_RING'},True
EVT_0587,CrimeOccurrence,2026-09-06T13:51:43,LOC_0173,"['P_03405', 'P_03179', 'P_03319', 'P_03439', 'P_03167']",{'mo_family': 'CYBER_FRAUD_CALL_CENTER'},True
EVT_0588,CrimeOccurrence,2026-09-06T19:05:12,LOC_0049,"['P_00718', 'P_00501', 'P_00644']",{'mo_family': 'CHAIN_SNATCHING'},True
EVT_0589,CrimeOccurrence,2026-09-08T17:13:13,LOC_0167,"['P_00202', 'P_00473', 'P_00220']",{'mo_family': 'ATM_CARD_SKIMMING'},True
EVT_0590,CrimeOccurrence,2026-09-09T01:23:34,LOC_0232,"['P_01158', 'P_01167', 'P_01012', 'P_01214', 'P_01368']",{'mo_family': 'CYBER_FRAUD_CALL_CENTER'},True
EVT_0591,CrimeOccurrence,2026-09-12T18:28:17,LOC_0146,"['P_00188', 'P_04503', 'P_00240', 'P_00230', 'P_00161']",{'mo_family': 'CYBER_FRAUD_CALL_CENTER'},True
EVT_0592,CrimeOccurrence,2026-09-13T13:53:39,LOC_0153,"['P_00713', 'P_00990', 'P_00842', 'P_00789', 'P_00837']",{'mo_family': 'VEHICLE_THEFT_RING'},True
EVT_0593,CrimeOccurrence,2026-09-14T10:44:51,LOC_0148,"['P_03856', 'P_03714', 'P_03994', 'P_03763', 'P_03702']",{'mo_family': 'VEHICLE_THEFT_RING'},True
EVT_0594,CrimeOccurrence,2026-09-15T19:15:52,LOC_0005,"['P_01900', 'P_01890']",{'mo_family': 'CYBER_FRAUD_CALL_CENTER'},True
EVT_0595,CrimeOccurrence,2026-09-15T21:45:52,LOC_0179,"['P_03458', 'P_03340', 'P_03159', 'P_03418', 'P_00615']",{'mo_family': 'CHAIN_SNATCHING'},True
EVT_0596,CrimeOccurrence,2026-09-17T18:33:29,LOC_0176,"['P_04687', 'P_02859', 'P_02817', 'P_02847', 'P_02624']",{'mo_family': 'CYBER_FRAUD_CALL_CENTER'},True
EVT_0597,CrimeOccurrence,2026-09-17T19:20:15,LOC_0067,"['P_03652', 'P_03785', 'P_03838']",{'mo_family': 'NARCOTICS_COURIER_NETWORK'},True
EVT_0598,CrimeOccurrence,2026-09-18T01:21:28,LOC_0124,"['P_01698', 'P_02303', 'P_00940', 'P_01990']",{'mo_family': 'ATM_CARD_SKIMMING'},True
EVT_0599,CrimeOccurrence,2026-09-18T02:13:09,LOC_0005,"['P_03408', 'P_03189', 'P_02694', 'P_03128', 'P_03332']",{'mo_family': 'VEHICLE_THEFT_RING'},True
EVT_0600,CrimeOccurrence,2026-09-18T20:27:00,LOC_0017,"['P_04777', 'P_04221']",{'mo_family': 'ATM_CARD_SKIMMING'},True
EVT_0601,CrimeOccurrence,2026-09-20T08:13:01,LOC_0088,"['P_04604', 'P_04713', 'P_04951']",{'mo_family': 'VEHICLE_THEFT_RING'},True
EVT_0602,CrimeOccurrence,2026-09-22T17:49:38,LOC_0224,"['P_02487', 'P_02046', 'P_02240']",{'mo_family': 'EXTORTION_RACKET'},True
EVT_0603,CrimeOccurrence,2026-09-23T02:31:56,LOC_0201,"['P_03591', 'P_03745']",{'mo_family': 'CYBER_FRAUD_CALL_CENTER'},True
EVT_0604,CrimeOccurrence,2026-09-23T13:58:48,LOC_0027,"['P_04999', 'P_04608']",{'mo_family': 'VEHICLE_THEFT_RING'},True
EVT_0605,CrimeOccurrence,2026-09-23T23:18:24,LOC_0188,"['P_01287', 'P_01470', 'P_01472', 'P_01448']",{'mo_family': 'CHAIN_SNATCHING'},True
EVT_0606,CrimeOccurrence,2026-09-24T01:52:11,LOC_0052,"['P_01129', 'P_04765']",{'mo_family': 'CHAIN_SNATCHING'},True
EVT_0607,CrimeOccurrence,2026-09-25T06:22:42,LOC_0022,"['P_02186', 'P_02058', 'P_02284', 'P_02276', 'P_02358']",{'mo_family': 'VEHICLE_THEFT_RING'},True
EVT_0608,CrimeOccurrence,2026-09-27T08:28:59,LOC_0236,"['P_01361', 'P_01355', 'P_01144', 'P_01242', 'P_01075']",{'mo_family': 'ATM_CARD_SKIMMING'},True
EVT_0609,CrimeOccurrence,2026-09-27T23:14:55,LOC_0038,"['P_02905', 'P_02964']",{'mo_family': 'EXTORTION_RACKET'},True
EVT_0610,CrimeOccurrence,2026-09-30T13:39:52,LOC_0081,"['P_00829', 'P_00571']",{'mo_family': 'EXTORTION_RACKET'},True
EVT_0611,CrimeOccurrence,2026-10-03T02:23:37,LOC_0250,"['P_00062', 'P_00304', 'P_03514']",{'mo_family': 'CYBER_FRAUD_CALL_CENTER'},True
EVT_0612,CrimeOccurrence,2026-10-03T04:35:40,LOC_0212,"['P_04536', 'P_04762', 'P_01007', 'P_04757']",{'mo_family': 'NARCOTICS_COURIER_NETWORK'},True
EVT_0613,CrimeOccurrence,2026-10-04T07:04:03,LOC_0199,"['P_03371', 'P_03440', 'P_03198', 'P_03310', 'P_03350']",{'mo_family': 'ATM_CARD_SKIMMING'},True
EVT_0614,CrimeOccurrence,2026-10-05T13:36:49,LOC_0073,"['P_03307', 'P_03195', 'P_03300']",{'mo_family': 'CHAIN_SNATCHING'},True
EVT_0615,CrimeOccurrence,2026-10-10T14:47:05,LOC_0204,"['P_04240', 'P_02792', 'P_00185']",{'mo_family': 'EXTORTION_RACKET'},True
EVT_0616,CrimeOccurrence,2026-10-11T16:55:46,LOC_0216,"['P_01323', 'P_03464']",{'mo_family': 'NARCOTICS_COURIER_NETWORK'},True
EVT_0617,CrimeOccurrence,2026-10-13T23:39:35,LOC_0117,"['P_00177', 'P_01132', 'P_01424', 'P_02300', 'P_01022']",{'mo_family': 'NARCOTICS_COURIER_NETWORK'},True
EVT_0618,CrimeOccurrence,2026-10-14T09:59:46,LOC_0073,"['P_04634', 'P_04811', 'P_04737']",{'mo_family': 'EXTORTION_RACKET'},True
EVT_0619,CrimeOccurrence,2026-10-15T03:53:41,LOC_0211,"['P_01097', 'P_01200', 'P_01147', 'P_01316', 'P_01188']",{'mo_family': 'EXTORTION_RACKET'},True
EVT_0620,CrimeOccurrence,2026-10-17T04:12:37,LOC_0122,"['P_03251', 'P_00730', 'P_01301', 'P_03488', 'P_01788']",{'mo_family': 'ATM_CARD_SKIMMING'},True
EVT_0621,CrimeOccurrence,2026-10-17T13:59:54,LOC_0109,"['P_04749', 'P_04595', 'P_04819', 'P_04882', 'P_04926']",{'mo_family': 'CYBER_FRAUD_CALL_CENTER'},True
EVT_0622,CrimeOccurrence,2026-10-20T03:36:46,LOC_0033,"['P_03282', 'P_03063', 'P_03416']",{'mo_family': 'CYBER_FRAUD_CALL_CENTER'},True
EVT_0623,CrimeOccurrence,2026-10-21T20:16:12,LOC_0055,"['P_04431', 'P_04077']",{'mo_family': 'EXTORTION_RACKET'},True
EVT_0624,CrimeOccurrence,2026-10-22T04:32:14,LOC_0219,"['P_03026', 'P_03357']",{'mo_family': 'EXTORTION_RACKET'},True
EVT_0625,CrimeOccurrence,2026-10-22T22:26:48,LOC_0079,"['P_01221', 'P_04379', 'P_04213']",{'mo_family': 'VEHICLE_THEFT_RING'},True
EVT_0626,CrimeOccurrence,2026-10-24T18:22:42,LOC_0240,"['P_01036', 'P_01171', 'P_01430']",{'mo_family': 'VEHICLE_THEFT_RING'},True
EVT_0627,CrimeOccurrence,2026-10-25T23:51:58,LOC_0018,"['P_00991', 'P_01500', 'P_01138', 'P_04898', 'P_01340']",{'mo_family': 'ATM_CARD_SKIMMING'},True
EVT_0628,CrimeOccurrence,2026-10-26T11:48:43,LOC_0214,"['P_02777', 'P_02651', 'P_02971', 'P_02705', 'P_02538']",{'mo_family': 'EXTORTION_RACKET'},True
EVT_0629,CrimeOccurrence,2026-10-28T02:38:59,LOC_0023,"['P_04235', 'P_04112', 'P_04380', 'P_04232', 'P_04069']",{'mo_family': 'ATM_CARD_SKIMMING'},True
EVT_0630,CrimeOccurrence,2026-10-28T13:10:00,LOC_0139,"['P_03426', 'P_03173', 'P_03386']",{'mo_family': 'CYBER_FRAUD_CALL_CENTER'},True
EVT_0631,CrimeOccurrence,2026-10-30T00:34:10,LOC_0144,"['P_00726', 'P_00502', 'P_00731']",{'mo_family': 'NARCOTICS_COURIER_NETWORK'},True
EVT_0632,CrimeOccurrence,2026-11-01T01:50:29,LOC_0134,"['P_01577', 'P_01866']",{'mo_family': 'VEHICLE_THEFT_RING'},True
EVT_0633,CrimeOccurrence,2026-11-01T10:00:48,LOC_0202,"['P_00107', 'P_00986', 'P_00636']",{'mo_family': 'VEHICLE_THEFT_RING'},True
EVT_0634,CrimeOccurrence,2026-11-02T09:01:12,LOC_0126,"['P_04972', 'P_04962', 'P_02962', 'P_04791']",{'mo_family': 'EXTORTION_RACKET'},True
EVT_0635,CrimeOccurrence,2026-11-05T16:48:35,LOC_0136,"['P_03400', 'P_04259']",{'mo_family': 'ATM_CARD_SKIMMING'},True
EVT_0636,CrimeOccurrence,2026-11-06T04:41:52,LOC_0111,"['P_01209', 'P_01166', 'P_01378', 'P_01252']",{'mo_family': 'EXTORTION_RACKET'},True
EVT_0637,CrimeOccurrence,2026-11-08T04:07:49,LOC_0230,"['P_01726', 'P_01387']",{'mo_family': 'NARCOTICS_COURIER_NETWORK'},True
EVT_0638,CrimeOccurrence,2026-11-09T05:52:58,LOC_0037,"['P_03195', 'P_03163']",{'mo_family': 'CHAIN_SNATCHING'},True
EVT_0639,CrimeOccurrence,2026-11-10T16:02:59,LOC_0151,"['P_01809', 'P_01660', 'P_02177']",{'mo_family': 'VEHICLE_THEFT_RING'},True
EVT_0640,CrimeOccurrence,2026-11-11T20:36:07,LOC_0142,"['P_00553', 'P_00759', 'P_00943', 'P_00701']",{'mo_family': 'CYBER_FRAUD_CALL_CENTER'},True
EVT_0641,CrimeOccurrence,2026-11-13T19:31:22,LOC_0026,"['P_00963', 'P_00153', 'P_02688', 'P_00483']",{'mo_family': 'ATM_CARD_SKIMMING'},True
EVT_0642,CrimeOccurrence,2026-11-14T20:14:16,LOC_0129,"['P_02044', 'P_02477', 'P_04755', 'P_02381', 'P_02086']",{'mo_family': 'ATM_CARD_SKIMMING'},True
EVT_0643,CrimeOccurrence,2026-11-17T18:34:00,LOC_0247,"['P_01293', 'P_04033', 'P_00079', 'P_04030', 'P_04500']",{'mo_family': 'ATM_CARD_SKIMMING'},True
EVT_0644,CrimeOccurrence,2026-11-18T09:59:32,LOC_0098,"['P_00373', 'P_00182', 'P_00382', 'P_00493', 'P_04956']",{'mo_family': 'VEHICLE_THEFT_RING'},True
EVT_0645,CrimeOccurrence,2026-11-20T11:46:03,LOC_0137,"['P_04531', 'P_04794', 'P_04861', 'P_03901']",{'mo_family': 'ATM_CARD_SKIMMING'},True
EVT_0646,CrimeOccurrence,2026-11-20T13:50:32,LOC_0130,"['P_01233', 'P_01145', 'P_01165', 'P_01366']",{'mo_family': 'VEHICLE_THEFT_RING'},True
EVT_0647,CrimeOccurrence,2026-11-21T16:54:12,LOC_0054,"['P_02365', 'P_02364', 'P_02308', 'P_02190', 'P_02283']",{'mo_family': 'CHAIN_SNATCHING'},True
EVT_0648,CrimeOccurrence,2026-11-25T01:52:44,LOC_0143,"['P_03066', 'P_00017', 'P_00393', 'P_00011', 'P_00105']",{'mo_family': 'ATM_CARD_SKIMMING'},True
EVT_0649,CrimeOccurrence,2026-11-25T17:52:20,LOC_0225,"['P_04005', 'P_04016']",{'mo_family': 'CYBER_FRAUD_CALL_CENTER'},True
EVT_0650,CrimeOccurrence,2026-11-25T23:43:46,LOC_0085,"['P_03675', 'P_03647']",{'mo_family': 'NARCOTICS_COURIER_NETWORK'},True
EVT_0651,CrimeOccurrence,2026-11-26T02:05:18,LOC_0208,"['P_03169', 'P_04031', 'P_03455']",{'mo_family': 'CHAIN_SNATCHING'},True
EVT_0652,CrimeOccurrence,2026-11-28T13:30:55,LOC_0175,"['P_01581', 'P_01794', 'P_00792', 'P_01502', 'P_01739']",{'mo_family': 'CHAIN_SNATCHING'},True
EVT_0653,CrimeOccurrence,2026-11-29T22:50:42,LOC_0248,"['P_02032', 'P_02148', 'P_02324']",{'mo_family': 'EXTORTION_RACKET'},True
EVT_0654,CrimeOccurrence,2026-11-30T09:40:16,LOC_0211,"['P_00873', 'P_04545', 'P_04965']",{'mo_family': 'NARCOTICS_COURIER_NETWORK'},True
EVT_0655,CrimeOccurrence,2026-11-30T16:22:34,LOC_0173,"['P_04210', 'P_04195', 'P_04051', 'P_04190', 'P_04069']",{'mo_family': 'EXTORTION_RACKET'},True
EVT_0656,CrimeOccurrence,2026-12-01T03:52:50,LOC_0033,"['P_04819', 'P_04997', 'P_01427']",{'mo_family': 'VEHICLE_THEFT_RING'},True
EVT_0657,CrimeOccurrence,2026-12-03T05:09:55,LOC_0158,"['P_02797', 'P_01301', 'P_02296']",{'mo_family': 'EXTORTION_RACKET'},True
EVT_0658,CrimeOccurrence,2026-12-06T05:07:10,LOC_0111,"['P_03199', 'P_03499']",{'mo_family': 'VEHICLE_THEFT_RING'},True
EVT_0659,CrimeOccurrence,2026-12-08T07:15:00,LOC_0227,"['P_04448', 'P_04073', 'P_04132', 'P_04063', 'P_04342']",{'mo_family': 'VEHICLE_THEFT_RING'},True
EVT_0660,CrimeOccurrence,2026-12-09T16:07:59,LOC_0086,"['P_03805', 'P_03678', 'P_03639', 'P_00414']",{'mo_family': 'EXTORTION_RACKET'},True
EVT_0661,CrimeOccurrence,2026-12-10T16:38:49,LOC_0057,"['P_01571', 'P_01704', 'P_01644', 'P_01670', 'P_01849']",{'mo_family': 'NARCOTICS_COURIER_NETWORK'},True
EVT_0662,CrimeOccurrence,2026-12-10T18:46:01,LOC_0122,"['P_04294', 'P_04631', 'P_04657', 'P_04855']",{'mo_family': 'VEHICLE_THEFT_RING'},True
EVT_0663,CrimeOccurrence,2026-12-10T19:32:25,LOC_0154,"['P_04584', 'P_01631', 'P_04354']",{'mo_family': 'CHAIN_SNATCHING'},True
EVT_0664,CrimeOccurrence,2026-12-11T22:01:39,LOC_0250,"['P_03658', 'P_01517']",{'mo_family': 'NARCOTICS_COURIER_NETWORK'},True
EVT_0665,CrimeOccurrence,2026-12-12T20:23:05,LOC_0015,"['P_01452', 'P_01045']",{'mo_family': 'VEHICLE_THEFT_RING'},True
EVT_0666,CrimeOccurrence,2026-12-16T05:38:09,LOC_0218,"['P_04582', 'P_04708']",{'mo_family': 'VEHICLE_THEFT_RING'},True
EVT_0667,CrimeOccurrence,2026-12-16T22:06:10,LOC_0099,"['P_01910', 'P_01817']",{'mo_family': 'CYBER_FRAUD_CALL_CENTER'},True
EVT_0668,CrimeOccurrence,2026-12-18T12:04:40,LOC_0007,"['P_00934', 'P_03814', 'P_00830', 'P_00903']",{'mo_family': 'EXTORTION_RACKET'},True
EVT_0669,CrimeOccurrence,2026-12-18T16:49:12,LOC_0183,"['P_00842', 'P_00899']",{'mo_family': 'VEHICLE_THEFT_RING'},True
EVT_0670,CrimeOccurrence,2026-12-19T07:56:09,LOC_0186,"['P_04233', 'P_04265', 'P_04322', 'P_04268']",{'mo_family': 'ATM_CARD_SKIMMING'},True
EVT_0671,CrimeOccurrence,2026-12-20T12:12:13,LOC_0112,"['P_00496', 'P_00274', 'P_00126']",{'mo_family': 'VEHICLE_THEFT_RING'},True
EVT_0672,CrimeOccurrence,2026-12-21T03:34:59,LOC_0249,"['P_01329', 'P_01208', 'P_01290', 'P_01386', 'P_01307']",{'mo_family': 'ATM_CARD_SKIMMING'},True
EVT_0673,CrimeOccurrence,2026-12-23T02:21:51,LOC_0214,"['P_00470', 'P_00475', 'P_03921']",{'mo_family': 'ATM_CARD_SKIMMING'},True
EVT_0674,CrimeOccurrence,2026-12-23T23:35:39,LOC_0189,"['P_01577', 'P_01642', 'P_01776']",{'mo_family': 'ATM_CARD_SKIMMING'},True
EVT_0675,CrimeOccurrence,2026-12-24T19:40:04,LOC_0158,"['P_04914', 'P_04999', 'P_04591', 'P_04714']",{'mo_family': 'CYBER_FRAUD_CALL_CENTER'},True
EVT_0676,CrimeOccurrence,2026-12-25T10:27:29,LOC_0178,"['P_01082', 'P_04159', 'P_04275']",{'mo_family': 'VEHICLE_THEFT_RING'},True
EVT_0677,CrimeOccurrence,2026-12-26T14:43:14,LOC_0212,"['P_03097', 'P_03200', 'P_03080']",{'mo_family': 'NARCOTICS_COURIER_NETWORK'},True
EVT_0678,CrimeOccurrence,2026-12-26T19:05:42,LOC_0075,"['P_00246', 'P_00032']",{'mo_family': 'CHAIN_SNATCHING'},True
EVT_0679,CrimeOccurrence,2026-12-28T01:46:20,LOC_0051,"['P_00102', 'P_00360']",{'mo_family': 'CHAIN_SNATCHING'},True
EVT_0680,CrimeOccurrence,2026-12-28T23:39:42,LOC_0051,"['P_01428', 'P_01176', 'P_01146', 'P_01940']",{'mo_family': 'NARCOTICS_COURIER_NETWORK'},True
EVT_0681,CrimeOccurrence,2026-12-29T06:20:10,LOC_0117,"['P_01201', 'P_01125', 'P_01300', 'P_01087', 'P_01379']",{'mo_family': 'VEHICLE_THEFT_RING'},True
EVT_0682,CrimeOccurrence,2026-12-29T19:51:22,LOC_0037,"['P_03554', 'P_03528']",{'mo_family': 'EXTORTION_RACKET'},True
EVT_0683,CrimeOccurrence,2026-12-30T07:12:08,LOC_0110,"['P_04292', 'P_04308', 'P_04026', 'P_04459', 'P_04056']",{'mo_family': 'ATM_CARD_SKIMMING'},True
EVT_0684,CrimeOccurrence,2027-01-02T04:18:15,LOC_0045,"['P_04833', 'P_04812', 'P_00494']",{'mo_family': 'EXTORTION_RACKET'},True
EVT_0685,CrimeOccurrence,2027-01-04T04:41:04,LOC_0227,"['P_02321', 'P_02343', 'P_02399']",{'mo_family': 'NARCOTICS_COURIER_NETWORK'},True
EVT_0686,CrimeOccurrence,2027-01-04T16:09:13,LOC_0207,"['P_00857', 'P_00532', 'P_00768']",{'mo_family': 'NARCOTICS_COURIER_NETWORK'},True
EVT_0687,CrimeOccurrence,2027-01-04T19:33:01,LOC_0178,"['P_04360', 'P_04394', 'P_04259', 'P_04181', 'P_04079']",{'mo_family': 'CHAIN_SNATCHING'},True
EVT_0688,CrimeOccurrence,2027-01-05T05:25:55,LOC_0057,"['P_03285', 'P_03077']",{'mo_family': 'EXTORTION_RACKET'},True
EVT_0689,CrimeOccurrence,2027-01-05T17:04:47,LOC_0228,"['P_03244', 'P_03153', 'P_03236']",{'mo_family': 'ATM_CARD_SKIMMING'},True
EVT_0690,CrimeOccurrence,2027-01-06T02:41:21,LOC_0193,"['P_02072', 'P_02134']",{'mo_family': 'CHAIN_SNATCHING'},True
EVT_0691,CrimeOccurrence,2027-01-07T16:08:35,LOC_0132,"['P_04784', 'P_04776']",{'mo_family': 'ATM_CARD_SKIMMING'},True
EVT_0692,CrimeOccurrence,2027-01-07T22:16:39,LOC_0098,"['P_03798', 'P_03544', 'P_03768', 'P_03622', 'P_03742']",{'mo_family': 'CYBER_FRAUD_CALL_CENTER'},True
EVT_0693,CrimeOccurrence,2027-01-08T11:48:24,LOC_0216,"['P_02942', 'P_02611']",{'mo_family': 'VEHICLE_THEFT_RING'},True
EVT_0694,CrimeOccurrence,2027-01-09T19:46:16,LOC_0019,"['P_01522', 'P_01866']",{'mo_family': 'CHAIN_SNATCHING'},True
EVT_0695,CrimeOccurrence,2027-01-10T14:34:48,LOC_0197,"['P_02609', 'P_02961', 'P_02864', 'P_02698']",{'mo_family': 'NARCOTICS_COURIER_NETWORK'},True
EVT_0696,CrimeOccurrence,2027-01-13T04:41:41,LOC_0211,"['P_01130', 'P_01319', 'P_01306', 'P_00048']",{'mo_family': 'EXTORTION_RACKET'},True
EVT_0697,CrimeOccurrence,2027-01-13T08:42:49,LOC_0059,"['P_00116', 'P_00098', 'P_00431', 'P_00344', 'P_04538']",{'mo_family': 'EXTORTION_RACKET'},True
EVT_0698,CrimeOccurrence,2027-01-15T01:16:01,LOC_0081,"['P_04968', 'P_04826', 'P_04713', 'P_04809', 'P_04140']",{'mo_family': 'EXTORTION_RACKET'},True
EVT_0699,CrimeOccurrence,2027-01-15T10:59:59,LOC_0143,"['P_04569', 'P_03422', 'P_03201']",{'mo_family': 'NARCOTICS_COURIER_NETWORK'},True
EVT_0700,CrimeOccurrence,2027-01-17T20:20:33,LOC_0208,"['P_02504', 'P_02840']",{'mo_family': 'ATM_CARD_SKIMMING'},True
EVT_0701,CrimeOccurrence,2027-01-18T00:58:47,LOC_0006,"['P_03396', 'P_03488', 'P_03147', 'P_03376', 'P_03153']",{'mo_family': 'CYBER_FRAUD_CALL_CENTER'},True
EVT_0702,CrimeOccurrence,2027-01-19T16:02:29,LOC_0137,"['P_02706', 'P_02765', 'P_02608', 'P_02551', 'P_03959']",{'mo_family': 'ATM_CARD_SKIMMING'},True
EVT_0703,CrimeOccurrence,2027-01-20T23:48:37,LOC_0027,"['P_02044', 'P_02218']",{'mo_family': 'CYBER_FRAUD_CALL_CENTER'},True
EVT_0704,CrimeOccurrence,2027-01-21T10:44:31,LOC_0035,"['P_04099', 'P_04157']",{'mo_family': 'EXTORTION_RACKET'},True
EVT_0705,CrimeOccurrence,2027-01-21T17:52:12,LOC_0015,"['P_04392', 'P_04386']",{'mo_family': 'CHAIN_SNATCHING'},True
EVT_0706,CrimeOccurrence,2027-01-22T13:50:16,LOC_0138,"['P_01287', 'P_01108']",{'mo_family': 'CYBER_FRAUD_CALL_CENTER'},True
EVT_0707,CrimeOccurrence,2027-01-28T09:36:40,LOC_0171,"['P_01750', 'P_02817', 'P_01914', 'P_01685']",{'mo_family': 'ATM_CARD_SKIMMING'},True
EVT_0708,CrimeOccurrence,2027-01-30T11:19:20,LOC_0071,"['P_04809', 'P_04813', 'P_04842']",{'mo_family': 'CHAIN_SNATCHING'},True
EVT_0709,CrimeOccurrence,2027-01-31T07:10:25,LOC_0234,"['P_04955', 'P_04987', 'P_04783']",{'mo_family': 'CYBER_FRAUD_CALL_CENTER'},True
EVT_0710,CrimeOccurrence,2027-01-31T09:54:43,LOC_0166,"['P_00321', 'P_00284']",{'mo_family': 'EXTORTION_RACKET'},True
EVT_0711,CrimeOccurrence,2027-02-01T07:57:48,LOC_0118,"['P_02485', 'P_02499', 'P_02191', 'P_02262', 'P_02007']",{'mo_family': 'NARCOTICS_COURIER_NETWORK'},True
EVT_0712,CrimeOccurrence,2027-02-03T15:06:17,LOC_0227,"['P_03151', 'P_03224']",{'mo_family': 'VEHICLE_THEFT_RING'},True
EVT_0713,CrimeOccurrence,2027-02-07T01:52:35,LOC_0186,"['P_02020', 'P_02440']",{'mo_family': 'EXTORTION_RACKET'},True
EVT_0714,CrimeOccurrence,2027-02-07T05:48:05,LOC_0020,"['P_04819', 'P_04529']",{'mo_family': 'CYBER_FRAUD_CALL_CENTER'},True
EVT_0715,CrimeOccurrence,2027-02-07T15:39:30,LOC_0119,"['P_03199', 'P_03213', 'P_02602', 'P_03360', 'P_03178']",{'mo_family': 'CHAIN_SNATCHING'},True
EVT_0716,CrimeOccurrence,2027-02-10T18:27:49,LOC_0065,"['P_02072', 'P_03250']",{'mo_family': 'ATM_CARD_SKIMMING'},True
EVT_0717,CrimeOccurrence,2027-02-11T15:53:19,LOC_0141,"['P_03780', 'P_01043']",{'mo_family': 'CYBER_FRAUD_CALL_CENTER'},True
EVT_0718,CrimeOccurrence,2027-02-13T09:15:52,LOC_0046,"['P_01065', 'P_01149', 'P_01032', 'P_01196', 'P_00967']",{'mo_family': 'CYBER_FRAUD_CALL_CENTER'},True
EVT_0719,CrimeOccurrence,2027-02-13T23:39:40,LOC_0040,"['P_00636', 'P_00752']",{'mo_family': 'ATM_CARD_SKIMMING'},True
EVT_0720,CrimeOccurrence,2027-02-15T01:20:47,LOC_0215,"['P_02255', 'P_04457', 'P_04430']",{'mo_family': 'NARCOTICS_COURIER_NETWORK'},True
EVT_0721,CrimeOccurrence,2027-02-15T19:04:50,LOC_0154,"['P_01603', 'P_00852', 'P_00738', 'P_00573', 'P_00843']",{'mo_family': 'NARCOTICS_COURIER_NETWORK'},True
EVT_0722,CrimeOccurrence,2027-02-16T03:18:39,LOC_0005,"['P_03070', 'P_03229', 'P_03066']",{'mo_family': 'ATM_CARD_SKIMMING'},True
EVT_0723,CrimeOccurrence,2027-02-16T21:37:11,LOC_0025,"['P_02391', 'P_04206', 'P_00518']",{'mo_family': 'NARCOTICS_COURIER_NETWORK'},True
EVT_0724,CrimeOccurrence,2027-02-17T07:32:56,LOC_0132,"['P_01438', 'P_01369']",{'mo_family': 'ATM_CARD_SKIMMING'},True
EVT_0725,CrimeOccurrence,2027-02-18T07:54:04,LOC_0028,"['P_01635', 'P_01697', 'P_01668', 'P_01774', 'P_01558']",{'mo_family': 'ATM_CARD_SKIMMING'},True
EVT_0726,CrimeOccurrence,2027-02-18T08:50:16,LOC_0169,"['P_00046', 'P_00099', 'P_00416', 'P_00217', 'P_00219']",{'mo_family': 'CHAIN_SNATCHING'},True
EVT_0727,CrimeOccurrence,2027-02-18T10:26:16,LOC_0106,"['P_00102', 'P_00360']",{'mo_family': 'CHAIN_SNATCHING'},True
EVT_0728,CrimeOccurrence,2027-02-20T12:17:32,LOC_0154,"['P_04489', 'P_02031', 'P_04219']",{'mo_family': 'VEHICLE_THEFT_RING'},True
EVT_0729,CrimeOccurrence,2027-02-21T05:37:01,LOC_0227,"['P_01089', 'P_01339', 'P_01067', 'P_04302']",{'mo_family': 'NARCOTICS_COURIER_NETWORK'},True
EVT_0730,CrimeOccurrence,2027-02-23T16:31:50,LOC_0005,"['P_03689', 'P_03950']",{'mo_family': 'NARCOTICS_COURIER_NETWORK'},True
EVT_0731,CrimeOccurrence,2027-02-23T17:48:14,LOC_0181,"['P_04399', 'P_04370', 'P_04283']",{'mo_family': 'CYBER_FRAUD_CALL_CENTER'},True
EVT_0732,CrimeOccurrence,2027-02-25T17:45:56,LOC_0194,"['P_02531', 'P_02844', 'P_02667']",{'mo_family': 'VEHICLE_THEFT_RING'},True
EVT_0733,CrimeOccurrence,2027-02-26T13:52:48,LOC_0053,"['P_02478', 'P_02197', 'P_02390']",{'mo_family': 'CYBER_FRAUD_CALL_CENTER'},True
EVT_0734,CrimeOccurrence,2027-02-27T17:01:01,LOC_0165,"['P_03617', 'P_03631', 'P_03534', 'P_03636']",{'mo_family': 'EXTORTION_RACKET'},True
EVT_0735,CrimeOccurrence,2027-02-27T21:22:11,LOC_0217,"['P_02412', 'P_02299']",{'mo_family': 'NARCOTICS_COURIER_NETWORK'},True
EVT_0736,CrimeOccurrence,2027-02-28T23:59:23,LOC_0134,"['P_00275', 'P_00443', 'P_00411']",{'mo_family': 'EXTORTION_RACKET'},True
EVT_0737,CrimeOccurrence,2027-03-01T03:20:26,LOC_0014,"['P_04124', 'P_04159']",{'mo_family': 'VEHICLE_THEFT_RING'},True
EVT_0738,CrimeOccurrence,2027-03-02T01:49:32,LOC_0213,"['P_00893', 'P_00881', 'P_00752']",{'mo_family': 'ATM_CARD_SKIMMING'},True
EVT_0739,CrimeOccurrence,2027-03-04T12:34:02,LOC_0063,"['P_03492', 'P_03045', 'P_03130', 'P_03051', 'P_03485']",{'mo_family': 'VEHICLE_THEFT_RING'},True
EVT_0740,CrimeOccurrence,2027-03-05T02:32:30,LOC_0021,"['P_03821', 'P_03673', 'P_03646']",{'mo_family': 'EXTORTION_RACKET'},True
EVT_0741,CrimeOccurrence,2027-03-06T07:18:38,LOC_0111,"['P_03743', 'P_03767', 'P_03857', 'P_03890', 'P_03964']",{'mo_family': 'ATM_CARD_SKIMMING'},True
EVT_0742,CrimeOccurrence,2027-03-07T13:41:48,LOC_0040,"['P_00074', 'P_00438', 'P_00297', 'P_00163', 'P_01502']",{'mo_family': 'CYBER_FRAUD_CALL_CENTER'},True
EVT_0743,CrimeOccurrence,2027-03-08T12:07:35,LOC_0019,"['P_03990', 'P_03716', 'P_03765', 'P_03944']",{'mo_family': 'CHAIN_SNATCHING'},True
EVT_0744,CrimeOccurrence,2027-03-11T13:07:57,LOC_0241,"['P_00274', 'P_00106', 'P_00250', 'P_00236']",{'mo_family': 'VEHICLE_THEFT_RING'},True
EVT_0745,CrimeOccurrence,2027-03-11T14:59:24,LOC_0227,"['P_04820', 'P_04784']",{'mo_family': 'NARCOTICS_COURIER_NETWORK'},True
EVT_0746,CrimeOccurrence,2027-03-14T21:14:44,LOC_0163,"['P_01868', 'P_02038', 'P_01592', 'P_01926', 'P_03844']",{'mo_family': 'ATM_CARD_SKIMMING'},True
EVT_0747,CrimeOccurrence,2027-03-16T08:46:24,LOC_0236,"['P_03443', 'P_03312', 'P_03131', 'P_01565', 'P_03157']",{'mo_family': 'NARCOTICS_COURIER_NETWORK'},True
EVT_0748,CrimeOccurrence,2027-03-18T09:33:58,LOC_0242,"['P_00283', 'P_00495', 'P_00232']",{'mo_family': 'NARCOTICS_COURIER_NETWORK'},True
EVT_0749,CrimeOccurrence,2027-03-18T15:34:17,LOC_0198,"['P_01166', 'P_01323']",{'mo_family': 'EXTORTION_RACKET'},True
EVT_0750,CrimeOccurrence,2027-03-19T10:30:28,LOC_0213,"['P_04009', 'P_04344', 'P_04227']",{'mo_family': 'VEHICLE_THEFT_RING'},True
EVT_0751,CrimeOccurrence,2027-03-20T09:06:56,LOC_0225,"['P_03136', 'P_03180', 'P_03349', 'P_03357']",{'mo_family': 'EXTORTION_RACKET'},True
EVT_0752,CrimeOccurrence,2027-03-21T03:46:27,LOC_0239,"['P_04691', 'P_04539', 'P_04661', 'P_03647']",{'mo_family': 'VEHICLE_THEFT_RING'},True
EVT_0753,CrimeOccurrence,2027-03-23T07:19:25,LOC_0179,"['P_01440', 'P_01037', 'P_01380', 'P_01018', 'P_00837']",{'mo_family': 'VEHICLE_THEFT_RING'},True
EVT_0754,CrimeOccurrence,2027-03-23T14:30:05,LOC_0048,"['P_03663', 'P_03548', 'P_03531']",{'mo_family': 'NARCOTICS_COURIER_NETWORK'},True
EVT_0755,CrimeOccurrence,2027-03-25T02:03:18,LOC_0192,"['P_00704', 'P_00697', 'P_00904', 'P_00709', 'P_00545']",{'mo_family': 'EXTORTION_RACKET'},True
EVT_0756,CrimeOccurrence,2027-03-25T17:26:13,LOC_0022,"['P_00895', 'P_00723', 'P_00536']",{'mo_family': 'CYBER_FRAUD_CALL_CENTER'},True
EVT_0757,CrimeOccurrence,2027-03-25T23:20:12,LOC_0016,"['P_03813', 'P_01924', 'P_00717', 'P_01556', 'P_01901']",{'mo_family': 'EXTORTION_RACKET'},True
EVT_0758,CrimeOccurrence,2027-03-26T07:57:07,LOC_0097,"['P_00794', 'P_03135', 'P_00097']",{'mo_family': 'VEHICLE_THEFT_RING'},True
EVT_0759,CrimeOccurrence,2027-03-26T10:44:29,LOC_0210,"['P_03981', 'P_03926', 'P_03776', 'P_03767', 'P_03821']",{'mo_family': 'CHAIN_SNATCHING'},True
EVT_0760,CrimeOccurrence,2027-03-26T16:20:41,LOC_0012,"['P_03177', 'P_00469', 'P_00096', 'P_00199']",{'mo_family': 'CYBER_FRAUD_CALL_CENTER'},True
EVT_0761,CrimeOccurrence,2027-03-28T12:34:28,LOC_0177,"['P_00211', 'P_00300']",{'mo_family': 'ATM_CARD_SKIMMING'},True
EVT_0762,CrimeOccurrence,2027-03-30T08:37:09,LOC_0001,"['P_03877', 'P_03624', 'P_03703', 'P_03788', 'P_03814']",{'mo_family': 'CHAIN_SNATCHING'},True
EVT_0763,CrimeOccurrence,2027-04-03T14:45:20,LOC_0060,"['P_00137', 'P_00045', 'P_00375', 'P_00272']",{'mo_family': 'CHAIN_SNATCHING'},True
EVT_0764,CrimeOccurrence,2027-04-03T18:35:10,LOC_0220,"['P_00895', 'P_01617', 'P_00667', 'P_00812']",{'mo_family': 'EXTORTION_RACKET'},True
EVT_0765,CrimeOccurrence,2027-04-05T17:18:16,LOC_0223,"['P_04979', 'P_04974', 'P_02931']",{'mo_family': 'CHAIN_SNATCHING'},True
EVT_0766,CrimeOccurrence,2027-04-06T11:19:28,LOC_0128,"['P_04139', 'P_04230']",{'mo_family': 'NARCOTICS_COURIER_NETWORK'},True
EVT_0767,CrimeOccurrence,2027-04-06T15:23:12,LOC_0124,"['P_03953', 'P_03558', 'P_03825']",{'mo_family': 'EXTORTION_RACKET'},True
EVT_0768,CrimeOccurrence,2027-04-08T06:24:13,LOC_0184,"['P_00727', 'P_00733']",{'mo_family': 'ATM_CARD_SKIMMING'},True
EVT_0769,CrimeOccurrence,2027-04-08T22:06:09,LOC_0237,"['P_01667', 'P_03446', 'P_01653', 'P_01806']",{'mo_family': 'CHAIN_SNATCHING'},True
EVT_0770,CrimeOccurrence,2027-04-09T16:21:33,LOC_0088,"['P_01834', 'P_04770']",{'mo_family': 'CHAIN_SNATCHING'},True
EVT_0771,CrimeOccurrence,2027-04-09T22:41:29,LOC_0030,"['P_03644', 'P_03580', 'P_03679']",{'mo_family': 'EXTORTION_RACKET'},True
EVT_0772,CrimeOccurrence,2027-04-10T11:56:47,LOC_0245,"['P_00952', 'P_00557', 'P_01739', 'P_00715']",{'mo_family': 'ATM_CARD_SKIMMING'},True
EVT_0773,CrimeOccurrence,2027-04-11T07:23:44,LOC_0134,"['P_01639', 'P_01850', 'P_01896', 'P_01556', 'P_01970']",{'mo_family': 'EXTORTION_RACKET'},True
EVT_0774,CrimeOccurrence,2027-04-12T01:38:50,LOC_0219,"['P_03347', 'P_03239']",{'mo_family': 'VEHICLE_THEFT_RING'},True
EVT_0775,CrimeOccurrence,2027-04-13T16:24:09,LOC_0154,"['P_01892', 'P_01794', 'P_01768', 'P_01646', 'P_01559']",{'mo_family': 'CHAIN_SNATCHING'},True
EVT_0776,CrimeOccurrence,2027-04-13T16:34:42,LOC_0181,"['P_02012', 'P_02361', 'P_02284', 'P_02289', 'P_02132']",{'mo_family': 'VEHICLE_THEFT_RING'},True
EVT_0777,CrimeOccurrence,2027-04-14T05:00:21,LOC_0014,"['P_01726', 'P_03082', 'P_03772']",{'mo_family': 'ATM_CARD_SKIMMING'},True
EVT_0778,CrimeOccurrence,2027-04-15T20:33:09,LOC_0141,"['P_03075', 'P_04898', 'P_00357', 'P_03210']",{'mo_family': 'CYBER_FRAUD_CALL_CENTER'},True
EVT_0779,CrimeOccurrence,2027-04-18T19:18:34,LOC_0073,"['P_02420', 'P_03272', 'P_03386', 'P_03182', 'P_03207']",{'mo_family': 'CHAIN_SNATCHING'},True
EVT_0780,CrimeOccurrence,2027-04-19T05:00:47,LOC_0218,"['P_00798', 'P_00580', 'P_00800']",{'mo_family': 'CYBER_FRAUD_CALL_CENTER'},True
EVT_0781,CrimeOccurrence,2027-04-19T08:14:03,LOC_0124,"['P_04729', 'P_04810', 'P_04663']",{'mo_family': 'ATM_CARD_SKIMMING'},True
EVT_0782,CrimeOccurrence,2027-04-19T21:42:28,LOC_0027,"['P_00313', 'P_00075', 'P_00682', 'P_00412']",{'mo_family': 'NARCOTICS_COURIER_NETWORK'},True
EVT_0783,CrimeOccurrence,2027-04-22T21:41:34,LOC_0092,"['P_01189', 'P_03486', 'P_03086', 'P_03137', 'P_03085']",{'mo_family': 'ATM_CARD_SKIMMING'},True
EVT_0784,CrimeOccurrence,2027-04-24T12:06:23,LOC_0161,"['P_04174', 'P_04319', 'P_04353', 'P_04436']",{'mo_family': 'VEHICLE_THEFT_RING'},True
EVT_0785,CrimeOccurrence,2027-04-24T23:30:56,LOC_0168,"['P_03216', 'P_03291', 'P_03493', 'P_03250', 'P_03479']",{'mo_family': 'ATM_CARD_SKIMMING'},True
EVT_0786,CrimeOccurrence,2027-05-04T00:56:19,LOC_0095,"['P_00733', 'P_00951', 'P_00865', 'P_00780', 'P_00735']",{'mo_family': 'NARCOTICS_COURIER_NETWORK'},True
EVT_0787,CrimeOccurrence,2027-05-04T09:03:11,LOC_0147,"['P_00575', 'P_04272', 'P_04085']",{'mo_family': 'NARCOTICS_COURIER_NETWORK'},True
EVT_0788,CrimeOccurrence,2027-05-05T01:23:40,LOC_0166,"['P_00775', 'P_00776', 'P_00744']",{'mo_family': 'NARCOTICS_COURIER_NETWORK'},True
EVT_0789,CrimeOccurrence,2027-05-06T15:56:06,LOC_0233,"['P_02665', 'P_02872']",{'mo_family': 'VEHICLE_THEFT_RING'},True
EVT_0790,CrimeOccurrence,2027-05-07T02:29:52,LOC_0133,"['P_00383', 'P_00038', 'P_00420', 'P_00162', 'P_00415']",{'mo_family': 'CYBER_FRAUD_CALL_CENTER'},True
EVT_0791,CrimeOccurrence,2027-05-07T03:26:03,LOC_0221,"['P_01217', 'P_01092', 'P_01017']",{'mo_family': 'NARCOTICS_COURIER_NETWORK'},True
EVT_0792,CrimeOccurrence,2027-05-08T04:35:05,LOC_0148,"['P_01008', 'P_01140']",{'mo_family': 'CHAIN_SNATCHING'},True
EVT_0793,CrimeOccurrence,2027-05-08T23:10:42,LOC_0077,"['P_00920', 'P_00694']",{'mo_family': 'VEHICLE_THEFT_RING'},True
EVT_0794,CrimeOccurrence,2027-05-09T22:12:43,LOC_0169,"['P_02022', 'P_02243', 'P_00633', 'P_02083']",{'mo_family': 'VEHICLE_THEFT_RING'},True
EVT_0795,CrimeOccurrence,2027-05-11T10:10:55,LOC_0054,"['P_02740', 'P_02804', 'P_02564', 'P_02756']",{'mo_family': 'NARCOTICS_COURIER_NETWORK'},True
EVT_0796,CrimeOccurrence,2027-05-11T16:01:40,LOC_0037,"['P_01943', 'P_01677']",{'mo_family': 'VEHICLE_THEFT_RING'},True
EVT_0797,CrimeOccurrence,2027-05-11T20:18:36,LOC_0072,"['P_04730', 'P_04903', 'P_04523']",{'mo_family': 'EXTORTION_RACKET'},True
EVT_0798,CrimeOccurrence,2027-05-12T08:46:44,LOC_0022,"['P_03128', 'P_03136', 'P_03161']",{'mo_family': 'CHAIN_SNATCHING'},True
EVT_0799,CrimeOccurrence,2027-05-15T02:44:29,LOC_0148,"['P_01217', 'P_01025', 'P_01174']",{'mo_family': 'NARCOTICS_COURIER_NETWORK'},True
EVT_0800,CrimeOccurrence,2027-05-17T20:10:33,LOC_0040,"['P_04286', 'P_04312', 'P_04063']",{'mo_family': 'EXTORTION_RACKET'},True
EVT_0801,CrimeOccurrence,2027-05-18T02:11:01,LOC_0085,"['P_00636', 'P_00536', 'P_00562', 'P_00925']",{'mo_family': 'ATM_CARD_SKIMMING'},True
EVT_0802,CrimeOccurrence,2027-05-18T17:36:12,LOC_0026,"['P_01245', 'P_01013', 'P_01199']",{'mo_family': 'CHAIN_SNATCHING'},True
EVT_0803,CrimeOccurrence,2027-05-19T01:29:43,LOC_0136,"['P_01216', 'P_01049', 'P_01447', 'P_01440']",{'mo_family': 'VEHICLE_THEFT_RING'},True
EVT_0804,CrimeOccurrence,2027-05-20T16:45:05,LOC_0044,"['P_00820', 'P_02269']",{'mo_family': 'EXTORTION_RACKET'},True
EVT_0805,CrimeOccurrence,2027-05-21T21:28:24,LOC_0003,"['P_04520', 'P_04758', 'P_04721', 'P_03693', 'P_04357']",{'mo_family': 'EXTORTION_RACKET'},True
EVT_0806,CrimeOccurrence,2027-05-23T02:40:34,LOC_0189,"['P_01220', 'P_01328', 'P_01036']",{'mo_family': 'NARCOTICS_COURIER_NETWORK'},True
EVT_0807,CrimeOccurrence,2027-05-23T02:51:19,LOC_0205,"['P_04955', 'P_04611', 'P_04838', 'P_04923', 'P_04987']",{'mo_family': 'ATM_CARD_SKIMMING'},True
EVT_0808,CrimeOccurrence,2027-05-23T05:45:58,LOC_0105,"['P_01773', 'P_03405', 'P_01875', 'P_01560']",{'mo_family': 'EXTORTION_RACKET'},True
EVT_0809,CrimeOccurrence,2027-05-23T18:51:29,LOC_0242,"['P_00702', 'P_00652']",{'mo_family': 'NARCOTICS_COURIER_NETWORK'},True
EVT_0810,CrimeOccurrence,2027-05-24T16:43:37,LOC_0174,"['P_04134', 'P_04463']",{'mo_family': 'EXTORTION_RACKET'},True
EVT_0811,CrimeOccurrence,2027-05-24T22:54:38,LOC_0004,"['P_04458', 'P_04344']",{'mo_family': 'EXTORTION_RACKET'},True
EVT_0812,CrimeOccurrence,2027-05-28T09:02:07,LOC_0063,"['P_00496', 'P_00316', 'P_00060', 'P_00500', 'P_00398']",{'mo_family': 'NARCOTICS_COURIER_NETWORK'},True
EVT_0813,CrimeOccurrence,2027-05-28T20:25:26,LOC_0115,"['P_04784', 'P_04991']",{'mo_family': 'EXTORTION_RACKET'},True
EVT_0814,CrimeOccurrence,2027-05-29T08:01:46,LOC_0215,"['P_01870', 'P_01844', 'P_01571']",{'mo_family': 'EXTORTION_RACKET'},True
EVT_0815,CrimeOccurrence,2027-05-30T02:05:52,LOC_0234,"['P_04097', 'P_04196', 'P_03262', 'P_04158', 'P_04156']",{'mo_family': 'CYBER_FRAUD_CALL_CENTER'},True
EVT_0816,CrimeOccurrence,2027-05-30T06:31:36,LOC_0249,"['P_02025', 'P_02247', 'P_02425', 'P_02267']",{'mo_family': 'VEHICLE_THEFT_RING'},True
EVT_0817,CrimeOccurrence,2027-05-31T11:03:44,LOC_0229,"['P_04320', 'P_04046']",{'mo_family': 'NARCOTICS_COURIER_NETWORK'},True
EVT_0818,CrimeOccurrence,2027-06-01T02:57:26,LOC_0002,"['P_00112', 'P_00049', 'P_00371', 'P_00268', 'P_00349']",{'mo_family': 'CHAIN_SNATCHING'},True
EVT_0819,CrimeOccurrence,2027-06-03T02:10:16,LOC_0106,"['P_04979', 'P_00831', 'P_00820', 'P_00635', 'P_00849']",{'mo_family': 'VEHICLE_THEFT_RING'},True
EVT_0820,CrimeOccurrence,2027-06-03T04:33:46,LOC_0229,"['P_01853', 'P_01824', 'P_01748', 'P_01829', 'P_01912']",{'mo_family': 'CHAIN_SNATCHING'},True
EVT_0821,CrimeOccurrence,2027-06-03T08:36:22,LOC_0192,"['P_03645', 'P_03600', 'P_03563']",{'mo_family': 'NARCOTICS_COURIER_NETWORK'},True
EVT_0822,CrimeOccurrence,2027-06-03T10:09:19,LOC_0073,"['P_01538', 'P_01626']",{'mo_family': 'NARCOTICS_COURIER_NETWORK'},True
EVT_0823,CrimeOccurrence,2027-06-08T03:44:34,LOC_0243,"['P_00178', 'P_00259', 'P_03478']",{'mo_family': 'CHAIN_SNATCHING'},True
EVT_0824,CrimeOccurrence,2027-06-09T01:03:14,LOC_0196,"['P_04158', 'P_04156', 'P_04069']",{'mo_family': 'EXTORTION_RACKET'},True
EVT_0825,CrimeOccurrence,2027-06-09T17:32:36,LOC_0033,"['P_00068', 'P_03021', 'P_03186']",{'mo_family': 'NARCOTICS_COURIER_NETWORK'},True
EVT_0826,CrimeOccurrence,2027-06-16T08:52:26,LOC_0075,"['P_00451', 'P_00427', 'P_04273', 'P_00015']",{'mo_family': 'ATM_CARD_SKIMMING'},True
EVT_0827,CrimeOccurrence,2027-06-16T10:37:34,LOC_0018,"['P_01195', 'P_01210', 'P_01250']",{'mo_family': 'ATM_CARD_SKIMMING'},True
EVT_0828,CrimeOccurrence,2027-06-17T05:34:16,LOC_0201,"['P_03516', 'P_03892', 'P_03775']",{'mo_family': 'ATM_CARD_SKIMMING'},True
EVT_0829,CrimeOccurrence,2027-06-18T01:20:09,LOC_0162,"['P_03447', 'P_01411', 'P_01485']",{'mo_family': 'EXTORTION_RACKET'},True
EVT_0830,CrimeOccurrence,2027-06-18T07:32:32,LOC_0005,"['P_00163', 'P_00198', 'P_00434', 'P_00315']",{'mo_family': 'CYBER_FRAUD_CALL_CENTER'},True
EVT_0831,CrimeOccurrence,2027-06-20T14:51:32,LOC_0229,"['P_03194', 'P_03439', 'P_03337', 'P_03382']",{'mo_family': 'CYBER_FRAUD_CALL_CENTER'},True
EVT_0832,CrimeOccurrence,2027-06-22T16:54:59,LOC_0072,"['P_00134', 'P_00250', 'P_00424', 'P_00048']",{'mo_family': 'NARCOTICS_COURIER_NETWORK'},True
EVT_0833,CrimeOccurrence,2027-06-22T19:09:55,LOC_0011,"['P_02514', 'P_02621']",{'mo_family': 'ATM_CARD_SKIMMING'},True
EVT_0834,CrimeOccurrence,2027-06-24T07:56:00,LOC_0048,"['P_04874', 'P_04969']",{'mo_family': 'CHAIN_SNATCHING'},True
EVT_0835,CrimeOccurrence,2027-06-24T20:58:31,LOC_0085,"['P_00794', 'P_00559']",{'mo_family': 'VEHICLE_THEFT_RING'},True
EVT_0836,CrimeOccurrence,2027-06-25T00:49:39,LOC_0150,"['P_04235', 'P_04316', 'P_04273', 'P_04429']",{'mo_family': 'EXTORTION_RACKET'},True
EVT_0837,CrimeOccurrence,2027-06-25T19:23:42,LOC_0237,"['P_00337', 'P_00475', 'P_00102']",{'mo_family': 'VEHICLE_THEFT_RING'},True
EVT_0838,CrimeOccurrence,2027-06-26T12:53:41,LOC_0012,"['P_03556', 'P_03984', 'P_03885']",{'mo_family': 'CHAIN_SNATCHING'},True
EVT_0839,CrimeOccurrence,2027-06-26T22:00:54,LOC_0162,"['P_04591', 'P_04989', 'P_04670', 'P_04750']",{'mo_family': 'CHAIN_SNATCHING'},True
EVT_0840,CrimeOccurrence,2027-06-29T10:25:12,LOC_0154,"['P_03888', 'P_03529', 'P_03956', 'P_00898', 'P_03929']",{'mo_family': 'VEHICLE_THEFT_RING'},True
EVT_0841,CrimeOccurrence,2027-06-29T12:43:40,LOC_0043,"['P_04197', 'P_01992', 'P_01552', 'P_03768', 'P_01559']",{'mo_family': 'VEHICLE_THEFT_RING'},True
EVT_0842,CrimeOccurrence,2027-06-30T13:10:28,LOC_0041,"['P_00382', 'P_04975', 'P_03870', 'P_03303']",{'mo_family': 'CYBER_FRAUD_CALL_CENTER'},True
EVT_0843,CrimeOccurrence,2027-06-30T21:01:58,LOC_0076,"['P_03522', 'P_03909', 'P_03731', 'P_03531']",{'mo_family': 'EXTORTION_RACKET'},True
EVT_0844,CrimeOccurrence,2027-07-01T10:37:33,LOC_0061,"['P_01835', 'P_01894']",{'mo_family': 'ATM_CARD_SKIMMING'},True
EVT_0845,CrimeOccurrence,2027-07-03T18:43:11,LOC_0064,"['P_03387', 'P_01464', 'P_00998', 'P_01090']",{'mo_family': 'CHAIN_SNATCHING'},True
EVT_0846,CrimeOccurrence,2027-07-03T19:30:06,LOC_0068,"['P_02847', 'P_03597', 'P_02515', 'P_02780']",{'mo_family': 'VEHICLE_THEFT_RING'},True
EVT_0847,CrimeOccurrence,2027-07-03T21:39:52,LOC_0003,"['P_02055', 'P_02423', 'P_02023', 'P_02464']",{'mo_family': 'EXTORTION_RACKET'},True
EVT_0848,CrimeOccurrence,2027-07-05T22:50:40,LOC_0169,"['P_02146', 'P_02470']",{'mo_family': 'ATM_CARD_SKIMMING'},True
EVT_0849,CrimeOccurrence,2027-07-08T02:28:28,LOC_0084,"['P_00708', 'P_00751', 'P_00955', 'P_00872', 'P_00784']",{'mo_family': 'EXTORTION_RACKET'},True
EVT_0850,CrimeOccurrence,2027-07-09T07:08:49,LOC_0196,"['P_01425', 'P_01251', 'P_01144', 'P_01232', 'P_01276']",{'mo_family': 'CYBER_FRAUD_CALL_CENTER'},True
EVT_0851,CrimeOccurrence,2027-07-09T18:58:47,LOC_0126,"['P_01516', 'P_01668', 'P_01933']",{'mo_family': 'CYBER_FRAUD_CALL_CENTER'},True
EVT_0852,CrimeOccurrence,2027-07-10T03:03:13,LOC_0210,"['P_01148', 'P_02991', 'P_02541']",{'mo_family': 'VEHICLE_THEFT_RING'},True
EVT_0853,CrimeOccurrence,2027-07-10T05:15:20,LOC_0166,"['P_03264', 'P_04527', 'P_03494']",{'mo_family': 'VEHICLE_THEFT_RING'},True
EVT_0854,CrimeOccurrence,2027-07-11T14:59:15,LOC_0099,"['P_00320', 'P_00097']",{'mo_family': 'ATM_CARD_SKIMMING'},True
EVT_0855,CrimeOccurrence,2027-07-12T04:10:58,LOC_0136,"['P_00121', 'P_00359', 'P_00387']",{'mo_family': 'NARCOTICS_COURIER_NETWORK'},True
EVT_0856,CrimeOccurrence,2027-07-14T03:55:50,LOC_0123,"['P_04177', 'P_04168', 'P_04040', 'P_04346']",{'mo_family': 'VEHICLE_THEFT_RING'},True
EVT_0857,CrimeOccurrence,2027-07-15T09:56:01,LOC_0015,"['P_02992', 'P_02770', 'P_02687', 'P_02519']",{'mo_family': 'ATM_CARD_SKIMMING'},True
EVT_0858,CrimeOccurrence,2027-07-15T19:36:32,LOC_0140,"['P_00174', 'P_00098']",{'mo_family': 'VEHICLE_THEFT_RING'},True
EVT_0859,CrimeOccurrence,2027-07-19T01:29:59,LOC_0007,"['P_01241', 'P_01162']",{'mo_family': 'CYBER_FRAUD_CALL_CENTER'},True
EVT_0860,CrimeOccurrence,2027-07-19T15:37:47,LOC_0044,"['P_02161', 'P_02153', 'P_01883', 'P_01560', 'P_01851']",{'mo_family': 'CHAIN_SNATCHING'},True
EVT_0861,CrimeOccurrence,2027-07-20T04:24:26,LOC_0237,"['P_04732', 'P_00736', 'P_00625', 'P_00543']",{'mo_family': 'CHAIN_SNATCHING'},True
EVT_0862,CrimeOccurrence,2027-07-20T09:37:51,LOC_0086,"['P_01288', 'P_01238', 'P_01341']",{'mo_family': 'EXTORTION_RACKET'},True
EVT_0863,CrimeOccurrence,2027-07-21T11:30:36,LOC_0235,"['P_02206', 'P_02019', 'P_02135', 'P_02177']",{'mo_family': 'NARCOTICS_COURIER_NETWORK'},True
EVT_0864,CrimeOccurrence,2027-07-21T12:12:27,LOC_0200,"['P_00706', 'P_00626']",{'mo_family': 'NARCOTICS_COURIER_NETWORK'},True
EVT_0865,CrimeOccurrence,2027-07-21T20:04:24,LOC_0148,"['P_03920', 'P_03562']",{'mo_family': 'CYBER_FRAUD_CALL_CENTER'},True
EVT_0866,CrimeOccurrence,2027-07-23T23:13:04,LOC_0124,"['P_01283', 'P_01264', 'P_01232', 'P_01490', 'P_01251']",{'mo_family': 'ATM_CARD_SKIMMING'},True
EVT_0867,CrimeOccurrence,2027-07-25T01:47:08,LOC_0236,"['P_03024', 'P_02732', 'P_02920']",{'mo_family': 'NARCOTICS_COURIER_NETWORK'},True
EVT_0868,CrimeOccurrence,2027-07-25T02:02:11,LOC_0135,"['P_04464', 'P_04201', 'P_04469', 'P_02436', 'P_04413']",{'mo_family': 'EXTORTION_RACKET'},True
EVT_0869,CrimeOccurrence,2027-07-26T06:26:46,LOC_0218,"['P_02718', 'P_02964']",{'mo_family': 'ATM_CARD_SKIMMING'},True
EVT_0870,CrimeOccurrence,2027-07-27T00:02:30,LOC_0093,"['P_00953', 'P_00903']",{'mo_family': 'ATM_CARD_SKIMMING'},True
EVT_0871,CrimeOccurrence,2027-08-01T06:31:49,LOC_0063,"['P_02070', 'P_02463', 'P_02219', 'P_04814', 'P_02376']",{'mo_family': 'ATM_CARD_SKIMMING'},True
EVT_0872,CrimeOccurrence,2027-08-01T10:51:50,LOC_0151,"['P_01478', 'P_01472', 'P_01221', 'P_01173', 'P_00628']",{'mo_family': 'VEHICLE_THEFT_RING'},True
EVT_0873,CrimeOccurrence,2027-08-02T22:28:51,LOC_0094,"['P_03517', 'P_00240', 'P_03907']",{'mo_family': 'VEHICLE_THEFT_RING'},True
EVT_0874,CrimeOccurrence,2027-08-03T19:07:59,LOC_0249,"['P_01297', 'P_01227', 'P_01036']",{'mo_family': 'CYBER_FRAUD_CALL_CENTER'},True
EVT_0875,CrimeOccurrence,2027-08-05T02:43:27,LOC_0074,"['P_02922', 'P_01978', 'P_02949', 'P_02764', 'P_03108']",{'mo_family': 'NARCOTICS_COURIER_NETWORK'},True
EVT_0876,CrimeOccurrence,2027-08-06T01:19:23,LOC_0102,"['P_04950', 'P_04610', 'P_00003']",{'mo_family': 'VEHICLE_THEFT_RING'},True
EVT_0877,CrimeOccurrence,2027-08-08T16:55:10,LOC_0109,"['P_04615', 'P_04995', 'P_04704', 'P_04540']",{'mo_family': 'CYBER_FRAUD_CALL_CENTER'},True
EVT_0878,CrimeOccurrence,2027-08-09T06:30:05,LOC_0103,"['P_03094', 'P_03093', 'P_03478']",{'mo_family': 'EXTORTION_RACKET'},True
EVT_0879,CrimeOccurrence,2027-08-11T09:56:51,LOC_0123,"['P_04582', 'P_04837']",{'mo_family': 'NARCOTICS_COURIER_NETWORK'},True
EVT_0880,CrimeOccurrence,2027-08-11T11:17:22,LOC_0028,"['P_00448', 'P_00457', 'P_00287', 'P_00199']",{'mo_family': 'ATM_CARD_SKIMMING'},True
EVT_0881,CrimeOccurrence,2027-08-12T10:22:33,LOC_0139,"['P_00230', 'P_00211', 'P_00353']",{'mo_family': 'CHAIN_SNATCHING'},True
EVT_0882,CrimeOccurrence,2027-08-13T10:07:14,LOC_0025,"['P_01549', 'P_01744', 'P_01538']",{'mo_family': 'CHAIN_SNATCHING'},True
EVT_0883,CrimeOccurrence,2027-08-14T22:35:51,LOC_0098,"['P_02755', 'P_03964']",{'mo_family': 'EXTORTION_RACKET'},True
EVT_0884,CrimeOccurrence,2027-08-15T05:34:12,LOC_0186,"['P_03262', 'P_03315', 'P_03358']",{'mo_family': 'CHAIN_SNATCHING'},True
EVT_0885,CrimeOccurrence,2027-08-20T08:46:06,LOC_0151,"['P_02715', 'P_00120', 'P_02567', 'P_02894', 'P_02535']",{'mo_family': 'VEHICLE_THEFT_RING'},True
EVT_0886,CrimeOccurrence,2027-08-21T03:36:18,LOC_0133,"['P_02425', 'P_02137', 'P_02021']",{'mo_family': 'VEHICLE_THEFT_RING'},True
EVT_0887,CrimeOccurrence,2027-08-21T16:42:22,LOC_0133,"['P_01629', 'P_01498', 'P_01767']",{'mo_family': 'ATM_CARD_SKIMMING'},True
EVT_0888,CrimeOccurrence,2027-08-23T10:03:31,LOC_0093,"['P_02676', 'P_02680', 'P_02797', 'P_02529', 'P_02963']",{'mo_family': 'EXTORTION_RACKET'},True
EVT_0889,CrimeOccurrence,2027-08-24T01:52:23,LOC_0156,"['P_03447', 'P_03054', 'P_03176']",{'mo_family': 'VEHICLE_THEFT_RING'},True
EVT_0890,CrimeOccurrence,2027-08-24T16:00:37,LOC_0197,"['P_00798', 'P_00622']",{'mo_family': 'CYBER_FRAUD_CALL_CENTER'},True
EVT_0891,CrimeOccurrence,2027-08-27T11:11:46,LOC_0081,"['P_04496', 'P_04184']",{'mo_family': 'VEHICLE_THEFT_RING'},True
EVT_0892,CrimeOccurrence,2027-08-28T16:01:51,LOC_0198,"['P_02501', 'P_02977', 'P_02945', 'P_02525']",{'mo_family': 'EXTORTION_RACKET'},True
EVT_0893,CrimeOccurrence,2027-09-03T05:02:16,LOC_0125,"['P_01289', 'P_01151']",{'mo_family': 'CYBER_FRAUD_CALL_CENTER'},True
EVT_0894,CrimeOccurrence,2027-09-03T23:44:58,LOC_0175,"['P_01077', 'P_01488', 'P_01358', 'P_01308', 'P_01057']",{'mo_family': 'EXTORTION_RACKET'},True
EVT_0895,CrimeOccurrence,2027-09-04T16:37:09,LOC_0144,"['P_04918', 'P_00468', 'P_02869']",{'mo_family': 'VEHICLE_THEFT_RING'},True
EVT_0896,CrimeOccurrence,2027-09-05T11:56:27,LOC_0100,"['P_03007', 'P_03271']",{'mo_family': 'EXTORTION_RACKET'},True
EVT_0897,CrimeOccurrence,2027-09-05T15:55:40,LOC_0028,"['P_03991', 'P_03817', 'P_03901', 'P_03745', 'P_03775']",{'mo_family': 'CHAIN_SNATCHING'},True
EVT_0898,CrimeOccurrence,2027-09-06T15:12:53,LOC_0017,"['P_03856', 'P_03549', 'P_03888']",{'mo_family': 'CYBER_FRAUD_CALL_CENTER'},True
EVT_0899,CrimeOccurrence,2027-09-06T21:18:40,LOC_0117,"['P_03651', 'P_03902']",{'mo_family': 'NARCOTICS_COURIER_NETWORK'},True
EVT_0900,CrimeOccurrence,2027-09-07T09:05:06,LOC_0111,"['P_01918', 'P_01749', 'P_01513', 'P_01553']",{'mo_family': 'ATM_CARD_SKIMMING'},True
EVT_0901,CrimeOccurrence,2027-09-07T13:23:33,LOC_0223,"['P_01795', 'P_01749']",{'mo_family': 'CYBER_FRAUD_CALL_CENTER'},True
EVT_0902,CrimeOccurrence,2027-09-08T07:41:50,LOC_0104,"['P_00685', 'P_00648', 'P_00550']",{'mo_family': 'ATM_CARD_SKIMMING'},True
EVT_0903,CrimeOccurrence,2027-09-10T21:25:39,LOC_0141,"['P_01684', 'P_01557', 'P_01520', 'P_01754']",{'mo_family': 'EXTORTION_RACKET'},True
EVT_0904,CrimeOccurrence,2027-09-10T23:38:17,LOC_0248,"['P_01627', 'P_03491', 'P_01628', 'P_01965']",{'mo_family': 'ATM_CARD_SKIMMING'},True
EVT_0905,CrimeOccurrence,2027-09-10T23:53:10,LOC_0048,"['P_03300', 'P_03188']",{'mo_family': 'EXTORTION_RACKET'},True
EVT_0906,CrimeOccurrence,2027-09-13T12:20:38,LOC_0013,"['P_04927', 'P_04739', 'P_04629']",{'mo_family': 'NARCOTICS_COURIER_NETWORK'},True
EVT_0907,CrimeOccurrence,2027-09-15T02:01:32,LOC_0230,"['P_02593', 'P_02635']",{'mo_family': 'NARCOTICS_COURIER_NETWORK'},True
EVT_0908,CrimeOccurrence,2027-09-15T10:28:20,LOC_0163,"['P_00706', 'P_00931', 'P_00848', 'P_00531', 'P_00998']",{'mo_family': 'CHAIN_SNATCHING'},True
EVT_0909,CrimeOccurrence,2027-09-19T11:27:25,LOC_0054,"['P_01705', 'P_01538', 'P_01953', 'P_01644', 'P_01879']",{'mo_family': 'NARCOTICS_COURIER_NETWORK'},True
EVT_0910,CrimeOccurrence,2027-09-20T11:48:07,LOC_0078,"['P_00118', 'P_00250', 'P_00019', 'P_03874']",{'mo_family': 'EXTORTION_RACKET'},True
EVT_0911,CrimeOccurrence,2027-09-22T17:45:44,LOC_0134,"['P_04434', 'P_04185', 'P_04318', 'P_04419', 'P_04011']",{'mo_family': 'VEHICLE_THEFT_RING'},True
EVT_0912,CrimeOccurrence,2027-09-23T20:38:09,LOC_0105,"['P_03768', 'P_03510', 'P_03633', 'P_03855']",{'mo_family': 'CYBER_FRAUD_CALL_CENTER'},True
EVT_0913,CrimeOccurrence,2027-09-23T22:00:20,LOC_0023,"['P_03944', 'P_03584', 'P_03869', 'P_03520']",{'mo_family': 'NARCOTICS_COURIER_NETWORK'},True
EVT_0914,CrimeOccurrence,2027-09-24T18:05:07,LOC_0192,"['P_03354', 'P_03370']",{'mo_family': 'VEHICLE_THEFT_RING'},True
EVT_0915,CrimeOccurrence,2027-09-26T01:27:09,LOC_0219,"['P_03745', 'P_03639']",{'mo_family': 'VEHICLE_THEFT_RING'},True
EVT_0916,CrimeOccurrence,2027-09-27T15:34:19,LOC_0220,"['P_03122', 'P_03163']",{'mo_family': 'EXTORTION_RACKET'},True
EVT_0917,CrimeOccurrence,2027-10-01T20:57:36,LOC_0201,"['P_03243', 'P_03401']",{'mo_family': 'CYBER_FRAUD_CALL_CENTER'},True
EVT_0918,CrimeOccurrence,2027-10-04T08:30:47,LOC_0004,"['P_02770', 'P_01358', 'P_02909', 'P_00851', 'P_02519']",{'mo_family': 'CHAIN_SNATCHING'},True
EVT_0919,CrimeOccurrence,2027-10-05T09:37:44,LOC_0147,"['P_04971', 'P_04502', 'P_04915', 'P_04565']",{'mo_family': 'EXTORTION_RACKET'},True
EVT_0920,CrimeOccurrence,2027-10-08T12:35:53,LOC_0239,"['P_03223', 'P_04899']",{'mo_family': 'ATM_CARD_SKIMMING'},True
EVT_0921,CrimeOccurrence,2027-10-09T01:11:28,LOC_0038,"['P_01254', 'P_01424', 'P_01116', 'P_01071', 'P_04796']",{'mo_family': 'CYBER_FRAUD_CALL_CENTER'},True
EVT_0922,CrimeOccurrence,2027-10-10T05:54:52,LOC_0215,"['P_04780', 'P_04944', 'P_04562', 'P_04727', 'P_04901']",{'mo_family': 'NARCOTICS_COURIER_NETWORK'},True
EVT_0923,CrimeOccurrence,2027-10-10T10:31:20,LOC_0198,"['P_03584', 'P_03896']",{'mo_family': 'VEHICLE_THEFT_RING'},True
EVT_0924,CrimeOccurrence,2027-10-11T00:34:12,LOC_0048,"['P_00835', 'P_00646', 'P_00956', 'P_00414', 'P_00603']",{'mo_family': 'EXTORTION_RACKET'},True
EVT_0925,CrimeOccurrence,2027-10-11T05:54:59,LOC_0022,"['P_03369', 'P_03098', 'P_00710', 'P_03058']",{'mo_family': 'ATM_CARD_SKIMMING'},True
EVT_0926,CrimeOccurrence,2027-10-12T00:13:20,LOC_0071,"['P_04531', 'P_04747']",{'mo_family': 'NARCOTICS_COURIER_NETWORK'},True
EVT_0927,CrimeOccurrence,2027-10-14T01:56:20,LOC_0127,"['P_02101', 'P_02195', 'P_02110']",{'mo_family': 'CHAIN_SNATCHING'},True
EVT_0928,CrimeOccurrence,2027-10-14T06:45:45,LOC_0204,"['P_03202', 'P_03222']",{'mo_family': 'ATM_CARD_SKIMMING'},True
EVT_0929,CrimeOccurrence,2027-10-15T17:38:52,LOC_0228,"['P_01744', 'P_00961', 'P_00626']",{'mo_family': 'NARCOTICS_COURIER_NETWORK'},True
EVT_0930,CrimeOccurrence,2027-10-20T19:26:48,LOC_0204,"['P_02226', 'P_02496']",{'mo_family': 'ATM_CARD_SKIMMING'},True
EVT_0931,CrimeOccurrence,2027-10-22T01:45:58,LOC_0134,"['P_03385', 'P_02664', 'P_02809', 'P_02512']",{'mo_family': 'VEHICLE_THEFT_RING'},True
EVT_0932,CrimeOccurrence,2027-10-23T05:25:36,LOC_0006,"['P_04966', 'P_04901']",{'mo_family': 'ATM_CARD_SKIMMING'},True
EVT_0933,CrimeOccurrence,2027-10-23T09:53:21,LOC_0036,"['P_01778', 'P_01822']",{'mo_family': 'VEHICLE_THEFT_RING'},True
EVT_0934,CrimeOccurrence,2027-10-25T04:59:47,LOC_0076,"['P_00754', 'P_00770', 'P_00866', 'P_00802']",{'mo_family': 'ATM_CARD_SKIMMING'},True
EVT_0935,CrimeOccurrence,2027-10-25T05:15:09,LOC_0217,"['P_01603', 'P_01889', 'P_01572', 'P_01582']",{'mo_family': 'CYBER_FRAUD_CALL_CENTER'},True
EVT_0936,CrimeOccurrence,2027-10-26T09:57:22,LOC_0245,"['P_04518', 'P_04782', 'P_04947', 'P_04521']",{'mo_family': 'VEHICLE_THEFT_RING'},True
EVT_0937,CrimeOccurrence,2027-10-28T02:16:03,LOC_0028,"['P_03402', 'P_03121', 'P_03472', 'P_03292']",{'mo_family': 'CYBER_FRAUD_CALL_CENTER'},True
EVT_0938,CrimeOccurrence,2027-10-28T06:52:07,LOC_0228,"['P_02892', 'P_02217', 'P_02540', 'P_02848']",{'mo_family': 'EXTORTION_RACKET'},True
EVT_0939,CrimeOccurrence,2027-10-29T02:30:16,LOC_0047,"['P_04238', 'P_04883', 'P_04571', 'P_04948']",{'mo_family': 'CHAIN_SNATCHING'},True
EVT_0940,CrimeOccurrence,2027-11-02T17:26:21,LOC_0169,"['P_02654', 'P_02931', 'P_02505']",{'mo_family': 'ATM_CARD_SKIMMING'},True
EVT_0941,CrimeOccurrence,2027-11-03T17:41:39,LOC_0120,"['P_00009', 'P_00257', 'P_00152', 'P_00079']",{'mo_family': 'VEHICLE_THEFT_RING'},True
EVT_0942,CrimeOccurrence,2027-11-05T22:07:15,LOC_0065,"['P_00625', 'P_00865', 'P_00543', 'P_00922', 'P_00609']",{'mo_family': 'EXTORTION_RACKET'},True
EVT_0943,CrimeOccurrence,2027-11-06T09:39:01,LOC_0209,"['P_00859', 'P_00720', 'P_00981', 'P_00613', 'P_00672']",{'mo_family': 'NARCOTICS_COURIER_NETWORK'},True
EVT_0944,CrimeOccurrence,2027-11-07T22:46:27,LOC_0044,"['P_00384', 'P_00293', 'P_00073', 'P_00258']",{'mo_family': 'CYBER_FRAUD_CALL_CENTER'},True
EVT_0945,CrimeOccurrence,2027-11-09T12:47:05,LOC_0005,"['P_04722', 'P_04768']",{'mo_family': 'ATM_CARD_SKIMMING'},True
EVT_0946,CrimeOccurrence,2027-11-09T22:25:28,LOC_0230,"['P_01280', 'P_03534', 'P_03783', 'P_03811']",{'mo_family': 'VEHICLE_THEFT_RING'},True
EVT_0947,CrimeOccurrence,2027-11-10T12:19:56,LOC_0082,"['P_00908', 'P_00548', 'P_00820', 'P_00814', 'P_00569']",{'mo_family': 'VEHICLE_THEFT_RING'},True
EVT_0948,CrimeOccurrence,2027-11-10T17:56:09,LOC_0179,"['P_02804', 'P_02600', 'P_02971', 'P_02566', 'P_02750']",{'mo_family': 'EXTORTION_RACKET'},True
EVT_0949,CrimeOccurrence,2027-11-10T23:02:35,LOC_0058,"['P_00650', 'P_00509', 'P_00995', 'P_00949']",{'mo_family': 'NARCOTICS_COURIER_NETWORK'},True
EVT_0950,CrimeOccurrence,2027-11-11T03:43:16,LOC_0049,"['P_03570', 'P_03551', 'P_03618']",{'mo_family': 'NARCOTICS_COURIER_NETWORK'},True
EVT_0951,CrimeOccurrence,2027-11-12T13:55:32,LOC_0227,"['P_00041', 'P_00186']",{'mo_family': 'EXTORTION_RACKET'},True
EVT_0952,CrimeOccurrence,2027-11-12T16:09:48,LOC_0041,"['P_02209', 'P_02463', 'P_03769', 'P_02416']",{'mo_family': 'VEHICLE_THEFT_RING'},True
EVT_0953,CrimeOccurrence,2027-11-13T11:52:58,LOC_0179,"['P_03570', 'P_03775']",{'mo_family': 'EXTORTION_RACKET'},True
EVT_0954,CrimeOccurrence,2027-11-15T07:37:59,LOC_0136,"['P_03661', 'P_03946']",{'mo_family': 'CYBER_FRAUD_CALL_CENTER'},True
EVT_0955,CrimeOccurrence,2027-11-16T05:34:38,LOC_0010,"['P_01044', 'P_02602', 'P_04281', 'P_02621', 'P_02638']",{'mo_family': 'CHAIN_SNATCHING'},True
EVT_0956,CrimeOccurrence,2027-11-16T06:59:26,LOC_0249,"['P_01687', 'P_01576']",{'mo_family': 'NARCOTICS_COURIER_NETWORK'},True
EVT_0957,CrimeOccurrence,2027-11-16T12:40:07,LOC_0088,"['P_03155', 'P_03298', 'P_03080']",{'mo_family': 'CYBER_FRAUD_CALL_CENTER'},True
EVT_0958,CrimeOccurrence,2027-11-17T10:20:30,LOC_0040,"['P_02813', 'P_02685', 'P_02839', 'P_02568']",{'mo_family': 'EXTORTION_RACKET'},True
EVT_0959,CrimeOccurrence,2027-11-18T18:28:16,LOC_0088,"['P_02931', 'P_02640', 'P_02979', 'P_02921', 'P_02898']",{'mo_family': 'ATM_CARD_SKIMMING'},True
EVT_0960,CrimeOccurrence,2027-11-19T05:14:59,LOC_0191,"['P_02510', 'P_00593', 'P_00837']",{'mo_family': 'EXTORTION_RACKET'},True
EVT_0961,CrimeOccurrence,2027-11-20T05:28:29,LOC_0170,"['P_03813', 'P_02234']",{'mo_family': 'ATM_CARD_SKIMMING'},True
EVT_0962,CrimeOccurrence,2027-11-20T10:22:26,LOC_0111,"['P_02586', 'P_04524', 'P_02904', 'P_02947', 'P_02639']",{'mo_family': 'VEHICLE_THEFT_RING'},True
EVT_0963,CrimeOccurrence,2027-11-20T11:22:33,LOC_0098,"['P_00852', 'P_00802']",{'mo_family': 'CHAIN_SNATCHING'},True
EVT_0964,CrimeOccurrence,2027-11-21T02:42:00,LOC_0156,"['P_01552', 'P_01686', 'P_01601', 'P_01832', 'P_01885']",{'mo_family': 'CHAIN_SNATCHING'},True
EVT_0965,CrimeOccurrence,2027-11-21T17:51:43,LOC_0124,"['P_02190', 'P_02088']",{'mo_family': 'NARCOTICS_COURIER_NETWORK'},True
EVT_0966,CrimeOccurrence,2027-11-25T06:30:16,LOC_0058,"['P_00736', 'P_00540']",{'mo_family': 'ATM_CARD_SKIMMING'},True
EVT_0967,CrimeOccurrence,2027-11-26T05:19:58,LOC_0053,"['P_03209', 'P_03230', 'P_03211', 'P_03060', 'P_03478']",{'mo_family': 'CYBER_FRAUD_CALL_CENTER'},True
EVT_0968,CrimeOccurrence,2027-11-26T17:04:34,LOC_0048,"['P_02690', 'P_04954', 'P_01414', 'P_04885']",{'mo_family': 'NARCOTICS_COURIER_NETWORK'},True
EVT_0969,CrimeOccurrence,2027-11-26T20:17:28,LOC_0018,"['P_01955', 'P_01980', 'P_01729']",{'mo_family': 'NARCOTICS_COURIER_NETWORK'},True
EVT_0970,CrimeOccurrence,2027-11-26T21:03:41,LOC_0250,"['P_00241', 'P_00026', 'P_00473', 'P_00105', 'P_00411']",{'mo_family': 'ATM_CARD_SKIMMING'},True
EVT_0971,CrimeOccurrence,2027-11-28T16:33:20,LOC_0121,"['P_02902', 'P_02727', 'P_02930', 'P_00085', 'P_02885']",{'mo_family': 'EXTORTION_RACKET'},True
EVT_0972,CrimeOccurrence,2027-11-29T16:06:48,LOC_0026,"['P_01625', 'P_01657', 'P_01871']",{'mo_family': 'CHAIN_SNATCHING'},True
EVT_0973,CrimeOccurrence,2027-11-30T19:38:06,LOC_0094,"['P_02910', 'P_02697', 'P_02988', 'P_02874']",{'mo_family': 'NARCOTICS_COURIER_NETWORK'},True
EVT_0974,CrimeOccurrence,2027-12-03T18:22:12,LOC_0187,"['P_04924', 'P_04881', 'P_04585', 'P_03686', 'P_04832']",{'mo_family': 'EXTORTION_RACKET'},True
EVT_0975,CrimeOccurrence,2027-12-03T19:34:28,LOC_0148,"['P_01258', 'P_01161', 'P_02634', 'P_01001']",{'mo_family': 'ATM_CARD_SKIMMING'},True
EVT_0976,CrimeOccurrence,2027-12-04T19:13:46,LOC_0236,"['P_01691', 'P_01633']",{'mo_family': 'CHAIN_SNATCHING'},True
EVT_0977,CrimeOccurrence,2027-12-05T10:56:18,LOC_0228,"['P_04395', 'P_04071', 'P_04475', 'P_04297', 'P_04060']",{'mo_family': 'CHAIN_SNATCHING'},True
EVT_0978,CrimeOccurrence,2027-12-05T13:29:27,LOC_0134,"['P_02534', 'P_03552', 'P_02517']",{'mo_family': 'CHAIN_SNATCHING'},True
EVT_0979,CrimeOccurrence,2027-12-08T20:49:06,LOC_0128,"['P_00766', 'P_03735', 'P_03551', 'P_03522', 'P_03789']",{'mo_family': 'VEHICLE_THEFT_RING'},True
EVT_0980,CrimeOccurrence,2027-12-10T20:42:11,LOC_0074,"['P_04077', 'P_04424', 'P_04206', 'P_04382']",{'mo_family': 'ATM_CARD_SKIMMING'},True
EVT_0981,CrimeOccurrence,2027-12-12T08:09:49,LOC_0126,"['P_02095', 'P_02367']",{'mo_family': 'ATM_CARD_SKIMMING'},True
EVT_0982,CrimeOccurrence,2027-12-13T13:35:15,LOC_0202,"['P_02108', 'P_02231', 'P_02363']",{'mo_family': 'VEHICLE_THEFT_RING'},True
EVT_0983,CrimeOccurrence,2027-12-13T18:02:10,LOC_0070,"['P_01271', 'P_01436']",{'mo_family': 'EXTORTION_RACKET'},True
EVT_0984,CrimeOccurrence,2027-12-15T19:49:21,LOC_0239,"['P_01081', 'P_02431', 'P_02434']",{'mo_family': 'VEHICLE_THEFT_RING'},True
EVT_0985,CrimeOccurrence,2027-12-16T01:09:19,LOC_0145,"['P_02460', 'P_02165', 'P_02243', 'P_02189']",{'mo_family': 'VEHICLE_THEFT_RING'},True
EVT_0986,CrimeOccurrence,2027-12-16T01:20:52,LOC_0052,"['P_01514', 'P_01940', 'P_01635', 'P_01761']",{'mo_family': 'ATM_CARD_SKIMMING'},True
EVT_0987,CrimeOccurrence,2027-12-16T18:06:51,LOC_0025,"['P_04326', 'P_04068', 'P_04460']",{'mo_family': 'CYBER_FRAUD_CALL_CENTER'},True
EVT_0988,CrimeOccurrence,2027-12-16T23:00:02,LOC_0247,"['P_02949', 'P_02930', 'P_02911', 'P_02912', 'P_02874']",{'mo_family': 'EXTORTION_RACKET'},True
EVT_0989,CrimeOccurrence,2027-12-17T08:02:52,LOC_0158,"['P_03449', 'P_03068']",{'mo_family': 'VEHICLE_THEFT_RING'},True
EVT_0990,CrimeOccurrence,2027-12-17T10:44:12,LOC_0231,"['P_04356', 'P_04427', 'P_04292', 'P_04137']",{'mo_family': 'EXTORTION_RACKET'},True
EVT_0991,CrimeOccurrence,2027-12-18T09:07:33,LOC_0207,"['P_03301', 'P_03292']",{'mo_family': 'ATM_CARD_SKIMMING'},True
EVT_0992,CrimeOccurrence,2027-12-19T11:12:07,LOC_0213,"['P_00694', 'P_00667']",{'mo_family': 'VEHICLE_THEFT_RING'},True
EVT_0993,CrimeOccurrence,2027-12-20T02:39:05,LOC_0190,"['P_02429', 'P_02152', 'P_02305', 'P_02082', 'P_02498']",{'mo_family': 'VEHICLE_THEFT_RING'},True
EVT_0994,CrimeOccurrence,2027-12-20T11:33:08,LOC_0248,"['P_01680', 'P_01792', 'P_04404']",{'mo_family': 'VEHICLE_THEFT_RING'},True
EVT_0995,CrimeOccurrence,2027-12-24T03:17:26,LOC_0207,"['P_01268', 'P_00891', 'P_01221', 'P_01469']",{'mo_family': 'NARCOTICS_COURIER_NETWORK'},True
EVT_0996,CrimeOccurrence,2027-12-26T11:38:09,LOC_0025,"['P_04947', 'P_04643']",{'mo_family': 'ATM_CARD_SKIMMING'},True
EVT_0997,CrimeOccurrence,2027-12-27T22:38:10,LOC_0124,"['P_03692', 'P_02153', 'P_03636', 'P_02677', 'P_03629']",{'mo_family': 'EXTORTION_RACKET'},True
EVT_0998,CrimeOccurrence,2027-12-28T08:28:32,LOC_0111,"['P_02494', 'P_02457', 'P_04997', 'P_02135', 'P_02181']",{'mo_family': 'EXTORTION_RACKET'},True
EVT_0999,CrimeOccurrence,2027-12-30T02:30:46,LOC_0075,"['P_01260', 'P_01399', 'P_04313']",{'mo_family': 'ATM_CARD_SKIMMING'},True
EVT_1000,CrimeOccurrence,2027-12-31T02:08:18,LOC_0035,"['P_03010', 'P_03411', 'P_03179', 'P_03329']",{'mo_family': 'CYBER_FRAUD_CALL_CENTER'},True
