evidence_id,source_type,source_id,source_location,evidence_class,reliability,created_at,synthetic_demo_record
EVI_FIR_0001,CaseMaster_FIR,CASE_2025_0001,Byculla Police Station Records,Primary_Documentary,0.95,2025-01-04T15:41:22,True
EVI_FIR_0002,CaseMaster_FIR,CASE_2025_0002,Chembur Police Station Records,Primary_Documentary,0.95,2025-01-05T14:55:36,True
EVI_FIR_0003,CaseMaster_FIR,CASE_2025_0003,Kurla Police Station Records,Primary_Documentary,0.95,2025-01-06T18:10:10,True
EVI_FIR_0004,CaseMaster_FIR,CASE_2025_0004,Bandra Police Station Records,Primary_Documentary,0.95,2025-01-07T05:26:37,True
EVI_FIR_0005,CaseMaster_FIR,CASE_2025_0005,Malad Police Station Records,Primary_Documentary,0.95,2025-01-08T20:56:32,True
EVI_FIR_0006,CaseMaster_FIR,CASE_2025_0006,Worli Police Station Records,Primary_Documentary,0.95,2025-01-11T06:15:27,True
EVI_FIR_0007,CaseMaster_FIR,CASE_2025_0007,Bandra Police Station Records,Primary_Documentary,0.95,2025-01-13T08:34:30,True
EVI_FIR_0008,CaseMaster_FIR,CASE_2025_0008,Malad Police Station Records,Primary_Documentary,0.95,2025-01-14T17:50:51,True
EVI_FIR_0009,CaseMaster_FIR,CASE_2025_0009,Malad Police Station Records,Primary_Documentary,0.95,2025-01-16T09:40:03,True
EVI_FIR_0010,CaseMaster_FIR,CASE_2025_0010,Byculla Police Station Records,Primary_Documentary,0.95,2025-01-18T01:53:46,True
EVI_FIR_0011,CaseMaster_FIR,CASE_2025_0011,Worli Police Station Records,Primary_Documentary,0.95,2025-01-18T04:29:59,True
EVI_FIR_0012,CaseMaster_FIR,CASE_2025_0012,Borivali Police Station Records,Primary_Documentary,0.95,2025-01-18T05:45:01,True
EVI_FIR_0013,CaseMaster_FIR,CASE_2025_0013,Colaba Police Station Records,Primary_Documentary,0.95,2025-01-18T20:05:05,True
EVI_FIR_0014,CaseMaster_FIR,CASE_2025_0014,Worli Police Station Records,Primary_Documentary,0.95,2025-01-18T21:15:50,True
EVI_FIR_0015,CaseMaster_FIR,CASE_2025_0015,Dharavi Police Station Records,Primary_Documentary,0.95,2025-01-20T20:29:52,True
EVI_FIR_0016,CaseMaster_FIR,CASE_2025_0016,Juhu Police Station Records,Primary_Documentary,0.95,2025-01-21T13:05:27,True
EVI_FIR_0017,CaseMaster_FIR,CASE_2025_0017,Worli Police Station Records,Primary_Documentary,0.95,2025-01-23T22:58:39,True
EVI_FIR_0018,CaseMaster_FIR,CASE_2025_0018,Juhu Police Station Records,Primary_Documentary,0.95,2025-01-27T15:40:36,True
EVI_FIR_0019,CaseMaster_FIR,CASE_2025_0019,Colaba Police Station Records,Primary_Documentary,0.95,2025-01-27T23:57:55,True
EVI_FIR_0020,CaseMaster_FIR,CASE_2025_0020,Malad Police Station Records,Primary_Documentary,0.95,2025-01-28T05:16:04,True
EVI_FIR_0021,CaseMaster_FIR,CASE_2025_0021,Bandra Police Station Records,Primary_Documentary,0.95,2025-01-28T17:07:01,True
EVI_FIR_0022,CaseMaster_FIR,CASE_2025_0022,Byculla Police Station Records,Primary_Documentary,0.95,2025-01-30T19:36:15,True
EVI_FIR_0023,CaseMaster_FIR,CASE_2025_0023,Juhu Police Station Records,Primary_Documentary,0.95,2025-01-30T23:57:03,True
EVI_FIR_0024,CaseMaster_FIR,CASE_2025_0024,Chembur Police Station Records,Primary_Documentary,0.95,2025-01-31T14:19:03,True
EVI_FIR_0025,CaseMaster_FIR,CASE_2025_0025,Byculla Police Station Records,Primary_Documentary,0.95,2025-02-01T09:00:11,True
EVI_FIR_0026,CaseMaster_FIR,CASE_2025_0026,Andheri Police Station Records,Primary_Documentary,0.95,2025-02-05T16:22:52,True
EVI_FIR_0027,CaseMaster_FIR,CASE_2025_0027,Kurla Police Station Records,Primary_Documentary,0.95,2025-02-07T08:28:15,True
EVI_FIR_0028,CaseMaster_FIR,CASE_2025_0028,Andheri Police Station Records,Primary_Documentary,0.95,2025-02-08T10:32:10,True
EVI_FIR_0029,CaseMaster_FIR,CASE_2025_0029,Juhu Police Station Records,Primary_Documentary,0.95,2025-02-09T16:24:14,True
EVI_FIR_0030,CaseMaster_FIR,CASE_2025_0030,Juhu Police Station Records,Primary_Documentary,0.95,2025-02-11T04:45:46,True
EVI_FIR_0031,CaseMaster_FIR,CASE_2025_0031,Andheri Police Station Records,Primary_Documentary,0.95,2025-02-11T22:30:06,True
EVI_FIR_0032,CaseMaster_FIR,CASE_2025_0032,Byculla Police Station Records,Primary_Documentary,0.95,2025-02-12T04:47:04,True
EVI_FIR_0033,CaseMaster_FIR,CASE_2025_0033,Byculla Police Station Records,Primary_Documentary,0.95,2025-02-12T08:38:53,True
EVI_FIR_0034,CaseMaster_FIR,CASE_2025_0034,Chembur Police Station Records,Primary_Documentary,0.95,2025-02-12T10:27:07,True
EVI_FIR_0035,CaseMaster_FIR,CASE_2025_0035,Ghatkopar Police Station Records,Primary_Documentary,0.95,2025-02-13T13:35:29,True
EVI_FIR_0036,CaseMaster_FIR,CASE_2025_0036,Byculla Police Station Records,Primary_Documentary,0.95,2025-02-13T21:33:00,True
EVI_FIR_0037,CaseMaster_FIR,CASE_2025_0037,Kurla Police Station Records,Primary_Documentary,0.95,2025-02-13T21:49:14,True
EVI_FIR_0038,CaseMaster_FIR,CASE_2025_0038,Colaba Police Station Records,Primary_Documentary,0.95,2025-02-13T22:24:18,True
EVI_FIR_0039,CaseMaster_FIR,CASE_2025_0039,Colaba Police Station Records,Primary_Documentary,0.95,2025-02-21T20:59:58,True
EVI_FIR_0040,CaseMaster_FIR,CASE_2025_0040,Andheri Police Station Records,Primary_Documentary,0.95,2025-02-21T23:34:03,True
EVI_FIR_0041,CaseMaster_FIR,CASE_2025_0041,Borivali Police Station Records,Primary_Documentary,0.95,2025-02-22T15:15:50,True
EVI_FIR_0042,CaseMaster_FIR,CASE_2025_0042,Kurla Police Station Records,Primary_Documentary,0.95,2025-02-23T04:00:04,True
EVI_FIR_0043,CaseMaster_FIR,CASE_2025_0043,Worli Police Station Records,Primary_Documentary,0.95,2025-02-24T17:13:13,True
EVI_FIR_0044,CaseMaster_FIR,CASE_2025_0044,Dharavi Police Station Records,Primary_Documentary,0.95,2025-02-26T02:02:35,True
EVI_FIR_0045,CaseMaster_FIR,CASE_2025_0045,Kurla Police Station Records,Primary_Documentary,0.95,2025-03-01T06:14:23,True
EVI_FIR_0046,CaseMaster_FIR,CASE_2025_0046,Malad Police Station Records,Primary_Documentary,0.95,2025-03-01T14:52:25,True
EVI_FIR_0047,CaseMaster_FIR,CASE_2025_0047,Borivali Police Station Records,Primary_Documentary,0.95,2025-03-01T21:25:10,True
EVI_FIR_0048,CaseMaster_FIR,CASE_2025_0048,Worli Police Station Records,Primary_Documentary,0.95,2025-03-02T15:43:46,True
EVI_FIR_0049,CaseMaster_FIR,CASE_2025_0049,Dharavi Police Station Records,Primary_Documentary,0.95,2025-03-03T01:08:37,True
EVI_FIR_0050,CaseMaster_FIR,CASE_2025_0050,Bandra Police Station Records,Primary_Documentary,0.95,2025-03-03T11:43:39,True
EVI_FIR_0051,CaseMaster_FIR,CASE_2025_0051,Bandra Police Station Records,Primary_Documentary,0.95,2025-03-07T10:58:27,True
EVI_FIR_0052,CaseMaster_FIR,CASE_2025_0052,Dharavi Police Station Records,Primary_Documentary,0.95,2025-03-08T09:37:55,True
EVI_FIR_0053,CaseMaster_FIR,CASE_2025_0053,Borivali Police Station Records,Primary_Documentary,0.95,2025-03-09T06:54:38,True
EVI_FIR_0054,CaseMaster_FIR,CASE_2025_0054,Worli Police Station Records,Primary_Documentary,0.95,2025-03-10T22:53:17,True
EVI_FIR_0055,CaseMaster_FIR,CASE_2025_0055,Malad Police Station Records,Primary_Documentary,0.95,2025-03-11T19:25:42,True
EVI_FIR_0056,CaseMaster_FIR,CASE_2025_0056,Colaba Police Station Records,Primary_Documentary,0.95,2025-03-15T16:27:13,True
EVI_FIR_0057,CaseMaster_FIR,CASE_2025_0057,Bandra Police Station Records,Primary_Documentary,0.95,2025-03-17T16:23:48,True
EVI_FIR_0058,CaseMaster_FIR,CASE_2025_0058,Andheri Police Station Records,Primary_Documentary,0.95,2025-03-18T18:24:15,True
EVI_FIR_0059,CaseMaster_FIR,CASE_2025_0059,Bandra Police Station Records,Primary_Documentary,0.95,2025-03-19T04:05:07,True
EVI_FIR_0060,CaseMaster_FIR,CASE_2025_0060,Dharavi Police Station Records,Primary_Documentary,0.95,2025-03-20T06:34:12,True
EVI_FIR_0061,CaseMaster_FIR,CASE_2025_0061,Chembur Police Station Records,Primary_Documentary,0.95,2025-03-21T06:13:51,True
EVI_FIR_0062,CaseMaster_FIR,CASE_2025_0062,Malad Police Station Records,Primary_Documentary,0.95,2025-03-21T10:27:47,True
EVI_FIR_0063,CaseMaster_FIR,CASE_2025_0063,Bandra Police Station Records,Primary_Documentary,0.95,2025-03-21T12:25:25,True
EVI_FIR_0064,CaseMaster_FIR,CASE_2025_0064,Byculla Police Station Records,Primary_Documentary,0.95,2025-03-21T14:47:22,True
EVI_FIR_0065,CaseMaster_FIR,CASE_2025_0065,Kurla Police Station Records,Primary_Documentary,0.95,2025-03-22T10:45:50,True
EVI_FIR_0066,CaseMaster_FIR,CASE_2025_0066,Dharavi Police Station Records,Primary_Documentary,0.95,2025-03-23T22:50:13,True
EVI_FIR_0067,CaseMaster_FIR,CASE_2025_0067,Malad Police Station Records,Primary_Documentary,0.95,2025-03-24T12:21:13,True
EVI_FIR_0068,CaseMaster_FIR,CASE_2025_0068,Juhu Police Station Records,Primary_Documentary,0.95,2025-03-27T03:06:28,True
EVI_FIR_0069,CaseMaster_FIR,CASE_2025_0069,Bandra Police Station Records,Primary_Documentary,0.95,2025-03-28T01:32:24,True
EVI_FIR_0070,CaseMaster_FIR,CASE_2025_0070,Andheri Police Station Records,Primary_Documentary,0.95,2025-03-28T03:17:15,True
EVI_FIR_0071,CaseMaster_FIR,CASE_2025_0071,Kurla Police Station Records,Primary_Documentary,0.95,2025-03-28T03:40:56,True
EVI_FIR_0072,CaseMaster_FIR,CASE_2025_0072,Bandra Police Station Records,Primary_Documentary,0.95,2025-03-28T08:33:48,True
EVI_FIR_0073,CaseMaster_FIR,CASE_2025_0073,Bandra Police Station Records,Primary_Documentary,0.95,2025-03-31T22:51:46,True
EVI_FIR_0074,CaseMaster_FIR,CASE_2025_0074,Dharavi Police Station Records,Primary_Documentary,0.95,2025-04-01T09:35:22,True
EVI_FIR_0075,CaseMaster_FIR,CASE_2025_0075,Ghatkopar Police Station Records,Primary_Documentary,0.95,2025-04-01T11:13:25,True
EVI_FIR_0076,CaseMaster_FIR,CASE_2025_0076,Andheri Police Station Records,Primary_Documentary,0.95,2025-04-01T11:21:28,True
EVI_FIR_0077,CaseMaster_FIR,CASE_2025_0077,Borivali Police Station Records,Primary_Documentary,0.95,2025-04-01T14:24:24,True
EVI_FIR_0078,CaseMaster_FIR,CASE_2025_0078,Malad Police Station Records,Primary_Documentary,0.95,2025-04-01T20:54:03,True
EVI_FIR_0079,CaseMaster_FIR,CASE_2025_0079,Kurla Police Station Records,Primary_Documentary,0.95,2025-04-02T01:59:06,True
EVI_FIR_0080,CaseMaster_FIR,CASE_2025_0080,Worli Police Station Records,Primary_Documentary,0.95,2025-04-02T05:39:52,True
EVI_FIR_0081,CaseMaster_FIR,CASE_2025_0081,Juhu Police Station Records,Primary_Documentary,0.95,2025-04-02T08:54:52,True
EVI_FIR_0082,CaseMaster_FIR,CASE_2025_0082,Ghatkopar Police Station Records,Primary_Documentary,0.95,2025-04-03T06:49:21,True
EVI_FIR_0083,CaseMaster_FIR,CASE_2025_0083,Kurla Police Station Records,Primary_Documentary,0.95,2025-04-03T14:35:21,True
EVI_FIR_0084,CaseMaster_FIR,CASE_2025_0084,Colaba Police Station Records,Primary_Documentary,0.95,2025-04-03T17:04:22,True
EVI_FIR_0085,CaseMaster_FIR,CASE_2025_0085,Kurla Police Station Records,Primary_Documentary,0.95,2025-04-04T13:04:12,True
EVI_FIR_0086,CaseMaster_FIR,CASE_2025_0086,Colaba Police Station Records,Primary_Documentary,0.95,2025-04-04T13:34:03,True
EVI_FIR_0087,CaseMaster_FIR,CASE_2025_0087,Byculla Police Station Records,Primary_Documentary,0.95,2025-04-04T19:05:32,True
EVI_FIR_0088,CaseMaster_FIR,CASE_2025_0088,Bandra Police Station Records,Primary_Documentary,0.95,2025-04-04T20:08:32,True
EVI_FIR_0089,CaseMaster_FIR,CASE_2025_0089,Juhu Police Station Records,Primary_Documentary,0.95,2025-04-05T08:58:45,True
EVI_FIR_0090,CaseMaster_FIR,CASE_2025_0090,Kurla Police Station Records,Primary_Documentary,0.95,2025-04-05T13:50:07,True
EVI_FIR_0091,CaseMaster_FIR,CASE_2025_0091,Ghatkopar Police Station Records,Primary_Documentary,0.95,2025-04-05T17:14:30,True
EVI_FIR_0092,CaseMaster_FIR,CASE_2025_0092,Dharavi Police Station Records,Primary_Documentary,0.95,2025-04-06T10:08:29,True
EVI_FIR_0093,CaseMaster_FIR,CASE_2025_0093,Borivali Police Station Records,Primary_Documentary,0.95,2025-04-06T20:05:50,True
EVI_FIR_0094,CaseMaster_FIR,CASE_2025_0094,Ghatkopar Police Station Records,Primary_Documentary,0.95,2025-04-07T06:19:00,True
EVI_FIR_0095,CaseMaster_FIR,CASE_2025_0095,Bandra Police Station Records,Primary_Documentary,0.95,2025-04-07T11:29:19,True
EVI_FIR_0096,CaseMaster_FIR,CASE_2025_0096,Worli Police Station Records,Primary_Documentary,0.95,2025-04-07T22:33:55,True
EVI_FIR_0097,CaseMaster_FIR,CASE_2025_0097,Worli Police Station Records,Primary_Documentary,0.95,2025-04-07T23:21:49,True
EVI_FIR_0098,CaseMaster_FIR,CASE_2025_0098,Chembur Police Station Records,Primary_Documentary,0.95,2025-04-08T02:46:03,True
EVI_FIR_0099,CaseMaster_FIR,CASE_2025_0099,Byculla Police Station Records,Primary_Documentary,0.95,2025-04-08T04:18:45,True
EVI_FIR_0100,CaseMaster_FIR,CASE_2025_0100,Colaba Police Station Records,Primary_Documentary,0.95,2025-04-08T14:28:09,True
EVI_FIR_0101,CaseMaster_FIR,CASE_2025_0101,Juhu Police Station Records,Primary_Documentary,0.95,2025-04-08T19:34:17,True
EVI_FIR_0102,CaseMaster_FIR,CASE_2025_0102,Kurla Police Station Records,Primary_Documentary,0.95,2025-04-08T23:29:22,True
EVI_FIR_0103,CaseMaster_FIR,CASE_2025_0103,Ghatkopar Police Station Records,Primary_Documentary,0.95,2025-04-09T01:53:59,True
EVI_FIR_0104,CaseMaster_FIR,CASE_2025_0104,Dharavi Police Station Records,Primary_Documentary,0.95,2025-04-09T13:19:03,True
EVI_FIR_0105,CaseMaster_FIR,CASE_2025_0105,Kurla Police Station Records,Primary_Documentary,0.95,2025-04-10T08:31:32,True
EVI_FIR_0106,CaseMaster_FIR,CASE_2025_0106,Malad Police Station Records,Primary_Documentary,0.95,2025-04-10T11:53:43,True
EVI_FIR_0107,CaseMaster_FIR,CASE_2025_0107,Byculla Police Station Records,Primary_Documentary,0.95,2025-04-10T13:16:35,True
EVI_FIR_0108,CaseMaster_FIR,CASE_2025_0108,Colaba Police Station Records,Primary_Documentary,0.95,2025-04-10T22:01:16,True
EVI_FIR_0109,CaseMaster_FIR,CASE_2025_0109,Kurla Police Station Records,Primary_Documentary,0.95,2025-04-10T22:22:14,True
EVI_FIR_0110,CaseMaster_FIR,CASE_2025_0110,Ghatkopar Police Station Records,Primary_Documentary,0.95,2025-04-11T08:22:29,True
EVI_FIR_0111,CaseMaster_FIR,CASE_2025_0111,Worli Police Station Records,Primary_Documentary,0.95,2025-04-11T17:11:58,True
EVI_FIR_0112,CaseMaster_FIR,CASE_2025_0112,Worli Police Station Records,Primary_Documentary,0.95,2025-04-11T17:14:54,True
EVI_FIR_0113,CaseMaster_FIR,CASE_2025_0113,Andheri Police Station Records,Primary_Documentary,0.95,2025-04-12T08:39:46,True
EVI_FIR_0114,CaseMaster_FIR,CASE_2025_0114,Worli Police Station Records,Primary_Documentary,0.95,2025-04-12T15:54:32,True
EVI_FIR_0115,CaseMaster_FIR,CASE_2025_0115,Malad Police Station Records,Primary_Documentary,0.95,2025-04-12T19:52:47,True
EVI_FIR_0116,CaseMaster_FIR,CASE_2025_0116,Ghatkopar Police Station Records,Primary_Documentary,0.95,2025-04-12T23:08:27,True
EVI_FIR_0117,CaseMaster_FIR,CASE_2025_0117,Andheri Police Station Records,Primary_Documentary,0.95,2025-04-13T05:33:48,True
EVI_FIR_0118,CaseMaster_FIR,CASE_2025_0118,Borivali Police Station Records,Primary_Documentary,0.95,2025-04-13T05:36:58,True
EVI_FIR_0119,CaseMaster_FIR,CASE_2025_0119,Colaba Police Station Records,Primary_Documentary,0.95,2025-04-13T06:41:41,True
EVI_FIR_0120,CaseMaster_FIR,CASE_2025_0120,Colaba Police Station Records,Primary_Documentary,0.95,2025-04-13T20:49:23,True
EVI_FIR_0121,CaseMaster_FIR,CASE_2025_0121,Ghatkopar Police Station Records,Primary_Documentary,0.95,2025-04-14T01:09:25,True
EVI_FIR_0122,CaseMaster_FIR,CASE_2025_0122,Malad Police Station Records,Primary_Documentary,0.95,2025-04-14T10:04:25,True
EVI_FIR_0123,CaseMaster_FIR,CASE_2025_0123,Malad Police Station Records,Primary_Documentary,0.95,2025-04-14T12:35:09,True
EVI_FIR_0124,CaseMaster_FIR,CASE_2025_0124,Dharavi Police Station Records,Primary_Documentary,0.95,2025-04-14T12:53:58,True
EVI_FIR_0125,CaseMaster_FIR,CASE_2025_0125,Bandra Police Station Records,Primary_Documentary,0.95,2025-04-14T13:48:15,True
EVI_FIR_0126,CaseMaster_FIR,CASE_2025_0126,Kurla Police Station Records,Primary_Documentary,0.95,2025-04-14T17:37:51,True
EVI_FIR_0127,CaseMaster_FIR,CASE_2025_0127,Borivali Police Station Records,Primary_Documentary,0.95,2025-04-15T13:30:29,True
EVI_FIR_0128,CaseMaster_FIR,CASE_2025_0128,Borivali Police Station Records,Primary_Documentary,0.95,2025-04-15T19:20:16,True
EVI_FIR_0129,CaseMaster_FIR,CASE_2025_0129,Bandra Police Station Records,Primary_Documentary,0.95,2025-04-16T15:40:46,True
EVI_FIR_0130,CaseMaster_FIR,CASE_2025_0130,Borivali Police Station Records,Primary_Documentary,0.95,2025-04-17T02:55:00,True
EVI_FIR_0131,CaseMaster_FIR,CASE_2025_0131,Juhu Police Station Records,Primary_Documentary,0.95,2025-04-17T15:00:08,True
EVI_FIR_0132,CaseMaster_FIR,CASE_2025_0132,Byculla Police Station Records,Primary_Documentary,0.95,2025-04-18T03:23:18,True
EVI_FIR_0133,CaseMaster_FIR,CASE_2025_0133,Kurla Police Station Records,Primary_Documentary,0.95,2025-04-18T06:44:27,True
EVI_FIR_0134,CaseMaster_FIR,CASE_2025_0134,Dharavi Police Station Records,Primary_Documentary,0.95,2025-04-18T13:19:13,True
EVI_FIR_0135,CaseMaster_FIR,CASE_2025_0135,Andheri Police Station Records,Primary_Documentary,0.95,2025-04-18T14:18:38,True
EVI_FIR_0136,CaseMaster_FIR,CASE_2025_0136,Bandra Police Station Records,Primary_Documentary,0.95,2025-04-19T12:05:15,True
EVI_FIR_0137,CaseMaster_FIR,CASE_2025_0137,Borivali Police Station Records,Primary_Documentary,0.95,2025-04-20T01:48:42,True
EVI_FIR_0138,CaseMaster_FIR,CASE_2025_0138,Bandra Police Station Records,Primary_Documentary,0.95,2025-04-20T10:45:15,True
EVI_FIR_0139,CaseMaster_FIR,CASE_2025_0139,Malad Police Station Records,Primary_Documentary,0.95,2025-04-20T21:21:57,True
EVI_FIR_0140,CaseMaster_FIR,CASE_2025_0140,Juhu Police Station Records,Primary_Documentary,0.95,2025-04-21T19:40:55,True
EVI_FIR_0141,CaseMaster_FIR,CASE_2025_0141,Juhu Police Station Records,Primary_Documentary,0.95,2025-04-21T22:10:06,True
EVI_FIR_0142,CaseMaster_FIR,CASE_2025_0142,Ghatkopar Police Station Records,Primary_Documentary,0.95,2025-04-22T08:49:05,True
EVI_FIR_0143,CaseMaster_FIR,CASE_2025_0143,Andheri Police Station Records,Primary_Documentary,0.95,2025-04-22T13:22:27,True
EVI_FIR_0144,CaseMaster_FIR,CASE_2025_0144,Byculla Police Station Records,Primary_Documentary,0.95,2025-04-22T15:22:13,True
EVI_FIR_0145,CaseMaster_FIR,CASE_2025_0145,Byculla Police Station Records,Primary_Documentary,0.95,2025-04-22T15:24:56,True
EVI_FIR_0146,CaseMaster_FIR,CASE_2025_0146,Byculla Police Station Records,Primary_Documentary,0.95,2025-04-22T21:15:03,True
EVI_FIR_0147,CaseMaster_FIR,CASE_2025_0147,Dharavi Police Station Records,Primary_Documentary,0.95,2025-04-22T22:44:11,True
EVI_FIR_0148,CaseMaster_FIR,CASE_2025_0148,Bandra Police Station Records,Primary_Documentary,0.95,2025-04-23T04:09:56,True
EVI_FIR_0149,CaseMaster_FIR,CASE_2025_0149,Dharavi Police Station Records,Primary_Documentary,0.95,2025-04-24T14:47:51,True
EVI_FIR_0150,CaseMaster_FIR,CASE_2025_0150,Borivali Police Station Records,Primary_Documentary,0.95,2025-04-24T17:05:37,True
EVI_FIR_0151,CaseMaster_FIR,CASE_2025_0151,Juhu Police Station Records,Primary_Documentary,0.95,2025-04-25T05:00:18,True
EVI_FIR_0152,CaseMaster_FIR,CASE_2025_0152,Byculla Police Station Records,Primary_Documentary,0.95,2025-04-25T08:33:04,True
EVI_FIR_0153,CaseMaster_FIR,CASE_2025_0153,Ghatkopar Police Station Records,Primary_Documentary,0.95,2025-04-25T09:28:36,True
EVI_FIR_0154,CaseMaster_FIR,CASE_2025_0154,Colaba Police Station Records,Primary_Documentary,0.95,2025-04-27T19:46:40,True
EVI_FIR_0155,CaseMaster_FIR,CASE_2025_0155,Worli Police Station Records,Primary_Documentary,0.95,2025-04-28T03:51:15,True
EVI_FIR_0156,CaseMaster_FIR,CASE_2025_0156,Colaba Police Station Records,Primary_Documentary,0.95,2025-04-28T11:37:33,True
EVI_FIR_0157,CaseMaster_FIR,CASE_2025_0157,Dharavi Police Station Records,Primary_Documentary,0.95,2025-04-28T12:39:42,True
EVI_FIR_0158,CaseMaster_FIR,CASE_2025_0158,Dharavi Police Station Records,Primary_Documentary,0.95,2025-04-28T15:47:53,True
EVI_FIR_0159,CaseMaster_FIR,CASE_2025_0159,Malad Police Station Records,Primary_Documentary,0.95,2025-04-30T08:05:02,True
EVI_FIR_0160,CaseMaster_FIR,CASE_2025_0160,Malad Police Station Records,Primary_Documentary,0.95,2025-04-30T16:38:10,True
EVI_FIR_0161,CaseMaster_FIR,CASE_2025_0161,Bandra Police Station Records,Primary_Documentary,0.95,2025-05-01T14:12:53,True
EVI_FIR_0162,CaseMaster_FIR,CASE_2025_0162,Malad Police Station Records,Primary_Documentary,0.95,2025-05-03T22:11:27,True
EVI_FIR_0163,CaseMaster_FIR,CASE_2025_0163,Juhu Police Station Records,Primary_Documentary,0.95,2025-05-05T02:17:50,True
EVI_FIR_0164,CaseMaster_FIR,CASE_2025_0164,Dharavi Police Station Records,Primary_Documentary,0.95,2025-05-05T20:37:08,True
EVI_FIR_0165,CaseMaster_FIR,CASE_2025_0165,Colaba Police Station Records,Primary_Documentary,0.95,2025-05-07T12:55:07,True
EVI_FIR_0166,CaseMaster_FIR,CASE_2025_0166,Colaba Police Station Records,Primary_Documentary,0.95,2025-05-09T10:57:49,True
EVI_FIR_0167,CaseMaster_FIR,CASE_2025_0167,Byculla Police Station Records,Primary_Documentary,0.95,2025-05-09T13:48:09,True
EVI_FIR_0168,CaseMaster_FIR,CASE_2025_0168,Bandra Police Station Records,Primary_Documentary,0.95,2025-05-09T15:19:54,True
EVI_FIR_0169,CaseMaster_FIR,CASE_2025_0169,Malad Police Station Records,Primary_Documentary,0.95,2025-05-10T01:03:14,True
EVI_FIR_0170,CaseMaster_FIR,CASE_2025_0170,Chembur Police Station Records,Primary_Documentary,0.95,2025-05-10T21:39:53,True
EVI_FIR_0171,CaseMaster_FIR,CASE_2025_0171,Dharavi Police Station Records,Primary_Documentary,0.95,2025-05-12T07:37:40,True
EVI_FIR_0172,CaseMaster_FIR,CASE_2025_0172,Colaba Police Station Records,Primary_Documentary,0.95,2025-05-12T18:31:23,True
EVI_FIR_0173,CaseMaster_FIR,CASE_2025_0173,Juhu Police Station Records,Primary_Documentary,0.95,2025-05-13T19:23:26,True
EVI_FIR_0174,CaseMaster_FIR,CASE_2025_0174,Byculla Police Station Records,Primary_Documentary,0.95,2025-05-15T12:47:57,True
EVI_FIR_0175,CaseMaster_FIR,CASE_2025_0175,Kurla Police Station Records,Primary_Documentary,0.95,2025-05-15T23:36:12,True
EVI_FIR_0176,CaseMaster_FIR,CASE_2025_0176,Chembur Police Station Records,Primary_Documentary,0.95,2025-05-16T17:31:32,True
EVI_FIR_0177,CaseMaster_FIR,CASE_2025_0177,Colaba Police Station Records,Primary_Documentary,0.95,2025-05-20T04:10:12,True
EVI_FIR_0178,CaseMaster_FIR,CASE_2025_0178,Kurla Police Station Records,Primary_Documentary,0.95,2025-05-22T03:07:01,True
EVI_FIR_0179,CaseMaster_FIR,CASE_2025_0179,Andheri Police Station Records,Primary_Documentary,0.95,2025-05-23T11:14:59,True
EVI_FIR_0180,CaseMaster_FIR,CASE_2025_0180,Colaba Police Station Records,Primary_Documentary,0.95,2025-05-24T10:32:21,True
EVI_FIR_0181,CaseMaster_FIR,CASE_2025_0181,Worli Police Station Records,Primary_Documentary,0.95,2025-05-24T19:53:56,True
EVI_FIR_0182,CaseMaster_FIR,CASE_2025_0182,Bandra Police Station Records,Primary_Documentary,0.95,2025-05-25T21:23:35,True
EVI_FIR_0183,CaseMaster_FIR,CASE_2025_0183,Byculla Police Station Records,Primary_Documentary,0.95,2025-05-27T22:44:45,True
EVI_FIR_0184,CaseMaster_FIR,CASE_2025_0184,Byculla Police Station Records,Primary_Documentary,0.95,2025-05-28T18:56:42,True
EVI_FIR_0185,CaseMaster_FIR,CASE_2025_0185,Colaba Police Station Records,Primary_Documentary,0.95,2025-05-28T23:15:19,True
EVI_FIR_0186,CaseMaster_FIR,CASE_2025_0186,Andheri Police Station Records,Primary_Documentary,0.95,2025-05-31T21:08:26,True
EVI_FIR_0187,CaseMaster_FIR,CASE_2025_0187,Andheri Police Station Records,Primary_Documentary,0.95,2025-06-01T22:37:19,True
EVI_FIR_0188,CaseMaster_FIR,CASE_2025_0188,Borivali Police Station Records,Primary_Documentary,0.95,2025-06-04T12:02:23,True
EVI_FIR_0189,CaseMaster_FIR,CASE_2025_0189,Chembur Police Station Records,Primary_Documentary,0.95,2025-06-05T02:41:46,True
EVI_FIR_0190,CaseMaster_FIR,CASE_2025_0190,Borivali Police Station Records,Primary_Documentary,0.95,2025-06-05T20:47:27,True
EVI_FIR_0191,CaseMaster_FIR,CASE_2025_0191,Worli Police Station Records,Primary_Documentary,0.95,2025-06-07T02:07:45,True
EVI_FIR_0192,CaseMaster_FIR,CASE_2025_0192,Andheri Police Station Records,Primary_Documentary,0.95,2025-06-07T04:16:16,True
EVI_FIR_0193,CaseMaster_FIR,CASE_2025_0193,Worli Police Station Records,Primary_Documentary,0.95,2025-06-09T04:49:21,True
EVI_FIR_0194,CaseMaster_FIR,CASE_2025_0194,Malad Police Station Records,Primary_Documentary,0.95,2025-06-09T04:58:47,True
EVI_FIR_0195,CaseMaster_FIR,CASE_2025_0195,Chembur Police Station Records,Primary_Documentary,0.95,2025-06-11T07:24:45,True
EVI_FIR_0196,CaseMaster_FIR,CASE_2025_0196,Kurla Police Station Records,Primary_Documentary,0.95,2025-06-12T01:44:25,True
EVI_FIR_0197,CaseMaster_FIR,CASE_2025_0197,Bandra Police Station Records,Primary_Documentary,0.95,2025-06-13T02:08:05,True
EVI_FIR_0198,CaseMaster_FIR,CASE_2025_0198,Borivali Police Station Records,Primary_Documentary,0.95,2025-06-13T17:35:35,True
EVI_FIR_0199,CaseMaster_FIR,CASE_2025_0199,Bandra Police Station Records,Primary_Documentary,0.95,2025-06-15T11:25:16,True
EVI_FIR_0200,CaseMaster_FIR,CASE_2025_0200,Malad Police Station Records,Primary_Documentary,0.95,2025-06-16T14:24:16,True
EVI_FIR_0201,CaseMaster_FIR,CASE_2025_0201,Worli Police Station Records,Primary_Documentary,0.95,2025-06-17T14:36:50,True
EVI_FIR_0202,CaseMaster_FIR,CASE_2025_0202,Chembur Police Station Records,Primary_Documentary,0.95,2025-06-18T04:46:12,True
EVI_FIR_0203,CaseMaster_FIR,CASE_2025_0203,Dharavi Police Station Records,Primary_Documentary,0.95,2025-06-18T05:27:21,True
EVI_FIR_0204,CaseMaster_FIR,CASE_2025_0204,Byculla Police Station Records,Primary_Documentary,0.95,2025-06-18T06:33:03,True
EVI_FIR_0205,CaseMaster_FIR,CASE_2025_0205,Chembur Police Station Records,Primary_Documentary,0.95,2025-06-18T09:52:17,True
EVI_FIR_0206,CaseMaster_FIR,CASE_2025_0206,Borivali Police Station Records,Primary_Documentary,0.95,2025-06-18T10:30:27,True
EVI_FIR_0207,CaseMaster_FIR,CASE_2025_0207,Malad Police Station Records,Primary_Documentary,0.95,2025-06-18T16:20:00,True
EVI_FIR_0208,CaseMaster_FIR,CASE_2025_0208,Andheri Police Station Records,Primary_Documentary,0.95,2025-06-20T18:30:16,True
EVI_FIR_0209,CaseMaster_FIR,CASE_2025_0209,Borivali Police Station Records,Primary_Documentary,0.95,2025-06-21T19:50:26,True
EVI_FIR_0210,CaseMaster_FIR,CASE_2025_0210,Juhu Police Station Records,Primary_Documentary,0.95,2025-06-22T02:57:21,True
EVI_FIR_0211,CaseMaster_FIR,CASE_2025_0211,Ghatkopar Police Station Records,Primary_Documentary,0.95,2025-06-22T17:33:21,True
EVI_FIR_0212,CaseMaster_FIR,CASE_2025_0212,Malad Police Station Records,Primary_Documentary,0.95,2025-06-23T11:26:20,True
EVI_FIR_0213,CaseMaster_FIR,CASE_2025_0213,Chembur Police Station Records,Primary_Documentary,0.95,2025-06-24T17:37:44,True
EVI_FIR_0214,CaseMaster_FIR,CASE_2025_0214,Bandra Police Station Records,Primary_Documentary,0.95,2025-06-25T12:43:13,True
EVI_FIR_0215,CaseMaster_FIR,CASE_2025_0215,Byculla Police Station Records,Primary_Documentary,0.95,2025-07-02T11:29:07,True
EVI_FIR_0216,CaseMaster_FIR,CASE_2025_0216,Juhu Police Station Records,Primary_Documentary,0.95,2025-07-02T19:20:04,True
EVI_FIR_0217,CaseMaster_FIR,CASE_2025_0217,Kurla Police Station Records,Primary_Documentary,0.95,2025-07-03T03:40:24,True
EVI_FIR_0218,CaseMaster_FIR,CASE_2025_0218,Kurla Police Station Records,Primary_Documentary,0.95,2025-07-04T01:44:18,True
EVI_FIR_0219,CaseMaster_FIR,CASE_2025_0219,Colaba Police Station Records,Primary_Documentary,0.95,2025-07-04T09:44:18,True
EVI_FIR_0220,CaseMaster_FIR,CASE_2025_0220,Ghatkopar Police Station Records,Primary_Documentary,0.95,2025-07-04T12:44:50,True
EVI_FIR_0221,CaseMaster_FIR,CASE_2025_0221,Bandra Police Station Records,Primary_Documentary,0.95,2025-07-05T05:38:28,True
EVI_FIR_0222,CaseMaster_FIR,CASE_2025_0222,Byculla Police Station Records,Primary_Documentary,0.95,2025-07-07T05:03:22,True
EVI_FIR_0223,CaseMaster_FIR,CASE_2025_0223,Chembur Police Station Records,Primary_Documentary,0.95,2025-07-08T01:54:40,True
EVI_FIR_0224,CaseMaster_FIR,CASE_2025_0224,Ghatkopar Police Station Records,Primary_Documentary,0.95,2025-07-08T11:16:02,True
EVI_FIR_0225,CaseMaster_FIR,CASE_2025_0225,Dharavi Police Station Records,Primary_Documentary,0.95,2025-07-08T20:39:24,True
EVI_FIR_0226,CaseMaster_FIR,CASE_2025_0226,Colaba Police Station Records,Primary_Documentary,0.95,2025-07-11T03:36:27,True
EVI_FIR_0227,CaseMaster_FIR,CASE_2025_0227,Worli Police Station Records,Primary_Documentary,0.95,2025-07-11T11:38:24,True
EVI_FIR_0228,CaseMaster_FIR,CASE_2025_0228,Chembur Police Station Records,Primary_Documentary,0.95,2025-07-13T04:45:54,True
EVI_FIR_0229,CaseMaster_FIR,CASE_2025_0229,Colaba Police Station Records,Primary_Documentary,0.95,2025-07-16T00:57:25,True
EVI_FIR_0230,CaseMaster_FIR,CASE_2025_0230,Bandra Police Station Records,Primary_Documentary,0.95,2025-07-21T09:14:49,True
EVI_FIR_0231,CaseMaster_FIR,CASE_2025_0231,Ghatkopar Police Station Records,Primary_Documentary,0.95,2025-07-21T22:40:33,True
EVI_FIR_0232,CaseMaster_FIR,CASE_2025_0232,Malad Police Station Records,Primary_Documentary,0.95,2025-07-22T07:01:53,True
EVI_FIR_0233,CaseMaster_FIR,CASE_2025_0233,Ghatkopar Police Station Records,Primary_Documentary,0.95,2025-07-22T17:40:24,True
EVI_FIR_0234,CaseMaster_FIR,CASE_2025_0234,Chembur Police Station Records,Primary_Documentary,0.95,2025-07-27T16:45:32,True
EVI_FIR_0235,CaseMaster_FIR,CASE_2025_0235,Malad Police Station Records,Primary_Documentary,0.95,2025-07-29T05:12:57,True
EVI_FIR_0236,CaseMaster_FIR,CASE_2025_0236,Chembur Police Station Records,Primary_Documentary,0.95,2025-08-02T14:38:45,True
EVI_FIR_0237,CaseMaster_FIR,CASE_2025_0237,Andheri Police Station Records,Primary_Documentary,0.95,2025-08-05T03:43:54,True
EVI_FIR_0238,CaseMaster_FIR,CASE_2025_0238,Byculla Police Station Records,Primary_Documentary,0.95,2025-08-07T12:01:28,True
EVI_FIR_0239,CaseMaster_FIR,CASE_2025_0239,Malad Police Station Records,Primary_Documentary,0.95,2025-08-19T14:34:47,True
EVI_FIR_0240,CaseMaster_FIR,CASE_2025_0240,Kurla Police Station Records,Primary_Documentary,0.95,2025-08-23T10:58:49,True
EVI_FIR_0241,CaseMaster_FIR,CASE_2025_0241,Bandra Police Station Records,Primary_Documentary,0.95,2025-09-01T10:17:52,True
EVI_FIR_0242,CaseMaster_FIR,CASE_2025_0242,Kurla Police Station Records,Primary_Documentary,0.95,2025-09-01T13:00:05,True
EVI_FIR_0243,CaseMaster_FIR,CASE_2025_0243,Juhu Police Station Records,Primary_Documentary,0.95,2025-09-03T15:27:20,True
EVI_FIR_0244,CaseMaster_FIR,CASE_2025_0244,Dharavi Police Station Records,Primary_Documentary,0.95,2025-09-03T17:07:24,True
EVI_FIR_0245,CaseMaster_FIR,CASE_2025_0245,Worli Police Station Records,Primary_Documentary,0.95,2025-09-05T02:18:12,True
EVI_FIR_0246,CaseMaster_FIR,CASE_2025_0246,Chembur Police Station Records,Primary_Documentary,0.95,2025-09-05T15:19:36,True
EVI_FIR_0247,CaseMaster_FIR,CASE_2025_0247,Worli Police Station Records,Primary_Documentary,0.95,2025-09-06T00:30:46,True
EVI_FIR_0248,CaseMaster_FIR,CASE_2025_0248,Malad Police Station Records,Primary_Documentary,0.95,2025-09-07T20:49:51,True
EVI_FIR_0249,CaseMaster_FIR,CASE_2025_0249,Colaba Police Station Records,Primary_Documentary,0.95,2025-09-09T08:23:37,True
EVI_FIR_0250,CaseMaster_FIR,CASE_2025_0250,Worli Police Station Records,Primary_Documentary,0.95,2025-09-12T05:38:52,True
EVI_FIR_0251,CaseMaster_FIR,CASE_2025_0251,Borivali Police Station Records,Primary_Documentary,0.95,2025-09-13T02:52:37,True
EVI_FIR_0252,CaseMaster_FIR,CASE_2025_0252,Borivali Police Station Records,Primary_Documentary,0.95,2025-09-16T07:47:27,True
EVI_FIR_0253,CaseMaster_FIR,CASE_2025_0253,Colaba Police Station Records,Primary_Documentary,0.95,2025-09-18T00:25:04,True
EVI_FIR_0254,CaseMaster_FIR,CASE_2025_0254,Worli Police Station Records,Primary_Documentary,0.95,2025-09-22T22:01:34,True
EVI_FIR_0255,CaseMaster_FIR,CASE_2025_0255,Chembur Police Station Records,Primary_Documentary,0.95,2025-09-23T15:52:34,True
EVI_FIR_0256,CaseMaster_FIR,CASE_2025_0256,Borivali Police Station Records,Primary_Documentary,0.95,2025-09-26T03:56:08,True
EVI_FIR_0257,CaseMaster_FIR,CASE_2025_0257,Kurla Police Station Records,Primary_Documentary,0.95,2025-09-26T16:33:58,True
EVI_FIR_0258,CaseMaster_FIR,CASE_2025_0258,Ghatkopar Police Station Records,Primary_Documentary,0.95,2025-09-27T17:47:24,True
EVI_FIR_0259,CaseMaster_FIR,CASE_2025_0259,Juhu Police Station Records,Primary_Documentary,0.95,2025-09-28T08:56:17,True
EVI_FIR_0260,CaseMaster_FIR,CASE_2025_0260,Worli Police Station Records,Primary_Documentary,0.95,2025-09-28T17:23:36,True
EVI_FIR_0261,CaseMaster_FIR,CASE_2025_0261,Ghatkopar Police Station Records,Primary_Documentary,0.95,2025-09-28T23:54:17,True
EVI_FIR_0262,CaseMaster_FIR,CASE_2025_0262,Malad Police Station Records,Primary_Documentary,0.95,2025-10-01T22:23:04,True
EVI_FIR_0263,CaseMaster_FIR,CASE_2025_0263,Borivali Police Station Records,Primary_Documentary,0.95,2025-10-02T07:15:44,True
EVI_FIR_0264,CaseMaster_FIR,CASE_2025_0264,Colaba Police Station Records,Primary_Documentary,0.95,2025-10-03T02:10:52,True
EVI_FIR_0265,CaseMaster_FIR,CASE_2025_0265,Worli Police Station Records,Primary_Documentary,0.95,2025-10-06T04:55:50,True
EVI_FIR_0266,CaseMaster_FIR,CASE_2025_0266,Ghatkopar Police Station Records,Primary_Documentary,0.95,2025-10-08T10:29:22,True
EVI_FIR_0267,CaseMaster_FIR,CASE_2025_0267,Andheri Police Station Records,Primary_Documentary,0.95,2025-10-10T02:52:38,True
EVI_FIR_0268,CaseMaster_FIR,CASE_2025_0268,Kurla Police Station Records,Primary_Documentary,0.95,2025-10-10T08:11:13,True
EVI_FIR_0269,CaseMaster_FIR,CASE_2025_0269,Juhu Police Station Records,Primary_Documentary,0.95,2025-10-12T06:31:59,True
EVI_FIR_0270,CaseMaster_FIR,CASE_2025_0270,Worli Police Station Records,Primary_Documentary,0.95,2025-10-12T15:40:50,True
EVI_FIR_0271,CaseMaster_FIR,CASE_2025_0271,Bandra Police Station Records,Primary_Documentary,0.95,2025-10-13T08:51:30,True
EVI_FIR_0272,CaseMaster_FIR,CASE_2025_0272,Chembur Police Station Records,Primary_Documentary,0.95,2025-10-13T15:15:21,True
EVI_FIR_0273,CaseMaster_FIR,CASE_2025_0273,Juhu Police Station Records,Primary_Documentary,0.95,2025-10-14T21:06:59,True
EVI_FIR_0274,CaseMaster_FIR,CASE_2025_0274,Bandra Police Station Records,Primary_Documentary,0.95,2025-10-16T16:02:13,True
EVI_FIR_0275,CaseMaster_FIR,CASE_2025_0275,Colaba Police Station Records,Primary_Documentary,0.95,2025-10-19T19:06:05,True
EVI_FIR_0276,CaseMaster_FIR,CASE_2025_0276,Colaba Police Station Records,Primary_Documentary,0.95,2025-10-19T19:46:37,True
EVI_FIR_0277,CaseMaster_FIR,CASE_2025_0277,Kurla Police Station Records,Primary_Documentary,0.95,2025-10-20T23:49:15,True
EVI_FIR_0278,CaseMaster_FIR,CASE_2025_0278,Byculla Police Station Records,Primary_Documentary,0.95,2025-10-21T18:29:00,True
EVI_FIR_0279,CaseMaster_FIR,CASE_2025_0279,Kurla Police Station Records,Primary_Documentary,0.95,2025-10-21T19:46:51,True
EVI_FIR_0280,CaseMaster_FIR,CASE_2025_0280,Andheri Police Station Records,Primary_Documentary,0.95,2025-10-21T21:18:44,True
EVI_FIR_0281,CaseMaster_FIR,CASE_2025_0281,Borivali Police Station Records,Primary_Documentary,0.95,2025-10-22T03:46:17,True
EVI_FIR_0282,CaseMaster_FIR,CASE_2025_0282,Chembur Police Station Records,Primary_Documentary,0.95,2025-10-23T20:14:05,True
EVI_FIR_0283,CaseMaster_FIR,CASE_2025_0283,Dharavi Police Station Records,Primary_Documentary,0.95,2025-10-26T02:48:02,True
EVI_FIR_0284,CaseMaster_FIR,CASE_2025_0284,Borivali Police Station Records,Primary_Documentary,0.95,2025-10-26T15:06:27,True
EVI_FIR_0285,CaseMaster_FIR,CASE_2025_0285,Borivali Police Station Records,Primary_Documentary,0.95,2025-10-27T00:36:20,True
EVI_FIR_0286,CaseMaster_FIR,CASE_2025_0286,Worli Police Station Records,Primary_Documentary,0.95,2025-10-27T02:56:06,True
EVI_FIR_0287,CaseMaster_FIR,CASE_2025_0287,Bandra Police Station Records,Primary_Documentary,0.95,2025-10-27T17:12:05,True
EVI_FIR_0288,CaseMaster_FIR,CASE_2025_0288,Byculla Police Station Records,Primary_Documentary,0.95,2025-10-28T00:14:11,True
EVI_FIR_0289,CaseMaster_FIR,CASE_2025_0289,Chembur Police Station Records,Primary_Documentary,0.95,2025-10-30T04:06:30,True
EVI_FIR_0290,CaseMaster_FIR,CASE_2025_0290,Byculla Police Station Records,Primary_Documentary,0.95,2025-10-30T17:53:02,True
EVI_FIR_0291,CaseMaster_FIR,CASE_2025_0291,Bandra Police Station Records,Primary_Documentary,0.95,2025-10-31T10:59:56,True
EVI_FIR_0292,CaseMaster_FIR,CASE_2025_0292,Colaba Police Station Records,Primary_Documentary,0.95,2025-10-31T15:20:55,True
EVI_FIR_0293,CaseMaster_FIR,CASE_2025_0293,Worli Police Station Records,Primary_Documentary,0.95,2025-10-31T15:26:55,True
EVI_FIR_0294,CaseMaster_FIR,CASE_2025_0294,Bandra Police Station Records,Primary_Documentary,0.95,2025-11-01T20:06:24,True
EVI_FIR_0295,CaseMaster_FIR,CASE_2025_0295,Juhu Police Station Records,Primary_Documentary,0.95,2025-11-06T11:44:51,True
EVI_FIR_0296,CaseMaster_FIR,CASE_2025_0296,Worli Police Station Records,Primary_Documentary,0.95,2025-11-07T12:26:31,True
EVI_FIR_0297,CaseMaster_FIR,CASE_2025_0297,Worli Police Station Records,Primary_Documentary,0.95,2025-11-09T14:18:22,True
EVI_FIR_0298,CaseMaster_FIR,CASE_2025_0298,Ghatkopar Police Station Records,Primary_Documentary,0.95,2025-11-12T20:24:24,True
EVI_FIR_0299,CaseMaster_FIR,CASE_2025_0299,Worli Police Station Records,Primary_Documentary,0.95,2025-11-14T11:52:33,True
EVI_FIR_0300,CaseMaster_FIR,CASE_2025_0300,Malad Police Station Records,Primary_Documentary,0.95,2025-11-14T14:51:51,True
EVI_FIR_0301,CaseMaster_FIR,CASE_2025_0301,Borivali Police Station Records,Primary_Documentary,0.95,2025-11-15T11:54:00,True
EVI_FIR_0302,CaseMaster_FIR,CASE_2025_0302,Ghatkopar Police Station Records,Primary_Documentary,0.95,2025-11-19T13:26:08,True
EVI_FIR_0303,CaseMaster_FIR,CASE_2025_0303,Chembur Police Station Records,Primary_Documentary,0.95,2025-11-20T11:40:30,True
EVI_FIR_0304,CaseMaster_FIR,CASE_2025_0304,Juhu Police Station Records,Primary_Documentary,0.95,2025-11-20T15:30:51,True
EVI_FIR_0305,CaseMaster_FIR,CASE_2025_0305,Bandra Police Station Records,Primary_Documentary,0.95,2025-11-21T02:09:14,True
EVI_FIR_0306,CaseMaster_FIR,CASE_2025_0306,Kurla Police Station Records,Primary_Documentary,0.95,2025-11-23T07:18:46,True
EVI_FIR_0307,CaseMaster_FIR,CASE_2025_0307,Borivali Police Station Records,Primary_Documentary,0.95,2025-11-23T17:25:39,True
EVI_FIR_0308,CaseMaster_FIR,CASE_2025_0308,Juhu Police Station Records,Primary_Documentary,0.95,2025-11-23T19:26:50,True
EVI_FIR_0309,CaseMaster_FIR,CASE_2025_0309,Juhu Police Station Records,Primary_Documentary,0.95,2025-11-24T20:51:28,True
EVI_FIR_0310,CaseMaster_FIR,CASE_2025_0310,Kurla Police Station Records,Primary_Documentary,0.95,2025-11-25T02:38:28,True
EVI_FIR_0311,CaseMaster_FIR,CASE_2025_0311,Andheri Police Station Records,Primary_Documentary,0.95,2025-11-25T14:42:56,True
EVI_FIR_0312,CaseMaster_FIR,CASE_2025_0312,Borivali Police Station Records,Primary_Documentary,0.95,2025-11-30T00:33:29,True
EVI_FIR_0313,CaseMaster_FIR,CASE_2025_0313,Malad Police Station Records,Primary_Documentary,0.95,2025-12-01T04:11:58,True
EVI_FIR_0314,CaseMaster_FIR,CASE_2025_0314,Kurla Police Station Records,Primary_Documentary,0.95,2025-12-03T19:42:11,True
EVI_FIR_0315,CaseMaster_FIR,CASE_2025_0315,Chembur Police Station Records,Primary_Documentary,0.95,2025-12-04T14:57:25,True
EVI_FIR_0316,CaseMaster_FIR,CASE_2025_0316,Malad Police Station Records,Primary_Documentary,0.95,2025-12-05T07:50:21,True
EVI_FIR_0317,CaseMaster_FIR,CASE_2025_0317,Ghatkopar Police Station Records,Primary_Documentary,0.95,2025-12-05T21:41:56,True
EVI_FIR_0318,CaseMaster_FIR,CASE_2025_0318,Ghatkopar Police Station Records,Primary_Documentary,0.95,2025-12-10T15:49:45,True
EVI_FIR_0319,CaseMaster_FIR,CASE_2025_0319,Colaba Police Station Records,Primary_Documentary,0.95,2025-12-11T03:26:27,True
EVI_FIR_0320,CaseMaster_FIR,CASE_2025_0320,Kurla Police Station Records,Primary_Documentary,0.95,2025-12-14T13:29:31,True
EVI_FIR_0321,CaseMaster_FIR,CASE_2025_0321,Kurla Police Station Records,Primary_Documentary,0.95,2025-12-15T14:31:02,True
EVI_FIR_0322,CaseMaster_FIR,CASE_2025_0322,Borivali Police Station Records,Primary_Documentary,0.95,2025-12-15T23:52:59,True
EVI_FIR_0323,CaseMaster_FIR,CASE_2025_0323,Malad Police Station Records,Primary_Documentary,0.95,2025-12-16T11:50:00,True
EVI_FIR_0324,CaseMaster_FIR,CASE_2025_0324,Worli Police Station Records,Primary_Documentary,0.95,2025-12-19T05:08:57,True
EVI_FIR_0325,CaseMaster_FIR,CASE_2025_0325,Juhu Police Station Records,Primary_Documentary,0.95,2025-12-19T15:10:00,True
EVI_FIR_0326,CaseMaster_FIR,CASE_2025_0326,Ghatkopar Police Station Records,Primary_Documentary,0.95,2025-12-19T18:28:27,True
EVI_FIR_0327,CaseMaster_FIR,CASE_2025_0327,Andheri Police Station Records,Primary_Documentary,0.95,2025-12-20T08:03:35,True
EVI_FIR_0328,CaseMaster_FIR,CASE_2025_0328,Chembur Police Station Records,Primary_Documentary,0.95,2025-12-20T13:49:52,True
EVI_FIR_0329,CaseMaster_FIR,CASE_2025_0329,Bandra Police Station Records,Primary_Documentary,0.95,2025-12-21T06:22:29,True
EVI_FIR_0330,CaseMaster_FIR,CASE_2025_0330,Chembur Police Station Records,Primary_Documentary,0.95,2025-12-22T15:23:55,True
EVI_FIR_0331,CaseMaster_FIR,CASE_2025_0331,Kurla Police Station Records,Primary_Documentary,0.95,2025-12-23T16:31:13,True
EVI_FIR_0332,CaseMaster_FIR,CASE_2025_0332,Andheri Police Station Records,Primary_Documentary,0.95,2025-12-25T22:21:00,True
EVI_FIR_0333,CaseMaster_FIR,CASE_2025_0333,Malad Police Station Records,Primary_Documentary,0.95,2025-12-26T18:29:10,True
EVI_FIR_0334,CaseMaster_FIR,CASE_2025_0334,Bandra Police Station Records,Primary_Documentary,0.95,2025-12-27T08:17:11,True
EVI_FIR_0335,CaseMaster_FIR,CASE_2025_0335,Kurla Police Station Records,Primary_Documentary,0.95,2025-12-27T23:42:12,True
EVI_FIR_0336,CaseMaster_FIR,CASE_2025_0336,Andheri Police Station Records,Primary_Documentary,0.95,2025-12-29T13:48:12,True
EVI_FIR_0337,CaseMaster_FIR,CASE_2025_0337,Malad Police Station Records,Primary_Documentary,0.95,2025-12-29T20:04:20,True
EVI_FIR_0338,CaseMaster_FIR,CASE_2025_0338,Colaba Police Station Records,Primary_Documentary,0.95,2025-12-31T01:52:14,True
EVI_FIR_0339,CaseMaster_FIR,CASE_2025_0339,Andheri Police Station Records,Primary_Documentary,0.95,2025-12-31T23:29:59,True
EVI_FIR_0340,CaseMaster_FIR,CASE_2025_0340,Byculla Police Station Records,Primary_Documentary,0.95,2026-01-01T12:48:25,True
EVI_FIR_0341,CaseMaster_FIR,CASE_2025_0341,Colaba Police Station Records,Primary_Documentary,0.95,2026-01-03T12:01:19,True
EVI_FIR_0342,CaseMaster_FIR,CASE_2025_0342,Ghatkopar Police Station Records,Primary_Documentary,0.95,2026-01-05T17:16:03,True
EVI_FIR_0343,CaseMaster_FIR,CASE_2025_0343,Juhu Police Station Records,Primary_Documentary,0.95,2026-01-08T07:58:41,True
EVI_FIR_0344,CaseMaster_FIR,CASE_2025_0344,Andheri Police Station Records,Primary_Documentary,0.95,2026-01-09T13:05:39,True
EVI_FIR_0345,CaseMaster_FIR,CASE_2025_0345,Bandra Police Station Records,Primary_Documentary,0.95,2026-01-10T10:44:56,True
EVI_FIR_0346,CaseMaster_FIR,CASE_2025_0346,Bandra Police Station Records,Primary_Documentary,0.95,2026-01-10T14:06:19,True
EVI_FIR_0347,CaseMaster_FIR,CASE_2025_0347,Byculla Police Station Records,Primary_Documentary,0.95,2026-01-11T22:49:15,True
EVI_FIR_0348,CaseMaster_FIR,CASE_2025_0348,Dharavi Police Station Records,Primary_Documentary,0.95,2026-01-13T12:33:57,True
EVI_FIR_0349,CaseMaster_FIR,CASE_2025_0349,Bandra Police Station Records,Primary_Documentary,0.95,2026-01-13T16:42:41,True
EVI_FIR_0350,CaseMaster_FIR,CASE_2025_0350,Malad Police Station Records,Primary_Documentary,0.95,2026-01-13T20:39:09,True
EVI_FIR_0351,CaseMaster_FIR,CASE_2025_0351,Borivali Police Station Records,Primary_Documentary,0.95,2026-01-14T01:39:52,True
EVI_FIR_0352,CaseMaster_FIR,CASE_2025_0352,Malad Police Station Records,Primary_Documentary,0.95,2026-01-18T17:19:50,True
EVI_FIR_0353,CaseMaster_FIR,CASE_2025_0353,Ghatkopar Police Station Records,Primary_Documentary,0.95,2026-01-18T23:37:09,True
EVI_FIR_0354,CaseMaster_FIR,CASE_2025_0354,Borivali Police Station Records,Primary_Documentary,0.95,2026-01-19T13:25:53,True
EVI_FIR_0355,CaseMaster_FIR,CASE_2025_0355,Borivali Police Station Records,Primary_Documentary,0.95,2026-01-22T03:59:26,True
EVI_FIR_0356,CaseMaster_FIR,CASE_2025_0356,Borivali Police Station Records,Primary_Documentary,0.95,2026-01-22T19:38:07,True
EVI_FIR_0357,CaseMaster_FIR,CASE_2025_0357,Kurla Police Station Records,Primary_Documentary,0.95,2026-01-24T11:48:37,True
EVI_FIR_0358,CaseMaster_FIR,CASE_2025_0358,Andheri Police Station Records,Primary_Documentary,0.95,2026-01-25T18:08:58,True
EVI_FIR_0359,CaseMaster_FIR,CASE_2025_0359,Dharavi Police Station Records,Primary_Documentary,0.95,2026-01-26T05:49:29,True
EVI_FIR_0360,CaseMaster_FIR,CASE_2025_0360,Malad Police Station Records,Primary_Documentary,0.95,2026-01-26T14:21:57,True
EVI_FIR_0361,CaseMaster_FIR,CASE_2025_0361,Colaba Police Station Records,Primary_Documentary,0.95,2026-01-26T18:54:22,True
EVI_FIR_0362,CaseMaster_FIR,CASE_2025_0362,Chembur Police Station Records,Primary_Documentary,0.95,2026-01-27T08:56:48,True
EVI_FIR_0363,CaseMaster_FIR,CASE_2025_0363,Andheri Police Station Records,Primary_Documentary,0.95,2026-01-29T18:50:39,True
EVI_FIR_0364,CaseMaster_FIR,CASE_2025_0364,Andheri Police Station Records,Primary_Documentary,0.95,2026-01-30T20:31:45,True
EVI_FIR_0365,CaseMaster_FIR,CASE_2025_0365,Chembur Police Station Records,Primary_Documentary,0.95,2026-01-31T08:58:41,True
EVI_FIR_0366,CaseMaster_FIR,CASE_2025_0366,Byculla Police Station Records,Primary_Documentary,0.95,2026-02-01T20:36:17,True
EVI_FIR_0367,CaseMaster_FIR,CASE_2025_0367,Byculla Police Station Records,Primary_Documentary,0.95,2026-02-02T17:08:14,True
EVI_FIR_0368,CaseMaster_FIR,CASE_2025_0368,Kurla Police Station Records,Primary_Documentary,0.95,2026-02-03T07:40:53,True
EVI_FIR_0369,CaseMaster_FIR,CASE_2025_0369,Malad Police Station Records,Primary_Documentary,0.95,2026-02-03T13:39:00,True
EVI_FIR_0370,CaseMaster_FIR,CASE_2025_0370,Dharavi Police Station Records,Primary_Documentary,0.95,2026-02-05T01:39:03,True
EVI_FIR_0371,CaseMaster_FIR,CASE_2025_0371,Dharavi Police Station Records,Primary_Documentary,0.95,2026-02-08T04:07:51,True
EVI_FIR_0372,CaseMaster_FIR,CASE_2025_0372,Dharavi Police Station Records,Primary_Documentary,0.95,2026-02-08T05:02:11,True
EVI_FIR_0373,CaseMaster_FIR,CASE_2025_0373,Chembur Police Station Records,Primary_Documentary,0.95,2026-02-09T02:31:39,True
EVI_FIR_0374,CaseMaster_FIR,CASE_2025_0374,Ghatkopar Police Station Records,Primary_Documentary,0.95,2026-02-10T20:11:07,True
EVI_FIR_0375,CaseMaster_FIR,CASE_2025_0375,Chembur Police Station Records,Primary_Documentary,0.95,2026-02-11T03:48:30,True
EVI_FIR_0376,CaseMaster_FIR,CASE_2025_0376,Worli Police Station Records,Primary_Documentary,0.95,2026-02-12T08:35:03,True
EVI_FIR_0377,CaseMaster_FIR,CASE_2025_0377,Malad Police Station Records,Primary_Documentary,0.95,2026-02-16T17:23:00,True
EVI_FIR_0378,CaseMaster_FIR,CASE_2025_0378,Bandra Police Station Records,Primary_Documentary,0.95,2026-02-18T16:57:49,True
EVI_FIR_0379,CaseMaster_FIR,CASE_2025_0379,Worli Police Station Records,Primary_Documentary,0.95,2026-02-19T06:55:14,True
EVI_FIR_0380,CaseMaster_FIR,CASE_2025_0380,Borivali Police Station Records,Primary_Documentary,0.95,2026-02-19T08:57:51,True
EVI_FIR_0381,CaseMaster_FIR,CASE_2025_0381,Bandra Police Station Records,Primary_Documentary,0.95,2026-02-19T20:27:18,True
EVI_FIR_0382,CaseMaster_FIR,CASE_2025_0382,Borivali Police Station Records,Primary_Documentary,0.95,2026-02-20T10:53:41,True
EVI_FIR_0383,CaseMaster_FIR,CASE_2025_0383,Byculla Police Station Records,Primary_Documentary,0.95,2026-02-22T23:44:21,True
EVI_FIR_0384,CaseMaster_FIR,CASE_2025_0384,Colaba Police Station Records,Primary_Documentary,0.95,2026-02-23T07:13:15,True
EVI_FIR_0385,CaseMaster_FIR,CASE_2025_0385,Malad Police Station Records,Primary_Documentary,0.95,2026-02-24T05:05:43,True
EVI_FIR_0386,CaseMaster_FIR,CASE_2025_0386,Andheri Police Station Records,Primary_Documentary,0.95,2026-02-25T21:15:56,True
EVI_FIR_0387,CaseMaster_FIR,CASE_2025_0387,Worli Police Station Records,Primary_Documentary,0.95,2026-02-28T14:57:21,True
EVI_FIR_0388,CaseMaster_FIR,CASE_2025_0388,Ghatkopar Police Station Records,Primary_Documentary,0.95,2026-03-01T19:16:31,True
EVI_FIR_0389,CaseMaster_FIR,CASE_2025_0389,Juhu Police Station Records,Primary_Documentary,0.95,2026-03-04T11:22:46,True
EVI_FIR_0390,CaseMaster_FIR,CASE_2025_0390,Juhu Police Station Records,Primary_Documentary,0.95,2026-03-04T14:44:48,True
EVI_FIR_0391,CaseMaster_FIR,CASE_2025_0391,Dharavi Police Station Records,Primary_Documentary,0.95,2026-03-04T23:04:26,True
EVI_FIR_0392,CaseMaster_FIR,CASE_2025_0392,Chembur Police Station Records,Primary_Documentary,0.95,2026-03-07T15:17:49,True
EVI_FIR_0393,CaseMaster_FIR,CASE_2025_0393,Byculla Police Station Records,Primary_Documentary,0.95,2026-03-07T18:52:32,True
EVI_FIR_0394,CaseMaster_FIR,CASE_2025_0394,Malad Police Station Records,Primary_Documentary,0.95,2026-03-09T02:13:09,True
EVI_FIR_0395,CaseMaster_FIR,CASE_2025_0395,Bandra Police Station Records,Primary_Documentary,0.95,2026-03-10T21:35:43,True
EVI_FIR_0396,CaseMaster_FIR,CASE_2025_0396,Juhu Police Station Records,Primary_Documentary,0.95,2026-03-11T05:43:51,True
EVI_FIR_0397,CaseMaster_FIR,CASE_2025_0397,Worli Police Station Records,Primary_Documentary,0.95,2026-03-11T21:46:06,True
EVI_FIR_0398,CaseMaster_FIR,CASE_2025_0398,Colaba Police Station Records,Primary_Documentary,0.95,2026-03-13T08:21:42,True
EVI_FIR_0399,CaseMaster_FIR,CASE_2025_0399,Malad Police Station Records,Primary_Documentary,0.95,2026-03-14T07:25:24,True
EVI_FIR_0400,CaseMaster_FIR,CASE_2025_0400,Colaba Police Station Records,Primary_Documentary,0.95,2026-03-15T01:58:20,True
EVI_FIR_0401,CaseMaster_FIR,CASE_2025_0401,Juhu Police Station Records,Primary_Documentary,0.95,2026-03-15T21:27:16,True
EVI_FIR_0402,CaseMaster_FIR,CASE_2025_0402,Ghatkopar Police Station Records,Primary_Documentary,0.95,2026-03-18T08:11:06,True
EVI_FIR_0403,CaseMaster_FIR,CASE_2025_0403,Colaba Police Station Records,Primary_Documentary,0.95,2026-03-18T17:08:32,True
EVI_FIR_0404,CaseMaster_FIR,CASE_2025_0404,Malad Police Station Records,Primary_Documentary,0.95,2026-03-18T20:11:50,True
EVI_FIR_0405,CaseMaster_FIR,CASE_2025_0405,Ghatkopar Police Station Records,Primary_Documentary,0.95,2026-03-21T01:06:09,True
EVI_FIR_0406,CaseMaster_FIR,CASE_2025_0406,Bandra Police Station Records,Primary_Documentary,0.95,2026-03-22T09:16:48,True
EVI_FIR_0407,CaseMaster_FIR,CASE_2025_0407,Borivali Police Station Records,Primary_Documentary,0.95,2026-03-24T05:37:33,True
EVI_FIR_0408,CaseMaster_FIR,CASE_2025_0408,Dharavi Police Station Records,Primary_Documentary,0.95,2026-03-24T20:02:20,True
EVI_FIR_0409,CaseMaster_FIR,CASE_2025_0409,Colaba Police Station Records,Primary_Documentary,0.95,2026-03-25T03:05:01,True
EVI_FIR_0410,CaseMaster_FIR,CASE_2025_0410,Bandra Police Station Records,Primary_Documentary,0.95,2026-03-25T22:15:47,True
EVI_FIR_0411,CaseMaster_FIR,CASE_2025_0411,Bandra Police Station Records,Primary_Documentary,0.95,2026-03-30T02:01:03,True
EVI_FIR_0412,CaseMaster_FIR,CASE_2025_0412,Byculla Police Station Records,Primary_Documentary,0.95,2026-03-30T19:56:50,True
EVI_FIR_0413,CaseMaster_FIR,CASE_2025_0413,Chembur Police Station Records,Primary_Documentary,0.95,2026-03-31T05:48:52,True
EVI_FIR_0414,CaseMaster_FIR,CASE_2025_0414,Chembur Police Station Records,Primary_Documentary,0.95,2026-04-01T02:53:04,True
EVI_FIR_0415,CaseMaster_FIR,CASE_2025_0415,Ghatkopar Police Station Records,Primary_Documentary,0.95,2026-04-01T03:23:16,True
EVI_FIR_0416,CaseMaster_FIR,CASE_2025_0416,Ghatkopar Police Station Records,Primary_Documentary,0.95,2026-04-02T20:20:42,True
EVI_FIR_0417,CaseMaster_FIR,CASE_2025_0417,Worli Police Station Records,Primary_Documentary,0.95,2026-04-04T18:11:53,True
EVI_FIR_0418,CaseMaster_FIR,CASE_2025_0418,Malad Police Station Records,Primary_Documentary,0.95,2026-04-04T23:34:56,True
EVI_FIR_0419,CaseMaster_FIR,CASE_2025_0419,Bandra Police Station Records,Primary_Documentary,0.95,2026-04-05T03:31:29,True
EVI_FIR_0420,CaseMaster_FIR,CASE_2025_0420,Worli Police Station Records,Primary_Documentary,0.95,2026-04-05T13:57:57,True
EVI_FIR_0421,CaseMaster_FIR,CASE_2025_0421,Malad Police Station Records,Primary_Documentary,0.95,2026-04-06T17:16:56,True
EVI_FIR_0422,CaseMaster_FIR,CASE_2025_0422,Colaba Police Station Records,Primary_Documentary,0.95,2026-04-08T08:10:51,True
EVI_FIR_0423,CaseMaster_FIR,CASE_2025_0423,Andheri Police Station Records,Primary_Documentary,0.95,2026-04-08T13:12:17,True
EVI_FIR_0424,CaseMaster_FIR,CASE_2025_0424,Byculla Police Station Records,Primary_Documentary,0.95,2026-04-08T15:03:59,True
EVI_FIR_0425,CaseMaster_FIR,CASE_2025_0425,Dharavi Police Station Records,Primary_Documentary,0.95,2026-04-09T07:50:55,True
EVI_FIR_0426,CaseMaster_FIR,CASE_2025_0426,Ghatkopar Police Station Records,Primary_Documentary,0.95,2026-04-09T12:00:04,True
EVI_FIR_0427,CaseMaster_FIR,CASE_2025_0427,Malad Police Station Records,Primary_Documentary,0.95,2026-04-09T23:18:06,True
EVI_FIR_0428,CaseMaster_FIR,CASE_2025_0428,Ghatkopar Police Station Records,Primary_Documentary,0.95,2026-04-10T02:31:04,True
EVI_FIR_0429,CaseMaster_FIR,CASE_2025_0429,Kurla Police Station Records,Primary_Documentary,0.95,2026-04-10T10:00:02,True
EVI_FIR_0430,CaseMaster_FIR,CASE_2025_0430,Borivali Police Station Records,Primary_Documentary,0.95,2026-04-10T13:54:12,True
EVI_FIR_0431,CaseMaster_FIR,CASE_2025_0431,Worli Police Station Records,Primary_Documentary,0.95,2026-04-11T09:11:22,True
EVI_FIR_0432,CaseMaster_FIR,CASE_2025_0432,Chembur Police Station Records,Primary_Documentary,0.95,2026-04-12T21:23:34,True
EVI_FIR_0433,CaseMaster_FIR,CASE_2025_0433,Worli Police Station Records,Primary_Documentary,0.95,2026-04-15T02:50:05,True
EVI_FIR_0434,CaseMaster_FIR,CASE_2025_0434,Byculla Police Station Records,Primary_Documentary,0.95,2026-04-15T11:04:17,True
EVI_FIR_0435,CaseMaster_FIR,CASE_2025_0435,Colaba Police Station Records,Primary_Documentary,0.95,2026-04-17T15:07:30,True
EVI_FIR_0436,CaseMaster_FIR,CASE_2025_0436,Borivali Police Station Records,Primary_Documentary,0.95,2026-04-18T07:54:37,True
EVI_FIR_0437,CaseMaster_FIR,CASE_2025_0437,Bandra Police Station Records,Primary_Documentary,0.95,2026-04-18T12:27:49,True
EVI_FIR_0438,CaseMaster_FIR,CASE_2025_0438,Malad Police Station Records,Primary_Documentary,0.95,2026-04-20T13:36:11,True
EVI_FIR_0439,CaseMaster_FIR,CASE_2025_0439,Chembur Police Station Records,Primary_Documentary,0.95,2026-04-20T15:39:47,True
EVI_FIR_0440,CaseMaster_FIR,CASE_2025_0440,Byculla Police Station Records,Primary_Documentary,0.95,2026-04-20T17:06:32,True
EVI_FIR_0441,CaseMaster_FIR,CASE_2025_0441,Ghatkopar Police Station Records,Primary_Documentary,0.95,2026-04-22T00:20:31,True
EVI_FIR_0442,CaseMaster_FIR,CASE_2025_0442,Borivali Police Station Records,Primary_Documentary,0.95,2026-04-22T07:28:42,True
EVI_FIR_0443,CaseMaster_FIR,CASE_2025_0443,Byculla Police Station Records,Primary_Documentary,0.95,2026-04-22T07:46:50,True
EVI_FIR_0444,CaseMaster_FIR,CASE_2025_0444,Juhu Police Station Records,Primary_Documentary,0.95,2026-04-22T09:32:42,True
EVI_FIR_0445,CaseMaster_FIR,CASE_2025_0445,Malad Police Station Records,Primary_Documentary,0.95,2026-04-22T18:50:11,True
EVI_FIR_0446,CaseMaster_FIR,CASE_2025_0446,Byculla Police Station Records,Primary_Documentary,0.95,2026-04-23T10:24:10,True
EVI_FIR_0447,CaseMaster_FIR,CASE_2025_0447,Ghatkopar Police Station Records,Primary_Documentary,0.95,2026-04-23T13:10:19,True
EVI_FIR_0448,CaseMaster_FIR,CASE_2025_0448,Borivali Police Station Records,Primary_Documentary,0.95,2026-04-24T12:49:20,True
EVI_FIR_0449,CaseMaster_FIR,CASE_2025_0449,Byculla Police Station Records,Primary_Documentary,0.95,2026-04-24T12:50:10,True
EVI_FIR_0450,CaseMaster_FIR,CASE_2025_0450,Kurla Police Station Records,Primary_Documentary,0.95,2026-04-24T18:59:46,True
EVI_FIR_0451,CaseMaster_FIR,CASE_2025_0451,Worli Police Station Records,Primary_Documentary,0.95,2026-04-25T09:00:06,True
EVI_FIR_0452,CaseMaster_FIR,CASE_2025_0452,Byculla Police Station Records,Primary_Documentary,0.95,2026-04-25T09:49:18,True
EVI_FIR_0453,CaseMaster_FIR,CASE_2025_0453,Bandra Police Station Records,Primary_Documentary,0.95,2026-04-26T12:30:15,True
EVI_FIR_0454,CaseMaster_FIR,CASE_2025_0454,Chembur Police Station Records,Primary_Documentary,0.95,2026-04-26T20:48:48,True
EVI_FIR_0455,CaseMaster_FIR,CASE_2025_0455,Colaba Police Station Records,Primary_Documentary,0.95,2026-04-27T13:16:59,True
EVI_FIR_0456,CaseMaster_FIR,CASE_2025_0456,Colaba Police Station Records,Primary_Documentary,0.95,2026-04-27T17:54:11,True
EVI_FIR_0457,CaseMaster_FIR,CASE_2025_0457,Juhu Police Station Records,Primary_Documentary,0.95,2026-04-28T20:02:12,True
EVI_FIR_0458,CaseMaster_FIR,CASE_2025_0458,Kurla Police Station Records,Primary_Documentary,0.95,2026-04-29T16:12:21,True
EVI_FIR_0459,CaseMaster_FIR,CASE_2025_0459,Borivali Police Station Records,Primary_Documentary,0.95,2026-04-29T22:55:44,True
EVI_FIR_0460,CaseMaster_FIR,CASE_2025_0460,Dharavi Police Station Records,Primary_Documentary,0.95,2026-04-30T13:44:39,True
EVI_FIR_0461,CaseMaster_FIR,CASE_2025_0461,Bandra Police Station Records,Primary_Documentary,0.95,2026-05-02T02:42:24,True
EVI_FIR_0462,CaseMaster_FIR,CASE_2025_0462,Worli Police Station Records,Primary_Documentary,0.95,2026-05-02T23:33:10,True
EVI_FIR_0463,CaseMaster_FIR,CASE_2025_0463,Kurla Police Station Records,Primary_Documentary,0.95,2026-05-04T13:12:56,True
EVI_FIR_0464,CaseMaster_FIR,CASE_2025_0464,Dharavi Police Station Records,Primary_Documentary,0.95,2026-05-05T02:15:09,True
EVI_FIR_0465,CaseMaster_FIR,CASE_2025_0465,Byculla Police Station Records,Primary_Documentary,0.95,2026-05-06T14:29:58,True
EVI_FIR_0466,CaseMaster_FIR,CASE_2025_0466,Andheri Police Station Records,Primary_Documentary,0.95,2026-05-06T14:45:38,True
EVI_FIR_0467,CaseMaster_FIR,CASE_2025_0467,Ghatkopar Police Station Records,Primary_Documentary,0.95,2026-05-08T09:59:52,True
EVI_FIR_0468,CaseMaster_FIR,CASE_2025_0468,Malad Police Station Records,Primary_Documentary,0.95,2026-05-09T12:19:35,True
EVI_FIR_0469,CaseMaster_FIR,CASE_2025_0469,Ghatkopar Police Station Records,Primary_Documentary,0.95,2026-05-09T13:25:51,True
EVI_FIR_0470,CaseMaster_FIR,CASE_2025_0470,Andheri Police Station Records,Primary_Documentary,0.95,2026-05-09T15:52:05,True
EVI_FIR_0471,CaseMaster_FIR,CASE_2025_0471,Chembur Police Station Records,Primary_Documentary,0.95,2026-05-11T20:05:40,True
EVI_FIR_0472,CaseMaster_FIR,CASE_2025_0472,Andheri Police Station Records,Primary_Documentary,0.95,2026-05-11T22:05:16,True
EVI_FIR_0473,CaseMaster_FIR,CASE_2025_0473,Ghatkopar Police Station Records,Primary_Documentary,0.95,2026-05-13T12:14:17,True
EVI_FIR_0474,CaseMaster_FIR,CASE_2025_0474,Worli Police Station Records,Primary_Documentary,0.95,2026-05-17T12:30:56,True
EVI_FIR_0475,CaseMaster_FIR,CASE_2025_0475,Borivali Police Station Records,Primary_Documentary,0.95,2026-05-18T01:29:36,True
EVI_FIR_0476,CaseMaster_FIR,CASE_2025_0476,Andheri Police Station Records,Primary_Documentary,0.95,2026-05-18T04:43:29,True
EVI_FIR_0477,CaseMaster_FIR,CASE_2025_0477,Byculla Police Station Records,Primary_Documentary,0.95,2026-05-18T09:04:22,True
EVI_FIR_0478,CaseMaster_FIR,CASE_2025_0478,Colaba Police Station Records,Primary_Documentary,0.95,2026-05-20T20:26:24,True
EVI_FIR_0479,CaseMaster_FIR,CASE_2025_0479,Byculla Police Station Records,Primary_Documentary,0.95,2026-05-21T16:06:03,True
EVI_FIR_0480,CaseMaster_FIR,CASE_2025_0480,Borivali Police Station Records,Primary_Documentary,0.95,2026-05-22T11:13:45,True
EVI_FIR_0481,CaseMaster_FIR,CASE_2025_0481,Andheri Police Station Records,Primary_Documentary,0.95,2026-05-25T08:44:59,True
EVI_FIR_0482,CaseMaster_FIR,CASE_2025_0482,Juhu Police Station Records,Primary_Documentary,0.95,2026-05-25T13:10:53,True
EVI_FIR_0483,CaseMaster_FIR,CASE_2025_0483,Kurla Police Station Records,Primary_Documentary,0.95,2026-05-26T11:13:12,True
EVI_FIR_0484,CaseMaster_FIR,CASE_2025_0484,Byculla Police Station Records,Primary_Documentary,0.95,2026-05-26T14:47:07,True
EVI_FIR_0485,CaseMaster_FIR,CASE_2025_0485,Byculla Police Station Records,Primary_Documentary,0.95,2026-05-27T21:34:16,True
EVI_FIR_0486,CaseMaster_FIR,CASE_2025_0486,Dharavi Police Station Records,Primary_Documentary,0.95,2026-05-28T02:44:40,True
EVI_FIR_0487,CaseMaster_FIR,CASE_2025_0487,Byculla Police Station Records,Primary_Documentary,0.95,2026-05-28T12:07:22,True
EVI_FIR_0488,CaseMaster_FIR,CASE_2025_0488,Andheri Police Station Records,Primary_Documentary,0.95,2026-05-30T09:01:52,True
EVI_FIR_0489,CaseMaster_FIR,CASE_2025_0489,Borivali Police Station Records,Primary_Documentary,0.95,2026-05-30T19:44:18,True
EVI_FIR_0490,CaseMaster_FIR,CASE_2025_0490,Dharavi Police Station Records,Primary_Documentary,0.95,2026-05-31T08:58:31,True
EVI_FIR_0491,CaseMaster_FIR,CASE_2025_0491,Juhu Police Station Records,Primary_Documentary,0.95,2026-06-01T13:12:06,True
EVI_FIR_0492,CaseMaster_FIR,CASE_2025_0492,Dharavi Police Station Records,Primary_Documentary,0.95,2026-06-01T20:26:03,True
EVI_FIR_0493,CaseMaster_FIR,CASE_2025_0493,Malad Police Station Records,Primary_Documentary,0.95,2026-06-02T01:25:00,True
EVI_FIR_0494,CaseMaster_FIR,CASE_2025_0494,Malad Police Station Records,Primary_Documentary,0.95,2026-06-03T01:42:55,True
EVI_FIR_0495,CaseMaster_FIR,CASE_2025_0495,Dharavi Police Station Records,Primary_Documentary,0.95,2026-06-03T14:35:38,True
EVI_FIR_0496,CaseMaster_FIR,CASE_2025_0496,Ghatkopar Police Station Records,Primary_Documentary,0.95,2026-06-04T00:57:22,True
EVI_FIR_0497,CaseMaster_FIR,CASE_2025_0497,Juhu Police Station Records,Primary_Documentary,0.95,2026-06-04T11:37:07,True
EVI_FIR_0498,CaseMaster_FIR,CASE_2025_0498,Bandra Police Station Records,Primary_Documentary,0.95,2026-06-04T16:27:25,True
EVI_FIR_0499,CaseMaster_FIR,CASE_2025_0499,Kurla Police Station Records,Primary_Documentary,0.95,2026-06-04T22:45:59,True
EVI_FIR_0500,CaseMaster_FIR,CASE_2025_0500,Byculla Police Station Records,Primary_Documentary,0.95,2026-06-08T05:13:38,True
EVI_FIR_0501,CaseMaster_FIR,CASE_2025_0501,Malad Police Station Records,Primary_Documentary,0.95,2026-06-08T05:22:22,True
EVI_FIR_0502,CaseMaster_FIR,CASE_2025_0502,Worli Police Station Records,Primary_Documentary,0.95,2026-06-08T07:49:59,True
EVI_FIR_0503,CaseMaster_FIR,CASE_2025_0503,Malad Police Station Records,Primary_Documentary,0.95,2026-06-09T01:50:58,True
EVI_FIR_0504,CaseMaster_FIR,CASE_2025_0504,Juhu Police Station Records,Primary_Documentary,0.95,2026-06-09T15:07:39,True
EVI_FIR_0505,CaseMaster_FIR,CASE_2025_0505,Byculla Police Station Records,Primary_Documentary,0.95,2026-06-10T18:06:31,True
EVI_FIR_0506,CaseMaster_FIR,CASE_2025_0506,Worli Police Station Records,Primary_Documentary,0.95,2026-06-12T01:57:18,True
EVI_FIR_0507,CaseMaster_FIR,CASE_2025_0507,Bandra Police Station Records,Primary_Documentary,0.95,2026-06-12T02:12:03,True
EVI_FIR_0508,CaseMaster_FIR,CASE_2025_0508,Ghatkopar Police Station Records,Primary_Documentary,0.95,2026-06-12T20:08:07,True
EVI_FIR_0509,CaseMaster_FIR,CASE_2025_0509,Malad Police Station Records,Primary_Documentary,0.95,2026-06-12T23:25:20,True
EVI_FIR_0510,CaseMaster_FIR,CASE_2025_0510,Kurla Police Station Records,Primary_Documentary,0.95,2026-06-14T05:54:01,True
EVI_FIR_0511,CaseMaster_FIR,CASE_2025_0511,Byculla Police Station Records,Primary_Documentary,0.95,2026-06-16T15:56:17,True
EVI_FIR_0512,CaseMaster_FIR,CASE_2025_0512,Andheri Police Station Records,Primary_Documentary,0.95,2026-06-16T16:58:00,True
EVI_FIR_0513,CaseMaster_FIR,CASE_2025_0513,Bandra Police Station Records,Primary_Documentary,0.95,2026-06-17T16:59:46,True
EVI_FIR_0514,CaseMaster_FIR,CASE_2025_0514,Colaba Police Station Records,Primary_Documentary,0.95,2026-06-18T19:10:13,True
EVI_FIR_0515,CaseMaster_FIR,CASE_2025_0515,Bandra Police Station Records,Primary_Documentary,0.95,2026-06-19T05:12:38,True
EVI_FIR_0516,CaseMaster_FIR,CASE_2025_0516,Malad Police Station Records,Primary_Documentary,0.95,2026-06-19T08:49:35,True
EVI_FIR_0517,CaseMaster_FIR,CASE_2025_0517,Ghatkopar Police Station Records,Primary_Documentary,0.95,2026-06-19T22:55:02,True
EVI_FIR_0518,CaseMaster_FIR,CASE_2025_0518,Chembur Police Station Records,Primary_Documentary,0.95,2026-06-20T01:34:43,True
EVI_FIR_0519,CaseMaster_FIR,CASE_2025_0519,Worli Police Station Records,Primary_Documentary,0.95,2026-06-21T12:17:25,True
EVI_FIR_0520,CaseMaster_FIR,CASE_2025_0520,Chembur Police Station Records,Primary_Documentary,0.95,2026-06-21T19:51:49,True
EVI_FIR_0521,CaseMaster_FIR,CASE_2025_0521,Byculla Police Station Records,Primary_Documentary,0.95,2026-06-25T20:31:29,True
EVI_FIR_0522,CaseMaster_FIR,CASE_2025_0522,Ghatkopar Police Station Records,Primary_Documentary,0.95,2026-06-26T06:10:41,True
EVI_FIR_0523,CaseMaster_FIR,CASE_2025_0523,Andheri Police Station Records,Primary_Documentary,0.95,2026-06-27T19:46:16,True
EVI_FIR_0524,CaseMaster_FIR,CASE_2025_0524,Juhu Police Station Records,Primary_Documentary,0.95,2026-06-30T16:08:58,True
EVI_FIR_0525,CaseMaster_FIR,CASE_2025_0525,Ghatkopar Police Station Records,Primary_Documentary,0.95,2026-07-04T10:29:22,True
EVI_FIR_0526,CaseMaster_FIR,CASE_2025_0526,Juhu Police Station Records,Primary_Documentary,0.95,2026-07-05T22:04:23,True
EVI_FIR_0527,CaseMaster_FIR,CASE_2025_0527,Juhu Police Station Records,Primary_Documentary,0.95,2026-07-06T13:14:56,True
EVI_FIR_0528,CaseMaster_FIR,CASE_2025_0528,Juhu Police Station Records,Primary_Documentary,0.95,2026-07-08T05:56:57,True
EVI_FIR_0529,CaseMaster_FIR,CASE_2025_0529,Andheri Police Station Records,Primary_Documentary,0.95,2026-07-11T06:18:19,True
EVI_FIR_0530,CaseMaster_FIR,CASE_2025_0530,Ghatkopar Police Station Records,Primary_Documentary,0.95,2026-07-12T02:27:50,True
EVI_FIR_0531,CaseMaster_FIR,CASE_2025_0531,Kurla Police Station Records,Primary_Documentary,0.95,2026-07-13T11:17:48,True
EVI_FIR_0532,CaseMaster_FIR,CASE_2025_0532,Borivali Police Station Records,Primary_Documentary,0.95,2026-07-13T11:26:47,True
EVI_FIR_0533,CaseMaster_FIR,CASE_2025_0533,Juhu Police Station Records,Primary_Documentary,0.95,2026-07-15T23:25:23,True
EVI_FIR_0534,CaseMaster_FIR,CASE_2025_0534,Borivali Police Station Records,Primary_Documentary,0.95,2026-07-17T23:20:15,True
EVI_FIR_0535,CaseMaster_FIR,CASE_2025_0535,Malad Police Station Records,Primary_Documentary,0.95,2026-07-20T15:24:21,True
EVI_FIR_0536,CaseMaster_FIR,CASE_2025_0536,Kurla Police Station Records,Primary_Documentary,0.95,2026-07-22T20:11:32,True
EVI_FIR_0537,CaseMaster_FIR,CASE_2025_0537,Dharavi Police Station Records,Primary_Documentary,0.95,2026-07-23T20:29:43,True
EVI_FIR_0538,CaseMaster_FIR,CASE_2025_0538,Andheri Police Station Records,Primary_Documentary,0.95,2026-07-24T02:18:50,True
EVI_FIR_0539,CaseMaster_FIR,CASE_2025_0539,Malad Police Station Records,Primary_Documentary,0.95,2026-07-24T08:06:28,True
EVI_FIR_0540,CaseMaster_FIR,CASE_2025_0540,Dharavi Police Station Records,Primary_Documentary,0.95,2026-07-24T19:53:02,True
EVI_FIR_0541,CaseMaster_FIR,CASE_2025_0541,Colaba Police Station Records,Primary_Documentary,0.95,2026-07-25T14:54:25,True
EVI_FIR_0542,CaseMaster_FIR,CASE_2025_0542,Juhu Police Station Records,Primary_Documentary,0.95,2026-07-27T02:42:22,True
EVI_FIR_0543,CaseMaster_FIR,CASE_2025_0543,Juhu Police Station Records,Primary_Documentary,0.95,2026-07-27T12:54:17,True
EVI_FIR_0544,CaseMaster_FIR,CASE_2025_0544,Andheri Police Station Records,Primary_Documentary,0.95,2026-07-29T04:53:09,True
EVI_FIR_0545,CaseMaster_FIR,CASE_2025_0545,Chembur Police Station Records,Primary_Documentary,0.95,2026-07-30T09:55:20,True
EVI_FIR_0546,CaseMaster_FIR,CASE_2025_0546,Bandra Police Station Records,Primary_Documentary,0.95,2026-07-30T13:46:55,True
EVI_FIR_0547,CaseMaster_FIR,CASE_2025_0547,Ghatkopar Police Station Records,Primary_Documentary,0.95,2026-07-30T20:26:59,True
EVI_FIR_0548,CaseMaster_FIR,CASE_2025_0548,Juhu Police Station Records,Primary_Documentary,0.95,2026-08-01T03:03:23,True
EVI_FIR_0549,CaseMaster_FIR,CASE_2025_0549,Bandra Police Station Records,Primary_Documentary,0.95,2026-08-01T11:03:49,True
EVI_FIR_0550,CaseMaster_FIR,CASE_2025_0550,Kurla Police Station Records,Primary_Documentary,0.95,2026-08-02T06:31:48,True
EVI_FIR_0551,CaseMaster_FIR,CASE_2025_0551,Chembur Police Station Records,Primary_Documentary,0.95,2026-08-04T02:44:22,True
EVI_FIR_0552,CaseMaster_FIR,CASE_2025_0552,Andheri Police Station Records,Primary_Documentary,0.95,2026-08-04T12:11:54,True
EVI_FIR_0553,CaseMaster_FIR,CASE_2025_0553,Colaba Police Station Records,Primary_Documentary,0.95,2026-08-04T18:47:01,True
EVI_FIR_0554,CaseMaster_FIR,CASE_2025_0554,Worli Police Station Records,Primary_Documentary,0.95,2026-08-05T14:08:30,True
EVI_FIR_0555,CaseMaster_FIR,CASE_2025_0555,Bandra Police Station Records,Primary_Documentary,0.95,2026-08-08T05:18:46,True
EVI_FIR_0556,CaseMaster_FIR,CASE_2025_0556,Ghatkopar Police Station Records,Primary_Documentary,0.95,2026-08-10T10:55:15,True
EVI_FIR_0557,CaseMaster_FIR,CASE_2025_0557,Juhu Police Station Records,Primary_Documentary,0.95,2026-08-11T03:44:07,True
EVI_FIR_0558,CaseMaster_FIR,CASE_2025_0558,Bandra Police Station Records,Primary_Documentary,0.95,2026-08-11T09:29:39,True
EVI_FIR_0559,CaseMaster_FIR,CASE_2025_0559,Borivali Police Station Records,Primary_Documentary,0.95,2026-08-11T13:52:05,True
EVI_FIR_0560,CaseMaster_FIR,CASE_2025_0560,Malad Police Station Records,Primary_Documentary,0.95,2026-08-13T10:20:43,True
EVI_FIR_0561,CaseMaster_FIR,CASE_2025_0561,Worli Police Station Records,Primary_Documentary,0.95,2026-08-14T22:04:31,True
EVI_FIR_0562,CaseMaster_FIR,CASE_2025_0562,Andheri Police Station Records,Primary_Documentary,0.95,2026-08-17T06:57:22,True
EVI_FIR_0563,CaseMaster_FIR,CASE_2025_0563,Borivali Police Station Records,Primary_Documentary,0.95,2026-08-19T06:22:35,True
EVI_FIR_0564,CaseMaster_FIR,CASE_2025_0564,Chembur Police Station Records,Primary_Documentary,0.95,2026-08-19T08:01:04,True
EVI_FIR_0565,CaseMaster_FIR,CASE_2025_0565,Byculla Police Station Records,Primary_Documentary,0.95,2026-08-19T14:10:07,True
EVI_FIR_0566,CaseMaster_FIR,CASE_2025_0566,Malad Police Station Records,Primary_Documentary,0.95,2026-08-21T11:57:34,True
EVI_FIR_0567,CaseMaster_FIR,CASE_2025_0567,Kurla Police Station Records,Primary_Documentary,0.95,2026-08-21T13:03:32,True
EVI_FIR_0568,CaseMaster_FIR,CASE_2025_0568,Kurla Police Station Records,Primary_Documentary,0.95,2026-08-22T13:47:54,True
EVI_FIR_0569,CaseMaster_FIR,CASE_2025_0569,Ghatkopar Police Station Records,Primary_Documentary,0.95,2026-08-22T17:25:01,True
EVI_FIR_0570,CaseMaster_FIR,CASE_2025_0570,Chembur Police Station Records,Primary_Documentary,0.95,2026-08-22T23:25:19,True
EVI_FIR_0571,CaseMaster_FIR,CASE_2025_0571,Worli Police Station Records,Primary_Documentary,0.95,2026-08-23T04:35:51,True
EVI_FIR_0572,CaseMaster_FIR,CASE_2025_0572,Andheri Police Station Records,Primary_Documentary,0.95,2026-08-23T08:13:23,True
EVI_FIR_0573,CaseMaster_FIR,CASE_2025_0573,Byculla Police Station Records,Primary_Documentary,0.95,2026-08-24T22:10:07,True
EVI_FIR_0574,CaseMaster_FIR,CASE_2025_0574,Bandra Police Station Records,Primary_Documentary,0.95,2026-08-25T07:01:58,True
EVI_FIR_0575,CaseMaster_FIR,CASE_2025_0575,Worli Police Station Records,Primary_Documentary,0.95,2026-08-25T10:18:21,True
EVI_FIR_0576,CaseMaster_FIR,CASE_2025_0576,Chembur Police Station Records,Primary_Documentary,0.95,2026-08-26T06:33:20,True
EVI_FIR_0577,CaseMaster_FIR,CASE_2025_0577,Dharavi Police Station Records,Primary_Documentary,0.95,2026-08-27T13:26:33,True
EVI_FIR_0578,CaseMaster_FIR,CASE_2025_0578,Borivali Police Station Records,Primary_Documentary,0.95,2026-08-31T15:09:52,True
EVI_FIR_0579,CaseMaster_FIR,CASE_2025_0579,Juhu Police Station Records,Primary_Documentary,0.95,2026-09-01T06:20:38,True
EVI_FIR_0580,CaseMaster_FIR,CASE_2025_0580,Worli Police Station Records,Primary_Documentary,0.95,2026-09-01T09:48:45,True
EVI_FIR_0581,CaseMaster_FIR,CASE_2025_0581,Byculla Police Station Records,Primary_Documentary,0.95,2026-09-01T23:00:31,True
EVI_FIR_0582,CaseMaster_FIR,CASE_2025_0582,Chembur Police Station Records,Primary_Documentary,0.95,2026-09-02T01:50:24,True
EVI_FIR_0583,CaseMaster_FIR,CASE_2025_0583,Borivali Police Station Records,Primary_Documentary,0.95,2026-09-02T15:25:34,True
EVI_FIR_0584,CaseMaster_FIR,CASE_2025_0584,Bandra Police Station Records,Primary_Documentary,0.95,2026-09-02T22:33:03,True
EVI_FIR_0585,CaseMaster_FIR,CASE_2025_0585,Kurla Police Station Records,Primary_Documentary,0.95,2026-09-03T11:16:17,True
EVI_FIR_0586,CaseMaster_FIR,CASE_2025_0586,Ghatkopar Police Station Records,Primary_Documentary,0.95,2026-09-05T15:38:53,True
EVI_FIR_0587,CaseMaster_FIR,CASE_2025_0587,Bandra Police Station Records,Primary_Documentary,0.95,2026-09-06T13:51:43,True
EVI_FIR_0588,CaseMaster_FIR,CASE_2025_0588,Malad Police Station Records,Primary_Documentary,0.95,2026-09-06T19:05:12,True
EVI_FIR_0589,CaseMaster_FIR,CASE_2025_0589,Andheri Police Station Records,Primary_Documentary,0.95,2026-09-08T17:13:13,True
EVI_FIR_0590,CaseMaster_FIR,CASE_2025_0590,Worli Police Station Records,Primary_Documentary,0.95,2026-09-09T01:23:34,True
EVI_FIR_0591,CaseMaster_FIR,CASE_2025_0591,Borivali Police Station Records,Primary_Documentary,0.95,2026-09-12T18:28:17,True
EVI_FIR_0592,CaseMaster_FIR,CASE_2025_0592,Byculla Police Station Records,Primary_Documentary,0.95,2026-09-13T13:53:39,True
EVI_FIR_0593,CaseMaster_FIR,CASE_2025_0593,Borivali Police Station Records,Primary_Documentary,0.95,2026-09-14T10:44:51,True
EVI_FIR_0594,CaseMaster_FIR,CASE_2025_0594,Chembur Police Station Records,Primary_Documentary,0.95,2026-09-15T19:15:52,True
EVI_FIR_0595,CaseMaster_FIR,CASE_2025_0595,Dharavi Police Station Records,Primary_Documentary,0.95,2026-09-15T21:45:52,True
EVI_FIR_0596,CaseMaster_FIR,CASE_2025_0596,Andheri Police Station Records,Primary_Documentary,0.95,2026-09-17T18:33:29,True
EVI_FIR_0597,CaseMaster_FIR,CASE_2025_0597,Colaba Police Station Records,Primary_Documentary,0.95,2026-09-17T19:20:15,True
EVI_FIR_0598,CaseMaster_FIR,CASE_2025_0598,Dharavi Police Station Records,Primary_Documentary,0.95,2026-09-18T01:21:28,True
EVI_FIR_0599,CaseMaster_FIR,CASE_2025_0599,Worli Police Station Records,Primary_Documentary,0.95,2026-09-18T02:13:09,True
EVI_FIR_0600,CaseMaster_FIR,CASE_2025_0600,Chembur Police Station Records,Primary_Documentary,0.95,2026-09-18T20:27:00,True
EVI_FIR_0601,CaseMaster_FIR,CASE_2025_0601,Bandra Police Station Records,Primary_Documentary,0.95,2026-09-20T08:13:01,True
EVI_FIR_0602,CaseMaster_FIR,CASE_2025_0602,Kurla Police Station Records,Primary_Documentary,0.95,2026-09-22T17:49:38,True
EVI_FIR_0603,CaseMaster_FIR,CASE_2025_0603,Ghatkopar Police Station Records,Primary_Documentary,0.95,2026-09-23T02:31:56,True
EVI_FIR_0604,CaseMaster_FIR,CASE_2025_0604,Juhu Police Station Records,Primary_Documentary,0.95,2026-09-23T13:58:48,True
EVI_FIR_0605,CaseMaster_FIR,CASE_2025_0605,Juhu Police Station Records,Primary_Documentary,0.95,2026-09-23T23:18:24,True
EVI_FIR_0606,CaseMaster_FIR,CASE_2025_0606,Bandra Police Station Records,Primary_Documentary,0.95,2026-09-24T01:52:11,True
EVI_FIR_0607,CaseMaster_FIR,CASE_2025_0607,Dharavi Police Station Records,Primary_Documentary,0.95,2026-09-25T06:22:42,True
EVI_FIR_0608,CaseMaster_FIR,CASE_2025_0608,Byculla Police Station Records,Primary_Documentary,0.95,2026-09-27T08:28:59,True
EVI_FIR_0609,CaseMaster_FIR,CASE_2025_0609,Ghatkopar Police Station Records,Primary_Documentary,0.95,2026-09-27T23:14:55,True
EVI_FIR_0610,CaseMaster_FIR,CASE_2025_0610,Ghatkopar Police Station Records,Primary_Documentary,0.95,2026-09-30T13:39:52,True
EVI_FIR_0611,CaseMaster_FIR,CASE_2025_0611,Worli Police Station Records,Primary_Documentary,0.95,2026-10-03T02:23:37,True
EVI_FIR_0612,CaseMaster_FIR,CASE_2025_0612,Malad Police Station Records,Primary_Documentary,0.95,2026-10-03T04:35:40,True
EVI_FIR_0613,CaseMaster_FIR,CASE_2025_0613,Worli Police Station Records,Primary_Documentary,0.95,2026-10-04T07:04:03,True
EVI_FIR_0614,CaseMaster_FIR,CASE_2025_0614,Byculla Police Station Records,Primary_Documentary,0.95,2026-10-05T13:36:49,True
EVI_FIR_0615,CaseMaster_FIR,CASE_2025_0615,Ghatkopar Police Station Records,Primary_Documentary,0.95,2026-10-10T14:47:05,True
EVI_FIR_0616,CaseMaster_FIR,CASE_2025_0616,Andheri Police Station Records,Primary_Documentary,0.95,2026-10-11T16:55:46,True
EVI_FIR_0617,CaseMaster_FIR,CASE_2025_0617,Worli Police Station Records,Primary_Documentary,0.95,2026-10-13T23:39:35,True
EVI_FIR_0618,CaseMaster_FIR,CASE_2025_0618,Colaba Police Station Records,Primary_Documentary,0.95,2026-10-14T09:59:46,True
EVI_FIR_0619,CaseMaster_FIR,CASE_2025_0619,Kurla Police Station Records,Primary_Documentary,0.95,2026-10-15T03:53:41,True
EVI_FIR_0620,CaseMaster_FIR,CASE_2025_0620,Andheri Police Station Records,Primary_Documentary,0.95,2026-10-17T04:12:37,True
EVI_FIR_0621,CaseMaster_FIR,CASE_2025_0621,Bandra Police Station Records,Primary_Documentary,0.95,2026-10-17T13:59:54,True
EVI_FIR_0622,CaseMaster_FIR,CASE_2025_0622,Chembur Police Station Records,Primary_Documentary,0.95,2026-10-20T03:36:46,True
EVI_FIR_0623,CaseMaster_FIR,CASE_2025_0623,Dharavi Police Station Records,Primary_Documentary,0.95,2026-10-21T20:16:12,True
EVI_FIR_0624,CaseMaster_FIR,CASE_2025_0624,Chembur Police Station Records,Primary_Documentary,0.95,2026-10-22T04:32:14,True
EVI_FIR_0625,CaseMaster_FIR,CASE_2025_0625,Malad Police Station Records,Primary_Documentary,0.95,2026-10-22T22:26:48,True
EVI_FIR_0626,CaseMaster_FIR,CASE_2025_0626,Juhu Police Station Records,Primary_Documentary,0.95,2026-10-24T18:22:42,True
EVI_FIR_0627,CaseMaster_FIR,CASE_2025_0627,Chembur Police Station Records,Primary_Documentary,0.95,2026-10-25T23:51:58,True
EVI_FIR_0628,CaseMaster_FIR,CASE_2025_0628,Colaba Police Station Records,Primary_Documentary,0.95,2026-10-26T11:48:43,True
EVI_FIR_0629,CaseMaster_FIR,CASE_2025_0629,Juhu Police Station Records,Primary_Documentary,0.95,2026-10-28T02:38:59,True
EVI_FIR_0630,CaseMaster_FIR,CASE_2025_0630,Borivali Police Station Records,Primary_Documentary,0.95,2026-10-28T13:10:00,True
EVI_FIR_0631,CaseMaster_FIR,CASE_2025_0631,Byculla Police Station Records,Primary_Documentary,0.95,2026-10-30T00:34:10,True
EVI_FIR_0632,CaseMaster_FIR,CASE_2025_0632,Bandra Police Station Records,Primary_Documentary,0.95,2026-11-01T01:50:29,True
EVI_FIR_0633,CaseMaster_FIR,CASE_2025_0633,Juhu Police Station Records,Primary_Documentary,0.95,2026-11-01T10:00:48,True
EVI_FIR_0634,CaseMaster_FIR,CASE_2025_0634,Borivali Police Station Records,Primary_Documentary,0.95,2026-11-02T09:01:12,True
EVI_FIR_0635,CaseMaster_FIR,CASE_2025_0635,Chembur Police Station Records,Primary_Documentary,0.95,2026-11-05T16:48:35,True
EVI_FIR_0636,CaseMaster_FIR,CASE_2025_0636,Worli Police Station Records,Primary_Documentary,0.95,2026-11-06T04:41:52,True
EVI_FIR_0637,CaseMaster_FIR,CASE_2025_0637,Worli Police Station Records,Primary_Documentary,0.95,2026-11-08T04:07:49,True
EVI_FIR_0638,CaseMaster_FIR,CASE_2025_0638,Malad Police Station Records,Primary_Documentary,0.95,2026-11-09T05:52:58,True
EVI_FIR_0639,CaseMaster_FIR,CASE_2025_0639,Andheri Police Station Records,Primary_Documentary,0.95,2026-11-10T16:02:59,True
EVI_FIR_0640,CaseMaster_FIR,CASE_2025_0640,Kurla Police Station Records,Primary_Documentary,0.95,2026-11-11T20:36:07,True
EVI_FIR_0641,CaseMaster_FIR,CASE_2025_0641,Dharavi Police Station Records,Primary_Documentary,0.95,2026-11-13T19:31:22,True
EVI_FIR_0642,CaseMaster_FIR,CASE_2025_0642,Byculla Police Station Records,Primary_Documentary,0.95,2026-11-14T20:14:16,True
EVI_FIR_0643,CaseMaster_FIR,CASE_2025_0643,Malad Police Station Records,Primary_Documentary,0.95,2026-11-17T18:34:00,True
EVI_FIR_0644,CaseMaster_FIR,CASE_2025_0644,Juhu Police Station Records,Primary_Documentary,0.95,2026-11-18T09:59:32,True
EVI_FIR_0645,CaseMaster_FIR,CASE_2025_0645,Byculla Police Station Records,Primary_Documentary,0.95,2026-11-20T11:46:03,True
EVI_FIR_0646,CaseMaster_FIR,CASE_2025_0646,Bandra Police Station Records,Primary_Documentary,0.95,2026-11-20T13:50:32,True
EVI_FIR_0647,CaseMaster_FIR,CASE_2025_0647,Kurla Police Station Records,Primary_Documentary,0.95,2026-11-21T16:54:12,True
EVI_FIR_0648,CaseMaster_FIR,CASE_2025_0648,Dharavi Police Station Records,Primary_Documentary,0.95,2026-11-25T01:52:44,True
EVI_FIR_0649,CaseMaster_FIR,CASE_2025_0649,Dharavi Police Station Records,Primary_Documentary,0.95,2026-11-25T17:52:20,True
EVI_FIR_0650,CaseMaster_FIR,CASE_2025_0650,Ghatkopar Police Station Records,Primary_Documentary,0.95,2026-11-25T23:43:46,True
EVI_FIR_0651,CaseMaster_FIR,CASE_2025_0651,Borivali Police Station Records,Primary_Documentary,0.95,2026-11-26T02:05:18,True
EVI_FIR_0652,CaseMaster_FIR,CASE_2025_0652,Borivali Police Station Records,Primary_Documentary,0.95,2026-11-28T13:30:55,True
EVI_FIR_0653,CaseMaster_FIR,CASE_2025_0653,Borivali Police Station Records,Primary_Documentary,0.95,2026-11-29T22:50:42,True
EVI_FIR_0654,CaseMaster_FIR,CASE_2025_0654,Byculla Police Station Records,Primary_Documentary,0.95,2026-11-30T09:40:16,True
EVI_FIR_0655,CaseMaster_FIR,CASE_2025_0655,Ghatkopar Police Station Records,Primary_Documentary,0.95,2026-11-30T16:22:34,True
EVI_FIR_0656,CaseMaster_FIR,CASE_2025_0656,Ghatkopar Police Station Records,Primary_Documentary,0.95,2026-12-01T03:52:50,True
EVI_FIR_0657,CaseMaster_FIR,CASE_2025_0657,Andheri Police Station Records,Primary_Documentary,0.95,2026-12-03T05:09:55,True
EVI_FIR_0658,CaseMaster_FIR,CASE_2025_0658,Juhu Police Station Records,Primary_Documentary,0.95,2026-12-06T05:07:10,True
EVI_FIR_0659,CaseMaster_FIR,CASE_2025_0659,Andheri Police Station Records,Primary_Documentary,0.95,2026-12-08T07:15:00,True
EVI_FIR_0660,CaseMaster_FIR,CASE_2025_0660,Colaba Police Station Records,Primary_Documentary,0.95,2026-12-09T16:07:59,True
EVI_FIR_0661,CaseMaster_FIR,CASE_2025_0661,Andheri Police Station Records,Primary_Documentary,0.95,2026-12-10T16:38:49,True
EVI_FIR_0662,CaseMaster_FIR,CASE_2025_0662,Bandra Police Station Records,Primary_Documentary,0.95,2026-12-10T18:46:01,True
EVI_FIR_0663,CaseMaster_FIR,CASE_2025_0663,Malad Police Station Records,Primary_Documentary,0.95,2026-12-10T19:32:25,True
EVI_FIR_0664,CaseMaster_FIR,CASE_2025_0664,Borivali Police Station Records,Primary_Documentary,0.95,2026-12-11T22:01:39,True
EVI_FIR_0665,CaseMaster_FIR,CASE_2025_0665,Chembur Police Station Records,Primary_Documentary,0.95,2026-12-12T20:23:05,True
EVI_FIR_0666,CaseMaster_FIR,CASE_2025_0666,Borivali Police Station Records,Primary_Documentary,0.95,2026-12-16T05:38:09,True
EVI_FIR_0667,CaseMaster_FIR,CASE_2025_0667,Juhu Police Station Records,Primary_Documentary,0.95,2026-12-16T22:06:10,True
EVI_FIR_0668,CaseMaster_FIR,CASE_2025_0668,Malad Police Station Records,Primary_Documentary,0.95,2026-12-18T12:04:40,True
EVI_FIR_0669,CaseMaster_FIR,CASE_2025_0669,Ghatkopar Police Station Records,Primary_Documentary,0.95,2026-12-18T16:49:12,True
EVI_FIR_0670,CaseMaster_FIR,CASE_2025_0670,Juhu Police Station Records,Primary_Documentary,0.95,2026-12-19T07:56:09,True
EVI_FIR_0671,CaseMaster_FIR,CASE_2025_0671,Malad Police Station Records,Primary_Documentary,0.95,2026-12-20T12:12:13,True
EVI_FIR_0672,CaseMaster_FIR,CASE_2025_0672,Colaba Police Station Records,Primary_Documentary,0.95,2026-12-21T03:34:59,True
EVI_FIR_0673,CaseMaster_FIR,CASE_2025_0673,Ghatkopar Police Station Records,Primary_Documentary,0.95,2026-12-23T02:21:51,True
EVI_FIR_0674,CaseMaster_FIR,CASE_2025_0674,Malad Police Station Records,Primary_Documentary,0.95,2026-12-23T23:35:39,True
EVI_FIR_0675,CaseMaster_FIR,CASE_2025_0675,Juhu Police Station Records,Primary_Documentary,0.95,2026-12-24T19:40:04,True
EVI_FIR_0676,CaseMaster_FIR,CASE_2025_0676,Worli Police Station Records,Primary_Documentary,0.95,2026-12-25T10:27:29,True
EVI_FIR_0677,CaseMaster_FIR,CASE_2025_0677,Juhu Police Station Records,Primary_Documentary,0.95,2026-12-26T14:43:14,True
EVI_FIR_0678,CaseMaster_FIR,CASE_2025_0678,Colaba Police Station Records,Primary_Documentary,0.95,2026-12-26T19:05:42,True
EVI_FIR_0679,CaseMaster_FIR,CASE_2025_0679,Juhu Police Station Records,Primary_Documentary,0.95,2026-12-28T01:46:20,True
EVI_FIR_0680,CaseMaster_FIR,CASE_2025_0680,Bandra Police Station Records,Primary_Documentary,0.95,2026-12-28T23:39:42,True
EVI_FIR_0681,CaseMaster_FIR,CASE_2025_0681,Worli Police Station Records,Primary_Documentary,0.95,2026-12-29T06:20:10,True
EVI_FIR_0682,CaseMaster_FIR,CASE_2025_0682,Chembur Police Station Records,Primary_Documentary,0.95,2026-12-29T19:51:22,True
EVI_FIR_0683,CaseMaster_FIR,CASE_2025_0683,Dharavi Police Station Records,Primary_Documentary,0.95,2026-12-30T07:12:08,True
EVI_FIR_0684,CaseMaster_FIR,CASE_2025_0684,Borivali Police Station Records,Primary_Documentary,0.95,2027-01-02T04:18:15,True
EVI_FIR_0685,CaseMaster_FIR,CASE_2025_0685,Juhu Police Station Records,Primary_Documentary,0.95,2027-01-04T04:41:04,True
EVI_FIR_0686,CaseMaster_FIR,CASE_2025_0686,Chembur Police Station Records,Primary_Documentary,0.95,2027-01-04T16:09:13,True
EVI_FIR_0687,CaseMaster_FIR,CASE_2025_0687,Dharavi Police Station Records,Primary_Documentary,0.95,2027-01-04T19:33:01,True
EVI_FIR_0688,CaseMaster_FIR,CASE_2025_0688,Bandra Police Station Records,Primary_Documentary,0.95,2027-01-05T05:25:55,True
EVI_FIR_0689,CaseMaster_FIR,CASE_2025_0689,Worli Police Station Records,Primary_Documentary,0.95,2027-01-05T17:04:47,True
EVI_FIR_0690,CaseMaster_FIR,CASE_2025_0690,Juhu Police Station Records,Primary_Documentary,0.95,2027-01-06T02:41:21,True
EVI_FIR_0691,CaseMaster_FIR,CASE_2025_0691,Chembur Police Station Records,Primary_Documentary,0.95,2027-01-07T16:08:35,True
EVI_FIR_0692,CaseMaster_FIR,CASE_2025_0692,Malad Police Station Records,Primary_Documentary,0.95,2027-01-07T22:16:39,True
EVI_FIR_0693,CaseMaster_FIR,CASE_2025_0693,Byculla Police Station Records,Primary_Documentary,0.95,2027-01-08T11:48:24,True
EVI_FIR_0694,CaseMaster_FIR,CASE_2025_0694,Juhu Police Station Records,Primary_Documentary,0.95,2027-01-09T19:46:16,True
EVI_FIR_0695,CaseMaster_FIR,CASE_2025_0695,Andheri Police Station Records,Primary_Documentary,0.95,2027-01-10T14:34:48,True
EVI_FIR_0696,CaseMaster_FIR,CASE_2025_0696,Juhu Police Station Records,Primary_Documentary,0.95,2027-01-13T04:41:41,True
EVI_FIR_0697,CaseMaster_FIR,CASE_2025_0697,Kurla Police Station Records,Primary_Documentary,0.95,2027-01-13T08:42:49,True
EVI_FIR_0698,CaseMaster_FIR,CASE_2025_0698,Bandra Police Station Records,Primary_Documentary,0.95,2027-01-15T01:16:01,True
EVI_FIR_0699,CaseMaster_FIR,CASE_2025_0699,Bandra Police Station Records,Primary_Documentary,0.95,2027-01-15T10:59:59,True
EVI_FIR_0700,CaseMaster_FIR,CASE_2025_0700,Malad Police Station Records,Primary_Documentary,0.95,2027-01-17T20:20:33,True
EVI_FIR_0701,CaseMaster_FIR,CASE_2025_0701,Colaba Police Station Records,Primary_Documentary,0.95,2027-01-18T00:58:47,True
EVI_FIR_0702,CaseMaster_FIR,CASE_2025_0702,Borivali Police Station Records,Primary_Documentary,0.95,2027-01-19T16:02:29,True
EVI_FIR_0703,CaseMaster_FIR,CASE_2025_0703,Worli Police Station Records,Primary_Documentary,0.95,2027-01-20T23:48:37,True
EVI_FIR_0704,CaseMaster_FIR,CASE_2025_0704,Dharavi Police Station Records,Primary_Documentary,0.95,2027-01-21T10:44:31,True
EVI_FIR_0705,CaseMaster_FIR,CASE_2025_0705,Borivali Police Station Records,Primary_Documentary,0.95,2027-01-21T17:52:12,True
EVI_FIR_0706,CaseMaster_FIR,CASE_2025_0706,Ghatkopar Police Station Records,Primary_Documentary,0.95,2027-01-22T13:50:16,True
EVI_FIR_0707,CaseMaster_FIR,CASE_2025_0707,Juhu Police Station Records,Primary_Documentary,0.95,2027-01-28T09:36:40,True
EVI_FIR_0708,CaseMaster_FIR,CASE_2025_0708,Kurla Police Station Records,Primary_Documentary,0.95,2027-01-30T11:19:20,True
EVI_FIR_0709,CaseMaster_FIR,CASE_2025_0709,Andheri Police Station Records,Primary_Documentary,0.95,2027-01-31T07:10:25,True
EVI_FIR_0710,CaseMaster_FIR,CASE_2025_0710,Ghatkopar Police Station Records,Primary_Documentary,0.95,2027-01-31T09:54:43,True
EVI_FIR_0711,CaseMaster_FIR,CASE_2025_0711,Kurla Police Station Records,Primary_Documentary,0.95,2027-02-01T07:57:48,True
EVI_FIR_0712,CaseMaster_FIR,CASE_2025_0712,Ghatkopar Police Station Records,Primary_Documentary,0.95,2027-02-03T15:06:17,True
EVI_FIR_0713,CaseMaster_FIR,CASE_2025_0713,Byculla Police Station Records,Primary_Documentary,0.95,2027-02-07T01:52:35,True
EVI_FIR_0714,CaseMaster_FIR,CASE_2025_0714,Ghatkopar Police Station Records,Primary_Documentary,0.95,2027-02-07T05:48:05,True
EVI_FIR_0715,CaseMaster_FIR,CASE_2025_0715,Worli Police Station Records,Primary_Documentary,0.95,2027-02-07T15:39:30,True
EVI_FIR_0716,CaseMaster_FIR,CASE_2025_0716,Worli Police Station Records,Primary_Documentary,0.95,2027-02-10T18:27:49,True
EVI_FIR_0717,CaseMaster_FIR,CASE_2025_0717,Kurla Police Station Records,Primary_Documentary,0.95,2027-02-11T15:53:19,True
EVI_FIR_0718,CaseMaster_FIR,CASE_2025_0718,Andheri Police Station Records,Primary_Documentary,0.95,2027-02-13T09:15:52,True
EVI_FIR_0719,CaseMaster_FIR,CASE_2025_0719,Ghatkopar Police Station Records,Primary_Documentary,0.95,2027-02-13T23:39:40,True
EVI_FIR_0720,CaseMaster_FIR,CASE_2025_0720,Bandra Police Station Records,Primary_Documentary,0.95,2027-02-15T01:20:47,True
EVI_FIR_0721,CaseMaster_FIR,CASE_2025_0721,Malad Police Station Records,Primary_Documentary,0.95,2027-02-15T19:04:50,True
EVI_FIR_0722,CaseMaster_FIR,CASE_2025_0722,Bandra Police Station Records,Primary_Documentary,0.95,2027-02-16T03:18:39,True
EVI_FIR_0723,CaseMaster_FIR,CASE_2025_0723,Ghatkopar Police Station Records,Primary_Documentary,0.95,2027-02-16T21:37:11,True
EVI_FIR_0724,CaseMaster_FIR,CASE_2025_0724,Worli Police Station Records,Primary_Documentary,0.95,2027-02-17T07:32:56,True
EVI_FIR_0725,CaseMaster_FIR,CASE_2025_0725,Ghatkopar Police Station Records,Primary_Documentary,0.95,2027-02-18T07:54:04,True
EVI_FIR_0726,CaseMaster_FIR,CASE_2025_0726,Worli Police Station Records,Primary_Documentary,0.95,2027-02-18T08:50:16,True
EVI_FIR_0727,CaseMaster_FIR,CASE_2025_0727,Malad Police Station Records,Primary_Documentary,0.95,2027-02-18T10:26:16,True
EVI_FIR_0728,CaseMaster_FIR,CASE_2025_0728,Worli Police Station Records,Primary_Documentary,0.95,2027-02-20T12:17:32,True
EVI_FIR_0729,CaseMaster_FIR,CASE_2025_0729,Kurla Police Station Records,Primary_Documentary,0.95,2027-02-21T05:37:01,True
EVI_FIR_0730,CaseMaster_FIR,CASE_2025_0730,Bandra Police Station Records,Primary_Documentary,0.95,2027-02-23T16:31:50,True
EVI_FIR_0731,CaseMaster_FIR,CASE_2025_0731,Juhu Police Station Records,Primary_Documentary,0.95,2027-02-23T17:48:14,True
EVI_FIR_0732,CaseMaster_FIR,CASE_2025_0732,Colaba Police Station Records,Primary_Documentary,0.95,2027-02-25T17:45:56,True
EVI_FIR_0733,CaseMaster_FIR,CASE_2025_0733,Ghatkopar Police Station Records,Primary_Documentary,0.95,2027-02-26T13:52:48,True
EVI_FIR_0734,CaseMaster_FIR,CASE_2025_0734,Dharavi Police Station Records,Primary_Documentary,0.95,2027-02-27T17:01:01,True
EVI_FIR_0735,CaseMaster_FIR,CASE_2025_0735,Ghatkopar Police Station Records,Primary_Documentary,0.95,2027-02-27T21:22:11,True
EVI_FIR_0736,CaseMaster_FIR,CASE_2025_0736,Bandra Police Station Records,Primary_Documentary,0.95,2027-02-28T23:59:23,True
EVI_FIR_0737,CaseMaster_FIR,CASE_2025_0737,Kurla Police Station Records,Primary_Documentary,0.95,2027-03-01T03:20:26,True
EVI_FIR_0738,CaseMaster_FIR,CASE_2025_0738,Chembur Police Station Records,Primary_Documentary,0.95,2027-03-02T01:49:32,True
EVI_FIR_0739,CaseMaster_FIR,CASE_2025_0739,Worli Police Station Records,Primary_Documentary,0.95,2027-03-04T12:34:02,True
EVI_FIR_0740,CaseMaster_FIR,CASE_2025_0740,Andheri Police Station Records,Primary_Documentary,0.95,2027-03-05T02:32:30,True
EVI_FIR_0741,CaseMaster_FIR,CASE_2025_0741,Bandra Police Station Records,Primary_Documentary,0.95,2027-03-06T07:18:38,True
EVI_FIR_0742,CaseMaster_FIR,CASE_2025_0742,Worli Police Station Records,Primary_Documentary,0.95,2027-03-07T13:41:48,True
EVI_FIR_0743,CaseMaster_FIR,CASE_2025_0743,Borivali Police Station Records,Primary_Documentary,0.95,2027-03-08T12:07:35,True
EVI_FIR_0744,CaseMaster_FIR,CASE_2025_0744,Bandra Police Station Records,Primary_Documentary,0.95,2027-03-11T13:07:57,True
EVI_FIR_0745,CaseMaster_FIR,CASE_2025_0745,Malad Police Station Records,Primary_Documentary,0.95,2027-03-11T14:59:24,True
EVI_FIR_0746,CaseMaster_FIR,CASE_2025_0746,Malad Police Station Records,Primary_Documentary,0.95,2027-03-14T21:14:44,True
EVI_FIR_0747,CaseMaster_FIR,CASE_2025_0747,Chembur Police Station Records,Primary_Documentary,0.95,2027-03-16T08:46:24,True
EVI_FIR_0748,CaseMaster_FIR,CASE_2025_0748,Worli Police Station Records,Primary_Documentary,0.95,2027-03-18T09:33:58,True
EVI_FIR_0749,CaseMaster_FIR,CASE_2025_0749,Juhu Police Station Records,Primary_Documentary,0.95,2027-03-18T15:34:17,True
EVI_FIR_0750,CaseMaster_FIR,CASE_2025_0750,Worli Police Station Records,Primary_Documentary,0.95,2027-03-19T10:30:28,True
EVI_FIR_0751,CaseMaster_FIR,CASE_2025_0751,Byculla Police Station Records,Primary_Documentary,0.95,2027-03-20T09:06:56,True
EVI_FIR_0752,CaseMaster_FIR,CASE_2025_0752,Juhu Police Station Records,Primary_Documentary,0.95,2027-03-21T03:46:27,True
EVI_FIR_0753,CaseMaster_FIR,CASE_2025_0753,Malad Police Station Records,Primary_Documentary,0.95,2027-03-23T07:19:25,True
EVI_FIR_0754,CaseMaster_FIR,CASE_2025_0754,Malad Police Station Records,Primary_Documentary,0.95,2027-03-23T14:30:05,True
EVI_FIR_0755,CaseMaster_FIR,CASE_2025_0755,Worli Police Station Records,Primary_Documentary,0.95,2027-03-25T02:03:18,True
EVI_FIR_0756,CaseMaster_FIR,CASE_2025_0756,Byculla Police Station Records,Primary_Documentary,0.95,2027-03-25T17:26:13,True
EVI_FIR_0757,CaseMaster_FIR,CASE_2025_0757,Andheri Police Station Records,Primary_Documentary,0.95,2027-03-25T23:20:12,True
EVI_FIR_0758,CaseMaster_FIR,CASE_2025_0758,Juhu Police Station Records,Primary_Documentary,0.95,2027-03-26T07:57:07,True
EVI_FIR_0759,CaseMaster_FIR,CASE_2025_0759,Kurla Police Station Records,Primary_Documentary,0.95,2027-03-26T10:44:29,True
EVI_FIR_0760,CaseMaster_FIR,CASE_2025_0760,Byculla Police Station Records,Primary_Documentary,0.95,2027-03-26T16:20:41,True
EVI_FIR_0761,CaseMaster_FIR,CASE_2025_0761,Borivali Police Station Records,Primary_Documentary,0.95,2027-03-28T12:34:28,True
EVI_FIR_0762,CaseMaster_FIR,CASE_2025_0762,Juhu Police Station Records,Primary_Documentary,0.95,2027-03-30T08:37:09,True
EVI_FIR_0763,CaseMaster_FIR,CASE_2025_0763,Juhu Police Station Records,Primary_Documentary,0.95,2027-04-03T14:45:20,True
EVI_FIR_0764,CaseMaster_FIR,CASE_2025_0764,Byculla Police Station Records,Primary_Documentary,0.95,2027-04-03T18:35:10,True
EVI_FIR_0765,CaseMaster_FIR,CASE_2025_0765,Byculla Police Station Records,Primary_Documentary,0.95,2027-04-05T17:18:16,True
EVI_FIR_0766,CaseMaster_FIR,CASE_2025_0766,Ghatkopar Police Station Records,Primary_Documentary,0.95,2027-04-06T11:19:28,True
EVI_FIR_0767,CaseMaster_FIR,CASE_2025_0767,Dharavi Police Station Records,Primary_Documentary,0.95,2027-04-06T15:23:12,True
EVI_FIR_0768,CaseMaster_FIR,CASE_2025_0768,Ghatkopar Police Station Records,Primary_Documentary,0.95,2027-04-08T06:24:13,True
EVI_FIR_0769,CaseMaster_FIR,CASE_2025_0769,Kurla Police Station Records,Primary_Documentary,0.95,2027-04-08T22:06:09,True
EVI_FIR_0770,CaseMaster_FIR,CASE_2025_0770,Kurla Police Station Records,Primary_Documentary,0.95,2027-04-09T16:21:33,True
EVI_FIR_0771,CaseMaster_FIR,CASE_2025_0771,Andheri Police Station Records,Primary_Documentary,0.95,2027-04-09T22:41:29,True
EVI_FIR_0772,CaseMaster_FIR,CASE_2025_0772,Malad Police Station Records,Primary_Documentary,0.95,2027-04-10T11:56:47,True
EVI_FIR_0773,CaseMaster_FIR,CASE_2025_0773,Colaba Police Station Records,Primary_Documentary,0.95,2027-04-11T07:23:44,True
EVI_FIR_0774,CaseMaster_FIR,CASE_2025_0774,Andheri Police Station Records,Primary_Documentary,0.95,2027-04-12T01:38:50,True
EVI_FIR_0775,CaseMaster_FIR,CASE_2025_0775,Colaba Police Station Records,Primary_Documentary,0.95,2027-04-13T16:24:09,True
EVI_FIR_0776,CaseMaster_FIR,CASE_2025_0776,Andheri Police Station Records,Primary_Documentary,0.95,2027-04-13T16:34:42,True
EVI_FIR_0777,CaseMaster_FIR,CASE_2025_0777,Juhu Police Station Records,Primary_Documentary,0.95,2027-04-14T05:00:21,True
EVI_FIR_0778,CaseMaster_FIR,CASE_2025_0778,Chembur Police Station Records,Primary_Documentary,0.95,2027-04-15T20:33:09,True
EVI_FIR_0779,CaseMaster_FIR,CASE_2025_0779,Juhu Police Station Records,Primary_Documentary,0.95,2027-04-18T19:18:34,True
EVI_FIR_0780,CaseMaster_FIR,CASE_2025_0780,Chembur Police Station Records,Primary_Documentary,0.95,2027-04-19T05:00:47,True
EVI_FIR_0781,CaseMaster_FIR,CASE_2025_0781,Malad Police Station Records,Primary_Documentary,0.95,2027-04-19T08:14:03,True
EVI_FIR_0782,CaseMaster_FIR,CASE_2025_0782,Bandra Police Station Records,Primary_Documentary,0.95,2027-04-19T21:42:28,True
EVI_FIR_0783,CaseMaster_FIR,CASE_2025_0783,Bandra Police Station Records,Primary_Documentary,0.95,2027-04-22T21:41:34,True
EVI_FIR_0784,CaseMaster_FIR,CASE_2025_0784,Dharavi Police Station Records,Primary_Documentary,0.95,2027-04-24T12:06:23,True
EVI_FIR_0785,CaseMaster_FIR,CASE_2025_0785,Juhu Police Station Records,Primary_Documentary,0.95,2027-04-24T23:30:56,True
EVI_FIR_0786,CaseMaster_FIR,CASE_2025_0786,Juhu Police Station Records,Primary_Documentary,0.95,2027-05-04T00:56:19,True
EVI_FIR_0787,CaseMaster_FIR,CASE_2025_0787,Andheri Police Station Records,Primary_Documentary,0.95,2027-05-04T09:03:11,True
EVI_FIR_0788,CaseMaster_FIR,CASE_2025_0788,Chembur Police Station Records,Primary_Documentary,0.95,2027-05-05T01:23:40,True
EVI_FIR_0789,CaseMaster_FIR,CASE_2025_0789,Chembur Police Station Records,Primary_Documentary,0.95,2027-05-06T15:56:06,True
EVI_FIR_0790,CaseMaster_FIR,CASE_2025_0790,Ghatkopar Police Station Records,Primary_Documentary,0.95,2027-05-07T02:29:52,True
EVI_FIR_0791,CaseMaster_FIR,CASE_2025_0791,Juhu Police Station Records,Primary_Documentary,0.95,2027-05-07T03:26:03,True
EVI_FIR_0792,CaseMaster_FIR,CASE_2025_0792,Andheri Police Station Records,Primary_Documentary,0.95,2027-05-08T04:35:05,True
EVI_FIR_0793,CaseMaster_FIR,CASE_2025_0793,Colaba Police Station Records,Primary_Documentary,0.95,2027-05-08T23:10:42,True
EVI_FIR_0794,CaseMaster_FIR,CASE_2025_0794,Byculla Police Station Records,Primary_Documentary,0.95,2027-05-09T22:12:43,True
EVI_FIR_0795,CaseMaster_FIR,CASE_2025_0795,Malad Police Station Records,Primary_Documentary,0.95,2027-05-11T10:10:55,True
EVI_FIR_0796,CaseMaster_FIR,CASE_2025_0796,Dharavi Police Station Records,Primary_Documentary,0.95,2027-05-11T16:01:40,True
EVI_FIR_0797,CaseMaster_FIR,CASE_2025_0797,Borivali Police Station Records,Primary_Documentary,0.95,2027-05-11T20:18:36,True
EVI_FIR_0798,CaseMaster_FIR,CASE_2025_0798,Ghatkopar Police Station Records,Primary_Documentary,0.95,2027-05-12T08:46:44,True
EVI_FIR_0799,CaseMaster_FIR,CASE_2025_0799,Bandra Police Station Records,Primary_Documentary,0.95,2027-05-15T02:44:29,True
EVI_FIR_0800,CaseMaster_FIR,CASE_2025_0800,Byculla Police Station Records,Primary_Documentary,0.95,2027-05-17T20:10:33,True
EVI_FIR_0801,CaseMaster_FIR,CASE_2025_0801,Worli Police Station Records,Primary_Documentary,0.95,2027-05-18T02:11:01,True
EVI_FIR_0802,CaseMaster_FIR,CASE_2025_0802,Borivali Police Station Records,Primary_Documentary,0.95,2027-05-18T17:36:12,True
EVI_FIR_0803,CaseMaster_FIR,CASE_2025_0803,Ghatkopar Police Station Records,Primary_Documentary,0.95,2027-05-19T01:29:43,True
EVI_FIR_0804,CaseMaster_FIR,CASE_2025_0804,Ghatkopar Police Station Records,Primary_Documentary,0.95,2027-05-20T16:45:05,True
EVI_FIR_0805,CaseMaster_FIR,CASE_2025_0805,Dharavi Police Station Records,Primary_Documentary,0.95,2027-05-21T21:28:24,True
EVI_FIR_0806,CaseMaster_FIR,CASE_2025_0806,Worli Police Station Records,Primary_Documentary,0.95,2027-05-23T02:40:34,True
EVI_FIR_0807,CaseMaster_FIR,CASE_2025_0807,Andheri Police Station Records,Primary_Documentary,0.95,2027-05-23T02:51:19,True
EVI_FIR_0808,CaseMaster_FIR,CASE_2025_0808,Colaba Police Station Records,Primary_Documentary,0.95,2027-05-23T05:45:58,True
EVI_FIR_0809,CaseMaster_FIR,CASE_2025_0809,Ghatkopar Police Station Records,Primary_Documentary,0.95,2027-05-23T18:51:29,True
EVI_FIR_0810,CaseMaster_FIR,CASE_2025_0810,Malad Police Station Records,Primary_Documentary,0.95,2027-05-24T16:43:37,True
EVI_FIR_0811,CaseMaster_FIR,CASE_2025_0811,Andheri Police Station Records,Primary_Documentary,0.95,2027-05-24T22:54:38,True
EVI_FIR_0812,CaseMaster_FIR,CASE_2025_0812,Kurla Police Station Records,Primary_Documentary,0.95,2027-05-28T09:02:07,True
EVI_FIR_0813,CaseMaster_FIR,CASE_2025_0813,Chembur Police Station Records,Primary_Documentary,0.95,2027-05-28T20:25:26,True
EVI_FIR_0814,CaseMaster_FIR,CASE_2025_0814,Bandra Police Station Records,Primary_Documentary,0.95,2027-05-29T08:01:46,True
EVI_FIR_0815,CaseMaster_FIR,CASE_2025_0815,Bandra Police Station Records,Primary_Documentary,0.95,2027-05-30T02:05:52,True
EVI_FIR_0816,CaseMaster_FIR,CASE_2025_0816,Chembur Police Station Records,Primary_Documentary,0.95,2027-05-30T06:31:36,True
EVI_FIR_0817,CaseMaster_FIR,CASE_2025_0817,Byculla Police Station Records,Primary_Documentary,0.95,2027-05-31T11:03:44,True
EVI_FIR_0818,CaseMaster_FIR,CASE_2025_0818,Juhu Police Station Records,Primary_Documentary,0.95,2027-06-01T02:57:26,True
EVI_FIR_0819,CaseMaster_FIR,CASE_2025_0819,Malad Police Station Records,Primary_Documentary,0.95,2027-06-03T02:10:16,True
EVI_FIR_0820,CaseMaster_FIR,CASE_2025_0820,Andheri Police Station Records,Primary_Documentary,0.95,2027-06-03T04:33:46,True
EVI_FIR_0821,CaseMaster_FIR,CASE_2025_0821,Chembur Police Station Records,Primary_Documentary,0.95,2027-06-03T08:36:22,True
EVI_FIR_0822,CaseMaster_FIR,CASE_2025_0822,Dharavi Police Station Records,Primary_Documentary,0.95,2027-06-03T10:09:19,True
EVI_FIR_0823,CaseMaster_FIR,CASE_2025_0823,Kurla Police Station Records,Primary_Documentary,0.95,2027-06-08T03:44:34,True
EVI_FIR_0824,CaseMaster_FIR,CASE_2025_0824,Dharavi Police Station Records,Primary_Documentary,0.95,2027-06-09T01:03:14,True
EVI_FIR_0825,CaseMaster_FIR,CASE_2025_0825,Ghatkopar Police Station Records,Primary_Documentary,0.95,2027-06-09T17:32:36,True
EVI_FIR_0826,CaseMaster_FIR,CASE_2025_0826,Malad Police Station Records,Primary_Documentary,0.95,2027-06-16T08:52:26,True
EVI_FIR_0827,CaseMaster_FIR,CASE_2025_0827,Ghatkopar Police Station Records,Primary_Documentary,0.95,2027-06-16T10:37:34,True
EVI_FIR_0828,CaseMaster_FIR,CASE_2025_0828,Borivali Police Station Records,Primary_Documentary,0.95,2027-06-17T05:34:16,True
EVI_FIR_0829,CaseMaster_FIR,CASE_2025_0829,Andheri Police Station Records,Primary_Documentary,0.95,2027-06-18T01:20:09,True
EVI_FIR_0830,CaseMaster_FIR,CASE_2025_0830,Chembur Police Station Records,Primary_Documentary,0.95,2027-06-18T07:32:32,True
EVI_FIR_0831,CaseMaster_FIR,CASE_2025_0831,Worli Police Station Records,Primary_Documentary,0.95,2027-06-20T14:51:32,True
EVI_FIR_0832,CaseMaster_FIR,CASE_2025_0832,Borivali Police Station Records,Primary_Documentary,0.95,2027-06-22T16:54:59,True
EVI_FIR_0833,CaseMaster_FIR,CASE_2025_0833,Juhu Police Station Records,Primary_Documentary,0.95,2027-06-22T19:09:55,True
EVI_FIR_0834,CaseMaster_FIR,CASE_2025_0834,Ghatkopar Police Station Records,Primary_Documentary,0.95,2027-06-24T07:56:00,True
EVI_FIR_0835,CaseMaster_FIR,CASE_2025_0835,Malad Police Station Records,Primary_Documentary,0.95,2027-06-24T20:58:31,True
EVI_FIR_0836,CaseMaster_FIR,CASE_2025_0836,Malad Police Station Records,Primary_Documentary,0.95,2027-06-25T00:49:39,True
EVI_FIR_0837,CaseMaster_FIR,CASE_2025_0837,Dharavi Police Station Records,Primary_Documentary,0.95,2027-06-25T19:23:42,True
EVI_FIR_0838,CaseMaster_FIR,CASE_2025_0838,Malad Police Station Records,Primary_Documentary,0.95,2027-06-26T12:53:41,True
EVI_FIR_0839,CaseMaster_FIR,CASE_2025_0839,Bandra Police Station Records,Primary_Documentary,0.95,2027-06-26T22:00:54,True
EVI_FIR_0840,CaseMaster_FIR,CASE_2025_0840,Andheri Police Station Records,Primary_Documentary,0.95,2027-06-29T10:25:12,True
EVI_FIR_0841,CaseMaster_FIR,CASE_2025_0841,Juhu Police Station Records,Primary_Documentary,0.95,2027-06-29T12:43:40,True
EVI_FIR_0842,CaseMaster_FIR,CASE_2025_0842,Juhu Police Station Records,Primary_Documentary,0.95,2027-06-30T13:10:28,True
EVI_FIR_0843,CaseMaster_FIR,CASE_2025_0843,Bandra Police Station Records,Primary_Documentary,0.95,2027-06-30T21:01:58,True
EVI_FIR_0844,CaseMaster_FIR,CASE_2025_0844,Byculla Police Station Records,Primary_Documentary,0.95,2027-07-01T10:37:33,True
EVI_FIR_0845,CaseMaster_FIR,CASE_2025_0845,Dharavi Police Station Records,Primary_Documentary,0.95,2027-07-03T18:43:11,True
EVI_FIR_0846,CaseMaster_FIR,CASE_2025_0846,Borivali Police Station Records,Primary_Documentary,0.95,2027-07-03T19:30:06,True
EVI_FIR_0847,CaseMaster_FIR,CASE_2025_0847,Malad Police Station Records,Primary_Documentary,0.95,2027-07-03T21:39:52,True
EVI_FIR_0848,CaseMaster_FIR,CASE_2025_0848,Borivali Police Station Records,Primary_Documentary,0.95,2027-07-05T22:50:40,True
EVI_FIR_0849,CaseMaster_FIR,CASE_2025_0849,Dharavi Police Station Records,Primary_Documentary,0.95,2027-07-08T02:28:28,True
EVI_FIR_0850,CaseMaster_FIR,CASE_2025_0850,Chembur Police Station Records,Primary_Documentary,0.95,2027-07-09T07:08:49,True
EVI_FIR_0851,CaseMaster_FIR,CASE_2025_0851,Borivali Police Station Records,Primary_Documentary,0.95,2027-07-09T18:58:47,True
EVI_FIR_0852,CaseMaster_FIR,CASE_2025_0852,Colaba Police Station Records,Primary_Documentary,0.95,2027-07-10T03:03:13,True
EVI_FIR_0853,CaseMaster_FIR,CASE_2025_0853,Byculla Police Station Records,Primary_Documentary,0.95,2027-07-10T05:15:20,True
EVI_FIR_0854,CaseMaster_FIR,CASE_2025_0854,Byculla Police Station Records,Primary_Documentary,0.95,2027-07-11T14:59:15,True
EVI_FIR_0855,CaseMaster_FIR,CASE_2025_0855,Borivali Police Station Records,Primary_Documentary,0.95,2027-07-12T04:10:58,True
EVI_FIR_0856,CaseMaster_FIR,CASE_2025_0856,Byculla Police Station Records,Primary_Documentary,0.95,2027-07-14T03:55:50,True
EVI_FIR_0857,CaseMaster_FIR,CASE_2025_0857,Byculla Police Station Records,Primary_Documentary,0.95,2027-07-15T09:56:01,True
EVI_FIR_0858,CaseMaster_FIR,CASE_2025_0858,Byculla Police Station Records,Primary_Documentary,0.95,2027-07-15T19:36:32,True
EVI_FIR_0859,CaseMaster_FIR,CASE_2025_0859,Kurla Police Station Records,Primary_Documentary,0.95,2027-07-19T01:29:59,True
EVI_FIR_0860,CaseMaster_FIR,CASE_2025_0860,Andheri Police Station Records,Primary_Documentary,0.95,2027-07-19T15:37:47,True
EVI_FIR_0861,CaseMaster_FIR,CASE_2025_0861,Chembur Police Station Records,Primary_Documentary,0.95,2027-07-20T04:24:26,True
EVI_FIR_0862,CaseMaster_FIR,CASE_2025_0862,Ghatkopar Police Station Records,Primary_Documentary,0.95,2027-07-20T09:37:51,True
EVI_FIR_0863,CaseMaster_FIR,CASE_2025_0863,Ghatkopar Police Station Records,Primary_Documentary,0.95,2027-07-21T11:30:36,True
EVI_FIR_0864,CaseMaster_FIR,CASE_2025_0864,Borivali Police Station Records,Primary_Documentary,0.95,2027-07-21T12:12:27,True
EVI_FIR_0865,CaseMaster_FIR,CASE_2025_0865,Chembur Police Station Records,Primary_Documentary,0.95,2027-07-21T20:04:24,True
EVI_FIR_0866,CaseMaster_FIR,CASE_2025_0866,Juhu Police Station Records,Primary_Documentary,0.95,2027-07-23T23:13:04,True
EVI_FIR_0867,CaseMaster_FIR,CASE_2025_0867,Juhu Police Station Records,Primary_Documentary,0.95,2027-07-25T01:47:08,True
EVI_FIR_0868,CaseMaster_FIR,CASE_2025_0868,Bandra Police Station Records,Primary_Documentary,0.95,2027-07-25T02:02:11,True
EVI_FIR_0869,CaseMaster_FIR,CASE_2025_0869,Ghatkopar Police Station Records,Primary_Documentary,0.95,2027-07-26T06:26:46,True
EVI_FIR_0870,CaseMaster_FIR,CASE_2025_0870,Ghatkopar Police Station Records,Primary_Documentary,0.95,2027-07-27T00:02:30,True
EVI_FIR_0871,CaseMaster_FIR,CASE_2025_0871,Bandra Police Station Records,Primary_Documentary,0.95,2027-08-01T06:31:49,True
EVI_FIR_0872,CaseMaster_FIR,CASE_2025_0872,Worli Police Station Records,Primary_Documentary,0.95,2027-08-01T10:51:50,True
EVI_FIR_0873,CaseMaster_FIR,CASE_2025_0873,Kurla Police Station Records,Primary_Documentary,0.95,2027-08-02T22:28:51,True
EVI_FIR_0874,CaseMaster_FIR,CASE_2025_0874,Juhu Police Station Records,Primary_Documentary,0.95,2027-08-03T19:07:59,True
EVI_FIR_0875,CaseMaster_FIR,CASE_2025_0875,Juhu Police Station Records,Primary_Documentary,0.95,2027-08-05T02:43:27,True
EVI_FIR_0876,CaseMaster_FIR,CASE_2025_0876,Dharavi Police Station Records,Primary_Documentary,0.95,2027-08-06T01:19:23,True
EVI_FIR_0877,CaseMaster_FIR,CASE_2025_0877,Ghatkopar Police Station Records,Primary_Documentary,0.95,2027-08-08T16:55:10,True
EVI_FIR_0878,CaseMaster_FIR,CASE_2025_0878,Ghatkopar Police Station Records,Primary_Documentary,0.95,2027-08-09T06:30:05,True
EVI_FIR_0879,CaseMaster_FIR,CASE_2025_0879,Worli Police Station Records,Primary_Documentary,0.95,2027-08-11T09:56:51,True
EVI_FIR_0880,CaseMaster_FIR,CASE_2025_0880,Kurla Police Station Records,Primary_Documentary,0.95,2027-08-11T11:17:22,True
EVI_FIR_0881,CaseMaster_FIR,CASE_2025_0881,Juhu Police Station Records,Primary_Documentary,0.95,2027-08-12T10:22:33,True
EVI_FIR_0882,CaseMaster_FIR,CASE_2025_0882,Andheri Police Station Records,Primary_Documentary,0.95,2027-08-13T10:07:14,True
EVI_FIR_0883,CaseMaster_FIR,CASE_2025_0883,Byculla Police Station Records,Primary_Documentary,0.95,2027-08-14T22:35:51,True
EVI_FIR_0884,CaseMaster_FIR,CASE_2025_0884,Andheri Police Station Records,Primary_Documentary,0.95,2027-08-15T05:34:12,True
EVI_FIR_0885,CaseMaster_FIR,CASE_2025_0885,Bandra Police Station Records,Primary_Documentary,0.95,2027-08-20T08:46:06,True
EVI_FIR_0886,CaseMaster_FIR,CASE_2025_0886,Andheri Police Station Records,Primary_Documentary,0.95,2027-08-21T03:36:18,True
EVI_FIR_0887,CaseMaster_FIR,CASE_2025_0887,Worli Police Station Records,Primary_Documentary,0.95,2027-08-21T16:42:22,True
EVI_FIR_0888,CaseMaster_FIR,CASE_2025_0888,Worli Police Station Records,Primary_Documentary,0.95,2027-08-23T10:03:31,True
EVI_FIR_0889,CaseMaster_FIR,CASE_2025_0889,Malad Police Station Records,Primary_Documentary,0.95,2027-08-24T01:52:23,True
EVI_FIR_0890,CaseMaster_FIR,CASE_2025_0890,Malad Police Station Records,Primary_Documentary,0.95,2027-08-24T16:00:37,True
EVI_FIR_0891,CaseMaster_FIR,CASE_2025_0891,Worli Police Station Records,Primary_Documentary,0.95,2027-08-27T11:11:46,True
EVI_FIR_0892,CaseMaster_FIR,CASE_2025_0892,Malad Police Station Records,Primary_Documentary,0.95,2027-08-28T16:01:51,True
EVI_FIR_0893,CaseMaster_FIR,CASE_2025_0893,Borivali Police Station Records,Primary_Documentary,0.95,2027-09-03T05:02:16,True
EVI_FIR_0894,CaseMaster_FIR,CASE_2025_0894,Bandra Police Station Records,Primary_Documentary,0.95,2027-09-03T23:44:58,True
EVI_FIR_0895,CaseMaster_FIR,CASE_2025_0895,Worli Police Station Records,Primary_Documentary,0.95,2027-09-04T16:37:09,True
EVI_FIR_0896,CaseMaster_FIR,CASE_2025_0896,Juhu Police Station Records,Primary_Documentary,0.95,2027-09-05T11:56:27,True
EVI_FIR_0897,CaseMaster_FIR,CASE_2025_0897,Dharavi Police Station Records,Primary_Documentary,0.95,2027-09-05T15:55:40,True
EVI_FIR_0898,CaseMaster_FIR,CASE_2025_0898,Malad Police Station Records,Primary_Documentary,0.95,2027-09-06T15:12:53,True
EVI_FIR_0899,CaseMaster_FIR,CASE_2025_0899,Colaba Police Station Records,Primary_Documentary,0.95,2027-09-06T21:18:40,True
EVI_FIR_0900,CaseMaster_FIR,CASE_2025_0900,Dharavi Police Station Records,Primary_Documentary,0.95,2027-09-07T09:05:06,True
EVI_FIR_0901,CaseMaster_FIR,CASE_2025_0901,Ghatkopar Police Station Records,Primary_Documentary,0.95,2027-09-07T13:23:33,True
EVI_FIR_0902,CaseMaster_FIR,CASE_2025_0902,Dharavi Police Station Records,Primary_Documentary,0.95,2027-09-08T07:41:50,True
EVI_FIR_0903,CaseMaster_FIR,CASE_2025_0903,Dharavi Police Station Records,Primary_Documentary,0.95,2027-09-10T21:25:39,True
EVI_FIR_0904,CaseMaster_FIR,CASE_2025_0904,Juhu Police Station Records,Primary_Documentary,0.95,2027-09-10T23:38:17,True
EVI_FIR_0905,CaseMaster_FIR,CASE_2025_0905,Borivali Police Station Records,Primary_Documentary,0.95,2027-09-10T23:53:10,True
EVI_FIR_0906,CaseMaster_FIR,CASE_2025_0906,Andheri Police Station Records,Primary_Documentary,0.95,2027-09-13T12:20:38,True
EVI_FIR_0907,CaseMaster_FIR,CASE_2025_0907,Malad Police Station Records,Primary_Documentary,0.95,2027-09-15T02:01:32,True
EVI_FIR_0908,CaseMaster_FIR,CASE_2025_0908,Ghatkopar Police Station Records,Primary_Documentary,0.95,2027-09-15T10:28:20,True
EVI_FIR_0909,CaseMaster_FIR,CASE_2025_0909,Andheri Police Station Records,Primary_Documentary,0.95,2027-09-19T11:27:25,True
EVI_FIR_0910,CaseMaster_FIR,CASE_2025_0910,Colaba Police Station Records,Primary_Documentary,0.95,2027-09-20T11:48:07,True
EVI_FIR_0911,CaseMaster_FIR,CASE_2025_0911,Byculla Police Station Records,Primary_Documentary,0.95,2027-09-22T17:45:44,True
EVI_FIR_0912,CaseMaster_FIR,CASE_2025_0912,Borivali Police Station Records,Primary_Documentary,0.95,2027-09-23T20:38:09,True
EVI_FIR_0913,CaseMaster_FIR,CASE_2025_0913,Chembur Police Station Records,Primary_Documentary,0.95,2027-09-23T22:00:20,True
EVI_FIR_0914,CaseMaster_FIR,CASE_2025_0914,Colaba Police Station Records,Primary_Documentary,0.95,2027-09-24T18:05:07,True
EVI_FIR_0915,CaseMaster_FIR,CASE_2025_0915,Andheri Police Station Records,Primary_Documentary,0.95,2027-09-26T01:27:09,True
EVI_FIR_0916,CaseMaster_FIR,CASE_2025_0916,Borivali Police Station Records,Primary_Documentary,0.95,2027-09-27T15:34:19,True
EVI_FIR_0917,CaseMaster_FIR,CASE_2025_0917,Chembur Police Station Records,Primary_Documentary,0.95,2027-10-01T20:57:36,True
EVI_FIR_0918,CaseMaster_FIR,CASE_2025_0918,Ghatkopar Police Station Records,Primary_Documentary,0.95,2027-10-04T08:30:47,True
EVI_FIR_0919,CaseMaster_FIR,CASE_2025_0919,Byculla Police Station Records,Primary_Documentary,0.95,2027-10-05T09:37:44,True
EVI_FIR_0920,CaseMaster_FIR,CASE_2025_0920,Worli Police Station Records,Primary_Documentary,0.95,2027-10-08T12:35:53,True
EVI_FIR_0921,CaseMaster_FIR,CASE_2025_0921,Byculla Police Station Records,Primary_Documentary,0.95,2027-10-09T01:11:28,True
EVI_FIR_0922,CaseMaster_FIR,CASE_2025_0922,Borivali Police Station Records,Primary_Documentary,0.95,2027-10-10T05:54:52,True
EVI_FIR_0923,CaseMaster_FIR,CASE_2025_0923,Kurla Police Station Records,Primary_Documentary,0.95,2027-10-10T10:31:20,True
EVI_FIR_0924,CaseMaster_FIR,CASE_2025_0924,Juhu Police Station Records,Primary_Documentary,0.95,2027-10-11T00:34:12,True
EVI_FIR_0925,CaseMaster_FIR,CASE_2025_0925,Worli Police Station Records,Primary_Documentary,0.95,2027-10-11T05:54:59,True
EVI_FIR_0926,CaseMaster_FIR,CASE_2025_0926,Worli Police Station Records,Primary_Documentary,0.95,2027-10-12T00:13:20,True
EVI_FIR_0927,CaseMaster_FIR,CASE_2025_0927,Borivali Police Station Records,Primary_Documentary,0.95,2027-10-14T01:56:20,True
EVI_FIR_0928,CaseMaster_FIR,CASE_2025_0928,Chembur Police Station Records,Primary_Documentary,0.95,2027-10-14T06:45:45,True
EVI_FIR_0929,CaseMaster_FIR,CASE_2025_0929,Chembur Police Station Records,Primary_Documentary,0.95,2027-10-15T17:38:52,True
EVI_FIR_0930,CaseMaster_FIR,CASE_2025_0930,Kurla Police Station Records,Primary_Documentary,0.95,2027-10-20T19:26:48,True
EVI_FIR_0931,CaseMaster_FIR,CASE_2025_0931,Byculla Police Station Records,Primary_Documentary,0.95,2027-10-22T01:45:58,True
EVI_FIR_0932,CaseMaster_FIR,CASE_2025_0932,Worli Police Station Records,Primary_Documentary,0.95,2027-10-23T05:25:36,True
EVI_FIR_0933,CaseMaster_FIR,CASE_2025_0933,Ghatkopar Police Station Records,Primary_Documentary,0.95,2027-10-23T09:53:21,True
EVI_FIR_0934,CaseMaster_FIR,CASE_2025_0934,Malad Police Station Records,Primary_Documentary,0.95,2027-10-25T04:59:47,True
EVI_FIR_0935,CaseMaster_FIR,CASE_2025_0935,Chembur Police Station Records,Primary_Documentary,0.95,2027-10-25T05:15:09,True
EVI_FIR_0936,CaseMaster_FIR,CASE_2025_0936,Chembur Police Station Records,Primary_Documentary,0.95,2027-10-26T09:57:22,True
EVI_FIR_0937,CaseMaster_FIR,CASE_2025_0937,Ghatkopar Police Station Records,Primary_Documentary,0.95,2027-10-28T02:16:03,True
EVI_FIR_0938,CaseMaster_FIR,CASE_2025_0938,Andheri Police Station Records,Primary_Documentary,0.95,2027-10-28T06:52:07,True
EVI_FIR_0939,CaseMaster_FIR,CASE_2025_0939,Kurla Police Station Records,Primary_Documentary,0.95,2027-10-29T02:30:16,True
EVI_FIR_0940,CaseMaster_FIR,CASE_2025_0940,Andheri Police Station Records,Primary_Documentary,0.95,2027-11-02T17:26:21,True
EVI_FIR_0941,CaseMaster_FIR,CASE_2025_0941,Chembur Police Station Records,Primary_Documentary,0.95,2027-11-03T17:41:39,True
EVI_FIR_0942,CaseMaster_FIR,CASE_2025_0942,Juhu Police Station Records,Primary_Documentary,0.95,2027-11-05T22:07:15,True
EVI_FIR_0943,CaseMaster_FIR,CASE_2025_0943,Malad Police Station Records,Primary_Documentary,0.95,2027-11-06T09:39:01,True
EVI_FIR_0944,CaseMaster_FIR,CASE_2025_0944,Andheri Police Station Records,Primary_Documentary,0.95,2027-11-07T22:46:27,True
EVI_FIR_0945,CaseMaster_FIR,CASE_2025_0945,Byculla Police Station Records,Primary_Documentary,0.95,2027-11-09T12:47:05,True
EVI_FIR_0946,CaseMaster_FIR,CASE_2025_0946,Worli Police Station Records,Primary_Documentary,0.95,2027-11-09T22:25:28,True
EVI_FIR_0947,CaseMaster_FIR,CASE_2025_0947,Dharavi Police Station Records,Primary_Documentary,0.95,2027-11-10T12:19:56,True
EVI_FIR_0948,CaseMaster_FIR,CASE_2025_0948,Andheri Police Station Records,Primary_Documentary,0.95,2027-11-10T17:56:09,True
EVI_FIR_0949,CaseMaster_FIR,CASE_2025_0949,Juhu Police Station Records,Primary_Documentary,0.95,2027-11-10T23:02:35,True
EVI_FIR_0950,CaseMaster_FIR,CASE_2025_0950,Andheri Police Station Records,Primary_Documentary,0.95,2027-11-11T03:43:16,True
EVI_FIR_0951,CaseMaster_FIR,CASE_2025_0951,Kurla Police Station Records,Primary_Documentary,0.95,2027-11-12T13:55:32,True
EVI_FIR_0952,CaseMaster_FIR,CASE_2025_0952,Malad Police Station Records,Primary_Documentary,0.95,2027-11-12T16:09:48,True
EVI_FIR_0953,CaseMaster_FIR,CASE_2025_0953,Chembur Police Station Records,Primary_Documentary,0.95,2027-11-13T11:52:58,True
EVI_FIR_0954,CaseMaster_FIR,CASE_2025_0954,Bandra Police Station Records,Primary_Documentary,0.95,2027-11-15T07:37:59,True
EVI_FIR_0955,CaseMaster_FIR,CASE_2025_0955,Borivali Police Station Records,Primary_Documentary,0.95,2027-11-16T05:34:38,True
EVI_FIR_0956,CaseMaster_FIR,CASE_2025_0956,Colaba Police Station Records,Primary_Documentary,0.95,2027-11-16T06:59:26,True
EVI_FIR_0957,CaseMaster_FIR,CASE_2025_0957,Kurla Police Station Records,Primary_Documentary,0.95,2027-11-16T12:40:07,True
EVI_FIR_0958,CaseMaster_FIR,CASE_2025_0958,Colaba Police Station Records,Primary_Documentary,0.95,2027-11-17T10:20:30,True
EVI_FIR_0959,CaseMaster_FIR,CASE_2025_0959,Juhu Police Station Records,Primary_Documentary,0.95,2027-11-18T18:28:16,True
EVI_FIR_0960,CaseMaster_FIR,CASE_2025_0960,Bandra Police Station Records,Primary_Documentary,0.95,2027-11-19T05:14:59,True
EVI_FIR_0961,CaseMaster_FIR,CASE_2025_0961,Dharavi Police Station Records,Primary_Documentary,0.95,2027-11-20T05:28:29,True
EVI_FIR_0962,CaseMaster_FIR,CASE_2025_0962,Dharavi Police Station Records,Primary_Documentary,0.95,2027-11-20T10:22:26,True
EVI_FIR_0963,CaseMaster_FIR,CASE_2025_0963,Ghatkopar Police Station Records,Primary_Documentary,0.95,2027-11-20T11:22:33,True
EVI_FIR_0964,CaseMaster_FIR,CASE_2025_0964,Kurla Police Station Records,Primary_Documentary,0.95,2027-11-21T02:42:00,True
EVI_FIR_0965,CaseMaster_FIR,CASE_2025_0965,Andheri Police Station Records,Primary_Documentary,0.95,2027-11-21T17:51:43,True
EVI_FIR_0966,CaseMaster_FIR,CASE_2025_0966,Bandra Police Station Records,Primary_Documentary,0.95,2027-11-25T06:30:16,True
EVI_FIR_0967,CaseMaster_FIR,CASE_2025_0967,Kurla Police Station Records,Primary_Documentary,0.95,2027-11-26T05:19:58,True
EVI_FIR_0968,CaseMaster_FIR,CASE_2025_0968,Chembur Police Station Records,Primary_Documentary,0.95,2027-11-26T17:04:34,True
EVI_FIR_0969,CaseMaster_FIR,CASE_2025_0969,Worli Police Station Records,Primary_Documentary,0.95,2027-11-26T20:17:28,True
EVI_FIR_0970,CaseMaster_FIR,CASE_2025_0970,Worli Police Station Records,Primary_Documentary,0.95,2027-11-26T21:03:41,True
EVI_FIR_0971,CaseMaster_FIR,CASE_2025_0971,Chembur Police Station Records,Primary_Documentary,0.95,2027-11-28T16:33:20,True
EVI_FIR_0972,CaseMaster_FIR,CASE_2025_0972,Colaba Police Station Records,Primary_Documentary,0.95,2027-11-29T16:06:48,True
EVI_FIR_0973,CaseMaster_FIR,CASE_2025_0973,Borivali Police Station Records,Primary_Documentary,0.95,2027-11-30T19:38:06,True
EVI_FIR_0974,CaseMaster_FIR,CASE_2025_0974,Juhu Police Station Records,Primary_Documentary,0.95,2027-12-03T18:22:12,True
EVI_FIR_0975,CaseMaster_FIR,CASE_2025_0975,Byculla Police Station Records,Primary_Documentary,0.95,2027-12-03T19:34:28,True
EVI_FIR_0976,CaseMaster_FIR,CASE_2025_0976,Ghatkopar Police Station Records,Primary_Documentary,0.95,2027-12-04T19:13:46,True
EVI_FIR_0977,CaseMaster_FIR,CASE_2025_0977,Malad Police Station Records,Primary_Documentary,0.95,2027-12-05T10:56:18,True
EVI_FIR_0978,CaseMaster_FIR,CASE_2025_0978,Kurla Police Station Records,Primary_Documentary,0.95,2027-12-05T13:29:27,True
EVI_FIR_0979,CaseMaster_FIR,CASE_2025_0979,Dharavi Police Station Records,Primary_Documentary,0.95,2027-12-08T20:49:06,True
EVI_FIR_0980,CaseMaster_FIR,CASE_2025_0980,Byculla Police Station Records,Primary_Documentary,0.95,2027-12-10T20:42:11,True
EVI_FIR_0981,CaseMaster_FIR,CASE_2025_0981,Dharavi Police Station Records,Primary_Documentary,0.95,2027-12-12T08:09:49,True
EVI_FIR_0982,CaseMaster_FIR,CASE_2025_0982,Juhu Police Station Records,Primary_Documentary,0.95,2027-12-13T13:35:15,True
EVI_FIR_0983,CaseMaster_FIR,CASE_2025_0983,Byculla Police Station Records,Primary_Documentary,0.95,2027-12-13T18:02:10,True
EVI_FIR_0984,CaseMaster_FIR,CASE_2025_0984,Borivali Police Station Records,Primary_Documentary,0.95,2027-12-15T19:49:21,True
EVI_FIR_0985,CaseMaster_FIR,CASE_2025_0985,Worli Police Station Records,Primary_Documentary,0.95,2027-12-16T01:09:19,True
EVI_FIR_0986,CaseMaster_FIR,CASE_2025_0986,Bandra Police Station Records,Primary_Documentary,0.95,2027-12-16T01:20:52,True
EVI_FIR_0987,CaseMaster_FIR,CASE_2025_0987,Bandra Police Station Records,Primary_Documentary,0.95,2027-12-16T18:06:51,True
EVI_FIR_0988,CaseMaster_FIR,CASE_2025_0988,Ghatkopar Police Station Records,Primary_Documentary,0.95,2027-12-16T23:00:02,True
EVI_FIR_0989,CaseMaster_FIR,CASE_2025_0989,Colaba Police Station Records,Primary_Documentary,0.95,2027-12-17T08:02:52,True
EVI_FIR_0990,CaseMaster_FIR,CASE_2025_0990,Kurla Police Station Records,Primary_Documentary,0.95,2027-12-17T10:44:12,True
EVI_FIR_0991,CaseMaster_FIR,CASE_2025_0991,Andheri Police Station Records,Primary_Documentary,0.95,2027-12-18T09:07:33,True
EVI_FIR_0992,CaseMaster_FIR,CASE_2025_0992,Borivali Police Station Records,Primary_Documentary,0.95,2027-12-19T11:12:07,True
EVI_FIR_0993,CaseMaster_FIR,CASE_2025_0993,Colaba Police Station Records,Primary_Documentary,0.95,2027-12-20T02:39:05,True
EVI_FIR_0994,CaseMaster_FIR,CASE_2025_0994,Juhu Police Station Records,Primary_Documentary,0.95,2027-12-20T11:33:08,True
EVI_FIR_0995,CaseMaster_FIR,CASE_2025_0995,Colaba Police Station Records,Primary_Documentary,0.95,2027-12-24T03:17:26,True
EVI_FIR_0996,CaseMaster_FIR,CASE_2025_0996,Ghatkopar Police Station Records,Primary_Documentary,0.95,2027-12-26T11:38:09,True
EVI_FIR_0997,CaseMaster_FIR,CASE_2025_0997,Worli Police Station Records,Primary_Documentary,0.95,2027-12-27T22:38:10,True
EVI_FIR_0998,CaseMaster_FIR,CASE_2025_0998,Chembur Police Station Records,Primary_Documentary,0.95,2027-12-28T08:28:32,True
EVI_FIR_0999,CaseMaster_FIR,CASE_2025_0999,Bandra Police Station Records,Primary_Documentary,0.95,2027-12-30T02:30:46,True
EVI_FIR_1000,CaseMaster_FIR,CASE_2025_1000,Juhu Police Station Records,Primary_Documentary,0.95,2027-12-31T02:08:18,True
EVI_TXN_000001,Banking_FIU_Record,TXN_000001,Core Banking Switch Log,Transactional_Evidence,0.9,2025-02-05T16:22:52,True
EVI_TXN_000002,Banking_FIU_Record,TXN_000002,Core Banking Switch Log,Transactional_Evidence,0.9,2026-09-23T23:18:24,True
EVI_TXN_000003,Banking_FIU_Record,TXN_000003,Core Banking Switch Log,Transactional_Evidence,0.9,2025-06-18T06:33:03,True
EVI_TXN_000004,Banking_FIU_Record,TXN_000004,Core Banking Switch Log,Transactional_Evidence,0.9,2027-04-15T20:33:09,True
EVI_TXN_000005,Banking_FIU_Record,TXN_000005,Core Banking Switch Log,Transactional_Evidence,0.9,2025-04-07T11:29:19,True
EVI_TXN_000006,Banking_FIU_Record,TXN_000006,Core Banking Switch Log,Transactional_Evidence,0.9,2026-08-02T06:31:48,True
EVI_TXN_000007,Banking_FIU_Record,TXN_000007,Core Banking Switch Log,Transactional_Evidence,0.9,2026-09-13T13:53:39,True
EVI_TXN_000008,Banking_FIU_Record,TXN_000008,Core Banking Switch Log,Transactional_Evidence,0.9,2026-03-04T14:44:48,True
EVI_TXN_000009,Banking_FIU_Record,TXN_000009,Core Banking Switch Log,Transactional_Evidence,0.9,2025-10-16T16:02:13,True
EVI_TXN_000010,Banking_FIU_Record,TXN_000010,Core Banking Switch Log,Transactional_Evidence,0.9,2025-09-13T02:52:37,True
EVI_TXN_000011,Banking_FIU_Record,TXN_000011,Core Banking Switch Log,Transactional_Evidence,0.9,2027-01-19T16:02:29,True
EVI_TXN_000012,Banking_FIU_Record,TXN_000012,Core Banking Switch Log,Transactional_Evidence,0.9,2025-03-27T03:06:28,True
EVI_TXN_000013,Banking_FIU_Record,TXN_000013,Core Banking Switch Log,Transactional_Evidence,0.9,2026-03-22T09:16:48,True
EVI_TXN_000014,Banking_FIU_Record,TXN_000014,Core Banking Switch Log,Transactional_Evidence,0.9,2025-10-12T15:40:50,True
EVI_TXN_000015,Banking_FIU_Record,TXN_000015,Core Banking Switch Log,Transactional_Evidence,0.9,2026-06-12T01:57:18,True
EVI_TXN_000016,Banking_FIU_Record,TXN_000016,Core Banking Switch Log,Transactional_Evidence,0.9,2026-10-03T02:23:37,True
EVI_TXN_000017,Banking_FIU_Record,TXN_000017,Core Banking Switch Log,Transactional_Evidence,0.9,2027-01-13T08:42:49,True
EVI_TXN_000018,Banking_FIU_Record,TXN_000018,Core Banking Switch Log,Transactional_Evidence,0.9,2025-11-15T11:54:00,True
EVI_TXN_000019,Banking_FIU_Record,TXN_000019,Core Banking Switch Log,Transactional_Evidence,0.9,2026-06-21T19:51:49,True
EVI_TXN_000020,Banking_FIU_Record,TXN_000020,Core Banking Switch Log,Transactional_Evidence,0.9,2025-04-28T12:39:42,True
EVI_TXN_000021,Banking_FIU_Record,TXN_000021,Core Banking Switch Log,Transactional_Evidence,0.9,2026-06-08T05:22:22,True
EVI_TXN_000022,Banking_FIU_Record,TXN_000022,Core Banking Switch Log,Transactional_Evidence,0.9,2027-09-07T09:05:06,True
EVI_TXN_000023,Banking_FIU_Record,TXN_000023,Core Banking Switch Log,Transactional_Evidence,0.9,2026-12-25T10:27:29,True
EVI_TXN_000024,Banking_FIU_Record,TXN_000024,Core Banking Switch Log,Transactional_Evidence,0.9,2027-04-12T01:38:50,True
EVI_TXN_000025,Banking_FIU_Record,TXN_000025,Core Banking Switch Log,Transactional_Evidence,0.9,2027-10-10T05:54:52,True
EVI_TXN_000026,Banking_FIU_Record,TXN_000026,Core Banking Switch Log,Transactional_Evidence,0.9,2025-08-02T14:38:45,True
EVI_TXN_000027,Banking_FIU_Record,TXN_000027,Core Banking Switch Log,Transactional_Evidence,0.9,2027-08-12T10:22:33,True
EVI_TXN_000028,Banking_FIU_Record,TXN_000028,Core Banking Switch Log,Transactional_Evidence,0.9,2027-03-06T07:18:38,True
EVI_TXN_000029,Banking_FIU_Record,TXN_000029,Core Banking Switch Log,Transactional_Evidence,0.9,2025-04-08T14:28:09,True
EVI_TXN_000030,Banking_FIU_Record,TXN_000030,Core Banking Switch Log,Transactional_Evidence,0.9,2026-12-10T18:46:01,True
EVI_TXN_000031,Banking_FIU_Record,TXN_000031,Core Banking Switch Log,Transactional_Evidence,0.9,2026-08-02T06:31:48,True
EVI_TXN_000032,Banking_FIU_Record,TXN_000032,Core Banking Switch Log,Transactional_Evidence,0.9,2025-04-08T19:34:17,True
EVI_TXN_000033,Banking_FIU_Record,TXN_000033,Core Banking Switch Log,Transactional_Evidence,0.9,2026-06-04T16:27:25,True
EVI_TXN_000034,Banking_FIU_Record,TXN_000034,Core Banking Switch Log,Transactional_Evidence,0.9,2025-10-13T15:15:21,True
EVI_TXN_000035,Banking_FIU_Record,TXN_000035,Core Banking Switch Log,Transactional_Evidence,0.9,2027-02-28T23:59:23,True
EVI_TXN_000036,Banking_FIU_Record,TXN_000036,Core Banking Switch Log,Transactional_Evidence,0.9,2027-04-06T11:19:28,True
EVI_TXN_000037,Banking_FIU_Record,TXN_000037,Core Banking Switch Log,Transactional_Evidence,0.9,2025-04-03T14:35:21,True
EVI_TXN_000038,Banking_FIU_Record,TXN_000038,Core Banking Switch Log,Transactional_Evidence,0.9,2025-09-18T00:25:04,True
EVI_TXN_000039,Banking_FIU_Record,TXN_000039,Core Banking Switch Log,Transactional_Evidence,0.9,2025-12-19T05:08:57,True
EVI_TXN_000040,Banking_FIU_Record,TXN_000040,Core Banking Switch Log,Transactional_Evidence,0.9,2027-01-05T05:25:55,True
EVI_TXN_000041,Banking_FIU_Record,TXN_000041,Core Banking Switch Log,Transactional_Evidence,0.9,2026-08-27T13:26:33,True
EVI_TXN_000042,Banking_FIU_Record,TXN_000042,Core Banking Switch Log,Transactional_Evidence,0.9,2027-09-07T13:23:33,True
EVI_TXN_000043,Banking_FIU_Record,TXN_000043,Core Banking Switch Log,Transactional_Evidence,0.9,2027-06-16T10:37:34,True
EVI_TXN_000044,Banking_FIU_Record,TXN_000044,Core Banking Switch Log,Transactional_Evidence,0.9,2025-10-13T08:51:30,True
EVI_TXN_000045,Banking_FIU_Record,TXN_000045,Core Banking Switch Log,Transactional_Evidence,0.9,2027-02-27T21:22:11,True
EVI_TXN_000046,Banking_FIU_Record,TXN_000046,Core Banking Switch Log,Transactional_Evidence,0.9,2025-04-07T11:29:19,True
EVI_TXN_000047,Banking_FIU_Record,TXN_000047,Core Banking Switch Log,Transactional_Evidence,0.9,2025-05-09T10:57:49,True
EVI_TXN_000048,Banking_FIU_Record,TXN_000048,Core Banking Switch Log,Transactional_Evidence,0.9,2027-10-12T00:13:20,True
EVI_TXN_000049,Banking_FIU_Record,TXN_000049,Core Banking Switch Log,Transactional_Evidence,0.9,2025-02-24T17:13:13,True
EVI_TXN_000050,Banking_FIU_Record,TXN_000050,Core Banking Switch Log,Transactional_Evidence,0.9,2025-09-26T03:56:08,True
EVI_TXN_000051,Banking_FIU_Record,TXN_000051,Core Banking Switch Log,Transactional_Evidence,0.9,2027-08-21T03:36:18,True
EVI_TXN_000052,Banking_FIU_Record,TXN_000052,Core Banking Switch Log,Transactional_Evidence,0.9,2027-05-18T17:36:12,True
EVI_TXN_000053,Banking_FIU_Record,TXN_000053,Core Banking Switch Log,Transactional_Evidence,0.9,2025-04-11T17:11:58,True
EVI_TXN_000054,Banking_FIU_Record,TXN_000054,Core Banking Switch Log,Transactional_Evidence,0.9,2027-06-29T12:43:40,True
EVI_TXN_000055,Banking_FIU_Record,TXN_000055,Core Banking Switch Log,Transactional_Evidence,0.9,2027-08-21T03:36:18,True
EVI_TXN_000056,Banking_FIU_Record,TXN_000056,Core Banking Switch Log,Transactional_Evidence,0.9,2026-01-01T12:48:25,True
EVI_TXN_000057,Banking_FIU_Record,TXN_000057,Core Banking Switch Log,Transactional_Evidence,0.9,2025-04-11T17:14:54,True
EVI_TXN_000058,Banking_FIU_Record,TXN_000058,Core Banking Switch Log,Transactional_Evidence,0.9,2026-03-10T21:35:43,True
EVI_TXN_000059,Banking_FIU_Record,TXN_000059,Core Banking Switch Log,Transactional_Evidence,0.9,2027-01-21T10:44:31,True
EVI_TXN_000060,Banking_FIU_Record,TXN_000060,Core Banking Switch Log,Transactional_Evidence,0.9,2027-11-06T09:39:01,True
EVI_TXN_000061,Banking_FIU_Record,TXN_000061,Core Banking Switch Log,Transactional_Evidence,0.9,2026-12-30T07:12:08,True
EVI_TXN_000062,Banking_FIU_Record,TXN_000062,Core Banking Switch Log,Transactional_Evidence,0.9,2027-11-20T11:22:33,True
EVI_TXN_000063,Banking_FIU_Record,TXN_000063,Core Banking Switch Log,Transactional_Evidence,0.9,2027-07-11T14:59:15,True
EVI_TXN_000064,Banking_FIU_Record,TXN_000064,Core Banking Switch Log,Transactional_Evidence,0.9,2026-05-18T09:04:22,True
EVI_TXN_000065,Banking_FIU_Record,TXN_000065,Core Banking Switch Log,Transactional_Evidence,0.9,2025-10-31T10:59:56,True
EVI_TXN_000066,Banking_FIU_Record,TXN_000066,Core Banking Switch Log,Transactional_Evidence,0.9,2027-06-16T08:52:26,True
EVI_TXN_000067,Banking_FIU_Record,TXN_000067,Core Banking Switch Log,Transactional_Evidence,0.9,2026-04-09T07:50:55,True
EVI_TXN_000068,Banking_FIU_Record,TXN_000068,Core Banking Switch Log,Transactional_Evidence,0.9,2025-04-25T08:33:04,True
EVI_TXN_000069,Banking_FIU_Record,TXN_000069,Core Banking Switch Log,Transactional_Evidence,0.9,2027-06-09T01:03:14,True
EVI_TXN_000070,Banking_FIU_Record,TXN_000070,Core Banking Switch Log,Transactional_Evidence,0.9,2027-06-03T08:36:22,True
EVI_TXN_000071,Banking_FIU_Record,TXN_000071,Core Banking Switch Log,Transactional_Evidence,0.9,2027-09-24T18:05:07,True
EVI_TXN_000072,Banking_FIU_Record,TXN_000072,Core Banking Switch Log,Transactional_Evidence,0.9,2025-10-08T10:29:22,True
EVI_TXN_000073,Banking_FIU_Record,TXN_000073,Core Banking Switch Log,Transactional_Evidence,0.9,2025-10-23T20:14:05,True
EVI_TXN_000074,Banking_FIU_Record,TXN_000074,Core Banking Switch Log,Transactional_Evidence,0.9,2025-04-22T08:49:05,True
EVI_TXN_000075,Banking_FIU_Record,TXN_000075,Core Banking Switch Log,Transactional_Evidence,0.9,2025-12-31T23:29:59,True
EVI_TXN_000076,Banking_FIU_Record,TXN_000076,Core Banking Switch Log,Transactional_Evidence,0.9,2025-01-28T17:07:01,True
EVI_TXN_000077,Banking_FIU_Record,TXN_000077,Core Banking Switch Log,Transactional_Evidence,0.9,2027-08-03T19:07:59,True
EVI_TXN_000078,Banking_FIU_Record,TXN_000078,Core Banking Switch Log,Transactional_Evidence,0.9,2026-06-08T05:13:38,True
EVI_TXN_000079,Banking_FIU_Record,TXN_000079,Core Banking Switch Log,Transactional_Evidence,0.9,2027-03-07T13:41:48,True
EVI_TXN_000080,Banking_FIU_Record,TXN_000080,Core Banking Switch Log,Transactional_Evidence,0.9,2026-09-25T06:22:42,True
EVI_TXN_000081,Banking_FIU_Record,TXN_000081,Core Banking Switch Log,Transactional_Evidence,0.9,2025-10-10T02:52:38,True
EVI_TXN_000082,Banking_FIU_Record,TXN_000082,Core Banking Switch Log,Transactional_Evidence,0.9,2027-07-12T04:10:58,True
EVI_TXN_000083,Banking_FIU_Record,TXN_000083,Core Banking Switch Log,Transactional_Evidence,0.9,2027-05-17T20:10:33,True
EVI_TXN_000084,Banking_FIU_Record,TXN_000084,Core Banking Switch Log,Transactional_Evidence,0.9,2025-04-28T12:39:42,True
EVI_TXN_000085,Banking_FIU_Record,TXN_000085,Core Banking Switch Log,Transactional_Evidence,0.9,2027-05-04T00:56:19,True
EVI_TXN_000086,Banking_FIU_Record,TXN_000086,Core Banking Switch Log,Transactional_Evidence,0.9,2025-04-11T17:11:58,True
EVI_TXN_000087,Banking_FIU_Record,TXN_000087,Core Banking Switch Log,Transactional_Evidence,0.9,2025-04-01T20:54:03,True
EVI_TXN_000088,Banking_FIU_Record,TXN_000088,Core Banking Switch Log,Transactional_Evidence,0.9,2027-06-09T17:32:36,True
EVI_TXN_000089,Banking_FIU_Record,TXN_000089,Core Banking Switch Log,Transactional_Evidence,0.9,2026-02-19T08:57:51,True
EVI_TXN_000090,Banking_FIU_Record,TXN_000090,Core Banking Switch Log,Transactional_Evidence,0.9,2027-12-15T19:49:21,True
EVI_TXN_000091,Banking_FIU_Record,TXN_000091,Core Banking Switch Log,Transactional_Evidence,0.9,2027-12-17T08:02:52,True
EVI_TXN_000092,Banking_FIU_Record,TXN_000092,Core Banking Switch Log,Transactional_Evidence,0.9,2026-09-25T06:22:42,True
EVI_TXN_000093,Banking_FIU_Record,TXN_000093,Core Banking Switch Log,Transactional_Evidence,0.9,2027-04-08T22:06:09,True
EVI_TXN_000094,Banking_FIU_Record,TXN_000094,Core Banking Switch Log,Transactional_Evidence,0.9,2026-06-08T05:13:38,True
EVI_TXN_000095,Banking_FIU_Record,TXN_000095,Core Banking Switch Log,Transactional_Evidence,0.9,2025-01-18T04:29:59,True
EVI_TXN_000096,Banking_FIU_Record,TXN_000096,Core Banking Switch Log,Transactional_Evidence,0.9,2027-01-30T11:19:20,True
EVI_TXN_000097,Banking_FIU_Record,TXN_000097,Core Banking Switch Log,Transactional_Evidence,0.9,2026-04-01T03:23:16,True
EVI_TXN_000098,Banking_FIU_Record,TXN_000098,Core Banking Switch Log,Transactional_Evidence,0.9,2026-04-18T07:54:37,True
EVI_TXN_000099,Banking_FIU_Record,TXN_000099,Core Banking Switch Log,Transactional_Evidence,0.9,2025-08-05T03:43:54,True
EVI_TXN_000100,Banking_FIU_Record,TXN_000100,Core Banking Switch Log,Transactional_Evidence,0.9,2025-07-07T05:03:22,True
EVI_TXN_000101,Banking_FIU_Record,TXN_000101,Core Banking Switch Log,Transactional_Evidence,0.9,2027-07-10T05:15:20,True
EVI_TXN_000102,Banking_FIU_Record,TXN_000102,Core Banking Switch Log,Transactional_Evidence,0.9,2025-10-22T03:46:17,True
EVI_TXN_000103,Banking_FIU_Record,TXN_000103,Core Banking Switch Log,Transactional_Evidence,0.9,2027-09-03T23:44:58,True
EVI_TXN_000104,Banking_FIU_Record,TXN_000104,Core Banking Switch Log,Transactional_Evidence,0.9,2027-11-21T02:42:00,True
EVI_TXN_000105,Banking_FIU_Record,TXN_000105,Core Banking Switch Log,Transactional_Evidence,0.9,2027-01-20T23:48:37,True
EVI_TXN_000106,Banking_FIU_Record,TXN_000106,Core Banking Switch Log,Transactional_Evidence,0.9,2026-08-23T08:13:23,True
EVI_TXN_000107,Banking_FIU_Record,TXN_000107,Core Banking Switch Log,Transactional_Evidence,0.9,2027-10-22T01:45:58,True
EVI_TXN_000108,Banking_FIU_Record,TXN_000108,Core Banking Switch Log,Transactional_Evidence,0.9,2026-10-22T22:26:48,True
EVI_TXN_000109,Banking_FIU_Record,TXN_000109,Core Banking Switch Log,Transactional_Evidence,0.9,2025-04-03T17:04:22,True
EVI_TXN_000110,Banking_FIU_Record,TXN_000110,Core Banking Switch Log,Transactional_Evidence,0.9,2026-09-27T23:14:55,True
EVI_TXN_000111,Banking_FIU_Record,TXN_000111,Core Banking Switch Log,Transactional_Evidence,0.9,2027-01-21T10:44:31,True
EVI_TXN_000112,Banking_FIU_Record,TXN_000112,Core Banking Switch Log,Transactional_Evidence,0.9,2025-04-13T05:36:58,True
EVI_TXN_000113,Banking_FIU_Record,TXN_000113,Core Banking Switch Log,Transactional_Evidence,0.9,2027-05-28T09:02:07,True
EVI_TXN_000114,Banking_FIU_Record,TXN_000114,Core Banking Switch Log,Transactional_Evidence,0.9,2027-01-22T13:50:16,True
EVI_TXN_000115,Banking_FIU_Record,TXN_000115,Core Banking Switch Log,Transactional_Evidence,0.9,2026-10-04T07:04:03,True
EVI_TXN_000116,Banking_FIU_Record,TXN_000116,Core Banking Switch Log,Transactional_Evidence,0.9,2027-12-16T01:09:19,True
EVI_TXN_000117,Banking_FIU_Record,TXN_000117,Core Banking Switch Log,Transactional_Evidence,0.9,2025-02-23T04:00:04,True
EVI_TXN_000118,Banking_FIU_Record,TXN_000118,Core Banking Switch Log,Transactional_Evidence,0.9,2026-04-23T13:10:19,True
EVI_TXN_000119,Banking_FIU_Record,TXN_000119,Core Banking Switch Log,Transactional_Evidence,0.9,2027-01-04T19:33:01,True
EVI_TXN_000120,Banking_FIU_Record,TXN_000120,Core Banking Switch Log,Transactional_Evidence,0.9,2027-06-24T07:56:00,True
EVI_TXN_000121,Banking_FIU_Record,TXN_000121,Core Banking Switch Log,Transactional_Evidence,0.9,2027-08-21T03:36:18,True
EVI_TXN_000122,Banking_FIU_Record,TXN_000122,Core Banking Switch Log,Transactional_Evidence,0.9,2025-06-09T04:49:21,True
EVI_TXN_000123,Banking_FIU_Record,TXN_000123,Core Banking Switch Log,Transactional_Evidence,0.9,2026-08-19T06:22:35,True
EVI_TXN_000124,Banking_FIU_Record,TXN_000124,Core Banking Switch Log,Transactional_Evidence,0.9,2026-10-22T04:32:14,True
EVI_TXN_000125,Banking_FIU_Record,TXN_000125,Core Banking Switch Log,Transactional_Evidence,0.9,2025-07-21T22:40:33,True
EVI_TXN_000126,Banking_FIU_Record,TXN_000126,Core Banking Switch Log,Transactional_Evidence,0.9,2027-11-16T06:59:26,True
EVI_TXN_000127,Banking_FIU_Record,TXN_000127,Core Banking Switch Log,Transactional_Evidence,0.9,2026-08-19T14:10:07,True
EVI_TXN_000128,Banking_FIU_Record,TXN_000128,Core Banking Switch Log,Transactional_Evidence,0.9,2027-05-08T04:35:05,True
EVI_TXN_000129,Banking_FIU_Record,TXN_000129,Core Banking Switch Log,Transactional_Evidence,0.9,2027-03-11T13:07:57,True
EVI_TXN_000130,Banking_FIU_Record,TXN_000130,Core Banking Switch Log,Transactional_Evidence,0.9,2026-06-04T00:57:22,True
EVI_TXN_000131,Banking_FIU_Record,TXN_000131,Core Banking Switch Log,Transactional_Evidence,0.9,2025-09-05T02:18:12,True
EVI_TXN_000132,Banking_FIU_Record,TXN_000132,Core Banking Switch Log,Transactional_Evidence,0.9,2027-10-26T09:57:22,True
EVI_TXN_000133,Banking_FIU_Record,TXN_000133,Core Banking Switch Log,Transactional_Evidence,0.9,2025-04-17T02:55:00,True
EVI_TXN_000134,Banking_FIU_Record,TXN_000134,Core Banking Switch Log,Transactional_Evidence,0.9,2025-01-21T13:05:27,True
EVI_TXN_000135,Banking_FIU_Record,TXN_000135,Core Banking Switch Log,Transactional_Evidence,0.9,2026-01-11T22:49:15,True
EVI_TXN_000136,Banking_FIU_Record,TXN_000136,Core Banking Switch Log,Transactional_Evidence,0.9,2027-12-05T13:29:27,True
EVI_TXN_000137,Banking_FIU_Record,TXN_000137,Core Banking Switch Log,Transactional_Evidence,0.9,2025-09-01T10:17:52,True
EVI_TXN_000138,Banking_FIU_Record,TXN_000138,Core Banking Switch Log,Transactional_Evidence,0.9,2027-04-18T19:18:34,True
EVI_TXN_000139,Banking_FIU_Record,TXN_000139,Core Banking Switch Log,Transactional_Evidence,0.9,2025-12-26T18:29:10,True
EVI_TXN_000140,Banking_FIU_Record,TXN_000140,Core Banking Switch Log,Transactional_Evidence,0.9,2026-09-01T09:48:45,True
EVI_TXN_000141,Banking_FIU_Record,TXN_000141,Core Banking Switch Log,Transactional_Evidence,0.9,2025-09-06T00:30:46,True
EVI_TXN_000142,Banking_FIU_Record,TXN_000142,Core Banking Switch Log,Transactional_Evidence,0.9,2026-12-30T07:12:08,True
EVI_TXN_000143,Banking_FIU_Record,TXN_000143,Core Banking Switch Log,Transactional_Evidence,0.9,2026-04-26T12:30:15,True
EVI_TXN_000144,Banking_FIU_Record,TXN_000144,Core Banking Switch Log,Transactional_Evidence,0.9,2027-07-23T23:13:04,True
EVI_TXN_000145,Banking_FIU_Record,TXN_000145,Core Banking Switch Log,Transactional_Evidence,0.9,2026-02-03T07:40:53,True
EVI_TXN_000146,Banking_FIU_Record,TXN_000146,Core Banking Switch Log,Transactional_Evidence,0.9,2026-09-01T09:48:45,True
EVI_TXN_000147,Banking_FIU_Record,TXN_000147,Core Banking Switch Log,Transactional_Evidence,0.9,2027-05-11T10:10:55,True
EVI_TXN_000148,Banking_FIU_Record,TXN_000148,Core Banking Switch Log,Transactional_Evidence,0.9,2027-01-10T14:34:48,True
EVI_TXN_000149,Banking_FIU_Record,TXN_000149,Core Banking Switch Log,Transactional_Evidence,0.9,2026-12-10T18:46:01,True
EVI_TXN_000150,Banking_FIU_Record,TXN_000150,Core Banking Switch Log,Transactional_Evidence,0.9,2027-10-23T05:25:36,True
EVI_TXN_000151,Banking_FIU_Record,TXN_000151,Core Banking Switch Log,Transactional_Evidence,0.9,2026-06-18T19:10:13,True
EVI_TXN_000152,Banking_FIU_Record,TXN_000152,Core Banking Switch Log,Transactional_Evidence,0.9,2026-05-22T11:13:45,True
EVI_TXN_000153,Banking_FIU_Record,TXN_000153,Core Banking Switch Log,Transactional_Evidence,0.9,2027-12-18T09:07:33,True
EVI_TXN_000154,Banking_FIU_Record,TXN_000154,Core Banking Switch Log,Transactional_Evidence,0.9,2025-04-15T13:30:29,True
EVI_TXN_000155,Banking_FIU_Record,TXN_000155,Core Banking Switch Log,Transactional_Evidence,0.9,2025-04-11T17:11:58,True
EVI_TXN_000156,Banking_FIU_Record,TXN_000156,Core Banking Switch Log,Transactional_Evidence,0.9,2026-12-11T22:01:39,True
EVI_TXN_000157,Banking_FIU_Record,TXN_000157,Core Banking Switch Log,Transactional_Evidence,0.9,2025-04-22T15:22:13,True
EVI_TXN_000158,Banking_FIU_Record,TXN_000158,Core Banking Switch Log,Transactional_Evidence,0.9,2025-04-20T21:21:57,True
EVI_TXN_000159,Banking_FIU_Record,TXN_000159,Core Banking Switch Log,Transactional_Evidence,0.9,2027-03-28T12:34:28,True
EVI_TXN_000160,Banking_FIU_Record,TXN_000160,Core Banking Switch Log,Transactional_Evidence,0.9,2025-02-12T10:27:07,True
EVI_TXN_000161,Banking_FIU_Record,TXN_000161,Core Banking Switch Log,Transactional_Evidence,0.9,2026-02-16T17:23:00,True
EVI_TXN_000162,Banking_FIU_Record,TXN_000162,Core Banking Switch Log,Transactional_Evidence,0.9,2027-11-29T16:06:48,True
EVI_TXN_000163,Banking_FIU_Record,TXN_000163,Core Banking Switch Log,Transactional_Evidence,0.9,2025-03-08T09:37:55,True
EVI_TXN_000164,Banking_FIU_Record,TXN_000164,Core Banking Switch Log,Transactional_Evidence,0.9,2025-06-24T17:37:44,True
EVI_TXN_000165,Banking_FIU_Record,TXN_000165,Core Banking Switch Log,Transactional_Evidence,0.9,2027-08-11T11:17:22,True
EVI_TXN_000166,Banking_FIU_Record,TXN_000166,Core Banking Switch Log,Transactional_Evidence,0.9,2025-04-18T14:18:38,True
EVI_TXN_000167,Banking_FIU_Record,TXN_000167,Core Banking Switch Log,Transactional_Evidence,0.9,2025-03-10T22:53:17,True
EVI_TXN_000168,Banking_FIU_Record,TXN_000168,Core Banking Switch Log,Transactional_Evidence,0.9,2026-07-05T22:04:23,True
EVI_TXN_000169,Banking_FIU_Record,TXN_000169,Core Banking Switch Log,Transactional_Evidence,0.9,2026-07-17T23:20:15,True
EVI_TXN_000170,Banking_FIU_Record,TXN_000170,Core Banking Switch Log,Transactional_Evidence,0.9,2025-04-11T17:11:58,True
EVI_TXN_000171,Banking_FIU_Record,TXN_000171,Core Banking Switch Log,Transactional_Evidence,0.9,2025-03-27T03:06:28,True
EVI_TXN_000172,Banking_FIU_Record,TXN_000172,Core Banking Switch Log,Transactional_Evidence,0.9,2026-07-29T04:53:09,True
EVI_TXN_000173,Banking_FIU_Record,TXN_000173,Core Banking Switch Log,Transactional_Evidence,0.9,2027-09-06T21:18:40,True
EVI_TXN_000174,Banking_FIU_Record,TXN_000174,Core Banking Switch Log,Transactional_Evidence,0.9,2027-07-05T22:50:40,True
EVI_TXN_000175,Banking_FIU_Record,TXN_000175,Core Banking Switch Log,Transactional_Evidence,0.9,2026-02-23T07:13:15,True
EVI_TXN_000176,Banking_FIU_Record,TXN_000176,Core Banking Switch Log,Transactional_Evidence,0.9,2025-04-08T04:18:45,True
EVI_TXN_000177,Banking_FIU_Record,TXN_000177,Core Banking Switch Log,Transactional_Evidence,0.9,2027-01-04T19:33:01,True
EVI_TXN_000178,Banking_FIU_Record,TXN_000178,Core Banking Switch Log,Transactional_Evidence,0.9,2026-10-10T14:47:05,True
EVI_TXN_000179,Banking_FIU_Record,TXN_000179,Core Banking Switch Log,Transactional_Evidence,0.9,2027-07-25T02:02:11,True
EVI_TXN_000180,Banking_FIU_Record,TXN_000180,Core Banking Switch Log,Transactional_Evidence,0.9,2027-07-23T23:13:04,True
EVI_TXN_000181,Banking_FIU_Record,TXN_000181,Core Banking Switch Log,Transactional_Evidence,0.9,2026-10-22T04:32:14,True
EVI_TXN_000182,Banking_FIU_Record,TXN_000182,Core Banking Switch Log,Transactional_Evidence,0.9,2027-11-07T22:46:27,True
EVI_TXN_000183,Banking_FIU_Record,TXN_000183,Core Banking Switch Log,Transactional_Evidence,0.9,2025-04-22T21:15:03,True
EVI_TXN_000184,Banking_FIU_Record,TXN_000184,Core Banking Switch Log,Transactional_Evidence,0.9,2026-05-06T14:29:58,True
EVI_TXN_000185,Banking_FIU_Record,TXN_000185,Core Banking Switch Log,Transactional_Evidence,0.9,2025-04-30T16:38:10,True
EVI_TXN_000186,Banking_FIU_Record,TXN_000186,Core Banking Switch Log,Transactional_Evidence,0.9,2026-06-04T16:27:25,True
EVI_TXN_000187,Banking_FIU_Record,TXN_000187,Core Banking Switch Log,Transactional_Evidence,0.9,2025-04-12T15:54:32,True
EVI_TXN_000188,Banking_FIU_Record,TXN_000188,Core Banking Switch Log,Transactional_Evidence,0.9,2026-03-21T01:06:09,True
EVI_TXN_000189,Banking_FIU_Record,TXN_000189,Core Banking Switch Log,Transactional_Evidence,0.9,2025-12-29T13:48:12,True
EVI_TXN_000190,Banking_FIU_Record,TXN_000190,Core Banking Switch Log,Transactional_Evidence,0.9,2025-08-02T14:38:45,True
EVI_TXN_000191,Banking_FIU_Record,TXN_000191,Core Banking Switch Log,Transactional_Evidence,0.9,2025-01-28T05:16:04,True
EVI_TXN_000192,Banking_FIU_Record,TXN_000192,Core Banking Switch Log,Transactional_Evidence,0.9,2026-12-01T03:52:50,True
EVI_TXN_000193,Banking_FIU_Record,TXN_000193,Core Banking Switch Log,Transactional_Evidence,0.9,2027-07-10T03:03:13,True
EVI_TXN_000194,Banking_FIU_Record,TXN_000194,Core Banking Switch Log,Transactional_Evidence,0.9,2026-03-30T02:01:03,True
EVI_TXN_000195,Banking_FIU_Record,TXN_000195,Core Banking Switch Log,Transactional_Evidence,0.9,2025-04-02T01:59:06,True
EVI_TXN_000196,Banking_FIU_Record,TXN_000196,Core Banking Switch Log,Transactional_Evidence,0.9,2027-06-24T20:58:31,True
EVI_TXN_000197,Banking_FIU_Record,TXN_000197,Core Banking Switch Log,Transactional_Evidence,0.9,2025-04-01T20:54:03,True
EVI_TXN_000198,Banking_FIU_Record,TXN_000198,Core Banking Switch Log,Transactional_Evidence,0.9,2027-11-10T12:19:56,True
EVI_TXN_000199,Banking_FIU_Record,TXN_000199,Core Banking Switch Log,Transactional_Evidence,0.9,2026-04-25T09:00:06,True
EVI_TXN_000200,Banking_FIU_Record,TXN_000200,Core Banking Switch Log,Transactional_Evidence,0.9,2026-06-21T19:51:49,True
EVI_TXN_000201,Banking_FIU_Record,TXN_000201,Core Banking Switch Log,Transactional_Evidence,0.9,2027-08-20T08:46:06,True
EVI_TXN_000202,Banking_FIU_Record,TXN_000202,Core Banking Switch Log,Transactional_Evidence,0.9,2027-12-05T13:29:27,True
EVI_TXN_000203,Banking_FIU_Record,TXN_000203,Core Banking Switch Log,Transactional_Evidence,0.9,2026-10-17T04:12:37,True
EVI_TXN_000204,Banking_FIU_Record,TXN_000204,Core Banking Switch Log,Transactional_Evidence,0.9,2026-06-19T22:55:02,True
EVI_TXN_000205,Banking_FIU_Record,TXN_000205,Core Banking Switch Log,Transactional_Evidence,0.9,2025-05-05T02:17:50,True
EVI_TXN_000206,Banking_FIU_Record,TXN_000206,Core Banking Switch Log,Transactional_Evidence,0.9,2027-05-23T18:51:29,True
EVI_TXN_000207,Banking_FIU_Record,TXN_000207,Core Banking Switch Log,Transactional_Evidence,0.9,2025-09-28T08:56:17,True
EVI_TXN_000208,Banking_FIU_Record,TXN_000208,Core Banking Switch Log,Transactional_Evidence,0.9,2026-12-28T23:39:42,True
EVI_TXN_000209,Banking_FIU_Record,TXN_000209,Core Banking Switch Log,Transactional_Evidence,0.9,2026-09-30T13:39:52,True
EVI_TXN_000210,Banking_FIU_Record,TXN_000210,Core Banking Switch Log,Transactional_Evidence,0.9,2027-02-15T01:20:47,True
EVI_TXN_000211,Banking_FIU_Record,TXN_000211,Core Banking Switch Log,Transactional_Evidence,0.9,2026-04-15T11:04:17,True
EVI_TXN_000212,Banking_FIU_Record,TXN_000212,Core Banking Switch Log,Transactional_Evidence,0.9,2025-07-22T07:01:53,True
EVI_TXN_000213,Banking_FIU_Record,TXN_000213,Core Banking Switch Log,Transactional_Evidence,0.9,2025-02-21T20:59:58,True
EVI_TXN_000214,Banking_FIU_Record,TXN_000214,Core Banking Switch Log,Transactional_Evidence,0.9,2025-05-31T21:08:26,True
EVI_TXN_000215,Banking_FIU_Record,TXN_000215,Core Banking Switch Log,Transactional_Evidence,0.9,2026-04-06T17:16:56,True
EVI_TXN_000216,Banking_FIU_Record,TXN_000216,Core Banking Switch Log,Transactional_Evidence,0.9,2026-07-30T20:26:59,True
EVI_TXN_000217,Banking_FIU_Record,TXN_000217,Core Banking Switch Log,Transactional_Evidence,0.9,2026-04-25T09:49:18,True
EVI_TXN_000218,Banking_FIU_Record,TXN_000218,Core Banking Switch Log,Transactional_Evidence,0.9,2027-06-03T08:36:22,True
EVI_TXN_000219,Banking_FIU_Record,TXN_000219,Core Banking Switch Log,Transactional_Evidence,0.9,2027-02-21T05:37:01,True
EVI_TXN_000220,Banking_FIU_Record,TXN_000220,Core Banking Switch Log,Transactional_Evidence,0.9,2025-04-25T05:00:18,True
EVI_TXN_000221,Banking_FIU_Record,TXN_000221,Core Banking Switch Log,Transactional_Evidence,0.9,2025-03-11T19:25:42,True
EVI_TXN_000222,Banking_FIU_Record,TXN_000222,Core Banking Switch Log,Transactional_Evidence,0.9,2025-12-20T08:03:35,True
EVI_TXN_000223,Banking_FIU_Record,TXN_000223,Core Banking Switch Log,Transactional_Evidence,0.9,2027-11-02T17:26:21,True
EVI_TXN_000224,Banking_FIU_Record,TXN_000224,Core Banking Switch Log,Transactional_Evidence,0.9,2025-01-11T06:15:27,True
EVI_TXN_000225,Banking_FIU_Record,TXN_000225,Core Banking Switch Log,Transactional_Evidence,0.9,2026-07-25T14:54:25,True
EVI_TXN_000226,Banking_FIU_Record,TXN_000226,Core Banking Switch Log,Transactional_Evidence,0.9,2026-11-30T16:22:34,True
EVI_TXN_000227,Banking_FIU_Record,TXN_000227,Core Banking Switch Log,Transactional_Evidence,0.9,2026-11-25T01:52:44,True
EVI_TXN_000228,Banking_FIU_Record,TXN_000228,Core Banking Switch Log,Transactional_Evidence,0.9,2025-09-06T00:30:46,True
EVI_TXN_000229,Banking_FIU_Record,TXN_000229,Core Banking Switch Log,Transactional_Evidence,0.9,2026-08-11T09:29:39,True
EVI_TXN_000230,Banking_FIU_Record,TXN_000230,Core Banking Switch Log,Transactional_Evidence,0.9,2026-03-11T21:46:06,True
EVI_TXN_000231,Banking_FIU_Record,TXN_000231,Core Banking Switch Log,Transactional_Evidence,0.9,2026-11-18T09:59:32,True
EVI_TXN_000232,Banking_FIU_Record,TXN_000232,Core Banking Switch Log,Transactional_Evidence,0.9,2026-01-11T22:49:15,True
EVI_TXN_000233,Banking_FIU_Record,TXN_000233,Core Banking Switch Log,Transactional_Evidence,0.9,2025-06-01T22:37:19,True
EVI_TXN_000234,Banking_FIU_Record,TXN_000234,Core Banking Switch Log,Transactional_Evidence,0.9,2025-03-01T06:14:23,True
EVI_TXN_000235,Banking_FIU_Record,TXN_000235,Core Banking Switch Log,Transactional_Evidence,0.9,2026-05-27T21:34:16,True
EVI_TXN_000236,Banking_FIU_Record,TXN_000236,Core Banking Switch Log,Transactional_Evidence,0.9,2025-10-21T21:18:44,True
EVI_TXN_000237,Banking_FIU_Record,TXN_000237,Core Banking Switch Log,Transactional_Evidence,0.9,2027-12-28T08:28:32,True
EVI_TXN_000238,Banking_FIU_Record,TXN_000238,Core Banking Switch Log,Transactional_Evidence,0.9,2026-04-17T15:07:30,True
EVI_TXN_000239,Banking_FIU_Record,TXN_000239,Core Banking Switch Log,Transactional_Evidence,0.9,2025-04-03T06:49:21,True
EVI_TXN_000240,Banking_FIU_Record,TXN_000240,Core Banking Switch Log,Transactional_Evidence,0.9,2026-04-27T13:16:59,True
EVI_TXN_000241,Banking_FIU_Record,TXN_000241,Core Banking Switch Log,Transactional_Evidence,0.9,2026-11-30T16:22:34,True
EVI_TXN_000242,Banking_FIU_Record,TXN_000242,Core Banking Switch Log,Transactional_Evidence,0.9,2027-06-03T08:36:22,True
EVI_TXN_000243,Banking_FIU_Record,TXN_000243,Core Banking Switch Log,Transactional_Evidence,0.9,2025-04-17T02:55:00,True
EVI_TXN_000244,Banking_FIU_Record,TXN_000244,Core Banking Switch Log,Transactional_Evidence,0.9,2025-04-28T15:47:53,True
EVI_TXN_000245,Banking_FIU_Record,TXN_000245,Core Banking Switch Log,Transactional_Evidence,0.9,2026-02-12T08:35:03,True
EVI_TXN_000246,Banking_FIU_Record,TXN_000246,Core Banking Switch Log,Transactional_Evidence,0.9,2026-07-13T11:17:48,True
EVI_TXN_000247,Banking_FIU_Record,TXN_000247,Core Banking Switch Log,Transactional_Evidence,0.9,2026-10-25T23:51:58,True
EVI_TXN_000248,Banking_FIU_Record,TXN_000248,Core Banking Switch Log,Transactional_Evidence,0.9,2025-05-20T04:10:12,True
EVI_TXN_000249,Banking_FIU_Record,TXN_000249,Core Banking Switch Log,Transactional_Evidence,0.9,2027-02-18T10:26:16,True
EVI_TXN_000250,Banking_FIU_Record,TXN_000250,Core Banking Switch Log,Transactional_Evidence,0.9,2026-11-30T09:40:16,True
EVI_TXN_000251,Banking_FIU_Record,TXN_000251,Core Banking Switch Log,Transactional_Evidence,0.9,2025-02-07T08:28:15,True
EVI_TXN_000252,Banking_FIU_Record,TXN_000252,Core Banking Switch Log,Transactional_Evidence,0.9,2025-03-27T03:06:28,True
EVI_TXN_000253,Banking_FIU_Record,TXN_000253,Core Banking Switch Log,Transactional_Evidence,0.9,2025-04-01T11:21:28,True
EVI_TXN_000254,Banking_FIU_Record,TXN_000254,Core Banking Switch Log,Transactional_Evidence,0.9,2025-04-18T03:23:18,True
EVI_TXN_000255,Banking_FIU_Record,TXN_000255,Core Banking Switch Log,Transactional_Evidence,0.9,2027-10-23T09:53:21,True
EVI_TXN_000256,Banking_FIU_Record,TXN_000256,Core Banking Switch Log,Transactional_Evidence,0.9,2027-11-17T10:20:30,True
EVI_TXN_000257,Banking_FIU_Record,TXN_000257,Core Banking Switch Log,Transactional_Evidence,0.9,2026-11-26T02:05:18,True
EVI_TXN_000258,Banking_FIU_Record,TXN_000258,Core Banking Switch Log,Transactional_Evidence,0.9,2026-12-03T05:09:55,True
EVI_TXN_000259,Banking_FIU_Record,TXN_000259,Core Banking Switch Log,Transactional_Evidence,0.9,2026-01-10T14:06:19,True
EVI_TXN_000260,Banking_FIU_Record,TXN_000260,Core Banking Switch Log,Transactional_Evidence,0.9,2027-05-07T02:29:52,True
EVI_TXN_000261,Banking_FIU_Record,TXN_000261,Core Banking Switch Log,Transactional_Evidence,0.9,2026-06-14T05:54:01,True
EVI_TXN_000262,Banking_FIU_Record,TXN_000262,Core Banking Switch Log,Transactional_Evidence,0.9,2026-04-02T20:20:42,True
EVI_TXN_000263,Banking_FIU_Record,TXN_000263,Core Banking Switch Log,Transactional_Evidence,0.9,2025-06-21T19:50:26,True
EVI_TXN_000264,Banking_FIU_Record,TXN_000264,Core Banking Switch Log,Transactional_Evidence,0.9,2025-04-18T13:19:13,True
EVI_TXN_000265,Banking_FIU_Record,TXN_000265,Core Banking Switch Log,Transactional_Evidence,0.9,2026-05-02T02:42:24,True
EVI_TXN_000266,Banking_FIU_Record,TXN_000266,Core Banking Switch Log,Transactional_Evidence,0.9,2027-12-16T01:20:52,True
EVI_TXN_000267,Banking_FIU_Record,TXN_000267,Core Banking Switch Log,Transactional_Evidence,0.9,2027-04-19T21:42:28,True
EVI_TXN_000268,Banking_FIU_Record,TXN_000268,Core Banking Switch Log,Transactional_Evidence,0.9,2027-11-26T17:04:34,True
EVI_TXN_000269,Banking_FIU_Record,TXN_000269,Core Banking Switch Log,Transactional_Evidence,0.9,2025-10-30T04:06:30,True
EVI_TXN_000270,Banking_FIU_Record,TXN_000270,Core Banking Switch Log,Transactional_Evidence,0.9,2027-07-25T02:02:11,True
EVI_TXN_000271,Banking_FIU_Record,TXN_000271,Core Banking Switch Log,Transactional_Evidence,0.9,2026-03-30T02:01:03,True
EVI_TXN_000272,Banking_FIU_Record,TXN_000272,Core Banking Switch Log,Transactional_Evidence,0.9,2026-05-02T23:33:10,True
EVI_TXN_000273,Banking_FIU_Record,TXN_000273,Core Banking Switch Log,Transactional_Evidence,0.9,2027-12-30T02:30:46,True
EVI_TXN_000274,Banking_FIU_Record,TXN_000274,Core Banking Switch Log,Transactional_Evidence,0.9,2026-10-13T23:39:35,True
EVI_TXN_000275,Banking_FIU_Record,TXN_000275,Core Banking Switch Log,Transactional_Evidence,0.9,2026-07-13T11:26:47,True
EVI_TXN_000276,Banking_FIU_Record,TXN_000276,Core Banking Switch Log,Transactional_Evidence,0.9,2026-03-18T17:08:32,True
EVI_TXN_000277,Banking_FIU_Record,TXN_000277,Core Banking Switch Log,Transactional_Evidence,0.9,2026-06-08T07:49:59,True
EVI_TXN_000278,Banking_FIU_Record,TXN_000278,Core Banking Switch Log,Transactional_Evidence,0.9,2026-04-09T23:18:06,True
EVI_TXN_000279,Banking_FIU_Record,TXN_000279,Core Banking Switch Log,Transactional_Evidence,0.9,2026-05-28T02:44:40,True
EVI_TXN_000280,Banking_FIU_Record,TXN_000280,Core Banking Switch Log,Transactional_Evidence,0.9,2025-03-09T06:54:38,True
EVI_TXN_000281,Banking_FIU_Record,TXN_000281,Core Banking Switch Log,Transactional_Evidence,0.9,2025-09-09T08:23:37,True
EVI_TXN_000282,Banking_FIU_Record,TXN_000282,Core Banking Switch Log,Transactional_Evidence,0.9,2025-04-28T11:37:33,True
EVI_TXN_000283,Banking_FIU_Record,TXN_000283,Core Banking Switch Log,Transactional_Evidence,0.9,2027-02-16T21:37:11,True
EVI_TXN_000284,Banking_FIU_Record,TXN_000284,Core Banking Switch Log,Transactional_Evidence,0.9,2025-12-15T23:52:59,True
EVI_TXN_000285,Banking_FIU_Record,TXN_000285,Core Banking Switch Log,Transactional_Evidence,0.9,2027-01-15T01:16:01,True
EVI_TXN_000286,Banking_FIU_Record,TXN_000286,Core Banking Switch Log,Transactional_Evidence,0.9,2025-11-23T07:18:46,True
EVI_TXN_000287,Banking_FIU_Record,TXN_000287,Core Banking Switch Log,Transactional_Evidence,0.9,2027-02-16T03:18:39,True
EVI_TXN_000288,Banking_FIU_Record,TXN_000288,Core Banking Switch Log,Transactional_Evidence,0.9,2026-09-06T19:05:12,True
EVI_TXN_000289,Banking_FIU_Record,TXN_000289,Core Banking Switch Log,Transactional_Evidence,0.9,2025-11-06T11:44:51,True
EVI_TXN_000290,Banking_FIU_Record,TXN_000290,Core Banking Switch Log,Transactional_Evidence,0.9,2025-06-18T16:20:00,True
EVI_TXN_000291,Banking_FIU_Record,TXN_000291,Core Banking Switch Log,Transactional_Evidence,0.9,2027-03-26T10:44:29,True
EVI_TXN_000292,Banking_FIU_Record,TXN_000292,Core Banking Switch Log,Transactional_Evidence,0.9,2025-03-10T22:53:17,True
EVI_TXN_000293,Banking_FIU_Record,TXN_000293,Core Banking Switch Log,Transactional_Evidence,0.9,2027-11-12T16:09:48,True
EVI_TXN_000294,Banking_FIU_Record,TXN_000294,Core Banking Switch Log,Transactional_Evidence,0.9,2027-04-13T16:24:09,True
EVI_TXN_000295,Banking_FIU_Record,TXN_000295,Core Banking Switch Log,Transactional_Evidence,0.9,2026-08-01T03:03:23,True
EVI_TXN_000296,Banking_FIU_Record,TXN_000296,Core Banking Switch Log,Transactional_Evidence,0.9,2027-07-15T09:56:01,True
EVI_TXN_000297,Banking_FIU_Record,TXN_000297,Core Banking Switch Log,Transactional_Evidence,0.9,2026-09-02T01:50:24,True
EVI_TXN_000298,Banking_FIU_Record,TXN_000298,Core Banking Switch Log,Transactional_Evidence,0.9,2026-06-12T01:57:18,True
EVI_TXN_000299,Banking_FIU_Record,TXN_000299,Core Banking Switch Log,Transactional_Evidence,0.9,2025-05-09T13:48:09,True
EVI_TXN_000300,Banking_FIU_Record,TXN_000300,Core Banking Switch Log,Transactional_Evidence,0.9,2026-09-02T01:50:24,True
EVI_VEH_REG_0001,RTO_Vehicle_Registry,VEH_0001,Maharashtra RTO Database,Official_Registration,0.98,2024-01-01,True
EVI_VEH_REG_0002,RTO_Vehicle_Registry,VEH_0002,Maharashtra RTO Database,Official_Registration,0.98,2024-01-01,True
EVI_VEH_REG_0003,RTO_Vehicle_Registry,VEH_0003,Maharashtra RTO Database,Official_Registration,0.98,2024-01-01,True
EVI_VEH_REG_0004,RTO_Vehicle_Registry,VEH_0004,Maharashtra RTO Database,Official_Registration,0.98,2024-01-01,True
EVI_VEH_REG_0005,RTO_Vehicle_Registry,VEH_0005,Maharashtra RTO Database,Official_Registration,0.98,2024-01-01,True
EVI_VEH_REG_0006,RTO_Vehicle_Registry,VEH_0006,Maharashtra RTO Database,Official_Registration,0.98,2024-01-01,True
EVI_VEH_REG_0007,RTO_Vehicle_Registry,VEH_0007,Maharashtra RTO Database,Official_Registration,0.98,2024-01-01,True
EVI_VEH_REG_0008,RTO_Vehicle_Registry,VEH_0008,Maharashtra RTO Database,Official_Registration,0.98,2024-01-01,True
EVI_VEH_REG_0009,RTO_Vehicle_Registry,VEH_0009,Maharashtra RTO Database,Official_Registration,0.98,2024-01-01,True
EVI_VEH_REG_0010,RTO_Vehicle_Registry,VEH_0010,Maharashtra RTO Database,Official_Registration,0.98,2024-01-01,True
EVI_VEH_REG_0011,RTO_Vehicle_Registry,VEH_0011,Maharashtra RTO Database,Official_Registration,0.98,2024-01-01,True
EVI_VEH_REG_0012,RTO_Vehicle_Registry,VEH_0012,Maharashtra RTO Database,Official_Registration,0.98,2024-01-01,True
EVI_VEH_REG_0013,RTO_Vehicle_Registry,VEH_0013,Maharashtra RTO Database,Official_Registration,0.98,2024-01-01,True
EVI_VEH_REG_0014,RTO_Vehicle_Registry,VEH_0014,Maharashtra RTO Database,Official_Registration,0.98,2024-01-01,True
EVI_VEH_REG_0015,RTO_Vehicle_Registry,VEH_0015,Maharashtra RTO Database,Official_Registration,0.98,2024-01-01,True
EVI_VEH_REG_0016,RTO_Vehicle_Registry,VEH_0016,Maharashtra RTO Database,Official_Registration,0.98,2024-01-01,True
EVI_VEH_REG_0017,RTO_Vehicle_Registry,VEH_0017,Maharashtra RTO Database,Official_Registration,0.98,2024-01-01,True
EVI_VEH_REG_0018,RTO_Vehicle_Registry,VEH_0018,Maharashtra RTO Database,Official_Registration,0.98,2024-01-01,True
EVI_VEH_REG_0019,RTO_Vehicle_Registry,VEH_0019,Maharashtra RTO Database,Official_Registration,0.98,2024-01-01,True
EVI_VEH_REG_0020,RTO_Vehicle_Registry,VEH_0020,Maharashtra RTO Database,Official_Registration,0.98,2024-01-01,True
EVI_VEH_REG_0021,RTO_Vehicle_Registry,VEH_0021,Maharashtra RTO Database,Official_Registration,0.98,2024-01-01,True
EVI_VEH_REG_0022,RTO_Vehicle_Registry,VEH_0022,Maharashtra RTO Database,Official_Registration,0.98,2024-01-01,True
EVI_VEH_REG_0023,RTO_Vehicle_Registry,VEH_0023,Maharashtra RTO Database,Official_Registration,0.98,2024-01-01,True
EVI_VEH_REG_0024,RTO_Vehicle_Registry,VEH_0024,Maharashtra RTO Database,Official_Registration,0.98,2024-01-01,True
EVI_VEH_REG_0025,RTO_Vehicle_Registry,VEH_0025,Maharashtra RTO Database,Official_Registration,0.98,2024-01-01,True
EVI_VEH_REG_0026,RTO_Vehicle_Registry,VEH_0026,Maharashtra RTO Database,Official_Registration,0.98,2024-01-01,True
EVI_VEH_REG_0027,RTO_Vehicle_Registry,VEH_0027,Maharashtra RTO Database,Official_Registration,0.98,2024-01-01,True
EVI_VEH_REG_0028,RTO_Vehicle_Registry,VEH_0028,Maharashtra RTO Database,Official_Registration,0.98,2024-01-01,True
EVI_VEH_REG_0029,RTO_Vehicle_Registry,VEH_0029,Maharashtra RTO Database,Official_Registration,0.98,2024-01-01,True
EVI_VEH_REG_0030,RTO_Vehicle_Registry,VEH_0030,Maharashtra RTO Database,Official_Registration,0.98,2024-01-01,True
EVI_VEH_REG_0031,RTO_Vehicle_Registry,VEH_0031,Maharashtra RTO Database,Official_Registration,0.98,2024-01-01,True
EVI_VEH_REG_0032,RTO_Vehicle_Registry,VEH_0032,Maharashtra RTO Database,Official_Registration,0.98,2024-01-01,True
EVI_VEH_REG_0033,RTO_Vehicle_Registry,VEH_0033,Maharashtra RTO Database,Official_Registration,0.98,2024-01-01,True
EVI_VEH_REG_0034,RTO_Vehicle_Registry,VEH_0034,Maharashtra RTO Database,Official_Registration,0.98,2024-01-01,True
EVI_VEH_REG_0035,RTO_Vehicle_Registry,VEH_0035,Maharashtra RTO Database,Official_Registration,0.98,2024-01-01,True
EVI_VEH_REG_0036,RTO_Vehicle_Registry,VEH_0036,Maharashtra RTO Database,Official_Registration,0.98,2024-01-01,True
EVI_VEH_REG_0037,RTO_Vehicle_Registry,VEH_0037,Maharashtra RTO Database,Official_Registration,0.98,2024-01-01,True
EVI_VEH_REG_0038,RTO_Vehicle_Registry,VEH_0038,Maharashtra RTO Database,Official_Registration,0.98,2024-01-01,True
EVI_VEH_REG_0039,RTO_Vehicle_Registry,VEH_0039,Maharashtra RTO Database,Official_Registration,0.98,2024-01-01,True
EVI_VEH_REG_0040,RTO_Vehicle_Registry,VEH_0040,Maharashtra RTO Database,Official_Registration,0.98,2024-01-01,True
EVI_VEH_REG_0041,RTO_Vehicle_Registry,VEH_0041,Maharashtra RTO Database,Official_Registration,0.98,2024-01-01,True
EVI_VEH_REG_0042,RTO_Vehicle_Registry,VEH_0042,Maharashtra RTO Database,Official_Registration,0.98,2024-01-01,True
EVI_VEH_REG_0043,RTO_Vehicle_Registry,VEH_0043,Maharashtra RTO Database,Official_Registration,0.98,2024-01-01,True
EVI_VEH_REG_0044,RTO_Vehicle_Registry,VEH_0044,Maharashtra RTO Database,Official_Registration,0.98,2024-01-01,True
EVI_VEH_REG_0045,RTO_Vehicle_Registry,VEH_0045,Maharashtra RTO Database,Official_Registration,0.98,2024-01-01,True
EVI_VEH_REG_0046,RTO_Vehicle_Registry,VEH_0046,Maharashtra RTO Database,Official_Registration,0.98,2024-01-01,True
EVI_VEH_REG_0047,RTO_Vehicle_Registry,VEH_0047,Maharashtra RTO Database,Official_Registration,0.98,2024-01-01,True
EVI_VEH_REG_0048,RTO_Vehicle_Registry,VEH_0048,Maharashtra RTO Database,Official_Registration,0.98,2024-01-01,True
EVI_VEH_REG_0049,RTO_Vehicle_Registry,VEH_0049,Maharashtra RTO Database,Official_Registration,0.98,2024-01-01,True
EVI_VEH_REG_0050,RTO_Vehicle_Registry,VEH_0050,Maharashtra RTO Database,Official_Registration,0.98,2024-01-01,True
EVI_VEH_REG_0051,RTO_Vehicle_Registry,VEH_0051,Maharashtra RTO Database,Official_Registration,0.98,2024-01-01,True
EVI_VEH_REG_0052,RTO_Vehicle_Registry,VEH_0052,Maharashtra RTO Database,Official_Registration,0.98,2024-01-01,True
EVI_VEH_REG_0053,RTO_Vehicle_Registry,VEH_0053,Maharashtra RTO Database,Official_Registration,0.98,2024-01-01,True
EVI_VEH_REG_0054,RTO_Vehicle_Registry,VEH_0054,Maharashtra RTO Database,Official_Registration,0.98,2024-01-01,True
EVI_VEH_REG_0055,RTO_Vehicle_Registry,VEH_0055,Maharashtra RTO Database,Official_Registration,0.98,2024-01-01,True
EVI_VEH_REG_0056,RTO_Vehicle_Registry,VEH_0056,Maharashtra RTO Database,Official_Registration,0.98,2024-01-01,True
EVI_VEH_REG_0057,RTO_Vehicle_Registry,VEH_0057,Maharashtra RTO Database,Official_Registration,0.98,2024-01-01,True
EVI_VEH_REG_0058,RTO_Vehicle_Registry,VEH_0058,Maharashtra RTO Database,Official_Registration,0.98,2024-01-01,True
EVI_VEH_REG_0059,RTO_Vehicle_Registry,VEH_0059,Maharashtra RTO Database,Official_Registration,0.98,2024-01-01,True
EVI_VEH_REG_0060,RTO_Vehicle_Registry,VEH_0060,Maharashtra RTO Database,Official_Registration,0.98,2024-01-01,True
EVI_VEH_REG_0061,RTO_Vehicle_Registry,VEH_0061,Maharashtra RTO Database,Official_Registration,0.98,2024-01-01,True
EVI_VEH_REG_0062,RTO_Vehicle_Registry,VEH_0062,Maharashtra RTO Database,Official_Registration,0.98,2024-01-01,True
EVI_VEH_REG_0063,RTO_Vehicle_Registry,VEH_0063,Maharashtra RTO Database,Official_Registration,0.98,2024-01-01,True
EVI_VEH_REG_0064,RTO_Vehicle_Registry,VEH_0064,Maharashtra RTO Database,Official_Registration,0.98,2024-01-01,True
EVI_VEH_REG_0065,RTO_Vehicle_Registry,VEH_0065,Maharashtra RTO Database,Official_Registration,0.98,2024-01-01,True
EVI_VEH_REG_0066,RTO_Vehicle_Registry,VEH_0066,Maharashtra RTO Database,Official_Registration,0.98,2024-01-01,True
EVI_VEH_REG_0067,RTO_Vehicle_Registry,VEH_0067,Maharashtra RTO Database,Official_Registration,0.98,2024-01-01,True
EVI_VEH_REG_0068,RTO_Vehicle_Registry,VEH_0068,Maharashtra RTO Database,Official_Registration,0.98,2024-01-01,True
EVI_VEH_REG_0069,RTO_Vehicle_Registry,VEH_0069,Maharashtra RTO Database,Official_Registration,0.98,2024-01-01,True
EVI_VEH_REG_0070,RTO_Vehicle_Registry,VEH_0070,Maharashtra RTO Database,Official_Registration,0.98,2024-01-01,True
EVI_VEH_REG_0071,RTO_Vehicle_Registry,VEH_0071,Maharashtra RTO Database,Official_Registration,0.98,2024-01-01,True
EVI_VEH_REG_0072,RTO_Vehicle_Registry,VEH_0072,Maharashtra RTO Database,Official_Registration,0.98,2024-01-01,True
EVI_VEH_REG_0073,RTO_Vehicle_Registry,VEH_0073,Maharashtra RTO Database,Official_Registration,0.98,2024-01-01,True
EVI_VEH_REG_0074,RTO_Vehicle_Registry,VEH_0074,Maharashtra RTO Database,Official_Registration,0.98,2024-01-01,True
EVI_VEH_REG_0075,RTO_Vehicle_Registry,VEH_0075,Maharashtra RTO Database,Official_Registration,0.98,2024-01-01,True
EVI_VEH_REG_0076,RTO_Vehicle_Registry,VEH_0076,Maharashtra RTO Database,Official_Registration,0.98,2024-01-01,True
EVI_VEH_REG_0077,RTO_Vehicle_Registry,VEH_0077,Maharashtra RTO Database,Official_Registration,0.98,2024-01-01,True
EVI_VEH_REG_0078,RTO_Vehicle_Registry,VEH_0078,Maharashtra RTO Database,Official_Registration,0.98,2024-01-01,True
EVI_VEH_REG_0079,RTO_Vehicle_Registry,VEH_0079,Maharashtra RTO Database,Official_Registration,0.98,2024-01-01,True
EVI_VEH_REG_0080,RTO_Vehicle_Registry,VEH_0080,Maharashtra RTO Database,Official_Registration,0.98,2024-01-01,True
EVI_VEH_REG_0081,RTO_Vehicle_Registry,VEH_0081,Maharashtra RTO Database,Official_Registration,0.98,2024-01-01,True
EVI_VEH_REG_0082,RTO_Vehicle_Registry,VEH_0082,Maharashtra RTO Database,Official_Registration,0.98,2024-01-01,True
EVI_VEH_REG_0083,RTO_Vehicle_Registry,VEH_0083,Maharashtra RTO Database,Official_Registration,0.98,2024-01-01,True
EVI_VEH_REG_0084,RTO_Vehicle_Registry,VEH_0084,Maharashtra RTO Database,Official_Registration,0.98,2024-01-01,True
EVI_VEH_REG_0085,RTO_Vehicle_Registry,VEH_0085,Maharashtra RTO Database,Official_Registration,0.98,2024-01-01,True
EVI_VEH_REG_0086,RTO_Vehicle_Registry,VEH_0086,Maharashtra RTO Database,Official_Registration,0.98,2024-01-01,True
EVI_VEH_REG_0087,RTO_Vehicle_Registry,VEH_0087,Maharashtra RTO Database,Official_Registration,0.98,2024-01-01,True
EVI_VEH_REG_0088,RTO_Vehicle_Registry,VEH_0088,Maharashtra RTO Database,Official_Registration,0.98,2024-01-01,True
EVI_VEH_REG_0089,RTO_Vehicle_Registry,VEH_0089,Maharashtra RTO Database,Official_Registration,0.98,2024-01-01,True
EVI_VEH_REG_0090,RTO_Vehicle_Registry,VEH_0090,Maharashtra RTO Database,Official_Registration,0.98,2024-01-01,True
EVI_VEH_REG_0091,RTO_Vehicle_Registry,VEH_0091,Maharashtra RTO Database,Official_Registration,0.98,2024-01-01,True
EVI_VEH_REG_0092,RTO_Vehicle_Registry,VEH_0092,Maharashtra RTO Database,Official_Registration,0.98,2024-01-01,True
EVI_VEH_REG_0093,RTO_Vehicle_Registry,VEH_0093,Maharashtra RTO Database,Official_Registration,0.98,2024-01-01,True
EVI_VEH_REG_0094,RTO_Vehicle_Registry,VEH_0094,Maharashtra RTO Database,Official_Registration,0.98,2024-01-01,True
EVI_VEH_REG_0095,RTO_Vehicle_Registry,VEH_0095,Maharashtra RTO Database,Official_Registration,0.98,2024-01-01,True
EVI_VEH_REG_0096,RTO_Vehicle_Registry,VEH_0096,Maharashtra RTO Database,Official_Registration,0.98,2024-01-01,True
EVI_VEH_REG_0097,RTO_Vehicle_Registry,VEH_0097,Maharashtra RTO Database,Official_Registration,0.98,2024-01-01,True
EVI_VEH_REG_0098,RTO_Vehicle_Registry,VEH_0098,Maharashtra RTO Database,Official_Registration,0.98,2024-01-01,True
EVI_VEH_REG_0099,RTO_Vehicle_Registry,VEH_0099,Maharashtra RTO Database,Official_Registration,0.98,2024-01-01,True
EVI_VEH_REG_0100,RTO_Vehicle_Registry,VEH_0100,Maharashtra RTO Database,Official_Registration,0.98,2024-01-01,True
EVI_VEH_REG_0101,RTO_Vehicle_Registry,VEH_0101,Maharashtra RTO Database,Official_Registration,0.98,2024-01-01,True
EVI_VEH_REG_0102,RTO_Vehicle_Registry,VEH_0102,Maharashtra RTO Database,Official_Registration,0.98,2024-01-01,True
EVI_VEH_REG_0103,RTO_Vehicle_Registry,VEH_0103,Maharashtra RTO Database,Official_Registration,0.98,2024-01-01,True
EVI_VEH_REG_0104,RTO_Vehicle_Registry,VEH_0104,Maharashtra RTO Database,Official_Registration,0.98,2024-01-01,True
EVI_VEH_REG_0105,RTO_Vehicle_Registry,VEH_0105,Maharashtra RTO Database,Official_Registration,0.98,2024-01-01,True
EVI_VEH_REG_0106,RTO_Vehicle_Registry,VEH_0106,Maharashtra RTO Database,Official_Registration,0.98,2024-01-01,True
EVI_VEH_REG_0107,RTO_Vehicle_Registry,VEH_0107,Maharashtra RTO Database,Official_Registration,0.98,2024-01-01,True
EVI_VEH_REG_0108,RTO_Vehicle_Registry,VEH_0108,Maharashtra RTO Database,Official_Registration,0.98,2024-01-01,True
EVI_VEH_REG_0109,RTO_Vehicle_Registry,VEH_0109,Maharashtra RTO Database,Official_Registration,0.98,2024-01-01,True
EVI_VEH_REG_0110,RTO_Vehicle_Registry,VEH_0110,Maharashtra RTO Database,Official_Registration,0.98,2024-01-01,True
EVI_VEH_REG_0111,RTO_Vehicle_Registry,VEH_0111,Maharashtra RTO Database,Official_Registration,0.98,2024-01-01,True
EVI_VEH_REG_0112,RTO_Vehicle_Registry,VEH_0112,Maharashtra RTO Database,Official_Registration,0.98,2024-01-01,True
EVI_VEH_REG_0113,RTO_Vehicle_Registry,VEH_0113,Maharashtra RTO Database,Official_Registration,0.98,2024-01-01,True
EVI_VEH_REG_0114,RTO_Vehicle_Registry,VEH_0114,Maharashtra RTO Database,Official_Registration,0.98,2024-01-01,True
EVI_VEH_REG_0115,RTO_Vehicle_Registry,VEH_0115,Maharashtra RTO Database,Official_Registration,0.98,2024-01-01,True
EVI_VEH_REG_0116,RTO_Vehicle_Registry,VEH_0116,Maharashtra RTO Database,Official_Registration,0.98,2024-01-01,True
EVI_VEH_REG_0117,RTO_Vehicle_Registry,VEH_0117,Maharashtra RTO Database,Official_Registration,0.98,2024-01-01,True
EVI_VEH_REG_0118,RTO_Vehicle_Registry,VEH_0118,Maharashtra RTO Database,Official_Registration,0.98,2024-01-01,True
EVI_VEH_REG_0119,RTO_Vehicle_Registry,VEH_0119,Maharashtra RTO Database,Official_Registration,0.98,2024-01-01,True
EVI_VEH_REG_0120,RTO_Vehicle_Registry,VEH_0120,Maharashtra RTO Database,Official_Registration,0.98,2024-01-01,True
EVI_VEH_REG_0121,RTO_Vehicle_Registry,VEH_0121,Maharashtra RTO Database,Official_Registration,0.98,2024-01-01,True
EVI_VEH_REG_0122,RTO_Vehicle_Registry,VEH_0122,Maharashtra RTO Database,Official_Registration,0.98,2024-01-01,True
EVI_VEH_REG_0123,RTO_Vehicle_Registry,VEH_0123,Maharashtra RTO Database,Official_Registration,0.98,2024-01-01,True
EVI_VEH_REG_0124,RTO_Vehicle_Registry,VEH_0124,Maharashtra RTO Database,Official_Registration,0.98,2024-01-01,True
EVI_VEH_REG_0125,RTO_Vehicle_Registry,VEH_0125,Maharashtra RTO Database,Official_Registration,0.98,2024-01-01,True
EVI_VEH_REG_0126,RTO_Vehicle_Registry,VEH_0126,Maharashtra RTO Database,Official_Registration,0.98,2024-01-01,True
EVI_VEH_REG_0127,RTO_Vehicle_Registry,VEH_0127,Maharashtra RTO Database,Official_Registration,0.98,2024-01-01,True
EVI_VEH_REG_0128,RTO_Vehicle_Registry,VEH_0128,Maharashtra RTO Database,Official_Registration,0.98,2024-01-01,True
EVI_VEH_REG_0129,RTO_Vehicle_Registry,VEH_0129,Maharashtra RTO Database,Official_Registration,0.98,2024-01-01,True
EVI_VEH_REG_0130,RTO_Vehicle_Registry,VEH_0130,Maharashtra RTO Database,Official_Registration,0.98,2024-01-01,True
EVI_VEH_REG_0131,RTO_Vehicle_Registry,VEH_0131,Maharashtra RTO Database,Official_Registration,0.98,2024-01-01,True
EVI_VEH_REG_0132,RTO_Vehicle_Registry,VEH_0132,Maharashtra RTO Database,Official_Registration,0.98,2024-01-01,True
EVI_VEH_REG_0133,RTO_Vehicle_Registry,VEH_0133,Maharashtra RTO Database,Official_Registration,0.98,2024-01-01,True
EVI_VEH_REG_0134,RTO_Vehicle_Registry,VEH_0134,Maharashtra RTO Database,Official_Registration,0.98,2024-01-01,True
EVI_VEH_REG_0135,RTO_Vehicle_Registry,VEH_0135,Maharashtra RTO Database,Official_Registration,0.98,2024-01-01,True
EVI_VEH_REG_0136,RTO_Vehicle_Registry,VEH_0136,Maharashtra RTO Database,Official_Registration,0.98,2024-01-01,True
EVI_VEH_REG_0137,RTO_Vehicle_Registry,VEH_0137,Maharashtra RTO Database,Official_Registration,0.98,2024-01-01,True
EVI_VEH_REG_0138,RTO_Vehicle_Registry,VEH_0138,Maharashtra RTO Database,Official_Registration,0.98,2024-01-01,True
EVI_VEH_REG_0139,RTO_Vehicle_Registry,VEH_0139,Maharashtra RTO Database,Official_Registration,0.98,2024-01-01,True
EVI_VEH_REG_0140,RTO_Vehicle_Registry,VEH_0140,Maharashtra RTO Database,Official_Registration,0.98,2024-01-01,True
EVI_VEH_REG_0141,RTO_Vehicle_Registry,VEH_0141,Maharashtra RTO Database,Official_Registration,0.98,2024-01-01,True
EVI_VEH_REG_0142,RTO_Vehicle_Registry,VEH_0142,Maharashtra RTO Database,Official_Registration,0.98,2024-01-01,True
EVI_VEH_REG_0143,RTO_Vehicle_Registry,VEH_0143,Maharashtra RTO Database,Official_Registration,0.98,2024-01-01,True
EVI_VEH_REG_0144,RTO_Vehicle_Registry,VEH_0144,Maharashtra RTO Database,Official_Registration,0.98,2024-01-01,True
EVI_VEH_REG_0145,RTO_Vehicle_Registry,VEH_0145,Maharashtra RTO Database,Official_Registration,0.98,2024-01-01,True
EVI_VEH_REG_0146,RTO_Vehicle_Registry,VEH_0146,Maharashtra RTO Database,Official_Registration,0.98,2024-01-01,True
EVI_VEH_REG_0147,RTO_Vehicle_Registry,VEH_0147,Maharashtra RTO Database,Official_Registration,0.98,2024-01-01,True
EVI_VEH_REG_0148,RTO_Vehicle_Registry,VEH_0148,Maharashtra RTO Database,Official_Registration,0.98,2024-01-01,True
EVI_VEH_REG_0149,RTO_Vehicle_Registry,VEH_0149,Maharashtra RTO Database,Official_Registration,0.98,2024-01-01,True
EVI_VEH_REG_0150,RTO_Vehicle_Registry,VEH_0150,Maharashtra RTO Database,Official_Registration,0.98,2024-01-01,True
EVI_VEH_REG_0151,RTO_Vehicle_Registry,VEH_0151,Maharashtra RTO Database,Official_Registration,0.98,2024-01-01,True
EVI_VEH_REG_0152,RTO_Vehicle_Registry,VEH_0152,Maharashtra RTO Database,Official_Registration,0.98,2024-01-01,True
EVI_VEH_REG_0153,RTO_Vehicle_Registry,VEH_0153,Maharashtra RTO Database,Official_Registration,0.98,2024-01-01,True
EVI_VEH_REG_0154,RTO_Vehicle_Registry,VEH_0154,Maharashtra RTO Database,Official_Registration,0.98,2024-01-01,True
EVI_VEH_REG_0155,RTO_Vehicle_Registry,VEH_0155,Maharashtra RTO Database,Official_Registration,0.98,2024-01-01,True
EVI_VEH_REG_0156,RTO_Vehicle_Registry,VEH_0156,Maharashtra RTO Database,Official_Registration,0.98,2024-01-01,True
EVI_VEH_REG_0157,RTO_Vehicle_Registry,VEH_0157,Maharashtra RTO Database,Official_Registration,0.98,2024-01-01,True
EVI_VEH_REG_0158,RTO_Vehicle_Registry,VEH_0158,Maharashtra RTO Database,Official_Registration,0.98,2024-01-01,True
EVI_VEH_REG_0159,RTO_Vehicle_Registry,VEH_0159,Maharashtra RTO Database,Official_Registration,0.98,2024-01-01,True
EVI_VEH_REG_0160,RTO_Vehicle_Registry,VEH_0160,Maharashtra RTO Database,Official_Registration,0.98,2024-01-01,True
EVI_VEH_REG_0161,RTO_Vehicle_Registry,VEH_0161,Maharashtra RTO Database,Official_Registration,0.98,2024-01-01,True
EVI_VEH_REG_0162,RTO_Vehicle_Registry,VEH_0162,Maharashtra RTO Database,Official_Registration,0.98,2024-01-01,True
EVI_VEH_REG_0163,RTO_Vehicle_Registry,VEH_0163,Maharashtra RTO Database,Official_Registration,0.98,2024-01-01,True
EVI_VEH_REG_0164,RTO_Vehicle_Registry,VEH_0164,Maharashtra RTO Database,Official_Registration,0.98,2024-01-01,True
EVI_VEH_REG_0165,RTO_Vehicle_Registry,VEH_0165,Maharashtra RTO Database,Official_Registration,0.98,2024-01-01,True
EVI_VEH_REG_0166,RTO_Vehicle_Registry,VEH_0166,Maharashtra RTO Database,Official_Registration,0.98,2024-01-01,True
EVI_VEH_REG_0167,RTO_Vehicle_Registry,VEH_0167,Maharashtra RTO Database,Official_Registration,0.98,2024-01-01,True
EVI_VEH_REG_0168,RTO_Vehicle_Registry,VEH_0168,Maharashtra RTO Database,Official_Registration,0.98,2024-01-01,True
EVI_VEH_REG_0169,RTO_Vehicle_Registry,VEH_0169,Maharashtra RTO Database,Official_Registration,0.98,2024-01-01,True
EVI_VEH_REG_0170,RTO_Vehicle_Registry,VEH_0170,Maharashtra RTO Database,Official_Registration,0.98,2024-01-01,True
EVI_VEH_REG_0171,RTO_Vehicle_Registry,VEH_0171,Maharashtra RTO Database,Official_Registration,0.98,2024-01-01,True
EVI_VEH_REG_0172,RTO_Vehicle_Registry,VEH_0172,Maharashtra RTO Database,Official_Registration,0.98,2024-01-01,True
EVI_VEH_REG_0173,RTO_Vehicle_Registry,VEH_0173,Maharashtra RTO Database,Official_Registration,0.98,2024-01-01,True
EVI_VEH_REG_0174,RTO_Vehicle_Registry,VEH_0174,Maharashtra RTO Database,Official_Registration,0.98,2024-01-01,True
EVI_VEH_REG_0175,RTO_Vehicle_Registry,VEH_0175,Maharashtra RTO Database,Official_Registration,0.98,2024-01-01,True
EVI_VEH_REG_0176,RTO_Vehicle_Registry,VEH_0176,Maharashtra RTO Database,Official_Registration,0.98,2024-01-01,True
EVI_VEH_REG_0177,RTO_Vehicle_Registry,VEH_0177,Maharashtra RTO Database,Official_Registration,0.98,2024-01-01,True
EVI_VEH_REG_0178,RTO_Vehicle_Registry,VEH_0178,Maharashtra RTO Database,Official_Registration,0.98,2024-01-01,True
EVI_VEH_REG_0179,RTO_Vehicle_Registry,VEH_0179,Maharashtra RTO Database,Official_Registration,0.98,2024-01-01,True
EVI_VEH_REG_0180,RTO_Vehicle_Registry,VEH_0180,Maharashtra RTO Database,Official_Registration,0.98,2024-01-01,True
EVI_VEH_REG_0181,RTO_Vehicle_Registry,VEH_0181,Maharashtra RTO Database,Official_Registration,0.98,2024-01-01,True
EVI_VEH_REG_0182,RTO_Vehicle_Registry,VEH_0182,Maharashtra RTO Database,Official_Registration,0.98,2024-01-01,True
EVI_VEH_REG_0183,RTO_Vehicle_Registry,VEH_0183,Maharashtra RTO Database,Official_Registration,0.98,2024-01-01,True
EVI_VEH_REG_0184,RTO_Vehicle_Registry,VEH_0184,Maharashtra RTO Database,Official_Registration,0.98,2024-01-01,True
EVI_VEH_REG_0185,RTO_Vehicle_Registry,VEH_0185,Maharashtra RTO Database,Official_Registration,0.98,2024-01-01,True
EVI_VEH_REG_0186,RTO_Vehicle_Registry,VEH_0186,Maharashtra RTO Database,Official_Registration,0.98,2024-01-01,True
EVI_VEH_REG_0187,RTO_Vehicle_Registry,VEH_0187,Maharashtra RTO Database,Official_Registration,0.98,2024-01-01,True
EVI_VEH_REG_0188,RTO_Vehicle_Registry,VEH_0188,Maharashtra RTO Database,Official_Registration,0.98,2024-01-01,True
EVI_VEH_REG_0189,RTO_Vehicle_Registry,VEH_0189,Maharashtra RTO Database,Official_Registration,0.98,2024-01-01,True
EVI_VEH_REG_0190,RTO_Vehicle_Registry,VEH_0190,Maharashtra RTO Database,Official_Registration,0.98,2024-01-01,True
EVI_VEH_REG_0191,RTO_Vehicle_Registry,VEH_0191,Maharashtra RTO Database,Official_Registration,0.98,2024-01-01,True
EVI_VEH_REG_0192,RTO_Vehicle_Registry,VEH_0192,Maharashtra RTO Database,Official_Registration,0.98,2024-01-01,True
EVI_VEH_REG_0193,RTO_Vehicle_Registry,VEH_0193,Maharashtra RTO Database,Official_Registration,0.98,2024-01-01,True
EVI_VEH_REG_0194,RTO_Vehicle_Registry,VEH_0194,Maharashtra RTO Database,Official_Registration,0.98,2024-01-01,True
EVI_VEH_REG_0195,RTO_Vehicle_Registry,VEH_0195,Maharashtra RTO Database,Official_Registration,0.98,2024-01-01,True
EVI_VEH_REG_0196,RTO_Vehicle_Registry,VEH_0196,Maharashtra RTO Database,Official_Registration,0.98,2024-01-01,True
EVI_VEH_REG_0197,RTO_Vehicle_Registry,VEH_0197,Maharashtra RTO Database,Official_Registration,0.98,2024-01-01,True
EVI_VEH_REG_0198,RTO_Vehicle_Registry,VEH_0198,Maharashtra RTO Database,Official_Registration,0.98,2024-01-01,True
EVI_VEH_REG_0199,RTO_Vehicle_Registry,VEH_0199,Maharashtra RTO Database,Official_Registration,0.98,2024-01-01,True
EVI_VEH_REG_0200,RTO_Vehicle_Registry,VEH_0200,Maharashtra RTO Database,Official_Registration,0.98,2024-01-01,True
EVI_VEH_REG_0201,RTO_Vehicle_Registry,VEH_0201,Maharashtra RTO Database,Official_Registration,0.98,2024-01-01,True
EVI_VEH_REG_0202,RTO_Vehicle_Registry,VEH_0202,Maharashtra RTO Database,Official_Registration,0.98,2024-01-01,True
EVI_VEH_REG_0203,RTO_Vehicle_Registry,VEH_0203,Maharashtra RTO Database,Official_Registration,0.98,2024-01-01,True
EVI_VEH_REG_0204,RTO_Vehicle_Registry,VEH_0204,Maharashtra RTO Database,Official_Registration,0.98,2024-01-01,True
EVI_VEH_REG_0205,RTO_Vehicle_Registry,VEH_0205,Maharashtra RTO Database,Official_Registration,0.98,2024-01-01,True
EVI_VEH_REG_0206,RTO_Vehicle_Registry,VEH_0206,Maharashtra RTO Database,Official_Registration,0.98,2024-01-01,True
EVI_VEH_REG_0207,RTO_Vehicle_Registry,VEH_0207,Maharashtra RTO Database,Official_Registration,0.98,2024-01-01,True
EVI_VEH_REG_0208,RTO_Vehicle_Registry,VEH_0208,Maharashtra RTO Database,Official_Registration,0.98,2024-01-01,True
EVI_VEH_REG_0209,RTO_Vehicle_Registry,VEH_0209,Maharashtra RTO Database,Official_Registration,0.98,2024-01-01,True
EVI_VEH_REG_0210,RTO_Vehicle_Registry,VEH_0210,Maharashtra RTO Database,Official_Registration,0.98,2024-01-01,True
EVI_VEH_REG_0211,RTO_Vehicle_Registry,VEH_0211,Maharashtra RTO Database,Official_Registration,0.98,2024-01-01,True
EVI_VEH_REG_0212,RTO_Vehicle_Registry,VEH_0212,Maharashtra RTO Database,Official_Registration,0.98,2024-01-01,True
EVI_VEH_REG_0213,RTO_Vehicle_Registry,VEH_0213,Maharashtra RTO Database,Official_Registration,0.98,2024-01-01,True
EVI_VEH_REG_0214,RTO_Vehicle_Registry,VEH_0214,Maharashtra RTO Database,Official_Registration,0.98,2024-01-01,True
EVI_VEH_REG_0215,RTO_Vehicle_Registry,VEH_0215,Maharashtra RTO Database,Official_Registration,0.98,2024-01-01,True
EVI_VEH_REG_0216,RTO_Vehicle_Registry,VEH_0216,Maharashtra RTO Database,Official_Registration,0.98,2024-01-01,True
EVI_VEH_REG_0217,RTO_Vehicle_Registry,VEH_0217,Maharashtra RTO Database,Official_Registration,0.98,2024-01-01,True
EVI_VEH_REG_0218,RTO_Vehicle_Registry,VEH_0218,Maharashtra RTO Database,Official_Registration,0.98,2024-01-01,True
EVI_VEH_REG_0219,RTO_Vehicle_Registry,VEH_0219,Maharashtra RTO Database,Official_Registration,0.98,2024-01-01,True
EVI_VEH_REG_0220,RTO_Vehicle_Registry,VEH_0220,Maharashtra RTO Database,Official_Registration,0.98,2024-01-01,True
EVI_VEH_REG_0221,RTO_Vehicle_Registry,VEH_0221,Maharashtra RTO Database,Official_Registration,0.98,2024-01-01,True
EVI_VEH_REG_0222,RTO_Vehicle_Registry,VEH_0222,Maharashtra RTO Database,Official_Registration,0.98,2024-01-01,True
EVI_VEH_REG_0223,RTO_Vehicle_Registry,VEH_0223,Maharashtra RTO Database,Official_Registration,0.98,2024-01-01,True
EVI_VEH_REG_0224,RTO_Vehicle_Registry,VEH_0224,Maharashtra RTO Database,Official_Registration,0.98,2024-01-01,True
EVI_VEH_REG_0225,RTO_Vehicle_Registry,VEH_0225,Maharashtra RTO Database,Official_Registration,0.98,2024-01-01,True
EVI_VEH_REG_0226,RTO_Vehicle_Registry,VEH_0226,Maharashtra RTO Database,Official_Registration,0.98,2024-01-01,True
EVI_VEH_REG_0227,RTO_Vehicle_Registry,VEH_0227,Maharashtra RTO Database,Official_Registration,0.98,2024-01-01,True
EVI_VEH_REG_0228,RTO_Vehicle_Registry,VEH_0228,Maharashtra RTO Database,Official_Registration,0.98,2024-01-01,True
EVI_VEH_REG_0229,RTO_Vehicle_Registry,VEH_0229,Maharashtra RTO Database,Official_Registration,0.98,2024-01-01,True
EVI_VEH_REG_0230,RTO_Vehicle_Registry,VEH_0230,Maharashtra RTO Database,Official_Registration,0.98,2024-01-01,True
EVI_VEH_REG_0231,RTO_Vehicle_Registry,VEH_0231,Maharashtra RTO Database,Official_Registration,0.98,2024-01-01,True
EVI_VEH_REG_0232,RTO_Vehicle_Registry,VEH_0232,Maharashtra RTO Database,Official_Registration,0.98,2024-01-01,True
EVI_VEH_REG_0233,RTO_Vehicle_Registry,VEH_0233,Maharashtra RTO Database,Official_Registration,0.98,2024-01-01,True
EVI_VEH_REG_0234,RTO_Vehicle_Registry,VEH_0234,Maharashtra RTO Database,Official_Registration,0.98,2024-01-01,True
EVI_VEH_REG_0235,RTO_Vehicle_Registry,VEH_0235,Maharashtra RTO Database,Official_Registration,0.98,2024-01-01,True
EVI_VEH_REG_0236,RTO_Vehicle_Registry,VEH_0236,Maharashtra RTO Database,Official_Registration,0.98,2024-01-01,True
EVI_VEH_REG_0237,RTO_Vehicle_Registry,VEH_0237,Maharashtra RTO Database,Official_Registration,0.98,2024-01-01,True
EVI_VEH_REG_0238,RTO_Vehicle_Registry,VEH_0238,Maharashtra RTO Database,Official_Registration,0.98,2024-01-01,True
EVI_VEH_REG_0239,RTO_Vehicle_Registry,VEH_0239,Maharashtra RTO Database,Official_Registration,0.98,2024-01-01,True
EVI_VEH_REG_0240,RTO_Vehicle_Registry,VEH_0240,Maharashtra RTO Database,Official_Registration,0.98,2024-01-01,True
EVI_VEH_REG_0241,RTO_Vehicle_Registry,VEH_0241,Maharashtra RTO Database,Official_Registration,0.98,2024-01-01,True
EVI_VEH_REG_0242,RTO_Vehicle_Registry,VEH_0242,Maharashtra RTO Database,Official_Registration,0.98,2024-01-01,True
EVI_VEH_REG_0243,RTO_Vehicle_Registry,VEH_0243,Maharashtra RTO Database,Official_Registration,0.98,2024-01-01,True
EVI_VEH_REG_0244,RTO_Vehicle_Registry,VEH_0244,Maharashtra RTO Database,Official_Registration,0.98,2024-01-01,True
EVI_VEH_REG_0245,RTO_Vehicle_Registry,VEH_0245,Maharashtra RTO Database,Official_Registration,0.98,2024-01-01,True
EVI_VEH_REG_0246,RTO_Vehicle_Registry,VEH_0246,Maharashtra RTO Database,Official_Registration,0.98,2024-01-01,True
EVI_VEH_REG_0247,RTO_Vehicle_Registry,VEH_0247,Maharashtra RTO Database,Official_Registration,0.98,2024-01-01,True
EVI_VEH_REG_0248,RTO_Vehicle_Registry,VEH_0248,Maharashtra RTO Database,Official_Registration,0.98,2024-01-01,True
EVI_VEH_REG_0249,RTO_Vehicle_Registry,VEH_0249,Maharashtra RTO Database,Official_Registration,0.98,2024-01-01,True
EVI_VEH_REG_0250,RTO_Vehicle_Registry,VEH_0250,Maharashtra RTO Database,Official_Registration,0.98,2024-01-01,True
EVI_VEH_REG_0251,RTO_Vehicle_Registry,VEH_0251,Maharashtra RTO Database,Official_Registration,0.98,2024-01-01,True
EVI_VEH_REG_0252,RTO_Vehicle_Registry,VEH_0252,Maharashtra RTO Database,Official_Registration,0.98,2024-01-01,True
EVI_VEH_REG_0253,RTO_Vehicle_Registry,VEH_0253,Maharashtra RTO Database,Official_Registration,0.98,2024-01-01,True
EVI_VEH_REG_0254,RTO_Vehicle_Registry,VEH_0254,Maharashtra RTO Database,Official_Registration,0.98,2024-01-01,True
EVI_VEH_REG_0255,RTO_Vehicle_Registry,VEH_0255,Maharashtra RTO Database,Official_Registration,0.98,2024-01-01,True
EVI_VEH_REG_0256,RTO_Vehicle_Registry,VEH_0256,Maharashtra RTO Database,Official_Registration,0.98,2024-01-01,True
EVI_VEH_REG_0257,RTO_Vehicle_Registry,VEH_0257,Maharashtra RTO Database,Official_Registration,0.98,2024-01-01,True
EVI_VEH_REG_0258,RTO_Vehicle_Registry,VEH_0258,Maharashtra RTO Database,Official_Registration,0.98,2024-01-01,True
EVI_VEH_REG_0259,RTO_Vehicle_Registry,VEH_0259,Maharashtra RTO Database,Official_Registration,0.98,2024-01-01,True
EVI_VEH_REG_0260,RTO_Vehicle_Registry,VEH_0260,Maharashtra RTO Database,Official_Registration,0.98,2024-01-01,True
EVI_VEH_REG_0261,RTO_Vehicle_Registry,VEH_0261,Maharashtra RTO Database,Official_Registration,0.98,2024-01-01,True
EVI_VEH_REG_0262,RTO_Vehicle_Registry,VEH_0262,Maharashtra RTO Database,Official_Registration,0.98,2024-01-01,True
EVI_VEH_REG_0263,RTO_Vehicle_Registry,VEH_0263,Maharashtra RTO Database,Official_Registration,0.98,2024-01-01,True
EVI_VEH_REG_0264,RTO_Vehicle_Registry,VEH_0264,Maharashtra RTO Database,Official_Registration,0.98,2024-01-01,True
EVI_VEH_REG_0265,RTO_Vehicle_Registry,VEH_0265,Maharashtra RTO Database,Official_Registration,0.98,2024-01-01,True
EVI_VEH_REG_0266,RTO_Vehicle_Registry,VEH_0266,Maharashtra RTO Database,Official_Registration,0.98,2024-01-01,True
EVI_VEH_REG_0267,RTO_Vehicle_Registry,VEH_0267,Maharashtra RTO Database,Official_Registration,0.98,2024-01-01,True
EVI_VEH_REG_0268,RTO_Vehicle_Registry,VEH_0268,Maharashtra RTO Database,Official_Registration,0.98,2024-01-01,True
EVI_VEH_REG_0269,RTO_Vehicle_Registry,VEH_0269,Maharashtra RTO Database,Official_Registration,0.98,2024-01-01,True
EVI_VEH_REG_0270,RTO_Vehicle_Registry,VEH_0270,Maharashtra RTO Database,Official_Registration,0.98,2024-01-01,True
EVI_VEH_REG_0271,RTO_Vehicle_Registry,VEH_0271,Maharashtra RTO Database,Official_Registration,0.98,2024-01-01,True
EVI_VEH_REG_0272,RTO_Vehicle_Registry,VEH_0272,Maharashtra RTO Database,Official_Registration,0.98,2024-01-01,True
EVI_VEH_REG_0273,RTO_Vehicle_Registry,VEH_0273,Maharashtra RTO Database,Official_Registration,0.98,2024-01-01,True
EVI_VEH_REG_0274,RTO_Vehicle_Registry,VEH_0274,Maharashtra RTO Database,Official_Registration,0.98,2024-01-01,True
EVI_VEH_REG_0275,RTO_Vehicle_Registry,VEH_0275,Maharashtra RTO Database,Official_Registration,0.98,2024-01-01,True
EVI_VEH_REG_0276,RTO_Vehicle_Registry,VEH_0276,Maharashtra RTO Database,Official_Registration,0.98,2024-01-01,True
EVI_VEH_REG_0277,RTO_Vehicle_Registry,VEH_0277,Maharashtra RTO Database,Official_Registration,0.98,2024-01-01,True
EVI_VEH_REG_0278,RTO_Vehicle_Registry,VEH_0278,Maharashtra RTO Database,Official_Registration,0.98,2024-01-01,True
EVI_VEH_REG_0279,RTO_Vehicle_Registry,VEH_0279,Maharashtra RTO Database,Official_Registration,0.98,2024-01-01,True
EVI_VEH_REG_0280,RTO_Vehicle_Registry,VEH_0280,Maharashtra RTO Database,Official_Registration,0.98,2024-01-01,True
EVI_VEH_REG_0281,RTO_Vehicle_Registry,VEH_0281,Maharashtra RTO Database,Official_Registration,0.98,2024-01-01,True
EVI_VEH_REG_0282,RTO_Vehicle_Registry,VEH_0282,Maharashtra RTO Database,Official_Registration,0.98,2024-01-01,True
EVI_VEH_REG_0283,RTO_Vehicle_Registry,VEH_0283,Maharashtra RTO Database,Official_Registration,0.98,2024-01-01,True
EVI_VEH_REG_0284,RTO_Vehicle_Registry,VEH_0284,Maharashtra RTO Database,Official_Registration,0.98,2024-01-01,True
EVI_VEH_REG_0285,RTO_Vehicle_Registry,VEH_0285,Maharashtra RTO Database,Official_Registration,0.98,2024-01-01,True
EVI_VEH_REG_0286,RTO_Vehicle_Registry,VEH_0286,Maharashtra RTO Database,Official_Registration,0.98,2024-01-01,True
EVI_VEH_REG_0287,RTO_Vehicle_Registry,VEH_0287,Maharashtra RTO Database,Official_Registration,0.98,2024-01-01,True
EVI_VEH_REG_0288,RTO_Vehicle_Registry,VEH_0288,Maharashtra RTO Database,Official_Registration,0.98,2024-01-01,True
EVI_VEH_REG_0289,RTO_Vehicle_Registry,VEH_0289,Maharashtra RTO Database,Official_Registration,0.98,2024-01-01,True
EVI_VEH_REG_0290,RTO_Vehicle_Registry,VEH_0290,Maharashtra RTO Database,Official_Registration,0.98,2024-01-01,True
EVI_VEH_REG_0291,RTO_Vehicle_Registry,VEH_0291,Maharashtra RTO Database,Official_Registration,0.98,2024-01-01,True
EVI_VEH_REG_0292,RTO_Vehicle_Registry,VEH_0292,Maharashtra RTO Database,Official_Registration,0.98,2024-01-01,True
EVI_VEH_REG_0293,RTO_Vehicle_Registry,VEH_0293,Maharashtra RTO Database,Official_Registration,0.98,2024-01-01,True
EVI_VEH_REG_0294,RTO_Vehicle_Registry,VEH_0294,Maharashtra RTO Database,Official_Registration,0.98,2024-01-01,True
EVI_VEH_REG_0295,RTO_Vehicle_Registry,VEH_0295,Maharashtra RTO Database,Official_Registration,0.98,2024-01-01,True
EVI_VEH_REG_0296,RTO_Vehicle_Registry,VEH_0296,Maharashtra RTO Database,Official_Registration,0.98,2024-01-01,True
EVI_VEH_REG_0297,RTO_Vehicle_Registry,VEH_0297,Maharashtra RTO Database,Official_Registration,0.98,2024-01-01,True
EVI_VEH_REG_0298,RTO_Vehicle_Registry,VEH_0298,Maharashtra RTO Database,Official_Registration,0.98,2024-01-01,True
EVI_VEH_REG_0299,RTO_Vehicle_Registry,VEH_0299,Maharashtra RTO Database,Official_Registration,0.98,2024-01-01,True
EVI_VEH_REG_0300,RTO_Vehicle_Registry,VEH_0300,Maharashtra RTO Database,Official_Registration,0.98,2024-01-01,True
EVI_VEH_REG_0301,RTO_Vehicle_Registry,VEH_0301,Maharashtra RTO Database,Official_Registration,0.98,2024-01-01,True
EVI_VEH_REG_0302,RTO_Vehicle_Registry,VEH_0302,Maharashtra RTO Database,Official_Registration,0.98,2024-01-01,True
EVI_VEH_REG_0303,RTO_Vehicle_Registry,VEH_0303,Maharashtra RTO Database,Official_Registration,0.98,2024-01-01,True
EVI_VEH_REG_0304,RTO_Vehicle_Registry,VEH_0304,Maharashtra RTO Database,Official_Registration,0.98,2024-01-01,True
EVI_VEH_REG_0305,RTO_Vehicle_Registry,VEH_0305,Maharashtra RTO Database,Official_Registration,0.98,2024-01-01,True
EVI_VEH_REG_0306,RTO_Vehicle_Registry,VEH_0306,Maharashtra RTO Database,Official_Registration,0.98,2024-01-01,True
EVI_VEH_REG_0307,RTO_Vehicle_Registry,VEH_0307,Maharashtra RTO Database,Official_Registration,0.98,2024-01-01,True
EVI_VEH_REG_0308,RTO_Vehicle_Registry,VEH_0308,Maharashtra RTO Database,Official_Registration,0.98,2024-01-01,True
EVI_VEH_REG_0309,RTO_Vehicle_Registry,VEH_0309,Maharashtra RTO Database,Official_Registration,0.98,2024-01-01,True
EVI_VEH_REG_0310,RTO_Vehicle_Registry,VEH_0310,Maharashtra RTO Database,Official_Registration,0.98,2024-01-01,True
EVI_VEH_REG_0311,RTO_Vehicle_Registry,VEH_0311,Maharashtra RTO Database,Official_Registration,0.98,2024-01-01,True
EVI_VEH_REG_0312,RTO_Vehicle_Registry,VEH_0312,Maharashtra RTO Database,Official_Registration,0.98,2024-01-01,True
EVI_VEH_REG_0313,RTO_Vehicle_Registry,VEH_0313,Maharashtra RTO Database,Official_Registration,0.98,2024-01-01,True
EVI_VEH_REG_0314,RTO_Vehicle_Registry,VEH_0314,Maharashtra RTO Database,Official_Registration,0.98,2024-01-01,True
EVI_VEH_REG_0315,RTO_Vehicle_Registry,VEH_0315,Maharashtra RTO Database,Official_Registration,0.98,2024-01-01,True
EVI_VEH_REG_0316,RTO_Vehicle_Registry,VEH_0316,Maharashtra RTO Database,Official_Registration,0.98,2024-01-01,True
EVI_VEH_REG_0317,RTO_Vehicle_Registry,VEH_0317,Maharashtra RTO Database,Official_Registration,0.98,2024-01-01,True
EVI_VEH_REG_0318,RTO_Vehicle_Registry,VEH_0318,Maharashtra RTO Database,Official_Registration,0.98,2024-01-01,True
EVI_VEH_REG_0319,RTO_Vehicle_Registry,VEH_0319,Maharashtra RTO Database,Official_Registration,0.98,2024-01-01,True
EVI_VEH_REG_0320,RTO_Vehicle_Registry,VEH_0320,Maharashtra RTO Database,Official_Registration,0.98,2024-01-01,True
EVI_VEH_REG_0321,RTO_Vehicle_Registry,VEH_0321,Maharashtra RTO Database,Official_Registration,0.98,2024-01-01,True
EVI_VEH_REG_0322,RTO_Vehicle_Registry,VEH_0322,Maharashtra RTO Database,Official_Registration,0.98,2024-01-01,True
EVI_VEH_REG_0323,RTO_Vehicle_Registry,VEH_0323,Maharashtra RTO Database,Official_Registration,0.98,2024-01-01,True
EVI_VEH_REG_0324,RTO_Vehicle_Registry,VEH_0324,Maharashtra RTO Database,Official_Registration,0.98,2024-01-01,True
EVI_VEH_REG_0325,RTO_Vehicle_Registry,VEH_0325,Maharashtra RTO Database,Official_Registration,0.98,2024-01-01,True
EVI_VEH_REG_0326,RTO_Vehicle_Registry,VEH_0326,Maharashtra RTO Database,Official_Registration,0.98,2024-01-01,True
EVI_VEH_REG_0327,RTO_Vehicle_Registry,VEH_0327,Maharashtra RTO Database,Official_Registration,0.98,2024-01-01,True
EVI_VEH_REG_0328,RTO_Vehicle_Registry,VEH_0328,Maharashtra RTO Database,Official_Registration,0.98,2024-01-01,True
EVI_VEH_REG_0329,RTO_Vehicle_Registry,VEH_0329,Maharashtra RTO Database,Official_Registration,0.98,2024-01-01,True
EVI_VEH_REG_0330,RTO_Vehicle_Registry,VEH_0330,Maharashtra RTO Database,Official_Registration,0.98,2024-01-01,True
EVI_VEH_REG_0331,RTO_Vehicle_Registry,VEH_0331,Maharashtra RTO Database,Official_Registration,0.98,2024-01-01,True
EVI_VEH_REG_0332,RTO_Vehicle_Registry,VEH_0332,Maharashtra RTO Database,Official_Registration,0.98,2024-01-01,True
EVI_VEH_REG_0333,RTO_Vehicle_Registry,VEH_0333,Maharashtra RTO Database,Official_Registration,0.98,2024-01-01,True
EVI_VEH_REG_0334,RTO_Vehicle_Registry,VEH_0334,Maharashtra RTO Database,Official_Registration,0.98,2024-01-01,True
EVI_VEH_REG_0335,RTO_Vehicle_Registry,VEH_0335,Maharashtra RTO Database,Official_Registration,0.98,2024-01-01,True
EVI_VEH_REG_0336,RTO_Vehicle_Registry,VEH_0336,Maharashtra RTO Database,Official_Registration,0.98,2024-01-01,True
EVI_VEH_REG_0337,RTO_Vehicle_Registry,VEH_0337,Maharashtra RTO Database,Official_Registration,0.98,2024-01-01,True
EVI_VEH_REG_0338,RTO_Vehicle_Registry,VEH_0338,Maharashtra RTO Database,Official_Registration,0.98,2024-01-01,True
EVI_VEH_REG_0339,RTO_Vehicle_Registry,VEH_0339,Maharashtra RTO Database,Official_Registration,0.98,2024-01-01,True
EVI_VEH_REG_0340,RTO_Vehicle_Registry,VEH_0340,Maharashtra RTO Database,Official_Registration,0.98,2024-01-01,True
EVI_VEH_REG_0341,RTO_Vehicle_Registry,VEH_0341,Maharashtra RTO Database,Official_Registration,0.98,2024-01-01,True
EVI_VEH_REG_0342,RTO_Vehicle_Registry,VEH_0342,Maharashtra RTO Database,Official_Registration,0.98,2024-01-01,True
EVI_VEH_REG_0343,RTO_Vehicle_Registry,VEH_0343,Maharashtra RTO Database,Official_Registration,0.98,2024-01-01,True
EVI_VEH_REG_0344,RTO_Vehicle_Registry,VEH_0344,Maharashtra RTO Database,Official_Registration,0.98,2024-01-01,True
EVI_VEH_REG_0345,RTO_Vehicle_Registry,VEH_0345,Maharashtra RTO Database,Official_Registration,0.98,2024-01-01,True
EVI_VEH_REG_0346,RTO_Vehicle_Registry,VEH_0346,Maharashtra RTO Database,Official_Registration,0.98,2024-01-01,True
EVI_VEH_REG_0347,RTO_Vehicle_Registry,VEH_0347,Maharashtra RTO Database,Official_Registration,0.98,2024-01-01,True
EVI_VEH_REG_0348,RTO_Vehicle_Registry,VEH_0348,Maharashtra RTO Database,Official_Registration,0.98,2024-01-01,True
EVI_VEH_REG_0349,RTO_Vehicle_Registry,VEH_0349,Maharashtra RTO Database,Official_Registration,0.98,2024-01-01,True
EVI_VEH_REG_0350,RTO_Vehicle_Registry,VEH_0350,Maharashtra RTO Database,Official_Registration,0.98,2024-01-01,True
EVI_VEH_REG_0351,RTO_Vehicle_Registry,VEH_0351,Maharashtra RTO Database,Official_Registration,0.98,2024-01-01,True
EVI_VEH_REG_0352,RTO_Vehicle_Registry,VEH_0352,Maharashtra RTO Database,Official_Registration,0.98,2024-01-01,True
EVI_VEH_REG_0353,RTO_Vehicle_Registry,VEH_0353,Maharashtra RTO Database,Official_Registration,0.98,2024-01-01,True
EVI_VEH_REG_0354,RTO_Vehicle_Registry,VEH_0354,Maharashtra RTO Database,Official_Registration,0.98,2024-01-01,True
EVI_VEH_REG_0355,RTO_Vehicle_Registry,VEH_0355,Maharashtra RTO Database,Official_Registration,0.98,2024-01-01,True
EVI_VEH_REG_0356,RTO_Vehicle_Registry,VEH_0356,Maharashtra RTO Database,Official_Registration,0.98,2024-01-01,True
EVI_VEH_REG_0357,RTO_Vehicle_Registry,VEH_0357,Maharashtra RTO Database,Official_Registration,0.98,2024-01-01,True
EVI_VEH_REG_0358,RTO_Vehicle_Registry,VEH_0358,Maharashtra RTO Database,Official_Registration,0.98,2024-01-01,True
EVI_VEH_REG_0359,RTO_Vehicle_Registry,VEH_0359,Maharashtra RTO Database,Official_Registration,0.98,2024-01-01,True
EVI_VEH_REG_0360,RTO_Vehicle_Registry,VEH_0360,Maharashtra RTO Database,Official_Registration,0.98,2024-01-01,True
EVI_VEH_REG_0361,RTO_Vehicle_Registry,VEH_0361,Maharashtra RTO Database,Official_Registration,0.98,2024-01-01,True
EVI_VEH_REG_0362,RTO_Vehicle_Registry,VEH_0362,Maharashtra RTO Database,Official_Registration,0.98,2024-01-01,True
EVI_VEH_REG_0363,RTO_Vehicle_Registry,VEH_0363,Maharashtra RTO Database,Official_Registration,0.98,2024-01-01,True
EVI_VEH_REG_0364,RTO_Vehicle_Registry,VEH_0364,Maharashtra RTO Database,Official_Registration,0.98,2024-01-01,True
EVI_VEH_REG_0365,RTO_Vehicle_Registry,VEH_0365,Maharashtra RTO Database,Official_Registration,0.98,2024-01-01,True
EVI_VEH_REG_0366,RTO_Vehicle_Registry,VEH_0366,Maharashtra RTO Database,Official_Registration,0.98,2024-01-01,True
EVI_VEH_REG_0367,RTO_Vehicle_Registry,VEH_0367,Maharashtra RTO Database,Official_Registration,0.98,2024-01-01,True
EVI_VEH_REG_0368,RTO_Vehicle_Registry,VEH_0368,Maharashtra RTO Database,Official_Registration,0.98,2024-01-01,True
EVI_VEH_REG_0369,RTO_Vehicle_Registry,VEH_0369,Maharashtra RTO Database,Official_Registration,0.98,2024-01-01,True
EVI_VEH_REG_0370,RTO_Vehicle_Registry,VEH_0370,Maharashtra RTO Database,Official_Registration,0.98,2024-01-01,True
EVI_VEH_REG_0371,RTO_Vehicle_Registry,VEH_0371,Maharashtra RTO Database,Official_Registration,0.98,2024-01-01,True
EVI_VEH_REG_0372,RTO_Vehicle_Registry,VEH_0372,Maharashtra RTO Database,Official_Registration,0.98,2024-01-01,True
EVI_VEH_REG_0373,RTO_Vehicle_Registry,VEH_0373,Maharashtra RTO Database,Official_Registration,0.98,2024-01-01,True
EVI_VEH_REG_0374,RTO_Vehicle_Registry,VEH_0374,Maharashtra RTO Database,Official_Registration,0.98,2024-01-01,True
EVI_VEH_REG_0375,RTO_Vehicle_Registry,VEH_0375,Maharashtra RTO Database,Official_Registration,0.98,2024-01-01,True
EVI_VEH_REG_0376,RTO_Vehicle_Registry,VEH_0376,Maharashtra RTO Database,Official_Registration,0.98,2024-01-01,True
EVI_VEH_REG_0377,RTO_Vehicle_Registry,VEH_0377,Maharashtra RTO Database,Official_Registration,0.98,2024-01-01,True
EVI_VEH_REG_0378,RTO_Vehicle_Registry,VEH_0378,Maharashtra RTO Database,Official_Registration,0.98,2024-01-01,True
EVI_VEH_REG_0379,RTO_Vehicle_Registry,VEH_0379,Maharashtra RTO Database,Official_Registration,0.98,2024-01-01,True
EVI_VEH_REG_0380,RTO_Vehicle_Registry,VEH_0380,Maharashtra RTO Database,Official_Registration,0.98,2024-01-01,True
EVI_VEH_REG_0381,RTO_Vehicle_Registry,VEH_0381,Maharashtra RTO Database,Official_Registration,0.98,2024-01-01,True
EVI_VEH_REG_0382,RTO_Vehicle_Registry,VEH_0382,Maharashtra RTO Database,Official_Registration,0.98,2024-01-01,True
EVI_VEH_REG_0383,RTO_Vehicle_Registry,VEH_0383,Maharashtra RTO Database,Official_Registration,0.98,2024-01-01,True
EVI_VEH_REG_0384,RTO_Vehicle_Registry,VEH_0384,Maharashtra RTO Database,Official_Registration,0.98,2024-01-01,True
EVI_VEH_REG_0385,RTO_Vehicle_Registry,VEH_0385,Maharashtra RTO Database,Official_Registration,0.98,2024-01-01,True
EVI_VEH_REG_0386,RTO_Vehicle_Registry,VEH_0386,Maharashtra RTO Database,Official_Registration,0.98,2024-01-01,True
EVI_VEH_REG_0387,RTO_Vehicle_Registry,VEH_0387,Maharashtra RTO Database,Official_Registration,0.98,2024-01-01,True
EVI_VEH_REG_0388,RTO_Vehicle_Registry,VEH_0388,Maharashtra RTO Database,Official_Registration,0.98,2024-01-01,True
EVI_VEH_REG_0389,RTO_Vehicle_Registry,VEH_0389,Maharashtra RTO Database,Official_Registration,0.98,2024-01-01,True
EVI_VEH_REG_0390,RTO_Vehicle_Registry,VEH_0390,Maharashtra RTO Database,Official_Registration,0.98,2024-01-01,True
EVI_VEH_REG_0391,RTO_Vehicle_Registry,VEH_0391,Maharashtra RTO Database,Official_Registration,0.98,2024-01-01,True
EVI_VEH_REG_0392,RTO_Vehicle_Registry,VEH_0392,Maharashtra RTO Database,Official_Registration,0.98,2024-01-01,True
EVI_VEH_REG_0393,RTO_Vehicle_Registry,VEH_0393,Maharashtra RTO Database,Official_Registration,0.98,2024-01-01,True
EVI_VEH_REG_0394,RTO_Vehicle_Registry,VEH_0394,Maharashtra RTO Database,Official_Registration,0.98,2024-01-01,True
EVI_VEH_REG_0395,RTO_Vehicle_Registry,VEH_0395,Maharashtra RTO Database,Official_Registration,0.98,2024-01-01,True
EVI_VEH_REG_0396,RTO_Vehicle_Registry,VEH_0396,Maharashtra RTO Database,Official_Registration,0.98,2024-01-01,True
EVI_VEH_REG_0397,RTO_Vehicle_Registry,VEH_0397,Maharashtra RTO Database,Official_Registration,0.98,2024-01-01,True
EVI_VEH_REG_0398,RTO_Vehicle_Registry,VEH_0398,Maharashtra RTO Database,Official_Registration,0.98,2024-01-01,True
EVI_VEH_REG_0399,RTO_Vehicle_Registry,VEH_0399,Maharashtra RTO Database,Official_Registration,0.98,2024-01-01,True
EVI_VEH_REG_0400,RTO_Vehicle_Registry,VEH_0400,Maharashtra RTO Database,Official_Registration,0.98,2024-01-01,True
EVI_VEH_REG_0401,RTO_Vehicle_Registry,VEH_0401,Maharashtra RTO Database,Official_Registration,0.98,2024-01-01,True
EVI_VEH_REG_0402,RTO_Vehicle_Registry,VEH_0402,Maharashtra RTO Database,Official_Registration,0.98,2024-01-01,True
EVI_VEH_REG_0403,RTO_Vehicle_Registry,VEH_0403,Maharashtra RTO Database,Official_Registration,0.98,2024-01-01,True
EVI_VEH_REG_0404,RTO_Vehicle_Registry,VEH_0404,Maharashtra RTO Database,Official_Registration,0.98,2024-01-01,True
EVI_VEH_REG_0405,RTO_Vehicle_Registry,VEH_0405,Maharashtra RTO Database,Official_Registration,0.98,2024-01-01,True
EVI_VEH_REG_0406,RTO_Vehicle_Registry,VEH_0406,Maharashtra RTO Database,Official_Registration,0.98,2024-01-01,True
EVI_VEH_REG_0407,RTO_Vehicle_Registry,VEH_0407,Maharashtra RTO Database,Official_Registration,0.98,2024-01-01,True
EVI_VEH_REG_0408,RTO_Vehicle_Registry,VEH_0408,Maharashtra RTO Database,Official_Registration,0.98,2024-01-01,True
EVI_VEH_REG_0409,RTO_Vehicle_Registry,VEH_0409,Maharashtra RTO Database,Official_Registration,0.98,2024-01-01,True
EVI_VEH_REG_0410,RTO_Vehicle_Registry,VEH_0410,Maharashtra RTO Database,Official_Registration,0.98,2024-01-01,True
EVI_VEH_REG_0411,RTO_Vehicle_Registry,VEH_0411,Maharashtra RTO Database,Official_Registration,0.98,2024-01-01,True
EVI_VEH_REG_0412,RTO_Vehicle_Registry,VEH_0412,Maharashtra RTO Database,Official_Registration,0.98,2024-01-01,True
EVI_VEH_REG_0413,RTO_Vehicle_Registry,VEH_0413,Maharashtra RTO Database,Official_Registration,0.98,2024-01-01,True
EVI_VEH_REG_0414,RTO_Vehicle_Registry,VEH_0414,Maharashtra RTO Database,Official_Registration,0.98,2024-01-01,True
EVI_VEH_REG_0415,RTO_Vehicle_Registry,VEH_0415,Maharashtra RTO Database,Official_Registration,0.98,2024-01-01,True
EVI_VEH_REG_0416,RTO_Vehicle_Registry,VEH_0416,Maharashtra RTO Database,Official_Registration,0.98,2024-01-01,True
EVI_VEH_REG_0417,RTO_Vehicle_Registry,VEH_0417,Maharashtra RTO Database,Official_Registration,0.98,2024-01-01,True
EVI_VEH_REG_0418,RTO_Vehicle_Registry,VEH_0418,Maharashtra RTO Database,Official_Registration,0.98,2024-01-01,True
EVI_VEH_REG_0419,RTO_Vehicle_Registry,VEH_0419,Maharashtra RTO Database,Official_Registration,0.98,2024-01-01,True
EVI_VEH_REG_0420,RTO_Vehicle_Registry,VEH_0420,Maharashtra RTO Database,Official_Registration,0.98,2024-01-01,True
EVI_VEH_REG_0421,RTO_Vehicle_Registry,VEH_0421,Maharashtra RTO Database,Official_Registration,0.98,2024-01-01,True
EVI_VEH_REG_0422,RTO_Vehicle_Registry,VEH_0422,Maharashtra RTO Database,Official_Registration,0.98,2024-01-01,True
EVI_VEH_REG_0423,RTO_Vehicle_Registry,VEH_0423,Maharashtra RTO Database,Official_Registration,0.98,2024-01-01,True
EVI_VEH_REG_0424,RTO_Vehicle_Registry,VEH_0424,Maharashtra RTO Database,Official_Registration,0.98,2024-01-01,True
EVI_VEH_REG_0425,RTO_Vehicle_Registry,VEH_0425,Maharashtra RTO Database,Official_Registration,0.98,2024-01-01,True
EVI_VEH_REG_0426,RTO_Vehicle_Registry,VEH_0426,Maharashtra RTO Database,Official_Registration,0.98,2024-01-01,True
EVI_VEH_REG_0427,RTO_Vehicle_Registry,VEH_0427,Maharashtra RTO Database,Official_Registration,0.98,2024-01-01,True
EVI_VEH_REG_0428,RTO_Vehicle_Registry,VEH_0428,Maharashtra RTO Database,Official_Registration,0.98,2024-01-01,True
EVI_VEH_REG_0429,RTO_Vehicle_Registry,VEH_0429,Maharashtra RTO Database,Official_Registration,0.98,2024-01-01,True
EVI_VEH_REG_0430,RTO_Vehicle_Registry,VEH_0430,Maharashtra RTO Database,Official_Registration,0.98,2024-01-01,True
EVI_VEH_REG_0431,RTO_Vehicle_Registry,VEH_0431,Maharashtra RTO Database,Official_Registration,0.98,2024-01-01,True
EVI_VEH_REG_0432,RTO_Vehicle_Registry,VEH_0432,Maharashtra RTO Database,Official_Registration,0.98,2024-01-01,True
EVI_VEH_REG_0433,RTO_Vehicle_Registry,VEH_0433,Maharashtra RTO Database,Official_Registration,0.98,2024-01-01,True
EVI_VEH_REG_0434,RTO_Vehicle_Registry,VEH_0434,Maharashtra RTO Database,Official_Registration,0.98,2024-01-01,True
EVI_VEH_REG_0435,RTO_Vehicle_Registry,VEH_0435,Maharashtra RTO Database,Official_Registration,0.98,2024-01-01,True
EVI_VEH_REG_0436,RTO_Vehicle_Registry,VEH_0436,Maharashtra RTO Database,Official_Registration,0.98,2024-01-01,True
EVI_VEH_REG_0437,RTO_Vehicle_Registry,VEH_0437,Maharashtra RTO Database,Official_Registration,0.98,2024-01-01,True
EVI_VEH_REG_0438,RTO_Vehicle_Registry,VEH_0438,Maharashtra RTO Database,Official_Registration,0.98,2024-01-01,True
EVI_VEH_REG_0439,RTO_Vehicle_Registry,VEH_0439,Maharashtra RTO Database,Official_Registration,0.98,2024-01-01,True
EVI_VEH_REG_0440,RTO_Vehicle_Registry,VEH_0440,Maharashtra RTO Database,Official_Registration,0.98,2024-01-01,True
EVI_VEH_REG_0441,RTO_Vehicle_Registry,VEH_0441,Maharashtra RTO Database,Official_Registration,0.98,2024-01-01,True
EVI_VEH_REG_0442,RTO_Vehicle_Registry,VEH_0442,Maharashtra RTO Database,Official_Registration,0.98,2024-01-01,True
EVI_VEH_REG_0443,RTO_Vehicle_Registry,VEH_0443,Maharashtra RTO Database,Official_Registration,0.98,2024-01-01,True
EVI_VEH_REG_0444,RTO_Vehicle_Registry,VEH_0444,Maharashtra RTO Database,Official_Registration,0.98,2024-01-01,True
EVI_VEH_REG_0445,RTO_Vehicle_Registry,VEH_0445,Maharashtra RTO Database,Official_Registration,0.98,2024-01-01,True
EVI_VEH_REG_0446,RTO_Vehicle_Registry,VEH_0446,Maharashtra RTO Database,Official_Registration,0.98,2024-01-01,True
EVI_VEH_REG_0447,RTO_Vehicle_Registry,VEH_0447,Maharashtra RTO Database,Official_Registration,0.98,2024-01-01,True
EVI_VEH_REG_0448,RTO_Vehicle_Registry,VEH_0448,Maharashtra RTO Database,Official_Registration,0.98,2024-01-01,True
EVI_VEH_REG_0449,RTO_Vehicle_Registry,VEH_0449,Maharashtra RTO Database,Official_Registration,0.98,2024-01-01,True
EVI_VEH_REG_0450,RTO_Vehicle_Registry,VEH_0450,Maharashtra RTO Database,Official_Registration,0.98,2024-01-01,True
EVI_VEH_REG_0451,RTO_Vehicle_Registry,VEH_0451,Maharashtra RTO Database,Official_Registration,0.98,2024-01-01,True
EVI_VEH_REG_0452,RTO_Vehicle_Registry,VEH_0452,Maharashtra RTO Database,Official_Registration,0.98,2024-01-01,True
EVI_VEH_REG_0453,RTO_Vehicle_Registry,VEH_0453,Maharashtra RTO Database,Official_Registration,0.98,2024-01-01,True
EVI_VEH_REG_0454,RTO_Vehicle_Registry,VEH_0454,Maharashtra RTO Database,Official_Registration,0.98,2024-01-01,True
EVI_VEH_REG_0455,RTO_Vehicle_Registry,VEH_0455,Maharashtra RTO Database,Official_Registration,0.98,2024-01-01,True
EVI_VEH_REG_0456,RTO_Vehicle_Registry,VEH_0456,Maharashtra RTO Database,Official_Registration,0.98,2024-01-01,True
EVI_VEH_REG_0457,RTO_Vehicle_Registry,VEH_0457,Maharashtra RTO Database,Official_Registration,0.98,2024-01-01,True
EVI_VEH_REG_0458,RTO_Vehicle_Registry,VEH_0458,Maharashtra RTO Database,Official_Registration,0.98,2024-01-01,True
EVI_VEH_REG_0459,RTO_Vehicle_Registry,VEH_0459,Maharashtra RTO Database,Official_Registration,0.98,2024-01-01,True
EVI_VEH_REG_0460,RTO_Vehicle_Registry,VEH_0460,Maharashtra RTO Database,Official_Registration,0.98,2024-01-01,True
EVI_VEH_REG_0461,RTO_Vehicle_Registry,VEH_0461,Maharashtra RTO Database,Official_Registration,0.98,2024-01-01,True
EVI_VEH_REG_0462,RTO_Vehicle_Registry,VEH_0462,Maharashtra RTO Database,Official_Registration,0.98,2024-01-01,True
EVI_VEH_REG_0463,RTO_Vehicle_Registry,VEH_0463,Maharashtra RTO Database,Official_Registration,0.98,2024-01-01,True
EVI_VEH_REG_0464,RTO_Vehicle_Registry,VEH_0464,Maharashtra RTO Database,Official_Registration,0.98,2024-01-01,True
EVI_VEH_REG_0465,RTO_Vehicle_Registry,VEH_0465,Maharashtra RTO Database,Official_Registration,0.98,2024-01-01,True
EVI_VEH_REG_0466,RTO_Vehicle_Registry,VEH_0466,Maharashtra RTO Database,Official_Registration,0.98,2024-01-01,True
EVI_VEH_REG_0467,RTO_Vehicle_Registry,VEH_0467,Maharashtra RTO Database,Official_Registration,0.98,2024-01-01,True
EVI_VEH_REG_0468,RTO_Vehicle_Registry,VEH_0468,Maharashtra RTO Database,Official_Registration,0.98,2024-01-01,True
EVI_VEH_REG_0469,RTO_Vehicle_Registry,VEH_0469,Maharashtra RTO Database,Official_Registration,0.98,2024-01-01,True
EVI_VEH_REG_0470,RTO_Vehicle_Registry,VEH_0470,Maharashtra RTO Database,Official_Registration,0.98,2024-01-01,True
EVI_VEH_REG_0471,RTO_Vehicle_Registry,VEH_0471,Maharashtra RTO Database,Official_Registration,0.98,2024-01-01,True
EVI_VEH_REG_0472,RTO_Vehicle_Registry,VEH_0472,Maharashtra RTO Database,Official_Registration,0.98,2024-01-01,True
EVI_VEH_REG_0473,RTO_Vehicle_Registry,VEH_0473,Maharashtra RTO Database,Official_Registration,0.98,2024-01-01,True
EVI_VEH_REG_0474,RTO_Vehicle_Registry,VEH_0474,Maharashtra RTO Database,Official_Registration,0.98,2024-01-01,True
EVI_VEH_REG_0475,RTO_Vehicle_Registry,VEH_0475,Maharashtra RTO Database,Official_Registration,0.98,2024-01-01,True
EVI_VEH_REG_0476,RTO_Vehicle_Registry,VEH_0476,Maharashtra RTO Database,Official_Registration,0.98,2024-01-01,True
EVI_VEH_REG_0477,RTO_Vehicle_Registry,VEH_0477,Maharashtra RTO Database,Official_Registration,0.98,2024-01-01,True
EVI_VEH_REG_0478,RTO_Vehicle_Registry,VEH_0478,Maharashtra RTO Database,Official_Registration,0.98,2024-01-01,True
EVI_VEH_REG_0479,RTO_Vehicle_Registry,VEH_0479,Maharashtra RTO Database,Official_Registration,0.98,2024-01-01,True
EVI_VEH_REG_0480,RTO_Vehicle_Registry,VEH_0480,Maharashtra RTO Database,Official_Registration,0.98,2024-01-01,True
EVI_VEH_REG_0481,RTO_Vehicle_Registry,VEH_0481,Maharashtra RTO Database,Official_Registration,0.98,2024-01-01,True
EVI_VEH_REG_0482,RTO_Vehicle_Registry,VEH_0482,Maharashtra RTO Database,Official_Registration,0.98,2024-01-01,True
EVI_VEH_REG_0483,RTO_Vehicle_Registry,VEH_0483,Maharashtra RTO Database,Official_Registration,0.98,2024-01-01,True
EVI_VEH_REG_0484,RTO_Vehicle_Registry,VEH_0484,Maharashtra RTO Database,Official_Registration,0.98,2024-01-01,True
EVI_VEH_REG_0485,RTO_Vehicle_Registry,VEH_0485,Maharashtra RTO Database,Official_Registration,0.98,2024-01-01,True
EVI_VEH_REG_0486,RTO_Vehicle_Registry,VEH_0486,Maharashtra RTO Database,Official_Registration,0.98,2024-01-01,True
EVI_VEH_REG_0487,RTO_Vehicle_Registry,VEH_0487,Maharashtra RTO Database,Official_Registration,0.98,2024-01-01,True
EVI_VEH_REG_0488,RTO_Vehicle_Registry,VEH_0488,Maharashtra RTO Database,Official_Registration,0.98,2024-01-01,True
EVI_VEH_REG_0489,RTO_Vehicle_Registry,VEH_0489,Maharashtra RTO Database,Official_Registration,0.98,2024-01-01,True
EVI_VEH_REG_0490,RTO_Vehicle_Registry,VEH_0490,Maharashtra RTO Database,Official_Registration,0.98,2024-01-01,True
EVI_VEH_REG_0491,RTO_Vehicle_Registry,VEH_0491,Maharashtra RTO Database,Official_Registration,0.98,2024-01-01,True
EVI_VEH_REG_0492,RTO_Vehicle_Registry,VEH_0492,Maharashtra RTO Database,Official_Registration,0.98,2024-01-01,True
EVI_VEH_REG_0493,RTO_Vehicle_Registry,VEH_0493,Maharashtra RTO Database,Official_Registration,0.98,2024-01-01,True
EVI_VEH_REG_0494,RTO_Vehicle_Registry,VEH_0494,Maharashtra RTO Database,Official_Registration,0.98,2024-01-01,True
EVI_VEH_REG_0495,RTO_Vehicle_Registry,VEH_0495,Maharashtra RTO Database,Official_Registration,0.98,2024-01-01,True
EVI_VEH_REG_0496,RTO_Vehicle_Registry,VEH_0496,Maharashtra RTO Database,Official_Registration,0.98,2024-01-01,True
EVI_VEH_REG_0497,RTO_Vehicle_Registry,VEH_0497,Maharashtra RTO Database,Official_Registration,0.98,2024-01-01,True
EVI_VEH_REG_0498,RTO_Vehicle_Registry,VEH_0498,Maharashtra RTO Database,Official_Registration,0.98,2024-01-01,True
EVI_VEH_REG_0499,RTO_Vehicle_Registry,VEH_0499,Maharashtra RTO Database,Official_Registration,0.98,2024-01-01,True
EVI_VEH_REG_0500,RTO_Vehicle_Registry,VEH_0500,Maharashtra RTO Database,Official_Registration,0.98,2024-01-01,True
EVI_VEH_REG_0501,RTO_Vehicle_Registry,VEH_0501,Maharashtra RTO Database,Official_Registration,0.98,2024-01-01,True
EVI_VEH_REG_0502,RTO_Vehicle_Registry,VEH_0502,Maharashtra RTO Database,Official_Registration,0.98,2024-01-01,True
EVI_VEH_REG_0503,RTO_Vehicle_Registry,VEH_0503,Maharashtra RTO Database,Official_Registration,0.98,2024-01-01,True
EVI_VEH_REG_0504,RTO_Vehicle_Registry,VEH_0504,Maharashtra RTO Database,Official_Registration,0.98,2024-01-01,True
EVI_VEH_REG_0505,RTO_Vehicle_Registry,VEH_0505,Maharashtra RTO Database,Official_Registration,0.98,2024-01-01,True
EVI_VEH_REG_0506,RTO_Vehicle_Registry,VEH_0506,Maharashtra RTO Database,Official_Registration,0.98,2024-01-01,True
EVI_VEH_REG_0507,RTO_Vehicle_Registry,VEH_0507,Maharashtra RTO Database,Official_Registration,0.98,2024-01-01,True
EVI_VEH_REG_0508,RTO_Vehicle_Registry,VEH_0508,Maharashtra RTO Database,Official_Registration,0.98,2024-01-01,True
EVI_VEH_REG_0509,RTO_Vehicle_Registry,VEH_0509,Maharashtra RTO Database,Official_Registration,0.98,2024-01-01,True
EVI_VEH_REG_0510,RTO_Vehicle_Registry,VEH_0510,Maharashtra RTO Database,Official_Registration,0.98,2024-01-01,True
EVI_VEH_REG_0511,RTO_Vehicle_Registry,VEH_0511,Maharashtra RTO Database,Official_Registration,0.98,2024-01-01,True
EVI_VEH_REG_0512,RTO_Vehicle_Registry,VEH_0512,Maharashtra RTO Database,Official_Registration,0.98,2024-01-01,True
EVI_VEH_REG_0513,RTO_Vehicle_Registry,VEH_0513,Maharashtra RTO Database,Official_Registration,0.98,2024-01-01,True
EVI_VEH_REG_0514,RTO_Vehicle_Registry,VEH_0514,Maharashtra RTO Database,Official_Registration,0.98,2024-01-01,True
EVI_VEH_REG_0515,RTO_Vehicle_Registry,VEH_0515,Maharashtra RTO Database,Official_Registration,0.98,2024-01-01,True
EVI_VEH_REG_0516,RTO_Vehicle_Registry,VEH_0516,Maharashtra RTO Database,Official_Registration,0.98,2024-01-01,True
EVI_VEH_REG_0517,RTO_Vehicle_Registry,VEH_0517,Maharashtra RTO Database,Official_Registration,0.98,2024-01-01,True
EVI_VEH_REG_0518,RTO_Vehicle_Registry,VEH_0518,Maharashtra RTO Database,Official_Registration,0.98,2024-01-01,True
EVI_VEH_REG_0519,RTO_Vehicle_Registry,VEH_0519,Maharashtra RTO Database,Official_Registration,0.98,2024-01-01,True
EVI_VEH_REG_0520,RTO_Vehicle_Registry,VEH_0520,Maharashtra RTO Database,Official_Registration,0.98,2024-01-01,True
EVI_VEH_REG_0521,RTO_Vehicle_Registry,VEH_0521,Maharashtra RTO Database,Official_Registration,0.98,2024-01-01,True
EVI_VEH_REG_0522,RTO_Vehicle_Registry,VEH_0522,Maharashtra RTO Database,Official_Registration,0.98,2024-01-01,True
EVI_VEH_REG_0523,RTO_Vehicle_Registry,VEH_0523,Maharashtra RTO Database,Official_Registration,0.98,2024-01-01,True
EVI_VEH_REG_0524,RTO_Vehicle_Registry,VEH_0524,Maharashtra RTO Database,Official_Registration,0.98,2024-01-01,True
EVI_VEH_REG_0525,RTO_Vehicle_Registry,VEH_0525,Maharashtra RTO Database,Official_Registration,0.98,2024-01-01,True
EVI_VEH_REG_0526,RTO_Vehicle_Registry,VEH_0526,Maharashtra RTO Database,Official_Registration,0.98,2024-01-01,True
EVI_VEH_REG_0527,RTO_Vehicle_Registry,VEH_0527,Maharashtra RTO Database,Official_Registration,0.98,2024-01-01,True
EVI_VEH_REG_0528,RTO_Vehicle_Registry,VEH_0528,Maharashtra RTO Database,Official_Registration,0.98,2024-01-01,True
EVI_VEH_REG_0529,RTO_Vehicle_Registry,VEH_0529,Maharashtra RTO Database,Official_Registration,0.98,2024-01-01,True
EVI_VEH_REG_0530,RTO_Vehicle_Registry,VEH_0530,Maharashtra RTO Database,Official_Registration,0.98,2024-01-01,True
EVI_VEH_REG_0531,RTO_Vehicle_Registry,VEH_0531,Maharashtra RTO Database,Official_Registration,0.98,2024-01-01,True
EVI_VEH_REG_0532,RTO_Vehicle_Registry,VEH_0532,Maharashtra RTO Database,Official_Registration,0.98,2024-01-01,True
EVI_VEH_REG_0533,RTO_Vehicle_Registry,VEH_0533,Maharashtra RTO Database,Official_Registration,0.98,2024-01-01,True
EVI_VEH_REG_0534,RTO_Vehicle_Registry,VEH_0534,Maharashtra RTO Database,Official_Registration,0.98,2024-01-01,True
EVI_VEH_REG_0535,RTO_Vehicle_Registry,VEH_0535,Maharashtra RTO Database,Official_Registration,0.98,2024-01-01,True
EVI_VEH_REG_0536,RTO_Vehicle_Registry,VEH_0536,Maharashtra RTO Database,Official_Registration,0.98,2024-01-01,True
EVI_VEH_REG_0537,RTO_Vehicle_Registry,VEH_0537,Maharashtra RTO Database,Official_Registration,0.98,2024-01-01,True
EVI_VEH_REG_0538,RTO_Vehicle_Registry,VEH_0538,Maharashtra RTO Database,Official_Registration,0.98,2024-01-01,True
EVI_VEH_REG_0539,RTO_Vehicle_Registry,VEH_0539,Maharashtra RTO Database,Official_Registration,0.98,2024-01-01,True
EVI_VEH_REG_0540,RTO_Vehicle_Registry,VEH_0540,Maharashtra RTO Database,Official_Registration,0.98,2024-01-01,True
EVI_VEH_REG_0541,RTO_Vehicle_Registry,VEH_0541,Maharashtra RTO Database,Official_Registration,0.98,2024-01-01,True
EVI_VEH_REG_0542,RTO_Vehicle_Registry,VEH_0542,Maharashtra RTO Database,Official_Registration,0.98,2024-01-01,True
EVI_VEH_REG_0543,RTO_Vehicle_Registry,VEH_0543,Maharashtra RTO Database,Official_Registration,0.98,2024-01-01,True
EVI_VEH_REG_0544,RTO_Vehicle_Registry,VEH_0544,Maharashtra RTO Database,Official_Registration,0.98,2024-01-01,True
EVI_VEH_REG_0545,RTO_Vehicle_Registry,VEH_0545,Maharashtra RTO Database,Official_Registration,0.98,2024-01-01,True
EVI_VEH_REG_0546,RTO_Vehicle_Registry,VEH_0546,Maharashtra RTO Database,Official_Registration,0.98,2024-01-01,True
EVI_VEH_REG_0547,RTO_Vehicle_Registry,VEH_0547,Maharashtra RTO Database,Official_Registration,0.98,2024-01-01,True
EVI_VEH_REG_0548,RTO_Vehicle_Registry,VEH_0548,Maharashtra RTO Database,Official_Registration,0.98,2024-01-01,True
EVI_VEH_REG_0549,RTO_Vehicle_Registry,VEH_0549,Maharashtra RTO Database,Official_Registration,0.98,2024-01-01,True
EVI_VEH_REG_0550,RTO_Vehicle_Registry,VEH_0550,Maharashtra RTO Database,Official_Registration,0.98,2024-01-01,True
EVI_VEH_REG_0551,RTO_Vehicle_Registry,VEH_0551,Maharashtra RTO Database,Official_Registration,0.98,2024-01-01,True
EVI_VEH_REG_0552,RTO_Vehicle_Registry,VEH_0552,Maharashtra RTO Database,Official_Registration,0.98,2024-01-01,True
EVI_VEH_REG_0553,RTO_Vehicle_Registry,VEH_0553,Maharashtra RTO Database,Official_Registration,0.98,2024-01-01,True
EVI_VEH_REG_0554,RTO_Vehicle_Registry,VEH_0554,Maharashtra RTO Database,Official_Registration,0.98,2024-01-01,True
EVI_VEH_REG_0555,RTO_Vehicle_Registry,VEH_0555,Maharashtra RTO Database,Official_Registration,0.98,2024-01-01,True
EVI_VEH_REG_0556,RTO_Vehicle_Registry,VEH_0556,Maharashtra RTO Database,Official_Registration,0.98,2024-01-01,True
EVI_VEH_REG_0557,RTO_Vehicle_Registry,VEH_0557,Maharashtra RTO Database,Official_Registration,0.98,2024-01-01,True
EVI_VEH_REG_0558,RTO_Vehicle_Registry,VEH_0558,Maharashtra RTO Database,Official_Registration,0.98,2024-01-01,True
EVI_VEH_REG_0559,RTO_Vehicle_Registry,VEH_0559,Maharashtra RTO Database,Official_Registration,0.98,2024-01-01,True
EVI_VEH_REG_0560,RTO_Vehicle_Registry,VEH_0560,Maharashtra RTO Database,Official_Registration,0.98,2024-01-01,True
EVI_VEH_REG_0561,RTO_Vehicle_Registry,VEH_0561,Maharashtra RTO Database,Official_Registration,0.98,2024-01-01,True
EVI_VEH_REG_0562,RTO_Vehicle_Registry,VEH_0562,Maharashtra RTO Database,Official_Registration,0.98,2024-01-01,True
EVI_VEH_REG_0563,RTO_Vehicle_Registry,VEH_0563,Maharashtra RTO Database,Official_Registration,0.98,2024-01-01,True
EVI_VEH_REG_0564,RTO_Vehicle_Registry,VEH_0564,Maharashtra RTO Database,Official_Registration,0.98,2024-01-01,True
EVI_VEH_REG_0565,RTO_Vehicle_Registry,VEH_0565,Maharashtra RTO Database,Official_Registration,0.98,2024-01-01,True
EVI_VEH_REG_0566,RTO_Vehicle_Registry,VEH_0566,Maharashtra RTO Database,Official_Registration,0.98,2024-01-01,True
EVI_VEH_REG_0567,RTO_Vehicle_Registry,VEH_0567,Maharashtra RTO Database,Official_Registration,0.98,2024-01-01,True
EVI_VEH_REG_0568,RTO_Vehicle_Registry,VEH_0568,Maharashtra RTO Database,Official_Registration,0.98,2024-01-01,True
EVI_VEH_REG_0569,RTO_Vehicle_Registry,VEH_0569,Maharashtra RTO Database,Official_Registration,0.98,2024-01-01,True
EVI_VEH_REG_0570,RTO_Vehicle_Registry,VEH_0570,Maharashtra RTO Database,Official_Registration,0.98,2024-01-01,True
EVI_VEH_REG_0571,RTO_Vehicle_Registry,VEH_0571,Maharashtra RTO Database,Official_Registration,0.98,2024-01-01,True
EVI_VEH_REG_0572,RTO_Vehicle_Registry,VEH_0572,Maharashtra RTO Database,Official_Registration,0.98,2024-01-01,True
EVI_VEH_REG_0573,RTO_Vehicle_Registry,VEH_0573,Maharashtra RTO Database,Official_Registration,0.98,2024-01-01,True
EVI_VEH_REG_0574,RTO_Vehicle_Registry,VEH_0574,Maharashtra RTO Database,Official_Registration,0.98,2024-01-01,True
EVI_VEH_REG_0575,RTO_Vehicle_Registry,VEH_0575,Maharashtra RTO Database,Official_Registration,0.98,2024-01-01,True
EVI_VEH_REG_0576,RTO_Vehicle_Registry,VEH_0576,Maharashtra RTO Database,Official_Registration,0.98,2024-01-01,True
EVI_VEH_REG_0577,RTO_Vehicle_Registry,VEH_0577,Maharashtra RTO Database,Official_Registration,0.98,2024-01-01,True
EVI_VEH_REG_0578,RTO_Vehicle_Registry,VEH_0578,Maharashtra RTO Database,Official_Registration,0.98,2024-01-01,True
EVI_VEH_REG_0579,RTO_Vehicle_Registry,VEH_0579,Maharashtra RTO Database,Official_Registration,0.98,2024-01-01,True
EVI_VEH_REG_0580,RTO_Vehicle_Registry,VEH_0580,Maharashtra RTO Database,Official_Registration,0.98,2024-01-01,True
EVI_VEH_REG_0581,RTO_Vehicle_Registry,VEH_0581,Maharashtra RTO Database,Official_Registration,0.98,2024-01-01,True
EVI_VEH_REG_0582,RTO_Vehicle_Registry,VEH_0582,Maharashtra RTO Database,Official_Registration,0.98,2024-01-01,True
EVI_VEH_REG_0583,RTO_Vehicle_Registry,VEH_0583,Maharashtra RTO Database,Official_Registration,0.98,2024-01-01,True
EVI_VEH_REG_0584,RTO_Vehicle_Registry,VEH_0584,Maharashtra RTO Database,Official_Registration,0.98,2024-01-01,True
EVI_VEH_REG_0585,RTO_Vehicle_Registry,VEH_0585,Maharashtra RTO Database,Official_Registration,0.98,2024-01-01,True
EVI_VEH_REG_0586,RTO_Vehicle_Registry,VEH_0586,Maharashtra RTO Database,Official_Registration,0.98,2024-01-01,True
EVI_VEH_REG_0587,RTO_Vehicle_Registry,VEH_0587,Maharashtra RTO Database,Official_Registration,0.98,2024-01-01,True
EVI_VEH_REG_0588,RTO_Vehicle_Registry,VEH_0588,Maharashtra RTO Database,Official_Registration,0.98,2024-01-01,True
EVI_VEH_REG_0589,RTO_Vehicle_Registry,VEH_0589,Maharashtra RTO Database,Official_Registration,0.98,2024-01-01,True
EVI_VEH_REG_0590,RTO_Vehicle_Registry,VEH_0590,Maharashtra RTO Database,Official_Registration,0.98,2024-01-01,True
EVI_VEH_REG_0591,RTO_Vehicle_Registry,VEH_0591,Maharashtra RTO Database,Official_Registration,0.98,2024-01-01,True
EVI_VEH_REG_0592,RTO_Vehicle_Registry,VEH_0592,Maharashtra RTO Database,Official_Registration,0.98,2024-01-01,True
EVI_VEH_REG_0593,RTO_Vehicle_Registry,VEH_0593,Maharashtra RTO Database,Official_Registration,0.98,2024-01-01,True
EVI_VEH_REG_0594,RTO_Vehicle_Registry,VEH_0594,Maharashtra RTO Database,Official_Registration,0.98,2024-01-01,True
EVI_VEH_REG_0595,RTO_Vehicle_Registry,VEH_0595,Maharashtra RTO Database,Official_Registration,0.98,2024-01-01,True
EVI_VEH_REG_0596,RTO_Vehicle_Registry,VEH_0596,Maharashtra RTO Database,Official_Registration,0.98,2024-01-01,True
EVI_VEH_REG_0597,RTO_Vehicle_Registry,VEH_0597,Maharashtra RTO Database,Official_Registration,0.98,2024-01-01,True
EVI_VEH_REG_0598,RTO_Vehicle_Registry,VEH_0598,Maharashtra RTO Database,Official_Registration,0.98,2024-01-01,True
EVI_VEH_REG_0599,RTO_Vehicle_Registry,VEH_0599,Maharashtra RTO Database,Official_Registration,0.98,2024-01-01,True
EVI_VEH_REG_0600,RTO_Vehicle_Registry,VEH_0600,Maharashtra RTO Database,Official_Registration,0.98,2024-01-01,True
EVI_VEH_REG_0601,RTO_Vehicle_Registry,VEH_0601,Maharashtra RTO Database,Official_Registration,0.98,2024-01-01,True
EVI_VEH_REG_0602,RTO_Vehicle_Registry,VEH_0602,Maharashtra RTO Database,Official_Registration,0.98,2024-01-01,True
EVI_VEH_REG_0603,RTO_Vehicle_Registry,VEH_0603,Maharashtra RTO Database,Official_Registration,0.98,2024-01-01,True
EVI_VEH_REG_0604,RTO_Vehicle_Registry,VEH_0604,Maharashtra RTO Database,Official_Registration,0.98,2024-01-01,True
EVI_VEH_REG_0605,RTO_Vehicle_Registry,VEH_0605,Maharashtra RTO Database,Official_Registration,0.98,2024-01-01,True
EVI_VEH_REG_0606,RTO_Vehicle_Registry,VEH_0606,Maharashtra RTO Database,Official_Registration,0.98,2024-01-01,True
EVI_VEH_REG_0607,RTO_Vehicle_Registry,VEH_0607,Maharashtra RTO Database,Official_Registration,0.98,2024-01-01,True
EVI_VEH_REG_0608,RTO_Vehicle_Registry,VEH_0608,Maharashtra RTO Database,Official_Registration,0.98,2024-01-01,True
EVI_VEH_REG_0609,RTO_Vehicle_Registry,VEH_0609,Maharashtra RTO Database,Official_Registration,0.98,2024-01-01,True
EVI_VEH_REG_0610,RTO_Vehicle_Registry,VEH_0610,Maharashtra RTO Database,Official_Registration,0.98,2024-01-01,True
EVI_VEH_REG_0611,RTO_Vehicle_Registry,VEH_0611,Maharashtra RTO Database,Official_Registration,0.98,2024-01-01,True
EVI_VEH_REG_0612,RTO_Vehicle_Registry,VEH_0612,Maharashtra RTO Database,Official_Registration,0.98,2024-01-01,True
EVI_VEH_REG_0613,RTO_Vehicle_Registry,VEH_0613,Maharashtra RTO Database,Official_Registration,0.98,2024-01-01,True
EVI_VEH_REG_0614,RTO_Vehicle_Registry,VEH_0614,Maharashtra RTO Database,Official_Registration,0.98,2024-01-01,True
EVI_VEH_REG_0615,RTO_Vehicle_Registry,VEH_0615,Maharashtra RTO Database,Official_Registration,0.98,2024-01-01,True
EVI_VEH_REG_0616,RTO_Vehicle_Registry,VEH_0616,Maharashtra RTO Database,Official_Registration,0.98,2024-01-01,True
EVI_VEH_REG_0617,RTO_Vehicle_Registry,VEH_0617,Maharashtra RTO Database,Official_Registration,0.98,2024-01-01,True
EVI_VEH_REG_0618,RTO_Vehicle_Registry,VEH_0618,Maharashtra RTO Database,Official_Registration,0.98,2024-01-01,True
EVI_VEH_REG_0619,RTO_Vehicle_Registry,VEH_0619,Maharashtra RTO Database,Official_Registration,0.98,2024-01-01,True
EVI_VEH_REG_0620,RTO_Vehicle_Registry,VEH_0620,Maharashtra RTO Database,Official_Registration,0.98,2024-01-01,True
EVI_VEH_REG_0621,RTO_Vehicle_Registry,VEH_0621,Maharashtra RTO Database,Official_Registration,0.98,2024-01-01,True
EVI_VEH_REG_0622,RTO_Vehicle_Registry,VEH_0622,Maharashtra RTO Database,Official_Registration,0.98,2024-01-01,True
EVI_VEH_REG_0623,RTO_Vehicle_Registry,VEH_0623,Maharashtra RTO Database,Official_Registration,0.98,2024-01-01,True
EVI_VEH_REG_0624,RTO_Vehicle_Registry,VEH_0624,Maharashtra RTO Database,Official_Registration,0.98,2024-01-01,True
EVI_VEH_REG_0625,RTO_Vehicle_Registry,VEH_0625,Maharashtra RTO Database,Official_Registration,0.98,2024-01-01,True
EVI_VEH_REG_0626,RTO_Vehicle_Registry,VEH_0626,Maharashtra RTO Database,Official_Registration,0.98,2024-01-01,True
EVI_VEH_REG_0627,RTO_Vehicle_Registry,VEH_0627,Maharashtra RTO Database,Official_Registration,0.98,2024-01-01,True
EVI_VEH_REG_0628,RTO_Vehicle_Registry,VEH_0628,Maharashtra RTO Database,Official_Registration,0.98,2024-01-01,True
EVI_VEH_REG_0629,RTO_Vehicle_Registry,VEH_0629,Maharashtra RTO Database,Official_Registration,0.98,2024-01-01,True
EVI_VEH_REG_0630,RTO_Vehicle_Registry,VEH_0630,Maharashtra RTO Database,Official_Registration,0.98,2024-01-01,True
EVI_VEH_REG_0631,RTO_Vehicle_Registry,VEH_0631,Maharashtra RTO Database,Official_Registration,0.98,2024-01-01,True
EVI_VEH_REG_0632,RTO_Vehicle_Registry,VEH_0632,Maharashtra RTO Database,Official_Registration,0.98,2024-01-01,True
EVI_VEH_REG_0633,RTO_Vehicle_Registry,VEH_0633,Maharashtra RTO Database,Official_Registration,0.98,2024-01-01,True
EVI_VEH_REG_0634,RTO_Vehicle_Registry,VEH_0634,Maharashtra RTO Database,Official_Registration,0.98,2024-01-01,True
EVI_VEH_REG_0635,RTO_Vehicle_Registry,VEH_0635,Maharashtra RTO Database,Official_Registration,0.98,2024-01-01,True
EVI_VEH_REG_0636,RTO_Vehicle_Registry,VEH_0636,Maharashtra RTO Database,Official_Registration,0.98,2024-01-01,True
EVI_VEH_REG_0637,RTO_Vehicle_Registry,VEH_0637,Maharashtra RTO Database,Official_Registration,0.98,2024-01-01,True
EVI_VEH_REG_0638,RTO_Vehicle_Registry,VEH_0638,Maharashtra RTO Database,Official_Registration,0.98,2024-01-01,True
EVI_VEH_REG_0639,RTO_Vehicle_Registry,VEH_0639,Maharashtra RTO Database,Official_Registration,0.98,2024-01-01,True
EVI_VEH_REG_0640,RTO_Vehicle_Registry,VEH_0640,Maharashtra RTO Database,Official_Registration,0.98,2024-01-01,True
EVI_VEH_REG_0641,RTO_Vehicle_Registry,VEH_0641,Maharashtra RTO Database,Official_Registration,0.98,2024-01-01,True
EVI_VEH_REG_0642,RTO_Vehicle_Registry,VEH_0642,Maharashtra RTO Database,Official_Registration,0.98,2024-01-01,True
EVI_VEH_REG_0643,RTO_Vehicle_Registry,VEH_0643,Maharashtra RTO Database,Official_Registration,0.98,2024-01-01,True
EVI_VEH_REG_0644,RTO_Vehicle_Registry,VEH_0644,Maharashtra RTO Database,Official_Registration,0.98,2024-01-01,True
EVI_VEH_REG_0645,RTO_Vehicle_Registry,VEH_0645,Maharashtra RTO Database,Official_Registration,0.98,2024-01-01,True
EVI_VEH_REG_0646,RTO_Vehicle_Registry,VEH_0646,Maharashtra RTO Database,Official_Registration,0.98,2024-01-01,True
EVI_VEH_REG_0647,RTO_Vehicle_Registry,VEH_0647,Maharashtra RTO Database,Official_Registration,0.98,2024-01-01,True
EVI_VEH_REG_0648,RTO_Vehicle_Registry,VEH_0648,Maharashtra RTO Database,Official_Registration,0.98,2024-01-01,True
EVI_VEH_REG_0649,RTO_Vehicle_Registry,VEH_0649,Maharashtra RTO Database,Official_Registration,0.98,2024-01-01,True
EVI_VEH_REG_0650,RTO_Vehicle_Registry,VEH_0650,Maharashtra RTO Database,Official_Registration,0.98,2024-01-01,True
EVI_VEH_REG_0651,RTO_Vehicle_Registry,VEH_0651,Maharashtra RTO Database,Official_Registration,0.98,2024-01-01,True
EVI_VEH_REG_0652,RTO_Vehicle_Registry,VEH_0652,Maharashtra RTO Database,Official_Registration,0.98,2024-01-01,True
EVI_VEH_REG_0653,RTO_Vehicle_Registry,VEH_0653,Maharashtra RTO Database,Official_Registration,0.98,2024-01-01,True
EVI_VEH_REG_0654,RTO_Vehicle_Registry,VEH_0654,Maharashtra RTO Database,Official_Registration,0.98,2024-01-01,True
EVI_VEH_REG_0655,RTO_Vehicle_Registry,VEH_0655,Maharashtra RTO Database,Official_Registration,0.98,2024-01-01,True
EVI_VEH_REG_0656,RTO_Vehicle_Registry,VEH_0656,Maharashtra RTO Database,Official_Registration,0.98,2024-01-01,True
EVI_VEH_REG_0657,RTO_Vehicle_Registry,VEH_0657,Maharashtra RTO Database,Official_Registration,0.98,2024-01-01,True
EVI_VEH_REG_0658,RTO_Vehicle_Registry,VEH_0658,Maharashtra RTO Database,Official_Registration,0.98,2024-01-01,True
EVI_VEH_REG_0659,RTO_Vehicle_Registry,VEH_0659,Maharashtra RTO Database,Official_Registration,0.98,2024-01-01,True
EVI_VEH_REG_0660,RTO_Vehicle_Registry,VEH_0660,Maharashtra RTO Database,Official_Registration,0.98,2024-01-01,True
EVI_VEH_REG_0661,RTO_Vehicle_Registry,VEH_0661,Maharashtra RTO Database,Official_Registration,0.98,2024-01-01,True
EVI_VEH_REG_0662,RTO_Vehicle_Registry,VEH_0662,Maharashtra RTO Database,Official_Registration,0.98,2024-01-01,True
EVI_VEH_REG_0663,RTO_Vehicle_Registry,VEH_0663,Maharashtra RTO Database,Official_Registration,0.98,2024-01-01,True
EVI_VEH_REG_0664,RTO_Vehicle_Registry,VEH_0664,Maharashtra RTO Database,Official_Registration,0.98,2024-01-01,True
EVI_VEH_REG_0665,RTO_Vehicle_Registry,VEH_0665,Maharashtra RTO Database,Official_Registration,0.98,2024-01-01,True
EVI_VEH_REG_0666,RTO_Vehicle_Registry,VEH_0666,Maharashtra RTO Database,Official_Registration,0.98,2024-01-01,True
EVI_VEH_REG_0667,RTO_Vehicle_Registry,VEH_0667,Maharashtra RTO Database,Official_Registration,0.98,2024-01-01,True
EVI_VEH_REG_0668,RTO_Vehicle_Registry,VEH_0668,Maharashtra RTO Database,Official_Registration,0.98,2024-01-01,True
EVI_VEH_REG_0669,RTO_Vehicle_Registry,VEH_0669,Maharashtra RTO Database,Official_Registration,0.98,2024-01-01,True
EVI_VEH_REG_0670,RTO_Vehicle_Registry,VEH_0670,Maharashtra RTO Database,Official_Registration,0.98,2024-01-01,True
EVI_VEH_REG_0671,RTO_Vehicle_Registry,VEH_0671,Maharashtra RTO Database,Official_Registration,0.98,2024-01-01,True
EVI_VEH_REG_0672,RTO_Vehicle_Registry,VEH_0672,Maharashtra RTO Database,Official_Registration,0.98,2024-01-01,True
EVI_VEH_REG_0673,RTO_Vehicle_Registry,VEH_0673,Maharashtra RTO Database,Official_Registration,0.98,2024-01-01,True
EVI_VEH_REG_0674,RTO_Vehicle_Registry,VEH_0674,Maharashtra RTO Database,Official_Registration,0.98,2024-01-01,True
EVI_VEH_REG_0675,RTO_Vehicle_Registry,VEH_0675,Maharashtra RTO Database,Official_Registration,0.98,2024-01-01,True
EVI_VEH_REG_0676,RTO_Vehicle_Registry,VEH_0676,Maharashtra RTO Database,Official_Registration,0.98,2024-01-01,True
EVI_VEH_REG_0677,RTO_Vehicle_Registry,VEH_0677,Maharashtra RTO Database,Official_Registration,0.98,2024-01-01,True
EVI_VEH_REG_0678,RTO_Vehicle_Registry,VEH_0678,Maharashtra RTO Database,Official_Registration,0.98,2024-01-01,True
EVI_VEH_REG_0679,RTO_Vehicle_Registry,VEH_0679,Maharashtra RTO Database,Official_Registration,0.98,2024-01-01,True
EVI_VEH_REG_0680,RTO_Vehicle_Registry,VEH_0680,Maharashtra RTO Database,Official_Registration,0.98,2024-01-01,True
EVI_VEH_REG_0681,RTO_Vehicle_Registry,VEH_0681,Maharashtra RTO Database,Official_Registration,0.98,2024-01-01,True
EVI_VEH_REG_0682,RTO_Vehicle_Registry,VEH_0682,Maharashtra RTO Database,Official_Registration,0.98,2024-01-01,True
EVI_VEH_REG_0683,RTO_Vehicle_Registry,VEH_0683,Maharashtra RTO Database,Official_Registration,0.98,2024-01-01,True
EVI_VEH_REG_0684,RTO_Vehicle_Registry,VEH_0684,Maharashtra RTO Database,Official_Registration,0.98,2024-01-01,True
EVI_VEH_REG_0685,RTO_Vehicle_Registry,VEH_0685,Maharashtra RTO Database,Official_Registration,0.98,2024-01-01,True
EVI_VEH_REG_0686,RTO_Vehicle_Registry,VEH_0686,Maharashtra RTO Database,Official_Registration,0.98,2024-01-01,True
EVI_VEH_REG_0687,RTO_Vehicle_Registry,VEH_0687,Maharashtra RTO Database,Official_Registration,0.98,2024-01-01,True
EVI_VEH_REG_0688,RTO_Vehicle_Registry,VEH_0688,Maharashtra RTO Database,Official_Registration,0.98,2024-01-01,True
EVI_VEH_REG_0689,RTO_Vehicle_Registry,VEH_0689,Maharashtra RTO Database,Official_Registration,0.98,2024-01-01,True
EVI_VEH_REG_0690,RTO_Vehicle_Registry,VEH_0690,Maharashtra RTO Database,Official_Registration,0.98,2024-01-01,True
EVI_VEH_REG_0691,RTO_Vehicle_Registry,VEH_0691,Maharashtra RTO Database,Official_Registration,0.98,2024-01-01,True
EVI_VEH_REG_0692,RTO_Vehicle_Registry,VEH_0692,Maharashtra RTO Database,Official_Registration,0.98,2024-01-01,True
EVI_VEH_REG_0693,RTO_Vehicle_Registry,VEH_0693,Maharashtra RTO Database,Official_Registration,0.98,2024-01-01,True
EVI_VEH_REG_0694,RTO_Vehicle_Registry,VEH_0694,Maharashtra RTO Database,Official_Registration,0.98,2024-01-01,True
EVI_VEH_REG_0695,RTO_Vehicle_Registry,VEH_0695,Maharashtra RTO Database,Official_Registration,0.98,2024-01-01,True
EVI_VEH_REG_0696,RTO_Vehicle_Registry,VEH_0696,Maharashtra RTO Database,Official_Registration,0.98,2024-01-01,True
EVI_VEH_REG_0697,RTO_Vehicle_Registry,VEH_0697,Maharashtra RTO Database,Official_Registration,0.98,2024-01-01,True
EVI_VEH_REG_0698,RTO_Vehicle_Registry,VEH_0698,Maharashtra RTO Database,Official_Registration,0.98,2024-01-01,True
EVI_VEH_REG_0699,RTO_Vehicle_Registry,VEH_0699,Maharashtra RTO Database,Official_Registration,0.98,2024-01-01,True
EVI_VEH_REG_0700,RTO_Vehicle_Registry,VEH_0700,Maharashtra RTO Database,Official_Registration,0.98,2024-01-01,True
EVI_VEH_REG_0701,RTO_Vehicle_Registry,VEH_0701,Maharashtra RTO Database,Official_Registration,0.98,2024-01-01,True
EVI_VEH_REG_0702,RTO_Vehicle_Registry,VEH_0702,Maharashtra RTO Database,Official_Registration,0.98,2024-01-01,True
EVI_VEH_REG_0703,RTO_Vehicle_Registry,VEH_0703,Maharashtra RTO Database,Official_Registration,0.98,2024-01-01,True
EVI_VEH_REG_0704,RTO_Vehicle_Registry,VEH_0704,Maharashtra RTO Database,Official_Registration,0.98,2024-01-01,True
EVI_VEH_REG_0705,RTO_Vehicle_Registry,VEH_0705,Maharashtra RTO Database,Official_Registration,0.98,2024-01-01,True
EVI_VEH_REG_0706,RTO_Vehicle_Registry,VEH_0706,Maharashtra RTO Database,Official_Registration,0.98,2024-01-01,True
EVI_VEH_REG_0707,RTO_Vehicle_Registry,VEH_0707,Maharashtra RTO Database,Official_Registration,0.98,2024-01-01,True
EVI_VEH_REG_0708,RTO_Vehicle_Registry,VEH_0708,Maharashtra RTO Database,Official_Registration,0.98,2024-01-01,True
EVI_VEH_REG_0709,RTO_Vehicle_Registry,VEH_0709,Maharashtra RTO Database,Official_Registration,0.98,2024-01-01,True
EVI_VEH_REG_0710,RTO_Vehicle_Registry,VEH_0710,Maharashtra RTO Database,Official_Registration,0.98,2024-01-01,True
EVI_VEH_REG_0711,RTO_Vehicle_Registry,VEH_0711,Maharashtra RTO Database,Official_Registration,0.98,2024-01-01,True
EVI_VEH_REG_0712,RTO_Vehicle_Registry,VEH_0712,Maharashtra RTO Database,Official_Registration,0.98,2024-01-01,True
EVI_VEH_REG_0713,RTO_Vehicle_Registry,VEH_0713,Maharashtra RTO Database,Official_Registration,0.98,2024-01-01,True
EVI_VEH_REG_0714,RTO_Vehicle_Registry,VEH_0714,Maharashtra RTO Database,Official_Registration,0.98,2024-01-01,True
EVI_VEH_REG_0715,RTO_Vehicle_Registry,VEH_0715,Maharashtra RTO Database,Official_Registration,0.98,2024-01-01,True
EVI_VEH_REG_0716,RTO_Vehicle_Registry,VEH_0716,Maharashtra RTO Database,Official_Registration,0.98,2024-01-01,True
EVI_VEH_REG_0717,RTO_Vehicle_Registry,VEH_0717,Maharashtra RTO Database,Official_Registration,0.98,2024-01-01,True
EVI_VEH_REG_0718,RTO_Vehicle_Registry,VEH_0718,Maharashtra RTO Database,Official_Registration,0.98,2024-01-01,True
EVI_VEH_REG_0719,RTO_Vehicle_Registry,VEH_0719,Maharashtra RTO Database,Official_Registration,0.98,2024-01-01,True
EVI_VEH_REG_0720,RTO_Vehicle_Registry,VEH_0720,Maharashtra RTO Database,Official_Registration,0.98,2024-01-01,True
EVI_VEH_REG_0721,RTO_Vehicle_Registry,VEH_0721,Maharashtra RTO Database,Official_Registration,0.98,2024-01-01,True
EVI_VEH_REG_0722,RTO_Vehicle_Registry,VEH_0722,Maharashtra RTO Database,Official_Registration,0.98,2024-01-01,True
EVI_VEH_REG_0723,RTO_Vehicle_Registry,VEH_0723,Maharashtra RTO Database,Official_Registration,0.98,2024-01-01,True
EVI_VEH_REG_0724,RTO_Vehicle_Registry,VEH_0724,Maharashtra RTO Database,Official_Registration,0.98,2024-01-01,True
EVI_VEH_REG_0725,RTO_Vehicle_Registry,VEH_0725,Maharashtra RTO Database,Official_Registration,0.98,2024-01-01,True
EVI_VEH_REG_0726,RTO_Vehicle_Registry,VEH_0726,Maharashtra RTO Database,Official_Registration,0.98,2024-01-01,True
EVI_VEH_REG_0727,RTO_Vehicle_Registry,VEH_0727,Maharashtra RTO Database,Official_Registration,0.98,2024-01-01,True
EVI_VEH_REG_0728,RTO_Vehicle_Registry,VEH_0728,Maharashtra RTO Database,Official_Registration,0.98,2024-01-01,True
EVI_VEH_REG_0729,RTO_Vehicle_Registry,VEH_0729,Maharashtra RTO Database,Official_Registration,0.98,2024-01-01,True
EVI_VEH_REG_0730,RTO_Vehicle_Registry,VEH_0730,Maharashtra RTO Database,Official_Registration,0.98,2024-01-01,True
EVI_VEH_REG_0731,RTO_Vehicle_Registry,VEH_0731,Maharashtra RTO Database,Official_Registration,0.98,2024-01-01,True
EVI_VEH_REG_0732,RTO_Vehicle_Registry,VEH_0732,Maharashtra RTO Database,Official_Registration,0.98,2024-01-01,True
EVI_VEH_REG_0733,RTO_Vehicle_Registry,VEH_0733,Maharashtra RTO Database,Official_Registration,0.98,2024-01-01,True
EVI_VEH_REG_0734,RTO_Vehicle_Registry,VEH_0734,Maharashtra RTO Database,Official_Registration,0.98,2024-01-01,True
EVI_VEH_REG_0735,RTO_Vehicle_Registry,VEH_0735,Maharashtra RTO Database,Official_Registration,0.98,2024-01-01,True
EVI_VEH_REG_0736,RTO_Vehicle_Registry,VEH_0736,Maharashtra RTO Database,Official_Registration,0.98,2024-01-01,True
EVI_VEH_REG_0737,RTO_Vehicle_Registry,VEH_0737,Maharashtra RTO Database,Official_Registration,0.98,2024-01-01,True
EVI_VEH_REG_0738,RTO_Vehicle_Registry,VEH_0738,Maharashtra RTO Database,Official_Registration,0.98,2024-01-01,True
EVI_VEH_REG_0739,RTO_Vehicle_Registry,VEH_0739,Maharashtra RTO Database,Official_Registration,0.98,2024-01-01,True
EVI_VEH_REG_0740,RTO_Vehicle_Registry,VEH_0740,Maharashtra RTO Database,Official_Registration,0.98,2024-01-01,True
EVI_VEH_REG_0741,RTO_Vehicle_Registry,VEH_0741,Maharashtra RTO Database,Official_Registration,0.98,2024-01-01,True
EVI_VEH_REG_0742,RTO_Vehicle_Registry,VEH_0742,Maharashtra RTO Database,Official_Registration,0.98,2024-01-01,True
EVI_VEH_REG_0743,RTO_Vehicle_Registry,VEH_0743,Maharashtra RTO Database,Official_Registration,0.98,2024-01-01,True
EVI_VEH_REG_0744,RTO_Vehicle_Registry,VEH_0744,Maharashtra RTO Database,Official_Registration,0.98,2024-01-01,True
EVI_VEH_REG_0745,RTO_Vehicle_Registry,VEH_0745,Maharashtra RTO Database,Official_Registration,0.98,2024-01-01,True
EVI_VEH_REG_0746,RTO_Vehicle_Registry,VEH_0746,Maharashtra RTO Database,Official_Registration,0.98,2024-01-01,True
EVI_VEH_REG_0747,RTO_Vehicle_Registry,VEH_0747,Maharashtra RTO Database,Official_Registration,0.98,2024-01-01,True
EVI_VEH_REG_0748,RTO_Vehicle_Registry,VEH_0748,Maharashtra RTO Database,Official_Registration,0.98,2024-01-01,True
EVI_VEH_REG_0749,RTO_Vehicle_Registry,VEH_0749,Maharashtra RTO Database,Official_Registration,0.98,2024-01-01,True
EVI_VEH_REG_0750,RTO_Vehicle_Registry,VEH_0750,Maharashtra RTO Database,Official_Registration,0.98,2024-01-01,True
EVI_VEH_REG_0751,RTO_Vehicle_Registry,VEH_0751,Maharashtra RTO Database,Official_Registration,0.98,2024-01-01,True
EVI_VEH_REG_0752,RTO_Vehicle_Registry,VEH_0752,Maharashtra RTO Database,Official_Registration,0.98,2024-01-01,True
EVI_VEH_REG_0753,RTO_Vehicle_Registry,VEH_0753,Maharashtra RTO Database,Official_Registration,0.98,2024-01-01,True
EVI_VEH_REG_0754,RTO_Vehicle_Registry,VEH_0754,Maharashtra RTO Database,Official_Registration,0.98,2024-01-01,True
EVI_VEH_REG_0755,RTO_Vehicle_Registry,VEH_0755,Maharashtra RTO Database,Official_Registration,0.98,2024-01-01,True
EVI_VEH_REG_0756,RTO_Vehicle_Registry,VEH_0756,Maharashtra RTO Database,Official_Registration,0.98,2024-01-01,True
EVI_VEH_REG_0757,RTO_Vehicle_Registry,VEH_0757,Maharashtra RTO Database,Official_Registration,0.98,2024-01-01,True
EVI_VEH_REG_0758,RTO_Vehicle_Registry,VEH_0758,Maharashtra RTO Database,Official_Registration,0.98,2024-01-01,True
EVI_VEH_REG_0759,RTO_Vehicle_Registry,VEH_0759,Maharashtra RTO Database,Official_Registration,0.98,2024-01-01,True
EVI_VEH_REG_0760,RTO_Vehicle_Registry,VEH_0760,Maharashtra RTO Database,Official_Registration,0.98,2024-01-01,True
EVI_VEH_REG_0761,RTO_Vehicle_Registry,VEH_0761,Maharashtra RTO Database,Official_Registration,0.98,2024-01-01,True
EVI_VEH_REG_0762,RTO_Vehicle_Registry,VEH_0762,Maharashtra RTO Database,Official_Registration,0.98,2024-01-01,True
EVI_VEH_REG_0763,RTO_Vehicle_Registry,VEH_0763,Maharashtra RTO Database,Official_Registration,0.98,2024-01-01,True
EVI_VEH_REG_0764,RTO_Vehicle_Registry,VEH_0764,Maharashtra RTO Database,Official_Registration,0.98,2024-01-01,True
EVI_VEH_REG_0765,RTO_Vehicle_Registry,VEH_0765,Maharashtra RTO Database,Official_Registration,0.98,2024-01-01,True
EVI_VEH_REG_0766,RTO_Vehicle_Registry,VEH_0766,Maharashtra RTO Database,Official_Registration,0.98,2024-01-01,True
EVI_VEH_REG_0767,RTO_Vehicle_Registry,VEH_0767,Maharashtra RTO Database,Official_Registration,0.98,2024-01-01,True
EVI_VEH_REG_0768,RTO_Vehicle_Registry,VEH_0768,Maharashtra RTO Database,Official_Registration,0.98,2024-01-01,True
EVI_VEH_REG_0769,RTO_Vehicle_Registry,VEH_0769,Maharashtra RTO Database,Official_Registration,0.98,2024-01-01,True
EVI_VEH_REG_0770,RTO_Vehicle_Registry,VEH_0770,Maharashtra RTO Database,Official_Registration,0.98,2024-01-01,True
EVI_VEH_REG_0771,RTO_Vehicle_Registry,VEH_0771,Maharashtra RTO Database,Official_Registration,0.98,2024-01-01,True
EVI_VEH_REG_0772,RTO_Vehicle_Registry,VEH_0772,Maharashtra RTO Database,Official_Registration,0.98,2024-01-01,True
EVI_VEH_REG_0773,RTO_Vehicle_Registry,VEH_0773,Maharashtra RTO Database,Official_Registration,0.98,2024-01-01,True
EVI_VEH_REG_0774,RTO_Vehicle_Registry,VEH_0774,Maharashtra RTO Database,Official_Registration,0.98,2024-01-01,True
EVI_VEH_REG_0775,RTO_Vehicle_Registry,VEH_0775,Maharashtra RTO Database,Official_Registration,0.98,2024-01-01,True
EVI_VEH_REG_0776,RTO_Vehicle_Registry,VEH_0776,Maharashtra RTO Database,Official_Registration,0.98,2024-01-01,True
EVI_VEH_REG_0777,RTO_Vehicle_Registry,VEH_0777,Maharashtra RTO Database,Official_Registration,0.98,2024-01-01,True
EVI_VEH_REG_0778,RTO_Vehicle_Registry,VEH_0778,Maharashtra RTO Database,Official_Registration,0.98,2024-01-01,True
EVI_VEH_REG_0779,RTO_Vehicle_Registry,VEH_0779,Maharashtra RTO Database,Official_Registration,0.98,2024-01-01,True
EVI_VEH_REG_0780,RTO_Vehicle_Registry,VEH_0780,Maharashtra RTO Database,Official_Registration,0.98,2024-01-01,True
EVI_VEH_REG_0781,RTO_Vehicle_Registry,VEH_0781,Maharashtra RTO Database,Official_Registration,0.98,2024-01-01,True
EVI_VEH_REG_0782,RTO_Vehicle_Registry,VEH_0782,Maharashtra RTO Database,Official_Registration,0.98,2024-01-01,True
EVI_VEH_REG_0783,RTO_Vehicle_Registry,VEH_0783,Maharashtra RTO Database,Official_Registration,0.98,2024-01-01,True
EVI_VEH_REG_0784,RTO_Vehicle_Registry,VEH_0784,Maharashtra RTO Database,Official_Registration,0.98,2024-01-01,True
EVI_VEH_REG_0785,RTO_Vehicle_Registry,VEH_0785,Maharashtra RTO Database,Official_Registration,0.98,2024-01-01,True
EVI_VEH_REG_0786,RTO_Vehicle_Registry,VEH_0786,Maharashtra RTO Database,Official_Registration,0.98,2024-01-01,True
EVI_VEH_REG_0787,RTO_Vehicle_Registry,VEH_0787,Maharashtra RTO Database,Official_Registration,0.98,2024-01-01,True
EVI_VEH_REG_0788,RTO_Vehicle_Registry,VEH_0788,Maharashtra RTO Database,Official_Registration,0.98,2024-01-01,True
EVI_VEH_REG_0789,RTO_Vehicle_Registry,VEH_0789,Maharashtra RTO Database,Official_Registration,0.98,2024-01-01,True
EVI_VEH_REG_0790,RTO_Vehicle_Registry,VEH_0790,Maharashtra RTO Database,Official_Registration,0.98,2024-01-01,True
EVI_VEH_REG_0791,RTO_Vehicle_Registry,VEH_0791,Maharashtra RTO Database,Official_Registration,0.98,2024-01-01,True
EVI_VEH_REG_0792,RTO_Vehicle_Registry,VEH_0792,Maharashtra RTO Database,Official_Registration,0.98,2024-01-01,True
EVI_VEH_REG_0793,RTO_Vehicle_Registry,VEH_0793,Maharashtra RTO Database,Official_Registration,0.98,2024-01-01,True
EVI_VEH_REG_0794,RTO_Vehicle_Registry,VEH_0794,Maharashtra RTO Database,Official_Registration,0.98,2024-01-01,True
EVI_VEH_REG_0795,RTO_Vehicle_Registry,VEH_0795,Maharashtra RTO Database,Official_Registration,0.98,2024-01-01,True
EVI_VEH_REG_0796,RTO_Vehicle_Registry,VEH_0796,Maharashtra RTO Database,Official_Registration,0.98,2024-01-01,True
EVI_VEH_REG_0797,RTO_Vehicle_Registry,VEH_0797,Maharashtra RTO Database,Official_Registration,0.98,2024-01-01,True
EVI_VEH_REG_0798,RTO_Vehicle_Registry,VEH_0798,Maharashtra RTO Database,Official_Registration,0.98,2024-01-01,True
EVI_VEH_REG_0799,RTO_Vehicle_Registry,VEH_0799,Maharashtra RTO Database,Official_Registration,0.98,2024-01-01,True
EVI_VEH_REG_0800,RTO_Vehicle_Registry,VEH_0800,Maharashtra RTO Database,Official_Registration,0.98,2024-01-01,True
EVI_VEH_REG_0801,RTO_Vehicle_Registry,VEH_0801,Maharashtra RTO Database,Official_Registration,0.98,2024-01-01,True
EVI_VEH_REG_0802,RTO_Vehicle_Registry,VEH_0802,Maharashtra RTO Database,Official_Registration,0.98,2024-01-01,True
EVI_VEH_REG_0803,RTO_Vehicle_Registry,VEH_0803,Maharashtra RTO Database,Official_Registration,0.98,2024-01-01,True
EVI_VEH_REG_0804,RTO_Vehicle_Registry,VEH_0804,Maharashtra RTO Database,Official_Registration,0.98,2024-01-01,True
EVI_VEH_REG_0805,RTO_Vehicle_Registry,VEH_0805,Maharashtra RTO Database,Official_Registration,0.98,2024-01-01,True
EVI_VEH_REG_0806,RTO_Vehicle_Registry,VEH_0806,Maharashtra RTO Database,Official_Registration,0.98,2024-01-01,True
EVI_VEH_REG_0807,RTO_Vehicle_Registry,VEH_0807,Maharashtra RTO Database,Official_Registration,0.98,2024-01-01,True
EVI_VEH_REG_0808,RTO_Vehicle_Registry,VEH_0808,Maharashtra RTO Database,Official_Registration,0.98,2024-01-01,True
EVI_VEH_REG_0809,RTO_Vehicle_Registry,VEH_0809,Maharashtra RTO Database,Official_Registration,0.98,2024-01-01,True
EVI_VEH_REG_0810,RTO_Vehicle_Registry,VEH_0810,Maharashtra RTO Database,Official_Registration,0.98,2024-01-01,True
EVI_VEH_REG_0811,RTO_Vehicle_Registry,VEH_0811,Maharashtra RTO Database,Official_Registration,0.98,2024-01-01,True
EVI_VEH_REG_0812,RTO_Vehicle_Registry,VEH_0812,Maharashtra RTO Database,Official_Registration,0.98,2024-01-01,True
EVI_VEH_REG_0813,RTO_Vehicle_Registry,VEH_0813,Maharashtra RTO Database,Official_Registration,0.98,2024-01-01,True
EVI_VEH_REG_0814,RTO_Vehicle_Registry,VEH_0814,Maharashtra RTO Database,Official_Registration,0.98,2024-01-01,True
EVI_VEH_REG_0815,RTO_Vehicle_Registry,VEH_0815,Maharashtra RTO Database,Official_Registration,0.98,2024-01-01,True
EVI_VEH_REG_0816,RTO_Vehicle_Registry,VEH_0816,Maharashtra RTO Database,Official_Registration,0.98,2024-01-01,True
EVI_VEH_REG_0817,RTO_Vehicle_Registry,VEH_0817,Maharashtra RTO Database,Official_Registration,0.98,2024-01-01,True
EVI_VEH_REG_0818,RTO_Vehicle_Registry,VEH_0818,Maharashtra RTO Database,Official_Registration,0.98,2024-01-01,True
EVI_VEH_REG_0819,RTO_Vehicle_Registry,VEH_0819,Maharashtra RTO Database,Official_Registration,0.98,2024-01-01,True
EVI_VEH_REG_0820,RTO_Vehicle_Registry,VEH_0820,Maharashtra RTO Database,Official_Registration,0.98,2024-01-01,True
EVI_VEH_REG_0821,RTO_Vehicle_Registry,VEH_0821,Maharashtra RTO Database,Official_Registration,0.98,2024-01-01,True
EVI_VEH_REG_0822,RTO_Vehicle_Registry,VEH_0822,Maharashtra RTO Database,Official_Registration,0.98,2024-01-01,True
EVI_VEH_REG_0823,RTO_Vehicle_Registry,VEH_0823,Maharashtra RTO Database,Official_Registration,0.98,2024-01-01,True
EVI_VEH_REG_0824,RTO_Vehicle_Registry,VEH_0824,Maharashtra RTO Database,Official_Registration,0.98,2024-01-01,True
EVI_VEH_REG_0825,RTO_Vehicle_Registry,VEH_0825,Maharashtra RTO Database,Official_Registration,0.98,2024-01-01,True
EVI_VEH_REG_0826,RTO_Vehicle_Registry,VEH_0826,Maharashtra RTO Database,Official_Registration,0.98,2024-01-01,True
EVI_VEH_REG_0827,RTO_Vehicle_Registry,VEH_0827,Maharashtra RTO Database,Official_Registration,0.98,2024-01-01,True
EVI_VEH_REG_0828,RTO_Vehicle_Registry,VEH_0828,Maharashtra RTO Database,Official_Registration,0.98,2024-01-01,True
EVI_VEH_REG_0829,RTO_Vehicle_Registry,VEH_0829,Maharashtra RTO Database,Official_Registration,0.98,2024-01-01,True
EVI_VEH_REG_0830,RTO_Vehicle_Registry,VEH_0830,Maharashtra RTO Database,Official_Registration,0.98,2024-01-01,True
EVI_VEH_REG_0831,RTO_Vehicle_Registry,VEH_0831,Maharashtra RTO Database,Official_Registration,0.98,2024-01-01,True
EVI_VEH_REG_0832,RTO_Vehicle_Registry,VEH_0832,Maharashtra RTO Database,Official_Registration,0.98,2024-01-01,True
EVI_VEH_REG_0833,RTO_Vehicle_Registry,VEH_0833,Maharashtra RTO Database,Official_Registration,0.98,2024-01-01,True
EVI_VEH_REG_0834,RTO_Vehicle_Registry,VEH_0834,Maharashtra RTO Database,Official_Registration,0.98,2024-01-01,True
EVI_VEH_REG_0835,RTO_Vehicle_Registry,VEH_0835,Maharashtra RTO Database,Official_Registration,0.98,2024-01-01,True
EVI_VEH_REG_0836,RTO_Vehicle_Registry,VEH_0836,Maharashtra RTO Database,Official_Registration,0.98,2024-01-01,True
EVI_VEH_REG_0837,RTO_Vehicle_Registry,VEH_0837,Maharashtra RTO Database,Official_Registration,0.98,2024-01-01,True
EVI_VEH_REG_0838,RTO_Vehicle_Registry,VEH_0838,Maharashtra RTO Database,Official_Registration,0.98,2024-01-01,True
EVI_VEH_REG_0839,RTO_Vehicle_Registry,VEH_0839,Maharashtra RTO Database,Official_Registration,0.98,2024-01-01,True
EVI_VEH_REG_0840,RTO_Vehicle_Registry,VEH_0840,Maharashtra RTO Database,Official_Registration,0.98,2024-01-01,True
EVI_VEH_REG_0841,RTO_Vehicle_Registry,VEH_0841,Maharashtra RTO Database,Official_Registration,0.98,2024-01-01,True
EVI_VEH_REG_0842,RTO_Vehicle_Registry,VEH_0842,Maharashtra RTO Database,Official_Registration,0.98,2024-01-01,True
EVI_VEH_REG_0843,RTO_Vehicle_Registry,VEH_0843,Maharashtra RTO Database,Official_Registration,0.98,2024-01-01,True
EVI_VEH_REG_0844,RTO_Vehicle_Registry,VEH_0844,Maharashtra RTO Database,Official_Registration,0.98,2024-01-01,True
EVI_VEH_REG_0845,RTO_Vehicle_Registry,VEH_0845,Maharashtra RTO Database,Official_Registration,0.98,2024-01-01,True
EVI_VEH_REG_0846,RTO_Vehicle_Registry,VEH_0846,Maharashtra RTO Database,Official_Registration,0.98,2024-01-01,True
EVI_VEH_REG_0847,RTO_Vehicle_Registry,VEH_0847,Maharashtra RTO Database,Official_Registration,0.98,2024-01-01,True
EVI_VEH_REG_0848,RTO_Vehicle_Registry,VEH_0848,Maharashtra RTO Database,Official_Registration,0.98,2024-01-01,True
EVI_VEH_REG_0849,RTO_Vehicle_Registry,VEH_0849,Maharashtra RTO Database,Official_Registration,0.98,2024-01-01,True
EVI_VEH_REG_0850,RTO_Vehicle_Registry,VEH_0850,Maharashtra RTO Database,Official_Registration,0.98,2024-01-01,True
EVI_VEH_REG_0851,RTO_Vehicle_Registry,VEH_0851,Maharashtra RTO Database,Official_Registration,0.98,2024-01-01,True
EVI_VEH_REG_0852,RTO_Vehicle_Registry,VEH_0852,Maharashtra RTO Database,Official_Registration,0.98,2024-01-01,True
EVI_VEH_REG_0853,RTO_Vehicle_Registry,VEH_0853,Maharashtra RTO Database,Official_Registration,0.98,2024-01-01,True
EVI_VEH_REG_0854,RTO_Vehicle_Registry,VEH_0854,Maharashtra RTO Database,Official_Registration,0.98,2024-01-01,True
EVI_VEH_REG_0855,RTO_Vehicle_Registry,VEH_0855,Maharashtra RTO Database,Official_Registration,0.98,2024-01-01,True
EVI_VEH_REG_0856,RTO_Vehicle_Registry,VEH_0856,Maharashtra RTO Database,Official_Registration,0.98,2024-01-01,True
EVI_VEH_REG_0857,RTO_Vehicle_Registry,VEH_0857,Maharashtra RTO Database,Official_Registration,0.98,2024-01-01,True
EVI_VEH_REG_0858,RTO_Vehicle_Registry,VEH_0858,Maharashtra RTO Database,Official_Registration,0.98,2024-01-01,True
EVI_VEH_REG_0859,RTO_Vehicle_Registry,VEH_0859,Maharashtra RTO Database,Official_Registration,0.98,2024-01-01,True
EVI_VEH_REG_0860,RTO_Vehicle_Registry,VEH_0860,Maharashtra RTO Database,Official_Registration,0.98,2024-01-01,True
EVI_VEH_REG_0861,RTO_Vehicle_Registry,VEH_0861,Maharashtra RTO Database,Official_Registration,0.98,2024-01-01,True
EVI_VEH_REG_0862,RTO_Vehicle_Registry,VEH_0862,Maharashtra RTO Database,Official_Registration,0.98,2024-01-01,True
EVI_VEH_REG_0863,RTO_Vehicle_Registry,VEH_0863,Maharashtra RTO Database,Official_Registration,0.98,2024-01-01,True
EVI_VEH_REG_0864,RTO_Vehicle_Registry,VEH_0864,Maharashtra RTO Database,Official_Registration,0.98,2024-01-01,True
EVI_VEH_REG_0865,RTO_Vehicle_Registry,VEH_0865,Maharashtra RTO Database,Official_Registration,0.98,2024-01-01,True
EVI_VEH_REG_0866,RTO_Vehicle_Registry,VEH_0866,Maharashtra RTO Database,Official_Registration,0.98,2024-01-01,True
EVI_VEH_REG_0867,RTO_Vehicle_Registry,VEH_0867,Maharashtra RTO Database,Official_Registration,0.98,2024-01-01,True
EVI_VEH_REG_0868,RTO_Vehicle_Registry,VEH_0868,Maharashtra RTO Database,Official_Registration,0.98,2024-01-01,True
EVI_VEH_REG_0869,RTO_Vehicle_Registry,VEH_0869,Maharashtra RTO Database,Official_Registration,0.98,2024-01-01,True
EVI_VEH_REG_0870,RTO_Vehicle_Registry,VEH_0870,Maharashtra RTO Database,Official_Registration,0.98,2024-01-01,True
EVI_VEH_REG_0871,RTO_Vehicle_Registry,VEH_0871,Maharashtra RTO Database,Official_Registration,0.98,2024-01-01,True
EVI_VEH_REG_0872,RTO_Vehicle_Registry,VEH_0872,Maharashtra RTO Database,Official_Registration,0.98,2024-01-01,True
EVI_VEH_REG_0873,RTO_Vehicle_Registry,VEH_0873,Maharashtra RTO Database,Official_Registration,0.98,2024-01-01,True
EVI_VEH_REG_0874,RTO_Vehicle_Registry,VEH_0874,Maharashtra RTO Database,Official_Registration,0.98,2024-01-01,True
EVI_VEH_REG_0875,RTO_Vehicle_Registry,VEH_0875,Maharashtra RTO Database,Official_Registration,0.98,2024-01-01,True
EVI_VEH_REG_0876,RTO_Vehicle_Registry,VEH_0876,Maharashtra RTO Database,Official_Registration,0.98,2024-01-01,True
EVI_VEH_REG_0877,RTO_Vehicle_Registry,VEH_0877,Maharashtra RTO Database,Official_Registration,0.98,2024-01-01,True
EVI_VEH_REG_0878,RTO_Vehicle_Registry,VEH_0878,Maharashtra RTO Database,Official_Registration,0.98,2024-01-01,True
EVI_VEH_REG_0879,RTO_Vehicle_Registry,VEH_0879,Maharashtra RTO Database,Official_Registration,0.98,2024-01-01,True
EVI_VEH_REG_0880,RTO_Vehicle_Registry,VEH_0880,Maharashtra RTO Database,Official_Registration,0.98,2024-01-01,True
EVI_VEH_REG_0881,RTO_Vehicle_Registry,VEH_0881,Maharashtra RTO Database,Official_Registration,0.98,2024-01-01,True
EVI_VEH_REG_0882,RTO_Vehicle_Registry,VEH_0882,Maharashtra RTO Database,Official_Registration,0.98,2024-01-01,True
EVI_VEH_REG_0883,RTO_Vehicle_Registry,VEH_0883,Maharashtra RTO Database,Official_Registration,0.98,2024-01-01,True
EVI_VEH_REG_0884,RTO_Vehicle_Registry,VEH_0884,Maharashtra RTO Database,Official_Registration,0.98,2024-01-01,True
EVI_VEH_REG_0885,RTO_Vehicle_Registry,VEH_0885,Maharashtra RTO Database,Official_Registration,0.98,2024-01-01,True
EVI_VEH_REG_0886,RTO_Vehicle_Registry,VEH_0886,Maharashtra RTO Database,Official_Registration,0.98,2024-01-01,True
EVI_VEH_REG_0887,RTO_Vehicle_Registry,VEH_0887,Maharashtra RTO Database,Official_Registration,0.98,2024-01-01,True
EVI_VEH_REG_0888,RTO_Vehicle_Registry,VEH_0888,Maharashtra RTO Database,Official_Registration,0.98,2024-01-01,True
EVI_VEH_REG_0889,RTO_Vehicle_Registry,VEH_0889,Maharashtra RTO Database,Official_Registration,0.98,2024-01-01,True
EVI_VEH_REG_0890,RTO_Vehicle_Registry,VEH_0890,Maharashtra RTO Database,Official_Registration,0.98,2024-01-01,True
EVI_VEH_REG_0891,RTO_Vehicle_Registry,VEH_0891,Maharashtra RTO Database,Official_Registration,0.98,2024-01-01,True
EVI_VEH_REG_0892,RTO_Vehicle_Registry,VEH_0892,Maharashtra RTO Database,Official_Registration,0.98,2024-01-01,True
EVI_VEH_REG_0893,RTO_Vehicle_Registry,VEH_0893,Maharashtra RTO Database,Official_Registration,0.98,2024-01-01,True
EVI_VEH_REG_0894,RTO_Vehicle_Registry,VEH_0894,Maharashtra RTO Database,Official_Registration,0.98,2024-01-01,True
EVI_VEH_REG_0895,RTO_Vehicle_Registry,VEH_0895,Maharashtra RTO Database,Official_Registration,0.98,2024-01-01,True
EVI_VEH_REG_0896,RTO_Vehicle_Registry,VEH_0896,Maharashtra RTO Database,Official_Registration,0.98,2024-01-01,True
EVI_VEH_REG_0897,RTO_Vehicle_Registry,VEH_0897,Maharashtra RTO Database,Official_Registration,0.98,2024-01-01,True
EVI_VEH_REG_0898,RTO_Vehicle_Registry,VEH_0898,Maharashtra RTO Database,Official_Registration,0.98,2024-01-01,True
EVI_VEH_REG_0899,RTO_Vehicle_Registry,VEH_0899,Maharashtra RTO Database,Official_Registration,0.98,2024-01-01,True
EVI_VEH_REG_0900,RTO_Vehicle_Registry,VEH_0900,Maharashtra RTO Database,Official_Registration,0.98,2024-01-01,True
EVI_VEH_REG_0901,RTO_Vehicle_Registry,VEH_0901,Maharashtra RTO Database,Official_Registration,0.98,2024-01-01,True
EVI_VEH_REG_0902,RTO_Vehicle_Registry,VEH_0902,Maharashtra RTO Database,Official_Registration,0.98,2024-01-01,True
EVI_VEH_REG_0903,RTO_Vehicle_Registry,VEH_0903,Maharashtra RTO Database,Official_Registration,0.98,2024-01-01,True
EVI_VEH_REG_0904,RTO_Vehicle_Registry,VEH_0904,Maharashtra RTO Database,Official_Registration,0.98,2024-01-01,True
EVI_VEH_REG_0905,RTO_Vehicle_Registry,VEH_0905,Maharashtra RTO Database,Official_Registration,0.98,2024-01-01,True
EVI_VEH_REG_0906,RTO_Vehicle_Registry,VEH_0906,Maharashtra RTO Database,Official_Registration,0.98,2024-01-01,True
EVI_VEH_REG_0907,RTO_Vehicle_Registry,VEH_0907,Maharashtra RTO Database,Official_Registration,0.98,2024-01-01,True
EVI_VEH_REG_0908,RTO_Vehicle_Registry,VEH_0908,Maharashtra RTO Database,Official_Registration,0.98,2024-01-01,True
EVI_VEH_REG_0909,RTO_Vehicle_Registry,VEH_0909,Maharashtra RTO Database,Official_Registration,0.98,2024-01-01,True
EVI_VEH_REG_0910,RTO_Vehicle_Registry,VEH_0910,Maharashtra RTO Database,Official_Registration,0.98,2024-01-01,True
EVI_VEH_REG_0911,RTO_Vehicle_Registry,VEH_0911,Maharashtra RTO Database,Official_Registration,0.98,2024-01-01,True
EVI_VEH_REG_0912,RTO_Vehicle_Registry,VEH_0912,Maharashtra RTO Database,Official_Registration,0.98,2024-01-01,True
EVI_VEH_REG_0913,RTO_Vehicle_Registry,VEH_0913,Maharashtra RTO Database,Official_Registration,0.98,2024-01-01,True
EVI_VEH_REG_0914,RTO_Vehicle_Registry,VEH_0914,Maharashtra RTO Database,Official_Registration,0.98,2024-01-01,True
EVI_VEH_REG_0915,RTO_Vehicle_Registry,VEH_0915,Maharashtra RTO Database,Official_Registration,0.98,2024-01-01,True
EVI_VEH_REG_0916,RTO_Vehicle_Registry,VEH_0916,Maharashtra RTO Database,Official_Registration,0.98,2024-01-01,True
EVI_VEH_REG_0917,RTO_Vehicle_Registry,VEH_0917,Maharashtra RTO Database,Official_Registration,0.98,2024-01-01,True
EVI_VEH_REG_0918,RTO_Vehicle_Registry,VEH_0918,Maharashtra RTO Database,Official_Registration,0.98,2024-01-01,True
EVI_VEH_REG_0919,RTO_Vehicle_Registry,VEH_0919,Maharashtra RTO Database,Official_Registration,0.98,2024-01-01,True
EVI_VEH_REG_0920,RTO_Vehicle_Registry,VEH_0920,Maharashtra RTO Database,Official_Registration,0.98,2024-01-01,True
EVI_VEH_REG_0921,RTO_Vehicle_Registry,VEH_0921,Maharashtra RTO Database,Official_Registration,0.98,2024-01-01,True
EVI_VEH_REG_0922,RTO_Vehicle_Registry,VEH_0922,Maharashtra RTO Database,Official_Registration,0.98,2024-01-01,True
EVI_VEH_REG_0923,RTO_Vehicle_Registry,VEH_0923,Maharashtra RTO Database,Official_Registration,0.98,2024-01-01,True
EVI_VEH_REG_0924,RTO_Vehicle_Registry,VEH_0924,Maharashtra RTO Database,Official_Registration,0.98,2024-01-01,True
EVI_VEH_REG_0925,RTO_Vehicle_Registry,VEH_0925,Maharashtra RTO Database,Official_Registration,0.98,2024-01-01,True
EVI_VEH_REG_0926,RTO_Vehicle_Registry,VEH_0926,Maharashtra RTO Database,Official_Registration,0.98,2024-01-01,True
EVI_VEH_REG_0927,RTO_Vehicle_Registry,VEH_0927,Maharashtra RTO Database,Official_Registration,0.98,2024-01-01,True
EVI_VEH_REG_0928,RTO_Vehicle_Registry,VEH_0928,Maharashtra RTO Database,Official_Registration,0.98,2024-01-01,True
EVI_VEH_REG_0929,RTO_Vehicle_Registry,VEH_0929,Maharashtra RTO Database,Official_Registration,0.98,2024-01-01,True
EVI_VEH_REG_0930,RTO_Vehicle_Registry,VEH_0930,Maharashtra RTO Database,Official_Registration,0.98,2024-01-01,True
EVI_VEH_REG_0931,RTO_Vehicle_Registry,VEH_0931,Maharashtra RTO Database,Official_Registration,0.98,2024-01-01,True
EVI_VEH_REG_0932,RTO_Vehicle_Registry,VEH_0932,Maharashtra RTO Database,Official_Registration,0.98,2024-01-01,True
EVI_VEH_REG_0933,RTO_Vehicle_Registry,VEH_0933,Maharashtra RTO Database,Official_Registration,0.98,2024-01-01,True
EVI_VEH_REG_0934,RTO_Vehicle_Registry,VEH_0934,Maharashtra RTO Database,Official_Registration,0.98,2024-01-01,True
EVI_VEH_REG_0935,RTO_Vehicle_Registry,VEH_0935,Maharashtra RTO Database,Official_Registration,0.98,2024-01-01,True
EVI_VEH_REG_0936,RTO_Vehicle_Registry,VEH_0936,Maharashtra RTO Database,Official_Registration,0.98,2024-01-01,True
EVI_VEH_REG_0937,RTO_Vehicle_Registry,VEH_0937,Maharashtra RTO Database,Official_Registration,0.98,2024-01-01,True
EVI_VEH_REG_0938,RTO_Vehicle_Registry,VEH_0938,Maharashtra RTO Database,Official_Registration,0.98,2024-01-01,True
EVI_VEH_REG_0939,RTO_Vehicle_Registry,VEH_0939,Maharashtra RTO Database,Official_Registration,0.98,2024-01-01,True
EVI_VEH_REG_0940,RTO_Vehicle_Registry,VEH_0940,Maharashtra RTO Database,Official_Registration,0.98,2024-01-01,True
EVI_VEH_REG_0941,RTO_Vehicle_Registry,VEH_0941,Maharashtra RTO Database,Official_Registration,0.98,2024-01-01,True
EVI_VEH_REG_0942,RTO_Vehicle_Registry,VEH_0942,Maharashtra RTO Database,Official_Registration,0.98,2024-01-01,True
EVI_VEH_REG_0943,RTO_Vehicle_Registry,VEH_0943,Maharashtra RTO Database,Official_Registration,0.98,2024-01-01,True
EVI_VEH_REG_0944,RTO_Vehicle_Registry,VEH_0944,Maharashtra RTO Database,Official_Registration,0.98,2024-01-01,True
EVI_VEH_REG_0945,RTO_Vehicle_Registry,VEH_0945,Maharashtra RTO Database,Official_Registration,0.98,2024-01-01,True
EVI_VEH_REG_0946,RTO_Vehicle_Registry,VEH_0946,Maharashtra RTO Database,Official_Registration,0.98,2024-01-01,True
EVI_VEH_REG_0947,RTO_Vehicle_Registry,VEH_0947,Maharashtra RTO Database,Official_Registration,0.98,2024-01-01,True
EVI_VEH_REG_0948,RTO_Vehicle_Registry,VEH_0948,Maharashtra RTO Database,Official_Registration,0.98,2024-01-01,True
EVI_VEH_REG_0949,RTO_Vehicle_Registry,VEH_0949,Maharashtra RTO Database,Official_Registration,0.98,2024-01-01,True
EVI_VEH_REG_0950,RTO_Vehicle_Registry,VEH_0950,Maharashtra RTO Database,Official_Registration,0.98,2024-01-01,True
EVI_VEH_REG_0951,RTO_Vehicle_Registry,VEH_0951,Maharashtra RTO Database,Official_Registration,0.98,2024-01-01,True
EVI_VEH_REG_0952,RTO_Vehicle_Registry,VEH_0952,Maharashtra RTO Database,Official_Registration,0.98,2024-01-01,True
EVI_VEH_REG_0953,RTO_Vehicle_Registry,VEH_0953,Maharashtra RTO Database,Official_Registration,0.98,2024-01-01,True
EVI_VEH_REG_0954,RTO_Vehicle_Registry,VEH_0954,Maharashtra RTO Database,Official_Registration,0.98,2024-01-01,True
EVI_VEH_REG_0955,RTO_Vehicle_Registry,VEH_0955,Maharashtra RTO Database,Official_Registration,0.98,2024-01-01,True
EVI_VEH_REG_0956,RTO_Vehicle_Registry,VEH_0956,Maharashtra RTO Database,Official_Registration,0.98,2024-01-01,True
EVI_VEH_REG_0957,RTO_Vehicle_Registry,VEH_0957,Maharashtra RTO Database,Official_Registration,0.98,2024-01-01,True
EVI_VEH_REG_0958,RTO_Vehicle_Registry,VEH_0958,Maharashtra RTO Database,Official_Registration,0.98,2024-01-01,True
EVI_VEH_REG_0959,RTO_Vehicle_Registry,VEH_0959,Maharashtra RTO Database,Official_Registration,0.98,2024-01-01,True
EVI_VEH_REG_0960,RTO_Vehicle_Registry,VEH_0960,Maharashtra RTO Database,Official_Registration,0.98,2024-01-01,True
EVI_VEH_REG_0961,RTO_Vehicle_Registry,VEH_0961,Maharashtra RTO Database,Official_Registration,0.98,2024-01-01,True
EVI_VEH_REG_0962,RTO_Vehicle_Registry,VEH_0962,Maharashtra RTO Database,Official_Registration,0.98,2024-01-01,True
EVI_VEH_REG_0963,RTO_Vehicle_Registry,VEH_0963,Maharashtra RTO Database,Official_Registration,0.98,2024-01-01,True
EVI_VEH_REG_0964,RTO_Vehicle_Registry,VEH_0964,Maharashtra RTO Database,Official_Registration,0.98,2024-01-01,True
EVI_VEH_REG_0965,RTO_Vehicle_Registry,VEH_0965,Maharashtra RTO Database,Official_Registration,0.98,2024-01-01,True
EVI_VEH_REG_0966,RTO_Vehicle_Registry,VEH_0966,Maharashtra RTO Database,Official_Registration,0.98,2024-01-01,True
EVI_VEH_REG_0967,RTO_Vehicle_Registry,VEH_0967,Maharashtra RTO Database,Official_Registration,0.98,2024-01-01,True
EVI_VEH_REG_0968,RTO_Vehicle_Registry,VEH_0968,Maharashtra RTO Database,Official_Registration,0.98,2024-01-01,True
EVI_VEH_REG_0969,RTO_Vehicle_Registry,VEH_0969,Maharashtra RTO Database,Official_Registration,0.98,2024-01-01,True
EVI_VEH_REG_0970,RTO_Vehicle_Registry,VEH_0970,Maharashtra RTO Database,Official_Registration,0.98,2024-01-01,True
EVI_VEH_REG_0971,RTO_Vehicle_Registry,VEH_0971,Maharashtra RTO Database,Official_Registration,0.98,2024-01-01,True
EVI_VEH_REG_0972,RTO_Vehicle_Registry,VEH_0972,Maharashtra RTO Database,Official_Registration,0.98,2024-01-01,True
EVI_VEH_REG_0973,RTO_Vehicle_Registry,VEH_0973,Maharashtra RTO Database,Official_Registration,0.98,2024-01-01,True
EVI_VEH_REG_0974,RTO_Vehicle_Registry,VEH_0974,Maharashtra RTO Database,Official_Registration,0.98,2024-01-01,True
EVI_VEH_REG_0975,RTO_Vehicle_Registry,VEH_0975,Maharashtra RTO Database,Official_Registration,0.98,2024-01-01,True
EVI_VEH_REG_0976,RTO_Vehicle_Registry,VEH_0976,Maharashtra RTO Database,Official_Registration,0.98,2024-01-01,True
EVI_VEH_REG_0977,RTO_Vehicle_Registry,VEH_0977,Maharashtra RTO Database,Official_Registration,0.98,2024-01-01,True
EVI_VEH_REG_0978,RTO_Vehicle_Registry,VEH_0978,Maharashtra RTO Database,Official_Registration,0.98,2024-01-01,True
EVI_VEH_REG_0979,RTO_Vehicle_Registry,VEH_0979,Maharashtra RTO Database,Official_Registration,0.98,2024-01-01,True
EVI_VEH_REG_0980,RTO_Vehicle_Registry,VEH_0980,Maharashtra RTO Database,Official_Registration,0.98,2024-01-01,True
EVI_VEH_REG_0981,RTO_Vehicle_Registry,VEH_0981,Maharashtra RTO Database,Official_Registration,0.98,2024-01-01,True
EVI_VEH_REG_0982,RTO_Vehicle_Registry,VEH_0982,Maharashtra RTO Database,Official_Registration,0.98,2024-01-01,True
EVI_VEH_REG_0983,RTO_Vehicle_Registry,VEH_0983,Maharashtra RTO Database,Official_Registration,0.98,2024-01-01,True
EVI_VEH_REG_0984,RTO_Vehicle_Registry,VEH_0984,Maharashtra RTO Database,Official_Registration,0.98,2024-01-01,True
EVI_VEH_REG_0985,RTO_Vehicle_Registry,VEH_0985,Maharashtra RTO Database,Official_Registration,0.98,2024-01-01,True
EVI_VEH_REG_0986,RTO_Vehicle_Registry,VEH_0986,Maharashtra RTO Database,Official_Registration,0.98,2024-01-01,True
EVI_VEH_REG_0987,RTO_Vehicle_Registry,VEH_0987,Maharashtra RTO Database,Official_Registration,0.98,2024-01-01,True
EVI_VEH_REG_0988,RTO_Vehicle_Registry,VEH_0988,Maharashtra RTO Database,Official_Registration,0.98,2024-01-01,True
EVI_VEH_REG_0989,RTO_Vehicle_Registry,VEH_0989,Maharashtra RTO Database,Official_Registration,0.98,2024-01-01,True
EVI_VEH_REG_0990,RTO_Vehicle_Registry,VEH_0990,Maharashtra RTO Database,Official_Registration,0.98,2024-01-01,True
EVI_VEH_REG_0991,RTO_Vehicle_Registry,VEH_0991,Maharashtra RTO Database,Official_Registration,0.98,2024-01-01,True
EVI_VEH_REG_0992,RTO_Vehicle_Registry,VEH_0992,Maharashtra RTO Database,Official_Registration,0.98,2024-01-01,True
EVI_VEH_REG_0993,RTO_Vehicle_Registry,VEH_0993,Maharashtra RTO Database,Official_Registration,0.98,2024-01-01,True
EVI_VEH_REG_0994,RTO_Vehicle_Registry,VEH_0994,Maharashtra RTO Database,Official_Registration,0.98,2024-01-01,True
EVI_VEH_REG_0995,RTO_Vehicle_Registry,VEH_0995,Maharashtra RTO Database,Official_Registration,0.98,2024-01-01,True
EVI_VEH_REG_0996,RTO_Vehicle_Registry,VEH_0996,Maharashtra RTO Database,Official_Registration,0.98,2024-01-01,True
EVI_VEH_REG_0997,RTO_Vehicle_Registry,VEH_0997,Maharashtra RTO Database,Official_Registration,0.98,2024-01-01,True
EVI_VEH_REG_0998,RTO_Vehicle_Registry,VEH_0998,Maharashtra RTO Database,Official_Registration,0.98,2024-01-01,True
EVI_VEH_REG_0999,RTO_Vehicle_Registry,VEH_0999,Maharashtra RTO Database,Official_Registration,0.98,2024-01-01,True
EVI_VEH_REG_1000,RTO_Vehicle_Registry,VEH_1000,Maharashtra RTO Database,Official_Registration,0.98,2024-01-01,True
EVI_VEH_REG_1001,RTO_Vehicle_Registry,VEH_1001,Maharashtra RTO Database,Official_Registration,0.98,2024-01-01,True
EVI_VEH_REG_1002,RTO_Vehicle_Registry,VEH_1002,Maharashtra RTO Database,Official_Registration,0.98,2024-01-01,True
EVI_VEH_REG_1003,RTO_Vehicle_Registry,VEH_1003,Maharashtra RTO Database,Official_Registration,0.98,2024-01-01,True
EVI_VEH_REG_1004,RTO_Vehicle_Registry,VEH_1004,Maharashtra RTO Database,Official_Registration,0.98,2024-01-01,True
EVI_VEH_REG_1005,RTO_Vehicle_Registry,VEH_1005,Maharashtra RTO Database,Official_Registration,0.98,2024-01-01,True
EVI_VEH_REG_1006,RTO_Vehicle_Registry,VEH_1006,Maharashtra RTO Database,Official_Registration,0.98,2024-01-01,True
EVI_VEH_REG_1007,RTO_Vehicle_Registry,VEH_1007,Maharashtra RTO Database,Official_Registration,0.98,2024-01-01,True
EVI_VEH_REG_1008,RTO_Vehicle_Registry,VEH_1008,Maharashtra RTO Database,Official_Registration,0.98,2024-01-01,True
EVI_VEH_REG_1009,RTO_Vehicle_Registry,VEH_1009,Maharashtra RTO Database,Official_Registration,0.98,2024-01-01,True
EVI_VEH_REG_1010,RTO_Vehicle_Registry,VEH_1010,Maharashtra RTO Database,Official_Registration,0.98,2024-01-01,True
EVI_VEH_REG_1011,RTO_Vehicle_Registry,VEH_1011,Maharashtra RTO Database,Official_Registration,0.98,2024-01-01,True
EVI_VEH_REG_1012,RTO_Vehicle_Registry,VEH_1012,Maharashtra RTO Database,Official_Registration,0.98,2024-01-01,True
EVI_VEH_REG_1013,RTO_Vehicle_Registry,VEH_1013,Maharashtra RTO Database,Official_Registration,0.98,2024-01-01,True
EVI_VEH_REG_1014,RTO_Vehicle_Registry,VEH_1014,Maharashtra RTO Database,Official_Registration,0.98,2024-01-01,True
EVI_VEH_REG_1015,RTO_Vehicle_Registry,VEH_1015,Maharashtra RTO Database,Official_Registration,0.98,2024-01-01,True
EVI_VEH_REG_1016,RTO_Vehicle_Registry,VEH_1016,Maharashtra RTO Database,Official_Registration,0.98,2024-01-01,True
EVI_VEH_REG_1017,RTO_Vehicle_Registry,VEH_1017,Maharashtra RTO Database,Official_Registration,0.98,2024-01-01,True
EVI_VEH_REG_1018,RTO_Vehicle_Registry,VEH_1018,Maharashtra RTO Database,Official_Registration,0.98,2024-01-01,True
EVI_VEH_REG_1019,RTO_Vehicle_Registry,VEH_1019,Maharashtra RTO Database,Official_Registration,0.98,2024-01-01,True
EVI_VEH_REG_1020,RTO_Vehicle_Registry,VEH_1020,Maharashtra RTO Database,Official_Registration,0.98,2024-01-01,True
EVI_VEH_REG_1021,RTO_Vehicle_Registry,VEH_1021,Maharashtra RTO Database,Official_Registration,0.98,2024-01-01,True
EVI_VEH_REG_1022,RTO_Vehicle_Registry,VEH_1022,Maharashtra RTO Database,Official_Registration,0.98,2024-01-01,True
EVI_VEH_REG_1023,RTO_Vehicle_Registry,VEH_1023,Maharashtra RTO Database,Official_Registration,0.98,2024-01-01,True
EVI_VEH_REG_1024,RTO_Vehicle_Registry,VEH_1024,Maharashtra RTO Database,Official_Registration,0.98,2024-01-01,True
EVI_VEH_REG_1025,RTO_Vehicle_Registry,VEH_1025,Maharashtra RTO Database,Official_Registration,0.98,2024-01-01,True
EVI_VEH_REG_1026,RTO_Vehicle_Registry,VEH_1026,Maharashtra RTO Database,Official_Registration,0.98,2024-01-01,True
EVI_VEH_REG_1027,RTO_Vehicle_Registry,VEH_1027,Maharashtra RTO Database,Official_Registration,0.98,2024-01-01,True
EVI_VEH_REG_1028,RTO_Vehicle_Registry,VEH_1028,Maharashtra RTO Database,Official_Registration,0.98,2024-01-01,True
EVI_VEH_REG_1029,RTO_Vehicle_Registry,VEH_1029,Maharashtra RTO Database,Official_Registration,0.98,2024-01-01,True
EVI_VEH_REG_1030,RTO_Vehicle_Registry,VEH_1030,Maharashtra RTO Database,Official_Registration,0.98,2024-01-01,True
EVI_VEH_REG_1031,RTO_Vehicle_Registry,VEH_1031,Maharashtra RTO Database,Official_Registration,0.98,2024-01-01,True
EVI_VEH_REG_1032,RTO_Vehicle_Registry,VEH_1032,Maharashtra RTO Database,Official_Registration,0.98,2024-01-01,True
EVI_VEH_REG_1033,RTO_Vehicle_Registry,VEH_1033,Maharashtra RTO Database,Official_Registration,0.98,2024-01-01,True
EVI_VEH_REG_1034,RTO_Vehicle_Registry,VEH_1034,Maharashtra RTO Database,Official_Registration,0.98,2024-01-01,True
EVI_VEH_REG_1035,RTO_Vehicle_Registry,VEH_1035,Maharashtra RTO Database,Official_Registration,0.98,2024-01-01,True
EVI_VEH_REG_1036,RTO_Vehicle_Registry,VEH_1036,Maharashtra RTO Database,Official_Registration,0.98,2024-01-01,True
EVI_VEH_REG_1037,RTO_Vehicle_Registry,VEH_1037,Maharashtra RTO Database,Official_Registration,0.98,2024-01-01,True
EVI_VEH_REG_1038,RTO_Vehicle_Registry,VEH_1038,Maharashtra RTO Database,Official_Registration,0.98,2024-01-01,True
EVI_VEH_REG_1039,RTO_Vehicle_Registry,VEH_1039,Maharashtra RTO Database,Official_Registration,0.98,2024-01-01,True
EVI_VEH_REG_1040,RTO_Vehicle_Registry,VEH_1040,Maharashtra RTO Database,Official_Registration,0.98,2024-01-01,True
EVI_VEH_REG_1041,RTO_Vehicle_Registry,VEH_1041,Maharashtra RTO Database,Official_Registration,0.98,2024-01-01,True
EVI_VEH_REG_1042,RTO_Vehicle_Registry,VEH_1042,Maharashtra RTO Database,Official_Registration,0.98,2024-01-01,True
EVI_VEH_REG_1043,RTO_Vehicle_Registry,VEH_1043,Maharashtra RTO Database,Official_Registration,0.98,2024-01-01,True
EVI_VEH_REG_1044,RTO_Vehicle_Registry,VEH_1044,Maharashtra RTO Database,Official_Registration,0.98,2024-01-01,True
EVI_VEH_REG_1045,RTO_Vehicle_Registry,VEH_1045,Maharashtra RTO Database,Official_Registration,0.98,2024-01-01,True
EVI_VEH_REG_1046,RTO_Vehicle_Registry,VEH_1046,Maharashtra RTO Database,Official_Registration,0.98,2024-01-01,True
EVI_VEH_REG_1047,RTO_Vehicle_Registry,VEH_1047,Maharashtra RTO Database,Official_Registration,0.98,2024-01-01,True
EVI_VEH_REG_1048,RTO_Vehicle_Registry,VEH_1048,Maharashtra RTO Database,Official_Registration,0.98,2024-01-01,True
EVI_VEH_REG_1049,RTO_Vehicle_Registry,VEH_1049,Maharashtra RTO Database,Official_Registration,0.98,2024-01-01,True
EVI_VEH_REG_1050,RTO_Vehicle_Registry,VEH_1050,Maharashtra RTO Database,Official_Registration,0.98,2024-01-01,True
EVI_VEH_REG_1051,RTO_Vehicle_Registry,VEH_1051,Maharashtra RTO Database,Official_Registration,0.98,2024-01-01,True
EVI_VEH_REG_1052,RTO_Vehicle_Registry,VEH_1052,Maharashtra RTO Database,Official_Registration,0.98,2024-01-01,True
EVI_VEH_REG_1053,RTO_Vehicle_Registry,VEH_1053,Maharashtra RTO Database,Official_Registration,0.98,2024-01-01,True
EVI_VEH_REG_1054,RTO_Vehicle_Registry,VEH_1054,Maharashtra RTO Database,Official_Registration,0.98,2024-01-01,True
EVI_VEH_REG_1055,RTO_Vehicle_Registry,VEH_1055,Maharashtra RTO Database,Official_Registration,0.98,2024-01-01,True
EVI_VEH_REG_1056,RTO_Vehicle_Registry,VEH_1056,Maharashtra RTO Database,Official_Registration,0.98,2024-01-01,True
EVI_VEH_REG_1057,RTO_Vehicle_Registry,VEH_1057,Maharashtra RTO Database,Official_Registration,0.98,2024-01-01,True
EVI_VEH_REG_1058,RTO_Vehicle_Registry,VEH_1058,Maharashtra RTO Database,Official_Registration,0.98,2024-01-01,True
EVI_VEH_REG_1059,RTO_Vehicle_Registry,VEH_1059,Maharashtra RTO Database,Official_Registration,0.98,2024-01-01,True
EVI_VEH_REG_1060,RTO_Vehicle_Registry,VEH_1060,Maharashtra RTO Database,Official_Registration,0.98,2024-01-01,True
EVI_VEH_REG_1061,RTO_Vehicle_Registry,VEH_1061,Maharashtra RTO Database,Official_Registration,0.98,2024-01-01,True
EVI_VEH_REG_1062,RTO_Vehicle_Registry,VEH_1062,Maharashtra RTO Database,Official_Registration,0.98,2024-01-01,True
EVI_VEH_REG_1063,RTO_Vehicle_Registry,VEH_1063,Maharashtra RTO Database,Official_Registration,0.98,2024-01-01,True
EVI_VEH_REG_1064,RTO_Vehicle_Registry,VEH_1064,Maharashtra RTO Database,Official_Registration,0.98,2024-01-01,True
EVI_VEH_REG_1065,RTO_Vehicle_Registry,VEH_1065,Maharashtra RTO Database,Official_Registration,0.98,2024-01-01,True
EVI_VEH_REG_1066,RTO_Vehicle_Registry,VEH_1066,Maharashtra RTO Database,Official_Registration,0.98,2024-01-01,True
EVI_VEH_REG_1067,RTO_Vehicle_Registry,VEH_1067,Maharashtra RTO Database,Official_Registration,0.98,2024-01-01,True
EVI_VEH_REG_1068,RTO_Vehicle_Registry,VEH_1068,Maharashtra RTO Database,Official_Registration,0.98,2024-01-01,True
EVI_VEH_REG_1069,RTO_Vehicle_Registry,VEH_1069,Maharashtra RTO Database,Official_Registration,0.98,2024-01-01,True
EVI_VEH_REG_1070,RTO_Vehicle_Registry,VEH_1070,Maharashtra RTO Database,Official_Registration,0.98,2024-01-01,True
EVI_VEH_REG_1071,RTO_Vehicle_Registry,VEH_1071,Maharashtra RTO Database,Official_Registration,0.98,2024-01-01,True
EVI_VEH_REG_1072,RTO_Vehicle_Registry,VEH_1072,Maharashtra RTO Database,Official_Registration,0.98,2024-01-01,True
EVI_VEH_REG_1073,RTO_Vehicle_Registry,VEH_1073,Maharashtra RTO Database,Official_Registration,0.98,2024-01-01,True
EVI_VEH_REG_1074,RTO_Vehicle_Registry,VEH_1074,Maharashtra RTO Database,Official_Registration,0.98,2024-01-01,True
EVI_VEH_REG_1075,RTO_Vehicle_Registry,VEH_1075,Maharashtra RTO Database,Official_Registration,0.98,2024-01-01,True
EVI_VEH_REG_1076,RTO_Vehicle_Registry,VEH_1076,Maharashtra RTO Database,Official_Registration,0.98,2024-01-01,True
EVI_VEH_REG_1077,RTO_Vehicle_Registry,VEH_1077,Maharashtra RTO Database,Official_Registration,0.98,2024-01-01,True
EVI_VEH_REG_1078,RTO_Vehicle_Registry,VEH_1078,Maharashtra RTO Database,Official_Registration,0.98,2024-01-01,True
EVI_VEH_REG_1079,RTO_Vehicle_Registry,VEH_1079,Maharashtra RTO Database,Official_Registration,0.98,2024-01-01,True
EVI_VEH_REG_1080,RTO_Vehicle_Registry,VEH_1080,Maharashtra RTO Database,Official_Registration,0.98,2024-01-01,True
EVI_VEH_REG_1081,RTO_Vehicle_Registry,VEH_1081,Maharashtra RTO Database,Official_Registration,0.98,2024-01-01,True
EVI_VEH_REG_1082,RTO_Vehicle_Registry,VEH_1082,Maharashtra RTO Database,Official_Registration,0.98,2024-01-01,True
EVI_VEH_REG_1083,RTO_Vehicle_Registry,VEH_1083,Maharashtra RTO Database,Official_Registration,0.98,2024-01-01,True
EVI_VEH_REG_1084,RTO_Vehicle_Registry,VEH_1084,Maharashtra RTO Database,Official_Registration,0.98,2024-01-01,True
EVI_VEH_REG_1085,RTO_Vehicle_Registry,VEH_1085,Maharashtra RTO Database,Official_Registration,0.98,2024-01-01,True
EVI_VEH_REG_1086,RTO_Vehicle_Registry,VEH_1086,Maharashtra RTO Database,Official_Registration,0.98,2024-01-01,True
EVI_VEH_REG_1087,RTO_Vehicle_Registry,VEH_1087,Maharashtra RTO Database,Official_Registration,0.98,2024-01-01,True
EVI_VEH_REG_1088,RTO_Vehicle_Registry,VEH_1088,Maharashtra RTO Database,Official_Registration,0.98,2024-01-01,True
EVI_VEH_REG_1089,RTO_Vehicle_Registry,VEH_1089,Maharashtra RTO Database,Official_Registration,0.98,2024-01-01,True
EVI_VEH_REG_1090,RTO_Vehicle_Registry,VEH_1090,Maharashtra RTO Database,Official_Registration,0.98,2024-01-01,True
EVI_VEH_REG_1091,RTO_Vehicle_Registry,VEH_1091,Maharashtra RTO Database,Official_Registration,0.98,2024-01-01,True
EVI_VEH_REG_1092,RTO_Vehicle_Registry,VEH_1092,Maharashtra RTO Database,Official_Registration,0.98,2024-01-01,True
EVI_VEH_REG_1093,RTO_Vehicle_Registry,VEH_1093,Maharashtra RTO Database,Official_Registration,0.98,2024-01-01,True
EVI_VEH_REG_1094,RTO_Vehicle_Registry,VEH_1094,Maharashtra RTO Database,Official_Registration,0.98,2024-01-01,True
EVI_VEH_REG_1095,RTO_Vehicle_Registry,VEH_1095,Maharashtra RTO Database,Official_Registration,0.98,2024-01-01,True
EVI_VEH_REG_1096,RTO_Vehicle_Registry,VEH_1096,Maharashtra RTO Database,Official_Registration,0.98,2024-01-01,True
EVI_VEH_REG_1097,RTO_Vehicle_Registry,VEH_1097,Maharashtra RTO Database,Official_Registration,0.98,2024-01-01,True
EVI_VEH_REG_1098,RTO_Vehicle_Registry,VEH_1098,Maharashtra RTO Database,Official_Registration,0.98,2024-01-01,True
EVI_VEH_REG_1099,RTO_Vehicle_Registry,VEH_1099,Maharashtra RTO Database,Official_Registration,0.98,2024-01-01,True
EVI_VEH_REG_1100,RTO_Vehicle_Registry,VEH_1100,Maharashtra RTO Database,Official_Registration,0.98,2024-01-01,True
EVI_VEH_REG_1101,RTO_Vehicle_Registry,VEH_1101,Maharashtra RTO Database,Official_Registration,0.98,2024-01-01,True
EVI_VEH_REG_1102,RTO_Vehicle_Registry,VEH_1102,Maharashtra RTO Database,Official_Registration,0.98,2024-01-01,True
EVI_VEH_REG_1103,RTO_Vehicle_Registry,VEH_1103,Maharashtra RTO Database,Official_Registration,0.98,2024-01-01,True
EVI_VEH_REG_1104,RTO_Vehicle_Registry,VEH_1104,Maharashtra RTO Database,Official_Registration,0.98,2024-01-01,True
EVI_VEH_REG_1105,RTO_Vehicle_Registry,VEH_1105,Maharashtra RTO Database,Official_Registration,0.98,2024-01-01,True
EVI_VEH_REG_1106,RTO_Vehicle_Registry,VEH_1106,Maharashtra RTO Database,Official_Registration,0.98,2024-01-01,True
EVI_VEH_REG_1107,RTO_Vehicle_Registry,VEH_1107,Maharashtra RTO Database,Official_Registration,0.98,2024-01-01,True
EVI_VEH_REG_1108,RTO_Vehicle_Registry,VEH_1108,Maharashtra RTO Database,Official_Registration,0.98,2024-01-01,True
EVI_VEH_REG_1109,RTO_Vehicle_Registry,VEH_1109,Maharashtra RTO Database,Official_Registration,0.98,2024-01-01,True
EVI_VEH_REG_1110,RTO_Vehicle_Registry,VEH_1110,Maharashtra RTO Database,Official_Registration,0.98,2024-01-01,True
EVI_VEH_REG_1111,RTO_Vehicle_Registry,VEH_1111,Maharashtra RTO Database,Official_Registration,0.98,2024-01-01,True
EVI_VEH_REG_1112,RTO_Vehicle_Registry,VEH_1112,Maharashtra RTO Database,Official_Registration,0.98,2024-01-01,True
EVI_VEH_REG_1113,RTO_Vehicle_Registry,VEH_1113,Maharashtra RTO Database,Official_Registration,0.98,2024-01-01,True
EVI_VEH_REG_1114,RTO_Vehicle_Registry,VEH_1114,Maharashtra RTO Database,Official_Registration,0.98,2024-01-01,True
EVI_VEH_REG_1115,RTO_Vehicle_Registry,VEH_1115,Maharashtra RTO Database,Official_Registration,0.98,2024-01-01,True
EVI_VEH_REG_1116,RTO_Vehicle_Registry,VEH_1116,Maharashtra RTO Database,Official_Registration,0.98,2024-01-01,True
EVI_VEH_REG_1117,RTO_Vehicle_Registry,VEH_1117,Maharashtra RTO Database,Official_Registration,0.98,2024-01-01,True
EVI_VEH_REG_1118,RTO_Vehicle_Registry,VEH_1118,Maharashtra RTO Database,Official_Registration,0.98,2024-01-01,True
EVI_VEH_REG_1119,RTO_Vehicle_Registry,VEH_1119,Maharashtra RTO Database,Official_Registration,0.98,2024-01-01,True
EVI_VEH_REG_1120,RTO_Vehicle_Registry,VEH_1120,Maharashtra RTO Database,Official_Registration,0.98,2024-01-01,True
EVI_VEH_REG_1121,RTO_Vehicle_Registry,VEH_1121,Maharashtra RTO Database,Official_Registration,0.98,2024-01-01,True
EVI_VEH_REG_1122,RTO_Vehicle_Registry,VEH_1122,Maharashtra RTO Database,Official_Registration,0.98,2024-01-01,True
EVI_VEH_REG_1123,RTO_Vehicle_Registry,VEH_1123,Maharashtra RTO Database,Official_Registration,0.98,2024-01-01,True
EVI_VEH_REG_1124,RTO_Vehicle_Registry,VEH_1124,Maharashtra RTO Database,Official_Registration,0.98,2024-01-01,True
EVI_VEH_REG_1125,RTO_Vehicle_Registry,VEH_1125,Maharashtra RTO Database,Official_Registration,0.98,2024-01-01,True
EVI_VEH_REG_1126,RTO_Vehicle_Registry,VEH_1126,Maharashtra RTO Database,Official_Registration,0.98,2024-01-01,True
EVI_VEH_REG_1127,RTO_Vehicle_Registry,VEH_1127,Maharashtra RTO Database,Official_Registration,0.98,2024-01-01,True
EVI_VEH_REG_1128,RTO_Vehicle_Registry,VEH_1128,Maharashtra RTO Database,Official_Registration,0.98,2024-01-01,True
EVI_VEH_REG_1129,RTO_Vehicle_Registry,VEH_1129,Maharashtra RTO Database,Official_Registration,0.98,2024-01-01,True
EVI_VEH_REG_1130,RTO_Vehicle_Registry,VEH_1130,Maharashtra RTO Database,Official_Registration,0.98,2024-01-01,True
EVI_VEH_REG_1131,RTO_Vehicle_Registry,VEH_1131,Maharashtra RTO Database,Official_Registration,0.98,2024-01-01,True
EVI_VEH_REG_1132,RTO_Vehicle_Registry,VEH_1132,Maharashtra RTO Database,Official_Registration,0.98,2024-01-01,True
EVI_VEH_REG_1133,RTO_Vehicle_Registry,VEH_1133,Maharashtra RTO Database,Official_Registration,0.98,2024-01-01,True
EVI_VEH_REG_1134,RTO_Vehicle_Registry,VEH_1134,Maharashtra RTO Database,Official_Registration,0.98,2024-01-01,True
EVI_VEH_REG_1135,RTO_Vehicle_Registry,VEH_1135,Maharashtra RTO Database,Official_Registration,0.98,2024-01-01,True
EVI_VEH_REG_1136,RTO_Vehicle_Registry,VEH_1136,Maharashtra RTO Database,Official_Registration,0.98,2024-01-01,True
EVI_VEH_REG_1137,RTO_Vehicle_Registry,VEH_1137,Maharashtra RTO Database,Official_Registration,0.98,2024-01-01,True
EVI_VEH_REG_1138,RTO_Vehicle_Registry,VEH_1138,Maharashtra RTO Database,Official_Registration,0.98,2024-01-01,True
EVI_VEH_REG_1139,RTO_Vehicle_Registry,VEH_1139,Maharashtra RTO Database,Official_Registration,0.98,2024-01-01,True
EVI_VEH_REG_1140,RTO_Vehicle_Registry,VEH_1140,Maharashtra RTO Database,Official_Registration,0.98,2024-01-01,True
EVI_VEH_REG_1141,RTO_Vehicle_Registry,VEH_1141,Maharashtra RTO Database,Official_Registration,0.98,2024-01-01,True
EVI_VEH_REG_1142,RTO_Vehicle_Registry,VEH_1142,Maharashtra RTO Database,Official_Registration,0.98,2024-01-01,True
EVI_VEH_REG_1143,RTO_Vehicle_Registry,VEH_1143,Maharashtra RTO Database,Official_Registration,0.98,2024-01-01,True
EVI_VEH_REG_1144,RTO_Vehicle_Registry,VEH_1144,Maharashtra RTO Database,Official_Registration,0.98,2024-01-01,True
EVI_VEH_REG_1145,RTO_Vehicle_Registry,VEH_1145,Maharashtra RTO Database,Official_Registration,0.98,2024-01-01,True
EVI_VEH_REG_1146,RTO_Vehicle_Registry,VEH_1146,Maharashtra RTO Database,Official_Registration,0.98,2024-01-01,True
EVI_VEH_REG_1147,RTO_Vehicle_Registry,VEH_1147,Maharashtra RTO Database,Official_Registration,0.98,2024-01-01,True
EVI_VEH_REG_1148,RTO_Vehicle_Registry,VEH_1148,Maharashtra RTO Database,Official_Registration,0.98,2024-01-01,True
EVI_VEH_REG_1149,RTO_Vehicle_Registry,VEH_1149,Maharashtra RTO Database,Official_Registration,0.98,2024-01-01,True
EVI_VEH_REG_1150,RTO_Vehicle_Registry,VEH_1150,Maharashtra RTO Database,Official_Registration,0.98,2024-01-01,True
EVI_VEH_REG_1151,RTO_Vehicle_Registry,VEH_1151,Maharashtra RTO Database,Official_Registration,0.98,2024-01-01,True
EVI_VEH_REG_1152,RTO_Vehicle_Registry,VEH_1152,Maharashtra RTO Database,Official_Registration,0.98,2024-01-01,True
EVI_VEH_REG_1153,RTO_Vehicle_Registry,VEH_1153,Maharashtra RTO Database,Official_Registration,0.98,2024-01-01,True
EVI_VEH_REG_1154,RTO_Vehicle_Registry,VEH_1154,Maharashtra RTO Database,Official_Registration,0.98,2024-01-01,True
EVI_VEH_REG_1155,RTO_Vehicle_Registry,VEH_1155,Maharashtra RTO Database,Official_Registration,0.98,2024-01-01,True
EVI_VEH_REG_1156,RTO_Vehicle_Registry,VEH_1156,Maharashtra RTO Database,Official_Registration,0.98,2024-01-01,True
EVI_VEH_REG_1157,RTO_Vehicle_Registry,VEH_1157,Maharashtra RTO Database,Official_Registration,0.98,2024-01-01,True
EVI_VEH_REG_1158,RTO_Vehicle_Registry,VEH_1158,Maharashtra RTO Database,Official_Registration,0.98,2024-01-01,True
EVI_VEH_REG_1159,RTO_Vehicle_Registry,VEH_1159,Maharashtra RTO Database,Official_Registration,0.98,2024-01-01,True
EVI_VEH_REG_1160,RTO_Vehicle_Registry,VEH_1160,Maharashtra RTO Database,Official_Registration,0.98,2024-01-01,True
EVI_VEH_REG_1161,RTO_Vehicle_Registry,VEH_1161,Maharashtra RTO Database,Official_Registration,0.98,2024-01-01,True
EVI_VEH_REG_1162,RTO_Vehicle_Registry,VEH_1162,Maharashtra RTO Database,Official_Registration,0.98,2024-01-01,True
EVI_VEH_REG_1163,RTO_Vehicle_Registry,VEH_1163,Maharashtra RTO Database,Official_Registration,0.98,2024-01-01,True
EVI_VEH_REG_1164,RTO_Vehicle_Registry,VEH_1164,Maharashtra RTO Database,Official_Registration,0.98,2024-01-01,True
EVI_VEH_REG_1165,RTO_Vehicle_Registry,VEH_1165,Maharashtra RTO Database,Official_Registration,0.98,2024-01-01,True
EVI_VEH_REG_1166,RTO_Vehicle_Registry,VEH_1166,Maharashtra RTO Database,Official_Registration,0.98,2024-01-01,True
EVI_VEH_REG_1167,RTO_Vehicle_Registry,VEH_1167,Maharashtra RTO Database,Official_Registration,0.98,2024-01-01,True
EVI_VEH_REG_1168,RTO_Vehicle_Registry,VEH_1168,Maharashtra RTO Database,Official_Registration,0.98,2024-01-01,True
EVI_VEH_REG_1169,RTO_Vehicle_Registry,VEH_1169,Maharashtra RTO Database,Official_Registration,0.98,2024-01-01,True
EVI_VEH_REG_1170,RTO_Vehicle_Registry,VEH_1170,Maharashtra RTO Database,Official_Registration,0.98,2024-01-01,True
EVI_VEH_REG_1171,RTO_Vehicle_Registry,VEH_1171,Maharashtra RTO Database,Official_Registration,0.98,2024-01-01,True
EVI_VEH_REG_1172,RTO_Vehicle_Registry,VEH_1172,Maharashtra RTO Database,Official_Registration,0.98,2024-01-01,True
EVI_VEH_REG_1173,RTO_Vehicle_Registry,VEH_1173,Maharashtra RTO Database,Official_Registration,0.98,2024-01-01,True
EVI_VEH_REG_1174,RTO_Vehicle_Registry,VEH_1174,Maharashtra RTO Database,Official_Registration,0.98,2024-01-01,True
EVI_VEH_REG_1175,RTO_Vehicle_Registry,VEH_1175,Maharashtra RTO Database,Official_Registration,0.98,2024-01-01,True
EVI_VEH_REG_1176,RTO_Vehicle_Registry,VEH_1176,Maharashtra RTO Database,Official_Registration,0.98,2024-01-01,True
EVI_VEH_REG_1177,RTO_Vehicle_Registry,VEH_1177,Maharashtra RTO Database,Official_Registration,0.98,2024-01-01,True
EVI_VEH_REG_1178,RTO_Vehicle_Registry,VEH_1178,Maharashtra RTO Database,Official_Registration,0.98,2024-01-01,True
EVI_VEH_REG_1179,RTO_Vehicle_Registry,VEH_1179,Maharashtra RTO Database,Official_Registration,0.98,2024-01-01,True
EVI_VEH_REG_1180,RTO_Vehicle_Registry,VEH_1180,Maharashtra RTO Database,Official_Registration,0.98,2024-01-01,True
EVI_VEH_REG_1181,RTO_Vehicle_Registry,VEH_1181,Maharashtra RTO Database,Official_Registration,0.98,2024-01-01,True
EVI_VEH_REG_1182,RTO_Vehicle_Registry,VEH_1182,Maharashtra RTO Database,Official_Registration,0.98,2024-01-01,True
EVI_VEH_REG_1183,RTO_Vehicle_Registry,VEH_1183,Maharashtra RTO Database,Official_Registration,0.98,2024-01-01,True
EVI_VEH_REG_1184,RTO_Vehicle_Registry,VEH_1184,Maharashtra RTO Database,Official_Registration,0.98,2024-01-01,True
EVI_VEH_REG_1185,RTO_Vehicle_Registry,VEH_1185,Maharashtra RTO Database,Official_Registration,0.98,2024-01-01,True
EVI_VEH_REG_1186,RTO_Vehicle_Registry,VEH_1186,Maharashtra RTO Database,Official_Registration,0.98,2024-01-01,True
EVI_VEH_REG_1187,RTO_Vehicle_Registry,VEH_1187,Maharashtra RTO Database,Official_Registration,0.98,2024-01-01,True
EVI_VEH_REG_1188,RTO_Vehicle_Registry,VEH_1188,Maharashtra RTO Database,Official_Registration,0.98,2024-01-01,True
EVI_VEH_REG_1189,RTO_Vehicle_Registry,VEH_1189,Maharashtra RTO Database,Official_Registration,0.98,2024-01-01,True
EVI_VEH_REG_1190,RTO_Vehicle_Registry,VEH_1190,Maharashtra RTO Database,Official_Registration,0.98,2024-01-01,True
EVI_VEH_REG_1191,RTO_Vehicle_Registry,VEH_1191,Maharashtra RTO Database,Official_Registration,0.98,2024-01-01,True
EVI_VEH_REG_1192,RTO_Vehicle_Registry,VEH_1192,Maharashtra RTO Database,Official_Registration,0.98,2024-01-01,True
EVI_VEH_REG_1193,RTO_Vehicle_Registry,VEH_1193,Maharashtra RTO Database,Official_Registration,0.98,2024-01-01,True
EVI_VEH_REG_1194,RTO_Vehicle_Registry,VEH_1194,Maharashtra RTO Database,Official_Registration,0.98,2024-01-01,True
EVI_VEH_REG_1195,RTO_Vehicle_Registry,VEH_1195,Maharashtra RTO Database,Official_Registration,0.98,2024-01-01,True
EVI_VEH_REG_1196,RTO_Vehicle_Registry,VEH_1196,Maharashtra RTO Database,Official_Registration,0.98,2024-01-01,True
EVI_VEH_REG_1197,RTO_Vehicle_Registry,VEH_1197,Maharashtra RTO Database,Official_Registration,0.98,2024-01-01,True
EVI_VEH_REG_1198,RTO_Vehicle_Registry,VEH_1198,Maharashtra RTO Database,Official_Registration,0.98,2024-01-01,True
EVI_VEH_REG_1199,RTO_Vehicle_Registry,VEH_1199,Maharashtra RTO Database,Official_Registration,0.98,2024-01-01,True
EVI_VEH_REG_1200,RTO_Vehicle_Registry,VEH_1200,Maharashtra RTO Database,Official_Registration,0.98,2024-01-01,True
EVI_VEH_REG_1201,RTO_Vehicle_Registry,VEH_1201,Maharashtra RTO Database,Official_Registration,0.98,2024-01-01,True
EVI_VEH_REG_1202,RTO_Vehicle_Registry,VEH_1202,Maharashtra RTO Database,Official_Registration,0.98,2024-01-01,True
EVI_VEH_REG_1203,RTO_Vehicle_Registry,VEH_1203,Maharashtra RTO Database,Official_Registration,0.98,2024-01-01,True
EVI_VEH_REG_1204,RTO_Vehicle_Registry,VEH_1204,Maharashtra RTO Database,Official_Registration,0.98,2024-01-01,True
EVI_VEH_REG_1205,RTO_Vehicle_Registry,VEH_1205,Maharashtra RTO Database,Official_Registration,0.98,2024-01-01,True
EVI_VEH_REG_1206,RTO_Vehicle_Registry,VEH_1206,Maharashtra RTO Database,Official_Registration,0.98,2024-01-01,True
EVI_VEH_REG_1207,RTO_Vehicle_Registry,VEH_1207,Maharashtra RTO Database,Official_Registration,0.98,2024-01-01,True
EVI_VEH_REG_1208,RTO_Vehicle_Registry,VEH_1208,Maharashtra RTO Database,Official_Registration,0.98,2024-01-01,True
EVI_VEH_REG_1209,RTO_Vehicle_Registry,VEH_1209,Maharashtra RTO Database,Official_Registration,0.98,2024-01-01,True
EVI_VEH_REG_1210,RTO_Vehicle_Registry,VEH_1210,Maharashtra RTO Database,Official_Registration,0.98,2024-01-01,True
EVI_VEH_REG_1211,RTO_Vehicle_Registry,VEH_1211,Maharashtra RTO Database,Official_Registration,0.98,2024-01-01,True
EVI_VEH_REG_1212,RTO_Vehicle_Registry,VEH_1212,Maharashtra RTO Database,Official_Registration,0.98,2024-01-01,True
EVI_VEH_REG_1213,RTO_Vehicle_Registry,VEH_1213,Maharashtra RTO Database,Official_Registration,0.98,2024-01-01,True
EVI_VEH_REG_1214,RTO_Vehicle_Registry,VEH_1214,Maharashtra RTO Database,Official_Registration,0.98,2024-01-01,True
EVI_VEH_REG_1215,RTO_Vehicle_Registry,VEH_1215,Maharashtra RTO Database,Official_Registration,0.98,2024-01-01,True
EVI_VEH_REG_1216,RTO_Vehicle_Registry,VEH_1216,Maharashtra RTO Database,Official_Registration,0.98,2024-01-01,True
EVI_VEH_REG_1217,RTO_Vehicle_Registry,VEH_1217,Maharashtra RTO Database,Official_Registration,0.98,2024-01-01,True
EVI_VEH_REG_1218,RTO_Vehicle_Registry,VEH_1218,Maharashtra RTO Database,Official_Registration,0.98,2024-01-01,True
EVI_VEH_REG_1219,RTO_Vehicle_Registry,VEH_1219,Maharashtra RTO Database,Official_Registration,0.98,2024-01-01,True
EVI_VEH_REG_1220,RTO_Vehicle_Registry,VEH_1220,Maharashtra RTO Database,Official_Registration,0.98,2024-01-01,True
EVI_VEH_REG_1221,RTO_Vehicle_Registry,VEH_1221,Maharashtra RTO Database,Official_Registration,0.98,2024-01-01,True
EVI_VEH_REG_1222,RTO_Vehicle_Registry,VEH_1222,Maharashtra RTO Database,Official_Registration,0.98,2024-01-01,True
EVI_VEH_REG_1223,RTO_Vehicle_Registry,VEH_1223,Maharashtra RTO Database,Official_Registration,0.98,2024-01-01,True
EVI_VEH_REG_1224,RTO_Vehicle_Registry,VEH_1224,Maharashtra RTO Database,Official_Registration,0.98,2024-01-01,True
EVI_VEH_REG_1225,RTO_Vehicle_Registry,VEH_1225,Maharashtra RTO Database,Official_Registration,0.98,2024-01-01,True
EVI_VEH_REG_1226,RTO_Vehicle_Registry,VEH_1226,Maharashtra RTO Database,Official_Registration,0.98,2024-01-01,True
EVI_VEH_REG_1227,RTO_Vehicle_Registry,VEH_1227,Maharashtra RTO Database,Official_Registration,0.98,2024-01-01,True
EVI_VEH_REG_1228,RTO_Vehicle_Registry,VEH_1228,Maharashtra RTO Database,Official_Registration,0.98,2024-01-01,True
EVI_VEH_REG_1229,RTO_Vehicle_Registry,VEH_1229,Maharashtra RTO Database,Official_Registration,0.98,2024-01-01,True
EVI_VEH_REG_1230,RTO_Vehicle_Registry,VEH_1230,Maharashtra RTO Database,Official_Registration,0.98,2024-01-01,True
EVI_VEH_REG_1231,RTO_Vehicle_Registry,VEH_1231,Maharashtra RTO Database,Official_Registration,0.98,2024-01-01,True
EVI_VEH_REG_1232,RTO_Vehicle_Registry,VEH_1232,Maharashtra RTO Database,Official_Registration,0.98,2024-01-01,True
EVI_VEH_REG_1233,RTO_Vehicle_Registry,VEH_1233,Maharashtra RTO Database,Official_Registration,0.98,2024-01-01,True
EVI_VEH_REG_1234,RTO_Vehicle_Registry,VEH_1234,Maharashtra RTO Database,Official_Registration,0.98,2024-01-01,True
EVI_VEH_REG_1235,RTO_Vehicle_Registry,VEH_1235,Maharashtra RTO Database,Official_Registration,0.98,2024-01-01,True
EVI_VEH_REG_1236,RTO_Vehicle_Registry,VEH_1236,Maharashtra RTO Database,Official_Registration,0.98,2024-01-01,True
EVI_VEH_REG_1237,RTO_Vehicle_Registry,VEH_1237,Maharashtra RTO Database,Official_Registration,0.98,2024-01-01,True
EVI_VEH_REG_1238,RTO_Vehicle_Registry,VEH_1238,Maharashtra RTO Database,Official_Registration,0.98,2024-01-01,True
EVI_VEH_REG_1239,RTO_Vehicle_Registry,VEH_1239,Maharashtra RTO Database,Official_Registration,0.98,2024-01-01,True
EVI_VEH_REG_1240,RTO_Vehicle_Registry,VEH_1240,Maharashtra RTO Database,Official_Registration,0.98,2024-01-01,True
EVI_VEH_REG_1241,RTO_Vehicle_Registry,VEH_1241,Maharashtra RTO Database,Official_Registration,0.98,2024-01-01,True
EVI_VEH_REG_1242,RTO_Vehicle_Registry,VEH_1242,Maharashtra RTO Database,Official_Registration,0.98,2024-01-01,True
EVI_VEH_REG_1243,RTO_Vehicle_Registry,VEH_1243,Maharashtra RTO Database,Official_Registration,0.98,2024-01-01,True
EVI_VEH_REG_1244,RTO_Vehicle_Registry,VEH_1244,Maharashtra RTO Database,Official_Registration,0.98,2024-01-01,True
EVI_VEH_REG_1245,RTO_Vehicle_Registry,VEH_1245,Maharashtra RTO Database,Official_Registration,0.98,2024-01-01,True
EVI_VEH_REG_1246,RTO_Vehicle_Registry,VEH_1246,Maharashtra RTO Database,Official_Registration,0.98,2024-01-01,True
EVI_VEH_REG_1247,RTO_Vehicle_Registry,VEH_1247,Maharashtra RTO Database,Official_Registration,0.98,2024-01-01,True
EVI_VEH_REG_1248,RTO_Vehicle_Registry,VEH_1248,Maharashtra RTO Database,Official_Registration,0.98,2024-01-01,True
EVI_VEH_REG_1249,RTO_Vehicle_Registry,VEH_1249,Maharashtra RTO Database,Official_Registration,0.98,2024-01-01,True
EVI_VEH_REG_1250,RTO_Vehicle_Registry,VEH_1250,Maharashtra RTO Database,Official_Registration,0.98,2024-01-01,True
EVI_VEH_REG_1251,RTO_Vehicle_Registry,VEH_1251,Maharashtra RTO Database,Official_Registration,0.98,2024-01-01,True
EVI_VEH_REG_1252,RTO_Vehicle_Registry,VEH_1252,Maharashtra RTO Database,Official_Registration,0.98,2024-01-01,True
EVI_VEH_REG_1253,RTO_Vehicle_Registry,VEH_1253,Maharashtra RTO Database,Official_Registration,0.98,2024-01-01,True
EVI_VEH_REG_1254,RTO_Vehicle_Registry,VEH_1254,Maharashtra RTO Database,Official_Registration,0.98,2024-01-01,True
EVI_VEH_REG_1255,RTO_Vehicle_Registry,VEH_1255,Maharashtra RTO Database,Official_Registration,0.98,2024-01-01,True
EVI_VEH_REG_1256,RTO_Vehicle_Registry,VEH_1256,Maharashtra RTO Database,Official_Registration,0.98,2024-01-01,True
EVI_VEH_REG_1257,RTO_Vehicle_Registry,VEH_1257,Maharashtra RTO Database,Official_Registration,0.98,2024-01-01,True
EVI_VEH_REG_1258,RTO_Vehicle_Registry,VEH_1258,Maharashtra RTO Database,Official_Registration,0.98,2024-01-01,True
EVI_VEH_REG_1259,RTO_Vehicle_Registry,VEH_1259,Maharashtra RTO Database,Official_Registration,0.98,2024-01-01,True
EVI_VEH_REG_1260,RTO_Vehicle_Registry,VEH_1260,Maharashtra RTO Database,Official_Registration,0.98,2024-01-01,True
EVI_VEH_REG_1261,RTO_Vehicle_Registry,VEH_1261,Maharashtra RTO Database,Official_Registration,0.98,2024-01-01,True
EVI_VEH_REG_1262,RTO_Vehicle_Registry,VEH_1262,Maharashtra RTO Database,Official_Registration,0.98,2024-01-01,True
EVI_VEH_REG_1263,RTO_Vehicle_Registry,VEH_1263,Maharashtra RTO Database,Official_Registration,0.98,2024-01-01,True
EVI_VEH_REG_1264,RTO_Vehicle_Registry,VEH_1264,Maharashtra RTO Database,Official_Registration,0.98,2024-01-01,True
EVI_VEH_REG_1265,RTO_Vehicle_Registry,VEH_1265,Maharashtra RTO Database,Official_Registration,0.98,2024-01-01,True
EVI_VEH_REG_1266,RTO_Vehicle_Registry,VEH_1266,Maharashtra RTO Database,Official_Registration,0.98,2024-01-01,True
EVI_VEH_REG_1267,RTO_Vehicle_Registry,VEH_1267,Maharashtra RTO Database,Official_Registration,0.98,2024-01-01,True
EVI_VEH_REG_1268,RTO_Vehicle_Registry,VEH_1268,Maharashtra RTO Database,Official_Registration,0.98,2024-01-01,True
EVI_VEH_REG_1269,RTO_Vehicle_Registry,VEH_1269,Maharashtra RTO Database,Official_Registration,0.98,2024-01-01,True
EVI_VEH_REG_1270,RTO_Vehicle_Registry,VEH_1270,Maharashtra RTO Database,Official_Registration,0.98,2024-01-01,True
EVI_VEH_REG_1271,RTO_Vehicle_Registry,VEH_1271,Maharashtra RTO Database,Official_Registration,0.98,2024-01-01,True
EVI_VEH_REG_1272,RTO_Vehicle_Registry,VEH_1272,Maharashtra RTO Database,Official_Registration,0.98,2024-01-01,True
EVI_VEH_REG_1273,RTO_Vehicle_Registry,VEH_1273,Maharashtra RTO Database,Official_Registration,0.98,2024-01-01,True
EVI_VEH_REG_1274,RTO_Vehicle_Registry,VEH_1274,Maharashtra RTO Database,Official_Registration,0.98,2024-01-01,True
EVI_VEH_REG_1275,RTO_Vehicle_Registry,VEH_1275,Maharashtra RTO Database,Official_Registration,0.98,2024-01-01,True
EVI_VEH_REG_1276,RTO_Vehicle_Registry,VEH_1276,Maharashtra RTO Database,Official_Registration,0.98,2024-01-01,True
EVI_VEH_REG_1277,RTO_Vehicle_Registry,VEH_1277,Maharashtra RTO Database,Official_Registration,0.98,2024-01-01,True
EVI_VEH_REG_1278,RTO_Vehicle_Registry,VEH_1278,Maharashtra RTO Database,Official_Registration,0.98,2024-01-01,True
EVI_VEH_REG_1279,RTO_Vehicle_Registry,VEH_1279,Maharashtra RTO Database,Official_Registration,0.98,2024-01-01,True
EVI_VEH_REG_1280,RTO_Vehicle_Registry,VEH_1280,Maharashtra RTO Database,Official_Registration,0.98,2024-01-01,True
EVI_VEH_REG_1281,RTO_Vehicle_Registry,VEH_1281,Maharashtra RTO Database,Official_Registration,0.98,2024-01-01,True
EVI_VEH_REG_1282,RTO_Vehicle_Registry,VEH_1282,Maharashtra RTO Database,Official_Registration,0.98,2024-01-01,True
EVI_VEH_REG_1283,RTO_Vehicle_Registry,VEH_1283,Maharashtra RTO Database,Official_Registration,0.98,2024-01-01,True
EVI_VEH_REG_1284,RTO_Vehicle_Registry,VEH_1284,Maharashtra RTO Database,Official_Registration,0.98,2024-01-01,True
EVI_VEH_REG_1285,RTO_Vehicle_Registry,VEH_1285,Maharashtra RTO Database,Official_Registration,0.98,2024-01-01,True
EVI_VEH_REG_1286,RTO_Vehicle_Registry,VEH_1286,Maharashtra RTO Database,Official_Registration,0.98,2024-01-01,True
EVI_VEH_REG_1287,RTO_Vehicle_Registry,VEH_1287,Maharashtra RTO Database,Official_Registration,0.98,2024-01-01,True
EVI_VEH_REG_1288,RTO_Vehicle_Registry,VEH_1288,Maharashtra RTO Database,Official_Registration,0.98,2024-01-01,True
EVI_VEH_REG_1289,RTO_Vehicle_Registry,VEH_1289,Maharashtra RTO Database,Official_Registration,0.98,2024-01-01,True
EVI_VEH_REG_1290,RTO_Vehicle_Registry,VEH_1290,Maharashtra RTO Database,Official_Registration,0.98,2024-01-01,True
EVI_VEH_REG_1291,RTO_Vehicle_Registry,VEH_1291,Maharashtra RTO Database,Official_Registration,0.98,2024-01-01,True
EVI_VEH_REG_1292,RTO_Vehicle_Registry,VEH_1292,Maharashtra RTO Database,Official_Registration,0.98,2024-01-01,True
EVI_VEH_REG_1293,RTO_Vehicle_Registry,VEH_1293,Maharashtra RTO Database,Official_Registration,0.98,2024-01-01,True
EVI_VEH_REG_1294,RTO_Vehicle_Registry,VEH_1294,Maharashtra RTO Database,Official_Registration,0.98,2024-01-01,True
EVI_VEH_REG_1295,RTO_Vehicle_Registry,VEH_1295,Maharashtra RTO Database,Official_Registration,0.98,2024-01-01,True
EVI_VEH_REG_1296,RTO_Vehicle_Registry,VEH_1296,Maharashtra RTO Database,Official_Registration,0.98,2024-01-01,True
EVI_VEH_REG_1297,RTO_Vehicle_Registry,VEH_1297,Maharashtra RTO Database,Official_Registration,0.98,2024-01-01,True
EVI_VEH_REG_1298,RTO_Vehicle_Registry,VEH_1298,Maharashtra RTO Database,Official_Registration,0.98,2024-01-01,True
EVI_VEH_REG_1299,RTO_Vehicle_Registry,VEH_1299,Maharashtra RTO Database,Official_Registration,0.98,2024-01-01,True
EVI_VEH_REG_1300,RTO_Vehicle_Registry,VEH_1300,Maharashtra RTO Database,Official_Registration,0.98,2024-01-01,True
EVI_VEH_REG_1301,RTO_Vehicle_Registry,VEH_1301,Maharashtra RTO Database,Official_Registration,0.98,2024-01-01,True
EVI_VEH_REG_1302,RTO_Vehicle_Registry,VEH_1302,Maharashtra RTO Database,Official_Registration,0.98,2024-01-01,True
EVI_VEH_REG_1303,RTO_Vehicle_Registry,VEH_1303,Maharashtra RTO Database,Official_Registration,0.98,2024-01-01,True
EVI_VEH_REG_1304,RTO_Vehicle_Registry,VEH_1304,Maharashtra RTO Database,Official_Registration,0.98,2024-01-01,True
EVI_VEH_REG_1305,RTO_Vehicle_Registry,VEH_1305,Maharashtra RTO Database,Official_Registration,0.98,2024-01-01,True
EVI_VEH_REG_1306,RTO_Vehicle_Registry,VEH_1306,Maharashtra RTO Database,Official_Registration,0.98,2024-01-01,True
EVI_VEH_REG_1307,RTO_Vehicle_Registry,VEH_1307,Maharashtra RTO Database,Official_Registration,0.98,2024-01-01,True
EVI_VEH_REG_1308,RTO_Vehicle_Registry,VEH_1308,Maharashtra RTO Database,Official_Registration,0.98,2024-01-01,True
EVI_VEH_REG_1309,RTO_Vehicle_Registry,VEH_1309,Maharashtra RTO Database,Official_Registration,0.98,2024-01-01,True
EVI_VEH_REG_1310,RTO_Vehicle_Registry,VEH_1310,Maharashtra RTO Database,Official_Registration,0.98,2024-01-01,True
EVI_VEH_REG_1311,RTO_Vehicle_Registry,VEH_1311,Maharashtra RTO Database,Official_Registration,0.98,2024-01-01,True
EVI_VEH_REG_1312,RTO_Vehicle_Registry,VEH_1312,Maharashtra RTO Database,Official_Registration,0.98,2024-01-01,True
EVI_VEH_REG_1313,RTO_Vehicle_Registry,VEH_1313,Maharashtra RTO Database,Official_Registration,0.98,2024-01-01,True
EVI_VEH_REG_1314,RTO_Vehicle_Registry,VEH_1314,Maharashtra RTO Database,Official_Registration,0.98,2024-01-01,True
EVI_VEH_REG_1315,RTO_Vehicle_Registry,VEH_1315,Maharashtra RTO Database,Official_Registration,0.98,2024-01-01,True
EVI_VEH_REG_1316,RTO_Vehicle_Registry,VEH_1316,Maharashtra RTO Database,Official_Registration,0.98,2024-01-01,True
EVI_VEH_REG_1317,RTO_Vehicle_Registry,VEH_1317,Maharashtra RTO Database,Official_Registration,0.98,2024-01-01,True
EVI_VEH_REG_1318,RTO_Vehicle_Registry,VEH_1318,Maharashtra RTO Database,Official_Registration,0.98,2024-01-01,True
EVI_VEH_REG_1319,RTO_Vehicle_Registry,VEH_1319,Maharashtra RTO Database,Official_Registration,0.98,2024-01-01,True
EVI_VEH_REG_1320,RTO_Vehicle_Registry,VEH_1320,Maharashtra RTO Database,Official_Registration,0.98,2024-01-01,True
EVI_VEH_REG_1321,RTO_Vehicle_Registry,VEH_1321,Maharashtra RTO Database,Official_Registration,0.98,2024-01-01,True
EVI_VEH_REG_1322,RTO_Vehicle_Registry,VEH_1322,Maharashtra RTO Database,Official_Registration,0.98,2024-01-01,True
EVI_VEH_REG_1323,RTO_Vehicle_Registry,VEH_1323,Maharashtra RTO Database,Official_Registration,0.98,2024-01-01,True
EVI_VEH_REG_1324,RTO_Vehicle_Registry,VEH_1324,Maharashtra RTO Database,Official_Registration,0.98,2024-01-01,True
EVI_VEH_REG_1325,RTO_Vehicle_Registry,VEH_1325,Maharashtra RTO Database,Official_Registration,0.98,2024-01-01,True
EVI_VEH_REG_1326,RTO_Vehicle_Registry,VEH_1326,Maharashtra RTO Database,Official_Registration,0.98,2024-01-01,True
EVI_VEH_REG_1327,RTO_Vehicle_Registry,VEH_1327,Maharashtra RTO Database,Official_Registration,0.98,2024-01-01,True
EVI_VEH_REG_1328,RTO_Vehicle_Registry,VEH_1328,Maharashtra RTO Database,Official_Registration,0.98,2024-01-01,True
EVI_VEH_REG_1329,RTO_Vehicle_Registry,VEH_1329,Maharashtra RTO Database,Official_Registration,0.98,2024-01-01,True
EVI_VEH_REG_1330,RTO_Vehicle_Registry,VEH_1330,Maharashtra RTO Database,Official_Registration,0.98,2024-01-01,True
EVI_VEH_REG_1331,RTO_Vehicle_Registry,VEH_1331,Maharashtra RTO Database,Official_Registration,0.98,2024-01-01,True
EVI_VEH_REG_1332,RTO_Vehicle_Registry,VEH_1332,Maharashtra RTO Database,Official_Registration,0.98,2024-01-01,True
EVI_VEH_REG_1333,RTO_Vehicle_Registry,VEH_1333,Maharashtra RTO Database,Official_Registration,0.98,2024-01-01,True
EVI_VEH_REG_1334,RTO_Vehicle_Registry,VEH_1334,Maharashtra RTO Database,Official_Registration,0.98,2024-01-01,True
EVI_VEH_REG_1335,RTO_Vehicle_Registry,VEH_1335,Maharashtra RTO Database,Official_Registration,0.98,2024-01-01,True
EVI_VEH_REG_1336,RTO_Vehicle_Registry,VEH_1336,Maharashtra RTO Database,Official_Registration,0.98,2024-01-01,True
EVI_VEH_REG_1337,RTO_Vehicle_Registry,VEH_1337,Maharashtra RTO Database,Official_Registration,0.98,2024-01-01,True
EVI_VEH_REG_1338,RTO_Vehicle_Registry,VEH_1338,Maharashtra RTO Database,Official_Registration,0.98,2024-01-01,True
EVI_VEH_REG_1339,RTO_Vehicle_Registry,VEH_1339,Maharashtra RTO Database,Official_Registration,0.98,2024-01-01,True
EVI_VEH_REG_1340,RTO_Vehicle_Registry,VEH_1340,Maharashtra RTO Database,Official_Registration,0.98,2024-01-01,True
EVI_VEH_REG_1341,RTO_Vehicle_Registry,VEH_1341,Maharashtra RTO Database,Official_Registration,0.98,2024-01-01,True
EVI_VEH_REG_1342,RTO_Vehicle_Registry,VEH_1342,Maharashtra RTO Database,Official_Registration,0.98,2024-01-01,True
EVI_VEH_REG_1343,RTO_Vehicle_Registry,VEH_1343,Maharashtra RTO Database,Official_Registration,0.98,2024-01-01,True
EVI_VEH_REG_1344,RTO_Vehicle_Registry,VEH_1344,Maharashtra RTO Database,Official_Registration,0.98,2024-01-01,True
EVI_VEH_REG_1345,RTO_Vehicle_Registry,VEH_1345,Maharashtra RTO Database,Official_Registration,0.98,2024-01-01,True
EVI_VEH_REG_1346,RTO_Vehicle_Registry,VEH_1346,Maharashtra RTO Database,Official_Registration,0.98,2024-01-01,True
EVI_VEH_REG_1347,RTO_Vehicle_Registry,VEH_1347,Maharashtra RTO Database,Official_Registration,0.98,2024-01-01,True
EVI_VEH_REG_1348,RTO_Vehicle_Registry,VEH_1348,Maharashtra RTO Database,Official_Registration,0.98,2024-01-01,True
EVI_VEH_REG_1349,RTO_Vehicle_Registry,VEH_1349,Maharashtra RTO Database,Official_Registration,0.98,2024-01-01,True
EVI_VEH_REG_1350,RTO_Vehicle_Registry,VEH_1350,Maharashtra RTO Database,Official_Registration,0.98,2024-01-01,True
EVI_VEH_REG_1351,RTO_Vehicle_Registry,VEH_1351,Maharashtra RTO Database,Official_Registration,0.98,2024-01-01,True
EVI_VEH_REG_1352,RTO_Vehicle_Registry,VEH_1352,Maharashtra RTO Database,Official_Registration,0.98,2024-01-01,True
EVI_VEH_REG_1353,RTO_Vehicle_Registry,VEH_1353,Maharashtra RTO Database,Official_Registration,0.98,2024-01-01,True
EVI_VEH_REG_1354,RTO_Vehicle_Registry,VEH_1354,Maharashtra RTO Database,Official_Registration,0.98,2024-01-01,True
EVI_VEH_REG_1355,RTO_Vehicle_Registry,VEH_1355,Maharashtra RTO Database,Official_Registration,0.98,2024-01-01,True
EVI_VEH_REG_1356,RTO_Vehicle_Registry,VEH_1356,Maharashtra RTO Database,Official_Registration,0.98,2024-01-01,True
EVI_VEH_REG_1357,RTO_Vehicle_Registry,VEH_1357,Maharashtra RTO Database,Official_Registration,0.98,2024-01-01,True
EVI_VEH_REG_1358,RTO_Vehicle_Registry,VEH_1358,Maharashtra RTO Database,Official_Registration,0.98,2024-01-01,True
EVI_VEH_REG_1359,RTO_Vehicle_Registry,VEH_1359,Maharashtra RTO Database,Official_Registration,0.98,2024-01-01,True
EVI_VEH_REG_1360,RTO_Vehicle_Registry,VEH_1360,Maharashtra RTO Database,Official_Registration,0.98,2024-01-01,True
EVI_VEH_REG_1361,RTO_Vehicle_Registry,VEH_1361,Maharashtra RTO Database,Official_Registration,0.98,2024-01-01,True
EVI_VEH_REG_1362,RTO_Vehicle_Registry,VEH_1362,Maharashtra RTO Database,Official_Registration,0.98,2024-01-01,True
EVI_VEH_REG_1363,RTO_Vehicle_Registry,VEH_1363,Maharashtra RTO Database,Official_Registration,0.98,2024-01-01,True
EVI_VEH_REG_1364,RTO_Vehicle_Registry,VEH_1364,Maharashtra RTO Database,Official_Registration,0.98,2024-01-01,True
EVI_VEH_REG_1365,RTO_Vehicle_Registry,VEH_1365,Maharashtra RTO Database,Official_Registration,0.98,2024-01-01,True
EVI_VEH_REG_1366,RTO_Vehicle_Registry,VEH_1366,Maharashtra RTO Database,Official_Registration,0.98,2024-01-01,True
EVI_VEH_REG_1367,RTO_Vehicle_Registry,VEH_1367,Maharashtra RTO Database,Official_Registration,0.98,2024-01-01,True
EVI_VEH_REG_1368,RTO_Vehicle_Registry,VEH_1368,Maharashtra RTO Database,Official_Registration,0.98,2024-01-01,True
EVI_VEH_REG_1369,RTO_Vehicle_Registry,VEH_1369,Maharashtra RTO Database,Official_Registration,0.98,2024-01-01,True
EVI_VEH_REG_1370,RTO_Vehicle_Registry,VEH_1370,Maharashtra RTO Database,Official_Registration,0.98,2024-01-01,True
EVI_VEH_REG_1371,RTO_Vehicle_Registry,VEH_1371,Maharashtra RTO Database,Official_Registration,0.98,2024-01-01,True
EVI_VEH_REG_1372,RTO_Vehicle_Registry,VEH_1372,Maharashtra RTO Database,Official_Registration,0.98,2024-01-01,True
EVI_VEH_REG_1373,RTO_Vehicle_Registry,VEH_1373,Maharashtra RTO Database,Official_Registration,0.98,2024-01-01,True
EVI_VEH_REG_1374,RTO_Vehicle_Registry,VEH_1374,Maharashtra RTO Database,Official_Registration,0.98,2024-01-01,True
EVI_VEH_REG_1375,RTO_Vehicle_Registry,VEH_1375,Maharashtra RTO Database,Official_Registration,0.98,2024-01-01,True
EVI_VEH_REG_1376,RTO_Vehicle_Registry,VEH_1376,Maharashtra RTO Database,Official_Registration,0.98,2024-01-01,True
EVI_VEH_REG_1377,RTO_Vehicle_Registry,VEH_1377,Maharashtra RTO Database,Official_Registration,0.98,2024-01-01,True
EVI_VEH_REG_1378,RTO_Vehicle_Registry,VEH_1378,Maharashtra RTO Database,Official_Registration,0.98,2024-01-01,True
EVI_VEH_REG_1379,RTO_Vehicle_Registry,VEH_1379,Maharashtra RTO Database,Official_Registration,0.98,2024-01-01,True
EVI_VEH_REG_1380,RTO_Vehicle_Registry,VEH_1380,Maharashtra RTO Database,Official_Registration,0.98,2024-01-01,True
EVI_VEH_REG_1381,RTO_Vehicle_Registry,VEH_1381,Maharashtra RTO Database,Official_Registration,0.98,2024-01-01,True
EVI_VEH_REG_1382,RTO_Vehicle_Registry,VEH_1382,Maharashtra RTO Database,Official_Registration,0.98,2024-01-01,True
EVI_VEH_REG_1383,RTO_Vehicle_Registry,VEH_1383,Maharashtra RTO Database,Official_Registration,0.98,2024-01-01,True
EVI_VEH_REG_1384,RTO_Vehicle_Registry,VEH_1384,Maharashtra RTO Database,Official_Registration,0.98,2024-01-01,True
EVI_VEH_REG_1385,RTO_Vehicle_Registry,VEH_1385,Maharashtra RTO Database,Official_Registration,0.98,2024-01-01,True
EVI_VEH_REG_1386,RTO_Vehicle_Registry,VEH_1386,Maharashtra RTO Database,Official_Registration,0.98,2024-01-01,True
EVI_VEH_REG_1387,RTO_Vehicle_Registry,VEH_1387,Maharashtra RTO Database,Official_Registration,0.98,2024-01-01,True
EVI_VEH_REG_1388,RTO_Vehicle_Registry,VEH_1388,Maharashtra RTO Database,Official_Registration,0.98,2024-01-01,True
EVI_VEH_REG_1389,RTO_Vehicle_Registry,VEH_1389,Maharashtra RTO Database,Official_Registration,0.98,2024-01-01,True
EVI_VEH_REG_1390,RTO_Vehicle_Registry,VEH_1390,Maharashtra RTO Database,Official_Registration,0.98,2024-01-01,True
EVI_VEH_REG_1391,RTO_Vehicle_Registry,VEH_1391,Maharashtra RTO Database,Official_Registration,0.98,2024-01-01,True
EVI_VEH_REG_1392,RTO_Vehicle_Registry,VEH_1392,Maharashtra RTO Database,Official_Registration,0.98,2024-01-01,True
EVI_VEH_REG_1393,RTO_Vehicle_Registry,VEH_1393,Maharashtra RTO Database,Official_Registration,0.98,2024-01-01,True
EVI_VEH_REG_1394,RTO_Vehicle_Registry,VEH_1394,Maharashtra RTO Database,Official_Registration,0.98,2024-01-01,True
EVI_VEH_REG_1395,RTO_Vehicle_Registry,VEH_1395,Maharashtra RTO Database,Official_Registration,0.98,2024-01-01,True
EVI_VEH_REG_1396,RTO_Vehicle_Registry,VEH_1396,Maharashtra RTO Database,Official_Registration,0.98,2024-01-01,True
EVI_VEH_REG_1397,RTO_Vehicle_Registry,VEH_1397,Maharashtra RTO Database,Official_Registration,0.98,2024-01-01,True
EVI_VEH_REG_1398,RTO_Vehicle_Registry,VEH_1398,Maharashtra RTO Database,Official_Registration,0.98,2024-01-01,True
EVI_VEH_REG_1399,RTO_Vehicle_Registry,VEH_1399,Maharashtra RTO Database,Official_Registration,0.98,2024-01-01,True
EVI_VEH_REG_1400,RTO_Vehicle_Registry,VEH_1400,Maharashtra RTO Database,Official_Registration,0.98,2024-01-01,True
EVI_VEH_REG_1401,RTO_Vehicle_Registry,VEH_1401,Maharashtra RTO Database,Official_Registration,0.98,2024-01-01,True
EVI_VEH_REG_1402,RTO_Vehicle_Registry,VEH_1402,Maharashtra RTO Database,Official_Registration,0.98,2024-01-01,True
EVI_VEH_REG_1403,RTO_Vehicle_Registry,VEH_1403,Maharashtra RTO Database,Official_Registration,0.98,2024-01-01,True
EVI_VEH_REG_1404,RTO_Vehicle_Registry,VEH_1404,Maharashtra RTO Database,Official_Registration,0.98,2024-01-01,True
EVI_VEH_REG_1405,RTO_Vehicle_Registry,VEH_1405,Maharashtra RTO Database,Official_Registration,0.98,2024-01-01,True
EVI_VEH_REG_1406,RTO_Vehicle_Registry,VEH_1406,Maharashtra RTO Database,Official_Registration,0.98,2024-01-01,True
EVI_VEH_REG_1407,RTO_Vehicle_Registry,VEH_1407,Maharashtra RTO Database,Official_Registration,0.98,2024-01-01,True
EVI_VEH_REG_1408,RTO_Vehicle_Registry,VEH_1408,Maharashtra RTO Database,Official_Registration,0.98,2024-01-01,True
EVI_VEH_REG_1409,RTO_Vehicle_Registry,VEH_1409,Maharashtra RTO Database,Official_Registration,0.98,2024-01-01,True
EVI_VEH_REG_1410,RTO_Vehicle_Registry,VEH_1410,Maharashtra RTO Database,Official_Registration,0.98,2024-01-01,True
EVI_VEH_REG_1411,RTO_Vehicle_Registry,VEH_1411,Maharashtra RTO Database,Official_Registration,0.98,2024-01-01,True
EVI_VEH_REG_1412,RTO_Vehicle_Registry,VEH_1412,Maharashtra RTO Database,Official_Registration,0.98,2024-01-01,True
EVI_VEH_REG_1413,RTO_Vehicle_Registry,VEH_1413,Maharashtra RTO Database,Official_Registration,0.98,2024-01-01,True
EVI_VEH_REG_1414,RTO_Vehicle_Registry,VEH_1414,Maharashtra RTO Database,Official_Registration,0.98,2024-01-01,True
EVI_VEH_REG_1415,RTO_Vehicle_Registry,VEH_1415,Maharashtra RTO Database,Official_Registration,0.98,2024-01-01,True
EVI_VEH_REG_1416,RTO_Vehicle_Registry,VEH_1416,Maharashtra RTO Database,Official_Registration,0.98,2024-01-01,True
EVI_VEH_REG_1417,RTO_Vehicle_Registry,VEH_1417,Maharashtra RTO Database,Official_Registration,0.98,2024-01-01,True
EVI_VEH_REG_1418,RTO_Vehicle_Registry,VEH_1418,Maharashtra RTO Database,Official_Registration,0.98,2024-01-01,True
EVI_VEH_REG_1419,RTO_Vehicle_Registry,VEH_1419,Maharashtra RTO Database,Official_Registration,0.98,2024-01-01,True
EVI_VEH_REG_1420,RTO_Vehicle_Registry,VEH_1420,Maharashtra RTO Database,Official_Registration,0.98,2024-01-01,True
EVI_VEH_REG_1421,RTO_Vehicle_Registry,VEH_1421,Maharashtra RTO Database,Official_Registration,0.98,2024-01-01,True
EVI_VEH_REG_1422,RTO_Vehicle_Registry,VEH_1422,Maharashtra RTO Database,Official_Registration,0.98,2024-01-01,True
EVI_VEH_REG_1423,RTO_Vehicle_Registry,VEH_1423,Maharashtra RTO Database,Official_Registration,0.98,2024-01-01,True
EVI_VEH_REG_1424,RTO_Vehicle_Registry,VEH_1424,Maharashtra RTO Database,Official_Registration,0.98,2024-01-01,True
EVI_VEH_REG_1425,RTO_Vehicle_Registry,VEH_1425,Maharashtra RTO Database,Official_Registration,0.98,2024-01-01,True
EVI_VEH_REG_1426,RTO_Vehicle_Registry,VEH_1426,Maharashtra RTO Database,Official_Registration,0.98,2024-01-01,True
EVI_VEH_REG_1427,RTO_Vehicle_Registry,VEH_1427,Maharashtra RTO Database,Official_Registration,0.98,2024-01-01,True
EVI_VEH_REG_1428,RTO_Vehicle_Registry,VEH_1428,Maharashtra RTO Database,Official_Registration,0.98,2024-01-01,True
EVI_VEH_REG_1429,RTO_Vehicle_Registry,VEH_1429,Maharashtra RTO Database,Official_Registration,0.98,2024-01-01,True
EVI_VEH_REG_1430,RTO_Vehicle_Registry,VEH_1430,Maharashtra RTO Database,Official_Registration,0.98,2024-01-01,True
EVI_VEH_REG_1431,RTO_Vehicle_Registry,VEH_1431,Maharashtra RTO Database,Official_Registration,0.98,2024-01-01,True
EVI_VEH_REG_1432,RTO_Vehicle_Registry,VEH_1432,Maharashtra RTO Database,Official_Registration,0.98,2024-01-01,True
EVI_VEH_REG_1433,RTO_Vehicle_Registry,VEH_1433,Maharashtra RTO Database,Official_Registration,0.98,2024-01-01,True
EVI_VEH_REG_1434,RTO_Vehicle_Registry,VEH_1434,Maharashtra RTO Database,Official_Registration,0.98,2024-01-01,True
EVI_VEH_REG_1435,RTO_Vehicle_Registry,VEH_1435,Maharashtra RTO Database,Official_Registration,0.98,2024-01-01,True
EVI_VEH_REG_1436,RTO_Vehicle_Registry,VEH_1436,Maharashtra RTO Database,Official_Registration,0.98,2024-01-01,True
EVI_VEH_REG_1437,RTO_Vehicle_Registry,VEH_1437,Maharashtra RTO Database,Official_Registration,0.98,2024-01-01,True
EVI_VEH_REG_1438,RTO_Vehicle_Registry,VEH_1438,Maharashtra RTO Database,Official_Registration,0.98,2024-01-01,True
EVI_VEH_REG_1439,RTO_Vehicle_Registry,VEH_1439,Maharashtra RTO Database,Official_Registration,0.98,2024-01-01,True
EVI_VEH_REG_1440,RTO_Vehicle_Registry,VEH_1440,Maharashtra RTO Database,Official_Registration,0.98,2024-01-01,True
EVI_VEH_REG_1441,RTO_Vehicle_Registry,VEH_1441,Maharashtra RTO Database,Official_Registration,0.98,2024-01-01,True
EVI_VEH_REG_1442,RTO_Vehicle_Registry,VEH_1442,Maharashtra RTO Database,Official_Registration,0.98,2024-01-01,True
EVI_VEH_REG_1443,RTO_Vehicle_Registry,VEH_1443,Maharashtra RTO Database,Official_Registration,0.98,2024-01-01,True
EVI_VEH_REG_1444,RTO_Vehicle_Registry,VEH_1444,Maharashtra RTO Database,Official_Registration,0.98,2024-01-01,True
EVI_VEH_REG_1445,RTO_Vehicle_Registry,VEH_1445,Maharashtra RTO Database,Official_Registration,0.98,2024-01-01,True
EVI_VEH_REG_1446,RTO_Vehicle_Registry,VEH_1446,Maharashtra RTO Database,Official_Registration,0.98,2024-01-01,True
EVI_VEH_REG_1447,RTO_Vehicle_Registry,VEH_1447,Maharashtra RTO Database,Official_Registration,0.98,2024-01-01,True
EVI_VEH_REG_1448,RTO_Vehicle_Registry,VEH_1448,Maharashtra RTO Database,Official_Registration,0.98,2024-01-01,True
EVI_VEH_REG_1449,RTO_Vehicle_Registry,VEH_1449,Maharashtra RTO Database,Official_Registration,0.98,2024-01-01,True
EVI_VEH_REG_1450,RTO_Vehicle_Registry,VEH_1450,Maharashtra RTO Database,Official_Registration,0.98,2024-01-01,True
EVI_VEH_REG_1451,RTO_Vehicle_Registry,VEH_1451,Maharashtra RTO Database,Official_Registration,0.98,2024-01-01,True
EVI_VEH_REG_1452,RTO_Vehicle_Registry,VEH_1452,Maharashtra RTO Database,Official_Registration,0.98,2024-01-01,True
EVI_VEH_REG_1453,RTO_Vehicle_Registry,VEH_1453,Maharashtra RTO Database,Official_Registration,0.98,2024-01-01,True
EVI_VEH_REG_1454,RTO_Vehicle_Registry,VEH_1454,Maharashtra RTO Database,Official_Registration,0.98,2024-01-01,True
EVI_VEH_REG_1455,RTO_Vehicle_Registry,VEH_1455,Maharashtra RTO Database,Official_Registration,0.98,2024-01-01,True
EVI_VEH_REG_1456,RTO_Vehicle_Registry,VEH_1456,Maharashtra RTO Database,Official_Registration,0.98,2024-01-01,True
EVI_VEH_REG_1457,RTO_Vehicle_Registry,VEH_1457,Maharashtra RTO Database,Official_Registration,0.98,2024-01-01,True
EVI_VEH_REG_1458,RTO_Vehicle_Registry,VEH_1458,Maharashtra RTO Database,Official_Registration,0.98,2024-01-01,True
EVI_VEH_REG_1459,RTO_Vehicle_Registry,VEH_1459,Maharashtra RTO Database,Official_Registration,0.98,2024-01-01,True
EVI_VEH_REG_1460,RTO_Vehicle_Registry,VEH_1460,Maharashtra RTO Database,Official_Registration,0.98,2024-01-01,True
EVI_VEH_REG_1461,RTO_Vehicle_Registry,VEH_1461,Maharashtra RTO Database,Official_Registration,0.98,2024-01-01,True
EVI_VEH_REG_1462,RTO_Vehicle_Registry,VEH_1462,Maharashtra RTO Database,Official_Registration,0.98,2024-01-01,True
EVI_VEH_REG_1463,RTO_Vehicle_Registry,VEH_1463,Maharashtra RTO Database,Official_Registration,0.98,2024-01-01,True
EVI_VEH_REG_1464,RTO_Vehicle_Registry,VEH_1464,Maharashtra RTO Database,Official_Registration,0.98,2024-01-01,True
EVI_VEH_REG_1465,RTO_Vehicle_Registry,VEH_1465,Maharashtra RTO Database,Official_Registration,0.98,2024-01-01,True
EVI_VEH_REG_1466,RTO_Vehicle_Registry,VEH_1466,Maharashtra RTO Database,Official_Registration,0.98,2024-01-01,True
EVI_VEH_REG_1467,RTO_Vehicle_Registry,VEH_1467,Maharashtra RTO Database,Official_Registration,0.98,2024-01-01,True
EVI_VEH_REG_1468,RTO_Vehicle_Registry,VEH_1468,Maharashtra RTO Database,Official_Registration,0.98,2024-01-01,True
EVI_VEH_REG_1469,RTO_Vehicle_Registry,VEH_1469,Maharashtra RTO Database,Official_Registration,0.98,2024-01-01,True
EVI_VEH_REG_1470,RTO_Vehicle_Registry,VEH_1470,Maharashtra RTO Database,Official_Registration,0.98,2024-01-01,True
EVI_VEH_REG_1471,RTO_Vehicle_Registry,VEH_1471,Maharashtra RTO Database,Official_Registration,0.98,2024-01-01,True
EVI_VEH_REG_1472,RTO_Vehicle_Registry,VEH_1472,Maharashtra RTO Database,Official_Registration,0.98,2024-01-01,True
EVI_VEH_REG_1473,RTO_Vehicle_Registry,VEH_1473,Maharashtra RTO Database,Official_Registration,0.98,2024-01-01,True
EVI_VEH_REG_1474,RTO_Vehicle_Registry,VEH_1474,Maharashtra RTO Database,Official_Registration,0.98,2024-01-01,True
EVI_VEH_REG_1475,RTO_Vehicle_Registry,VEH_1475,Maharashtra RTO Database,Official_Registration,0.98,2024-01-01,True
EVI_VEH_REG_1476,RTO_Vehicle_Registry,VEH_1476,Maharashtra RTO Database,Official_Registration,0.98,2024-01-01,True
EVI_VEH_REG_1477,RTO_Vehicle_Registry,VEH_1477,Maharashtra RTO Database,Official_Registration,0.98,2024-01-01,True
EVI_VEH_REG_1478,RTO_Vehicle_Registry,VEH_1478,Maharashtra RTO Database,Official_Registration,0.98,2024-01-01,True
EVI_VEH_REG_1479,RTO_Vehicle_Registry,VEH_1479,Maharashtra RTO Database,Official_Registration,0.98,2024-01-01,True
EVI_VEH_REG_1480,RTO_Vehicle_Registry,VEH_1480,Maharashtra RTO Database,Official_Registration,0.98,2024-01-01,True
EVI_VEH_REG_1481,RTO_Vehicle_Registry,VEH_1481,Maharashtra RTO Database,Official_Registration,0.98,2024-01-01,True
EVI_VEH_REG_1482,RTO_Vehicle_Registry,VEH_1482,Maharashtra RTO Database,Official_Registration,0.98,2024-01-01,True
EVI_VEH_REG_1483,RTO_Vehicle_Registry,VEH_1483,Maharashtra RTO Database,Official_Registration,0.98,2024-01-01,True
EVI_VEH_REG_1484,RTO_Vehicle_Registry,VEH_1484,Maharashtra RTO Database,Official_Registration,0.98,2024-01-01,True
EVI_VEH_REG_1485,RTO_Vehicle_Registry,VEH_1485,Maharashtra RTO Database,Official_Registration,0.98,2024-01-01,True
EVI_VEH_REG_1486,RTO_Vehicle_Registry,VEH_1486,Maharashtra RTO Database,Official_Registration,0.98,2024-01-01,True
EVI_VEH_REG_1487,RTO_Vehicle_Registry,VEH_1487,Maharashtra RTO Database,Official_Registration,0.98,2024-01-01,True
EVI_VEH_REG_1488,RTO_Vehicle_Registry,VEH_1488,Maharashtra RTO Database,Official_Registration,0.98,2024-01-01,True
EVI_VEH_REG_1489,RTO_Vehicle_Registry,VEH_1489,Maharashtra RTO Database,Official_Registration,0.98,2024-01-01,True
EVI_VEH_REG_1490,RTO_Vehicle_Registry,VEH_1490,Maharashtra RTO Database,Official_Registration,0.98,2024-01-01,True
EVI_VEH_REG_1491,RTO_Vehicle_Registry,VEH_1491,Maharashtra RTO Database,Official_Registration,0.98,2024-01-01,True
EVI_VEH_REG_1492,RTO_Vehicle_Registry,VEH_1492,Maharashtra RTO Database,Official_Registration,0.98,2024-01-01,True
EVI_VEH_REG_1493,RTO_Vehicle_Registry,VEH_1493,Maharashtra RTO Database,Official_Registration,0.98,2024-01-01,True
EVI_VEH_REG_1494,RTO_Vehicle_Registry,VEH_1494,Maharashtra RTO Database,Official_Registration,0.98,2024-01-01,True
EVI_VEH_REG_1495,RTO_Vehicle_Registry,VEH_1495,Maharashtra RTO Database,Official_Registration,0.98,2024-01-01,True
EVI_VEH_REG_1496,RTO_Vehicle_Registry,VEH_1496,Maharashtra RTO Database,Official_Registration,0.98,2024-01-01,True
EVI_VEH_REG_1497,RTO_Vehicle_Registry,VEH_1497,Maharashtra RTO Database,Official_Registration,0.98,2024-01-01,True
EVI_VEH_REG_1498,RTO_Vehicle_Registry,VEH_1498,Maharashtra RTO Database,Official_Registration,0.98,2024-01-01,True
EVI_VEH_REG_1499,RTO_Vehicle_Registry,VEH_1499,Maharashtra RTO Database,Official_Registration,0.98,2024-01-01,True
EVI_VEH_REG_1500,RTO_Vehicle_Registry,VEH_1500,Maharashtra RTO Database,Official_Registration,0.98,2024-01-01,True
EVI_VEH_REG_1501,RTO_Vehicle_Registry,VEH_1501,Maharashtra RTO Database,Official_Registration,0.98,2024-01-01,True
EVI_VEH_REG_1502,RTO_Vehicle_Registry,VEH_1502,Maharashtra RTO Database,Official_Registration,0.98,2024-01-01,True
EVI_VEH_REG_1503,RTO_Vehicle_Registry,VEH_1503,Maharashtra RTO Database,Official_Registration,0.98,2024-01-01,True
EVI_VEH_REG_1504,RTO_Vehicle_Registry,VEH_1504,Maharashtra RTO Database,Official_Registration,0.98,2024-01-01,True
EVI_VEH_REG_1505,RTO_Vehicle_Registry,VEH_1505,Maharashtra RTO Database,Official_Registration,0.98,2024-01-01,True
EVI_VEH_REG_1506,RTO_Vehicle_Registry,VEH_1506,Maharashtra RTO Database,Official_Registration,0.98,2024-01-01,True
EVI_VEH_REG_1507,RTO_Vehicle_Registry,VEH_1507,Maharashtra RTO Database,Official_Registration,0.98,2024-01-01,True
EVI_VEH_REG_1508,RTO_Vehicle_Registry,VEH_1508,Maharashtra RTO Database,Official_Registration,0.98,2024-01-01,True
EVI_VEH_REG_1509,RTO_Vehicle_Registry,VEH_1509,Maharashtra RTO Database,Official_Registration,0.98,2024-01-01,True
EVI_VEH_REG_1510,RTO_Vehicle_Registry,VEH_1510,Maharashtra RTO Database,Official_Registration,0.98,2024-01-01,True
EVI_VEH_REG_1511,RTO_Vehicle_Registry,VEH_1511,Maharashtra RTO Database,Official_Registration,0.98,2024-01-01,True
EVI_VEH_REG_1512,RTO_Vehicle_Registry,VEH_1512,Maharashtra RTO Database,Official_Registration,0.98,2024-01-01,True
EVI_VEH_REG_1513,RTO_Vehicle_Registry,VEH_1513,Maharashtra RTO Database,Official_Registration,0.98,2024-01-01,True
EVI_VEH_REG_1514,RTO_Vehicle_Registry,VEH_1514,Maharashtra RTO Database,Official_Registration,0.98,2024-01-01,True
EVI_VEH_REG_1515,RTO_Vehicle_Registry,VEH_1515,Maharashtra RTO Database,Official_Registration,0.98,2024-01-01,True
EVI_VEH_REG_1516,RTO_Vehicle_Registry,VEH_1516,Maharashtra RTO Database,Official_Registration,0.98,2024-01-01,True
EVI_VEH_REG_1517,RTO_Vehicle_Registry,VEH_1517,Maharashtra RTO Database,Official_Registration,0.98,2024-01-01,True
EVI_VEH_REG_1518,RTO_Vehicle_Registry,VEH_1518,Maharashtra RTO Database,Official_Registration,0.98,2024-01-01,True
EVI_VEH_REG_1519,RTO_Vehicle_Registry,VEH_1519,Maharashtra RTO Database,Official_Registration,0.98,2024-01-01,True
EVI_VEH_REG_1520,RTO_Vehicle_Registry,VEH_1520,Maharashtra RTO Database,Official_Registration,0.98,2024-01-01,True
EVI_VEH_REG_1521,RTO_Vehicle_Registry,VEH_1521,Maharashtra RTO Database,Official_Registration,0.98,2024-01-01,True
EVI_VEH_REG_1522,RTO_Vehicle_Registry,VEH_1522,Maharashtra RTO Database,Official_Registration,0.98,2024-01-01,True
EVI_VEH_REG_1523,RTO_Vehicle_Registry,VEH_1523,Maharashtra RTO Database,Official_Registration,0.98,2024-01-01,True
EVI_VEH_REG_1524,RTO_Vehicle_Registry,VEH_1524,Maharashtra RTO Database,Official_Registration,0.98,2024-01-01,True
EVI_VEH_REG_1525,RTO_Vehicle_Registry,VEH_1525,Maharashtra RTO Database,Official_Registration,0.98,2024-01-01,True
EVI_VEH_REG_1526,RTO_Vehicle_Registry,VEH_1526,Maharashtra RTO Database,Official_Registration,0.98,2024-01-01,True
EVI_VEH_REG_1527,RTO_Vehicle_Registry,VEH_1527,Maharashtra RTO Database,Official_Registration,0.98,2024-01-01,True
EVI_VEH_REG_1528,RTO_Vehicle_Registry,VEH_1528,Maharashtra RTO Database,Official_Registration,0.98,2024-01-01,True
EVI_VEH_REG_1529,RTO_Vehicle_Registry,VEH_1529,Maharashtra RTO Database,Official_Registration,0.98,2024-01-01,True
EVI_VEH_REG_1530,RTO_Vehicle_Registry,VEH_1530,Maharashtra RTO Database,Official_Registration,0.98,2024-01-01,True
EVI_VEH_REG_1531,RTO_Vehicle_Registry,VEH_1531,Maharashtra RTO Database,Official_Registration,0.98,2024-01-01,True
EVI_VEH_REG_1532,RTO_Vehicle_Registry,VEH_1532,Maharashtra RTO Database,Official_Registration,0.98,2024-01-01,True
EVI_VEH_REG_1533,RTO_Vehicle_Registry,VEH_1533,Maharashtra RTO Database,Official_Registration,0.98,2024-01-01,True
EVI_VEH_REG_1534,RTO_Vehicle_Registry,VEH_1534,Maharashtra RTO Database,Official_Registration,0.98,2024-01-01,True
EVI_VEH_REG_1535,RTO_Vehicle_Registry,VEH_1535,Maharashtra RTO Database,Official_Registration,0.98,2024-01-01,True
EVI_VEH_REG_1536,RTO_Vehicle_Registry,VEH_1536,Maharashtra RTO Database,Official_Registration,0.98,2024-01-01,True
EVI_VEH_REG_1537,RTO_Vehicle_Registry,VEH_1537,Maharashtra RTO Database,Official_Registration,0.98,2024-01-01,True
EVI_VEH_REG_1538,RTO_Vehicle_Registry,VEH_1538,Maharashtra RTO Database,Official_Registration,0.98,2024-01-01,True
EVI_VEH_REG_1539,RTO_Vehicle_Registry,VEH_1539,Maharashtra RTO Database,Official_Registration,0.98,2024-01-01,True
EVI_VEH_REG_1540,RTO_Vehicle_Registry,VEH_1540,Maharashtra RTO Database,Official_Registration,0.98,2024-01-01,True
EVI_VEH_REG_1541,RTO_Vehicle_Registry,VEH_1541,Maharashtra RTO Database,Official_Registration,0.98,2024-01-01,True
EVI_VEH_REG_1542,RTO_Vehicle_Registry,VEH_1542,Maharashtra RTO Database,Official_Registration,0.98,2024-01-01,True
EVI_VEH_REG_1543,RTO_Vehicle_Registry,VEH_1543,Maharashtra RTO Database,Official_Registration,0.98,2024-01-01,True
EVI_VEH_REG_1544,RTO_Vehicle_Registry,VEH_1544,Maharashtra RTO Database,Official_Registration,0.98,2024-01-01,True
EVI_VEH_REG_1545,RTO_Vehicle_Registry,VEH_1545,Maharashtra RTO Database,Official_Registration,0.98,2024-01-01,True
EVI_VEH_REG_1546,RTO_Vehicle_Registry,VEH_1546,Maharashtra RTO Database,Official_Registration,0.98,2024-01-01,True
EVI_VEH_REG_1547,RTO_Vehicle_Registry,VEH_1547,Maharashtra RTO Database,Official_Registration,0.98,2024-01-01,True
EVI_VEH_REG_1548,RTO_Vehicle_Registry,VEH_1548,Maharashtra RTO Database,Official_Registration,0.98,2024-01-01,True
EVI_VEH_REG_1549,RTO_Vehicle_Registry,VEH_1549,Maharashtra RTO Database,Official_Registration,0.98,2024-01-01,True
EVI_VEH_REG_1550,RTO_Vehicle_Registry,VEH_1550,Maharashtra RTO Database,Official_Registration,0.98,2024-01-01,True
EVI_VEH_REG_1551,RTO_Vehicle_Registry,VEH_1551,Maharashtra RTO Database,Official_Registration,0.98,2024-01-01,True
EVI_VEH_REG_1552,RTO_Vehicle_Registry,VEH_1552,Maharashtra RTO Database,Official_Registration,0.98,2024-01-01,True
EVI_VEH_REG_1553,RTO_Vehicle_Registry,VEH_1553,Maharashtra RTO Database,Official_Registration,0.98,2024-01-01,True
EVI_VEH_REG_1554,RTO_Vehicle_Registry,VEH_1554,Maharashtra RTO Database,Official_Registration,0.98,2024-01-01,True
EVI_VEH_REG_1555,RTO_Vehicle_Registry,VEH_1555,Maharashtra RTO Database,Official_Registration,0.98,2024-01-01,True
EVI_VEH_REG_1556,RTO_Vehicle_Registry,VEH_1556,Maharashtra RTO Database,Official_Registration,0.98,2024-01-01,True
EVI_VEH_REG_1557,RTO_Vehicle_Registry,VEH_1557,Maharashtra RTO Database,Official_Registration,0.98,2024-01-01,True
EVI_VEH_REG_1558,RTO_Vehicle_Registry,VEH_1558,Maharashtra RTO Database,Official_Registration,0.98,2024-01-01,True
EVI_VEH_REG_1559,RTO_Vehicle_Registry,VEH_1559,Maharashtra RTO Database,Official_Registration,0.98,2024-01-01,True
EVI_VEH_REG_1560,RTO_Vehicle_Registry,VEH_1560,Maharashtra RTO Database,Official_Registration,0.98,2024-01-01,True
EVI_VEH_REG_1561,RTO_Vehicle_Registry,VEH_1561,Maharashtra RTO Database,Official_Registration,0.98,2024-01-01,True
EVI_VEH_REG_1562,RTO_Vehicle_Registry,VEH_1562,Maharashtra RTO Database,Official_Registration,0.98,2024-01-01,True
EVI_VEH_REG_1563,RTO_Vehicle_Registry,VEH_1563,Maharashtra RTO Database,Official_Registration,0.98,2024-01-01,True
EVI_VEH_REG_1564,RTO_Vehicle_Registry,VEH_1564,Maharashtra RTO Database,Official_Registration,0.98,2024-01-01,True
EVI_VEH_REG_1565,RTO_Vehicle_Registry,VEH_1565,Maharashtra RTO Database,Official_Registration,0.98,2024-01-01,True
EVI_VEH_REG_1566,RTO_Vehicle_Registry,VEH_1566,Maharashtra RTO Database,Official_Registration,0.98,2024-01-01,True
EVI_VEH_REG_1567,RTO_Vehicle_Registry,VEH_1567,Maharashtra RTO Database,Official_Registration,0.98,2024-01-01,True
EVI_VEH_REG_1568,RTO_Vehicle_Registry,VEH_1568,Maharashtra RTO Database,Official_Registration,0.98,2024-01-01,True
EVI_VEH_REG_1569,RTO_Vehicle_Registry,VEH_1569,Maharashtra RTO Database,Official_Registration,0.98,2024-01-01,True
EVI_VEH_REG_1570,RTO_Vehicle_Registry,VEH_1570,Maharashtra RTO Database,Official_Registration,0.98,2024-01-01,True
EVI_VEH_REG_1571,RTO_Vehicle_Registry,VEH_1571,Maharashtra RTO Database,Official_Registration,0.98,2024-01-01,True
EVI_VEH_REG_1572,RTO_Vehicle_Registry,VEH_1572,Maharashtra RTO Database,Official_Registration,0.98,2024-01-01,True
EVI_VEH_REG_1573,RTO_Vehicle_Registry,VEH_1573,Maharashtra RTO Database,Official_Registration,0.98,2024-01-01,True
EVI_VEH_REG_1574,RTO_Vehicle_Registry,VEH_1574,Maharashtra RTO Database,Official_Registration,0.98,2024-01-01,True
EVI_VEH_REG_1575,RTO_Vehicle_Registry,VEH_1575,Maharashtra RTO Database,Official_Registration,0.98,2024-01-01,True
EVI_VEH_REG_1576,RTO_Vehicle_Registry,VEH_1576,Maharashtra RTO Database,Official_Registration,0.98,2024-01-01,True
EVI_VEH_REG_1577,RTO_Vehicle_Registry,VEH_1577,Maharashtra RTO Database,Official_Registration,0.98,2024-01-01,True
EVI_VEH_REG_1578,RTO_Vehicle_Registry,VEH_1578,Maharashtra RTO Database,Official_Registration,0.98,2024-01-01,True
EVI_VEH_REG_1579,RTO_Vehicle_Registry,VEH_1579,Maharashtra RTO Database,Official_Registration,0.98,2024-01-01,True
EVI_VEH_REG_1580,RTO_Vehicle_Registry,VEH_1580,Maharashtra RTO Database,Official_Registration,0.98,2024-01-01,True
EVI_VEH_REG_1581,RTO_Vehicle_Registry,VEH_1581,Maharashtra RTO Database,Official_Registration,0.98,2024-01-01,True
EVI_VEH_REG_1582,RTO_Vehicle_Registry,VEH_1582,Maharashtra RTO Database,Official_Registration,0.98,2024-01-01,True
EVI_VEH_REG_1583,RTO_Vehicle_Registry,VEH_1583,Maharashtra RTO Database,Official_Registration,0.98,2024-01-01,True
EVI_VEH_REG_1584,RTO_Vehicle_Registry,VEH_1584,Maharashtra RTO Database,Official_Registration,0.98,2024-01-01,True
EVI_VEH_REG_1585,RTO_Vehicle_Registry,VEH_1585,Maharashtra RTO Database,Official_Registration,0.98,2024-01-01,True
EVI_VEH_REG_1586,RTO_Vehicle_Registry,VEH_1586,Maharashtra RTO Database,Official_Registration,0.98,2024-01-01,True
EVI_VEH_REG_1587,RTO_Vehicle_Registry,VEH_1587,Maharashtra RTO Database,Official_Registration,0.98,2024-01-01,True
EVI_VEH_REG_1588,RTO_Vehicle_Registry,VEH_1588,Maharashtra RTO Database,Official_Registration,0.98,2024-01-01,True
EVI_VEH_REG_1589,RTO_Vehicle_Registry,VEH_1589,Maharashtra RTO Database,Official_Registration,0.98,2024-01-01,True
EVI_VEH_REG_1590,RTO_Vehicle_Registry,VEH_1590,Maharashtra RTO Database,Official_Registration,0.98,2024-01-01,True
EVI_VEH_REG_1591,RTO_Vehicle_Registry,VEH_1591,Maharashtra RTO Database,Official_Registration,0.98,2024-01-01,True
EVI_VEH_REG_1592,RTO_Vehicle_Registry,VEH_1592,Maharashtra RTO Database,Official_Registration,0.98,2024-01-01,True
EVI_VEH_REG_1593,RTO_Vehicle_Registry,VEH_1593,Maharashtra RTO Database,Official_Registration,0.98,2024-01-01,True
EVI_VEH_REG_1594,RTO_Vehicle_Registry,VEH_1594,Maharashtra RTO Database,Official_Registration,0.98,2024-01-01,True
EVI_VEH_REG_1595,RTO_Vehicle_Registry,VEH_1595,Maharashtra RTO Database,Official_Registration,0.98,2024-01-01,True
EVI_VEH_REG_1596,RTO_Vehicle_Registry,VEH_1596,Maharashtra RTO Database,Official_Registration,0.98,2024-01-01,True
EVI_VEH_REG_1597,RTO_Vehicle_Registry,VEH_1597,Maharashtra RTO Database,Official_Registration,0.98,2024-01-01,True
EVI_VEH_REG_1598,RTO_Vehicle_Registry,VEH_1598,Maharashtra RTO Database,Official_Registration,0.98,2024-01-01,True
EVI_VEH_REG_1599,RTO_Vehicle_Registry,VEH_1599,Maharashtra RTO Database,Official_Registration,0.98,2024-01-01,True
EVI_VEH_REG_1600,RTO_Vehicle_Registry,VEH_1600,Maharashtra RTO Database,Official_Registration,0.98,2024-01-01,True
EVI_VEH_REG_1601,RTO_Vehicle_Registry,VEH_1601,Maharashtra RTO Database,Official_Registration,0.98,2024-01-01,True
EVI_VEH_REG_1602,RTO_Vehicle_Registry,VEH_1602,Maharashtra RTO Database,Official_Registration,0.98,2024-01-01,True
EVI_VEH_REG_1603,RTO_Vehicle_Registry,VEH_1603,Maharashtra RTO Database,Official_Registration,0.98,2024-01-01,True
EVI_VEH_REG_1604,RTO_Vehicle_Registry,VEH_1604,Maharashtra RTO Database,Official_Registration,0.98,2024-01-01,True
EVI_VEH_REG_1605,RTO_Vehicle_Registry,VEH_1605,Maharashtra RTO Database,Official_Registration,0.98,2024-01-01,True
EVI_VEH_REG_1606,RTO_Vehicle_Registry,VEH_1606,Maharashtra RTO Database,Official_Registration,0.98,2024-01-01,True
EVI_VEH_REG_1607,RTO_Vehicle_Registry,VEH_1607,Maharashtra RTO Database,Official_Registration,0.98,2024-01-01,True
EVI_VEH_REG_1608,RTO_Vehicle_Registry,VEH_1608,Maharashtra RTO Database,Official_Registration,0.98,2024-01-01,True
EVI_VEH_REG_1609,RTO_Vehicle_Registry,VEH_1609,Maharashtra RTO Database,Official_Registration,0.98,2024-01-01,True
EVI_VEH_REG_1610,RTO_Vehicle_Registry,VEH_1610,Maharashtra RTO Database,Official_Registration,0.98,2024-01-01,True
EVI_VEH_REG_1611,RTO_Vehicle_Registry,VEH_1611,Maharashtra RTO Database,Official_Registration,0.98,2024-01-01,True
EVI_VEH_REG_1612,RTO_Vehicle_Registry,VEH_1612,Maharashtra RTO Database,Official_Registration,0.98,2024-01-01,True
EVI_VEH_REG_1613,RTO_Vehicle_Registry,VEH_1613,Maharashtra RTO Database,Official_Registration,0.98,2024-01-01,True
EVI_VEH_REG_1614,RTO_Vehicle_Registry,VEH_1614,Maharashtra RTO Database,Official_Registration,0.98,2024-01-01,True
EVI_VEH_REG_1615,RTO_Vehicle_Registry,VEH_1615,Maharashtra RTO Database,Official_Registration,0.98,2024-01-01,True
EVI_VEH_REG_1616,RTO_Vehicle_Registry,VEH_1616,Maharashtra RTO Database,Official_Registration,0.98,2024-01-01,True
EVI_VEH_REG_1617,RTO_Vehicle_Registry,VEH_1617,Maharashtra RTO Database,Official_Registration,0.98,2024-01-01,True
EVI_VEH_REG_1618,RTO_Vehicle_Registry,VEH_1618,Maharashtra RTO Database,Official_Registration,0.98,2024-01-01,True
EVI_VEH_REG_1619,RTO_Vehicle_Registry,VEH_1619,Maharashtra RTO Database,Official_Registration,0.98,2024-01-01,True
EVI_VEH_REG_1620,RTO_Vehicle_Registry,VEH_1620,Maharashtra RTO Database,Official_Registration,0.98,2024-01-01,True
EVI_VEH_REG_1621,RTO_Vehicle_Registry,VEH_1621,Maharashtra RTO Database,Official_Registration,0.98,2024-01-01,True
EVI_VEH_REG_1622,RTO_Vehicle_Registry,VEH_1622,Maharashtra RTO Database,Official_Registration,0.98,2024-01-01,True
EVI_VEH_REG_1623,RTO_Vehicle_Registry,VEH_1623,Maharashtra RTO Database,Official_Registration,0.98,2024-01-01,True
EVI_VEH_REG_1624,RTO_Vehicle_Registry,VEH_1624,Maharashtra RTO Database,Official_Registration,0.98,2024-01-01,True
EVI_VEH_REG_1625,RTO_Vehicle_Registry,VEH_1625,Maharashtra RTO Database,Official_Registration,0.98,2024-01-01,True
EVI_VEH_REG_1626,RTO_Vehicle_Registry,VEH_1626,Maharashtra RTO Database,Official_Registration,0.98,2024-01-01,True
EVI_VEH_REG_1627,RTO_Vehicle_Registry,VEH_1627,Maharashtra RTO Database,Official_Registration,0.98,2024-01-01,True
EVI_VEH_REG_1628,RTO_Vehicle_Registry,VEH_1628,Maharashtra RTO Database,Official_Registration,0.98,2024-01-01,True
EVI_VEH_REG_1629,RTO_Vehicle_Registry,VEH_1629,Maharashtra RTO Database,Official_Registration,0.98,2024-01-01,True
EVI_VEH_REG_1630,RTO_Vehicle_Registry,VEH_1630,Maharashtra RTO Database,Official_Registration,0.98,2024-01-01,True
EVI_VEH_REG_1631,RTO_Vehicle_Registry,VEH_1631,Maharashtra RTO Database,Official_Registration,0.98,2024-01-01,True
EVI_VEH_REG_1632,RTO_Vehicle_Registry,VEH_1632,Maharashtra RTO Database,Official_Registration,0.98,2024-01-01,True
EVI_VEH_REG_1633,RTO_Vehicle_Registry,VEH_1633,Maharashtra RTO Database,Official_Registration,0.98,2024-01-01,True
EVI_VEH_REG_1634,RTO_Vehicle_Registry,VEH_1634,Maharashtra RTO Database,Official_Registration,0.98,2024-01-01,True
EVI_VEH_REG_1635,RTO_Vehicle_Registry,VEH_1635,Maharashtra RTO Database,Official_Registration,0.98,2024-01-01,True
EVI_VEH_REG_1636,RTO_Vehicle_Registry,VEH_1636,Maharashtra RTO Database,Official_Registration,0.98,2024-01-01,True
EVI_VEH_REG_1637,RTO_Vehicle_Registry,VEH_1637,Maharashtra RTO Database,Official_Registration,0.98,2024-01-01,True
EVI_VEH_REG_1638,RTO_Vehicle_Registry,VEH_1638,Maharashtra RTO Database,Official_Registration,0.98,2024-01-01,True
EVI_VEH_REG_1639,RTO_Vehicle_Registry,VEH_1639,Maharashtra RTO Database,Official_Registration,0.98,2024-01-01,True
EVI_VEH_REG_1640,RTO_Vehicle_Registry,VEH_1640,Maharashtra RTO Database,Official_Registration,0.98,2024-01-01,True
EVI_VEH_REG_1641,RTO_Vehicle_Registry,VEH_1641,Maharashtra RTO Database,Official_Registration,0.98,2024-01-01,True
EVI_VEH_REG_1642,RTO_Vehicle_Registry,VEH_1642,Maharashtra RTO Database,Official_Registration,0.98,2024-01-01,True
EVI_VEH_REG_1643,RTO_Vehicle_Registry,VEH_1643,Maharashtra RTO Database,Official_Registration,0.98,2024-01-01,True
EVI_VEH_REG_1644,RTO_Vehicle_Registry,VEH_1644,Maharashtra RTO Database,Official_Registration,0.98,2024-01-01,True
EVI_VEH_REG_1645,RTO_Vehicle_Registry,VEH_1645,Maharashtra RTO Database,Official_Registration,0.98,2024-01-01,True
EVI_VEH_REG_1646,RTO_Vehicle_Registry,VEH_1646,Maharashtra RTO Database,Official_Registration,0.98,2024-01-01,True
EVI_VEH_REG_1647,RTO_Vehicle_Registry,VEH_1647,Maharashtra RTO Database,Official_Registration,0.98,2024-01-01,True
EVI_VEH_REG_1648,RTO_Vehicle_Registry,VEH_1648,Maharashtra RTO Database,Official_Registration,0.98,2024-01-01,True
EVI_VEH_REG_1649,RTO_Vehicle_Registry,VEH_1649,Maharashtra RTO Database,Official_Registration,0.98,2024-01-01,True
EVI_VEH_REG_1650,RTO_Vehicle_Registry,VEH_1650,Maharashtra RTO Database,Official_Registration,0.98,2024-01-01,True
EVI_VEH_REG_1651,RTO_Vehicle_Registry,VEH_1651,Maharashtra RTO Database,Official_Registration,0.98,2024-01-01,True
EVI_VEH_REG_1652,RTO_Vehicle_Registry,VEH_1652,Maharashtra RTO Database,Official_Registration,0.98,2024-01-01,True
EVI_VEH_REG_1653,RTO_Vehicle_Registry,VEH_1653,Maharashtra RTO Database,Official_Registration,0.98,2024-01-01,True
EVI_VEH_REG_1654,RTO_Vehicle_Registry,VEH_1654,Maharashtra RTO Database,Official_Registration,0.98,2024-01-01,True
EVI_VEH_REG_1655,RTO_Vehicle_Registry,VEH_1655,Maharashtra RTO Database,Official_Registration,0.98,2024-01-01,True
EVI_VEH_REG_1656,RTO_Vehicle_Registry,VEH_1656,Maharashtra RTO Database,Official_Registration,0.98,2024-01-01,True
EVI_VEH_REG_1657,RTO_Vehicle_Registry,VEH_1657,Maharashtra RTO Database,Official_Registration,0.98,2024-01-01,True
EVI_VEH_REG_1658,RTO_Vehicle_Registry,VEH_1658,Maharashtra RTO Database,Official_Registration,0.98,2024-01-01,True
EVI_VEH_REG_1659,RTO_Vehicle_Registry,VEH_1659,Maharashtra RTO Database,Official_Registration,0.98,2024-01-01,True
EVI_VEH_REG_1660,RTO_Vehicle_Registry,VEH_1660,Maharashtra RTO Database,Official_Registration,0.98,2024-01-01,True
EVI_VEH_REG_1661,RTO_Vehicle_Registry,VEH_1661,Maharashtra RTO Database,Official_Registration,0.98,2024-01-01,True
EVI_VEH_REG_1662,RTO_Vehicle_Registry,VEH_1662,Maharashtra RTO Database,Official_Registration,0.98,2024-01-01,True
EVI_VEH_REG_1663,RTO_Vehicle_Registry,VEH_1663,Maharashtra RTO Database,Official_Registration,0.98,2024-01-01,True
EVI_VEH_REG_1664,RTO_Vehicle_Registry,VEH_1664,Maharashtra RTO Database,Official_Registration,0.98,2024-01-01,True
EVI_VEH_REG_1665,RTO_Vehicle_Registry,VEH_1665,Maharashtra RTO Database,Official_Registration,0.98,2024-01-01,True
EVI_VEH_REG_1666,RTO_Vehicle_Registry,VEH_1666,Maharashtra RTO Database,Official_Registration,0.98,2024-01-01,True
EVI_VEH_REG_1667,RTO_Vehicle_Registry,VEH_1667,Maharashtra RTO Database,Official_Registration,0.98,2024-01-01,True
EVI_VEH_REG_1668,RTO_Vehicle_Registry,VEH_1668,Maharashtra RTO Database,Official_Registration,0.98,2024-01-01,True
EVI_VEH_REG_1669,RTO_Vehicle_Registry,VEH_1669,Maharashtra RTO Database,Official_Registration,0.98,2024-01-01,True
EVI_VEH_REG_1670,RTO_Vehicle_Registry,VEH_1670,Maharashtra RTO Database,Official_Registration,0.98,2024-01-01,True
EVI_VEH_REG_1671,RTO_Vehicle_Registry,VEH_1671,Maharashtra RTO Database,Official_Registration,0.98,2024-01-01,True
EVI_VEH_REG_1672,RTO_Vehicle_Registry,VEH_1672,Maharashtra RTO Database,Official_Registration,0.98,2024-01-01,True
EVI_VEH_REG_1673,RTO_Vehicle_Registry,VEH_1673,Maharashtra RTO Database,Official_Registration,0.98,2024-01-01,True
EVI_VEH_REG_1674,RTO_Vehicle_Registry,VEH_1674,Maharashtra RTO Database,Official_Registration,0.98,2024-01-01,True
EVI_VEH_REG_1675,RTO_Vehicle_Registry,VEH_1675,Maharashtra RTO Database,Official_Registration,0.98,2024-01-01,True
EVI_VEH_REG_1676,RTO_Vehicle_Registry,VEH_1676,Maharashtra RTO Database,Official_Registration,0.98,2024-01-01,True
EVI_VEH_REG_1677,RTO_Vehicle_Registry,VEH_1677,Maharashtra RTO Database,Official_Registration,0.98,2024-01-01,True
EVI_VEH_REG_1678,RTO_Vehicle_Registry,VEH_1678,Maharashtra RTO Database,Official_Registration,0.98,2024-01-01,True
EVI_VEH_REG_1679,RTO_Vehicle_Registry,VEH_1679,Maharashtra RTO Database,Official_Registration,0.98,2024-01-01,True
EVI_VEH_REG_1680,RTO_Vehicle_Registry,VEH_1680,Maharashtra RTO Database,Official_Registration,0.98,2024-01-01,True
EVI_VEH_REG_1681,RTO_Vehicle_Registry,VEH_1681,Maharashtra RTO Database,Official_Registration,0.98,2024-01-01,True
EVI_VEH_REG_1682,RTO_Vehicle_Registry,VEH_1682,Maharashtra RTO Database,Official_Registration,0.98,2024-01-01,True
EVI_VEH_REG_1683,RTO_Vehicle_Registry,VEH_1683,Maharashtra RTO Database,Official_Registration,0.98,2024-01-01,True
EVI_VEH_REG_1684,RTO_Vehicle_Registry,VEH_1684,Maharashtra RTO Database,Official_Registration,0.98,2024-01-01,True
EVI_VEH_REG_1685,RTO_Vehicle_Registry,VEH_1685,Maharashtra RTO Database,Official_Registration,0.98,2024-01-01,True
EVI_VEH_REG_1686,RTO_Vehicle_Registry,VEH_1686,Maharashtra RTO Database,Official_Registration,0.98,2024-01-01,True
EVI_VEH_REG_1687,RTO_Vehicle_Registry,VEH_1687,Maharashtra RTO Database,Official_Registration,0.98,2024-01-01,True
EVI_VEH_REG_1688,RTO_Vehicle_Registry,VEH_1688,Maharashtra RTO Database,Official_Registration,0.98,2024-01-01,True
EVI_VEH_REG_1689,RTO_Vehicle_Registry,VEH_1689,Maharashtra RTO Database,Official_Registration,0.98,2024-01-01,True
EVI_VEH_REG_1690,RTO_Vehicle_Registry,VEH_1690,Maharashtra RTO Database,Official_Registration,0.98,2024-01-01,True
EVI_VEH_REG_1691,RTO_Vehicle_Registry,VEH_1691,Maharashtra RTO Database,Official_Registration,0.98,2024-01-01,True
EVI_VEH_REG_1692,RTO_Vehicle_Registry,VEH_1692,Maharashtra RTO Database,Official_Registration,0.98,2024-01-01,True
EVI_VEH_REG_1693,RTO_Vehicle_Registry,VEH_1693,Maharashtra RTO Database,Official_Registration,0.98,2024-01-01,True
EVI_VEH_REG_1694,RTO_Vehicle_Registry,VEH_1694,Maharashtra RTO Database,Official_Registration,0.98,2024-01-01,True
EVI_VEH_REG_1695,RTO_Vehicle_Registry,VEH_1695,Maharashtra RTO Database,Official_Registration,0.98,2024-01-01,True
EVI_VEH_REG_1696,RTO_Vehicle_Registry,VEH_1696,Maharashtra RTO Database,Official_Registration,0.98,2024-01-01,True
EVI_VEH_REG_1697,RTO_Vehicle_Registry,VEH_1697,Maharashtra RTO Database,Official_Registration,0.98,2024-01-01,True
EVI_VEH_REG_1698,RTO_Vehicle_Registry,VEH_1698,Maharashtra RTO Database,Official_Registration,0.98,2024-01-01,True
EVI_VEH_REG_1699,RTO_Vehicle_Registry,VEH_1699,Maharashtra RTO Database,Official_Registration,0.98,2024-01-01,True
EVI_VEH_REG_1700,RTO_Vehicle_Registry,VEH_1700,Maharashtra RTO Database,Official_Registration,0.98,2024-01-01,True
EVI_VEH_REG_1701,RTO_Vehicle_Registry,VEH_1701,Maharashtra RTO Database,Official_Registration,0.98,2024-01-01,True
EVI_VEH_REG_1702,RTO_Vehicle_Registry,VEH_1702,Maharashtra RTO Database,Official_Registration,0.98,2024-01-01,True
EVI_VEH_REG_1703,RTO_Vehicle_Registry,VEH_1703,Maharashtra RTO Database,Official_Registration,0.98,2024-01-01,True
EVI_VEH_REG_1704,RTO_Vehicle_Registry,VEH_1704,Maharashtra RTO Database,Official_Registration,0.98,2024-01-01,True
EVI_VEH_REG_1705,RTO_Vehicle_Registry,VEH_1705,Maharashtra RTO Database,Official_Registration,0.98,2024-01-01,True
EVI_VEH_REG_1706,RTO_Vehicle_Registry,VEH_1706,Maharashtra RTO Database,Official_Registration,0.98,2024-01-01,True
EVI_VEH_REG_1707,RTO_Vehicle_Registry,VEH_1707,Maharashtra RTO Database,Official_Registration,0.98,2024-01-01,True
EVI_VEH_REG_1708,RTO_Vehicle_Registry,VEH_1708,Maharashtra RTO Database,Official_Registration,0.98,2024-01-01,True
EVI_VEH_REG_1709,RTO_Vehicle_Registry,VEH_1709,Maharashtra RTO Database,Official_Registration,0.98,2024-01-01,True
EVI_VEH_REG_1710,RTO_Vehicle_Registry,VEH_1710,Maharashtra RTO Database,Official_Registration,0.98,2024-01-01,True
EVI_VEH_REG_1711,RTO_Vehicle_Registry,VEH_1711,Maharashtra RTO Database,Official_Registration,0.98,2024-01-01,True
EVI_VEH_REG_1712,RTO_Vehicle_Registry,VEH_1712,Maharashtra RTO Database,Official_Registration,0.98,2024-01-01,True
EVI_VEH_REG_1713,RTO_Vehicle_Registry,VEH_1713,Maharashtra RTO Database,Official_Registration,0.98,2024-01-01,True
EVI_VEH_REG_1714,RTO_Vehicle_Registry,VEH_1714,Maharashtra RTO Database,Official_Registration,0.98,2024-01-01,True
EVI_VEH_REG_1715,RTO_Vehicle_Registry,VEH_1715,Maharashtra RTO Database,Official_Registration,0.98,2024-01-01,True
EVI_VEH_REG_1716,RTO_Vehicle_Registry,VEH_1716,Maharashtra RTO Database,Official_Registration,0.98,2024-01-01,True
EVI_VEH_REG_1717,RTO_Vehicle_Registry,VEH_1717,Maharashtra RTO Database,Official_Registration,0.98,2024-01-01,True
EVI_VEH_REG_1718,RTO_Vehicle_Registry,VEH_1718,Maharashtra RTO Database,Official_Registration,0.98,2024-01-01,True
EVI_VEH_REG_1719,RTO_Vehicle_Registry,VEH_1719,Maharashtra RTO Database,Official_Registration,0.98,2024-01-01,True
EVI_VEH_REG_1720,RTO_Vehicle_Registry,VEH_1720,Maharashtra RTO Database,Official_Registration,0.98,2024-01-01,True
EVI_VEH_REG_1721,RTO_Vehicle_Registry,VEH_1721,Maharashtra RTO Database,Official_Registration,0.98,2024-01-01,True
EVI_VEH_REG_1722,RTO_Vehicle_Registry,VEH_1722,Maharashtra RTO Database,Official_Registration,0.98,2024-01-01,True
EVI_VEH_REG_1723,RTO_Vehicle_Registry,VEH_1723,Maharashtra RTO Database,Official_Registration,0.98,2024-01-01,True
EVI_VEH_REG_1724,RTO_Vehicle_Registry,VEH_1724,Maharashtra RTO Database,Official_Registration,0.98,2024-01-01,True
EVI_VEH_REG_1725,RTO_Vehicle_Registry,VEH_1725,Maharashtra RTO Database,Official_Registration,0.98,2024-01-01,True
EVI_VEH_REG_1726,RTO_Vehicle_Registry,VEH_1726,Maharashtra RTO Database,Official_Registration,0.98,2024-01-01,True
EVI_VEH_REG_1727,RTO_Vehicle_Registry,VEH_1727,Maharashtra RTO Database,Official_Registration,0.98,2024-01-01,True
EVI_VEH_REG_1728,RTO_Vehicle_Registry,VEH_1728,Maharashtra RTO Database,Official_Registration,0.98,2024-01-01,True
EVI_VEH_REG_1729,RTO_Vehicle_Registry,VEH_1729,Maharashtra RTO Database,Official_Registration,0.98,2024-01-01,True
EVI_VEH_REG_1730,RTO_Vehicle_Registry,VEH_1730,Maharashtra RTO Database,Official_Registration,0.98,2024-01-01,True
EVI_VEH_REG_1731,RTO_Vehicle_Registry,VEH_1731,Maharashtra RTO Database,Official_Registration,0.98,2024-01-01,True
EVI_VEH_REG_1732,RTO_Vehicle_Registry,VEH_1732,Maharashtra RTO Database,Official_Registration,0.98,2024-01-01,True
EVI_VEH_REG_1733,RTO_Vehicle_Registry,VEH_1733,Maharashtra RTO Database,Official_Registration,0.98,2024-01-01,True
EVI_VEH_REG_1734,RTO_Vehicle_Registry,VEH_1734,Maharashtra RTO Database,Official_Registration,0.98,2024-01-01,True
EVI_VEH_REG_1735,RTO_Vehicle_Registry,VEH_1735,Maharashtra RTO Database,Official_Registration,0.98,2024-01-01,True
EVI_VEH_REG_1736,RTO_Vehicle_Registry,VEH_1736,Maharashtra RTO Database,Official_Registration,0.98,2024-01-01,True
EVI_VEH_REG_1737,RTO_Vehicle_Registry,VEH_1737,Maharashtra RTO Database,Official_Registration,0.98,2024-01-01,True
EVI_VEH_REG_1738,RTO_Vehicle_Registry,VEH_1738,Maharashtra RTO Database,Official_Registration,0.98,2024-01-01,True
EVI_VEH_REG_1739,RTO_Vehicle_Registry,VEH_1739,Maharashtra RTO Database,Official_Registration,0.98,2024-01-01,True
EVI_VEH_REG_1740,RTO_Vehicle_Registry,VEH_1740,Maharashtra RTO Database,Official_Registration,0.98,2024-01-01,True
EVI_VEH_REG_1741,RTO_Vehicle_Registry,VEH_1741,Maharashtra RTO Database,Official_Registration,0.98,2024-01-01,True
EVI_VEH_REG_1742,RTO_Vehicle_Registry,VEH_1742,Maharashtra RTO Database,Official_Registration,0.98,2024-01-01,True
EVI_VEH_REG_1743,RTO_Vehicle_Registry,VEH_1743,Maharashtra RTO Database,Official_Registration,0.98,2024-01-01,True
EVI_VEH_REG_1744,RTO_Vehicle_Registry,VEH_1744,Maharashtra RTO Database,Official_Registration,0.98,2024-01-01,True
EVI_VEH_REG_1745,RTO_Vehicle_Registry,VEH_1745,Maharashtra RTO Database,Official_Registration,0.98,2024-01-01,True
EVI_VEH_REG_1746,RTO_Vehicle_Registry,VEH_1746,Maharashtra RTO Database,Official_Registration,0.98,2024-01-01,True
EVI_VEH_REG_1747,RTO_Vehicle_Registry,VEH_1747,Maharashtra RTO Database,Official_Registration,0.98,2024-01-01,True
EVI_VEH_REG_1748,RTO_Vehicle_Registry,VEH_1748,Maharashtra RTO Database,Official_Registration,0.98,2024-01-01,True
EVI_VEH_REG_1749,RTO_Vehicle_Registry,VEH_1749,Maharashtra RTO Database,Official_Registration,0.98,2024-01-01,True
EVI_VEH_REG_1750,RTO_Vehicle_Registry,VEH_1750,Maharashtra RTO Database,Official_Registration,0.98,2024-01-01,True
EVI_VEH_REG_1751,RTO_Vehicle_Registry,VEH_1751,Maharashtra RTO Database,Official_Registration,0.98,2024-01-01,True
EVI_VEH_REG_1752,RTO_Vehicle_Registry,VEH_1752,Maharashtra RTO Database,Official_Registration,0.98,2024-01-01,True
EVI_VEH_REG_1753,RTO_Vehicle_Registry,VEH_1753,Maharashtra RTO Database,Official_Registration,0.98,2024-01-01,True
EVI_VEH_REG_1754,RTO_Vehicle_Registry,VEH_1754,Maharashtra RTO Database,Official_Registration,0.98,2024-01-01,True
EVI_VEH_REG_1755,RTO_Vehicle_Registry,VEH_1755,Maharashtra RTO Database,Official_Registration,0.98,2024-01-01,True
EVI_VEH_REG_1756,RTO_Vehicle_Registry,VEH_1756,Maharashtra RTO Database,Official_Registration,0.98,2024-01-01,True
EVI_VEH_REG_1757,RTO_Vehicle_Registry,VEH_1757,Maharashtra RTO Database,Official_Registration,0.98,2024-01-01,True
EVI_VEH_REG_1758,RTO_Vehicle_Registry,VEH_1758,Maharashtra RTO Database,Official_Registration,0.98,2024-01-01,True
EVI_VEH_REG_1759,RTO_Vehicle_Registry,VEH_1759,Maharashtra RTO Database,Official_Registration,0.98,2024-01-01,True
EVI_VEH_REG_1760,RTO_Vehicle_Registry,VEH_1760,Maharashtra RTO Database,Official_Registration,0.98,2024-01-01,True
EVI_VEH_REG_1761,RTO_Vehicle_Registry,VEH_1761,Maharashtra RTO Database,Official_Registration,0.98,2024-01-01,True
EVI_VEH_REG_1762,RTO_Vehicle_Registry,VEH_1762,Maharashtra RTO Database,Official_Registration,0.98,2024-01-01,True
EVI_VEH_REG_1763,RTO_Vehicle_Registry,VEH_1763,Maharashtra RTO Database,Official_Registration,0.98,2024-01-01,True
EVI_VEH_REG_1764,RTO_Vehicle_Registry,VEH_1764,Maharashtra RTO Database,Official_Registration,0.98,2024-01-01,True
EVI_VEH_REG_1765,RTO_Vehicle_Registry,VEH_1765,Maharashtra RTO Database,Official_Registration,0.98,2024-01-01,True
EVI_VEH_REG_1766,RTO_Vehicle_Registry,VEH_1766,Maharashtra RTO Database,Official_Registration,0.98,2024-01-01,True
EVI_VEH_REG_1767,RTO_Vehicle_Registry,VEH_1767,Maharashtra RTO Database,Official_Registration,0.98,2024-01-01,True
EVI_VEH_REG_1768,RTO_Vehicle_Registry,VEH_1768,Maharashtra RTO Database,Official_Registration,0.98,2024-01-01,True
EVI_VEH_REG_1769,RTO_Vehicle_Registry,VEH_1769,Maharashtra RTO Database,Official_Registration,0.98,2024-01-01,True
EVI_VEH_REG_1770,RTO_Vehicle_Registry,VEH_1770,Maharashtra RTO Database,Official_Registration,0.98,2024-01-01,True
EVI_VEH_REG_1771,RTO_Vehicle_Registry,VEH_1771,Maharashtra RTO Database,Official_Registration,0.98,2024-01-01,True
EVI_VEH_REG_1772,RTO_Vehicle_Registry,VEH_1772,Maharashtra RTO Database,Official_Registration,0.98,2024-01-01,True
EVI_VEH_REG_1773,RTO_Vehicle_Registry,VEH_1773,Maharashtra RTO Database,Official_Registration,0.98,2024-01-01,True
EVI_VEH_REG_1774,RTO_Vehicle_Registry,VEH_1774,Maharashtra RTO Database,Official_Registration,0.98,2024-01-01,True
EVI_VEH_REG_1775,RTO_Vehicle_Registry,VEH_1775,Maharashtra RTO Database,Official_Registration,0.98,2024-01-01,True
EVI_VEH_REG_1776,RTO_Vehicle_Registry,VEH_1776,Maharashtra RTO Database,Official_Registration,0.98,2024-01-01,True
EVI_VEH_REG_1777,RTO_Vehicle_Registry,VEH_1777,Maharashtra RTO Database,Official_Registration,0.98,2024-01-01,True
EVI_VEH_REG_1778,RTO_Vehicle_Registry,VEH_1778,Maharashtra RTO Database,Official_Registration,0.98,2024-01-01,True
EVI_VEH_REG_1779,RTO_Vehicle_Registry,VEH_1779,Maharashtra RTO Database,Official_Registration,0.98,2024-01-01,True
EVI_VEH_REG_1780,RTO_Vehicle_Registry,VEH_1780,Maharashtra RTO Database,Official_Registration,0.98,2024-01-01,True
EVI_VEH_REG_1781,RTO_Vehicle_Registry,VEH_1781,Maharashtra RTO Database,Official_Registration,0.98,2024-01-01,True
EVI_VEH_REG_1782,RTO_Vehicle_Registry,VEH_1782,Maharashtra RTO Database,Official_Registration,0.98,2024-01-01,True
EVI_VEH_REG_1783,RTO_Vehicle_Registry,VEH_1783,Maharashtra RTO Database,Official_Registration,0.98,2024-01-01,True
EVI_VEH_REG_1784,RTO_Vehicle_Registry,VEH_1784,Maharashtra RTO Database,Official_Registration,0.98,2024-01-01,True
EVI_VEH_REG_1785,RTO_Vehicle_Registry,VEH_1785,Maharashtra RTO Database,Official_Registration,0.98,2024-01-01,True
EVI_VEH_REG_1786,RTO_Vehicle_Registry,VEH_1786,Maharashtra RTO Database,Official_Registration,0.98,2024-01-01,True
EVI_VEH_REG_1787,RTO_Vehicle_Registry,VEH_1787,Maharashtra RTO Database,Official_Registration,0.98,2024-01-01,True
EVI_VEH_REG_1788,RTO_Vehicle_Registry,VEH_1788,Maharashtra RTO Database,Official_Registration,0.98,2024-01-01,True
EVI_VEH_REG_1789,RTO_Vehicle_Registry,VEH_1789,Maharashtra RTO Database,Official_Registration,0.98,2024-01-01,True
EVI_VEH_REG_1790,RTO_Vehicle_Registry,VEH_1790,Maharashtra RTO Database,Official_Registration,0.98,2024-01-01,True
EVI_VEH_REG_1791,RTO_Vehicle_Registry,VEH_1791,Maharashtra RTO Database,Official_Registration,0.98,2024-01-01,True
EVI_VEH_REG_1792,RTO_Vehicle_Registry,VEH_1792,Maharashtra RTO Database,Official_Registration,0.98,2024-01-01,True
EVI_VEH_REG_1793,RTO_Vehicle_Registry,VEH_1793,Maharashtra RTO Database,Official_Registration,0.98,2024-01-01,True
EVI_VEH_REG_1794,RTO_Vehicle_Registry,VEH_1794,Maharashtra RTO Database,Official_Registration,0.98,2024-01-01,True
EVI_VEH_REG_1795,RTO_Vehicle_Registry,VEH_1795,Maharashtra RTO Database,Official_Registration,0.98,2024-01-01,True
EVI_VEH_REG_1796,RTO_Vehicle_Registry,VEH_1796,Maharashtra RTO Database,Official_Registration,0.98,2024-01-01,True
EVI_VEH_REG_1797,RTO_Vehicle_Registry,VEH_1797,Maharashtra RTO Database,Official_Registration,0.98,2024-01-01,True
EVI_VEH_REG_1798,RTO_Vehicle_Registry,VEH_1798,Maharashtra RTO Database,Official_Registration,0.98,2024-01-01,True
EVI_VEH_REG_1799,RTO_Vehicle_Registry,VEH_1799,Maharashtra RTO Database,Official_Registration,0.98,2024-01-01,True
EVI_VEH_REG_1800,RTO_Vehicle_Registry,VEH_1800,Maharashtra RTO Database,Official_Registration,0.98,2024-01-01,True
EVI_VEH_REG_1801,RTO_Vehicle_Registry,VEH_1801,Maharashtra RTO Database,Official_Registration,0.98,2024-01-01,True
EVI_VEH_REG_1802,RTO_Vehicle_Registry,VEH_1802,Maharashtra RTO Database,Official_Registration,0.98,2024-01-01,True
EVI_VEH_REG_1803,RTO_Vehicle_Registry,VEH_1803,Maharashtra RTO Database,Official_Registration,0.98,2024-01-01,True
EVI_VEH_REG_1804,RTO_Vehicle_Registry,VEH_1804,Maharashtra RTO Database,Official_Registration,0.98,2024-01-01,True
EVI_VEH_REG_1805,RTO_Vehicle_Registry,VEH_1805,Maharashtra RTO Database,Official_Registration,0.98,2024-01-01,True
EVI_VEH_REG_1806,RTO_Vehicle_Registry,VEH_1806,Maharashtra RTO Database,Official_Registration,0.98,2024-01-01,True
EVI_VEH_REG_1807,RTO_Vehicle_Registry,VEH_1807,Maharashtra RTO Database,Official_Registration,0.98,2024-01-01,True
EVI_VEH_REG_1808,RTO_Vehicle_Registry,VEH_1808,Maharashtra RTO Database,Official_Registration,0.98,2024-01-01,True
EVI_VEH_REG_1809,RTO_Vehicle_Registry,VEH_1809,Maharashtra RTO Database,Official_Registration,0.98,2024-01-01,True
EVI_VEH_REG_1810,RTO_Vehicle_Registry,VEH_1810,Maharashtra RTO Database,Official_Registration,0.98,2024-01-01,True
EVI_VEH_REG_1811,RTO_Vehicle_Registry,VEH_1811,Maharashtra RTO Database,Official_Registration,0.98,2024-01-01,True
EVI_VEH_REG_1812,RTO_Vehicle_Registry,VEH_1812,Maharashtra RTO Database,Official_Registration,0.98,2024-01-01,True
EVI_VEH_REG_1813,RTO_Vehicle_Registry,VEH_1813,Maharashtra RTO Database,Official_Registration,0.98,2024-01-01,True
EVI_VEH_REG_1814,RTO_Vehicle_Registry,VEH_1814,Maharashtra RTO Database,Official_Registration,0.98,2024-01-01,True
EVI_VEH_REG_1815,RTO_Vehicle_Registry,VEH_1815,Maharashtra RTO Database,Official_Registration,0.98,2024-01-01,True
EVI_VEH_REG_1816,RTO_Vehicle_Registry,VEH_1816,Maharashtra RTO Database,Official_Registration,0.98,2024-01-01,True
EVI_VEH_REG_1817,RTO_Vehicle_Registry,VEH_1817,Maharashtra RTO Database,Official_Registration,0.98,2024-01-01,True
EVI_VEH_REG_1818,RTO_Vehicle_Registry,VEH_1818,Maharashtra RTO Database,Official_Registration,0.98,2024-01-01,True
EVI_VEH_REG_1819,RTO_Vehicle_Registry,VEH_1819,Maharashtra RTO Database,Official_Registration,0.98,2024-01-01,True
EVI_VEH_REG_1820,RTO_Vehicle_Registry,VEH_1820,Maharashtra RTO Database,Official_Registration,0.98,2024-01-01,True
EVI_VEH_REG_1821,RTO_Vehicle_Registry,VEH_1821,Maharashtra RTO Database,Official_Registration,0.98,2024-01-01,True
EVI_VEH_REG_1822,RTO_Vehicle_Registry,VEH_1822,Maharashtra RTO Database,Official_Registration,0.98,2024-01-01,True
EVI_VEH_REG_1823,RTO_Vehicle_Registry,VEH_1823,Maharashtra RTO Database,Official_Registration,0.98,2024-01-01,True
EVI_VEH_REG_1824,RTO_Vehicle_Registry,VEH_1824,Maharashtra RTO Database,Official_Registration,0.98,2024-01-01,True
EVI_VEH_REG_1825,RTO_Vehicle_Registry,VEH_1825,Maharashtra RTO Database,Official_Registration,0.98,2024-01-01,True
EVI_VEH_REG_1826,RTO_Vehicle_Registry,VEH_1826,Maharashtra RTO Database,Official_Registration,0.98,2024-01-01,True
EVI_VEH_REG_1827,RTO_Vehicle_Registry,VEH_1827,Maharashtra RTO Database,Official_Registration,0.98,2024-01-01,True
EVI_VEH_REG_1828,RTO_Vehicle_Registry,VEH_1828,Maharashtra RTO Database,Official_Registration,0.98,2024-01-01,True
EVI_VEH_REG_1829,RTO_Vehicle_Registry,VEH_1829,Maharashtra RTO Database,Official_Registration,0.98,2024-01-01,True
EVI_VEH_REG_1830,RTO_Vehicle_Registry,VEH_1830,Maharashtra RTO Database,Official_Registration,0.98,2024-01-01,True
EVI_VEH_REG_1831,RTO_Vehicle_Registry,VEH_1831,Maharashtra RTO Database,Official_Registration,0.98,2024-01-01,True
EVI_VEH_REG_1832,RTO_Vehicle_Registry,VEH_1832,Maharashtra RTO Database,Official_Registration,0.98,2024-01-01,True
EVI_VEH_REG_1833,RTO_Vehicle_Registry,VEH_1833,Maharashtra RTO Database,Official_Registration,0.98,2024-01-01,True
EVI_VEH_REG_1834,RTO_Vehicle_Registry,VEH_1834,Maharashtra RTO Database,Official_Registration,0.98,2024-01-01,True
EVI_VEH_REG_1835,RTO_Vehicle_Registry,VEH_1835,Maharashtra RTO Database,Official_Registration,0.98,2024-01-01,True
EVI_VEH_REG_1836,RTO_Vehicle_Registry,VEH_1836,Maharashtra RTO Database,Official_Registration,0.98,2024-01-01,True
EVI_VEH_REG_1837,RTO_Vehicle_Registry,VEH_1837,Maharashtra RTO Database,Official_Registration,0.98,2024-01-01,True
EVI_VEH_REG_1838,RTO_Vehicle_Registry,VEH_1838,Maharashtra RTO Database,Official_Registration,0.98,2024-01-01,True
EVI_VEH_REG_1839,RTO_Vehicle_Registry,VEH_1839,Maharashtra RTO Database,Official_Registration,0.98,2024-01-01,True
EVI_VEH_REG_1840,RTO_Vehicle_Registry,VEH_1840,Maharashtra RTO Database,Official_Registration,0.98,2024-01-01,True
EVI_VEH_REG_1841,RTO_Vehicle_Registry,VEH_1841,Maharashtra RTO Database,Official_Registration,0.98,2024-01-01,True
EVI_VEH_REG_1842,RTO_Vehicle_Registry,VEH_1842,Maharashtra RTO Database,Official_Registration,0.98,2024-01-01,True
EVI_VEH_REG_1843,RTO_Vehicle_Registry,VEH_1843,Maharashtra RTO Database,Official_Registration,0.98,2024-01-01,True
EVI_VEH_REG_1844,RTO_Vehicle_Registry,VEH_1844,Maharashtra RTO Database,Official_Registration,0.98,2024-01-01,True
EVI_VEH_REG_1845,RTO_Vehicle_Registry,VEH_1845,Maharashtra RTO Database,Official_Registration,0.98,2024-01-01,True
EVI_VEH_REG_1846,RTO_Vehicle_Registry,VEH_1846,Maharashtra RTO Database,Official_Registration,0.98,2024-01-01,True
EVI_VEH_REG_1847,RTO_Vehicle_Registry,VEH_1847,Maharashtra RTO Database,Official_Registration,0.98,2024-01-01,True
EVI_VEH_REG_1848,RTO_Vehicle_Registry,VEH_1848,Maharashtra RTO Database,Official_Registration,0.98,2024-01-01,True
EVI_VEH_REG_1849,RTO_Vehicle_Registry,VEH_1849,Maharashtra RTO Database,Official_Registration,0.98,2024-01-01,True
EVI_VEH_REG_1850,RTO_Vehicle_Registry,VEH_1850,Maharashtra RTO Database,Official_Registration,0.98,2024-01-01,True
EVI_VEH_REG_1851,RTO_Vehicle_Registry,VEH_1851,Maharashtra RTO Database,Official_Registration,0.98,2024-01-01,True
EVI_VEH_REG_1852,RTO_Vehicle_Registry,VEH_1852,Maharashtra RTO Database,Official_Registration,0.98,2024-01-01,True
EVI_VEH_REG_1853,RTO_Vehicle_Registry,VEH_1853,Maharashtra RTO Database,Official_Registration,0.98,2024-01-01,True
EVI_VEH_REG_1854,RTO_Vehicle_Registry,VEH_1854,Maharashtra RTO Database,Official_Registration,0.98,2024-01-01,True
EVI_VEH_REG_1855,RTO_Vehicle_Registry,VEH_1855,Maharashtra RTO Database,Official_Registration,0.98,2024-01-01,True
EVI_VEH_REG_1856,RTO_Vehicle_Registry,VEH_1856,Maharashtra RTO Database,Official_Registration,0.98,2024-01-01,True
EVI_VEH_REG_1857,RTO_Vehicle_Registry,VEH_1857,Maharashtra RTO Database,Official_Registration,0.98,2024-01-01,True
EVI_VEH_REG_1858,RTO_Vehicle_Registry,VEH_1858,Maharashtra RTO Database,Official_Registration,0.98,2024-01-01,True
EVI_VEH_REG_1859,RTO_Vehicle_Registry,VEH_1859,Maharashtra RTO Database,Official_Registration,0.98,2024-01-01,True
EVI_VEH_REG_1860,RTO_Vehicle_Registry,VEH_1860,Maharashtra RTO Database,Official_Registration,0.98,2024-01-01,True
EVI_VEH_REG_1861,RTO_Vehicle_Registry,VEH_1861,Maharashtra RTO Database,Official_Registration,0.98,2024-01-01,True
EVI_VEH_REG_1862,RTO_Vehicle_Registry,VEH_1862,Maharashtra RTO Database,Official_Registration,0.98,2024-01-01,True
EVI_VEH_REG_1863,RTO_Vehicle_Registry,VEH_1863,Maharashtra RTO Database,Official_Registration,0.98,2024-01-01,True
EVI_VEH_REG_1864,RTO_Vehicle_Registry,VEH_1864,Maharashtra RTO Database,Official_Registration,0.98,2024-01-01,True
EVI_VEH_REG_1865,RTO_Vehicle_Registry,VEH_1865,Maharashtra RTO Database,Official_Registration,0.98,2024-01-01,True
EVI_VEH_REG_1866,RTO_Vehicle_Registry,VEH_1866,Maharashtra RTO Database,Official_Registration,0.98,2024-01-01,True
EVI_VEH_REG_1867,RTO_Vehicle_Registry,VEH_1867,Maharashtra RTO Database,Official_Registration,0.98,2024-01-01,True
EVI_VEH_REG_1868,RTO_Vehicle_Registry,VEH_1868,Maharashtra RTO Database,Official_Registration,0.98,2024-01-01,True
EVI_VEH_REG_1869,RTO_Vehicle_Registry,VEH_1869,Maharashtra RTO Database,Official_Registration,0.98,2024-01-01,True
EVI_VEH_REG_1870,RTO_Vehicle_Registry,VEH_1870,Maharashtra RTO Database,Official_Registration,0.98,2024-01-01,True
EVI_VEH_REG_1871,RTO_Vehicle_Registry,VEH_1871,Maharashtra RTO Database,Official_Registration,0.98,2024-01-01,True
EVI_VEH_REG_1872,RTO_Vehicle_Registry,VEH_1872,Maharashtra RTO Database,Official_Registration,0.98,2024-01-01,True
EVI_VEH_REG_1873,RTO_Vehicle_Registry,VEH_1873,Maharashtra RTO Database,Official_Registration,0.98,2024-01-01,True
EVI_VEH_REG_1874,RTO_Vehicle_Registry,VEH_1874,Maharashtra RTO Database,Official_Registration,0.98,2024-01-01,True
EVI_VEH_REG_1875,RTO_Vehicle_Registry,VEH_1875,Maharashtra RTO Database,Official_Registration,0.98,2024-01-01,True
EVI_VEH_REG_1876,RTO_Vehicle_Registry,VEH_1876,Maharashtra RTO Database,Official_Registration,0.98,2024-01-01,True
EVI_VEH_REG_1877,RTO_Vehicle_Registry,VEH_1877,Maharashtra RTO Database,Official_Registration,0.98,2024-01-01,True
EVI_VEH_REG_1878,RTO_Vehicle_Registry,VEH_1878,Maharashtra RTO Database,Official_Registration,0.98,2024-01-01,True
EVI_VEH_REG_1879,RTO_Vehicle_Registry,VEH_1879,Maharashtra RTO Database,Official_Registration,0.98,2024-01-01,True
EVI_VEH_REG_1880,RTO_Vehicle_Registry,VEH_1880,Maharashtra RTO Database,Official_Registration,0.98,2024-01-01,True
EVI_VEH_REG_1881,RTO_Vehicle_Registry,VEH_1881,Maharashtra RTO Database,Official_Registration,0.98,2024-01-01,True
EVI_VEH_REG_1882,RTO_Vehicle_Registry,VEH_1882,Maharashtra RTO Database,Official_Registration,0.98,2024-01-01,True
EVI_VEH_REG_1883,RTO_Vehicle_Registry,VEH_1883,Maharashtra RTO Database,Official_Registration,0.98,2024-01-01,True
EVI_VEH_REG_1884,RTO_Vehicle_Registry,VEH_1884,Maharashtra RTO Database,Official_Registration,0.98,2024-01-01,True
EVI_VEH_REG_1885,RTO_Vehicle_Registry,VEH_1885,Maharashtra RTO Database,Official_Registration,0.98,2024-01-01,True
EVI_VEH_REG_1886,RTO_Vehicle_Registry,VEH_1886,Maharashtra RTO Database,Official_Registration,0.98,2024-01-01,True
EVI_VEH_REG_1887,RTO_Vehicle_Registry,VEH_1887,Maharashtra RTO Database,Official_Registration,0.98,2024-01-01,True
EVI_VEH_REG_1888,RTO_Vehicle_Registry,VEH_1888,Maharashtra RTO Database,Official_Registration,0.98,2024-01-01,True
EVI_VEH_REG_1889,RTO_Vehicle_Registry,VEH_1889,Maharashtra RTO Database,Official_Registration,0.98,2024-01-01,True
EVI_VEH_REG_1890,RTO_Vehicle_Registry,VEH_1890,Maharashtra RTO Database,Official_Registration,0.98,2024-01-01,True
EVI_VEH_REG_1891,RTO_Vehicle_Registry,VEH_1891,Maharashtra RTO Database,Official_Registration,0.98,2024-01-01,True
EVI_VEH_REG_1892,RTO_Vehicle_Registry,VEH_1892,Maharashtra RTO Database,Official_Registration,0.98,2024-01-01,True
EVI_VEH_REG_1893,RTO_Vehicle_Registry,VEH_1893,Maharashtra RTO Database,Official_Registration,0.98,2024-01-01,True
EVI_VEH_REG_1894,RTO_Vehicle_Registry,VEH_1894,Maharashtra RTO Database,Official_Registration,0.98,2024-01-01,True
EVI_VEH_REG_1895,RTO_Vehicle_Registry,VEH_1895,Maharashtra RTO Database,Official_Registration,0.98,2024-01-01,True
EVI_VEH_REG_1896,RTO_Vehicle_Registry,VEH_1896,Maharashtra RTO Database,Official_Registration,0.98,2024-01-01,True
EVI_VEH_REG_1897,RTO_Vehicle_Registry,VEH_1897,Maharashtra RTO Database,Official_Registration,0.98,2024-01-01,True
EVI_VEH_REG_1898,RTO_Vehicle_Registry,VEH_1898,Maharashtra RTO Database,Official_Registration,0.98,2024-01-01,True
EVI_VEH_REG_1899,RTO_Vehicle_Registry,VEH_1899,Maharashtra RTO Database,Official_Registration,0.98,2024-01-01,True
EVI_VEH_REG_1900,RTO_Vehicle_Registry,VEH_1900,Maharashtra RTO Database,Official_Registration,0.98,2024-01-01,True
EVI_VEH_REG_1901,RTO_Vehicle_Registry,VEH_1901,Maharashtra RTO Database,Official_Registration,0.98,2024-01-01,True
EVI_VEH_REG_1902,RTO_Vehicle_Registry,VEH_1902,Maharashtra RTO Database,Official_Registration,0.98,2024-01-01,True
EVI_VEH_REG_1903,RTO_Vehicle_Registry,VEH_1903,Maharashtra RTO Database,Official_Registration,0.98,2024-01-01,True
EVI_VEH_REG_1904,RTO_Vehicle_Registry,VEH_1904,Maharashtra RTO Database,Official_Registration,0.98,2024-01-01,True
EVI_VEH_REG_1905,RTO_Vehicle_Registry,VEH_1905,Maharashtra RTO Database,Official_Registration,0.98,2024-01-01,True
EVI_VEH_REG_1906,RTO_Vehicle_Registry,VEH_1906,Maharashtra RTO Database,Official_Registration,0.98,2024-01-01,True
EVI_VEH_REG_1907,RTO_Vehicle_Registry,VEH_1907,Maharashtra RTO Database,Official_Registration,0.98,2024-01-01,True
EVI_VEH_REG_1908,RTO_Vehicle_Registry,VEH_1908,Maharashtra RTO Database,Official_Registration,0.98,2024-01-01,True
EVI_VEH_REG_1909,RTO_Vehicle_Registry,VEH_1909,Maharashtra RTO Database,Official_Registration,0.98,2024-01-01,True
EVI_VEH_REG_1910,RTO_Vehicle_Registry,VEH_1910,Maharashtra RTO Database,Official_Registration,0.98,2024-01-01,True
EVI_VEH_REG_1911,RTO_Vehicle_Registry,VEH_1911,Maharashtra RTO Database,Official_Registration,0.98,2024-01-01,True
EVI_VEH_REG_1912,RTO_Vehicle_Registry,VEH_1912,Maharashtra RTO Database,Official_Registration,0.98,2024-01-01,True
EVI_VEH_REG_1913,RTO_Vehicle_Registry,VEH_1913,Maharashtra RTO Database,Official_Registration,0.98,2024-01-01,True
EVI_VEH_REG_1914,RTO_Vehicle_Registry,VEH_1914,Maharashtra RTO Database,Official_Registration,0.98,2024-01-01,True
EVI_VEH_REG_1915,RTO_Vehicle_Registry,VEH_1915,Maharashtra RTO Database,Official_Registration,0.98,2024-01-01,True
EVI_VEH_REG_1916,RTO_Vehicle_Registry,VEH_1916,Maharashtra RTO Database,Official_Registration,0.98,2024-01-01,True
EVI_VEH_REG_1917,RTO_Vehicle_Registry,VEH_1917,Maharashtra RTO Database,Official_Registration,0.98,2024-01-01,True
EVI_VEH_REG_1918,RTO_Vehicle_Registry,VEH_1918,Maharashtra RTO Database,Official_Registration,0.98,2024-01-01,True
EVI_VEH_REG_1919,RTO_Vehicle_Registry,VEH_1919,Maharashtra RTO Database,Official_Registration,0.98,2024-01-01,True
EVI_VEH_REG_1920,RTO_Vehicle_Registry,VEH_1920,Maharashtra RTO Database,Official_Registration,0.98,2024-01-01,True
EVI_VEH_REG_1921,RTO_Vehicle_Registry,VEH_1921,Maharashtra RTO Database,Official_Registration,0.98,2024-01-01,True
EVI_VEH_REG_1922,RTO_Vehicle_Registry,VEH_1922,Maharashtra RTO Database,Official_Registration,0.98,2024-01-01,True
EVI_VEH_REG_1923,RTO_Vehicle_Registry,VEH_1923,Maharashtra RTO Database,Official_Registration,0.98,2024-01-01,True
EVI_VEH_REG_1924,RTO_Vehicle_Registry,VEH_1924,Maharashtra RTO Database,Official_Registration,0.98,2024-01-01,True
EVI_VEH_REG_1925,RTO_Vehicle_Registry,VEH_1925,Maharashtra RTO Database,Official_Registration,0.98,2024-01-01,True
EVI_VEH_REG_1926,RTO_Vehicle_Registry,VEH_1926,Maharashtra RTO Database,Official_Registration,0.98,2024-01-01,True
EVI_VEH_REG_1927,RTO_Vehicle_Registry,VEH_1927,Maharashtra RTO Database,Official_Registration,0.98,2024-01-01,True
EVI_VEH_REG_1928,RTO_Vehicle_Registry,VEH_1928,Maharashtra RTO Database,Official_Registration,0.98,2024-01-01,True
EVI_VEH_REG_1929,RTO_Vehicle_Registry,VEH_1929,Maharashtra RTO Database,Official_Registration,0.98,2024-01-01,True
EVI_VEH_REG_1930,RTO_Vehicle_Registry,VEH_1930,Maharashtra RTO Database,Official_Registration,0.98,2024-01-01,True
EVI_VEH_REG_1931,RTO_Vehicle_Registry,VEH_1931,Maharashtra RTO Database,Official_Registration,0.98,2024-01-01,True
EVI_VEH_REG_1932,RTO_Vehicle_Registry,VEH_1932,Maharashtra RTO Database,Official_Registration,0.98,2024-01-01,True
EVI_VEH_REG_1933,RTO_Vehicle_Registry,VEH_1933,Maharashtra RTO Database,Official_Registration,0.98,2024-01-01,True
EVI_VEH_REG_1934,RTO_Vehicle_Registry,VEH_1934,Maharashtra RTO Database,Official_Registration,0.98,2024-01-01,True
EVI_VEH_REG_1935,RTO_Vehicle_Registry,VEH_1935,Maharashtra RTO Database,Official_Registration,0.98,2024-01-01,True
EVI_VEH_REG_1936,RTO_Vehicle_Registry,VEH_1936,Maharashtra RTO Database,Official_Registration,0.98,2024-01-01,True
EVI_VEH_REG_1937,RTO_Vehicle_Registry,VEH_1937,Maharashtra RTO Database,Official_Registration,0.98,2024-01-01,True
EVI_VEH_REG_1938,RTO_Vehicle_Registry,VEH_1938,Maharashtra RTO Database,Official_Registration,0.98,2024-01-01,True
EVI_VEH_REG_1939,RTO_Vehicle_Registry,VEH_1939,Maharashtra RTO Database,Official_Registration,0.98,2024-01-01,True
EVI_VEH_REG_1940,RTO_Vehicle_Registry,VEH_1940,Maharashtra RTO Database,Official_Registration,0.98,2024-01-01,True
EVI_VEH_REG_1941,RTO_Vehicle_Registry,VEH_1941,Maharashtra RTO Database,Official_Registration,0.98,2024-01-01,True
EVI_VEH_REG_1942,RTO_Vehicle_Registry,VEH_1942,Maharashtra RTO Database,Official_Registration,0.98,2024-01-01,True
EVI_VEH_REG_1943,RTO_Vehicle_Registry,VEH_1943,Maharashtra RTO Database,Official_Registration,0.98,2024-01-01,True
EVI_VEH_REG_1944,RTO_Vehicle_Registry,VEH_1944,Maharashtra RTO Database,Official_Registration,0.98,2024-01-01,True
EVI_VEH_REG_1945,RTO_Vehicle_Registry,VEH_1945,Maharashtra RTO Database,Official_Registration,0.98,2024-01-01,True
EVI_VEH_REG_1946,RTO_Vehicle_Registry,VEH_1946,Maharashtra RTO Database,Official_Registration,0.98,2024-01-01,True
EVI_VEH_REG_1947,RTO_Vehicle_Registry,VEH_1947,Maharashtra RTO Database,Official_Registration,0.98,2024-01-01,True
EVI_VEH_REG_1948,RTO_Vehicle_Registry,VEH_1948,Maharashtra RTO Database,Official_Registration,0.98,2024-01-01,True
EVI_VEH_REG_1949,RTO_Vehicle_Registry,VEH_1949,Maharashtra RTO Database,Official_Registration,0.98,2024-01-01,True
EVI_VEH_REG_1950,RTO_Vehicle_Registry,VEH_1950,Maharashtra RTO Database,Official_Registration,0.98,2024-01-01,True
EVI_VEH_REG_1951,RTO_Vehicle_Registry,VEH_1951,Maharashtra RTO Database,Official_Registration,0.98,2024-01-01,True
EVI_VEH_REG_1952,RTO_Vehicle_Registry,VEH_1952,Maharashtra RTO Database,Official_Registration,0.98,2024-01-01,True
EVI_VEH_REG_1953,RTO_Vehicle_Registry,VEH_1953,Maharashtra RTO Database,Official_Registration,0.98,2024-01-01,True
EVI_VEH_REG_1954,RTO_Vehicle_Registry,VEH_1954,Maharashtra RTO Database,Official_Registration,0.98,2024-01-01,True
EVI_VEH_REG_1955,RTO_Vehicle_Registry,VEH_1955,Maharashtra RTO Database,Official_Registration,0.98,2024-01-01,True
EVI_VEH_REG_1956,RTO_Vehicle_Registry,VEH_1956,Maharashtra RTO Database,Official_Registration,0.98,2024-01-01,True
EVI_VEH_REG_1957,RTO_Vehicle_Registry,VEH_1957,Maharashtra RTO Database,Official_Registration,0.98,2024-01-01,True
EVI_VEH_REG_1958,RTO_Vehicle_Registry,VEH_1958,Maharashtra RTO Database,Official_Registration,0.98,2024-01-01,True
EVI_VEH_REG_1959,RTO_Vehicle_Registry,VEH_1959,Maharashtra RTO Database,Official_Registration,0.98,2024-01-01,True
EVI_VEH_REG_1960,RTO_Vehicle_Registry,VEH_1960,Maharashtra RTO Database,Official_Registration,0.98,2024-01-01,True
EVI_VEH_REG_1961,RTO_Vehicle_Registry,VEH_1961,Maharashtra RTO Database,Official_Registration,0.98,2024-01-01,True
EVI_VEH_REG_1962,RTO_Vehicle_Registry,VEH_1962,Maharashtra RTO Database,Official_Registration,0.98,2024-01-01,True
EVI_VEH_REG_1963,RTO_Vehicle_Registry,VEH_1963,Maharashtra RTO Database,Official_Registration,0.98,2024-01-01,True
EVI_VEH_REG_1964,RTO_Vehicle_Registry,VEH_1964,Maharashtra RTO Database,Official_Registration,0.98,2024-01-01,True
EVI_VEH_REG_1965,RTO_Vehicle_Registry,VEH_1965,Maharashtra RTO Database,Official_Registration,0.98,2024-01-01,True
EVI_VEH_REG_1966,RTO_Vehicle_Registry,VEH_1966,Maharashtra RTO Database,Official_Registration,0.98,2024-01-01,True
EVI_VEH_REG_1967,RTO_Vehicle_Registry,VEH_1967,Maharashtra RTO Database,Official_Registration,0.98,2024-01-01,True
EVI_VEH_REG_1968,RTO_Vehicle_Registry,VEH_1968,Maharashtra RTO Database,Official_Registration,0.98,2024-01-01,True
EVI_VEH_REG_1969,RTO_Vehicle_Registry,VEH_1969,Maharashtra RTO Database,Official_Registration,0.98,2024-01-01,True
EVI_VEH_REG_1970,RTO_Vehicle_Registry,VEH_1970,Maharashtra RTO Database,Official_Registration,0.98,2024-01-01,True
EVI_VEH_REG_1971,RTO_Vehicle_Registry,VEH_1971,Maharashtra RTO Database,Official_Registration,0.98,2024-01-01,True
EVI_VEH_REG_1972,RTO_Vehicle_Registry,VEH_1972,Maharashtra RTO Database,Official_Registration,0.98,2024-01-01,True
EVI_VEH_REG_1973,RTO_Vehicle_Registry,VEH_1973,Maharashtra RTO Database,Official_Registration,0.98,2024-01-01,True
EVI_VEH_REG_1974,RTO_Vehicle_Registry,VEH_1974,Maharashtra RTO Database,Official_Registration,0.98,2024-01-01,True
EVI_VEH_REG_1975,RTO_Vehicle_Registry,VEH_1975,Maharashtra RTO Database,Official_Registration,0.98,2024-01-01,True
EVI_VEH_REG_1976,RTO_Vehicle_Registry,VEH_1976,Maharashtra RTO Database,Official_Registration,0.98,2024-01-01,True
EVI_VEH_REG_1977,RTO_Vehicle_Registry,VEH_1977,Maharashtra RTO Database,Official_Registration,0.98,2024-01-01,True
EVI_VEH_REG_1978,RTO_Vehicle_Registry,VEH_1978,Maharashtra RTO Database,Official_Registration,0.98,2024-01-01,True
EVI_VEH_REG_1979,RTO_Vehicle_Registry,VEH_1979,Maharashtra RTO Database,Official_Registration,0.98,2024-01-01,True
EVI_VEH_REG_1980,RTO_Vehicle_Registry,VEH_1980,Maharashtra RTO Database,Official_Registration,0.98,2024-01-01,True
EVI_VEH_REG_1981,RTO_Vehicle_Registry,VEH_1981,Maharashtra RTO Database,Official_Registration,0.98,2024-01-01,True
EVI_VEH_REG_1982,RTO_Vehicle_Registry,VEH_1982,Maharashtra RTO Database,Official_Registration,0.98,2024-01-01,True
EVI_VEH_REG_1983,RTO_Vehicle_Registry,VEH_1983,Maharashtra RTO Database,Official_Registration,0.98,2024-01-01,True
EVI_VEH_REG_1984,RTO_Vehicle_Registry,VEH_1984,Maharashtra RTO Database,Official_Registration,0.98,2024-01-01,True
EVI_VEH_REG_1985,RTO_Vehicle_Registry,VEH_1985,Maharashtra RTO Database,Official_Registration,0.98,2024-01-01,True
EVI_VEH_REG_1986,RTO_Vehicle_Registry,VEH_1986,Maharashtra RTO Database,Official_Registration,0.98,2024-01-01,True
EVI_VEH_REG_1987,RTO_Vehicle_Registry,VEH_1987,Maharashtra RTO Database,Official_Registration,0.98,2024-01-01,True
EVI_VEH_REG_1988,RTO_Vehicle_Registry,VEH_1988,Maharashtra RTO Database,Official_Registration,0.98,2024-01-01,True
EVI_VEH_REG_1989,RTO_Vehicle_Registry,VEH_1989,Maharashtra RTO Database,Official_Registration,0.98,2024-01-01,True
EVI_VEH_REG_1990,RTO_Vehicle_Registry,VEH_1990,Maharashtra RTO Database,Official_Registration,0.98,2024-01-01,True
EVI_VEH_REG_1991,RTO_Vehicle_Registry,VEH_1991,Maharashtra RTO Database,Official_Registration,0.98,2024-01-01,True
EVI_VEH_REG_1992,RTO_Vehicle_Registry,VEH_1992,Maharashtra RTO Database,Official_Registration,0.98,2024-01-01,True
EVI_VEH_REG_1993,RTO_Vehicle_Registry,VEH_1993,Maharashtra RTO Database,Official_Registration,0.98,2024-01-01,True
EVI_VEH_REG_1994,RTO_Vehicle_Registry,VEH_1994,Maharashtra RTO Database,Official_Registration,0.98,2024-01-01,True
EVI_VEH_REG_1995,RTO_Vehicle_Registry,VEH_1995,Maharashtra RTO Database,Official_Registration,0.98,2024-01-01,True
EVI_VEH_REG_1996,RTO_Vehicle_Registry,VEH_1996,Maharashtra RTO Database,Official_Registration,0.98,2024-01-01,True
EVI_VEH_REG_1997,RTO_Vehicle_Registry,VEH_1997,Maharashtra RTO Database,Official_Registration,0.98,2024-01-01,True
EVI_VEH_REG_1998,RTO_Vehicle_Registry,VEH_1998,Maharashtra RTO Database,Official_Registration,0.98,2024-01-01,True
EVI_VEH_REG_1999,RTO_Vehicle_Registry,VEH_1999,Maharashtra RTO Database,Official_Registration,0.98,2024-01-01,True
EVI_VEH_REG_2000,RTO_Vehicle_Registry,VEH_2000,Maharashtra RTO Database,Official_Registration,0.98,2024-01-01,True
EVI_VEH_REG_2001,RTO_Vehicle_Registry,VEH_2001,Maharashtra RTO Database,Official_Registration,0.98,2024-01-01,True
EVI_VEH_REG_2002,RTO_Vehicle_Registry,VEH_2002,Maharashtra RTO Database,Official_Registration,0.98,2024-01-01,True
EVI_VEH_REG_2003,RTO_Vehicle_Registry,VEH_2003,Maharashtra RTO Database,Official_Registration,0.98,2024-01-01,True
EVI_VEH_REG_2004,RTO_Vehicle_Registry,VEH_2004,Maharashtra RTO Database,Official_Registration,0.98,2024-01-01,True
EVI_VEH_REG_2005,RTO_Vehicle_Registry,VEH_2005,Maharashtra RTO Database,Official_Registration,0.98,2024-01-01,True
EVI_VEH_REG_2006,RTO_Vehicle_Registry,VEH_2006,Maharashtra RTO Database,Official_Registration,0.98,2024-01-01,True
EVI_VEH_REG_2007,RTO_Vehicle_Registry,VEH_2007,Maharashtra RTO Database,Official_Registration,0.98,2024-01-01,True
EVI_VEH_REG_2008,RTO_Vehicle_Registry,VEH_2008,Maharashtra RTO Database,Official_Registration,0.98,2024-01-01,True
EVI_VEH_REG_2009,RTO_Vehicle_Registry,VEH_2009,Maharashtra RTO Database,Official_Registration,0.98,2024-01-01,True
EVI_VEH_REG_2010,RTO_Vehicle_Registry,VEH_2010,Maharashtra RTO Database,Official_Registration,0.98,2024-01-01,True
EVI_VEH_REG_2011,RTO_Vehicle_Registry,VEH_2011,Maharashtra RTO Database,Official_Registration,0.98,2024-01-01,True
EVI_VEH_REG_2012,RTO_Vehicle_Registry,VEH_2012,Maharashtra RTO Database,Official_Registration,0.98,2024-01-01,True
EVI_VEH_REG_2013,RTO_Vehicle_Registry,VEH_2013,Maharashtra RTO Database,Official_Registration,0.98,2024-01-01,True
EVI_VEH_REG_2014,RTO_Vehicle_Registry,VEH_2014,Maharashtra RTO Database,Official_Registration,0.98,2024-01-01,True
EVI_VEH_REG_2015,RTO_Vehicle_Registry,VEH_2015,Maharashtra RTO Database,Official_Registration,0.98,2024-01-01,True
EVI_VEH_REG_2016,RTO_Vehicle_Registry,VEH_2016,Maharashtra RTO Database,Official_Registration,0.98,2024-01-01,True
EVI_VEH_REG_2017,RTO_Vehicle_Registry,VEH_2017,Maharashtra RTO Database,Official_Registration,0.98,2024-01-01,True
EVI_VEH_REG_2018,RTO_Vehicle_Registry,VEH_2018,Maharashtra RTO Database,Official_Registration,0.98,2024-01-01,True
EVI_VEH_REG_2019,RTO_Vehicle_Registry,VEH_2019,Maharashtra RTO Database,Official_Registration,0.98,2024-01-01,True
EVI_VEH_REG_2020,RTO_Vehicle_Registry,VEH_2020,Maharashtra RTO Database,Official_Registration,0.98,2024-01-01,True
EVI_VEH_REG_2021,RTO_Vehicle_Registry,VEH_2021,Maharashtra RTO Database,Official_Registration,0.98,2024-01-01,True
EVI_VEH_REG_2022,RTO_Vehicle_Registry,VEH_2022,Maharashtra RTO Database,Official_Registration,0.98,2024-01-01,True
EVI_VEH_REG_2023,RTO_Vehicle_Registry,VEH_2023,Maharashtra RTO Database,Official_Registration,0.98,2024-01-01,True
EVI_VEH_REG_2024,RTO_Vehicle_Registry,VEH_2024,Maharashtra RTO Database,Official_Registration,0.98,2024-01-01,True
EVI_VEH_REG_2025,RTO_Vehicle_Registry,VEH_2025,Maharashtra RTO Database,Official_Registration,0.98,2024-01-01,True
EVI_VEH_REG_2026,RTO_Vehicle_Registry,VEH_2026,Maharashtra RTO Database,Official_Registration,0.98,2024-01-01,True
EVI_VEH_REG_2027,RTO_Vehicle_Registry,VEH_2027,Maharashtra RTO Database,Official_Registration,0.98,2024-01-01,True
EVI_VEH_REG_2028,RTO_Vehicle_Registry,VEH_2028,Maharashtra RTO Database,Official_Registration,0.98,2024-01-01,True
EVI_VEH_REG_2029,RTO_Vehicle_Registry,VEH_2029,Maharashtra RTO Database,Official_Registration,0.98,2024-01-01,True
EVI_VEH_REG_2030,RTO_Vehicle_Registry,VEH_2030,Maharashtra RTO Database,Official_Registration,0.98,2024-01-01,True
EVI_VEH_REG_2031,RTO_Vehicle_Registry,VEH_2031,Maharashtra RTO Database,Official_Registration,0.98,2024-01-01,True
EVI_VEH_REG_2032,RTO_Vehicle_Registry,VEH_2032,Maharashtra RTO Database,Official_Registration,0.98,2024-01-01,True
EVI_VEH_REG_2033,RTO_Vehicle_Registry,VEH_2033,Maharashtra RTO Database,Official_Registration,0.98,2024-01-01,True
EVI_VEH_REG_2034,RTO_Vehicle_Registry,VEH_2034,Maharashtra RTO Database,Official_Registration,0.98,2024-01-01,True
EVI_VEH_REG_2035,RTO_Vehicle_Registry,VEH_2035,Maharashtra RTO Database,Official_Registration,0.98,2024-01-01,True
EVI_VEH_REG_2036,RTO_Vehicle_Registry,VEH_2036,Maharashtra RTO Database,Official_Registration,0.98,2024-01-01,True
EVI_VEH_REG_2037,RTO_Vehicle_Registry,VEH_2037,Maharashtra RTO Database,Official_Registration,0.98,2024-01-01,True
EVI_VEH_REG_2038,RTO_Vehicle_Registry,VEH_2038,Maharashtra RTO Database,Official_Registration,0.98,2024-01-01,True
EVI_VEH_REG_2039,RTO_Vehicle_Registry,VEH_2039,Maharashtra RTO Database,Official_Registration,0.98,2024-01-01,True
EVI_VEH_REG_2040,RTO_Vehicle_Registry,VEH_2040,Maharashtra RTO Database,Official_Registration,0.98,2024-01-01,True
EVI_VEH_REG_2041,RTO_Vehicle_Registry,VEH_2041,Maharashtra RTO Database,Official_Registration,0.98,2024-01-01,True
EVI_VEH_REG_2042,RTO_Vehicle_Registry,VEH_2042,Maharashtra RTO Database,Official_Registration,0.98,2024-01-01,True
EVI_VEH_REG_2043,RTO_Vehicle_Registry,VEH_2043,Maharashtra RTO Database,Official_Registration,0.98,2024-01-01,True
EVI_VEH_REG_2044,RTO_Vehicle_Registry,VEH_2044,Maharashtra RTO Database,Official_Registration,0.98,2024-01-01,True
EVI_VEH_REG_2045,RTO_Vehicle_Registry,VEH_2045,Maharashtra RTO Database,Official_Registration,0.98,2024-01-01,True
EVI_VEH_REG_2046,RTO_Vehicle_Registry,VEH_2046,Maharashtra RTO Database,Official_Registration,0.98,2024-01-01,True
EVI_VEH_REG_2047,RTO_Vehicle_Registry,VEH_2047,Maharashtra RTO Database,Official_Registration,0.98,2024-01-01,True
EVI_VEH_REG_2048,RTO_Vehicle_Registry,VEH_2048,Maharashtra RTO Database,Official_Registration,0.98,2024-01-01,True
EVI_VEH_REG_2049,RTO_Vehicle_Registry,VEH_2049,Maharashtra RTO Database,Official_Registration,0.98,2024-01-01,True
EVI_VEH_REG_2050,RTO_Vehicle_Registry,VEH_2050,Maharashtra RTO Database,Official_Registration,0.98,2024-01-01,True
EVI_VEH_REG_2051,RTO_Vehicle_Registry,VEH_2051,Maharashtra RTO Database,Official_Registration,0.98,2024-01-01,True
EVI_VEH_REG_2052,RTO_Vehicle_Registry,VEH_2052,Maharashtra RTO Database,Official_Registration,0.98,2024-01-01,True
EVI_VEH_REG_2053,RTO_Vehicle_Registry,VEH_2053,Maharashtra RTO Database,Official_Registration,0.98,2024-01-01,True
EVI_VEH_REG_2054,RTO_Vehicle_Registry,VEH_2054,Maharashtra RTO Database,Official_Registration,0.98,2024-01-01,True
EVI_VEH_REG_2055,RTO_Vehicle_Registry,VEH_2055,Maharashtra RTO Database,Official_Registration,0.98,2024-01-01,True
EVI_VEH_REG_2056,RTO_Vehicle_Registry,VEH_2056,Maharashtra RTO Database,Official_Registration,0.98,2024-01-01,True
EVI_VEH_REG_2057,RTO_Vehicle_Registry,VEH_2057,Maharashtra RTO Database,Official_Registration,0.98,2024-01-01,True
EVI_VEH_REG_2058,RTO_Vehicle_Registry,VEH_2058,Maharashtra RTO Database,Official_Registration,0.98,2024-01-01,True
EVI_VEH_REG_2059,RTO_Vehicle_Registry,VEH_2059,Maharashtra RTO Database,Official_Registration,0.98,2024-01-01,True
EVI_VEH_REG_2060,RTO_Vehicle_Registry,VEH_2060,Maharashtra RTO Database,Official_Registration,0.98,2024-01-01,True
EVI_VEH_REG_2061,RTO_Vehicle_Registry,VEH_2061,Maharashtra RTO Database,Official_Registration,0.98,2024-01-01,True
EVI_VEH_REG_2062,RTO_Vehicle_Registry,VEH_2062,Maharashtra RTO Database,Official_Registration,0.98,2024-01-01,True
EVI_VEH_REG_2063,RTO_Vehicle_Registry,VEH_2063,Maharashtra RTO Database,Official_Registration,0.98,2024-01-01,True
EVI_VEH_REG_2064,RTO_Vehicle_Registry,VEH_2064,Maharashtra RTO Database,Official_Registration,0.98,2024-01-01,True
EVI_VEH_REG_2065,RTO_Vehicle_Registry,VEH_2065,Maharashtra RTO Database,Official_Registration,0.98,2024-01-01,True
EVI_VEH_REG_2066,RTO_Vehicle_Registry,VEH_2066,Maharashtra RTO Database,Official_Registration,0.98,2024-01-01,True
EVI_VEH_REG_2067,RTO_Vehicle_Registry,VEH_2067,Maharashtra RTO Database,Official_Registration,0.98,2024-01-01,True
EVI_VEH_REG_2068,RTO_Vehicle_Registry,VEH_2068,Maharashtra RTO Database,Official_Registration,0.98,2024-01-01,True
EVI_VEH_REG_2069,RTO_Vehicle_Registry,VEH_2069,Maharashtra RTO Database,Official_Registration,0.98,2024-01-01,True
EVI_VEH_REG_2070,RTO_Vehicle_Registry,VEH_2070,Maharashtra RTO Database,Official_Registration,0.98,2024-01-01,True
EVI_VEH_REG_2071,RTO_Vehicle_Registry,VEH_2071,Maharashtra RTO Database,Official_Registration,0.98,2024-01-01,True
EVI_VEH_REG_2072,RTO_Vehicle_Registry,VEH_2072,Maharashtra RTO Database,Official_Registration,0.98,2024-01-01,True
EVI_VEH_REG_2073,RTO_Vehicle_Registry,VEH_2073,Maharashtra RTO Database,Official_Registration,0.98,2024-01-01,True
EVI_VEH_REG_2074,RTO_Vehicle_Registry,VEH_2074,Maharashtra RTO Database,Official_Registration,0.98,2024-01-01,True
EVI_VEH_REG_2075,RTO_Vehicle_Registry,VEH_2075,Maharashtra RTO Database,Official_Registration,0.98,2024-01-01,True
EVI_VEH_REG_2076,RTO_Vehicle_Registry,VEH_2076,Maharashtra RTO Database,Official_Registration,0.98,2024-01-01,True
EVI_VEH_REG_2077,RTO_Vehicle_Registry,VEH_2077,Maharashtra RTO Database,Official_Registration,0.98,2024-01-01,True
EVI_VEH_REG_2078,RTO_Vehicle_Registry,VEH_2078,Maharashtra RTO Database,Official_Registration,0.98,2024-01-01,True
EVI_VEH_REG_2079,RTO_Vehicle_Registry,VEH_2079,Maharashtra RTO Database,Official_Registration,0.98,2024-01-01,True
EVI_VEH_REG_2080,RTO_Vehicle_Registry,VEH_2080,Maharashtra RTO Database,Official_Registration,0.98,2024-01-01,True
EVI_VEH_REG_2081,RTO_Vehicle_Registry,VEH_2081,Maharashtra RTO Database,Official_Registration,0.98,2024-01-01,True
EVI_VEH_REG_2082,RTO_Vehicle_Registry,VEH_2082,Maharashtra RTO Database,Official_Registration,0.98,2024-01-01,True
EVI_VEH_REG_2083,RTO_Vehicle_Registry,VEH_2083,Maharashtra RTO Database,Official_Registration,0.98,2024-01-01,True
EVI_VEH_REG_2084,RTO_Vehicle_Registry,VEH_2084,Maharashtra RTO Database,Official_Registration,0.98,2024-01-01,True
EVI_VEH_REG_2085,RTO_Vehicle_Registry,VEH_2085,Maharashtra RTO Database,Official_Registration,0.98,2024-01-01,True
EVI_VEH_REG_2086,RTO_Vehicle_Registry,VEH_2086,Maharashtra RTO Database,Official_Registration,0.98,2024-01-01,True
EVI_VEH_REG_2087,RTO_Vehicle_Registry,VEH_2087,Maharashtra RTO Database,Official_Registration,0.98,2024-01-01,True
EVI_VEH_REG_2088,RTO_Vehicle_Registry,VEH_2088,Maharashtra RTO Database,Official_Registration,0.98,2024-01-01,True
EVI_VEH_REG_2089,RTO_Vehicle_Registry,VEH_2089,Maharashtra RTO Database,Official_Registration,0.98,2024-01-01,True
EVI_VEH_REG_2090,RTO_Vehicle_Registry,VEH_2090,Maharashtra RTO Database,Official_Registration,0.98,2024-01-01,True
EVI_VEH_REG_2091,RTO_Vehicle_Registry,VEH_2091,Maharashtra RTO Database,Official_Registration,0.98,2024-01-01,True
EVI_VEH_REG_2092,RTO_Vehicle_Registry,VEH_2092,Maharashtra RTO Database,Official_Registration,0.98,2024-01-01,True
EVI_VEH_REG_2093,RTO_Vehicle_Registry,VEH_2093,Maharashtra RTO Database,Official_Registration,0.98,2024-01-01,True
EVI_VEH_REG_2094,RTO_Vehicle_Registry,VEH_2094,Maharashtra RTO Database,Official_Registration,0.98,2024-01-01,True
EVI_VEH_REG_2095,RTO_Vehicle_Registry,VEH_2095,Maharashtra RTO Database,Official_Registration,0.98,2024-01-01,True
EVI_VEH_REG_2096,RTO_Vehicle_Registry,VEH_2096,Maharashtra RTO Database,Official_Registration,0.98,2024-01-01,True
EVI_VEH_REG_2097,RTO_Vehicle_Registry,VEH_2097,Maharashtra RTO Database,Official_Registration,0.98,2024-01-01,True
EVI_VEH_REG_2098,RTO_Vehicle_Registry,VEH_2098,Maharashtra RTO Database,Official_Registration,0.98,2024-01-01,True
EVI_VEH_REG_2099,RTO_Vehicle_Registry,VEH_2099,Maharashtra RTO Database,Official_Registration,0.98,2024-01-01,True
EVI_VEH_REG_2100,RTO_Vehicle_Registry,VEH_2100,Maharashtra RTO Database,Official_Registration,0.98,2024-01-01,True
EVI_VEH_REG_2101,RTO_Vehicle_Registry,VEH_2101,Maharashtra RTO Database,Official_Registration,0.98,2024-01-01,True
EVI_VEH_REG_2102,RTO_Vehicle_Registry,VEH_2102,Maharashtra RTO Database,Official_Registration,0.98,2024-01-01,True
EVI_VEH_REG_2103,RTO_Vehicle_Registry,VEH_2103,Maharashtra RTO Database,Official_Registration,0.98,2024-01-01,True
EVI_VEH_REG_2104,RTO_Vehicle_Registry,VEH_2104,Maharashtra RTO Database,Official_Registration,0.98,2024-01-01,True
EVI_VEH_REG_2105,RTO_Vehicle_Registry,VEH_2105,Maharashtra RTO Database,Official_Registration,0.98,2024-01-01,True
EVI_VEH_REG_2106,RTO_Vehicle_Registry,VEH_2106,Maharashtra RTO Database,Official_Registration,0.98,2024-01-01,True
EVI_VEH_REG_2107,RTO_Vehicle_Registry,VEH_2107,Maharashtra RTO Database,Official_Registration,0.98,2024-01-01,True
EVI_VEH_REG_2108,RTO_Vehicle_Registry,VEH_2108,Maharashtra RTO Database,Official_Registration,0.98,2024-01-01,True
EVI_VEH_REG_2109,RTO_Vehicle_Registry,VEH_2109,Maharashtra RTO Database,Official_Registration,0.98,2024-01-01,True
EVI_VEH_REG_2110,RTO_Vehicle_Registry,VEH_2110,Maharashtra RTO Database,Official_Registration,0.98,2024-01-01,True
EVI_VEH_REG_2111,RTO_Vehicle_Registry,VEH_2111,Maharashtra RTO Database,Official_Registration,0.98,2024-01-01,True
EVI_VEH_REG_2112,RTO_Vehicle_Registry,VEH_2112,Maharashtra RTO Database,Official_Registration,0.98,2024-01-01,True
EVI_VEH_REG_2113,RTO_Vehicle_Registry,VEH_2113,Maharashtra RTO Database,Official_Registration,0.98,2024-01-01,True
EVI_VEH_REG_2114,RTO_Vehicle_Registry,VEH_2114,Maharashtra RTO Database,Official_Registration,0.98,2024-01-01,True
EVI_VEH_REG_2115,RTO_Vehicle_Registry,VEH_2115,Maharashtra RTO Database,Official_Registration,0.98,2024-01-01,True
EVI_VEH_REG_2116,RTO_Vehicle_Registry,VEH_2116,Maharashtra RTO Database,Official_Registration,0.98,2024-01-01,True
EVI_VEH_REG_2117,RTO_Vehicle_Registry,VEH_2117,Maharashtra RTO Database,Official_Registration,0.98,2024-01-01,True
EVI_VEH_REG_2118,RTO_Vehicle_Registry,VEH_2118,Maharashtra RTO Database,Official_Registration,0.98,2024-01-01,True
EVI_VEH_REG_2119,RTO_Vehicle_Registry,VEH_2119,Maharashtra RTO Database,Official_Registration,0.98,2024-01-01,True
EVI_VEH_REG_2120,RTO_Vehicle_Registry,VEH_2120,Maharashtra RTO Database,Official_Registration,0.98,2024-01-01,True
EVI_VEH_REG_2121,RTO_Vehicle_Registry,VEH_2121,Maharashtra RTO Database,Official_Registration,0.98,2024-01-01,True
EVI_VEH_REG_2122,RTO_Vehicle_Registry,VEH_2122,Maharashtra RTO Database,Official_Registration,0.98,2024-01-01,True
EVI_VEH_REG_2123,RTO_Vehicle_Registry,VEH_2123,Maharashtra RTO Database,Official_Registration,0.98,2024-01-01,True
EVI_VEH_REG_2124,RTO_Vehicle_Registry,VEH_2124,Maharashtra RTO Database,Official_Registration,0.98,2024-01-01,True
EVI_VEH_REG_2125,RTO_Vehicle_Registry,VEH_2125,Maharashtra RTO Database,Official_Registration,0.98,2024-01-01,True
EVI_VEH_REG_2126,RTO_Vehicle_Registry,VEH_2126,Maharashtra RTO Database,Official_Registration,0.98,2024-01-01,True
EVI_VEH_REG_2127,RTO_Vehicle_Registry,VEH_2127,Maharashtra RTO Database,Official_Registration,0.98,2024-01-01,True
EVI_VEH_REG_2128,RTO_Vehicle_Registry,VEH_2128,Maharashtra RTO Database,Official_Registration,0.98,2024-01-01,True
EVI_VEH_REG_2129,RTO_Vehicle_Registry,VEH_2129,Maharashtra RTO Database,Official_Registration,0.98,2024-01-01,True
EVI_VEH_REG_2130,RTO_Vehicle_Registry,VEH_2130,Maharashtra RTO Database,Official_Registration,0.98,2024-01-01,True
EVI_VEH_REG_2131,RTO_Vehicle_Registry,VEH_2131,Maharashtra RTO Database,Official_Registration,0.98,2024-01-01,True
EVI_VEH_REG_2132,RTO_Vehicle_Registry,VEH_2132,Maharashtra RTO Database,Official_Registration,0.98,2024-01-01,True
EVI_VEH_REG_2133,RTO_Vehicle_Registry,VEH_2133,Maharashtra RTO Database,Official_Registration,0.98,2024-01-01,True
EVI_VEH_REG_2134,RTO_Vehicle_Registry,VEH_2134,Maharashtra RTO Database,Official_Registration,0.98,2024-01-01,True
EVI_VEH_REG_2135,RTO_Vehicle_Registry,VEH_2135,Maharashtra RTO Database,Official_Registration,0.98,2024-01-01,True
EVI_VEH_REG_2136,RTO_Vehicle_Registry,VEH_2136,Maharashtra RTO Database,Official_Registration,0.98,2024-01-01,True
EVI_VEH_REG_2137,RTO_Vehicle_Registry,VEH_2137,Maharashtra RTO Database,Official_Registration,0.98,2024-01-01,True
EVI_VEH_REG_2138,RTO_Vehicle_Registry,VEH_2138,Maharashtra RTO Database,Official_Registration,0.98,2024-01-01,True
EVI_VEH_REG_2139,RTO_Vehicle_Registry,VEH_2139,Maharashtra RTO Database,Official_Registration,0.98,2024-01-01,True
EVI_VEH_REG_2140,RTO_Vehicle_Registry,VEH_2140,Maharashtra RTO Database,Official_Registration,0.98,2024-01-01,True
EVI_VEH_REG_2141,RTO_Vehicle_Registry,VEH_2141,Maharashtra RTO Database,Official_Registration,0.98,2024-01-01,True
EVI_VEH_REG_2142,RTO_Vehicle_Registry,VEH_2142,Maharashtra RTO Database,Official_Registration,0.98,2024-01-01,True
EVI_VEH_REG_2143,RTO_Vehicle_Registry,VEH_2143,Maharashtra RTO Database,Official_Registration,0.98,2024-01-01,True
EVI_VEH_REG_2144,RTO_Vehicle_Registry,VEH_2144,Maharashtra RTO Database,Official_Registration,0.98,2024-01-01,True
EVI_VEH_REG_2145,RTO_Vehicle_Registry,VEH_2145,Maharashtra RTO Database,Official_Registration,0.98,2024-01-01,True
EVI_VEH_REG_2146,RTO_Vehicle_Registry,VEH_2146,Maharashtra RTO Database,Official_Registration,0.98,2024-01-01,True
EVI_VEH_REG_2147,RTO_Vehicle_Registry,VEH_2147,Maharashtra RTO Database,Official_Registration,0.98,2024-01-01,True
EVI_VEH_REG_2148,RTO_Vehicle_Registry,VEH_2148,Maharashtra RTO Database,Official_Registration,0.98,2024-01-01,True
EVI_VEH_REG_2149,RTO_Vehicle_Registry,VEH_2149,Maharashtra RTO Database,Official_Registration,0.98,2024-01-01,True
EVI_VEH_REG_2150,RTO_Vehicle_Registry,VEH_2150,Maharashtra RTO Database,Official_Registration,0.98,2024-01-01,True
EVI_VEH_REG_2151,RTO_Vehicle_Registry,VEH_2151,Maharashtra RTO Database,Official_Registration,0.98,2024-01-01,True
EVI_VEH_REG_2152,RTO_Vehicle_Registry,VEH_2152,Maharashtra RTO Database,Official_Registration,0.98,2024-01-01,True
EVI_VEH_REG_2153,RTO_Vehicle_Registry,VEH_2153,Maharashtra RTO Database,Official_Registration,0.98,2024-01-01,True
EVI_VEH_REG_2154,RTO_Vehicle_Registry,VEH_2154,Maharashtra RTO Database,Official_Registration,0.98,2024-01-01,True
EVI_VEH_REG_2155,RTO_Vehicle_Registry,VEH_2155,Maharashtra RTO Database,Official_Registration,0.98,2024-01-01,True
EVI_VEH_REG_2156,RTO_Vehicle_Registry,VEH_2156,Maharashtra RTO Database,Official_Registration,0.98,2024-01-01,True
EVI_VEH_REG_2157,RTO_Vehicle_Registry,VEH_2157,Maharashtra RTO Database,Official_Registration,0.98,2024-01-01,True
EVI_VEH_REG_2158,RTO_Vehicle_Registry,VEH_2158,Maharashtra RTO Database,Official_Registration,0.98,2024-01-01,True
EVI_VEH_REG_2159,RTO_Vehicle_Registry,VEH_2159,Maharashtra RTO Database,Official_Registration,0.98,2024-01-01,True
EVI_VEH_REG_2160,RTO_Vehicle_Registry,VEH_2160,Maharashtra RTO Database,Official_Registration,0.98,2024-01-01,True
EVI_VEH_REG_2161,RTO_Vehicle_Registry,VEH_2161,Maharashtra RTO Database,Official_Registration,0.98,2024-01-01,True
EVI_VEH_REG_2162,RTO_Vehicle_Registry,VEH_2162,Maharashtra RTO Database,Official_Registration,0.98,2024-01-01,True
EVI_VEH_REG_2163,RTO_Vehicle_Registry,VEH_2163,Maharashtra RTO Database,Official_Registration,0.98,2024-01-01,True
EVI_VEH_REG_2164,RTO_Vehicle_Registry,VEH_2164,Maharashtra RTO Database,Official_Registration,0.98,2024-01-01,True
EVI_VEH_REG_2165,RTO_Vehicle_Registry,VEH_2165,Maharashtra RTO Database,Official_Registration,0.98,2024-01-01,True
EVI_VEH_REG_2166,RTO_Vehicle_Registry,VEH_2166,Maharashtra RTO Database,Official_Registration,0.98,2024-01-01,True
EVI_VEH_REG_2167,RTO_Vehicle_Registry,VEH_2167,Maharashtra RTO Database,Official_Registration,0.98,2024-01-01,True
EVI_VEH_REG_2168,RTO_Vehicle_Registry,VEH_2168,Maharashtra RTO Database,Official_Registration,0.98,2024-01-01,True
EVI_VEH_REG_2169,RTO_Vehicle_Registry,VEH_2169,Maharashtra RTO Database,Official_Registration,0.98,2024-01-01,True
EVI_VEH_REG_2170,RTO_Vehicle_Registry,VEH_2170,Maharashtra RTO Database,Official_Registration,0.98,2024-01-01,True
EVI_VEH_REG_2171,RTO_Vehicle_Registry,VEH_2171,Maharashtra RTO Database,Official_Registration,0.98,2024-01-01,True
EVI_VEH_REG_2172,RTO_Vehicle_Registry,VEH_2172,Maharashtra RTO Database,Official_Registration,0.98,2024-01-01,True
EVI_VEH_REG_2173,RTO_Vehicle_Registry,VEH_2173,Maharashtra RTO Database,Official_Registration,0.98,2024-01-01,True
EVI_VEH_REG_2174,RTO_Vehicle_Registry,VEH_2174,Maharashtra RTO Database,Official_Registration,0.98,2024-01-01,True
EVI_VEH_REG_2175,RTO_Vehicle_Registry,VEH_2175,Maharashtra RTO Database,Official_Registration,0.98,2024-01-01,True
EVI_VEH_REG_2176,RTO_Vehicle_Registry,VEH_2176,Maharashtra RTO Database,Official_Registration,0.98,2024-01-01,True
EVI_VEH_REG_2177,RTO_Vehicle_Registry,VEH_2177,Maharashtra RTO Database,Official_Registration,0.98,2024-01-01,True
EVI_VEH_REG_2178,RTO_Vehicle_Registry,VEH_2178,Maharashtra RTO Database,Official_Registration,0.98,2024-01-01,True
EVI_VEH_REG_2179,RTO_Vehicle_Registry,VEH_2179,Maharashtra RTO Database,Official_Registration,0.98,2024-01-01,True
EVI_VEH_REG_2180,RTO_Vehicle_Registry,VEH_2180,Maharashtra RTO Database,Official_Registration,0.98,2024-01-01,True
EVI_VEH_REG_2181,RTO_Vehicle_Registry,VEH_2181,Maharashtra RTO Database,Official_Registration,0.98,2024-01-01,True
EVI_VEH_REG_2182,RTO_Vehicle_Registry,VEH_2182,Maharashtra RTO Database,Official_Registration,0.98,2024-01-01,True
EVI_VEH_REG_2183,RTO_Vehicle_Registry,VEH_2183,Maharashtra RTO Database,Official_Registration,0.98,2024-01-01,True
EVI_VEH_REG_2184,RTO_Vehicle_Registry,VEH_2184,Maharashtra RTO Database,Official_Registration,0.98,2024-01-01,True
EVI_VEH_REG_2185,RTO_Vehicle_Registry,VEH_2185,Maharashtra RTO Database,Official_Registration,0.98,2024-01-01,True
EVI_VEH_REG_2186,RTO_Vehicle_Registry,VEH_2186,Maharashtra RTO Database,Official_Registration,0.98,2024-01-01,True
EVI_VEH_REG_2187,RTO_Vehicle_Registry,VEH_2187,Maharashtra RTO Database,Official_Registration,0.98,2024-01-01,True
EVI_VEH_REG_2188,RTO_Vehicle_Registry,VEH_2188,Maharashtra RTO Database,Official_Registration,0.98,2024-01-01,True
EVI_VEH_REG_2189,RTO_Vehicle_Registry,VEH_2189,Maharashtra RTO Database,Official_Registration,0.98,2024-01-01,True
EVI_VEH_REG_2190,RTO_Vehicle_Registry,VEH_2190,Maharashtra RTO Database,Official_Registration,0.98,2024-01-01,True
EVI_VEH_REG_2191,RTO_Vehicle_Registry,VEH_2191,Maharashtra RTO Database,Official_Registration,0.98,2024-01-01,True
EVI_VEH_REG_2192,RTO_Vehicle_Registry,VEH_2192,Maharashtra RTO Database,Official_Registration,0.98,2024-01-01,True
EVI_VEH_REG_2193,RTO_Vehicle_Registry,VEH_2193,Maharashtra RTO Database,Official_Registration,0.98,2024-01-01,True
EVI_VEH_REG_2194,RTO_Vehicle_Registry,VEH_2194,Maharashtra RTO Database,Official_Registration,0.98,2024-01-01,True
EVI_VEH_REG_2195,RTO_Vehicle_Registry,VEH_2195,Maharashtra RTO Database,Official_Registration,0.98,2024-01-01,True
EVI_VEH_REG_2196,RTO_Vehicle_Registry,VEH_2196,Maharashtra RTO Database,Official_Registration,0.98,2024-01-01,True
EVI_VEH_REG_2197,RTO_Vehicle_Registry,VEH_2197,Maharashtra RTO Database,Official_Registration,0.98,2024-01-01,True
EVI_VEH_REG_2198,RTO_Vehicle_Registry,VEH_2198,Maharashtra RTO Database,Official_Registration,0.98,2024-01-01,True
EVI_VEH_REG_2199,RTO_Vehicle_Registry,VEH_2199,Maharashtra RTO Database,Official_Registration,0.98,2024-01-01,True
EVI_VEH_REG_2200,RTO_Vehicle_Registry,VEH_2200,Maharashtra RTO Database,Official_Registration,0.98,2024-01-01,True
EVI_VEH_REG_2201,RTO_Vehicle_Registry,VEH_2201,Maharashtra RTO Database,Official_Registration,0.98,2024-01-01,True
EVI_VEH_REG_2202,RTO_Vehicle_Registry,VEH_2202,Maharashtra RTO Database,Official_Registration,0.98,2024-01-01,True
EVI_VEH_REG_2203,RTO_Vehicle_Registry,VEH_2203,Maharashtra RTO Database,Official_Registration,0.98,2024-01-01,True
EVI_VEH_REG_2204,RTO_Vehicle_Registry,VEH_2204,Maharashtra RTO Database,Official_Registration,0.98,2024-01-01,True
EVI_VEH_REG_2205,RTO_Vehicle_Registry,VEH_2205,Maharashtra RTO Database,Official_Registration,0.98,2024-01-01,True
EVI_VEH_REG_2206,RTO_Vehicle_Registry,VEH_2206,Maharashtra RTO Database,Official_Registration,0.98,2024-01-01,True
EVI_VEH_REG_2207,RTO_Vehicle_Registry,VEH_2207,Maharashtra RTO Database,Official_Registration,0.98,2024-01-01,True
EVI_VEH_REG_2208,RTO_Vehicle_Registry,VEH_2208,Maharashtra RTO Database,Official_Registration,0.98,2024-01-01,True
EVI_VEH_REG_2209,RTO_Vehicle_Registry,VEH_2209,Maharashtra RTO Database,Official_Registration,0.98,2024-01-01,True
EVI_VEH_REG_2210,RTO_Vehicle_Registry,VEH_2210,Maharashtra RTO Database,Official_Registration,0.98,2024-01-01,True
EVI_VEH_REG_2211,RTO_Vehicle_Registry,VEH_2211,Maharashtra RTO Database,Official_Registration,0.98,2024-01-01,True
EVI_VEH_REG_2212,RTO_Vehicle_Registry,VEH_2212,Maharashtra RTO Database,Official_Registration,0.98,2024-01-01,True
EVI_VEH_REG_2213,RTO_Vehicle_Registry,VEH_2213,Maharashtra RTO Database,Official_Registration,0.98,2024-01-01,True
EVI_VEH_REG_2214,RTO_Vehicle_Registry,VEH_2214,Maharashtra RTO Database,Official_Registration,0.98,2024-01-01,True
EVI_VEH_REG_2215,RTO_Vehicle_Registry,VEH_2215,Maharashtra RTO Database,Official_Registration,0.98,2024-01-01,True
EVI_VEH_REG_2216,RTO_Vehicle_Registry,VEH_2216,Maharashtra RTO Database,Official_Registration,0.98,2024-01-01,True
EVI_VEH_REG_2217,RTO_Vehicle_Registry,VEH_2217,Maharashtra RTO Database,Official_Registration,0.98,2024-01-01,True
EVI_VEH_REG_2218,RTO_Vehicle_Registry,VEH_2218,Maharashtra RTO Database,Official_Registration,0.98,2024-01-01,True
EVI_VEH_REG_2219,RTO_Vehicle_Registry,VEH_2219,Maharashtra RTO Database,Official_Registration,0.98,2024-01-01,True
EVI_VEH_REG_2220,RTO_Vehicle_Registry,VEH_2220,Maharashtra RTO Database,Official_Registration,0.98,2024-01-01,True
EVI_VEH_REG_2221,RTO_Vehicle_Registry,VEH_2221,Maharashtra RTO Database,Official_Registration,0.98,2024-01-01,True
EVI_VEH_REG_2222,RTO_Vehicle_Registry,VEH_2222,Maharashtra RTO Database,Official_Registration,0.98,2024-01-01,True
EVI_VEH_REG_2223,RTO_Vehicle_Registry,VEH_2223,Maharashtra RTO Database,Official_Registration,0.98,2024-01-01,True
EVI_VEH_REG_2224,RTO_Vehicle_Registry,VEH_2224,Maharashtra RTO Database,Official_Registration,0.98,2024-01-01,True
EVI_VEH_REG_2225,RTO_Vehicle_Registry,VEH_2225,Maharashtra RTO Database,Official_Registration,0.98,2024-01-01,True
EVI_VEH_REG_2226,RTO_Vehicle_Registry,VEH_2226,Maharashtra RTO Database,Official_Registration,0.98,2024-01-01,True
EVI_VEH_REG_2227,RTO_Vehicle_Registry,VEH_2227,Maharashtra RTO Database,Official_Registration,0.98,2024-01-01,True
EVI_VEH_REG_2228,RTO_Vehicle_Registry,VEH_2228,Maharashtra RTO Database,Official_Registration,0.98,2024-01-01,True
EVI_VEH_REG_2229,RTO_Vehicle_Registry,VEH_2229,Maharashtra RTO Database,Official_Registration,0.98,2024-01-01,True
EVI_VEH_REG_2230,RTO_Vehicle_Registry,VEH_2230,Maharashtra RTO Database,Official_Registration,0.98,2024-01-01,True
EVI_VEH_REG_2231,RTO_Vehicle_Registry,VEH_2231,Maharashtra RTO Database,Official_Registration,0.98,2024-01-01,True
EVI_VEH_REG_2232,RTO_Vehicle_Registry,VEH_2232,Maharashtra RTO Database,Official_Registration,0.98,2024-01-01,True
EVI_VEH_REG_2233,RTO_Vehicle_Registry,VEH_2233,Maharashtra RTO Database,Official_Registration,0.98,2024-01-01,True
EVI_VEH_REG_2234,RTO_Vehicle_Registry,VEH_2234,Maharashtra RTO Database,Official_Registration,0.98,2024-01-01,True
EVI_VEH_REG_2235,RTO_Vehicle_Registry,VEH_2235,Maharashtra RTO Database,Official_Registration,0.98,2024-01-01,True
EVI_VEH_REG_2236,RTO_Vehicle_Registry,VEH_2236,Maharashtra RTO Database,Official_Registration,0.98,2024-01-01,True
EVI_VEH_REG_2237,RTO_Vehicle_Registry,VEH_2237,Maharashtra RTO Database,Official_Registration,0.98,2024-01-01,True
EVI_VEH_REG_2238,RTO_Vehicle_Registry,VEH_2238,Maharashtra RTO Database,Official_Registration,0.98,2024-01-01,True
EVI_VEH_REG_2239,RTO_Vehicle_Registry,VEH_2239,Maharashtra RTO Database,Official_Registration,0.98,2024-01-01,True
EVI_VEH_REG_2240,RTO_Vehicle_Registry,VEH_2240,Maharashtra RTO Database,Official_Registration,0.98,2024-01-01,True
EVI_VEH_REG_2241,RTO_Vehicle_Registry,VEH_2241,Maharashtra RTO Database,Official_Registration,0.98,2024-01-01,True
EVI_VEH_REG_2242,RTO_Vehicle_Registry,VEH_2242,Maharashtra RTO Database,Official_Registration,0.98,2024-01-01,True
EVI_VEH_REG_2243,RTO_Vehicle_Registry,VEH_2243,Maharashtra RTO Database,Official_Registration,0.98,2024-01-01,True
EVI_VEH_REG_2244,RTO_Vehicle_Registry,VEH_2244,Maharashtra RTO Database,Official_Registration,0.98,2024-01-01,True
EVI_VEH_REG_2245,RTO_Vehicle_Registry,VEH_2245,Maharashtra RTO Database,Official_Registration,0.98,2024-01-01,True
EVI_VEH_REG_2246,RTO_Vehicle_Registry,VEH_2246,Maharashtra RTO Database,Official_Registration,0.98,2024-01-01,True
EVI_VEH_REG_2247,RTO_Vehicle_Registry,VEH_2247,Maharashtra RTO Database,Official_Registration,0.98,2024-01-01,True
EVI_VEH_REG_2248,RTO_Vehicle_Registry,VEH_2248,Maharashtra RTO Database,Official_Registration,0.98,2024-01-01,True
EVI_VEH_REG_2249,RTO_Vehicle_Registry,VEH_2249,Maharashtra RTO Database,Official_Registration,0.98,2024-01-01,True
EVI_VEH_REG_2250,RTO_Vehicle_Registry,VEH_2250,Maharashtra RTO Database,Official_Registration,0.98,2024-01-01,True
EVI_VEH_REG_2251,RTO_Vehicle_Registry,VEH_2251,Maharashtra RTO Database,Official_Registration,0.98,2024-01-01,True
EVI_VEH_REG_2252,RTO_Vehicle_Registry,VEH_2252,Maharashtra RTO Database,Official_Registration,0.98,2024-01-01,True
EVI_VEH_REG_2253,RTO_Vehicle_Registry,VEH_2253,Maharashtra RTO Database,Official_Registration,0.98,2024-01-01,True
EVI_VEH_REG_2254,RTO_Vehicle_Registry,VEH_2254,Maharashtra RTO Database,Official_Registration,0.98,2024-01-01,True
EVI_VEH_REG_2255,RTO_Vehicle_Registry,VEH_2255,Maharashtra RTO Database,Official_Registration,0.98,2024-01-01,True
EVI_VEH_REG_2256,RTO_Vehicle_Registry,VEH_2256,Maharashtra RTO Database,Official_Registration,0.98,2024-01-01,True
EVI_VEH_REG_2257,RTO_Vehicle_Registry,VEH_2257,Maharashtra RTO Database,Official_Registration,0.98,2024-01-01,True
EVI_VEH_REG_2258,RTO_Vehicle_Registry,VEH_2258,Maharashtra RTO Database,Official_Registration,0.98,2024-01-01,True
EVI_VEH_REG_2259,RTO_Vehicle_Registry,VEH_2259,Maharashtra RTO Database,Official_Registration,0.98,2024-01-01,True
EVI_VEH_REG_2260,RTO_Vehicle_Registry,VEH_2260,Maharashtra RTO Database,Official_Registration,0.98,2024-01-01,True
EVI_VEH_REG_2261,RTO_Vehicle_Registry,VEH_2261,Maharashtra RTO Database,Official_Registration,0.98,2024-01-01,True
EVI_VEH_REG_2262,RTO_Vehicle_Registry,VEH_2262,Maharashtra RTO Database,Official_Registration,0.98,2024-01-01,True
EVI_VEH_REG_2263,RTO_Vehicle_Registry,VEH_2263,Maharashtra RTO Database,Official_Registration,0.98,2024-01-01,True
EVI_VEH_REG_2264,RTO_Vehicle_Registry,VEH_2264,Maharashtra RTO Database,Official_Registration,0.98,2024-01-01,True
EVI_VEH_REG_2265,RTO_Vehicle_Registry,VEH_2265,Maharashtra RTO Database,Official_Registration,0.98,2024-01-01,True
EVI_VEH_REG_2266,RTO_Vehicle_Registry,VEH_2266,Maharashtra RTO Database,Official_Registration,0.98,2024-01-01,True
EVI_VEH_REG_2267,RTO_Vehicle_Registry,VEH_2267,Maharashtra RTO Database,Official_Registration,0.98,2024-01-01,True
EVI_VEH_REG_2268,RTO_Vehicle_Registry,VEH_2268,Maharashtra RTO Database,Official_Registration,0.98,2024-01-01,True
EVI_VEH_REG_2269,RTO_Vehicle_Registry,VEH_2269,Maharashtra RTO Database,Official_Registration,0.98,2024-01-01,True
EVI_VEH_REG_2270,RTO_Vehicle_Registry,VEH_2270,Maharashtra RTO Database,Official_Registration,0.98,2024-01-01,True
EVI_VEH_REG_2271,RTO_Vehicle_Registry,VEH_2271,Maharashtra RTO Database,Official_Registration,0.98,2024-01-01,True
EVI_VEH_REG_2272,RTO_Vehicle_Registry,VEH_2272,Maharashtra RTO Database,Official_Registration,0.98,2024-01-01,True
EVI_VEH_REG_2273,RTO_Vehicle_Registry,VEH_2273,Maharashtra RTO Database,Official_Registration,0.98,2024-01-01,True
EVI_VEH_REG_2274,RTO_Vehicle_Registry,VEH_2274,Maharashtra RTO Database,Official_Registration,0.98,2024-01-01,True
EVI_VEH_REG_2275,RTO_Vehicle_Registry,VEH_2275,Maharashtra RTO Database,Official_Registration,0.98,2024-01-01,True
EVI_VEH_REG_2276,RTO_Vehicle_Registry,VEH_2276,Maharashtra RTO Database,Official_Registration,0.98,2024-01-01,True
EVI_VEH_REG_2277,RTO_Vehicle_Registry,VEH_2277,Maharashtra RTO Database,Official_Registration,0.98,2024-01-01,True
EVI_VEH_REG_2278,RTO_Vehicle_Registry,VEH_2278,Maharashtra RTO Database,Official_Registration,0.98,2024-01-01,True
EVI_VEH_REG_2279,RTO_Vehicle_Registry,VEH_2279,Maharashtra RTO Database,Official_Registration,0.98,2024-01-01,True
EVI_VEH_REG_2280,RTO_Vehicle_Registry,VEH_2280,Maharashtra RTO Database,Official_Registration,0.98,2024-01-01,True
EVI_VEH_REG_2281,RTO_Vehicle_Registry,VEH_2281,Maharashtra RTO Database,Official_Registration,0.98,2024-01-01,True
EVI_VEH_REG_2282,RTO_Vehicle_Registry,VEH_2282,Maharashtra RTO Database,Official_Registration,0.98,2024-01-01,True
EVI_VEH_REG_2283,RTO_Vehicle_Registry,VEH_2283,Maharashtra RTO Database,Official_Registration,0.98,2024-01-01,True
EVI_VEH_REG_2284,RTO_Vehicle_Registry,VEH_2284,Maharashtra RTO Database,Official_Registration,0.98,2024-01-01,True
EVI_VEH_REG_2285,RTO_Vehicle_Registry,VEH_2285,Maharashtra RTO Database,Official_Registration,0.98,2024-01-01,True
EVI_VEH_REG_2286,RTO_Vehicle_Registry,VEH_2286,Maharashtra RTO Database,Official_Registration,0.98,2024-01-01,True
EVI_VEH_REG_2287,RTO_Vehicle_Registry,VEH_2287,Maharashtra RTO Database,Official_Registration,0.98,2024-01-01,True
EVI_VEH_REG_2288,RTO_Vehicle_Registry,VEH_2288,Maharashtra RTO Database,Official_Registration,0.98,2024-01-01,True
EVI_VEH_REG_2289,RTO_Vehicle_Registry,VEH_2289,Maharashtra RTO Database,Official_Registration,0.98,2024-01-01,True
EVI_VEH_REG_2290,RTO_Vehicle_Registry,VEH_2290,Maharashtra RTO Database,Official_Registration,0.98,2024-01-01,True
EVI_VEH_REG_2291,RTO_Vehicle_Registry,VEH_2291,Maharashtra RTO Database,Official_Registration,0.98,2024-01-01,True
EVI_VEH_REG_2292,RTO_Vehicle_Registry,VEH_2292,Maharashtra RTO Database,Official_Registration,0.98,2024-01-01,True
EVI_VEH_REG_2293,RTO_Vehicle_Registry,VEH_2293,Maharashtra RTO Database,Official_Registration,0.98,2024-01-01,True
EVI_VEH_REG_2294,RTO_Vehicle_Registry,VEH_2294,Maharashtra RTO Database,Official_Registration,0.98,2024-01-01,True
EVI_VEH_REG_2295,RTO_Vehicle_Registry,VEH_2295,Maharashtra RTO Database,Official_Registration,0.98,2024-01-01,True
EVI_VEH_REG_2296,RTO_Vehicle_Registry,VEH_2296,Maharashtra RTO Database,Official_Registration,0.98,2024-01-01,True
EVI_VEH_REG_2297,RTO_Vehicle_Registry,VEH_2297,Maharashtra RTO Database,Official_Registration,0.98,2024-01-01,True
EVI_VEH_REG_2298,RTO_Vehicle_Registry,VEH_2298,Maharashtra RTO Database,Official_Registration,0.98,2024-01-01,True
EVI_VEH_REG_2299,RTO_Vehicle_Registry,VEH_2299,Maharashtra RTO Database,Official_Registration,0.98,2024-01-01,True
EVI_VEH_REG_2300,RTO_Vehicle_Registry,VEH_2300,Maharashtra RTO Database,Official_Registration,0.98,2024-01-01,True
EVI_VEH_REG_2301,RTO_Vehicle_Registry,VEH_2301,Maharashtra RTO Database,Official_Registration,0.98,2024-01-01,True
EVI_VEH_REG_2302,RTO_Vehicle_Registry,VEH_2302,Maharashtra RTO Database,Official_Registration,0.98,2024-01-01,True
EVI_VEH_REG_2303,RTO_Vehicle_Registry,VEH_2303,Maharashtra RTO Database,Official_Registration,0.98,2024-01-01,True
EVI_VEH_REG_2304,RTO_Vehicle_Registry,VEH_2304,Maharashtra RTO Database,Official_Registration,0.98,2024-01-01,True
EVI_VEH_REG_2305,RTO_Vehicle_Registry,VEH_2305,Maharashtra RTO Database,Official_Registration,0.98,2024-01-01,True
EVI_VEH_REG_2306,RTO_Vehicle_Registry,VEH_2306,Maharashtra RTO Database,Official_Registration,0.98,2024-01-01,True
EVI_VEH_REG_2307,RTO_Vehicle_Registry,VEH_2307,Maharashtra RTO Database,Official_Registration,0.98,2024-01-01,True
EVI_VEH_REG_2308,RTO_Vehicle_Registry,VEH_2308,Maharashtra RTO Database,Official_Registration,0.98,2024-01-01,True
EVI_VEH_REG_2309,RTO_Vehicle_Registry,VEH_2309,Maharashtra RTO Database,Official_Registration,0.98,2024-01-01,True
EVI_VEH_REG_2310,RTO_Vehicle_Registry,VEH_2310,Maharashtra RTO Database,Official_Registration,0.98,2024-01-01,True
EVI_VEH_REG_2311,RTO_Vehicle_Registry,VEH_2311,Maharashtra RTO Database,Official_Registration,0.98,2024-01-01,True
EVI_VEH_REG_2312,RTO_Vehicle_Registry,VEH_2312,Maharashtra RTO Database,Official_Registration,0.98,2024-01-01,True
EVI_VEH_REG_2313,RTO_Vehicle_Registry,VEH_2313,Maharashtra RTO Database,Official_Registration,0.98,2024-01-01,True
EVI_VEH_REG_2314,RTO_Vehicle_Registry,VEH_2314,Maharashtra RTO Database,Official_Registration,0.98,2024-01-01,True
EVI_VEH_REG_2315,RTO_Vehicle_Registry,VEH_2315,Maharashtra RTO Database,Official_Registration,0.98,2024-01-01,True
EVI_VEH_REG_2316,RTO_Vehicle_Registry,VEH_2316,Maharashtra RTO Database,Official_Registration,0.98,2024-01-01,True
EVI_VEH_REG_2317,RTO_Vehicle_Registry,VEH_2317,Maharashtra RTO Database,Official_Registration,0.98,2024-01-01,True
EVI_VEH_REG_2318,RTO_Vehicle_Registry,VEH_2318,Maharashtra RTO Database,Official_Registration,0.98,2024-01-01,True
EVI_VEH_REG_2319,RTO_Vehicle_Registry,VEH_2319,Maharashtra RTO Database,Official_Registration,0.98,2024-01-01,True
EVI_VEH_REG_2320,RTO_Vehicle_Registry,VEH_2320,Maharashtra RTO Database,Official_Registration,0.98,2024-01-01,True
EVI_VEH_REG_2321,RTO_Vehicle_Registry,VEH_2321,Maharashtra RTO Database,Official_Registration,0.98,2024-01-01,True
EVI_VEH_REG_2322,RTO_Vehicle_Registry,VEH_2322,Maharashtra RTO Database,Official_Registration,0.98,2024-01-01,True
EVI_VEH_REG_2323,RTO_Vehicle_Registry,VEH_2323,Maharashtra RTO Database,Official_Registration,0.98,2024-01-01,True
EVI_VEH_REG_2324,RTO_Vehicle_Registry,VEH_2324,Maharashtra RTO Database,Official_Registration,0.98,2024-01-01,True
EVI_VEH_REG_2325,RTO_Vehicle_Registry,VEH_2325,Maharashtra RTO Database,Official_Registration,0.98,2024-01-01,True
EVI_VEH_REG_2326,RTO_Vehicle_Registry,VEH_2326,Maharashtra RTO Database,Official_Registration,0.98,2024-01-01,True
EVI_VEH_REG_2327,RTO_Vehicle_Registry,VEH_2327,Maharashtra RTO Database,Official_Registration,0.98,2024-01-01,True
EVI_VEH_REG_2328,RTO_Vehicle_Registry,VEH_2328,Maharashtra RTO Database,Official_Registration,0.98,2024-01-01,True
EVI_VEH_REG_2329,RTO_Vehicle_Registry,VEH_2329,Maharashtra RTO Database,Official_Registration,0.98,2024-01-01,True
EVI_VEH_REG_2330,RTO_Vehicle_Registry,VEH_2330,Maharashtra RTO Database,Official_Registration,0.98,2024-01-01,True
EVI_VEH_REG_2331,RTO_Vehicle_Registry,VEH_2331,Maharashtra RTO Database,Official_Registration,0.98,2024-01-01,True
EVI_VEH_REG_2332,RTO_Vehicle_Registry,VEH_2332,Maharashtra RTO Database,Official_Registration,0.98,2024-01-01,True
EVI_VEH_REG_2333,RTO_Vehicle_Registry,VEH_2333,Maharashtra RTO Database,Official_Registration,0.98,2024-01-01,True
EVI_VEH_REG_2334,RTO_Vehicle_Registry,VEH_2334,Maharashtra RTO Database,Official_Registration,0.98,2024-01-01,True
EVI_VEH_REG_2335,RTO_Vehicle_Registry,VEH_2335,Maharashtra RTO Database,Official_Registration,0.98,2024-01-01,True
EVI_VEH_REG_2336,RTO_Vehicle_Registry,VEH_2336,Maharashtra RTO Database,Official_Registration,0.98,2024-01-01,True
EVI_VEH_REG_2337,RTO_Vehicle_Registry,VEH_2337,Maharashtra RTO Database,Official_Registration,0.98,2024-01-01,True
EVI_VEH_REG_2338,RTO_Vehicle_Registry,VEH_2338,Maharashtra RTO Database,Official_Registration,0.98,2024-01-01,True
EVI_VEH_REG_2339,RTO_Vehicle_Registry,VEH_2339,Maharashtra RTO Database,Official_Registration,0.98,2024-01-01,True
EVI_VEH_REG_2340,RTO_Vehicle_Registry,VEH_2340,Maharashtra RTO Database,Official_Registration,0.98,2024-01-01,True
EVI_VEH_REG_2341,RTO_Vehicle_Registry,VEH_2341,Maharashtra RTO Database,Official_Registration,0.98,2024-01-01,True
EVI_VEH_REG_2342,RTO_Vehicle_Registry,VEH_2342,Maharashtra RTO Database,Official_Registration,0.98,2024-01-01,True
EVI_VEH_REG_2343,RTO_Vehicle_Registry,VEH_2343,Maharashtra RTO Database,Official_Registration,0.98,2024-01-01,True
EVI_VEH_REG_2344,RTO_Vehicle_Registry,VEH_2344,Maharashtra RTO Database,Official_Registration,0.98,2024-01-01,True
EVI_VEH_REG_2345,RTO_Vehicle_Registry,VEH_2345,Maharashtra RTO Database,Official_Registration,0.98,2024-01-01,True
EVI_VEH_REG_2346,RTO_Vehicle_Registry,VEH_2346,Maharashtra RTO Database,Official_Registration,0.98,2024-01-01,True
EVI_VEH_REG_2347,RTO_Vehicle_Registry,VEH_2347,Maharashtra RTO Database,Official_Registration,0.98,2024-01-01,True
EVI_VEH_REG_2348,RTO_Vehicle_Registry,VEH_2348,Maharashtra RTO Database,Official_Registration,0.98,2024-01-01,True
EVI_VEH_REG_2349,RTO_Vehicle_Registry,VEH_2349,Maharashtra RTO Database,Official_Registration,0.98,2024-01-01,True
EVI_VEH_REG_2350,RTO_Vehicle_Registry,VEH_2350,Maharashtra RTO Database,Official_Registration,0.98,2024-01-01,True
EVI_VEH_REG_2351,RTO_Vehicle_Registry,VEH_2351,Maharashtra RTO Database,Official_Registration,0.98,2024-01-01,True
EVI_VEH_REG_2352,RTO_Vehicle_Registry,VEH_2352,Maharashtra RTO Database,Official_Registration,0.98,2024-01-01,True
EVI_VEH_REG_2353,RTO_Vehicle_Registry,VEH_2353,Maharashtra RTO Database,Official_Registration,0.98,2024-01-01,True
EVI_VEH_REG_2354,RTO_Vehicle_Registry,VEH_2354,Maharashtra RTO Database,Official_Registration,0.98,2024-01-01,True
EVI_VEH_REG_2355,RTO_Vehicle_Registry,VEH_2355,Maharashtra RTO Database,Official_Registration,0.98,2024-01-01,True
EVI_VEH_REG_2356,RTO_Vehicle_Registry,VEH_2356,Maharashtra RTO Database,Official_Registration,0.98,2024-01-01,True
EVI_VEH_REG_2357,RTO_Vehicle_Registry,VEH_2357,Maharashtra RTO Database,Official_Registration,0.98,2024-01-01,True
EVI_VEH_REG_2358,RTO_Vehicle_Registry,VEH_2358,Maharashtra RTO Database,Official_Registration,0.98,2024-01-01,True
EVI_VEH_REG_2359,RTO_Vehicle_Registry,VEH_2359,Maharashtra RTO Database,Official_Registration,0.98,2024-01-01,True
EVI_VEH_REG_2360,RTO_Vehicle_Registry,VEH_2360,Maharashtra RTO Database,Official_Registration,0.98,2024-01-01,True
EVI_VEH_REG_2361,RTO_Vehicle_Registry,VEH_2361,Maharashtra RTO Database,Official_Registration,0.98,2024-01-01,True
EVI_VEH_REG_2362,RTO_Vehicle_Registry,VEH_2362,Maharashtra RTO Database,Official_Registration,0.98,2024-01-01,True
EVI_VEH_REG_2363,RTO_Vehicle_Registry,VEH_2363,Maharashtra RTO Database,Official_Registration,0.98,2024-01-01,True
EVI_VEH_REG_2364,RTO_Vehicle_Registry,VEH_2364,Maharashtra RTO Database,Official_Registration,0.98,2024-01-01,True
EVI_VEH_REG_2365,RTO_Vehicle_Registry,VEH_2365,Maharashtra RTO Database,Official_Registration,0.98,2024-01-01,True
EVI_VEH_REG_2366,RTO_Vehicle_Registry,VEH_2366,Maharashtra RTO Database,Official_Registration,0.98,2024-01-01,True
EVI_VEH_REG_2367,RTO_Vehicle_Registry,VEH_2367,Maharashtra RTO Database,Official_Registration,0.98,2024-01-01,True
EVI_VEH_REG_2368,RTO_Vehicle_Registry,VEH_2368,Maharashtra RTO Database,Official_Registration,0.98,2024-01-01,True
EVI_VEH_REG_2369,RTO_Vehicle_Registry,VEH_2369,Maharashtra RTO Database,Official_Registration,0.98,2024-01-01,True
EVI_VEH_REG_2370,RTO_Vehicle_Registry,VEH_2370,Maharashtra RTO Database,Official_Registration,0.98,2024-01-01,True
EVI_VEH_REG_2371,RTO_Vehicle_Registry,VEH_2371,Maharashtra RTO Database,Official_Registration,0.98,2024-01-01,True
EVI_VEH_REG_2372,RTO_Vehicle_Registry,VEH_2372,Maharashtra RTO Database,Official_Registration,0.98,2024-01-01,True
EVI_VEH_REG_2373,RTO_Vehicle_Registry,VEH_2373,Maharashtra RTO Database,Official_Registration,0.98,2024-01-01,True
EVI_VEH_REG_2374,RTO_Vehicle_Registry,VEH_2374,Maharashtra RTO Database,Official_Registration,0.98,2024-01-01,True
EVI_VEH_REG_2375,RTO_Vehicle_Registry,VEH_2375,Maharashtra RTO Database,Official_Registration,0.98,2024-01-01,True
EVI_VEH_REG_2376,RTO_Vehicle_Registry,VEH_2376,Maharashtra RTO Database,Official_Registration,0.98,2024-01-01,True
EVI_VEH_REG_2377,RTO_Vehicle_Registry,VEH_2377,Maharashtra RTO Database,Official_Registration,0.98,2024-01-01,True
EVI_VEH_REG_2378,RTO_Vehicle_Registry,VEH_2378,Maharashtra RTO Database,Official_Registration,0.98,2024-01-01,True
EVI_VEH_REG_2379,RTO_Vehicle_Registry,VEH_2379,Maharashtra RTO Database,Official_Registration,0.98,2024-01-01,True
EVI_VEH_REG_2380,RTO_Vehicle_Registry,VEH_2380,Maharashtra RTO Database,Official_Registration,0.98,2024-01-01,True
EVI_VEH_REG_2381,RTO_Vehicle_Registry,VEH_2381,Maharashtra RTO Database,Official_Registration,0.98,2024-01-01,True
EVI_VEH_REG_2382,RTO_Vehicle_Registry,VEH_2382,Maharashtra RTO Database,Official_Registration,0.98,2024-01-01,True
EVI_VEH_REG_2383,RTO_Vehicle_Registry,VEH_2383,Maharashtra RTO Database,Official_Registration,0.98,2024-01-01,True
EVI_VEH_REG_2384,RTO_Vehicle_Registry,VEH_2384,Maharashtra RTO Database,Official_Registration,0.98,2024-01-01,True
EVI_VEH_REG_2385,RTO_Vehicle_Registry,VEH_2385,Maharashtra RTO Database,Official_Registration,0.98,2024-01-01,True
EVI_VEH_REG_2386,RTO_Vehicle_Registry,VEH_2386,Maharashtra RTO Database,Official_Registration,0.98,2024-01-01,True
EVI_VEH_REG_2387,RTO_Vehicle_Registry,VEH_2387,Maharashtra RTO Database,Official_Registration,0.98,2024-01-01,True
EVI_VEH_REG_2388,RTO_Vehicle_Registry,VEH_2388,Maharashtra RTO Database,Official_Registration,0.98,2024-01-01,True
EVI_VEH_REG_2389,RTO_Vehicle_Registry,VEH_2389,Maharashtra RTO Database,Official_Registration,0.98,2024-01-01,True
EVI_VEH_REG_2390,RTO_Vehicle_Registry,VEH_2390,Maharashtra RTO Database,Official_Registration,0.98,2024-01-01,True
EVI_VEH_REG_2391,RTO_Vehicle_Registry,VEH_2391,Maharashtra RTO Database,Official_Registration,0.98,2024-01-01,True
EVI_VEH_REG_2392,RTO_Vehicle_Registry,VEH_2392,Maharashtra RTO Database,Official_Registration,0.98,2024-01-01,True
EVI_VEH_REG_2393,RTO_Vehicle_Registry,VEH_2393,Maharashtra RTO Database,Official_Registration,0.98,2024-01-01,True
EVI_VEH_REG_2394,RTO_Vehicle_Registry,VEH_2394,Maharashtra RTO Database,Official_Registration,0.98,2024-01-01,True
EVI_VEH_REG_2395,RTO_Vehicle_Registry,VEH_2395,Maharashtra RTO Database,Official_Registration,0.98,2024-01-01,True
EVI_VEH_REG_2396,RTO_Vehicle_Registry,VEH_2396,Maharashtra RTO Database,Official_Registration,0.98,2024-01-01,True
EVI_VEH_REG_2397,RTO_Vehicle_Registry,VEH_2397,Maharashtra RTO Database,Official_Registration,0.98,2024-01-01,True
EVI_VEH_REG_2398,RTO_Vehicle_Registry,VEH_2398,Maharashtra RTO Database,Official_Registration,0.98,2024-01-01,True
EVI_VEH_REG_2399,RTO_Vehicle_Registry,VEH_2399,Maharashtra RTO Database,Official_Registration,0.98,2024-01-01,True
EVI_VEH_REG_2400,RTO_Vehicle_Registry,VEH_2400,Maharashtra RTO Database,Official_Registration,0.98,2024-01-01,True
EVI_VEH_REG_2401,RTO_Vehicle_Registry,VEH_2401,Maharashtra RTO Database,Official_Registration,0.98,2024-01-01,True
EVI_VEH_REG_2402,RTO_Vehicle_Registry,VEH_2402,Maharashtra RTO Database,Official_Registration,0.98,2024-01-01,True
EVI_VEH_REG_2403,RTO_Vehicle_Registry,VEH_2403,Maharashtra RTO Database,Official_Registration,0.98,2024-01-01,True
EVI_VEH_REG_2404,RTO_Vehicle_Registry,VEH_2404,Maharashtra RTO Database,Official_Registration,0.98,2024-01-01,True
EVI_VEH_REG_2405,RTO_Vehicle_Registry,VEH_2405,Maharashtra RTO Database,Official_Registration,0.98,2024-01-01,True
EVI_VEH_REG_2406,RTO_Vehicle_Registry,VEH_2406,Maharashtra RTO Database,Official_Registration,0.98,2024-01-01,True
EVI_VEH_REG_2407,RTO_Vehicle_Registry,VEH_2407,Maharashtra RTO Database,Official_Registration,0.98,2024-01-01,True
EVI_VEH_REG_2408,RTO_Vehicle_Registry,VEH_2408,Maharashtra RTO Database,Official_Registration,0.98,2024-01-01,True
EVI_VEH_REG_2409,RTO_Vehicle_Registry,VEH_2409,Maharashtra RTO Database,Official_Registration,0.98,2024-01-01,True
EVI_VEH_REG_2410,RTO_Vehicle_Registry,VEH_2410,Maharashtra RTO Database,Official_Registration,0.98,2024-01-01,True
EVI_VEH_REG_2411,RTO_Vehicle_Registry,VEH_2411,Maharashtra RTO Database,Official_Registration,0.98,2024-01-01,True
EVI_VEH_REG_2412,RTO_Vehicle_Registry,VEH_2412,Maharashtra RTO Database,Official_Registration,0.98,2024-01-01,True
EVI_VEH_REG_2413,RTO_Vehicle_Registry,VEH_2413,Maharashtra RTO Database,Official_Registration,0.98,2024-01-01,True
EVI_VEH_REG_2414,RTO_Vehicle_Registry,VEH_2414,Maharashtra RTO Database,Official_Registration,0.98,2024-01-01,True
EVI_VEH_REG_2415,RTO_Vehicle_Registry,VEH_2415,Maharashtra RTO Database,Official_Registration,0.98,2024-01-01,True
EVI_VEH_REG_2416,RTO_Vehicle_Registry,VEH_2416,Maharashtra RTO Database,Official_Registration,0.98,2024-01-01,True
EVI_VEH_REG_2417,RTO_Vehicle_Registry,VEH_2417,Maharashtra RTO Database,Official_Registration,0.98,2024-01-01,True
EVI_VEH_REG_2418,RTO_Vehicle_Registry,VEH_2418,Maharashtra RTO Database,Official_Registration,0.98,2024-01-01,True
EVI_VEH_REG_2419,RTO_Vehicle_Registry,VEH_2419,Maharashtra RTO Database,Official_Registration,0.98,2024-01-01,True
EVI_VEH_REG_2420,RTO_Vehicle_Registry,VEH_2420,Maharashtra RTO Database,Official_Registration,0.98,2024-01-01,True
EVI_VEH_REG_2421,RTO_Vehicle_Registry,VEH_2421,Maharashtra RTO Database,Official_Registration,0.98,2024-01-01,True
EVI_VEH_REG_2422,RTO_Vehicle_Registry,VEH_2422,Maharashtra RTO Database,Official_Registration,0.98,2024-01-01,True
EVI_VEH_REG_2423,RTO_Vehicle_Registry,VEH_2423,Maharashtra RTO Database,Official_Registration,0.98,2024-01-01,True
EVI_VEH_REG_2424,RTO_Vehicle_Registry,VEH_2424,Maharashtra RTO Database,Official_Registration,0.98,2024-01-01,True
EVI_VEH_REG_2425,RTO_Vehicle_Registry,VEH_2425,Maharashtra RTO Database,Official_Registration,0.98,2024-01-01,True
EVI_VEH_REG_2426,RTO_Vehicle_Registry,VEH_2426,Maharashtra RTO Database,Official_Registration,0.98,2024-01-01,True
EVI_VEH_REG_2427,RTO_Vehicle_Registry,VEH_2427,Maharashtra RTO Database,Official_Registration,0.98,2024-01-01,True
EVI_VEH_REG_2428,RTO_Vehicle_Registry,VEH_2428,Maharashtra RTO Database,Official_Registration,0.98,2024-01-01,True
EVI_VEH_REG_2429,RTO_Vehicle_Registry,VEH_2429,Maharashtra RTO Database,Official_Registration,0.98,2024-01-01,True
EVI_VEH_REG_2430,RTO_Vehicle_Registry,VEH_2430,Maharashtra RTO Database,Official_Registration,0.98,2024-01-01,True
EVI_VEH_REG_2431,RTO_Vehicle_Registry,VEH_2431,Maharashtra RTO Database,Official_Registration,0.98,2024-01-01,True
EVI_VEH_REG_2432,RTO_Vehicle_Registry,VEH_2432,Maharashtra RTO Database,Official_Registration,0.98,2024-01-01,True
EVI_VEH_REG_2433,RTO_Vehicle_Registry,VEH_2433,Maharashtra RTO Database,Official_Registration,0.98,2024-01-01,True
EVI_VEH_REG_2434,RTO_Vehicle_Registry,VEH_2434,Maharashtra RTO Database,Official_Registration,0.98,2024-01-01,True
EVI_VEH_REG_2435,RTO_Vehicle_Registry,VEH_2435,Maharashtra RTO Database,Official_Registration,0.98,2024-01-01,True
EVI_VEH_REG_2436,RTO_Vehicle_Registry,VEH_2436,Maharashtra RTO Database,Official_Registration,0.98,2024-01-01,True
EVI_VEH_REG_2437,RTO_Vehicle_Registry,VEH_2437,Maharashtra RTO Database,Official_Registration,0.98,2024-01-01,True
EVI_VEH_REG_2438,RTO_Vehicle_Registry,VEH_2438,Maharashtra RTO Database,Official_Registration,0.98,2024-01-01,True
EVI_VEH_REG_2439,RTO_Vehicle_Registry,VEH_2439,Maharashtra RTO Database,Official_Registration,0.98,2024-01-01,True
EVI_VEH_REG_2440,RTO_Vehicle_Registry,VEH_2440,Maharashtra RTO Database,Official_Registration,0.98,2024-01-01,True
EVI_VEH_REG_2441,RTO_Vehicle_Registry,VEH_2441,Maharashtra RTO Database,Official_Registration,0.98,2024-01-01,True
EVI_VEH_REG_2442,RTO_Vehicle_Registry,VEH_2442,Maharashtra RTO Database,Official_Registration,0.98,2024-01-01,True
EVI_VEH_REG_2443,RTO_Vehicle_Registry,VEH_2443,Maharashtra RTO Database,Official_Registration,0.98,2024-01-01,True
EVI_VEH_REG_2444,RTO_Vehicle_Registry,VEH_2444,Maharashtra RTO Database,Official_Registration,0.98,2024-01-01,True
EVI_VEH_REG_2445,RTO_Vehicle_Registry,VEH_2445,Maharashtra RTO Database,Official_Registration,0.98,2024-01-01,True
EVI_VEH_REG_2446,RTO_Vehicle_Registry,VEH_2446,Maharashtra RTO Database,Official_Registration,0.98,2024-01-01,True
EVI_VEH_REG_2447,RTO_Vehicle_Registry,VEH_2447,Maharashtra RTO Database,Official_Registration,0.98,2024-01-01,True
EVI_VEH_REG_2448,RTO_Vehicle_Registry,VEH_2448,Maharashtra RTO Database,Official_Registration,0.98,2024-01-01,True
EVI_VEH_REG_2449,RTO_Vehicle_Registry,VEH_2449,Maharashtra RTO Database,Official_Registration,0.98,2024-01-01,True
EVI_VEH_REG_2450,RTO_Vehicle_Registry,VEH_2450,Maharashtra RTO Database,Official_Registration,0.98,2024-01-01,True
EVI_VEH_REG_2451,RTO_Vehicle_Registry,VEH_2451,Maharashtra RTO Database,Official_Registration,0.98,2024-01-01,True
EVI_VEH_REG_2452,RTO_Vehicle_Registry,VEH_2452,Maharashtra RTO Database,Official_Registration,0.98,2024-01-01,True
EVI_VEH_REG_2453,RTO_Vehicle_Registry,VEH_2453,Maharashtra RTO Database,Official_Registration,0.98,2024-01-01,True
EVI_VEH_REG_2454,RTO_Vehicle_Registry,VEH_2454,Maharashtra RTO Database,Official_Registration,0.98,2024-01-01,True
EVI_VEH_REG_2455,RTO_Vehicle_Registry,VEH_2455,Maharashtra RTO Database,Official_Registration,0.98,2024-01-01,True
EVI_VEH_REG_2456,RTO_Vehicle_Registry,VEH_2456,Maharashtra RTO Database,Official_Registration,0.98,2024-01-01,True
EVI_VEH_REG_2457,RTO_Vehicle_Registry,VEH_2457,Maharashtra RTO Database,Official_Registration,0.98,2024-01-01,True
EVI_VEH_REG_2458,RTO_Vehicle_Registry,VEH_2458,Maharashtra RTO Database,Official_Registration,0.98,2024-01-01,True
EVI_VEH_REG_2459,RTO_Vehicle_Registry,VEH_2459,Maharashtra RTO Database,Official_Registration,0.98,2024-01-01,True
EVI_VEH_REG_2460,RTO_Vehicle_Registry,VEH_2460,Maharashtra RTO Database,Official_Registration,0.98,2024-01-01,True
EVI_VEH_REG_2461,RTO_Vehicle_Registry,VEH_2461,Maharashtra RTO Database,Official_Registration,0.98,2024-01-01,True
EVI_VEH_REG_2462,RTO_Vehicle_Registry,VEH_2462,Maharashtra RTO Database,Official_Registration,0.98,2024-01-01,True
EVI_VEH_REG_2463,RTO_Vehicle_Registry,VEH_2463,Maharashtra RTO Database,Official_Registration,0.98,2024-01-01,True
EVI_VEH_REG_2464,RTO_Vehicle_Registry,VEH_2464,Maharashtra RTO Database,Official_Registration,0.98,2024-01-01,True
EVI_VEH_REG_2465,RTO_Vehicle_Registry,VEH_2465,Maharashtra RTO Database,Official_Registration,0.98,2024-01-01,True
EVI_VEH_REG_2466,RTO_Vehicle_Registry,VEH_2466,Maharashtra RTO Database,Official_Registration,0.98,2024-01-01,True
EVI_VEH_REG_2467,RTO_Vehicle_Registry,VEH_2467,Maharashtra RTO Database,Official_Registration,0.98,2024-01-01,True
EVI_VEH_REG_2468,RTO_Vehicle_Registry,VEH_2468,Maharashtra RTO Database,Official_Registration,0.98,2024-01-01,True
EVI_VEH_REG_2469,RTO_Vehicle_Registry,VEH_2469,Maharashtra RTO Database,Official_Registration,0.98,2024-01-01,True
EVI_VEH_REG_2470,RTO_Vehicle_Registry,VEH_2470,Maharashtra RTO Database,Official_Registration,0.98,2024-01-01,True
EVI_VEH_REG_2471,RTO_Vehicle_Registry,VEH_2471,Maharashtra RTO Database,Official_Registration,0.98,2024-01-01,True
EVI_VEH_REG_2472,RTO_Vehicle_Registry,VEH_2472,Maharashtra RTO Database,Official_Registration,0.98,2024-01-01,True
EVI_VEH_REG_2473,RTO_Vehicle_Registry,VEH_2473,Maharashtra RTO Database,Official_Registration,0.98,2024-01-01,True
EVI_VEH_REG_2474,RTO_Vehicle_Registry,VEH_2474,Maharashtra RTO Database,Official_Registration,0.98,2024-01-01,True
EVI_VEH_REG_2475,RTO_Vehicle_Registry,VEH_2475,Maharashtra RTO Database,Official_Registration,0.98,2024-01-01,True
EVI_VEH_REG_2476,RTO_Vehicle_Registry,VEH_2476,Maharashtra RTO Database,Official_Registration,0.98,2024-01-01,True
EVI_VEH_REG_2477,RTO_Vehicle_Registry,VEH_2477,Maharashtra RTO Database,Official_Registration,0.98,2024-01-01,True
EVI_VEH_REG_2478,RTO_Vehicle_Registry,VEH_2478,Maharashtra RTO Database,Official_Registration,0.98,2024-01-01,True
EVI_VEH_REG_2479,RTO_Vehicle_Registry,VEH_2479,Maharashtra RTO Database,Official_Registration,0.98,2024-01-01,True
EVI_VEH_REG_2480,RTO_Vehicle_Registry,VEH_2480,Maharashtra RTO Database,Official_Registration,0.98,2024-01-01,True
EVI_VEH_REG_2481,RTO_Vehicle_Registry,VEH_2481,Maharashtra RTO Database,Official_Registration,0.98,2024-01-01,True
EVI_VEH_REG_2482,RTO_Vehicle_Registry,VEH_2482,Maharashtra RTO Database,Official_Registration,0.98,2024-01-01,True
EVI_VEH_REG_2483,RTO_Vehicle_Registry,VEH_2483,Maharashtra RTO Database,Official_Registration,0.98,2024-01-01,True
EVI_VEH_REG_2484,RTO_Vehicle_Registry,VEH_2484,Maharashtra RTO Database,Official_Registration,0.98,2024-01-01,True
EVI_VEH_REG_2485,RTO_Vehicle_Registry,VEH_2485,Maharashtra RTO Database,Official_Registration,0.98,2024-01-01,True
EVI_VEH_REG_2486,RTO_Vehicle_Registry,VEH_2486,Maharashtra RTO Database,Official_Registration,0.98,2024-01-01,True
EVI_VEH_REG_2487,RTO_Vehicle_Registry,VEH_2487,Maharashtra RTO Database,Official_Registration,0.98,2024-01-01,True
EVI_VEH_REG_2488,RTO_Vehicle_Registry,VEH_2488,Maharashtra RTO Database,Official_Registration,0.98,2024-01-01,True
EVI_VEH_REG_2489,RTO_Vehicle_Registry,VEH_2489,Maharashtra RTO Database,Official_Registration,0.98,2024-01-01,True
EVI_VEH_REG_2490,RTO_Vehicle_Registry,VEH_2490,Maharashtra RTO Database,Official_Registration,0.98,2024-01-01,True
EVI_VEH_REG_2491,RTO_Vehicle_Registry,VEH_2491,Maharashtra RTO Database,Official_Registration,0.98,2024-01-01,True
EVI_VEH_REG_2492,RTO_Vehicle_Registry,VEH_2492,Maharashtra RTO Database,Official_Registration,0.98,2024-01-01,True
EVI_VEH_REG_2493,RTO_Vehicle_Registry,VEH_2493,Maharashtra RTO Database,Official_Registration,0.98,2024-01-01,True
EVI_VEH_REG_2494,RTO_Vehicle_Registry,VEH_2494,Maharashtra RTO Database,Official_Registration,0.98,2024-01-01,True
EVI_VEH_REG_2495,RTO_Vehicle_Registry,VEH_2495,Maharashtra RTO Database,Official_Registration,0.98,2024-01-01,True
EVI_VEH_REG_2496,RTO_Vehicle_Registry,VEH_2496,Maharashtra RTO Database,Official_Registration,0.98,2024-01-01,True
EVI_VEH_REG_2497,RTO_Vehicle_Registry,VEH_2497,Maharashtra RTO Database,Official_Registration,0.98,2024-01-01,True
EVI_VEH_REG_2498,RTO_Vehicle_Registry,VEH_2498,Maharashtra RTO Database,Official_Registration,0.98,2024-01-01,True
EVI_VEH_REG_2499,RTO_Vehicle_Registry,VEH_2499,Maharashtra RTO Database,Official_Registration,0.98,2024-01-01,True
EVI_VEH_REG_2500,RTO_Vehicle_Registry,VEH_2500,Maharashtra RTO Database,Official_Registration,0.98,2024-01-01,True
EVI_CDR_CDR_000001,CDRRecord,CDR_000001,Telecommunication Switch,Telecommunication_Metadata,0.95,2025-03-01T21:25:10,True
EVI_CDR_CDR_000002,CDRRecord,CDR_000002,Telecommunication Switch,Telecommunication_Metadata,0.95,2027-08-06T01:19:23,True
EVI_CDR_CDR_000003,CDRRecord,CDR_000003,Telecommunication Switch,Telecommunication_Metadata,0.95,2026-05-06T14:29:58,True
EVI_CDR_CDR_000004,CDRRecord,CDR_000004,Telecommunication Switch,Telecommunication_Metadata,0.95,2026-01-30T20:31:45,True
EVI_CDR_CDR_000005,CDRRecord,CDR_000005,Telecommunication Switch,Telecommunication_Metadata,0.95,2027-11-19T05:14:59,True
EVI_CDR_CDR_000006,CDRRecord,CDR_000006,Telecommunication Switch,Telecommunication_Metadata,0.95,2026-11-26T02:05:18,True
EVI_CDR_CDR_000007,CDRRecord,CDR_000007,Telecommunication Switch,Telecommunication_Metadata,0.95,2025-05-09T15:19:54,True
EVI_CDR_CDR_000008,CDRRecord,CDR_000008,Telecommunication Switch,Telecommunication_Metadata,0.95,2026-12-01T03:52:50,True
EVI_CDR_CDR_000009,CDRRecord,CDR_000009,Telecommunication Switch,Telecommunication_Metadata,0.95,2025-12-26T18:29:10,True
EVI_CDR_CDR_000010,CDRRecord,CDR_000010,Telecommunication Switch,Telecommunication_Metadata,0.95,2025-02-12T08:38:53,True
EVI_CDR_CDR_000011,CDRRecord,CDR_000011,Telecommunication Switch,Telecommunication_Metadata,0.95,2025-03-27T03:06:28,True
EVI_CDR_CDR_000012,CDRRecord,CDR_000012,Telecommunication Switch,Telecommunication_Metadata,0.95,2025-07-04T01:44:18,True
EVI_CDR_CDR_000013,CDRRecord,CDR_000013,Telecommunication Switch,Telecommunication_Metadata,0.95,2027-10-28T02:16:03,True
EVI_CDR_CDR_000014,CDRRecord,CDR_000014,Telecommunication Switch,Telecommunication_Metadata,0.95,2025-04-22T13:22:27,True
EVI_CDR_CDR_000015,CDRRecord,CDR_000015,Telecommunication Switch,Telecommunication_Metadata,0.95,2027-04-05T17:18:16,True
EVI_CDR_CDR_000016,CDRRecord,CDR_000016,Telecommunication Switch,Telecommunication_Metadata,0.95,2026-02-08T04:07:51,True
EVI_CDR_CDR_000017,CDRRecord,CDR_000017,Telecommunication Switch,Telecommunication_Metadata,0.95,2025-04-07T06:19:00,True
EVI_CDR_CDR_000018,CDRRecord,CDR_000018,Telecommunication Switch,Telecommunication_Metadata,0.95,2026-11-17T18:34:00,True
EVI_CDR_CDR_000019,CDRRecord,CDR_000019,Telecommunication Switch,Telecommunication_Metadata,0.95,2025-03-23T22:50:13,True
EVI_CDR_CDR_000020,CDRRecord,CDR_000020,Telecommunication Switch,Telecommunication_Metadata,0.95,2026-07-27T02:42:22,True
EVI_CDR_CDR_000021,CDRRecord,CDR_000021,Telecommunication Switch,Telecommunication_Metadata,0.95,2027-03-04T12:34:02,True
EVI_CDR_CDR_000022,CDRRecord,CDR_000022,Telecommunication Switch,Telecommunication_Metadata,0.95,2025-10-16T16:02:13,True
EVI_CDR_CDR_000023,CDRRecord,CDR_000023,Telecommunication Switch,Telecommunication_Metadata,0.95,2025-11-15T11:54:00,True
EVI_CDR_CDR_000024,CDRRecord,CDR_000024,Telecommunication Switch,Telecommunication_Metadata,0.95,2027-12-05T10:56:18,True
EVI_CDR_CDR_000025,CDRRecord,CDR_000025,Telecommunication Switch,Telecommunication_Metadata,0.95,2027-04-19T08:14:03,True
EVI_CDR_CDR_000026,CDRRecord,CDR_000026,Telecommunication Switch,Telecommunication_Metadata,0.95,2026-11-13T19:31:22,True
EVI_CDR_CDR_000027,CDRRecord,CDR_000027,Telecommunication Switch,Telecommunication_Metadata,0.95,2025-06-18T06:33:03,True
EVI_CDR_CDR_000028,CDRRecord,CDR_000028,Telecommunication Switch,Telecommunication_Metadata,0.95,2027-12-05T10:56:18,True
EVI_CDR_CDR_000029,CDRRecord,CDR_000029,Telecommunication Switch,Telecommunication_Metadata,0.95,2025-12-25T22:21:00,True
EVI_CDR_CDR_000030,CDRRecord,CDR_000030,Telecommunication Switch,Telecommunication_Metadata,0.95,2026-02-08T05:02:11,True
EVI_CDR_CDR_000031,CDRRecord,CDR_000031,Telecommunication Switch,Telecommunication_Metadata,0.95,2025-09-06T00:30:46,True
EVI_CDR_CDR_000032,CDRRecord,CDR_000032,Telecommunication Switch,Telecommunication_Metadata,0.95,2026-06-04T16:27:25,True
EVI_CDR_CDR_000033,CDRRecord,CDR_000033,Telecommunication Switch,Telecommunication_Metadata,0.95,2025-04-16T15:40:46,True
EVI_CDR_CDR_000034,CDRRecord,CDR_000034,Telecommunication Switch,Telecommunication_Metadata,0.95,2025-05-10T21:39:53,True
EVI_CDR_CDR_000035,CDRRecord,CDR_000035,Telecommunication Switch,Telecommunication_Metadata,0.95,2027-12-16T23:00:02,True
EVI_CDR_CDR_000036,CDRRecord,CDR_000036,Telecommunication Switch,Telecommunication_Metadata,0.95,2025-06-18T10:30:27,True
EVI_CDR_CDR_000037,CDRRecord,CDR_000037,Telecommunication Switch,Telecommunication_Metadata,0.95,2026-12-16T05:38:09,True
EVI_CDR_CDR_000038,CDRRecord,CDR_000038,Telecommunication Switch,Telecommunication_Metadata,0.95,2025-04-14T12:53:58,True
EVI_CDR_CDR_000039,CDRRecord,CDR_000039,Telecommunication Switch,Telecommunication_Metadata,0.95,2025-01-30T19:36:15,True
EVI_CDR_CDR_000040,CDRRecord,CDR_000040,Telecommunication Switch,Telecommunication_Metadata,0.95,2025-07-11T03:36:27,True
EVI_CDR_CDR_000041,CDRRecord,CDR_000041,Telecommunication Switch,Telecommunication_Metadata,0.95,2025-03-21T06:13:51,True
EVI_CDR_CDR_000042,CDRRecord,CDR_000042,Telecommunication Switch,Telecommunication_Metadata,0.95,2025-12-31T23:29:59,True
EVI_CDR_CDR_000043,CDRRecord,CDR_000043,Telecommunication Switch,Telecommunication_Metadata,0.95,2027-01-04T16:09:13,True
EVI_CDR_CDR_000044,CDRRecord,CDR_000044,Telecommunication Switch,Telecommunication_Metadata,0.95,2027-03-06T07:18:38,True
EVI_CDR_CDR_000045,CDRRecord,CDR_000045,Telecommunication Switch,Telecommunication_Metadata,0.95,2027-05-20T16:45:05,True
EVI_CDR_CDR_000046,CDRRecord,CDR_000046,Telecommunication Switch,Telecommunication_Metadata,0.95,2025-04-08T14:28:09,True
EVI_CDR_CDR_000047,CDRRecord,CDR_000047,Telecommunication Switch,Telecommunication_Metadata,0.95,2026-04-06T17:16:56,True
EVI_CDR_CDR_000048,CDRRecord,CDR_000048,Telecommunication Switch,Telecommunication_Metadata,0.95,2026-12-19T07:56:09,True
EVI_CDR_CDR_000049,CDRRecord,CDR_000049,Telecommunication Switch,Telecommunication_Metadata,0.95,2027-03-14T21:14:44,True
EVI_CDR_CDR_000050,CDRRecord,CDR_000050,Telecommunication Switch,Telecommunication_Metadata,0.95,2025-06-11T07:24:45,True
EVI_CDR_CDR_000051,CDRRecord,CDR_000051,Telecommunication Switch,Telecommunication_Metadata,0.95,2025-06-04T12:02:23,True
EVI_CDR_CDR_000052,CDRRecord,CDR_000052,Telecommunication Switch,Telecommunication_Metadata,0.95,2027-11-09T22:25:28,True
EVI_CDR_CDR_000053,CDRRecord,CDR_000053,Telecommunication Switch,Telecommunication_Metadata,0.95,2025-03-08T09:37:55,True
EVI_CDR_CDR_000054,CDRRecord,CDR_000054,Telecommunication Switch,Telecommunication_Metadata,0.95,2027-11-10T23:02:35,True
EVI_CDR_CDR_000055,CDRRecord,CDR_000055,Telecommunication Switch,Telecommunication_Metadata,0.95,2026-06-04T16:27:25,True
EVI_CDR_CDR_000056,CDRRecord,CDR_000056,Telecommunication Switch,Telecommunication_Metadata,0.95,2025-03-21T06:13:51,True
EVI_CDR_CDR_000057,CDRRecord,CDR_000057,Telecommunication Switch,Telecommunication_Metadata,0.95,2025-10-13T15:15:21,True
EVI_CDR_CDR_000058,CDRRecord,CDR_000058,Telecommunication Switch,Telecommunication_Metadata,0.95,2027-02-07T05:48:05,True
EVI_CDR_CDR_000059,CDRRecord,CDR_000059,Telecommunication Switch,Telecommunication_Metadata,0.95,2026-06-04T22:45:59,True
EVI_CDR_CDR_000060,CDRRecord,CDR_000060,Telecommunication Switch,Telecommunication_Metadata,0.95,2027-12-19T11:12:07,True
EVI_CDR_CDR_000061,CDRRecord,CDR_000061,Telecommunication Switch,Telecommunication_Metadata,0.95,2027-04-06T11:19:28,True
EVI_CDR_CDR_000062,CDRRecord,CDR_000062,Telecommunication Switch,Telecommunication_Metadata,0.95,2026-05-30T19:44:18,True
EVI_CDR_CDR_000063,CDRRecord,CDR_000063,Telecommunication Switch,Telecommunication_Metadata,0.95,2027-12-15T19:49:21,True
EVI_CDR_CDR_000064,CDRRecord,CDR_000064,Telecommunication Switch,Telecommunication_Metadata,0.95,2026-09-30T13:39:52,True
EVI_CDR_CDR_000065,CDRRecord,CDR_000065,Telecommunication Switch,Telecommunication_Metadata,0.95,2025-04-14T12:35:09,True
EVI_CDR_CDR_000066,CDRRecord,CDR_000066,Telecommunication Switch,Telecommunication_Metadata,0.95,2025-02-22T15:15:50,True
EVI_CDR_CDR_000067,CDRRecord,CDR_000067,Telecommunication Switch,Telecommunication_Metadata,0.95,2026-09-18T01:21:28,True
EVI_CDR_CDR_000068,CDRRecord,CDR_000068,Telecommunication Switch,Telecommunication_Metadata,0.95,2025-10-10T08:11:13,True
EVI_CDR_CDR_000069,CDRRecord,CDR_000069,Telecommunication Switch,Telecommunication_Metadata,0.95,2025-09-05T02:18:12,True
EVI_CDR_CDR_000070,CDRRecord,CDR_000070,Telecommunication Switch,Telecommunication_Metadata,0.95,2026-12-10T16:38:49,True
EVI_CDR_CDR_000071,CDRRecord,CDR_000071,Telecommunication Switch,Telecommunication_Metadata,0.95,2027-04-09T16:21:33,True
EVI_CDR_CDR_000072,CDRRecord,CDR_000072,Telecommunication Switch,Telecommunication_Metadata,0.95,2026-08-27T13:26:33,True
EVI_CDR_CDR_000073,CDRRecord,CDR_000073,Telecommunication Switch,Telecommunication_Metadata,0.95,2026-06-21T12:17:25,True
EVI_CDR_CDR_000074,CDRRecord,CDR_000074,Telecommunication Switch,Telecommunication_Metadata,0.95,2025-03-28T03:40:56,True
EVI_CDR_CDR_000075,CDRRecord,CDR_000075,Telecommunication Switch,Telecommunication_Metadata,0.95,2026-04-24T12:50:10,True
EVI_CDR_CDR_000076,CDRRecord,CDR_000076,Telecommunication Switch,Telecommunication_Metadata,0.95,2026-10-25T23:51:58,True
EVI_CDR_CDR_000077,CDRRecord,CDR_000077,Telecommunication Switch,Telecommunication_Metadata,0.95,2027-01-02T04:18:15,True
EVI_CDR_CDR_000078,CDRRecord,CDR_000078,Telecommunication Switch,Telecommunication_Metadata,0.95,2026-12-28T23:39:42,True
EVI_CDR_CDR_000079,CDRRecord,CDR_000079,Telecommunication Switch,Telecommunication_Metadata,0.95,2027-09-23T20:38:09,True
EVI_CDR_CDR_000080,CDRRecord,CDR_000080,Telecommunication Switch,Telecommunication_Metadata,0.95,2025-10-30T04:06:30,True
EVI_CDR_CDR_000081,CDRRecord,CDR_000081,Telecommunication Switch,Telecommunication_Metadata,0.95,2025-06-21T19:50:26,True
EVI_CDR_CDR_000082,CDRRecord,CDR_000082,Telecommunication Switch,Telecommunication_Metadata,0.95,2026-06-08T05:22:22,True
EVI_CDR_CDR_000083,CDRRecord,CDR_000083,Telecommunication Switch,Telecommunication_Metadata,0.95,2026-04-15T11:04:17,True
EVI_CDR_CDR_000084,CDRRecord,CDR_000084,Telecommunication Switch,Telecommunication_Metadata,0.95,2026-01-05T17:16:03,True
EVI_CDR_CDR_000085,CDRRecord,CDR_000085,Telecommunication Switch,Telecommunication_Metadata,0.95,2025-05-09T10:57:49,True
EVI_CDR_CDR_000086,CDRRecord,CDR_000086,Telecommunication Switch,Telecommunication_Metadata,0.95,2026-04-20T13:36:11,True
EVI_CDR_CDR_000087,CDRRecord,CDR_000087,Telecommunication Switch,Telecommunication_Metadata,0.95,2027-11-26T17:04:34,True
EVI_CDR_CDR_000088,CDRRecord,CDR_000088,Telecommunication Switch,Telecommunication_Metadata,0.95,2027-07-12T04:10:58,True
EVI_CDR_CDR_000089,CDRRecord,CDR_000089,Telecommunication Switch,Telecommunication_Metadata,0.95,2026-04-22T00:20:31,True
EVI_CDR_CDR_000090,CDRRecord,CDR_000090,Telecommunication Switch,Telecommunication_Metadata,0.95,2027-10-09T01:11:28,True
EVI_CDR_CDR_000091,CDRRecord,CDR_000091,Telecommunication Switch,Telecommunication_Metadata,0.95,2027-01-15T10:59:59,True
EVI_CDR_CDR_000092,CDRRecord,CDR_000092,Telecommunication Switch,Telecommunication_Metadata,0.95,2027-05-15T02:44:29,True
EVI_CDR_CDR_000093,CDRRecord,CDR_000093,Telecommunication Switch,Telecommunication_Metadata,0.95,2025-04-30T08:05:02,True
EVI_CDR_CDR_000094,CDRRecord,CDR_000094,Telecommunication Switch,Telecommunication_Metadata,0.95,2026-04-08T13:12:17,True
EVI_CDR_CDR_000095,CDRRecord,CDR_000095,Telecommunication Switch,Telecommunication_Metadata,0.95,2027-11-15T07:37:59,True
EVI_CDR_CDR_000096,CDRRecord,CDR_000096,Telecommunication Switch,Telecommunication_Metadata,0.95,2025-05-05T20:37:08,True
EVI_CDR_CDR_000097,CDRRecord,CDR_000097,Telecommunication Switch,Telecommunication_Metadata,0.95,2027-09-03T23:44:58,True
EVI_CDR_CDR_000098,CDRRecord,CDR_000098,Telecommunication Switch,Telecommunication_Metadata,0.95,2027-06-25T19:23:42,True
EVI_CDR_CDR_000099,CDRRecord,CDR_000099,Telecommunication Switch,Telecommunication_Metadata,0.95,2027-05-30T02:05:52,True
EVI_CDR_CDR_000100,CDRRecord,CDR_000100,Telecommunication Switch,Telecommunication_Metadata,0.95,2026-12-25T10:27:29,True
EVI_CDR_CDR_000101,CDRRecord,CDR_000101,Telecommunication Switch,Telecommunication_Metadata,0.95,2027-08-21T03:36:18,True
EVI_CDR_CDR_000102,CDRRecord,CDR_000102,Telecommunication Switch,Telecommunication_Metadata,0.95,2026-06-26T06:10:41,True
EVI_CDR_CDR_000103,CDRRecord,CDR_000103,Telecommunication Switch,Telecommunication_Metadata,0.95,2027-11-20T10:22:26,True
EVI_CDR_CDR_000104,CDRRecord,CDR_000104,Telecommunication Switch,Telecommunication_Metadata,0.95,2026-09-15T21:45:52,True
EVI_CDR_CDR_000105,CDRRecord,CDR_000105,Telecommunication Switch,Telecommunication_Metadata,0.95,2026-04-22T18:50:11,True
EVI_CDR_CDR_000106,CDRRecord,CDR_000106,Telecommunication Switch,Telecommunication_Metadata,0.95,2026-10-17T13:59:54,True
EVI_CDR_CDR_000107,CDRRecord,CDR_000107,Telecommunication Switch,Telecommunication_Metadata,0.95,2026-09-12T18:28:17,True
EVI_CDR_CDR_000108,CDRRecord,CDR_000108,Telecommunication Switch,Telecommunication_Metadata,0.95,2026-04-23T13:10:19,True
EVI_CDR_CDR_000109,CDRRecord,CDR_000109,Telecommunication Switch,Telecommunication_Metadata,0.95,2027-03-01T03:20:26,True
EVI_CDR_CDR_000110,CDRRecord,CDR_000110,Telecommunication Switch,Telecommunication_Metadata,0.95,2026-04-22T07:28:42,True
EVI_CDR_CDR_000111,CDRRecord,CDR_000111,Telecommunication Switch,Telecommunication_Metadata,0.95,2025-12-15T23:52:59,True
EVI_CDR_CDR_000112,CDRRecord,CDR_000112,Telecommunication Switch,Telecommunication_Metadata,0.95,2025-11-23T19:26:50,True
EVI_CDR_CDR_000113,CDRRecord,CDR_000113,Telecommunication Switch,Telecommunication_Metadata,0.95,2025-12-27T23:42:12,True
EVI_CDR_CDR_000114,CDRRecord,CDR_000114,Telecommunication Switch,Telecommunication_Metadata,0.95,2025-04-17T15:00:08,True
EVI_CDR_CDR_000115,CDRRecord,CDR_000115,Telecommunication Switch,Telecommunication_Metadata,0.95,2027-01-09T19:46:16,True
EVI_CDR_CDR_000116,CDRRecord,CDR_000116,Telecommunication Switch,Telecommunication_Metadata,0.95,2025-11-24T20:51:28,True
EVI_CDR_CDR_000117,CDRRecord,CDR_000117,Telecommunication Switch,Telecommunication_Metadata,0.95,2025-11-01T20:06:24,True
EVI_CDR_CDR_000118,CDRRecord,CDR_000118,Telecommunication Switch,Telecommunication_Metadata,0.95,2026-12-20T12:12:13,True
EVI_CDR_CDR_000119,CDRRecord,CDR_000119,Telecommunication Switch,Telecommunication_Metadata,0.95,2027-01-07T22:16:39,True
EVI_CDR_CDR_000120,CDRRecord,CDR_000120,Telecommunication Switch,Telecommunication_Metadata,0.95,2027-10-10T10:31:20,True
EVI_CDR_CDR_000121,CDRRecord,CDR_000121,Telecommunication Switch,Telecommunication_Metadata,0.95,2025-10-31T10:59:56,True
EVI_CDR_CDR_000122,CDRRecord,CDR_000122,Telecommunication Switch,Telecommunication_Metadata,0.95,2026-01-09T13:05:39,True
EVI_CDR_CDR_000123,CDRRecord,CDR_000123,Telecommunication Switch,Telecommunication_Metadata,0.95,2025-07-21T22:40:33,True
EVI_CDR_CDR_000124,CDRRecord,CDR_000124,Telecommunication Switch,Telecommunication_Metadata,0.95,2025-03-02T15:43:46,True
EVI_CDR_CDR_000125,CDRRecord,CDR_000125,Telecommunication Switch,Telecommunication_Metadata,0.95,2027-05-04T09:03:11,True
EVI_CDR_CDR_000126,CDRRecord,CDR_000126,Telecommunication Switch,Telecommunication_Metadata,0.95,2026-11-20T11:46:03,True
EVI_CDR_CDR_000127,CDRRecord,CDR_000127,Telecommunication Switch,Telecommunication_Metadata,0.95,2026-03-09T02:13:09,True
EVI_CDR_CDR_000128,CDRRecord,CDR_000128,Telecommunication Switch,Telecommunication_Metadata,0.95,2026-12-21T03:34:59,True
EVI_CDR_CDR_000129,CDRRecord,CDR_000129,Telecommunication Switch,Telecommunication_Metadata,0.95,2026-04-18T07:54:37,True
EVI_CDR_CDR_000130,CDRRecord,CDR_000130,Telecommunication Switch,Telecommunication_Metadata,0.95,2026-05-18T04:43:29,True
EVI_CDR_CDR_000131,CDRRecord,CDR_000131,Telecommunication Switch,Telecommunication_Metadata,0.95,2027-07-26T06:26:46,True
EVI_CDR_CDR_000132,CDRRecord,CDR_000132,Telecommunication Switch,Telecommunication_Metadata,0.95,2026-05-18T04:43:29,True
EVI_CDR_CDR_000133,CDRRecord,CDR_000133,Telecommunication Switch,Telecommunication_Metadata,0.95,2025-12-19T15:10:00,True
EVI_CDR_CDR_000134,CDRRecord,CDR_000134,Telecommunication Switch,Telecommunication_Metadata,0.95,2027-03-01T03:20:26,True
EVI_CDR_CDR_000135,CDRRecord,CDR_000135,Telecommunication Switch,Telecommunication_Metadata,0.95,2027-10-05T09:37:44,True
EVI_CDR_CDR_000136,CDRRecord,CDR_000136,Telecommunication Switch,Telecommunication_Metadata,0.95,2027-04-09T16:21:33,True
EVI_CDR_CDR_000137,CDRRecord,CDR_000137,Telecommunication Switch,Telecommunication_Metadata,0.95,2027-05-11T20:18:36,True
EVI_CDR_CDR_000138,CDRRecord,CDR_000138,Telecommunication Switch,Telecommunication_Metadata,0.95,2025-10-23T20:14:05,True
EVI_CDR_CDR_000139,CDRRecord,CDR_000139,Telecommunication Switch,Telecommunication_Metadata,0.95,2025-09-01T10:17:52,True
EVI_CDR_CDR_000140,CDRRecord,CDR_000140,Telecommunication Switch,Telecommunication_Metadata,0.95,2026-08-05T14:08:30,True
EVI_CDR_CDR_000141,CDRRecord,CDR_000141,Telecommunication Switch,Telecommunication_Metadata,0.95,2026-03-07T18:52:32,True
EVI_CDR_CDR_000142,CDRRecord,CDR_000142,Telecommunication Switch,Telecommunication_Metadata,0.95,2025-03-23T22:50:13,True
EVI_CDR_CDR_000143,CDRRecord,CDR_000143,Telecommunication Switch,Telecommunication_Metadata,0.95,2026-05-20T20:26:24,True
EVI_CDR_CDR_000144,CDRRecord,CDR_000144,Telecommunication Switch,Telecommunication_Metadata,0.95,2026-04-11T09:11:22,True
EVI_CDR_CDR_000145,CDRRecord,CDR_000145,Telecommunication Switch,Telecommunication_Metadata,0.95,2027-08-09T06:30:05,True
EVI_CDR_CDR_000146,CDRRecord,CDR_000146,Telecommunication Switch,Telecommunication_Metadata,0.95,2025-01-13T08:34:30,True
EVI_CDR_CDR_000147,CDRRecord,CDR_000147,Telecommunication Switch,Telecommunication_Metadata,0.95,2027-09-24T18:05:07,True
EVI_CDR_CDR_000148,CDRRecord,CDR_000148,Telecommunication Switch,Telecommunication_Metadata,0.95,2027-03-23T07:19:25,True
EVI_CDR_CDR_000149,CDRRecord,CDR_000149,Telecommunication Switch,Telecommunication_Metadata,0.95,2025-07-08T20:39:24,True
EVI_CDR_CDR_000150,CDRRecord,CDR_000150,Telecommunication Switch,Telecommunication_Metadata,0.95,2026-03-14T07:25:24,True
EVI_CDR_CDR_000151,CDRRecord,CDR_000151,Telecommunication Switch,Telecommunication_Metadata,0.95,2026-04-01T03:23:16,True
EVI_CDR_CDR_000152,CDRRecord,CDR_000152,Telecommunication Switch,Telecommunication_Metadata,0.95,2025-04-17T15:00:08,True
EVI_CDR_CDR_000153,CDRRecord,CDR_000153,Telecommunication Switch,Telecommunication_Metadata,0.95,2026-03-18T20:11:50,True
EVI_CDR_CDR_000154,CDRRecord,CDR_000154,Telecommunication Switch,Telecommunication_Metadata,0.95,2025-04-04T13:34:03,True
EVI_CDR_CDR_000155,CDRRecord,CDR_000155,Telecommunication Switch,Telecommunication_Metadata,0.95,2026-05-13T12:14:17,True
EVI_CDR_CDR_000156,CDRRecord,CDR_000156,Telecommunication Switch,Telecommunication_Metadata,0.95,2025-12-29T13:48:12,True
EVI_CDR_CDR_000157,CDRRecord,CDR_000157,Telecommunication Switch,Telecommunication_Metadata,0.95,2027-04-19T05:00:47,True
EVI_CDR_CDR_000158,CDRRecord,CDR_000158,Telecommunication Switch,Telecommunication_Metadata,0.95,2027-07-12T04:10:58,True
EVI_CDR_CDR_000159,CDRRecord,CDR_000159,Telecommunication Switch,Telecommunication_Metadata,0.95,2026-08-04T18:47:01,True
EVI_CDR_CDR_000160,CDRRecord,CDR_000160,Telecommunication Switch,Telecommunication_Metadata,0.95,2025-03-28T03:40:56,True
EVI_CDR_CDR_000161,CDRRecord,CDR_000161,Telecommunication Switch,Telecommunication_Metadata,0.95,2025-02-12T04:47:04,True
EVI_CDR_CDR_000162,CDRRecord,CDR_000162,Telecommunication Switch,Telecommunication_Metadata,0.95,2025-04-28T12:39:42,True
EVI_CDR_CDR_000163,CDRRecord,CDR_000163,Telecommunication Switch,Telecommunication_Metadata,0.95,2025-04-13T05:36:58,True
EVI_CDR_CDR_000164,CDRRecord,CDR_000164,Telecommunication Switch,Telecommunication_Metadata,0.95,2025-10-02T07:15:44,True
EVI_CDR_CDR_000165,CDRRecord,CDR_000165,Telecommunication Switch,Telecommunication_Metadata,0.95,2026-10-20T03:36:46,True
EVI_CDR_CDR_000166,CDRRecord,CDR_000166,Telecommunication Switch,Telecommunication_Metadata,0.95,2027-06-26T22:00:54,True
EVI_CDR_CDR_000167,CDRRecord,CDR_000167,Telecommunication Switch,Telecommunication_Metadata,0.95,2025-02-07T08:28:15,True
EVI_CDR_CDR_000168,CDRRecord,CDR_000168,Telecommunication Switch,Telecommunication_Metadata,0.95,2027-12-13T13:35:15,True
EVI_CDR_CDR_000169,CDRRecord,CDR_000169,Telecommunication Switch,Telecommunication_Metadata,0.95,2025-04-01T20:54:03,True
EVI_CDR_CDR_000170,CDRRecord,CDR_000170,Telecommunication Switch,Telecommunication_Metadata,0.95,2025-04-10T08:31:32,True
EVI_CDR_CDR_000171,CDRRecord,CDR_000171,Telecommunication Switch,Telecommunication_Metadata,0.95,2027-06-09T17:32:36,True
EVI_CDR_CDR_000172,CDRRecord,CDR_000172,Telecommunication Switch,Telecommunication_Metadata,0.95,2026-07-30T13:46:55,True
EVI_CDR_CDR_000173,CDRRecord,CDR_000173,Telecommunication Switch,Telecommunication_Metadata,0.95,2026-06-21T12:17:25,True
EVI_CDR_CDR_000174,CDRRecord,CDR_000174,Telecommunication Switch,Telecommunication_Metadata,0.95,2026-04-11T09:11:22,True
EVI_CDR_CDR_000175,CDRRecord,CDR_000175,Telecommunication Switch,Telecommunication_Metadata,0.95,2027-12-15T19:49:21,True
EVI_CDR_CDR_000176,CDRRecord,CDR_000176,Telecommunication Switch,Telecommunication_Metadata,0.95,2025-04-28T12:39:42,True
EVI_CDR_CDR_000177,CDRRecord,CDR_000177,Telecommunication Switch,Telecommunication_Metadata,0.95,2025-10-20T23:49:15,True
EVI_CDR_CDR_000178,CDRRecord,CDR_000178,Telecommunication Switch,Telecommunication_Metadata,0.95,2026-04-23T13:10:19,True
EVI_CDR_CDR_000179,CDRRecord,CDR_000179,Telecommunication Switch,Telecommunication_Metadata,0.95,2025-12-23T16:31:13,True
EVI_CDR_CDR_000180,CDRRecord,CDR_000180,Telecommunication Switch,Telecommunication_Metadata,0.95,2027-09-10T21:25:39,True
EVI_CDR_CDR_000181,CDRRecord,CDR_000181,Telecommunication Switch,Telecommunication_Metadata,0.95,2026-10-22T22:26:48,True
EVI_CDR_CDR_000182,CDRRecord,CDR_000182,Telecommunication Switch,Telecommunication_Metadata,0.95,2026-06-12T02:12:03,True
EVI_CDR_CDR_000183,CDRRecord,CDR_000183,Telecommunication Switch,Telecommunication_Metadata,0.95,2025-07-04T01:44:18,True
EVI_CDR_CDR_000184,CDRRecord,CDR_000184,Telecommunication Switch,Telecommunication_Metadata,0.95,2027-09-08T07:41:50,True
EVI_CDR_CDR_000185,CDRRecord,CDR_000185,Telecommunication Switch,Telecommunication_Metadata,0.95,2025-01-18T04:29:59,True
EVI_CDR_CDR_000186,CDRRecord,CDR_000186,Telecommunication Switch,Telecommunication_Metadata,0.95,2027-03-02T01:49:32,True
EVI_CDR_CDR_000187,CDRRecord,CDR_000187,Telecommunication Switch,Telecommunication_Metadata,0.95,2025-09-06T00:30:46,True
EVI_CDR_CDR_000188,CDRRecord,CDR_000188,Telecommunication Switch,Telecommunication_Metadata,0.95,2026-06-09T01:50:58,True
EVI_CDR_CDR_000189,CDRRecord,CDR_000189,Telecommunication Switch,Telecommunication_Metadata,0.95,2025-07-11T11:38:24,True
EVI_CDR_CDR_000190,CDRRecord,CDR_000190,Telecommunication Switch,Telecommunication_Metadata,0.95,2026-12-28T23:39:42,True
EVI_CDR_CDR_000191,CDRRecord,CDR_000191,Telecommunication Switch,Telecommunication_Metadata,0.95,2026-07-29T04:53:09,True
EVI_CDR_CDR_000192,CDRRecord,CDR_000192,Telecommunication Switch,Telecommunication_Metadata,0.95,2026-01-26T18:54:22,True
EVI_CDR_CDR_000193,CDRRecord,CDR_000193,Telecommunication Switch,Telecommunication_Metadata,0.95,2025-09-27T17:47:24,True
EVI_CDR_CDR_000194,CDRRecord,CDR_000194,Telecommunication Switch,Telecommunication_Metadata,0.95,2025-12-19T05:08:57,True
EVI_CDR_CDR_000195,CDRRecord,CDR_000195,Telecommunication Switch,Telecommunication_Metadata,0.95,2025-06-13T02:08:05,True
EVI_CDR_CDR_000196,CDRRecord,CDR_000196,Telecommunication Switch,Telecommunication_Metadata,0.95,2026-09-23T13:58:48,True
EVI_CDR_CDR_000197,CDRRecord,CDR_000197,Telecommunication Switch,Telecommunication_Metadata,0.95,2025-04-09T01:53:59,True
EVI_CDR_CDR_000198,CDRRecord,CDR_000198,Telecommunication Switch,Telecommunication_Metadata,0.95,2026-02-05T01:39:03,True
EVI_CDR_CDR_000199,CDRRecord,CDR_000199,Telecommunication Switch,Telecommunication_Metadata,0.95,2026-07-30T20:26:59,True
EVI_CDR_CDR_000200,CDRRecord,CDR_000200,Telecommunication Switch,Telecommunication_Metadata,0.95,2026-08-21T13:03:32,True
EVI_CDR_CDR_000201,CDRRecord,CDR_000201,Telecommunication Switch,Telecommunication_Metadata,0.95,2027-08-24T16:00:37,True
EVI_CDR_CDR_000202,CDRRecord,CDR_000202,Telecommunication Switch,Telecommunication_Metadata,0.95,2025-01-18T20:05:05,True
EVI_CDR_CDR_000203,CDRRecord,CDR_000203,Telecommunication Switch,Telecommunication_Metadata,0.95,2026-04-25T09:49:18,True
EVI_CDR_CDR_000204,CDRRecord,CDR_000204,Telecommunication Switch,Telecommunication_Metadata,0.95,2027-11-21T02:42:00,True
EVI_CDR_CDR_000205,CDRRecord,CDR_000205,Telecommunication Switch,Telecommunication_Metadata,0.95,2025-03-24T12:21:13,True
EVI_CDR_CDR_000206,CDRRecord,CDR_000206,Telecommunication Switch,Telecommunication_Metadata,0.95,2026-11-20T11:46:03,True
EVI_CDR_CDR_000207,CDRRecord,CDR_000207,Telecommunication Switch,Telecommunication_Metadata,0.95,2027-06-20T14:51:32,True
EVI_CDR_CDR_000208,CDRRecord,CDR_000208,Telecommunication Switch,Telecommunication_Metadata,0.95,2025-04-14T10:04:25,True
EVI_CDR_CDR_000209,CDRRecord,CDR_000209,Telecommunication Switch,Telecommunication_Metadata,0.95,2027-05-24T16:43:37,True
EVI_CDR_CDR_000210,CDRRecord,CDR_000210,Telecommunication Switch,Telecommunication_Metadata,0.95,2026-05-02T23:33:10,True
EVI_CDR_CDR_000211,CDRRecord,CDR_000211,Telecommunication Switch,Telecommunication_Metadata,0.95,2025-12-01T04:11:58,True
EVI_CDR_CDR_000212,CDRRecord,CDR_000212,Telecommunication Switch,Telecommunication_Metadata,0.95,2027-12-15T19:49:21,True
EVI_CDR_CDR_000213,CDRRecord,CDR_000213,Telecommunication Switch,Telecommunication_Metadata,0.95,2025-07-03T03:40:24,True
EVI_CDR_CDR_000214,CDRRecord,CDR_000214,Telecommunication Switch,Telecommunication_Metadata,0.95,2025-09-05T15:19:36,True
EVI_CDR_CDR_000215,CDRRecord,CDR_000215,Telecommunication Switch,Telecommunication_Metadata,0.95,2025-01-06T18:10:10,True
EVI_CDR_CDR_000216,CDRRecord,CDR_000216,Telecommunication Switch,Telecommunication_Metadata,0.95,2026-05-25T13:10:53,True
EVI_CDR_CDR_000217,CDRRecord,CDR_000217,Telecommunication Switch,Telecommunication_Metadata,0.95,2027-02-17T07:32:56,True
EVI_CDR_CDR_000218,CDRRecord,CDR_000218,Telecommunication Switch,Telecommunication_Metadata,0.95,2027-01-21T10:44:31,True
EVI_CDR_CDR_000219,CDRRecord,CDR_000219,Telecommunication Switch,Telecommunication_Metadata,0.95,2026-12-26T19:05:42,True
EVI_CDR_CDR_000220,CDRRecord,CDR_000220,Telecommunication Switch,Telecommunication_Metadata,0.95,2026-08-11T09:29:39,True
EVI_CDR_CDR_000221,CDRRecord,CDR_000221,Telecommunication Switch,Telecommunication_Metadata,0.95,2025-10-14T21:06:59,True
EVI_CDR_CDR_000222,CDRRecord,CDR_000222,Telecommunication Switch,Telecommunication_Metadata,0.95,2025-05-10T21:39:53,True
EVI_CDR_CDR_000223,CDRRecord,CDR_000223,Telecommunication Switch,Telecommunication_Metadata,0.95,2027-07-03T18:43:11,True
EVI_CDR_CDR_000224,CDRRecord,CDR_000224,Telecommunication Switch,Telecommunication_Metadata,0.95,2026-05-22T11:13:45,True
EVI_CDR_CDR_000225,CDRRecord,CDR_000225,Telecommunication Switch,Telecommunication_Metadata,0.95,2027-11-25T06:30:16,True
EVI_CDR_CDR_000226,CDRRecord,CDR_000226,Telecommunication Switch,Telecommunication_Metadata,0.95,2026-04-24T12:50:10,True
EVI_CDR_CDR_000227,CDRRecord,CDR_000227,Telecommunication Switch,Telecommunication_Metadata,0.95,2026-04-22T07:46:50,True
EVI_CDR_CDR_000228,CDRRecord,CDR_000228,Telecommunication Switch,Telecommunication_Metadata,0.95,2025-02-07T08:28:15,True
EVI_CDR_CDR_000229,CDRRecord,CDR_000229,Telecommunication Switch,Telecommunication_Metadata,0.95,2027-08-13T10:07:14,True
EVI_CDR_CDR_000230,CDRRecord,CDR_000230,Telecommunication Switch,Telecommunication_Metadata,0.95,2027-01-05T17:04:47,True
EVI_CDR_CDR_000231,CDRRecord,CDR_000231,Telecommunication Switch,Telecommunication_Metadata,0.95,2027-04-19T21:42:28,True
EVI_CDR_CDR_000232,CDRRecord,CDR_000232,Telecommunication Switch,Telecommunication_Metadata,0.95,2026-12-18T12:04:40,True
EVI_CDR_CDR_000233,CDRRecord,CDR_000233,Telecommunication Switch,Telecommunication_Metadata,0.95,2026-04-23T13:10:19,True
EVI_CDR_CDR_000234,CDRRecord,CDR_000234,Telecommunication Switch,Telecommunication_Metadata,0.95,2026-01-24T11:48:37,True
EVI_CDR_CDR_000235,CDRRecord,CDR_000235,Telecommunication Switch,Telecommunication_Metadata,0.95,2025-04-10T22:01:16,True
EVI_CDR_CDR_000236,CDRRecord,CDR_000236,Telecommunication Switch,Telecommunication_Metadata,0.95,2027-02-01T07:57:48,True
EVI_CDR_CDR_000237,CDRRecord,CDR_000237,Telecommunication Switch,Telecommunication_Metadata,0.95,2027-06-24T07:56:00,True
EVI_CDR_CDR_000238,CDRRecord,CDR_000238,Telecommunication Switch,Telecommunication_Metadata,0.95,2025-04-05T17:14:30,True
EVI_CDR_CDR_000239,CDRRecord,CDR_000239,Telecommunication Switch,Telecommunication_Metadata,0.95,2027-12-20T11:33:08,True
EVI_CDR_CDR_000240,CDRRecord,CDR_000240,Telecommunication Switch,Telecommunication_Metadata,0.95,2025-01-05T14:55:36,True
EVI_CDR_CDR_000241,CDRRecord,CDR_000241,Telecommunication Switch,Telecommunication_Metadata,0.95,2025-03-15T16:27:13,True
EVI_CDR_CDR_000242,CDRRecord,CDR_000242,Telecommunication Switch,Telecommunication_Metadata,0.95,2027-04-13T16:24:09,True
EVI_CDR_CDR_000243,CDRRecord,CDR_000243,Telecommunication Switch,Telecommunication_Metadata,0.95,2025-03-09T06:54:38,True
EVI_CDR_CDR_000244,CDRRecord,CDR_000244,Telecommunication Switch,Telecommunication_Metadata,0.95,2027-11-11T03:43:16,True
EVI_CDR_CDR_000245,CDRRecord,CDR_000245,Telecommunication Switch,Telecommunication_Metadata,0.95,2025-04-14T13:48:15,True
EVI_CDR_CDR_000246,CDRRecord,CDR_000246,Telecommunication Switch,Telecommunication_Metadata,0.95,2025-09-05T15:19:36,True
EVI_CDR_CDR_000247,CDRRecord,CDR_000247,Telecommunication Switch,Telecommunication_Metadata,0.95,2025-01-20T20:29:52,True
EVI_CDR_CDR_000248,CDRRecord,CDR_000248,Telecommunication Switch,Telecommunication_Metadata,0.95,2027-07-20T09:37:51,True
EVI_CDR_CDR_000249,CDRRecord,CDR_000249,Telecommunication Switch,Telecommunication_Metadata,0.95,2027-07-10T05:15:20,True
EVI_CDR_CDR_000250,CDRRecord,CDR_000250,Telecommunication Switch,Telecommunication_Metadata,0.95,2026-06-26T06:10:41,True
EVI_CDR_CDR_000251,CDRRecord,CDR_000251,Telecommunication Switch,Telecommunication_Metadata,0.95,2026-06-03T14:35:38,True
EVI_CDR_CDR_000252,CDRRecord,CDR_000252,Telecommunication Switch,Telecommunication_Metadata,0.95,2025-04-24T14:47:51,True
EVI_CDR_CDR_000253,CDRRecord,CDR_000253,Telecommunication Switch,Telecommunication_Metadata,0.95,2027-04-05T17:18:16,True
EVI_CDR_CDR_000254,CDRRecord,CDR_000254,Telecommunication Switch,Telecommunication_Metadata,0.95,2027-05-23T18:51:29,True
EVI_CDR_CDR_000255,CDRRecord,CDR_000255,Telecommunication Switch,Telecommunication_Metadata,0.95,2027-05-23T02:51:19,True
EVI_CDR_CDR_000256,CDRRecord,CDR_000256,Telecommunication Switch,Telecommunication_Metadata,0.95,2027-03-11T13:07:57,True
EVI_CDR_CDR_000257,CDRRecord,CDR_000257,Telecommunication Switch,Telecommunication_Metadata,0.95,2026-06-08T07:49:59,True
EVI_CDR_CDR_000258,CDRRecord,CDR_000258,Telecommunication Switch,Telecommunication_Metadata,0.95,2026-06-04T00:57:22,True
EVI_CDR_CDR_000259,CDRRecord,CDR_000259,Telecommunication Switch,Telecommunication_Metadata,0.95,2026-08-11T03:44:07,True
EVI_CDR_CDR_000260,CDRRecord,CDR_000260,Telecommunication Switch,Telecommunication_Metadata,0.95,2025-06-09T04:58:47,True
EVI_CDR_CDR_000261,CDRRecord,CDR_000261,Telecommunication Switch,Telecommunication_Metadata,0.95,2025-08-23T10:58:49,True
EVI_CDR_CDR_000262,CDRRecord,CDR_000262,Telecommunication Switch,Telecommunication_Metadata,0.95,2027-04-03T14:45:20,True
EVI_CDR_CDR_000263,CDRRecord,CDR_000263,Telecommunication Switch,Telecommunication_Metadata,0.95,2026-12-28T23:39:42,True
EVI_CDR_CDR_000264,CDRRecord,CDR_000264,Telecommunication Switch,Telecommunication_Metadata,0.95,2027-12-16T23:00:02,True
EVI_CDR_CDR_000265,CDRRecord,CDR_000265,Telecommunication Switch,Telecommunication_Metadata,0.95,2026-01-01T12:48:25,True
EVI_CDR_CDR_000266,CDRRecord,CDR_000266,Telecommunication Switch,Telecommunication_Metadata,0.95,2026-07-24T08:06:28,True
EVI_CDR_CDR_000267,CDRRecord,CDR_000267,Telecommunication Switch,Telecommunication_Metadata,0.95,2026-04-05T13:57:57,True
EVI_CDR_CDR_000268,CDRRecord,CDR_000268,Telecommunication Switch,Telecommunication_Metadata,0.95,2026-05-25T08:44:59,True
EVI_CDR_CDR_000269,CDRRecord,CDR_000269,Telecommunication Switch,Telecommunication_Metadata,0.95,2027-01-31T09:54:43,True
EVI_CDR_CDR_000270,CDRRecord,CDR_000270,Telecommunication Switch,Telecommunication_Metadata,0.95,2025-12-29T20:04:20,True
EVI_CDR_CDR_000271,CDRRecord,CDR_000271,Telecommunication Switch,Telecommunication_Metadata,0.95,2027-12-05T13:29:27,True
EVI_CDR_CDR_000272,CDRRecord,CDR_000272,Telecommunication Switch,Telecommunication_Metadata,0.95,2027-04-15T20:33:09,True
EVI_CDR_CDR_000273,CDRRecord,CDR_000273,Telecommunication Switch,Telecommunication_Metadata,0.95,2025-03-28T03:40:56,True
EVI_CDR_CDR_000274,CDRRecord,CDR_000274,Telecommunication Switch,Telecommunication_Metadata,0.95,2025-11-06T11:44:51,True
EVI_CDR_CDR_000275,CDRRecord,CDR_000275,Telecommunication Switch,Telecommunication_Metadata,0.95,2027-04-18T19:18:34,True
EVI_CDR_CDR_000276,CDRRecord,CDR_000276,Telecommunication Switch,Telecommunication_Metadata,0.95,2025-05-12T07:37:40,True
EVI_CDR_CDR_000277,CDRRecord,CDR_000277,Telecommunication Switch,Telecommunication_Metadata,0.95,2025-12-26T18:29:10,True
EVI_CDR_CDR_000278,CDRRecord,CDR_000278,Telecommunication Switch,Telecommunication_Metadata,0.95,2026-02-23T07:13:15,True
EVI_CDR_CDR_000279,CDRRecord,CDR_000279,Telecommunication Switch,Telecommunication_Metadata,0.95,2026-04-08T08:10:51,True
EVI_CDR_CDR_000280,CDRRecord,CDR_000280,Telecommunication Switch,Telecommunication_Metadata,0.95,2025-05-24T10:32:21,True
EVI_CDR_CDR_000281,CDRRecord,CDR_000281,Telecommunication Switch,Telecommunication_Metadata,0.95,2027-01-17T20:20:33,True
EVI_CDR_CDR_000282,CDRRecord,CDR_000282,Telecommunication Switch,Telecommunication_Metadata,0.95,2025-08-07T12:01:28,True
EVI_CDR_CDR_000283,CDRRecord,CDR_000283,Telecommunication Switch,Telecommunication_Metadata,0.95,2025-10-01T22:23:04,True
EVI_CDR_CDR_000284,CDRRecord,CDR_000284,Telecommunication Switch,Telecommunication_Metadata,0.95,2025-11-06T11:44:51,True
EVI_CDR_CDR_000285,CDRRecord,CDR_000285,Telecommunication Switch,Telecommunication_Metadata,0.95,2026-04-26T12:30:15,True
EVI_CDR_CDR_000286,CDRRecord,CDR_000286,Telecommunication Switch,Telecommunication_Metadata,0.95,2027-12-16T01:20:52,True
EVI_CDR_CDR_000287,CDRRecord,CDR_000287,Telecommunication Switch,Telecommunication_Metadata,0.95,2027-07-23T23:13:04,True
EVI_CDR_CDR_000288,CDRRecord,CDR_000288,Telecommunication Switch,Telecommunication_Metadata,0.95,2026-06-03T14:35:38,True
EVI_CDR_CDR_000289,CDRRecord,CDR_000289,Telecommunication Switch,Telecommunication_Metadata,0.95,2026-02-03T07:40:53,True
EVI_CDR_CDR_000290,CDRRecord,CDR_000290,Telecommunication Switch,Telecommunication_Metadata,0.95,2025-01-30T23:57:03,True
EVI_CDR_CDR_000291,CDRRecord,CDR_000291,Telecommunication Switch,Telecommunication_Metadata,0.95,2025-01-16T09:40:03,True
EVI_CDR_CDR_000292,CDRRecord,CDR_000292,Telecommunication Switch,Telecommunication_Metadata,0.95,2026-10-17T13:59:54,True
EVI_CDR_CDR_000293,CDRRecord,CDR_000293,Telecommunication Switch,Telecommunication_Metadata,0.95,2027-06-03T02:10:16,True
EVI_CDR_CDR_000294,CDRRecord,CDR_000294,Telecommunication Switch,Telecommunication_Metadata,0.95,2026-11-28T13:30:55,True
EVI_CDR_CDR_000295,CDRRecord,CDR_000295,Telecommunication Switch,Telecommunication_Metadata,0.95,2027-04-12T01:38:50,True
EVI_CDR_CDR_000296,CDRRecord,CDR_000296,Telecommunication Switch,Telecommunication_Metadata,0.95,2025-04-21T22:10:06,True
EVI_CDR_CDR_000297,CDRRecord,CDR_000297,Telecommunication Switch,Telecommunication_Metadata,0.95,2025-02-22T15:15:50,True
EVI_CDR_CDR_000298,CDRRecord,CDR_000298,Telecommunication Switch,Telecommunication_Metadata,0.95,2026-02-10T20:11:07,True
EVI_CDR_CDR_000299,CDRRecord,CDR_000299,Telecommunication Switch,Telecommunication_Metadata,0.95,2025-11-20T11:40:30,True
EVI_CDR_CDR_000300,CDRRecord,CDR_000300,Telecommunication Switch,Telecommunication_Metadata,0.95,2025-04-19T12:05:15,True
EVI_CDR_CDR_000301,CDRRecord,CDR_000301,Telecommunication Switch,Telecommunication_Metadata,0.95,2026-06-18T19:10:13,True
EVI_CDR_CDR_000302,CDRRecord,CDR_000302,Telecommunication Switch,Telecommunication_Metadata,0.95,2027-07-03T18:43:11,True
EVI_CDR_CDR_000303,CDRRecord,CDR_000303,Telecommunication Switch,Telecommunication_Metadata,0.95,2025-04-13T05:36:58,True
EVI_CDR_CDR_000304,CDRRecord,CDR_000304,Telecommunication Switch,Telecommunication_Metadata,0.95,2027-12-17T10:44:12,True
EVI_CDR_CDR_000305,CDRRecord,CDR_000305,Telecommunication Switch,Telecommunication_Metadata,0.95,2026-03-24T05:37:33,True
EVI_CDR_CDR_000306,CDRRecord,CDR_000306,Telecommunication Switch,Telecommunication_Metadata,0.95,2027-05-24T16:43:37,True
EVI_CDR_CDR_000307,CDRRecord,CDR_000307,Telecommunication Switch,Telecommunication_Metadata,0.95,2025-04-15T13:30:29,True
EVI_CDR_CDR_000308,CDRRecord,CDR_000308,Telecommunication Switch,Telecommunication_Metadata,0.95,2027-01-05T17:04:47,True
EVI_CDR_CDR_000309,CDRRecord,CDR_000309,Telecommunication Switch,Telecommunication_Metadata,0.95,2026-11-30T09:40:16,True
EVI_CDR_CDR_000310,CDRRecord,CDR_000310,Telecommunication Switch,Telecommunication_Metadata,0.95,2026-05-26T11:13:12,True
EVI_CDR_CDR_000311,CDRRecord,CDR_000311,Telecommunication Switch,Telecommunication_Metadata,0.95,2027-10-28T06:52:07,True
EVI_CDR_CDR_000312,CDRRecord,CDR_000312,Telecommunication Switch,Telecommunication_Metadata,0.95,2026-11-26T02:05:18,True
EVI_CDR_CDR_000313,CDRRecord,CDR_000313,Telecommunication Switch,Telecommunication_Metadata,0.95,2026-12-12T20:23:05,True
EVI_CDR_CDR_000314,CDRRecord,CDR_000314,Telecommunication Switch,Telecommunication_Metadata,0.95,2027-11-26T20:17:28,True
EVI_CDR_CDR_000315,CDRRecord,CDR_000315,Telecommunication Switch,Telecommunication_Metadata,0.95,2025-04-08T14:28:09,True
EVI_CDR_CDR_000316,CDRRecord,CDR_000316,Telecommunication Switch,Telecommunication_Metadata,0.95,2026-05-06T14:29:58,True
EVI_CDR_CDR_000317,CDRRecord,CDR_000317,Telecommunication Switch,Telecommunication_Metadata,0.95,2026-04-10T13:54:12,True
EVI_CDR_CDR_000318,CDRRecord,CDR_000318,Telecommunication Switch,Telecommunication_Metadata,0.95,2026-04-09T07:50:55,True
EVI_CDR_CDR_000319,CDRRecord,CDR_000319,Telecommunication Switch,Telecommunication_Metadata,0.95,2026-04-04T23:34:56,True
EVI_CDR_CDR_000320,CDRRecord,CDR_000320,Telecommunication Switch,Telecommunication_Metadata,0.95,2025-07-08T01:54:40,True
EVI_CDR_CDR_000321,CDRRecord,CDR_000321,Telecommunication Switch,Telecommunication_Metadata,0.95,2026-02-08T05:02:11,True
EVI_CDR_CDR_000322,CDRRecord,CDR_000322,Telecommunication Switch,Telecommunication_Metadata,0.95,2027-10-11T00:34:12,True
EVI_CDR_CDR_000323,CDRRecord,CDR_000323,Telecommunication Switch,Telecommunication_Metadata,0.95,2025-10-26T02:48:02,True
EVI_CDR_CDR_000324,CDRRecord,CDR_000324,Telecommunication Switch,Telecommunication_Metadata,0.95,2026-12-28T01:46:20,True
EVI_CDR_CDR_000325,CDRRecord,CDR_000325,Telecommunication Switch,Telecommunication_Metadata,0.95,2027-12-24T03:17:26,True
EVI_CDR_CDR_000326,CDRRecord,CDR_000326,Telecommunication Switch,Telecommunication_Metadata,0.95,2025-04-16T15:40:46,True
EVI_CDR_CDR_000327,CDRRecord,CDR_000327,Telecommunication Switch,Telecommunication_Metadata,0.95,2027-07-09T07:08:49,True
EVI_CDR_CDR_000328,CDRRecord,CDR_000328,Telecommunication Switch,Telecommunication_Metadata,0.95,2025-07-07T05:03:22,True
EVI_CDR_CDR_000329,CDRRecord,CDR_000329,Telecommunication Switch,Telecommunication_Metadata,0.95,2025-04-25T08:33:04,True
EVI_CDR_CDR_000330,CDRRecord,CDR_000330,Telecommunication Switch,Telecommunication_Metadata,0.95,2027-08-11T11:17:22,True
EVI_CDR_CDR_000331,CDRRecord,CDR_000331,Telecommunication Switch,Telecommunication_Metadata,0.95,2027-06-01T02:57:26,True
EVI_CDR_CDR_000332,CDRRecord,CDR_000332,Telecommunication Switch,Telecommunication_Metadata,0.95,2025-02-07T08:28:15,True
EVI_CDR_CDR_000333,CDRRecord,CDR_000333,Telecommunication Switch,Telecommunication_Metadata,0.95,2027-05-23T05:45:58,True
EVI_CDR_CDR_000334,CDRRecord,CDR_000334,Telecommunication Switch,Telecommunication_Metadata,0.95,2025-05-23T11:14:59,True
EVI_CDR_CDR_000335,CDRRecord,CDR_000335,Telecommunication Switch,Telecommunication_Metadata,0.95,2026-04-12T21:23:34,True
EVI_CDR_CDR_000336,CDRRecord,CDR_000336,Telecommunication Switch,Telecommunication_Metadata,0.95,2026-04-30T13:44:39,True
EVI_CDR_CDR_000337,CDRRecord,CDR_000337,Telecommunication Switch,Telecommunication_Metadata,0.95,2025-04-11T17:14:54,True
EVI_CDR_CDR_000338,CDRRecord,CDR_000338,Telecommunication Switch,Telecommunication_Metadata,0.95,2025-03-01T06:14:23,True
EVI_CDR_CDR_000339,CDRRecord,CDR_000339,Telecommunication Switch,Telecommunication_Metadata,0.95,2026-05-09T15:52:05,True
EVI_CDR_CDR_000340,CDRRecord,CDR_000340,Telecommunication Switch,Telecommunication_Metadata,0.95,2027-07-25T02:02:11,True
EVI_CDR_CDR_000341,CDRRecord,CDR_000341,Telecommunication Switch,Telecommunication_Metadata,0.95,2026-06-09T01:50:58,True
EVI_CDR_CDR_000342,CDRRecord,CDR_000342,Telecommunication Switch,Telecommunication_Metadata,0.95,2025-04-03T14:35:21,True
EVI_CDR_CDR_000343,CDRRecord,CDR_000343,Telecommunication Switch,Telecommunication_Metadata,0.95,2025-04-17T02:55:00,True
EVI_CDR_CDR_000344,CDRRecord,CDR_000344,Telecommunication Switch,Telecommunication_Metadata,0.95,2026-08-17T06:57:22,True
EVI_CDR_CDR_000345,CDRRecord,CDR_000345,Telecommunication Switch,Telecommunication_Metadata,0.95,2026-07-29T04:53:09,True
EVI_CDR_CDR_000346,CDRRecord,CDR_000346,Telecommunication Switch,Telecommunication_Metadata,0.95,2026-04-22T00:20:31,True
EVI_CDR_CDR_000347,CDRRecord,CDR_000347,Telecommunication Switch,Telecommunication_Metadata,0.95,2026-12-20T12:12:13,True
EVI_CDR_CDR_000348,CDRRecord,CDR_000348,Telecommunication Switch,Telecommunication_Metadata,0.95,2025-07-05T05:38:28,True
EVI_CDR_CDR_000349,CDRRecord,CDR_000349,Telecommunication Switch,Telecommunication_Metadata,0.95,2026-01-13T12:33:57,True
EVI_CDR_CDR_000350,CDRRecord,CDR_000350,Telecommunication Switch,Telecommunication_Metadata,0.95,2027-03-18T09:33:58,True
EVI_CDR_CDR_000351,CDRRecord,CDR_000351,Telecommunication Switch,Telecommunication_Metadata,0.95,2026-12-29T19:51:22,True
EVI_CDR_CDR_000352,CDRRecord,CDR_000352,Telecommunication Switch,Telecommunication_Metadata,0.95,2027-11-09T22:25:28,True
EVI_CDR_CDR_000353,CDRRecord,CDR_000353,Telecommunication Switch,Telecommunication_Metadata,0.95,2025-04-04T20:08:32,True
EVI_CDR_CDR_000354,CDRRecord,CDR_000354,Telecommunication Switch,Telecommunication_Metadata,0.95,2027-03-25T23:20:12,True
EVI_CDR_CDR_000355,CDRRecord,CDR_000355,Telecommunication Switch,Telecommunication_Metadata,0.95,2026-09-20T08:13:01,True
EVI_CDR_CDR_000356,CDRRecord,CDR_000356,Telecommunication Switch,Telecommunication_Metadata,0.95,2025-04-14T17:37:51,True
EVI_CDR_CDR_000357,CDRRecord,CDR_000357,Telecommunication Switch,Telecommunication_Metadata,0.95,2026-04-15T11:04:17,True
EVI_CDR_CDR_000358,CDRRecord,CDR_000358,Telecommunication Switch,Telecommunication_Metadata,0.95,2026-10-10T14:47:05,True
EVI_CDR_CDR_000359,CDRRecord,CDR_000359,Telecommunication Switch,Telecommunication_Metadata,0.95,2026-06-21T19:51:49,True
EVI_CDR_CDR_000360,CDRRecord,CDR_000360,Telecommunication Switch,Telecommunication_Metadata,0.95,2025-07-21T09:14:49,True
EVI_CDR_CDR_000361,CDRRecord,CDR_000361,Telecommunication Switch,Telecommunication_Metadata,0.95,2026-08-22T23:25:19,True
EVI_CDR_CDR_000362,CDRRecord,CDR_000362,Telecommunication Switch,Telecommunication_Metadata,0.95,2025-07-22T07:01:53,True
EVI_CDR_CDR_000363,CDRRecord,CDR_000363,Telecommunication Switch,Telecommunication_Metadata,0.95,2027-06-26T22:00:54,True
EVI_CDR_CDR_000364,CDRRecord,CDR_000364,Telecommunication Switch,Telecommunication_Metadata,0.95,2026-08-23T04:35:51,True
EVI_CDR_CDR_000365,CDRRecord,CDR_000365,Telecommunication Switch,Telecommunication_Metadata,0.95,2027-02-01T07:57:48,True
EVI_CDR_CDR_000366,CDRRecord,CDR_000366,Telecommunication Switch,Telecommunication_Metadata,0.95,2027-02-15T01:20:47,True
EVI_CDR_CDR_000367,CDRRecord,CDR_000367,Telecommunication Switch,Telecommunication_Metadata,0.95,2025-01-13T08:34:30,True
EVI_CDR_CDR_000368,CDRRecord,CDR_000368,Telecommunication Switch,Telecommunication_Metadata,0.95,2026-03-30T02:01:03,True
EVI_CDR_CDR_000369,CDRRecord,CDR_000369,Telecommunication Switch,Telecommunication_Metadata,0.95,2025-04-07T06:19:00,True
EVI_CDR_CDR_000370,CDRRecord,CDR_000370,Telecommunication Switch,Telecommunication_Metadata,0.95,2026-04-10T13:54:12,True
EVI_CDR_CDR_000371,CDRRecord,CDR_000371,Telecommunication Switch,Telecommunication_Metadata,0.95,2025-12-14T13:29:31,True
EVI_CDR_CDR_000372,CDRRecord,CDR_000372,Telecommunication Switch,Telecommunication_Metadata,0.95,2025-04-04T19:05:32,True
EVI_CDR_CDR_000373,CDRRecord,CDR_000373,Telecommunication Switch,Telecommunication_Metadata,0.95,2026-11-01T10:00:48,True
EVI_CDR_CDR_000374,CDRRecord,CDR_000374,Telecommunication Switch,Telecommunication_Metadata,0.95,2026-04-26T20:48:48,True
EVI_CDR_CDR_000375,CDRRecord,CDR_000375,Telecommunication Switch,Telecommunication_Metadata,0.95,2026-04-26T12:30:15,True
EVI_CDR_CDR_000376,CDRRecord,CDR_000376,Telecommunication Switch,Telecommunication_Metadata,0.95,2026-07-04T10:29:22,True
EVI_CDR_CDR_000377,CDRRecord,CDR_000377,Telecommunication Switch,Telecommunication_Metadata,0.95,2025-10-31T10:59:56,True
EVI_CDR_CDR_000378,CDRRecord,CDR_000378,Telecommunication Switch,Telecommunication_Metadata,0.95,2026-07-24T19:53:02,True
EVI_CDR_CDR_000379,CDRRecord,CDR_000379,Telecommunication Switch,Telecommunication_Metadata,0.95,2026-03-21T01:06:09,True
EVI_CDR_CDR_000380,CDRRecord,CDR_000380,Telecommunication Switch,Telecommunication_Metadata,0.95,2025-11-24T20:51:28,True
EVI_CDR_CDR_000381,CDRRecord,CDR_000381,Telecommunication Switch,Telecommunication_Metadata,0.95,2025-12-29T13:48:12,True
EVI_CDR_CDR_000382,CDRRecord,CDR_000382,Telecommunication Switch,Telecommunication_Metadata,0.95,2026-04-22T00:20:31,True
EVI_CDR_CDR_000383,CDRRecord,CDR_000383,Telecommunication Switch,Telecommunication_Metadata,0.95,2027-02-15T19:04:50,True
EVI_CDR_CDR_000384,CDRRecord,CDR_000384,Telecommunication Switch,Telecommunication_Metadata,0.95,2027-01-04T04:41:04,True
EVI_CDR_CDR_000385,CDRRecord,CDR_000385,Telecommunication Switch,Telecommunication_Metadata,0.95,2027-08-14T22:35:51,True
EVI_CDR_CDR_000386,CDRRecord,CDR_000386,Telecommunication Switch,Telecommunication_Metadata,0.95,2026-05-11T20:05:40,True
EVI_CDR_CDR_000387,CDRRecord,CDR_000387,Telecommunication Switch,Telecommunication_Metadata,0.95,2026-09-06T19:05:12,True
EVI_CDR_CDR_000388,CDRRecord,CDR_000388,Telecommunication Switch,Telecommunication_Metadata,0.95,2025-11-09T14:18:22,True
EVI_CDR_CDR_000389,CDRRecord,CDR_000389,Telecommunication Switch,Telecommunication_Metadata,0.95,2025-05-16T17:31:32,True
EVI_CDR_CDR_000390,CDRRecord,CDR_000390,Telecommunication Switch,Telecommunication_Metadata,0.95,2027-01-28T09:36:40,True
EVI_CDR_CDR_000391,CDRRecord,CDR_000391,Telecommunication Switch,Telecommunication_Metadata,0.95,2025-04-10T22:22:14,True
EVI_CDR_CDR_000392,CDRRecord,CDR_000392,Telecommunication Switch,Telecommunication_Metadata,0.95,2026-07-23T20:29:43,True
EVI_CDR_CDR_000393,CDRRecord,CDR_000393,Telecommunication Switch,Telecommunication_Metadata,0.95,2026-01-13T12:33:57,True
EVI_CDR_CDR_000394,CDRRecord,CDR_000394,Telecommunication Switch,Telecommunication_Metadata,0.95,2026-06-27T19:46:16,True
EVI_CDR_CDR_000395,CDRRecord,CDR_000395,Telecommunication Switch,Telecommunication_Metadata,0.95,2025-06-15T11:25:16,True
EVI_CDR_CDR_000396,CDRRecord,CDR_000396,Telecommunication Switch,Telecommunication_Metadata,0.95,2027-12-13T13:35:15,True
EVI_CDR_CDR_000397,CDRRecord,CDR_000397,Telecommunication Switch,Telecommunication_Metadata,0.95,2025-04-10T11:53:43,True
EVI_CDR_CDR_000398,CDRRecord,CDR_000398,Telecommunication Switch,Telecommunication_Metadata,0.95,2026-10-13T23:39:35,True
EVI_CDR_CDR_000399,CDRRecord,CDR_000399,Telecommunication Switch,Telecommunication_Metadata,0.95,2027-12-03T19:34:28,True
EVI_CDR_CDR_000400,CDRRecord,CDR_000400,Telecommunication Switch,Telecommunication_Metadata,0.95,2027-04-11T07:23:44,True
EVI_CDR_CDR_000401,CDRRecord,CDR_000401,Telecommunication Switch,Telecommunication_Metadata,0.95,2027-11-10T12:19:56,True
EVI_CDR_CDR_000402,CDRRecord,CDR_000402,Telecommunication Switch,Telecommunication_Metadata,0.95,2025-12-23T16:31:13,True
EVI_CDR_CDR_000403,CDRRecord,CDR_000403,Telecommunication Switch,Telecommunication_Metadata,0.95,2026-04-25T09:00:06,True
EVI_CDR_CDR_000404,CDRRecord,CDR_000404,Telecommunication Switch,Telecommunication_Metadata,0.95,2025-11-25T14:42:56,True
EVI_CDR_CDR_000405,CDRRecord,CDR_000405,Telecommunication Switch,Telecommunication_Metadata,0.95,2026-01-26T18:54:22,True
EVI_CDR_CDR_000406,CDRRecord,CDR_000406,Telecommunication Switch,Telecommunication_Metadata,0.95,2026-05-04T13:12:56,True
EVI_CDR_CDR_000407,CDRRecord,CDR_000407,Telecommunication Switch,Telecommunication_Metadata,0.95,2025-11-01T20:06:24,True
EVI_CDR_CDR_000408,CDRRecord,CDR_000408,Telecommunication Switch,Telecommunication_Metadata,0.95,2026-09-27T23:14:55,True
EVI_CDR_CDR_000409,CDRRecord,CDR_000409,Telecommunication Switch,Telecommunication_Metadata,0.95,2026-08-22T13:47:54,True
EVI_CDR_CDR_000410,CDRRecord,CDR_000410,Telecommunication Switch,Telecommunication_Metadata,0.95,2027-06-18T07:32:32,True
EVI_CDR_CDR_000411,CDRRecord,CDR_000411,Telecommunication Switch,Telecommunication_Metadata,0.95,2026-10-17T04:12:37,True
EVI_CDR_CDR_000412,CDRRecord,CDR_000412,Telecommunication Switch,Telecommunication_Metadata,0.95,2026-05-02T23:33:10,True
EVI_CDR_CDR_000413,CDRRecord,CDR_000413,Telecommunication Switch,Telecommunication_Metadata,0.95,2026-06-19T22:55:02,True
EVI_CDR_CDR_000414,CDRRecord,CDR_000414,Telecommunication Switch,Telecommunication_Metadata,0.95,2027-02-18T07:54:04,True
EVI_CDR_CDR_000415,CDRRecord,CDR_000415,Telecommunication Switch,Telecommunication_Metadata,0.95,2026-10-22T22:26:48,True
EVI_CDR_CDR_000416,CDRRecord,CDR_000416,Telecommunication Switch,Telecommunication_Metadata,0.95,2025-10-30T17:53:02,True
EVI_CDR_CDR_000417,CDRRecord,CDR_000417,Telecommunication Switch,Telecommunication_Metadata,0.95,2026-10-04T07:04:03,True
EVI_CDR_CDR_000418,CDRRecord,CDR_000418,Telecommunication Switch,Telecommunication_Metadata,0.95,2025-03-27T03:06:28,True
EVI_CDR_CDR_000419,CDRRecord,CDR_000419,Telecommunication Switch,Telecommunication_Metadata,0.95,2026-03-11T05:43:51,True
EVI_CDR_CDR_000420,CDRRecord,CDR_000420,Telecommunication Switch,Telecommunication_Metadata,0.95,2026-12-23T02:21:51,True
EVI_CDR_CDR_000421,CDRRecord,CDR_000421,Telecommunication Switch,Telecommunication_Metadata,0.95,2026-09-17T19:20:15,True
EVI_CDR_CDR_000422,CDRRecord,CDR_000422,Telecommunication Switch,Telecommunication_Metadata,0.95,2027-12-18T09:07:33,True
EVI_CDR_CDR_000423,CDRRecord,CDR_000423,Telecommunication Switch,Telecommunication_Metadata,0.95,2025-04-18T06:44:27,True
EVI_CDR_CDR_000424,CDRRecord,CDR_000424,Telecommunication Switch,Telecommunication_Metadata,0.95,2026-08-24T22:10:07,True
EVI_CDR_CDR_000425,CDRRecord,CDR_000425,Telecommunication Switch,Telecommunication_Metadata,0.95,2025-04-17T15:00:08,True
EVI_CDR_CDR_000426,CDRRecord,CDR_000426,Telecommunication Switch,Telecommunication_Metadata,0.95,2026-07-24T19:53:02,True
EVI_CDR_CDR_000427,CDRRecord,CDR_000427,Telecommunication Switch,Telecommunication_Metadata,0.95,2026-06-25T20:31:29,True
EVI_CDR_CDR_000428,CDRRecord,CDR_000428,Telecommunication Switch,Telecommunication_Metadata,0.95,2025-05-28T23:15:19,True
EVI_CDR_CDR_000429,CDRRecord,CDR_000429,Telecommunication Switch,Telecommunication_Metadata,0.95,2025-07-22T07:01:53,True
EVI_CDR_CDR_000430,CDRRecord,CDR_000430,Telecommunication Switch,Telecommunication_Metadata,0.95,2027-07-21T20:04:24,True
EVI_CDR_CDR_000431,CDRRecord,CDR_000431,Telecommunication Switch,Telecommunication_Metadata,0.95,2026-08-04T18:47:01,True
EVI_CDR_CDR_000432,CDRRecord,CDR_000432,Telecommunication Switch,Telecommunication_Metadata,0.95,2026-01-10T10:44:56,True
EVI_CDR_CDR_000433,CDRRecord,CDR_000433,Telecommunication Switch,Telecommunication_Metadata,0.95,2026-02-25T21:15:56,True
EVI_CDR_CDR_000434,CDRRecord,CDR_000434,Telecommunication Switch,Telecommunication_Metadata,0.95,2027-01-31T09:54:43,True
EVI_CDR_CDR_000435,CDRRecord,CDR_000435,Telecommunication Switch,Telecommunication_Metadata,0.95,2026-04-24T12:50:10,True
EVI_CDR_CDR_000436,CDRRecord,CDR_000436,Telecommunication Switch,Telecommunication_Metadata,0.95,2027-03-01T03:20:26,True
EVI_CDR_CDR_000437,CDRRecord,CDR_000437,Telecommunication Switch,Telecommunication_Metadata,0.95,2027-04-09T22:41:29,True
EVI_CDR_CDR_000438,CDRRecord,CDR_000438,Telecommunication Switch,Telecommunication_Metadata,0.95,2025-09-05T02:18:12,True
EVI_CDR_CDR_000439,CDRRecord,CDR_000439,Telecommunication Switch,Telecommunication_Metadata,0.95,2027-01-10T14:34:48,True
EVI_CDR_CDR_000440,CDRRecord,CDR_000440,Telecommunication Switch,Telecommunication_Metadata,0.95,2025-10-30T04:06:30,True
EVI_CDR_CDR_000441,CDRRecord,CDR_000441,Telecommunication Switch,Telecommunication_Metadata,0.95,2026-04-10T10:00:02,True
EVI_CDR_CDR_000442,CDRRecord,CDR_000442,Telecommunication Switch,Telecommunication_Metadata,0.95,2027-09-03T23:44:58,True
EVI_CDR_CDR_000443,CDRRecord,CDR_000443,Telecommunication Switch,Telecommunication_Metadata,0.95,2027-09-05T11:56:27,True
EVI_CDR_CDR_000444,CDRRecord,CDR_000444,Telecommunication Switch,Telecommunication_Metadata,0.95,2027-07-25T01:47:08,True
EVI_CDR_CDR_000445,CDRRecord,CDR_000445,Telecommunication Switch,Telecommunication_Metadata,0.95,2027-04-19T21:42:28,True
EVI_CDR_CDR_000446,CDRRecord,CDR_000446,Telecommunication Switch,Telecommunication_Metadata,0.95,2026-07-05T22:04:23,True
EVI_CDR_CDR_000447,CDRRecord,CDR_000447,Telecommunication Switch,Telecommunication_Metadata,0.95,2025-07-13T04:45:54,True
EVI_CDR_CDR_000448,CDRRecord,CDR_000448,Telecommunication Switch,Telecommunication_Metadata,0.95,2025-02-08T10:32:10,True
EVI_CDR_CDR_000449,CDRRecord,CDR_000449,Telecommunication Switch,Telecommunication_Metadata,0.95,2026-02-22T23:44:21,True
EVI_CDR_CDR_000450,CDRRecord,CDR_000450,Telecommunication Switch,Telecommunication_Metadata,0.95,2025-07-21T09:14:49,True
EVI_CDR_CDR_000451,CDRRecord,CDR_000451,Telecommunication Switch,Telecommunication_Metadata,0.95,2027-02-25T17:45:56,True
EVI_CDR_CDR_000452,CDRRecord,CDR_000452,Telecommunication Switch,Telecommunication_Metadata,0.95,2025-02-21T23:34:03,True
EVI_CDR_CDR_000453,CDRRecord,CDR_000453,Telecommunication Switch,Telecommunication_Metadata,0.95,2025-04-22T13:22:27,True
EVI_CDR_CDR_000454,CDRRecord,CDR_000454,Telecommunication Switch,Telecommunication_Metadata,0.95,2026-10-30T00:34:10,True
EVI_CDR_CDR_000455,CDRRecord,CDR_000455,Telecommunication Switch,Telecommunication_Metadata,0.95,2025-07-05T05:38:28,True
EVI_CDR_CDR_000456,CDRRecord,CDR_000456,Telecommunication Switch,Telecommunication_Metadata,0.95,2026-10-22T04:32:14,True
EVI_CDR_CDR_000457,CDRRecord,CDR_000457,Telecommunication Switch,Telecommunication_Metadata,0.95,2025-11-07T12:26:31,True
EVI_CDR_CDR_000458,CDRRecord,CDR_000458,Telecommunication Switch,Telecommunication_Metadata,0.95,2025-09-05T02:18:12,True
EVI_CDR_CDR_000459,CDRRecord,CDR_000459,Telecommunication Switch,Telecommunication_Metadata,0.95,2025-03-22T10:45:50,True
EVI_CDR_CDR_000460,CDRRecord,CDR_000460,Telecommunication Switch,Telecommunication_Metadata,0.95,2025-01-23T22:58:39,True
EVI_CDR_CDR_000461,CDRRecord,CDR_000461,Telecommunication Switch,Telecommunication_Metadata,0.95,2027-02-28T23:59:23,True
EVI_CDR_CDR_000462,CDRRecord,CDR_000462,Telecommunication Switch,Telecommunication_Metadata,0.95,2026-10-28T13:10:00,True
EVI_CDR_CDR_000463,CDRRecord,CDR_000463,Telecommunication Switch,Telecommunication_Metadata,0.95,2025-06-07T04:16:16,True
EVI_CDR_CDR_000464,CDRRecord,CDR_000464,Telecommunication Switch,Telecommunication_Metadata,0.95,2027-12-30T02:30:46,True
EVI_CDR_CDR_000465,CDRRecord,CDR_000465,Telecommunication Switch,Telecommunication_Metadata,0.95,2026-06-21T19:51:49,True
EVI_CDR_CDR_000466,CDRRecord,CDR_000466,Telecommunication Switch,Telecommunication_Metadata,0.95,2026-03-15T01:58:20,True
EVI_CDR_CDR_000467,CDRRecord,CDR_000467,Telecommunication Switch,Telecommunication_Metadata,0.95,2026-03-11T21:46:06,True
EVI_CDR_CDR_000468,CDRRecord,CDR_000468,Telecommunication Switch,Telecommunication_Metadata,0.95,2027-05-23T05:45:58,True
EVI_CDR_CDR_000469,CDRRecord,CDR_000469,Telecommunication Switch,Telecommunication_Metadata,0.95,2026-12-23T02:21:51,True
EVI_CDR_CDR_000470,CDRRecord,CDR_000470,Telecommunication Switch,Telecommunication_Metadata,0.95,2027-04-13T16:24:09,True
EVI_CDR_CDR_000471,CDRRecord,CDR_000471,Telecommunication Switch,Telecommunication_Metadata,0.95,2026-08-13T10:20:43,True
EVI_CDR_CDR_000472,CDRRecord,CDR_000472,Telecommunication Switch,Telecommunication_Metadata,0.95,2027-05-12T08:46:44,True
EVI_CDR_CDR_000473,CDRRecord,CDR_000473,Telecommunication Switch,Telecommunication_Metadata,0.95,2026-11-21T16:54:12,True
EVI_CDR_CDR_000474,CDRRecord,CDR_000474,Telecommunication Switch,Telecommunication_Metadata,0.95,2027-05-11T10:10:55,True
EVI_CDR_CDR_000475,CDRRecord,CDR_000475,Telecommunication Switch,Telecommunication_Metadata,0.95,2025-03-01T06:14:23,True
EVI_CDR_CDR_000476,CDRRecord,CDR_000476,Telecommunication Switch,Telecommunication_Metadata,0.95,2027-11-16T06:59:26,True
EVI_CDR_CDR_000477,CDRRecord,CDR_000477,Telecommunication Switch,Telecommunication_Metadata,0.95,2026-08-11T03:44:07,True
EVI_CDR_CDR_000478,CDRRecord,CDR_000478,Telecommunication Switch,Telecommunication_Metadata,0.95,2026-12-10T19:32:25,True
EVI_CDR_CDR_000479,CDRRecord,CDR_000479,Telecommunication Switch,Telecommunication_Metadata,0.95,2027-05-17T20:10:33,True
EVI_CDR_CDR_000480,CDRRecord,CDR_000480,Telecommunication Switch,Telecommunication_Metadata,0.95,2025-04-15T19:20:16,True
EVI_CDR_CDR_000481,CDRRecord,CDR_000481,Telecommunication Switch,Telecommunication_Metadata,0.95,2026-03-25T22:15:47,True
EVI_CDR_CDR_000482,CDRRecord,CDR_000482,Telecommunication Switch,Telecommunication_Metadata,0.95,2027-12-28T08:28:32,True
EVI_CDR_CDR_000483,CDRRecord,CDR_000483,Telecommunication Switch,Telecommunication_Metadata,0.95,2026-02-16T17:23:00,True
EVI_CDR_CDR_000484,CDRRecord,CDR_000484,Telecommunication Switch,Telecommunication_Metadata,0.95,2025-04-04T13:04:12,True
EVI_CDR_CDR_000485,CDRRecord,CDR_000485,Telecommunication Switch,Telecommunication_Metadata,0.95,2026-10-13T23:39:35,True
EVI_CDR_CDR_000486,CDRRecord,CDR_000486,Telecommunication Switch,Telecommunication_Metadata,0.95,2025-12-21T06:22:29,True
EVI_CDR_CDR_000487,CDRRecord,CDR_000487,Telecommunication Switch,Telecommunication_Metadata,0.95,2025-11-20T11:40:30,True
EVI_CDR_CDR_000488,CDRRecord,CDR_000488,Telecommunication Switch,Telecommunication_Metadata,0.95,2026-04-18T12:27:49,True
EVI_CDR_CDR_000489,CDRRecord,CDR_000489,Telecommunication Switch,Telecommunication_Metadata,0.95,2026-04-29T16:12:21,True
EVI_CDR_CDR_000490,CDRRecord,CDR_000490,Telecommunication Switch,Telecommunication_Metadata,0.95,2026-04-23T10:24:10,True
EVI_CDR_CDR_000491,CDRRecord,CDR_000491,Telecommunication Switch,Telecommunication_Metadata,0.95,2027-01-05T05:25:55,True
EVI_CDR_CDR_000492,CDRRecord,CDR_000492,Telecommunication Switch,Telecommunication_Metadata,0.95,2027-06-03T08:36:22,True
EVI_CDR_CDR_000493,CDRRecord,CDR_000493,Telecommunication Switch,Telecommunication_Metadata,0.95,2025-04-22T22:44:11,True
EVI_CDR_CDR_000494,CDRRecord,CDR_000494,Telecommunication Switch,Telecommunication_Metadata,0.95,2026-04-24T12:50:10,True
EVI_CDR_CDR_000495,CDRRecord,CDR_000495,Telecommunication Switch,Telecommunication_Metadata,0.95,2027-05-12T08:46:44,True
EVI_CDR_CDR_000496,CDRRecord,CDR_000496,Telecommunication Switch,Telecommunication_Metadata,0.95,2027-11-30T19:38:06,True
EVI_CDR_CDR_000497,CDRRecord,CDR_000497,Telecommunication Switch,Telecommunication_Metadata,0.95,2027-01-13T04:41:41,True
EVI_CDR_CDR_000498,CDRRecord,CDR_000498,Telecommunication Switch,Telecommunication_Metadata,0.95,2027-04-19T21:42:28,True
EVI_CDR_CDR_000499,CDRRecord,CDR_000499,Telecommunication Switch,Telecommunication_Metadata,0.95,2026-02-12T08:35:03,True
EVI_CDR_CDR_000500,CDRRecord,CDR_000500,Telecommunication Switch,Telecommunication_Metadata,0.95,2025-09-26T03:56:08,True
EVI_TXN_TXN_000001,Transaction,TXN_000001,Banking Switch,Financial_Transaction,0.98,2025-02-05T16:22:52,True
EVI_TXN_TXN_000002,Transaction,TXN_000002,Banking Switch,Financial_Transaction,0.98,2026-09-23T23:18:24,True
EVI_TXN_TXN_000003,Transaction,TXN_000003,Banking Switch,Financial_Transaction,0.98,2025-06-18T06:33:03,True
EVI_TXN_TXN_000004,Transaction,TXN_000004,Banking Switch,Financial_Transaction,0.98,2027-04-15T20:33:09,True
EVI_TXN_TXN_000005,Transaction,TXN_000005,Banking Switch,Financial_Transaction,0.98,2025-04-07T11:29:19,True
EVI_TXN_TXN_000006,Transaction,TXN_000006,Banking Switch,Financial_Transaction,0.98,2026-08-02T06:31:48,True
EVI_TXN_TXN_000007,Transaction,TXN_000007,Banking Switch,Financial_Transaction,0.98,2026-09-13T13:53:39,True
EVI_TXN_TXN_000008,Transaction,TXN_000008,Banking Switch,Financial_Transaction,0.98,2026-03-04T14:44:48,True
EVI_TXN_TXN_000009,Transaction,TXN_000009,Banking Switch,Financial_Transaction,0.98,2025-10-16T16:02:13,True
EVI_TXN_TXN_000010,Transaction,TXN_000010,Banking Switch,Financial_Transaction,0.98,2025-09-13T02:52:37,True
EVI_TXN_TXN_000011,Transaction,TXN_000011,Banking Switch,Financial_Transaction,0.98,2027-01-19T16:02:29,True
EVI_TXN_TXN_000012,Transaction,TXN_000012,Banking Switch,Financial_Transaction,0.98,2025-03-27T03:06:28,True
EVI_TXN_TXN_000013,Transaction,TXN_000013,Banking Switch,Financial_Transaction,0.98,2026-03-22T09:16:48,True
EVI_TXN_TXN_000014,Transaction,TXN_000014,Banking Switch,Financial_Transaction,0.98,2025-10-12T15:40:50,True
EVI_TXN_TXN_000015,Transaction,TXN_000015,Banking Switch,Financial_Transaction,0.98,2026-06-12T01:57:18,True
EVI_TXN_TXN_000016,Transaction,TXN_000016,Banking Switch,Financial_Transaction,0.98,2026-10-03T02:23:37,True
EVI_TXN_TXN_000017,Transaction,TXN_000017,Banking Switch,Financial_Transaction,0.98,2027-01-13T08:42:49,True
EVI_TXN_TXN_000018,Transaction,TXN_000018,Banking Switch,Financial_Transaction,0.98,2025-11-15T11:54:00,True
EVI_TXN_TXN_000019,Transaction,TXN_000019,Banking Switch,Financial_Transaction,0.98,2026-06-21T19:51:49,True
EVI_TXN_TXN_000020,Transaction,TXN_000020,Banking Switch,Financial_Transaction,0.98,2025-04-28T12:39:42,True
EVI_TXN_TXN_000021,Transaction,TXN_000021,Banking Switch,Financial_Transaction,0.98,2026-06-08T05:22:22,True
EVI_TXN_TXN_000022,Transaction,TXN_000022,Banking Switch,Financial_Transaction,0.98,2027-09-07T09:05:06,True
EVI_TXN_TXN_000023,Transaction,TXN_000023,Banking Switch,Financial_Transaction,0.98,2026-12-25T10:27:29,True
EVI_TXN_TXN_000024,Transaction,TXN_000024,Banking Switch,Financial_Transaction,0.98,2027-04-12T01:38:50,True
EVI_TXN_TXN_000025,Transaction,TXN_000025,Banking Switch,Financial_Transaction,0.98,2027-10-10T05:54:52,True
EVI_TXN_TXN_000026,Transaction,TXN_000026,Banking Switch,Financial_Transaction,0.98,2025-08-02T14:38:45,True
EVI_TXN_TXN_000027,Transaction,TXN_000027,Banking Switch,Financial_Transaction,0.98,2027-08-12T10:22:33,True
EVI_TXN_TXN_000028,Transaction,TXN_000028,Banking Switch,Financial_Transaction,0.98,2027-03-06T07:18:38,True
EVI_TXN_TXN_000029,Transaction,TXN_000029,Banking Switch,Financial_Transaction,0.98,2025-04-08T14:28:09,True
EVI_TXN_TXN_000030,Transaction,TXN_000030,Banking Switch,Financial_Transaction,0.98,2026-12-10T18:46:01,True
EVI_TXN_TXN_000031,Transaction,TXN_000031,Banking Switch,Financial_Transaction,0.98,2026-08-02T06:31:48,True
EVI_TXN_TXN_000032,Transaction,TXN_000032,Banking Switch,Financial_Transaction,0.98,2025-04-08T19:34:17,True
EVI_TXN_TXN_000033,Transaction,TXN_000033,Banking Switch,Financial_Transaction,0.98,2026-06-04T16:27:25,True
EVI_TXN_TXN_000034,Transaction,TXN_000034,Banking Switch,Financial_Transaction,0.98,2025-10-13T15:15:21,True
EVI_TXN_TXN_000035,Transaction,TXN_000035,Banking Switch,Financial_Transaction,0.98,2027-02-28T23:59:23,True
EVI_TXN_TXN_000036,Transaction,TXN_000036,Banking Switch,Financial_Transaction,0.98,2027-04-06T11:19:28,True
EVI_TXN_TXN_000037,Transaction,TXN_000037,Banking Switch,Financial_Transaction,0.98,2025-04-03T14:35:21,True
EVI_TXN_TXN_000038,Transaction,TXN_000038,Banking Switch,Financial_Transaction,0.98,2025-09-18T00:25:04,True
EVI_TXN_TXN_000039,Transaction,TXN_000039,Banking Switch,Financial_Transaction,0.98,2025-12-19T05:08:57,True
EVI_TXN_TXN_000040,Transaction,TXN_000040,Banking Switch,Financial_Transaction,0.98,2027-01-05T05:25:55,True
EVI_TXN_TXN_000041,Transaction,TXN_000041,Banking Switch,Financial_Transaction,0.98,2026-08-27T13:26:33,True
EVI_TXN_TXN_000042,Transaction,TXN_000042,Banking Switch,Financial_Transaction,0.98,2027-09-07T13:23:33,True
EVI_TXN_TXN_000043,Transaction,TXN_000043,Banking Switch,Financial_Transaction,0.98,2027-06-16T10:37:34,True
EVI_TXN_TXN_000044,Transaction,TXN_000044,Banking Switch,Financial_Transaction,0.98,2025-10-13T08:51:30,True
EVI_TXN_TXN_000045,Transaction,TXN_000045,Banking Switch,Financial_Transaction,0.98,2027-02-27T21:22:11,True
EVI_TXN_TXN_000046,Transaction,TXN_000046,Banking Switch,Financial_Transaction,0.98,2025-04-07T11:29:19,True
EVI_TXN_TXN_000047,Transaction,TXN_000047,Banking Switch,Financial_Transaction,0.98,2025-05-09T10:57:49,True
EVI_TXN_TXN_000048,Transaction,TXN_000048,Banking Switch,Financial_Transaction,0.98,2027-10-12T00:13:20,True
EVI_TXN_TXN_000049,Transaction,TXN_000049,Banking Switch,Financial_Transaction,0.98,2025-02-24T17:13:13,True
EVI_TXN_TXN_000050,Transaction,TXN_000050,Banking Switch,Financial_Transaction,0.98,2025-09-26T03:56:08,True
EVI_TXN_TXN_000051,Transaction,TXN_000051,Banking Switch,Financial_Transaction,0.98,2027-08-21T03:36:18,True
EVI_TXN_TXN_000052,Transaction,TXN_000052,Banking Switch,Financial_Transaction,0.98,2027-05-18T17:36:12,True
EVI_TXN_TXN_000053,Transaction,TXN_000053,Banking Switch,Financial_Transaction,0.98,2025-04-11T17:11:58,True
EVI_TXN_TXN_000054,Transaction,TXN_000054,Banking Switch,Financial_Transaction,0.98,2027-06-29T12:43:40,True
EVI_TXN_TXN_000055,Transaction,TXN_000055,Banking Switch,Financial_Transaction,0.98,2027-08-21T03:36:18,True
EVI_TXN_TXN_000056,Transaction,TXN_000056,Banking Switch,Financial_Transaction,0.98,2026-01-01T12:48:25,True
EVI_TXN_TXN_000057,Transaction,TXN_000057,Banking Switch,Financial_Transaction,0.98,2025-04-11T17:14:54,True
EVI_TXN_TXN_000058,Transaction,TXN_000058,Banking Switch,Financial_Transaction,0.98,2026-03-10T21:35:43,True
EVI_TXN_TXN_000059,Transaction,TXN_000059,Banking Switch,Financial_Transaction,0.98,2027-01-21T10:44:31,True
EVI_TXN_TXN_000060,Transaction,TXN_000060,Banking Switch,Financial_Transaction,0.98,2027-11-06T09:39:01,True
EVI_TXN_TXN_000061,Transaction,TXN_000061,Banking Switch,Financial_Transaction,0.98,2026-12-30T07:12:08,True
EVI_TXN_TXN_000062,Transaction,TXN_000062,Banking Switch,Financial_Transaction,0.98,2027-11-20T11:22:33,True
EVI_TXN_TXN_000063,Transaction,TXN_000063,Banking Switch,Financial_Transaction,0.98,2027-07-11T14:59:15,True
EVI_TXN_TXN_000064,Transaction,TXN_000064,Banking Switch,Financial_Transaction,0.98,2026-05-18T09:04:22,True
EVI_TXN_TXN_000065,Transaction,TXN_000065,Banking Switch,Financial_Transaction,0.98,2025-10-31T10:59:56,True
EVI_TXN_TXN_000066,Transaction,TXN_000066,Banking Switch,Financial_Transaction,0.98,2027-06-16T08:52:26,True
EVI_TXN_TXN_000067,Transaction,TXN_000067,Banking Switch,Financial_Transaction,0.98,2026-04-09T07:50:55,True
EVI_TXN_TXN_000068,Transaction,TXN_000068,Banking Switch,Financial_Transaction,0.98,2025-04-25T08:33:04,True
EVI_TXN_TXN_000069,Transaction,TXN_000069,Banking Switch,Financial_Transaction,0.98,2027-06-09T01:03:14,True
EVI_TXN_TXN_000070,Transaction,TXN_000070,Banking Switch,Financial_Transaction,0.98,2027-06-03T08:36:22,True
EVI_TXN_TXN_000071,Transaction,TXN_000071,Banking Switch,Financial_Transaction,0.98,2027-09-24T18:05:07,True
EVI_TXN_TXN_000072,Transaction,TXN_000072,Banking Switch,Financial_Transaction,0.98,2025-10-08T10:29:22,True
EVI_TXN_TXN_000073,Transaction,TXN_000073,Banking Switch,Financial_Transaction,0.98,2025-10-23T20:14:05,True
EVI_TXN_TXN_000074,Transaction,TXN_000074,Banking Switch,Financial_Transaction,0.98,2025-04-22T08:49:05,True
EVI_TXN_TXN_000075,Transaction,TXN_000075,Banking Switch,Financial_Transaction,0.98,2025-12-31T23:29:59,True
EVI_TXN_TXN_000076,Transaction,TXN_000076,Banking Switch,Financial_Transaction,0.98,2025-01-28T17:07:01,True
EVI_TXN_TXN_000077,Transaction,TXN_000077,Banking Switch,Financial_Transaction,0.98,2027-08-03T19:07:59,True
EVI_TXN_TXN_000078,Transaction,TXN_000078,Banking Switch,Financial_Transaction,0.98,2026-06-08T05:13:38,True
EVI_TXN_TXN_000079,Transaction,TXN_000079,Banking Switch,Financial_Transaction,0.98,2027-03-07T13:41:48,True
EVI_TXN_TXN_000080,Transaction,TXN_000080,Banking Switch,Financial_Transaction,0.98,2026-09-25T06:22:42,True
EVI_TXN_TXN_000081,Transaction,TXN_000081,Banking Switch,Financial_Transaction,0.98,2025-10-10T02:52:38,True
EVI_TXN_TXN_000082,Transaction,TXN_000082,Banking Switch,Financial_Transaction,0.98,2027-07-12T04:10:58,True
EVI_TXN_TXN_000083,Transaction,TXN_000083,Banking Switch,Financial_Transaction,0.98,2027-05-17T20:10:33,True
EVI_TXN_TXN_000084,Transaction,TXN_000084,Banking Switch,Financial_Transaction,0.98,2025-04-28T12:39:42,True
EVI_TXN_TXN_000085,Transaction,TXN_000085,Banking Switch,Financial_Transaction,0.98,2027-05-04T00:56:19,True
EVI_TXN_TXN_000086,Transaction,TXN_000086,Banking Switch,Financial_Transaction,0.98,2025-04-11T17:11:58,True
EVI_TXN_TXN_000087,Transaction,TXN_000087,Banking Switch,Financial_Transaction,0.98,2025-04-01T20:54:03,True
EVI_TXN_TXN_000088,Transaction,TXN_000088,Banking Switch,Financial_Transaction,0.98,2027-06-09T17:32:36,True
EVI_TXN_TXN_000089,Transaction,TXN_000089,Banking Switch,Financial_Transaction,0.98,2026-02-19T08:57:51,True
EVI_TXN_TXN_000090,Transaction,TXN_000090,Banking Switch,Financial_Transaction,0.98,2027-12-15T19:49:21,True
EVI_TXN_TXN_000091,Transaction,TXN_000091,Banking Switch,Financial_Transaction,0.98,2027-12-17T08:02:52,True
EVI_TXN_TXN_000092,Transaction,TXN_000092,Banking Switch,Financial_Transaction,0.98,2026-09-25T06:22:42,True
EVI_TXN_TXN_000093,Transaction,TXN_000093,Banking Switch,Financial_Transaction,0.98,2027-04-08T22:06:09,True
EVI_TXN_TXN_000094,Transaction,TXN_000094,Banking Switch,Financial_Transaction,0.98,2026-06-08T05:13:38,True
EVI_TXN_TXN_000095,Transaction,TXN_000095,Banking Switch,Financial_Transaction,0.98,2025-01-18T04:29:59,True
EVI_TXN_TXN_000096,Transaction,TXN_000096,Banking Switch,Financial_Transaction,0.98,2027-01-30T11:19:20,True
EVI_TXN_TXN_000097,Transaction,TXN_000097,Banking Switch,Financial_Transaction,0.98,2026-04-01T03:23:16,True
EVI_TXN_TXN_000098,Transaction,TXN_000098,Banking Switch,Financial_Transaction,0.98,2026-04-18T07:54:37,True
EVI_TXN_TXN_000099,Transaction,TXN_000099,Banking Switch,Financial_Transaction,0.98,2025-08-05T03:43:54,True
EVI_TXN_TXN_000100,Transaction,TXN_000100,Banking Switch,Financial_Transaction,0.98,2025-07-07T05:03:22,True
EVI_TXN_TXN_000101,Transaction,TXN_000101,Banking Switch,Financial_Transaction,0.98,2027-07-10T05:15:20,True
EVI_TXN_TXN_000102,Transaction,TXN_000102,Banking Switch,Financial_Transaction,0.98,2025-10-22T03:46:17,True
EVI_TXN_TXN_000103,Transaction,TXN_000103,Banking Switch,Financial_Transaction,0.98,2027-09-03T23:44:58,True
EVI_TXN_TXN_000104,Transaction,TXN_000104,Banking Switch,Financial_Transaction,0.98,2027-11-21T02:42:00,True
EVI_TXN_TXN_000105,Transaction,TXN_000105,Banking Switch,Financial_Transaction,0.98,2027-01-20T23:48:37,True
EVI_TXN_TXN_000106,Transaction,TXN_000106,Banking Switch,Financial_Transaction,0.98,2026-08-23T08:13:23,True
EVI_TXN_TXN_000107,Transaction,TXN_000107,Banking Switch,Financial_Transaction,0.98,2027-10-22T01:45:58,True
EVI_TXN_TXN_000108,Transaction,TXN_000108,Banking Switch,Financial_Transaction,0.98,2026-10-22T22:26:48,True
EVI_TXN_TXN_000109,Transaction,TXN_000109,Banking Switch,Financial_Transaction,0.98,2025-04-03T17:04:22,True
EVI_TXN_TXN_000110,Transaction,TXN_000110,Banking Switch,Financial_Transaction,0.98,2026-09-27T23:14:55,True
EVI_TXN_TXN_000111,Transaction,TXN_000111,Banking Switch,Financial_Transaction,0.98,2027-01-21T10:44:31,True
EVI_TXN_TXN_000112,Transaction,TXN_000112,Banking Switch,Financial_Transaction,0.98,2025-04-13T05:36:58,True
EVI_TXN_TXN_000113,Transaction,TXN_000113,Banking Switch,Financial_Transaction,0.98,2027-05-28T09:02:07,True
EVI_TXN_TXN_000114,Transaction,TXN_000114,Banking Switch,Financial_Transaction,0.98,2027-01-22T13:50:16,True
EVI_TXN_TXN_000115,Transaction,TXN_000115,Banking Switch,Financial_Transaction,0.98,2026-10-04T07:04:03,True
EVI_TXN_TXN_000116,Transaction,TXN_000116,Banking Switch,Financial_Transaction,0.98,2027-12-16T01:09:19,True
EVI_TXN_TXN_000117,Transaction,TXN_000117,Banking Switch,Financial_Transaction,0.98,2025-02-23T04:00:04,True
EVI_TXN_TXN_000118,Transaction,TXN_000118,Banking Switch,Financial_Transaction,0.98,2026-04-23T13:10:19,True
EVI_TXN_TXN_000119,Transaction,TXN_000119,Banking Switch,Financial_Transaction,0.98,2027-01-04T19:33:01,True
EVI_TXN_TXN_000120,Transaction,TXN_000120,Banking Switch,Financial_Transaction,0.98,2027-06-24T07:56:00,True
EVI_TXN_TXN_000121,Transaction,TXN_000121,Banking Switch,Financial_Transaction,0.98,2027-08-21T03:36:18,True
EVI_TXN_TXN_000122,Transaction,TXN_000122,Banking Switch,Financial_Transaction,0.98,2025-06-09T04:49:21,True
EVI_TXN_TXN_000123,Transaction,TXN_000123,Banking Switch,Financial_Transaction,0.98,2026-08-19T06:22:35,True
EVI_TXN_TXN_000124,Transaction,TXN_000124,Banking Switch,Financial_Transaction,0.98,2026-10-22T04:32:14,True
EVI_TXN_TXN_000125,Transaction,TXN_000125,Banking Switch,Financial_Transaction,0.98,2025-07-21T22:40:33,True
EVI_TXN_TXN_000126,Transaction,TXN_000126,Banking Switch,Financial_Transaction,0.98,2027-11-16T06:59:26,True
EVI_TXN_TXN_000127,Transaction,TXN_000127,Banking Switch,Financial_Transaction,0.98,2026-08-19T14:10:07,True
EVI_TXN_TXN_000128,Transaction,TXN_000128,Banking Switch,Financial_Transaction,0.98,2027-05-08T04:35:05,True
EVI_TXN_TXN_000129,Transaction,TXN_000129,Banking Switch,Financial_Transaction,0.98,2027-03-11T13:07:57,True
EVI_TXN_TXN_000130,Transaction,TXN_000130,Banking Switch,Financial_Transaction,0.98,2026-06-04T00:57:22,True
EVI_TXN_TXN_000131,Transaction,TXN_000131,Banking Switch,Financial_Transaction,0.98,2025-09-05T02:18:12,True
EVI_TXN_TXN_000132,Transaction,TXN_000132,Banking Switch,Financial_Transaction,0.98,2027-10-26T09:57:22,True
EVI_TXN_TXN_000133,Transaction,TXN_000133,Banking Switch,Financial_Transaction,0.98,2025-04-17T02:55:00,True
EVI_TXN_TXN_000134,Transaction,TXN_000134,Banking Switch,Financial_Transaction,0.98,2025-01-21T13:05:27,True
EVI_TXN_TXN_000135,Transaction,TXN_000135,Banking Switch,Financial_Transaction,0.98,2026-01-11T22:49:15,True
EVI_TXN_TXN_000136,Transaction,TXN_000136,Banking Switch,Financial_Transaction,0.98,2027-12-05T13:29:27,True
EVI_TXN_TXN_000137,Transaction,TXN_000137,Banking Switch,Financial_Transaction,0.98,2025-09-01T10:17:52,True
EVI_TXN_TXN_000138,Transaction,TXN_000138,Banking Switch,Financial_Transaction,0.98,2027-04-18T19:18:34,True
EVI_TXN_TXN_000139,Transaction,TXN_000139,Banking Switch,Financial_Transaction,0.98,2025-12-26T18:29:10,True
EVI_TXN_TXN_000140,Transaction,TXN_000140,Banking Switch,Financial_Transaction,0.98,2026-09-01T09:48:45,True
EVI_TXN_TXN_000141,Transaction,TXN_000141,Banking Switch,Financial_Transaction,0.98,2025-09-06T00:30:46,True
EVI_TXN_TXN_000142,Transaction,TXN_000142,Banking Switch,Financial_Transaction,0.98,2026-12-30T07:12:08,True
EVI_TXN_TXN_000143,Transaction,TXN_000143,Banking Switch,Financial_Transaction,0.98,2026-04-26T12:30:15,True
EVI_TXN_TXN_000144,Transaction,TXN_000144,Banking Switch,Financial_Transaction,0.98,2027-07-23T23:13:04,True
EVI_TXN_TXN_000145,Transaction,TXN_000145,Banking Switch,Financial_Transaction,0.98,2026-02-03T07:40:53,True
EVI_TXN_TXN_000146,Transaction,TXN_000146,Banking Switch,Financial_Transaction,0.98,2026-09-01T09:48:45,True
EVI_TXN_TXN_000147,Transaction,TXN_000147,Banking Switch,Financial_Transaction,0.98,2027-05-11T10:10:55,True
EVI_TXN_TXN_000148,Transaction,TXN_000148,Banking Switch,Financial_Transaction,0.98,2027-01-10T14:34:48,True
EVI_TXN_TXN_000149,Transaction,TXN_000149,Banking Switch,Financial_Transaction,0.98,2026-12-10T18:46:01,True
EVI_TXN_TXN_000150,Transaction,TXN_000150,Banking Switch,Financial_Transaction,0.98,2027-10-23T05:25:36,True
EVI_TXN_TXN_000151,Transaction,TXN_000151,Banking Switch,Financial_Transaction,0.98,2026-06-18T19:10:13,True
EVI_TXN_TXN_000152,Transaction,TXN_000152,Banking Switch,Financial_Transaction,0.98,2026-05-22T11:13:45,True
EVI_TXN_TXN_000153,Transaction,TXN_000153,Banking Switch,Financial_Transaction,0.98,2027-12-18T09:07:33,True
EVI_TXN_TXN_000154,Transaction,TXN_000154,Banking Switch,Financial_Transaction,0.98,2025-04-15T13:30:29,True
EVI_TXN_TXN_000155,Transaction,TXN_000155,Banking Switch,Financial_Transaction,0.98,2025-04-11T17:11:58,True
EVI_TXN_TXN_000156,Transaction,TXN_000156,Banking Switch,Financial_Transaction,0.98,2026-12-11T22:01:39,True
EVI_TXN_TXN_000157,Transaction,TXN_000157,Banking Switch,Financial_Transaction,0.98,2025-04-22T15:22:13,True
EVI_TXN_TXN_000158,Transaction,TXN_000158,Banking Switch,Financial_Transaction,0.98,2025-04-20T21:21:57,True
EVI_TXN_TXN_000159,Transaction,TXN_000159,Banking Switch,Financial_Transaction,0.98,2027-03-28T12:34:28,True
EVI_TXN_TXN_000160,Transaction,TXN_000160,Banking Switch,Financial_Transaction,0.98,2025-02-12T10:27:07,True
EVI_TXN_TXN_000161,Transaction,TXN_000161,Banking Switch,Financial_Transaction,0.98,2026-02-16T17:23:00,True
EVI_TXN_TXN_000162,Transaction,TXN_000162,Banking Switch,Financial_Transaction,0.98,2027-11-29T16:06:48,True
EVI_TXN_TXN_000163,Transaction,TXN_000163,Banking Switch,Financial_Transaction,0.98,2025-03-08T09:37:55,True
EVI_TXN_TXN_000164,Transaction,TXN_000164,Banking Switch,Financial_Transaction,0.98,2025-06-24T17:37:44,True
EVI_TXN_TXN_000165,Transaction,TXN_000165,Banking Switch,Financial_Transaction,0.98,2027-08-11T11:17:22,True
EVI_TXN_TXN_000166,Transaction,TXN_000166,Banking Switch,Financial_Transaction,0.98,2025-04-18T14:18:38,True
EVI_TXN_TXN_000167,Transaction,TXN_000167,Banking Switch,Financial_Transaction,0.98,2025-03-10T22:53:17,True
EVI_TXN_TXN_000168,Transaction,TXN_000168,Banking Switch,Financial_Transaction,0.98,2026-07-05T22:04:23,True
EVI_TXN_TXN_000169,Transaction,TXN_000169,Banking Switch,Financial_Transaction,0.98,2026-07-17T23:20:15,True
EVI_TXN_TXN_000170,Transaction,TXN_000170,Banking Switch,Financial_Transaction,0.98,2025-04-11T17:11:58,True
EVI_TXN_TXN_000171,Transaction,TXN_000171,Banking Switch,Financial_Transaction,0.98,2025-03-27T03:06:28,True
EVI_TXN_TXN_000172,Transaction,TXN_000172,Banking Switch,Financial_Transaction,0.98,2026-07-29T04:53:09,True
EVI_TXN_TXN_000173,Transaction,TXN_000173,Banking Switch,Financial_Transaction,0.98,2027-09-06T21:18:40,True
EVI_TXN_TXN_000174,Transaction,TXN_000174,Banking Switch,Financial_Transaction,0.98,2027-07-05T22:50:40,True
EVI_TXN_TXN_000175,Transaction,TXN_000175,Banking Switch,Financial_Transaction,0.98,2026-02-23T07:13:15,True
EVI_TXN_TXN_000176,Transaction,TXN_000176,Banking Switch,Financial_Transaction,0.98,2025-04-08T04:18:45,True
EVI_TXN_TXN_000177,Transaction,TXN_000177,Banking Switch,Financial_Transaction,0.98,2027-01-04T19:33:01,True
EVI_TXN_TXN_000178,Transaction,TXN_000178,Banking Switch,Financial_Transaction,0.98,2026-10-10T14:47:05,True
EVI_TXN_TXN_000179,Transaction,TXN_000179,Banking Switch,Financial_Transaction,0.98,2027-07-25T02:02:11,True
EVI_TXN_TXN_000180,Transaction,TXN_000180,Banking Switch,Financial_Transaction,0.98,2027-07-23T23:13:04,True
EVI_TXN_TXN_000181,Transaction,TXN_000181,Banking Switch,Financial_Transaction,0.98,2026-10-22T04:32:14,True
EVI_TXN_TXN_000182,Transaction,TXN_000182,Banking Switch,Financial_Transaction,0.98,2027-11-07T22:46:27,True
EVI_TXN_TXN_000183,Transaction,TXN_000183,Banking Switch,Financial_Transaction,0.98,2025-04-22T21:15:03,True
EVI_TXN_TXN_000184,Transaction,TXN_000184,Banking Switch,Financial_Transaction,0.98,2026-05-06T14:29:58,True
EVI_TXN_TXN_000185,Transaction,TXN_000185,Banking Switch,Financial_Transaction,0.98,2025-04-30T16:38:10,True
EVI_TXN_TXN_000186,Transaction,TXN_000186,Banking Switch,Financial_Transaction,0.98,2026-06-04T16:27:25,True
EVI_TXN_TXN_000187,Transaction,TXN_000187,Banking Switch,Financial_Transaction,0.98,2025-04-12T15:54:32,True
EVI_TXN_TXN_000188,Transaction,TXN_000188,Banking Switch,Financial_Transaction,0.98,2026-03-21T01:06:09,True
EVI_TXN_TXN_000189,Transaction,TXN_000189,Banking Switch,Financial_Transaction,0.98,2025-12-29T13:48:12,True
EVI_TXN_TXN_000190,Transaction,TXN_000190,Banking Switch,Financial_Transaction,0.98,2025-08-02T14:38:45,True
EVI_TXN_TXN_000191,Transaction,TXN_000191,Banking Switch,Financial_Transaction,0.98,2025-01-28T05:16:04,True
EVI_TXN_TXN_000192,Transaction,TXN_000192,Banking Switch,Financial_Transaction,0.98,2026-12-01T03:52:50,True
EVI_TXN_TXN_000193,Transaction,TXN_000193,Banking Switch,Financial_Transaction,0.98,2027-07-10T03:03:13,True
EVI_TXN_TXN_000194,Transaction,TXN_000194,Banking Switch,Financial_Transaction,0.98,2026-03-30T02:01:03,True
EVI_TXN_TXN_000195,Transaction,TXN_000195,Banking Switch,Financial_Transaction,0.98,2025-04-02T01:59:06,True
EVI_TXN_TXN_000196,Transaction,TXN_000196,Banking Switch,Financial_Transaction,0.98,2027-06-24T20:58:31,True
EVI_TXN_TXN_000197,Transaction,TXN_000197,Banking Switch,Financial_Transaction,0.98,2025-04-01T20:54:03,True
EVI_TXN_TXN_000198,Transaction,TXN_000198,Banking Switch,Financial_Transaction,0.98,2027-11-10T12:19:56,True
EVI_TXN_TXN_000199,Transaction,TXN_000199,Banking Switch,Financial_Transaction,0.98,2026-04-25T09:00:06,True
EVI_TXN_TXN_000200,Transaction,TXN_000200,Banking Switch,Financial_Transaction,0.98,2026-06-21T19:51:49,True
EVI_TXN_TXN_000201,Transaction,TXN_000201,Banking Switch,Financial_Transaction,0.98,2027-08-20T08:46:06,True
EVI_TXN_TXN_000202,Transaction,TXN_000202,Banking Switch,Financial_Transaction,0.98,2027-12-05T13:29:27,True
EVI_TXN_TXN_000203,Transaction,TXN_000203,Banking Switch,Financial_Transaction,0.98,2026-10-17T04:12:37,True
EVI_TXN_TXN_000204,Transaction,TXN_000204,Banking Switch,Financial_Transaction,0.98,2026-06-19T22:55:02,True
EVI_TXN_TXN_000205,Transaction,TXN_000205,Banking Switch,Financial_Transaction,0.98,2025-05-05T02:17:50,True
EVI_TXN_TXN_000206,Transaction,TXN_000206,Banking Switch,Financial_Transaction,0.98,2027-05-23T18:51:29,True
EVI_TXN_TXN_000207,Transaction,TXN_000207,Banking Switch,Financial_Transaction,0.98,2025-09-28T08:56:17,True
EVI_TXN_TXN_000208,Transaction,TXN_000208,Banking Switch,Financial_Transaction,0.98,2026-12-28T23:39:42,True
EVI_TXN_TXN_000209,Transaction,TXN_000209,Banking Switch,Financial_Transaction,0.98,2026-09-30T13:39:52,True
EVI_TXN_TXN_000210,Transaction,TXN_000210,Banking Switch,Financial_Transaction,0.98,2027-02-15T01:20:47,True
EVI_TXN_TXN_000211,Transaction,TXN_000211,Banking Switch,Financial_Transaction,0.98,2026-04-15T11:04:17,True
EVI_TXN_TXN_000212,Transaction,TXN_000212,Banking Switch,Financial_Transaction,0.98,2025-07-22T07:01:53,True
EVI_TXN_TXN_000213,Transaction,TXN_000213,Banking Switch,Financial_Transaction,0.98,2025-02-21T20:59:58,True
EVI_TXN_TXN_000214,Transaction,TXN_000214,Banking Switch,Financial_Transaction,0.98,2025-05-31T21:08:26,True
EVI_TXN_TXN_000215,Transaction,TXN_000215,Banking Switch,Financial_Transaction,0.98,2026-04-06T17:16:56,True
EVI_TXN_TXN_000216,Transaction,TXN_000216,Banking Switch,Financial_Transaction,0.98,2026-07-30T20:26:59,True
EVI_TXN_TXN_000217,Transaction,TXN_000217,Banking Switch,Financial_Transaction,0.98,2026-04-25T09:49:18,True
EVI_TXN_TXN_000218,Transaction,TXN_000218,Banking Switch,Financial_Transaction,0.98,2027-06-03T08:36:22,True
EVI_TXN_TXN_000219,Transaction,TXN_000219,Banking Switch,Financial_Transaction,0.98,2027-02-21T05:37:01,True
EVI_TXN_TXN_000220,Transaction,TXN_000220,Banking Switch,Financial_Transaction,0.98,2025-04-25T05:00:18,True
EVI_TXN_TXN_000221,Transaction,TXN_000221,Banking Switch,Financial_Transaction,0.98,2025-03-11T19:25:42,True
EVI_TXN_TXN_000222,Transaction,TXN_000222,Banking Switch,Financial_Transaction,0.98,2025-12-20T08:03:35,True
EVI_TXN_TXN_000223,Transaction,TXN_000223,Banking Switch,Financial_Transaction,0.98,2027-11-02T17:26:21,True
EVI_TXN_TXN_000224,Transaction,TXN_000224,Banking Switch,Financial_Transaction,0.98,2025-01-11T06:15:27,True
EVI_TXN_TXN_000225,Transaction,TXN_000225,Banking Switch,Financial_Transaction,0.98,2026-07-25T14:54:25,True
EVI_TXN_TXN_000226,Transaction,TXN_000226,Banking Switch,Financial_Transaction,0.98,2026-11-30T16:22:34,True
EVI_TXN_TXN_000227,Transaction,TXN_000227,Banking Switch,Financial_Transaction,0.98,2026-11-25T01:52:44,True
EVI_TXN_TXN_000228,Transaction,TXN_000228,Banking Switch,Financial_Transaction,0.98,2025-09-06T00:30:46,True
EVI_TXN_TXN_000229,Transaction,TXN_000229,Banking Switch,Financial_Transaction,0.98,2026-08-11T09:29:39,True
EVI_TXN_TXN_000230,Transaction,TXN_000230,Banking Switch,Financial_Transaction,0.98,2026-03-11T21:46:06,True
EVI_TXN_TXN_000231,Transaction,TXN_000231,Banking Switch,Financial_Transaction,0.98,2026-11-18T09:59:32,True
EVI_TXN_TXN_000232,Transaction,TXN_000232,Banking Switch,Financial_Transaction,0.98,2026-01-11T22:49:15,True
EVI_TXN_TXN_000233,Transaction,TXN_000233,Banking Switch,Financial_Transaction,0.98,2025-06-01T22:37:19,True
EVI_TXN_TXN_000234,Transaction,TXN_000234,Banking Switch,Financial_Transaction,0.98,2025-03-01T06:14:23,True
EVI_TXN_TXN_000235,Transaction,TXN_000235,Banking Switch,Financial_Transaction,0.98,2026-05-27T21:34:16,True
EVI_TXN_TXN_000236,Transaction,TXN_000236,Banking Switch,Financial_Transaction,0.98,2025-10-21T21:18:44,True
EVI_TXN_TXN_000237,Transaction,TXN_000237,Banking Switch,Financial_Transaction,0.98,2027-12-28T08:28:32,True
EVI_TXN_TXN_000238,Transaction,TXN_000238,Banking Switch,Financial_Transaction,0.98,2026-04-17T15:07:30,True
EVI_TXN_TXN_000239,Transaction,TXN_000239,Banking Switch,Financial_Transaction,0.98,2025-04-03T06:49:21,True
EVI_TXN_TXN_000240,Transaction,TXN_000240,Banking Switch,Financial_Transaction,0.98,2026-04-27T13:16:59,True
EVI_TXN_TXN_000241,Transaction,TXN_000241,Banking Switch,Financial_Transaction,0.98,2026-11-30T16:22:34,True
EVI_TXN_TXN_000242,Transaction,TXN_000242,Banking Switch,Financial_Transaction,0.98,2027-06-03T08:36:22,True
EVI_TXN_TXN_000243,Transaction,TXN_000243,Banking Switch,Financial_Transaction,0.98,2025-04-17T02:55:00,True
EVI_TXN_TXN_000244,Transaction,TXN_000244,Banking Switch,Financial_Transaction,0.98,2025-04-28T15:47:53,True
EVI_TXN_TXN_000245,Transaction,TXN_000245,Banking Switch,Financial_Transaction,0.98,2026-02-12T08:35:03,True
EVI_TXN_TXN_000246,Transaction,TXN_000246,Banking Switch,Financial_Transaction,0.98,2026-07-13T11:17:48,True
EVI_TXN_TXN_000247,Transaction,TXN_000247,Banking Switch,Financial_Transaction,0.98,2026-10-25T23:51:58,True
EVI_TXN_TXN_000248,Transaction,TXN_000248,Banking Switch,Financial_Transaction,0.98,2025-05-20T04:10:12,True
EVI_TXN_TXN_000249,Transaction,TXN_000249,Banking Switch,Financial_Transaction,0.98,2027-02-18T10:26:16,True
EVI_TXN_TXN_000250,Transaction,TXN_000250,Banking Switch,Financial_Transaction,0.98,2026-11-30T09:40:16,True
EVI_TXN_TXN_000251,Transaction,TXN_000251,Banking Switch,Financial_Transaction,0.98,2025-02-07T08:28:15,True
EVI_TXN_TXN_000252,Transaction,TXN_000252,Banking Switch,Financial_Transaction,0.98,2025-03-27T03:06:28,True
EVI_TXN_TXN_000253,Transaction,TXN_000253,Banking Switch,Financial_Transaction,0.98,2025-04-01T11:21:28,True
EVI_TXN_TXN_000254,Transaction,TXN_000254,Banking Switch,Financial_Transaction,0.98,2025-04-18T03:23:18,True
EVI_TXN_TXN_000255,Transaction,TXN_000255,Banking Switch,Financial_Transaction,0.98,2027-10-23T09:53:21,True
EVI_TXN_TXN_000256,Transaction,TXN_000256,Banking Switch,Financial_Transaction,0.98,2027-11-17T10:20:30,True
EVI_TXN_TXN_000257,Transaction,TXN_000257,Banking Switch,Financial_Transaction,0.98,2026-11-26T02:05:18,True
EVI_TXN_TXN_000258,Transaction,TXN_000258,Banking Switch,Financial_Transaction,0.98,2026-12-03T05:09:55,True
EVI_TXN_TXN_000259,Transaction,TXN_000259,Banking Switch,Financial_Transaction,0.98,2026-01-10T14:06:19,True
EVI_TXN_TXN_000260,Transaction,TXN_000260,Banking Switch,Financial_Transaction,0.98,2027-05-07T02:29:52,True
EVI_TXN_TXN_000261,Transaction,TXN_000261,Banking Switch,Financial_Transaction,0.98,2026-06-14T05:54:01,True
EVI_TXN_TXN_000262,Transaction,TXN_000262,Banking Switch,Financial_Transaction,0.98,2026-04-02T20:20:42,True
EVI_TXN_TXN_000263,Transaction,TXN_000263,Banking Switch,Financial_Transaction,0.98,2025-06-21T19:50:26,True
EVI_TXN_TXN_000264,Transaction,TXN_000264,Banking Switch,Financial_Transaction,0.98,2025-04-18T13:19:13,True
EVI_TXN_TXN_000265,Transaction,TXN_000265,Banking Switch,Financial_Transaction,0.98,2026-05-02T02:42:24,True
EVI_TXN_TXN_000266,Transaction,TXN_000266,Banking Switch,Financial_Transaction,0.98,2027-12-16T01:20:52,True
EVI_TXN_TXN_000267,Transaction,TXN_000267,Banking Switch,Financial_Transaction,0.98,2027-04-19T21:42:28,True
EVI_TXN_TXN_000268,Transaction,TXN_000268,Banking Switch,Financial_Transaction,0.98,2027-11-26T17:04:34,True
EVI_TXN_TXN_000269,Transaction,TXN_000269,Banking Switch,Financial_Transaction,0.98,2025-10-30T04:06:30,True
EVI_TXN_TXN_000270,Transaction,TXN_000270,Banking Switch,Financial_Transaction,0.98,2027-07-25T02:02:11,True
EVI_TXN_TXN_000271,Transaction,TXN_000271,Banking Switch,Financial_Transaction,0.98,2026-03-30T02:01:03,True
EVI_TXN_TXN_000272,Transaction,TXN_000272,Banking Switch,Financial_Transaction,0.98,2026-05-02T23:33:10,True
EVI_TXN_TXN_000273,Transaction,TXN_000273,Banking Switch,Financial_Transaction,0.98,2027-12-30T02:30:46,True
EVI_TXN_TXN_000274,Transaction,TXN_000274,Banking Switch,Financial_Transaction,0.98,2026-10-13T23:39:35,True
EVI_TXN_TXN_000275,Transaction,TXN_000275,Banking Switch,Financial_Transaction,0.98,2026-07-13T11:26:47,True
EVI_TXN_TXN_000276,Transaction,TXN_000276,Banking Switch,Financial_Transaction,0.98,2026-03-18T17:08:32,True
EVI_TXN_TXN_000277,Transaction,TXN_000277,Banking Switch,Financial_Transaction,0.98,2026-06-08T07:49:59,True
EVI_TXN_TXN_000278,Transaction,TXN_000278,Banking Switch,Financial_Transaction,0.98,2026-04-09T23:18:06,True
EVI_TXN_TXN_000279,Transaction,TXN_000279,Banking Switch,Financial_Transaction,0.98,2026-05-28T02:44:40,True
EVI_TXN_TXN_000280,Transaction,TXN_000280,Banking Switch,Financial_Transaction,0.98,2025-03-09T06:54:38,True
EVI_TXN_TXN_000281,Transaction,TXN_000281,Banking Switch,Financial_Transaction,0.98,2025-09-09T08:23:37,True
EVI_TXN_TXN_000282,Transaction,TXN_000282,Banking Switch,Financial_Transaction,0.98,2025-04-28T11:37:33,True
EVI_TXN_TXN_000283,Transaction,TXN_000283,Banking Switch,Financial_Transaction,0.98,2027-02-16T21:37:11,True
EVI_TXN_TXN_000284,Transaction,TXN_000284,Banking Switch,Financial_Transaction,0.98,2025-12-15T23:52:59,True
EVI_TXN_TXN_000285,Transaction,TXN_000285,Banking Switch,Financial_Transaction,0.98,2027-01-15T01:16:01,True
EVI_TXN_TXN_000286,Transaction,TXN_000286,Banking Switch,Financial_Transaction,0.98,2025-11-23T07:18:46,True
EVI_TXN_TXN_000287,Transaction,TXN_000287,Banking Switch,Financial_Transaction,0.98,2027-02-16T03:18:39,True
EVI_TXN_TXN_000288,Transaction,TXN_000288,Banking Switch,Financial_Transaction,0.98,2026-09-06T19:05:12,True
EVI_TXN_TXN_000289,Transaction,TXN_000289,Banking Switch,Financial_Transaction,0.98,2025-11-06T11:44:51,True
EVI_TXN_TXN_000290,Transaction,TXN_000290,Banking Switch,Financial_Transaction,0.98,2025-06-18T16:20:00,True
EVI_TXN_TXN_000291,Transaction,TXN_000291,Banking Switch,Financial_Transaction,0.98,2027-03-26T10:44:29,True
EVI_TXN_TXN_000292,Transaction,TXN_000292,Banking Switch,Financial_Transaction,0.98,2025-03-10T22:53:17,True
EVI_TXN_TXN_000293,Transaction,TXN_000293,Banking Switch,Financial_Transaction,0.98,2027-11-12T16:09:48,True
EVI_TXN_TXN_000294,Transaction,TXN_000294,Banking Switch,Financial_Transaction,0.98,2027-04-13T16:24:09,True
EVI_TXN_TXN_000295,Transaction,TXN_000295,Banking Switch,Financial_Transaction,0.98,2026-08-01T03:03:23,True
EVI_TXN_TXN_000296,Transaction,TXN_000296,Banking Switch,Financial_Transaction,0.98,2027-07-15T09:56:01,True
EVI_TXN_TXN_000297,Transaction,TXN_000297,Banking Switch,Financial_Transaction,0.98,2026-09-02T01:50:24,True
EVI_TXN_TXN_000298,Transaction,TXN_000298,Banking Switch,Financial_Transaction,0.98,2026-06-12T01:57:18,True
EVI_TXN_TXN_000299,Transaction,TXN_000299,Banking Switch,Financial_Transaction,0.98,2025-05-09T13:48:09,True
EVI_TXN_TXN_000300,Transaction,TXN_000300,Banking Switch,Financial_Transaction,0.98,2026-09-02T01:50:24,True
EVI_ORG_REG_ORG_0001_P_00071,Corporate_Registry,ORG_0001,ROC Database,Official_Filing,0.99,2024-01-01,True
EVI_ORG_REG_ORG_0002_P_01603,Corporate_Registry,ORG_0002,ROC Database,Official_Filing,0.99,2024-01-01,True
EVI_ORG_REG_ORG_0002_P_02240,Corporate_Registry,ORG_0002,ROC Database,Official_Filing,0.99,2024-01-01,True
EVI_ORG_REG_ORG_0003_P_02862,Corporate_Registry,ORG_0003,ROC Database,Official_Filing,0.99,2024-01-01,True
EVI_ORG_REG_ORG_0004_P_04004,Corporate_Registry,ORG_0004,ROC Database,Official_Filing,0.99,2024-01-01,True
EVI_ORG_REG_ORG_0004_P_02988,Corporate_Registry,ORG_0004,ROC Database,Official_Filing,0.99,2024-01-01,True
EVI_ORG_REG_ORG_0004_P_01375,Corporate_Registry,ORG_0004,ROC Database,Official_Filing,0.99,2024-01-01,True
EVI_ORG_REG_ORG_0005_P_02686,Corporate_Registry,ORG_0005,ROC Database,Official_Filing,0.99,2024-01-01,True
EVI_ORG_REG_ORG_0005_P_02816,Corporate_Registry,ORG_0005,ROC Database,Official_Filing,0.99,2024-01-01,True
EVI_ORG_REG_ORG_0005_P_00475,Corporate_Registry,ORG_0005,ROC Database,Official_Filing,0.99,2024-01-01,True
EVI_ORG_REG_ORG_0006_P_00623,Corporate_Registry,ORG_0006,ROC Database,Official_Filing,0.99,2024-01-01,True
EVI_ORG_REG_ORG_0006_P_01400,Corporate_Registry,ORG_0006,ROC Database,Official_Filing,0.99,2024-01-01,True
EVI_ORG_REG_ORG_0006_P_04539,Corporate_Registry,ORG_0006,ROC Database,Official_Filing,0.99,2024-01-01,True
EVI_ORG_REG_ORG_0007_P_00907,Corporate_Registry,ORG_0007,ROC Database,Official_Filing,0.99,2024-01-01,True
EVI_ORG_REG_ORG_0007_P_03087,Corporate_Registry,ORG_0007,ROC Database,Official_Filing,0.99,2024-01-01,True
EVI_ORG_REG_ORG_0007_P_03775,Corporate_Registry,ORG_0007,ROC Database,Official_Filing,0.99,2024-01-01,True
EVI_ORG_REG_ORG_0008_P_04004,Corporate_Registry,ORG_0008,ROC Database,Official_Filing,0.99,2024-01-01,True
EVI_ORG_REG_ORG_0009_P_02549,Corporate_Registry,ORG_0009,ROC Database,Official_Filing,0.99,2024-01-01,True
EVI_ORG_REG_ORG_0010_P_00337,Corporate_Registry,ORG_0010,ROC Database,Official_Filing,0.99,2024-01-01,True
EVI_ORG_REG_ORG_0010_P_00455,Corporate_Registry,ORG_0010,ROC Database,Official_Filing,0.99,2024-01-01,True
EVI_ORG_REG_ORG_0010_P_01607,Corporate_Registry,ORG_0010,ROC Database,Official_Filing,0.99,2024-01-01,True
EVI_ORG_REG_ORG_0011_P_03156,Corporate_Registry,ORG_0011,ROC Database,Official_Filing,0.99,2024-01-01,True
EVI_ORG_REG_ORG_0011_P_01549,Corporate_Registry,ORG_0011,ROC Database,Official_Filing,0.99,2024-01-01,True
EVI_ORG_REG_ORG_0012_P_01418,Corporate_Registry,ORG_0012,ROC Database,Official_Filing,0.99,2024-01-01,True
EVI_ORG_REG_ORG_0012_P_02554,Corporate_Registry,ORG_0012,ROC Database,Official_Filing,0.99,2024-01-01,True
EVI_ORG_REG_ORG_0012_P_01287,Corporate_Registry,ORG_0012,ROC Database,Official_Filing,0.99,2024-01-01,True
EVI_ORG_REG_ORG_0013_P_04705,Corporate_Registry,ORG_0013,ROC Database,Official_Filing,0.99,2024-01-01,True
EVI_ORG_REG_ORG_0013_P_03796,Corporate_Registry,ORG_0013,ROC Database,Official_Filing,0.99,2024-01-01,True
EVI_ORG_REG_ORG_0014_P_00833,Corporate_Registry,ORG_0014,ROC Database,Official_Filing,0.99,2024-01-01,True
EVI_ORG_REG_ORG_0014_P_01421,Corporate_Registry,ORG_0014,ROC Database,Official_Filing,0.99,2024-01-01,True
EVI_ORG_REG_ORG_0014_P_00519,Corporate_Registry,ORG_0014,ROC Database,Official_Filing,0.99,2024-01-01,True
EVI_ORG_REG_ORG_0015_P_01583,Corporate_Registry,ORG_0015,ROC Database,Official_Filing,0.99,2024-01-01,True
EVI_ORG_REG_ORG_0015_P_02467,Corporate_Registry,ORG_0015,ROC Database,Official_Filing,0.99,2024-01-01,True
EVI_ORG_REG_ORG_0016_P_03290,Corporate_Registry,ORG_0016,ROC Database,Official_Filing,0.99,2024-01-01,True
EVI_ORG_REG_ORG_0016_P_00722,Corporate_Registry,ORG_0016,ROC Database,Official_Filing,0.99,2024-01-01,True
EVI_ORG_REG_ORG_0016_P_01611,Corporate_Registry,ORG_0016,ROC Database,Official_Filing,0.99,2024-01-01,True
EVI_ORG_REG_ORG_0017_P_02920,Corporate_Registry,ORG_0017,ROC Database,Official_Filing,0.99,2024-01-01,True
EVI_ORG_REG_ORG_0017_P_02970,Corporate_Registry,ORG_0017,ROC Database,Official_Filing,0.99,2024-01-01,True
EVI_ORG_REG_ORG_0017_P_01604,Corporate_Registry,ORG_0017,ROC Database,Official_Filing,0.99,2024-01-01,True
EVI_ORG_REG_ORG_0018_P_00320,Corporate_Registry,ORG_0018,ROC Database,Official_Filing,0.99,2024-01-01,True
EVI_ORG_REG_ORG_0019_P_02480,Corporate_Registry,ORG_0019,ROC Database,Official_Filing,0.99,2024-01-01,True
EVI_ORG_REG_ORG_0019_P_00085,Corporate_Registry,ORG_0019,ROC Database,Official_Filing,0.99,2024-01-01,True
EVI_ORG_REG_ORG_0020_P_00818,Corporate_Registry,ORG_0020,ROC Database,Official_Filing,0.99,2024-01-01,True
EVI_ORG_REG_ORG_0021_P_03337,Corporate_Registry,ORG_0021,ROC Database,Official_Filing,0.99,2024-01-01,True
EVI_ORG_REG_ORG_0021_P_02954,Corporate_Registry,ORG_0021,ROC Database,Official_Filing,0.99,2024-01-01,True
EVI_ORG_REG_ORG_0021_P_04094,Corporate_Registry,ORG_0021,ROC Database,Official_Filing,0.99,2024-01-01,True
EVI_ORG_REG_ORG_0022_P_02620,Corporate_Registry,ORG_0022,ROC Database,Official_Filing,0.99,2024-01-01,True
EVI_ORG_REG_ORG_0022_P_03741,Corporate_Registry,ORG_0022,ROC Database,Official_Filing,0.99,2024-01-01,True
EVI_ORG_REG_ORG_0023_P_03541,Corporate_Registry,ORG_0023,ROC Database,Official_Filing,0.99,2024-01-01,True
EVI_ORG_REG_ORG_0023_P_01945,Corporate_Registry,ORG_0023,ROC Database,Official_Filing,0.99,2024-01-01,True
EVI_ORG_REG_ORG_0023_P_02503,Corporate_Registry,ORG_0023,ROC Database,Official_Filing,0.99,2024-01-01,True
EVI_ORG_REG_ORG_0024_P_01506,Corporate_Registry,ORG_0024,ROC Database,Official_Filing,0.99,2024-01-01,True
EVI_ORG_REG_ORG_0024_P_04896,Corporate_Registry,ORG_0024,ROC Database,Official_Filing,0.99,2024-01-01,True
EVI_ORG_REG_ORG_0024_P_04842,Corporate_Registry,ORG_0024,ROC Database,Official_Filing,0.99,2024-01-01,True
EVI_ORG_REG_ORG_0025_P_04899,Corporate_Registry,ORG_0025,ROC Database,Official_Filing,0.99,2024-01-01,True
EVI_ORG_REG_ORG_0025_P_02235,Corporate_Registry,ORG_0025,ROC Database,Official_Filing,0.99,2024-01-01,True
EVI_ORG_REG_ORG_0025_P_02796,Corporate_Registry,ORG_0025,ROC Database,Official_Filing,0.99,2024-01-01,True
EVI_ORG_REG_ORG_0026_P_00673,Corporate_Registry,ORG_0026,ROC Database,Official_Filing,0.99,2024-01-01,True
EVI_ORG_REG_ORG_0026_P_00844,Corporate_Registry,ORG_0026,ROC Database,Official_Filing,0.99,2024-01-01,True
EVI_ORG_REG_ORG_0027_P_03133,Corporate_Registry,ORG_0027,ROC Database,Official_Filing,0.99,2024-01-01,True
EVI_ORG_REG_ORG_0028_P_00142,Corporate_Registry,ORG_0028,ROC Database,Official_Filing,0.99,2024-01-01,True
EVI_ORG_REG_ORG_0029_P_01085,Corporate_Registry,ORG_0029,ROC Database,Official_Filing,0.99,2024-01-01,True
EVI_ORG_REG_ORG_0029_P_01312,Corporate_Registry,ORG_0029,ROC Database,Official_Filing,0.99,2024-01-01,True
EVI_ORG_REG_ORG_0029_P_02097,Corporate_Registry,ORG_0029,ROC Database,Official_Filing,0.99,2024-01-01,True
EVI_ORG_REG_ORG_0030_P_04484,Corporate_Registry,ORG_0030,ROC Database,Official_Filing,0.99,2024-01-01,True
EVI_ORG_REG_ORG_0030_P_01159,Corporate_Registry,ORG_0030,ROC Database,Official_Filing,0.99,2024-01-01,True
EVI_ORG_REG_ORG_0031_P_01245,Corporate_Registry,ORG_0031,ROC Database,Official_Filing,0.99,2024-01-01,True
EVI_ORG_REG_ORG_0032_P_02916,Corporate_Registry,ORG_0032,ROC Database,Official_Filing,0.99,2024-01-01,True
EVI_ORG_REG_ORG_0032_P_03295,Corporate_Registry,ORG_0032,ROC Database,Official_Filing,0.99,2024-01-01,True
EVI_ORG_REG_ORG_0033_P_04657,Corporate_Registry,ORG_0033,ROC Database,Official_Filing,0.99,2024-01-01,True
EVI_ORG_REG_ORG_0033_P_03125,Corporate_Registry,ORG_0033,ROC Database,Official_Filing,0.99,2024-01-01,True
EVI_ORG_REG_ORG_0034_P_02268,Corporate_Registry,ORG_0034,ROC Database,Official_Filing,0.99,2024-01-01,True
EVI_ORG_REG_ORG_0035_P_00708,Corporate_Registry,ORG_0035,ROC Database,Official_Filing,0.99,2024-01-01,True
EVI_ORG_REG_ORG_0035_P_00032,Corporate_Registry,ORG_0035,ROC Database,Official_Filing,0.99,2024-01-01,True
EVI_ORG_REG_ORG_0035_P_00092,Corporate_Registry,ORG_0035,ROC Database,Official_Filing,0.99,2024-01-01,True
EVI_ORG_REG_ORG_0036_P_02882,Corporate_Registry,ORG_0036,ROC Database,Official_Filing,0.99,2024-01-01,True
EVI_ORG_REG_ORG_0037_P_04516,Corporate_Registry,ORG_0037,ROC Database,Official_Filing,0.99,2024-01-01,True
EVI_ORG_REG_ORG_0038_P_01294,Corporate_Registry,ORG_0038,ROC Database,Official_Filing,0.99,2024-01-01,True
EVI_ORG_REG_ORG_0039_P_03796,Corporate_Registry,ORG_0039,ROC Database,Official_Filing,0.99,2024-01-01,True
EVI_ORG_REG_ORG_0039_P_02238,Corporate_Registry,ORG_0039,ROC Database,Official_Filing,0.99,2024-01-01,True
EVI_ORG_REG_ORG_0039_P_04579,Corporate_Registry,ORG_0039,ROC Database,Official_Filing,0.99,2024-01-01,True
EVI_ORG_REG_ORG_0040_P_01056,Corporate_Registry,ORG_0040,ROC Database,Official_Filing,0.99,2024-01-01,True
EVI_ORG_REG_ORG_0040_P_02130,Corporate_Registry,ORG_0040,ROC Database,Official_Filing,0.99,2024-01-01,True
EVI_ORG_REG_ORG_0040_P_01568,Corporate_Registry,ORG_0040,ROC Database,Official_Filing,0.99,2024-01-01,True
EVI_ORG_REG_ORG_0041_P_01186,Corporate_Registry,ORG_0041,ROC Database,Official_Filing,0.99,2024-01-01,True
EVI_ORG_REG_ORG_0042_P_02742,Corporate_Registry,ORG_0042,ROC Database,Official_Filing,0.99,2024-01-01,True
EVI_ORG_REG_ORG_0042_P_01526,Corporate_Registry,ORG_0042,ROC Database,Official_Filing,0.99,2024-01-01,True
EVI_ORG_REG_ORG_0043_P_00189,Corporate_Registry,ORG_0043,ROC Database,Official_Filing,0.99,2024-01-01,True
EVI_ORG_REG_ORG_0043_P_01208,Corporate_Registry,ORG_0043,ROC Database,Official_Filing,0.99,2024-01-01,True
EVI_ORG_REG_ORG_0043_P_04324,Corporate_Registry,ORG_0043,ROC Database,Official_Filing,0.99,2024-01-01,True
EVI_ORG_REG_ORG_0044_P_00360,Corporate_Registry,ORG_0044,ROC Database,Official_Filing,0.99,2024-01-01,True
EVI_ORG_REG_ORG_0044_P_02408,Corporate_Registry,ORG_0044,ROC Database,Official_Filing,0.99,2024-01-01,True
EVI_ORG_REG_ORG_0045_P_02196,Corporate_Registry,ORG_0045,ROC Database,Official_Filing,0.99,2024-01-01,True
EVI_ORG_REG_ORG_0046_P_02010,Corporate_Registry,ORG_0046,ROC Database,Official_Filing,0.99,2024-01-01,True
EVI_ORG_REG_ORG_0046_P_03909,Corporate_Registry,ORG_0046,ROC Database,Official_Filing,0.99,2024-01-01,True
EVI_ORG_REG_ORG_0047_P_04973,Corporate_Registry,ORG_0047,ROC Database,Official_Filing,0.99,2024-01-01,True
EVI_ORG_REG_ORG_0047_P_02795,Corporate_Registry,ORG_0047,ROC Database,Official_Filing,0.99,2024-01-01,True
EVI_ORG_REG_ORG_0048_P_02155,Corporate_Registry,ORG_0048,ROC Database,Official_Filing,0.99,2024-01-01,True
EVI_ORG_REG_ORG_0049_P_04788,Corporate_Registry,ORG_0049,ROC Database,Official_Filing,0.99,2024-01-01,True
EVI_ORG_REG_ORG_0049_P_04234,Corporate_Registry,ORG_0049,ROC Database,Official_Filing,0.99,2024-01-01,True
EVI_ORG_REG_ORG_0049_P_02708,Corporate_Registry,ORG_0049,ROC Database,Official_Filing,0.99,2024-01-01,True
EVI_ORG_REG_ORG_0050_P_02175,Corporate_Registry,ORG_0050,ROC Database,Official_Filing,0.99,2024-01-01,True
EVI_ORG_REG_ORG_0050_P_01674,Corporate_Registry,ORG_0050,ROC Database,Official_Filing,0.99,2024-01-01,True
EVI_ORG_REG_ORG_0050_P_00289,Corporate_Registry,ORG_0050,ROC Database,Official_Filing,0.99,2024-01-01,True
EVI_ORG_REG_ORG_0051_P_02904,Corporate_Registry,ORG_0051,ROC Database,Official_Filing,0.99,2024-01-01,True
EVI_ORG_REG_ORG_0051_P_03535,Corporate_Registry,ORG_0051,ROC Database,Official_Filing,0.99,2024-01-01,True
EVI_ORG_REG_ORG_0051_P_01103,Corporate_Registry,ORG_0051,ROC Database,Official_Filing,0.99,2024-01-01,True
EVI_ORG_REG_ORG_0052_P_04445,Corporate_Registry,ORG_0052,ROC Database,Official_Filing,0.99,2024-01-01,True
EVI_ORG_REG_ORG_0052_P_04263,Corporate_Registry,ORG_0052,ROC Database,Official_Filing,0.99,2024-01-01,True
EVI_ORG_REG_ORG_0053_P_02848,Corporate_Registry,ORG_0053,ROC Database,Official_Filing,0.99,2024-01-01,True
EVI_ORG_REG_ORG_0053_P_03487,Corporate_Registry,ORG_0053,ROC Database,Official_Filing,0.99,2024-01-01,True
EVI_ORG_REG_ORG_0054_P_00607,Corporate_Registry,ORG_0054,ROC Database,Official_Filing,0.99,2024-01-01,True
EVI_ORG_REG_ORG_0055_P_03414,Corporate_Registry,ORG_0055,ROC Database,Official_Filing,0.99,2024-01-01,True
EVI_ORG_REG_ORG_0056_P_00189,Corporate_Registry,ORG_0056,ROC Database,Official_Filing,0.99,2024-01-01,True
EVI_ORG_REG_ORG_0056_P_00723,Corporate_Registry,ORG_0056,ROC Database,Official_Filing,0.99,2024-01-01,True
EVI_ORG_REG_ORG_0056_P_00801,Corporate_Registry,ORG_0056,ROC Database,Official_Filing,0.99,2024-01-01,True
EVI_ORG_REG_ORG_0057_P_02338,Corporate_Registry,ORG_0057,ROC Database,Official_Filing,0.99,2024-01-01,True
EVI_ORG_REG_ORG_0058_P_03664,Corporate_Registry,ORG_0058,ROC Database,Official_Filing,0.99,2024-01-01,True
EVI_ORG_REG_ORG_0058_P_00653,Corporate_Registry,ORG_0058,ROC Database,Official_Filing,0.99,2024-01-01,True
EVI_ORG_REG_ORG_0058_P_04731,Corporate_Registry,ORG_0058,ROC Database,Official_Filing,0.99,2024-01-01,True
EVI_ORG_REG_ORG_0059_P_00137,Corporate_Registry,ORG_0059,ROC Database,Official_Filing,0.99,2024-01-01,True
EVI_ORG_REG_ORG_0059_P_01699,Corporate_Registry,ORG_0059,ROC Database,Official_Filing,0.99,2024-01-01,True
EVI_ORG_REG_ORG_0059_P_02698,Corporate_Registry,ORG_0059,ROC Database,Official_Filing,0.99,2024-01-01,True
EVI_ORG_REG_ORG_0060_P_04365,Corporate_Registry,ORG_0060,ROC Database,Official_Filing,0.99,2024-01-01,True
EVI_ORG_REG_ORG_0060_P_04808,Corporate_Registry,ORG_0060,ROC Database,Official_Filing,0.99,2024-01-01,True
EVI_ORG_REG_ORG_0061_P_01381,Corporate_Registry,ORG_0061,ROC Database,Official_Filing,0.99,2024-01-01,True
EVI_ORG_REG_ORG_0061_P_04666,Corporate_Registry,ORG_0061,ROC Database,Official_Filing,0.99,2024-01-01,True
EVI_ORG_REG_ORG_0061_P_02423,Corporate_Registry,ORG_0061,ROC Database,Official_Filing,0.99,2024-01-01,True
EVI_ORG_REG_ORG_0062_P_01000,Corporate_Registry,ORG_0062,ROC Database,Official_Filing,0.99,2024-01-01,True
EVI_ORG_REG_ORG_0062_P_02175,Corporate_Registry,ORG_0062,ROC Database,Official_Filing,0.99,2024-01-01,True
EVI_ORG_REG_ORG_0062_P_03766,Corporate_Registry,ORG_0062,ROC Database,Official_Filing,0.99,2024-01-01,True
EVI_ORG_REG_ORG_0063_P_01912,Corporate_Registry,ORG_0063,ROC Database,Official_Filing,0.99,2024-01-01,True
EVI_ORG_REG_ORG_0063_P_02521,Corporate_Registry,ORG_0063,ROC Database,Official_Filing,0.99,2024-01-01,True
EVI_ORG_REG_ORG_0064_P_04822,Corporate_Registry,ORG_0064,ROC Database,Official_Filing,0.99,2024-01-01,True
EVI_ORG_REG_ORG_0065_P_03350,Corporate_Registry,ORG_0065,ROC Database,Official_Filing,0.99,2024-01-01,True
EVI_ORG_REG_ORG_0065_P_03885,Corporate_Registry,ORG_0065,ROC Database,Official_Filing,0.99,2024-01-01,True
EVI_ORG_REG_ORG_0065_P_01762,Corporate_Registry,ORG_0065,ROC Database,Official_Filing,0.99,2024-01-01,True
EVI_ORG_REG_ORG_0066_P_01811,Corporate_Registry,ORG_0066,ROC Database,Official_Filing,0.99,2024-01-01,True
EVI_ORG_REG_ORG_0066_P_01033,Corporate_Registry,ORG_0066,ROC Database,Official_Filing,0.99,2024-01-01,True
EVI_ORG_REG_ORG_0066_P_03227,Corporate_Registry,ORG_0066,ROC Database,Official_Filing,0.99,2024-01-01,True
EVI_ORG_REG_ORG_0067_P_02144,Corporate_Registry,ORG_0067,ROC Database,Official_Filing,0.99,2024-01-01,True
EVI_ORG_REG_ORG_0067_P_04279,Corporate_Registry,ORG_0067,ROC Database,Official_Filing,0.99,2024-01-01,True
EVI_ORG_REG_ORG_0067_P_04332,Corporate_Registry,ORG_0067,ROC Database,Official_Filing,0.99,2024-01-01,True
EVI_ORG_REG_ORG_0068_P_03391,Corporate_Registry,ORG_0068,ROC Database,Official_Filing,0.99,2024-01-01,True
EVI_ORG_REG_ORG_0068_P_02718,Corporate_Registry,ORG_0068,ROC Database,Official_Filing,0.99,2024-01-01,True
EVI_ORG_REG_ORG_0068_P_03113,Corporate_Registry,ORG_0068,ROC Database,Official_Filing,0.99,2024-01-01,True
EVI_ORG_REG_ORG_0069_P_03012,Corporate_Registry,ORG_0069,ROC Database,Official_Filing,0.99,2024-01-01,True
EVI_ORG_REG_ORG_0070_P_04402,Corporate_Registry,ORG_0070,ROC Database,Official_Filing,0.99,2024-01-01,True
EVI_ORG_REG_ORG_0071_P_00908,Corporate_Registry,ORG_0071,ROC Database,Official_Filing,0.99,2024-01-01,True
EVI_ORG_REG_ORG_0072_P_03060,Corporate_Registry,ORG_0072,ROC Database,Official_Filing,0.99,2024-01-01,True
EVI_ORG_REG_ORG_0073_P_04309,Corporate_Registry,ORG_0073,ROC Database,Official_Filing,0.99,2024-01-01,True
EVI_ORG_REG_ORG_0073_P_02809,Corporate_Registry,ORG_0073,ROC Database,Official_Filing,0.99,2024-01-01,True
EVI_ORG_REG_ORG_0073_P_03499,Corporate_Registry,ORG_0073,ROC Database,Official_Filing,0.99,2024-01-01,True
EVI_ORG_REG_ORG_0074_P_03461,Corporate_Registry,ORG_0074,ROC Database,Official_Filing,0.99,2024-01-01,True
EVI_ORG_REG_ORG_0074_P_03973,Corporate_Registry,ORG_0074,ROC Database,Official_Filing,0.99,2024-01-01,True
EVI_ORG_REG_ORG_0074_P_03355,Corporate_Registry,ORG_0074,ROC Database,Official_Filing,0.99,2024-01-01,True
EVI_ORG_REG_ORG_0075_P_03271,Corporate_Registry,ORG_0075,ROC Database,Official_Filing,0.99,2024-01-01,True
EVI_ORG_REG_ORG_0075_P_02330,Corporate_Registry,ORG_0075,ROC Database,Official_Filing,0.99,2024-01-01,True
EVI_ORG_REG_ORG_0075_P_02654,Corporate_Registry,ORG_0075,ROC Database,Official_Filing,0.99,2024-01-01,True
EVI_ORG_REG_ORG_0076_P_02348,Corporate_Registry,ORG_0076,ROC Database,Official_Filing,0.99,2024-01-01,True
EVI_ORG_REG_ORG_0076_P_04707,Corporate_Registry,ORG_0076,ROC Database,Official_Filing,0.99,2024-01-01,True
EVI_ORG_REG_ORG_0077_P_01201,Corporate_Registry,ORG_0077,ROC Database,Official_Filing,0.99,2024-01-01,True
EVI_ORG_REG_ORG_0077_P_00651,Corporate_Registry,ORG_0077,ROC Database,Official_Filing,0.99,2024-01-01,True
EVI_ORG_REG_ORG_0078_P_00665,Corporate_Registry,ORG_0078,ROC Database,Official_Filing,0.99,2024-01-01,True
EVI_ORG_REG_ORG_0079_P_02702,Corporate_Registry,ORG_0079,ROC Database,Official_Filing,0.99,2024-01-01,True
EVI_ORG_REG_ORG_0079_P_04913,Corporate_Registry,ORG_0079,ROC Database,Official_Filing,0.99,2024-01-01,True
EVI_ORG_REG_ORG_0080_P_04099,Corporate_Registry,ORG_0080,ROC Database,Official_Filing,0.99,2024-01-01,True
EVI_ORG_REG_ORG_0080_P_02298,Corporate_Registry,ORG_0080,ROC Database,Official_Filing,0.99,2024-01-01,True
EVI_ORG_REG_ORG_0080_P_04499,Corporate_Registry,ORG_0080,ROC Database,Official_Filing,0.99,2024-01-01,True
EVI_ORG_REG_ORG_0081_P_00528,Corporate_Registry,ORG_0081,ROC Database,Official_Filing,0.99,2024-01-01,True
EVI_ORG_REG_ORG_0081_P_02433,Corporate_Registry,ORG_0081,ROC Database,Official_Filing,0.99,2024-01-01,True
EVI_ORG_REG_ORG_0081_P_04410,Corporate_Registry,ORG_0081,ROC Database,Official_Filing,0.99,2024-01-01,True
EVI_ORG_REG_ORG_0082_P_03511,Corporate_Registry,ORG_0082,ROC Database,Official_Filing,0.99,2024-01-01,True
EVI_ORG_REG_ORG_0083_P_00966,Corporate_Registry,ORG_0083,ROC Database,Official_Filing,0.99,2024-01-01,True
EVI_ORG_REG_ORG_0084_P_02155,Corporate_Registry,ORG_0084,ROC Database,Official_Filing,0.99,2024-01-01,True
EVI_ORG_REG_ORG_0084_P_02742,Corporate_Registry,ORG_0084,ROC Database,Official_Filing,0.99,2024-01-01,True
EVI_ORG_REG_ORG_0085_P_02914,Corporate_Registry,ORG_0085,ROC Database,Official_Filing,0.99,2024-01-01,True
EVI_ORG_REG_ORG_0085_P_02608,Corporate_Registry,ORG_0085,ROC Database,Official_Filing,0.99,2024-01-01,True
EVI_ORG_REG_ORG_0086_P_03571,Corporate_Registry,ORG_0086,ROC Database,Official_Filing,0.99,2024-01-01,True
EVI_ORG_REG_ORG_0086_P_02546,Corporate_Registry,ORG_0086,ROC Database,Official_Filing,0.99,2024-01-01,True
EVI_ORG_REG_ORG_0086_P_00915,Corporate_Registry,ORG_0086,ROC Database,Official_Filing,0.99,2024-01-01,True
EVI_ORG_REG_ORG_0087_P_04906,Corporate_Registry,ORG_0087,ROC Database,Official_Filing,0.99,2024-01-01,True
EVI_ORG_REG_ORG_0087_P_03497,Corporate_Registry,ORG_0087,ROC Database,Official_Filing,0.99,2024-01-01,True
EVI_ORG_REG_ORG_0087_P_01947,Corporate_Registry,ORG_0087,ROC Database,Official_Filing,0.99,2024-01-01,True
EVI_ORG_REG_ORG_0088_P_02876,Corporate_Registry,ORG_0088,ROC Database,Official_Filing,0.99,2024-01-01,True
EVI_ORG_REG_ORG_0089_P_03245,Corporate_Registry,ORG_0089,ROC Database,Official_Filing,0.99,2024-01-01,True
EVI_ORG_REG_ORG_0090_P_02682,Corporate_Registry,ORG_0090,ROC Database,Official_Filing,0.99,2024-01-01,True
EVI_ORG_REG_ORG_0090_P_04716,Corporate_Registry,ORG_0090,ROC Database,Official_Filing,0.99,2024-01-01,True
EVI_ORG_REG_ORG_0090_P_03895,Corporate_Registry,ORG_0090,ROC Database,Official_Filing,0.99,2024-01-01,True
EVI_ORG_REG_ORG_0091_P_01185,Corporate_Registry,ORG_0091,ROC Database,Official_Filing,0.99,2024-01-01,True
EVI_ORG_REG_ORG_0091_P_01035,Corporate_Registry,ORG_0091,ROC Database,Official_Filing,0.99,2024-01-01,True
EVI_ORG_REG_ORG_0092_P_01762,Corporate_Registry,ORG_0092,ROC Database,Official_Filing,0.99,2024-01-01,True
EVI_ORG_REG_ORG_0092_P_02502,Corporate_Registry,ORG_0092,ROC Database,Official_Filing,0.99,2024-01-01,True
EVI_ORG_REG_ORG_0092_P_04917,Corporate_Registry,ORG_0092,ROC Database,Official_Filing,0.99,2024-01-01,True
EVI_ORG_REG_ORG_0093_P_04533,Corporate_Registry,ORG_0093,ROC Database,Official_Filing,0.99,2024-01-01,True
EVI_ORG_REG_ORG_0093_P_00400,Corporate_Registry,ORG_0093,ROC Database,Official_Filing,0.99,2024-01-01,True
EVI_ORG_REG_ORG_0094_P_03571,Corporate_Registry,ORG_0094,ROC Database,Official_Filing,0.99,2024-01-01,True
EVI_ORG_REG_ORG_0094_P_00404,Corporate_Registry,ORG_0094,ROC Database,Official_Filing,0.99,2024-01-01,True
EVI_ORG_REG_ORG_0095_P_00276,Corporate_Registry,ORG_0095,ROC Database,Official_Filing,0.99,2024-01-01,True
EVI_ORG_REG_ORG_0095_P_02298,Corporate_Registry,ORG_0095,ROC Database,Official_Filing,0.99,2024-01-01,True
EVI_ORG_REG_ORG_0095_P_00067,Corporate_Registry,ORG_0095,ROC Database,Official_Filing,0.99,2024-01-01,True
EVI_ORG_REG_ORG_0096_P_04535,Corporate_Registry,ORG_0096,ROC Database,Official_Filing,0.99,2024-01-01,True
EVI_ORG_REG_ORG_0096_P_00042,Corporate_Registry,ORG_0096,ROC Database,Official_Filing,0.99,2024-01-01,True
EVI_ORG_REG_ORG_0097_P_03594,Corporate_Registry,ORG_0097,ROC Database,Official_Filing,0.99,2024-01-01,True
EVI_ORG_REG_ORG_0098_P_03270,Corporate_Registry,ORG_0098,ROC Database,Official_Filing,0.99,2024-01-01,True
EVI_ORG_REG_ORG_0098_P_03279,Corporate_Registry,ORG_0098,ROC Database,Official_Filing,0.99,2024-01-01,True
EVI_ORG_REG_ORG_0098_P_03982,Corporate_Registry,ORG_0098,ROC Database,Official_Filing,0.99,2024-01-01,True
EVI_ORG_REG_ORG_0099_P_02281,Corporate_Registry,ORG_0099,ROC Database,Official_Filing,0.99,2024-01-01,True
EVI_ORG_REG_ORG_0099_P_03415,Corporate_Registry,ORG_0099,ROC Database,Official_Filing,0.99,2024-01-01,True
EVI_ORG_REG_ORG_0100_P_01264,Corporate_Registry,ORG_0100,ROC Database,Official_Filing,0.99,2024-01-01,True
EVI_ORG_REG_ORG_0100_P_03220,Corporate_Registry,ORG_0100,ROC Database,Official_Filing,0.99,2024-01-01,True
EVI_ORG_REG_ORG_0100_P_00336,Corporate_Registry,ORG_0100,ROC Database,Official_Filing,0.99,2024-01-01,True
EVI_ORG_REG_ORG_0101_P_03301,Corporate_Registry,ORG_0101,ROC Database,Official_Filing,0.99,2024-01-01,True
EVI_ORG_REG_ORG_0101_P_01129,Corporate_Registry,ORG_0101,ROC Database,Official_Filing,0.99,2024-01-01,True
EVI_ORG_REG_ORG_0102_P_02726,Corporate_Registry,ORG_0102,ROC Database,Official_Filing,0.99,2024-01-01,True
EVI_ORG_REG_ORG_0102_P_01690,Corporate_Registry,ORG_0102,ROC Database,Official_Filing,0.99,2024-01-01,True
EVI_ORG_REG_ORG_0102_P_03237,Corporate_Registry,ORG_0102,ROC Database,Official_Filing,0.99,2024-01-01,True
EVI_ORG_REG_ORG_0103_P_00878,Corporate_Registry,ORG_0103,ROC Database,Official_Filing,0.99,2024-01-01,True
EVI_ORG_REG_ORG_0104_P_04444,Corporate_Registry,ORG_0104,ROC Database,Official_Filing,0.99,2024-01-01,True
EVI_ORG_REG_ORG_0104_P_02860,Corporate_Registry,ORG_0104,ROC Database,Official_Filing,0.99,2024-01-01,True
EVI_ORG_REG_ORG_0104_P_03349,Corporate_Registry,ORG_0104,ROC Database,Official_Filing,0.99,2024-01-01,True
EVI_ORG_REG_ORG_0105_P_01258,Corporate_Registry,ORG_0105,ROC Database,Official_Filing,0.99,2024-01-01,True
EVI_ORG_REG_ORG_0105_P_04203,Corporate_Registry,ORG_0105,ROC Database,Official_Filing,0.99,2024-01-01,True
EVI_ORG_REG_ORG_0105_P_02986,Corporate_Registry,ORG_0105,ROC Database,Official_Filing,0.99,2024-01-01,True
EVI_ORG_REG_ORG_0106_P_02630,Corporate_Registry,ORG_0106,ROC Database,Official_Filing,0.99,2024-01-01,True
EVI_ORG_REG_ORG_0106_P_01782,Corporate_Registry,ORG_0106,ROC Database,Official_Filing,0.99,2024-01-01,True
EVI_ORG_REG_ORG_0107_P_04169,Corporate_Registry,ORG_0107,ROC Database,Official_Filing,0.99,2024-01-01,True
EVI_ORG_REG_ORG_0108_P_04094,Corporate_Registry,ORG_0108,ROC Database,Official_Filing,0.99,2024-01-01,True
EVI_ORG_REG_ORG_0108_P_01137,Corporate_Registry,ORG_0108,ROC Database,Official_Filing,0.99,2024-01-01,True
EVI_ORG_REG_ORG_0109_P_03415,Corporate_Registry,ORG_0109,ROC Database,Official_Filing,0.99,2024-01-01,True
EVI_ORG_REG_ORG_0110_P_03038,Corporate_Registry,ORG_0110,ROC Database,Official_Filing,0.99,2024-01-01,True
EVI_ORG_REG_ORG_0110_P_03258,Corporate_Registry,ORG_0110,ROC Database,Official_Filing,0.99,2024-01-01,True
EVI_ORG_REG_ORG_0110_P_03914,Corporate_Registry,ORG_0110,ROC Database,Official_Filing,0.99,2024-01-01,True
EVI_ORG_REG_ORG_0111_P_03240,Corporate_Registry,ORG_0111,ROC Database,Official_Filing,0.99,2024-01-01,True
EVI_ORG_REG_ORG_0111_P_00021,Corporate_Registry,ORG_0111,ROC Database,Official_Filing,0.99,2024-01-01,True
EVI_ORG_REG_ORG_0111_P_03653,Corporate_Registry,ORG_0111,ROC Database,Official_Filing,0.99,2024-01-01,True
EVI_ORG_REG_ORG_0112_P_03937,Corporate_Registry,ORG_0112,ROC Database,Official_Filing,0.99,2024-01-01,True
EVI_ORG_REG_ORG_0113_P_04666,Corporate_Registry,ORG_0113,ROC Database,Official_Filing,0.99,2024-01-01,True
EVI_ORG_REG_ORG_0113_P_00820,Corporate_Registry,ORG_0113,ROC Database,Official_Filing,0.99,2024-01-01,True
EVI_ORG_REG_ORG_0113_P_04974,Corporate_Registry,ORG_0113,ROC Database,Official_Filing,0.99,2024-01-01,True
EVI_ORG_REG_ORG_0114_P_03070,Corporate_Registry,ORG_0114,ROC Database,Official_Filing,0.99,2024-01-01,True
EVI_ORG_REG_ORG_0114_P_03034,Corporate_Registry,ORG_0114,ROC Database,Official_Filing,0.99,2024-01-01,True
EVI_ORG_REG_ORG_0115_P_02320,Corporate_Registry,ORG_0115,ROC Database,Official_Filing,0.99,2024-01-01,True
EVI_ORG_REG_ORG_0115_P_02497,Corporate_Registry,ORG_0115,ROC Database,Official_Filing,0.99,2024-01-01,True
EVI_ORG_REG_ORG_0115_P_00787,Corporate_Registry,ORG_0115,ROC Database,Official_Filing,0.99,2024-01-01,True
EVI_ORG_REG_ORG_0116_P_02778,Corporate_Registry,ORG_0116,ROC Database,Official_Filing,0.99,2024-01-01,True
EVI_ORG_REG_ORG_0117_P_02306,Corporate_Registry,ORG_0117,ROC Database,Official_Filing,0.99,2024-01-01,True
EVI_ORG_REG_ORG_0117_P_04032,Corporate_Registry,ORG_0117,ROC Database,Official_Filing,0.99,2024-01-01,True
EVI_ORG_REG_ORG_0118_P_02052,Corporate_Registry,ORG_0118,ROC Database,Official_Filing,0.99,2024-01-01,True
EVI_ORG_REG_ORG_0118_P_04335,Corporate_Registry,ORG_0118,ROC Database,Official_Filing,0.99,2024-01-01,True
EVI_ORG_REG_ORG_0118_P_02756,Corporate_Registry,ORG_0118,ROC Database,Official_Filing,0.99,2024-01-01,True
EVI_ORG_REG_ORG_0119_P_03645,Corporate_Registry,ORG_0119,ROC Database,Official_Filing,0.99,2024-01-01,True
EVI_ORG_REG_ORG_0119_P_03559,Corporate_Registry,ORG_0119,ROC Database,Official_Filing,0.99,2024-01-01,True
EVI_ORG_REG_ORG_0120_P_04771,Corporate_Registry,ORG_0120,ROC Database,Official_Filing,0.99,2024-01-01,True
EVI_ORG_REG_ORG_0120_P_00301,Corporate_Registry,ORG_0120,ROC Database,Official_Filing,0.99,2024-01-01,True
EVI_ORG_REG_ORG_0121_P_02031,Corporate_Registry,ORG_0121,ROC Database,Official_Filing,0.99,2024-01-01,True
EVI_ORG_REG_ORG_0121_P_02206,Corporate_Registry,ORG_0121,ROC Database,Official_Filing,0.99,2024-01-01,True
EVI_ORG_REG_ORG_0122_P_01824,Corporate_Registry,ORG_0122,ROC Database,Official_Filing,0.99,2024-01-01,True
EVI_ORG_REG_ORG_0122_P_03539,Corporate_Registry,ORG_0122,ROC Database,Official_Filing,0.99,2024-01-01,True
EVI_ORG_REG_ORG_0123_P_00835,Corporate_Registry,ORG_0123,ROC Database,Official_Filing,0.99,2024-01-01,True
EVI_ORG_REG_ORG_0123_P_02755,Corporate_Registry,ORG_0123,ROC Database,Official_Filing,0.99,2024-01-01,True
EVI_ORG_REG_ORG_0124_P_00022,Corporate_Registry,ORG_0124,ROC Database,Official_Filing,0.99,2024-01-01,True
EVI_ORG_REG_ORG_0125_P_00441,Corporate_Registry,ORG_0125,ROC Database,Official_Filing,0.99,2024-01-01,True
EVI_ORG_REG_ORG_0125_P_03989,Corporate_Registry,ORG_0125,ROC Database,Official_Filing,0.99,2024-01-01,True
EVI_ORG_REG_ORG_0125_P_03318,Corporate_Registry,ORG_0125,ROC Database,Official_Filing,0.99,2024-01-01,True
EVI_ORG_REG_ORG_0126_P_02833,Corporate_Registry,ORG_0126,ROC Database,Official_Filing,0.99,2024-01-01,True
EVI_ORG_REG_ORG_0127_P_03823,Corporate_Registry,ORG_0127,ROC Database,Official_Filing,0.99,2024-01-01,True
EVI_ORG_REG_ORG_0127_P_01024,Corporate_Registry,ORG_0127,ROC Database,Official_Filing,0.99,2024-01-01,True
EVI_ORG_REG_ORG_0128_P_01009,Corporate_Registry,ORG_0128,ROC Database,Official_Filing,0.99,2024-01-01,True
EVI_ORG_REG_ORG_0129_P_03727,Corporate_Registry,ORG_0129,ROC Database,Official_Filing,0.99,2024-01-01,True
EVI_ORG_REG_ORG_0129_P_01874,Corporate_Registry,ORG_0129,ROC Database,Official_Filing,0.99,2024-01-01,True
EVI_ORG_REG_ORG_0130_P_01970,Corporate_Registry,ORG_0130,ROC Database,Official_Filing,0.99,2024-01-01,True
EVI_ORG_REG_ORG_0130_P_00588,Corporate_Registry,ORG_0130,ROC Database,Official_Filing,0.99,2024-01-01,True
EVI_ORG_REG_ORG_0131_P_01094,Corporate_Registry,ORG_0131,ROC Database,Official_Filing,0.99,2024-01-01,True
EVI_ORG_REG_ORG_0131_P_01417,Corporate_Registry,ORG_0131,ROC Database,Official_Filing,0.99,2024-01-01,True
EVI_ORG_REG_ORG_0132_P_02759,Corporate_Registry,ORG_0132,ROC Database,Official_Filing,0.99,2024-01-01,True
EVI_ORG_REG_ORG_0132_P_03288,Corporate_Registry,ORG_0132,ROC Database,Official_Filing,0.99,2024-01-01,True
EVI_ORG_REG_ORG_0132_P_02134,Corporate_Registry,ORG_0132,ROC Database,Official_Filing,0.99,2024-01-01,True
EVI_ORG_REG_ORG_0133_P_03997,Corporate_Registry,ORG_0133,ROC Database,Official_Filing,0.99,2024-01-01,True
EVI_ORG_REG_ORG_0133_P_02532,Corporate_Registry,ORG_0133,ROC Database,Official_Filing,0.99,2024-01-01,True
EVI_ORG_REG_ORG_0134_P_03065,Corporate_Registry,ORG_0134,ROC Database,Official_Filing,0.99,2024-01-01,True
EVI_ORG_REG_ORG_0134_P_03831,Corporate_Registry,ORG_0134,ROC Database,Official_Filing,0.99,2024-01-01,True
EVI_ORG_REG_ORG_0135_P_01243,Corporate_Registry,ORG_0135,ROC Database,Official_Filing,0.99,2024-01-01,True
EVI_ORG_REG_ORG_0135_P_01948,Corporate_Registry,ORG_0135,ROC Database,Official_Filing,0.99,2024-01-01,True
EVI_ORG_REG_ORG_0136_P_02864,Corporate_Registry,ORG_0136,ROC Database,Official_Filing,0.99,2024-01-01,True
EVI_ORG_REG_ORG_0136_P_04528,Corporate_Registry,ORG_0136,ROC Database,Official_Filing,0.99,2024-01-01,True
EVI_ORG_REG_ORG_0137_P_02819,Corporate_Registry,ORG_0137,ROC Database,Official_Filing,0.99,2024-01-01,True
EVI_ORG_REG_ORG_0137_P_03982,Corporate_Registry,ORG_0137,ROC Database,Official_Filing,0.99,2024-01-01,True
EVI_ORG_REG_ORG_0137_P_04898,Corporate_Registry,ORG_0137,ROC Database,Official_Filing,0.99,2024-01-01,True
EVI_ORG_REG_ORG_0138_P_00801,Corporate_Registry,ORG_0138,ROC Database,Official_Filing,0.99,2024-01-01,True
EVI_ORG_REG_ORG_0138_P_03349,Corporate_Registry,ORG_0138,ROC Database,Official_Filing,0.99,2024-01-01,True
EVI_ORG_REG_ORG_0138_P_03297,Corporate_Registry,ORG_0138,ROC Database,Official_Filing,0.99,2024-01-01,True
EVI_ORG_REG_ORG_0139_P_02199,Corporate_Registry,ORG_0139,ROC Database,Official_Filing,0.99,2024-01-01,True
EVI_ORG_REG_ORG_0139_P_00964,Corporate_Registry,ORG_0139,ROC Database,Official_Filing,0.99,2024-01-01,True
EVI_ORG_REG_ORG_0139_P_01585,Corporate_Registry,ORG_0139,ROC Database,Official_Filing,0.99,2024-01-01,True
EVI_ORG_REG_ORG_0140_P_02022,Corporate_Registry,ORG_0140,ROC Database,Official_Filing,0.99,2024-01-01,True
EVI_ORG_REG_ORG_0141_P_03810,Corporate_Registry,ORG_0141,ROC Database,Official_Filing,0.99,2024-01-01,True
EVI_ORG_REG_ORG_0142_P_03643,Corporate_Registry,ORG_0142,ROC Database,Official_Filing,0.99,2024-01-01,True
EVI_ORG_REG_ORG_0142_P_00787,Corporate_Registry,ORG_0142,ROC Database,Official_Filing,0.99,2024-01-01,True
EVI_ORG_REG_ORG_0142_P_02133,Corporate_Registry,ORG_0142,ROC Database,Official_Filing,0.99,2024-01-01,True
EVI_ORG_REG_ORG_0143_P_02060,Corporate_Registry,ORG_0143,ROC Database,Official_Filing,0.99,2024-01-01,True
EVI_ORG_REG_ORG_0143_P_02431,Corporate_Registry,ORG_0143,ROC Database,Official_Filing,0.99,2024-01-01,True
EVI_ORG_REG_ORG_0144_P_02617,Corporate_Registry,ORG_0144,ROC Database,Official_Filing,0.99,2024-01-01,True
EVI_ORG_REG_ORG_0144_P_04686,Corporate_Registry,ORG_0144,ROC Database,Official_Filing,0.99,2024-01-01,True
EVI_ORG_REG_ORG_0144_P_02786,Corporate_Registry,ORG_0144,ROC Database,Official_Filing,0.99,2024-01-01,True
EVI_ORG_REG_ORG_0145_P_04187,Corporate_Registry,ORG_0145,ROC Database,Official_Filing,0.99,2024-01-01,True
EVI_ORG_REG_ORG_0146_P_00304,Corporate_Registry,ORG_0146,ROC Database,Official_Filing,0.99,2024-01-01,True
EVI_ORG_REG_ORG_0146_P_01005,Corporate_Registry,ORG_0146,ROC Database,Official_Filing,0.99,2024-01-01,True
EVI_ORG_REG_ORG_0147_P_03181,Corporate_Registry,ORG_0147,ROC Database,Official_Filing,0.99,2024-01-01,True
EVI_ORG_REG_ORG_0147_P_00826,Corporate_Registry,ORG_0147,ROC Database,Official_Filing,0.99,2024-01-01,True
EVI_ORG_REG_ORG_0147_P_00159,Corporate_Registry,ORG_0147,ROC Database,Official_Filing,0.99,2024-01-01,True
EVI_ORG_REG_ORG_0148_P_00256,Corporate_Registry,ORG_0148,ROC Database,Official_Filing,0.99,2024-01-01,True
EVI_ORG_REG_ORG_0148_P_00323,Corporate_Registry,ORG_0148,ROC Database,Official_Filing,0.99,2024-01-01,True
EVI_ORG_REG_ORG_0148_P_00860,Corporate_Registry,ORG_0148,ROC Database,Official_Filing,0.99,2024-01-01,True
EVI_ORG_REG_ORG_0149_P_03769,Corporate_Registry,ORG_0149,ROC Database,Official_Filing,0.99,2024-01-01,True
EVI_ORG_REG_ORG_0149_P_04693,Corporate_Registry,ORG_0149,ROC Database,Official_Filing,0.99,2024-01-01,True
EVI_ORG_REG_ORG_0150_P_04045,Corporate_Registry,ORG_0150,ROC Database,Official_Filing,0.99,2024-01-01,True
EVI_ORG_REG_ORG_0150_P_03543,Corporate_Registry,ORG_0150,ROC Database,Official_Filing,0.99,2024-01-01,True
EVI_ORG_REG_ORG_0151_P_02561,Corporate_Registry,ORG_0151,ROC Database,Official_Filing,0.99,2024-01-01,True
EVI_ORG_REG_ORG_0151_P_02571,Corporate_Registry,ORG_0151,ROC Database,Official_Filing,0.99,2024-01-01,True
EVI_ORG_REG_ORG_0151_P_00802,Corporate_Registry,ORG_0151,ROC Database,Official_Filing,0.99,2024-01-01,True
EVI_ORG_REG_ORG_0152_P_02992,Corporate_Registry,ORG_0152,ROC Database,Official_Filing,0.99,2024-01-01,True
EVI_ORG_REG_ORG_0153_P_04796,Corporate_Registry,ORG_0153,ROC Database,Official_Filing,0.99,2024-01-01,True
EVI_ORG_REG_ORG_0153_P_03476,Corporate_Registry,ORG_0153,ROC Database,Official_Filing,0.99,2024-01-01,True
EVI_ORG_REG_ORG_0153_P_03647,Corporate_Registry,ORG_0153,ROC Database,Official_Filing,0.99,2024-01-01,True
EVI_ORG_REG_ORG_0154_P_01622,Corporate_Registry,ORG_0154,ROC Database,Official_Filing,0.99,2024-01-01,True
EVI_ORG_REG_ORG_0154_P_03510,Corporate_Registry,ORG_0154,ROC Database,Official_Filing,0.99,2024-01-01,True
EVI_ORG_REG_ORG_0155_P_02917,Corporate_Registry,ORG_0155,ROC Database,Official_Filing,0.99,2024-01-01,True
EVI_ORG_REG_ORG_0155_P_04415,Corporate_Registry,ORG_0155,ROC Database,Official_Filing,0.99,2024-01-01,True
EVI_ORG_REG_ORG_0155_P_04869,Corporate_Registry,ORG_0155,ROC Database,Official_Filing,0.99,2024-01-01,True
EVI_ORG_REG_ORG_0156_P_03723,Corporate_Registry,ORG_0156,ROC Database,Official_Filing,0.99,2024-01-01,True
EVI_ORG_REG_ORG_0157_P_01757,Corporate_Registry,ORG_0157,ROC Database,Official_Filing,0.99,2024-01-01,True
EVI_ORG_REG_ORG_0157_P_02261,Corporate_Registry,ORG_0157,ROC Database,Official_Filing,0.99,2024-01-01,True
EVI_ORG_REG_ORG_0157_P_00700,Corporate_Registry,ORG_0157,ROC Database,Official_Filing,0.99,2024-01-01,True
EVI_ORG_REG_ORG_0158_P_00873,Corporate_Registry,ORG_0158,ROC Database,Official_Filing,0.99,2024-01-01,True
EVI_ORG_REG_ORG_0158_P_01589,Corporate_Registry,ORG_0158,ROC Database,Official_Filing,0.99,2024-01-01,True
EVI_ORG_REG_ORG_0159_P_01553,Corporate_Registry,ORG_0159,ROC Database,Official_Filing,0.99,2024-01-01,True
EVI_ORG_REG_ORG_0159_P_00387,Corporate_Registry,ORG_0159,ROC Database,Official_Filing,0.99,2024-01-01,True
EVI_ORG_REG_ORG_0160_P_01352,Corporate_Registry,ORG_0160,ROC Database,Official_Filing,0.99,2024-01-01,True
EVI_ORG_REG_ORG_0160_P_04131,Corporate_Registry,ORG_0160,ROC Database,Official_Filing,0.99,2024-01-01,True
EVI_ORG_REG_ORG_0161_P_03320,Corporate_Registry,ORG_0161,ROC Database,Official_Filing,0.99,2024-01-01,True
EVI_ORG_REG_ORG_0161_P_01844,Corporate_Registry,ORG_0161,ROC Database,Official_Filing,0.99,2024-01-01,True
EVI_ORG_REG_ORG_0162_P_04652,Corporate_Registry,ORG_0162,ROC Database,Official_Filing,0.99,2024-01-01,True
EVI_ORG_REG_ORG_0162_P_03392,Corporate_Registry,ORG_0162,ROC Database,Official_Filing,0.99,2024-01-01,True
EVI_ORG_REG_ORG_0162_P_03618,Corporate_Registry,ORG_0162,ROC Database,Official_Filing,0.99,2024-01-01,True
EVI_ORG_REG_ORG_0163_P_00184,Corporate_Registry,ORG_0163,ROC Database,Official_Filing,0.99,2024-01-01,True
EVI_ORG_REG_ORG_0163_P_01606,Corporate_Registry,ORG_0163,ROC Database,Official_Filing,0.99,2024-01-01,True
EVI_ORG_REG_ORG_0163_P_00091,Corporate_Registry,ORG_0163,ROC Database,Official_Filing,0.99,2024-01-01,True
EVI_ORG_REG_ORG_0164_P_01871,Corporate_Registry,ORG_0164,ROC Database,Official_Filing,0.99,2024-01-01,True
EVI_ORG_REG_ORG_0164_P_02984,Corporate_Registry,ORG_0164,ROC Database,Official_Filing,0.99,2024-01-01,True
EVI_ORG_REG_ORG_0164_P_03580,Corporate_Registry,ORG_0164,ROC Database,Official_Filing,0.99,2024-01-01,True
EVI_ORG_REG_ORG_0165_P_03194,Corporate_Registry,ORG_0165,ROC Database,Official_Filing,0.99,2024-01-01,True
EVI_ORG_REG_ORG_0166_P_01487,Corporate_Registry,ORG_0166,ROC Database,Official_Filing,0.99,2024-01-01,True
EVI_ORG_REG_ORG_0166_P_03401,Corporate_Registry,ORG_0166,ROC Database,Official_Filing,0.99,2024-01-01,True
EVI_ORG_REG_ORG_0167_P_02215,Corporate_Registry,ORG_0167,ROC Database,Official_Filing,0.99,2024-01-01,True
EVI_ORG_REG_ORG_0167_P_00560,Corporate_Registry,ORG_0167,ROC Database,Official_Filing,0.99,2024-01-01,True
EVI_ORG_REG_ORG_0167_P_01160,Corporate_Registry,ORG_0167,ROC Database,Official_Filing,0.99,2024-01-01,True
EVI_ORG_REG_ORG_0168_P_04779,Corporate_Registry,ORG_0168,ROC Database,Official_Filing,0.99,2024-01-01,True
EVI_ORG_REG_ORG_0168_P_00850,Corporate_Registry,ORG_0168,ROC Database,Official_Filing,0.99,2024-01-01,True
EVI_ORG_REG_ORG_0169_P_01607,Corporate_Registry,ORG_0169,ROC Database,Official_Filing,0.99,2024-01-01,True
EVI_ORG_REG_ORG_0170_P_01364,Corporate_Registry,ORG_0170,ROC Database,Official_Filing,0.99,2024-01-01,True
EVI_ORG_REG_ORG_0170_P_02641,Corporate_Registry,ORG_0170,ROC Database,Official_Filing,0.99,2024-01-01,True
EVI_ORG_REG_ORG_0170_P_01304,Corporate_Registry,ORG_0170,ROC Database,Official_Filing,0.99,2024-01-01,True
EVI_ORG_REG_ORG_0171_P_04798,Corporate_Registry,ORG_0171,ROC Database,Official_Filing,0.99,2024-01-01,True
EVI_ORG_REG_ORG_0172_P_01203,Corporate_Registry,ORG_0172,ROC Database,Official_Filing,0.99,2024-01-01,True
EVI_ORG_REG_ORG_0172_P_02730,Corporate_Registry,ORG_0172,ROC Database,Official_Filing,0.99,2024-01-01,True
EVI_ORG_REG_ORG_0172_P_02508,Corporate_Registry,ORG_0172,ROC Database,Official_Filing,0.99,2024-01-01,True
EVI_ORG_REG_ORG_0173_P_02284,Corporate_Registry,ORG_0173,ROC Database,Official_Filing,0.99,2024-01-01,True
EVI_ORG_REG_ORG_0173_P_03093,Corporate_Registry,ORG_0173,ROC Database,Official_Filing,0.99,2024-01-01,True
EVI_ORG_REG_ORG_0174_P_03071,Corporate_Registry,ORG_0174,ROC Database,Official_Filing,0.99,2024-01-01,True
EVI_ORG_REG_ORG_0175_P_00897,Corporate_Registry,ORG_0175,ROC Database,Official_Filing,0.99,2024-01-01,True
EVI_ORG_REG_ORG_0176_P_04457,Corporate_Registry,ORG_0176,ROC Database,Official_Filing,0.99,2024-01-01,True
EVI_ORG_REG_ORG_0176_P_02807,Corporate_Registry,ORG_0176,ROC Database,Official_Filing,0.99,2024-01-01,True
EVI_ORG_REG_ORG_0176_P_00700,Corporate_Registry,ORG_0176,ROC Database,Official_Filing,0.99,2024-01-01,True
EVI_ORG_REG_ORG_0177_P_01537,Corporate_Registry,ORG_0177,ROC Database,Official_Filing,0.99,2024-01-01,True
EVI_ORG_REG_ORG_0177_P_04284,Corporate_Registry,ORG_0177,ROC Database,Official_Filing,0.99,2024-01-01,True
EVI_ORG_REG_ORG_0178_P_00475,Corporate_Registry,ORG_0178,ROC Database,Official_Filing,0.99,2024-01-01,True
EVI_ORG_REG_ORG_0179_P_04019,Corporate_Registry,ORG_0179,ROC Database,Official_Filing,0.99,2024-01-01,True
EVI_ORG_REG_ORG_0179_P_00822,Corporate_Registry,ORG_0179,ROC Database,Official_Filing,0.99,2024-01-01,True
EVI_ORG_REG_ORG_0179_P_04859,Corporate_Registry,ORG_0179,ROC Database,Official_Filing,0.99,2024-01-01,True
EVI_ORG_REG_ORG_0180_P_03514,Corporate_Registry,ORG_0180,ROC Database,Official_Filing,0.99,2024-01-01,True
EVI_ORG_REG_ORG_0180_P_04299,Corporate_Registry,ORG_0180,ROC Database,Official_Filing,0.99,2024-01-01,True
EVI_ORG_REG_ORG_0180_P_02014,Corporate_Registry,ORG_0180,ROC Database,Official_Filing,0.99,2024-01-01,True
EVI_ORG_REG_ORG_0181_P_04165,Corporate_Registry,ORG_0181,ROC Database,Official_Filing,0.99,2024-01-01,True
EVI_ORG_REG_ORG_0181_P_00658,Corporate_Registry,ORG_0181,ROC Database,Official_Filing,0.99,2024-01-01,True
EVI_ORG_REG_ORG_0182_P_01359,Corporate_Registry,ORG_0182,ROC Database,Official_Filing,0.99,2024-01-01,True
EVI_ORG_REG_ORG_0183_P_04375,Corporate_Registry,ORG_0183,ROC Database,Official_Filing,0.99,2024-01-01,True
EVI_ORG_REG_ORG_0183_P_01998,Corporate_Registry,ORG_0183,ROC Database,Official_Filing,0.99,2024-01-01,True
EVI_ORG_REG_ORG_0183_P_01625,Corporate_Registry,ORG_0183,ROC Database,Official_Filing,0.99,2024-01-01,True
EVI_ORG_REG_ORG_0184_P_00799,Corporate_Registry,ORG_0184,ROC Database,Official_Filing,0.99,2024-01-01,True
EVI_ORG_REG_ORG_0185_P_04034,Corporate_Registry,ORG_0185,ROC Database,Official_Filing,0.99,2024-01-01,True
EVI_ORG_REG_ORG_0186_P_00014,Corporate_Registry,ORG_0186,ROC Database,Official_Filing,0.99,2024-01-01,True
EVI_ORG_REG_ORG_0187_P_02433,Corporate_Registry,ORG_0187,ROC Database,Official_Filing,0.99,2024-01-01,True
EVI_ORG_REG_ORG_0187_P_03840,Corporate_Registry,ORG_0187,ROC Database,Official_Filing,0.99,2024-01-01,True
EVI_ORG_REG_ORG_0188_P_00087,Corporate_Registry,ORG_0188,ROC Database,Official_Filing,0.99,2024-01-01,True
EVI_ORG_REG_ORG_0188_P_03456,Corporate_Registry,ORG_0188,ROC Database,Official_Filing,0.99,2024-01-01,True
EVI_ORG_REG_ORG_0188_P_03959,Corporate_Registry,ORG_0188,ROC Database,Official_Filing,0.99,2024-01-01,True
EVI_ORG_REG_ORG_0189_P_01944,Corporate_Registry,ORG_0189,ROC Database,Official_Filing,0.99,2024-01-01,True
EVI_ORG_REG_ORG_0189_P_03810,Corporate_Registry,ORG_0189,ROC Database,Official_Filing,0.99,2024-01-01,True
EVI_ORG_REG_ORG_0189_P_03091,Corporate_Registry,ORG_0189,ROC Database,Official_Filing,0.99,2024-01-01,True
EVI_ORG_REG_ORG_0190_P_00022,Corporate_Registry,ORG_0190,ROC Database,Official_Filing,0.99,2024-01-01,True
EVI_ORG_REG_ORG_0190_P_03959,Corporate_Registry,ORG_0190,ROC Database,Official_Filing,0.99,2024-01-01,True
EVI_ORG_REG_ORG_0191_P_00539,Corporate_Registry,ORG_0191,ROC Database,Official_Filing,0.99,2024-01-01,True
EVI_ORG_REG_ORG_0191_P_03409,Corporate_Registry,ORG_0191,ROC Database,Official_Filing,0.99,2024-01-01,True
EVI_ORG_REG_ORG_0191_P_01520,Corporate_Registry,ORG_0191,ROC Database,Official_Filing,0.99,2024-01-01,True
EVI_ORG_REG_ORG_0192_P_02358,Corporate_Registry,ORG_0192,ROC Database,Official_Filing,0.99,2024-01-01,True
EVI_ORG_REG_ORG_0193_P_03234,Corporate_Registry,ORG_0193,ROC Database,Official_Filing,0.99,2024-01-01,True
EVI_ORG_REG_ORG_0193_P_04596,Corporate_Registry,ORG_0193,ROC Database,Official_Filing,0.99,2024-01-01,True
EVI_ORG_REG_ORG_0193_P_00405,Corporate_Registry,ORG_0193,ROC Database,Official_Filing,0.99,2024-01-01,True
EVI_ORG_REG_ORG_0194_P_04705,Corporate_Registry,ORG_0194,ROC Database,Official_Filing,0.99,2024-01-01,True
EVI_ORG_REG_ORG_0194_P_01822,Corporate_Registry,ORG_0194,ROC Database,Official_Filing,0.99,2024-01-01,True
EVI_ORG_REG_ORG_0195_P_01326,Corporate_Registry,ORG_0195,ROC Database,Official_Filing,0.99,2024-01-01,True
EVI_ORG_REG_ORG_0195_P_03172,Corporate_Registry,ORG_0195,ROC Database,Official_Filing,0.99,2024-01-01,True
EVI_ORG_REG_ORG_0195_P_02485,Corporate_Registry,ORG_0195,ROC Database,Official_Filing,0.99,2024-01-01,True
EVI_ORG_REG_ORG_0196_P_03518,Corporate_Registry,ORG_0196,ROC Database,Official_Filing,0.99,2024-01-01,True
EVI_ORG_REG_ORG_0196_P_03828,Corporate_Registry,ORG_0196,ROC Database,Official_Filing,0.99,2024-01-01,True
EVI_ORG_REG_ORG_0196_P_02494,Corporate_Registry,ORG_0196,ROC Database,Official_Filing,0.99,2024-01-01,True
EVI_ORG_REG_ORG_0197_P_03288,Corporate_Registry,ORG_0197,ROC Database,Official_Filing,0.99,2024-01-01,True
EVI_ORG_REG_ORG_0198_P_01890,Corporate_Registry,ORG_0198,ROC Database,Official_Filing,0.99,2024-01-01,True
EVI_ORG_REG_ORG_0198_P_04991,Corporate_Registry,ORG_0198,ROC Database,Official_Filing,0.99,2024-01-01,True
EVI_ORG_REG_ORG_0198_P_00168,Corporate_Registry,ORG_0198,ROC Database,Official_Filing,0.99,2024-01-01,True
EVI_ORG_REG_ORG_0199_P_00272,Corporate_Registry,ORG_0199,ROC Database,Official_Filing,0.99,2024-01-01,True
EVI_ORG_REG_ORG_0199_P_04625,Corporate_Registry,ORG_0199,ROC Database,Official_Filing,0.99,2024-01-01,True
EVI_ORG_REG_ORG_0199_P_03986,Corporate_Registry,ORG_0199,ROC Database,Official_Filing,0.99,2024-01-01,True
EVI_ORG_REG_ORG_0200_P_02755,Corporate_Registry,ORG_0200,ROC Database,Official_Filing,0.99,2024-01-01,True
EVI_ORG_REG_ORG_0201_P_03692,Corporate_Registry,ORG_0201,ROC Database,Official_Filing,0.99,2024-01-01,True
EVI_ORG_REG_ORG_0201_P_00435,Corporate_Registry,ORG_0201,ROC Database,Official_Filing,0.99,2024-01-01,True
EVI_ORG_REG_ORG_0201_P_01011,Corporate_Registry,ORG_0201,ROC Database,Official_Filing,0.99,2024-01-01,True
EVI_ORG_REG_ORG_0202_P_04577,Corporate_Registry,ORG_0202,ROC Database,Official_Filing,0.99,2024-01-01,True
EVI_ORG_REG_ORG_0202_P_04702,Corporate_Registry,ORG_0202,ROC Database,Official_Filing,0.99,2024-01-01,True
EVI_ORG_REG_ORG_0203_P_01165,Corporate_Registry,ORG_0203,ROC Database,Official_Filing,0.99,2024-01-01,True
EVI_ORG_REG_ORG_0203_P_04748,Corporate_Registry,ORG_0203,ROC Database,Official_Filing,0.99,2024-01-01,True
EVI_ORG_REG_ORG_0203_P_03206,Corporate_Registry,ORG_0203,ROC Database,Official_Filing,0.99,2024-01-01,True
EVI_ORG_REG_ORG_0204_P_01435,Corporate_Registry,ORG_0204,ROC Database,Official_Filing,0.99,2024-01-01,True
EVI_ORG_REG_ORG_0204_P_00966,Corporate_Registry,ORG_0204,ROC Database,Official_Filing,0.99,2024-01-01,True
EVI_ORG_REG_ORG_0205_P_02088,Corporate_Registry,ORG_0205,ROC Database,Official_Filing,0.99,2024-01-01,True
EVI_ORG_REG_ORG_0205_P_03261,Corporate_Registry,ORG_0205,ROC Database,Official_Filing,0.99,2024-01-01,True
EVI_ORG_REG_ORG_0205_P_01135,Corporate_Registry,ORG_0205,ROC Database,Official_Filing,0.99,2024-01-01,True
EVI_ORG_REG_ORG_0206_P_01152,Corporate_Registry,ORG_0206,ROC Database,Official_Filing,0.99,2024-01-01,True
EVI_ORG_REG_ORG_0207_P_00206,Corporate_Registry,ORG_0207,ROC Database,Official_Filing,0.99,2024-01-01,True
EVI_ORG_REG_ORG_0207_P_04509,Corporate_Registry,ORG_0207,ROC Database,Official_Filing,0.99,2024-01-01,True
EVI_ORG_REG_ORG_0207_P_04275,Corporate_Registry,ORG_0207,ROC Database,Official_Filing,0.99,2024-01-01,True
EVI_ORG_REG_ORG_0208_P_04310,Corporate_Registry,ORG_0208,ROC Database,Official_Filing,0.99,2024-01-01,True
EVI_ORG_REG_ORG_0208_P_00086,Corporate_Registry,ORG_0208,ROC Database,Official_Filing,0.99,2024-01-01,True
EVI_ORG_REG_ORG_0209_P_03016,Corporate_Registry,ORG_0209,ROC Database,Official_Filing,0.99,2024-01-01,True
EVI_ORG_REG_ORG_0210_P_02490,Corporate_Registry,ORG_0210,ROC Database,Official_Filing,0.99,2024-01-01,True
EVI_ORG_REG_ORG_0210_P_01574,Corporate_Registry,ORG_0210,ROC Database,Official_Filing,0.99,2024-01-01,True
EVI_ORG_REG_ORG_0210_P_00678,Corporate_Registry,ORG_0210,ROC Database,Official_Filing,0.99,2024-01-01,True
EVI_ORG_REG_ORG_0211_P_01961,Corporate_Registry,ORG_0211,ROC Database,Official_Filing,0.99,2024-01-01,True
EVI_ORG_REG_ORG_0211_P_02673,Corporate_Registry,ORG_0211,ROC Database,Official_Filing,0.99,2024-01-01,True
EVI_ORG_REG_ORG_0212_P_02127,Corporate_Registry,ORG_0212,ROC Database,Official_Filing,0.99,2024-01-01,True
EVI_ORG_REG_ORG_0212_P_03092,Corporate_Registry,ORG_0212,ROC Database,Official_Filing,0.99,2024-01-01,True
EVI_ORG_REG_ORG_0213_P_02828,Corporate_Registry,ORG_0213,ROC Database,Official_Filing,0.99,2024-01-01,True
EVI_ORG_REG_ORG_0213_P_01001,Corporate_Registry,ORG_0213,ROC Database,Official_Filing,0.99,2024-01-01,True
EVI_ORG_REG_ORG_0213_P_00213,Corporate_Registry,ORG_0213,ROC Database,Official_Filing,0.99,2024-01-01,True
EVI_ORG_REG_ORG_0214_P_00386,Corporate_Registry,ORG_0214,ROC Database,Official_Filing,0.99,2024-01-01,True
EVI_ORG_REG_ORG_0214_P_00725,Corporate_Registry,ORG_0214,ROC Database,Official_Filing,0.99,2024-01-01,True
EVI_ORG_REG_ORG_0215_P_00711,Corporate_Registry,ORG_0215,ROC Database,Official_Filing,0.99,2024-01-01,True
EVI_ORG_REG_ORG_0216_P_04776,Corporate_Registry,ORG_0216,ROC Database,Official_Filing,0.99,2024-01-01,True
EVI_ORG_REG_ORG_0216_P_03951,Corporate_Registry,ORG_0216,ROC Database,Official_Filing,0.99,2024-01-01,True
EVI_ORG_REG_ORG_0216_P_04639,Corporate_Registry,ORG_0216,ROC Database,Official_Filing,0.99,2024-01-01,True
EVI_ORG_REG_ORG_0217_P_02777,Corporate_Registry,ORG_0217,ROC Database,Official_Filing,0.99,2024-01-01,True
EVI_ORG_REG_ORG_0218_P_04135,Corporate_Registry,ORG_0218,ROC Database,Official_Filing,0.99,2024-01-01,True
EVI_ORG_REG_ORG_0218_P_00668,Corporate_Registry,ORG_0218,ROC Database,Official_Filing,0.99,2024-01-01,True
EVI_ORG_REG_ORG_0219_P_00268,Corporate_Registry,ORG_0219,ROC Database,Official_Filing,0.99,2024-01-01,True
EVI_ORG_REG_ORG_0220_P_00467,Corporate_Registry,ORG_0220,ROC Database,Official_Filing,0.99,2024-01-01,True
EVI_ORG_REG_ORG_0220_P_04696,Corporate_Registry,ORG_0220,ROC Database,Official_Filing,0.99,2024-01-01,True
EVI_ORG_REG_ORG_0221_P_03130,Corporate_Registry,ORG_0221,ROC Database,Official_Filing,0.99,2024-01-01,True
EVI_ORG_REG_ORG_0221_P_00040,Corporate_Registry,ORG_0221,ROC Database,Official_Filing,0.99,2024-01-01,True
EVI_ORG_REG_ORG_0222_P_02124,Corporate_Registry,ORG_0222,ROC Database,Official_Filing,0.99,2024-01-01,True
EVI_ORG_REG_ORG_0222_P_04027,Corporate_Registry,ORG_0222,ROC Database,Official_Filing,0.99,2024-01-01,True
EVI_ORG_REG_ORG_0223_P_04839,Corporate_Registry,ORG_0223,ROC Database,Official_Filing,0.99,2024-01-01,True
EVI_ORG_REG_ORG_0223_P_02628,Corporate_Registry,ORG_0223,ROC Database,Official_Filing,0.99,2024-01-01,True
EVI_ORG_REG_ORG_0223_P_01711,Corporate_Registry,ORG_0223,ROC Database,Official_Filing,0.99,2024-01-01,True
EVI_ORG_REG_ORG_0224_P_02169,Corporate_Registry,ORG_0224,ROC Database,Official_Filing,0.99,2024-01-01,True
EVI_ORG_REG_ORG_0224_P_00945,Corporate_Registry,ORG_0224,ROC Database,Official_Filing,0.99,2024-01-01,True
EVI_ORG_REG_ORG_0224_P_04566,Corporate_Registry,ORG_0224,ROC Database,Official_Filing,0.99,2024-01-01,True
EVI_ORG_REG_ORG_0225_P_03569,Corporate_Registry,ORG_0225,ROC Database,Official_Filing,0.99,2024-01-01,True
EVI_ORG_REG_ORG_0225_P_00497,Corporate_Registry,ORG_0225,ROC Database,Official_Filing,0.99,2024-01-01,True
EVI_ORG_REG_ORG_0226_P_02541,Corporate_Registry,ORG_0226,ROC Database,Official_Filing,0.99,2024-01-01,True
EVI_ORG_REG_ORG_0227_P_04810,Corporate_Registry,ORG_0227,ROC Database,Official_Filing,0.99,2024-01-01,True
EVI_ORG_REG_ORG_0227_P_03728,Corporate_Registry,ORG_0227,ROC Database,Official_Filing,0.99,2024-01-01,True
EVI_ORG_REG_ORG_0227_P_01911,Corporate_Registry,ORG_0227,ROC Database,Official_Filing,0.99,2024-01-01,True
EVI_ORG_REG_ORG_0228_P_01937,Corporate_Registry,ORG_0228,ROC Database,Official_Filing,0.99,2024-01-01,True
EVI_ORG_REG_ORG_0228_P_00366,Corporate_Registry,ORG_0228,ROC Database,Official_Filing,0.99,2024-01-01,True
EVI_ORG_REG_ORG_0229_P_04753,Corporate_Registry,ORG_0229,ROC Database,Official_Filing,0.99,2024-01-01,True
EVI_ORG_REG_ORG_0229_P_03443,Corporate_Registry,ORG_0229,ROC Database,Official_Filing,0.99,2024-01-01,True
EVI_ORG_REG_ORG_0230_P_02211,Corporate_Registry,ORG_0230,ROC Database,Official_Filing,0.99,2024-01-01,True
EVI_ORG_REG_ORG_0230_P_02788,Corporate_Registry,ORG_0230,ROC Database,Official_Filing,0.99,2024-01-01,True
EVI_ORG_REG_ORG_0231_P_02350,Corporate_Registry,ORG_0231,ROC Database,Official_Filing,0.99,2024-01-01,True
EVI_ORG_REG_ORG_0231_P_04466,Corporate_Registry,ORG_0231,ROC Database,Official_Filing,0.99,2024-01-01,True
EVI_ORG_REG_ORG_0231_P_00354,Corporate_Registry,ORG_0231,ROC Database,Official_Filing,0.99,2024-01-01,True
EVI_ORG_REG_ORG_0232_P_01780,Corporate_Registry,ORG_0232,ROC Database,Official_Filing,0.99,2024-01-01,True
EVI_ORG_REG_ORG_0232_P_00960,Corporate_Registry,ORG_0232,ROC Database,Official_Filing,0.99,2024-01-01,True
EVI_ORG_REG_ORG_0233_P_00161,Corporate_Registry,ORG_0233,ROC Database,Official_Filing,0.99,2024-01-01,True
EVI_ORG_REG_ORG_0233_P_02793,Corporate_Registry,ORG_0233,ROC Database,Official_Filing,0.99,2024-01-01,True
EVI_ORG_REG_ORG_0234_P_03728,Corporate_Registry,ORG_0234,ROC Database,Official_Filing,0.99,2024-01-01,True
EVI_ORG_REG_ORG_0235_P_04750,Corporate_Registry,ORG_0235,ROC Database,Official_Filing,0.99,2024-01-01,True
EVI_ORG_REG_ORG_0235_P_02497,Corporate_Registry,ORG_0235,ROC Database,Official_Filing,0.99,2024-01-01,True
EVI_ORG_REG_ORG_0236_P_00862,Corporate_Registry,ORG_0236,ROC Database,Official_Filing,0.99,2024-01-01,True
EVI_ORG_REG_ORG_0237_P_03873,Corporate_Registry,ORG_0237,ROC Database,Official_Filing,0.99,2024-01-01,True
EVI_ORG_REG_ORG_0237_P_03213,Corporate_Registry,ORG_0237,ROC Database,Official_Filing,0.99,2024-01-01,True
EVI_ORG_REG_ORG_0237_P_02513,Corporate_Registry,ORG_0237,ROC Database,Official_Filing,0.99,2024-01-01,True
EVI_ORG_REG_ORG_0238_P_02877,Corporate_Registry,ORG_0238,ROC Database,Official_Filing,0.99,2024-01-01,True
EVI_ORG_REG_ORG_0238_P_03427,Corporate_Registry,ORG_0238,ROC Database,Official_Filing,0.99,2024-01-01,True
EVI_ORG_REG_ORG_0238_P_02797,Corporate_Registry,ORG_0238,ROC Database,Official_Filing,0.99,2024-01-01,True
EVI_ORG_REG_ORG_0239_P_03735,Corporate_Registry,ORG_0239,ROC Database,Official_Filing,0.99,2024-01-01,True
EVI_ORG_REG_ORG_0239_P_01243,Corporate_Registry,ORG_0239,ROC Database,Official_Filing,0.99,2024-01-01,True
EVI_ORG_REG_ORG_0239_P_01364,Corporate_Registry,ORG_0239,ROC Database,Official_Filing,0.99,2024-01-01,True
EVI_ORG_REG_ORG_0240_P_02474,Corporate_Registry,ORG_0240,ROC Database,Official_Filing,0.99,2024-01-01,True
EVI_ORG_REG_ORG_0241_P_00203,Corporate_Registry,ORG_0241,ROC Database,Official_Filing,0.99,2024-01-01,True
EVI_ORG_REG_ORG_0241_P_01665,Corporate_Registry,ORG_0241,ROC Database,Official_Filing,0.99,2024-01-01,True
EVI_ORG_REG_ORG_0241_P_04752,Corporate_Registry,ORG_0241,ROC Database,Official_Filing,0.99,2024-01-01,True
EVI_ORG_REG_ORG_0242_P_03115,Corporate_Registry,ORG_0242,ROC Database,Official_Filing,0.99,2024-01-01,True
EVI_ORG_REG_ORG_0242_P_04425,Corporate_Registry,ORG_0242,ROC Database,Official_Filing,0.99,2024-01-01,True
EVI_ORG_REG_ORG_0243_P_03555,Corporate_Registry,ORG_0243,ROC Database,Official_Filing,0.99,2024-01-01,True
EVI_ORG_REG_ORG_0244_P_04895,Corporate_Registry,ORG_0244,ROC Database,Official_Filing,0.99,2024-01-01,True
EVI_ORG_REG_ORG_0244_P_01491,Corporate_Registry,ORG_0244,ROC Database,Official_Filing,0.99,2024-01-01,True
EVI_ORG_REG_ORG_0244_P_03341,Corporate_Registry,ORG_0244,ROC Database,Official_Filing,0.99,2024-01-01,True
EVI_ORG_REG_ORG_0245_P_03357,Corporate_Registry,ORG_0245,ROC Database,Official_Filing,0.99,2024-01-01,True
EVI_ORG_REG_ORG_0246_P_03628,Corporate_Registry,ORG_0246,ROC Database,Official_Filing,0.99,2024-01-01,True
EVI_ORG_REG_ORG_0246_P_03611,Corporate_Registry,ORG_0246,ROC Database,Official_Filing,0.99,2024-01-01,True
EVI_ORG_REG_ORG_0246_P_03738,Corporate_Registry,ORG_0246,ROC Database,Official_Filing,0.99,2024-01-01,True
EVI_ORG_REG_ORG_0247_P_00335,Corporate_Registry,ORG_0247,ROC Database,Official_Filing,0.99,2024-01-01,True
EVI_ORG_REG_ORG_0247_P_01681,Corporate_Registry,ORG_0247,ROC Database,Official_Filing,0.99,2024-01-01,True
EVI_ORG_REG_ORG_0248_P_01183,Corporate_Registry,ORG_0248,ROC Database,Official_Filing,0.99,2024-01-01,True
EVI_ORG_REG_ORG_0248_P_03083,Corporate_Registry,ORG_0248,ROC Database,Official_Filing,0.99,2024-01-01,True
EVI_ORG_REG_ORG_0249_P_01506,Corporate_Registry,ORG_0249,ROC Database,Official_Filing,0.99,2024-01-01,True
EVI_ORG_REG_ORG_0249_P_03638,Corporate_Registry,ORG_0249,ROC Database,Official_Filing,0.99,2024-01-01,True
EVI_ORG_REG_ORG_0249_P_00572,Corporate_Registry,ORG_0249,ROC Database,Official_Filing,0.99,2024-01-01,True
EVI_ORG_REG_ORG_0250_P_01953,Corporate_Registry,ORG_0250,ROC Database,Official_Filing,0.99,2024-01-01,True
EVI_ORG_REG_ORG_0250_P_02930,Corporate_Registry,ORG_0250,ROC Database,Official_Filing,0.99,2024-01-01,True
EVI_ORG_REG_ORG_0251_P_03437,Corporate_Registry,ORG_0251,ROC Database,Official_Filing,0.99,2024-01-01,True
EVI_ORG_REG_ORG_0251_P_01413,Corporate_Registry,ORG_0251,ROC Database,Official_Filing,0.99,2024-01-01,True
EVI_ORG_REG_ORG_0251_P_01536,Corporate_Registry,ORG_0251,ROC Database,Official_Filing,0.99,2024-01-01,True
EVI_ORG_REG_ORG_0252_P_01376,Corporate_Registry,ORG_0252,ROC Database,Official_Filing,0.99,2024-01-01,True
EVI_ORG_REG_ORG_0252_P_02403,Corporate_Registry,ORG_0252,ROC Database,Official_Filing,0.99,2024-01-01,True
EVI_ORG_REG_ORG_0252_P_01653,Corporate_Registry,ORG_0252,ROC Database,Official_Filing,0.99,2024-01-01,True
EVI_ORG_REG_ORG_0253_P_01982,Corporate_Registry,ORG_0253,ROC Database,Official_Filing,0.99,2024-01-01,True
EVI_ORG_REG_ORG_0253_P_00426,Corporate_Registry,ORG_0253,ROC Database,Official_Filing,0.99,2024-01-01,True
EVI_ORG_REG_ORG_0253_P_01173,Corporate_Registry,ORG_0253,ROC Database,Official_Filing,0.99,2024-01-01,True
EVI_ORG_REG_ORG_0254_P_02115,Corporate_Registry,ORG_0254,ROC Database,Official_Filing,0.99,2024-01-01,True
EVI_ORG_REG_ORG_0255_P_00226,Corporate_Registry,ORG_0255,ROC Database,Official_Filing,0.99,2024-01-01,True
EVI_ORG_REG_ORG_0255_P_03096,Corporate_Registry,ORG_0255,ROC Database,Official_Filing,0.99,2024-01-01,True
EVI_ORG_REG_ORG_0256_P_00019,Corporate_Registry,ORG_0256,ROC Database,Official_Filing,0.99,2024-01-01,True
EVI_ORG_REG_ORG_0257_P_01070,Corporate_Registry,ORG_0257,ROC Database,Official_Filing,0.99,2024-01-01,True
EVI_ORG_REG_ORG_0257_P_01563,Corporate_Registry,ORG_0257,ROC Database,Official_Filing,0.99,2024-01-01,True
EVI_ORG_REG_ORG_0257_P_02794,Corporate_Registry,ORG_0257,ROC Database,Official_Filing,0.99,2024-01-01,True
EVI_ORG_REG_ORG_0258_P_02647,Corporate_Registry,ORG_0258,ROC Database,Official_Filing,0.99,2024-01-01,True
EVI_ORG_REG_ORG_0258_P_01152,Corporate_Registry,ORG_0258,ROC Database,Official_Filing,0.99,2024-01-01,True
EVI_ORG_REG_ORG_0259_P_04240,Corporate_Registry,ORG_0259,ROC Database,Official_Filing,0.99,2024-01-01,True
EVI_ORG_REG_ORG_0260_P_00398,Corporate_Registry,ORG_0260,ROC Database,Official_Filing,0.99,2024-01-01,True
EVI_ORG_REG_ORG_0260_P_00271,Corporate_Registry,ORG_0260,ROC Database,Official_Filing,0.99,2024-01-01,True
EVI_ORG_REG_ORG_0260_P_03134,Corporate_Registry,ORG_0260,ROC Database,Official_Filing,0.99,2024-01-01,True
EVI_ORG_REG_ORG_0261_P_02756,Corporate_Registry,ORG_0261,ROC Database,Official_Filing,0.99,2024-01-01,True
EVI_ORG_REG_ORG_0261_P_02402,Corporate_Registry,ORG_0261,ROC Database,Official_Filing,0.99,2024-01-01,True
EVI_ORG_REG_ORG_0261_P_04452,Corporate_Registry,ORG_0261,ROC Database,Official_Filing,0.99,2024-01-01,True
EVI_ORG_REG_ORG_0262_P_00954,Corporate_Registry,ORG_0262,ROC Database,Official_Filing,0.99,2024-01-01,True
EVI_ORG_REG_ORG_0263_P_00081,Corporate_Registry,ORG_0263,ROC Database,Official_Filing,0.99,2024-01-01,True
EVI_ORG_REG_ORG_0263_P_02145,Corporate_Registry,ORG_0263,ROC Database,Official_Filing,0.99,2024-01-01,True
EVI_ORG_REG_ORG_0263_P_01366,Corporate_Registry,ORG_0263,ROC Database,Official_Filing,0.99,2024-01-01,True
EVI_ORG_REG_ORG_0264_P_01173,Corporate_Registry,ORG_0264,ROC Database,Official_Filing,0.99,2024-01-01,True
EVI_ORG_REG_ORG_0264_P_04433,Corporate_Registry,ORG_0264,ROC Database,Official_Filing,0.99,2024-01-01,True
EVI_ORG_REG_ORG_0265_P_03361,Corporate_Registry,ORG_0265,ROC Database,Official_Filing,0.99,2024-01-01,True
EVI_ORG_REG_ORG_0265_P_02028,Corporate_Registry,ORG_0265,ROC Database,Official_Filing,0.99,2024-01-01,True
EVI_ORG_REG_ORG_0266_P_03930,Corporate_Registry,ORG_0266,ROC Database,Official_Filing,0.99,2024-01-01,True
EVI_ORG_REG_ORG_0267_P_03659,Corporate_Registry,ORG_0267,ROC Database,Official_Filing,0.99,2024-01-01,True
EVI_ORG_REG_ORG_0267_P_04056,Corporate_Registry,ORG_0267,ROC Database,Official_Filing,0.99,2024-01-01,True
EVI_ORG_REG_ORG_0267_P_03252,Corporate_Registry,ORG_0267,ROC Database,Official_Filing,0.99,2024-01-01,True
EVI_ORG_REG_ORG_0268_P_01874,Corporate_Registry,ORG_0268,ROC Database,Official_Filing,0.99,2024-01-01,True
EVI_ORG_REG_ORG_0269_P_02089,Corporate_Registry,ORG_0269,ROC Database,Official_Filing,0.99,2024-01-01,True
EVI_ORG_REG_ORG_0270_P_02671,Corporate_Registry,ORG_0270,ROC Database,Official_Filing,0.99,2024-01-01,True
EVI_ORG_REG_ORG_0271_P_01711,Corporate_Registry,ORG_0271,ROC Database,Official_Filing,0.99,2024-01-01,True
EVI_ORG_REG_ORG_0271_P_04849,Corporate_Registry,ORG_0271,ROC Database,Official_Filing,0.99,2024-01-01,True
EVI_ORG_REG_ORG_0272_P_03867,Corporate_Registry,ORG_0272,ROC Database,Official_Filing,0.99,2024-01-01,True
EVI_ORG_REG_ORG_0272_P_04636,Corporate_Registry,ORG_0272,ROC Database,Official_Filing,0.99,2024-01-01,True
EVI_ORG_REG_ORG_0272_P_04393,Corporate_Registry,ORG_0272,ROC Database,Official_Filing,0.99,2024-01-01,True
EVI_ORG_REG_ORG_0273_P_04168,Corporate_Registry,ORG_0273,ROC Database,Official_Filing,0.99,2024-01-01,True
EVI_ORG_REG_ORG_0273_P_01663,Corporate_Registry,ORG_0273,ROC Database,Official_Filing,0.99,2024-01-01,True
EVI_ORG_REG_ORG_0273_P_00625,Corporate_Registry,ORG_0273,ROC Database,Official_Filing,0.99,2024-01-01,True
EVI_ORG_REG_ORG_0274_P_04649,Corporate_Registry,ORG_0274,ROC Database,Official_Filing,0.99,2024-01-01,True
EVI_ORG_REG_ORG_0274_P_02968,Corporate_Registry,ORG_0274,ROC Database,Official_Filing,0.99,2024-01-01,True
EVI_ORG_REG_ORG_0275_P_03883,Corporate_Registry,ORG_0275,ROC Database,Official_Filing,0.99,2024-01-01,True
EVI_ORG_REG_ORG_0276_P_00941,Corporate_Registry,ORG_0276,ROC Database,Official_Filing,0.99,2024-01-01,True
EVI_ORG_REG_ORG_0276_P_03499,Corporate_Registry,ORG_0276,ROC Database,Official_Filing,0.99,2024-01-01,True
EVI_ORG_REG_ORG_0277_P_04036,Corporate_Registry,ORG_0277,ROC Database,Official_Filing,0.99,2024-01-01,True
EVI_ORG_REG_ORG_0278_P_00037,Corporate_Registry,ORG_0278,ROC Database,Official_Filing,0.99,2024-01-01,True
EVI_ORG_REG_ORG_0278_P_00159,Corporate_Registry,ORG_0278,ROC Database,Official_Filing,0.99,2024-01-01,True
EVI_ORG_REG_ORG_0279_P_01465,Corporate_Registry,ORG_0279,ROC Database,Official_Filing,0.99,2024-01-01,True
EVI_ORG_REG_ORG_0280_P_00650,Corporate_Registry,ORG_0280,ROC Database,Official_Filing,0.99,2024-01-01,True
EVI_ORG_REG_ORG_0280_P_01230,Corporate_Registry,ORG_0280,ROC Database,Official_Filing,0.99,2024-01-01,True
EVI_ORG_REG_ORG_0281_P_00030,Corporate_Registry,ORG_0281,ROC Database,Official_Filing,0.99,2024-01-01,True
EVI_ORG_REG_ORG_0282_P_02957,Corporate_Registry,ORG_0282,ROC Database,Official_Filing,0.99,2024-01-01,True
EVI_ORG_REG_ORG_0282_P_02486,Corporate_Registry,ORG_0282,ROC Database,Official_Filing,0.99,2024-01-01,True
EVI_ORG_REG_ORG_0283_P_02305,Corporate_Registry,ORG_0283,ROC Database,Official_Filing,0.99,2024-01-01,True
EVI_ORG_REG_ORG_0283_P_04437,Corporate_Registry,ORG_0283,ROC Database,Official_Filing,0.99,2024-01-01,True
EVI_ORG_REG_ORG_0284_P_00559,Corporate_Registry,ORG_0284,ROC Database,Official_Filing,0.99,2024-01-01,True
EVI_ORG_REG_ORG_0284_P_00456,Corporate_Registry,ORG_0284,ROC Database,Official_Filing,0.99,2024-01-01,True
EVI_ORG_REG_ORG_0284_P_02253,Corporate_Registry,ORG_0284,ROC Database,Official_Filing,0.99,2024-01-01,True
EVI_ORG_REG_ORG_0285_P_02618,Corporate_Registry,ORG_0285,ROC Database,Official_Filing,0.99,2024-01-01,True
EVI_ORG_REG_ORG_0285_P_00147,Corporate_Registry,ORG_0285,ROC Database,Official_Filing,0.99,2024-01-01,True
EVI_ORG_REG_ORG_0286_P_04679,Corporate_Registry,ORG_0286,ROC Database,Official_Filing,0.99,2024-01-01,True
EVI_ORG_REG_ORG_0286_P_03665,Corporate_Registry,ORG_0286,ROC Database,Official_Filing,0.99,2024-01-01,True
EVI_ORG_REG_ORG_0287_P_01883,Corporate_Registry,ORG_0287,ROC Database,Official_Filing,0.99,2024-01-01,True
EVI_ORG_REG_ORG_0288_P_02799,Corporate_Registry,ORG_0288,ROC Database,Official_Filing,0.99,2024-01-01,True
EVI_ORG_REG_ORG_0288_P_02443,Corporate_Registry,ORG_0288,ROC Database,Official_Filing,0.99,2024-01-01,True
EVI_ORG_REG_ORG_0288_P_04044,Corporate_Registry,ORG_0288,ROC Database,Official_Filing,0.99,2024-01-01,True
EVI_ORG_REG_ORG_0289_P_03052,Corporate_Registry,ORG_0289,ROC Database,Official_Filing,0.99,2024-01-01,True
EVI_ORG_REG_ORG_0289_P_04255,Corporate_Registry,ORG_0289,ROC Database,Official_Filing,0.99,2024-01-01,True
EVI_ORG_REG_ORG_0289_P_04139,Corporate_Registry,ORG_0289,ROC Database,Official_Filing,0.99,2024-01-01,True
EVI_ORG_REG_ORG_0290_P_01771,Corporate_Registry,ORG_0290,ROC Database,Official_Filing,0.99,2024-01-01,True
EVI_ORG_REG_ORG_0290_P_03260,Corporate_Registry,ORG_0290,ROC Database,Official_Filing,0.99,2024-01-01,True
EVI_ORG_REG_ORG_0290_P_04478,Corporate_Registry,ORG_0290,ROC Database,Official_Filing,0.99,2024-01-01,True
EVI_ORG_REG_ORG_0291_P_02175,Corporate_Registry,ORG_0291,ROC Database,Official_Filing,0.99,2024-01-01,True
EVI_ORG_REG_ORG_0292_P_01877,Corporate_Registry,ORG_0292,ROC Database,Official_Filing,0.99,2024-01-01,True
EVI_ORG_REG_ORG_0293_P_02243,Corporate_Registry,ORG_0293,ROC Database,Official_Filing,0.99,2024-01-01,True
EVI_ORG_REG_ORG_0294_P_00817,Corporate_Registry,ORG_0294,ROC Database,Official_Filing,0.99,2024-01-01,True
EVI_ORG_REG_ORG_0294_P_03771,Corporate_Registry,ORG_0294,ROC Database,Official_Filing,0.99,2024-01-01,True
EVI_ORG_REG_ORG_0294_P_00058,Corporate_Registry,ORG_0294,ROC Database,Official_Filing,0.99,2024-01-01,True
EVI_ORG_REG_ORG_0295_P_00876,Corporate_Registry,ORG_0295,ROC Database,Official_Filing,0.99,2024-01-01,True
EVI_ORG_REG_ORG_0295_P_04633,Corporate_Registry,ORG_0295,ROC Database,Official_Filing,0.99,2024-01-01,True
EVI_ORG_REG_ORG_0295_P_03542,Corporate_Registry,ORG_0295,ROC Database,Official_Filing,0.99,2024-01-01,True
EVI_ORG_REG_ORG_0296_P_01084,Corporate_Registry,ORG_0296,ROC Database,Official_Filing,0.99,2024-01-01,True
EVI_ORG_REG_ORG_0296_P_00227,Corporate_Registry,ORG_0296,ROC Database,Official_Filing,0.99,2024-01-01,True
EVI_ORG_REG_ORG_0297_P_04682,Corporate_Registry,ORG_0297,ROC Database,Official_Filing,0.99,2024-01-01,True
EVI_ORG_REG_ORG_0298_P_01268,Corporate_Registry,ORG_0298,ROC Database,Official_Filing,0.99,2024-01-01,True
EVI_ORG_REG_ORG_0298_P_04504,Corporate_Registry,ORG_0298,ROC Database,Official_Filing,0.99,2024-01-01,True
EVI_ORG_REG_ORG_0298_P_02891,Corporate_Registry,ORG_0298,ROC Database,Official_Filing,0.99,2024-01-01,True
EVI_ORG_REG_ORG_0299_P_01224,Corporate_Registry,ORG_0299,ROC Database,Official_Filing,0.99,2024-01-01,True
EVI_ORG_REG_ORG_0299_P_04630,Corporate_Registry,ORG_0299,ROC Database,Official_Filing,0.99,2024-01-01,True
EVI_ORG_REG_ORG_0299_P_03687,Corporate_Registry,ORG_0299,ROC Database,Official_Filing,0.99,2024-01-01,True
EVI_ORG_REG_ORG_0300_P_01620,Corporate_Registry,ORG_0300,ROC Database,Official_Filing,0.99,2024-01-01,True
EVI_ORG_REG_ORG_0300_P_03905,Corporate_Registry,ORG_0300,ROC Database,Official_Filing,0.99,2024-01-01,True
EVI_ORG_REG_ORG_0300_P_04797,Corporate_Registry,ORG_0300,ROC Database,Official_Filing,0.99,2024-01-01,True
EVI_ORG_REG_ORG_0301_P_00845,Corporate_Registry,ORG_0301,ROC Database,Official_Filing,0.99,2024-01-01,True
EVI_ORG_REG_ORG_0301_P_02816,Corporate_Registry,ORG_0301,ROC Database,Official_Filing,0.99,2024-01-01,True
EVI_ORG_REG_ORG_0301_P_04484,Corporate_Registry,ORG_0301,ROC Database,Official_Filing,0.99,2024-01-01,True
EVI_ORG_REG_ORG_0302_P_00634,Corporate_Registry,ORG_0302,ROC Database,Official_Filing,0.99,2024-01-01,True
EVI_ORG_REG_ORG_0303_P_03635,Corporate_Registry,ORG_0303,ROC Database,Official_Filing,0.99,2024-01-01,True
EVI_ORG_REG_ORG_0303_P_00683,Corporate_Registry,ORG_0303,ROC Database,Official_Filing,0.99,2024-01-01,True
EVI_ORG_REG_ORG_0303_P_02362,Corporate_Registry,ORG_0303,ROC Database,Official_Filing,0.99,2024-01-01,True
EVI_ORG_REG_ORG_0304_P_03823,Corporate_Registry,ORG_0304,ROC Database,Official_Filing,0.99,2024-01-01,True
EVI_ORG_REG_ORG_0305_P_00907,Corporate_Registry,ORG_0305,ROC Database,Official_Filing,0.99,2024-01-01,True
EVI_ORG_REG_ORG_0305_P_02538,Corporate_Registry,ORG_0305,ROC Database,Official_Filing,0.99,2024-01-01,True
EVI_ORG_REG_ORG_0305_P_01504,Corporate_Registry,ORG_0305,ROC Database,Official_Filing,0.99,2024-01-01,True
EVI_ORG_REG_ORG_0306_P_01952,Corporate_Registry,ORG_0306,ROC Database,Official_Filing,0.99,2024-01-01,True
EVI_ORG_REG_ORG_0306_P_04775,Corporate_Registry,ORG_0306,ROC Database,Official_Filing,0.99,2024-01-01,True
EVI_ORG_REG_ORG_0307_P_02834,Corporate_Registry,ORG_0307,ROC Database,Official_Filing,0.99,2024-01-01,True
EVI_ORG_REG_ORG_0308_P_01948,Corporate_Registry,ORG_0308,ROC Database,Official_Filing,0.99,2024-01-01,True
EVI_ORG_REG_ORG_0308_P_00575,Corporate_Registry,ORG_0308,ROC Database,Official_Filing,0.99,2024-01-01,True
EVI_ORG_REG_ORG_0308_P_01457,Corporate_Registry,ORG_0308,ROC Database,Official_Filing,0.99,2024-01-01,True
EVI_ORG_REG_ORG_0309_P_03683,Corporate_Registry,ORG_0309,ROC Database,Official_Filing,0.99,2024-01-01,True
EVI_ORG_REG_ORG_0309_P_01931,Corporate_Registry,ORG_0309,ROC Database,Official_Filing,0.99,2024-01-01,True
EVI_ORG_REG_ORG_0310_P_03933,Corporate_Registry,ORG_0310,ROC Database,Official_Filing,0.99,2024-01-01,True
EVI_ORG_REG_ORG_0310_P_01408,Corporate_Registry,ORG_0310,ROC Database,Official_Filing,0.99,2024-01-01,True
EVI_ORG_REG_ORG_0311_P_02505,Corporate_Registry,ORG_0311,ROC Database,Official_Filing,0.99,2024-01-01,True
EVI_ORG_REG_ORG_0311_P_01619,Corporate_Registry,ORG_0311,ROC Database,Official_Filing,0.99,2024-01-01,True
EVI_ORG_REG_ORG_0311_P_02807,Corporate_Registry,ORG_0311,ROC Database,Official_Filing,0.99,2024-01-01,True
EVI_ORG_REG_ORG_0312_P_04347,Corporate_Registry,ORG_0312,ROC Database,Official_Filing,0.99,2024-01-01,True
EVI_ORG_REG_ORG_0312_P_04155,Corporate_Registry,ORG_0312,ROC Database,Official_Filing,0.99,2024-01-01,True
EVI_ORG_REG_ORG_0313_P_02965,Corporate_Registry,ORG_0313,ROC Database,Official_Filing,0.99,2024-01-01,True
EVI_ORG_REG_ORG_0313_P_03904,Corporate_Registry,ORG_0313,ROC Database,Official_Filing,0.99,2024-01-01,True
EVI_ORG_REG_ORG_0314_P_02519,Corporate_Registry,ORG_0314,ROC Database,Official_Filing,0.99,2024-01-01,True
EVI_ORG_REG_ORG_0314_P_01826,Corporate_Registry,ORG_0314,ROC Database,Official_Filing,0.99,2024-01-01,True
EVI_ORG_REG_ORG_0315_P_01284,Corporate_Registry,ORG_0315,ROC Database,Official_Filing,0.99,2024-01-01,True
EVI_ORG_REG_ORG_0316_P_02262,Corporate_Registry,ORG_0316,ROC Database,Official_Filing,0.99,2024-01-01,True
EVI_ORG_REG_ORG_0317_P_02480,Corporate_Registry,ORG_0317,ROC Database,Official_Filing,0.99,2024-01-01,True
EVI_ORG_REG_ORG_0317_P_01027,Corporate_Registry,ORG_0317,ROC Database,Official_Filing,0.99,2024-01-01,True
EVI_ORG_REG_ORG_0317_P_02449,Corporate_Registry,ORG_0317,ROC Database,Official_Filing,0.99,2024-01-01,True
EVI_ORG_REG_ORG_0318_P_00415,Corporate_Registry,ORG_0318,ROC Database,Official_Filing,0.99,2024-01-01,True
EVI_ORG_REG_ORG_0318_P_00251,Corporate_Registry,ORG_0318,ROC Database,Official_Filing,0.99,2024-01-01,True
EVI_ORG_REG_ORG_0319_P_04927,Corporate_Registry,ORG_0319,ROC Database,Official_Filing,0.99,2024-01-01,True
EVI_ORG_REG_ORG_0320_P_03957,Corporate_Registry,ORG_0320,ROC Database,Official_Filing,0.99,2024-01-01,True
EVI_ORG_REG_ORG_0320_P_01869,Corporate_Registry,ORG_0320,ROC Database,Official_Filing,0.99,2024-01-01,True
EVI_ORG_REG_ORG_0321_P_01375,Corporate_Registry,ORG_0321,ROC Database,Official_Filing,0.99,2024-01-01,True
EVI_ORG_REG_ORG_0321_P_03322,Corporate_Registry,ORG_0321,ROC Database,Official_Filing,0.99,2024-01-01,True
EVI_ORG_REG_ORG_0322_P_01134,Corporate_Registry,ORG_0322,ROC Database,Official_Filing,0.99,2024-01-01,True
EVI_ORG_REG_ORG_0322_P_01032,Corporate_Registry,ORG_0322,ROC Database,Official_Filing,0.99,2024-01-01,True
EVI_ORG_REG_ORG_0322_P_02999,Corporate_Registry,ORG_0322,ROC Database,Official_Filing,0.99,2024-01-01,True
EVI_ORG_REG_ORG_0323_P_01809,Corporate_Registry,ORG_0323,ROC Database,Official_Filing,0.99,2024-01-01,True
EVI_ORG_REG_ORG_0324_P_04878,Corporate_Registry,ORG_0324,ROC Database,Official_Filing,0.99,2024-01-01,True
EVI_ORG_REG_ORG_0325_P_00481,Corporate_Registry,ORG_0325,ROC Database,Official_Filing,0.99,2024-01-01,True
EVI_ORG_REG_ORG_0325_P_00822,Corporate_Registry,ORG_0325,ROC Database,Official_Filing,0.99,2024-01-01,True
EVI_ORG_REG_ORG_0326_P_00891,Corporate_Registry,ORG_0326,ROC Database,Official_Filing,0.99,2024-01-01,True
EVI_ORG_REG_ORG_0327_P_03245,Corporate_Registry,ORG_0327,ROC Database,Official_Filing,0.99,2024-01-01,True
EVI_ORG_REG_ORG_0328_P_02690,Corporate_Registry,ORG_0328,ROC Database,Official_Filing,0.99,2024-01-01,True
EVI_ORG_REG_ORG_0328_P_03450,Corporate_Registry,ORG_0328,ROC Database,Official_Filing,0.99,2024-01-01,True
EVI_ORG_REG_ORG_0329_P_00539,Corporate_Registry,ORG_0329,ROC Database,Official_Filing,0.99,2024-01-01,True
EVI_ORG_REG_ORG_0330_P_01825,Corporate_Registry,ORG_0330,ROC Database,Official_Filing,0.99,2024-01-01,True
EVI_ORG_REG_ORG_0330_P_01782,Corporate_Registry,ORG_0330,ROC Database,Official_Filing,0.99,2024-01-01,True
EVI_ORG_REG_ORG_0330_P_02704,Corporate_Registry,ORG_0330,ROC Database,Official_Filing,0.99,2024-01-01,True
EVI_ORG_REG_ORG_0331_P_03674,Corporate_Registry,ORG_0331,ROC Database,Official_Filing,0.99,2024-01-01,True
EVI_ORG_REG_ORG_0331_P_02509,Corporate_Registry,ORG_0331,ROC Database,Official_Filing,0.99,2024-01-01,True
EVI_ORG_REG_ORG_0332_P_01986,Corporate_Registry,ORG_0332,ROC Database,Official_Filing,0.99,2024-01-01,True
EVI_ORG_REG_ORG_0332_P_02647,Corporate_Registry,ORG_0332,ROC Database,Official_Filing,0.99,2024-01-01,True
EVI_ORG_REG_ORG_0332_P_03419,Corporate_Registry,ORG_0332,ROC Database,Official_Filing,0.99,2024-01-01,True
EVI_ORG_REG_ORG_0333_P_00676,Corporate_Registry,ORG_0333,ROC Database,Official_Filing,0.99,2024-01-01,True
EVI_ORG_REG_ORG_0333_P_02892,Corporate_Registry,ORG_0333,ROC Database,Official_Filing,0.99,2024-01-01,True
EVI_ORG_REG_ORG_0334_P_01362,Corporate_Registry,ORG_0334,ROC Database,Official_Filing,0.99,2024-01-01,True
EVI_ORG_REG_ORG_0335_P_03810,Corporate_Registry,ORG_0335,ROC Database,Official_Filing,0.99,2024-01-01,True
EVI_ORG_REG_ORG_0335_P_01936,Corporate_Registry,ORG_0335,ROC Database,Official_Filing,0.99,2024-01-01,True
EVI_ORG_REG_ORG_0336_P_01662,Corporate_Registry,ORG_0336,ROC Database,Official_Filing,0.99,2024-01-01,True
EVI_ORG_REG_ORG_0337_P_04708,Corporate_Registry,ORG_0337,ROC Database,Official_Filing,0.99,2024-01-01,True
EVI_ORG_REG_ORG_0338_P_00456,Corporate_Registry,ORG_0338,ROC Database,Official_Filing,0.99,2024-01-01,True
EVI_ORG_REG_ORG_0338_P_03542,Corporate_Registry,ORG_0338,ROC Database,Official_Filing,0.99,2024-01-01,True
EVI_ORG_REG_ORG_0338_P_02011,Corporate_Registry,ORG_0338,ROC Database,Official_Filing,0.99,2024-01-01,True
EVI_ORG_REG_ORG_0339_P_02554,Corporate_Registry,ORG_0339,ROC Database,Official_Filing,0.99,2024-01-01,True
EVI_ORG_REG_ORG_0339_P_02015,Corporate_Registry,ORG_0339,ROC Database,Official_Filing,0.99,2024-01-01,True
EVI_ORG_REG_ORG_0339_P_01194,Corporate_Registry,ORG_0339,ROC Database,Official_Filing,0.99,2024-01-01,True
EVI_ORG_REG_ORG_0340_P_02662,Corporate_Registry,ORG_0340,ROC Database,Official_Filing,0.99,2024-01-01,True
EVI_ORG_REG_ORG_0341_P_02376,Corporate_Registry,ORG_0341,ROC Database,Official_Filing,0.99,2024-01-01,True
EVI_ORG_REG_ORG_0342_P_03282,Corporate_Registry,ORG_0342,ROC Database,Official_Filing,0.99,2024-01-01,True
EVI_ORG_REG_ORG_0343_P_00502,Corporate_Registry,ORG_0343,ROC Database,Official_Filing,0.99,2024-01-01,True
EVI_ORG_REG_ORG_0344_P_02241,Corporate_Registry,ORG_0344,ROC Database,Official_Filing,0.99,2024-01-01,True
EVI_ORG_REG_ORG_0344_P_04677,Corporate_Registry,ORG_0344,ROC Database,Official_Filing,0.99,2024-01-01,True
EVI_ORG_REG_ORG_0345_P_01894,Corporate_Registry,ORG_0345,ROC Database,Official_Filing,0.99,2024-01-01,True
EVI_ORG_REG_ORG_0345_P_04707,Corporate_Registry,ORG_0345,ROC Database,Official_Filing,0.99,2024-01-01,True
EVI_ORG_REG_ORG_0346_P_02618,Corporate_Registry,ORG_0346,ROC Database,Official_Filing,0.99,2024-01-01,True
EVI_ORG_REG_ORG_0346_P_01737,Corporate_Registry,ORG_0346,ROC Database,Official_Filing,0.99,2024-01-01,True
EVI_ORG_REG_ORG_0347_P_02841,Corporate_Registry,ORG_0347,ROC Database,Official_Filing,0.99,2024-01-01,True
EVI_ORG_REG_ORG_0347_P_01430,Corporate_Registry,ORG_0347,ROC Database,Official_Filing,0.99,2024-01-01,True
EVI_ORG_REG_ORG_0347_P_04302,Corporate_Registry,ORG_0347,ROC Database,Official_Filing,0.99,2024-01-01,True
EVI_ORG_REG_ORG_0348_P_02740,Corporate_Registry,ORG_0348,ROC Database,Official_Filing,0.99,2024-01-01,True
EVI_ORG_REG_ORG_0349_P_00808,Corporate_Registry,ORG_0349,ROC Database,Official_Filing,0.99,2024-01-01,True
EVI_ORG_REG_ORG_0349_P_01814,Corporate_Registry,ORG_0349,ROC Database,Official_Filing,0.99,2024-01-01,True
EVI_ORG_REG_ORG_0349_P_02066,Corporate_Registry,ORG_0349,ROC Database,Official_Filing,0.99,2024-01-01,True
EVI_ORG_REG_ORG_0350_P_02789,Corporate_Registry,ORG_0350,ROC Database,Official_Filing,0.99,2024-01-01,True
EVI_ORG_REG_ORG_0350_P_02085,Corporate_Registry,ORG_0350,ROC Database,Official_Filing,0.99,2024-01-01,True
EVI_ORG_REG_ORG_0351_P_03467,Corporate_Registry,ORG_0351,ROC Database,Official_Filing,0.99,2024-01-01,True
EVI_ORG_REG_ORG_0352_P_01250,Corporate_Registry,ORG_0352,ROC Database,Official_Filing,0.99,2024-01-01,True
EVI_ORG_REG_ORG_0353_P_00178,Corporate_Registry,ORG_0353,ROC Database,Official_Filing,0.99,2024-01-01,True
EVI_ORG_REG_ORG_0353_P_04670,Corporate_Registry,ORG_0353,ROC Database,Official_Filing,0.99,2024-01-01,True
EVI_ORG_REG_ORG_0354_P_03758,Corporate_Registry,ORG_0354,ROC Database,Official_Filing,0.99,2024-01-01,True
EVI_ORG_REG_ORG_0354_P_01289,Corporate_Registry,ORG_0354,ROC Database,Official_Filing,0.99,2024-01-01,True
EVI_ORG_REG_ORG_0354_P_00451,Corporate_Registry,ORG_0354,ROC Database,Official_Filing,0.99,2024-01-01,True
EVI_ORG_REG_ORG_0355_P_02656,Corporate_Registry,ORG_0355,ROC Database,Official_Filing,0.99,2024-01-01,True
EVI_ORG_REG_ORG_0356_P_02085,Corporate_Registry,ORG_0356,ROC Database,Official_Filing,0.99,2024-01-01,True
EVI_ORG_REG_ORG_0357_P_03994,Corporate_Registry,ORG_0357,ROC Database,Official_Filing,0.99,2024-01-01,True
EVI_ORG_REG_ORG_0358_P_02657,Corporate_Registry,ORG_0358,ROC Database,Official_Filing,0.99,2024-01-01,True
EVI_ORG_REG_ORG_0358_P_04474,Corporate_Registry,ORG_0358,ROC Database,Official_Filing,0.99,2024-01-01,True
EVI_ORG_REG_ORG_0359_P_02234,Corporate_Registry,ORG_0359,ROC Database,Official_Filing,0.99,2024-01-01,True
EVI_ORG_REG_ORG_0359_P_00429,Corporate_Registry,ORG_0359,ROC Database,Official_Filing,0.99,2024-01-01,True
EVI_ORG_REG_ORG_0359_P_02288,Corporate_Registry,ORG_0359,ROC Database,Official_Filing,0.99,2024-01-01,True
EVI_ORG_REG_ORG_0360_P_02499,Corporate_Registry,ORG_0360,ROC Database,Official_Filing,0.99,2024-01-01,True
EVI_ORG_REG_ORG_0360_P_02793,Corporate_Registry,ORG_0360,ROC Database,Official_Filing,0.99,2024-01-01,True
EVI_ORG_REG_ORG_0360_P_03222,Corporate_Registry,ORG_0360,ROC Database,Official_Filing,0.99,2024-01-01,True
EVI_ORG_REG_ORG_0361_P_01281,Corporate_Registry,ORG_0361,ROC Database,Official_Filing,0.99,2024-01-01,True
EVI_ORG_REG_ORG_0361_P_03042,Corporate_Registry,ORG_0361,ROC Database,Official_Filing,0.99,2024-01-01,True
EVI_ORG_REG_ORG_0361_P_03050,Corporate_Registry,ORG_0361,ROC Database,Official_Filing,0.99,2024-01-01,True
EVI_ORG_REG_ORG_0362_P_04280,Corporate_Registry,ORG_0362,ROC Database,Official_Filing,0.99,2024-01-01,True
EVI_ORG_REG_ORG_0363_P_00618,Corporate_Registry,ORG_0363,ROC Database,Official_Filing,0.99,2024-01-01,True
EVI_ORG_REG_ORG_0363_P_04804,Corporate_Registry,ORG_0363,ROC Database,Official_Filing,0.99,2024-01-01,True
EVI_ORG_REG_ORG_0363_P_00747,Corporate_Registry,ORG_0363,ROC Database,Official_Filing,0.99,2024-01-01,True
EVI_ORG_REG_ORG_0364_P_00175,Corporate_Registry,ORG_0364,ROC Database,Official_Filing,0.99,2024-01-01,True
EVI_ORG_REG_ORG_0364_P_02862,Corporate_Registry,ORG_0364,ROC Database,Official_Filing,0.99,2024-01-01,True
EVI_ORG_REG_ORG_0365_P_02129,Corporate_Registry,ORG_0365,ROC Database,Official_Filing,0.99,2024-01-01,True
EVI_ORG_REG_ORG_0365_P_00561,Corporate_Registry,ORG_0365,ROC Database,Official_Filing,0.99,2024-01-01,True
EVI_ORG_REG_ORG_0366_P_00902,Corporate_Registry,ORG_0366,ROC Database,Official_Filing,0.99,2024-01-01,True
EVI_ORG_REG_ORG_0366_P_02730,Corporate_Registry,ORG_0366,ROC Database,Official_Filing,0.99,2024-01-01,True
EVI_ORG_REG_ORG_0367_P_00994,Corporate_Registry,ORG_0367,ROC Database,Official_Filing,0.99,2024-01-01,True
EVI_ORG_REG_ORG_0367_P_03214,Corporate_Registry,ORG_0367,ROC Database,Official_Filing,0.99,2024-01-01,True
EVI_ORG_REG_ORG_0368_P_01077,Corporate_Registry,ORG_0368,ROC Database,Official_Filing,0.99,2024-01-01,True
EVI_ORG_REG_ORG_0368_P_02323,Corporate_Registry,ORG_0368,ROC Database,Official_Filing,0.99,2024-01-01,True
EVI_ORG_REG_ORG_0368_P_03356,Corporate_Registry,ORG_0368,ROC Database,Official_Filing,0.99,2024-01-01,True
EVI_ORG_REG_ORG_0369_P_00986,Corporate_Registry,ORG_0369,ROC Database,Official_Filing,0.99,2024-01-01,True
EVI_ORG_REG_ORG_0369_P_03363,Corporate_Registry,ORG_0369,ROC Database,Official_Filing,0.99,2024-01-01,True
EVI_ORG_REG_ORG_0370_P_04491,Corporate_Registry,ORG_0370,ROC Database,Official_Filing,0.99,2024-01-01,True
EVI_ORG_REG_ORG_0370_P_02988,Corporate_Registry,ORG_0370,ROC Database,Official_Filing,0.99,2024-01-01,True
EVI_ORG_REG_ORG_0370_P_03544,Corporate_Registry,ORG_0370,ROC Database,Official_Filing,0.99,2024-01-01,True
EVI_ORG_REG_ORG_0371_P_00007,Corporate_Registry,ORG_0371,ROC Database,Official_Filing,0.99,2024-01-01,True
EVI_ORG_REG_ORG_0372_P_02562,Corporate_Registry,ORG_0372,ROC Database,Official_Filing,0.99,2024-01-01,True
EVI_ORG_REG_ORG_0373_P_02576,Corporate_Registry,ORG_0373,ROC Database,Official_Filing,0.99,2024-01-01,True
EVI_ORG_REG_ORG_0374_P_04200,Corporate_Registry,ORG_0374,ROC Database,Official_Filing,0.99,2024-01-01,True
EVI_ORG_REG_ORG_0374_P_02937,Corporate_Registry,ORG_0374,ROC Database,Official_Filing,0.99,2024-01-01,True
EVI_ORG_REG_ORG_0375_P_00634,Corporate_Registry,ORG_0375,ROC Database,Official_Filing,0.99,2024-01-01,True
EVI_ORG_REG_ORG_0375_P_02508,Corporate_Registry,ORG_0375,ROC Database,Official_Filing,0.99,2024-01-01,True
EVI_ORG_REG_ORG_0376_P_03461,Corporate_Registry,ORG_0376,ROC Database,Official_Filing,0.99,2024-01-01,True
EVI_ORG_REG_ORG_0376_P_00197,Corporate_Registry,ORG_0376,ROC Database,Official_Filing,0.99,2024-01-01,True
EVI_ORG_REG_ORG_0376_P_04235,Corporate_Registry,ORG_0376,ROC Database,Official_Filing,0.99,2024-01-01,True
EVI_ORG_REG_ORG_0377_P_00311,Corporate_Registry,ORG_0377,ROC Database,Official_Filing,0.99,2024-01-01,True
EVI_ORG_REG_ORG_0377_P_00896,Corporate_Registry,ORG_0377,ROC Database,Official_Filing,0.99,2024-01-01,True
EVI_ORG_REG_ORG_0377_P_00362,Corporate_Registry,ORG_0377,ROC Database,Official_Filing,0.99,2024-01-01,True
EVI_ORG_REG_ORG_0378_P_00787,Corporate_Registry,ORG_0378,ROC Database,Official_Filing,0.99,2024-01-01,True
EVI_ORG_REG_ORG_0378_P_00411,Corporate_Registry,ORG_0378,ROC Database,Official_Filing,0.99,2024-01-01,True
EVI_ORG_REG_ORG_0379_P_04303,Corporate_Registry,ORG_0379,ROC Database,Official_Filing,0.99,2024-01-01,True
EVI_ORG_REG_ORG_0379_P_04393,Corporate_Registry,ORG_0379,ROC Database,Official_Filing,0.99,2024-01-01,True
EVI_ORG_REG_ORG_0380_P_04866,Corporate_Registry,ORG_0380,ROC Database,Official_Filing,0.99,2024-01-01,True
EVI_ORG_REG_ORG_0380_P_01697,Corporate_Registry,ORG_0380,ROC Database,Official_Filing,0.99,2024-01-01,True
EVI_ORG_REG_ORG_0380_P_00314,Corporate_Registry,ORG_0380,ROC Database,Official_Filing,0.99,2024-01-01,True
EVI_ORG_REG_ORG_0381_P_03162,Corporate_Registry,ORG_0381,ROC Database,Official_Filing,0.99,2024-01-01,True
EVI_ORG_REG_ORG_0382_P_03340,Corporate_Registry,ORG_0382,ROC Database,Official_Filing,0.99,2024-01-01,True
EVI_ORG_REG_ORG_0383_P_02887,Corporate_Registry,ORG_0383,ROC Database,Official_Filing,0.99,2024-01-01,True
EVI_ORG_REG_ORG_0383_P_00726,Corporate_Registry,ORG_0383,ROC Database,Official_Filing,0.99,2024-01-01,True
EVI_ORG_REG_ORG_0383_P_04417,Corporate_Registry,ORG_0383,ROC Database,Official_Filing,0.99,2024-01-01,True
EVI_ORG_REG_ORG_0384_P_00375,Corporate_Registry,ORG_0384,ROC Database,Official_Filing,0.99,2024-01-01,True
EVI_ORG_REG_ORG_0384_P_02872,Corporate_Registry,ORG_0384,ROC Database,Official_Filing,0.99,2024-01-01,True
EVI_ORG_REG_ORG_0384_P_00289,Corporate_Registry,ORG_0384,ROC Database,Official_Filing,0.99,2024-01-01,True
EVI_ORG_REG_ORG_0385_P_04562,Corporate_Registry,ORG_0385,ROC Database,Official_Filing,0.99,2024-01-01,True
EVI_ORG_REG_ORG_0385_P_04490,Corporate_Registry,ORG_0385,ROC Database,Official_Filing,0.99,2024-01-01,True
EVI_ORG_REG_ORG_0386_P_04389,Corporate_Registry,ORG_0386,ROC Database,Official_Filing,0.99,2024-01-01,True
EVI_ORG_REG_ORG_0387_P_04000,Corporate_Registry,ORG_0387,ROC Database,Official_Filing,0.99,2024-01-01,True
EVI_ORG_REG_ORG_0388_P_04539,Corporate_Registry,ORG_0388,ROC Database,Official_Filing,0.99,2024-01-01,True
EVI_ORG_REG_ORG_0388_P_00920,Corporate_Registry,ORG_0388,ROC Database,Official_Filing,0.99,2024-01-01,True
EVI_ORG_REG_ORG_0388_P_02427,Corporate_Registry,ORG_0388,ROC Database,Official_Filing,0.99,2024-01-01,True
EVI_ORG_REG_ORG_0389_P_03753,Corporate_Registry,ORG_0389,ROC Database,Official_Filing,0.99,2024-01-01,True
EVI_ORG_REG_ORG_0390_P_00146,Corporate_Registry,ORG_0390,ROC Database,Official_Filing,0.99,2024-01-01,True
EVI_ORG_REG_ORG_0390_P_03819,Corporate_Registry,ORG_0390,ROC Database,Official_Filing,0.99,2024-01-01,True
EVI_ORG_REG_ORG_0391_P_00236,Corporate_Registry,ORG_0391,ROC Database,Official_Filing,0.99,2024-01-01,True
EVI_ORG_REG_ORG_0391_P_04467,Corporate_Registry,ORG_0391,ROC Database,Official_Filing,0.99,2024-01-01,True
EVI_ORG_REG_ORG_0391_P_01819,Corporate_Registry,ORG_0391,ROC Database,Official_Filing,0.99,2024-01-01,True
EVI_ORG_REG_ORG_0392_P_04360,Corporate_Registry,ORG_0392,ROC Database,Official_Filing,0.99,2024-01-01,True
EVI_ORG_REG_ORG_0392_P_04903,Corporate_Registry,ORG_0392,ROC Database,Official_Filing,0.99,2024-01-01,True
EVI_ORG_REG_ORG_0393_P_00846,Corporate_Registry,ORG_0393,ROC Database,Official_Filing,0.99,2024-01-01,True
EVI_ORG_REG_ORG_0393_P_02140,Corporate_Registry,ORG_0393,ROC Database,Official_Filing,0.99,2024-01-01,True
EVI_ORG_REG_ORG_0394_P_01675,Corporate_Registry,ORG_0394,ROC Database,Official_Filing,0.99,2024-01-01,True
EVI_ORG_REG_ORG_0394_P_03373,Corporate_Registry,ORG_0394,ROC Database,Official_Filing,0.99,2024-01-01,True
EVI_ORG_REG_ORG_0394_P_03781,Corporate_Registry,ORG_0394,ROC Database,Official_Filing,0.99,2024-01-01,True
EVI_ORG_REG_ORG_0395_P_02207,Corporate_Registry,ORG_0395,ROC Database,Official_Filing,0.99,2024-01-01,True
EVI_ORG_REG_ORG_0395_P_04623,Corporate_Registry,ORG_0395,ROC Database,Official_Filing,0.99,2024-01-01,True
EVI_ORG_REG_ORG_0396_P_04316,Corporate_Registry,ORG_0396,ROC Database,Official_Filing,0.99,2024-01-01,True
EVI_ORG_REG_ORG_0396_P_03424,Corporate_Registry,ORG_0396,ROC Database,Official_Filing,0.99,2024-01-01,True
EVI_ORG_REG_ORG_0396_P_03682,Corporate_Registry,ORG_0396,ROC Database,Official_Filing,0.99,2024-01-01,True
EVI_ORG_REG_ORG_0397_P_02766,Corporate_Registry,ORG_0397,ROC Database,Official_Filing,0.99,2024-01-01,True
EVI_ORG_REG_ORG_0397_P_04122,Corporate_Registry,ORG_0397,ROC Database,Official_Filing,0.99,2024-01-01,True
EVI_ORG_REG_ORG_0397_P_00828,Corporate_Registry,ORG_0397,ROC Database,Official_Filing,0.99,2024-01-01,True
EVI_ORG_REG_ORG_0398_P_03532,Corporate_Registry,ORG_0398,ROC Database,Official_Filing,0.99,2024-01-01,True
EVI_ORG_REG_ORG_0398_P_00373,Corporate_Registry,ORG_0398,ROC Database,Official_Filing,0.99,2024-01-01,True
EVI_ORG_REG_ORG_0399_P_03295,Corporate_Registry,ORG_0399,ROC Database,Official_Filing,0.99,2024-01-01,True
EVI_ORG_REG_ORG_0399_P_01698,Corporate_Registry,ORG_0399,ROC Database,Official_Filing,0.99,2024-01-01,True
EVI_ORG_REG_ORG_0400_P_04223,Corporate_Registry,ORG_0400,ROC Database,Official_Filing,0.99,2024-01-01,True
EVI_ORG_REG_ORG_0401_P_01717,Corporate_Registry,ORG_0401,ROC Database,Official_Filing,0.99,2024-01-01,True
EVI_ORG_REG_ORG_0401_P_04822,Corporate_Registry,ORG_0401,ROC Database,Official_Filing,0.99,2024-01-01,True
EVI_ORG_REG_ORG_0402_P_01104,Corporate_Registry,ORG_0402,ROC Database,Official_Filing,0.99,2024-01-01,True
EVI_ORG_REG_ORG_0403_P_03511,Corporate_Registry,ORG_0403,ROC Database,Official_Filing,0.99,2024-01-01,True
EVI_ORG_REG_ORG_0403_P_02714,Corporate_Registry,ORG_0403,ROC Database,Official_Filing,0.99,2024-01-01,True
EVI_ORG_REG_ORG_0404_P_03907,Corporate_Registry,ORG_0404,ROC Database,Official_Filing,0.99,2024-01-01,True
EVI_ORG_REG_ORG_0404_P_03950,Corporate_Registry,ORG_0404,ROC Database,Official_Filing,0.99,2024-01-01,True
EVI_ORG_REG_ORG_0405_P_00815,Corporate_Registry,ORG_0405,ROC Database,Official_Filing,0.99,2024-01-01,True
EVI_ORG_REG_ORG_0406_P_03941,Corporate_Registry,ORG_0406,ROC Database,Official_Filing,0.99,2024-01-01,True
EVI_ORG_REG_ORG_0406_P_00887,Corporate_Registry,ORG_0406,ROC Database,Official_Filing,0.99,2024-01-01,True
EVI_ORG_REG_ORG_0406_P_04849,Corporate_Registry,ORG_0406,ROC Database,Official_Filing,0.99,2024-01-01,True
EVI_ORG_REG_ORG_0407_P_02368,Corporate_Registry,ORG_0407,ROC Database,Official_Filing,0.99,2024-01-01,True
EVI_ORG_REG_ORG_0407_P_04082,Corporate_Registry,ORG_0407,ROC Database,Official_Filing,0.99,2024-01-01,True
EVI_ORG_REG_ORG_0408_P_00848,Corporate_Registry,ORG_0408,ROC Database,Official_Filing,0.99,2024-01-01,True
EVI_ORG_REG_ORG_0409_P_01135,Corporate_Registry,ORG_0409,ROC Database,Official_Filing,0.99,2024-01-01,True
EVI_ORG_REG_ORG_0410_P_00195,Corporate_Registry,ORG_0410,ROC Database,Official_Filing,0.99,2024-01-01,True
EVI_ORG_REG_ORG_0410_P_00474,Corporate_Registry,ORG_0410,ROC Database,Official_Filing,0.99,2024-01-01,True
EVI_ORG_REG_ORG_0411_P_04252,Corporate_Registry,ORG_0411,ROC Database,Official_Filing,0.99,2024-01-01,True
EVI_ORG_REG_ORG_0412_P_04511,Corporate_Registry,ORG_0412,ROC Database,Official_Filing,0.99,2024-01-01,True
EVI_ORG_REG_ORG_0412_P_01711,Corporate_Registry,ORG_0412,ROC Database,Official_Filing,0.99,2024-01-01,True
EVI_ORG_REG_ORG_0412_P_04654,Corporate_Registry,ORG_0412,ROC Database,Official_Filing,0.99,2024-01-01,True
EVI_ORG_REG_ORG_0413_P_01941,Corporate_Registry,ORG_0413,ROC Database,Official_Filing,0.99,2024-01-01,True
EVI_ORG_REG_ORG_0413_P_04360,Corporate_Registry,ORG_0413,ROC Database,Official_Filing,0.99,2024-01-01,True
EVI_ORG_REG_ORG_0414_P_03093,Corporate_Registry,ORG_0414,ROC Database,Official_Filing,0.99,2024-01-01,True
EVI_ORG_REG_ORG_0414_P_00798,Corporate_Registry,ORG_0414,ROC Database,Official_Filing,0.99,2024-01-01,True
EVI_ORG_REG_ORG_0415_P_02359,Corporate_Registry,ORG_0415,ROC Database,Official_Filing,0.99,2024-01-01,True
EVI_ORG_REG_ORG_0416_P_00487,Corporate_Registry,ORG_0416,ROC Database,Official_Filing,0.99,2024-01-01,True
EVI_ORG_REG_ORG_0416_P_00226,Corporate_Registry,ORG_0416,ROC Database,Official_Filing,0.99,2024-01-01,True
EVI_ORG_REG_ORG_0416_P_00246,Corporate_Registry,ORG_0416,ROC Database,Official_Filing,0.99,2024-01-01,True
EVI_ORG_REG_ORG_0417_P_02564,Corporate_Registry,ORG_0417,ROC Database,Official_Filing,0.99,2024-01-01,True
EVI_ORG_REG_ORG_0418_P_01852,Corporate_Registry,ORG_0418,ROC Database,Official_Filing,0.99,2024-01-01,True
EVI_ORG_REG_ORG_0418_P_00146,Corporate_Registry,ORG_0418,ROC Database,Official_Filing,0.99,2024-01-01,True
EVI_ORG_REG_ORG_0418_P_04125,Corporate_Registry,ORG_0418,ROC Database,Official_Filing,0.99,2024-01-01,True
EVI_ORG_REG_ORG_0419_P_04640,Corporate_Registry,ORG_0419,ROC Database,Official_Filing,0.99,2024-01-01,True
EVI_ORG_REG_ORG_0419_P_03382,Corporate_Registry,ORG_0419,ROC Database,Official_Filing,0.99,2024-01-01,True
EVI_ORG_REG_ORG_0419_P_02574,Corporate_Registry,ORG_0419,ROC Database,Official_Filing,0.99,2024-01-01,True
EVI_ORG_REG_ORG_0420_P_01251,Corporate_Registry,ORG_0420,ROC Database,Official_Filing,0.99,2024-01-01,True
EVI_ORG_REG_ORG_0420_P_04291,Corporate_Registry,ORG_0420,ROC Database,Official_Filing,0.99,2024-01-01,True
EVI_ORG_REG_ORG_0421_P_02943,Corporate_Registry,ORG_0421,ROC Database,Official_Filing,0.99,2024-01-01,True
EVI_ORG_REG_ORG_0422_P_01285,Corporate_Registry,ORG_0422,ROC Database,Official_Filing,0.99,2024-01-01,True
EVI_ORG_REG_ORG_0422_P_01191,Corporate_Registry,ORG_0422,ROC Database,Official_Filing,0.99,2024-01-01,True
EVI_ORG_REG_ORG_0423_P_03312,Corporate_Registry,ORG_0423,ROC Database,Official_Filing,0.99,2024-01-01,True
EVI_ORG_REG_ORG_0423_P_00457,Corporate_Registry,ORG_0423,ROC Database,Official_Filing,0.99,2024-01-01,True
EVI_ORG_REG_ORG_0424_P_00307,Corporate_Registry,ORG_0424,ROC Database,Official_Filing,0.99,2024-01-01,True
EVI_ORG_REG_ORG_0425_P_00320,Corporate_Registry,ORG_0425,ROC Database,Official_Filing,0.99,2024-01-01,True
EVI_ORG_REG_ORG_0425_P_03050,Corporate_Registry,ORG_0425,ROC Database,Official_Filing,0.99,2024-01-01,True
EVI_ORG_REG_ORG_0426_P_00837,Corporate_Registry,ORG_0426,ROC Database,Official_Filing,0.99,2024-01-01,True
EVI_ORG_REG_ORG_0426_P_01512,Corporate_Registry,ORG_0426,ROC Database,Official_Filing,0.99,2024-01-01,True
EVI_ORG_REG_ORG_0427_P_04345,Corporate_Registry,ORG_0427,ROC Database,Official_Filing,0.99,2024-01-01,True
EVI_ORG_REG_ORG_0427_P_04620,Corporate_Registry,ORG_0427,ROC Database,Official_Filing,0.99,2024-01-01,True
EVI_ORG_REG_ORG_0428_P_01360,Corporate_Registry,ORG_0428,ROC Database,Official_Filing,0.99,2024-01-01,True
EVI_ORG_REG_ORG_0428_P_04249,Corporate_Registry,ORG_0428,ROC Database,Official_Filing,0.99,2024-01-01,True
EVI_ORG_REG_ORG_0428_P_00099,Corporate_Registry,ORG_0428,ROC Database,Official_Filing,0.99,2024-01-01,True
EVI_ORG_REG_ORG_0429_P_03534,Corporate_Registry,ORG_0429,ROC Database,Official_Filing,0.99,2024-01-01,True
EVI_ORG_REG_ORG_0429_P_00356,Corporate_Registry,ORG_0429,ROC Database,Official_Filing,0.99,2024-01-01,True
EVI_ORG_REG_ORG_0430_P_01782,Corporate_Registry,ORG_0430,ROC Database,Official_Filing,0.99,2024-01-01,True
EVI_ORG_REG_ORG_0431_P_04533,Corporate_Registry,ORG_0431,ROC Database,Official_Filing,0.99,2024-01-01,True
EVI_ORG_REG_ORG_0431_P_02456,Corporate_Registry,ORG_0431,ROC Database,Official_Filing,0.99,2024-01-01,True
EVI_ORG_REG_ORG_0431_P_02305,Corporate_Registry,ORG_0431,ROC Database,Official_Filing,0.99,2024-01-01,True
EVI_ORG_REG_ORG_0432_P_04782,Corporate_Registry,ORG_0432,ROC Database,Official_Filing,0.99,2024-01-01,True
EVI_ORG_REG_ORG_0433_P_03411,Corporate_Registry,ORG_0433,ROC Database,Official_Filing,0.99,2024-01-01,True
EVI_ORG_REG_ORG_0434_P_03203,Corporate_Registry,ORG_0434,ROC Database,Official_Filing,0.99,2024-01-01,True
EVI_ORG_REG_ORG_0434_P_02646,Corporate_Registry,ORG_0434,ROC Database,Official_Filing,0.99,2024-01-01,True
EVI_ORG_REG_ORG_0435_P_01273,Corporate_Registry,ORG_0435,ROC Database,Official_Filing,0.99,2024-01-01,True
EVI_ORG_REG_ORG_0435_P_00122,Corporate_Registry,ORG_0435,ROC Database,Official_Filing,0.99,2024-01-01,True
EVI_ORG_REG_ORG_0436_P_04550,Corporate_Registry,ORG_0436,ROC Database,Official_Filing,0.99,2024-01-01,True
EVI_ORG_REG_ORG_0436_P_01223,Corporate_Registry,ORG_0436,ROC Database,Official_Filing,0.99,2024-01-01,True
EVI_ORG_REG_ORG_0437_P_01568,Corporate_Registry,ORG_0437,ROC Database,Official_Filing,0.99,2024-01-01,True
EVI_ORG_REG_ORG_0437_P_00578,Corporate_Registry,ORG_0437,ROC Database,Official_Filing,0.99,2024-01-01,True
EVI_ORG_REG_ORG_0438_P_00630,Corporate_Registry,ORG_0438,ROC Database,Official_Filing,0.99,2024-01-01,True
EVI_ORG_REG_ORG_0438_P_02008,Corporate_Registry,ORG_0438,ROC Database,Official_Filing,0.99,2024-01-01,True
EVI_ORG_REG_ORG_0439_P_00901,Corporate_Registry,ORG_0439,ROC Database,Official_Filing,0.99,2024-01-01,True
EVI_ORG_REG_ORG_0440_P_03116,Corporate_Registry,ORG_0440,ROC Database,Official_Filing,0.99,2024-01-01,True
EVI_ORG_REG_ORG_0441_P_02208,Corporate_Registry,ORG_0441,ROC Database,Official_Filing,0.99,2024-01-01,True
EVI_ORG_REG_ORG_0442_P_04701,Corporate_Registry,ORG_0442,ROC Database,Official_Filing,0.99,2024-01-01,True
EVI_ORG_REG_ORG_0443_P_00201,Corporate_Registry,ORG_0443,ROC Database,Official_Filing,0.99,2024-01-01,True
EVI_ORG_REG_ORG_0444_P_04204,Corporate_Registry,ORG_0444,ROC Database,Official_Filing,0.99,2024-01-01,True
EVI_ORG_REG_ORG_0445_P_04753,Corporate_Registry,ORG_0445,ROC Database,Official_Filing,0.99,2024-01-01,True
EVI_ORG_REG_ORG_0446_P_03100,Corporate_Registry,ORG_0446,ROC Database,Official_Filing,0.99,2024-01-01,True
EVI_ORG_REG_ORG_0446_P_04910,Corporate_Registry,ORG_0446,ROC Database,Official_Filing,0.99,2024-01-01,True
EVI_ORG_REG_ORG_0447_P_03353,Corporate_Registry,ORG_0447,ROC Database,Official_Filing,0.99,2024-01-01,True
EVI_ORG_REG_ORG_0447_P_04590,Corporate_Registry,ORG_0447,ROC Database,Official_Filing,0.99,2024-01-01,True
EVI_ORG_REG_ORG_0448_P_02420,Corporate_Registry,ORG_0448,ROC Database,Official_Filing,0.99,2024-01-01,True
EVI_ORG_REG_ORG_0449_P_00644,Corporate_Registry,ORG_0449,ROC Database,Official_Filing,0.99,2024-01-01,True
EVI_ORG_REG_ORG_0449_P_02350,Corporate_Registry,ORG_0449,ROC Database,Official_Filing,0.99,2024-01-01,True
EVI_ORG_REG_ORG_0450_P_04321,Corporate_Registry,ORG_0450,ROC Database,Official_Filing,0.99,2024-01-01,True
EVI_ORG_REG_ORG_0451_P_00849,Corporate_Registry,ORG_0451,ROC Database,Official_Filing,0.99,2024-01-01,True
EVI_ORG_REG_ORG_0451_P_02557,Corporate_Registry,ORG_0451,ROC Database,Official_Filing,0.99,2024-01-01,True
EVI_ORG_REG_ORG_0451_P_00080,Corporate_Registry,ORG_0451,ROC Database,Official_Filing,0.99,2024-01-01,True
EVI_ORG_REG_ORG_0452_P_01897,Corporate_Registry,ORG_0452,ROC Database,Official_Filing,0.99,2024-01-01,True
EVI_ORG_REG_ORG_0452_P_01283,Corporate_Registry,ORG_0452,ROC Database,Official_Filing,0.99,2024-01-01,True
EVI_ORG_REG_ORG_0452_P_02580,Corporate_Registry,ORG_0452,ROC Database,Official_Filing,0.99,2024-01-01,True
EVI_ORG_REG_ORG_0453_P_00019,Corporate_Registry,ORG_0453,ROC Database,Official_Filing,0.99,2024-01-01,True
EVI_ORG_REG_ORG_0453_P_02538,Corporate_Registry,ORG_0453,ROC Database,Official_Filing,0.99,2024-01-01,True
EVI_ORG_REG_ORG_0453_P_02555,Corporate_Registry,ORG_0453,ROC Database,Official_Filing,0.99,2024-01-01,True
EVI_ORG_REG_ORG_0454_P_03393,Corporate_Registry,ORG_0454,ROC Database,Official_Filing,0.99,2024-01-01,True
EVI_ORG_REG_ORG_0454_P_00012,Corporate_Registry,ORG_0454,ROC Database,Official_Filing,0.99,2024-01-01,True
EVI_ORG_REG_ORG_0455_P_03166,Corporate_Registry,ORG_0455,ROC Database,Official_Filing,0.99,2024-01-01,True
EVI_ORG_REG_ORG_0456_P_04220,Corporate_Registry,ORG_0456,ROC Database,Official_Filing,0.99,2024-01-01,True
EVI_ORG_REG_ORG_0456_P_03759,Corporate_Registry,ORG_0456,ROC Database,Official_Filing,0.99,2024-01-01,True
EVI_ORG_REG_ORG_0456_P_04410,Corporate_Registry,ORG_0456,ROC Database,Official_Filing,0.99,2024-01-01,True
EVI_ORG_REG_ORG_0457_P_00857,Corporate_Registry,ORG_0457,ROC Database,Official_Filing,0.99,2024-01-01,True
EVI_ORG_REG_ORG_0458_P_02275,Corporate_Registry,ORG_0458,ROC Database,Official_Filing,0.99,2024-01-01,True
EVI_ORG_REG_ORG_0458_P_02579,Corporate_Registry,ORG_0458,ROC Database,Official_Filing,0.99,2024-01-01,True
EVI_ORG_REG_ORG_0459_P_03750,Corporate_Registry,ORG_0459,ROC Database,Official_Filing,0.99,2024-01-01,True
EVI_ORG_REG_ORG_0460_P_02250,Corporate_Registry,ORG_0460,ROC Database,Official_Filing,0.99,2024-01-01,True
EVI_ORG_REG_ORG_0460_P_00448,Corporate_Registry,ORG_0460,ROC Database,Official_Filing,0.99,2024-01-01,True
EVI_ORG_REG_ORG_0460_P_03728,Corporate_Registry,ORG_0460,ROC Database,Official_Filing,0.99,2024-01-01,True
EVI_ORG_REG_ORG_0461_P_03685,Corporate_Registry,ORG_0461,ROC Database,Official_Filing,0.99,2024-01-01,True
EVI_ORG_REG_ORG_0462_P_04757,Corporate_Registry,ORG_0462,ROC Database,Official_Filing,0.99,2024-01-01,True
EVI_ORG_REG_ORG_0462_P_04399,Corporate_Registry,ORG_0462,ROC Database,Official_Filing,0.99,2024-01-01,True
EVI_ORG_REG_ORG_0462_P_03685,Corporate_Registry,ORG_0462,ROC Database,Official_Filing,0.99,2024-01-01,True
EVI_ORG_REG_ORG_0463_P_02071,Corporate_Registry,ORG_0463,ROC Database,Official_Filing,0.99,2024-01-01,True
EVI_ORG_REG_ORG_0464_P_03221,Corporate_Registry,ORG_0464,ROC Database,Official_Filing,0.99,2024-01-01,True
EVI_ORG_REG_ORG_0465_P_03314,Corporate_Registry,ORG_0465,ROC Database,Official_Filing,0.99,2024-01-01,True
EVI_ORG_REG_ORG_0466_P_00139,Corporate_Registry,ORG_0466,ROC Database,Official_Filing,0.99,2024-01-01,True
EVI_ORG_REG_ORG_0466_P_01837,Corporate_Registry,ORG_0466,ROC Database,Official_Filing,0.99,2024-01-01,True
EVI_ORG_REG_ORG_0467_P_02873,Corporate_Registry,ORG_0467,ROC Database,Official_Filing,0.99,2024-01-01,True
EVI_ORG_REG_ORG_0467_P_01915,Corporate_Registry,ORG_0467,ROC Database,Official_Filing,0.99,2024-01-01,True
EVI_ORG_REG_ORG_0468_P_00373,Corporate_Registry,ORG_0468,ROC Database,Official_Filing,0.99,2024-01-01,True
EVI_ORG_REG_ORG_0468_P_02849,Corporate_Registry,ORG_0468,ROC Database,Official_Filing,0.99,2024-01-01,True
EVI_ORG_REG_ORG_0468_P_04102,Corporate_Registry,ORG_0468,ROC Database,Official_Filing,0.99,2024-01-01,True
EVI_ORG_REG_ORG_0469_P_00297,Corporate_Registry,ORG_0469,ROC Database,Official_Filing,0.99,2024-01-01,True
EVI_ORG_REG_ORG_0469_P_00666,Corporate_Registry,ORG_0469,ROC Database,Official_Filing,0.99,2024-01-01,True
EVI_ORG_REG_ORG_0469_P_00220,Corporate_Registry,ORG_0469,ROC Database,Official_Filing,0.99,2024-01-01,True
EVI_ORG_REG_ORG_0470_P_02723,Corporate_Registry,ORG_0470,ROC Database,Official_Filing,0.99,2024-01-01,True
EVI_ORG_REG_ORG_0470_P_02468,Corporate_Registry,ORG_0470,ROC Database,Official_Filing,0.99,2024-01-01,True
EVI_ORG_REG_ORG_0470_P_03335,Corporate_Registry,ORG_0470,ROC Database,Official_Filing,0.99,2024-01-01,True
EVI_ORG_REG_ORG_0471_P_03246,Corporate_Registry,ORG_0471,ROC Database,Official_Filing,0.99,2024-01-01,True
EVI_ORG_REG_ORG_0472_P_00175,Corporate_Registry,ORG_0472,ROC Database,Official_Filing,0.99,2024-01-01,True
EVI_ORG_REG_ORG_0472_P_00504,Corporate_Registry,ORG_0472,ROC Database,Official_Filing,0.99,2024-01-01,True
EVI_ORG_REG_ORG_0473_P_03277,Corporate_Registry,ORG_0473,ROC Database,Official_Filing,0.99,2024-01-01,True
EVI_ORG_REG_ORG_0473_P_03801,Corporate_Registry,ORG_0473,ROC Database,Official_Filing,0.99,2024-01-01,True
EVI_ORG_REG_ORG_0473_P_04911,Corporate_Registry,ORG_0473,ROC Database,Official_Filing,0.99,2024-01-01,True
EVI_ORG_REG_ORG_0474_P_04784,Corporate_Registry,ORG_0474,ROC Database,Official_Filing,0.99,2024-01-01,True
EVI_ORG_REG_ORG_0474_P_04347,Corporate_Registry,ORG_0474,ROC Database,Official_Filing,0.99,2024-01-01,True
EVI_ORG_REG_ORG_0474_P_04841,Corporate_Registry,ORG_0474,ROC Database,Official_Filing,0.99,2024-01-01,True
EVI_ORG_REG_ORG_0475_P_00569,Corporate_Registry,ORG_0475,ROC Database,Official_Filing,0.99,2024-01-01,True
EVI_ORG_REG_ORG_0475_P_03829,Corporate_Registry,ORG_0475,ROC Database,Official_Filing,0.99,2024-01-01,True
EVI_ORG_REG_ORG_0475_P_00100,Corporate_Registry,ORG_0475,ROC Database,Official_Filing,0.99,2024-01-01,True
EVI_ORG_REG_ORG_0476_P_00208,Corporate_Registry,ORG_0476,ROC Database,Official_Filing,0.99,2024-01-01,True
EVI_ORG_REG_ORG_0477_P_00033,Corporate_Registry,ORG_0477,ROC Database,Official_Filing,0.99,2024-01-01,True
EVI_ORG_REG_ORG_0477_P_00589,Corporate_Registry,ORG_0477,ROC Database,Official_Filing,0.99,2024-01-01,True
EVI_ORG_REG_ORG_0478_P_03937,Corporate_Registry,ORG_0478,ROC Database,Official_Filing,0.99,2024-01-01,True
EVI_ORG_REG_ORG_0479_P_04879,Corporate_Registry,ORG_0479,ROC Database,Official_Filing,0.99,2024-01-01,True
EVI_ORG_REG_ORG_0479_P_01617,Corporate_Registry,ORG_0479,ROC Database,Official_Filing,0.99,2024-01-01,True
EVI_ORG_REG_ORG_0480_P_00846,Corporate_Registry,ORG_0480,ROC Database,Official_Filing,0.99,2024-01-01,True
EVI_ORG_REG_ORG_0480_P_00907,Corporate_Registry,ORG_0480,ROC Database,Official_Filing,0.99,2024-01-01,True
EVI_ORG_REG_ORG_0480_P_00606,Corporate_Registry,ORG_0480,ROC Database,Official_Filing,0.99,2024-01-01,True
EVI_ORG_REG_ORG_0481_P_03467,Corporate_Registry,ORG_0481,ROC Database,Official_Filing,0.99,2024-01-01,True
EVI_ORG_REG_ORG_0481_P_00427,Corporate_Registry,ORG_0481,ROC Database,Official_Filing,0.99,2024-01-01,True
EVI_ORG_REG_ORG_0481_P_00300,Corporate_Registry,ORG_0481,ROC Database,Official_Filing,0.99,2024-01-01,True
EVI_ORG_REG_ORG_0482_P_00761,Corporate_Registry,ORG_0482,ROC Database,Official_Filing,0.99,2024-01-01,True
EVI_ORG_REG_ORG_0483_P_02922,Corporate_Registry,ORG_0483,ROC Database,Official_Filing,0.99,2024-01-01,True
EVI_ORG_REG_ORG_0484_P_02337,Corporate_Registry,ORG_0484,ROC Database,Official_Filing,0.99,2024-01-01,True
EVI_ORG_REG_ORG_0484_P_01864,Corporate_Registry,ORG_0484,ROC Database,Official_Filing,0.99,2024-01-01,True
EVI_ORG_REG_ORG_0485_P_04348,Corporate_Registry,ORG_0485,ROC Database,Official_Filing,0.99,2024-01-01,True
EVI_ORG_REG_ORG_0485_P_02031,Corporate_Registry,ORG_0485,ROC Database,Official_Filing,0.99,2024-01-01,True
EVI_ORG_REG_ORG_0485_P_04626,Corporate_Registry,ORG_0485,ROC Database,Official_Filing,0.99,2024-01-01,True
EVI_ORG_REG_ORG_0486_P_03065,Corporate_Registry,ORG_0486,ROC Database,Official_Filing,0.99,2024-01-01,True
EVI_ORG_REG_ORG_0486_P_01326,Corporate_Registry,ORG_0486,ROC Database,Official_Filing,0.99,2024-01-01,True
EVI_ORG_REG_ORG_0487_P_00218,Corporate_Registry,ORG_0487,ROC Database,Official_Filing,0.99,2024-01-01,True
EVI_ORG_REG_ORG_0487_P_01730,Corporate_Registry,ORG_0487,ROC Database,Official_Filing,0.99,2024-01-01,True
EVI_ORG_REG_ORG_0488_P_00454,Corporate_Registry,ORG_0488,ROC Database,Official_Filing,0.99,2024-01-01,True
EVI_ORG_REG_ORG_0489_P_04781,Corporate_Registry,ORG_0489,ROC Database,Official_Filing,0.99,2024-01-01,True
EVI_ORG_REG_ORG_0489_P_01476,Corporate_Registry,ORG_0489,ROC Database,Official_Filing,0.99,2024-01-01,True
EVI_ORG_REG_ORG_0489_P_03152,Corporate_Registry,ORG_0489,ROC Database,Official_Filing,0.99,2024-01-01,True
EVI_ORG_REG_ORG_0490_P_03162,Corporate_Registry,ORG_0490,ROC Database,Official_Filing,0.99,2024-01-01,True
EVI_ORG_REG_ORG_0490_P_00915,Corporate_Registry,ORG_0490,ROC Database,Official_Filing,0.99,2024-01-01,True
EVI_ORG_REG_ORG_0490_P_03913,Corporate_Registry,ORG_0490,ROC Database,Official_Filing,0.99,2024-01-01,True
EVI_ORG_REG_ORG_0491_P_01774,Corporate_Registry,ORG_0491,ROC Database,Official_Filing,0.99,2024-01-01,True
EVI_ORG_REG_ORG_0491_P_04653,Corporate_Registry,ORG_0491,ROC Database,Official_Filing,0.99,2024-01-01,True
EVI_ORG_REG_ORG_0492_P_02285,Corporate_Registry,ORG_0492,ROC Database,Official_Filing,0.99,2024-01-01,True
EVI_ORG_REG_ORG_0493_P_01248,Corporate_Registry,ORG_0493,ROC Database,Official_Filing,0.99,2024-01-01,True
EVI_ORG_REG_ORG_0493_P_01607,Corporate_Registry,ORG_0493,ROC Database,Official_Filing,0.99,2024-01-01,True
EVI_ORG_REG_ORG_0493_P_04589,Corporate_Registry,ORG_0493,ROC Database,Official_Filing,0.99,2024-01-01,True
EVI_ORG_REG_ORG_0494_P_01996,Corporate_Registry,ORG_0494,ROC Database,Official_Filing,0.99,2024-01-01,True
EVI_ORG_REG_ORG_0494_P_01257,Corporate_Registry,ORG_0494,ROC Database,Official_Filing,0.99,2024-01-01,True
EVI_ORG_REG_ORG_0495_P_04534,Corporate_Registry,ORG_0495,ROC Database,Official_Filing,0.99,2024-01-01,True
EVI_ORG_REG_ORG_0495_P_03713,Corporate_Registry,ORG_0495,ROC Database,Official_Filing,0.99,2024-01-01,True
EVI_ORG_REG_ORG_0496_P_01978,Corporate_Registry,ORG_0496,ROC Database,Official_Filing,0.99,2024-01-01,True
EVI_ORG_REG_ORG_0497_P_03946,Corporate_Registry,ORG_0497,ROC Database,Official_Filing,0.99,2024-01-01,True
EVI_ORG_REG_ORG_0498_P_03527,Corporate_Registry,ORG_0498,ROC Database,Official_Filing,0.99,2024-01-01,True
EVI_ORG_REG_ORG_0499_P_00830,Corporate_Registry,ORG_0499,ROC Database,Official_Filing,0.99,2024-01-01,True
EVI_ORG_REG_ORG_0499_P_03914,Corporate_Registry,ORG_0499,ROC Database,Official_Filing,0.99,2024-01-01,True
EVI_ORG_REG_ORG_0499_P_01876,Corporate_Registry,ORG_0499,ROC Database,Official_Filing,0.99,2024-01-01,True
EVI_ORG_REG_ORG_0500_P_00971,Corporate_Registry,ORG_0500,ROC Database,Official_Filing,0.99,2024-01-01,True
