alias_id,person_id,alias_text,source_id,first_seen,last_seen,confidence,synthetic_demo_record
ALIAS_00001,P_00001,A. Maharaj,CCTNS_ALIAS_LOG,2024-01-01,2025-12-31,0.9,True
ALIAS_00002,P_00002,A. Chander,CCTNS_ALIAS_LOG,2024-01-01,2025-12-31,0.9,True
ALIAS_00003,P_00003,S. Mall,CCTNS_ALIAS_LOG,2024-01-01,2025-12-31,0.9,True
ALIAS_00004,P_00004,L. Chatterjee,CCTNS_ALIAS_LOG,2024-01-01,2025-12-31,0.9,True
ALIAS_00005,P_00005,C. Pathak,CCTNS_ALIAS_LOG,2024-01-01,2025-12-31,0.9,True
ALIAS_00006,P_00006,A. Setty,CCTNS_ALIAS_LOG,2024-01-01,2025-12-31,0.9,True
ALIAS_00007,P_00007,Y. Gade,CCTNS_ALIAS_LOG,2024-01-01,2025-12-31,0.9,True
ALIAS_00008,P_00008,A. Mutti,CCTNS_ALIAS_LOG,2024-01-01,2025-12-31,0.9,True
ALIAS_00009,P_00009,T. Dhar,CCTNS_ALIAS_LOG,2024-01-01,2025-12-31,0.9,True
ALIAS_00010,P_00010,J. Kanda,CCTNS_ALIAS_LOG,2024-01-01,2025-12-31,0.9,True
ALIAS_00011,P_00011,P. Bhatt,CCTNS_ALIAS_LOG,2024-01-01,2025-12-31,0.9,True
ALIAS_00012,P_00012,H. Choudhury,CCTNS_ALIAS_LOG,2024-01-01,2025-12-31,0.9,True
ALIAS_00013,P_00013,C. Tripathi,CCTNS_ALIAS_LOG,2024-01-01,2025-12-31,0.9,True
ALIAS_00014,P_00014,V. Bahl,CCTNS_ALIAS_LOG,2024-01-01,2025-12-31,0.9,True
ALIAS_00015,P_00015,V. Biswas,CCTNS_ALIAS_LOG,2024-01-01,2025-12-31,0.9,True
ALIAS_00016,P_00016,S. Muni,CCTNS_ALIAS_LOG,2024-01-01,2025-12-31,0.9,True
ALIAS_00017,P_00017,H. Bail,CCTNS_ALIAS_LOG,2024-01-01,2025-12-31,0.9,True
ALIAS_00018,P_00018,G. Bobal,CCTNS_ALIAS_LOG,2024-01-01,2025-12-31,0.9,True
ALIAS_00019,P_00019,X. Solanki,CCTNS_ALIAS_LOG,2024-01-01,2025-12-31,0.9,True
ALIAS_00020,P_00020,C. Chaudhari,CCTNS_ALIAS_LOG,2024-01-01,2025-12-31,0.9,True
ALIAS_00021,P_00021,P. Goswami,CCTNS_ALIAS_LOG,2024-01-01,2025-12-31,0.9,True
ALIAS_00022,P_00022,G. Khalsa,CCTNS_ALIAS_LOG,2024-01-01,2025-12-31,0.9,True
ALIAS_00023,P_00023,L. Agate,CCTNS_ALIAS_LOG,2024-01-01,2025-12-31,0.9,True
ALIAS_00024,P_00024,R. Minhas,CCTNS_ALIAS_LOG,2024-01-01,2025-12-31,0.9,True
ALIAS_00025,P_00025,D. Trivedi,CCTNS_ALIAS_LOG,2024-01-01,2025-12-31,0.9,True
ALIAS_00026,P_00026,B. Bumb,CCTNS_ALIAS_LOG,2024-01-01,2025-12-31,0.9,True
ALIAS_00027,P_00027,A. Randhawa,CCTNS_ALIAS_LOG,2024-01-01,2025-12-31,0.9,True
ALIAS_00028,P_00028,T. Toor,CCTNS_ALIAS_LOG,2024-01-01,2025-12-31,0.9,True
ALIAS_00029,P_00029,R. Mittal,CCTNS_ALIAS_LOG,2024-01-01,2025-12-31,0.9,True
ALIAS_00030,P_00030,A. Manda,CCTNS_ALIAS_LOG,2024-01-01,2025-12-31,0.9,True
ALIAS_00031,P_00031,P. Malhotra,CCTNS_ALIAS_LOG,2024-01-01,2025-12-31,0.9,True
ALIAS_00032,P_00032,A. Choudhury,CCTNS_ALIAS_LOG,2024-01-01,2025-12-31,0.9,True
ALIAS_00033,P_00033,B. Morar,CCTNS_ALIAS_LOG,2024-01-01,2025-12-31,0.9,True
ALIAS_00034,P_00034,M. Khalsa,CCTNS_ALIAS_LOG,2024-01-01,2025-12-31,0.9,True
ALIAS_00035,P_00035,A. Dutta,CCTNS_ALIAS_LOG,2024-01-01,2025-12-31,0.9,True
ALIAS_00036,P_00036,V. Kapoor,CCTNS_ALIAS_LOG,2024-01-01,2025-12-31,0.9,True
ALIAS_00037,P_00037,Y. Ratta,CCTNS_ALIAS_LOG,2024-01-01,2025-12-31,0.9,True
ALIAS_00038,P_00038,R. Pai,CCTNS_ALIAS_LOG,2024-01-01,2025-12-31,0.9,True
ALIAS_00039,P_00039,R. Agarwal,CCTNS_ALIAS_LOG,2024-01-01,2025-12-31,0.9,True
ALIAS_00040,P_00040,C. Tripathi,CCTNS_ALIAS_LOG,2024-01-01,2025-12-31,0.9,True
ALIAS_00041,P_00041,O. Raghavan,CCTNS_ALIAS_LOG,2024-01-01,2025-12-31,0.9,True
ALIAS_00042,P_00042,Q. Nagy,CCTNS_ALIAS_LOG,2024-01-01,2025-12-31,0.9,True
ALIAS_00043,P_00043,B. Varma,CCTNS_ALIAS_LOG,2024-01-01,2025-12-31,0.9,True
ALIAS_00044,P_00044,Y. Soman,CCTNS_ALIAS_LOG,2024-01-01,2025-12-31,0.9,True
ALIAS_00045,P_00045,Y. Divan,CCTNS_ALIAS_LOG,2024-01-01,2025-12-31,0.9,True
ALIAS_00046,P_00046,Z. Dara,CCTNS_ALIAS_LOG,2024-01-01,2025-12-31,0.9,True
ALIAS_00047,P_00047,Y. Sandhu,CCTNS_ALIAS_LOG,2024-01-01,2025-12-31,0.9,True
ALIAS_00048,P_00048,A. Sarraf,CCTNS_ALIAS_LOG,2024-01-01,2025-12-31,0.9,True
ALIAS_00049,P_00049,M. Kashyap,CCTNS_ALIAS_LOG,2024-01-01,2025-12-31,0.9,True
ALIAS_00050,P_00050,D. Jhaveri,CCTNS_ALIAS_LOG,2024-01-01,2025-12-31,0.9,True
ALIAS_00051,P_00051,M. Saini,CCTNS_ALIAS_LOG,2024-01-01,2025-12-31,0.9,True
ALIAS_00052,P_00052,N. Gandhi,CCTNS_ALIAS_LOG,2024-01-01,2025-12-31,0.9,True
ALIAS_00053,P_00053,P. Deshmukh,CCTNS_ALIAS_LOG,2024-01-01,2025-12-31,0.9,True
ALIAS_00054,P_00054,G. Raghavan,CCTNS_ALIAS_LOG,2024-01-01,2025-12-31,0.9,True
ALIAS_00055,P_00055,I. Kapur,CCTNS_ALIAS_LOG,2024-01-01,2025-12-31,0.9,True
ALIAS_00056,P_00056,J. Solanki,CCTNS_ALIAS_LOG,2024-01-01,2025-12-31,0.9,True
ALIAS_00057,P_00057,D. Chokshi,CCTNS_ALIAS_LOG,2024-01-01,2025-12-31,0.9,True
ALIAS_00058,P_00058,C. Dara,CCTNS_ALIAS_LOG,2024-01-01,2025-12-31,0.9,True
ALIAS_00059,P_00059,V. Cherian,CCTNS_ALIAS_LOG,2024-01-01,2025-12-31,0.9,True
ALIAS_00060,P_00060,U. Sarin,CCTNS_ALIAS_LOG,2024-01-01,2025-12-31,0.9,True
ALIAS_00061,P_00061,G. Balakrishnan,CCTNS_ALIAS_LOG,2024-01-01,2025-12-31,0.9,True
ALIAS_00062,P_00062,A. Anne,CCTNS_ALIAS_LOG,2024-01-01,2025-12-31,0.9,True
ALIAS_00063,P_00063,V. Sem,CCTNS_ALIAS_LOG,2024-01-01,2025-12-31,0.9,True
ALIAS_00064,P_00064,U. Wali,CCTNS_ALIAS_LOG,2024-01-01,2025-12-31,0.9,True
ALIAS_00065,P_00065,J. Hans,CCTNS_ALIAS_LOG,2024-01-01,2025-12-31,0.9,True
ALIAS_00066,P_00066,H. Hari,CCTNS_ALIAS_LOG,2024-01-01,2025-12-31,0.9,True
ALIAS_00067,P_00067,A. Bath,CCTNS_ALIAS_LOG,2024-01-01,2025-12-31,0.9,True
ALIAS_00068,P_00068,U. Srinivas,CCTNS_ALIAS_LOG,2024-01-01,2025-12-31,0.9,True
ALIAS_00069,P_00069,V. Borah,CCTNS_ALIAS_LOG,2024-01-01,2025-12-31,0.9,True
ALIAS_00070,P_00070,U. Virk,CCTNS_ALIAS_LOG,2024-01-01,2025-12-31,0.9,True
ALIAS_00071,P_00071,H. Johal,CCTNS_ALIAS_LOG,2024-01-01,2025-12-31,0.9,True
ALIAS_00072,P_00072,N. Seshadri,CCTNS_ALIAS_LOG,2024-01-01,2025-12-31,0.9,True
ALIAS_00073,P_00073,A. Hora,CCTNS_ALIAS_LOG,2024-01-01,2025-12-31,0.9,True
ALIAS_00074,P_00074,D. Mani,CCTNS_ALIAS_LOG,2024-01-01,2025-12-31,0.9,True
ALIAS_00075,P_00075,R. Buch,CCTNS_ALIAS_LOG,2024-01-01,2025-12-31,0.9,True
ALIAS_00076,P_00076,B. Gill,CCTNS_ALIAS_LOG,2024-01-01,2025-12-31,0.9,True
ALIAS_00077,P_00077,I. Rege,CCTNS_ALIAS_LOG,2024-01-01,2025-12-31,0.9,True
ALIAS_00078,P_00078,S. Chakrabarti,CCTNS_ALIAS_LOG,2024-01-01,2025-12-31,0.9,True
ALIAS_00079,P_00079,O. Bhagat,CCTNS_ALIAS_LOG,2024-01-01,2025-12-31,0.9,True
ALIAS_00080,P_00080,A. Deep,CCTNS_ALIAS_LOG,2024-01-01,2025-12-31,0.9,True
ALIAS_00081,P_00081,N. Chander,CCTNS_ALIAS_LOG,2024-01-01,2025-12-31,0.9,True
ALIAS_00082,P_00082,O. Subramanian,CCTNS_ALIAS_LOG,2024-01-01,2025-12-31,0.9,True
ALIAS_00083,P_00083,E. Majumdar,CCTNS_ALIAS_LOG,2024-01-01,2025-12-31,0.9,True
ALIAS_00084,P_00084,S. Yohannan,CCTNS_ALIAS_LOG,2024-01-01,2025-12-31,0.9,True
ALIAS_00085,P_00085,R. Khare,CCTNS_ALIAS_LOG,2024-01-01,2025-12-31,0.9,True
ALIAS_00086,P_00086,M. Tandon,CCTNS_ALIAS_LOG,2024-01-01,2025-12-31,0.9,True
ALIAS_00087,P_00087,A. Dhawan,CCTNS_ALIAS_LOG,2024-01-01,2025-12-31,0.9,True
ALIAS_00088,P_00088,F. Walla,CCTNS_ALIAS_LOG,2024-01-01,2025-12-31,0.9,True
ALIAS_00089,P_00089,G. Saraf,CCTNS_ALIAS_LOG,2024-01-01,2025-12-31,0.9,True
ALIAS_00090,P_00090,C. Parmer,CCTNS_ALIAS_LOG,2024-01-01,2025-12-31,0.9,True
ALIAS_00091,P_00091,P. Brar,CCTNS_ALIAS_LOG,2024-01-01,2025-12-31,0.9,True
ALIAS_00092,P_00092,A. Andra,CCTNS_ALIAS_LOG,2024-01-01,2025-12-31,0.9,True
ALIAS_00093,P_00093,Z. Shan,CCTNS_ALIAS_LOG,2024-01-01,2025-12-31,0.9,True
ALIAS_00094,P_00094,C. Merchant,CCTNS_ALIAS_LOG,2024-01-01,2025-12-31,0.9,True
ALIAS_00095,P_00095,B. Karpe,CCTNS_ALIAS_LOG,2024-01-01,2025-12-31,0.9,True
ALIAS_00096,P_00096,B. Patla,CCTNS_ALIAS_LOG,2024-01-01,2025-12-31,0.9,True
ALIAS_00097,P_00097,J. Wali,CCTNS_ALIAS_LOG,2024-01-01,2025-12-31,0.9,True
ALIAS_00098,P_00098,F. Dhaliwal,CCTNS_ALIAS_LOG,2024-01-01,2025-12-31,0.9,True
ALIAS_00099,P_00099,A. Yadav,CCTNS_ALIAS_LOG,2024-01-01,2025-12-31,0.9,True
ALIAS_00100,P_00100,V. Sinha,CCTNS_ALIAS_LOG,2024-01-01,2025-12-31,0.9,True
ALIAS_00101,P_00101,J. Dey,CCTNS_ALIAS_LOG,2024-01-01,2025-12-31,0.9,True
ALIAS_00102,P_00102,L. Setty,CCTNS_ALIAS_LOG,2024-01-01,2025-12-31,0.9,True
ALIAS_00103,P_00103,A. Bali,CCTNS_ALIAS_LOG,2024-01-01,2025-12-31,0.9,True
ALIAS_00104,P_00104,J. Bhat,CCTNS_ALIAS_LOG,2024-01-01,2025-12-31,0.9,True
ALIAS_00105,P_00105,G. Kohli,CCTNS_ALIAS_LOG,2024-01-01,2025-12-31,0.9,True
ALIAS_00106,P_00106,F. Divan,CCTNS_ALIAS_LOG,2024-01-01,2025-12-31,0.9,True
ALIAS_00107,P_00107,K. Aurora,CCTNS_ALIAS_LOG,2024-01-01,2025-12-31,0.9,True
ALIAS_00108,P_00108,I. Bhatt,CCTNS_ALIAS_LOG,2024-01-01,2025-12-31,0.9,True
ALIAS_00109,P_00109,C. Verma,CCTNS_ALIAS_LOG,2024-01-01,2025-12-31,0.9,True
ALIAS_00110,P_00110,E. Buch,CCTNS_ALIAS_LOG,2024-01-01,2025-12-31,0.9,True
ALIAS_00111,P_00111,C. Setty,CCTNS_ALIAS_LOG,2024-01-01,2025-12-31,0.9,True
ALIAS_00112,P_00112,S. Kari,CCTNS_ALIAS_LOG,2024-01-01,2025-12-31,0.9,True
ALIAS_00113,P_00113,D. Kumer,CCTNS_ALIAS_LOG,2024-01-01,2025-12-31,0.9,True
ALIAS_00114,P_00114,K. Bhasin,CCTNS_ALIAS_LOG,2024-01-01,2025-12-31,0.9,True
ALIAS_00115,P_00115,I. Chawla,CCTNS_ALIAS_LOG,2024-01-01,2025-12-31,0.9,True
ALIAS_00116,P_00116,A. Kara,CCTNS_ALIAS_LOG,2024-01-01,2025-12-31,0.9,True
ALIAS_00117,P_00117,A. More,CCTNS_ALIAS_LOG,2024-01-01,2025-12-31,0.9,True
ALIAS_00118,P_00118,A. Chand,CCTNS_ALIAS_LOG,2024-01-01,2025-12-31,0.9,True
ALIAS_00119,P_00119,E. Chad,CCTNS_ALIAS_LOG,2024-01-01,2025-12-31,0.9,True
ALIAS_00120,P_00120,V. Sathe,CCTNS_ALIAS_LOG,2024-01-01,2025-12-31,0.9,True
ALIAS_00121,P_00121,V. Vyas,CCTNS_ALIAS_LOG,2024-01-01,2025-12-31,0.9,True
ALIAS_00122,P_00122,S. Devan,CCTNS_ALIAS_LOG,2024-01-01,2025-12-31,0.9,True
ALIAS_00123,P_00123,K. Rai,CCTNS_ALIAS_LOG,2024-01-01,2025-12-31,0.9,True
ALIAS_00124,P_00124,F. Munshi,CCTNS_ALIAS_LOG,2024-01-01,2025-12-31,0.9,True
ALIAS_00125,P_00125,E. Garg,CCTNS_ALIAS_LOG,2024-01-01,2025-12-31,0.9,True
ALIAS_00126,P_00126,M. Mukherjee,CCTNS_ALIAS_LOG,2024-01-01,2025-12-31,0.9,True
ALIAS_00127,P_00127,I. Panchal,CCTNS_ALIAS_LOG,2024-01-01,2025-12-31,0.9,True
ALIAS_00128,P_00128,P. Tak,CCTNS_ALIAS_LOG,2024-01-01,2025-12-31,0.9,True
ALIAS_00129,P_00129,E. Singh,CCTNS_ALIAS_LOG,2024-01-01,2025-12-31,0.9,True
ALIAS_00130,P_00130,D. Shenoy,CCTNS_ALIAS_LOG,2024-01-01,2025-12-31,0.9,True
ALIAS_00131,P_00131,T. Barman,CCTNS_ALIAS_LOG,2024-01-01,2025-12-31,0.9,True
ALIAS_00132,P_00132,H. Oza,CCTNS_ALIAS_LOG,2024-01-01,2025-12-31,0.9,True
ALIAS_00133,P_00133,J. Pradhan,CCTNS_ALIAS_LOG,2024-01-01,2025-12-31,0.9,True
ALIAS_00134,P_00134,F. Chandra,CCTNS_ALIAS_LOG,2024-01-01,2025-12-31,0.9,True
ALIAS_00135,P_00135,I. Mukherjee,CCTNS_ALIAS_LOG,2024-01-01,2025-12-31,0.9,True
ALIAS_00136,P_00136,P. Trivedi,CCTNS_ALIAS_LOG,2024-01-01,2025-12-31,0.9,True
ALIAS_00137,P_00137,R. Kara,CCTNS_ALIAS_LOG,2024-01-01,2025-12-31,0.9,True
ALIAS_00138,P_00138,G. Deep,CCTNS_ALIAS_LOG,2024-01-01,2025-12-31,0.9,True
ALIAS_00139,P_00139,J. Khanna,CCTNS_ALIAS_LOG,2024-01-01,2025-12-31,0.9,True
ALIAS_00140,P_00140,U. Hari,CCTNS_ALIAS_LOG,2024-01-01,2025-12-31,0.9,True
ALIAS_00141,P_00141,N. Iyengar,CCTNS_ALIAS_LOG,2024-01-01,2025-12-31,0.9,True
ALIAS_00142,P_00142,B. Chacko,CCTNS_ALIAS_LOG,2024-01-01,2025-12-31,0.9,True
ALIAS_00143,P_00143,S. Palla,CCTNS_ALIAS_LOG,2024-01-01,2025-12-31,0.9,True
ALIAS_00144,P_00144,K. Kapur,CCTNS_ALIAS_LOG,2024-01-01,2025-12-31,0.9,True
ALIAS_00145,P_00145,L. Singh,CCTNS_ALIAS_LOG,2024-01-01,2025-12-31,0.9,True
ALIAS_00146,P_00146,I. Mani,CCTNS_ALIAS_LOG,2024-01-01,2025-12-31,0.9,True
ALIAS_00147,P_00147,I. Tata,CCTNS_ALIAS_LOG,2024-01-01,2025-12-31,0.9,True
ALIAS_00148,P_00148,W. Saha,CCTNS_ALIAS_LOG,2024-01-01,2025-12-31,0.9,True
ALIAS_00149,P_00149,M. Singhal,CCTNS_ALIAS_LOG,2024-01-01,2025-12-31,0.9,True
ALIAS_00150,P_00150,H. Khosla,CCTNS_ALIAS_LOG,2024-01-01,2025-12-31,0.9,True
ALIAS_00151,P_00151,V. Gopal,CCTNS_ALIAS_LOG,2024-01-01,2025-12-31,0.9,True
ALIAS_00152,P_00152,D. Varma,CCTNS_ALIAS_LOG,2024-01-01,2025-12-31,0.9,True
ALIAS_00153,P_00153,C. Narula,CCTNS_ALIAS_LOG,2024-01-01,2025-12-31,0.9,True
ALIAS_00154,P_00154,R. Taneja,CCTNS_ALIAS_LOG,2024-01-01,2025-12-31,0.9,True
ALIAS_00155,P_00155,E. Chauhan,CCTNS_ALIAS_LOG,2024-01-01,2025-12-31,0.9,True
ALIAS_00156,P_00156,S. Basak,CCTNS_ALIAS_LOG,2024-01-01,2025-12-31,0.9,True
ALIAS_00157,P_00157,Y. Dutta,CCTNS_ALIAS_LOG,2024-01-01,2025-12-31,0.9,True
ALIAS_00158,P_00158,L. Bali,CCTNS_ALIAS_LOG,2024-01-01,2025-12-31,0.9,True
ALIAS_00159,P_00159,M. Murthy,CCTNS_ALIAS_LOG,2024-01-01,2025-12-31,0.9,True
ALIAS_00160,P_00160,A. Lad,CCTNS_ALIAS_LOG,2024-01-01,2025-12-31,0.9,True
ALIAS_00161,P_00161,O. Saxena,CCTNS_ALIAS_LOG,2024-01-01,2025-12-31,0.9,True
ALIAS_00162,P_00162,J. Trivedi,CCTNS_ALIAS_LOG,2024-01-01,2025-12-31,0.9,True
ALIAS_00163,P_00163,U. Dayal,CCTNS_ALIAS_LOG,2024-01-01,2025-12-31,0.9,True
ALIAS_00164,P_00164,E. Dass,CCTNS_ALIAS_LOG,2024-01-01,2025-12-31,0.9,True
ALIAS_00165,P_00165,K. Sant,CCTNS_ALIAS_LOG,2024-01-01,2025-12-31,0.9,True
ALIAS_00166,P_00166,U. Pal,CCTNS_ALIAS_LOG,2024-01-01,2025-12-31,0.9,True
ALIAS_00167,P_00167,G. Thakkar,CCTNS_ALIAS_LOG,2024-01-01,2025-12-31,0.9,True
ALIAS_00168,P_00168,F. Bath,CCTNS_ALIAS_LOG,2024-01-01,2025-12-31,0.9,True
ALIAS_00169,P_00169,C. Subramanian,CCTNS_ALIAS_LOG,2024-01-01,2025-12-31,0.9,True
ALIAS_00170,P_00170,O. Sule,CCTNS_ALIAS_LOG,2024-01-01,2025-12-31,0.9,True
ALIAS_00171,P_00171,M. De,CCTNS_ALIAS_LOG,2024-01-01,2025-12-31,0.9,True
ALIAS_00172,P_00172,Y. Dhaliwal,CCTNS_ALIAS_LOG,2024-01-01,2025-12-31,0.9,True
ALIAS_00173,P_00173,F. Munshi,CCTNS_ALIAS_LOG,2024-01-01,2025-12-31,0.9,True
ALIAS_00174,P_00174,A. Chana,CCTNS_ALIAS_LOG,2024-01-01,2025-12-31,0.9,True
ALIAS_00175,P_00175,C. Manda,CCTNS_ALIAS_LOG,2024-01-01,2025-12-31,0.9,True
ALIAS_00176,P_00176,J. Rau,CCTNS_ALIAS_LOG,2024-01-01,2025-12-31,0.9,True
ALIAS_00177,P_00177,B. Borah,CCTNS_ALIAS_LOG,2024-01-01,2025-12-31,0.9,True
ALIAS_00178,P_00178,G. Ramesh,CCTNS_ALIAS_LOG,2024-01-01,2025-12-31,0.9,True
ALIAS_00179,P_00179,C. Barad,CCTNS_ALIAS_LOG,2024-01-01,2025-12-31,0.9,True
ALIAS_00180,P_00180,F. Nagar,CCTNS_ALIAS_LOG,2024-01-01,2025-12-31,0.9,True
ALIAS_00181,P_00181,C. Soman,CCTNS_ALIAS_LOG,2024-01-01,2025-12-31,0.9,True
ALIAS_00182,P_00182,U. Lanka,CCTNS_ALIAS_LOG,2024-01-01,2025-12-31,0.9,True
ALIAS_00183,P_00183,A. Choudhary,CCTNS_ALIAS_LOG,2024-01-01,2025-12-31,0.9,True
ALIAS_00184,P_00184,N. Thaker,CCTNS_ALIAS_LOG,2024-01-01,2025-12-31,0.9,True
ALIAS_00185,P_00185,D. Ghose,CCTNS_ALIAS_LOG,2024-01-01,2025-12-31,0.9,True
ALIAS_00186,P_00186,Y. Mallick,CCTNS_ALIAS_LOG,2024-01-01,2025-12-31,0.9,True
ALIAS_00187,P_00187,I. Mahal,CCTNS_ALIAS_LOG,2024-01-01,2025-12-31,0.9,True
ALIAS_00188,P_00188,B. Brar,CCTNS_ALIAS_LOG,2024-01-01,2025-12-31,0.9,True
ALIAS_00189,P_00189,I. Khatri,CCTNS_ALIAS_LOG,2024-01-01,2025-12-31,0.9,True
ALIAS_00190,P_00190,H. Devan,CCTNS_ALIAS_LOG,2024-01-01,2025-12-31,0.9,True
ALIAS_00191,P_00191,B. Bhargava,CCTNS_ALIAS_LOG,2024-01-01,2025-12-31,0.9,True
ALIAS_00192,P_00192,M. Tandon,CCTNS_ALIAS_LOG,2024-01-01,2025-12-31,0.9,True
ALIAS_00193,P_00193,B. Sha,CCTNS_ALIAS_LOG,2024-01-01,2025-12-31,0.9,True
ALIAS_00194,P_00194,A. Grewal,CCTNS_ALIAS_LOG,2024-01-01,2025-12-31,0.9,True
ALIAS_00195,P_00195,Y. Narang,CCTNS_ALIAS_LOG,2024-01-01,2025-12-31,0.9,True
ALIAS_00196,P_00196,L. Keer,CCTNS_ALIAS_LOG,2024-01-01,2025-12-31,0.9,True
ALIAS_00197,P_00197,J. Keer,CCTNS_ALIAS_LOG,2024-01-01,2025-12-31,0.9,True
ALIAS_00198,P_00198,J. Merchant,CCTNS_ALIAS_LOG,2024-01-01,2025-12-31,0.9,True
ALIAS_00199,P_00199,O. Sinha,CCTNS_ALIAS_LOG,2024-01-01,2025-12-31,0.9,True
ALIAS_00200,P_00200,D. Tiwari,CCTNS_ALIAS_LOG,2024-01-01,2025-12-31,0.9,True
ALIAS_00201,P_00201,V. Chand,CCTNS_ALIAS_LOG,2024-01-01,2025-12-31,0.9,True
ALIAS_00202,P_00202,T. Morar,CCTNS_ALIAS_LOG,2024-01-01,2025-12-31,0.9,True
ALIAS_00203,P_00203,P. Padmanabhan,CCTNS_ALIAS_LOG,2024-01-01,2025-12-31,0.9,True
ALIAS_00204,P_00204,K. Salvi,CCTNS_ALIAS_LOG,2024-01-01,2025-12-31,0.9,True
ALIAS_00205,P_00205,I. Dani,CCTNS_ALIAS_LOG,2024-01-01,2025-12-31,0.9,True
ALIAS_00206,P_00206,C. Sheth,CCTNS_ALIAS_LOG,2024-01-01,2025-12-31,0.9,True
ALIAS_00207,P_00207,A. Gulati,CCTNS_ALIAS_LOG,2024-01-01,2025-12-31,0.9,True
ALIAS_00208,P_00208,S. Bava,CCTNS_ALIAS_LOG,2024-01-01,2025-12-31,0.9,True
ALIAS_00209,P_00209,L. Thakur,CCTNS_ALIAS_LOG,2024-01-01,2025-12-31,0.9,True
ALIAS_00210,P_00210,T. Sachdev,CCTNS_ALIAS_LOG,2024-01-01,2025-12-31,0.9,True
ALIAS_00211,P_00211,H. Raj,CCTNS_ALIAS_LOG,2024-01-01,2025-12-31,0.9,True
ALIAS_00212,P_00212,W. Kar,CCTNS_ALIAS_LOG,2024-01-01,2025-12-31,0.9,True
ALIAS_00213,P_00213,L. Kibe,CCTNS_ALIAS_LOG,2024-01-01,2025-12-31,0.9,True
ALIAS_00214,P_00214,C. Loyal,CCTNS_ALIAS_LOG,2024-01-01,2025-12-31,0.9,True
ALIAS_00215,P_00215,S. Natarajan,CCTNS_ALIAS_LOG,2024-01-01,2025-12-31,0.9,True
ALIAS_00216,P_00216,W. Nagy,CCTNS_ALIAS_LOG,2024-01-01,2025-12-31,0.9,True
ALIAS_00217,P_00217,Y. Tank,CCTNS_ALIAS_LOG,2024-01-01,2025-12-31,0.9,True
ALIAS_00218,P_00218,M. Babu,CCTNS_ALIAS_LOG,2024-01-01,2025-12-31,0.9,True
ALIAS_00219,P_00219,L. Korpal,CCTNS_ALIAS_LOG,2024-01-01,2025-12-31,0.9,True
ALIAS_00220,P_00220,L. Suresh,CCTNS_ALIAS_LOG,2024-01-01,2025-12-31,0.9,True
ALIAS_00221,P_00221,V. Bir,CCTNS_ALIAS_LOG,2024-01-01,2025-12-31,0.9,True
ALIAS_00222,P_00222,A. Ahuja,CCTNS_ALIAS_LOG,2024-01-01,2025-12-31,0.9,True
ALIAS_00223,P_00223,P. Chhabra,CCTNS_ALIAS_LOG,2024-01-01,2025-12-31,0.9,True
ALIAS_00224,P_00224,A. Ranganathan,CCTNS_ALIAS_LOG,2024-01-01,2025-12-31,0.9,True
ALIAS_00225,P_00225,F. Balay,CCTNS_ALIAS_LOG,2024-01-01,2025-12-31,0.9,True
ALIAS_00226,P_00226,O. Butala,CCTNS_ALIAS_LOG,2024-01-01,2025-12-31,0.9,True
ALIAS_00227,P_00227,A. Batra,CCTNS_ALIAS_LOG,2024-01-01,2025-12-31,0.9,True
ALIAS_00228,P_00228,M. Bose,CCTNS_ALIAS_LOG,2024-01-01,2025-12-31,0.9,True
ALIAS_00229,P_00229,F. Tella,CCTNS_ALIAS_LOG,2024-01-01,2025-12-31,0.9,True
ALIAS_00230,P_00230,A. Mahajan,CCTNS_ALIAS_LOG,2024-01-01,2025-12-31,0.9,True
ALIAS_00231,P_00231,F. Merchant,CCTNS_ALIAS_LOG,2024-01-01,2025-12-31,0.9,True
ALIAS_00232,P_00232,J. Chhabra,CCTNS_ALIAS_LOG,2024-01-01,2025-12-31,0.9,True
ALIAS_00233,P_00233,G. Grover,CCTNS_ALIAS_LOG,2024-01-01,2025-12-31,0.9,True
ALIAS_00234,P_00234,G. Nair,CCTNS_ALIAS_LOG,2024-01-01,2025-12-31,0.9,True
ALIAS_00235,P_00235,L. Gara,CCTNS_ALIAS_LOG,2024-01-01,2025-12-31,0.9,True
ALIAS_00236,P_00236,R. Majumdar,CCTNS_ALIAS_LOG,2024-01-01,2025-12-31,0.9,True
ALIAS_00237,P_00237,R. Shankar,CCTNS_ALIAS_LOG,2024-01-01,2025-12-31,0.9,True
ALIAS_00238,P_00238,R. Natt,CCTNS_ALIAS_LOG,2024-01-01,2025-12-31,0.9,True
ALIAS_00239,P_00239,P. Rao,CCTNS_ALIAS_LOG,2024-01-01,2025-12-31,0.9,True
ALIAS_00240,P_00240,I. Iyengar,CCTNS_ALIAS_LOG,2024-01-01,2025-12-31,0.9,True
ALIAS_00241,P_00241,X. Dewan,CCTNS_ALIAS_LOG,2024-01-01,2025-12-31,0.9,True
ALIAS_00242,P_00242,V. Rattan,CCTNS_ALIAS_LOG,2024-01-01,2025-12-31,0.9,True
ALIAS_00243,P_00243,I. Ganesan,CCTNS_ALIAS_LOG,2024-01-01,2025-12-31,0.9,True
ALIAS_00244,P_00244,Y. Venkataraman,CCTNS_ALIAS_LOG,2024-01-01,2025-12-31,0.9,True
ALIAS_00245,P_00245,H. Bakshi,CCTNS_ALIAS_LOG,2024-01-01,2025-12-31,0.9,True
ALIAS_00246,P_00246,D. Oza,CCTNS_ALIAS_LOG,2024-01-01,2025-12-31,0.9,True
ALIAS_00247,P_00247,E. Mital,CCTNS_ALIAS_LOG,2024-01-01,2025-12-31,0.9,True
ALIAS_00248,P_00248,N. Narayanan,CCTNS_ALIAS_LOG,2024-01-01,2025-12-31,0.9,True
ALIAS_00249,P_00249,R. Sengupta,CCTNS_ALIAS_LOG,2024-01-01,2025-12-31,0.9,True
ALIAS_00250,P_00250,J. Nanda,CCTNS_ALIAS_LOG,2024-01-01,2025-12-31,0.9,True
ALIAS_00251,P_00251,I. Pall,CCTNS_ALIAS_LOG,2024-01-01,2025-12-31,0.9,True
ALIAS_00252,P_00252,J. Khare,CCTNS_ALIAS_LOG,2024-01-01,2025-12-31,0.9,True
ALIAS_00253,P_00253,L. Sampath,CCTNS_ALIAS_LOG,2024-01-01,2025-12-31,0.9,True
ALIAS_00254,P_00254,D. Seshadri,CCTNS_ALIAS_LOG,2024-01-01,2025-12-31,0.9,True
ALIAS_00255,P_00255,N. Swamy,CCTNS_ALIAS_LOG,2024-01-01,2025-12-31,0.9,True
ALIAS_00256,P_00256,B. Bali,CCTNS_ALIAS_LOG,2024-01-01,2025-12-31,0.9,True
ALIAS_00257,P_00257,I. Loyal,CCTNS_ALIAS_LOG,2024-01-01,2025-12-31,0.9,True
ALIAS_00258,P_00258,C. Bali,CCTNS_ALIAS_LOG,2024-01-01,2025-12-31,0.9,True
ALIAS_00259,P_00259,I. Sangha,CCTNS_ALIAS_LOG,2024-01-01,2025-12-31,0.9,True
ALIAS_00260,P_00260,O. Naik,CCTNS_ALIAS_LOG,2024-01-01,2025-12-31,0.9,True
ALIAS_00261,P_00261,J. Deo,CCTNS_ALIAS_LOG,2024-01-01,2025-12-31,0.9,True
ALIAS_00262,P_00262,K. Seth,CCTNS_ALIAS_LOG,2024-01-01,2025-12-31,0.9,True
ALIAS_00263,P_00263,F. Agate,CCTNS_ALIAS_LOG,2024-01-01,2025-12-31,0.9,True
ALIAS_00264,P_00264,A. Naidu,CCTNS_ALIAS_LOG,2024-01-01,2025-12-31,0.9,True
ALIAS_00265,P_00265,H. Sharaf,CCTNS_ALIAS_LOG,2024-01-01,2025-12-31,0.9,True
ALIAS_00266,P_00266,C. Dutt,CCTNS_ALIAS_LOG,2024-01-01,2025-12-31,0.9,True
ALIAS_00267,P_00267,V. Sanghvi,CCTNS_ALIAS_LOG,2024-01-01,2025-12-31,0.9,True
ALIAS_00268,P_00268,A. Anand,CCTNS_ALIAS_LOG,2024-01-01,2025-12-31,0.9,True
ALIAS_00269,P_00269,G. Chaudry,CCTNS_ALIAS_LOG,2024-01-01,2025-12-31,0.9,True
ALIAS_00270,P_00270,E. Wali,CCTNS_ALIAS_LOG,2024-01-01,2025-12-31,0.9,True
ALIAS_00271,P_00271,G. Chaudhry,CCTNS_ALIAS_LOG,2024-01-01,2025-12-31,0.9,True
ALIAS_00272,P_00272,F. Kothari,CCTNS_ALIAS_LOG,2024-01-01,2025-12-31,0.9,True
ALIAS_00273,P_00273,C. Khatri,CCTNS_ALIAS_LOG,2024-01-01,2025-12-31,0.9,True
ALIAS_00274,P_00274,J. Nadig,CCTNS_ALIAS_LOG,2024-01-01,2025-12-31,0.9,True
ALIAS_00275,P_00275,E. Atwal,CCTNS_ALIAS_LOG,2024-01-01,2025-12-31,0.9,True
ALIAS_00276,P_00276,P. Ratti,CCTNS_ALIAS_LOG,2024-01-01,2025-12-31,0.9,True
ALIAS_00277,P_00277,Y. Jani,CCTNS_ALIAS_LOG,2024-01-01,2025-12-31,0.9,True
ALIAS_00278,P_00278,W. Bhardwaj,CCTNS_ALIAS_LOG,2024-01-01,2025-12-31,0.9,True
ALIAS_00279,P_00279,P. Dar,CCTNS_ALIAS_LOG,2024-01-01,2025-12-31,0.9,True
ALIAS_00280,P_00280,K. Date,CCTNS_ALIAS_LOG,2024-01-01,2025-12-31,0.9,True
ALIAS_00281,P_00281,F. Taneja,CCTNS_ALIAS_LOG,2024-01-01,2025-12-31,0.9,True
ALIAS_00282,P_00282,N. Kumer,CCTNS_ALIAS_LOG,2024-01-01,2025-12-31,0.9,True
ALIAS_00283,P_00283,U. Patla,CCTNS_ALIAS_LOG,2024-01-01,2025-12-31,0.9,True
ALIAS_00284,P_00284,O. Nagarajan,CCTNS_ALIAS_LOG,2024-01-01,2025-12-31,0.9,True
ALIAS_00285,P_00285,N. Biswas,CCTNS_ALIAS_LOG,2024-01-01,2025-12-31,0.9,True
ALIAS_00286,P_00286,J. Iyer,CCTNS_ALIAS_LOG,2024-01-01,2025-12-31,0.9,True
ALIAS_00287,P_00287,R. Korpal,CCTNS_ALIAS_LOG,2024-01-01,2025-12-31,0.9,True
ALIAS_00288,P_00288,G. Agarwal,CCTNS_ALIAS_LOG,2024-01-01,2025-12-31,0.9,True
ALIAS_00289,P_00289,L. Mammen,CCTNS_ALIAS_LOG,2024-01-01,2025-12-31,0.9,True
ALIAS_00290,P_00290,Y. Deol,CCTNS_ALIAS_LOG,2024-01-01,2025-12-31,0.9,True
ALIAS_00291,P_00291,D. Ramaswamy,CCTNS_ALIAS_LOG,2024-01-01,2025-12-31,0.9,True
ALIAS_00292,P_00292,I. Dugal,CCTNS_ALIAS_LOG,2024-01-01,2025-12-31,0.9,True
ALIAS_00293,P_00293,S. Seth,CCTNS_ALIAS_LOG,2024-01-01,2025-12-31,0.9,True
ALIAS_00294,P_00294,T. Narang,CCTNS_ALIAS_LOG,2024-01-01,2025-12-31,0.9,True
ALIAS_00295,P_00295,A. Ravel,CCTNS_ALIAS_LOG,2024-01-01,2025-12-31,0.9,True
ALIAS_00296,P_00296,D. Kapadia,CCTNS_ALIAS_LOG,2024-01-01,2025-12-31,0.9,True
ALIAS_00297,P_00297,A. Bhattacharyya,CCTNS_ALIAS_LOG,2024-01-01,2025-12-31,0.9,True
ALIAS_00298,P_00298,T. Bedi,CCTNS_ALIAS_LOG,2024-01-01,2025-12-31,0.9,True
ALIAS_00299,P_00299,O. Pandya,CCTNS_ALIAS_LOG,2024-01-01,2025-12-31,0.9,True
ALIAS_00300,P_00300,C. Tara,CCTNS_ALIAS_LOG,2024-01-01,2025-12-31,0.9,True
ALIAS_00301,P_00301,O. Iyengar,CCTNS_ALIAS_LOG,2024-01-01,2025-12-31,0.9,True
ALIAS_00302,P_00302,Y. Nagy,CCTNS_ALIAS_LOG,2024-01-01,2025-12-31,0.9,True
ALIAS_00303,P_00303,D. Sodhi,CCTNS_ALIAS_LOG,2024-01-01,2025-12-31,0.9,True
ALIAS_00304,P_00304,T. Rama,CCTNS_ALIAS_LOG,2024-01-01,2025-12-31,0.9,True
ALIAS_00305,P_00305,L. Guha,CCTNS_ALIAS_LOG,2024-01-01,2025-12-31,0.9,True
ALIAS_00306,P_00306,V. Kanda,CCTNS_ALIAS_LOG,2024-01-01,2025-12-31,0.9,True
ALIAS_00307,P_00307,H. Goel,CCTNS_ALIAS_LOG,2024-01-01,2025-12-31,0.9,True
ALIAS_00308,P_00308,E. Prakash,CCTNS_ALIAS_LOG,2024-01-01,2025-12-31,0.9,True
ALIAS_00309,P_00309,V. Nadig,CCTNS_ALIAS_LOG,2024-01-01,2025-12-31,0.9,True
ALIAS_00310,P_00310,J. Goel,CCTNS_ALIAS_LOG,2024-01-01,2025-12-31,0.9,True
ALIAS_00311,P_00311,H. Taneja,CCTNS_ALIAS_LOG,2024-01-01,2025-12-31,0.9,True
ALIAS_00312,P_00312,A. Lanka,CCTNS_ALIAS_LOG,2024-01-01,2025-12-31,0.9,True
ALIAS_00313,P_00313,O. Ganesan,CCTNS_ALIAS_LOG,2024-01-01,2025-12-31,0.9,True
ALIAS_00314,P_00314,U. Gaba,CCTNS_ALIAS_LOG,2024-01-01,2025-12-31,0.9,True
ALIAS_00315,P_00315,H. Garde,CCTNS_ALIAS_LOG,2024-01-01,2025-12-31,0.9,True
ALIAS_00316,P_00316,R. Gala,CCTNS_ALIAS_LOG,2024-01-01,2025-12-31,0.9,True
ALIAS_00317,P_00317,B. Mishra,CCTNS_ALIAS_LOG,2024-01-01,2025-12-31,0.9,True
ALIAS_00318,P_00318,J. Aggarwal,CCTNS_ALIAS_LOG,2024-01-01,2025-12-31,0.9,True
ALIAS_00319,P_00319,S. Garde,CCTNS_ALIAS_LOG,2024-01-01,2025-12-31,0.9,True
ALIAS_00320,P_00320,A. Chand,CCTNS_ALIAS_LOG,2024-01-01,2025-12-31,0.9,True
ALIAS_00321,P_00321,A. Sarraf,CCTNS_ALIAS_LOG,2024-01-01,2025-12-31,0.9,True
ALIAS_00322,P_00322,H. Sachdev,CCTNS_ALIAS_LOG,2024-01-01,2025-12-31,0.9,True
ALIAS_00323,P_00323,V. Mistry,CCTNS_ALIAS_LOG,2024-01-01,2025-12-31,0.9,True
ALIAS_00324,P_00324,S. Ghose,CCTNS_ALIAS_LOG,2024-01-01,2025-12-31,0.9,True
ALIAS_00325,P_00325,M. Kuruvilla,CCTNS_ALIAS_LOG,2024-01-01,2025-12-31,0.9,True
ALIAS_00326,P_00326,Z. Shanker,CCTNS_ALIAS_LOG,2024-01-01,2025-12-31,0.9,True
ALIAS_00327,P_00327,H. Chaudhuri,CCTNS_ALIAS_LOG,2024-01-01,2025-12-31,0.9,True
ALIAS_00328,P_00328,B. Gera,CCTNS_ALIAS_LOG,2024-01-01,2025-12-31,0.9,True
ALIAS_00329,P_00329,W. Bawa,CCTNS_ALIAS_LOG,2024-01-01,2025-12-31,0.9,True
ALIAS_00330,P_00330,V. Chaudhari,CCTNS_ALIAS_LOG,2024-01-01,2025-12-31,0.9,True
ALIAS_00331,P_00331,R. Sathe,CCTNS_ALIAS_LOG,2024-01-01,2025-12-31,0.9,True
ALIAS_00332,P_00332,Y. Raval,CCTNS_ALIAS_LOG,2024-01-01,2025-12-31,0.9,True
ALIAS_00333,P_00333,T. Bedi,CCTNS_ALIAS_LOG,2024-01-01,2025-12-31,0.9,True
ALIAS_00334,P_00334,A. Khurana,CCTNS_ALIAS_LOG,2024-01-01,2025-12-31,0.9,True
ALIAS_00335,P_00335,N. Kuruvilla,CCTNS_ALIAS_LOG,2024-01-01,2025-12-31,0.9,True
ALIAS_00336,P_00336,U. Jhaveri,CCTNS_ALIAS_LOG,2024-01-01,2025-12-31,0.9,True
ALIAS_00337,P_00337,O. Anand,CCTNS_ALIAS_LOG,2024-01-01,2025-12-31,0.9,True
ALIAS_00338,P_00338,T. Shukla,CCTNS_ALIAS_LOG,2024-01-01,2025-12-31,0.9,True
ALIAS_00339,P_00339,C. Chokshi,CCTNS_ALIAS_LOG,2024-01-01,2025-12-31,0.9,True
ALIAS_00340,P_00340,R. Doctor,CCTNS_ALIAS_LOG,2024-01-01,2025-12-31,0.9,True
ALIAS_00341,P_00341,C. Lad,CCTNS_ALIAS_LOG,2024-01-01,2025-12-31,0.9,True
ALIAS_00342,P_00342,T. Warrior,CCTNS_ALIAS_LOG,2024-01-01,2025-12-31,0.9,True
ALIAS_00343,P_00343,G. Sinha,CCTNS_ALIAS_LOG,2024-01-01,2025-12-31,0.9,True
ALIAS_00344,P_00344,O. Narula,CCTNS_ALIAS_LOG,2024-01-01,2025-12-31,0.9,True
ALIAS_00345,P_00345,R. Tella,CCTNS_ALIAS_LOG,2024-01-01,2025-12-31,0.9,True
ALIAS_00346,P_00346,N. Shankar,CCTNS_ALIAS_LOG,2024-01-01,2025-12-31,0.9,True
ALIAS_00347,P_00347,S. Mahal,CCTNS_ALIAS_LOG,2024-01-01,2025-12-31,0.9,True
ALIAS_00348,P_00348,N. Sanghvi,CCTNS_ALIAS_LOG,2024-01-01,2025-12-31,0.9,True
ALIAS_00349,P_00349,R. Badami,CCTNS_ALIAS_LOG,2024-01-01,2025-12-31,0.9,True
ALIAS_00350,P_00350,O. Bhattacharyya,CCTNS_ALIAS_LOG,2024-01-01,2025-12-31,0.9,True
ALIAS_00351,P_00351,R. Desai,CCTNS_ALIAS_LOG,2024-01-01,2025-12-31,0.9,True
ALIAS_00352,P_00352,U. Deep,CCTNS_ALIAS_LOG,2024-01-01,2025-12-31,0.9,True
ALIAS_00353,P_00353,C. Bava,CCTNS_ALIAS_LOG,2024-01-01,2025-12-31,0.9,True
ALIAS_00354,P_00354,Z. Som,CCTNS_ALIAS_LOG,2024-01-01,2025-12-31,0.9,True
ALIAS_00355,P_00355,H. Vaidya,CCTNS_ALIAS_LOG,2024-01-01,2025-12-31,0.9,True
ALIAS_00356,P_00356,S. Parmar,CCTNS_ALIAS_LOG,2024-01-01,2025-12-31,0.9,True
ALIAS_00357,P_00357,W. Agate,CCTNS_ALIAS_LOG,2024-01-01,2025-12-31,0.9,True
ALIAS_00358,P_00358,H. Kunda,CCTNS_ALIAS_LOG,2024-01-01,2025-12-31,0.9,True
ALIAS_00359,P_00359,B. Mannan,CCTNS_ALIAS_LOG,2024-01-01,2025-12-31,0.9,True
ALIAS_00360,P_00360,O. Narasimhan,CCTNS_ALIAS_LOG,2024-01-01,2025-12-31,0.9,True
ALIAS_00361,P_00361,M. Shan,CCTNS_ALIAS_LOG,2024-01-01,2025-12-31,0.9,True
ALIAS_00362,P_00362,O. Subramanian,CCTNS_ALIAS_LOG,2024-01-01,2025-12-31,0.9,True
ALIAS_00363,P_00363,I. Sabharwal,CCTNS_ALIAS_LOG,2024-01-01,2025-12-31,0.9,True
ALIAS_00364,P_00364,Z. Virk,CCTNS_ALIAS_LOG,2024-01-01,2025-12-31,0.9,True
ALIAS_00365,P_00365,N. Tiwari,CCTNS_ALIAS_LOG,2024-01-01,2025-12-31,0.9,True
ALIAS_00366,P_00366,C. Tripathi,CCTNS_ALIAS_LOG,2024-01-01,2025-12-31,0.9,True
ALIAS_00367,P_00367,W. Sekhon,CCTNS_ALIAS_LOG,2024-01-01,2025-12-31,0.9,True
ALIAS_00368,P_00368,A. Chand,CCTNS_ALIAS_LOG,2024-01-01,2025-12-31,0.9,True
ALIAS_00369,P_00369,G. Solanki,CCTNS_ALIAS_LOG,2024-01-01,2025-12-31,0.9,True
ALIAS_00370,P_00370,K. Cherian,CCTNS_ALIAS_LOG,2024-01-01,2025-12-31,0.9,True
ALIAS_00371,P_00371,R. Dara,CCTNS_ALIAS_LOG,2024-01-01,2025-12-31,0.9,True
ALIAS_00372,P_00372,J. Seshadri,CCTNS_ALIAS_LOG,2024-01-01,2025-12-31,0.9,True
ALIAS_00373,P_00373,V. Trivedi,CCTNS_ALIAS_LOG,2024-01-01,2025-12-31,0.9,True
ALIAS_00374,P_00374,O. Kothari,CCTNS_ALIAS_LOG,2024-01-01,2025-12-31,0.9,True
ALIAS_00375,P_00375,Y. Mistry,CCTNS_ALIAS_LOG,2024-01-01,2025-12-31,0.9,True
ALIAS_00376,P_00376,Y. Naidu,CCTNS_ALIAS_LOG,2024-01-01,2025-12-31,0.9,True
ALIAS_00377,P_00377,A. Virk,CCTNS_ALIAS_LOG,2024-01-01,2025-12-31,0.9,True
ALIAS_00378,P_00378,N. Mangat,CCTNS_ALIAS_LOG,2024-01-01,2025-12-31,0.9,True
ALIAS_00379,P_00379,H. Kapur,CCTNS_ALIAS_LOG,2024-01-01,2025-12-31,0.9,True
ALIAS_00380,P_00380,A. Krishnamurthy,CCTNS_ALIAS_LOG,2024-01-01,2025-12-31,0.9,True
ALIAS_00381,P_00381,C. Sen,CCTNS_ALIAS_LOG,2024-01-01,2025-12-31,0.9,True
ALIAS_00382,P_00382,A. Lalla,CCTNS_ALIAS_LOG,2024-01-01,2025-12-31,0.9,True
ALIAS_00383,P_00383,E. Behl,CCTNS_ALIAS_LOG,2024-01-01,2025-12-31,0.9,True
ALIAS_00384,P_00384,E. Tiwari,CCTNS_ALIAS_LOG,2024-01-01,2025-12-31,0.9,True
ALIAS_00385,P_00385,G. Patel,CCTNS_ALIAS_LOG,2024-01-01,2025-12-31,0.9,True
ALIAS_00386,P_00386,W. Kohli,CCTNS_ALIAS_LOG,2024-01-01,2025-12-31,0.9,True
ALIAS_00387,P_00387,A. Varughese,CCTNS_ALIAS_LOG,2024-01-01,2025-12-31,0.9,True
ALIAS_00388,P_00388,G. Ganesh,CCTNS_ALIAS_LOG,2024-01-01,2025-12-31,0.9,True
ALIAS_00389,P_00389,E. Dube,CCTNS_ALIAS_LOG,2024-01-01,2025-12-31,0.9,True
ALIAS_00390,P_00390,V. Kuruvilla,CCTNS_ALIAS_LOG,2024-01-01,2025-12-31,0.9,True
ALIAS_00391,P_00391,J. Warrior,CCTNS_ALIAS_LOG,2024-01-01,2025-12-31,0.9,True
ALIAS_00392,P_00392,B. Mitra,CCTNS_ALIAS_LOG,2024-01-01,2025-12-31,0.9,True
ALIAS_00393,P_00393,T. Deshpande,CCTNS_ALIAS_LOG,2024-01-01,2025-12-31,0.9,True
ALIAS_00394,P_00394,J. Barman,CCTNS_ALIAS_LOG,2024-01-01,2025-12-31,0.9,True
ALIAS_00395,P_00395,S. Sachar,CCTNS_ALIAS_LOG,2024-01-01,2025-12-31,0.9,True
ALIAS_00396,P_00396,P. Bhagat,CCTNS_ALIAS_LOG,2024-01-01,2025-12-31,0.9,True
ALIAS_00397,P_00397,G. Parikh,CCTNS_ALIAS_LOG,2024-01-01,2025-12-31,0.9,True
ALIAS_00398,P_00398,S. Narasimhan,CCTNS_ALIAS_LOG,2024-01-01,2025-12-31,0.9,True
ALIAS_00399,P_00399,A. Munshi,CCTNS_ALIAS_LOG,2024-01-01,2025-12-31,0.9,True
ALIAS_00400,P_00400,J. Mody,CCTNS_ALIAS_LOG,2024-01-01,2025-12-31,0.9,True
ALIAS_00401,P_00401,A. Bose,CCTNS_ALIAS_LOG,2024-01-01,2025-12-31,0.9,True
ALIAS_00402,P_00402,A. Zacharia,CCTNS_ALIAS_LOG,2024-01-01,2025-12-31,0.9,True
ALIAS_00403,P_00403,U. Thaker,CCTNS_ALIAS_LOG,2024-01-01,2025-12-31,0.9,True
ALIAS_00404,P_00404,Y. Dey,CCTNS_ALIAS_LOG,2024-01-01,2025-12-31,0.9,True
ALIAS_00405,P_00405,T. Sura,CCTNS_ALIAS_LOG,2024-01-01,2025-12-31,0.9,True
ALIAS_00406,P_00406,L. Singh,CCTNS_ALIAS_LOG,2024-01-01,2025-12-31,0.9,True
ALIAS_00407,P_00407,K. Radhakrishnan,CCTNS_ALIAS_LOG,2024-01-01,2025-12-31,0.9,True
ALIAS_00408,P_00408,H. Sur,CCTNS_ALIAS_LOG,2024-01-01,2025-12-31,0.9,True
ALIAS_00409,P_00409,Y. Mand,CCTNS_ALIAS_LOG,2024-01-01,2025-12-31,0.9,True
ALIAS_00410,P_00410,G. Comar,CCTNS_ALIAS_LOG,2024-01-01,2025-12-31,0.9,True
ALIAS_00411,P_00411,A. Kohli,CCTNS_ALIAS_LOG,2024-01-01,2025-12-31,0.9,True
ALIAS_00412,P_00412,O. Kuruvilla,CCTNS_ALIAS_LOG,2024-01-01,2025-12-31,0.9,True
ALIAS_00413,P_00413,T. Sen,CCTNS_ALIAS_LOG,2024-01-01,2025-12-31,0.9,True
ALIAS_00414,P_00414,O. Oommen,CCTNS_ALIAS_LOG,2024-01-01,2025-12-31,0.9,True
ALIAS_00415,P_00415,S. Virk,CCTNS_ALIAS_LOG,2024-01-01,2025-12-31,0.9,True
ALIAS_00416,P_00416,G. Subramaniam,CCTNS_ALIAS_LOG,2024-01-01,2025-12-31,0.9,True
ALIAS_00417,P_00417,V. Subramaniam,CCTNS_ALIAS_LOG,2024-01-01,2025-12-31,0.9,True
ALIAS_00418,P_00418,F. Mander,CCTNS_ALIAS_LOG,2024-01-01,2025-12-31,0.9,True
ALIAS_00419,P_00419,K. Jha,CCTNS_ALIAS_LOG,2024-01-01,2025-12-31,0.9,True
ALIAS_00420,P_00420,P. Pau,CCTNS_ALIAS_LOG,2024-01-01,2025-12-31,0.9,True
ALIAS_00421,P_00421,V. Kulkarni,CCTNS_ALIAS_LOG,2024-01-01,2025-12-31,0.9,True
ALIAS_00422,P_00422,N. Chaudhry,CCTNS_ALIAS_LOG,2024-01-01,2025-12-31,0.9,True
ALIAS_00423,P_00423,L. Ahluwalia,CCTNS_ALIAS_LOG,2024-01-01,2025-12-31,0.9,True
ALIAS_00424,P_00424,T. Prabhakar,CCTNS_ALIAS_LOG,2024-01-01,2025-12-31,0.9,True
ALIAS_00425,P_00425,P. Talwar,CCTNS_ALIAS_LOG,2024-01-01,2025-12-31,0.9,True
ALIAS_00426,P_00426,O. Banik,CCTNS_ALIAS_LOG,2024-01-01,2025-12-31,0.9,True
ALIAS_00427,P_00427,S. Vasa,CCTNS_ALIAS_LOG,2024-01-01,2025-12-31,0.9,True
ALIAS_00428,P_00428,A. Kara,CCTNS_ALIAS_LOG,2024-01-01,2025-12-31,0.9,True
ALIAS_00429,P_00429,Y. Chhabra,CCTNS_ALIAS_LOG,2024-01-01,2025-12-31,0.9,True
ALIAS_00430,P_00430,S. Purohit,CCTNS_ALIAS_LOG,2024-01-01,2025-12-31,0.9,True
ALIAS_00431,P_00431,J. Kuruvilla,CCTNS_ALIAS_LOG,2024-01-01,2025-12-31,0.9,True
ALIAS_00432,P_00432,A. Kothari,CCTNS_ALIAS_LOG,2024-01-01,2025-12-31,0.9,True
ALIAS_00433,P_00433,D. Pandya,CCTNS_ALIAS_LOG,2024-01-01,2025-12-31,0.9,True
ALIAS_00434,P_00434,W. Lanka,CCTNS_ALIAS_LOG,2024-01-01,2025-12-31,0.9,True
ALIAS_00435,P_00435,F. Tailor,CCTNS_ALIAS_LOG,2024-01-01,2025-12-31,0.9,True
ALIAS_00436,P_00436,V. Goswami,CCTNS_ALIAS_LOG,2024-01-01,2025-12-31,0.9,True
ALIAS_00437,P_00437,V. Zachariah,CCTNS_ALIAS_LOG,2024-01-01,2025-12-31,0.9,True
ALIAS_00438,P_00438,D. Anand,CCTNS_ALIAS_LOG,2024-01-01,2025-12-31,0.9,True
ALIAS_00439,P_00439,R. Lall,CCTNS_ALIAS_LOG,2024-01-01,2025-12-31,0.9,True
ALIAS_00440,P_00440,P. Kade,CCTNS_ALIAS_LOG,2024-01-01,2025-12-31,0.9,True
ALIAS_00441,P_00441,V. Chaudhry,CCTNS_ALIAS_LOG,2024-01-01,2025-12-31,0.9,True
ALIAS_00442,P_00442,P. Sama,CCTNS_ALIAS_LOG,2024-01-01,2025-12-31,0.9,True
ALIAS_00443,P_00443,H. Gade,CCTNS_ALIAS_LOG,2024-01-01,2025-12-31,0.9,True
ALIAS_00444,P_00444,J. Parsa,CCTNS_ALIAS_LOG,2024-01-01,2025-12-31,0.9,True
ALIAS_00445,P_00445,B. Pant,CCTNS_ALIAS_LOG,2024-01-01,2025-12-31,0.9,True
ALIAS_00446,P_00446,M. Ganesh,CCTNS_ALIAS_LOG,2024-01-01,2025-12-31,0.9,True
ALIAS_00447,P_00447,D. Nadig,CCTNS_ALIAS_LOG,2024-01-01,2025-12-31,0.9,True
ALIAS_00448,P_00448,O. Ganesh,CCTNS_ALIAS_LOG,2024-01-01,2025-12-31,0.9,True
ALIAS_00449,P_00449,H. Chandran,CCTNS_ALIAS_LOG,2024-01-01,2025-12-31,0.9,True
ALIAS_00450,P_00450,N. Chad,CCTNS_ALIAS_LOG,2024-01-01,2025-12-31,0.9,True
ALIAS_00451,P_00451,A. Banerjee,CCTNS_ALIAS_LOG,2024-01-01,2025-12-31,0.9,True
ALIAS_00452,P_00452,P. Shan,CCTNS_ALIAS_LOG,2024-01-01,2025-12-31,0.9,True
ALIAS_00453,P_00453,D. Pau,CCTNS_ALIAS_LOG,2024-01-01,2025-12-31,0.9,True
ALIAS_00454,P_00454,B. Singh,CCTNS_ALIAS_LOG,2024-01-01,2025-12-31,0.9,True
ALIAS_00455,P_00455,A. Prakash,CCTNS_ALIAS_LOG,2024-01-01,2025-12-31,0.9,True
ALIAS_00456,P_00456,A. Buch,CCTNS_ALIAS_LOG,2024-01-01,2025-12-31,0.9,True
ALIAS_00457,P_00457,N. Guha,CCTNS_ALIAS_LOG,2024-01-01,2025-12-31,0.9,True
ALIAS_00458,P_00458,V. Guha,CCTNS_ALIAS_LOG,2024-01-01,2025-12-31,0.9,True
ALIAS_00459,P_00459,A. Dass,CCTNS_ALIAS_LOG,2024-01-01,2025-12-31,0.9,True
ALIAS_00460,P_00460,O. Muni,CCTNS_ALIAS_LOG,2024-01-01,2025-12-31,0.9,True
ALIAS_00461,P_00461,A. Ramanathan,CCTNS_ALIAS_LOG,2024-01-01,2025-12-31,0.9,True
ALIAS_00462,P_00462,J. Kothari,CCTNS_ALIAS_LOG,2024-01-01,2025-12-31,0.9,True
ALIAS_00463,P_00463,U. Ramachandran,CCTNS_ALIAS_LOG,2024-01-01,2025-12-31,0.9,True
ALIAS_00464,P_00464,C. Issac,CCTNS_ALIAS_LOG,2024-01-01,2025-12-31,0.9,True
ALIAS_00465,P_00465,J. Randhawa,CCTNS_ALIAS_LOG,2024-01-01,2025-12-31,0.9,True
ALIAS_00466,P_00466,Y. Dugar,CCTNS_ALIAS_LOG,2024-01-01,2025-12-31,0.9,True
ALIAS_00467,P_00467,J. Sura,CCTNS_ALIAS_LOG,2024-01-01,2025-12-31,0.9,True
ALIAS_00468,P_00468,Z. Baral,CCTNS_ALIAS_LOG,2024-01-01,2025-12-31,0.9,True
ALIAS_00469,P_00469,E. Sidhu,CCTNS_ALIAS_LOG,2024-01-01,2025-12-31,0.9,True
ALIAS_00470,P_00470,J. Setty,CCTNS_ALIAS_LOG,2024-01-01,2025-12-31,0.9,True
ALIAS_00471,P_00471,D. Yohannan,CCTNS_ALIAS_LOG,2024-01-01,2025-12-31,0.9,True
ALIAS_00472,P_00472,E. Choudhry,CCTNS_ALIAS_LOG,2024-01-01,2025-12-31,0.9,True
ALIAS_00473,P_00473,R. Chaudhary,CCTNS_ALIAS_LOG,2024-01-01,2025-12-31,0.9,True
ALIAS_00474,P_00474,T. Bobal,CCTNS_ALIAS_LOG,2024-01-01,2025-12-31,0.9,True
ALIAS_00475,P_00475,D. Lata,CCTNS_ALIAS_LOG,2024-01-01,2025-12-31,0.9,True
ALIAS_00476,P_00476,V. Wali,CCTNS_ALIAS_LOG,2024-01-01,2025-12-31,0.9,True
ALIAS_00477,P_00477,I. Shanker,CCTNS_ALIAS_LOG,2024-01-01,2025-12-31,0.9,True
ALIAS_00478,P_00478,S. Pandey,CCTNS_ALIAS_LOG,2024-01-01,2025-12-31,0.9,True
ALIAS_00479,P_00479,T. Prashad,CCTNS_ALIAS_LOG,2024-01-01,2025-12-31,0.9,True
ALIAS_00480,P_00480,A. Vasa,CCTNS_ALIAS_LOG,2024-01-01,2025-12-31,0.9,True
ALIAS_00481,P_00481,Y. Dubey,CCTNS_ALIAS_LOG,2024-01-01,2025-12-31,0.9,True
ALIAS_00482,P_00482,Z. Kaul,CCTNS_ALIAS_LOG,2024-01-01,2025-12-31,0.9,True
ALIAS_00483,P_00483,V. Ghose,CCTNS_ALIAS_LOG,2024-01-01,2025-12-31,0.9,True
ALIAS_00484,P_00484,D. Natt,CCTNS_ALIAS_LOG,2024-01-01,2025-12-31,0.9,True
ALIAS_00485,P_00485,C. Mody,CCTNS_ALIAS_LOG,2024-01-01,2025-12-31,0.9,True
ALIAS_00486,P_00486,M. Sehgal,CCTNS_ALIAS_LOG,2024-01-01,2025-12-31,0.9,True
ALIAS_00487,P_00487,F. Soni,CCTNS_ALIAS_LOG,2024-01-01,2025-12-31,0.9,True
ALIAS_00488,P_00488,K. Deshmukh,CCTNS_ALIAS_LOG,2024-01-01,2025-12-31,0.9,True
ALIAS_00489,P_00489,X. Bora,CCTNS_ALIAS_LOG,2024-01-01,2025-12-31,0.9,True
ALIAS_00490,P_00490,J. Pall,CCTNS_ALIAS_LOG,2024-01-01,2025-12-31,0.9,True
ALIAS_00491,P_00491,R. Dhingra,CCTNS_ALIAS_LOG,2024-01-01,2025-12-31,0.9,True
ALIAS_00492,P_00492,X. Divan,CCTNS_ALIAS_LOG,2024-01-01,2025-12-31,0.9,True
ALIAS_00493,P_00493,G. Kadakia,CCTNS_ALIAS_LOG,2024-01-01,2025-12-31,0.9,True
ALIAS_00494,P_00494,K. Vyas,CCTNS_ALIAS_LOG,2024-01-01,2025-12-31,0.9,True
ALIAS_00495,P_00495,U. Anand,CCTNS_ALIAS_LOG,2024-01-01,2025-12-31,0.9,True
ALIAS_00496,P_00496,Y. Chaudhary,CCTNS_ALIAS_LOG,2024-01-01,2025-12-31,0.9,True
ALIAS_00497,P_00497,B. Kota,CCTNS_ALIAS_LOG,2024-01-01,2025-12-31,0.9,True
ALIAS_00498,P_00498,I. Mittal,CCTNS_ALIAS_LOG,2024-01-01,2025-12-31,0.9,True
ALIAS_00499,P_00499,U. Doshi,CCTNS_ALIAS_LOG,2024-01-01,2025-12-31,0.9,True
ALIAS_00500,P_00500,M. Sandhu,CCTNS_ALIAS_LOG,2024-01-01,2025-12-31,0.9,True
ALIAS_00501,P_00501,S. Devi,CCTNS_ALIAS_LOG,2024-01-01,2025-12-31,0.9,True
ALIAS_00502,P_00502,J. Gour,CCTNS_ALIAS_LOG,2024-01-01,2025-12-31,0.9,True
ALIAS_00503,P_00503,R. Chhabra,CCTNS_ALIAS_LOG,2024-01-01,2025-12-31,0.9,True
ALIAS_00504,P_00504,V. Bal,CCTNS_ALIAS_LOG,2024-01-01,2025-12-31,0.9,True
ALIAS_00505,P_00505,V. Som,CCTNS_ALIAS_LOG,2024-01-01,2025-12-31,0.9,True
ALIAS_00506,P_00506,T. Jain,CCTNS_ALIAS_LOG,2024-01-01,2025-12-31,0.9,True
ALIAS_00507,P_00507,P. Ravel,CCTNS_ALIAS_LOG,2024-01-01,2025-12-31,0.9,True
ALIAS_00508,P_00508,I. Seth,CCTNS_ALIAS_LOG,2024-01-01,2025-12-31,0.9,True
ALIAS_00509,P_00509,R. Manne,CCTNS_ALIAS_LOG,2024-01-01,2025-12-31,0.9,True
ALIAS_00510,P_00510,C. Varughese,CCTNS_ALIAS_LOG,2024-01-01,2025-12-31,0.9,True
ALIAS_00511,P_00511,O. Naik,CCTNS_ALIAS_LOG,2024-01-01,2025-12-31,0.9,True
ALIAS_00512,P_00512,E. Gade,CCTNS_ALIAS_LOG,2024-01-01,2025-12-31,0.9,True
ALIAS_00513,P_00513,K. Rai,CCTNS_ALIAS_LOG,2024-01-01,2025-12-31,0.9,True
ALIAS_00514,P_00514,C. Saini,CCTNS_ALIAS_LOG,2024-01-01,2025-12-31,0.9,True
ALIAS_00515,P_00515,A. Shanker,CCTNS_ALIAS_LOG,2024-01-01,2025-12-31,0.9,True
ALIAS_00516,P_00516,N. Sathe,CCTNS_ALIAS_LOG,2024-01-01,2025-12-31,0.9,True
ALIAS_00517,P_00517,Q. Divan,CCTNS_ALIAS_LOG,2024-01-01,2025-12-31,0.9,True
ALIAS_00518,P_00518,G. Bawa,CCTNS_ALIAS_LOG,2024-01-01,2025-12-31,0.9,True
ALIAS_00519,P_00519,J. Banik,CCTNS_ALIAS_LOG,2024-01-01,2025-12-31,0.9,True
ALIAS_00520,P_00520,B. Sinha,CCTNS_ALIAS_LOG,2024-01-01,2025-12-31,0.9,True
ALIAS_00521,P_00521,I. Wadhwa,CCTNS_ALIAS_LOG,2024-01-01,2025-12-31,0.9,True
ALIAS_00522,P_00522,K. Taneja,CCTNS_ALIAS_LOG,2024-01-01,2025-12-31,0.9,True
ALIAS_00523,P_00523,R. Agarwal,CCTNS_ALIAS_LOG,2024-01-01,2025-12-31,0.9,True
ALIAS_00524,P_00524,C. Nath,CCTNS_ALIAS_LOG,2024-01-01,2025-12-31,0.9,True
ALIAS_00525,P_00525,Y. Naik,CCTNS_ALIAS_LOG,2024-01-01,2025-12-31,0.9,True
ALIAS_00526,P_00526,G. Nigam,CCTNS_ALIAS_LOG,2024-01-01,2025-12-31,0.9,True
ALIAS_00527,P_00527,T. Sachdev,CCTNS_ALIAS_LOG,2024-01-01,2025-12-31,0.9,True
ALIAS_00528,P_00528,S. Narula,CCTNS_ALIAS_LOG,2024-01-01,2025-12-31,0.9,True
ALIAS_00529,P_00529,L. Grover,CCTNS_ALIAS_LOG,2024-01-01,2025-12-31,0.9,True
ALIAS_00530,P_00530,S. Mittal,CCTNS_ALIAS_LOG,2024-01-01,2025-12-31,0.9,True
ALIAS_00531,P_00531,G. Sawhney,CCTNS_ALIAS_LOG,2024-01-01,2025-12-31,0.9,True
ALIAS_00532,P_00532,D. Narang,CCTNS_ALIAS_LOG,2024-01-01,2025-12-31,0.9,True
ALIAS_00533,P_00533,A. Mukhopadhyay,CCTNS_ALIAS_LOG,2024-01-01,2025-12-31,0.9,True
ALIAS_00534,P_00534,A. Muni,CCTNS_ALIAS_LOG,2024-01-01,2025-12-31,0.9,True
ALIAS_00535,P_00535,J. Mahajan,CCTNS_ALIAS_LOG,2024-01-01,2025-12-31,0.9,True
ALIAS_00536,P_00536,S. Palla,CCTNS_ALIAS_LOG,2024-01-01,2025-12-31,0.9,True
ALIAS_00537,P_00537,H. Zachariah,CCTNS_ALIAS_LOG,2024-01-01,2025-12-31,0.9,True
ALIAS_00538,P_00538,G. Sandhu,CCTNS_ALIAS_LOG,2024-01-01,2025-12-31,0.9,True
ALIAS_00539,P_00539,F. Shroff,CCTNS_ALIAS_LOG,2024-01-01,2025-12-31,0.9,True
ALIAS_00540,P_00540,M. Kuruvilla,CCTNS_ALIAS_LOG,2024-01-01,2025-12-31,0.9,True
ALIAS_00541,P_00541,V. Chowdhury,CCTNS_ALIAS_LOG,2024-01-01,2025-12-31,0.9,True
ALIAS_00542,P_00542,N. Chhabra,CCTNS_ALIAS_LOG,2024-01-01,2025-12-31,0.9,True
ALIAS_00543,P_00543,Y. Dutt,CCTNS_ALIAS_LOG,2024-01-01,2025-12-31,0.9,True
ALIAS_00544,P_00544,W. Ghose,CCTNS_ALIAS_LOG,2024-01-01,2025-12-31,0.9,True
ALIAS_00545,P_00545,G. Saxena,CCTNS_ALIAS_LOG,2024-01-01,2025-12-31,0.9,True
ALIAS_00546,P_00546,W. Bhat,CCTNS_ALIAS_LOG,2024-01-01,2025-12-31,0.9,True
ALIAS_00547,P_00547,M. Sekhon,CCTNS_ALIAS_LOG,2024-01-01,2025-12-31,0.9,True
ALIAS_00548,P_00548,Y. Raval,CCTNS_ALIAS_LOG,2024-01-01,2025-12-31,0.9,True
ALIAS_00549,P_00549,B. Balasubramanian,CCTNS_ALIAS_LOG,2024-01-01,2025-12-31,0.9,True
ALIAS_00550,P_00550,O. Soman,CCTNS_ALIAS_LOG,2024-01-01,2025-12-31,0.9,True
ALIAS_00551,P_00551,A. Bora,CCTNS_ALIAS_LOG,2024-01-01,2025-12-31,0.9,True
ALIAS_00552,P_00552,P. Sha,CCTNS_ALIAS_LOG,2024-01-01,2025-12-31,0.9,True
ALIAS_00553,P_00553,W. Khalsa,CCTNS_ALIAS_LOG,2024-01-01,2025-12-31,0.9,True
ALIAS_00554,P_00554,V. Pillay,CCTNS_ALIAS_LOG,2024-01-01,2025-12-31,0.9,True
ALIAS_00555,P_00555,Z. Brar,CCTNS_ALIAS_LOG,2024-01-01,2025-12-31,0.9,True
ALIAS_00556,P_00556,H. Warrior,CCTNS_ALIAS_LOG,2024-01-01,2025-12-31,0.9,True
ALIAS_00557,P_00557,I. Menon,CCTNS_ALIAS_LOG,2024-01-01,2025-12-31,0.9,True
ALIAS_00558,P_00558,O. Behl,CCTNS_ALIAS_LOG,2024-01-01,2025-12-31,0.9,True
ALIAS_00559,P_00559,A. Krishnan,CCTNS_ALIAS_LOG,2024-01-01,2025-12-31,0.9,True
ALIAS_00560,P_00560,M. Sekhon,CCTNS_ALIAS_LOG,2024-01-01,2025-12-31,0.9,True
ALIAS_00561,P_00561,H. Chad,CCTNS_ALIAS_LOG,2024-01-01,2025-12-31,0.9,True
ALIAS_00562,P_00562,S. Pai,CCTNS_ALIAS_LOG,2024-01-01,2025-12-31,0.9,True
ALIAS_00563,P_00563,V. Mitra,CCTNS_ALIAS_LOG,2024-01-01,2025-12-31,0.9,True
ALIAS_00564,P_00564,A. Mani,CCTNS_ALIAS_LOG,2024-01-01,2025-12-31,0.9,True
ALIAS_00565,P_00565,G. Madan,CCTNS_ALIAS_LOG,2024-01-01,2025-12-31,0.9,True
ALIAS_00566,P_00566,Z. Nazareth,CCTNS_ALIAS_LOG,2024-01-01,2025-12-31,0.9,True
ALIAS_00567,P_00567,S. Panchal,CCTNS_ALIAS_LOG,2024-01-01,2025-12-31,0.9,True
ALIAS_00568,P_00568,T. Dara,CCTNS_ALIAS_LOG,2024-01-01,2025-12-31,0.9,True
ALIAS_00569,P_00569,C. Sibal,CCTNS_ALIAS_LOG,2024-01-01,2025-12-31,0.9,True
ALIAS_00570,P_00570,E. Malhotra,CCTNS_ALIAS_LOG,2024-01-01,2025-12-31,0.9,True
ALIAS_00571,P_00571,R. Boase,CCTNS_ALIAS_LOG,2024-01-01,2025-12-31,0.9,True
ALIAS_00572,P_00572,T. Cherian,CCTNS_ALIAS_LOG,2024-01-01,2025-12-31,0.9,True
ALIAS_00573,P_00573,A. Tank,CCTNS_ALIAS_LOG,2024-01-01,2025-12-31,0.9,True
ALIAS_00574,P_00574,Y. Swaminathan,CCTNS_ALIAS_LOG,2024-01-01,2025-12-31,0.9,True
ALIAS_00575,P_00575,V. Dara,CCTNS_ALIAS_LOG,2024-01-01,2025-12-31,0.9,True
ALIAS_00576,P_00576,T. Mann,CCTNS_ALIAS_LOG,2024-01-01,2025-12-31,0.9,True
ALIAS_00577,P_00577,V. Chad,CCTNS_ALIAS_LOG,2024-01-01,2025-12-31,0.9,True
ALIAS_00578,P_00578,L. Bhatnagar,CCTNS_ALIAS_LOG,2024-01-01,2025-12-31,0.9,True
ALIAS_00579,P_00579,N. Dani,CCTNS_ALIAS_LOG,2024-01-01,2025-12-31,0.9,True
ALIAS_00580,P_00580,L. Suresh,CCTNS_ALIAS_LOG,2024-01-01,2025-12-31,0.9,True
ALIAS_00581,P_00581,G. Shan,CCTNS_ALIAS_LOG,2024-01-01,2025-12-31,0.9,True
ALIAS_00582,P_00582,S. Sandhu,CCTNS_ALIAS_LOG,2024-01-01,2025-12-31,0.9,True
ALIAS_00583,P_00583,T. Bath,CCTNS_ALIAS_LOG,2024-01-01,2025-12-31,0.9,True
ALIAS_00584,P_00584,N. Sarna,CCTNS_ALIAS_LOG,2024-01-01,2025-12-31,0.9,True
ALIAS_00585,P_00585,V. Buch,CCTNS_ALIAS_LOG,2024-01-01,2025-12-31,0.9,True
ALIAS_00586,P_00586,S. Dhar,CCTNS_ALIAS_LOG,2024-01-01,2025-12-31,0.9,True
ALIAS_00587,P_00587,X. Chakrabarti,CCTNS_ALIAS_LOG,2024-01-01,2025-12-31,0.9,True
ALIAS_00588,P_00588,G. Pathak,CCTNS_ALIAS_LOG,2024-01-01,2025-12-31,0.9,True
ALIAS_00589,P_00589,M. Som,CCTNS_ALIAS_LOG,2024-01-01,2025-12-31,0.9,True
ALIAS_00590,P_00590,Z. Natt,CCTNS_ALIAS_LOG,2024-01-01,2025-12-31,0.9,True
ALIAS_00591,P_00591,Y. D’Alia,CCTNS_ALIAS_LOG,2024-01-01,2025-12-31,0.9,True
ALIAS_00592,P_00592,I. Nanda,CCTNS_ALIAS_LOG,2024-01-01,2025-12-31,0.9,True
ALIAS_00593,P_00593,V. Bhagat,CCTNS_ALIAS_LOG,2024-01-01,2025-12-31,0.9,True
ALIAS_00594,P_00594,T. Hari,CCTNS_ALIAS_LOG,2024-01-01,2025-12-31,0.9,True
ALIAS_00595,P_00595,L. Choudhry,CCTNS_ALIAS_LOG,2024-01-01,2025-12-31,0.9,True
ALIAS_00596,P_00596,O. Karpe,CCTNS_ALIAS_LOG,2024-01-01,2025-12-31,0.9,True
ALIAS_00597,P_00597,P. Koshy,CCTNS_ALIAS_LOG,2024-01-01,2025-12-31,0.9,True
ALIAS_00598,P_00598,O. Basu,CCTNS_ALIAS_LOG,2024-01-01,2025-12-31,0.9,True
ALIAS_00599,P_00599,W. Khosla,CCTNS_ALIAS_LOG,2024-01-01,2025-12-31,0.9,True
ALIAS_00600,P_00600,G. Babu,CCTNS_ALIAS_LOG,2024-01-01,2025-12-31,0.9,True
ALIAS_00601,P_00601,U. Devi,CCTNS_ALIAS_LOG,2024-01-01,2025-12-31,0.9,True
ALIAS_00602,P_00602,B. Minhas,CCTNS_ALIAS_LOG,2024-01-01,2025-12-31,0.9,True
ALIAS_00603,P_00603,Y. Patla,CCTNS_ALIAS_LOG,2024-01-01,2025-12-31,0.9,True
ALIAS_00604,P_00604,J. Gill,CCTNS_ALIAS_LOG,2024-01-01,2025-12-31,0.9,True
ALIAS_00605,P_00605,U. Nagi,CCTNS_ALIAS_LOG,2024-01-01,2025-12-31,0.9,True
ALIAS_00606,P_00606,V. Thaker,CCTNS_ALIAS_LOG,2024-01-01,2025-12-31,0.9,True
ALIAS_00607,P_00607,T. Chahal,CCTNS_ALIAS_LOG,2024-01-01,2025-12-31,0.9,True
ALIAS_00608,P_00608,M. Taneja,CCTNS_ALIAS_LOG,2024-01-01,2025-12-31,0.9,True
ALIAS_00609,P_00609,O. Sawhney,CCTNS_ALIAS_LOG,2024-01-01,2025-12-31,0.9,True
ALIAS_00610,P_00610,H. Narain,CCTNS_ALIAS_LOG,2024-01-01,2025-12-31,0.9,True
ALIAS_00611,P_00611,O. Lad,CCTNS_ALIAS_LOG,2024-01-01,2025-12-31,0.9,True
ALIAS_00612,P_00612,T. Ganesan,CCTNS_ALIAS_LOG,2024-01-01,2025-12-31,0.9,True
ALIAS_00613,P_00613,J. Barman,CCTNS_ALIAS_LOG,2024-01-01,2025-12-31,0.9,True
ALIAS_00614,P_00614,E. Padmanabhan,CCTNS_ALIAS_LOG,2024-01-01,2025-12-31,0.9,True
ALIAS_00615,P_00615,A. Ravel,CCTNS_ALIAS_LOG,2024-01-01,2025-12-31,0.9,True
ALIAS_00616,P_00616,C. Som,CCTNS_ALIAS_LOG,2024-01-01,2025-12-31,0.9,True
ALIAS_00617,P_00617,J. Morar,CCTNS_ALIAS_LOG,2024-01-01,2025-12-31,0.9,True
ALIAS_00618,P_00618,T. Mall,CCTNS_ALIAS_LOG,2024-01-01,2025-12-31,0.9,True
ALIAS_00619,P_00619,V. Nadkarni,CCTNS_ALIAS_LOG,2024-01-01,2025-12-31,0.9,True
ALIAS_00620,P_00620,B. Pai,CCTNS_ALIAS_LOG,2024-01-01,2025-12-31,0.9,True
ALIAS_00621,P_00621,S. Mani,CCTNS_ALIAS_LOG,2024-01-01,2025-12-31,0.9,True
ALIAS_00622,P_00622,V. Vohra,CCTNS_ALIAS_LOG,2024-01-01,2025-12-31,0.9,True
ALIAS_00623,P_00623,T. Devan,CCTNS_ALIAS_LOG,2024-01-01,2025-12-31,0.9,True
ALIAS_00624,P_00624,D. Tak,CCTNS_ALIAS_LOG,2024-01-01,2025-12-31,0.9,True
ALIAS_00625,P_00625,B. Sahni,CCTNS_ALIAS_LOG,2024-01-01,2025-12-31,0.9,True
ALIAS_00626,P_00626,R. Kuruvilla,CCTNS_ALIAS_LOG,2024-01-01,2025-12-31,0.9,True
ALIAS_00627,P_00627,D. Dhingra,CCTNS_ALIAS_LOG,2024-01-01,2025-12-31,0.9,True
ALIAS_00628,P_00628,C. Mann,CCTNS_ALIAS_LOG,2024-01-01,2025-12-31,0.9,True
ALIAS_00629,P_00629,D. Mitra,CCTNS_ALIAS_LOG,2024-01-01,2025-12-31,0.9,True
ALIAS_00630,P_00630,Z. Manda,CCTNS_ALIAS_LOG,2024-01-01,2025-12-31,0.9,True
ALIAS_00631,P_00631,Y. Kant,CCTNS_ALIAS_LOG,2024-01-01,2025-12-31,0.9,True
ALIAS_00632,P_00632,J. Deep,CCTNS_ALIAS_LOG,2024-01-01,2025-12-31,0.9,True
ALIAS_00633,P_00633,O. Modi,CCTNS_ALIAS_LOG,2024-01-01,2025-12-31,0.9,True
ALIAS_00634,P_00634,K. Brar,CCTNS_ALIAS_LOG,2024-01-01,2025-12-31,0.9,True
ALIAS_00635,P_00635,B. Varghese,CCTNS_ALIAS_LOG,2024-01-01,2025-12-31,0.9,True
ALIAS_00636,P_00636,J. Jha,CCTNS_ALIAS_LOG,2024-01-01,2025-12-31,0.9,True
ALIAS_00637,P_00637,N. Tella,CCTNS_ALIAS_LOG,2024-01-01,2025-12-31,0.9,True
ALIAS_00638,P_00638,B. Garg,CCTNS_ALIAS_LOG,2024-01-01,2025-12-31,0.9,True
ALIAS_00639,P_00639,H. Golla,CCTNS_ALIAS_LOG,2024-01-01,2025-12-31,0.9,True
ALIAS_00640,P_00640,D. Dasgupta,CCTNS_ALIAS_LOG,2024-01-01,2025-12-31,0.9,True
ALIAS_00641,P_00641,F. Tak,CCTNS_ALIAS_LOG,2024-01-01,2025-12-31,0.9,True
ALIAS_00642,P_00642,N. Mannan,CCTNS_ALIAS_LOG,2024-01-01,2025-12-31,0.9,True
ALIAS_00643,P_00643,M. Sarma,CCTNS_ALIAS_LOG,2024-01-01,2025-12-31,0.9,True
ALIAS_00644,P_00644,J. Issac,CCTNS_ALIAS_LOG,2024-01-01,2025-12-31,0.9,True
ALIAS_00645,P_00645,M. Parekh,CCTNS_ALIAS_LOG,2024-01-01,2025-12-31,0.9,True
ALIAS_00646,P_00646,J. Krishna,CCTNS_ALIAS_LOG,2024-01-01,2025-12-31,0.9,True
ALIAS_00647,P_00647,A. Gola,CCTNS_ALIAS_LOG,2024-01-01,2025-12-31,0.9,True
ALIAS_00648,P_00648,U. Jaggi,CCTNS_ALIAS_LOG,2024-01-01,2025-12-31,0.9,True
ALIAS_00649,P_00649,A. Sani,CCTNS_ALIAS_LOG,2024-01-01,2025-12-31,0.9,True
ALIAS_00650,P_00650,B. Goel,CCTNS_ALIAS_LOG,2024-01-01,2025-12-31,0.9,True
ALIAS_00651,P_00651,I. Swaminathan,CCTNS_ALIAS_LOG,2024-01-01,2025-12-31,0.9,True
ALIAS_00652,P_00652,I. Mane,CCTNS_ALIAS_LOG,2024-01-01,2025-12-31,0.9,True
ALIAS_00653,P_00653,H. Rai,CCTNS_ALIAS_LOG,2024-01-01,2025-12-31,0.9,True
ALIAS_00654,P_00654,Y. Keer,CCTNS_ALIAS_LOG,2024-01-01,2025-12-31,0.9,True
ALIAS_00655,P_00655,E. Barad,CCTNS_ALIAS_LOG,2024-01-01,2025-12-31,0.9,True
ALIAS_00656,P_00656,U. Bains,CCTNS_ALIAS_LOG,2024-01-01,2025-12-31,0.9,True
ALIAS_00657,P_00657,G. Taneja,CCTNS_ALIAS_LOG,2024-01-01,2025-12-31,0.9,True
ALIAS_00658,P_00658,S. Taneja,CCTNS_ALIAS_LOG,2024-01-01,2025-12-31,0.9,True
ALIAS_00659,P_00659,G. Chandran,CCTNS_ALIAS_LOG,2024-01-01,2025-12-31,0.9,True
ALIAS_00660,P_00660,F. Mittal,CCTNS_ALIAS_LOG,2024-01-01,2025-12-31,0.9,True
ALIAS_00661,P_00661,Z. Varma,CCTNS_ALIAS_LOG,2024-01-01,2025-12-31,0.9,True
ALIAS_00662,P_00662,U. Loyal,CCTNS_ALIAS_LOG,2024-01-01,2025-12-31,0.9,True
ALIAS_00663,P_00663,C. Saran,CCTNS_ALIAS_LOG,2024-01-01,2025-12-31,0.9,True
ALIAS_00664,P_00664,W. Ravi,CCTNS_ALIAS_LOG,2024-01-01,2025-12-31,0.9,True
ALIAS_00665,P_00665,R. Sami,CCTNS_ALIAS_LOG,2024-01-01,2025-12-31,0.9,True
ALIAS_00666,P_00666,B. Sunder,CCTNS_ALIAS_LOG,2024-01-01,2025-12-31,0.9,True
ALIAS_00667,P_00667,G. Ranganathan,CCTNS_ALIAS_LOG,2024-01-01,2025-12-31,0.9,True
ALIAS_00668,P_00668,W. Chana,CCTNS_ALIAS_LOG,2024-01-01,2025-12-31,0.9,True
ALIAS_00669,P_00669,T. Dhawan,CCTNS_ALIAS_LOG,2024-01-01,2025-12-31,0.9,True
ALIAS_00670,P_00670,K. Chowdhury,CCTNS_ALIAS_LOG,2024-01-01,2025-12-31,0.9,True
ALIAS_00671,P_00671,V. Pillai,CCTNS_ALIAS_LOG,2024-01-01,2025-12-31,0.9,True
ALIAS_00672,P_00672,J. Dara,CCTNS_ALIAS_LOG,2024-01-01,2025-12-31,0.9,True
ALIAS_00673,P_00673,W. Mishra,CCTNS_ALIAS_LOG,2024-01-01,2025-12-31,0.9,True
ALIAS_00674,P_00674,V. Sinha,CCTNS_ALIAS_LOG,2024-01-01,2025-12-31,0.9,True
ALIAS_00675,P_00675,E. Setty,CCTNS_ALIAS_LOG,2024-01-01,2025-12-31,0.9,True
ALIAS_00676,P_00676,F. Choudhry,CCTNS_ALIAS_LOG,2024-01-01,2025-12-31,0.9,True
ALIAS_00677,P_00677,A. Ghose,CCTNS_ALIAS_LOG,2024-01-01,2025-12-31,0.9,True
ALIAS_00678,P_00678,U. Bail,CCTNS_ALIAS_LOG,2024-01-01,2025-12-31,0.9,True
ALIAS_00679,P_00679,N. Sanghvi,CCTNS_ALIAS_LOG,2024-01-01,2025-12-31,0.9,True
ALIAS_00680,P_00680,S. Talwar,CCTNS_ALIAS_LOG,2024-01-01,2025-12-31,0.9,True
ALIAS_00681,P_00681,S. Kale,CCTNS_ALIAS_LOG,2024-01-01,2025-12-31,0.9,True
ALIAS_00682,P_00682,A. Keer,CCTNS_ALIAS_LOG,2024-01-01,2025-12-31,0.9,True
ALIAS_00683,P_00683,K. Naik,CCTNS_ALIAS_LOG,2024-01-01,2025-12-31,0.9,True
ALIAS_00684,P_00684,G. Keer,CCTNS_ALIAS_LOG,2024-01-01,2025-12-31,0.9,True
ALIAS_00685,P_00685,M. Prabhakar,CCTNS_ALIAS_LOG,2024-01-01,2025-12-31,0.9,True
ALIAS_00686,P_00686,H. Sidhu,CCTNS_ALIAS_LOG,2024-01-01,2025-12-31,0.9,True
ALIAS_00687,P_00687,D. Basu,CCTNS_ALIAS_LOG,2024-01-01,2025-12-31,0.9,True
ALIAS_00688,P_00688,Z. Munshi,CCTNS_ALIAS_LOG,2024-01-01,2025-12-31,0.9,True
ALIAS_00689,P_00689,R. Dixit,CCTNS_ALIAS_LOG,2024-01-01,2025-12-31,0.9,True
ALIAS_00690,P_00690,J. Talwar,CCTNS_ALIAS_LOG,2024-01-01,2025-12-31,0.9,True
ALIAS_00691,P_00691,M. Dasgupta,CCTNS_ALIAS_LOG,2024-01-01,2025-12-31,0.9,True
ALIAS_00692,P_00692,A. Vora,CCTNS_ALIAS_LOG,2024-01-01,2025-12-31,0.9,True
ALIAS_00693,P_00693,J. Ramesh,CCTNS_ALIAS_LOG,2024-01-01,2025-12-31,0.9,True
ALIAS_00694,P_00694,S. Luthra,CCTNS_ALIAS_LOG,2024-01-01,2025-12-31,0.9,True
ALIAS_00695,P_00695,C. Mandal,CCTNS_ALIAS_LOG,2024-01-01,2025-12-31,0.9,True
ALIAS_00696,P_00696,W. Rastogi,CCTNS_ALIAS_LOG,2024-01-01,2025-12-31,0.9,True
ALIAS_00697,P_00697,C. Swaminathan,CCTNS_ALIAS_LOG,2024-01-01,2025-12-31,0.9,True
ALIAS_00698,P_00698,S. Rama,CCTNS_ALIAS_LOG,2024-01-01,2025-12-31,0.9,True
ALIAS_00699,P_00699,P. Chander,CCTNS_ALIAS_LOG,2024-01-01,2025-12-31,0.9,True
ALIAS_00700,P_00700,B. Sidhu,CCTNS_ALIAS_LOG,2024-01-01,2025-12-31,0.9,True
ALIAS_00701,P_00701,P. Merchant,CCTNS_ALIAS_LOG,2024-01-01,2025-12-31,0.9,True
ALIAS_00702,P_00702,G. Shetty,CCTNS_ALIAS_LOG,2024-01-01,2025-12-31,0.9,True
ALIAS_00703,P_00703,T. Gola,CCTNS_ALIAS_LOG,2024-01-01,2025-12-31,0.9,True
ALIAS_00704,P_00704,A. Om,CCTNS_ALIAS_LOG,2024-01-01,2025-12-31,0.9,True
ALIAS_00705,P_00705,A. Rana,CCTNS_ALIAS_LOG,2024-01-01,2025-12-31,0.9,True
ALIAS_00706,P_00706,J. Rana,CCTNS_ALIAS_LOG,2024-01-01,2025-12-31,0.9,True
ALIAS_00707,P_00707,A. Kadakia,CCTNS_ALIAS_LOG,2024-01-01,2025-12-31,0.9,True
ALIAS_00708,P_00708,U. Divan,CCTNS_ALIAS_LOG,2024-01-01,2025-12-31,0.9,True
ALIAS_00709,P_00709,A. Sengupta,CCTNS_ALIAS_LOG,2024-01-01,2025-12-31,0.9,True
ALIAS_00710,P_00710,H. Sankaran,CCTNS_ALIAS_LOG,2024-01-01,2025-12-31,0.9,True
ALIAS_00711,P_00711,Y. Sura,CCTNS_ALIAS_LOG,2024-01-01,2025-12-31,0.9,True
ALIAS_00712,P_00712,O. Solanki,CCTNS_ALIAS_LOG,2024-01-01,2025-12-31,0.9,True
ALIAS_00713,P_00713,U. Padmanabhan,CCTNS_ALIAS_LOG,2024-01-01,2025-12-31,0.9,True
ALIAS_00714,P_00714,M. Saha,CCTNS_ALIAS_LOG,2024-01-01,2025-12-31,0.9,True
ALIAS_00715,P_00715,O. Iyengar,CCTNS_ALIAS_LOG,2024-01-01,2025-12-31,0.9,True
ALIAS_00716,P_00716,S. Batta,CCTNS_ALIAS_LOG,2024-01-01,2025-12-31,0.9,True
ALIAS_00717,P_00717,D. Nazareth,CCTNS_ALIAS_LOG,2024-01-01,2025-12-31,0.9,True
ALIAS_00718,P_00718,I. Batra,CCTNS_ALIAS_LOG,2024-01-01,2025-12-31,0.9,True
ALIAS_00719,P_00719,H. Barman,CCTNS_ALIAS_LOG,2024-01-01,2025-12-31,0.9,True
ALIAS_00720,P_00720,Y. Tara,CCTNS_ALIAS_LOG,2024-01-01,2025-12-31,0.9,True
ALIAS_00721,P_00721,Y. Som,CCTNS_ALIAS_LOG,2024-01-01,2025-12-31,0.9,True
ALIAS_00722,P_00722,M. Wagle,CCTNS_ALIAS_LOG,2024-01-01,2025-12-31,0.9,True
ALIAS_00723,P_00723,A. Savant,CCTNS_ALIAS_LOG,2024-01-01,2025-12-31,0.9,True
ALIAS_00724,P_00724,D. Ramaswamy,CCTNS_ALIAS_LOG,2024-01-01,2025-12-31,0.9,True
ALIAS_00725,P_00725,D. Padmanabhan,CCTNS_ALIAS_LOG,2024-01-01,2025-12-31,0.9,True
ALIAS_00726,P_00726,N. Hora,CCTNS_ALIAS_LOG,2024-01-01,2025-12-31,0.9,True
ALIAS_00727,P_00727,T. Chander,CCTNS_ALIAS_LOG,2024-01-01,2025-12-31,0.9,True
ALIAS_00728,P_00728,A. Khurana,CCTNS_ALIAS_LOG,2024-01-01,2025-12-31,0.9,True
ALIAS_00729,P_00729,C. Dash,CCTNS_ALIAS_LOG,2024-01-01,2025-12-31,0.9,True
ALIAS_00730,P_00730,I. Mistry,CCTNS_ALIAS_LOG,2024-01-01,2025-12-31,0.9,True
ALIAS_00731,P_00731,J. Sha,CCTNS_ALIAS_LOG,2024-01-01,2025-12-31,0.9,True
ALIAS_00732,P_00732,T. Sehgal,CCTNS_ALIAS_LOG,2024-01-01,2025-12-31,0.9,True
ALIAS_00733,P_00733,P. Sarraf,CCTNS_ALIAS_LOG,2024-01-01,2025-12-31,0.9,True
ALIAS_00734,P_00734,Y. Wadhwa,CCTNS_ALIAS_LOG,2024-01-01,2025-12-31,0.9,True
ALIAS_00735,P_00735,N. Choudhary,CCTNS_ALIAS_LOG,2024-01-01,2025-12-31,0.9,True
ALIAS_00736,P_00736,K. Mitter,CCTNS_ALIAS_LOG,2024-01-01,2025-12-31,0.9,True
ALIAS_00737,P_00737,B. Kale,CCTNS_ALIAS_LOG,2024-01-01,2025-12-31,0.9,True
ALIAS_00738,P_00738,V. Mukherjee,CCTNS_ALIAS_LOG,2024-01-01,2025-12-31,0.9,True
ALIAS_00739,P_00739,S. Sen,CCTNS_ALIAS_LOG,2024-01-01,2025-12-31,0.9,True
ALIAS_00740,P_00740,H. Zachariah,CCTNS_ALIAS_LOG,2024-01-01,2025-12-31,0.9,True
ALIAS_00741,P_00741,J. Chada,CCTNS_ALIAS_LOG,2024-01-01,2025-12-31,0.9,True
ALIAS_00742,P_00742,J. Wali,CCTNS_ALIAS_LOG,2024-01-01,2025-12-31,0.9,True
ALIAS_00743,P_00743,E. Ratti,CCTNS_ALIAS_LOG,2024-01-01,2025-12-31,0.9,True
ALIAS_00744,P_00744,L. Kurian,CCTNS_ALIAS_LOG,2024-01-01,2025-12-31,0.9,True
ALIAS_00745,P_00745,G. Dube,CCTNS_ALIAS_LOG,2024-01-01,2025-12-31,0.9,True
ALIAS_00746,P_00746,M. Chaudhary,CCTNS_ALIAS_LOG,2024-01-01,2025-12-31,0.9,True
ALIAS_00747,P_00747,S. Khatri,CCTNS_ALIAS_LOG,2024-01-01,2025-12-31,0.9,True
ALIAS_00748,P_00748,N. Bhatti,CCTNS_ALIAS_LOG,2024-01-01,2025-12-31,0.9,True
ALIAS_00749,P_00749,J. Modi,CCTNS_ALIAS_LOG,2024-01-01,2025-12-31,0.9,True
ALIAS_00750,P_00750,Y. Yogi,CCTNS_ALIAS_LOG,2024-01-01,2025-12-31,0.9,True
ALIAS_00751,P_00751,A. Bhasin,CCTNS_ALIAS_LOG,2024-01-01,2025-12-31,0.9,True
ALIAS_00752,P_00752,C. Edwin,CCTNS_ALIAS_LOG,2024-01-01,2025-12-31,0.9,True
ALIAS_00753,P_00753,S. Thaman,CCTNS_ALIAS_LOG,2024-01-01,2025-12-31,0.9,True
ALIAS_00754,P_00754,F. Babu,CCTNS_ALIAS_LOG,2024-01-01,2025-12-31,0.9,True
ALIAS_00755,P_00755,V. Ramaswamy,CCTNS_ALIAS_LOG,2024-01-01,2025-12-31,0.9,True
ALIAS_00756,P_00756,L. Goel,CCTNS_ALIAS_LOG,2024-01-01,2025-12-31,0.9,True
ALIAS_00757,P_00757,A. Mand,CCTNS_ALIAS_LOG,2024-01-01,2025-12-31,0.9,True
ALIAS_00758,P_00758,B. Mand,CCTNS_ALIAS_LOG,2024-01-01,2025-12-31,0.9,True
ALIAS_00759,P_00759,O. Hari,CCTNS_ALIAS_LOG,2024-01-01,2025-12-31,0.9,True
ALIAS_00760,P_00760,R. Bajaj,CCTNS_ALIAS_LOG,2024-01-01,2025-12-31,0.9,True
ALIAS_00761,P_00761,N. Mahal,CCTNS_ALIAS_LOG,2024-01-01,2025-12-31,0.9,True
ALIAS_00762,P_00762,C. Mall,CCTNS_ALIAS_LOG,2024-01-01,2025-12-31,0.9,True
ALIAS_00763,P_00763,F. Bakshi,CCTNS_ALIAS_LOG,2024-01-01,2025-12-31,0.9,True
ALIAS_00764,P_00764,G. Bala,CCTNS_ALIAS_LOG,2024-01-01,2025-12-31,0.9,True
ALIAS_00765,P_00765,W. Oak,CCTNS_ALIAS_LOG,2024-01-01,2025-12-31,0.9,True
ALIAS_00766,P_00766,J. Chada,CCTNS_ALIAS_LOG,2024-01-01,2025-12-31,0.9,True
ALIAS_00767,P_00767,C. Mitra,CCTNS_ALIAS_LOG,2024-01-01,2025-12-31,0.9,True
ALIAS_00768,P_00768,G. Roy,CCTNS_ALIAS_LOG,2024-01-01,2025-12-31,0.9,True
ALIAS_00769,P_00769,A. Setty,CCTNS_ALIAS_LOG,2024-01-01,2025-12-31,0.9,True
ALIAS_00770,P_00770,J. Upadhyay,CCTNS_ALIAS_LOG,2024-01-01,2025-12-31,0.9,True
ALIAS_00771,P_00771,L. Basu,CCTNS_ALIAS_LOG,2024-01-01,2025-12-31,0.9,True
ALIAS_00772,P_00772,M. Din,CCTNS_ALIAS_LOG,2024-01-01,2025-12-31,0.9,True
ALIAS_00773,P_00773,W. Tripathi,CCTNS_ALIAS_LOG,2024-01-01,2025-12-31,0.9,True
ALIAS_00774,P_00774,R. Soni,CCTNS_ALIAS_LOG,2024-01-01,2025-12-31,0.9,True
ALIAS_00775,P_00775,N. Cheema,CCTNS_ALIAS_LOG,2024-01-01,2025-12-31,0.9,True
ALIAS_00776,P_00776,T. Khare,CCTNS_ALIAS_LOG,2024-01-01,2025-12-31,0.9,True
ALIAS_00777,P_00777,I. Balan,CCTNS_ALIAS_LOG,2024-01-01,2025-12-31,0.9,True
ALIAS_00778,P_00778,A. Issac,CCTNS_ALIAS_LOG,2024-01-01,2025-12-31,0.9,True
ALIAS_00779,P_00779,R. Bains,CCTNS_ALIAS_LOG,2024-01-01,2025-12-31,0.9,True
ALIAS_00780,P_00780,D. Shan,CCTNS_ALIAS_LOG,2024-01-01,2025-12-31,0.9,True
ALIAS_00781,P_00781,J. Dhawan,CCTNS_ALIAS_LOG,2024-01-01,2025-12-31,0.9,True
ALIAS_00782,P_00782,C. Gulati,CCTNS_ALIAS_LOG,2024-01-01,2025-12-31,0.9,True
ALIAS_00783,P_00783,S. Bumb,CCTNS_ALIAS_LOG,2024-01-01,2025-12-31,0.9,True
ALIAS_00784,P_00784,Z. Shetty,CCTNS_ALIAS_LOG,2024-01-01,2025-12-31,0.9,True
ALIAS_00785,P_00785,S. Kanda,CCTNS_ALIAS_LOG,2024-01-01,2025-12-31,0.9,True
ALIAS_00786,P_00786,K. Kumar,CCTNS_ALIAS_LOG,2024-01-01,2025-12-31,0.9,True
ALIAS_00787,P_00787,U. Vala,CCTNS_ALIAS_LOG,2024-01-01,2025-12-31,0.9,True
ALIAS_00788,P_00788,E. Mahajan,CCTNS_ALIAS_LOG,2024-01-01,2025-12-31,0.9,True
ALIAS_00789,P_00789,C. Thaker,CCTNS_ALIAS_LOG,2024-01-01,2025-12-31,0.9,True
ALIAS_00790,P_00790,S. Nath,CCTNS_ALIAS_LOG,2024-01-01,2025-12-31,0.9,True
ALIAS_00791,P_00791,A. Anand,CCTNS_ALIAS_LOG,2024-01-01,2025-12-31,0.9,True
ALIAS_00792,P_00792,Y. Dixit,CCTNS_ALIAS_LOG,2024-01-01,2025-12-31,0.9,True
ALIAS_00793,P_00793,H. Chada,CCTNS_ALIAS_LOG,2024-01-01,2025-12-31,0.9,True
ALIAS_00794,P_00794,K. Dewan,CCTNS_ALIAS_LOG,2024-01-01,2025-12-31,0.9,True
ALIAS_00795,P_00795,C. Nanda,CCTNS_ALIAS_LOG,2024-01-01,2025-12-31,0.9,True
ALIAS_00796,P_00796,S. Raman,CCTNS_ALIAS_LOG,2024-01-01,2025-12-31,0.9,True
ALIAS_00797,P_00797,D. Chander,CCTNS_ALIAS_LOG,2024-01-01,2025-12-31,0.9,True
ALIAS_00798,P_00798,E. Raju,CCTNS_ALIAS_LOG,2024-01-01,2025-12-31,0.9,True
ALIAS_00799,P_00799,Z. Apte,CCTNS_ALIAS_LOG,2024-01-01,2025-12-31,0.9,True
ALIAS_00800,P_00800,V. Biswas,CCTNS_ALIAS_LOG,2024-01-01,2025-12-31,0.9,True
ALIAS_00801,P_00801,S. Thakkar,CCTNS_ALIAS_LOG,2024-01-01,2025-12-31,0.9,True
ALIAS_00802,P_00802,F. Swaminathan,CCTNS_ALIAS_LOG,2024-01-01,2025-12-31,0.9,True
ALIAS_00803,P_00803,P. Sagar,CCTNS_ALIAS_LOG,2024-01-01,2025-12-31,0.9,True
ALIAS_00804,P_00804,C. Khatri,CCTNS_ALIAS_LOG,2024-01-01,2025-12-31,0.9,True
ALIAS_00805,P_00805,F. Cheema,CCTNS_ALIAS_LOG,2024-01-01,2025-12-31,0.9,True
ALIAS_00806,P_00806,T. Bala,CCTNS_ALIAS_LOG,2024-01-01,2025-12-31,0.9,True
ALIAS_00807,P_00807,Z. Contractor,CCTNS_ALIAS_LOG,2024-01-01,2025-12-31,0.9,True
ALIAS_00808,P_00808,L. Sinha,CCTNS_ALIAS_LOG,2024-01-01,2025-12-31,0.9,True
ALIAS_00809,P_00809,M. Ganguly,CCTNS_ALIAS_LOG,2024-01-01,2025-12-31,0.9,True
ALIAS_00810,P_00810,B. Walia,CCTNS_ALIAS_LOG,2024-01-01,2025-12-31,0.9,True
ALIAS_00811,P_00811,C. Purohit,CCTNS_ALIAS_LOG,2024-01-01,2025-12-31,0.9,True
ALIAS_00812,P_00812,A. Atwal,CCTNS_ALIAS_LOG,2024-01-01,2025-12-31,0.9,True
ALIAS_00813,P_00813,E. Naidu,CCTNS_ALIAS_LOG,2024-01-01,2025-12-31,0.9,True
ALIAS_00814,P_00814,H. Parikh,CCTNS_ALIAS_LOG,2024-01-01,2025-12-31,0.9,True
ALIAS_00815,P_00815,T. Bhatti,CCTNS_ALIAS_LOG,2024-01-01,2025-12-31,0.9,True
ALIAS_00816,P_00816,H. Yadav,CCTNS_ALIAS_LOG,2024-01-01,2025-12-31,0.9,True
ALIAS_00817,P_00817,E. Subramaniam,CCTNS_ALIAS_LOG,2024-01-01,2025-12-31,0.9,True
ALIAS_00818,P_00818,Y. Arya,CCTNS_ALIAS_LOG,2024-01-01,2025-12-31,0.9,True
ALIAS_00819,P_00819,L. Prasad,CCTNS_ALIAS_LOG,2024-01-01,2025-12-31,0.9,True
ALIAS_00820,P_00820,F. Desai,CCTNS_ALIAS_LOG,2024-01-01,2025-12-31,0.9,True
ALIAS_00821,P_00821,X. Jha,CCTNS_ALIAS_LOG,2024-01-01,2025-12-31,0.9,True
ALIAS_00822,P_00822,R. Ahuja,CCTNS_ALIAS_LOG,2024-01-01,2025-12-31,0.9,True
ALIAS_00823,P_00823,O. Jayaraman,CCTNS_ALIAS_LOG,2024-01-01,2025-12-31,0.9,True
ALIAS_00824,P_00824,P. Goda,CCTNS_ALIAS_LOG,2024-01-01,2025-12-31,0.9,True
ALIAS_00825,P_00825,F. Parsa,CCTNS_ALIAS_LOG,2024-01-01,2025-12-31,0.9,True
ALIAS_00826,P_00826,V. Bahri,CCTNS_ALIAS_LOG,2024-01-01,2025-12-31,0.9,True
ALIAS_00827,P_00827,L. Sheth,CCTNS_ALIAS_LOG,2024-01-01,2025-12-31,0.9,True
ALIAS_00828,P_00828,G. Deshpande,CCTNS_ALIAS_LOG,2024-01-01,2025-12-31,0.9,True
ALIAS_00829,P_00829,N. Sagar,CCTNS_ALIAS_LOG,2024-01-01,2025-12-31,0.9,True
ALIAS_00830,P_00830,B. Dash,CCTNS_ALIAS_LOG,2024-01-01,2025-12-31,0.9,True
ALIAS_00831,P_00831,J. Bhardwaj,CCTNS_ALIAS_LOG,2024-01-01,2025-12-31,0.9,True
ALIAS_00832,P_00832,T. Din,CCTNS_ALIAS_LOG,2024-01-01,2025-12-31,0.9,True
ALIAS_00833,P_00833,F. Vasa,CCTNS_ALIAS_LOG,2024-01-01,2025-12-31,0.9,True
ALIAS_00834,P_00834,D. Sabharwal,CCTNS_ALIAS_LOG,2024-01-01,2025-12-31,0.9,True
ALIAS_00835,P_00835,O. Swamy,CCTNS_ALIAS_LOG,2024-01-01,2025-12-31,0.9,True
ALIAS_00836,P_00836,P. Prasad,CCTNS_ALIAS_LOG,2024-01-01,2025-12-31,0.9,True
ALIAS_00837,P_00837,Q. Iyer,CCTNS_ALIAS_LOG,2024-01-01,2025-12-31,0.9,True
ALIAS_00838,P_00838,F. Memon,CCTNS_ALIAS_LOG,2024-01-01,2025-12-31,0.9,True
ALIAS_00839,P_00839,V. Chaudhuri,CCTNS_ALIAS_LOG,2024-01-01,2025-12-31,0.9,True
ALIAS_00840,P_00840,A. Prashad,CCTNS_ALIAS_LOG,2024-01-01,2025-12-31,0.9,True
ALIAS_00841,P_00841,K. Oza,CCTNS_ALIAS_LOG,2024-01-01,2025-12-31,0.9,True
ALIAS_00842,P_00842,G. Chaudhry,CCTNS_ALIAS_LOG,2024-01-01,2025-12-31,0.9,True
ALIAS_00843,P_00843,J. Seth,CCTNS_ALIAS_LOG,2024-01-01,2025-12-31,0.9,True
ALIAS_00844,P_00844,C. Nanda,CCTNS_ALIAS_LOG,2024-01-01,2025-12-31,0.9,True
ALIAS_00845,P_00845,H. Rajan,CCTNS_ALIAS_LOG,2024-01-01,2025-12-31,0.9,True
ALIAS_00846,P_00846,W. Chahal,CCTNS_ALIAS_LOG,2024-01-01,2025-12-31,0.9,True
ALIAS_00847,P_00847,Y. Kakar,CCTNS_ALIAS_LOG,2024-01-01,2025-12-31,0.9,True
ALIAS_00848,P_00848,T. Kurian,CCTNS_ALIAS_LOG,2024-01-01,2025-12-31,0.9,True
ALIAS_00849,P_00849,D. Oza,CCTNS_ALIAS_LOG,2024-01-01,2025-12-31,0.9,True
ALIAS_00850,P_00850,I. Chakraborty,CCTNS_ALIAS_LOG,2024-01-01,2025-12-31,0.9,True
ALIAS_00851,P_00851,A. Mukhopadhyay,CCTNS_ALIAS_LOG,2024-01-01,2025-12-31,0.9,True
ALIAS_00852,P_00852,H. Rana,CCTNS_ALIAS_LOG,2024-01-01,2025-12-31,0.9,True
ALIAS_00853,P_00853,T. Din,CCTNS_ALIAS_LOG,2024-01-01,2025-12-31,0.9,True
ALIAS_00854,P_00854,T. Talwar,CCTNS_ALIAS_LOG,2024-01-01,2025-12-31,0.9,True
ALIAS_00855,P_00855,V. Ramanathan,CCTNS_ALIAS_LOG,2024-01-01,2025-12-31,0.9,True
ALIAS_00856,P_00856,I. Raman,CCTNS_ALIAS_LOG,2024-01-01,2025-12-31,0.9,True
ALIAS_00857,P_00857,E. Bhagat,CCTNS_ALIAS_LOG,2024-01-01,2025-12-31,0.9,True
ALIAS_00858,P_00858,T. Hayre,CCTNS_ALIAS_LOG,2024-01-01,2025-12-31,0.9,True
ALIAS_00859,P_00859,I. Som,CCTNS_ALIAS_LOG,2024-01-01,2025-12-31,0.9,True
ALIAS_00860,P_00860,Y. Bandi,CCTNS_ALIAS_LOG,2024-01-01,2025-12-31,0.9,True
ALIAS_00861,P_00861,G. Sheth,CCTNS_ALIAS_LOG,2024-01-01,2025-12-31,0.9,True
ALIAS_00862,P_00862,Y. Kar,CCTNS_ALIAS_LOG,2024-01-01,2025-12-31,0.9,True
ALIAS_00863,P_00863,V. Saraf,CCTNS_ALIAS_LOG,2024-01-01,2025-12-31,0.9,True
ALIAS_00864,P_00864,A. Ramesh,CCTNS_ALIAS_LOG,2024-01-01,2025-12-31,0.9,True
ALIAS_00865,P_00865,A. Sekhon,CCTNS_ALIAS_LOG,2024-01-01,2025-12-31,0.9,True
ALIAS_00866,P_00866,B. Chad,CCTNS_ALIAS_LOG,2024-01-01,2025-12-31,0.9,True
ALIAS_00867,P_00867,Y. Mital,CCTNS_ALIAS_LOG,2024-01-01,2025-12-31,0.9,True
ALIAS_00868,P_00868,I. Yohannan,CCTNS_ALIAS_LOG,2024-01-01,2025-12-31,0.9,True
ALIAS_00869,P_00869,K. Kalita,CCTNS_ALIAS_LOG,2024-01-01,2025-12-31,0.9,True
ALIAS_00870,P_00870,L. Gade,CCTNS_ALIAS_LOG,2024-01-01,2025-12-31,0.9,True
ALIAS_00871,P_00871,A. Hans,CCTNS_ALIAS_LOG,2024-01-01,2025-12-31,0.9,True
ALIAS_00872,P_00872,A. Kota,CCTNS_ALIAS_LOG,2024-01-01,2025-12-31,0.9,True
ALIAS_00873,P_00873,G. Patil,CCTNS_ALIAS_LOG,2024-01-01,2025-12-31,0.9,True
ALIAS_00874,P_00874,K. Cheema,CCTNS_ALIAS_LOG,2024-01-01,2025-12-31,0.9,True
ALIAS_00875,P_00875,A. Chaudhary,CCTNS_ALIAS_LOG,2024-01-01,2025-12-31,0.9,True
ALIAS_00876,P_00876,V. Datta,CCTNS_ALIAS_LOG,2024-01-01,2025-12-31,0.9,True
ALIAS_00877,P_00877,K. Krish,CCTNS_ALIAS_LOG,2024-01-01,2025-12-31,0.9,True
ALIAS_00878,P_00878,P. Verma,CCTNS_ALIAS_LOG,2024-01-01,2025-12-31,0.9,True
ALIAS_00879,P_00879,G. Gandhi,CCTNS_ALIAS_LOG,2024-01-01,2025-12-31,0.9,True
ALIAS_00880,P_00880,W. Varma,CCTNS_ALIAS_LOG,2024-01-01,2025-12-31,0.9,True
ALIAS_00881,P_00881,Y. Wable,CCTNS_ALIAS_LOG,2024-01-01,2025-12-31,0.9,True
ALIAS_00882,P_00882,J. Deol,CCTNS_ALIAS_LOG,2024-01-01,2025-12-31,0.9,True
ALIAS_00883,P_00883,H. Krish,CCTNS_ALIAS_LOG,2024-01-01,2025-12-31,0.9,True
ALIAS_00884,P_00884,M. Kalla,CCTNS_ALIAS_LOG,2024-01-01,2025-12-31,0.9,True
ALIAS_00885,P_00885,T. Narasimhan,CCTNS_ALIAS_LOG,2024-01-01,2025-12-31,0.9,True
ALIAS_00886,P_00886,H. Sankar,CCTNS_ALIAS_LOG,2024-01-01,2025-12-31,0.9,True
ALIAS_00887,P_00887,A. Dugal,CCTNS_ALIAS_LOG,2024-01-01,2025-12-31,0.9,True
ALIAS_00888,P_00888,Q. Yadav,CCTNS_ALIAS_LOG,2024-01-01,2025-12-31,0.9,True
ALIAS_00889,P_00889,A. Parmer,CCTNS_ALIAS_LOG,2024-01-01,2025-12-31,0.9,True
ALIAS_00890,P_00890,A. Dyal,CCTNS_ALIAS_LOG,2024-01-01,2025-12-31,0.9,True
ALIAS_00891,P_00891,M. Thaker,CCTNS_ALIAS_LOG,2024-01-01,2025-12-31,0.9,True
ALIAS_00892,P_00892,W. Ben,CCTNS_ALIAS_LOG,2024-01-01,2025-12-31,0.9,True
ALIAS_00893,P_00893,P. Kota,CCTNS_ALIAS_LOG,2024-01-01,2025-12-31,0.9,True
ALIAS_00894,P_00894,R. Som,CCTNS_ALIAS_LOG,2024-01-01,2025-12-31,0.9,True
ALIAS_00895,P_00895,N. Barad,CCTNS_ALIAS_LOG,2024-01-01,2025-12-31,0.9,True
ALIAS_00896,P_00896,L. Reddy,CCTNS_ALIAS_LOG,2024-01-01,2025-12-31,0.9,True
ALIAS_00897,P_00897,C. Modi,CCTNS_ALIAS_LOG,2024-01-01,2025-12-31,0.9,True
ALIAS_00898,P_00898,C. Gopal,CCTNS_ALIAS_LOG,2024-01-01,2025-12-31,0.9,True
ALIAS_00899,P_00899,R. Goyal,CCTNS_ALIAS_LOG,2024-01-01,2025-12-31,0.9,True
ALIAS_00900,P_00900,K. Narula,CCTNS_ALIAS_LOG,2024-01-01,2025-12-31,0.9,True
ALIAS_00901,P_00901,G. Cherian,CCTNS_ALIAS_LOG,2024-01-01,2025-12-31,0.9,True
ALIAS_00902,P_00902,F. Oza,CCTNS_ALIAS_LOG,2024-01-01,2025-12-31,0.9,True
ALIAS_00903,P_00903,Z. Palan,CCTNS_ALIAS_LOG,2024-01-01,2025-12-31,0.9,True
ALIAS_00904,P_00904,O. Mahal,CCTNS_ALIAS_LOG,2024-01-01,2025-12-31,0.9,True
ALIAS_00905,P_00905,N. Sarma,CCTNS_ALIAS_LOG,2024-01-01,2025-12-31,0.9,True
ALIAS_00906,P_00906,N. Kamdar,CCTNS_ALIAS_LOG,2024-01-01,2025-12-31,0.9,True
ALIAS_00907,P_00907,C. Loyal,CCTNS_ALIAS_LOG,2024-01-01,2025-12-31,0.9,True
ALIAS_00908,P_00908,A. Deol,CCTNS_ALIAS_LOG,2024-01-01,2025-12-31,0.9,True
ALIAS_00909,P_00909,F. Lalla,CCTNS_ALIAS_LOG,2024-01-01,2025-12-31,0.9,True
ALIAS_00910,P_00910,P. Kunda,CCTNS_ALIAS_LOG,2024-01-01,2025-12-31,0.9,True
ALIAS_00911,P_00911,T. Nair,CCTNS_ALIAS_LOG,2024-01-01,2025-12-31,0.9,True
ALIAS_00912,P_00912,V. Chander,CCTNS_ALIAS_LOG,2024-01-01,2025-12-31,0.9,True
ALIAS_00913,P_00913,B. Bail,CCTNS_ALIAS_LOG,2024-01-01,2025-12-31,0.9,True
ALIAS_00914,P_00914,P. Korpal,CCTNS_ALIAS_LOG,2024-01-01,2025-12-31,0.9,True
ALIAS_00915,P_00915,K. Rajagopalan,CCTNS_ALIAS_LOG,2024-01-01,2025-12-31,0.9,True
ALIAS_00916,P_00916,A. Andra,CCTNS_ALIAS_LOG,2024-01-01,2025-12-31,0.9,True
ALIAS_00917,P_00917,D. Narula,CCTNS_ALIAS_LOG,2024-01-01,2025-12-31,0.9,True
ALIAS_00918,P_00918,C. Chauhan,CCTNS_ALIAS_LOG,2024-01-01,2025-12-31,0.9,True
ALIAS_00919,P_00919,L. Din,CCTNS_ALIAS_LOG,2024-01-01,2025-12-31,0.9,True
ALIAS_00920,P_00920,I. Kapur,CCTNS_ALIAS_LOG,2024-01-01,2025-12-31,0.9,True
ALIAS_00921,P_00921,F. Bassi,CCTNS_ALIAS_LOG,2024-01-01,2025-12-31,0.9,True
ALIAS_00922,P_00922,M. Mitra,CCTNS_ALIAS_LOG,2024-01-01,2025-12-31,0.9,True
ALIAS_00923,P_00923,M. Din,CCTNS_ALIAS_LOG,2024-01-01,2025-12-31,0.9,True
ALIAS_00924,P_00924,A. Dhillon,CCTNS_ALIAS_LOG,2024-01-01,2025-12-31,0.9,True
ALIAS_00925,P_00925,V. Sachdev,CCTNS_ALIAS_LOG,2024-01-01,2025-12-31,0.9,True
ALIAS_00926,P_00926,V. Rajagopalan,CCTNS_ALIAS_LOG,2024-01-01,2025-12-31,0.9,True
ALIAS_00927,P_00927,S. Badal,CCTNS_ALIAS_LOG,2024-01-01,2025-12-31,0.9,True
ALIAS_00928,P_00928,L. Menon,CCTNS_ALIAS_LOG,2024-01-01,2025-12-31,0.9,True
ALIAS_00929,P_00929,L. Purohit,CCTNS_ALIAS_LOG,2024-01-01,2025-12-31,0.9,True
ALIAS_00930,P_00930,N. Balan,CCTNS_ALIAS_LOG,2024-01-01,2025-12-31,0.9,True
ALIAS_00931,P_00931,Q. Singhal,CCTNS_ALIAS_LOG,2024-01-01,2025-12-31,0.9,True
ALIAS_00932,P_00932,N. Bhasin,CCTNS_ALIAS_LOG,2024-01-01,2025-12-31,0.9,True
ALIAS_00933,P_00933,A. Thaker,CCTNS_ALIAS_LOG,2024-01-01,2025-12-31,0.9,True
ALIAS_00934,P_00934,J. Kakar,CCTNS_ALIAS_LOG,2024-01-01,2025-12-31,0.9,True
ALIAS_00935,P_00935,V. Munshi,CCTNS_ALIAS_LOG,2024-01-01,2025-12-31,0.9,True
ALIAS_00936,P_00936,H. Brahmbhatt,CCTNS_ALIAS_LOG,2024-01-01,2025-12-31,0.9,True
ALIAS_00937,P_00937,D. Kakar,CCTNS_ALIAS_LOG,2024-01-01,2025-12-31,0.9,True
ALIAS_00938,P_00938,C. Sule,CCTNS_ALIAS_LOG,2024-01-01,2025-12-31,0.9,True
ALIAS_00939,P_00939,M. Tella,CCTNS_ALIAS_LOG,2024-01-01,2025-12-31,0.9,True
ALIAS_00940,P_00940,Y. Chaudhuri,CCTNS_ALIAS_LOG,2024-01-01,2025-12-31,0.9,True
ALIAS_00941,P_00941,N. Doshi,CCTNS_ALIAS_LOG,2024-01-01,2025-12-31,0.9,True
ALIAS_00942,P_00942,S. Deep,CCTNS_ALIAS_LOG,2024-01-01,2025-12-31,0.9,True
ALIAS_00943,P_00943,S. Borde,CCTNS_ALIAS_LOG,2024-01-01,2025-12-31,0.9,True
ALIAS_00944,P_00944,G. Sha,CCTNS_ALIAS_LOG,2024-01-01,2025-12-31,0.9,True
ALIAS_00945,P_00945,G. Bobal,CCTNS_ALIAS_LOG,2024-01-01,2025-12-31,0.9,True
ALIAS_00946,P_00946,V. Baral,CCTNS_ALIAS_LOG,2024-01-01,2025-12-31,0.9,True
ALIAS_00947,P_00947,Y. Murthy,CCTNS_ALIAS_LOG,2024-01-01,2025-12-31,0.9,True
ALIAS_00948,P_00948,A. Dubey,CCTNS_ALIAS_LOG,2024-01-01,2025-12-31,0.9,True
ALIAS_00949,P_00949,L. Shere,CCTNS_ALIAS_LOG,2024-01-01,2025-12-31,0.9,True
ALIAS_00950,P_00950,P. Chokshi,CCTNS_ALIAS_LOG,2024-01-01,2025-12-31,0.9,True
ALIAS_00951,P_00951,S. Soni,CCTNS_ALIAS_LOG,2024-01-01,2025-12-31,0.9,True
ALIAS_00952,P_00952,T. Nagarajan,CCTNS_ALIAS_LOG,2024-01-01,2025-12-31,0.9,True
ALIAS_00953,P_00953,C. Kakar,CCTNS_ALIAS_LOG,2024-01-01,2025-12-31,0.9,True
ALIAS_00954,P_00954,A. Ravel,CCTNS_ALIAS_LOG,2024-01-01,2025-12-31,0.9,True
ALIAS_00955,P_00955,P. Oommen,CCTNS_ALIAS_LOG,2024-01-01,2025-12-31,0.9,True
ALIAS_00956,P_00956,R. Pant,CCTNS_ALIAS_LOG,2024-01-01,2025-12-31,0.9,True
ALIAS_00957,P_00957,E. Atwal,CCTNS_ALIAS_LOG,2024-01-01,2025-12-31,0.9,True
ALIAS_00958,P_00958,S. Dass,CCTNS_ALIAS_LOG,2024-01-01,2025-12-31,0.9,True
ALIAS_00959,P_00959,T. Pall,CCTNS_ALIAS_LOG,2024-01-01,2025-12-31,0.9,True
ALIAS_00960,P_00960,X. Shah,CCTNS_ALIAS_LOG,2024-01-01,2025-12-31,0.9,True
ALIAS_00961,P_00961,I. Goda,CCTNS_ALIAS_LOG,2024-01-01,2025-12-31,0.9,True
ALIAS_00962,P_00962,L. Mane,CCTNS_ALIAS_LOG,2024-01-01,2025-12-31,0.9,True
ALIAS_00963,P_00963,A. Sabharwal,CCTNS_ALIAS_LOG,2024-01-01,2025-12-31,0.9,True
ALIAS_00964,P_00964,O. Kakar,CCTNS_ALIAS_LOG,2024-01-01,2025-12-31,0.9,True
ALIAS_00965,P_00965,N. Randhawa,CCTNS_ALIAS_LOG,2024-01-01,2025-12-31,0.9,True
ALIAS_00966,P_00966,W. Agrawal,CCTNS_ALIAS_LOG,2024-01-01,2025-12-31,0.9,True
ALIAS_00967,P_00967,O. Sani,CCTNS_ALIAS_LOG,2024-01-01,2025-12-31,0.9,True
ALIAS_00968,P_00968,K. Ramakrishnan,CCTNS_ALIAS_LOG,2024-01-01,2025-12-31,0.9,True
ALIAS_00969,P_00969,J. Thaman,CCTNS_ALIAS_LOG,2024-01-01,2025-12-31,0.9,True
ALIAS_00970,P_00970,G. Bal,CCTNS_ALIAS_LOG,2024-01-01,2025-12-31,0.9,True
ALIAS_00971,P_00971,K. Setty,CCTNS_ALIAS_LOG,2024-01-01,2025-12-31,0.9,True
ALIAS_00972,P_00972,A. Behl,CCTNS_ALIAS_LOG,2024-01-01,2025-12-31,0.9,True
ALIAS_00973,P_00973,H. Dhar,CCTNS_ALIAS_LOG,2024-01-01,2025-12-31,0.9,True
ALIAS_00974,P_00974,H. Swaminathan,CCTNS_ALIAS_LOG,2024-01-01,2025-12-31,0.9,True
ALIAS_00975,P_00975,S. Dyal,CCTNS_ALIAS_LOG,2024-01-01,2025-12-31,0.9,True
ALIAS_00976,P_00976,I. Sule,CCTNS_ALIAS_LOG,2024-01-01,2025-12-31,0.9,True
ALIAS_00977,P_00977,Z. Vala,CCTNS_ALIAS_LOG,2024-01-01,2025-12-31,0.9,True
ALIAS_00978,P_00978,T. Chacko,CCTNS_ALIAS_LOG,2024-01-01,2025-12-31,0.9,True
ALIAS_00979,P_00979,U. Tandon,CCTNS_ALIAS_LOG,2024-01-01,2025-12-31,0.9,True
ALIAS_00980,P_00980,M. Chauhan,CCTNS_ALIAS_LOG,2024-01-01,2025-12-31,0.9,True
ALIAS_00981,P_00981,H. Rajagopal,CCTNS_ALIAS_LOG,2024-01-01,2025-12-31,0.9,True
ALIAS_00982,P_00982,N. Memon,CCTNS_ALIAS_LOG,2024-01-01,2025-12-31,0.9,True
ALIAS_00983,P_00983,Y. Bora,CCTNS_ALIAS_LOG,2024-01-01,2025-12-31,0.9,True
ALIAS_00984,P_00984,E. Apte,CCTNS_ALIAS_LOG,2024-01-01,2025-12-31,0.9,True
ALIAS_00985,P_00985,B. Kala,CCTNS_ALIAS_LOG,2024-01-01,2025-12-31,0.9,True
ALIAS_00986,P_00986,E. Hora,CCTNS_ALIAS_LOG,2024-01-01,2025-12-31,0.9,True
ALIAS_00987,P_00987,J. Sethi,CCTNS_ALIAS_LOG,2024-01-01,2025-12-31,0.9,True
ALIAS_00988,P_00988,A. Agrawal,CCTNS_ALIAS_LOG,2024-01-01,2025-12-31,0.9,True
ALIAS_00989,P_00989,A. Boase,CCTNS_ALIAS_LOG,2024-01-01,2025-12-31,0.9,True
ALIAS_00990,P_00990,F. Munshi,CCTNS_ALIAS_LOG,2024-01-01,2025-12-31,0.9,True
ALIAS_00991,P_00991,H. Balakrishnan,CCTNS_ALIAS_LOG,2024-01-01,2025-12-31,0.9,True
ALIAS_00992,P_00992,G. Halder,CCTNS_ALIAS_LOG,2024-01-01,2025-12-31,0.9,True
ALIAS_00993,P_00993,F. Lalla,CCTNS_ALIAS_LOG,2024-01-01,2025-12-31,0.9,True
ALIAS_00994,P_00994,J. Nagar,CCTNS_ALIAS_LOG,2024-01-01,2025-12-31,0.9,True
ALIAS_00995,P_00995,V. Suri,CCTNS_ALIAS_LOG,2024-01-01,2025-12-31,0.9,True
ALIAS_00996,P_00996,S. Brahmbhatt,CCTNS_ALIAS_LOG,2024-01-01,2025-12-31,0.9,True
ALIAS_00997,P_00997,V. Cheema,CCTNS_ALIAS_LOG,2024-01-01,2025-12-31,0.9,True
ALIAS_00998,P_00998,K. Kanda,CCTNS_ALIAS_LOG,2024-01-01,2025-12-31,0.9,True
ALIAS_00999,P_00999,E. Mall,CCTNS_ALIAS_LOG,2024-01-01,2025-12-31,0.9,True
ALIAS_01000,P_01000,A. Sharma,CCTNS_ALIAS_LOG,2024-01-01,2025-12-31,0.9,True
ALIAS_01001,P_01001,F. Pandya,CCTNS_ALIAS_LOG,2024-01-01,2025-12-31,0.9,True
ALIAS_01002,P_01002,R. Mahajan,CCTNS_ALIAS_LOG,2024-01-01,2025-12-31,0.9,True
ALIAS_01003,P_01003,P. Majumdar,CCTNS_ALIAS_LOG,2024-01-01,2025-12-31,0.9,True
ALIAS_01004,P_01004,I. Bera,CCTNS_ALIAS_LOG,2024-01-01,2025-12-31,0.9,True
ALIAS_01005,P_01005,U. Ravel,CCTNS_ALIAS_LOG,2024-01-01,2025-12-31,0.9,True
ALIAS_01006,P_01006,I. Mani,CCTNS_ALIAS_LOG,2024-01-01,2025-12-31,0.9,True
ALIAS_01007,P_01007,O. Murty,CCTNS_ALIAS_LOG,2024-01-01,2025-12-31,0.9,True
ALIAS_01008,P_01008,G. Bail,CCTNS_ALIAS_LOG,2024-01-01,2025-12-31,0.9,True
ALIAS_01009,P_01009,V. Kota,CCTNS_ALIAS_LOG,2024-01-01,2025-12-31,0.9,True
ALIAS_01010,P_01010,M. Chandra,CCTNS_ALIAS_LOG,2024-01-01,2025-12-31,0.9,True
ALIAS_01011,P_01011,J. Shanker,CCTNS_ALIAS_LOG,2024-01-01,2025-12-31,0.9,True
ALIAS_01012,P_01012,A. Venkataraman,CCTNS_ALIAS_LOG,2024-01-01,2025-12-31,0.9,True
ALIAS_01013,P_01013,Y. Sankar,CCTNS_ALIAS_LOG,2024-01-01,2025-12-31,0.9,True
ALIAS_01014,P_01014,A. Palla,CCTNS_ALIAS_LOG,2024-01-01,2025-12-31,0.9,True
ALIAS_01015,P_01015,J. Sant,CCTNS_ALIAS_LOG,2024-01-01,2025-12-31,0.9,True
ALIAS_01016,P_01016,U. Doctor,CCTNS_ALIAS_LOG,2024-01-01,2025-12-31,0.9,True
ALIAS_01017,P_01017,S. Baria,CCTNS_ALIAS_LOG,2024-01-01,2025-12-31,0.9,True
ALIAS_01018,P_01018,A. Bedi,CCTNS_ALIAS_LOG,2024-01-01,2025-12-31,0.9,True
ALIAS_01019,P_01019,A. Dhar,CCTNS_ALIAS_LOG,2024-01-01,2025-12-31,0.9,True
ALIAS_01020,P_01020,L. Sami,CCTNS_ALIAS_LOG,2024-01-01,2025-12-31,0.9,True
ALIAS_01021,P_01021,E. Dewan,CCTNS_ALIAS_LOG,2024-01-01,2025-12-31,0.9,True
ALIAS_01022,P_01022,C. Shenoy,CCTNS_ALIAS_LOG,2024-01-01,2025-12-31,0.9,True
ALIAS_01023,P_01023,Y. Parmar,CCTNS_ALIAS_LOG,2024-01-01,2025-12-31,0.9,True
ALIAS_01024,P_01024,A. Sama,CCTNS_ALIAS_LOG,2024-01-01,2025-12-31,0.9,True
ALIAS_01025,P_01025,C. Ramaswamy,CCTNS_ALIAS_LOG,2024-01-01,2025-12-31,0.9,True
ALIAS_01026,P_01026,H. Nath,CCTNS_ALIAS_LOG,2024-01-01,2025-12-31,0.9,True
ALIAS_01027,P_01027,S. Varty,CCTNS_ALIAS_LOG,2024-01-01,2025-12-31,0.9,True
ALIAS_01028,P_01028,S. Contractor,CCTNS_ALIAS_LOG,2024-01-01,2025-12-31,0.9,True
ALIAS_01029,P_01029,H. Som,CCTNS_ALIAS_LOG,2024-01-01,2025-12-31,0.9,True
ALIAS_01030,P_01030,V. Gour,CCTNS_ALIAS_LOG,2024-01-01,2025-12-31,0.9,True
ALIAS_01031,P_01031,M. Bains,CCTNS_ALIAS_LOG,2024-01-01,2025-12-31,0.9,True
ALIAS_01032,P_01032,B. Chaudhry,CCTNS_ALIAS_LOG,2024-01-01,2025-12-31,0.9,True
ALIAS_01033,P_01033,A. Mander,CCTNS_ALIAS_LOG,2024-01-01,2025-12-31,0.9,True
ALIAS_01034,P_01034,I. Dewan,CCTNS_ALIAS_LOG,2024-01-01,2025-12-31,0.9,True
ALIAS_01035,P_01035,I. Vohra,CCTNS_ALIAS_LOG,2024-01-01,2025-12-31,0.9,True
ALIAS_01036,P_01036,L. Mallick,CCTNS_ALIAS_LOG,2024-01-01,2025-12-31,0.9,True
ALIAS_01037,P_01037,K. Naik,CCTNS_ALIAS_LOG,2024-01-01,2025-12-31,0.9,True
ALIAS_01038,P_01038,H. Tata,CCTNS_ALIAS_LOG,2024-01-01,2025-12-31,0.9,True
ALIAS_01039,P_01039,D. Krishna,CCTNS_ALIAS_LOG,2024-01-01,2025-12-31,0.9,True
ALIAS_01040,P_01040,S. Purohit,CCTNS_ALIAS_LOG,2024-01-01,2025-12-31,0.9,True
ALIAS_01041,P_01041,U. Jaggi,CCTNS_ALIAS_LOG,2024-01-01,2025-12-31,0.9,True
ALIAS_01042,P_01042,L. Ahluwalia,CCTNS_ALIAS_LOG,2024-01-01,2025-12-31,0.9,True
ALIAS_01043,P_01043,S. Som,CCTNS_ALIAS_LOG,2024-01-01,2025-12-31,0.9,True
ALIAS_01044,P_01044,P. Puri,CCTNS_ALIAS_LOG,2024-01-01,2025-12-31,0.9,True
ALIAS_01045,P_01045,V. Behl,CCTNS_ALIAS_LOG,2024-01-01,2025-12-31,0.9,True
ALIAS_01046,P_01046,B. Borde,CCTNS_ALIAS_LOG,2024-01-01,2025-12-31,0.9,True
ALIAS_01047,P_01047,A. Balan,CCTNS_ALIAS_LOG,2024-01-01,2025-12-31,0.9,True
ALIAS_01048,P_01048,S. Narayan,CCTNS_ALIAS_LOG,2024-01-01,2025-12-31,0.9,True
ALIAS_01049,P_01049,E. Saha,CCTNS_ALIAS_LOG,2024-01-01,2025-12-31,0.9,True
ALIAS_01050,P_01050,W. Tripathi,CCTNS_ALIAS_LOG,2024-01-01,2025-12-31,0.9,True
ALIAS_01051,P_01051,C. Bal,CCTNS_ALIAS_LOG,2024-01-01,2025-12-31,0.9,True
ALIAS_01052,P_01052,J. Sani,CCTNS_ALIAS_LOG,2024-01-01,2025-12-31,0.9,True
ALIAS_01053,P_01053,R. Oza,CCTNS_ALIAS_LOG,2024-01-01,2025-12-31,0.9,True
ALIAS_01054,P_01054,C. Aurora,CCTNS_ALIAS_LOG,2024-01-01,2025-12-31,0.9,True
ALIAS_01055,P_01055,D. Palla,CCTNS_ALIAS_LOG,2024-01-01,2025-12-31,0.9,True
ALIAS_01056,P_01056,Z. Jha,CCTNS_ALIAS_LOG,2024-01-01,2025-12-31,0.9,True
ALIAS_01057,P_01057,A. Nagar,CCTNS_ALIAS_LOG,2024-01-01,2025-12-31,0.9,True
ALIAS_01058,P_01058,S. Devan,CCTNS_ALIAS_LOG,2024-01-01,2025-12-31,0.9,True
ALIAS_01059,P_01059,S. Comar,CCTNS_ALIAS_LOG,2024-01-01,2025-12-31,0.9,True
ALIAS_01060,P_01060,D. Mallick,CCTNS_ALIAS_LOG,2024-01-01,2025-12-31,0.9,True
ALIAS_01061,P_01061,L. Gour,CCTNS_ALIAS_LOG,2024-01-01,2025-12-31,0.9,True
ALIAS_01062,P_01062,A. Kalita,CCTNS_ALIAS_LOG,2024-01-01,2025-12-31,0.9,True
ALIAS_01063,P_01063,U. Samra,CCTNS_ALIAS_LOG,2024-01-01,2025-12-31,0.9,True
ALIAS_01064,P_01064,A. Chada,CCTNS_ALIAS_LOG,2024-01-01,2025-12-31,0.9,True
ALIAS_01065,P_01065,J. Luthra,CCTNS_ALIAS_LOG,2024-01-01,2025-12-31,0.9,True
ALIAS_01066,P_01066,S. Shere,CCTNS_ALIAS_LOG,2024-01-01,2025-12-31,0.9,True
ALIAS_01067,P_01067,D. Buch,CCTNS_ALIAS_LOG,2024-01-01,2025-12-31,0.9,True
ALIAS_01068,P_01068,W. Datta,CCTNS_ALIAS_LOG,2024-01-01,2025-12-31,0.9,True
ALIAS_01069,P_01069,Q. Toor,CCTNS_ALIAS_LOG,2024-01-01,2025-12-31,0.9,True
ALIAS_01070,P_01070,A. Babu,CCTNS_ALIAS_LOG,2024-01-01,2025-12-31,0.9,True
ALIAS_01071,P_01071,I. Vaidya,CCTNS_ALIAS_LOG,2024-01-01,2025-12-31,0.9,True
ALIAS_01072,P_01072,B. Dhar,CCTNS_ALIAS_LOG,2024-01-01,2025-12-31,0.9,True
ALIAS_01073,P_01073,N. Pillay,CCTNS_ALIAS_LOG,2024-01-01,2025-12-31,0.9,True
ALIAS_01074,P_01074,Y. Trivedi,CCTNS_ALIAS_LOG,2024-01-01,2025-12-31,0.9,True
ALIAS_01075,P_01075,F. Kapur,CCTNS_ALIAS_LOG,2024-01-01,2025-12-31,0.9,True
ALIAS_01076,P_01076,E. Luthra,CCTNS_ALIAS_LOG,2024-01-01,2025-12-31,0.9,True
ALIAS_01077,P_01077,T. Murty,CCTNS_ALIAS_LOG,2024-01-01,2025-12-31,0.9,True
ALIAS_01078,P_01078,J. Sule,CCTNS_ALIAS_LOG,2024-01-01,2025-12-31,0.9,True
ALIAS_01079,P_01079,N. Devi,CCTNS_ALIAS_LOG,2024-01-01,2025-12-31,0.9,True
ALIAS_01080,P_01080,Y. Divan,CCTNS_ALIAS_LOG,2024-01-01,2025-12-31,0.9,True
ALIAS_01081,P_01081,A. Singhal,CCTNS_ALIAS_LOG,2024-01-01,2025-12-31,0.9,True
ALIAS_01082,P_01082,P. Pandya,CCTNS_ALIAS_LOG,2024-01-01,2025-12-31,0.9,True
ALIAS_01083,P_01083,E. Pant,CCTNS_ALIAS_LOG,2024-01-01,2025-12-31,0.9,True
ALIAS_01084,P_01084,M. Amble,CCTNS_ALIAS_LOG,2024-01-01,2025-12-31,0.9,True
ALIAS_01085,P_01085,V. Mishra,CCTNS_ALIAS_LOG,2024-01-01,2025-12-31,0.9,True
ALIAS_01086,P_01086,B. Naidu,CCTNS_ALIAS_LOG,2024-01-01,2025-12-31,0.9,True
ALIAS_01087,P_01087,D. Chaudhary,CCTNS_ALIAS_LOG,2024-01-01,2025-12-31,0.9,True
ALIAS_01088,P_01088,O. Mani,CCTNS_ALIAS_LOG,2024-01-01,2025-12-31,0.9,True
ALIAS_01089,P_01089,A. Baral,CCTNS_ALIAS_LOG,2024-01-01,2025-12-31,0.9,True
ALIAS_01090,P_01090,S. Verma,CCTNS_ALIAS_LOG,2024-01-01,2025-12-31,0.9,True
ALIAS_01091,P_01091,A. Chadha,CCTNS_ALIAS_LOG,2024-01-01,2025-12-31,0.9,True
ALIAS_01092,P_01092,A. Setty,CCTNS_ALIAS_LOG,2024-01-01,2025-12-31,0.9,True
ALIAS_01093,P_01093,R. Banik,CCTNS_ALIAS_LOG,2024-01-01,2025-12-31,0.9,True
ALIAS_01094,P_01094,M. Sundaram,CCTNS_ALIAS_LOG,2024-01-01,2025-12-31,0.9,True
ALIAS_01095,P_01095,A. Saraf,CCTNS_ALIAS_LOG,2024-01-01,2025-12-31,0.9,True
ALIAS_01096,P_01096,W. Palla,CCTNS_ALIAS_LOG,2024-01-01,2025-12-31,0.9,True
ALIAS_01097,P_01097,V. Merchant,CCTNS_ALIAS_LOG,2024-01-01,2025-12-31,0.9,True
ALIAS_01098,P_01098,J. Goda,CCTNS_ALIAS_LOG,2024-01-01,2025-12-31,0.9,True
ALIAS_01099,P_01099,A. Mannan,CCTNS_ALIAS_LOG,2024-01-01,2025-12-31,0.9,True
ALIAS_01100,P_01100,N. Raman,CCTNS_ALIAS_LOG,2024-01-01,2025-12-31,0.9,True
ALIAS_01101,P_01101,H. Bath,CCTNS_ALIAS_LOG,2024-01-01,2025-12-31,0.9,True
ALIAS_01102,P_01102,I. Narayan,CCTNS_ALIAS_LOG,2024-01-01,2025-12-31,0.9,True
ALIAS_01103,P_01103,C. Venkataraman,CCTNS_ALIAS_LOG,2024-01-01,2025-12-31,0.9,True
ALIAS_01104,P_01104,K. Narula,CCTNS_ALIAS_LOG,2024-01-01,2025-12-31,0.9,True
ALIAS_01105,P_01105,V. Basak,CCTNS_ALIAS_LOG,2024-01-01,2025-12-31,0.9,True
ALIAS_01106,P_01106,J. Purohit,CCTNS_ALIAS_LOG,2024-01-01,2025-12-31,0.9,True
ALIAS_01107,P_01107,M. Chandran,CCTNS_ALIAS_LOG,2024-01-01,2025-12-31,0.9,True
ALIAS_01108,P_01108,T. Jain,CCTNS_ALIAS_LOG,2024-01-01,2025-12-31,0.9,True
ALIAS_01109,P_01109,A. Subramanian,CCTNS_ALIAS_LOG,2024-01-01,2025-12-31,0.9,True
ALIAS_01110,P_01110,S. Kapur,CCTNS_ALIAS_LOG,2024-01-01,2025-12-31,0.9,True
ALIAS_01111,P_01111,G. Dhawan,CCTNS_ALIAS_LOG,2024-01-01,2025-12-31,0.9,True
ALIAS_01112,P_01112,N. Solanki,CCTNS_ALIAS_LOG,2024-01-01,2025-12-31,0.9,True
ALIAS_01113,P_01113,B. Nagy,CCTNS_ALIAS_LOG,2024-01-01,2025-12-31,0.9,True
ALIAS_01114,P_01114,W. Nagy,CCTNS_ALIAS_LOG,2024-01-01,2025-12-31,0.9,True
ALIAS_01115,P_01115,A. Edwin,CCTNS_ALIAS_LOG,2024-01-01,2025-12-31,0.9,True
ALIAS_01116,P_01116,O. Vohra,CCTNS_ALIAS_LOG,2024-01-01,2025-12-31,0.9,True
ALIAS_01117,P_01117,A. Virk,CCTNS_ALIAS_LOG,2024-01-01,2025-12-31,0.9,True
ALIAS_01118,P_01118,K. Venkataraman,CCTNS_ALIAS_LOG,2024-01-01,2025-12-31,0.9,True
ALIAS_01119,P_01119,A. Nadkarni,CCTNS_ALIAS_LOG,2024-01-01,2025-12-31,0.9,True
ALIAS_01120,P_01120,G. Yogi,CCTNS_ALIAS_LOG,2024-01-01,2025-12-31,0.9,True
ALIAS_01121,P_01121,I. Kara,CCTNS_ALIAS_LOG,2024-01-01,2025-12-31,0.9,True
ALIAS_01122,P_01122,N. Kumar,CCTNS_ALIAS_LOG,2024-01-01,2025-12-31,0.9,True
ALIAS_01123,P_01123,J. Vig,CCTNS_ALIAS_LOG,2024-01-01,2025-12-31,0.9,True
ALIAS_01124,P_01124,A. Kata,CCTNS_ALIAS_LOG,2024-01-01,2025-12-31,0.9,True
ALIAS_01125,P_01125,C. Devan,CCTNS_ALIAS_LOG,2024-01-01,2025-12-31,0.9,True
ALIAS_01126,P_01126,W. Ramaswamy,CCTNS_ALIAS_LOG,2024-01-01,2025-12-31,0.9,True
ALIAS_01127,P_01127,O. Mall,CCTNS_ALIAS_LOG,2024-01-01,2025-12-31,0.9,True
ALIAS_01128,P_01128,P. Bakshi,CCTNS_ALIAS_LOG,2024-01-01,2025-12-31,0.9,True
ALIAS_01129,P_01129,P. Anne,CCTNS_ALIAS_LOG,2024-01-01,2025-12-31,0.9,True
ALIAS_01130,P_01130,G. Pillay,CCTNS_ALIAS_LOG,2024-01-01,2025-12-31,0.9,True
ALIAS_01131,P_01131,C. Kulkarni,CCTNS_ALIAS_LOG,2024-01-01,2025-12-31,0.9,True
ALIAS_01132,P_01132,O. Solanki,CCTNS_ALIAS_LOG,2024-01-01,2025-12-31,0.9,True
ALIAS_01133,P_01133,F. Saini,CCTNS_ALIAS_LOG,2024-01-01,2025-12-31,0.9,True
ALIAS_01134,P_01134,A. Natarajan,CCTNS_ALIAS_LOG,2024-01-01,2025-12-31,0.9,True
ALIAS_01135,P_01135,R. Thaker,CCTNS_ALIAS_LOG,2024-01-01,2025-12-31,0.9,True
ALIAS_01136,P_01136,O. Aggarwal,CCTNS_ALIAS_LOG,2024-01-01,2025-12-31,0.9,True
ALIAS_01137,P_01137,G. Dada,CCTNS_ALIAS_LOG,2024-01-01,2025-12-31,0.9,True
ALIAS_01138,P_01138,K. Sharma,CCTNS_ALIAS_LOG,2024-01-01,2025-12-31,0.9,True
ALIAS_01139,P_01139,B. Gokhale,CCTNS_ALIAS_LOG,2024-01-01,2025-12-31,0.9,True
ALIAS_01140,P_01140,C. Lad,CCTNS_ALIAS_LOG,2024-01-01,2025-12-31,0.9,True
ALIAS_01141,P_01141,O. Bansal,CCTNS_ALIAS_LOG,2024-01-01,2025-12-31,0.9,True
ALIAS_01142,P_01142,Y. Luthra,CCTNS_ALIAS_LOG,2024-01-01,2025-12-31,0.9,True
ALIAS_01143,P_01143,Z. Grewal,CCTNS_ALIAS_LOG,2024-01-01,2025-12-31,0.9,True
ALIAS_01144,P_01144,E. Cheema,CCTNS_ALIAS_LOG,2024-01-01,2025-12-31,0.9,True
ALIAS_01145,P_01145,I. Mohan,CCTNS_ALIAS_LOG,2024-01-01,2025-12-31,0.9,True
ALIAS_01146,P_01146,U. Kohli,CCTNS_ALIAS_LOG,2024-01-01,2025-12-31,0.9,True
ALIAS_01147,P_01147,O. Sandhu,CCTNS_ALIAS_LOG,2024-01-01,2025-12-31,0.9,True
ALIAS_01148,P_01148,C. Viswanathan,CCTNS_ALIAS_LOG,2024-01-01,2025-12-31,0.9,True
ALIAS_01149,P_01149,H. Shanker,CCTNS_ALIAS_LOG,2024-01-01,2025-12-31,0.9,True
ALIAS_01150,P_01150,D. Buch,CCTNS_ALIAS_LOG,2024-01-01,2025-12-31,0.9,True
ALIAS_01151,P_01151,V. Dutta,CCTNS_ALIAS_LOG,2024-01-01,2025-12-31,0.9,True
ALIAS_01152,P_01152,U. Kibe,CCTNS_ALIAS_LOG,2024-01-01,2025-12-31,0.9,True
ALIAS_01153,P_01153,M. Walla,CCTNS_ALIAS_LOG,2024-01-01,2025-12-31,0.9,True
ALIAS_01154,P_01154,J. Pathak,CCTNS_ALIAS_LOG,2024-01-01,2025-12-31,0.9,True
ALIAS_01155,P_01155,X. Guha,CCTNS_ALIAS_LOG,2024-01-01,2025-12-31,0.9,True
ALIAS_01156,P_01156,P. Dora,CCTNS_ALIAS_LOG,2024-01-01,2025-12-31,0.9,True
ALIAS_01157,P_01157,N. Rao,CCTNS_ALIAS_LOG,2024-01-01,2025-12-31,0.9,True
ALIAS_01158,P_01158,N. Nagar,CCTNS_ALIAS_LOG,2024-01-01,2025-12-31,0.9,True
ALIAS_01159,P_01159,C. Sandal,CCTNS_ALIAS_LOG,2024-01-01,2025-12-31,0.9,True
ALIAS_01160,P_01160,J. Choudhury,CCTNS_ALIAS_LOG,2024-01-01,2025-12-31,0.9,True
ALIAS_01161,P_01161,Y. Sha,CCTNS_ALIAS_LOG,2024-01-01,2025-12-31,0.9,True
ALIAS_01162,P_01162,J. Bedi,CCTNS_ALIAS_LOG,2024-01-01,2025-12-31,0.9,True
ALIAS_01163,P_01163,C. Parikh,CCTNS_ALIAS_LOG,2024-01-01,2025-12-31,0.9,True
ALIAS_01164,P_01164,B. Wali,CCTNS_ALIAS_LOG,2024-01-01,2025-12-31,0.9,True
ALIAS_01165,P_01165,R. Maharaj,CCTNS_ALIAS_LOG,2024-01-01,2025-12-31,0.9,True
ALIAS_01166,P_01166,K. Barad,CCTNS_ALIAS_LOG,2024-01-01,2025-12-31,0.9,True
ALIAS_01167,P_01167,A. Gour,CCTNS_ALIAS_LOG,2024-01-01,2025-12-31,0.9,True
ALIAS_01168,P_01168,C. Prasad,CCTNS_ALIAS_LOG,2024-01-01,2025-12-31,0.9,True
ALIAS_01169,P_01169,M. Golla,CCTNS_ALIAS_LOG,2024-01-01,2025-12-31,0.9,True
ALIAS_01170,P_01170,A. Shere,CCTNS_ALIAS_LOG,2024-01-01,2025-12-31,0.9,True
ALIAS_01171,P_01171,T. Salvi,CCTNS_ALIAS_LOG,2024-01-01,2025-12-31,0.9,True
ALIAS_01172,P_01172,E. Pal,CCTNS_ALIAS_LOG,2024-01-01,2025-12-31,0.9,True
ALIAS_01173,P_01173,A. Rau,CCTNS_ALIAS_LOG,2024-01-01,2025-12-31,0.9,True
ALIAS_01174,P_01174,D. Manne,CCTNS_ALIAS_LOG,2024-01-01,2025-12-31,0.9,True
ALIAS_01175,P_01175,O. Bajaj,CCTNS_ALIAS_LOG,2024-01-01,2025-12-31,0.9,True
ALIAS_01176,P_01176,M. Kamdar,CCTNS_ALIAS_LOG,2024-01-01,2025-12-31,0.9,True
ALIAS_01177,P_01177,T. Sahota,CCTNS_ALIAS_LOG,2024-01-01,2025-12-31,0.9,True
ALIAS_01178,P_01178,U. Raval,CCTNS_ALIAS_LOG,2024-01-01,2025-12-31,0.9,True
ALIAS_01179,P_01179,A. Walia,CCTNS_ALIAS_LOG,2024-01-01,2025-12-31,0.9,True
ALIAS_01180,P_01180,A. Kapur,CCTNS_ALIAS_LOG,2024-01-01,2025-12-31,0.9,True
ALIAS_01181,P_01181,Z. Ganesan,CCTNS_ALIAS_LOG,2024-01-01,2025-12-31,0.9,True
ALIAS_01182,P_01182,N. Shankar,CCTNS_ALIAS_LOG,2024-01-01,2025-12-31,0.9,True
ALIAS_01183,P_01183,A. Jhaveri,CCTNS_ALIAS_LOG,2024-01-01,2025-12-31,0.9,True
ALIAS_01184,P_01184,G. Dutta,CCTNS_ALIAS_LOG,2024-01-01,2025-12-31,0.9,True
ALIAS_01185,P_01185,O. Lad,CCTNS_ALIAS_LOG,2024-01-01,2025-12-31,0.9,True
ALIAS_01186,P_01186,J. Ratta,CCTNS_ALIAS_LOG,2024-01-01,2025-12-31,0.9,True
ALIAS_01187,P_01187,J. Sachar,CCTNS_ALIAS_LOG,2024-01-01,2025-12-31,0.9,True
ALIAS_01188,P_01188,T. Swamy,CCTNS_ALIAS_LOG,2024-01-01,2025-12-31,0.9,True
ALIAS_01189,P_01189,A. Banik,CCTNS_ALIAS_LOG,2024-01-01,2025-12-31,0.9,True
ALIAS_01190,P_01190,D. Dutt,CCTNS_ALIAS_LOG,2024-01-01,2025-12-31,0.9,True
ALIAS_01191,P_01191,A. Kari,CCTNS_ALIAS_LOG,2024-01-01,2025-12-31,0.9,True
ALIAS_01192,P_01192,V. Garde,CCTNS_ALIAS_LOG,2024-01-01,2025-12-31,0.9,True
ALIAS_01193,P_01193,V. Gara,CCTNS_ALIAS_LOG,2024-01-01,2025-12-31,0.9,True
ALIAS_01194,P_01194,D. Jhaveri,CCTNS_ALIAS_LOG,2024-01-01,2025-12-31,0.9,True
ALIAS_01195,P_01195,T. Arora,CCTNS_ALIAS_LOG,2024-01-01,2025-12-31,0.9,True
ALIAS_01196,P_01196,A. Warrior,CCTNS_ALIAS_LOG,2024-01-01,2025-12-31,0.9,True
ALIAS_01197,P_01197,Q. Konda,CCTNS_ALIAS_LOG,2024-01-01,2025-12-31,0.9,True
ALIAS_01198,P_01198,R. Bhatt,CCTNS_ALIAS_LOG,2024-01-01,2025-12-31,0.9,True
ALIAS_01199,P_01199,U. Chaudhari,CCTNS_ALIAS_LOG,2024-01-01,2025-12-31,0.9,True
ALIAS_01200,P_01200,H. Kale,CCTNS_ALIAS_LOG,2024-01-01,2025-12-31,0.9,True
ALIAS_01201,P_01201,A. Krishnamurthy,CCTNS_ALIAS_LOG,2024-01-01,2025-12-31,0.9,True
ALIAS_01202,P_01202,Y. Mander,CCTNS_ALIAS_LOG,2024-01-01,2025-12-31,0.9,True
ALIAS_01203,P_01203,I. Gopal,CCTNS_ALIAS_LOG,2024-01-01,2025-12-31,0.9,True
ALIAS_01204,P_01204,D. Sankaran,CCTNS_ALIAS_LOG,2024-01-01,2025-12-31,0.9,True
ALIAS_01205,P_01205,V. Kala,CCTNS_ALIAS_LOG,2024-01-01,2025-12-31,0.9,True
ALIAS_01206,P_01206,S. Dubey,CCTNS_ALIAS_LOG,2024-01-01,2025-12-31,0.9,True
ALIAS_01207,P_01207,Z. Som,CCTNS_ALIAS_LOG,2024-01-01,2025-12-31,0.9,True
ALIAS_01208,P_01208,G. Pandya,CCTNS_ALIAS_LOG,2024-01-01,2025-12-31,0.9,True
ALIAS_01209,P_01209,N. Bhakta,CCTNS_ALIAS_LOG,2024-01-01,2025-12-31,0.9,True
ALIAS_01210,P_01210,K. Bajwa,CCTNS_ALIAS_LOG,2024-01-01,2025-12-31,0.9,True
ALIAS_01211,P_01211,Y. Sarraf,CCTNS_ALIAS_LOG,2024-01-01,2025-12-31,0.9,True
ALIAS_01212,P_01212,M. Sur,CCTNS_ALIAS_LOG,2024-01-01,2025-12-31,0.9,True
ALIAS_01213,P_01213,K. Sarma,CCTNS_ALIAS_LOG,2024-01-01,2025-12-31,0.9,True
ALIAS_01214,P_01214,M. Mistry,CCTNS_ALIAS_LOG,2024-01-01,2025-12-31,0.9,True
ALIAS_01215,P_01215,A. Dey,CCTNS_ALIAS_LOG,2024-01-01,2025-12-31,0.9,True
ALIAS_01216,P_01216,V. Sharma,CCTNS_ALIAS_LOG,2024-01-01,2025-12-31,0.9,True
ALIAS_01217,P_01217,N. Sane,CCTNS_ALIAS_LOG,2024-01-01,2025-12-31,0.9,True
ALIAS_01218,P_01218,A. Thaman,CCTNS_ALIAS_LOG,2024-01-01,2025-12-31,0.9,True
ALIAS_01219,P_01219,G. Chowdhury,CCTNS_ALIAS_LOG,2024-01-01,2025-12-31,0.9,True
ALIAS_01220,P_01220,A. Shroff,CCTNS_ALIAS_LOG,2024-01-01,2025-12-31,0.9,True
ALIAS_01221,P_01221,A. Ratti,CCTNS_ALIAS_LOG,2024-01-01,2025-12-31,0.9,True
ALIAS_01222,P_01222,A. Kapoor,CCTNS_ALIAS_LOG,2024-01-01,2025-12-31,0.9,True
ALIAS_01223,P_01223,M. Jhaveri,CCTNS_ALIAS_LOG,2024-01-01,2025-12-31,0.9,True
ALIAS_01224,P_01224,E. Narang,CCTNS_ALIAS_LOG,2024-01-01,2025-12-31,0.9,True
ALIAS_01225,P_01225,I. Bala,CCTNS_ALIAS_LOG,2024-01-01,2025-12-31,0.9,True
ALIAS_01226,P_01226,S. Sarna,CCTNS_ALIAS_LOG,2024-01-01,2025-12-31,0.9,True
ALIAS_01227,P_01227,N. Kadakia,CCTNS_ALIAS_LOG,2024-01-01,2025-12-31,0.9,True
ALIAS_01228,P_01228,V. Kumer,CCTNS_ALIAS_LOG,2024-01-01,2025-12-31,0.9,True
ALIAS_01229,P_01229,H. Pant,CCTNS_ALIAS_LOG,2024-01-01,2025-12-31,0.9,True
ALIAS_01230,P_01230,A. Maharaj,CCTNS_ALIAS_LOG,2024-01-01,2025-12-31,0.9,True
ALIAS_01231,P_01231,L. Singhal,CCTNS_ALIAS_LOG,2024-01-01,2025-12-31,0.9,True
ALIAS_01232,P_01232,O. Ghosh,CCTNS_ALIAS_LOG,2024-01-01,2025-12-31,0.9,True
ALIAS_01233,P_01233,N. Prakash,CCTNS_ALIAS_LOG,2024-01-01,2025-12-31,0.9,True
ALIAS_01234,P_01234,B. Dhawan,CCTNS_ALIAS_LOG,2024-01-01,2025-12-31,0.9,True
ALIAS_01235,P_01235,I. Kapoor,CCTNS_ALIAS_LOG,2024-01-01,2025-12-31,0.9,True
ALIAS_01236,P_01236,K. Acharya,CCTNS_ALIAS_LOG,2024-01-01,2025-12-31,0.9,True
ALIAS_01237,P_01237,G. Sridhar,CCTNS_ALIAS_LOG,2024-01-01,2025-12-31,0.9,True
ALIAS_01238,P_01238,F. Chandran,CCTNS_ALIAS_LOG,2024-01-01,2025-12-31,0.9,True
ALIAS_01239,P_01239,T. Venkatesh,CCTNS_ALIAS_LOG,2024-01-01,2025-12-31,0.9,True
ALIAS_01240,P_01240,B. Rajan,CCTNS_ALIAS_LOG,2024-01-01,2025-12-31,0.9,True
ALIAS_01241,P_01241,E. Apte,CCTNS_ALIAS_LOG,2024-01-01,2025-12-31,0.9,True
ALIAS_01242,P_01242,S. Lall,CCTNS_ALIAS_LOG,2024-01-01,2025-12-31,0.9,True
ALIAS_01243,P_01243,T. Char,CCTNS_ALIAS_LOG,2024-01-01,2025-12-31,0.9,True
ALIAS_01244,P_01244,G. Karan,CCTNS_ALIAS_LOG,2024-01-01,2025-12-31,0.9,True
ALIAS_01245,P_01245,R. Butala,CCTNS_ALIAS_LOG,2024-01-01,2025-12-31,0.9,True
ALIAS_01246,P_01246,R. Pandya,CCTNS_ALIAS_LOG,2024-01-01,2025-12-31,0.9,True
ALIAS_01247,P_01247,K. Dutt,CCTNS_ALIAS_LOG,2024-01-01,2025-12-31,0.9,True
ALIAS_01248,P_01248,C. Rattan,CCTNS_ALIAS_LOG,2024-01-01,2025-12-31,0.9,True
ALIAS_01249,P_01249,F. Krishnamurthy,CCTNS_ALIAS_LOG,2024-01-01,2025-12-31,0.9,True
ALIAS_01250,P_01250,N. Kibe,CCTNS_ALIAS_LOG,2024-01-01,2025-12-31,0.9,True
ALIAS_01251,P_01251,A. Dey,CCTNS_ALIAS_LOG,2024-01-01,2025-12-31,0.9,True
ALIAS_01252,P_01252,J. Verma,CCTNS_ALIAS_LOG,2024-01-01,2025-12-31,0.9,True
ALIAS_01253,P_01253,S. Dube,CCTNS_ALIAS_LOG,2024-01-01,2025-12-31,0.9,True
ALIAS_01254,P_01254,P. Ganguly,CCTNS_ALIAS_LOG,2024-01-01,2025-12-31,0.9,True
ALIAS_01255,P_01255,W. Sankaran,CCTNS_ALIAS_LOG,2024-01-01,2025-12-31,0.9,True
ALIAS_01256,P_01256,I. Chacko,CCTNS_ALIAS_LOG,2024-01-01,2025-12-31,0.9,True
ALIAS_01257,P_01257,H. Sura,CCTNS_ALIAS_LOG,2024-01-01,2025-12-31,0.9,True
ALIAS_01258,P_01258,J. Khare,CCTNS_ALIAS_LOG,2024-01-01,2025-12-31,0.9,True
ALIAS_01259,P_01259,M. Sankaran,CCTNS_ALIAS_LOG,2024-01-01,2025-12-31,0.9,True
ALIAS_01260,P_01260,T. Kulkarni,CCTNS_ALIAS_LOG,2024-01-01,2025-12-31,0.9,True
ALIAS_01261,P_01261,T. Lall,CCTNS_ALIAS_LOG,2024-01-01,2025-12-31,0.9,True
ALIAS_01262,P_01262,G. Pandey,CCTNS_ALIAS_LOG,2024-01-01,2025-12-31,0.9,True
ALIAS_01263,P_01263,Q. Raja,CCTNS_ALIAS_LOG,2024-01-01,2025-12-31,0.9,True
ALIAS_01264,P_01264,A. Choudhury,CCTNS_ALIAS_LOG,2024-01-01,2025-12-31,0.9,True
ALIAS_01265,P_01265,M. Borra,CCTNS_ALIAS_LOG,2024-01-01,2025-12-31,0.9,True
ALIAS_01266,P_01266,M. Deol,CCTNS_ALIAS_LOG,2024-01-01,2025-12-31,0.9,True
ALIAS_01267,P_01267,Y. Dubey,CCTNS_ALIAS_LOG,2024-01-01,2025-12-31,0.9,True
ALIAS_01268,P_01268,T. Dhillon,CCTNS_ALIAS_LOG,2024-01-01,2025-12-31,0.9,True
ALIAS_01269,P_01269,N. Grewal,CCTNS_ALIAS_LOG,2024-01-01,2025-12-31,0.9,True
ALIAS_01270,P_01270,R. Prabhakar,CCTNS_ALIAS_LOG,2024-01-01,2025-12-31,0.9,True
ALIAS_01271,P_01271,Y. Yohannan,CCTNS_ALIAS_LOG,2024-01-01,2025-12-31,0.9,True
ALIAS_01272,P_01272,U. Shroff,CCTNS_ALIAS_LOG,2024-01-01,2025-12-31,0.9,True
ALIAS_01273,P_01273,O. Bains,CCTNS_ALIAS_LOG,2024-01-01,2025-12-31,0.9,True
ALIAS_01274,P_01274,Z. Bala,CCTNS_ALIAS_LOG,2024-01-01,2025-12-31,0.9,True
ALIAS_01275,P_01275,V. Trivedi,CCTNS_ALIAS_LOG,2024-01-01,2025-12-31,0.9,True
ALIAS_01276,P_01276,E. Bhatt,CCTNS_ALIAS_LOG,2024-01-01,2025-12-31,0.9,True
ALIAS_01277,P_01277,G. Chakraborty,CCTNS_ALIAS_LOG,2024-01-01,2025-12-31,0.9,True
ALIAS_01278,P_01278,G. Mukhopadhyay,CCTNS_ALIAS_LOG,2024-01-01,2025-12-31,0.9,True
ALIAS_01279,P_01279,U. Panchal,CCTNS_ALIAS_LOG,2024-01-01,2025-12-31,0.9,True
ALIAS_01280,P_01280,D. Prakash,CCTNS_ALIAS_LOG,2024-01-01,2025-12-31,0.9,True
ALIAS_01281,P_01281,A. Prasad,CCTNS_ALIAS_LOG,2024-01-01,2025-12-31,0.9,True
ALIAS_01282,P_01282,G. Dubey,CCTNS_ALIAS_LOG,2024-01-01,2025-12-31,0.9,True
ALIAS_01283,P_01283,B. Yogi,CCTNS_ALIAS_LOG,2024-01-01,2025-12-31,0.9,True
ALIAS_01284,P_01284,H. Tank,CCTNS_ALIAS_LOG,2024-01-01,2025-12-31,0.9,True
ALIAS_01285,P_01285,J. Bhatti,CCTNS_ALIAS_LOG,2024-01-01,2025-12-31,0.9,True
ALIAS_01286,P_01286,B. Parmar,CCTNS_ALIAS_LOG,2024-01-01,2025-12-31,0.9,True
ALIAS_01287,P_01287,S. Mandal,CCTNS_ALIAS_LOG,2024-01-01,2025-12-31,0.9,True
ALIAS_01288,P_01288,K. Butala,CCTNS_ALIAS_LOG,2024-01-01,2025-12-31,0.9,True
ALIAS_01289,P_01289,D. Tank,CCTNS_ALIAS_LOG,2024-01-01,2025-12-31,0.9,True
ALIAS_01290,P_01290,C. Warrior,CCTNS_ALIAS_LOG,2024-01-01,2025-12-31,0.9,True
ALIAS_01291,P_01291,R. Trivedi,CCTNS_ALIAS_LOG,2024-01-01,2025-12-31,0.9,True
ALIAS_01292,P_01292,T. Nagarajan,CCTNS_ALIAS_LOG,2024-01-01,2025-12-31,0.9,True
ALIAS_01293,P_01293,L. Jha,CCTNS_ALIAS_LOG,2024-01-01,2025-12-31,0.9,True
ALIAS_01294,P_01294,N. Basu,CCTNS_ALIAS_LOG,2024-01-01,2025-12-31,0.9,True
ALIAS_01295,P_01295,A. Rout,CCTNS_ALIAS_LOG,2024-01-01,2025-12-31,0.9,True
ALIAS_01296,P_01296,A. Rana,CCTNS_ALIAS_LOG,2024-01-01,2025-12-31,0.9,True
ALIAS_01297,P_01297,E. Goswami,CCTNS_ALIAS_LOG,2024-01-01,2025-12-31,0.9,True
ALIAS_01298,P_01298,J. Rana,CCTNS_ALIAS_LOG,2024-01-01,2025-12-31,0.9,True
ALIAS_01299,P_01299,I. Choudhury,CCTNS_ALIAS_LOG,2024-01-01,2025-12-31,0.9,True
ALIAS_01300,P_01300,K. Sarma,CCTNS_ALIAS_LOG,2024-01-01,2025-12-31,0.9,True
ALIAS_01301,P_01301,M. Om,CCTNS_ALIAS_LOG,2024-01-01,2025-12-31,0.9,True
ALIAS_01302,P_01302,M. Manne,CCTNS_ALIAS_LOG,2024-01-01,2025-12-31,0.9,True
ALIAS_01303,P_01303,E. Korpal,CCTNS_ALIAS_LOG,2024-01-01,2025-12-31,0.9,True
ALIAS_01304,P_01304,N. Vasa,CCTNS_ALIAS_LOG,2024-01-01,2025-12-31,0.9,True
ALIAS_01305,P_01305,L. Aggarwal,CCTNS_ALIAS_LOG,2024-01-01,2025-12-31,0.9,True
ALIAS_01306,P_01306,V. Raju,CCTNS_ALIAS_LOG,2024-01-01,2025-12-31,0.9,True
ALIAS_01307,P_01307,S. Srinivas,CCTNS_ALIAS_LOG,2024-01-01,2025-12-31,0.9,True
ALIAS_01308,P_01308,N. Pillai,CCTNS_ALIAS_LOG,2024-01-01,2025-12-31,0.9,True
ALIAS_01309,P_01309,N. Dass,CCTNS_ALIAS_LOG,2024-01-01,2025-12-31,0.9,True
ALIAS_01310,P_01310,L. Sheth,CCTNS_ALIAS_LOG,2024-01-01,2025-12-31,0.9,True
ALIAS_01311,P_01311,T. Halder,CCTNS_ALIAS_LOG,2024-01-01,2025-12-31,0.9,True
ALIAS_01312,P_01312,M. Dhaliwal,CCTNS_ALIAS_LOG,2024-01-01,2025-12-31,0.9,True
ALIAS_01313,P_01313,G. Dugar,CCTNS_ALIAS_LOG,2024-01-01,2025-12-31,0.9,True
ALIAS_01314,P_01314,O. Mahajan,CCTNS_ALIAS_LOG,2024-01-01,2025-12-31,0.9,True
ALIAS_01315,P_01315,U. Korpal,CCTNS_ALIAS_LOG,2024-01-01,2025-12-31,0.9,True
ALIAS_01316,P_01316,D. Chada,CCTNS_ALIAS_LOG,2024-01-01,2025-12-31,0.9,True
ALIAS_01317,P_01317,T. Mohanty,CCTNS_ALIAS_LOG,2024-01-01,2025-12-31,0.9,True
ALIAS_01318,P_01318,C. Chaudhuri,CCTNS_ALIAS_LOG,2024-01-01,2025-12-31,0.9,True
ALIAS_01319,P_01319,U. Mand,CCTNS_ALIAS_LOG,2024-01-01,2025-12-31,0.9,True
ALIAS_01320,P_01320,V. Garde,CCTNS_ALIAS_LOG,2024-01-01,2025-12-31,0.9,True
ALIAS_01321,P_01321,H. Nori,CCTNS_ALIAS_LOG,2024-01-01,2025-12-31,0.9,True
ALIAS_01322,P_01322,I. Hegde,CCTNS_ALIAS_LOG,2024-01-01,2025-12-31,0.9,True
ALIAS_01323,P_01323,J. Krishnan,CCTNS_ALIAS_LOG,2024-01-01,2025-12-31,0.9,True
ALIAS_01324,P_01324,C. Khare,CCTNS_ALIAS_LOG,2024-01-01,2025-12-31,0.9,True
ALIAS_01325,P_01325,F. Natarajan,CCTNS_ALIAS_LOG,2024-01-01,2025-12-31,0.9,True
ALIAS_01326,P_01326,L. Rama,CCTNS_ALIAS_LOG,2024-01-01,2025-12-31,0.9,True
ALIAS_01327,P_01327,N. Oommen,CCTNS_ALIAS_LOG,2024-01-01,2025-12-31,0.9,True
ALIAS_01328,P_01328,F. Nagar,CCTNS_ALIAS_LOG,2024-01-01,2025-12-31,0.9,True
ALIAS_01329,P_01329,D. Dube,CCTNS_ALIAS_LOG,2024-01-01,2025-12-31,0.9,True
ALIAS_01330,P_01330,T. Narayanan,CCTNS_ALIAS_LOG,2024-01-01,2025-12-31,0.9,True
ALIAS_01331,P_01331,G. Aggarwal,CCTNS_ALIAS_LOG,2024-01-01,2025-12-31,0.9,True
ALIAS_01332,P_01332,V. Hora,CCTNS_ALIAS_LOG,2024-01-01,2025-12-31,0.9,True
ALIAS_01333,P_01333,F. Goda,CCTNS_ALIAS_LOG,2024-01-01,2025-12-31,0.9,True
ALIAS_01334,P_01334,R. Nagy,CCTNS_ALIAS_LOG,2024-01-01,2025-12-31,0.9,True
ALIAS_01335,P_01335,T. Sandhu,CCTNS_ALIAS_LOG,2024-01-01,2025-12-31,0.9,True
ALIAS_01336,P_01336,D. Tak,CCTNS_ALIAS_LOG,2024-01-01,2025-12-31,0.9,True
ALIAS_01337,P_01337,D. Lala,CCTNS_ALIAS_LOG,2024-01-01,2025-12-31,0.9,True
ALIAS_01338,P_01338,D. Gupta,CCTNS_ALIAS_LOG,2024-01-01,2025-12-31,0.9,True
ALIAS_01339,P_01339,N. Sheth,CCTNS_ALIAS_LOG,2024-01-01,2025-12-31,0.9,True
ALIAS_01340,P_01340,L. Dixit,CCTNS_ALIAS_LOG,2024-01-01,2025-12-31,0.9,True
ALIAS_01341,P_01341,G. Babu,CCTNS_ALIAS_LOG,2024-01-01,2025-12-31,0.9,True
ALIAS_01342,P_01342,N. Mitter,CCTNS_ALIAS_LOG,2024-01-01,2025-12-31,0.9,True
ALIAS_01343,P_01343,V. Bhasin,CCTNS_ALIAS_LOG,2024-01-01,2025-12-31,0.9,True
ALIAS_01344,P_01344,Z. Talwar,CCTNS_ALIAS_LOG,2024-01-01,2025-12-31,0.9,True
ALIAS_01345,P_01345,P. Dara,CCTNS_ALIAS_LOG,2024-01-01,2025-12-31,0.9,True
ALIAS_01346,P_01346,D. Badami,CCTNS_ALIAS_LOG,2024-01-01,2025-12-31,0.9,True
ALIAS_01347,P_01347,V. Mand,CCTNS_ALIAS_LOG,2024-01-01,2025-12-31,0.9,True
ALIAS_01348,P_01348,Z. Suresh,CCTNS_ALIAS_LOG,2024-01-01,2025-12-31,0.9,True
ALIAS_01349,P_01349,F. Wadhwa,CCTNS_ALIAS_LOG,2024-01-01,2025-12-31,0.9,True
ALIAS_01350,P_01350,J. Bhargava,CCTNS_ALIAS_LOG,2024-01-01,2025-12-31,0.9,True
ALIAS_01351,P_01351,A. Nagarajan,CCTNS_ALIAS_LOG,2024-01-01,2025-12-31,0.9,True
ALIAS_01352,P_01352,D. Hayer,CCTNS_ALIAS_LOG,2024-01-01,2025-12-31,0.9,True
ALIAS_01353,P_01353,M. Minhas,CCTNS_ALIAS_LOG,2024-01-01,2025-12-31,0.9,True
ALIAS_01354,P_01354,S. Murthy,CCTNS_ALIAS_LOG,2024-01-01,2025-12-31,0.9,True
ALIAS_01355,P_01355,N. Dave,CCTNS_ALIAS_LOG,2024-01-01,2025-12-31,0.9,True
ALIAS_01356,P_01356,D. Prashad,CCTNS_ALIAS_LOG,2024-01-01,2025-12-31,0.9,True
ALIAS_01357,P_01357,B. Naik,CCTNS_ALIAS_LOG,2024-01-01,2025-12-31,0.9,True
ALIAS_01358,P_01358,H. Virk,CCTNS_ALIAS_LOG,2024-01-01,2025-12-31,0.9,True
ALIAS_01359,P_01359,E. Tailor,CCTNS_ALIAS_LOG,2024-01-01,2025-12-31,0.9,True
ALIAS_01360,P_01360,S. Dutt,CCTNS_ALIAS_LOG,2024-01-01,2025-12-31,0.9,True
ALIAS_01361,P_01361,V. Basak,CCTNS_ALIAS_LOG,2024-01-01,2025-12-31,0.9,True
ALIAS_01362,P_01362,M. Bahl,CCTNS_ALIAS_LOG,2024-01-01,2025-12-31,0.9,True
ALIAS_01363,P_01363,R. Banik,CCTNS_ALIAS_LOG,2024-01-01,2025-12-31,0.9,True
ALIAS_01364,P_01364,M. Kala,CCTNS_ALIAS_LOG,2024-01-01,2025-12-31,0.9,True
ALIAS_01365,P_01365,N. Jaggi,CCTNS_ALIAS_LOG,2024-01-01,2025-12-31,0.9,True
ALIAS_01366,P_01366,A. Sehgal,CCTNS_ALIAS_LOG,2024-01-01,2025-12-31,0.9,True
ALIAS_01367,P_01367,R. Misra,CCTNS_ALIAS_LOG,2024-01-01,2025-12-31,0.9,True
ALIAS_01368,P_01368,T. Vaidya,CCTNS_ALIAS_LOG,2024-01-01,2025-12-31,0.9,True
ALIAS_01369,P_01369,F. Shankar,CCTNS_ALIAS_LOG,2024-01-01,2025-12-31,0.9,True
ALIAS_01370,P_01370,F. Chhabra,CCTNS_ALIAS_LOG,2024-01-01,2025-12-31,0.9,True
ALIAS_01371,P_01371,N. Chatterjee,CCTNS_ALIAS_LOG,2024-01-01,2025-12-31,0.9,True
ALIAS_01372,P_01372,A. Mishra,CCTNS_ALIAS_LOG,2024-01-01,2025-12-31,0.9,True
ALIAS_01373,P_01373,A. Soni,CCTNS_ALIAS_LOG,2024-01-01,2025-12-31,0.9,True
ALIAS_01374,P_01374,A. Srinivasan,CCTNS_ALIAS_LOG,2024-01-01,2025-12-31,0.9,True
ALIAS_01375,P_01375,R. Shroff,CCTNS_ALIAS_LOG,2024-01-01,2025-12-31,0.9,True
ALIAS_01376,P_01376,S. Loke,CCTNS_ALIAS_LOG,2024-01-01,2025-12-31,0.9,True
ALIAS_01377,P_01377,R. Suresh,CCTNS_ALIAS_LOG,2024-01-01,2025-12-31,0.9,True
ALIAS_01378,P_01378,U. Gade,CCTNS_ALIAS_LOG,2024-01-01,2025-12-31,0.9,True
ALIAS_01379,P_01379,N. Ghosh,CCTNS_ALIAS_LOG,2024-01-01,2025-12-31,0.9,True
ALIAS_01380,P_01380,J. Sankaran,CCTNS_ALIAS_LOG,2024-01-01,2025-12-31,0.9,True
ALIAS_01381,P_01381,N. Basak,CCTNS_ALIAS_LOG,2024-01-01,2025-12-31,0.9,True
ALIAS_01382,P_01382,M. Bumb,CCTNS_ALIAS_LOG,2024-01-01,2025-12-31,0.9,True
ALIAS_01383,P_01383,N. Karan,CCTNS_ALIAS_LOG,2024-01-01,2025-12-31,0.9,True
ALIAS_01384,P_01384,T. Panchal,CCTNS_ALIAS_LOG,2024-01-01,2025-12-31,0.9,True
ALIAS_01385,P_01385,W. Dhawan,CCTNS_ALIAS_LOG,2024-01-01,2025-12-31,0.9,True
ALIAS_01386,P_01386,A. Babu,CCTNS_ALIAS_LOG,2024-01-01,2025-12-31,0.9,True
ALIAS_01387,P_01387,J. Sami,CCTNS_ALIAS_LOG,2024-01-01,2025-12-31,0.9,True
ALIAS_01388,P_01388,K. Joshi,CCTNS_ALIAS_LOG,2024-01-01,2025-12-31,0.9,True
ALIAS_01389,P_01389,X. Nagarajan,CCTNS_ALIAS_LOG,2024-01-01,2025-12-31,0.9,True
ALIAS_01390,P_01390,I. Swaminathan,CCTNS_ALIAS_LOG,2024-01-01,2025-12-31,0.9,True
ALIAS_01391,P_01391,Y. Chandra,CCTNS_ALIAS_LOG,2024-01-01,2025-12-31,0.9,True
ALIAS_01392,P_01392,T. Roy,CCTNS_ALIAS_LOG,2024-01-01,2025-12-31,0.9,True
ALIAS_01393,P_01393,U. Maharaj,CCTNS_ALIAS_LOG,2024-01-01,2025-12-31,0.9,True
ALIAS_01394,P_01394,C. Gaba,CCTNS_ALIAS_LOG,2024-01-01,2025-12-31,0.9,True
ALIAS_01395,P_01395,V. Krish,CCTNS_ALIAS_LOG,2024-01-01,2025-12-31,0.9,True
ALIAS_01396,P_01396,V. Saxena,CCTNS_ALIAS_LOG,2024-01-01,2025-12-31,0.9,True
ALIAS_01397,P_01397,W. Peri,CCTNS_ALIAS_LOG,2024-01-01,2025-12-31,0.9,True
ALIAS_01398,P_01398,R. Sami,CCTNS_ALIAS_LOG,2024-01-01,2025-12-31,0.9,True
ALIAS_01399,P_01399,L. Dara,CCTNS_ALIAS_LOG,2024-01-01,2025-12-31,0.9,True
ALIAS_01400,P_01400,V. Bhavsar,CCTNS_ALIAS_LOG,2024-01-01,2025-12-31,0.9,True
ALIAS_01401,P_01401,M. Mital,CCTNS_ALIAS_LOG,2024-01-01,2025-12-31,0.9,True
ALIAS_01402,P_01402,A. Mitter,CCTNS_ALIAS_LOG,2024-01-01,2025-12-31,0.9,True
ALIAS_01403,P_01403,T. Chaudhary,CCTNS_ALIAS_LOG,2024-01-01,2025-12-31,0.9,True
ALIAS_01404,P_01404,V. Varghese,CCTNS_ALIAS_LOG,2024-01-01,2025-12-31,0.9,True
ALIAS_01405,P_01405,D. Sankaran,CCTNS_ALIAS_LOG,2024-01-01,2025-12-31,0.9,True
ALIAS_01406,P_01406,U. Datta,CCTNS_ALIAS_LOG,2024-01-01,2025-12-31,0.9,True
ALIAS_01407,P_01407,F. Sant,CCTNS_ALIAS_LOG,2024-01-01,2025-12-31,0.9,True
ALIAS_01408,P_01408,M. Mand,CCTNS_ALIAS_LOG,2024-01-01,2025-12-31,0.9,True
ALIAS_01409,P_01409,U. Vaidya,CCTNS_ALIAS_LOG,2024-01-01,2025-12-31,0.9,True
ALIAS_01410,P_01410,G. Suri,CCTNS_ALIAS_LOG,2024-01-01,2025-12-31,0.9,True
ALIAS_01411,P_01411,D. Naik,CCTNS_ALIAS_LOG,2024-01-01,2025-12-31,0.9,True
ALIAS_01412,P_01412,A. Lalla,CCTNS_ALIAS_LOG,2024-01-01,2025-12-31,0.9,True
ALIAS_01413,P_01413,T. Venkatesh,CCTNS_ALIAS_LOG,2024-01-01,2025-12-31,0.9,True
ALIAS_01414,P_01414,Y. Ramanathan,CCTNS_ALIAS_LOG,2024-01-01,2025-12-31,0.9,True
ALIAS_01415,P_01415,J. Puri,CCTNS_ALIAS_LOG,2024-01-01,2025-12-31,0.9,True
ALIAS_01416,P_01416,R. Lata,CCTNS_ALIAS_LOG,2024-01-01,2025-12-31,0.9,True
ALIAS_01417,P_01417,L. Golla,CCTNS_ALIAS_LOG,2024-01-01,2025-12-31,0.9,True
ALIAS_01418,P_01418,J. Char,CCTNS_ALIAS_LOG,2024-01-01,2025-12-31,0.9,True
ALIAS_01419,P_01419,B. Sani,CCTNS_ALIAS_LOG,2024-01-01,2025-12-31,0.9,True
ALIAS_01420,P_01420,M. Bajaj,CCTNS_ALIAS_LOG,2024-01-01,2025-12-31,0.9,True
ALIAS_01421,P_01421,G. Madan,CCTNS_ALIAS_LOG,2024-01-01,2025-12-31,0.9,True
ALIAS_01422,P_01422,O. Kannan,CCTNS_ALIAS_LOG,2024-01-01,2025-12-31,0.9,True
ALIAS_01423,P_01423,T. Kata,CCTNS_ALIAS_LOG,2024-01-01,2025-12-31,0.9,True
ALIAS_01424,P_01424,A. Magar,CCTNS_ALIAS_LOG,2024-01-01,2025-12-31,0.9,True
ALIAS_01425,P_01425,X. Tripathi,CCTNS_ALIAS_LOG,2024-01-01,2025-12-31,0.9,True
ALIAS_01426,P_01426,N. Johal,CCTNS_ALIAS_LOG,2024-01-01,2025-12-31,0.9,True
ALIAS_01427,P_01427,L. Singh,CCTNS_ALIAS_LOG,2024-01-01,2025-12-31,0.9,True
ALIAS_01428,P_01428,L. Bahri,CCTNS_ALIAS_LOG,2024-01-01,2025-12-31,0.9,True
ALIAS_01429,P_01429,J. Lad,CCTNS_ALIAS_LOG,2024-01-01,2025-12-31,0.9,True
ALIAS_01430,P_01430,B. Raj,CCTNS_ALIAS_LOG,2024-01-01,2025-12-31,0.9,True
ALIAS_01431,P_01431,F. Vohra,CCTNS_ALIAS_LOG,2024-01-01,2025-12-31,0.9,True
ALIAS_01432,P_01432,N. Muni,CCTNS_ALIAS_LOG,2024-01-01,2025-12-31,0.9,True
ALIAS_01433,P_01433,U. Sampath,CCTNS_ALIAS_LOG,2024-01-01,2025-12-31,0.9,True
ALIAS_01434,P_01434,P. Walla,CCTNS_ALIAS_LOG,2024-01-01,2025-12-31,0.9,True
ALIAS_01435,P_01435,E. Garg,CCTNS_ALIAS_LOG,2024-01-01,2025-12-31,0.9,True
ALIAS_01436,P_01436,C. Singh,CCTNS_ALIAS_LOG,2024-01-01,2025-12-31,0.9,True
ALIAS_01437,P_01437,S. Gill,CCTNS_ALIAS_LOG,2024-01-01,2025-12-31,0.9,True
ALIAS_01438,P_01438,B. Sharma,CCTNS_ALIAS_LOG,2024-01-01,2025-12-31,0.9,True
ALIAS_01439,P_01439,Z. Viswanathan,CCTNS_ALIAS_LOG,2024-01-01,2025-12-31,0.9,True
ALIAS_01440,P_01440,J. Sachar,CCTNS_ALIAS_LOG,2024-01-01,2025-12-31,0.9,True
ALIAS_01441,P_01441,A. Kale,CCTNS_ALIAS_LOG,2024-01-01,2025-12-31,0.9,True
ALIAS_01442,P_01442,L. Babu,CCTNS_ALIAS_LOG,2024-01-01,2025-12-31,0.9,True
ALIAS_01443,P_01443,S. Sheth,CCTNS_ALIAS_LOG,2024-01-01,2025-12-31,0.9,True
ALIAS_01444,P_01444,I. Shroff,CCTNS_ALIAS_LOG,2024-01-01,2025-12-31,0.9,True
ALIAS_01445,P_01445,B. Srinivas,CCTNS_ALIAS_LOG,2024-01-01,2025-12-31,0.9,True
ALIAS_01446,P_01446,H. Dhingra,CCTNS_ALIAS_LOG,2024-01-01,2025-12-31,0.9,True
ALIAS_01447,P_01447,N. Natt,CCTNS_ALIAS_LOG,2024-01-01,2025-12-31,0.9,True
ALIAS_01448,P_01448,V. Sant,CCTNS_ALIAS_LOG,2024-01-01,2025-12-31,0.9,True
ALIAS_01449,P_01449,A. Dhawan,CCTNS_ALIAS_LOG,2024-01-01,2025-12-31,0.9,True
ALIAS_01450,P_01450,C. Mitter,CCTNS_ALIAS_LOG,2024-01-01,2025-12-31,0.9,True
ALIAS_01451,P_01451,A. Kade,CCTNS_ALIAS_LOG,2024-01-01,2025-12-31,0.9,True
ALIAS_01452,P_01452,N. Tak,CCTNS_ALIAS_LOG,2024-01-01,2025-12-31,0.9,True
ALIAS_01453,P_01453,N. Venkatesh,CCTNS_ALIAS_LOG,2024-01-01,2025-12-31,0.9,True
ALIAS_01454,P_01454,Y. Mital,CCTNS_ALIAS_LOG,2024-01-01,2025-12-31,0.9,True
ALIAS_01455,P_01455,T. Kothari,CCTNS_ALIAS_LOG,2024-01-01,2025-12-31,0.9,True
ALIAS_01456,P_01456,G. Mistry,CCTNS_ALIAS_LOG,2024-01-01,2025-12-31,0.9,True
ALIAS_01457,P_01457,N. Sankaran,CCTNS_ALIAS_LOG,2024-01-01,2025-12-31,0.9,True
ALIAS_01458,P_01458,W. Sur,CCTNS_ALIAS_LOG,2024-01-01,2025-12-31,0.9,True
ALIAS_01459,P_01459,G. Dutta,CCTNS_ALIAS_LOG,2024-01-01,2025-12-31,0.9,True
ALIAS_01460,P_01460,M. Zachariah,CCTNS_ALIAS_LOG,2024-01-01,2025-12-31,0.9,True
ALIAS_01461,P_01461,K. Manne,CCTNS_ALIAS_LOG,2024-01-01,2025-12-31,0.9,True
ALIAS_01462,P_01462,F. Baral,CCTNS_ALIAS_LOG,2024-01-01,2025-12-31,0.9,True
ALIAS_01463,P_01463,B. Devi,CCTNS_ALIAS_LOG,2024-01-01,2025-12-31,0.9,True
ALIAS_01464,P_01464,A. Ramaswamy,CCTNS_ALIAS_LOG,2024-01-01,2025-12-31,0.9,True
ALIAS_01465,P_01465,N. Sahota,CCTNS_ALIAS_LOG,2024-01-01,2025-12-31,0.9,True
ALIAS_01466,P_01466,D. Dalal,CCTNS_ALIAS_LOG,2024-01-01,2025-12-31,0.9,True
ALIAS_01467,P_01467,E. Khare,CCTNS_ALIAS_LOG,2024-01-01,2025-12-31,0.9,True
ALIAS_01468,P_01468,U. Bandi,CCTNS_ALIAS_LOG,2024-01-01,2025-12-31,0.9,True
ALIAS_01469,P_01469,Z. Ramachandran,CCTNS_ALIAS_LOG,2024-01-01,2025-12-31,0.9,True
ALIAS_01470,P_01470,P. Murty,CCTNS_ALIAS_LOG,2024-01-01,2025-12-31,0.9,True
ALIAS_01471,P_01471,B. Dey,CCTNS_ALIAS_LOG,2024-01-01,2025-12-31,0.9,True
ALIAS_01472,P_01472,J. Oza,CCTNS_ALIAS_LOG,2024-01-01,2025-12-31,0.9,True
ALIAS_01473,P_01473,G. Tiwari,CCTNS_ALIAS_LOG,2024-01-01,2025-12-31,0.9,True
ALIAS_01474,P_01474,B. Sha,CCTNS_ALIAS_LOG,2024-01-01,2025-12-31,0.9,True
ALIAS_01475,P_01475,D. Som,CCTNS_ALIAS_LOG,2024-01-01,2025-12-31,0.9,True
ALIAS_01476,P_01476,C. Barad,CCTNS_ALIAS_LOG,2024-01-01,2025-12-31,0.9,True
ALIAS_01477,P_01477,T. Sengupta,CCTNS_ALIAS_LOG,2024-01-01,2025-12-31,0.9,True
ALIAS_01478,P_01478,A. Thaker,CCTNS_ALIAS_LOG,2024-01-01,2025-12-31,0.9,True
ALIAS_01479,P_01479,W. Ramachandran,CCTNS_ALIAS_LOG,2024-01-01,2025-12-31,0.9,True
ALIAS_01480,P_01480,A. Chaudhary,CCTNS_ALIAS_LOG,2024-01-01,2025-12-31,0.9,True
ALIAS_01481,P_01481,N. Pathak,CCTNS_ALIAS_LOG,2024-01-01,2025-12-31,0.9,True
ALIAS_01482,P_01482,J. Aggarwal,CCTNS_ALIAS_LOG,2024-01-01,2025-12-31,0.9,True
ALIAS_01483,P_01483,X. Warrior,CCTNS_ALIAS_LOG,2024-01-01,2025-12-31,0.9,True
ALIAS_01484,P_01484,I. Goda,CCTNS_ALIAS_LOG,2024-01-01,2025-12-31,0.9,True
ALIAS_01485,P_01485,H. Dyal,CCTNS_ALIAS_LOG,2024-01-01,2025-12-31,0.9,True
ALIAS_01486,P_01486,S. Ganesh,CCTNS_ALIAS_LOG,2024-01-01,2025-12-31,0.9,True
ALIAS_01487,P_01487,E. Pillay,CCTNS_ALIAS_LOG,2024-01-01,2025-12-31,0.9,True
ALIAS_01488,P_01488,K. Nigam,CCTNS_ALIAS_LOG,2024-01-01,2025-12-31,0.9,True
ALIAS_01489,P_01489,L. Solanki,CCTNS_ALIAS_LOG,2024-01-01,2025-12-31,0.9,True
ALIAS_01490,P_01490,P. Memon,CCTNS_ALIAS_LOG,2024-01-01,2025-12-31,0.9,True
ALIAS_01491,P_01491,H. Sabharwal,CCTNS_ALIAS_LOG,2024-01-01,2025-12-31,0.9,True
ALIAS_01492,P_01492,A. Bal,CCTNS_ALIAS_LOG,2024-01-01,2025-12-31,0.9,True
ALIAS_01493,P_01493,I. Chandran,CCTNS_ALIAS_LOG,2024-01-01,2025-12-31,0.9,True
ALIAS_01494,P_01494,V. Bawa,CCTNS_ALIAS_LOG,2024-01-01,2025-12-31,0.9,True
ALIAS_01495,P_01495,H. Raval,CCTNS_ALIAS_LOG,2024-01-01,2025-12-31,0.9,True
ALIAS_01496,P_01496,E. Chandra,CCTNS_ALIAS_LOG,2024-01-01,2025-12-31,0.9,True
ALIAS_01497,P_01497,A. Dutt,CCTNS_ALIAS_LOG,2024-01-01,2025-12-31,0.9,True
ALIAS_01498,P_01498,U. Kamdar,CCTNS_ALIAS_LOG,2024-01-01,2025-12-31,0.9,True
ALIAS_01499,P_01499,W. Bhargava,CCTNS_ALIAS_LOG,2024-01-01,2025-12-31,0.9,True
ALIAS_01500,P_01500,N. Mani,CCTNS_ALIAS_LOG,2024-01-01,2025-12-31,0.9,True
ALIAS_01501,P_01501,N. Halder,CCTNS_ALIAS_LOG,2024-01-01,2025-12-31,0.9,True
ALIAS_01502,P_01502,Z. Batra,CCTNS_ALIAS_LOG,2024-01-01,2025-12-31,0.9,True
ALIAS_01503,P_01503,I. Atwal,CCTNS_ALIAS_LOG,2024-01-01,2025-12-31,0.9,True
ALIAS_01504,P_01504,J. Nair,CCTNS_ALIAS_LOG,2024-01-01,2025-12-31,0.9,True
ALIAS_01505,P_01505,R. Kibe,CCTNS_ALIAS_LOG,2024-01-01,2025-12-31,0.9,True
ALIAS_01506,P_01506,U. Dutt,CCTNS_ALIAS_LOG,2024-01-01,2025-12-31,0.9,True
ALIAS_01507,P_01507,B. Mammen,CCTNS_ALIAS_LOG,2024-01-01,2025-12-31,0.9,True
ALIAS_01508,P_01508,C. Kapur,CCTNS_ALIAS_LOG,2024-01-01,2025-12-31,0.9,True
ALIAS_01509,P_01509,K. Badal,CCTNS_ALIAS_LOG,2024-01-01,2025-12-31,0.9,True
ALIAS_01510,P_01510,I. Loyal,CCTNS_ALIAS_LOG,2024-01-01,2025-12-31,0.9,True
ALIAS_01511,P_01511,A. Bhatnagar,CCTNS_ALIAS_LOG,2024-01-01,2025-12-31,0.9,True
ALIAS_01512,P_01512,W. Wadhwa,CCTNS_ALIAS_LOG,2024-01-01,2025-12-31,0.9,True
ALIAS_01513,P_01513,V. Hari,CCTNS_ALIAS_LOG,2024-01-01,2025-12-31,0.9,True
ALIAS_01514,P_01514,G. Rai,CCTNS_ALIAS_LOG,2024-01-01,2025-12-31,0.9,True
ALIAS_01515,P_01515,W. Walia,CCTNS_ALIAS_LOG,2024-01-01,2025-12-31,0.9,True
ALIAS_01516,P_01516,V. Roy,CCTNS_ALIAS_LOG,2024-01-01,2025-12-31,0.9,True
ALIAS_01517,P_01517,K. Kant,CCTNS_ALIAS_LOG,2024-01-01,2025-12-31,0.9,True
ALIAS_01518,P_01518,J. Mand,CCTNS_ALIAS_LOG,2024-01-01,2025-12-31,0.9,True
ALIAS_01519,P_01519,W. Basu,CCTNS_ALIAS_LOG,2024-01-01,2025-12-31,0.9,True
ALIAS_01520,P_01520,G. Thakur,CCTNS_ALIAS_LOG,2024-01-01,2025-12-31,0.9,True
ALIAS_01521,P_01521,N. Bala,CCTNS_ALIAS_LOG,2024-01-01,2025-12-31,0.9,True
ALIAS_01522,P_01522,P. Hayre,CCTNS_ALIAS_LOG,2024-01-01,2025-12-31,0.9,True
ALIAS_01523,P_01523,A. Dalal,CCTNS_ALIAS_LOG,2024-01-01,2025-12-31,0.9,True
ALIAS_01524,P_01524,O. Prasad,CCTNS_ALIAS_LOG,2024-01-01,2025-12-31,0.9,True
ALIAS_01525,P_01525,M. Sagar,CCTNS_ALIAS_LOG,2024-01-01,2025-12-31,0.9,True
ALIAS_01526,P_01526,S. Dugar,CCTNS_ALIAS_LOG,2024-01-01,2025-12-31,0.9,True
ALIAS_01527,P_01527,A. Kala,CCTNS_ALIAS_LOG,2024-01-01,2025-12-31,0.9,True
ALIAS_01528,P_01528,J. Date,CCTNS_ALIAS_LOG,2024-01-01,2025-12-31,0.9,True
ALIAS_01529,P_01529,Z. Gole,CCTNS_ALIAS_LOG,2024-01-01,2025-12-31,0.9,True
ALIAS_01530,P_01530,F. Nori,CCTNS_ALIAS_LOG,2024-01-01,2025-12-31,0.9,True
ALIAS_01531,P_01531,P. Swaminathan,CCTNS_ALIAS_LOG,2024-01-01,2025-12-31,0.9,True
ALIAS_01532,P_01532,P. Buch,CCTNS_ALIAS_LOG,2024-01-01,2025-12-31,0.9,True
ALIAS_01533,P_01533,A. Balasubramanian,CCTNS_ALIAS_LOG,2024-01-01,2025-12-31,0.9,True
ALIAS_01534,P_01534,R. Yohannan,CCTNS_ALIAS_LOG,2024-01-01,2025-12-31,0.9,True
ALIAS_01535,P_01535,B. Lal,CCTNS_ALIAS_LOG,2024-01-01,2025-12-31,0.9,True
ALIAS_01536,P_01536,F. Dora,CCTNS_ALIAS_LOG,2024-01-01,2025-12-31,0.9,True
ALIAS_01537,P_01537,U. Bal,CCTNS_ALIAS_LOG,2024-01-01,2025-12-31,0.9,True
ALIAS_01538,P_01538,G. Pathak,CCTNS_ALIAS_LOG,2024-01-01,2025-12-31,0.9,True
ALIAS_01539,P_01539,M. Luthra,CCTNS_ALIAS_LOG,2024-01-01,2025-12-31,0.9,True
ALIAS_01540,P_01540,K. Barman,CCTNS_ALIAS_LOG,2024-01-01,2025-12-31,0.9,True
ALIAS_01541,P_01541,T. Pant,CCTNS_ALIAS_LOG,2024-01-01,2025-12-31,0.9,True
ALIAS_01542,P_01542,M. Krishnan,CCTNS_ALIAS_LOG,2024-01-01,2025-12-31,0.9,True
ALIAS_01543,P_01543,Y. Varty,CCTNS_ALIAS_LOG,2024-01-01,2025-12-31,0.9,True
ALIAS_01544,P_01544,L. Ratta,CCTNS_ALIAS_LOG,2024-01-01,2025-12-31,0.9,True
ALIAS_01545,P_01545,O. De,CCTNS_ALIAS_LOG,2024-01-01,2025-12-31,0.9,True
ALIAS_01546,P_01546,T. Baria,CCTNS_ALIAS_LOG,2024-01-01,2025-12-31,0.9,True
ALIAS_01547,P_01547,V. Pillay,CCTNS_ALIAS_LOG,2024-01-01,2025-12-31,0.9,True
ALIAS_01548,P_01548,N. Mammen,CCTNS_ALIAS_LOG,2024-01-01,2025-12-31,0.9,True
ALIAS_01549,P_01549,X. Venkataraman,CCTNS_ALIAS_LOG,2024-01-01,2025-12-31,0.9,True
ALIAS_01550,P_01550,B. Mann,CCTNS_ALIAS_LOG,2024-01-01,2025-12-31,0.9,True
ALIAS_01551,P_01551,D. Das,CCTNS_ALIAS_LOG,2024-01-01,2025-12-31,0.9,True
ALIAS_01552,P_01552,J. Bava,CCTNS_ALIAS_LOG,2024-01-01,2025-12-31,0.9,True
ALIAS_01553,P_01553,U. Baral,CCTNS_ALIAS_LOG,2024-01-01,2025-12-31,0.9,True
ALIAS_01554,P_01554,T. Tella,CCTNS_ALIAS_LOG,2024-01-01,2025-12-31,0.9,True
ALIAS_01555,P_01555,G. Sachdeva,CCTNS_ALIAS_LOG,2024-01-01,2025-12-31,0.9,True
ALIAS_01556,P_01556,U. Tank,CCTNS_ALIAS_LOG,2024-01-01,2025-12-31,0.9,True
ALIAS_01557,P_01557,H. Desai,CCTNS_ALIAS_LOG,2024-01-01,2025-12-31,0.9,True
ALIAS_01558,P_01558,I. Zacharia,CCTNS_ALIAS_LOG,2024-01-01,2025-12-31,0.9,True
ALIAS_01559,P_01559,N. Hayer,CCTNS_ALIAS_LOG,2024-01-01,2025-12-31,0.9,True
ALIAS_01560,P_01560,S. Maharaj,CCTNS_ALIAS_LOG,2024-01-01,2025-12-31,0.9,True
ALIAS_01561,P_01561,K. Venkatesh,CCTNS_ALIAS_LOG,2024-01-01,2025-12-31,0.9,True
ALIAS_01562,P_01562,P. Saran,CCTNS_ALIAS_LOG,2024-01-01,2025-12-31,0.9,True
ALIAS_01563,P_01563,Z. Jani,CCTNS_ALIAS_LOG,2024-01-01,2025-12-31,0.9,True
ALIAS_01564,P_01564,T. Bora,CCTNS_ALIAS_LOG,2024-01-01,2025-12-31,0.9,True
ALIAS_01565,P_01565,Q. Upadhyay,CCTNS_ALIAS_LOG,2024-01-01,2025-12-31,0.9,True
ALIAS_01566,P_01566,A. Mannan,CCTNS_ALIAS_LOG,2024-01-01,2025-12-31,0.9,True
ALIAS_01567,P_01567,H. Misra,CCTNS_ALIAS_LOG,2024-01-01,2025-12-31,0.9,True
ALIAS_01568,P_01568,J. Bera,CCTNS_ALIAS_LOG,2024-01-01,2025-12-31,0.9,True
ALIAS_01569,P_01569,D. Mann,CCTNS_ALIAS_LOG,2024-01-01,2025-12-31,0.9,True
ALIAS_01570,P_01570,O. Prashad,CCTNS_ALIAS_LOG,2024-01-01,2025-12-31,0.9,True
ALIAS_01571,P_01571,L. Kothari,CCTNS_ALIAS_LOG,2024-01-01,2025-12-31,0.9,True
ALIAS_01572,P_01572,R. Chokshi,CCTNS_ALIAS_LOG,2024-01-01,2025-12-31,0.9,True
ALIAS_01573,P_01573,A. Solanki,CCTNS_ALIAS_LOG,2024-01-01,2025-12-31,0.9,True
ALIAS_01574,P_01574,V. Venkatesh,CCTNS_ALIAS_LOG,2024-01-01,2025-12-31,0.9,True
ALIAS_01575,P_01575,A. Padmanabhan,CCTNS_ALIAS_LOG,2024-01-01,2025-12-31,0.9,True
ALIAS_01576,P_01576,M. Ravi,CCTNS_ALIAS_LOG,2024-01-01,2025-12-31,0.9,True
ALIAS_01577,P_01577,N. Bora,CCTNS_ALIAS_LOG,2024-01-01,2025-12-31,0.9,True
ALIAS_01578,P_01578,G. Dara,CCTNS_ALIAS_LOG,2024-01-01,2025-12-31,0.9,True
ALIAS_01579,P_01579,Y. Magar,CCTNS_ALIAS_LOG,2024-01-01,2025-12-31,0.9,True
ALIAS_01580,P_01580,M. Ramachandran,CCTNS_ALIAS_LOG,2024-01-01,2025-12-31,0.9,True
ALIAS_01581,P_01581,G. Bal,CCTNS_ALIAS_LOG,2024-01-01,2025-12-31,0.9,True
ALIAS_01582,P_01582,C. Bora,CCTNS_ALIAS_LOG,2024-01-01,2025-12-31,0.9,True
ALIAS_01583,P_01583,N. Dhawan,CCTNS_ALIAS_LOG,2024-01-01,2025-12-31,0.9,True
ALIAS_01584,P_01584,B. Raman,CCTNS_ALIAS_LOG,2024-01-01,2025-12-31,0.9,True
ALIAS_01585,P_01585,A. Chanda,CCTNS_ALIAS_LOG,2024-01-01,2025-12-31,0.9,True
ALIAS_01586,P_01586,A. Ranganathan,CCTNS_ALIAS_LOG,2024-01-01,2025-12-31,0.9,True
ALIAS_01587,P_01587,D. Parmar,CCTNS_ALIAS_LOG,2024-01-01,2025-12-31,0.9,True
ALIAS_01588,P_01588,A. Jayaraman,CCTNS_ALIAS_LOG,2024-01-01,2025-12-31,0.9,True
ALIAS_01589,P_01589,P. Khanna,CCTNS_ALIAS_LOG,2024-01-01,2025-12-31,0.9,True
ALIAS_01590,P_01590,J. Gupta,CCTNS_ALIAS_LOG,2024-01-01,2025-12-31,0.9,True
ALIAS_01591,P_01591,E. Batta,CCTNS_ALIAS_LOG,2024-01-01,2025-12-31,0.9,True
ALIAS_01592,P_01592,B. Bera,CCTNS_ALIAS_LOG,2024-01-01,2025-12-31,0.9,True
ALIAS_01593,P_01593,L. Sheth,CCTNS_ALIAS_LOG,2024-01-01,2025-12-31,0.9,True
ALIAS_01594,P_01594,Q. Chaudry,CCTNS_ALIAS_LOG,2024-01-01,2025-12-31,0.9,True
ALIAS_01595,P_01595,V. Sandhu,CCTNS_ALIAS_LOG,2024-01-01,2025-12-31,0.9,True
ALIAS_01596,P_01596,A. Nigam,CCTNS_ALIAS_LOG,2024-01-01,2025-12-31,0.9,True
ALIAS_01597,P_01597,J. Setty,CCTNS_ALIAS_LOG,2024-01-01,2025-12-31,0.9,True
ALIAS_01598,P_01598,A. Patla,CCTNS_ALIAS_LOG,2024-01-01,2025-12-31,0.9,True
ALIAS_01599,P_01599,N. Chadha,CCTNS_ALIAS_LOG,2024-01-01,2025-12-31,0.9,True
ALIAS_01600,P_01600,A. Ravel,CCTNS_ALIAS_LOG,2024-01-01,2025-12-31,0.9,True
ALIAS_01601,P_01601,B. Warrior,CCTNS_ALIAS_LOG,2024-01-01,2025-12-31,0.9,True
ALIAS_01602,P_01602,N. Date,CCTNS_ALIAS_LOG,2024-01-01,2025-12-31,0.9,True
ALIAS_01603,P_01603,K. Misra,CCTNS_ALIAS_LOG,2024-01-01,2025-12-31,0.9,True
ALIAS_01604,P_01604,B. Sastry,CCTNS_ALIAS_LOG,2024-01-01,2025-12-31,0.9,True
ALIAS_01605,P_01605,R. Zacharia,CCTNS_ALIAS_LOG,2024-01-01,2025-12-31,0.9,True
ALIAS_01606,P_01606,W. Wali,CCTNS_ALIAS_LOG,2024-01-01,2025-12-31,0.9,True
ALIAS_01607,P_01607,K. Nagarajan,CCTNS_ALIAS_LOG,2024-01-01,2025-12-31,0.9,True
ALIAS_01608,P_01608,M. Grewal,CCTNS_ALIAS_LOG,2024-01-01,2025-12-31,0.9,True
ALIAS_01609,P_01609,T. Barad,CCTNS_ALIAS_LOG,2024-01-01,2025-12-31,0.9,True
ALIAS_01610,P_01610,A. Krishnamurthy,CCTNS_ALIAS_LOG,2024-01-01,2025-12-31,0.9,True
ALIAS_01611,P_01611,I. Menon,CCTNS_ALIAS_LOG,2024-01-01,2025-12-31,0.9,True
ALIAS_01612,P_01612,R. Chauhan,CCTNS_ALIAS_LOG,2024-01-01,2025-12-31,0.9,True
ALIAS_01613,P_01613,V. Gokhale,CCTNS_ALIAS_LOG,2024-01-01,2025-12-31,0.9,True
ALIAS_01614,P_01614,H. Wagle,CCTNS_ALIAS_LOG,2024-01-01,2025-12-31,0.9,True
ALIAS_01615,P_01615,A. Suri,CCTNS_ALIAS_LOG,2024-01-01,2025-12-31,0.9,True
ALIAS_01616,P_01616,B. Lal,CCTNS_ALIAS_LOG,2024-01-01,2025-12-31,0.9,True
ALIAS_01617,P_01617,V. Sule,CCTNS_ALIAS_LOG,2024-01-01,2025-12-31,0.9,True
ALIAS_01618,P_01618,G. Patla,CCTNS_ALIAS_LOG,2024-01-01,2025-12-31,0.9,True
ALIAS_01619,P_01619,E. Narang,CCTNS_ALIAS_LOG,2024-01-01,2025-12-31,0.9,True
ALIAS_01620,P_01620,G. Khanna,CCTNS_ALIAS_LOG,2024-01-01,2025-12-31,0.9,True
ALIAS_01621,P_01621,I. Mander,CCTNS_ALIAS_LOG,2024-01-01,2025-12-31,0.9,True
ALIAS_01622,P_01622,U. Bhasin,CCTNS_ALIAS_LOG,2024-01-01,2025-12-31,0.9,True
ALIAS_01623,P_01623,N. Gaba,CCTNS_ALIAS_LOG,2024-01-01,2025-12-31,0.9,True
ALIAS_01624,P_01624,S. Yohannan,CCTNS_ALIAS_LOG,2024-01-01,2025-12-31,0.9,True
ALIAS_01625,P_01625,A. Nori,CCTNS_ALIAS_LOG,2024-01-01,2025-12-31,0.9,True
ALIAS_01626,P_01626,D. Dani,CCTNS_ALIAS_LOG,2024-01-01,2025-12-31,0.9,True
ALIAS_01627,P_01627,N. Mohanty,CCTNS_ALIAS_LOG,2024-01-01,2025-12-31,0.9,True
ALIAS_01628,P_01628,E. Nadig,CCTNS_ALIAS_LOG,2024-01-01,2025-12-31,0.9,True
ALIAS_01629,P_01629,P. Gopal,CCTNS_ALIAS_LOG,2024-01-01,2025-12-31,0.9,True
ALIAS_01630,P_01630,V. Dhawan,CCTNS_ALIAS_LOG,2024-01-01,2025-12-31,0.9,True
ALIAS_01631,P_01631,A. Dayal,CCTNS_ALIAS_LOG,2024-01-01,2025-12-31,0.9,True
ALIAS_01632,P_01632,H. Deol,CCTNS_ALIAS_LOG,2024-01-01,2025-12-31,0.9,True
ALIAS_01633,P_01633,D. Purohit,CCTNS_ALIAS_LOG,2024-01-01,2025-12-31,0.9,True
ALIAS_01634,P_01634,H. Bajwa,CCTNS_ALIAS_LOG,2024-01-01,2025-12-31,0.9,True
ALIAS_01635,P_01635,I. Srinivasan,CCTNS_ALIAS_LOG,2024-01-01,2025-12-31,0.9,True
ALIAS_01636,P_01636,L. Dubey,CCTNS_ALIAS_LOG,2024-01-01,2025-12-31,0.9,True
ALIAS_01637,P_01637,H. Ramanathan,CCTNS_ALIAS_LOG,2024-01-01,2025-12-31,0.9,True
ALIAS_01638,P_01638,T. Issac,CCTNS_ALIAS_LOG,2024-01-01,2025-12-31,0.9,True
ALIAS_01639,P_01639,T. Sabharwal,CCTNS_ALIAS_LOG,2024-01-01,2025-12-31,0.9,True
ALIAS_01640,P_01640,O. Nair,CCTNS_ALIAS_LOG,2024-01-01,2025-12-31,0.9,True
ALIAS_01641,P_01641,J. Suresh,CCTNS_ALIAS_LOG,2024-01-01,2025-12-31,0.9,True
ALIAS_01642,P_01642,A. Kulkarni,CCTNS_ALIAS_LOG,2024-01-01,2025-12-31,0.9,True
ALIAS_01643,P_01643,O. Sarraf,CCTNS_ALIAS_LOG,2024-01-01,2025-12-31,0.9,True
ALIAS_01644,P_01644,I. Kala,CCTNS_ALIAS_LOG,2024-01-01,2025-12-31,0.9,True
ALIAS_01645,P_01645,A. Chaudhari,CCTNS_ALIAS_LOG,2024-01-01,2025-12-31,0.9,True
ALIAS_01646,P_01646,C. Lanka,CCTNS_ALIAS_LOG,2024-01-01,2025-12-31,0.9,True
ALIAS_01647,P_01647,K. Varkey,CCTNS_ALIAS_LOG,2024-01-01,2025-12-31,0.9,True
ALIAS_01648,P_01648,A. Mittal,CCTNS_ALIAS_LOG,2024-01-01,2025-12-31,0.9,True
ALIAS_01649,P_01649,N. Kade,CCTNS_ALIAS_LOG,2024-01-01,2025-12-31,0.9,True
ALIAS_01650,P_01650,C. Issac,CCTNS_ALIAS_LOG,2024-01-01,2025-12-31,0.9,True
ALIAS_01651,P_01651,F. Kade,CCTNS_ALIAS_LOG,2024-01-01,2025-12-31,0.9,True
ALIAS_01652,P_01652,S. Dugar,CCTNS_ALIAS_LOG,2024-01-01,2025-12-31,0.9,True
ALIAS_01653,P_01653,J. Chowdhury,CCTNS_ALIAS_LOG,2024-01-01,2025-12-31,0.9,True
ALIAS_01654,P_01654,L. Oza,CCTNS_ALIAS_LOG,2024-01-01,2025-12-31,0.9,True
ALIAS_01655,P_01655,L. Nazareth,CCTNS_ALIAS_LOG,2024-01-01,2025-12-31,0.9,True
ALIAS_01656,P_01656,B. Goda,CCTNS_ALIAS_LOG,2024-01-01,2025-12-31,0.9,True
ALIAS_01657,P_01657,G. Anand,CCTNS_ALIAS_LOG,2024-01-01,2025-12-31,0.9,True
ALIAS_01658,P_01658,J. Palla,CCTNS_ALIAS_LOG,2024-01-01,2025-12-31,0.9,True
ALIAS_01659,P_01659,G. Karnik,CCTNS_ALIAS_LOG,2024-01-01,2025-12-31,0.9,True
ALIAS_01660,P_01660,L. Mohanty,CCTNS_ALIAS_LOG,2024-01-01,2025-12-31,0.9,True
ALIAS_01661,P_01661,C. Sami,CCTNS_ALIAS_LOG,2024-01-01,2025-12-31,0.9,True
ALIAS_01662,P_01662,O. Bhat,CCTNS_ALIAS_LOG,2024-01-01,2025-12-31,0.9,True
ALIAS_01663,P_01663,K. Date,CCTNS_ALIAS_LOG,2024-01-01,2025-12-31,0.9,True
ALIAS_01664,P_01664,B. Krish,CCTNS_ALIAS_LOG,2024-01-01,2025-12-31,0.9,True
ALIAS_01665,P_01665,P. Morar,CCTNS_ALIAS_LOG,2024-01-01,2025-12-31,0.9,True
ALIAS_01666,P_01666,O. Koshy,CCTNS_ALIAS_LOG,2024-01-01,2025-12-31,0.9,True
ALIAS_01667,P_01667,C. Bhargava,CCTNS_ALIAS_LOG,2024-01-01,2025-12-31,0.9,True
ALIAS_01668,P_01668,S. Rastogi,CCTNS_ALIAS_LOG,2024-01-01,2025-12-31,0.9,True
ALIAS_01669,P_01669,Z. Chatterjee,CCTNS_ALIAS_LOG,2024-01-01,2025-12-31,0.9,True
ALIAS_01670,P_01670,U. Chad,CCTNS_ALIAS_LOG,2024-01-01,2025-12-31,0.9,True
ALIAS_01671,P_01671,V. Natarajan,CCTNS_ALIAS_LOG,2024-01-01,2025-12-31,0.9,True
ALIAS_01672,P_01672,R. Rattan,CCTNS_ALIAS_LOG,2024-01-01,2025-12-31,0.9,True
ALIAS_01673,P_01673,S. Sandhu,CCTNS_ALIAS_LOG,2024-01-01,2025-12-31,0.9,True
ALIAS_01674,P_01674,G. Issac,CCTNS_ALIAS_LOG,2024-01-01,2025-12-31,0.9,True
ALIAS_01675,P_01675,R. Dixit,CCTNS_ALIAS_LOG,2024-01-01,2025-12-31,0.9,True
ALIAS_01676,P_01676,D. Lata,CCTNS_ALIAS_LOG,2024-01-01,2025-12-31,0.9,True
ALIAS_01677,P_01677,J. Bedi,CCTNS_ALIAS_LOG,2024-01-01,2025-12-31,0.9,True
ALIAS_01678,P_01678,A. Keer,CCTNS_ALIAS_LOG,2024-01-01,2025-12-31,0.9,True
ALIAS_01679,P_01679,B. Kumer,CCTNS_ALIAS_LOG,2024-01-01,2025-12-31,0.9,True
ALIAS_01680,P_01680,U. Bhattacharyya,CCTNS_ALIAS_LOG,2024-01-01,2025-12-31,0.9,True
ALIAS_01681,P_01681,N. Raja,CCTNS_ALIAS_LOG,2024-01-01,2025-12-31,0.9,True
ALIAS_01682,P_01682,Y. Kaul,CCTNS_ALIAS_LOG,2024-01-01,2025-12-31,0.9,True
ALIAS_01683,P_01683,S. Aurora,CCTNS_ALIAS_LOG,2024-01-01,2025-12-31,0.9,True
ALIAS_01684,P_01684,Y. Sharma,CCTNS_ALIAS_LOG,2024-01-01,2025-12-31,0.9,True
ALIAS_01685,P_01685,F. Keer,CCTNS_ALIAS_LOG,2024-01-01,2025-12-31,0.9,True
ALIAS_01686,P_01686,F. Saxena,CCTNS_ALIAS_LOG,2024-01-01,2025-12-31,0.9,True
ALIAS_01687,P_01687,D. Warrior,CCTNS_ALIAS_LOG,2024-01-01,2025-12-31,0.9,True
ALIAS_01688,P_01688,Y. Prakash,CCTNS_ALIAS_LOG,2024-01-01,2025-12-31,0.9,True
ALIAS_01689,P_01689,U. Nagarajan,CCTNS_ALIAS_LOG,2024-01-01,2025-12-31,0.9,True
ALIAS_01690,P_01690,N. Chand,CCTNS_ALIAS_LOG,2024-01-01,2025-12-31,0.9,True
ALIAS_01691,P_01691,U. Ramanathan,CCTNS_ALIAS_LOG,2024-01-01,2025-12-31,0.9,True
ALIAS_01692,P_01692,G. Sampath,CCTNS_ALIAS_LOG,2024-01-01,2025-12-31,0.9,True
ALIAS_01693,P_01693,V. Mander,CCTNS_ALIAS_LOG,2024-01-01,2025-12-31,0.9,True
ALIAS_01694,P_01694,C. Sama,CCTNS_ALIAS_LOG,2024-01-01,2025-12-31,0.9,True
ALIAS_01695,P_01695,A. Lata,CCTNS_ALIAS_LOG,2024-01-01,2025-12-31,0.9,True
ALIAS_01696,P_01696,H. Chaudry,CCTNS_ALIAS_LOG,2024-01-01,2025-12-31,0.9,True
ALIAS_01697,P_01697,A. Thakkar,CCTNS_ALIAS_LOG,2024-01-01,2025-12-31,0.9,True
ALIAS_01698,P_01698,L. Kuruvilla,CCTNS_ALIAS_LOG,2024-01-01,2025-12-31,0.9,True
ALIAS_01699,P_01699,A. Bhatnagar,CCTNS_ALIAS_LOG,2024-01-01,2025-12-31,0.9,True
ALIAS_01700,P_01700,S. Reddy,CCTNS_ALIAS_LOG,2024-01-01,2025-12-31,0.9,True
ALIAS_01701,P_01701,C. Kumar,CCTNS_ALIAS_LOG,2024-01-01,2025-12-31,0.9,True
ALIAS_01702,P_01702,C. Tandon,CCTNS_ALIAS_LOG,2024-01-01,2025-12-31,0.9,True
ALIAS_01703,P_01703,B. Mahal,CCTNS_ALIAS_LOG,2024-01-01,2025-12-31,0.9,True
ALIAS_01704,P_01704,Z. Date,CCTNS_ALIAS_LOG,2024-01-01,2025-12-31,0.9,True
ALIAS_01705,P_01705,T. Dhillon,CCTNS_ALIAS_LOG,2024-01-01,2025-12-31,0.9,True
ALIAS_01706,P_01706,E. Goyal,CCTNS_ALIAS_LOG,2024-01-01,2025-12-31,0.9,True
ALIAS_01707,P_01707,M. Sarraf,CCTNS_ALIAS_LOG,2024-01-01,2025-12-31,0.9,True
ALIAS_01708,P_01708,A. Murthy,CCTNS_ALIAS_LOG,2024-01-01,2025-12-31,0.9,True
ALIAS_01709,P_01709,J. Koshy,CCTNS_ALIAS_LOG,2024-01-01,2025-12-31,0.9,True
ALIAS_01710,P_01710,D. Karan,CCTNS_ALIAS_LOG,2024-01-01,2025-12-31,0.9,True
ALIAS_01711,P_01711,Y. Lad,CCTNS_ALIAS_LOG,2024-01-01,2025-12-31,0.9,True
ALIAS_01712,P_01712,L. Misra,CCTNS_ALIAS_LOG,2024-01-01,2025-12-31,0.9,True
ALIAS_01713,P_01713,W. Roy,CCTNS_ALIAS_LOG,2024-01-01,2025-12-31,0.9,True
ALIAS_01714,P_01714,P. Patla,CCTNS_ALIAS_LOG,2024-01-01,2025-12-31,0.9,True
ALIAS_01715,P_01715,E. Kant,CCTNS_ALIAS_LOG,2024-01-01,2025-12-31,0.9,True
ALIAS_01716,P_01716,L. De,CCTNS_ALIAS_LOG,2024-01-01,2025-12-31,0.9,True
ALIAS_01717,P_01717,I. Karnik,CCTNS_ALIAS_LOG,2024-01-01,2025-12-31,0.9,True
ALIAS_01718,P_01718,S. Sangha,CCTNS_ALIAS_LOG,2024-01-01,2025-12-31,0.9,True
ALIAS_01719,P_01719,M. Bala,CCTNS_ALIAS_LOG,2024-01-01,2025-12-31,0.9,True
ALIAS_01720,P_01720,Z. Rama,CCTNS_ALIAS_LOG,2024-01-01,2025-12-31,0.9,True
ALIAS_01721,P_01721,W. Datta,CCTNS_ALIAS_LOG,2024-01-01,2025-12-31,0.9,True
ALIAS_01722,P_01722,S. Deshmukh,CCTNS_ALIAS_LOG,2024-01-01,2025-12-31,0.9,True
ALIAS_01723,P_01723,S. Wadhwa,CCTNS_ALIAS_LOG,2024-01-01,2025-12-31,0.9,True
ALIAS_01724,P_01724,T. Palla,CCTNS_ALIAS_LOG,2024-01-01,2025-12-31,0.9,True
ALIAS_01725,P_01725,V. Thakur,CCTNS_ALIAS_LOG,2024-01-01,2025-12-31,0.9,True
ALIAS_01726,P_01726,D. Pillai,CCTNS_ALIAS_LOG,2024-01-01,2025-12-31,0.9,True
ALIAS_01727,P_01727,L. Hari,CCTNS_ALIAS_LOG,2024-01-01,2025-12-31,0.9,True
ALIAS_01728,P_01728,R. Rao,CCTNS_ALIAS_LOG,2024-01-01,2025-12-31,0.9,True
ALIAS_01729,P_01729,O. Bora,CCTNS_ALIAS_LOG,2024-01-01,2025-12-31,0.9,True
ALIAS_01730,P_01730,A. Narasimhan,CCTNS_ALIAS_LOG,2024-01-01,2025-12-31,0.9,True
ALIAS_01731,P_01731,A. Karnik,CCTNS_ALIAS_LOG,2024-01-01,2025-12-31,0.9,True
ALIAS_01732,P_01732,M. Sastry,CCTNS_ALIAS_LOG,2024-01-01,2025-12-31,0.9,True
ALIAS_01733,P_01733,A. Kumar,CCTNS_ALIAS_LOG,2024-01-01,2025-12-31,0.9,True
ALIAS_01734,P_01734,J. Bhatti,CCTNS_ALIAS_LOG,2024-01-01,2025-12-31,0.9,True
ALIAS_01735,P_01735,J. Din,CCTNS_ALIAS_LOG,2024-01-01,2025-12-31,0.9,True
ALIAS_01736,P_01736,D. Mohan,CCTNS_ALIAS_LOG,2024-01-01,2025-12-31,0.9,True
ALIAS_01737,P_01737,K. Kaul,CCTNS_ALIAS_LOG,2024-01-01,2025-12-31,0.9,True
ALIAS_01738,P_01738,U. Sengupta,CCTNS_ALIAS_LOG,2024-01-01,2025-12-31,0.9,True
ALIAS_01739,P_01739,A. Ramanathan,CCTNS_ALIAS_LOG,2024-01-01,2025-12-31,0.9,True
ALIAS_01740,P_01740,M. Dara,CCTNS_ALIAS_LOG,2024-01-01,2025-12-31,0.9,True
ALIAS_01741,P_01741,L. Shenoy,CCTNS_ALIAS_LOG,2024-01-01,2025-12-31,0.9,True
ALIAS_01742,P_01742,J. Apte,CCTNS_ALIAS_LOG,2024-01-01,2025-12-31,0.9,True
ALIAS_01743,P_01743,B. Nagar,CCTNS_ALIAS_LOG,2024-01-01,2025-12-31,0.9,True
ALIAS_01744,P_01744,L. Hayer,CCTNS_ALIAS_LOG,2024-01-01,2025-12-31,0.9,True
ALIAS_01745,P_01745,R. Badal,CCTNS_ALIAS_LOG,2024-01-01,2025-12-31,0.9,True
ALIAS_01746,P_01746,F. Narula,CCTNS_ALIAS_LOG,2024-01-01,2025-12-31,0.9,True
ALIAS_01747,P_01747,E. Arya,CCTNS_ALIAS_LOG,2024-01-01,2025-12-31,0.9,True
ALIAS_01748,P_01748,S. Naik,CCTNS_ALIAS_LOG,2024-01-01,2025-12-31,0.9,True
ALIAS_01749,P_01749,J. Hayer,CCTNS_ALIAS_LOG,2024-01-01,2025-12-31,0.9,True
ALIAS_01750,P_01750,N. Rama,CCTNS_ALIAS_LOG,2024-01-01,2025-12-31,0.9,True
ALIAS_01751,P_01751,U. Wadhwa,CCTNS_ALIAS_LOG,2024-01-01,2025-12-31,0.9,True
ALIAS_01752,P_01752,J. Setty,CCTNS_ALIAS_LOG,2024-01-01,2025-12-31,0.9,True
ALIAS_01753,P_01753,A. Chahal,CCTNS_ALIAS_LOG,2024-01-01,2025-12-31,0.9,True
ALIAS_01754,P_01754,C. Brar,CCTNS_ALIAS_LOG,2024-01-01,2025-12-31,0.9,True
ALIAS_01755,P_01755,Y. Murthy,CCTNS_ALIAS_LOG,2024-01-01,2025-12-31,0.9,True
ALIAS_01756,P_01756,C. Rajan,CCTNS_ALIAS_LOG,2024-01-01,2025-12-31,0.9,True
ALIAS_01757,P_01757,L. Sarin,CCTNS_ALIAS_LOG,2024-01-01,2025-12-31,0.9,True
ALIAS_01758,P_01758,S. Bera,CCTNS_ALIAS_LOG,2024-01-01,2025-12-31,0.9,True
ALIAS_01759,P_01759,K. Sunder,CCTNS_ALIAS_LOG,2024-01-01,2025-12-31,0.9,True
ALIAS_01760,P_01760,J. Taneja,CCTNS_ALIAS_LOG,2024-01-01,2025-12-31,0.9,True
ALIAS_01761,P_01761,A. Bera,CCTNS_ALIAS_LOG,2024-01-01,2025-12-31,0.9,True
ALIAS_01762,P_01762,F. Mammen,CCTNS_ALIAS_LOG,2024-01-01,2025-12-31,0.9,True
ALIAS_01763,P_01763,S. Khosla,CCTNS_ALIAS_LOG,2024-01-01,2025-12-31,0.9,True
ALIAS_01764,P_01764,V. Bhatti,CCTNS_ALIAS_LOG,2024-01-01,2025-12-31,0.9,True
ALIAS_01765,P_01765,U. Chopra,CCTNS_ALIAS_LOG,2024-01-01,2025-12-31,0.9,True
ALIAS_01766,P_01766,C. Deshpande,CCTNS_ALIAS_LOG,2024-01-01,2025-12-31,0.9,True
ALIAS_01767,P_01767,A. Sule,CCTNS_ALIAS_LOG,2024-01-01,2025-12-31,0.9,True
ALIAS_01768,P_01768,U. Dhaliwal,CCTNS_ALIAS_LOG,2024-01-01,2025-12-31,0.9,True
ALIAS_01769,P_01769,A. Sodhi,CCTNS_ALIAS_LOG,2024-01-01,2025-12-31,0.9,True
ALIAS_01770,P_01770,T. Bobal,CCTNS_ALIAS_LOG,2024-01-01,2025-12-31,0.9,True
ALIAS_01771,P_01771,Q. Biswas,CCTNS_ALIAS_LOG,2024-01-01,2025-12-31,0.9,True
ALIAS_01772,P_01772,M. Salvi,CCTNS_ALIAS_LOG,2024-01-01,2025-12-31,0.9,True
ALIAS_01773,P_01773,R. Kanda,CCTNS_ALIAS_LOG,2024-01-01,2025-12-31,0.9,True
ALIAS_01774,P_01774,L. Misra,CCTNS_ALIAS_LOG,2024-01-01,2025-12-31,0.9,True
ALIAS_01775,P_01775,C. Ramaswamy,CCTNS_ALIAS_LOG,2024-01-01,2025-12-31,0.9,True
ALIAS_01776,P_01776,Q. Andra,CCTNS_ALIAS_LOG,2024-01-01,2025-12-31,0.9,True
ALIAS_01777,P_01777,A. Chaudry,CCTNS_ALIAS_LOG,2024-01-01,2025-12-31,0.9,True
ALIAS_01778,P_01778,L. Narasimhan,CCTNS_ALIAS_LOG,2024-01-01,2025-12-31,0.9,True
ALIAS_01779,P_01779,D. Loyal,CCTNS_ALIAS_LOG,2024-01-01,2025-12-31,0.9,True
ALIAS_01780,P_01780,D. Anne,CCTNS_ALIAS_LOG,2024-01-01,2025-12-31,0.9,True
ALIAS_01781,P_01781,A. Sarraf,CCTNS_ALIAS_LOG,2024-01-01,2025-12-31,0.9,True
ALIAS_01782,P_01782,R. Dayal,CCTNS_ALIAS_LOG,2024-01-01,2025-12-31,0.9,True
ALIAS_01783,P_01783,C. Andra,CCTNS_ALIAS_LOG,2024-01-01,2025-12-31,0.9,True
ALIAS_01784,P_01784,A. Pall,CCTNS_ALIAS_LOG,2024-01-01,2025-12-31,0.9,True
ALIAS_01785,P_01785,E. Mital,CCTNS_ALIAS_LOG,2024-01-01,2025-12-31,0.9,True
ALIAS_01786,P_01786,K. Oak,CCTNS_ALIAS_LOG,2024-01-01,2025-12-31,0.9,True
ALIAS_01787,P_01787,V. Arya,CCTNS_ALIAS_LOG,2024-01-01,2025-12-31,0.9,True
ALIAS_01788,P_01788,V. Lall,CCTNS_ALIAS_LOG,2024-01-01,2025-12-31,0.9,True
ALIAS_01789,P_01789,B. Mohanty,CCTNS_ALIAS_LOG,2024-01-01,2025-12-31,0.9,True
ALIAS_01790,P_01790,G. Narang,CCTNS_ALIAS_LOG,2024-01-01,2025-12-31,0.9,True
ALIAS_01791,P_01791,D. Kumer,CCTNS_ALIAS_LOG,2024-01-01,2025-12-31,0.9,True
ALIAS_01792,P_01792,D. Grover,CCTNS_ALIAS_LOG,2024-01-01,2025-12-31,0.9,True
ALIAS_01793,P_01793,B. Sama,CCTNS_ALIAS_LOG,2024-01-01,2025-12-31,0.9,True
ALIAS_01794,P_01794,X. Atwal,CCTNS_ALIAS_LOG,2024-01-01,2025-12-31,0.9,True
ALIAS_01795,P_01795,B. Natt,CCTNS_ALIAS_LOG,2024-01-01,2025-12-31,0.9,True
ALIAS_01796,P_01796,O. Sampath,CCTNS_ALIAS_LOG,2024-01-01,2025-12-31,0.9,True
ALIAS_01797,P_01797,A. Dhaliwal,CCTNS_ALIAS_LOG,2024-01-01,2025-12-31,0.9,True
ALIAS_01798,P_01798,U. Bakshi,CCTNS_ALIAS_LOG,2024-01-01,2025-12-31,0.9,True
ALIAS_01799,P_01799,A. Golla,CCTNS_ALIAS_LOG,2024-01-01,2025-12-31,0.9,True
ALIAS_01800,P_01800,V. Agrawal,CCTNS_ALIAS_LOG,2024-01-01,2025-12-31,0.9,True
ALIAS_01801,P_01801,K. Natarajan,CCTNS_ALIAS_LOG,2024-01-01,2025-12-31,0.9,True
ALIAS_01802,P_01802,L. Varughese,CCTNS_ALIAS_LOG,2024-01-01,2025-12-31,0.9,True
ALIAS_01803,P_01803,K. Dubey,CCTNS_ALIAS_LOG,2024-01-01,2025-12-31,0.9,True
ALIAS_01804,P_01804,C. Char,CCTNS_ALIAS_LOG,2024-01-01,2025-12-31,0.9,True
ALIAS_01805,P_01805,C. Yadav,CCTNS_ALIAS_LOG,2024-01-01,2025-12-31,0.9,True
ALIAS_01806,P_01806,A. Sur,CCTNS_ALIAS_LOG,2024-01-01,2025-12-31,0.9,True
ALIAS_01807,P_01807,R. Anne,CCTNS_ALIAS_LOG,2024-01-01,2025-12-31,0.9,True
ALIAS_01808,P_01808,K. De,CCTNS_ALIAS_LOG,2024-01-01,2025-12-31,0.9,True
ALIAS_01809,P_01809,B. De,CCTNS_ALIAS_LOG,2024-01-01,2025-12-31,0.9,True
ALIAS_01810,P_01810,R. Agate,CCTNS_ALIAS_LOG,2024-01-01,2025-12-31,0.9,True
ALIAS_01811,P_01811,U. Deo,CCTNS_ALIAS_LOG,2024-01-01,2025-12-31,0.9,True
ALIAS_01812,P_01812,B. Dutt,CCTNS_ALIAS_LOG,2024-01-01,2025-12-31,0.9,True
ALIAS_01813,P_01813,M. Gaba,CCTNS_ALIAS_LOG,2024-01-01,2025-12-31,0.9,True
ALIAS_01814,P_01814,J. Ravi,CCTNS_ALIAS_LOG,2024-01-01,2025-12-31,0.9,True
ALIAS_01815,P_01815,M. Chad,CCTNS_ALIAS_LOG,2024-01-01,2025-12-31,0.9,True
ALIAS_01816,P_01816,C. Bansal,CCTNS_ALIAS_LOG,2024-01-01,2025-12-31,0.9,True
ALIAS_01817,P_01817,O. Padmanabhan,CCTNS_ALIAS_LOG,2024-01-01,2025-12-31,0.9,True
ALIAS_01818,P_01818,K. Saraf,CCTNS_ALIAS_LOG,2024-01-01,2025-12-31,0.9,True
ALIAS_01819,P_01819,H. Nagi,CCTNS_ALIAS_LOG,2024-01-01,2025-12-31,0.9,True
ALIAS_01820,P_01820,G. Reddy,CCTNS_ALIAS_LOG,2024-01-01,2025-12-31,0.9,True
ALIAS_01821,P_01821,T. Iyer,CCTNS_ALIAS_LOG,2024-01-01,2025-12-31,0.9,True
ALIAS_01822,P_01822,W. Kar,CCTNS_ALIAS_LOG,2024-01-01,2025-12-31,0.9,True
ALIAS_01823,P_01823,N. Bala,CCTNS_ALIAS_LOG,2024-01-01,2025-12-31,0.9,True
ALIAS_01824,P_01824,G. Setty,CCTNS_ALIAS_LOG,2024-01-01,2025-12-31,0.9,True
ALIAS_01825,P_01825,A. Ramaswamy,CCTNS_ALIAS_LOG,2024-01-01,2025-12-31,0.9,True
ALIAS_01826,P_01826,P. Oza,CCTNS_ALIAS_LOG,2024-01-01,2025-12-31,0.9,True
ALIAS_01827,P_01827,H. Goyal,CCTNS_ALIAS_LOG,2024-01-01,2025-12-31,0.9,True
ALIAS_01828,P_01828,S. Gopal,CCTNS_ALIAS_LOG,2024-01-01,2025-12-31,0.9,True
ALIAS_01829,P_01829,A. Golla,CCTNS_ALIAS_LOG,2024-01-01,2025-12-31,0.9,True
ALIAS_01830,P_01830,N. Sagar,CCTNS_ALIAS_LOG,2024-01-01,2025-12-31,0.9,True
ALIAS_01831,P_01831,T. Shankar,CCTNS_ALIAS_LOG,2024-01-01,2025-12-31,0.9,True
ALIAS_01832,P_01832,L. Dara,CCTNS_ALIAS_LOG,2024-01-01,2025-12-31,0.9,True
ALIAS_01833,P_01833,J. Mammen,CCTNS_ALIAS_LOG,2024-01-01,2025-12-31,0.9,True
ALIAS_01834,P_01834,R. Gade,CCTNS_ALIAS_LOG,2024-01-01,2025-12-31,0.9,True
ALIAS_01835,P_01835,S. Deo,CCTNS_ALIAS_LOG,2024-01-01,2025-12-31,0.9,True
ALIAS_01836,P_01836,D. Batra,CCTNS_ALIAS_LOG,2024-01-01,2025-12-31,0.9,True
ALIAS_01837,P_01837,Z. Bath,CCTNS_ALIAS_LOG,2024-01-01,2025-12-31,0.9,True
ALIAS_01838,P_01838,E. Sheth,CCTNS_ALIAS_LOG,2024-01-01,2025-12-31,0.9,True
ALIAS_01839,P_01839,T. Rao,CCTNS_ALIAS_LOG,2024-01-01,2025-12-31,0.9,True
ALIAS_01840,P_01840,I. Dube,CCTNS_ALIAS_LOG,2024-01-01,2025-12-31,0.9,True
ALIAS_01841,P_01841,H. Datta,CCTNS_ALIAS_LOG,2024-01-01,2025-12-31,0.9,True
ALIAS_01842,P_01842,S. Karan,CCTNS_ALIAS_LOG,2024-01-01,2025-12-31,0.9,True
ALIAS_01843,P_01843,I. Kar,CCTNS_ALIAS_LOG,2024-01-01,2025-12-31,0.9,True
ALIAS_01844,P_01844,U. Ranganathan,CCTNS_ALIAS_LOG,2024-01-01,2025-12-31,0.9,True
ALIAS_01845,P_01845,Y. Dutt,CCTNS_ALIAS_LOG,2024-01-01,2025-12-31,0.9,True
ALIAS_01846,P_01846,H. Pandya,CCTNS_ALIAS_LOG,2024-01-01,2025-12-31,0.9,True
ALIAS_01847,P_01847,N. Sridhar,CCTNS_ALIAS_LOG,2024-01-01,2025-12-31,0.9,True
ALIAS_01848,P_01848,M. Dhar,CCTNS_ALIAS_LOG,2024-01-01,2025-12-31,0.9,True
ALIAS_01849,P_01849,M. Gour,CCTNS_ALIAS_LOG,2024-01-01,2025-12-31,0.9,True
ALIAS_01850,P_01850,K. Bawa,CCTNS_ALIAS_LOG,2024-01-01,2025-12-31,0.9,True
ALIAS_01851,P_01851,V. Majumdar,CCTNS_ALIAS_LOG,2024-01-01,2025-12-31,0.9,True
ALIAS_01852,P_01852,E. Dixit,CCTNS_ALIAS_LOG,2024-01-01,2025-12-31,0.9,True
ALIAS_01853,P_01853,M. Karnik,CCTNS_ALIAS_LOG,2024-01-01,2025-12-31,0.9,True
ALIAS_01854,P_01854,C. Pathak,CCTNS_ALIAS_LOG,2024-01-01,2025-12-31,0.9,True
ALIAS_01855,P_01855,E. Brahmbhatt,CCTNS_ALIAS_LOG,2024-01-01,2025-12-31,0.9,True
ALIAS_01856,P_01856,S. Nagi,CCTNS_ALIAS_LOG,2024-01-01,2025-12-31,0.9,True
ALIAS_01857,P_01857,L. Badami,CCTNS_ALIAS_LOG,2024-01-01,2025-12-31,0.9,True
ALIAS_01858,P_01858,L. Chakraborty,CCTNS_ALIAS_LOG,2024-01-01,2025-12-31,0.9,True
ALIAS_01859,P_01859,S. Ravi,CCTNS_ALIAS_LOG,2024-01-01,2025-12-31,0.9,True
ALIAS_01860,P_01860,V. Buch,CCTNS_ALIAS_LOG,2024-01-01,2025-12-31,0.9,True
ALIAS_01861,P_01861,O. Pandey,CCTNS_ALIAS_LOG,2024-01-01,2025-12-31,0.9,True
ALIAS_01862,P_01862,F. More,CCTNS_ALIAS_LOG,2024-01-01,2025-12-31,0.9,True
ALIAS_01863,P_01863,N. Dara,CCTNS_ALIAS_LOG,2024-01-01,2025-12-31,0.9,True
ALIAS_01864,P_01864,B. Srinivasan,CCTNS_ALIAS_LOG,2024-01-01,2025-12-31,0.9,True
ALIAS_01865,P_01865,D. Saran,CCTNS_ALIAS_LOG,2024-01-01,2025-12-31,0.9,True
ALIAS_01866,P_01866,G. Saini,CCTNS_ALIAS_LOG,2024-01-01,2025-12-31,0.9,True
ALIAS_01867,P_01867,A. Ray,CCTNS_ALIAS_LOG,2024-01-01,2025-12-31,0.9,True
ALIAS_01868,P_01868,A. Sandhu,CCTNS_ALIAS_LOG,2024-01-01,2025-12-31,0.9,True
ALIAS_01869,P_01869,L. Kapoor,CCTNS_ALIAS_LOG,2024-01-01,2025-12-31,0.9,True
ALIAS_01870,P_01870,I. Choudhary,CCTNS_ALIAS_LOG,2024-01-01,2025-12-31,0.9,True
ALIAS_01871,P_01871,F. Murthy,CCTNS_ALIAS_LOG,2024-01-01,2025-12-31,0.9,True
ALIAS_01872,P_01872,O. Saran,CCTNS_ALIAS_LOG,2024-01-01,2025-12-31,0.9,True
ALIAS_01873,P_01873,E. Mody,CCTNS_ALIAS_LOG,2024-01-01,2025-12-31,0.9,True
ALIAS_01874,P_01874,S. Mane,CCTNS_ALIAS_LOG,2024-01-01,2025-12-31,0.9,True
ALIAS_01875,P_01875,M. Kapur,CCTNS_ALIAS_LOG,2024-01-01,2025-12-31,0.9,True
ALIAS_01876,P_01876,A. Chaudhry,CCTNS_ALIAS_LOG,2024-01-01,2025-12-31,0.9,True
ALIAS_01877,P_01877,I. Srinivas,CCTNS_ALIAS_LOG,2024-01-01,2025-12-31,0.9,True
ALIAS_01878,P_01878,N. Prabhakar,CCTNS_ALIAS_LOG,2024-01-01,2025-12-31,0.9,True
ALIAS_01879,P_01879,A. Sant,CCTNS_ALIAS_LOG,2024-01-01,2025-12-31,0.9,True
ALIAS_01880,P_01880,L. Parekh,CCTNS_ALIAS_LOG,2024-01-01,2025-12-31,0.9,True
ALIAS_01881,P_01881,R. Narayanan,CCTNS_ALIAS_LOG,2024-01-01,2025-12-31,0.9,True
ALIAS_01882,P_01882,A. Patel,CCTNS_ALIAS_LOG,2024-01-01,2025-12-31,0.9,True
ALIAS_01883,P_01883,E. Kapoor,CCTNS_ALIAS_LOG,2024-01-01,2025-12-31,0.9,True
ALIAS_01884,P_01884,B. Kothari,CCTNS_ALIAS_LOG,2024-01-01,2025-12-31,0.9,True
ALIAS_01885,P_01885,H. Bahl,CCTNS_ALIAS_LOG,2024-01-01,2025-12-31,0.9,True
ALIAS_01886,P_01886,D. Dhaliwal,CCTNS_ALIAS_LOG,2024-01-01,2025-12-31,0.9,True
ALIAS_01887,P_01887,U. Lall,CCTNS_ALIAS_LOG,2024-01-01,2025-12-31,0.9,True
ALIAS_01888,P_01888,J. Batta,CCTNS_ALIAS_LOG,2024-01-01,2025-12-31,0.9,True
ALIAS_01889,P_01889,G. Dutta,CCTNS_ALIAS_LOG,2024-01-01,2025-12-31,0.9,True
ALIAS_01890,P_01890,A. Desai,CCTNS_ALIAS_LOG,2024-01-01,2025-12-31,0.9,True
ALIAS_01891,P_01891,R. Kulkarni,CCTNS_ALIAS_LOG,2024-01-01,2025-12-31,0.9,True
ALIAS_01892,P_01892,A. Sarma,CCTNS_ALIAS_LOG,2024-01-01,2025-12-31,0.9,True
ALIAS_01893,P_01893,D. Ghose,CCTNS_ALIAS_LOG,2024-01-01,2025-12-31,0.9,True
ALIAS_01894,P_01894,A. Sura,CCTNS_ALIAS_LOG,2024-01-01,2025-12-31,0.9,True
ALIAS_01895,P_01895,T. Bir,CCTNS_ALIAS_LOG,2024-01-01,2025-12-31,0.9,True
ALIAS_01896,P_01896,K. Bhardwaj,CCTNS_ALIAS_LOG,2024-01-01,2025-12-31,0.9,True
ALIAS_01897,P_01897,E. Lad,CCTNS_ALIAS_LOG,2024-01-01,2025-12-31,0.9,True
ALIAS_01898,P_01898,R. Dube,CCTNS_ALIAS_LOG,2024-01-01,2025-12-31,0.9,True
ALIAS_01899,P_01899,B. Oza,CCTNS_ALIAS_LOG,2024-01-01,2025-12-31,0.9,True
ALIAS_01900,P_01900,R. Seth,CCTNS_ALIAS_LOG,2024-01-01,2025-12-31,0.9,True
ALIAS_01901,P_01901,Y. Barman,CCTNS_ALIAS_LOG,2024-01-01,2025-12-31,0.9,True
ALIAS_01902,P_01902,B. Banik,CCTNS_ALIAS_LOG,2024-01-01,2025-12-31,0.9,True
ALIAS_01903,P_01903,P. Nadkarni,CCTNS_ALIAS_LOG,2024-01-01,2025-12-31,0.9,True
ALIAS_01904,P_01904,Z. Kannan,CCTNS_ALIAS_LOG,2024-01-01,2025-12-31,0.9,True
ALIAS_01905,P_01905,K. Goda,CCTNS_ALIAS_LOG,2024-01-01,2025-12-31,0.9,True
ALIAS_01906,P_01906,S. Mann,CCTNS_ALIAS_LOG,2024-01-01,2025-12-31,0.9,True
ALIAS_01907,P_01907,Y. Narayanan,CCTNS_ALIAS_LOG,2024-01-01,2025-12-31,0.9,True
ALIAS_01908,P_01908,Y. Palla,CCTNS_ALIAS_LOG,2024-01-01,2025-12-31,0.9,True
ALIAS_01909,P_01909,M. Sane,CCTNS_ALIAS_LOG,2024-01-01,2025-12-31,0.9,True
ALIAS_01910,P_01910,U. Nagar,CCTNS_ALIAS_LOG,2024-01-01,2025-12-31,0.9,True
ALIAS_01911,P_01911,M. Palla,CCTNS_ALIAS_LOG,2024-01-01,2025-12-31,0.9,True
ALIAS_01912,P_01912,J. Bora,CCTNS_ALIAS_LOG,2024-01-01,2025-12-31,0.9,True
ALIAS_01913,P_01913,V. Sarin,CCTNS_ALIAS_LOG,2024-01-01,2025-12-31,0.9,True
ALIAS_01914,P_01914,K. Borra,CCTNS_ALIAS_LOG,2024-01-01,2025-12-31,0.9,True
ALIAS_01915,P_01915,R. Jayaraman,CCTNS_ALIAS_LOG,2024-01-01,2025-12-31,0.9,True
ALIAS_01916,P_01916,D. Chacko,CCTNS_ALIAS_LOG,2024-01-01,2025-12-31,0.9,True
ALIAS_01917,P_01917,K. Yohannan,CCTNS_ALIAS_LOG,2024-01-01,2025-12-31,0.9,True
ALIAS_01918,P_01918,I. Wali,CCTNS_ALIAS_LOG,2024-01-01,2025-12-31,0.9,True
ALIAS_01919,P_01919,B. Rama,CCTNS_ALIAS_LOG,2024-01-01,2025-12-31,0.9,True
ALIAS_01920,P_01920,L. Ratti,CCTNS_ALIAS_LOG,2024-01-01,2025-12-31,0.9,True
ALIAS_01921,P_01921,I. Dhaliwal,CCTNS_ALIAS_LOG,2024-01-01,2025-12-31,0.9,True
ALIAS_01922,P_01922,C. Mane,CCTNS_ALIAS_LOG,2024-01-01,2025-12-31,0.9,True
ALIAS_01923,P_01923,Y. Choudhury,CCTNS_ALIAS_LOG,2024-01-01,2025-12-31,0.9,True
ALIAS_01924,P_01924,N. Varkey,CCTNS_ALIAS_LOG,2024-01-01,2025-12-31,0.9,True
ALIAS_01925,P_01925,O. Agate,CCTNS_ALIAS_LOG,2024-01-01,2025-12-31,0.9,True
ALIAS_01926,P_01926,M. Gulati,CCTNS_ALIAS_LOG,2024-01-01,2025-12-31,0.9,True
ALIAS_01927,P_01927,W. Agarwal,CCTNS_ALIAS_LOG,2024-01-01,2025-12-31,0.9,True
ALIAS_01928,P_01928,S. Rao,CCTNS_ALIAS_LOG,2024-01-01,2025-12-31,0.9,True
ALIAS_01929,P_01929,Y. Rajan,CCTNS_ALIAS_LOG,2024-01-01,2025-12-31,0.9,True
ALIAS_01930,P_01930,N. Goel,CCTNS_ALIAS_LOG,2024-01-01,2025-12-31,0.9,True
ALIAS_01931,P_01931,F. Gupta,CCTNS_ALIAS_LOG,2024-01-01,2025-12-31,0.9,True
ALIAS_01932,P_01932,I. Grover,CCTNS_ALIAS_LOG,2024-01-01,2025-12-31,0.9,True
ALIAS_01933,P_01933,L. Chandran,CCTNS_ALIAS_LOG,2024-01-01,2025-12-31,0.9,True
ALIAS_01934,P_01934,Y. Borde,CCTNS_ALIAS_LOG,2024-01-01,2025-12-31,0.9,True
ALIAS_01935,P_01935,O. Walla,CCTNS_ALIAS_LOG,2024-01-01,2025-12-31,0.9,True
ALIAS_01936,P_01936,J. Rastogi,CCTNS_ALIAS_LOG,2024-01-01,2025-12-31,0.9,True
ALIAS_01937,P_01937,D. Tripathi,CCTNS_ALIAS_LOG,2024-01-01,2025-12-31,0.9,True
ALIAS_01938,P_01938,S. Misra,CCTNS_ALIAS_LOG,2024-01-01,2025-12-31,0.9,True
ALIAS_01939,P_01939,D. Bhatnagar,CCTNS_ALIAS_LOG,2024-01-01,2025-12-31,0.9,True
ALIAS_01940,P_01940,W. Kumer,CCTNS_ALIAS_LOG,2024-01-01,2025-12-31,0.9,True
ALIAS_01941,P_01941,I. Roy,CCTNS_ALIAS_LOG,2024-01-01,2025-12-31,0.9,True
ALIAS_01942,P_01942,H. Rai,CCTNS_ALIAS_LOG,2024-01-01,2025-12-31,0.9,True
ALIAS_01943,P_01943,A. Narain,CCTNS_ALIAS_LOG,2024-01-01,2025-12-31,0.9,True
ALIAS_01944,P_01944,M. Mann,CCTNS_ALIAS_LOG,2024-01-01,2025-12-31,0.9,True
ALIAS_01945,P_01945,T. Acharya,CCTNS_ALIAS_LOG,2024-01-01,2025-12-31,0.9,True
ALIAS_01946,P_01946,A. Cherian,CCTNS_ALIAS_LOG,2024-01-01,2025-12-31,0.9,True
ALIAS_01947,P_01947,A. Kala,CCTNS_ALIAS_LOG,2024-01-01,2025-12-31,0.9,True
ALIAS_01948,P_01948,I. Ram,CCTNS_ALIAS_LOG,2024-01-01,2025-12-31,0.9,True
ALIAS_01949,P_01949,S. Ben,CCTNS_ALIAS_LOG,2024-01-01,2025-12-31,0.9,True
ALIAS_01950,P_01950,I. Jani,CCTNS_ALIAS_LOG,2024-01-01,2025-12-31,0.9,True
ALIAS_01951,P_01951,C. Ramaswamy,CCTNS_ALIAS_LOG,2024-01-01,2025-12-31,0.9,True
ALIAS_01952,P_01952,K. Dhar,CCTNS_ALIAS_LOG,2024-01-01,2025-12-31,0.9,True
ALIAS_01953,P_01953,L. Murty,CCTNS_ALIAS_LOG,2024-01-01,2025-12-31,0.9,True
ALIAS_01954,P_01954,T. Menon,CCTNS_ALIAS_LOG,2024-01-01,2025-12-31,0.9,True
ALIAS_01955,P_01955,B. Nanda,CCTNS_ALIAS_LOG,2024-01-01,2025-12-31,0.9,True
ALIAS_01956,P_01956,U. Munshi,CCTNS_ALIAS_LOG,2024-01-01,2025-12-31,0.9,True
ALIAS_01957,P_01957,O. Bhalla,CCTNS_ALIAS_LOG,2024-01-01,2025-12-31,0.9,True
ALIAS_01958,P_01958,W. Dhar,CCTNS_ALIAS_LOG,2024-01-01,2025-12-31,0.9,True
ALIAS_01959,P_01959,E. Nagi,CCTNS_ALIAS_LOG,2024-01-01,2025-12-31,0.9,True
ALIAS_01960,P_01960,H. Ravi,CCTNS_ALIAS_LOG,2024-01-01,2025-12-31,0.9,True
ALIAS_01961,P_01961,E. Bhakta,CCTNS_ALIAS_LOG,2024-01-01,2025-12-31,0.9,True
ALIAS_01962,P_01962,S. Mohanty,CCTNS_ALIAS_LOG,2024-01-01,2025-12-31,0.9,True
ALIAS_01963,P_01963,C. Choudhury,CCTNS_ALIAS_LOG,2024-01-01,2025-12-31,0.9,True
ALIAS_01964,P_01964,A. Mann,CCTNS_ALIAS_LOG,2024-01-01,2025-12-31,0.9,True
ALIAS_01965,P_01965,T. Hayer,CCTNS_ALIAS_LOG,2024-01-01,2025-12-31,0.9,True
ALIAS_01966,P_01966,P. Barad,CCTNS_ALIAS_LOG,2024-01-01,2025-12-31,0.9,True
ALIAS_01967,P_01967,V. Hegde,CCTNS_ALIAS_LOG,2024-01-01,2025-12-31,0.9,True
ALIAS_01968,P_01968,S. Mohan,CCTNS_ALIAS_LOG,2024-01-01,2025-12-31,0.9,True
ALIAS_01969,P_01969,I. Sandal,CCTNS_ALIAS_LOG,2024-01-01,2025-12-31,0.9,True
ALIAS_01970,P_01970,S. Radhakrishnan,CCTNS_ALIAS_LOG,2024-01-01,2025-12-31,0.9,True
ALIAS_01971,P_01971,M. Deshpande,CCTNS_ALIAS_LOG,2024-01-01,2025-12-31,0.9,True
ALIAS_01972,P_01972,I. Bava,CCTNS_ALIAS_LOG,2024-01-01,2025-12-31,0.9,True
ALIAS_01973,P_01973,G. Chada,CCTNS_ALIAS_LOG,2024-01-01,2025-12-31,0.9,True
ALIAS_01974,P_01974,T. Prabhakar,CCTNS_ALIAS_LOG,2024-01-01,2025-12-31,0.9,True
ALIAS_01975,P_01975,Z. Choudhry,CCTNS_ALIAS_LOG,2024-01-01,2025-12-31,0.9,True
ALIAS_01976,P_01976,L. Mistry,CCTNS_ALIAS_LOG,2024-01-01,2025-12-31,0.9,True
ALIAS_01977,P_01977,A. Narasimhan,CCTNS_ALIAS_LOG,2024-01-01,2025-12-31,0.9,True
ALIAS_01978,P_01978,F. Gopal,CCTNS_ALIAS_LOG,2024-01-01,2025-12-31,0.9,True
ALIAS_01979,P_01979,F. Korpal,CCTNS_ALIAS_LOG,2024-01-01,2025-12-31,0.9,True
ALIAS_01980,P_01980,H. Saxena,CCTNS_ALIAS_LOG,2024-01-01,2025-12-31,0.9,True
ALIAS_01981,P_01981,S. Kant,CCTNS_ALIAS_LOG,2024-01-01,2025-12-31,0.9,True
ALIAS_01982,P_01982,J. Rana,CCTNS_ALIAS_LOG,2024-01-01,2025-12-31,0.9,True
ALIAS_01983,P_01983,J. Som,CCTNS_ALIAS_LOG,2024-01-01,2025-12-31,0.9,True
ALIAS_01984,P_01984,H. Thakkar,CCTNS_ALIAS_LOG,2024-01-01,2025-12-31,0.9,True
ALIAS_01985,P_01985,T. Jhaveri,CCTNS_ALIAS_LOG,2024-01-01,2025-12-31,0.9,True
ALIAS_01986,P_01986,L. Sarraf,CCTNS_ALIAS_LOG,2024-01-01,2025-12-31,0.9,True
ALIAS_01987,P_01987,W. Bhasin,CCTNS_ALIAS_LOG,2024-01-01,2025-12-31,0.9,True
ALIAS_01988,P_01988,B. Seshadri,CCTNS_ALIAS_LOG,2024-01-01,2025-12-31,0.9,True
ALIAS_01989,P_01989,I. D’Alia,CCTNS_ALIAS_LOG,2024-01-01,2025-12-31,0.9,True
ALIAS_01990,P_01990,Y. Khatri,CCTNS_ALIAS_LOG,2024-01-01,2025-12-31,0.9,True
ALIAS_01991,P_01991,N. Agrawal,CCTNS_ALIAS_LOG,2024-01-01,2025-12-31,0.9,True
ALIAS_01992,P_01992,A. Biswas,CCTNS_ALIAS_LOG,2024-01-01,2025-12-31,0.9,True
ALIAS_01993,P_01993,C. Rout,CCTNS_ALIAS_LOG,2024-01-01,2025-12-31,0.9,True
ALIAS_01994,P_01994,V. Kala,CCTNS_ALIAS_LOG,2024-01-01,2025-12-31,0.9,True
ALIAS_01995,P_01995,A. Lad,CCTNS_ALIAS_LOG,2024-01-01,2025-12-31,0.9,True
ALIAS_01996,P_01996,A. Sabharwal,CCTNS_ALIAS_LOG,2024-01-01,2025-12-31,0.9,True
ALIAS_01997,P_01997,O. Tiwari,CCTNS_ALIAS_LOG,2024-01-01,2025-12-31,0.9,True
ALIAS_01998,P_01998,S. Deshpande,CCTNS_ALIAS_LOG,2024-01-01,2025-12-31,0.9,True
ALIAS_01999,P_01999,H. Rajagopal,CCTNS_ALIAS_LOG,2024-01-01,2025-12-31,0.9,True
ALIAS_02000,P_02000,Y. Tak,CCTNS_ALIAS_LOG,2024-01-01,2025-12-31,0.9,True
ALIAS_02001,P_02049,T. Ravel,CCTNS_ALIAS_LOG,2024-01-01,2025-12-31,0.9,True
ALIAS_02002,P_02050,A. Chowdhury,CCTNS_ALIAS_LOG,2024-01-01,2025-12-31,0.9,True
ALIAS_02003,P_02051,I. Lalla,CCTNS_ALIAS_LOG,2024-01-01,2025-12-31,0.9,True
ALIAS_02004,P_02052,I. Seshadri,CCTNS_ALIAS_LOG,2024-01-01,2025-12-31,0.9,True
ALIAS_02005,P_02053,A. Chaudhry,CCTNS_ALIAS_LOG,2024-01-01,2025-12-31,0.9,True
ALIAS_02006,P_02054,V. More,CCTNS_ALIAS_LOG,2024-01-01,2025-12-31,0.9,True
ALIAS_02007,P_02055,M. Ramakrishnan,CCTNS_ALIAS_LOG,2024-01-01,2025-12-31,0.9,True
ALIAS_02008,P_02056,W. Misra,CCTNS_ALIAS_LOG,2024-01-01,2025-12-31,0.9,True
ALIAS_02009,P_02057,H. Chokshi,CCTNS_ALIAS_LOG,2024-01-01,2025-12-31,0.9,True
ALIAS_02010,P_02058,T. Bedi,CCTNS_ALIAS_LOG,2024-01-01,2025-12-31,0.9,True
ALIAS_02011,P_02059,B. Balay,CCTNS_ALIAS_LOG,2024-01-01,2025-12-31,0.9,True
ALIAS_02012,P_02060,N. Balasubramanian,CCTNS_ALIAS_LOG,2024-01-01,2025-12-31,0.9,True
ALIAS_02013,P_02061,G. Talwar,CCTNS_ALIAS_LOG,2024-01-01,2025-12-31,0.9,True
ALIAS_02014,P_02062,T. Chakraborty,CCTNS_ALIAS_LOG,2024-01-01,2025-12-31,0.9,True
ALIAS_02015,P_02063,B. Upadhyay,CCTNS_ALIAS_LOG,2024-01-01,2025-12-31,0.9,True
ALIAS_02016,P_02064,A. Reddy,CCTNS_ALIAS_LOG,2024-01-01,2025-12-31,0.9,True
ALIAS_02017,P_02065,S. Kunda,CCTNS_ALIAS_LOG,2024-01-01,2025-12-31,0.9,True
ALIAS_02018,P_02066,K. Gour,CCTNS_ALIAS_LOG,2024-01-01,2025-12-31,0.9,True
ALIAS_02019,P_02067,A. Butala,CCTNS_ALIAS_LOG,2024-01-01,2025-12-31,0.9,True
ALIAS_02020,P_02068,A. Joshi,CCTNS_ALIAS_LOG,2024-01-01,2025-12-31,0.9,True
ALIAS_02021,P_02069,U. Mital,CCTNS_ALIAS_LOG,2024-01-01,2025-12-31,0.9,True
ALIAS_02022,P_02070,I. Raja,CCTNS_ALIAS_LOG,2024-01-01,2025-12-31,0.9,True
ALIAS_02023,P_02071,O. Sani,CCTNS_ALIAS_LOG,2024-01-01,2025-12-31,0.9,True
ALIAS_02024,P_02072,J. Kala,CCTNS_ALIAS_LOG,2024-01-01,2025-12-31,0.9,True
ALIAS_02025,P_02073,A. Bajwa,CCTNS_ALIAS_LOG,2024-01-01,2025-12-31,0.9,True
ALIAS_02026,P_02074,V. Manne,CCTNS_ALIAS_LOG,2024-01-01,2025-12-31,0.9,True
ALIAS_02027,P_02075,M. Datta,CCTNS_ALIAS_LOG,2024-01-01,2025-12-31,0.9,True
ALIAS_02028,P_02076,S. Baral,CCTNS_ALIAS_LOG,2024-01-01,2025-12-31,0.9,True
ALIAS_02029,P_02077,R. Grover,CCTNS_ALIAS_LOG,2024-01-01,2025-12-31,0.9,True
ALIAS_02030,P_02078,J. Narasimhan,CCTNS_ALIAS_LOG,2024-01-01,2025-12-31,0.9,True
ALIAS_02031,P_02079,Y. Manne,CCTNS_ALIAS_LOG,2024-01-01,2025-12-31,0.9,True
ALIAS_02032,P_02080,J. Krishnan,CCTNS_ALIAS_LOG,2024-01-01,2025-12-31,0.9,True
ALIAS_02033,P_02081,L. Talwar,CCTNS_ALIAS_LOG,2024-01-01,2025-12-31,0.9,True
ALIAS_02034,P_02082,G. Mital,CCTNS_ALIAS_LOG,2024-01-01,2025-12-31,0.9,True
ALIAS_02035,P_02083,C. Bajaj,CCTNS_ALIAS_LOG,2024-01-01,2025-12-31,0.9,True
ALIAS_02036,P_02084,G. Virk,CCTNS_ALIAS_LOG,2024-01-01,2025-12-31,0.9,True
ALIAS_02037,P_02085,D. Doctor,CCTNS_ALIAS_LOG,2024-01-01,2025-12-31,0.9,True
ALIAS_02038,P_02086,N. Roy,CCTNS_ALIAS_LOG,2024-01-01,2025-12-31,0.9,True
ALIAS_02039,P_02087,A. Ravel,CCTNS_ALIAS_LOG,2024-01-01,2025-12-31,0.9,True
ALIAS_02040,P_02088,A. Dewan,CCTNS_ALIAS_LOG,2024-01-01,2025-12-31,0.9,True
ALIAS_02041,P_02089,M. Raman,CCTNS_ALIAS_LOG,2024-01-01,2025-12-31,0.9,True
ALIAS_02042,P_02090,U. Karan,CCTNS_ALIAS_LOG,2024-01-01,2025-12-31,0.9,True
ALIAS_02043,P_02091,A. Anand,CCTNS_ALIAS_LOG,2024-01-01,2025-12-31,0.9,True
ALIAS_02044,P_02092,J. Sahota,CCTNS_ALIAS_LOG,2024-01-01,2025-12-31,0.9,True
ALIAS_02045,P_02093,I. Balay,CCTNS_ALIAS_LOG,2024-01-01,2025-12-31,0.9,True
ALIAS_02046,P_02094,C. Chada,CCTNS_ALIAS_LOG,2024-01-01,2025-12-31,0.9,True
ALIAS_02047,P_02095,P. Iyer,CCTNS_ALIAS_LOG,2024-01-01,2025-12-31,0.9,True
ALIAS_02048,P_02096,A. Tank,CCTNS_ALIAS_LOG,2024-01-01,2025-12-31,0.9,True
ALIAS_02049,P_02097,D. Goel,CCTNS_ALIAS_LOG,2024-01-01,2025-12-31,0.9,True
ALIAS_02050,P_02098,G. Natarajan,CCTNS_ALIAS_LOG,2024-01-01,2025-12-31,0.9,True
ALIAS_02051,P_02099,A. Keer,CCTNS_ALIAS_LOG,2024-01-01,2025-12-31,0.9,True
ALIAS_02052,P_02100,N. Nadkarni,CCTNS_ALIAS_LOG,2024-01-01,2025-12-31,0.9,True
ALIAS_02053,P_02101,O. Ram,CCTNS_ALIAS_LOG,2024-01-01,2025-12-31,0.9,True
ALIAS_02054,P_02102,R. Uppal,CCTNS_ALIAS_LOG,2024-01-01,2025-12-31,0.9,True
ALIAS_02055,P_02103,S. Pathak,CCTNS_ALIAS_LOG,2024-01-01,2025-12-31,0.9,True
ALIAS_02056,P_02104,C. Dhingra,CCTNS_ALIAS_LOG,2024-01-01,2025-12-31,0.9,True
ALIAS_02057,P_02105,O. Radhakrishnan,CCTNS_ALIAS_LOG,2024-01-01,2025-12-31,0.9,True
ALIAS_02058,P_02106,I. Kunda,CCTNS_ALIAS_LOG,2024-01-01,2025-12-31,0.9,True
ALIAS_02059,P_02107,W. Hayre,CCTNS_ALIAS_LOG,2024-01-01,2025-12-31,0.9,True
ALIAS_02060,P_02108,U. Nazareth,CCTNS_ALIAS_LOG,2024-01-01,2025-12-31,0.9,True
ALIAS_02061,P_02109,N. Ravel,CCTNS_ALIAS_LOG,2024-01-01,2025-12-31,0.9,True
ALIAS_02062,P_02110,N. Prabhakar,CCTNS_ALIAS_LOG,2024-01-01,2025-12-31,0.9,True
ALIAS_02063,P_02111,D. Wable,CCTNS_ALIAS_LOG,2024-01-01,2025-12-31,0.9,True
ALIAS_02064,P_02112,D. Jain,CCTNS_ALIAS_LOG,2024-01-01,2025-12-31,0.9,True
ALIAS_02065,P_02113,G. Majumdar,CCTNS_ALIAS_LOG,2024-01-01,2025-12-31,0.9,True
ALIAS_02066,P_02114,H. Shukla,CCTNS_ALIAS_LOG,2024-01-01,2025-12-31,0.9,True
ALIAS_02067,P_02115,G. Mane,CCTNS_ALIAS_LOG,2024-01-01,2025-12-31,0.9,True
ALIAS_02068,P_02116,R. Oak,CCTNS_ALIAS_LOG,2024-01-01,2025-12-31,0.9,True
ALIAS_02069,P_02117,A. Sinha,CCTNS_ALIAS_LOG,2024-01-01,2025-12-31,0.9,True
ALIAS_02070,P_02118,A. Vala,CCTNS_ALIAS_LOG,2024-01-01,2025-12-31,0.9,True
ALIAS_02071,P_02119,V. Swaminathan,CCTNS_ALIAS_LOG,2024-01-01,2025-12-31,0.9,True
ALIAS_02072,P_02120,H. Amble,CCTNS_ALIAS_LOG,2024-01-01,2025-12-31,0.9,True
ALIAS_02073,P_02121,A. Gara,CCTNS_ALIAS_LOG,2024-01-01,2025-12-31,0.9,True
ALIAS_02074,P_02122,N. Dara,CCTNS_ALIAS_LOG,2024-01-01,2025-12-31,0.9,True
ALIAS_02075,P_02123,A. Rao,CCTNS_ALIAS_LOG,2024-01-01,2025-12-31,0.9,True
ALIAS_02076,P_02124,Y. Patla,CCTNS_ALIAS_LOG,2024-01-01,2025-12-31,0.9,True
ALIAS_02077,P_02125,L. Bora,CCTNS_ALIAS_LOG,2024-01-01,2025-12-31,0.9,True
ALIAS_02078,P_02126,N. Manda,CCTNS_ALIAS_LOG,2024-01-01,2025-12-31,0.9,True
ALIAS_02079,P_02127,T. Bajwa,CCTNS_ALIAS_LOG,2024-01-01,2025-12-31,0.9,True
ALIAS_02080,P_02128,C. Din,CCTNS_ALIAS_LOG,2024-01-01,2025-12-31,0.9,True
ALIAS_02081,P_02129,N. Konda,CCTNS_ALIAS_LOG,2024-01-01,2025-12-31,0.9,True
ALIAS_02082,P_02130,E. Badal,CCTNS_ALIAS_LOG,2024-01-01,2025-12-31,0.9,True
ALIAS_02083,P_02131,J. Nagarajan,CCTNS_ALIAS_LOG,2024-01-01,2025-12-31,0.9,True
ALIAS_02084,P_02132,W. Narayan,CCTNS_ALIAS_LOG,2024-01-01,2025-12-31,0.9,True
ALIAS_02085,P_02133,H. Pathak,CCTNS_ALIAS_LOG,2024-01-01,2025-12-31,0.9,True
ALIAS_02086,P_02134,L. Bahl,CCTNS_ALIAS_LOG,2024-01-01,2025-12-31,0.9,True
ALIAS_02087,P_02135,U. Dhaliwal,CCTNS_ALIAS_LOG,2024-01-01,2025-12-31,0.9,True
ALIAS_02088,P_02136,X. Sheth,CCTNS_ALIAS_LOG,2024-01-01,2025-12-31,0.9,True
ALIAS_02089,P_02137,D. Kalita,CCTNS_ALIAS_LOG,2024-01-01,2025-12-31,0.9,True
ALIAS_02090,P_02138,R. Minhas,CCTNS_ALIAS_LOG,2024-01-01,2025-12-31,0.9,True
ALIAS_02091,P_02139,G. Lad,CCTNS_ALIAS_LOG,2024-01-01,2025-12-31,0.9,True
ALIAS_02092,P_02140,C. Sen,CCTNS_ALIAS_LOG,2024-01-01,2025-12-31,0.9,True
ALIAS_02093,P_02141,M. Sridhar,CCTNS_ALIAS_LOG,2024-01-01,2025-12-31,0.9,True
ALIAS_02094,P_02142,L. Parmar,CCTNS_ALIAS_LOG,2024-01-01,2025-12-31,0.9,True
ALIAS_02095,P_02143,A. Varughese,CCTNS_ALIAS_LOG,2024-01-01,2025-12-31,0.9,True
ALIAS_02096,P_02144,I. Bal,CCTNS_ALIAS_LOG,2024-01-01,2025-12-31,0.9,True
ALIAS_02097,P_02145,A. Andra,CCTNS_ALIAS_LOG,2024-01-01,2025-12-31,0.9,True
ALIAS_02098,P_02146,H. Padmanabhan,CCTNS_ALIAS_LOG,2024-01-01,2025-12-31,0.9,True
ALIAS_02099,P_02147,M. Golla,CCTNS_ALIAS_LOG,2024-01-01,2025-12-31,0.9,True
ALIAS_02100,P_02148,P. Gill,CCTNS_ALIAS_LOG,2024-01-01,2025-12-31,0.9,True
ALIAS_02101,P_02149,J. Swamy,CCTNS_ALIAS_LOG,2024-01-01,2025-12-31,0.9,True
ALIAS_02102,P_02150,B. Loyal,CCTNS_ALIAS_LOG,2024-01-01,2025-12-31,0.9,True
ALIAS_02103,P_02151,S. Gola,CCTNS_ALIAS_LOG,2024-01-01,2025-12-31,0.9,True
ALIAS_02104,P_02152,Q. Rao,CCTNS_ALIAS_LOG,2024-01-01,2025-12-31,0.9,True
ALIAS_02105,P_02153,U. Bahl,CCTNS_ALIAS_LOG,2024-01-01,2025-12-31,0.9,True
ALIAS_02106,P_02154,B. Manne,CCTNS_ALIAS_LOG,2024-01-01,2025-12-31,0.9,True
ALIAS_02107,P_02155,U. Chowdhury,CCTNS_ALIAS_LOG,2024-01-01,2025-12-31,0.9,True
ALIAS_02108,P_02156,B. Rao,CCTNS_ALIAS_LOG,2024-01-01,2025-12-31,0.9,True
ALIAS_02109,P_02157,T. Kar,CCTNS_ALIAS_LOG,2024-01-01,2025-12-31,0.9,True
ALIAS_02110,P_02158,T. Pall,CCTNS_ALIAS_LOG,2024-01-01,2025-12-31,0.9,True
ALIAS_02111,P_02159,G. Garg,CCTNS_ALIAS_LOG,2024-01-01,2025-12-31,0.9,True
ALIAS_02112,P_02160,A. Sethi,CCTNS_ALIAS_LOG,2024-01-01,2025-12-31,0.9,True
ALIAS_02113,P_02161,A. Gara,CCTNS_ALIAS_LOG,2024-01-01,2025-12-31,0.9,True
ALIAS_02114,P_02162,Q. Brahmbhatt,CCTNS_ALIAS_LOG,2024-01-01,2025-12-31,0.9,True
ALIAS_02115,P_02163,O. Dugar,CCTNS_ALIAS_LOG,2024-01-01,2025-12-31,0.9,True
ALIAS_02116,P_02164,E. Baria,CCTNS_ALIAS_LOG,2024-01-01,2025-12-31,0.9,True
ALIAS_02117,P_02165,F. Bandi,CCTNS_ALIAS_LOG,2024-01-01,2025-12-31,0.9,True
ALIAS_02118,P_02166,R. Gaba,CCTNS_ALIAS_LOG,2024-01-01,2025-12-31,0.9,True
ALIAS_02119,P_02167,A. Palan,CCTNS_ALIAS_LOG,2024-01-01,2025-12-31,0.9,True
ALIAS_02120,P_02168,G. Ramaswamy,CCTNS_ALIAS_LOG,2024-01-01,2025-12-31,0.9,True
ALIAS_02121,P_02169,N. Hora,CCTNS_ALIAS_LOG,2024-01-01,2025-12-31,0.9,True
ALIAS_02122,P_02170,D. Aurora,CCTNS_ALIAS_LOG,2024-01-01,2025-12-31,0.9,True
ALIAS_02123,P_02171,K. Golla,CCTNS_ALIAS_LOG,2024-01-01,2025-12-31,0.9,True
ALIAS_02124,P_02172,K. Sampath,CCTNS_ALIAS_LOG,2024-01-01,2025-12-31,0.9,True
ALIAS_02125,P_02173,H. Dhar,CCTNS_ALIAS_LOG,2024-01-01,2025-12-31,0.9,True
ALIAS_02126,P_02174,N. Walia,CCTNS_ALIAS_LOG,2024-01-01,2025-12-31,0.9,True
ALIAS_02127,P_02175,I. Karpe,CCTNS_ALIAS_LOG,2024-01-01,2025-12-31,0.9,True
ALIAS_02128,P_02176,H. Mistry,CCTNS_ALIAS_LOG,2024-01-01,2025-12-31,0.9,True
ALIAS_02129,P_02177,A. Shukla,CCTNS_ALIAS_LOG,2024-01-01,2025-12-31,0.9,True
ALIAS_02130,P_02178,E. Zacharia,CCTNS_ALIAS_LOG,2024-01-01,2025-12-31,0.9,True
ALIAS_02131,P_02179,R. Tailor,CCTNS_ALIAS_LOG,2024-01-01,2025-12-31,0.9,True
ALIAS_02132,P_02180,G. Parmar,CCTNS_ALIAS_LOG,2024-01-01,2025-12-31,0.9,True
ALIAS_02133,P_02181,D. Venkatesh,CCTNS_ALIAS_LOG,2024-01-01,2025-12-31,0.9,True
ALIAS_02134,P_02182,R. Sridhar,CCTNS_ALIAS_LOG,2024-01-01,2025-12-31,0.9,True
ALIAS_02135,P_02183,O. Patil,CCTNS_ALIAS_LOG,2024-01-01,2025-12-31,0.9,True
ALIAS_02136,P_02184,Q. Palla,CCTNS_ALIAS_LOG,2024-01-01,2025-12-31,0.9,True
ALIAS_02137,P_02185,N. Gulati,CCTNS_ALIAS_LOG,2024-01-01,2025-12-31,0.9,True
ALIAS_02138,P_02186,P. Apte,CCTNS_ALIAS_LOG,2024-01-01,2025-12-31,0.9,True
ALIAS_02139,P_02187,A. Lala,CCTNS_ALIAS_LOG,2024-01-01,2025-12-31,0.9,True
ALIAS_02140,P_02188,B. Bahl,CCTNS_ALIAS_LOG,2024-01-01,2025-12-31,0.9,True
ALIAS_02141,P_02189,S. Yohannan,CCTNS_ALIAS_LOG,2024-01-01,2025-12-31,0.9,True
ALIAS_02142,P_02190,A. Batra,CCTNS_ALIAS_LOG,2024-01-01,2025-12-31,0.9,True
ALIAS_02143,P_02191,M. Choudhry,CCTNS_ALIAS_LOG,2024-01-01,2025-12-31,0.9,True
ALIAS_02144,P_02192,I. Anne,CCTNS_ALIAS_LOG,2024-01-01,2025-12-31,0.9,True
ALIAS_02145,P_02193,P. Chana,CCTNS_ALIAS_LOG,2024-01-01,2025-12-31,0.9,True
ALIAS_02146,P_02194,A. Mandal,CCTNS_ALIAS_LOG,2024-01-01,2025-12-31,0.9,True
ALIAS_02147,P_02195,A. Mani,CCTNS_ALIAS_LOG,2024-01-01,2025-12-31,0.9,True
ALIAS_02148,P_02196,V. Salvi,CCTNS_ALIAS_LOG,2024-01-01,2025-12-31,0.9,True
ALIAS_02149,P_02197,P. Boase,CCTNS_ALIAS_LOG,2024-01-01,2025-12-31,0.9,True
ALIAS_02150,P_02198,G. Talwar,CCTNS_ALIAS_LOG,2024-01-01,2025-12-31,0.9,True
ALIAS_02151,P_02199,S. Morar,CCTNS_ALIAS_LOG,2024-01-01,2025-12-31,0.9,True
ALIAS_02152,P_02200,G. Hegde,CCTNS_ALIAS_LOG,2024-01-01,2025-12-31,0.9,True
ALIAS_02153,P_02201,K. Kar,CCTNS_ALIAS_LOG,2024-01-01,2025-12-31,0.9,True
ALIAS_02154,P_02202,O. Hora,CCTNS_ALIAS_LOG,2024-01-01,2025-12-31,0.9,True
ALIAS_02155,P_02203,D. Subramaniam,CCTNS_ALIAS_LOG,2024-01-01,2025-12-31,0.9,True
ALIAS_02156,P_02204,T. Sood,CCTNS_ALIAS_LOG,2024-01-01,2025-12-31,0.9,True
ALIAS_02157,P_02205,T. Tiwari,CCTNS_ALIAS_LOG,2024-01-01,2025-12-31,0.9,True
ALIAS_02158,P_02206,I. Sagar,CCTNS_ALIAS_LOG,2024-01-01,2025-12-31,0.9,True
ALIAS_02159,P_02207,J. Mishra,CCTNS_ALIAS_LOG,2024-01-01,2025-12-31,0.9,True
ALIAS_02160,P_02208,M. Sethi,CCTNS_ALIAS_LOG,2024-01-01,2025-12-31,0.9,True
ALIAS_02161,P_02209,L. Bahri,CCTNS_ALIAS_LOG,2024-01-01,2025-12-31,0.9,True
ALIAS_02162,P_02210,V. Kota,CCTNS_ALIAS_LOG,2024-01-01,2025-12-31,0.9,True
ALIAS_02163,P_02211,M. Subramanian,CCTNS_ALIAS_LOG,2024-01-01,2025-12-31,0.9,True
ALIAS_02164,P_02212,Q. Salvi,CCTNS_ALIAS_LOG,2024-01-01,2025-12-31,0.9,True
ALIAS_02165,P_02213,F. Kamdar,CCTNS_ALIAS_LOG,2024-01-01,2025-12-31,0.9,True
ALIAS_02166,P_02214,D. Gara,CCTNS_ALIAS_LOG,2024-01-01,2025-12-31,0.9,True
ALIAS_02167,P_02215,L. Dewan,CCTNS_ALIAS_LOG,2024-01-01,2025-12-31,0.9,True
ALIAS_02168,P_02216,A. Ray,CCTNS_ALIAS_LOG,2024-01-01,2025-12-31,0.9,True
ALIAS_02169,P_02217,R. Goel,CCTNS_ALIAS_LOG,2024-01-01,2025-12-31,0.9,True
ALIAS_02170,P_02218,O. Naidu,CCTNS_ALIAS_LOG,2024-01-01,2025-12-31,0.9,True
ALIAS_02171,P_02219,D. Lala,CCTNS_ALIAS_LOG,2024-01-01,2025-12-31,0.9,True
ALIAS_02172,P_02220,G. Khanna,CCTNS_ALIAS_LOG,2024-01-01,2025-12-31,0.9,True
ALIAS_02173,P_02221,A. Rai,CCTNS_ALIAS_LOG,2024-01-01,2025-12-31,0.9,True
ALIAS_02174,P_02222,N. Magar,CCTNS_ALIAS_LOG,2024-01-01,2025-12-31,0.9,True
ALIAS_02175,P_02223,O. Sinha,CCTNS_ALIAS_LOG,2024-01-01,2025-12-31,0.9,True
ALIAS_02176,P_02224,C. Chauhan,CCTNS_ALIAS_LOG,2024-01-01,2025-12-31,0.9,True
ALIAS_02177,P_02225,A. Iyengar,CCTNS_ALIAS_LOG,2024-01-01,2025-12-31,0.9,True
ALIAS_02178,P_02226,B. Sehgal,CCTNS_ALIAS_LOG,2024-01-01,2025-12-31,0.9,True
ALIAS_02179,P_02227,N. Ratti,CCTNS_ALIAS_LOG,2024-01-01,2025-12-31,0.9,True
ALIAS_02180,P_02228,E. Balan,CCTNS_ALIAS_LOG,2024-01-01,2025-12-31,0.9,True
ALIAS_02181,P_02229,A. Chakrabarti,CCTNS_ALIAS_LOG,2024-01-01,2025-12-31,0.9,True
ALIAS_02182,P_02230,O. Sodhi,CCTNS_ALIAS_LOG,2024-01-01,2025-12-31,0.9,True
ALIAS_02183,P_02231,W. Dar,CCTNS_ALIAS_LOG,2024-01-01,2025-12-31,0.9,True
ALIAS_02184,P_02232,L. Gour,CCTNS_ALIAS_LOG,2024-01-01,2025-12-31,0.9,True
ALIAS_02185,P_02233,C. Gaba,CCTNS_ALIAS_LOG,2024-01-01,2025-12-31,0.9,True
ALIAS_02186,P_02234,U. Shanker,CCTNS_ALIAS_LOG,2024-01-01,2025-12-31,0.9,True
ALIAS_02187,P_02235,D. Krish,CCTNS_ALIAS_LOG,2024-01-01,2025-12-31,0.9,True
ALIAS_02188,P_02236,E. Deol,CCTNS_ALIAS_LOG,2024-01-01,2025-12-31,0.9,True
ALIAS_02189,P_02237,R. Pillai,CCTNS_ALIAS_LOG,2024-01-01,2025-12-31,0.9,True
ALIAS_02190,P_02238,I. Seth,CCTNS_ALIAS_LOG,2024-01-01,2025-12-31,0.9,True
ALIAS_02191,P_02239,V. Sangha,CCTNS_ALIAS_LOG,2024-01-01,2025-12-31,0.9,True
ALIAS_02192,P_02240,B. Borah,CCTNS_ALIAS_LOG,2024-01-01,2025-12-31,0.9,True
ALIAS_02193,P_02241,Q. Vohra,CCTNS_ALIAS_LOG,2024-01-01,2025-12-31,0.9,True
ALIAS_02194,P_02242,O. Rao,CCTNS_ALIAS_LOG,2024-01-01,2025-12-31,0.9,True
ALIAS_02195,P_02243,Y. Kale,CCTNS_ALIAS_LOG,2024-01-01,2025-12-31,0.9,True
ALIAS_02196,P_02244,K. Saraf,CCTNS_ALIAS_LOG,2024-01-01,2025-12-31,0.9,True
ALIAS_02197,P_02245,Y. Chandran,CCTNS_ALIAS_LOG,2024-01-01,2025-12-31,0.9,True
ALIAS_02198,P_02246,A. Balan,CCTNS_ALIAS_LOG,2024-01-01,2025-12-31,0.9,True
ALIAS_02199,P_02247,E. Mody,CCTNS_ALIAS_LOG,2024-01-01,2025-12-31,0.9,True
ALIAS_02200,P_02248,A. Jayaraman,CCTNS_ALIAS_LOG,2024-01-01,2025-12-31,0.9,True
ALIAS_02201,P_02249,B. Zachariah,CCTNS_ALIAS_LOG,2024-01-01,2025-12-31,0.9,True
ALIAS_02202,P_02250,A. Narayan,CCTNS_ALIAS_LOG,2024-01-01,2025-12-31,0.9,True
ALIAS_02203,P_02251,P. Chaudry,CCTNS_ALIAS_LOG,2024-01-01,2025-12-31,0.9,True
ALIAS_02204,P_02252,K. Agrawal,CCTNS_ALIAS_LOG,2024-01-01,2025-12-31,0.9,True
ALIAS_02205,P_02253,Q. Nath,CCTNS_ALIAS_LOG,2024-01-01,2025-12-31,0.9,True
ALIAS_02206,P_02254,N. Nadkarni,CCTNS_ALIAS_LOG,2024-01-01,2025-12-31,0.9,True
ALIAS_02207,P_02255,W. Suri,CCTNS_ALIAS_LOG,2024-01-01,2025-12-31,0.9,True
ALIAS_02208,P_02256,P. Bath,CCTNS_ALIAS_LOG,2024-01-01,2025-12-31,0.9,True
ALIAS_02209,P_02257,R. Kade,CCTNS_ALIAS_LOG,2024-01-01,2025-12-31,0.9,True
ALIAS_02210,P_02258,B. Acharya,CCTNS_ALIAS_LOG,2024-01-01,2025-12-31,0.9,True
ALIAS_02211,P_02259,U. Murty,CCTNS_ALIAS_LOG,2024-01-01,2025-12-31,0.9,True
ALIAS_02212,P_02260,I. Chakraborty,CCTNS_ALIAS_LOG,2024-01-01,2025-12-31,0.9,True
ALIAS_02213,P_02261,R. Kumer,CCTNS_ALIAS_LOG,2024-01-01,2025-12-31,0.9,True
ALIAS_02214,P_02262,F. Chandran,CCTNS_ALIAS_LOG,2024-01-01,2025-12-31,0.9,True
ALIAS_02215,P_02263,J. Rao,CCTNS_ALIAS_LOG,2024-01-01,2025-12-31,0.9,True
ALIAS_02216,P_02264,Y. Arora,CCTNS_ALIAS_LOG,2024-01-01,2025-12-31,0.9,True
ALIAS_02217,P_02265,M. Gokhale,CCTNS_ALIAS_LOG,2024-01-01,2025-12-31,0.9,True
ALIAS_02218,P_02266,W. Varkey,CCTNS_ALIAS_LOG,2024-01-01,2025-12-31,0.9,True
ALIAS_02219,P_02267,M. Ramanathan,CCTNS_ALIAS_LOG,2024-01-01,2025-12-31,0.9,True
ALIAS_02220,P_02268,W. Oommen,CCTNS_ALIAS_LOG,2024-01-01,2025-12-31,0.9,True
ALIAS_02221,P_02269,A. Thakur,CCTNS_ALIAS_LOG,2024-01-01,2025-12-31,0.9,True
ALIAS_02222,P_02270,O. Barman,CCTNS_ALIAS_LOG,2024-01-01,2025-12-31,0.9,True
ALIAS_02223,P_02271,M. Ramakrishnan,CCTNS_ALIAS_LOG,2024-01-01,2025-12-31,0.9,True
ALIAS_02224,P_02272,H. Gaba,CCTNS_ALIAS_LOG,2024-01-01,2025-12-31,0.9,True
ALIAS_02225,P_02273,S. Dutt,CCTNS_ALIAS_LOG,2024-01-01,2025-12-31,0.9,True
ALIAS_02226,P_02274,V. Mahajan,CCTNS_ALIAS_LOG,2024-01-01,2025-12-31,0.9,True
ALIAS_02227,P_02275,F. Sawhney,CCTNS_ALIAS_LOG,2024-01-01,2025-12-31,0.9,True
ALIAS_02228,P_02276,A. Sama,CCTNS_ALIAS_LOG,2024-01-01,2025-12-31,0.9,True
ALIAS_02229,P_02277,K. Agate,CCTNS_ALIAS_LOG,2024-01-01,2025-12-31,0.9,True
ALIAS_02230,P_02278,K. Prakash,CCTNS_ALIAS_LOG,2024-01-01,2025-12-31,0.9,True
ALIAS_02231,P_02279,C. Narayanan,CCTNS_ALIAS_LOG,2024-01-01,2025-12-31,0.9,True
ALIAS_02232,P_02280,K. Basu,CCTNS_ALIAS_LOG,2024-01-01,2025-12-31,0.9,True
ALIAS_02233,P_02281,T. Bassi,CCTNS_ALIAS_LOG,2024-01-01,2025-12-31,0.9,True
ALIAS_02234,P_02282,A. Nori,CCTNS_ALIAS_LOG,2024-01-01,2025-12-31,0.9,True
ALIAS_02235,P_02283,I. Grover,CCTNS_ALIAS_LOG,2024-01-01,2025-12-31,0.9,True
ALIAS_02236,P_02284,I. Tailor,CCTNS_ALIAS_LOG,2024-01-01,2025-12-31,0.9,True
ALIAS_02237,P_02285,E. Mangal,CCTNS_ALIAS_LOG,2024-01-01,2025-12-31,0.9,True
ALIAS_02238,P_02286,J. Ramachandran,CCTNS_ALIAS_LOG,2024-01-01,2025-12-31,0.9,True
ALIAS_02239,P_02287,M. Ravi,CCTNS_ALIAS_LOG,2024-01-01,2025-12-31,0.9,True
ALIAS_02240,P_02288,D. Reddy,CCTNS_ALIAS_LOG,2024-01-01,2025-12-31,0.9,True
ALIAS_02241,P_02289,A. Sem,CCTNS_ALIAS_LOG,2024-01-01,2025-12-31,0.9,True
ALIAS_02242,P_02290,R. Pandit,CCTNS_ALIAS_LOG,2024-01-01,2025-12-31,0.9,True
ALIAS_02243,P_02291,R. Karpe,CCTNS_ALIAS_LOG,2024-01-01,2025-12-31,0.9,True
ALIAS_02244,P_02292,R. Bhatia,CCTNS_ALIAS_LOG,2024-01-01,2025-12-31,0.9,True
ALIAS_02245,P_02293,D. Sathe,CCTNS_ALIAS_LOG,2024-01-01,2025-12-31,0.9,True
ALIAS_02246,P_02294,E. Sharma,CCTNS_ALIAS_LOG,2024-01-01,2025-12-31,0.9,True
ALIAS_02247,P_02295,T. Sanghvi,CCTNS_ALIAS_LOG,2024-01-01,2025-12-31,0.9,True
ALIAS_02248,P_02296,T. Randhawa,CCTNS_ALIAS_LOG,2024-01-01,2025-12-31,0.9,True
ALIAS_02249,P_02297,Y. Ahuja,CCTNS_ALIAS_LOG,2024-01-01,2025-12-31,0.9,True
ALIAS_02250,P_02298,W. Kalla,CCTNS_ALIAS_LOG,2024-01-01,2025-12-31,0.9,True
ALIAS_02251,P_02299,A. Baral,CCTNS_ALIAS_LOG,2024-01-01,2025-12-31,0.9,True
ALIAS_02252,P_02300,R. Kuruvilla,CCTNS_ALIAS_LOG,2024-01-01,2025-12-31,0.9,True
ALIAS_02253,P_02301,L. Batra,CCTNS_ALIAS_LOG,2024-01-01,2025-12-31,0.9,True
ALIAS_02254,P_02302,R. Kari,CCTNS_ALIAS_LOG,2024-01-01,2025-12-31,0.9,True
ALIAS_02255,P_02303,E. Vohra,CCTNS_ALIAS_LOG,2024-01-01,2025-12-31,0.9,True
ALIAS_02256,P_02304,H. Date,CCTNS_ALIAS_LOG,2024-01-01,2025-12-31,0.9,True
ALIAS_02257,P_02305,T. Dash,CCTNS_ALIAS_LOG,2024-01-01,2025-12-31,0.9,True
ALIAS_02258,P_02306,K. Tailor,CCTNS_ALIAS_LOG,2024-01-01,2025-12-31,0.9,True
ALIAS_02259,P_02307,M. Ratti,CCTNS_ALIAS_LOG,2024-01-01,2025-12-31,0.9,True
ALIAS_02260,P_02308,W. Radhakrishnan,CCTNS_ALIAS_LOG,2024-01-01,2025-12-31,0.9,True
ALIAS_02261,P_02309,F. Barad,CCTNS_ALIAS_LOG,2024-01-01,2025-12-31,0.9,True
ALIAS_02262,P_02310,Y. Ganesh,CCTNS_ALIAS_LOG,2024-01-01,2025-12-31,0.9,True
ALIAS_02263,P_02311,N. Atwal,CCTNS_ALIAS_LOG,2024-01-01,2025-12-31,0.9,True
ALIAS_02264,P_02312,B. Sem,CCTNS_ALIAS_LOG,2024-01-01,2025-12-31,0.9,True
ALIAS_02265,P_02313,A. Brahmbhatt,CCTNS_ALIAS_LOG,2024-01-01,2025-12-31,0.9,True
ALIAS_02266,P_02314,B. Johal,CCTNS_ALIAS_LOG,2024-01-01,2025-12-31,0.9,True
ALIAS_02267,P_02315,A. Raj,CCTNS_ALIAS_LOG,2024-01-01,2025-12-31,0.9,True
ALIAS_02268,P_02316,F. Mani,CCTNS_ALIAS_LOG,2024-01-01,2025-12-31,0.9,True
ALIAS_02269,P_02317,R. Gade,CCTNS_ALIAS_LOG,2024-01-01,2025-12-31,0.9,True
ALIAS_02270,P_02318,M. Shenoy,CCTNS_ALIAS_LOG,2024-01-01,2025-12-31,0.9,True
ALIAS_02271,P_02319,S. Vora,CCTNS_ALIAS_LOG,2024-01-01,2025-12-31,0.9,True
ALIAS_02272,P_02320,L. Bose,CCTNS_ALIAS_LOG,2024-01-01,2025-12-31,0.9,True
ALIAS_02273,P_02321,M. Bakshi,CCTNS_ALIAS_LOG,2024-01-01,2025-12-31,0.9,True
ALIAS_02274,P_02322,W. Aggarwal,CCTNS_ALIAS_LOG,2024-01-01,2025-12-31,0.9,True
ALIAS_02275,P_02323,O. Chacko,CCTNS_ALIAS_LOG,2024-01-01,2025-12-31,0.9,True
ALIAS_02276,P_02324,S. Toor,CCTNS_ALIAS_LOG,2024-01-01,2025-12-31,0.9,True
ALIAS_02277,P_02325,J. Tak,CCTNS_ALIAS_LOG,2024-01-01,2025-12-31,0.9,True
ALIAS_02278,P_02326,C. Raju,CCTNS_ALIAS_LOG,2024-01-01,2025-12-31,0.9,True
ALIAS_02279,P_02327,O. Raja,CCTNS_ALIAS_LOG,2024-01-01,2025-12-31,0.9,True
ALIAS_02280,P_02328,A. Biswas,CCTNS_ALIAS_LOG,2024-01-01,2025-12-31,0.9,True
ALIAS_02281,P_02329,P. Badal,CCTNS_ALIAS_LOG,2024-01-01,2025-12-31,0.9,True
ALIAS_02282,P_02330,Y. Rege,CCTNS_ALIAS_LOG,2024-01-01,2025-12-31,0.9,True
ALIAS_02283,P_02331,O. Bath,CCTNS_ALIAS_LOG,2024-01-01,2025-12-31,0.9,True
ALIAS_02284,P_02332,S. Luthra,CCTNS_ALIAS_LOG,2024-01-01,2025-12-31,0.9,True
ALIAS_02285,P_02333,K. Mahajan,CCTNS_ALIAS_LOG,2024-01-01,2025-12-31,0.9,True
ALIAS_02286,P_02334,C. Nadkarni,CCTNS_ALIAS_LOG,2024-01-01,2025-12-31,0.9,True
ALIAS_02287,P_02335,E. Tara,CCTNS_ALIAS_LOG,2024-01-01,2025-12-31,0.9,True
ALIAS_02288,P_02336,R. Agarwal,CCTNS_ALIAS_LOG,2024-01-01,2025-12-31,0.9,True
ALIAS_02289,P_02337,I. Wali,CCTNS_ALIAS_LOG,2024-01-01,2025-12-31,0.9,True
ALIAS_02290,P_02338,B. Karan,CCTNS_ALIAS_LOG,2024-01-01,2025-12-31,0.9,True
ALIAS_02291,P_02339,J. Comar,CCTNS_ALIAS_LOG,2024-01-01,2025-12-31,0.9,True
ALIAS_02292,P_02340,E. Venkatesh,CCTNS_ALIAS_LOG,2024-01-01,2025-12-31,0.9,True
ALIAS_02293,P_02341,T. Ganguly,CCTNS_ALIAS_LOG,2024-01-01,2025-12-31,0.9,True
ALIAS_02294,P_02342,V. Master,CCTNS_ALIAS_LOG,2024-01-01,2025-12-31,0.9,True
ALIAS_02295,P_02343,T. Chadha,CCTNS_ALIAS_LOG,2024-01-01,2025-12-31,0.9,True
ALIAS_02296,P_02344,L. Pathak,CCTNS_ALIAS_LOG,2024-01-01,2025-12-31,0.9,True
ALIAS_02297,P_02345,M. Keer,CCTNS_ALIAS_LOG,2024-01-01,2025-12-31,0.9,True
ALIAS_02298,P_02346,M. Garg,CCTNS_ALIAS_LOG,2024-01-01,2025-12-31,0.9,True
ALIAS_02299,P_02347,A. Shukla,CCTNS_ALIAS_LOG,2024-01-01,2025-12-31,0.9,True
ALIAS_02300,P_02348,D. Murthy,CCTNS_ALIAS_LOG,2024-01-01,2025-12-31,0.9,True
ALIAS_02301,P_02349,T. Varkey,CCTNS_ALIAS_LOG,2024-01-01,2025-12-31,0.9,True
ALIAS_02302,P_02350,Y. Ramakrishnan,CCTNS_ALIAS_LOG,2024-01-01,2025-12-31,0.9,True
ALIAS_02303,P_02351,S. Vohra,CCTNS_ALIAS_LOG,2024-01-01,2025-12-31,0.9,True
ALIAS_02304,P_02352,I. Gole,CCTNS_ALIAS_LOG,2024-01-01,2025-12-31,0.9,True
ALIAS_02305,P_02353,L. Chaudhari,CCTNS_ALIAS_LOG,2024-01-01,2025-12-31,0.9,True
ALIAS_02306,P_02354,C. Sha,CCTNS_ALIAS_LOG,2024-01-01,2025-12-31,0.9,True
ALIAS_02307,P_02355,V. Kapur,CCTNS_ALIAS_LOG,2024-01-01,2025-12-31,0.9,True
ALIAS_02308,P_02356,O. Swaminathan,CCTNS_ALIAS_LOG,2024-01-01,2025-12-31,0.9,True
ALIAS_02309,P_02357,S. Arya,CCTNS_ALIAS_LOG,2024-01-01,2025-12-31,0.9,True
ALIAS_02310,P_02358,H. Basak,CCTNS_ALIAS_LOG,2024-01-01,2025-12-31,0.9,True
ALIAS_02311,P_02359,A. Lall,CCTNS_ALIAS_LOG,2024-01-01,2025-12-31,0.9,True
ALIAS_02312,P_02360,D. Bhatt,CCTNS_ALIAS_LOG,2024-01-01,2025-12-31,0.9,True
ALIAS_02313,P_02361,N. Wason,CCTNS_ALIAS_LOG,2024-01-01,2025-12-31,0.9,True
ALIAS_02314,P_02362,R. Seshadri,CCTNS_ALIAS_LOG,2024-01-01,2025-12-31,0.9,True
ALIAS_02315,P_02363,Y. Manne,CCTNS_ALIAS_LOG,2024-01-01,2025-12-31,0.9,True
ALIAS_02316,P_02364,P. Misra,CCTNS_ALIAS_LOG,2024-01-01,2025-12-31,0.9,True
ALIAS_02317,P_02365,T. Tara,CCTNS_ALIAS_LOG,2024-01-01,2025-12-31,0.9,True
ALIAS_02318,P_02366,N. Din,CCTNS_ALIAS_LOG,2024-01-01,2025-12-31,0.9,True
ALIAS_02319,P_02367,G. Narula,CCTNS_ALIAS_LOG,2024-01-01,2025-12-31,0.9,True
ALIAS_02320,P_02368,G. Prashad,CCTNS_ALIAS_LOG,2024-01-01,2025-12-31,0.9,True
ALIAS_02321,P_02369,A. Shukla,CCTNS_ALIAS_LOG,2024-01-01,2025-12-31,0.9,True
ALIAS_02322,P_02370,J. Pai,CCTNS_ALIAS_LOG,2024-01-01,2025-12-31,0.9,True
ALIAS_02323,P_02371,D. Sathe,CCTNS_ALIAS_LOG,2024-01-01,2025-12-31,0.9,True
ALIAS_02324,P_02372,E. Mangat,CCTNS_ALIAS_LOG,2024-01-01,2025-12-31,0.9,True
ALIAS_02325,P_02373,S. Sur,CCTNS_ALIAS_LOG,2024-01-01,2025-12-31,0.9,True
ALIAS_02326,P_02374,W. Jaggi,CCTNS_ALIAS_LOG,2024-01-01,2025-12-31,0.9,True
ALIAS_02327,P_02375,J. Gulati,CCTNS_ALIAS_LOG,2024-01-01,2025-12-31,0.9,True
ALIAS_02328,P_02376,O. Saran,CCTNS_ALIAS_LOG,2024-01-01,2025-12-31,0.9,True
ALIAS_02329,P_02377,K. Dave,CCTNS_ALIAS_LOG,2024-01-01,2025-12-31,0.9,True
ALIAS_02330,P_02378,S. Sarma,CCTNS_ALIAS_LOG,2024-01-01,2025-12-31,0.9,True
ALIAS_02331,P_02379,U. Sethi,CCTNS_ALIAS_LOG,2024-01-01,2025-12-31,0.9,True
ALIAS_02332,P_02380,A. Gala,CCTNS_ALIAS_LOG,2024-01-01,2025-12-31,0.9,True
ALIAS_02333,P_02381,R. Mohanty,CCTNS_ALIAS_LOG,2024-01-01,2025-12-31,0.9,True
ALIAS_02334,P_02382,L. Kamdar,CCTNS_ALIAS_LOG,2024-01-01,2025-12-31,0.9,True
ALIAS_02335,P_02383,V. Sarna,CCTNS_ALIAS_LOG,2024-01-01,2025-12-31,0.9,True
ALIAS_02336,P_02384,A. Gola,CCTNS_ALIAS_LOG,2024-01-01,2025-12-31,0.9,True
ALIAS_02337,P_02385,L. Gole,CCTNS_ALIAS_LOG,2024-01-01,2025-12-31,0.9,True
ALIAS_02338,P_02386,J. Majumdar,CCTNS_ALIAS_LOG,2024-01-01,2025-12-31,0.9,True
ALIAS_02339,P_02387,I. Chander,CCTNS_ALIAS_LOG,2024-01-01,2025-12-31,0.9,True
ALIAS_02340,P_02388,D. Desai,CCTNS_ALIAS_LOG,2024-01-01,2025-12-31,0.9,True
ALIAS_02341,P_02389,R. Sandal,CCTNS_ALIAS_LOG,2024-01-01,2025-12-31,0.9,True
ALIAS_02342,P_02390,H. Wason,CCTNS_ALIAS_LOG,2024-01-01,2025-12-31,0.9,True
ALIAS_02343,P_02391,D. Krishna,CCTNS_ALIAS_LOG,2024-01-01,2025-12-31,0.9,True
ALIAS_02344,P_02392,V. Brahmbhatt,CCTNS_ALIAS_LOG,2024-01-01,2025-12-31,0.9,True
ALIAS_02345,P_02393,K. Narayanan,CCTNS_ALIAS_LOG,2024-01-01,2025-12-31,0.9,True
ALIAS_02346,P_02394,Y. Bora,CCTNS_ALIAS_LOG,2024-01-01,2025-12-31,0.9,True
ALIAS_02347,P_02395,R. Bhagat,CCTNS_ALIAS_LOG,2024-01-01,2025-12-31,0.9,True
ALIAS_02348,P_02396,O. Mani,CCTNS_ALIAS_LOG,2024-01-01,2025-12-31,0.9,True
ALIAS_02349,P_02397,B. Chauhan,CCTNS_ALIAS_LOG,2024-01-01,2025-12-31,0.9,True
ALIAS_02350,P_02398,G. Ratti,CCTNS_ALIAS_LOG,2024-01-01,2025-12-31,0.9,True
ALIAS_02351,P_02399,B. Balay,CCTNS_ALIAS_LOG,2024-01-01,2025-12-31,0.9,True
ALIAS_02352,P_02400,A. Chandran,CCTNS_ALIAS_LOG,2024-01-01,2025-12-31,0.9,True
ALIAS_02353,P_02401,H. Hans,CCTNS_ALIAS_LOG,2024-01-01,2025-12-31,0.9,True
ALIAS_02354,P_02402,N. Kohli,CCTNS_ALIAS_LOG,2024-01-01,2025-12-31,0.9,True
ALIAS_02355,P_02403,Q. Tella,CCTNS_ALIAS_LOG,2024-01-01,2025-12-31,0.9,True
ALIAS_02356,P_02404,A. Vala,CCTNS_ALIAS_LOG,2024-01-01,2025-12-31,0.9,True
ALIAS_02357,P_02405,R. Setty,CCTNS_ALIAS_LOG,2024-01-01,2025-12-31,0.9,True
ALIAS_02358,P_02406,V. Parekh,CCTNS_ALIAS_LOG,2024-01-01,2025-12-31,0.9,True
ALIAS_02359,P_02407,D. Loke,CCTNS_ALIAS_LOG,2024-01-01,2025-12-31,0.9,True
ALIAS_02360,P_02408,C. Cheema,CCTNS_ALIAS_LOG,2024-01-01,2025-12-31,0.9,True
ALIAS_02361,P_02409,B. Sathe,CCTNS_ALIAS_LOG,2024-01-01,2025-12-31,0.9,True
ALIAS_02362,P_02410,J. Nori,CCTNS_ALIAS_LOG,2024-01-01,2025-12-31,0.9,True
ALIAS_02363,P_02411,H. Nigam,CCTNS_ALIAS_LOG,2024-01-01,2025-12-31,0.9,True
ALIAS_02364,P_02412,A. Kala,CCTNS_ALIAS_LOG,2024-01-01,2025-12-31,0.9,True
ALIAS_02365,P_02413,H. Ramaswamy,CCTNS_ALIAS_LOG,2024-01-01,2025-12-31,0.9,True
ALIAS_02366,P_02414,G. Pandya,CCTNS_ALIAS_LOG,2024-01-01,2025-12-31,0.9,True
ALIAS_02367,P_02415,A. Konda,CCTNS_ALIAS_LOG,2024-01-01,2025-12-31,0.9,True
ALIAS_02368,P_02416,A. Chandran,CCTNS_ALIAS_LOG,2024-01-01,2025-12-31,0.9,True
ALIAS_02369,P_02417,A. Johal,CCTNS_ALIAS_LOG,2024-01-01,2025-12-31,0.9,True
ALIAS_02370,P_02418,M. Gour,CCTNS_ALIAS_LOG,2024-01-01,2025-12-31,0.9,True
ALIAS_02371,P_02419,H. Ravi,CCTNS_ALIAS_LOG,2024-01-01,2025-12-31,0.9,True
ALIAS_02372,P_02420,T. Rana,CCTNS_ALIAS_LOG,2024-01-01,2025-12-31,0.9,True
ALIAS_02373,P_02421,N. Seth,CCTNS_ALIAS_LOG,2024-01-01,2025-12-31,0.9,True
ALIAS_02374,P_02422,H. Ramachandran,CCTNS_ALIAS_LOG,2024-01-01,2025-12-31,0.9,True
ALIAS_02375,P_02423,A. Bandi,CCTNS_ALIAS_LOG,2024-01-01,2025-12-31,0.9,True
ALIAS_02376,P_02424,V. Jha,CCTNS_ALIAS_LOG,2024-01-01,2025-12-31,0.9,True
ALIAS_02377,P_02425,D. Bobal,CCTNS_ALIAS_LOG,2024-01-01,2025-12-31,0.9,True
ALIAS_02378,P_02426,N. Anne,CCTNS_ALIAS_LOG,2024-01-01,2025-12-31,0.9,True
ALIAS_02379,P_02427,O. Sahni,CCTNS_ALIAS_LOG,2024-01-01,2025-12-31,0.9,True
ALIAS_02380,P_02428,M. Dara,CCTNS_ALIAS_LOG,2024-01-01,2025-12-31,0.9,True
ALIAS_02381,P_02429,E. Hora,CCTNS_ALIAS_LOG,2024-01-01,2025-12-31,0.9,True
ALIAS_02382,P_02430,L. Bhargava,CCTNS_ALIAS_LOG,2024-01-01,2025-12-31,0.9,True
ALIAS_02383,P_02431,K. Chaudhari,CCTNS_ALIAS_LOG,2024-01-01,2025-12-31,0.9,True
ALIAS_02384,P_02432,B. Chanda,CCTNS_ALIAS_LOG,2024-01-01,2025-12-31,0.9,True
ALIAS_02385,P_02433,R. Soni,CCTNS_ALIAS_LOG,2024-01-01,2025-12-31,0.9,True
ALIAS_02386,P_02434,W. Buch,CCTNS_ALIAS_LOG,2024-01-01,2025-12-31,0.9,True
ALIAS_02387,P_02435,B. Gara,CCTNS_ALIAS_LOG,2024-01-01,2025-12-31,0.9,True
ALIAS_02388,P_02436,F. Nayak,CCTNS_ALIAS_LOG,2024-01-01,2025-12-31,0.9,True
ALIAS_02389,P_02437,N. Kulkarni,CCTNS_ALIAS_LOG,2024-01-01,2025-12-31,0.9,True
ALIAS_02390,P_02438,L. Patla,CCTNS_ALIAS_LOG,2024-01-01,2025-12-31,0.9,True
ALIAS_02391,P_02439,P. Ramakrishnan,CCTNS_ALIAS_LOG,2024-01-01,2025-12-31,0.9,True
ALIAS_02392,P_02440,R. Seth,CCTNS_ALIAS_LOG,2024-01-01,2025-12-31,0.9,True
ALIAS_02393,P_02441,M. Gour,CCTNS_ALIAS_LOG,2024-01-01,2025-12-31,0.9,True
ALIAS_02394,P_02442,J. Bal,CCTNS_ALIAS_LOG,2024-01-01,2025-12-31,0.9,True
ALIAS_02395,P_02443,I. Kapadia,CCTNS_ALIAS_LOG,2024-01-01,2025-12-31,0.9,True
ALIAS_02396,P_02444,A. Aggarwal,CCTNS_ALIAS_LOG,2024-01-01,2025-12-31,0.9,True
ALIAS_02397,P_02445,A. Sodhi,CCTNS_ALIAS_LOG,2024-01-01,2025-12-31,0.9,True
ALIAS_02398,P_02446,V. Dhar,CCTNS_ALIAS_LOG,2024-01-01,2025-12-31,0.9,True
ALIAS_02399,P_02447,U. Narain,CCTNS_ALIAS_LOG,2024-01-01,2025-12-31,0.9,True
ALIAS_02400,P_02448,A. Mahajan,CCTNS_ALIAS_LOG,2024-01-01,2025-12-31,0.9,True
ALIAS_02401,P_02449,J. Koshy,CCTNS_ALIAS_LOG,2024-01-01,2025-12-31,0.9,True
ALIAS_02402,P_02450,K. Amble,CCTNS_ALIAS_LOG,2024-01-01,2025-12-31,0.9,True
ALIAS_02403,P_02451,A. Datta,CCTNS_ALIAS_LOG,2024-01-01,2025-12-31,0.9,True
ALIAS_02404,P_02452,C. Brahmbhatt,CCTNS_ALIAS_LOG,2024-01-01,2025-12-31,0.9,True
ALIAS_02405,P_02453,B. Dave,CCTNS_ALIAS_LOG,2024-01-01,2025-12-31,0.9,True
ALIAS_02406,P_02454,T. Padmanabhan,CCTNS_ALIAS_LOG,2024-01-01,2025-12-31,0.9,True
ALIAS_02407,P_02455,T. Saxena,CCTNS_ALIAS_LOG,2024-01-01,2025-12-31,0.9,True
ALIAS_02408,P_02456,W. Pradhan,CCTNS_ALIAS_LOG,2024-01-01,2025-12-31,0.9,True
ALIAS_02409,P_02457,C. Parmer,CCTNS_ALIAS_LOG,2024-01-01,2025-12-31,0.9,True
ALIAS_02410,P_02458,G. Salvi,CCTNS_ALIAS_LOG,2024-01-01,2025-12-31,0.9,True
ALIAS_02411,P_02459,M. Nadkarni,CCTNS_ALIAS_LOG,2024-01-01,2025-12-31,0.9,True
ALIAS_02412,P_02460,D. Dey,CCTNS_ALIAS_LOG,2024-01-01,2025-12-31,0.9,True
ALIAS_02413,P_02461,C. Luthra,CCTNS_ALIAS_LOG,2024-01-01,2025-12-31,0.9,True
ALIAS_02414,P_02462,Q. Khosla,CCTNS_ALIAS_LOG,2024-01-01,2025-12-31,0.9,True
ALIAS_02415,P_02463,F. Sha,CCTNS_ALIAS_LOG,2024-01-01,2025-12-31,0.9,True
ALIAS_02416,P_02464,H. Murty,CCTNS_ALIAS_LOG,2024-01-01,2025-12-31,0.9,True
ALIAS_02417,P_02465,N. Mall,CCTNS_ALIAS_LOG,2024-01-01,2025-12-31,0.9,True
ALIAS_02418,P_02466,H. Manne,CCTNS_ALIAS_LOG,2024-01-01,2025-12-31,0.9,True
ALIAS_02419,P_02467,U. Batra,CCTNS_ALIAS_LOG,2024-01-01,2025-12-31,0.9,True
ALIAS_02420,P_02468,N. Chaudhary,CCTNS_ALIAS_LOG,2024-01-01,2025-12-31,0.9,True
ALIAS_02421,P_02469,N. Shetty,CCTNS_ALIAS_LOG,2024-01-01,2025-12-31,0.9,True
ALIAS_02422,P_02470,S. Soman,CCTNS_ALIAS_LOG,2024-01-01,2025-12-31,0.9,True
ALIAS_02423,P_02471,N. Tella,CCTNS_ALIAS_LOG,2024-01-01,2025-12-31,0.9,True
ALIAS_02424,P_02472,C. Cherian,CCTNS_ALIAS_LOG,2024-01-01,2025-12-31,0.9,True
ALIAS_02425,P_02473,F. Bhatia,CCTNS_ALIAS_LOG,2024-01-01,2025-12-31,0.9,True
ALIAS_02426,P_02474,Q. Oak,CCTNS_ALIAS_LOG,2024-01-01,2025-12-31,0.9,True
ALIAS_02427,P_02475,S. Dhar,CCTNS_ALIAS_LOG,2024-01-01,2025-12-31,0.9,True
ALIAS_02428,P_02476,L. Sidhu,CCTNS_ALIAS_LOG,2024-01-01,2025-12-31,0.9,True
ALIAS_02429,P_02477,Y. Sawhney,CCTNS_ALIAS_LOG,2024-01-01,2025-12-31,0.9,True
ALIAS_02430,P_02478,W. Sangha,CCTNS_ALIAS_LOG,2024-01-01,2025-12-31,0.9,True
ALIAS_02431,P_02479,E. Dass,CCTNS_ALIAS_LOG,2024-01-01,2025-12-31,0.9,True
ALIAS_02432,P_02480,E. Bhasin,CCTNS_ALIAS_LOG,2024-01-01,2025-12-31,0.9,True
ALIAS_02433,P_02481,L. Sridhar,CCTNS_ALIAS_LOG,2024-01-01,2025-12-31,0.9,True
ALIAS_02434,P_02482,J. Zacharia,CCTNS_ALIAS_LOG,2024-01-01,2025-12-31,0.9,True
ALIAS_02435,P_02483,O. Kannan,CCTNS_ALIAS_LOG,2024-01-01,2025-12-31,0.9,True
ALIAS_02436,P_02484,B. Balakrishnan,CCTNS_ALIAS_LOG,2024-01-01,2025-12-31,0.9,True
ALIAS_02437,P_02485,E. Johal,CCTNS_ALIAS_LOG,2024-01-01,2025-12-31,0.9,True
ALIAS_02438,P_02486,S. Date,CCTNS_ALIAS_LOG,2024-01-01,2025-12-31,0.9,True
ALIAS_02439,P_02487,E. Om,CCTNS_ALIAS_LOG,2024-01-01,2025-12-31,0.9,True
ALIAS_02440,P_02488,I. Gade,CCTNS_ALIAS_LOG,2024-01-01,2025-12-31,0.9,True
ALIAS_02441,P_02489,D. Dhawan,CCTNS_ALIAS_LOG,2024-01-01,2025-12-31,0.9,True
ALIAS_02442,P_02490,J. Ramanathan,CCTNS_ALIAS_LOG,2024-01-01,2025-12-31,0.9,True
ALIAS_02443,P_02491,P. Dutta,CCTNS_ALIAS_LOG,2024-01-01,2025-12-31,0.9,True
ALIAS_02444,P_02492,D. Ahluwalia,CCTNS_ALIAS_LOG,2024-01-01,2025-12-31,0.9,True
ALIAS_02445,P_02493,I. Dhar,CCTNS_ALIAS_LOG,2024-01-01,2025-12-31,0.9,True
ALIAS_02446,P_02494,A. Sastry,CCTNS_ALIAS_LOG,2024-01-01,2025-12-31,0.9,True
ALIAS_02447,P_02495,K. Agrawal,CCTNS_ALIAS_LOG,2024-01-01,2025-12-31,0.9,True
ALIAS_02448,P_02496,H. Tailor,CCTNS_ALIAS_LOG,2024-01-01,2025-12-31,0.9,True
ALIAS_02449,P_02497,A. Jani,CCTNS_ALIAS_LOG,2024-01-01,2025-12-31,0.9,True
ALIAS_02450,P_02498,R. Saxena,CCTNS_ALIAS_LOG,2024-01-01,2025-12-31,0.9,True
ALIAS_02451,P_02499,A. Rana,CCTNS_ALIAS_LOG,2024-01-01,2025-12-31,0.9,True
ALIAS_02452,P_02500,L. Doshi,CCTNS_ALIAS_LOG,2024-01-01,2025-12-31,0.9,True
ALIAS_02453,P_02001,S. Kala,CCTNS_ALIAS_LOG,2024-01-01,2025-12-31,0.9,True
ALIAS_02454,P_02002,F. Jhaveri,CCTNS_ALIAS_LOG,2024-01-01,2025-12-31,0.9,True
ALIAS_02455,P_02003,A. Prabhakar,CCTNS_ALIAS_LOG,2024-01-01,2025-12-31,0.9,True
ALIAS_02456,P_02004,T. Prasad,CCTNS_ALIAS_LOG,2024-01-01,2025-12-31,0.9,True
ALIAS_02457,P_02005,V. Pai,CCTNS_ALIAS_LOG,2024-01-01,2025-12-31,0.9,True
ALIAS_02458,P_02006,A. Bir,CCTNS_ALIAS_LOG,2024-01-01,2025-12-31,0.9,True
ALIAS_02459,P_02007,Y. Oak,CCTNS_ALIAS_LOG,2024-01-01,2025-12-31,0.9,True
ALIAS_02460,P_02008,V. Mukherjee,CCTNS_ALIAS_LOG,2024-01-01,2025-12-31,0.9,True
ALIAS_02461,P_02009,H. Rau,CCTNS_ALIAS_LOG,2024-01-01,2025-12-31,0.9,True
ALIAS_02462,P_02010,A. Banik,CCTNS_ALIAS_LOG,2024-01-01,2025-12-31,0.9,True
ALIAS_02463,P_02011,V. Chauhan,CCTNS_ALIAS_LOG,2024-01-01,2025-12-31,0.9,True
ALIAS_02464,P_02012,I. Chada,CCTNS_ALIAS_LOG,2024-01-01,2025-12-31,0.9,True
ALIAS_02465,P_02013,N. Sachdev,CCTNS_ALIAS_LOG,2024-01-01,2025-12-31,0.9,True
ALIAS_02466,P_02014,R. Kumer,CCTNS_ALIAS_LOG,2024-01-01,2025-12-31,0.9,True
ALIAS_02467,P_02015,K. Koshy,CCTNS_ALIAS_LOG,2024-01-01,2025-12-31,0.9,True
ALIAS_02468,P_02016,L. Ratta,CCTNS_ALIAS_LOG,2024-01-01,2025-12-31,0.9,True
ALIAS_02469,P_02017,G. Zacharia,CCTNS_ALIAS_LOG,2024-01-01,2025-12-31,0.9,True
ALIAS_02470,P_02018,S. Ahuja,CCTNS_ALIAS_LOG,2024-01-01,2025-12-31,0.9,True
ALIAS_02471,P_02019,L. Sani,CCTNS_ALIAS_LOG,2024-01-01,2025-12-31,0.9,True
ALIAS_02472,P_02020,J. Vasa,CCTNS_ALIAS_LOG,2024-01-01,2025-12-31,0.9,True
ALIAS_02473,P_02021,A. Wason,CCTNS_ALIAS_LOG,2024-01-01,2025-12-31,0.9,True
ALIAS_02474,P_02022,T. D’Alia,CCTNS_ALIAS_LOG,2024-01-01,2025-12-31,0.9,True
ALIAS_02475,P_02023,R. Agarwal,CCTNS_ALIAS_LOG,2024-01-01,2025-12-31,0.9,True
ALIAS_02476,P_02024,A. Dhaliwal,CCTNS_ALIAS_LOG,2024-01-01,2025-12-31,0.9,True
ALIAS_02477,P_02025,G. Sane,CCTNS_ALIAS_LOG,2024-01-01,2025-12-31,0.9,True
ALIAS_02478,P_02026,M. Rau,CCTNS_ALIAS_LOG,2024-01-01,2025-12-31,0.9,True
ALIAS_02479,P_02027,R. Mani,CCTNS_ALIAS_LOG,2024-01-01,2025-12-31,0.9,True
ALIAS_02480,P_02028,L. Patla,CCTNS_ALIAS_LOG,2024-01-01,2025-12-31,0.9,True
ALIAS_02481,P_02029,Y. Arya,CCTNS_ALIAS_LOG,2024-01-01,2025-12-31,0.9,True
ALIAS_02482,P_02030,I. Natt,CCTNS_ALIAS_LOG,2024-01-01,2025-12-31,0.9,True
ALIAS_02483,P_02031,M. Doshi,CCTNS_ALIAS_LOG,2024-01-01,2025-12-31,0.9,True
ALIAS_02484,P_02032,A. Sidhu,CCTNS_ALIAS_LOG,2024-01-01,2025-12-31,0.9,True
ALIAS_02485,P_02033,Y. Tella,CCTNS_ALIAS_LOG,2024-01-01,2025-12-31,0.9,True
ALIAS_02486,P_02034,N. Sodhi,CCTNS_ALIAS_LOG,2024-01-01,2025-12-31,0.9,True
ALIAS_02487,P_02035,W. Dugal,CCTNS_ALIAS_LOG,2024-01-01,2025-12-31,0.9,True
ALIAS_02488,P_02036,Z. Dhar,CCTNS_ALIAS_LOG,2024-01-01,2025-12-31,0.9,True
ALIAS_02489,P_02037,A. Baral,CCTNS_ALIAS_LOG,2024-01-01,2025-12-31,0.9,True
ALIAS_02490,P_02038,A. Nagarajan,CCTNS_ALIAS_LOG,2024-01-01,2025-12-31,0.9,True
ALIAS_02491,P_02039,I. Rattan,CCTNS_ALIAS_LOG,2024-01-01,2025-12-31,0.9,True
ALIAS_02492,P_02040,G. Bhardwaj,CCTNS_ALIAS_LOG,2024-01-01,2025-12-31,0.9,True
ALIAS_02493,P_02041,I. Aggarwal,CCTNS_ALIAS_LOG,2024-01-01,2025-12-31,0.9,True
ALIAS_02494,P_02042,G. Gole,CCTNS_ALIAS_LOG,2024-01-01,2025-12-31,0.9,True
ALIAS_02495,P_02043,X. Sahni,CCTNS_ALIAS_LOG,2024-01-01,2025-12-31,0.9,True
ALIAS_02496,P_02044,I. Mitter,CCTNS_ALIAS_LOG,2024-01-01,2025-12-31,0.9,True
ALIAS_02497,P_02045,B. Palla,CCTNS_ALIAS_LOG,2024-01-01,2025-12-31,0.9,True
ALIAS_02498,P_02046,L. Chandra,CCTNS_ALIAS_LOG,2024-01-01,2025-12-31,0.9,True
ALIAS_02499,P_02047,A. Chawla,CCTNS_ALIAS_LOG,2024-01-01,2025-12-31,0.9,True
ALIAS_02500,P_02048,M. Dass,CCTNS_ALIAS_LOG,2024-01-01,2025-12-31,0.9,True
ALIAS_02501,P_02501,M. Edwin,CCTNS_ALIAS_LOG,2024-01-01,2025-12-31,0.9,True
ALIAS_02502,P_02502,S. Varma,CCTNS_ALIAS_LOG,2024-01-01,2025-12-31,0.9,True
ALIAS_02503,P_02503,R. Yogi,CCTNS_ALIAS_LOG,2024-01-01,2025-12-31,0.9,True
ALIAS_02504,P_02504,K. Naik,CCTNS_ALIAS_LOG,2024-01-01,2025-12-31,0.9,True
ALIAS_02505,P_02505,W. Rai,CCTNS_ALIAS_LOG,2024-01-01,2025-12-31,0.9,True
ALIAS_02506,P_02506,E. Mannan,CCTNS_ALIAS_LOG,2024-01-01,2025-12-31,0.9,True
ALIAS_02507,P_02507,L. Pandey,CCTNS_ALIAS_LOG,2024-01-01,2025-12-31,0.9,True
ALIAS_02508,P_02508,P. Baral,CCTNS_ALIAS_LOG,2024-01-01,2025-12-31,0.9,True
ALIAS_02509,P_02509,A. Golla,CCTNS_ALIAS_LOG,2024-01-01,2025-12-31,0.9,True
ALIAS_02510,P_02510,L. Hayre,CCTNS_ALIAS_LOG,2024-01-01,2025-12-31,0.9,True
ALIAS_02511,P_02511,B. Tak,CCTNS_ALIAS_LOG,2024-01-01,2025-12-31,0.9,True
ALIAS_02512,P_02512,U. Gulati,CCTNS_ALIAS_LOG,2024-01-01,2025-12-31,0.9,True
ALIAS_02513,P_02513,A. Tara,CCTNS_ALIAS_LOG,2024-01-01,2025-12-31,0.9,True
ALIAS_02514,P_02514,S. Patla,CCTNS_ALIAS_LOG,2024-01-01,2025-12-31,0.9,True
ALIAS_02515,P_02515,J. Reddy,CCTNS_ALIAS_LOG,2024-01-01,2025-12-31,0.9,True
ALIAS_02516,P_02516,Z. Pradhan,CCTNS_ALIAS_LOG,2024-01-01,2025-12-31,0.9,True
ALIAS_02517,P_02517,I. Varkey,CCTNS_ALIAS_LOG,2024-01-01,2025-12-31,0.9,True
ALIAS_02518,P_02518,N. Saha,CCTNS_ALIAS_LOG,2024-01-01,2025-12-31,0.9,True
ALIAS_02519,P_02519,M. Balan,CCTNS_ALIAS_LOG,2024-01-01,2025-12-31,0.9,True
ALIAS_02520,P_02520,Y. Dutt,CCTNS_ALIAS_LOG,2024-01-01,2025-12-31,0.9,True
ALIAS_02521,P_02521,I. Bajwa,CCTNS_ALIAS_LOG,2024-01-01,2025-12-31,0.9,True
ALIAS_02522,P_02522,N. Sheth,CCTNS_ALIAS_LOG,2024-01-01,2025-12-31,0.9,True
ALIAS_02523,P_02523,U. Sekhon,CCTNS_ALIAS_LOG,2024-01-01,2025-12-31,0.9,True
ALIAS_02524,P_02524,A. Bhatnagar,CCTNS_ALIAS_LOG,2024-01-01,2025-12-31,0.9,True
ALIAS_02525,P_02525,K. Agrawal,CCTNS_ALIAS_LOG,2024-01-01,2025-12-31,0.9,True
ALIAS_02526,P_02526,U. Bhattacharyya,CCTNS_ALIAS_LOG,2024-01-01,2025-12-31,0.9,True
ALIAS_02527,P_02527,F. Chaudhry,CCTNS_ALIAS_LOG,2024-01-01,2025-12-31,0.9,True
ALIAS_02528,P_02528,I. Goyal,CCTNS_ALIAS_LOG,2024-01-01,2025-12-31,0.9,True
ALIAS_02529,P_02529,C. Viswanathan,CCTNS_ALIAS_LOG,2024-01-01,2025-12-31,0.9,True
ALIAS_02530,P_02530,H. Buch,CCTNS_ALIAS_LOG,2024-01-01,2025-12-31,0.9,True
ALIAS_02531,P_02531,G. Brar,CCTNS_ALIAS_LOG,2024-01-01,2025-12-31,0.9,True
ALIAS_02532,P_02532,A. Sahni,CCTNS_ALIAS_LOG,2024-01-01,2025-12-31,0.9,True
ALIAS_02533,P_02533,R. Krishna,CCTNS_ALIAS_LOG,2024-01-01,2025-12-31,0.9,True
ALIAS_02534,P_02534,P. Kurian,CCTNS_ALIAS_LOG,2024-01-01,2025-12-31,0.9,True
ALIAS_02535,P_02535,Y. Sathe,CCTNS_ALIAS_LOG,2024-01-01,2025-12-31,0.9,True
ALIAS_02536,P_02536,R. Khosla,CCTNS_ALIAS_LOG,2024-01-01,2025-12-31,0.9,True
ALIAS_02537,P_02537,G. Bali,CCTNS_ALIAS_LOG,2024-01-01,2025-12-31,0.9,True
ALIAS_02538,P_02538,O. Kale,CCTNS_ALIAS_LOG,2024-01-01,2025-12-31,0.9,True
ALIAS_02539,P_02539,B. Doshi,CCTNS_ALIAS_LOG,2024-01-01,2025-12-31,0.9,True
ALIAS_02540,P_02540,C. Dhillon,CCTNS_ALIAS_LOG,2024-01-01,2025-12-31,0.9,True
ALIAS_02541,P_02541,R. Radhakrishnan,CCTNS_ALIAS_LOG,2024-01-01,2025-12-31,0.9,True
ALIAS_02542,P_02542,A. Hari,CCTNS_ALIAS_LOG,2024-01-01,2025-12-31,0.9,True
ALIAS_02543,P_02543,B. Dugar,CCTNS_ALIAS_LOG,2024-01-01,2025-12-31,0.9,True
ALIAS_02544,P_02544,U. Date,CCTNS_ALIAS_LOG,2024-01-01,2025-12-31,0.9,True
ALIAS_02545,P_02545,L. Chacko,CCTNS_ALIAS_LOG,2024-01-01,2025-12-31,0.9,True
ALIAS_02546,P_02546,Y. Ranganathan,CCTNS_ALIAS_LOG,2024-01-01,2025-12-31,0.9,True
ALIAS_02547,P_02547,A. Parmer,CCTNS_ALIAS_LOG,2024-01-01,2025-12-31,0.9,True
ALIAS_02548,P_02548,K. Hegde,CCTNS_ALIAS_LOG,2024-01-01,2025-12-31,0.9,True
ALIAS_02549,P_02549,K. Purohit,CCTNS_ALIAS_LOG,2024-01-01,2025-12-31,0.9,True
ALIAS_02550,P_02550,H. Bhakta,CCTNS_ALIAS_LOG,2024-01-01,2025-12-31,0.9,True
ALIAS_02551,P_02551,W. Batta,CCTNS_ALIAS_LOG,2024-01-01,2025-12-31,0.9,True
ALIAS_02552,P_02552,M. Khatri,CCTNS_ALIAS_LOG,2024-01-01,2025-12-31,0.9,True
ALIAS_02553,P_02553,O. Bora,CCTNS_ALIAS_LOG,2024-01-01,2025-12-31,0.9,True
ALIAS_02554,P_02554,D. Dutta,CCTNS_ALIAS_LOG,2024-01-01,2025-12-31,0.9,True
ALIAS_02555,P_02555,O. Balay,CCTNS_ALIAS_LOG,2024-01-01,2025-12-31,0.9,True
ALIAS_02556,P_02556,G. Srinivas,CCTNS_ALIAS_LOG,2024-01-01,2025-12-31,0.9,True
ALIAS_02557,P_02557,V. Gour,CCTNS_ALIAS_LOG,2024-01-01,2025-12-31,0.9,True
ALIAS_02558,P_02558,U. Andra,CCTNS_ALIAS_LOG,2024-01-01,2025-12-31,0.9,True
ALIAS_02559,P_02559,E. Chawla,CCTNS_ALIAS_LOG,2024-01-01,2025-12-31,0.9,True
ALIAS_02560,P_02560,F. Lanka,CCTNS_ALIAS_LOG,2024-01-01,2025-12-31,0.9,True
ALIAS_02561,P_02561,M. Padmanabhan,CCTNS_ALIAS_LOG,2024-01-01,2025-12-31,0.9,True
ALIAS_02562,P_02562,W. Sarna,CCTNS_ALIAS_LOG,2024-01-01,2025-12-31,0.9,True
ALIAS_02563,P_02563,H. Desai,CCTNS_ALIAS_LOG,2024-01-01,2025-12-31,0.9,True
ALIAS_02564,P_02564,W. Johal,CCTNS_ALIAS_LOG,2024-01-01,2025-12-31,0.9,True
ALIAS_02565,P_02565,L. Kalla,CCTNS_ALIAS_LOG,2024-01-01,2025-12-31,0.9,True
ALIAS_02566,P_02566,P. Talwar,CCTNS_ALIAS_LOG,2024-01-01,2025-12-31,0.9,True
ALIAS_02567,P_02567,C. Ghosh,CCTNS_ALIAS_LOG,2024-01-01,2025-12-31,0.9,True
ALIAS_02568,P_02568,S. Sagar,CCTNS_ALIAS_LOG,2024-01-01,2025-12-31,0.9,True
ALIAS_02569,P_02569,Y. Subramanian,CCTNS_ALIAS_LOG,2024-01-01,2025-12-31,0.9,True
ALIAS_02570,P_02570,A. Kannan,CCTNS_ALIAS_LOG,2024-01-01,2025-12-31,0.9,True
ALIAS_02571,P_02571,I. Ganesh,CCTNS_ALIAS_LOG,2024-01-01,2025-12-31,0.9,True
ALIAS_02572,P_02572,C. Lalla,CCTNS_ALIAS_LOG,2024-01-01,2025-12-31,0.9,True
ALIAS_02573,P_02573,Y. Dugar,CCTNS_ALIAS_LOG,2024-01-01,2025-12-31,0.9,True
ALIAS_02574,P_02574,S. Rattan,CCTNS_ALIAS_LOG,2024-01-01,2025-12-31,0.9,True
ALIAS_02575,P_02575,V. Mane,CCTNS_ALIAS_LOG,2024-01-01,2025-12-31,0.9,True
ALIAS_02576,P_02576,I. Mallick,CCTNS_ALIAS_LOG,2024-01-01,2025-12-31,0.9,True
ALIAS_02577,P_02577,A. Sant,CCTNS_ALIAS_LOG,2024-01-01,2025-12-31,0.9,True
ALIAS_02578,P_02578,G. Ganguly,CCTNS_ALIAS_LOG,2024-01-01,2025-12-31,0.9,True
ALIAS_02579,P_02579,D. Roy,CCTNS_ALIAS_LOG,2024-01-01,2025-12-31,0.9,True
ALIAS_02580,P_02580,M. Wali,CCTNS_ALIAS_LOG,2024-01-01,2025-12-31,0.9,True
ALIAS_02581,P_02581,I. Gulati,CCTNS_ALIAS_LOG,2024-01-01,2025-12-31,0.9,True
ALIAS_02582,P_02582,F. Singhal,CCTNS_ALIAS_LOG,2024-01-01,2025-12-31,0.9,True
ALIAS_02583,P_02583,N. Parikh,CCTNS_ALIAS_LOG,2024-01-01,2025-12-31,0.9,True
ALIAS_02584,P_02584,M. Subramaniam,CCTNS_ALIAS_LOG,2024-01-01,2025-12-31,0.9,True
ALIAS_02585,P_02585,E. Gour,CCTNS_ALIAS_LOG,2024-01-01,2025-12-31,0.9,True
ALIAS_02586,P_02586,R. Ravi,CCTNS_ALIAS_LOG,2024-01-01,2025-12-31,0.9,True
ALIAS_02587,P_02587,G. Johal,CCTNS_ALIAS_LOG,2024-01-01,2025-12-31,0.9,True
ALIAS_02588,P_02588,A. Singhal,CCTNS_ALIAS_LOG,2024-01-01,2025-12-31,0.9,True
ALIAS_02589,P_02589,K. Mall,CCTNS_ALIAS_LOG,2024-01-01,2025-12-31,0.9,True
ALIAS_02590,P_02590,G. Sahota,CCTNS_ALIAS_LOG,2024-01-01,2025-12-31,0.9,True
ALIAS_02591,P_02591,P. Sethi,CCTNS_ALIAS_LOG,2024-01-01,2025-12-31,0.9,True
ALIAS_02592,P_02592,K. Garg,CCTNS_ALIAS_LOG,2024-01-01,2025-12-31,0.9,True
ALIAS_02593,P_02593,Q. Keer,CCTNS_ALIAS_LOG,2024-01-01,2025-12-31,0.9,True
ALIAS_02594,P_02594,B. Loyal,CCTNS_ALIAS_LOG,2024-01-01,2025-12-31,0.9,True
ALIAS_02595,P_02595,A. Morar,CCTNS_ALIAS_LOG,2024-01-01,2025-12-31,0.9,True
ALIAS_02596,P_02596,G. Saha,CCTNS_ALIAS_LOG,2024-01-01,2025-12-31,0.9,True
ALIAS_02597,P_02597,D. Hans,CCTNS_ALIAS_LOG,2024-01-01,2025-12-31,0.9,True
ALIAS_02598,P_02598,D. Trivedi,CCTNS_ALIAS_LOG,2024-01-01,2025-12-31,0.9,True
ALIAS_02599,P_02599,A. Golla,CCTNS_ALIAS_LOG,2024-01-01,2025-12-31,0.9,True
ALIAS_02600,P_02600,O. Palan,CCTNS_ALIAS_LOG,2024-01-01,2025-12-31,0.9,True
ALIAS_02601,P_02601,A. Kashyap,CCTNS_ALIAS_LOG,2024-01-01,2025-12-31,0.9,True
ALIAS_02602,P_02602,P. Vala,CCTNS_ALIAS_LOG,2024-01-01,2025-12-31,0.9,True
ALIAS_02603,P_02603,W. Kurian,CCTNS_ALIAS_LOG,2024-01-01,2025-12-31,0.9,True
ALIAS_02604,P_02604,B. Tripathi,CCTNS_ALIAS_LOG,2024-01-01,2025-12-31,0.9,True
ALIAS_02605,P_02605,K. Narayan,CCTNS_ALIAS_LOG,2024-01-01,2025-12-31,0.9,True
ALIAS_02606,P_02606,N. Virk,CCTNS_ALIAS_LOG,2024-01-01,2025-12-31,0.9,True
ALIAS_02607,P_02607,B. Narain,CCTNS_ALIAS_LOG,2024-01-01,2025-12-31,0.9,True
ALIAS_02608,P_02608,J. Virk,CCTNS_ALIAS_LOG,2024-01-01,2025-12-31,0.9,True
ALIAS_02609,P_02609,S. Maharaj,CCTNS_ALIAS_LOG,2024-01-01,2025-12-31,0.9,True
ALIAS_02610,P_02610,T. Babu,CCTNS_ALIAS_LOG,2024-01-01,2025-12-31,0.9,True
ALIAS_02611,P_02611,A. Sarraf,CCTNS_ALIAS_LOG,2024-01-01,2025-12-31,0.9,True
ALIAS_02612,P_02612,M. Srinivasan,CCTNS_ALIAS_LOG,2024-01-01,2025-12-31,0.9,True
ALIAS_02613,P_02613,A. Char,CCTNS_ALIAS_LOG,2024-01-01,2025-12-31,0.9,True
ALIAS_02614,P_02614,R. Varughese,CCTNS_ALIAS_LOG,2024-01-01,2025-12-31,0.9,True
ALIAS_02615,P_02615,V. Sundaram,CCTNS_ALIAS_LOG,2024-01-01,2025-12-31,0.9,True
ALIAS_02616,P_02616,U. Yadav,CCTNS_ALIAS_LOG,2024-01-01,2025-12-31,0.9,True
ALIAS_02617,P_02617,D. Khosla,CCTNS_ALIAS_LOG,2024-01-01,2025-12-31,0.9,True
ALIAS_02618,P_02618,N. Krish,CCTNS_ALIAS_LOG,2024-01-01,2025-12-31,0.9,True
ALIAS_02619,P_02619,R. Naidu,CCTNS_ALIAS_LOG,2024-01-01,2025-12-31,0.9,True
ALIAS_02620,P_02620,K. Nath,CCTNS_ALIAS_LOG,2024-01-01,2025-12-31,0.9,True
ALIAS_02621,P_02621,I. Viswanathan,CCTNS_ALIAS_LOG,2024-01-01,2025-12-31,0.9,True
ALIAS_02622,P_02622,R. Sami,CCTNS_ALIAS_LOG,2024-01-01,2025-12-31,0.9,True
ALIAS_02623,P_02623,Y. Purohit,CCTNS_ALIAS_LOG,2024-01-01,2025-12-31,0.9,True
ALIAS_02624,P_02624,R. Sama,CCTNS_ALIAS_LOG,2024-01-01,2025-12-31,0.9,True
ALIAS_02625,P_02625,T. Shenoy,CCTNS_ALIAS_LOG,2024-01-01,2025-12-31,0.9,True
ALIAS_02626,P_02626,B. Upadhyay,CCTNS_ALIAS_LOG,2024-01-01,2025-12-31,0.9,True
ALIAS_02627,P_02627,W. Mangal,CCTNS_ALIAS_LOG,2024-01-01,2025-12-31,0.9,True
ALIAS_02628,P_02628,A. Khatri,CCTNS_ALIAS_LOG,2024-01-01,2025-12-31,0.9,True
ALIAS_02629,P_02629,A. Doctor,CCTNS_ALIAS_LOG,2024-01-01,2025-12-31,0.9,True
ALIAS_02630,P_02630,I. Iyengar,CCTNS_ALIAS_LOG,2024-01-01,2025-12-31,0.9,True
ALIAS_02631,P_02631,B. Batra,CCTNS_ALIAS_LOG,2024-01-01,2025-12-31,0.9,True
ALIAS_02632,P_02632,W. Mannan,CCTNS_ALIAS_LOG,2024-01-01,2025-12-31,0.9,True
ALIAS_02633,P_02633,P. Iyer,CCTNS_ALIAS_LOG,2024-01-01,2025-12-31,0.9,True
ALIAS_02634,P_02634,A. Brar,CCTNS_ALIAS_LOG,2024-01-01,2025-12-31,0.9,True
ALIAS_02635,P_02635,D. Buch,CCTNS_ALIAS_LOG,2024-01-01,2025-12-31,0.9,True
ALIAS_02636,P_02636,P. Bose,CCTNS_ALIAS_LOG,2024-01-01,2025-12-31,0.9,True
ALIAS_02637,P_02637,Y. Sur,CCTNS_ALIAS_LOG,2024-01-01,2025-12-31,0.9,True
ALIAS_02638,P_02638,K. Deol,CCTNS_ALIAS_LOG,2024-01-01,2025-12-31,0.9,True
ALIAS_02639,P_02639,A. Gala,CCTNS_ALIAS_LOG,2024-01-01,2025-12-31,0.9,True
ALIAS_02640,P_02640,A. Mutti,CCTNS_ALIAS_LOG,2024-01-01,2025-12-31,0.9,True
ALIAS_02641,P_02641,C. Pant,CCTNS_ALIAS_LOG,2024-01-01,2025-12-31,0.9,True
ALIAS_02642,P_02642,D. Seshadri,CCTNS_ALIAS_LOG,2024-01-01,2025-12-31,0.9,True
ALIAS_02643,P_02643,A. Shah,CCTNS_ALIAS_LOG,2024-01-01,2025-12-31,0.9,True
ALIAS_02644,P_02644,H. Badal,CCTNS_ALIAS_LOG,2024-01-01,2025-12-31,0.9,True
ALIAS_02645,P_02645,D. Taneja,CCTNS_ALIAS_LOG,2024-01-01,2025-12-31,0.9,True
ALIAS_02646,P_02646,A. Dhaliwal,CCTNS_ALIAS_LOG,2024-01-01,2025-12-31,0.9,True
ALIAS_02647,P_02647,I. Kade,CCTNS_ALIAS_LOG,2024-01-01,2025-12-31,0.9,True
ALIAS_02648,P_02648,D. Virk,CCTNS_ALIAS_LOG,2024-01-01,2025-12-31,0.9,True
ALIAS_02649,P_02649,K. Sharma,CCTNS_ALIAS_LOG,2024-01-01,2025-12-31,0.9,True
ALIAS_02650,P_02650,G. Barman,CCTNS_ALIAS_LOG,2024-01-01,2025-12-31,0.9,True
ALIAS_02651,P_02651,D. Dugar,CCTNS_ALIAS_LOG,2024-01-01,2025-12-31,0.9,True
ALIAS_02652,P_02652,O. Bhatnagar,CCTNS_ALIAS_LOG,2024-01-01,2025-12-31,0.9,True
ALIAS_02653,P_02653,N. Chakrabarti,CCTNS_ALIAS_LOG,2024-01-01,2025-12-31,0.9,True
ALIAS_02654,P_02654,E. Kapoor,CCTNS_ALIAS_LOG,2024-01-01,2025-12-31,0.9,True
ALIAS_02655,P_02655,H. Batta,CCTNS_ALIAS_LOG,2024-01-01,2025-12-31,0.9,True
ALIAS_02656,P_02656,W. Mody,CCTNS_ALIAS_LOG,2024-01-01,2025-12-31,0.9,True
ALIAS_02657,P_02657,N. Loke,CCTNS_ALIAS_LOG,2024-01-01,2025-12-31,0.9,True
ALIAS_02658,P_02658,O. Cheema,CCTNS_ALIAS_LOG,2024-01-01,2025-12-31,0.9,True
ALIAS_02659,P_02659,N. Krishna,CCTNS_ALIAS_LOG,2024-01-01,2025-12-31,0.9,True
ALIAS_02660,P_02660,M. Chacko,CCTNS_ALIAS_LOG,2024-01-01,2025-12-31,0.9,True
ALIAS_02661,P_02661,R. Madan,CCTNS_ALIAS_LOG,2024-01-01,2025-12-31,0.9,True
ALIAS_02662,P_02662,W. Dayal,CCTNS_ALIAS_LOG,2024-01-01,2025-12-31,0.9,True
ALIAS_02663,P_02663,A. Nori,CCTNS_ALIAS_LOG,2024-01-01,2025-12-31,0.9,True
ALIAS_02664,P_02664,I. Chakrabarti,CCTNS_ALIAS_LOG,2024-01-01,2025-12-31,0.9,True
ALIAS_02665,P_02665,A. Rai,CCTNS_ALIAS_LOG,2024-01-01,2025-12-31,0.9,True
ALIAS_02666,P_02666,C. Sood,CCTNS_ALIAS_LOG,2024-01-01,2025-12-31,0.9,True
ALIAS_02667,P_02667,F. Thakkar,CCTNS_ALIAS_LOG,2024-01-01,2025-12-31,0.9,True
ALIAS_02668,P_02668,L. Narayan,CCTNS_ALIAS_LOG,2024-01-01,2025-12-31,0.9,True
ALIAS_02669,P_02669,L. Palan,CCTNS_ALIAS_LOG,2024-01-01,2025-12-31,0.9,True
ALIAS_02670,P_02670,L. Bajaj,CCTNS_ALIAS_LOG,2024-01-01,2025-12-31,0.9,True
ALIAS_02671,P_02671,F. Aurora,CCTNS_ALIAS_LOG,2024-01-01,2025-12-31,0.9,True
ALIAS_02672,P_02672,Y. Ganguly,CCTNS_ALIAS_LOG,2024-01-01,2025-12-31,0.9,True
ALIAS_02673,P_02673,V. Morar,CCTNS_ALIAS_LOG,2024-01-01,2025-12-31,0.9,True
ALIAS_02674,P_02674,D. Narula,CCTNS_ALIAS_LOG,2024-01-01,2025-12-31,0.9,True
ALIAS_02675,P_02675,O. Narula,CCTNS_ALIAS_LOG,2024-01-01,2025-12-31,0.9,True
ALIAS_02676,P_02676,N. Yadav,CCTNS_ALIAS_LOG,2024-01-01,2025-12-31,0.9,True
ALIAS_02677,P_02677,Y. Varkey,CCTNS_ALIAS_LOG,2024-01-01,2025-12-31,0.9,True
ALIAS_02678,P_02678,M. Mallick,CCTNS_ALIAS_LOG,2024-01-01,2025-12-31,0.9,True
ALIAS_02679,P_02679,G. Din,CCTNS_ALIAS_LOG,2024-01-01,2025-12-31,0.9,True
ALIAS_02680,P_02680,F. Dutt,CCTNS_ALIAS_LOG,2024-01-01,2025-12-31,0.9,True
ALIAS_02681,P_02681,D. Manne,CCTNS_ALIAS_LOG,2024-01-01,2025-12-31,0.9,True
ALIAS_02682,P_02682,P. Kurian,CCTNS_ALIAS_LOG,2024-01-01,2025-12-31,0.9,True
ALIAS_02683,P_02683,I. Sarin,CCTNS_ALIAS_LOG,2024-01-01,2025-12-31,0.9,True
ALIAS_02684,P_02684,C. Jhaveri,CCTNS_ALIAS_LOG,2024-01-01,2025-12-31,0.9,True
ALIAS_02685,P_02685,F. Soman,CCTNS_ALIAS_LOG,2024-01-01,2025-12-31,0.9,True
ALIAS_02686,P_02686,D. Ganesh,CCTNS_ALIAS_LOG,2024-01-01,2025-12-31,0.9,True
ALIAS_02687,P_02687,R. Bawa,CCTNS_ALIAS_LOG,2024-01-01,2025-12-31,0.9,True
ALIAS_02688,P_02688,E. Nath,CCTNS_ALIAS_LOG,2024-01-01,2025-12-31,0.9,True
ALIAS_02689,P_02689,E. Lal,CCTNS_ALIAS_LOG,2024-01-01,2025-12-31,0.9,True
ALIAS_02690,P_02690,R. Sundaram,CCTNS_ALIAS_LOG,2024-01-01,2025-12-31,0.9,True
ALIAS_02691,P_02691,D. Chhabra,CCTNS_ALIAS_LOG,2024-01-01,2025-12-31,0.9,True
ALIAS_02692,P_02692,B. Garde,CCTNS_ALIAS_LOG,2024-01-01,2025-12-31,0.9,True
ALIAS_02693,P_02693,S. Oak,CCTNS_ALIAS_LOG,2024-01-01,2025-12-31,0.9,True
ALIAS_02694,P_02694,T. Prabhakar,CCTNS_ALIAS_LOG,2024-01-01,2025-12-31,0.9,True
ALIAS_02695,P_02695,H. Butala,CCTNS_ALIAS_LOG,2024-01-01,2025-12-31,0.9,True
ALIAS_02696,P_02696,A. Mistry,CCTNS_ALIAS_LOG,2024-01-01,2025-12-31,0.9,True
ALIAS_02697,P_02697,Z. Konda,CCTNS_ALIAS_LOG,2024-01-01,2025-12-31,0.9,True
ALIAS_02698,P_02698,R. Palla,CCTNS_ALIAS_LOG,2024-01-01,2025-12-31,0.9,True
ALIAS_02699,P_02699,S. Mohan,CCTNS_ALIAS_LOG,2024-01-01,2025-12-31,0.9,True
ALIAS_02700,P_02700,A. Lata,CCTNS_ALIAS_LOG,2024-01-01,2025-12-31,0.9,True
ALIAS_02701,P_02701,J. Sheth,CCTNS_ALIAS_LOG,2024-01-01,2025-12-31,0.9,True
ALIAS_02702,P_02702,S. Karnik,CCTNS_ALIAS_LOG,2024-01-01,2025-12-31,0.9,True
ALIAS_02703,P_02703,K. Ghose,CCTNS_ALIAS_LOG,2024-01-01,2025-12-31,0.9,True
ALIAS_02704,P_02704,U. Oommen,CCTNS_ALIAS_LOG,2024-01-01,2025-12-31,0.9,True
ALIAS_02705,P_02705,T. Murthy,CCTNS_ALIAS_LOG,2024-01-01,2025-12-31,0.9,True
ALIAS_02706,P_02706,V. Mitra,CCTNS_ALIAS_LOG,2024-01-01,2025-12-31,0.9,True
ALIAS_02707,P_02707,J. Hari,CCTNS_ALIAS_LOG,2024-01-01,2025-12-31,0.9,True
ALIAS_02708,P_02708,U. Chaudry,CCTNS_ALIAS_LOG,2024-01-01,2025-12-31,0.9,True
ALIAS_02709,P_02709,B. Dash,CCTNS_ALIAS_LOG,2024-01-01,2025-12-31,0.9,True
ALIAS_02710,P_02710,N. Bansal,CCTNS_ALIAS_LOG,2024-01-01,2025-12-31,0.9,True
ALIAS_02711,P_02711,T. Pall,CCTNS_ALIAS_LOG,2024-01-01,2025-12-31,0.9,True
ALIAS_02712,P_02712,B. Suresh,CCTNS_ALIAS_LOG,2024-01-01,2025-12-31,0.9,True
ALIAS_02713,P_02713,I. Patla,CCTNS_ALIAS_LOG,2024-01-01,2025-12-31,0.9,True
ALIAS_02714,P_02714,P. Sur,CCTNS_ALIAS_LOG,2024-01-01,2025-12-31,0.9,True
ALIAS_02715,P_02715,K. Deol,CCTNS_ALIAS_LOG,2024-01-01,2025-12-31,0.9,True
ALIAS_02716,P_02716,F. Magar,CCTNS_ALIAS_LOG,2024-01-01,2025-12-31,0.9,True
ALIAS_02717,P_02717,N. Kar,CCTNS_ALIAS_LOG,2024-01-01,2025-12-31,0.9,True
ALIAS_02718,P_02718,A. Behl,CCTNS_ALIAS_LOG,2024-01-01,2025-12-31,0.9,True
ALIAS_02719,P_02719,Y. Ghosh,CCTNS_ALIAS_LOG,2024-01-01,2025-12-31,0.9,True
ALIAS_02720,P_02720,P. Chawla,CCTNS_ALIAS_LOG,2024-01-01,2025-12-31,0.9,True
ALIAS_02721,P_02721,K. Butala,CCTNS_ALIAS_LOG,2024-01-01,2025-12-31,0.9,True
ALIAS_02722,P_02722,M. Nagar,CCTNS_ALIAS_LOG,2024-01-01,2025-12-31,0.9,True
ALIAS_02723,P_02723,B. Bose,CCTNS_ALIAS_LOG,2024-01-01,2025-12-31,0.9,True
ALIAS_02724,P_02724,R. Vaidya,CCTNS_ALIAS_LOG,2024-01-01,2025-12-31,0.9,True
ALIAS_02725,P_02725,S. Sanghvi,CCTNS_ALIAS_LOG,2024-01-01,2025-12-31,0.9,True
ALIAS_02726,P_02726,K. Gandhi,CCTNS_ALIAS_LOG,2024-01-01,2025-12-31,0.9,True
ALIAS_02727,P_02727,A. Bhasin,CCTNS_ALIAS_LOG,2024-01-01,2025-12-31,0.9,True
ALIAS_02728,P_02728,R. Agarwal,CCTNS_ALIAS_LOG,2024-01-01,2025-12-31,0.9,True
ALIAS_02729,P_02729,O. Subramanian,CCTNS_ALIAS_LOG,2024-01-01,2025-12-31,0.9,True
ALIAS_02730,P_02730,V. Sama,CCTNS_ALIAS_LOG,2024-01-01,2025-12-31,0.9,True
ALIAS_02731,P_02731,C. Mistry,CCTNS_ALIAS_LOG,2024-01-01,2025-12-31,0.9,True
ALIAS_02732,P_02732,L. Mishra,CCTNS_ALIAS_LOG,2024-01-01,2025-12-31,0.9,True
ALIAS_02733,P_02733,F. Rattan,CCTNS_ALIAS_LOG,2024-01-01,2025-12-31,0.9,True
ALIAS_02734,P_02734,A. Karnik,CCTNS_ALIAS_LOG,2024-01-01,2025-12-31,0.9,True
ALIAS_02735,P_02735,E. Prakash,CCTNS_ALIAS_LOG,2024-01-01,2025-12-31,0.9,True
ALIAS_02736,P_02736,A. Shere,CCTNS_ALIAS_LOG,2024-01-01,2025-12-31,0.9,True
ALIAS_02737,P_02737,L. Om,CCTNS_ALIAS_LOG,2024-01-01,2025-12-31,0.9,True
ALIAS_02738,P_02738,J. Majumdar,CCTNS_ALIAS_LOG,2024-01-01,2025-12-31,0.9,True
ALIAS_02739,P_02739,R. Butala,CCTNS_ALIAS_LOG,2024-01-01,2025-12-31,0.9,True
ALIAS_02740,P_02740,D. Nigam,CCTNS_ALIAS_LOG,2024-01-01,2025-12-31,0.9,True
ALIAS_02741,P_02741,C. Chakrabarti,CCTNS_ALIAS_LOG,2024-01-01,2025-12-31,0.9,True
ALIAS_02742,P_02742,A. Kannan,CCTNS_ALIAS_LOG,2024-01-01,2025-12-31,0.9,True
ALIAS_02743,P_02743,A. Handa,CCTNS_ALIAS_LOG,2024-01-01,2025-12-31,0.9,True
ALIAS_02744,P_02744,K. Kulkarni,CCTNS_ALIAS_LOG,2024-01-01,2025-12-31,0.9,True
ALIAS_02745,P_02745,E. Joshi,CCTNS_ALIAS_LOG,2024-01-01,2025-12-31,0.9,True
ALIAS_02746,P_02746,T. Shetty,CCTNS_ALIAS_LOG,2024-01-01,2025-12-31,0.9,True
ALIAS_02747,P_02747,V. Buch,CCTNS_ALIAS_LOG,2024-01-01,2025-12-31,0.9,True
ALIAS_02748,P_02748,G. Tata,CCTNS_ALIAS_LOG,2024-01-01,2025-12-31,0.9,True
ALIAS_02749,P_02749,C. Sarna,CCTNS_ALIAS_LOG,2024-01-01,2025-12-31,0.9,True
ALIAS_02750,P_02750,V. Behl,CCTNS_ALIAS_LOG,2024-01-01,2025-12-31,0.9,True
ALIAS_02751,P_02751,H. Behl,CCTNS_ALIAS_LOG,2024-01-01,2025-12-31,0.9,True
ALIAS_02752,P_02752,I. Sahota,CCTNS_ALIAS_LOG,2024-01-01,2025-12-31,0.9,True
ALIAS_02753,P_02753,S. Minhas,CCTNS_ALIAS_LOG,2024-01-01,2025-12-31,0.9,True
ALIAS_02754,P_02754,L. Wadhwa,CCTNS_ALIAS_LOG,2024-01-01,2025-12-31,0.9,True
ALIAS_02755,P_02755,E. Kamdar,CCTNS_ALIAS_LOG,2024-01-01,2025-12-31,0.9,True
ALIAS_02756,P_02756,T. Sarna,CCTNS_ALIAS_LOG,2024-01-01,2025-12-31,0.9,True
ALIAS_02757,P_02757,U. Taneja,CCTNS_ALIAS_LOG,2024-01-01,2025-12-31,0.9,True
ALIAS_02758,P_02758,I. Dasgupta,CCTNS_ALIAS_LOG,2024-01-01,2025-12-31,0.9,True
ALIAS_02759,P_02759,B. Jaggi,CCTNS_ALIAS_LOG,2024-01-01,2025-12-31,0.9,True
ALIAS_02760,P_02760,A. Raghavan,CCTNS_ALIAS_LOG,2024-01-01,2025-12-31,0.9,True
ALIAS_02761,P_02761,K. Halder,CCTNS_ALIAS_LOG,2024-01-01,2025-12-31,0.9,True
ALIAS_02762,P_02762,Y. Oza,CCTNS_ALIAS_LOG,2024-01-01,2025-12-31,0.9,True
ALIAS_02763,P_02763,V. Oak,CCTNS_ALIAS_LOG,2024-01-01,2025-12-31,0.9,True
ALIAS_02764,P_02764,I. Mukhopadhyay,CCTNS_ALIAS_LOG,2024-01-01,2025-12-31,0.9,True
ALIAS_02765,P_02765,J. Nath,CCTNS_ALIAS_LOG,2024-01-01,2025-12-31,0.9,True
ALIAS_02766,P_02766,P. Basak,CCTNS_ALIAS_LOG,2024-01-01,2025-12-31,0.9,True
ALIAS_02767,P_02767,G. Nanda,CCTNS_ALIAS_LOG,2024-01-01,2025-12-31,0.9,True
ALIAS_02768,P_02768,N. Venkataraman,CCTNS_ALIAS_LOG,2024-01-01,2025-12-31,0.9,True
ALIAS_02769,P_02769,I. Som,CCTNS_ALIAS_LOG,2024-01-01,2025-12-31,0.9,True
ALIAS_02770,P_02770,Q. Toor,CCTNS_ALIAS_LOG,2024-01-01,2025-12-31,0.9,True
ALIAS_02771,P_02771,D. Nigam,CCTNS_ALIAS_LOG,2024-01-01,2025-12-31,0.9,True
ALIAS_02772,P_02772,C. Peri,CCTNS_ALIAS_LOG,2024-01-01,2025-12-31,0.9,True
ALIAS_02773,P_02773,C. Luthra,CCTNS_ALIAS_LOG,2024-01-01,2025-12-31,0.9,True
ALIAS_02774,P_02774,N. Sem,CCTNS_ALIAS_LOG,2024-01-01,2025-12-31,0.9,True
ALIAS_02775,P_02775,B. Gulati,CCTNS_ALIAS_LOG,2024-01-01,2025-12-31,0.9,True
ALIAS_02776,P_02776,A. Sandhu,CCTNS_ALIAS_LOG,2024-01-01,2025-12-31,0.9,True
ALIAS_02777,P_02777,K. Rattan,CCTNS_ALIAS_LOG,2024-01-01,2025-12-31,0.9,True
ALIAS_02778,P_02778,A. Chandran,CCTNS_ALIAS_LOG,2024-01-01,2025-12-31,0.9,True
ALIAS_02779,P_02779,K. Palla,CCTNS_ALIAS_LOG,2024-01-01,2025-12-31,0.9,True
ALIAS_02780,P_02780,W. Karan,CCTNS_ALIAS_LOG,2024-01-01,2025-12-31,0.9,True
ALIAS_02781,P_02781,H. Tiwari,CCTNS_ALIAS_LOG,2024-01-01,2025-12-31,0.9,True
ALIAS_02782,P_02782,P. Kakar,CCTNS_ALIAS_LOG,2024-01-01,2025-12-31,0.9,True
ALIAS_02783,P_02783,T. Mittal,CCTNS_ALIAS_LOG,2024-01-01,2025-12-31,0.9,True
ALIAS_02784,P_02784,L. De,CCTNS_ALIAS_LOG,2024-01-01,2025-12-31,0.9,True
ALIAS_02785,P_02785,U. Sengupta,CCTNS_ALIAS_LOG,2024-01-01,2025-12-31,0.9,True
ALIAS_02786,P_02786,R. Mohan,CCTNS_ALIAS_LOG,2024-01-01,2025-12-31,0.9,True
ALIAS_02787,P_02787,N. Puri,CCTNS_ALIAS_LOG,2024-01-01,2025-12-31,0.9,True
ALIAS_02788,P_02788,N. Batta,CCTNS_ALIAS_LOG,2024-01-01,2025-12-31,0.9,True
ALIAS_02789,P_02789,A. Bedi,CCTNS_ALIAS_LOG,2024-01-01,2025-12-31,0.9,True
ALIAS_02790,P_02790,J. Mani,CCTNS_ALIAS_LOG,2024-01-01,2025-12-31,0.9,True
ALIAS_02791,P_02791,B. Kant,CCTNS_ALIAS_LOG,2024-01-01,2025-12-31,0.9,True
ALIAS_02792,P_02792,G. Divan,CCTNS_ALIAS_LOG,2024-01-01,2025-12-31,0.9,True
ALIAS_02793,P_02793,D. Kuruvilla,CCTNS_ALIAS_LOG,2024-01-01,2025-12-31,0.9,True
ALIAS_02794,P_02794,J. Kapoor,CCTNS_ALIAS_LOG,2024-01-01,2025-12-31,0.9,True
ALIAS_02795,P_02795,E. Sahni,CCTNS_ALIAS_LOG,2024-01-01,2025-12-31,0.9,True
ALIAS_02796,P_02796,O. Sankar,CCTNS_ALIAS_LOG,2024-01-01,2025-12-31,0.9,True
ALIAS_02797,P_02797,S. Dhar,CCTNS_ALIAS_LOG,2024-01-01,2025-12-31,0.9,True
ALIAS_02798,P_02798,D. Mitra,CCTNS_ALIAS_LOG,2024-01-01,2025-12-31,0.9,True
ALIAS_02799,P_02799,P. Kothari,CCTNS_ALIAS_LOG,2024-01-01,2025-12-31,0.9,True
ALIAS_02800,P_02800,A. Kar,CCTNS_ALIAS_LOG,2024-01-01,2025-12-31,0.9,True
ALIAS_02801,P_02801,S. Goswami,CCTNS_ALIAS_LOG,2024-01-01,2025-12-31,0.9,True
ALIAS_02802,P_02802,Y. Chaudhari,CCTNS_ALIAS_LOG,2024-01-01,2025-12-31,0.9,True
ALIAS_02803,P_02803,C. Golla,CCTNS_ALIAS_LOG,2024-01-01,2025-12-31,0.9,True
ALIAS_02804,P_02804,Z. Bains,CCTNS_ALIAS_LOG,2024-01-01,2025-12-31,0.9,True
ALIAS_02805,P_02805,E. Ratta,CCTNS_ALIAS_LOG,2024-01-01,2025-12-31,0.9,True
ALIAS_02806,P_02806,J. Parikh,CCTNS_ALIAS_LOG,2024-01-01,2025-12-31,0.9,True
ALIAS_02807,P_02807,M. Doshi,CCTNS_ALIAS_LOG,2024-01-01,2025-12-31,0.9,True
ALIAS_02808,P_02808,K. Chahal,CCTNS_ALIAS_LOG,2024-01-01,2025-12-31,0.9,True
ALIAS_02809,P_02809,Z. Pai,CCTNS_ALIAS_LOG,2024-01-01,2025-12-31,0.9,True
ALIAS_02810,P_02810,G. Tank,CCTNS_ALIAS_LOG,2024-01-01,2025-12-31,0.9,True
ALIAS_02811,P_02811,Y. Deep,CCTNS_ALIAS_LOG,2024-01-01,2025-12-31,0.9,True
ALIAS_02812,P_02812,J. Sankaran,CCTNS_ALIAS_LOG,2024-01-01,2025-12-31,0.9,True
ALIAS_02813,P_02813,B. Mann,CCTNS_ALIAS_LOG,2024-01-01,2025-12-31,0.9,True
ALIAS_02814,P_02814,O. Sehgal,CCTNS_ALIAS_LOG,2024-01-01,2025-12-31,0.9,True
ALIAS_02815,P_02815,B. Chopra,CCTNS_ALIAS_LOG,2024-01-01,2025-12-31,0.9,True
ALIAS_02816,P_02816,V. Varghese,CCTNS_ALIAS_LOG,2024-01-01,2025-12-31,0.9,True
ALIAS_02817,P_02817,I. Raju,CCTNS_ALIAS_LOG,2024-01-01,2025-12-31,0.9,True
ALIAS_02818,P_02818,I. Salvi,CCTNS_ALIAS_LOG,2024-01-01,2025-12-31,0.9,True
ALIAS_02819,P_02819,L. Srinivas,CCTNS_ALIAS_LOG,2024-01-01,2025-12-31,0.9,True
ALIAS_02820,P_02820,I. Mannan,CCTNS_ALIAS_LOG,2024-01-01,2025-12-31,0.9,True
ALIAS_02821,P_02821,Z. Kapoor,CCTNS_ALIAS_LOG,2024-01-01,2025-12-31,0.9,True
ALIAS_02822,P_02822,H. Kumer,CCTNS_ALIAS_LOG,2024-01-01,2025-12-31,0.9,True
ALIAS_02823,P_02823,V. Lall,CCTNS_ALIAS_LOG,2024-01-01,2025-12-31,0.9,True
ALIAS_02824,P_02824,E. Nazareth,CCTNS_ALIAS_LOG,2024-01-01,2025-12-31,0.9,True
ALIAS_02825,P_02825,J. Ratti,CCTNS_ALIAS_LOG,2024-01-01,2025-12-31,0.9,True
ALIAS_02826,P_02826,A. Bali,CCTNS_ALIAS_LOG,2024-01-01,2025-12-31,0.9,True
ALIAS_02827,P_02827,V. Khurana,CCTNS_ALIAS_LOG,2024-01-01,2025-12-31,0.9,True
ALIAS_02828,P_02828,O. Chokshi,CCTNS_ALIAS_LOG,2024-01-01,2025-12-31,0.9,True
ALIAS_02829,P_02829,L. Prasad,CCTNS_ALIAS_LOG,2024-01-01,2025-12-31,0.9,True
ALIAS_02830,P_02830,Y. Bansal,CCTNS_ALIAS_LOG,2024-01-01,2025-12-31,0.9,True
ALIAS_02831,P_02831,K. Mukherjee,CCTNS_ALIAS_LOG,2024-01-01,2025-12-31,0.9,True
ALIAS_02832,P_02832,T. Bhargava,CCTNS_ALIAS_LOG,2024-01-01,2025-12-31,0.9,True
ALIAS_02833,P_02833,A. Swamy,CCTNS_ALIAS_LOG,2024-01-01,2025-12-31,0.9,True
ALIAS_02834,P_02834,O. Ram,CCTNS_ALIAS_LOG,2024-01-01,2025-12-31,0.9,True
ALIAS_02835,P_02835,M. Nayar,CCTNS_ALIAS_LOG,2024-01-01,2025-12-31,0.9,True
ALIAS_02836,P_02836,Z. Barad,CCTNS_ALIAS_LOG,2024-01-01,2025-12-31,0.9,True
ALIAS_02837,P_02837,H. Gour,CCTNS_ALIAS_LOG,2024-01-01,2025-12-31,0.9,True
ALIAS_02838,P_02838,Y. Arora,CCTNS_ALIAS_LOG,2024-01-01,2025-12-31,0.9,True
ALIAS_02839,P_02839,T. Datta,CCTNS_ALIAS_LOG,2024-01-01,2025-12-31,0.9,True
ALIAS_02840,P_02840,O. Butala,CCTNS_ALIAS_LOG,2024-01-01,2025-12-31,0.9,True
ALIAS_02841,P_02841,C. Dugal,CCTNS_ALIAS_LOG,2024-01-01,2025-12-31,0.9,True
ALIAS_02842,P_02842,R. Bobal,CCTNS_ALIAS_LOG,2024-01-01,2025-12-31,0.9,True
ALIAS_02843,P_02843,E. Choudhary,CCTNS_ALIAS_LOG,2024-01-01,2025-12-31,0.9,True
ALIAS_02844,P_02844,Y. Rege,CCTNS_ALIAS_LOG,2024-01-01,2025-12-31,0.9,True
ALIAS_02845,P_02845,H. Dass,CCTNS_ALIAS_LOG,2024-01-01,2025-12-31,0.9,True
ALIAS_02846,P_02846,D. Bath,CCTNS_ALIAS_LOG,2024-01-01,2025-12-31,0.9,True
ALIAS_02847,P_02847,I. Chawla,CCTNS_ALIAS_LOG,2024-01-01,2025-12-31,0.9,True
ALIAS_02848,P_02848,S. Agate,CCTNS_ALIAS_LOG,2024-01-01,2025-12-31,0.9,True
ALIAS_02849,P_02849,A. Batta,CCTNS_ALIAS_LOG,2024-01-01,2025-12-31,0.9,True
ALIAS_02850,P_02850,A. Hora,CCTNS_ALIAS_LOG,2024-01-01,2025-12-31,0.9,True
ALIAS_02851,P_02851,M. Shankar,CCTNS_ALIAS_LOG,2024-01-01,2025-12-31,0.9,True
ALIAS_02852,P_02852,A. Kapadia,CCTNS_ALIAS_LOG,2024-01-01,2025-12-31,0.9,True
ALIAS_02853,P_02853,A. Karpe,CCTNS_ALIAS_LOG,2024-01-01,2025-12-31,0.9,True
ALIAS_02854,P_02854,N. Mital,CCTNS_ALIAS_LOG,2024-01-01,2025-12-31,0.9,True
ALIAS_02855,P_02855,I. Kaur,CCTNS_ALIAS_LOG,2024-01-01,2025-12-31,0.9,True
ALIAS_02856,P_02856,F. Bala,CCTNS_ALIAS_LOG,2024-01-01,2025-12-31,0.9,True
ALIAS_02857,P_02857,U. Randhawa,CCTNS_ALIAS_LOG,2024-01-01,2025-12-31,0.9,True
ALIAS_02858,P_02858,M. Shetty,CCTNS_ALIAS_LOG,2024-01-01,2025-12-31,0.9,True
ALIAS_02859,P_02859,Z. Boase,CCTNS_ALIAS_LOG,2024-01-01,2025-12-31,0.9,True
ALIAS_02860,P_02860,E. Saxena,CCTNS_ALIAS_LOG,2024-01-01,2025-12-31,0.9,True
ALIAS_02861,P_02861,S. Wable,CCTNS_ALIAS_LOG,2024-01-01,2025-12-31,0.9,True
ALIAS_02862,P_02862,A. Bajwa,CCTNS_ALIAS_LOG,2024-01-01,2025-12-31,0.9,True
ALIAS_02863,P_02863,P. Sem,CCTNS_ALIAS_LOG,2024-01-01,2025-12-31,0.9,True
ALIAS_02864,P_02864,K. Edwin,CCTNS_ALIAS_LOG,2024-01-01,2025-12-31,0.9,True
ALIAS_02865,P_02865,A. Bhakta,CCTNS_ALIAS_LOG,2024-01-01,2025-12-31,0.9,True
ALIAS_02866,P_02866,I. Sridhar,CCTNS_ALIAS_LOG,2024-01-01,2025-12-31,0.9,True
ALIAS_02867,P_02867,A. Toor,CCTNS_ALIAS_LOG,2024-01-01,2025-12-31,0.9,True
ALIAS_02868,P_02868,M. Srinivas,CCTNS_ALIAS_LOG,2024-01-01,2025-12-31,0.9,True
ALIAS_02869,P_02869,S. Dash,CCTNS_ALIAS_LOG,2024-01-01,2025-12-31,0.9,True
ALIAS_02870,P_02870,J. Chaudhuri,CCTNS_ALIAS_LOG,2024-01-01,2025-12-31,0.9,True
ALIAS_02871,P_02871,L. Deshpande,CCTNS_ALIAS_LOG,2024-01-01,2025-12-31,0.9,True
ALIAS_02872,P_02872,A. Ramaswamy,CCTNS_ALIAS_LOG,2024-01-01,2025-12-31,0.9,True
ALIAS_02873,P_02873,C. Narang,CCTNS_ALIAS_LOG,2024-01-01,2025-12-31,0.9,True
ALIAS_02874,P_02874,H. Zachariah,CCTNS_ALIAS_LOG,2024-01-01,2025-12-31,0.9,True
ALIAS_02875,P_02875,A. Ghose,CCTNS_ALIAS_LOG,2024-01-01,2025-12-31,0.9,True
ALIAS_02876,P_02876,P. Borah,CCTNS_ALIAS_LOG,2024-01-01,2025-12-31,0.9,True
ALIAS_02877,P_02877,L. Chahal,CCTNS_ALIAS_LOG,2024-01-01,2025-12-31,0.9,True
ALIAS_02878,P_02878,K. Behl,CCTNS_ALIAS_LOG,2024-01-01,2025-12-31,0.9,True
ALIAS_02879,P_02879,J. Tak,CCTNS_ALIAS_LOG,2024-01-01,2025-12-31,0.9,True
ALIAS_02880,P_02880,J. Bora,CCTNS_ALIAS_LOG,2024-01-01,2025-12-31,0.9,True
ALIAS_02881,P_02881,J. Srivastava,CCTNS_ALIAS_LOG,2024-01-01,2025-12-31,0.9,True
ALIAS_02882,P_02882,W. Sampath,CCTNS_ALIAS_LOG,2024-01-01,2025-12-31,0.9,True
ALIAS_02883,P_02883,R. Mahal,CCTNS_ALIAS_LOG,2024-01-01,2025-12-31,0.9,True
ALIAS_02884,P_02884,H. Dey,CCTNS_ALIAS_LOG,2024-01-01,2025-12-31,0.9,True
ALIAS_02885,P_02885,T. Lad,CCTNS_ALIAS_LOG,2024-01-01,2025-12-31,0.9,True
ALIAS_02886,P_02886,C. Venkatesh,CCTNS_ALIAS_LOG,2024-01-01,2025-12-31,0.9,True
ALIAS_02887,P_02887,T. Kant,CCTNS_ALIAS_LOG,2024-01-01,2025-12-31,0.9,True
ALIAS_02888,P_02888,X. Srinivas,CCTNS_ALIAS_LOG,2024-01-01,2025-12-31,0.9,True
ALIAS_02889,P_02889,V. Wali,CCTNS_ALIAS_LOG,2024-01-01,2025-12-31,0.9,True
ALIAS_02890,P_02890,A. Ramakrishnan,CCTNS_ALIAS_LOG,2024-01-01,2025-12-31,0.9,True
ALIAS_02891,P_02891,T. Dhingra,CCTNS_ALIAS_LOG,2024-01-01,2025-12-31,0.9,True
ALIAS_02892,P_02892,V. Sidhu,CCTNS_ALIAS_LOG,2024-01-01,2025-12-31,0.9,True
ALIAS_02893,P_02893,E. Dhingra,CCTNS_ALIAS_LOG,2024-01-01,2025-12-31,0.9,True
ALIAS_02894,P_02894,M. Shah,CCTNS_ALIAS_LOG,2024-01-01,2025-12-31,0.9,True
ALIAS_02895,P_02895,H. Dyal,CCTNS_ALIAS_LOG,2024-01-01,2025-12-31,0.9,True
ALIAS_02896,P_02896,B. Pathak,CCTNS_ALIAS_LOG,2024-01-01,2025-12-31,0.9,True
ALIAS_02897,P_02897,Y. Shukla,CCTNS_ALIAS_LOG,2024-01-01,2025-12-31,0.9,True
ALIAS_02898,P_02898,O. Sastry,CCTNS_ALIAS_LOG,2024-01-01,2025-12-31,0.9,True
ALIAS_02899,P_02899,A. Sodhi,CCTNS_ALIAS_LOG,2024-01-01,2025-12-31,0.9,True
ALIAS_02900,P_02900,U. Kulkarni,CCTNS_ALIAS_LOG,2024-01-01,2025-12-31,0.9,True
ALIAS_02901,P_02901,N. Narang,CCTNS_ALIAS_LOG,2024-01-01,2025-12-31,0.9,True
ALIAS_02902,P_02902,C. Yogi,CCTNS_ALIAS_LOG,2024-01-01,2025-12-31,0.9,True
ALIAS_02903,P_02903,O. Anne,CCTNS_ALIAS_LOG,2024-01-01,2025-12-31,0.9,True
ALIAS_02904,P_02904,A. Gupta,CCTNS_ALIAS_LOG,2024-01-01,2025-12-31,0.9,True
ALIAS_02905,P_02905,L. Balan,CCTNS_ALIAS_LOG,2024-01-01,2025-12-31,0.9,True
ALIAS_02906,P_02906,D. Andra,CCTNS_ALIAS_LOG,2024-01-01,2025-12-31,0.9,True
ALIAS_02907,P_02907,L. Chaudhary,CCTNS_ALIAS_LOG,2024-01-01,2025-12-31,0.9,True
ALIAS_02908,P_02908,B. Narula,CCTNS_ALIAS_LOG,2024-01-01,2025-12-31,0.9,True
ALIAS_02909,P_02909,N. Garde,CCTNS_ALIAS_LOG,2024-01-01,2025-12-31,0.9,True
ALIAS_02910,P_02910,A. Reddy,CCTNS_ALIAS_LOG,2024-01-01,2025-12-31,0.9,True
ALIAS_02911,P_02911,N. Deol,CCTNS_ALIAS_LOG,2024-01-01,2025-12-31,0.9,True
ALIAS_02912,P_02912,A. Bhandari,CCTNS_ALIAS_LOG,2024-01-01,2025-12-31,0.9,True
ALIAS_02913,P_02913,H. Chahal,CCTNS_ALIAS_LOG,2024-01-01,2025-12-31,0.9,True
ALIAS_02914,P_02914,S. Yohannan,CCTNS_ALIAS_LOG,2024-01-01,2025-12-31,0.9,True
ALIAS_02915,P_02915,W. Bahri,CCTNS_ALIAS_LOG,2024-01-01,2025-12-31,0.9,True
ALIAS_02916,P_02916,D. Deep,CCTNS_ALIAS_LOG,2024-01-01,2025-12-31,0.9,True
ALIAS_02917,P_02917,E. Pandit,CCTNS_ALIAS_LOG,2024-01-01,2025-12-31,0.9,True
ALIAS_02918,P_02918,R. Sen,CCTNS_ALIAS_LOG,2024-01-01,2025-12-31,0.9,True
ALIAS_02919,P_02919,H. Chahal,CCTNS_ALIAS_LOG,2024-01-01,2025-12-31,0.9,True
ALIAS_02920,P_02920,I. Ganesh,CCTNS_ALIAS_LOG,2024-01-01,2025-12-31,0.9,True
ALIAS_02921,P_02921,A. Varkey,CCTNS_ALIAS_LOG,2024-01-01,2025-12-31,0.9,True
ALIAS_02922,P_02922,A. Tandon,CCTNS_ALIAS_LOG,2024-01-01,2025-12-31,0.9,True
ALIAS_02923,P_02923,U. Cheema,CCTNS_ALIAS_LOG,2024-01-01,2025-12-31,0.9,True
ALIAS_02924,P_02924,M. Varghese,CCTNS_ALIAS_LOG,2024-01-01,2025-12-31,0.9,True
ALIAS_02925,P_02925,U. Randhawa,CCTNS_ALIAS_LOG,2024-01-01,2025-12-31,0.9,True
ALIAS_02926,P_02926,A. Munshi,CCTNS_ALIAS_LOG,2024-01-01,2025-12-31,0.9,True
ALIAS_02927,P_02927,P. Deshmukh,CCTNS_ALIAS_LOG,2024-01-01,2025-12-31,0.9,True
ALIAS_02928,P_02928,I. Raman,CCTNS_ALIAS_LOG,2024-01-01,2025-12-31,0.9,True
ALIAS_02929,P_02929,C. Shere,CCTNS_ALIAS_LOG,2024-01-01,2025-12-31,0.9,True
ALIAS_02930,P_02930,E. Radhakrishnan,CCTNS_ALIAS_LOG,2024-01-01,2025-12-31,0.9,True
ALIAS_02931,P_02931,D. Savant,CCTNS_ALIAS_LOG,2024-01-01,2025-12-31,0.9,True
ALIAS_02932,P_02932,A. Swamy,CCTNS_ALIAS_LOG,2024-01-01,2025-12-31,0.9,True
ALIAS_02933,P_02933,Y. Nagy,CCTNS_ALIAS_LOG,2024-01-01,2025-12-31,0.9,True
ALIAS_02934,P_02934,G. Bassi,CCTNS_ALIAS_LOG,2024-01-01,2025-12-31,0.9,True
ALIAS_02935,P_02935,W. Murthy,CCTNS_ALIAS_LOG,2024-01-01,2025-12-31,0.9,True
ALIAS_02936,P_02936,R. Dey,CCTNS_ALIAS_LOG,2024-01-01,2025-12-31,0.9,True
ALIAS_02937,P_02937,F. Bandi,CCTNS_ALIAS_LOG,2024-01-01,2025-12-31,0.9,True
ALIAS_02938,P_02938,B. Baria,CCTNS_ALIAS_LOG,2024-01-01,2025-12-31,0.9,True
ALIAS_02939,P_02939,A. Patel,CCTNS_ALIAS_LOG,2024-01-01,2025-12-31,0.9,True
ALIAS_02940,P_02940,M. Sridhar,CCTNS_ALIAS_LOG,2024-01-01,2025-12-31,0.9,True
ALIAS_02941,P_02941,O. Doctor,CCTNS_ALIAS_LOG,2024-01-01,2025-12-31,0.9,True
ALIAS_02942,P_02942,A. Kunda,CCTNS_ALIAS_LOG,2024-01-01,2025-12-31,0.9,True
ALIAS_02943,P_02943,N. Kala,CCTNS_ALIAS_LOG,2024-01-01,2025-12-31,0.9,True
ALIAS_02944,P_02944,V. Devan,CCTNS_ALIAS_LOG,2024-01-01,2025-12-31,0.9,True
ALIAS_02945,P_02945,A. Venkatesh,CCTNS_ALIAS_LOG,2024-01-01,2025-12-31,0.9,True
ALIAS_02946,P_02946,Q. Gour,CCTNS_ALIAS_LOG,2024-01-01,2025-12-31,0.9,True
ALIAS_02947,P_02947,B. Sankaran,CCTNS_ALIAS_LOG,2024-01-01,2025-12-31,0.9,True
ALIAS_02948,P_02948,Z. More,CCTNS_ALIAS_LOG,2024-01-01,2025-12-31,0.9,True
ALIAS_02949,P_02949,Q. Borah,CCTNS_ALIAS_LOG,2024-01-01,2025-12-31,0.9,True
ALIAS_02950,P_02950,I. Agate,CCTNS_ALIAS_LOG,2024-01-01,2025-12-31,0.9,True
ALIAS_02951,P_02951,C. Dass,CCTNS_ALIAS_LOG,2024-01-01,2025-12-31,0.9,True
ALIAS_02952,P_02952,D. Mangal,CCTNS_ALIAS_LOG,2024-01-01,2025-12-31,0.9,True
ALIAS_02953,P_02953,R. Dora,CCTNS_ALIAS_LOG,2024-01-01,2025-12-31,0.9,True
ALIAS_02954,P_02954,A. Sagar,CCTNS_ALIAS_LOG,2024-01-01,2025-12-31,0.9,True
ALIAS_02955,P_02955,O. Bahl,CCTNS_ALIAS_LOG,2024-01-01,2025-12-31,0.9,True
ALIAS_02956,P_02956,T. Kalla,CCTNS_ALIAS_LOG,2024-01-01,2025-12-31,0.9,True
ALIAS_02957,P_02957,A. Sathe,CCTNS_ALIAS_LOG,2024-01-01,2025-12-31,0.9,True
ALIAS_02958,P_02958,C. Saraf,CCTNS_ALIAS_LOG,2024-01-01,2025-12-31,0.9,True
ALIAS_02959,P_02959,M. Vig,CCTNS_ALIAS_LOG,2024-01-01,2025-12-31,0.9,True
ALIAS_02960,P_02960,J. Sarma,CCTNS_ALIAS_LOG,2024-01-01,2025-12-31,0.9,True
ALIAS_02961,P_02961,B. Natt,CCTNS_ALIAS_LOG,2024-01-01,2025-12-31,0.9,True
ALIAS_02962,P_02962,U. Pillai,CCTNS_ALIAS_LOG,2024-01-01,2025-12-31,0.9,True
ALIAS_02963,P_02963,A. Deol,CCTNS_ALIAS_LOG,2024-01-01,2025-12-31,0.9,True
ALIAS_02964,P_02964,F. Lal,CCTNS_ALIAS_LOG,2024-01-01,2025-12-31,0.9,True
ALIAS_02965,P_02965,V. Chauhan,CCTNS_ALIAS_LOG,2024-01-01,2025-12-31,0.9,True
ALIAS_02966,P_02966,D. Mane,CCTNS_ALIAS_LOG,2024-01-01,2025-12-31,0.9,True
ALIAS_02967,P_02967,S. Doshi,CCTNS_ALIAS_LOG,2024-01-01,2025-12-31,0.9,True
ALIAS_02968,P_02968,C. Singh,CCTNS_ALIAS_LOG,2024-01-01,2025-12-31,0.9,True
ALIAS_02969,P_02969,K. Bava,CCTNS_ALIAS_LOG,2024-01-01,2025-12-31,0.9,True
ALIAS_02970,P_02970,F. Arora,CCTNS_ALIAS_LOG,2024-01-01,2025-12-31,0.9,True
ALIAS_02971,P_02971,T. Nath,CCTNS_ALIAS_LOG,2024-01-01,2025-12-31,0.9,True
ALIAS_02972,P_02972,O. Pal,CCTNS_ALIAS_LOG,2024-01-01,2025-12-31,0.9,True
ALIAS_02973,P_02973,I. Palla,CCTNS_ALIAS_LOG,2024-01-01,2025-12-31,0.9,True
ALIAS_02974,P_02974,T. Karpe,CCTNS_ALIAS_LOG,2024-01-01,2025-12-31,0.9,True
ALIAS_02975,P_02975,K. Agrawal,CCTNS_ALIAS_LOG,2024-01-01,2025-12-31,0.9,True
ALIAS_02976,P_02976,C. Raman,CCTNS_ALIAS_LOG,2024-01-01,2025-12-31,0.9,True
ALIAS_02977,P_02977,S. Nazareth,CCTNS_ALIAS_LOG,2024-01-01,2025-12-31,0.9,True
ALIAS_02978,P_02978,G. Bala,CCTNS_ALIAS_LOG,2024-01-01,2025-12-31,0.9,True
ALIAS_02979,P_02979,I. Chatterjee,CCTNS_ALIAS_LOG,2024-01-01,2025-12-31,0.9,True
ALIAS_02980,P_02980,Y. Nagy,CCTNS_ALIAS_LOG,2024-01-01,2025-12-31,0.9,True
ALIAS_02981,P_02981,C. Setty,CCTNS_ALIAS_LOG,2024-01-01,2025-12-31,0.9,True
ALIAS_02982,P_02982,O. Lanka,CCTNS_ALIAS_LOG,2024-01-01,2025-12-31,0.9,True
ALIAS_02983,P_02983,Z. Sule,CCTNS_ALIAS_LOG,2024-01-01,2025-12-31,0.9,True
ALIAS_02984,P_02984,S. Mody,CCTNS_ALIAS_LOG,2024-01-01,2025-12-31,0.9,True
ALIAS_02985,P_02985,V. Krishnan,CCTNS_ALIAS_LOG,2024-01-01,2025-12-31,0.9,True
ALIAS_02986,P_02986,G. Wason,CCTNS_ALIAS_LOG,2024-01-01,2025-12-31,0.9,True
ALIAS_02987,P_02987,P. Thakur,CCTNS_ALIAS_LOG,2024-01-01,2025-12-31,0.9,True
ALIAS_02988,P_02988,C. Mallick,CCTNS_ALIAS_LOG,2024-01-01,2025-12-31,0.9,True
ALIAS_02989,P_02989,A. D’Alia,CCTNS_ALIAS_LOG,2024-01-01,2025-12-31,0.9,True
ALIAS_02990,P_02990,G. Bhatt,CCTNS_ALIAS_LOG,2024-01-01,2025-12-31,0.9,True
ALIAS_02991,P_02991,M. Mallick,CCTNS_ALIAS_LOG,2024-01-01,2025-12-31,0.9,True
ALIAS_02992,P_02992,J. Boase,CCTNS_ALIAS_LOG,2024-01-01,2025-12-31,0.9,True
ALIAS_02993,P_02993,O. Nayak,CCTNS_ALIAS_LOG,2024-01-01,2025-12-31,0.9,True
ALIAS_02994,P_02994,K. Sengupta,CCTNS_ALIAS_LOG,2024-01-01,2025-12-31,0.9,True
ALIAS_02995,P_02995,O. Edwin,CCTNS_ALIAS_LOG,2024-01-01,2025-12-31,0.9,True
ALIAS_02996,P_02996,K. Bose,CCTNS_ALIAS_LOG,2024-01-01,2025-12-31,0.9,True
ALIAS_02997,P_02997,M. Saha,CCTNS_ALIAS_LOG,2024-01-01,2025-12-31,0.9,True
ALIAS_02998,P_02998,V. Pandya,CCTNS_ALIAS_LOG,2024-01-01,2025-12-31,0.9,True
ALIAS_02999,P_02999,H. Dewan,CCTNS_ALIAS_LOG,2024-01-01,2025-12-31,0.9,True
ALIAS_03000,P_03000,M. Vora,CCTNS_ALIAS_LOG,2024-01-01,2025-12-31,0.9,True
ALIAS_03001,P_03001,M. Basu,CCTNS_ALIAS_LOG,2024-01-01,2025-12-31,0.9,True
ALIAS_03002,P_03002,S. Dutta,CCTNS_ALIAS_LOG,2024-01-01,2025-12-31,0.9,True
ALIAS_03003,P_03003,S. Srivastava,CCTNS_ALIAS_LOG,2024-01-01,2025-12-31,0.9,True
ALIAS_03004,P_03004,T. Radhakrishnan,CCTNS_ALIAS_LOG,2024-01-01,2025-12-31,0.9,True
ALIAS_03005,P_03005,R. Buch,CCTNS_ALIAS_LOG,2024-01-01,2025-12-31,0.9,True
ALIAS_03006,P_03006,V. Kibe,CCTNS_ALIAS_LOG,2024-01-01,2025-12-31,0.9,True
ALIAS_03007,P_03007,A. Narayanan,CCTNS_ALIAS_LOG,2024-01-01,2025-12-31,0.9,True
ALIAS_03008,P_03008,T. Date,CCTNS_ALIAS_LOG,2024-01-01,2025-12-31,0.9,True
ALIAS_03009,P_03009,B. Dua,CCTNS_ALIAS_LOG,2024-01-01,2025-12-31,0.9,True
ALIAS_03010,P_03010,T. Barad,CCTNS_ALIAS_LOG,2024-01-01,2025-12-31,0.9,True
ALIAS_03011,P_03011,O. Mangal,CCTNS_ALIAS_LOG,2024-01-01,2025-12-31,0.9,True
ALIAS_03012,P_03012,A. Mishra,CCTNS_ALIAS_LOG,2024-01-01,2025-12-31,0.9,True
ALIAS_03013,P_03013,N. Mander,CCTNS_ALIAS_LOG,2024-01-01,2025-12-31,0.9,True
ALIAS_03014,P_03014,A. Munshi,CCTNS_ALIAS_LOG,2024-01-01,2025-12-31,0.9,True
ALIAS_03015,P_03015,E. Jhaveri,CCTNS_ALIAS_LOG,2024-01-01,2025-12-31,0.9,True
ALIAS_03016,P_03016,J. Khurana,CCTNS_ALIAS_LOG,2024-01-01,2025-12-31,0.9,True
ALIAS_03017,P_03017,P. Bera,CCTNS_ALIAS_LOG,2024-01-01,2025-12-31,0.9,True
ALIAS_03018,P_03018,S. Shankar,CCTNS_ALIAS_LOG,2024-01-01,2025-12-31,0.9,True
ALIAS_03019,P_03019,V. Gandhi,CCTNS_ALIAS_LOG,2024-01-01,2025-12-31,0.9,True
ALIAS_03020,P_03020,T. Merchant,CCTNS_ALIAS_LOG,2024-01-01,2025-12-31,0.9,True
ALIAS_03021,P_03021,A. Oommen,CCTNS_ALIAS_LOG,2024-01-01,2025-12-31,0.9,True
ALIAS_03022,P_03022,C. Varkey,CCTNS_ALIAS_LOG,2024-01-01,2025-12-31,0.9,True
ALIAS_03023,P_03023,K. Peri,CCTNS_ALIAS_LOG,2024-01-01,2025-12-31,0.9,True
ALIAS_03024,P_03024,D. Char,CCTNS_ALIAS_LOG,2024-01-01,2025-12-31,0.9,True
ALIAS_03025,P_03025,M. Bhasin,CCTNS_ALIAS_LOG,2024-01-01,2025-12-31,0.9,True
ALIAS_03026,P_03026,Y. Dhaliwal,CCTNS_ALIAS_LOG,2024-01-01,2025-12-31,0.9,True
ALIAS_03027,P_03027,B. Andra,CCTNS_ALIAS_LOG,2024-01-01,2025-12-31,0.9,True
ALIAS_03028,P_03028,P. Chakrabarti,CCTNS_ALIAS_LOG,2024-01-01,2025-12-31,0.9,True
ALIAS_03029,P_03029,B. Sridhar,CCTNS_ALIAS_LOG,2024-01-01,2025-12-31,0.9,True
ALIAS_03030,P_03030,G. Chahal,CCTNS_ALIAS_LOG,2024-01-01,2025-12-31,0.9,True
ALIAS_03031,P_03031,E. Jaggi,CCTNS_ALIAS_LOG,2024-01-01,2025-12-31,0.9,True
ALIAS_03032,P_03032,Q. Tak,CCTNS_ALIAS_LOG,2024-01-01,2025-12-31,0.9,True
ALIAS_03033,P_03033,S. Thakkar,CCTNS_ALIAS_LOG,2024-01-01,2025-12-31,0.9,True
ALIAS_03034,P_03034,C. Wable,CCTNS_ALIAS_LOG,2024-01-01,2025-12-31,0.9,True
ALIAS_03035,P_03035,J. Chokshi,CCTNS_ALIAS_LOG,2024-01-01,2025-12-31,0.9,True
ALIAS_03036,P_03036,G. Sathe,CCTNS_ALIAS_LOG,2024-01-01,2025-12-31,0.9,True
ALIAS_03037,P_03037,V. Chada,CCTNS_ALIAS_LOG,2024-01-01,2025-12-31,0.9,True
ALIAS_03038,P_03038,B. Banik,CCTNS_ALIAS_LOG,2024-01-01,2025-12-31,0.9,True
ALIAS_03039,P_03039,A. Pillai,CCTNS_ALIAS_LOG,2024-01-01,2025-12-31,0.9,True
ALIAS_03040,P_03040,H. Bhardwaj,CCTNS_ALIAS_LOG,2024-01-01,2025-12-31,0.9,True
ALIAS_03041,P_03041,F. Purohit,CCTNS_ALIAS_LOG,2024-01-01,2025-12-31,0.9,True
ALIAS_03042,P_03042,G. Bhakta,CCTNS_ALIAS_LOG,2024-01-01,2025-12-31,0.9,True
ALIAS_03043,P_03043,P. Rastogi,CCTNS_ALIAS_LOG,2024-01-01,2025-12-31,0.9,True
ALIAS_03044,P_03044,M. Korpal,CCTNS_ALIAS_LOG,2024-01-01,2025-12-31,0.9,True
ALIAS_03045,P_03045,A. Bala,CCTNS_ALIAS_LOG,2024-01-01,2025-12-31,0.9,True
ALIAS_03046,P_03046,Q. Kalita,CCTNS_ALIAS_LOG,2024-01-01,2025-12-31,0.9,True
ALIAS_03047,P_03047,R. Garg,CCTNS_ALIAS_LOG,2024-01-01,2025-12-31,0.9,True
ALIAS_03048,P_03048,L. Vohra,CCTNS_ALIAS_LOG,2024-01-01,2025-12-31,0.9,True
ALIAS_03049,P_03049,S. Contractor,CCTNS_ALIAS_LOG,2024-01-01,2025-12-31,0.9,True
ALIAS_03050,P_03050,S. Suresh,CCTNS_ALIAS_LOG,2024-01-01,2025-12-31,0.9,True
ALIAS_03051,P_03051,W. Sabharwal,CCTNS_ALIAS_LOG,2024-01-01,2025-12-31,0.9,True
ALIAS_03052,P_03052,Z. Sankar,CCTNS_ALIAS_LOG,2024-01-01,2025-12-31,0.9,True
ALIAS_03053,P_03053,M. Kari,CCTNS_ALIAS_LOG,2024-01-01,2025-12-31,0.9,True
ALIAS_03054,P_03054,M. Barad,CCTNS_ALIAS_LOG,2024-01-01,2025-12-31,0.9,True
ALIAS_03055,P_03055,I. Luthra,CCTNS_ALIAS_LOG,2024-01-01,2025-12-31,0.9,True
ALIAS_03056,P_03056,T. Raghavan,CCTNS_ALIAS_LOG,2024-01-01,2025-12-31,0.9,True
ALIAS_03057,P_03057,L. Balasubramanian,CCTNS_ALIAS_LOG,2024-01-01,2025-12-31,0.9,True
ALIAS_03058,P_03058,G. Om,CCTNS_ALIAS_LOG,2024-01-01,2025-12-31,0.9,True
ALIAS_03059,P_03059,X. Koshy,CCTNS_ALIAS_LOG,2024-01-01,2025-12-31,0.9,True
ALIAS_03060,P_03060,A. Issac,CCTNS_ALIAS_LOG,2024-01-01,2025-12-31,0.9,True
ALIAS_03061,P_03061,A. Kashyap,CCTNS_ALIAS_LOG,2024-01-01,2025-12-31,0.9,True
ALIAS_03062,P_03062,T. Virk,CCTNS_ALIAS_LOG,2024-01-01,2025-12-31,0.9,True
ALIAS_03063,P_03063,M. Wali,CCTNS_ALIAS_LOG,2024-01-01,2025-12-31,0.9,True
ALIAS_03064,P_03064,R. Kuruvilla,CCTNS_ALIAS_LOG,2024-01-01,2025-12-31,0.9,True
ALIAS_03065,P_03065,R. Sabharwal,CCTNS_ALIAS_LOG,2024-01-01,2025-12-31,0.9,True
ALIAS_03066,P_03066,U. Sheth,CCTNS_ALIAS_LOG,2024-01-01,2025-12-31,0.9,True
ALIAS_03067,P_03067,D. Golla,CCTNS_ALIAS_LOG,2024-01-01,2025-12-31,0.9,True
ALIAS_03068,P_03068,L. Chad,CCTNS_ALIAS_LOG,2024-01-01,2025-12-31,0.9,True
ALIAS_03069,P_03069,A. Choudhury,CCTNS_ALIAS_LOG,2024-01-01,2025-12-31,0.9,True
ALIAS_03070,P_03070,Q. Kaur,CCTNS_ALIAS_LOG,2024-01-01,2025-12-31,0.9,True
ALIAS_03071,P_03071,A. Varkey,CCTNS_ALIAS_LOG,2024-01-01,2025-12-31,0.9,True
ALIAS_03072,P_03072,B. Nazareth,CCTNS_ALIAS_LOG,2024-01-01,2025-12-31,0.9,True
ALIAS_03073,P_03073,G. Mani,CCTNS_ALIAS_LOG,2024-01-01,2025-12-31,0.9,True
ALIAS_03074,P_03074,O. Warrior,CCTNS_ALIAS_LOG,2024-01-01,2025-12-31,0.9,True
ALIAS_03075,P_03075,C. Devi,CCTNS_ALIAS_LOG,2024-01-01,2025-12-31,0.9,True
ALIAS_03076,P_03076,H. Vasa,CCTNS_ALIAS_LOG,2024-01-01,2025-12-31,0.9,True
ALIAS_03077,P_03077,V. Dara,CCTNS_ALIAS_LOG,2024-01-01,2025-12-31,0.9,True
ALIAS_03078,P_03078,F. Chauhan,CCTNS_ALIAS_LOG,2024-01-01,2025-12-31,0.9,True
ALIAS_03079,P_03079,V. Kala,CCTNS_ALIAS_LOG,2024-01-01,2025-12-31,0.9,True
ALIAS_03080,P_03080,A. Bhalla,CCTNS_ALIAS_LOG,2024-01-01,2025-12-31,0.9,True
ALIAS_03081,P_03081,N. Chadha,CCTNS_ALIAS_LOG,2024-01-01,2025-12-31,0.9,True
ALIAS_03082,P_03082,N. Sabharwal,CCTNS_ALIAS_LOG,2024-01-01,2025-12-31,0.9,True
ALIAS_03083,P_03083,D. Rout,CCTNS_ALIAS_LOG,2024-01-01,2025-12-31,0.9,True
ALIAS_03084,P_03084,A. Sekhon,CCTNS_ALIAS_LOG,2024-01-01,2025-12-31,0.9,True
ALIAS_03085,P_03085,R. Kar,CCTNS_ALIAS_LOG,2024-01-01,2025-12-31,0.9,True
ALIAS_03086,P_03086,Y. Madan,CCTNS_ALIAS_LOG,2024-01-01,2025-12-31,0.9,True
ALIAS_03087,P_03087,I. Bhargava,CCTNS_ALIAS_LOG,2024-01-01,2025-12-31,0.9,True
ALIAS_03088,P_03088,M. Patel,CCTNS_ALIAS_LOG,2024-01-01,2025-12-31,0.9,True
ALIAS_03089,P_03089,V. Palla,CCTNS_ALIAS_LOG,2024-01-01,2025-12-31,0.9,True
ALIAS_03090,P_03090,R. Gola,CCTNS_ALIAS_LOG,2024-01-01,2025-12-31,0.9,True
ALIAS_03091,P_03091,O. Prabhu,CCTNS_ALIAS_LOG,2024-01-01,2025-12-31,0.9,True
ALIAS_03092,P_03092,L. Karan,CCTNS_ALIAS_LOG,2024-01-01,2025-12-31,0.9,True
ALIAS_03093,P_03093,U. Ratta,CCTNS_ALIAS_LOG,2024-01-01,2025-12-31,0.9,True
ALIAS_03094,P_03094,D. Parmar,CCTNS_ALIAS_LOG,2024-01-01,2025-12-31,0.9,True
ALIAS_03095,P_03095,T. Kuruvilla,CCTNS_ALIAS_LOG,2024-01-01,2025-12-31,0.9,True
ALIAS_03096,P_03096,T. Tank,CCTNS_ALIAS_LOG,2024-01-01,2025-12-31,0.9,True
ALIAS_03097,P_03097,V. Sinha,CCTNS_ALIAS_LOG,2024-01-01,2025-12-31,0.9,True
ALIAS_03098,P_03098,S. Apte,CCTNS_ALIAS_LOG,2024-01-01,2025-12-31,0.9,True
ALIAS_03099,P_03099,A. Peri,CCTNS_ALIAS_LOG,2024-01-01,2025-12-31,0.9,True
ALIAS_03100,P_03100,U. Kanda,CCTNS_ALIAS_LOG,2024-01-01,2025-12-31,0.9,True
ALIAS_03101,P_03101,L. Merchant,CCTNS_ALIAS_LOG,2024-01-01,2025-12-31,0.9,True
ALIAS_03102,P_03102,T. Sheth,CCTNS_ALIAS_LOG,2024-01-01,2025-12-31,0.9,True
ALIAS_03103,P_03103,R. Sangha,CCTNS_ALIAS_LOG,2024-01-01,2025-12-31,0.9,True
ALIAS_03104,P_03104,T. Shan,CCTNS_ALIAS_LOG,2024-01-01,2025-12-31,0.9,True
ALIAS_03105,P_03105,G. Uppal,CCTNS_ALIAS_LOG,2024-01-01,2025-12-31,0.9,True
ALIAS_03106,P_03106,M. Sarin,CCTNS_ALIAS_LOG,2024-01-01,2025-12-31,0.9,True
ALIAS_03107,P_03107,O. Sinha,CCTNS_ALIAS_LOG,2024-01-01,2025-12-31,0.9,True
ALIAS_03108,P_03108,A. Kashyap,CCTNS_ALIAS_LOG,2024-01-01,2025-12-31,0.9,True
ALIAS_03109,P_03109,H. Nanda,CCTNS_ALIAS_LOG,2024-01-01,2025-12-31,0.9,True
ALIAS_03110,P_03110,V. Kurian,CCTNS_ALIAS_LOG,2024-01-01,2025-12-31,0.9,True
ALIAS_03111,P_03111,B. Sachdeva,CCTNS_ALIAS_LOG,2024-01-01,2025-12-31,0.9,True
ALIAS_03112,P_03112,A. Bera,CCTNS_ALIAS_LOG,2024-01-01,2025-12-31,0.9,True
ALIAS_03113,P_03113,O. Panchal,CCTNS_ALIAS_LOG,2024-01-01,2025-12-31,0.9,True
ALIAS_03114,P_03114,Y. Seth,CCTNS_ALIAS_LOG,2024-01-01,2025-12-31,0.9,True
ALIAS_03115,P_03115,J. Bandi,CCTNS_ALIAS_LOG,2024-01-01,2025-12-31,0.9,True
ALIAS_03116,P_03116,O. More,CCTNS_ALIAS_LOG,2024-01-01,2025-12-31,0.9,True
ALIAS_03117,P_03117,G. Sule,CCTNS_ALIAS_LOG,2024-01-01,2025-12-31,0.9,True
ALIAS_03118,P_03118,J. Chokshi,CCTNS_ALIAS_LOG,2024-01-01,2025-12-31,0.9,True
ALIAS_03119,P_03119,C. Kumer,CCTNS_ALIAS_LOG,2024-01-01,2025-12-31,0.9,True
ALIAS_03120,P_03120,G. Ramachandran,CCTNS_ALIAS_LOG,2024-01-01,2025-12-31,0.9,True
ALIAS_03121,P_03121,S. Chana,CCTNS_ALIAS_LOG,2024-01-01,2025-12-31,0.9,True
ALIAS_03122,P_03122,N. Trivedi,CCTNS_ALIAS_LOG,2024-01-01,2025-12-31,0.9,True
ALIAS_03123,P_03123,M. Khatri,CCTNS_ALIAS_LOG,2024-01-01,2025-12-31,0.9,True
ALIAS_03124,P_03124,T. Misra,CCTNS_ALIAS_LOG,2024-01-01,2025-12-31,0.9,True
ALIAS_03125,P_03125,I. Grover,CCTNS_ALIAS_LOG,2024-01-01,2025-12-31,0.9,True
ALIAS_03126,P_03126,A. Verma,CCTNS_ALIAS_LOG,2024-01-01,2025-12-31,0.9,True
ALIAS_03127,P_03127,P. Acharya,CCTNS_ALIAS_LOG,2024-01-01,2025-12-31,0.9,True
ALIAS_03128,P_03128,T. Sani,CCTNS_ALIAS_LOG,2024-01-01,2025-12-31,0.9,True
ALIAS_03129,P_03129,W. Ravel,CCTNS_ALIAS_LOG,2024-01-01,2025-12-31,0.9,True
ALIAS_03130,P_03130,J. Murthy,CCTNS_ALIAS_LOG,2024-01-01,2025-12-31,0.9,True
ALIAS_03131,P_03131,H. Kapoor,CCTNS_ALIAS_LOG,2024-01-01,2025-12-31,0.9,True
ALIAS_03132,P_03132,R. Venkataraman,CCTNS_ALIAS_LOG,2024-01-01,2025-12-31,0.9,True
ALIAS_03133,P_03133,G. Prasad,CCTNS_ALIAS_LOG,2024-01-01,2025-12-31,0.9,True
ALIAS_03134,P_03134,N. Prakash,CCTNS_ALIAS_LOG,2024-01-01,2025-12-31,0.9,True
ALIAS_03135,P_03135,R. Bumb,CCTNS_ALIAS_LOG,2024-01-01,2025-12-31,0.9,True
ALIAS_03136,P_03136,S. Gaba,CCTNS_ALIAS_LOG,2024-01-01,2025-12-31,0.9,True
ALIAS_03137,P_03137,T. Johal,CCTNS_ALIAS_LOG,2024-01-01,2025-12-31,0.9,True
ALIAS_03138,P_03138,A. Barman,CCTNS_ALIAS_LOG,2024-01-01,2025-12-31,0.9,True
ALIAS_03139,P_03139,L. Dubey,CCTNS_ALIAS_LOG,2024-01-01,2025-12-31,0.9,True
ALIAS_03140,P_03140,K. Bali,CCTNS_ALIAS_LOG,2024-01-01,2025-12-31,0.9,True
ALIAS_03141,P_03141,V. Chander,CCTNS_ALIAS_LOG,2024-01-01,2025-12-31,0.9,True
ALIAS_03142,P_03142,K. Karpe,CCTNS_ALIAS_LOG,2024-01-01,2025-12-31,0.9,True
ALIAS_03143,P_03143,K. Bhargava,CCTNS_ALIAS_LOG,2024-01-01,2025-12-31,0.9,True
ALIAS_03144,P_03144,A. Ram,CCTNS_ALIAS_LOG,2024-01-01,2025-12-31,0.9,True
ALIAS_03145,P_03145,H. Gade,CCTNS_ALIAS_LOG,2024-01-01,2025-12-31,0.9,True
ALIAS_03146,P_03146,N. Mahal,CCTNS_ALIAS_LOG,2024-01-01,2025-12-31,0.9,True
ALIAS_03147,P_03147,H. Kunda,CCTNS_ALIAS_LOG,2024-01-01,2025-12-31,0.9,True
ALIAS_03148,P_03148,I. Balan,CCTNS_ALIAS_LOG,2024-01-01,2025-12-31,0.9,True
ALIAS_03149,P_03149,H. Rao,CCTNS_ALIAS_LOG,2024-01-01,2025-12-31,0.9,True
ALIAS_03150,P_03150,A. Dhar,CCTNS_ALIAS_LOG,2024-01-01,2025-12-31,0.9,True
ALIAS_03151,P_03151,S. Savant,CCTNS_ALIAS_LOG,2024-01-01,2025-12-31,0.9,True
ALIAS_03152,P_03152,M. Chada,CCTNS_ALIAS_LOG,2024-01-01,2025-12-31,0.9,True
ALIAS_03153,P_03153,J. Singh,CCTNS_ALIAS_LOG,2024-01-01,2025-12-31,0.9,True
ALIAS_03154,P_03154,S. Rama,CCTNS_ALIAS_LOG,2024-01-01,2025-12-31,0.9,True
ALIAS_03155,P_03155,A. Gupta,CCTNS_ALIAS_LOG,2024-01-01,2025-12-31,0.9,True
ALIAS_03156,P_03156,C. Dash,CCTNS_ALIAS_LOG,2024-01-01,2025-12-31,0.9,True
ALIAS_03157,P_03157,N. Bhatnagar,CCTNS_ALIAS_LOG,2024-01-01,2025-12-31,0.9,True
ALIAS_03158,P_03158,P. Jain,CCTNS_ALIAS_LOG,2024-01-01,2025-12-31,0.9,True
ALIAS_03159,P_03159,D. Ramakrishnan,CCTNS_ALIAS_LOG,2024-01-01,2025-12-31,0.9,True
ALIAS_03160,P_03160,J. Kari,CCTNS_ALIAS_LOG,2024-01-01,2025-12-31,0.9,True
ALIAS_03161,P_03161,A. Narayan,CCTNS_ALIAS_LOG,2024-01-01,2025-12-31,0.9,True
ALIAS_03162,P_03162,A. Kuruvilla,CCTNS_ALIAS_LOG,2024-01-01,2025-12-31,0.9,True
ALIAS_03163,P_03163,Y. Kapadia,CCTNS_ALIAS_LOG,2024-01-01,2025-12-31,0.9,True
ALIAS_03164,P_03164,G. Contractor,CCTNS_ALIAS_LOG,2024-01-01,2025-12-31,0.9,True
ALIAS_03165,P_03165,Y. Chopra,CCTNS_ALIAS_LOG,2024-01-01,2025-12-31,0.9,True
ALIAS_03166,P_03166,Z. Saran,CCTNS_ALIAS_LOG,2024-01-01,2025-12-31,0.9,True
ALIAS_03167,P_03167,J. Sahni,CCTNS_ALIAS_LOG,2024-01-01,2025-12-31,0.9,True
ALIAS_03168,P_03168,D. Merchant,CCTNS_ALIAS_LOG,2024-01-01,2025-12-31,0.9,True
ALIAS_03169,P_03169,A. Narula,CCTNS_ALIAS_LOG,2024-01-01,2025-12-31,0.9,True
ALIAS_03170,P_03170,Y. Sodhi,CCTNS_ALIAS_LOG,2024-01-01,2025-12-31,0.9,True
ALIAS_03171,P_03171,K. Basu,CCTNS_ALIAS_LOG,2024-01-01,2025-12-31,0.9,True
ALIAS_03172,P_03172,C. Sodhi,CCTNS_ALIAS_LOG,2024-01-01,2025-12-31,0.9,True
ALIAS_03173,P_03173,K. Deshpande,CCTNS_ALIAS_LOG,2024-01-01,2025-12-31,0.9,True
ALIAS_03174,P_03174,T. Aggarwal,CCTNS_ALIAS_LOG,2024-01-01,2025-12-31,0.9,True
ALIAS_03175,P_03175,L. Mohan,CCTNS_ALIAS_LOG,2024-01-01,2025-12-31,0.9,True
ALIAS_03176,P_03176,G. Das,CCTNS_ALIAS_LOG,2024-01-01,2025-12-31,0.9,True
ALIAS_03177,P_03177,U. Balakrishnan,CCTNS_ALIAS_LOG,2024-01-01,2025-12-31,0.9,True
ALIAS_03178,P_03178,J. Parekh,CCTNS_ALIAS_LOG,2024-01-01,2025-12-31,0.9,True
ALIAS_03179,P_03179,C. De,CCTNS_ALIAS_LOG,2024-01-01,2025-12-31,0.9,True
ALIAS_03180,P_03180,R. Kanda,CCTNS_ALIAS_LOG,2024-01-01,2025-12-31,0.9,True
ALIAS_03181,P_03181,J. Dyal,CCTNS_ALIAS_LOG,2024-01-01,2025-12-31,0.9,True
ALIAS_03182,P_03182,A. Mann,CCTNS_ALIAS_LOG,2024-01-01,2025-12-31,0.9,True
ALIAS_03183,P_03183,T. Sinha,CCTNS_ALIAS_LOG,2024-01-01,2025-12-31,0.9,True
ALIAS_03184,P_03184,I. Ratti,CCTNS_ALIAS_LOG,2024-01-01,2025-12-31,0.9,True
ALIAS_03185,P_03185,J. Dara,CCTNS_ALIAS_LOG,2024-01-01,2025-12-31,0.9,True
ALIAS_03186,P_03186,K. Sandhu,CCTNS_ALIAS_LOG,2024-01-01,2025-12-31,0.9,True
ALIAS_03187,P_03187,B. Ratti,CCTNS_ALIAS_LOG,2024-01-01,2025-12-31,0.9,True
ALIAS_03188,P_03188,G. Gopal,CCTNS_ALIAS_LOG,2024-01-01,2025-12-31,0.9,True
ALIAS_03189,P_03189,D. Sant,CCTNS_ALIAS_LOG,2024-01-01,2025-12-31,0.9,True
ALIAS_03190,P_03190,U. Chakrabarti,CCTNS_ALIAS_LOG,2024-01-01,2025-12-31,0.9,True
ALIAS_03191,P_03191,F. Roy,CCTNS_ALIAS_LOG,2024-01-01,2025-12-31,0.9,True
ALIAS_03192,P_03192,E. Koshy,CCTNS_ALIAS_LOG,2024-01-01,2025-12-31,0.9,True
ALIAS_03193,P_03193,W. Goel,CCTNS_ALIAS_LOG,2024-01-01,2025-12-31,0.9,True
ALIAS_03194,P_03194,J. Kadakia,CCTNS_ALIAS_LOG,2024-01-01,2025-12-31,0.9,True
ALIAS_03195,P_03195,A. Bora,CCTNS_ALIAS_LOG,2024-01-01,2025-12-31,0.9,True
ALIAS_03196,P_03196,K. Handa,CCTNS_ALIAS_LOG,2024-01-01,2025-12-31,0.9,True
ALIAS_03197,P_03197,G. Borde,CCTNS_ALIAS_LOG,2024-01-01,2025-12-31,0.9,True
ALIAS_03198,P_03198,Q. Issac,CCTNS_ALIAS_LOG,2024-01-01,2025-12-31,0.9,True
ALIAS_03199,P_03199,G. Agate,CCTNS_ALIAS_LOG,2024-01-01,2025-12-31,0.9,True
ALIAS_03200,P_03200,G. Oommen,CCTNS_ALIAS_LOG,2024-01-01,2025-12-31,0.9,True
ALIAS_03201,P_03201,V. Ram,CCTNS_ALIAS_LOG,2024-01-01,2025-12-31,0.9,True
ALIAS_03202,P_03202,T. Golla,CCTNS_ALIAS_LOG,2024-01-01,2025-12-31,0.9,True
ALIAS_03203,P_03203,N. Loke,CCTNS_ALIAS_LOG,2024-01-01,2025-12-31,0.9,True
ALIAS_03204,P_03204,N. Suresh,CCTNS_ALIAS_LOG,2024-01-01,2025-12-31,0.9,True
ALIAS_03205,P_03205,X. Jha,CCTNS_ALIAS_LOG,2024-01-01,2025-12-31,0.9,True
ALIAS_03206,P_03206,D. Banerjee,CCTNS_ALIAS_LOG,2024-01-01,2025-12-31,0.9,True
ALIAS_03207,P_03207,S. Hayer,CCTNS_ALIAS_LOG,2024-01-01,2025-12-31,0.9,True
ALIAS_03208,P_03208,M. Suri,CCTNS_ALIAS_LOG,2024-01-01,2025-12-31,0.9,True
ALIAS_03209,P_03209,L. Rajan,CCTNS_ALIAS_LOG,2024-01-01,2025-12-31,0.9,True
ALIAS_03210,P_03210,Z. Nagarajan,CCTNS_ALIAS_LOG,2024-01-01,2025-12-31,0.9,True
ALIAS_03211,P_03211,O. Ahluwalia,CCTNS_ALIAS_LOG,2024-01-01,2025-12-31,0.9,True
ALIAS_03212,P_03212,W. Sastry,CCTNS_ALIAS_LOG,2024-01-01,2025-12-31,0.9,True
ALIAS_03213,P_03213,R. Walla,CCTNS_ALIAS_LOG,2024-01-01,2025-12-31,0.9,True
ALIAS_03214,P_03214,C. Vohra,CCTNS_ALIAS_LOG,2024-01-01,2025-12-31,0.9,True
ALIAS_03215,P_03215,G. Pandey,CCTNS_ALIAS_LOG,2024-01-01,2025-12-31,0.9,True
ALIAS_03216,P_03216,L. Reddy,CCTNS_ALIAS_LOG,2024-01-01,2025-12-31,0.9,True
ALIAS_03217,P_03217,B. Rana,CCTNS_ALIAS_LOG,2024-01-01,2025-12-31,0.9,True
ALIAS_03218,P_03218,V. Hegde,CCTNS_ALIAS_LOG,2024-01-01,2025-12-31,0.9,True
ALIAS_03219,P_03219,C. Chakrabarti,CCTNS_ALIAS_LOG,2024-01-01,2025-12-31,0.9,True
ALIAS_03220,P_03220,M. Mistry,CCTNS_ALIAS_LOG,2024-01-01,2025-12-31,0.9,True
ALIAS_03221,P_03221,W. Bains,CCTNS_ALIAS_LOG,2024-01-01,2025-12-31,0.9,True
ALIAS_03222,P_03222,A. Solanki,CCTNS_ALIAS_LOG,2024-01-01,2025-12-31,0.9,True
ALIAS_03223,P_03223,A. Raval,CCTNS_ALIAS_LOG,2024-01-01,2025-12-31,0.9,True
ALIAS_03224,P_03224,N. Gopal,CCTNS_ALIAS_LOG,2024-01-01,2025-12-31,0.9,True
ALIAS_03225,P_03225,T. Kulkarni,CCTNS_ALIAS_LOG,2024-01-01,2025-12-31,0.9,True
ALIAS_03226,P_03226,X. Sehgal,CCTNS_ALIAS_LOG,2024-01-01,2025-12-31,0.9,True
ALIAS_03227,P_03227,J. Balan,CCTNS_ALIAS_LOG,2024-01-01,2025-12-31,0.9,True
ALIAS_03228,P_03228,R. Wali,CCTNS_ALIAS_LOG,2024-01-01,2025-12-31,0.9,True
ALIAS_03229,P_03229,T. Sant,CCTNS_ALIAS_LOG,2024-01-01,2025-12-31,0.9,True
ALIAS_03230,P_03230,Q. Varkey,CCTNS_ALIAS_LOG,2024-01-01,2025-12-31,0.9,True
ALIAS_03231,P_03231,M. Kunda,CCTNS_ALIAS_LOG,2024-01-01,2025-12-31,0.9,True
ALIAS_03232,P_03232,A. Loke,CCTNS_ALIAS_LOG,2024-01-01,2025-12-31,0.9,True
ALIAS_03233,P_03233,B. Shenoy,CCTNS_ALIAS_LOG,2024-01-01,2025-12-31,0.9,True
ALIAS_03234,P_03234,J. Dutt,CCTNS_ALIAS_LOG,2024-01-01,2025-12-31,0.9,True
ALIAS_03235,P_03235,R. Kanda,CCTNS_ALIAS_LOG,2024-01-01,2025-12-31,0.9,True
ALIAS_03236,P_03236,Y. Balan,CCTNS_ALIAS_LOG,2024-01-01,2025-12-31,0.9,True
ALIAS_03237,P_03237,N. Bal,CCTNS_ALIAS_LOG,2024-01-01,2025-12-31,0.9,True
ALIAS_03238,P_03238,B. Dave,CCTNS_ALIAS_LOG,2024-01-01,2025-12-31,0.9,True
ALIAS_03239,P_03239,J. Bali,CCTNS_ALIAS_LOG,2024-01-01,2025-12-31,0.9,True
ALIAS_03240,P_03240,Z. Parmer,CCTNS_ALIAS_LOG,2024-01-01,2025-12-31,0.9,True
ALIAS_03241,P_03241,F. Khalsa,CCTNS_ALIAS_LOG,2024-01-01,2025-12-31,0.9,True
ALIAS_03242,P_03242,R. Maharaj,CCTNS_ALIAS_LOG,2024-01-01,2025-12-31,0.9,True
ALIAS_03243,P_03243,J. Sibal,CCTNS_ALIAS_LOG,2024-01-01,2025-12-31,0.9,True
ALIAS_03244,P_03244,Y. Dasgupta,CCTNS_ALIAS_LOG,2024-01-01,2025-12-31,0.9,True
ALIAS_03245,P_03245,H. Nigam,CCTNS_ALIAS_LOG,2024-01-01,2025-12-31,0.9,True
ALIAS_03246,P_03246,A. Mani,CCTNS_ALIAS_LOG,2024-01-01,2025-12-31,0.9,True
ALIAS_03247,P_03247,H. Pandey,CCTNS_ALIAS_LOG,2024-01-01,2025-12-31,0.9,True
ALIAS_03248,P_03248,M. Sekhon,CCTNS_ALIAS_LOG,2024-01-01,2025-12-31,0.9,True
ALIAS_03249,P_03249,K. Gole,CCTNS_ALIAS_LOG,2024-01-01,2025-12-31,0.9,True
ALIAS_03250,P_03250,V. Singhal,CCTNS_ALIAS_LOG,2024-01-01,2025-12-31,0.9,True
ALIAS_03251,P_03251,D. Saha,CCTNS_ALIAS_LOG,2024-01-01,2025-12-31,0.9,True
ALIAS_03252,P_03252,V. Dalal,CCTNS_ALIAS_LOG,2024-01-01,2025-12-31,0.9,True
ALIAS_03253,P_03253,S. Sankar,CCTNS_ALIAS_LOG,2024-01-01,2025-12-31,0.9,True
ALIAS_03254,P_03254,M. Subramanian,CCTNS_ALIAS_LOG,2024-01-01,2025-12-31,0.9,True
ALIAS_03255,P_03255,H. Taneja,CCTNS_ALIAS_LOG,2024-01-01,2025-12-31,0.9,True
ALIAS_03256,P_03256,I. Parekh,CCTNS_ALIAS_LOG,2024-01-01,2025-12-31,0.9,True
ALIAS_03257,P_03257,K. Sule,CCTNS_ALIAS_LOG,2024-01-01,2025-12-31,0.9,True
ALIAS_03258,P_03258,A. Thakkar,CCTNS_ALIAS_LOG,2024-01-01,2025-12-31,0.9,True
ALIAS_03259,P_03259,F. Sinha,CCTNS_ALIAS_LOG,2024-01-01,2025-12-31,0.9,True
ALIAS_03260,P_03260,L. Batra,CCTNS_ALIAS_LOG,2024-01-01,2025-12-31,0.9,True
ALIAS_03261,P_03261,G. Bandi,CCTNS_ALIAS_LOG,2024-01-01,2025-12-31,0.9,True
ALIAS_03262,P_03262,O. Bassi,CCTNS_ALIAS_LOG,2024-01-01,2025-12-31,0.9,True
ALIAS_03263,P_03263,T. Sant,CCTNS_ALIAS_LOG,2024-01-01,2025-12-31,0.9,True
ALIAS_03264,P_03264,D. Walia,CCTNS_ALIAS_LOG,2024-01-01,2025-12-31,0.9,True
ALIAS_03265,P_03265,S. Sankaran,CCTNS_ALIAS_LOG,2024-01-01,2025-12-31,0.9,True
ALIAS_03266,P_03266,Q. Menon,CCTNS_ALIAS_LOG,2024-01-01,2025-12-31,0.9,True
ALIAS_03267,P_03267,D. Maharaj,CCTNS_ALIAS_LOG,2024-01-01,2025-12-31,0.9,True
ALIAS_03268,P_03268,N. Khatri,CCTNS_ALIAS_LOG,2024-01-01,2025-12-31,0.9,True
ALIAS_03269,P_03269,O. Mukhopadhyay,CCTNS_ALIAS_LOG,2024-01-01,2025-12-31,0.9,True
ALIAS_03270,P_03270,G. Krish,CCTNS_ALIAS_LOG,2024-01-01,2025-12-31,0.9,True
ALIAS_03271,P_03271,A. Anne,CCTNS_ALIAS_LOG,2024-01-01,2025-12-31,0.9,True
ALIAS_03272,P_03272,L. Ramakrishnan,CCTNS_ALIAS_LOG,2024-01-01,2025-12-31,0.9,True
ALIAS_03273,P_03273,L. Lata,CCTNS_ALIAS_LOG,2024-01-01,2025-12-31,0.9,True
ALIAS_03274,P_03274,S. Karpe,CCTNS_ALIAS_LOG,2024-01-01,2025-12-31,0.9,True
ALIAS_03275,P_03275,V. Mitra,CCTNS_ALIAS_LOG,2024-01-01,2025-12-31,0.9,True
ALIAS_03276,P_03276,S. Rastogi,CCTNS_ALIAS_LOG,2024-01-01,2025-12-31,0.9,True
ALIAS_03277,P_03277,K. Randhawa,CCTNS_ALIAS_LOG,2024-01-01,2025-12-31,0.9,True
ALIAS_03278,P_03278,O. Kapur,CCTNS_ALIAS_LOG,2024-01-01,2025-12-31,0.9,True
ALIAS_03279,P_03279,R. Krishnamurthy,CCTNS_ALIAS_LOG,2024-01-01,2025-12-31,0.9,True
ALIAS_03280,P_03280,S. Krishna,CCTNS_ALIAS_LOG,2024-01-01,2025-12-31,0.9,True
ALIAS_03281,P_03281,G. Wable,CCTNS_ALIAS_LOG,2024-01-01,2025-12-31,0.9,True
ALIAS_03282,P_03282,E. Bawa,CCTNS_ALIAS_LOG,2024-01-01,2025-12-31,0.9,True
ALIAS_03283,P_03283,P. Roy,CCTNS_ALIAS_LOG,2024-01-01,2025-12-31,0.9,True
ALIAS_03284,P_03284,S. Char,CCTNS_ALIAS_LOG,2024-01-01,2025-12-31,0.9,True
ALIAS_03285,P_03285,J. Dora,CCTNS_ALIAS_LOG,2024-01-01,2025-12-31,0.9,True
ALIAS_03286,P_03286,J. Bail,CCTNS_ALIAS_LOG,2024-01-01,2025-12-31,0.9,True
ALIAS_03287,P_03287,I. Mann,CCTNS_ALIAS_LOG,2024-01-01,2025-12-31,0.9,True
ALIAS_03288,P_03288,J. Kant,CCTNS_ALIAS_LOG,2024-01-01,2025-12-31,0.9,True
ALIAS_03289,P_03289,T. Mani,CCTNS_ALIAS_LOG,2024-01-01,2025-12-31,0.9,True
ALIAS_03290,P_03290,C. Mander,CCTNS_ALIAS_LOG,2024-01-01,2025-12-31,0.9,True
ALIAS_03291,P_03291,P. Sabharwal,CCTNS_ALIAS_LOG,2024-01-01,2025-12-31,0.9,True
ALIAS_03292,P_03292,I. Nori,CCTNS_ALIAS_LOG,2024-01-01,2025-12-31,0.9,True
ALIAS_03293,P_03293,H. Doctor,CCTNS_ALIAS_LOG,2024-01-01,2025-12-31,0.9,True
ALIAS_03294,P_03294,S. Murthy,CCTNS_ALIAS_LOG,2024-01-01,2025-12-31,0.9,True
ALIAS_03295,P_03295,A. Nagar,CCTNS_ALIAS_LOG,2024-01-01,2025-12-31,0.9,True
ALIAS_03296,P_03296,S. Gole,CCTNS_ALIAS_LOG,2024-01-01,2025-12-31,0.9,True
ALIAS_03297,P_03297,B. Nagarajan,CCTNS_ALIAS_LOG,2024-01-01,2025-12-31,0.9,True
ALIAS_03298,P_03298,M. Chokshi,CCTNS_ALIAS_LOG,2024-01-01,2025-12-31,0.9,True
ALIAS_03299,P_03299,G. Choudhry,CCTNS_ALIAS_LOG,2024-01-01,2025-12-31,0.9,True
ALIAS_03300,P_03300,D. Chaudhari,CCTNS_ALIAS_LOG,2024-01-01,2025-12-31,0.9,True
ALIAS_03301,P_03301,O. Jain,CCTNS_ALIAS_LOG,2024-01-01,2025-12-31,0.9,True
ALIAS_03302,P_03302,C. Agate,CCTNS_ALIAS_LOG,2024-01-01,2025-12-31,0.9,True
ALIAS_03303,P_03303,M. Char,CCTNS_ALIAS_LOG,2024-01-01,2025-12-31,0.9,True
ALIAS_03304,P_03304,S. Singhal,CCTNS_ALIAS_LOG,2024-01-01,2025-12-31,0.9,True
ALIAS_03305,P_03305,K. Bansal,CCTNS_ALIAS_LOG,2024-01-01,2025-12-31,0.9,True
ALIAS_03306,P_03306,D. Palan,CCTNS_ALIAS_LOG,2024-01-01,2025-12-31,0.9,True
ALIAS_03307,P_03307,V. Kakar,CCTNS_ALIAS_LOG,2024-01-01,2025-12-31,0.9,True
ALIAS_03308,P_03308,I. Minhas,CCTNS_ALIAS_LOG,2024-01-01,2025-12-31,0.9,True
ALIAS_03309,P_03309,J. Ahuja,CCTNS_ALIAS_LOG,2024-01-01,2025-12-31,0.9,True
ALIAS_03310,P_03310,Q. Sengupta,CCTNS_ALIAS_LOG,2024-01-01,2025-12-31,0.9,True
ALIAS_03311,P_03311,Y. Bahri,CCTNS_ALIAS_LOG,2024-01-01,2025-12-31,0.9,True
ALIAS_03312,P_03312,E. Sibal,CCTNS_ALIAS_LOG,2024-01-01,2025-12-31,0.9,True
ALIAS_03313,P_03313,H. Viswanathan,CCTNS_ALIAS_LOG,2024-01-01,2025-12-31,0.9,True
ALIAS_03314,P_03314,K. Rajan,CCTNS_ALIAS_LOG,2024-01-01,2025-12-31,0.9,True
ALIAS_03315,P_03315,R. Bala,CCTNS_ALIAS_LOG,2024-01-01,2025-12-31,0.9,True
ALIAS_03316,P_03316,M. Bansal,CCTNS_ALIAS_LOG,2024-01-01,2025-12-31,0.9,True
ALIAS_03317,P_03317,O. Pandey,CCTNS_ALIAS_LOG,2024-01-01,2025-12-31,0.9,True
ALIAS_03318,P_03318,O. Solanki,CCTNS_ALIAS_LOG,2024-01-01,2025-12-31,0.9,True
ALIAS_03319,P_03319,Y. Sengupta,CCTNS_ALIAS_LOG,2024-01-01,2025-12-31,0.9,True
ALIAS_03320,P_03320,T. Yadav,CCTNS_ALIAS_LOG,2024-01-01,2025-12-31,0.9,True
ALIAS_03321,P_03321,P. Panchal,CCTNS_ALIAS_LOG,2024-01-01,2025-12-31,0.9,True
ALIAS_03322,P_03322,J. Dixit,CCTNS_ALIAS_LOG,2024-01-01,2025-12-31,0.9,True
ALIAS_03323,P_03323,K. Khare,CCTNS_ALIAS_LOG,2024-01-01,2025-12-31,0.9,True
ALIAS_03324,P_03324,M. Wali,CCTNS_ALIAS_LOG,2024-01-01,2025-12-31,0.9,True
ALIAS_03325,P_03325,O. Bera,CCTNS_ALIAS_LOG,2024-01-01,2025-12-31,0.9,True
ALIAS_03326,P_03326,Q. Dugar,CCTNS_ALIAS_LOG,2024-01-01,2025-12-31,0.9,True
ALIAS_03327,P_03327,J. Devan,CCTNS_ALIAS_LOG,2024-01-01,2025-12-31,0.9,True
ALIAS_03328,P_03328,Y. Malhotra,CCTNS_ALIAS_LOG,2024-01-01,2025-12-31,0.9,True
ALIAS_03329,P_03329,C. Jani,CCTNS_ALIAS_LOG,2024-01-01,2025-12-31,0.9,True
ALIAS_03330,P_03330,E. Narayanan,CCTNS_ALIAS_LOG,2024-01-01,2025-12-31,0.9,True
ALIAS_03331,P_03331,Y. Banerjee,CCTNS_ALIAS_LOG,2024-01-01,2025-12-31,0.9,True
ALIAS_03332,P_03332,R. Chaudhry,CCTNS_ALIAS_LOG,2024-01-01,2025-12-31,0.9,True
ALIAS_03333,P_03333,E. Babu,CCTNS_ALIAS_LOG,2024-01-01,2025-12-31,0.9,True
ALIAS_03334,P_03334,D. Bir,CCTNS_ALIAS_LOG,2024-01-01,2025-12-31,0.9,True
ALIAS_03335,P_03335,A. Doctor,CCTNS_ALIAS_LOG,2024-01-01,2025-12-31,0.9,True
ALIAS_03336,P_03336,T. Dugal,CCTNS_ALIAS_LOG,2024-01-01,2025-12-31,0.9,True
ALIAS_03337,P_03337,H. Chakraborty,CCTNS_ALIAS_LOG,2024-01-01,2025-12-31,0.9,True
ALIAS_03338,P_03338,G. Sabharwal,CCTNS_ALIAS_LOG,2024-01-01,2025-12-31,0.9,True
ALIAS_03339,P_03339,O. Gaba,CCTNS_ALIAS_LOG,2024-01-01,2025-12-31,0.9,True
ALIAS_03340,P_03340,Z. Mane,CCTNS_ALIAS_LOG,2024-01-01,2025-12-31,0.9,True
ALIAS_03341,P_03341,L. Bhatia,CCTNS_ALIAS_LOG,2024-01-01,2025-12-31,0.9,True
ALIAS_03342,P_03342,F. Behl,CCTNS_ALIAS_LOG,2024-01-01,2025-12-31,0.9,True
ALIAS_03343,P_03343,F. Lad,CCTNS_ALIAS_LOG,2024-01-01,2025-12-31,0.9,True
ALIAS_03344,P_03344,M. Bhavsar,CCTNS_ALIAS_LOG,2024-01-01,2025-12-31,0.9,True
ALIAS_03345,P_03345,A. Dara,CCTNS_ALIAS_LOG,2024-01-01,2025-12-31,0.9,True
ALIAS_03346,P_03346,E. Narasimhan,CCTNS_ALIAS_LOG,2024-01-01,2025-12-31,0.9,True
ALIAS_03347,P_03347,D. Narayan,CCTNS_ALIAS_LOG,2024-01-01,2025-12-31,0.9,True
ALIAS_03348,P_03348,N. Madan,CCTNS_ALIAS_LOG,2024-01-01,2025-12-31,0.9,True
ALIAS_03349,P_03349,Y. Pathak,CCTNS_ALIAS_LOG,2024-01-01,2025-12-31,0.9,True
ALIAS_03350,P_03350,M. Ahluwalia,CCTNS_ALIAS_LOG,2024-01-01,2025-12-31,0.9,True
ALIAS_03351,P_03351,D. Sarin,CCTNS_ALIAS_LOG,2024-01-01,2025-12-31,0.9,True
ALIAS_03352,P_03352,U. Grover,CCTNS_ALIAS_LOG,2024-01-01,2025-12-31,0.9,True
ALIAS_03353,P_03353,J. Munshi,CCTNS_ALIAS_LOG,2024-01-01,2025-12-31,0.9,True
ALIAS_03354,P_03354,L. Kalla,CCTNS_ALIAS_LOG,2024-01-01,2025-12-31,0.9,True
ALIAS_03355,P_03355,Z. Arora,CCTNS_ALIAS_LOG,2024-01-01,2025-12-31,0.9,True
ALIAS_03356,P_03356,A. Dewan,CCTNS_ALIAS_LOG,2024-01-01,2025-12-31,0.9,True
ALIAS_03357,P_03357,B. Sem,CCTNS_ALIAS_LOG,2024-01-01,2025-12-31,0.9,True
ALIAS_03358,P_03358,P. Rana,CCTNS_ALIAS_LOG,2024-01-01,2025-12-31,0.9,True
ALIAS_03359,P_03359,S. Nigam,CCTNS_ALIAS_LOG,2024-01-01,2025-12-31,0.9,True
ALIAS_03360,P_03360,W. Dhillon,CCTNS_ALIAS_LOG,2024-01-01,2025-12-31,0.9,True
ALIAS_03361,P_03361,D. Sarkar,CCTNS_ALIAS_LOG,2024-01-01,2025-12-31,0.9,True
ALIAS_03362,P_03362,T. Chauhan,CCTNS_ALIAS_LOG,2024-01-01,2025-12-31,0.9,True
ALIAS_03363,P_03363,V. Baral,CCTNS_ALIAS_LOG,2024-01-01,2025-12-31,0.9,True
ALIAS_03364,P_03364,E. Buch,CCTNS_ALIAS_LOG,2024-01-01,2025-12-31,0.9,True
ALIAS_03365,P_03365,D. Pal,CCTNS_ALIAS_LOG,2024-01-01,2025-12-31,0.9,True
ALIAS_03366,P_03366,M. Hora,CCTNS_ALIAS_LOG,2024-01-01,2025-12-31,0.9,True
ALIAS_03367,P_03367,W. Apte,CCTNS_ALIAS_LOG,2024-01-01,2025-12-31,0.9,True
ALIAS_03368,P_03368,A. Garg,CCTNS_ALIAS_LOG,2024-01-01,2025-12-31,0.9,True
ALIAS_03369,P_03369,E. Panchal,CCTNS_ALIAS_LOG,2024-01-01,2025-12-31,0.9,True
ALIAS_03370,P_03370,W. More,CCTNS_ALIAS_LOG,2024-01-01,2025-12-31,0.9,True
ALIAS_03371,P_03371,A. Krishnamurthy,CCTNS_ALIAS_LOG,2024-01-01,2025-12-31,0.9,True
ALIAS_03372,P_03372,O. Sur,CCTNS_ALIAS_LOG,2024-01-01,2025-12-31,0.9,True
ALIAS_03373,P_03373,Z. Buch,CCTNS_ALIAS_LOG,2024-01-01,2025-12-31,0.9,True
ALIAS_03374,P_03374,L. Dar,CCTNS_ALIAS_LOG,2024-01-01,2025-12-31,0.9,True
ALIAS_03375,P_03375,T. Bobal,CCTNS_ALIAS_LOG,2024-01-01,2025-12-31,0.9,True
ALIAS_03376,P_03376,N. Khosla,CCTNS_ALIAS_LOG,2024-01-01,2025-12-31,0.9,True
ALIAS_03377,P_03377,Y. Bahl,CCTNS_ALIAS_LOG,2024-01-01,2025-12-31,0.9,True
ALIAS_03378,P_03378,K. Bir,CCTNS_ALIAS_LOG,2024-01-01,2025-12-31,0.9,True
ALIAS_03379,P_03379,C. Desai,CCTNS_ALIAS_LOG,2024-01-01,2025-12-31,0.9,True
ALIAS_03380,P_03380,R. Gour,CCTNS_ALIAS_LOG,2024-01-01,2025-12-31,0.9,True
ALIAS_03381,P_03381,A. Guha,CCTNS_ALIAS_LOG,2024-01-01,2025-12-31,0.9,True
ALIAS_03382,P_03382,K. Chawla,CCTNS_ALIAS_LOG,2024-01-01,2025-12-31,0.9,True
ALIAS_03383,P_03383,A. Bhatti,CCTNS_ALIAS_LOG,2024-01-01,2025-12-31,0.9,True
ALIAS_03384,P_03384,J. Nath,CCTNS_ALIAS_LOG,2024-01-01,2025-12-31,0.9,True
ALIAS_03385,P_03385,V. Parikh,CCTNS_ALIAS_LOG,2024-01-01,2025-12-31,0.9,True
ALIAS_03386,P_03386,S. Swaminathan,CCTNS_ALIAS_LOG,2024-01-01,2025-12-31,0.9,True
ALIAS_03387,P_03387,K. Kala,CCTNS_ALIAS_LOG,2024-01-01,2025-12-31,0.9,True
ALIAS_03388,P_03388,U. Barad,CCTNS_ALIAS_LOG,2024-01-01,2025-12-31,0.9,True
ALIAS_03389,P_03389,Y. Chad,CCTNS_ALIAS_LOG,2024-01-01,2025-12-31,0.9,True
ALIAS_03390,P_03390,N. Muni,CCTNS_ALIAS_LOG,2024-01-01,2025-12-31,0.9,True
ALIAS_03391,P_03391,E. Khare,CCTNS_ALIAS_LOG,2024-01-01,2025-12-31,0.9,True
ALIAS_03392,P_03392,Q. Sem,CCTNS_ALIAS_LOG,2024-01-01,2025-12-31,0.9,True
ALIAS_03393,P_03393,O. Shan,CCTNS_ALIAS_LOG,2024-01-01,2025-12-31,0.9,True
ALIAS_03394,P_03394,Q. Bhakta,CCTNS_ALIAS_LOG,2024-01-01,2025-12-31,0.9,True
ALIAS_03395,P_03395,Z. Sachdev,CCTNS_ALIAS_LOG,2024-01-01,2025-12-31,0.9,True
ALIAS_03396,P_03396,B. Shah,CCTNS_ALIAS_LOG,2024-01-01,2025-12-31,0.9,True
ALIAS_03397,P_03397,J. Ghose,CCTNS_ALIAS_LOG,2024-01-01,2025-12-31,0.9,True
ALIAS_03398,P_03398,G. Bajaj,CCTNS_ALIAS_LOG,2024-01-01,2025-12-31,0.9,True
ALIAS_03399,P_03399,A. Mahajan,CCTNS_ALIAS_LOG,2024-01-01,2025-12-31,0.9,True
ALIAS_03400,P_03400,U. Butala,CCTNS_ALIAS_LOG,2024-01-01,2025-12-31,0.9,True
ALIAS_03401,P_03401,N. Narain,CCTNS_ALIAS_LOG,2024-01-01,2025-12-31,0.9,True
ALIAS_03402,P_03402,K. Sampath,CCTNS_ALIAS_LOG,2024-01-01,2025-12-31,0.9,True
ALIAS_03403,P_03403,V. Varghese,CCTNS_ALIAS_LOG,2024-01-01,2025-12-31,0.9,True
ALIAS_03404,P_03404,N. Dyal,CCTNS_ALIAS_LOG,2024-01-01,2025-12-31,0.9,True
ALIAS_03405,P_03405,G. Vaidya,CCTNS_ALIAS_LOG,2024-01-01,2025-12-31,0.9,True
ALIAS_03406,P_03406,K. Chatterjee,CCTNS_ALIAS_LOG,2024-01-01,2025-12-31,0.9,True
ALIAS_03407,P_03407,A. Korpal,CCTNS_ALIAS_LOG,2024-01-01,2025-12-31,0.9,True
ALIAS_03408,P_03408,U. Minhas,CCTNS_ALIAS_LOG,2024-01-01,2025-12-31,0.9,True
ALIAS_03409,P_03409,J. Bora,CCTNS_ALIAS_LOG,2024-01-01,2025-12-31,0.9,True
ALIAS_03410,P_03410,L. Apte,CCTNS_ALIAS_LOG,2024-01-01,2025-12-31,0.9,True
ALIAS_03411,P_03411,K. Goda,CCTNS_ALIAS_LOG,2024-01-01,2025-12-31,0.9,True
ALIAS_03412,P_03412,J. Iyengar,CCTNS_ALIAS_LOG,2024-01-01,2025-12-31,0.9,True
ALIAS_03413,P_03413,D. Mukhopadhyay,CCTNS_ALIAS_LOG,2024-01-01,2025-12-31,0.9,True
ALIAS_03414,P_03414,S. Sarna,CCTNS_ALIAS_LOG,2024-01-01,2025-12-31,0.9,True
ALIAS_03415,P_03415,H. Madan,CCTNS_ALIAS_LOG,2024-01-01,2025-12-31,0.9,True
ALIAS_03416,P_03416,I. Vaidya,CCTNS_ALIAS_LOG,2024-01-01,2025-12-31,0.9,True
ALIAS_03417,P_03417,D. Bath,CCTNS_ALIAS_LOG,2024-01-01,2025-12-31,0.9,True
ALIAS_03418,P_03418,K. Parmar,CCTNS_ALIAS_LOG,2024-01-01,2025-12-31,0.9,True
ALIAS_03419,P_03419,A. Korpal,CCTNS_ALIAS_LOG,2024-01-01,2025-12-31,0.9,True
ALIAS_03420,P_03420,L. Wali,CCTNS_ALIAS_LOG,2024-01-01,2025-12-31,0.9,True
ALIAS_03421,P_03421,J. Patla,CCTNS_ALIAS_LOG,2024-01-01,2025-12-31,0.9,True
ALIAS_03422,P_03422,L. Bail,CCTNS_ALIAS_LOG,2024-01-01,2025-12-31,0.9,True
ALIAS_03423,P_03423,Z. Pandya,CCTNS_ALIAS_LOG,2024-01-01,2025-12-31,0.9,True
ALIAS_03424,P_03424,L. Krishnan,CCTNS_ALIAS_LOG,2024-01-01,2025-12-31,0.9,True
ALIAS_03425,P_03425,H. Sood,CCTNS_ALIAS_LOG,2024-01-01,2025-12-31,0.9,True
ALIAS_03426,P_03426,V. Mishra,CCTNS_ALIAS_LOG,2024-01-01,2025-12-31,0.9,True
ALIAS_03427,P_03427,N. Kibe,CCTNS_ALIAS_LOG,2024-01-01,2025-12-31,0.9,True
ALIAS_03428,P_03428,G. Mohan,CCTNS_ALIAS_LOG,2024-01-01,2025-12-31,0.9,True
ALIAS_03429,P_03429,R. Chopra,CCTNS_ALIAS_LOG,2024-01-01,2025-12-31,0.9,True
ALIAS_03430,P_03430,A. Edwin,CCTNS_ALIAS_LOG,2024-01-01,2025-12-31,0.9,True
ALIAS_03431,P_03431,N. Madan,CCTNS_ALIAS_LOG,2024-01-01,2025-12-31,0.9,True
ALIAS_03432,P_03432,H. Buch,CCTNS_ALIAS_LOG,2024-01-01,2025-12-31,0.9,True
ALIAS_03433,P_03433,I. Ahuja,CCTNS_ALIAS_LOG,2024-01-01,2025-12-31,0.9,True
ALIAS_03434,P_03434,O. Vora,CCTNS_ALIAS_LOG,2024-01-01,2025-12-31,0.9,True
ALIAS_03435,P_03435,S. Nadkarni,CCTNS_ALIAS_LOG,2024-01-01,2025-12-31,0.9,True
ALIAS_03436,P_03436,O. Grover,CCTNS_ALIAS_LOG,2024-01-01,2025-12-31,0.9,True
ALIAS_03437,P_03437,R. Gandhi,CCTNS_ALIAS_LOG,2024-01-01,2025-12-31,0.9,True
ALIAS_03438,P_03438,T. Taneja,CCTNS_ALIAS_LOG,2024-01-01,2025-12-31,0.9,True
ALIAS_03439,P_03439,P. Agrawal,CCTNS_ALIAS_LOG,2024-01-01,2025-12-31,0.9,True
ALIAS_03440,P_03440,S. Kaul,CCTNS_ALIAS_LOG,2024-01-01,2025-12-31,0.9,True
ALIAS_03441,P_03441,F. Mukhopadhyay,CCTNS_ALIAS_LOG,2024-01-01,2025-12-31,0.9,True
ALIAS_03442,P_03442,N. Badami,CCTNS_ALIAS_LOG,2024-01-01,2025-12-31,0.9,True
ALIAS_03443,P_03443,N. Dara,CCTNS_ALIAS_LOG,2024-01-01,2025-12-31,0.9,True
ALIAS_03444,P_03444,K. Keer,CCTNS_ALIAS_LOG,2024-01-01,2025-12-31,0.9,True
ALIAS_03445,P_03445,I. Sharma,CCTNS_ALIAS_LOG,2024-01-01,2025-12-31,0.9,True
ALIAS_03446,P_03446,R. Aggarwal,CCTNS_ALIAS_LOG,2024-01-01,2025-12-31,0.9,True
ALIAS_03447,P_03447,T. Bajwa,CCTNS_ALIAS_LOG,2024-01-01,2025-12-31,0.9,True
ALIAS_03448,P_03448,H. Nigam,CCTNS_ALIAS_LOG,2024-01-01,2025-12-31,0.9,True
ALIAS_03449,P_03449,C. Sarma,CCTNS_ALIAS_LOG,2024-01-01,2025-12-31,0.9,True
ALIAS_03450,P_03450,S. Gokhale,CCTNS_ALIAS_LOG,2024-01-01,2025-12-31,0.9,True
ALIAS_03451,P_03451,B. Morar,CCTNS_ALIAS_LOG,2024-01-01,2025-12-31,0.9,True
ALIAS_03452,P_03452,V. Raju,CCTNS_ALIAS_LOG,2024-01-01,2025-12-31,0.9,True
ALIAS_03453,P_03453,P. Purohit,CCTNS_ALIAS_LOG,2024-01-01,2025-12-31,0.9,True
ALIAS_03454,P_03454,D. Sekhon,CCTNS_ALIAS_LOG,2024-01-01,2025-12-31,0.9,True
ALIAS_03455,P_03455,P. Mann,CCTNS_ALIAS_LOG,2024-01-01,2025-12-31,0.9,True
ALIAS_03456,P_03456,T. Sha,CCTNS_ALIAS_LOG,2024-01-01,2025-12-31,0.9,True
ALIAS_03457,P_03457,A. Parekh,CCTNS_ALIAS_LOG,2024-01-01,2025-12-31,0.9,True
ALIAS_03458,P_03458,B. Baral,CCTNS_ALIAS_LOG,2024-01-01,2025-12-31,0.9,True
ALIAS_03459,P_03459,M. Gokhale,CCTNS_ALIAS_LOG,2024-01-01,2025-12-31,0.9,True
ALIAS_03460,P_03460,W. Dalal,CCTNS_ALIAS_LOG,2024-01-01,2025-12-31,0.9,True
ALIAS_03461,P_03461,A. Bala,CCTNS_ALIAS_LOG,2024-01-01,2025-12-31,0.9,True
ALIAS_03462,P_03462,D. Golla,CCTNS_ALIAS_LOG,2024-01-01,2025-12-31,0.9,True
ALIAS_03463,P_03463,G. Swaminathan,CCTNS_ALIAS_LOG,2024-01-01,2025-12-31,0.9,True
ALIAS_03464,P_03464,N. Nigam,CCTNS_ALIAS_LOG,2024-01-01,2025-12-31,0.9,True
ALIAS_03465,P_03465,A. Tara,CCTNS_ALIAS_LOG,2024-01-01,2025-12-31,0.9,True
ALIAS_03466,P_03466,W. Kota,CCTNS_ALIAS_LOG,2024-01-01,2025-12-31,0.9,True
ALIAS_03467,P_03467,R. Ram,CCTNS_ALIAS_LOG,2024-01-01,2025-12-31,0.9,True
ALIAS_03468,P_03468,V. Suri,CCTNS_ALIAS_LOG,2024-01-01,2025-12-31,0.9,True
ALIAS_03469,P_03469,B. Zacharia,CCTNS_ALIAS_LOG,2024-01-01,2025-12-31,0.9,True
ALIAS_03470,P_03470,D. Krishna,CCTNS_ALIAS_LOG,2024-01-01,2025-12-31,0.9,True
ALIAS_03471,P_03471,F. Dyal,CCTNS_ALIAS_LOG,2024-01-01,2025-12-31,0.9,True
ALIAS_03472,P_03472,A. Shenoy,CCTNS_ALIAS_LOG,2024-01-01,2025-12-31,0.9,True
ALIAS_03473,P_03473,O. Setty,CCTNS_ALIAS_LOG,2024-01-01,2025-12-31,0.9,True
ALIAS_03474,P_03474,A. Minhas,CCTNS_ALIAS_LOG,2024-01-01,2025-12-31,0.9,True
ALIAS_03475,P_03475,K. Sarraf,CCTNS_ALIAS_LOG,2024-01-01,2025-12-31,0.9,True
ALIAS_03476,P_03476,V. Ramesh,CCTNS_ALIAS_LOG,2024-01-01,2025-12-31,0.9,True
ALIAS_03477,P_03477,R. Mukhopadhyay,CCTNS_ALIAS_LOG,2024-01-01,2025-12-31,0.9,True
ALIAS_03478,P_03478,K. Thaker,CCTNS_ALIAS_LOG,2024-01-01,2025-12-31,0.9,True
ALIAS_03479,P_03479,A. Sankar,CCTNS_ALIAS_LOG,2024-01-01,2025-12-31,0.9,True
ALIAS_03480,P_03480,V. Vora,CCTNS_ALIAS_LOG,2024-01-01,2025-12-31,0.9,True
ALIAS_03481,P_03481,R. Jain,CCTNS_ALIAS_LOG,2024-01-01,2025-12-31,0.9,True
ALIAS_03482,P_03482,R. Khare,CCTNS_ALIAS_LOG,2024-01-01,2025-12-31,0.9,True
ALIAS_03483,P_03483,I. Krishnamurthy,CCTNS_ALIAS_LOG,2024-01-01,2025-12-31,0.9,True
ALIAS_03484,P_03484,K. Mann,CCTNS_ALIAS_LOG,2024-01-01,2025-12-31,0.9,True
ALIAS_03485,P_03485,T. Kulkarni,CCTNS_ALIAS_LOG,2024-01-01,2025-12-31,0.9,True
ALIAS_03486,P_03486,G. Khurana,CCTNS_ALIAS_LOG,2024-01-01,2025-12-31,0.9,True
ALIAS_03487,P_03487,I. Yogi,CCTNS_ALIAS_LOG,2024-01-01,2025-12-31,0.9,True
ALIAS_03488,P_03488,L. Batra,CCTNS_ALIAS_LOG,2024-01-01,2025-12-31,0.9,True
ALIAS_03489,P_03489,U. Sama,CCTNS_ALIAS_LOG,2024-01-01,2025-12-31,0.9,True
ALIAS_03490,P_03490,J. Sundaram,CCTNS_ALIAS_LOG,2024-01-01,2025-12-31,0.9,True
ALIAS_03491,P_03491,A. Deep,CCTNS_ALIAS_LOG,2024-01-01,2025-12-31,0.9,True
ALIAS_03492,P_03492,N. Chaudhuri,CCTNS_ALIAS_LOG,2024-01-01,2025-12-31,0.9,True
ALIAS_03493,P_03493,L. Garg,CCTNS_ALIAS_LOG,2024-01-01,2025-12-31,0.9,True
ALIAS_03494,P_03494,G. Sandal,CCTNS_ALIAS_LOG,2024-01-01,2025-12-31,0.9,True
ALIAS_03495,P_03495,R. Deep,CCTNS_ALIAS_LOG,2024-01-01,2025-12-31,0.9,True
ALIAS_03496,P_03496,W. Bera,CCTNS_ALIAS_LOG,2024-01-01,2025-12-31,0.9,True
ALIAS_03497,P_03497,N. Bhat,CCTNS_ALIAS_LOG,2024-01-01,2025-12-31,0.9,True
ALIAS_03498,P_03498,A. Kala,CCTNS_ALIAS_LOG,2024-01-01,2025-12-31,0.9,True
ALIAS_03499,P_03499,A. Madan,CCTNS_ALIAS_LOG,2024-01-01,2025-12-31,0.9,True
ALIAS_03500,P_03500,G. Ghosh,CCTNS_ALIAS_LOG,2024-01-01,2025-12-31,0.9,True
ALIAS_03501,P_03501,H. Kurian,CCTNS_ALIAS_LOG,2024-01-01,2025-12-31,0.9,True
ALIAS_03502,P_03502,G. Nagi,CCTNS_ALIAS_LOG,2024-01-01,2025-12-31,0.9,True
ALIAS_03503,P_03503,P. Cherian,CCTNS_ALIAS_LOG,2024-01-01,2025-12-31,0.9,True
ALIAS_03504,P_03504,C. Dewan,CCTNS_ALIAS_LOG,2024-01-01,2025-12-31,0.9,True
ALIAS_03505,P_03505,R. Dugar,CCTNS_ALIAS_LOG,2024-01-01,2025-12-31,0.9,True
ALIAS_03506,P_03506,R. Kale,CCTNS_ALIAS_LOG,2024-01-01,2025-12-31,0.9,True
ALIAS_03507,P_03507,R. Pal,CCTNS_ALIAS_LOG,2024-01-01,2025-12-31,0.9,True
ALIAS_03508,P_03508,O. Grover,CCTNS_ALIAS_LOG,2024-01-01,2025-12-31,0.9,True
ALIAS_03509,P_03509,R. Ramesh,CCTNS_ALIAS_LOG,2024-01-01,2025-12-31,0.9,True
ALIAS_03510,P_03510,O. Chander,CCTNS_ALIAS_LOG,2024-01-01,2025-12-31,0.9,True
ALIAS_03511,P_03511,M. Tella,CCTNS_ALIAS_LOG,2024-01-01,2025-12-31,0.9,True
ALIAS_03512,P_03512,V. Cherian,CCTNS_ALIAS_LOG,2024-01-01,2025-12-31,0.9,True
ALIAS_03513,P_03513,C. Bassi,CCTNS_ALIAS_LOG,2024-01-01,2025-12-31,0.9,True
ALIAS_03514,P_03514,V. Sehgal,CCTNS_ALIAS_LOG,2024-01-01,2025-12-31,0.9,True
ALIAS_03515,P_03515,N. More,CCTNS_ALIAS_LOG,2024-01-01,2025-12-31,0.9,True
ALIAS_03516,P_03516,Q. Mangat,CCTNS_ALIAS_LOG,2024-01-01,2025-12-31,0.9,True
ALIAS_03517,P_03517,G. Dara,CCTNS_ALIAS_LOG,2024-01-01,2025-12-31,0.9,True
ALIAS_03518,P_03518,H. Tata,CCTNS_ALIAS_LOG,2024-01-01,2025-12-31,0.9,True
ALIAS_03519,P_03519,A. Barman,CCTNS_ALIAS_LOG,2024-01-01,2025-12-31,0.9,True
ALIAS_03520,P_03520,Z. Kunda,CCTNS_ALIAS_LOG,2024-01-01,2025-12-31,0.9,True
ALIAS_03521,P_03521,A. Nigam,CCTNS_ALIAS_LOG,2024-01-01,2025-12-31,0.9,True
ALIAS_03522,P_03522,O. Bath,CCTNS_ALIAS_LOG,2024-01-01,2025-12-31,0.9,True
ALIAS_03523,P_03523,Q. Sodhi,CCTNS_ALIAS_LOG,2024-01-01,2025-12-31,0.9,True
ALIAS_03524,P_03524,A. Iyer,CCTNS_ALIAS_LOG,2024-01-01,2025-12-31,0.9,True
ALIAS_03525,P_03525,B. Chahal,CCTNS_ALIAS_LOG,2024-01-01,2025-12-31,0.9,True
ALIAS_03526,P_03526,R. Narasimhan,CCTNS_ALIAS_LOG,2024-01-01,2025-12-31,0.9,True
ALIAS_03527,P_03527,N. Shankar,CCTNS_ALIAS_LOG,2024-01-01,2025-12-31,0.9,True
ALIAS_03528,P_03528,R. Ramanathan,CCTNS_ALIAS_LOG,2024-01-01,2025-12-31,0.9,True
ALIAS_03529,P_03529,S. Vasa,CCTNS_ALIAS_LOG,2024-01-01,2025-12-31,0.9,True
ALIAS_03530,P_03530,G. Sane,CCTNS_ALIAS_LOG,2024-01-01,2025-12-31,0.9,True
ALIAS_03531,P_03531,L. Narang,CCTNS_ALIAS_LOG,2024-01-01,2025-12-31,0.9,True
ALIAS_03532,P_03532,U. Bhakta,CCTNS_ALIAS_LOG,2024-01-01,2025-12-31,0.9,True
ALIAS_03533,P_03533,M. Cheema,CCTNS_ALIAS_LOG,2024-01-01,2025-12-31,0.9,True
ALIAS_03534,P_03534,Y. Randhawa,CCTNS_ALIAS_LOG,2024-01-01,2025-12-31,0.9,True
ALIAS_03535,P_03535,Z. Kumar,CCTNS_ALIAS_LOG,2024-01-01,2025-12-31,0.9,True
ALIAS_03536,P_03536,G. Karpe,CCTNS_ALIAS_LOG,2024-01-01,2025-12-31,0.9,True
ALIAS_03537,P_03537,A. Dara,CCTNS_ALIAS_LOG,2024-01-01,2025-12-31,0.9,True
ALIAS_03538,P_03538,W. Tak,CCTNS_ALIAS_LOG,2024-01-01,2025-12-31,0.9,True
ALIAS_03539,P_03539,L. Kale,CCTNS_ALIAS_LOG,2024-01-01,2025-12-31,0.9,True
ALIAS_03540,P_03540,H. Patla,CCTNS_ALIAS_LOG,2024-01-01,2025-12-31,0.9,True
ALIAS_03541,P_03541,A. Goel,CCTNS_ALIAS_LOG,2024-01-01,2025-12-31,0.9,True
ALIAS_03542,P_03542,V. Grover,CCTNS_ALIAS_LOG,2024-01-01,2025-12-31,0.9,True
ALIAS_03543,P_03543,T. Sunder,CCTNS_ALIAS_LOG,2024-01-01,2025-12-31,0.9,True
ALIAS_03544,P_03544,K. Oommen,CCTNS_ALIAS_LOG,2024-01-01,2025-12-31,0.9,True
ALIAS_03545,P_03545,Y. Srivastava,CCTNS_ALIAS_LOG,2024-01-01,2025-12-31,0.9,True
ALIAS_03546,P_03546,I. Shroff,CCTNS_ALIAS_LOG,2024-01-01,2025-12-31,0.9,True
ALIAS_03547,P_03547,B. Kumar,CCTNS_ALIAS_LOG,2024-01-01,2025-12-31,0.9,True
ALIAS_03548,P_03548,P. Jayaraman,CCTNS_ALIAS_LOG,2024-01-01,2025-12-31,0.9,True
ALIAS_03549,P_03549,A. Borra,CCTNS_ALIAS_LOG,2024-01-01,2025-12-31,0.9,True
ALIAS_03550,P_03550,N. Chakrabarti,CCTNS_ALIAS_LOG,2024-01-01,2025-12-31,0.9,True
ALIAS_03551,P_03551,T. Ganesh,CCTNS_ALIAS_LOG,2024-01-01,2025-12-31,0.9,True
ALIAS_03552,P_03552,R. Sidhu,CCTNS_ALIAS_LOG,2024-01-01,2025-12-31,0.9,True
ALIAS_03553,P_03553,A. Gara,CCTNS_ALIAS_LOG,2024-01-01,2025-12-31,0.9,True
ALIAS_03554,P_03554,V. Nigam,CCTNS_ALIAS_LOG,2024-01-01,2025-12-31,0.9,True
ALIAS_03555,P_03555,F. Bhat,CCTNS_ALIAS_LOG,2024-01-01,2025-12-31,0.9,True
ALIAS_03556,P_03556,Y. Nagarajan,CCTNS_ALIAS_LOG,2024-01-01,2025-12-31,0.9,True
ALIAS_03557,P_03557,W. Thaman,CCTNS_ALIAS_LOG,2024-01-01,2025-12-31,0.9,True
ALIAS_03558,P_03558,A. Sengupta,CCTNS_ALIAS_LOG,2024-01-01,2025-12-31,0.9,True
ALIAS_03559,P_03559,F. Tank,CCTNS_ALIAS_LOG,2024-01-01,2025-12-31,0.9,True
ALIAS_03560,P_03560,A. Dalal,CCTNS_ALIAS_LOG,2024-01-01,2025-12-31,0.9,True
ALIAS_03561,P_03561,A. Bala,CCTNS_ALIAS_LOG,2024-01-01,2025-12-31,0.9,True
ALIAS_03562,P_03562,A. Gola,CCTNS_ALIAS_LOG,2024-01-01,2025-12-31,0.9,True
ALIAS_03563,P_03563,V. Brahmbhatt,CCTNS_ALIAS_LOG,2024-01-01,2025-12-31,0.9,True
ALIAS_03564,P_03564,Y. Ravi,CCTNS_ALIAS_LOG,2024-01-01,2025-12-31,0.9,True
ALIAS_03565,P_03565,C. Buch,CCTNS_ALIAS_LOG,2024-01-01,2025-12-31,0.9,True
ALIAS_03566,P_03566,N. Tata,CCTNS_ALIAS_LOG,2024-01-01,2025-12-31,0.9,True
ALIAS_03567,P_03567,A. Rastogi,CCTNS_ALIAS_LOG,2024-01-01,2025-12-31,0.9,True
ALIAS_03568,P_03568,P. Mohan,CCTNS_ALIAS_LOG,2024-01-01,2025-12-31,0.9,True
ALIAS_03569,P_03569,A. Krishnamurthy,CCTNS_ALIAS_LOG,2024-01-01,2025-12-31,0.9,True
ALIAS_03570,P_03570,L. Naidu,CCTNS_ALIAS_LOG,2024-01-01,2025-12-31,0.9,True
ALIAS_03571,P_03571,U. Keer,CCTNS_ALIAS_LOG,2024-01-01,2025-12-31,0.9,True
ALIAS_03572,P_03572,H. Sodhi,CCTNS_ALIAS_LOG,2024-01-01,2025-12-31,0.9,True
ALIAS_03573,P_03573,R. Wadhwa,CCTNS_ALIAS_LOG,2024-01-01,2025-12-31,0.9,True
ALIAS_03574,P_03574,Y. Kaul,CCTNS_ALIAS_LOG,2024-01-01,2025-12-31,0.9,True
ALIAS_03575,P_03575,N. Ganesan,CCTNS_ALIAS_LOG,2024-01-01,2025-12-31,0.9,True
ALIAS_03576,P_03576,N. Bhalla,CCTNS_ALIAS_LOG,2024-01-01,2025-12-31,0.9,True
ALIAS_03577,P_03577,A. Deol,CCTNS_ALIAS_LOG,2024-01-01,2025-12-31,0.9,True
ALIAS_03578,P_03578,S. Rattan,CCTNS_ALIAS_LOG,2024-01-01,2025-12-31,0.9,True
ALIAS_03579,P_03579,B. Majumdar,CCTNS_ALIAS_LOG,2024-01-01,2025-12-31,0.9,True
ALIAS_03580,P_03580,M. Chad,CCTNS_ALIAS_LOG,2024-01-01,2025-12-31,0.9,True
ALIAS_03581,P_03581,G. Sridhar,CCTNS_ALIAS_LOG,2024-01-01,2025-12-31,0.9,True
ALIAS_03582,P_03582,W. Tiwari,CCTNS_ALIAS_LOG,2024-01-01,2025-12-31,0.9,True
ALIAS_03583,P_03583,V. Ghose,CCTNS_ALIAS_LOG,2024-01-01,2025-12-31,0.9,True
ALIAS_03584,P_03584,O. Kulkarni,CCTNS_ALIAS_LOG,2024-01-01,2025-12-31,0.9,True
ALIAS_03585,P_03585,K. Dani,CCTNS_ALIAS_LOG,2024-01-01,2025-12-31,0.9,True
ALIAS_03586,P_03586,F. Wadhwa,CCTNS_ALIAS_LOG,2024-01-01,2025-12-31,0.9,True
ALIAS_03587,P_03587,U. Garg,CCTNS_ALIAS_LOG,2024-01-01,2025-12-31,0.9,True
ALIAS_03588,P_03588,C. Khare,CCTNS_ALIAS_LOG,2024-01-01,2025-12-31,0.9,True
ALIAS_03589,P_03589,A. Sandal,CCTNS_ALIAS_LOG,2024-01-01,2025-12-31,0.9,True
ALIAS_03590,P_03590,S. More,CCTNS_ALIAS_LOG,2024-01-01,2025-12-31,0.9,True
ALIAS_03591,P_03591,A. Samra,CCTNS_ALIAS_LOG,2024-01-01,2025-12-31,0.9,True
ALIAS_03592,P_03592,H. Gala,CCTNS_ALIAS_LOG,2024-01-01,2025-12-31,0.9,True
ALIAS_03593,P_03593,C. Grover,CCTNS_ALIAS_LOG,2024-01-01,2025-12-31,0.9,True
ALIAS_03594,P_03594,O. Bhasin,CCTNS_ALIAS_LOG,2024-01-01,2025-12-31,0.9,True
ALIAS_03595,P_03595,B. Shere,CCTNS_ALIAS_LOG,2024-01-01,2025-12-31,0.9,True
ALIAS_03596,P_03596,E. Mangal,CCTNS_ALIAS_LOG,2024-01-01,2025-12-31,0.9,True
ALIAS_03597,P_03597,U. Suresh,CCTNS_ALIAS_LOG,2024-01-01,2025-12-31,0.9,True
ALIAS_03598,P_03598,A. Shan,CCTNS_ALIAS_LOG,2024-01-01,2025-12-31,0.9,True
ALIAS_03599,P_03599,V. Balakrishnan,CCTNS_ALIAS_LOG,2024-01-01,2025-12-31,0.9,True
ALIAS_03600,P_03600,M. Sawhney,CCTNS_ALIAS_LOG,2024-01-01,2025-12-31,0.9,True
ALIAS_03601,P_03601,A. Wason,CCTNS_ALIAS_LOG,2024-01-01,2025-12-31,0.9,True
ALIAS_03602,P_03602,R. Bal,CCTNS_ALIAS_LOG,2024-01-01,2025-12-31,0.9,True
ALIAS_03603,P_03603,A. Saini,CCTNS_ALIAS_LOG,2024-01-01,2025-12-31,0.9,True
ALIAS_03604,P_03604,F. Garg,CCTNS_ALIAS_LOG,2024-01-01,2025-12-31,0.9,True
ALIAS_03605,P_03605,L. Mukhopadhyay,CCTNS_ALIAS_LOG,2024-01-01,2025-12-31,0.9,True
ALIAS_03606,P_03606,Y. Palla,CCTNS_ALIAS_LOG,2024-01-01,2025-12-31,0.9,True
ALIAS_03607,P_03607,Y. Singhal,CCTNS_ALIAS_LOG,2024-01-01,2025-12-31,0.9,True
ALIAS_03608,P_03608,T. Kapoor,CCTNS_ALIAS_LOG,2024-01-01,2025-12-31,0.9,True
ALIAS_03609,P_03609,B. Saini,CCTNS_ALIAS_LOG,2024-01-01,2025-12-31,0.9,True
ALIAS_03610,P_03610,A. Sangha,CCTNS_ALIAS_LOG,2024-01-01,2025-12-31,0.9,True
ALIAS_03611,P_03611,D. Kapur,CCTNS_ALIAS_LOG,2024-01-01,2025-12-31,0.9,True
ALIAS_03612,P_03612,G. Oommen,CCTNS_ALIAS_LOG,2024-01-01,2025-12-31,0.9,True
ALIAS_03613,P_03613,E. Kant,CCTNS_ALIAS_LOG,2024-01-01,2025-12-31,0.9,True
ALIAS_03614,P_03614,O. Bobal,CCTNS_ALIAS_LOG,2024-01-01,2025-12-31,0.9,True
ALIAS_03615,P_03615,A. Rao,CCTNS_ALIAS_LOG,2024-01-01,2025-12-31,0.9,True
ALIAS_03616,P_03616,W. Gulati,CCTNS_ALIAS_LOG,2024-01-01,2025-12-31,0.9,True
ALIAS_03617,P_03617,B. Chaudry,CCTNS_ALIAS_LOG,2024-01-01,2025-12-31,0.9,True
ALIAS_03618,P_03618,Y. Prakash,CCTNS_ALIAS_LOG,2024-01-01,2025-12-31,0.9,True
ALIAS_03619,P_03619,P. Babu,CCTNS_ALIAS_LOG,2024-01-01,2025-12-31,0.9,True
ALIAS_03620,P_03620,A. Khosla,CCTNS_ALIAS_LOG,2024-01-01,2025-12-31,0.9,True
ALIAS_03621,P_03621,T. Purohit,CCTNS_ALIAS_LOG,2024-01-01,2025-12-31,0.9,True
ALIAS_03622,P_03622,Z. Thaman,CCTNS_ALIAS_LOG,2024-01-01,2025-12-31,0.9,True
ALIAS_03623,P_03623,C. Dey,CCTNS_ALIAS_LOG,2024-01-01,2025-12-31,0.9,True
ALIAS_03624,P_03624,K. Handa,CCTNS_ALIAS_LOG,2024-01-01,2025-12-31,0.9,True
ALIAS_03625,P_03625,A. Shetty,CCTNS_ALIAS_LOG,2024-01-01,2025-12-31,0.9,True
ALIAS_03626,P_03626,A. Rajan,CCTNS_ALIAS_LOG,2024-01-01,2025-12-31,0.9,True
ALIAS_03627,P_03627,N. Chhabra,CCTNS_ALIAS_LOG,2024-01-01,2025-12-31,0.9,True
ALIAS_03628,P_03628,C. Ghosh,CCTNS_ALIAS_LOG,2024-01-01,2025-12-31,0.9,True
ALIAS_03629,P_03629,O. Bandi,CCTNS_ALIAS_LOG,2024-01-01,2025-12-31,0.9,True
ALIAS_03630,P_03630,K. Golla,CCTNS_ALIAS_LOG,2024-01-01,2025-12-31,0.9,True
ALIAS_03631,P_03631,L. Nath,CCTNS_ALIAS_LOG,2024-01-01,2025-12-31,0.9,True
ALIAS_03632,P_03632,Z. Nagy,CCTNS_ALIAS_LOG,2024-01-01,2025-12-31,0.9,True
ALIAS_03633,P_03633,N. Vora,CCTNS_ALIAS_LOG,2024-01-01,2025-12-31,0.9,True
ALIAS_03634,P_03634,V. Pal,CCTNS_ALIAS_LOG,2024-01-01,2025-12-31,0.9,True
ALIAS_03635,P_03635,L. Oza,CCTNS_ALIAS_LOG,2024-01-01,2025-12-31,0.9,True
ALIAS_03636,P_03636,W. Khurana,CCTNS_ALIAS_LOG,2024-01-01,2025-12-31,0.9,True
ALIAS_03637,P_03637,A. Sura,CCTNS_ALIAS_LOG,2024-01-01,2025-12-31,0.9,True
ALIAS_03638,P_03638,V. Pai,CCTNS_ALIAS_LOG,2024-01-01,2025-12-31,0.9,True
ALIAS_03639,P_03639,Y. Nigam,CCTNS_ALIAS_LOG,2024-01-01,2025-12-31,0.9,True
ALIAS_03640,P_03640,U. Choudhary,CCTNS_ALIAS_LOG,2024-01-01,2025-12-31,0.9,True
ALIAS_03641,P_03641,C. Khatri,CCTNS_ALIAS_LOG,2024-01-01,2025-12-31,0.9,True
ALIAS_03642,P_03642,D. Dar,CCTNS_ALIAS_LOG,2024-01-01,2025-12-31,0.9,True
ALIAS_03643,P_03643,R. Deep,CCTNS_ALIAS_LOG,2024-01-01,2025-12-31,0.9,True
ALIAS_03644,P_03644,K. Bumb,CCTNS_ALIAS_LOG,2024-01-01,2025-12-31,0.9,True
ALIAS_03645,P_03645,V. Tripathi,CCTNS_ALIAS_LOG,2024-01-01,2025-12-31,0.9,True
ALIAS_03646,P_03646,W. Behl,CCTNS_ALIAS_LOG,2024-01-01,2025-12-31,0.9,True
ALIAS_03647,P_03647,P. Krishna,CCTNS_ALIAS_LOG,2024-01-01,2025-12-31,0.9,True
ALIAS_03648,P_03648,I. Sura,CCTNS_ALIAS_LOG,2024-01-01,2025-12-31,0.9,True
ALIAS_03649,P_03649,U. Badal,CCTNS_ALIAS_LOG,2024-01-01,2025-12-31,0.9,True
ALIAS_03650,P_03650,O. Hans,CCTNS_ALIAS_LOG,2024-01-01,2025-12-31,0.9,True
ALIAS_03651,P_03651,S. Prakash,CCTNS_ALIAS_LOG,2024-01-01,2025-12-31,0.9,True
ALIAS_03652,P_03652,A. Banik,CCTNS_ALIAS_LOG,2024-01-01,2025-12-31,0.9,True
ALIAS_03653,P_03653,O. Saxena,CCTNS_ALIAS_LOG,2024-01-01,2025-12-31,0.9,True
ALIAS_03654,P_03654,J. Varma,CCTNS_ALIAS_LOG,2024-01-01,2025-12-31,0.9,True
ALIAS_03655,P_03655,L. Bhavsar,CCTNS_ALIAS_LOG,2024-01-01,2025-12-31,0.9,True
ALIAS_03656,P_03656,A. Kadakia,CCTNS_ALIAS_LOG,2024-01-01,2025-12-31,0.9,True
ALIAS_03657,P_03657,P. Tripathi,CCTNS_ALIAS_LOG,2024-01-01,2025-12-31,0.9,True
ALIAS_03658,P_03658,G. Anne,CCTNS_ALIAS_LOG,2024-01-01,2025-12-31,0.9,True
ALIAS_03659,P_03659,V. Patel,CCTNS_ALIAS_LOG,2024-01-01,2025-12-31,0.9,True
ALIAS_03660,P_03660,F. Sachdeva,CCTNS_ALIAS_LOG,2024-01-01,2025-12-31,0.9,True
ALIAS_03661,P_03661,D. Shan,CCTNS_ALIAS_LOG,2024-01-01,2025-12-31,0.9,True
ALIAS_03662,P_03662,N. Tiwari,CCTNS_ALIAS_LOG,2024-01-01,2025-12-31,0.9,True
ALIAS_03663,P_03663,R. Taneja,CCTNS_ALIAS_LOG,2024-01-01,2025-12-31,0.9,True
ALIAS_03664,P_03664,O. Pal,CCTNS_ALIAS_LOG,2024-01-01,2025-12-31,0.9,True
ALIAS_03665,P_03665,A. Deep,CCTNS_ALIAS_LOG,2024-01-01,2025-12-31,0.9,True
ALIAS_03666,P_03666,T. Srinivasan,CCTNS_ALIAS_LOG,2024-01-01,2025-12-31,0.9,True
ALIAS_03667,P_03667,A. Bandi,CCTNS_ALIAS_LOG,2024-01-01,2025-12-31,0.9,True
ALIAS_03668,P_03668,J. Guha,CCTNS_ALIAS_LOG,2024-01-01,2025-12-31,0.9,True
ALIAS_03669,P_03669,O. Rajagopal,CCTNS_ALIAS_LOG,2024-01-01,2025-12-31,0.9,True
ALIAS_03670,P_03670,B. Sarma,CCTNS_ALIAS_LOG,2024-01-01,2025-12-31,0.9,True
ALIAS_03671,P_03671,N. Apte,CCTNS_ALIAS_LOG,2024-01-01,2025-12-31,0.9,True
ALIAS_03672,P_03672,R. Sawhney,CCTNS_ALIAS_LOG,2024-01-01,2025-12-31,0.9,True
ALIAS_03673,P_03673,V. Acharya,CCTNS_ALIAS_LOG,2024-01-01,2025-12-31,0.9,True
ALIAS_03674,P_03674,B. Hari,CCTNS_ALIAS_LOG,2024-01-01,2025-12-31,0.9,True
ALIAS_03675,P_03675,S. Kohli,CCTNS_ALIAS_LOG,2024-01-01,2025-12-31,0.9,True
ALIAS_03676,P_03676,P. Walia,CCTNS_ALIAS_LOG,2024-01-01,2025-12-31,0.9,True
ALIAS_03677,P_03677,N. Narayanan,CCTNS_ALIAS_LOG,2024-01-01,2025-12-31,0.9,True
ALIAS_03678,P_03678,A. Tandon,CCTNS_ALIAS_LOG,2024-01-01,2025-12-31,0.9,True
ALIAS_03679,P_03679,C. Raju,CCTNS_ALIAS_LOG,2024-01-01,2025-12-31,0.9,True
ALIAS_03680,P_03680,S. Kadakia,CCTNS_ALIAS_LOG,2024-01-01,2025-12-31,0.9,True
ALIAS_03681,P_03681,W. Mandal,CCTNS_ALIAS_LOG,2024-01-01,2025-12-31,0.9,True
ALIAS_03682,P_03682,S. Chhabra,CCTNS_ALIAS_LOG,2024-01-01,2025-12-31,0.9,True
ALIAS_03683,P_03683,I. Iyer,CCTNS_ALIAS_LOG,2024-01-01,2025-12-31,0.9,True
ALIAS_03684,P_03684,E. Chawla,CCTNS_ALIAS_LOG,2024-01-01,2025-12-31,0.9,True
ALIAS_03685,P_03685,B. Bhatnagar,CCTNS_ALIAS_LOG,2024-01-01,2025-12-31,0.9,True
ALIAS_03686,P_03686,Y. Sem,CCTNS_ALIAS_LOG,2024-01-01,2025-12-31,0.9,True
ALIAS_03687,P_03687,E. Jaggi,CCTNS_ALIAS_LOG,2024-01-01,2025-12-31,0.9,True
ALIAS_03688,P_03688,B. Mannan,CCTNS_ALIAS_LOG,2024-01-01,2025-12-31,0.9,True
ALIAS_03689,P_03689,S. Anand,CCTNS_ALIAS_LOG,2024-01-01,2025-12-31,0.9,True
ALIAS_03690,P_03690,J. Pall,CCTNS_ALIAS_LOG,2024-01-01,2025-12-31,0.9,True
ALIAS_03691,P_03691,F. Singhal,CCTNS_ALIAS_LOG,2024-01-01,2025-12-31,0.9,True
ALIAS_03692,P_03692,E. Deshpande,CCTNS_ALIAS_LOG,2024-01-01,2025-12-31,0.9,True
ALIAS_03693,P_03693,A. Bandi,CCTNS_ALIAS_LOG,2024-01-01,2025-12-31,0.9,True
ALIAS_03694,P_03694,R. Suresh,CCTNS_ALIAS_LOG,2024-01-01,2025-12-31,0.9,True
ALIAS_03695,P_03695,H. Shroff,CCTNS_ALIAS_LOG,2024-01-01,2025-12-31,0.9,True
ALIAS_03696,P_03696,J. Chandran,CCTNS_ALIAS_LOG,2024-01-01,2025-12-31,0.9,True
ALIAS_03697,P_03697,C. Vasa,CCTNS_ALIAS_LOG,2024-01-01,2025-12-31,0.9,True
ALIAS_03698,P_03698,H. Chauhan,CCTNS_ALIAS_LOG,2024-01-01,2025-12-31,0.9,True
ALIAS_03699,P_03699,T. Sangha,CCTNS_ALIAS_LOG,2024-01-01,2025-12-31,0.9,True
ALIAS_03700,P_03700,S. Thaman,CCTNS_ALIAS_LOG,2024-01-01,2025-12-31,0.9,True
ALIAS_03701,P_03701,E. Upadhyay,CCTNS_ALIAS_LOG,2024-01-01,2025-12-31,0.9,True
ALIAS_03702,P_03702,M. Konda,CCTNS_ALIAS_LOG,2024-01-01,2025-12-31,0.9,True
ALIAS_03703,P_03703,H. Bose,CCTNS_ALIAS_LOG,2024-01-01,2025-12-31,0.9,True
ALIAS_03704,P_03704,O. Luthra,CCTNS_ALIAS_LOG,2024-01-01,2025-12-31,0.9,True
ALIAS_03705,P_03705,T. Krishna,CCTNS_ALIAS_LOG,2024-01-01,2025-12-31,0.9,True
ALIAS_03706,P_03706,U. Sawhney,CCTNS_ALIAS_LOG,2024-01-01,2025-12-31,0.9,True
ALIAS_03707,P_03707,A. Chana,CCTNS_ALIAS_LOG,2024-01-01,2025-12-31,0.9,True
ALIAS_03708,P_03708,Z. Chandran,CCTNS_ALIAS_LOG,2024-01-01,2025-12-31,0.9,True
ALIAS_03709,P_03709,E. Yohannan,CCTNS_ALIAS_LOG,2024-01-01,2025-12-31,0.9,True
ALIAS_03710,P_03710,U. Bala,CCTNS_ALIAS_LOG,2024-01-01,2025-12-31,0.9,True
ALIAS_03711,P_03711,D. Sekhon,CCTNS_ALIAS_LOG,2024-01-01,2025-12-31,0.9,True
ALIAS_03712,P_03712,G. Hayer,CCTNS_ALIAS_LOG,2024-01-01,2025-12-31,0.9,True
ALIAS_03713,P_03713,L. Master,CCTNS_ALIAS_LOG,2024-01-01,2025-12-31,0.9,True
ALIAS_03714,P_03714,S. Bahri,CCTNS_ALIAS_LOG,2024-01-01,2025-12-31,0.9,True
ALIAS_03715,P_03715,T. Ramaswamy,CCTNS_ALIAS_LOG,2024-01-01,2025-12-31,0.9,True
ALIAS_03716,P_03716,B. Chauhan,CCTNS_ALIAS_LOG,2024-01-01,2025-12-31,0.9,True
ALIAS_03717,P_03717,C. Varma,CCTNS_ALIAS_LOG,2024-01-01,2025-12-31,0.9,True
ALIAS_03718,P_03718,W. Kumar,CCTNS_ALIAS_LOG,2024-01-01,2025-12-31,0.9,True
ALIAS_03719,P_03719,K. Sankar,CCTNS_ALIAS_LOG,2024-01-01,2025-12-31,0.9,True
ALIAS_03720,P_03720,G. Setty,CCTNS_ALIAS_LOG,2024-01-01,2025-12-31,0.9,True
ALIAS_03721,P_03721,P. Buch,CCTNS_ALIAS_LOG,2024-01-01,2025-12-31,0.9,True
ALIAS_03722,P_03722,A. Chawla,CCTNS_ALIAS_LOG,2024-01-01,2025-12-31,0.9,True
ALIAS_03723,P_03723,D. Mall,CCTNS_ALIAS_LOG,2024-01-01,2025-12-31,0.9,True
ALIAS_03724,P_03724,U. Kant,CCTNS_ALIAS_LOG,2024-01-01,2025-12-31,0.9,True
ALIAS_03725,P_03725,S. Vohra,CCTNS_ALIAS_LOG,2024-01-01,2025-12-31,0.9,True
ALIAS_03726,P_03726,A. Shetty,CCTNS_ALIAS_LOG,2024-01-01,2025-12-31,0.9,True
ALIAS_03727,P_03727,P. Saraf,CCTNS_ALIAS_LOG,2024-01-01,2025-12-31,0.9,True
ALIAS_03728,P_03728,J. Tata,CCTNS_ALIAS_LOG,2024-01-01,2025-12-31,0.9,True
ALIAS_03729,P_03729,O. Gandhi,CCTNS_ALIAS_LOG,2024-01-01,2025-12-31,0.9,True
ALIAS_03730,P_03730,P. Batta,CCTNS_ALIAS_LOG,2024-01-01,2025-12-31,0.9,True
ALIAS_03731,P_03731,N. Sahni,CCTNS_ALIAS_LOG,2024-01-01,2025-12-31,0.9,True
ALIAS_03732,P_03732,L. Mallick,CCTNS_ALIAS_LOG,2024-01-01,2025-12-31,0.9,True
ALIAS_03733,P_03733,O. Sur,CCTNS_ALIAS_LOG,2024-01-01,2025-12-31,0.9,True
ALIAS_03734,P_03734,C. Batta,CCTNS_ALIAS_LOG,2024-01-01,2025-12-31,0.9,True
ALIAS_03735,P_03735,I. Vohra,CCTNS_ALIAS_LOG,2024-01-01,2025-12-31,0.9,True
ALIAS_03736,P_03736,N. Korpal,CCTNS_ALIAS_LOG,2024-01-01,2025-12-31,0.9,True
ALIAS_03737,P_03737,H. Natt,CCTNS_ALIAS_LOG,2024-01-01,2025-12-31,0.9,True
ALIAS_03738,P_03738,H. Bhargava,CCTNS_ALIAS_LOG,2024-01-01,2025-12-31,0.9,True
ALIAS_03739,P_03739,E. Sinha,CCTNS_ALIAS_LOG,2024-01-01,2025-12-31,0.9,True
ALIAS_03740,P_03740,M. Wable,CCTNS_ALIAS_LOG,2024-01-01,2025-12-31,0.9,True
ALIAS_03741,P_03741,K. Ravel,CCTNS_ALIAS_LOG,2024-01-01,2025-12-31,0.9,True
ALIAS_03742,P_03742,B. Singhal,CCTNS_ALIAS_LOG,2024-01-01,2025-12-31,0.9,True
ALIAS_03743,P_03743,R. Varughese,CCTNS_ALIAS_LOG,2024-01-01,2025-12-31,0.9,True
ALIAS_03744,P_03744,T. Koshy,CCTNS_ALIAS_LOG,2024-01-01,2025-12-31,0.9,True
ALIAS_03745,P_03745,R. Prakash,CCTNS_ALIAS_LOG,2024-01-01,2025-12-31,0.9,True
ALIAS_03746,P_03746,H. Sane,CCTNS_ALIAS_LOG,2024-01-01,2025-12-31,0.9,True
ALIAS_03747,P_03747,A. Bhavsar,CCTNS_ALIAS_LOG,2024-01-01,2025-12-31,0.9,True
ALIAS_03748,P_03748,T. Apte,CCTNS_ALIAS_LOG,2024-01-01,2025-12-31,0.9,True
ALIAS_03749,P_03749,B. Vig,CCTNS_ALIAS_LOG,2024-01-01,2025-12-31,0.9,True
ALIAS_03750,P_03750,G. Chad,CCTNS_ALIAS_LOG,2024-01-01,2025-12-31,0.9,True
ALIAS_03751,P_03751,S. Sheth,CCTNS_ALIAS_LOG,2024-01-01,2025-12-31,0.9,True
ALIAS_03752,P_03752,D. Patla,CCTNS_ALIAS_LOG,2024-01-01,2025-12-31,0.9,True
ALIAS_03753,P_03753,S. Krishna,CCTNS_ALIAS_LOG,2024-01-01,2025-12-31,0.9,True
ALIAS_03754,P_03754,Z. Bahri,CCTNS_ALIAS_LOG,2024-01-01,2025-12-31,0.9,True
ALIAS_03755,P_03755,N. Chawla,CCTNS_ALIAS_LOG,2024-01-01,2025-12-31,0.9,True
ALIAS_03756,P_03756,E. Toor,CCTNS_ALIAS_LOG,2024-01-01,2025-12-31,0.9,True
ALIAS_03757,P_03757,A. Yogi,CCTNS_ALIAS_LOG,2024-01-01,2025-12-31,0.9,True
ALIAS_03758,P_03758,N. Bhavsar,CCTNS_ALIAS_LOG,2024-01-01,2025-12-31,0.9,True
ALIAS_03759,P_03759,N. Kuruvilla,CCTNS_ALIAS_LOG,2024-01-01,2025-12-31,0.9,True
ALIAS_03760,P_03760,G. Pillai,CCTNS_ALIAS_LOG,2024-01-01,2025-12-31,0.9,True
ALIAS_03761,P_03761,E. Pillay,CCTNS_ALIAS_LOG,2024-01-01,2025-12-31,0.9,True
ALIAS_03762,P_03762,G. Madan,CCTNS_ALIAS_LOG,2024-01-01,2025-12-31,0.9,True
ALIAS_03763,P_03763,C. Dixit,CCTNS_ALIAS_LOG,2024-01-01,2025-12-31,0.9,True
ALIAS_03764,P_03764,N. Viswanathan,CCTNS_ALIAS_LOG,2024-01-01,2025-12-31,0.9,True
ALIAS_03765,P_03765,A. Sunder,CCTNS_ALIAS_LOG,2024-01-01,2025-12-31,0.9,True
ALIAS_03766,P_03766,A. Sehgal,CCTNS_ALIAS_LOG,2024-01-01,2025-12-31,0.9,True
ALIAS_03767,P_03767,E. Guha,CCTNS_ALIAS_LOG,2024-01-01,2025-12-31,0.9,True
ALIAS_03768,P_03768,N. Agate,CCTNS_ALIAS_LOG,2024-01-01,2025-12-31,0.9,True
ALIAS_03769,P_03769,I. Purohit,CCTNS_ALIAS_LOG,2024-01-01,2025-12-31,0.9,True
ALIAS_03770,P_03770,W. Shroff,CCTNS_ALIAS_LOG,2024-01-01,2025-12-31,0.9,True
ALIAS_03771,P_03771,U. Chauhan,CCTNS_ALIAS_LOG,2024-01-01,2025-12-31,0.9,True
ALIAS_03772,P_03772,N. Bajwa,CCTNS_ALIAS_LOG,2024-01-01,2025-12-31,0.9,True
ALIAS_03773,P_03773,O. Sarma,CCTNS_ALIAS_LOG,2024-01-01,2025-12-31,0.9,True
ALIAS_03774,P_03774,Y. More,CCTNS_ALIAS_LOG,2024-01-01,2025-12-31,0.9,True
ALIAS_03775,P_03775,L. Sibal,CCTNS_ALIAS_LOG,2024-01-01,2025-12-31,0.9,True
ALIAS_03776,P_03776,I. Bali,CCTNS_ALIAS_LOG,2024-01-01,2025-12-31,0.9,True
ALIAS_03777,P_03777,G. Deshmukh,CCTNS_ALIAS_LOG,2024-01-01,2025-12-31,0.9,True
ALIAS_03778,P_03778,B. Agrawal,CCTNS_ALIAS_LOG,2024-01-01,2025-12-31,0.9,True
ALIAS_03779,P_03779,G. Kapur,CCTNS_ALIAS_LOG,2024-01-01,2025-12-31,0.9,True
ALIAS_03780,P_03780,Z. Balay,CCTNS_ALIAS_LOG,2024-01-01,2025-12-31,0.9,True
ALIAS_03781,P_03781,C. Parikh,CCTNS_ALIAS_LOG,2024-01-01,2025-12-31,0.9,True
ALIAS_03782,P_03782,A. Pall,CCTNS_ALIAS_LOG,2024-01-01,2025-12-31,0.9,True
ALIAS_03783,P_03783,W. Loke,CCTNS_ALIAS_LOG,2024-01-01,2025-12-31,0.9,True
ALIAS_03784,P_03784,E. Ranganathan,CCTNS_ALIAS_LOG,2024-01-01,2025-12-31,0.9,True
ALIAS_03785,P_03785,G. Pal,CCTNS_ALIAS_LOG,2024-01-01,2025-12-31,0.9,True
ALIAS_03786,P_03786,V. Verma,CCTNS_ALIAS_LOG,2024-01-01,2025-12-31,0.9,True
ALIAS_03787,P_03787,A. Krishnamurthy,CCTNS_ALIAS_LOG,2024-01-01,2025-12-31,0.9,True
ALIAS_03788,P_03788,A. Saha,CCTNS_ALIAS_LOG,2024-01-01,2025-12-31,0.9,True
ALIAS_03789,P_03789,G. Kothari,CCTNS_ALIAS_LOG,2024-01-01,2025-12-31,0.9,True
ALIAS_03790,P_03790,H. Madan,CCTNS_ALIAS_LOG,2024-01-01,2025-12-31,0.9,True
ALIAS_03791,P_03791,Z. Koshy,CCTNS_ALIAS_LOG,2024-01-01,2025-12-31,0.9,True
ALIAS_03792,P_03792,A. Atwal,CCTNS_ALIAS_LOG,2024-01-01,2025-12-31,0.9,True
ALIAS_03793,P_03793,J. Loyal,CCTNS_ALIAS_LOG,2024-01-01,2025-12-31,0.9,True
ALIAS_03794,P_03794,H. Puri,CCTNS_ALIAS_LOG,2024-01-01,2025-12-31,0.9,True
ALIAS_03795,P_03795,E. Chatterjee,CCTNS_ALIAS_LOG,2024-01-01,2025-12-31,0.9,True
ALIAS_03796,P_03796,Q. Sem,CCTNS_ALIAS_LOG,2024-01-01,2025-12-31,0.9,True
ALIAS_03797,P_03797,M. Dutt,CCTNS_ALIAS_LOG,2024-01-01,2025-12-31,0.9,True
ALIAS_03798,P_03798,F. Gera,CCTNS_ALIAS_LOG,2024-01-01,2025-12-31,0.9,True
ALIAS_03799,P_03799,K. Sahni,CCTNS_ALIAS_LOG,2024-01-01,2025-12-31,0.9,True
ALIAS_03800,P_03800,A. Mangal,CCTNS_ALIAS_LOG,2024-01-01,2025-12-31,0.9,True
ALIAS_03801,P_03801,H. Rao,CCTNS_ALIAS_LOG,2024-01-01,2025-12-31,0.9,True
ALIAS_03802,P_03802,K. Datta,CCTNS_ALIAS_LOG,2024-01-01,2025-12-31,0.9,True
ALIAS_03803,P_03803,A. Chandra,CCTNS_ALIAS_LOG,2024-01-01,2025-12-31,0.9,True
ALIAS_03804,P_03804,E. Ranganathan,CCTNS_ALIAS_LOG,2024-01-01,2025-12-31,0.9,True
ALIAS_03805,P_03805,Z. Kanda,CCTNS_ALIAS_LOG,2024-01-01,2025-12-31,0.9,True
ALIAS_03806,P_03806,O. Aurora,CCTNS_ALIAS_LOG,2024-01-01,2025-12-31,0.9,True
ALIAS_03807,P_03807,K. Sachdeva,CCTNS_ALIAS_LOG,2024-01-01,2025-12-31,0.9,True
ALIAS_03808,P_03808,F. Ghosh,CCTNS_ALIAS_LOG,2024-01-01,2025-12-31,0.9,True
ALIAS_03809,P_03809,U. Bali,CCTNS_ALIAS_LOG,2024-01-01,2025-12-31,0.9,True
ALIAS_03810,P_03810,K. Minhas,CCTNS_ALIAS_LOG,2024-01-01,2025-12-31,0.9,True
ALIAS_03811,P_03811,J. Kala,CCTNS_ALIAS_LOG,2024-01-01,2025-12-31,0.9,True
ALIAS_03812,P_03812,J. Wadhwa,CCTNS_ALIAS_LOG,2024-01-01,2025-12-31,0.9,True
ALIAS_03813,P_03813,U. Subramaniam,CCTNS_ALIAS_LOG,2024-01-01,2025-12-31,0.9,True
ALIAS_03814,P_03814,Y. Sidhu,CCTNS_ALIAS_LOG,2024-01-01,2025-12-31,0.9,True
ALIAS_03815,P_03815,T. Guha,CCTNS_ALIAS_LOG,2024-01-01,2025-12-31,0.9,True
ALIAS_03816,P_03816,A. Dave,CCTNS_ALIAS_LOG,2024-01-01,2025-12-31,0.9,True
ALIAS_03817,P_03817,J. Sehgal,CCTNS_ALIAS_LOG,2024-01-01,2025-12-31,0.9,True
ALIAS_03818,P_03818,H. Manda,CCTNS_ALIAS_LOG,2024-01-01,2025-12-31,0.9,True
ALIAS_03819,P_03819,V. Tiwari,CCTNS_ALIAS_LOG,2024-01-01,2025-12-31,0.9,True
ALIAS_03820,P_03820,Y. Mukhopadhyay,CCTNS_ALIAS_LOG,2024-01-01,2025-12-31,0.9,True
ALIAS_03821,P_03821,W. De,CCTNS_ALIAS_LOG,2024-01-01,2025-12-31,0.9,True
ALIAS_03822,P_03822,B. Sabharwal,CCTNS_ALIAS_LOG,2024-01-01,2025-12-31,0.9,True
ALIAS_03823,P_03823,T. Sachdeva,CCTNS_ALIAS_LOG,2024-01-01,2025-12-31,0.9,True
ALIAS_03824,P_03824,I. Nayak,CCTNS_ALIAS_LOG,2024-01-01,2025-12-31,0.9,True
ALIAS_03825,P_03825,T. Talwar,CCTNS_ALIAS_LOG,2024-01-01,2025-12-31,0.9,True
ALIAS_03826,P_03826,I. Master,CCTNS_ALIAS_LOG,2024-01-01,2025-12-31,0.9,True
ALIAS_03827,P_03827,J. Bajaj,CCTNS_ALIAS_LOG,2024-01-01,2025-12-31,0.9,True
ALIAS_03828,P_03828,Q. Nagarajan,CCTNS_ALIAS_LOG,2024-01-01,2025-12-31,0.9,True
ALIAS_03829,P_03829,B. Rao,CCTNS_ALIAS_LOG,2024-01-01,2025-12-31,0.9,True
ALIAS_03830,P_03830,Q. Mahajan,CCTNS_ALIAS_LOG,2024-01-01,2025-12-31,0.9,True
ALIAS_03831,P_03831,K. Mishra,CCTNS_ALIAS_LOG,2024-01-01,2025-12-31,0.9,True
ALIAS_03832,P_03832,G. Bhatt,CCTNS_ALIAS_LOG,2024-01-01,2025-12-31,0.9,True
ALIAS_03833,P_03833,U. Prakash,CCTNS_ALIAS_LOG,2024-01-01,2025-12-31,0.9,True
ALIAS_03834,P_03834,G. Wali,CCTNS_ALIAS_LOG,2024-01-01,2025-12-31,0.9,True
ALIAS_03835,P_03835,A. Agarwal,CCTNS_ALIAS_LOG,2024-01-01,2025-12-31,0.9,True
ALIAS_03836,P_03836,V. Lalla,CCTNS_ALIAS_LOG,2024-01-01,2025-12-31,0.9,True
ALIAS_03837,P_03837,J. Garde,CCTNS_ALIAS_LOG,2024-01-01,2025-12-31,0.9,True
ALIAS_03838,P_03838,T. Dube,CCTNS_ALIAS_LOG,2024-01-01,2025-12-31,0.9,True
ALIAS_03839,P_03839,S. Raghavan,CCTNS_ALIAS_LOG,2024-01-01,2025-12-31,0.9,True
ALIAS_03840,P_03840,X. Goda,CCTNS_ALIAS_LOG,2024-01-01,2025-12-31,0.9,True
ALIAS_03841,P_03841,K. Chakrabarti,CCTNS_ALIAS_LOG,2024-01-01,2025-12-31,0.9,True
ALIAS_03842,P_03842,R. Nath,CCTNS_ALIAS_LOG,2024-01-01,2025-12-31,0.9,True
ALIAS_03843,P_03843,G. Ramaswamy,CCTNS_ALIAS_LOG,2024-01-01,2025-12-31,0.9,True
ALIAS_03844,P_03844,C. Parmer,CCTNS_ALIAS_LOG,2024-01-01,2025-12-31,0.9,True
ALIAS_03845,P_03845,C. Thaker,CCTNS_ALIAS_LOG,2024-01-01,2025-12-31,0.9,True
ALIAS_03846,P_03846,N. Subramanian,CCTNS_ALIAS_LOG,2024-01-01,2025-12-31,0.9,True
ALIAS_03847,P_03847,U. Bhat,CCTNS_ALIAS_LOG,2024-01-01,2025-12-31,0.9,True
ALIAS_03848,P_03848,G. Gopal,CCTNS_ALIAS_LOG,2024-01-01,2025-12-31,0.9,True
ALIAS_03849,P_03849,C. Datta,CCTNS_ALIAS_LOG,2024-01-01,2025-12-31,0.9,True
ALIAS_03850,P_03850,A. Salvi,CCTNS_ALIAS_LOG,2024-01-01,2025-12-31,0.9,True
ALIAS_03851,P_03851,J. Tata,CCTNS_ALIAS_LOG,2024-01-01,2025-12-31,0.9,True
ALIAS_03852,P_03852,I. Sachdev,CCTNS_ALIAS_LOG,2024-01-01,2025-12-31,0.9,True
ALIAS_03853,P_03853,T. Pillay,CCTNS_ALIAS_LOG,2024-01-01,2025-12-31,0.9,True
ALIAS_03854,P_03854,M. Divan,CCTNS_ALIAS_LOG,2024-01-01,2025-12-31,0.9,True
ALIAS_03855,P_03855,H. Prasad,CCTNS_ALIAS_LOG,2024-01-01,2025-12-31,0.9,True
ALIAS_03856,P_03856,W. Lata,CCTNS_ALIAS_LOG,2024-01-01,2025-12-31,0.9,True
ALIAS_03857,P_03857,A. Das,CCTNS_ALIAS_LOG,2024-01-01,2025-12-31,0.9,True
ALIAS_03858,P_03858,I. Bal,CCTNS_ALIAS_LOG,2024-01-01,2025-12-31,0.9,True
ALIAS_03859,P_03859,O. Sur,CCTNS_ALIAS_LOG,2024-01-01,2025-12-31,0.9,True
ALIAS_03860,P_03860,P. Puri,CCTNS_ALIAS_LOG,2024-01-01,2025-12-31,0.9,True
ALIAS_03861,P_03861,S. Malhotra,CCTNS_ALIAS_LOG,2024-01-01,2025-12-31,0.9,True
ALIAS_03862,P_03862,Y. Contractor,CCTNS_ALIAS_LOG,2024-01-01,2025-12-31,0.9,True
ALIAS_03863,P_03863,Y. Mani,CCTNS_ALIAS_LOG,2024-01-01,2025-12-31,0.9,True
ALIAS_03864,P_03864,E. Aggarwal,CCTNS_ALIAS_LOG,2024-01-01,2025-12-31,0.9,True
ALIAS_03865,P_03865,F. Madan,CCTNS_ALIAS_LOG,2024-01-01,2025-12-31,0.9,True
ALIAS_03866,P_03866,E. Contractor,CCTNS_ALIAS_LOG,2024-01-01,2025-12-31,0.9,True
ALIAS_03867,P_03867,S. Sastry,CCTNS_ALIAS_LOG,2024-01-01,2025-12-31,0.9,True
ALIAS_03868,P_03868,S. Dada,CCTNS_ALIAS_LOG,2024-01-01,2025-12-31,0.9,True
ALIAS_03869,P_03869,R. Kibe,CCTNS_ALIAS_LOG,2024-01-01,2025-12-31,0.9,True
ALIAS_03870,P_03870,A. Khalsa,CCTNS_ALIAS_LOG,2024-01-01,2025-12-31,0.9,True
ALIAS_03871,P_03871,S. Pingle,CCTNS_ALIAS_LOG,2024-01-01,2025-12-31,0.9,True
ALIAS_03872,P_03872,W. Yogi,CCTNS_ALIAS_LOG,2024-01-01,2025-12-31,0.9,True
ALIAS_03873,P_03873,B. Panchal,CCTNS_ALIAS_LOG,2024-01-01,2025-12-31,0.9,True
ALIAS_03874,P_03874,E. Bhavsar,CCTNS_ALIAS_LOG,2024-01-01,2025-12-31,0.9,True
ALIAS_03875,P_03875,H. Desai,CCTNS_ALIAS_LOG,2024-01-01,2025-12-31,0.9,True
ALIAS_03876,P_03876,K. Hayer,CCTNS_ALIAS_LOG,2024-01-01,2025-12-31,0.9,True
ALIAS_03877,P_03877,N. Thakur,CCTNS_ALIAS_LOG,2024-01-01,2025-12-31,0.9,True
ALIAS_03878,P_03878,U. Thaman,CCTNS_ALIAS_LOG,2024-01-01,2025-12-31,0.9,True
ALIAS_03879,P_03879,T. Varma,CCTNS_ALIAS_LOG,2024-01-01,2025-12-31,0.9,True
ALIAS_03880,P_03880,Y. Nanda,CCTNS_ALIAS_LOG,2024-01-01,2025-12-31,0.9,True
ALIAS_03881,P_03881,M. Dugar,CCTNS_ALIAS_LOG,2024-01-01,2025-12-31,0.9,True
ALIAS_03882,P_03882,I. Divan,CCTNS_ALIAS_LOG,2024-01-01,2025-12-31,0.9,True
ALIAS_03883,P_03883,D. Brar,CCTNS_ALIAS_LOG,2024-01-01,2025-12-31,0.9,True
ALIAS_03884,P_03884,S. Sathe,CCTNS_ALIAS_LOG,2024-01-01,2025-12-31,0.9,True
ALIAS_03885,P_03885,A. Talwar,CCTNS_ALIAS_LOG,2024-01-01,2025-12-31,0.9,True
ALIAS_03886,P_03886,V. Dhar,CCTNS_ALIAS_LOG,2024-01-01,2025-12-31,0.9,True
ALIAS_03887,P_03887,F. Gupta,CCTNS_ALIAS_LOG,2024-01-01,2025-12-31,0.9,True
ALIAS_03888,P_03888,E. Rama,CCTNS_ALIAS_LOG,2024-01-01,2025-12-31,0.9,True
ALIAS_03889,P_03889,U. Sengupta,CCTNS_ALIAS_LOG,2024-01-01,2025-12-31,0.9,True
ALIAS_03890,P_03890,U. Chauhan,CCTNS_ALIAS_LOG,2024-01-01,2025-12-31,0.9,True
ALIAS_03891,P_03891,T. Bandi,CCTNS_ALIAS_LOG,2024-01-01,2025-12-31,0.9,True
ALIAS_03892,P_03892,P. Savant,CCTNS_ALIAS_LOG,2024-01-01,2025-12-31,0.9,True
ALIAS_03893,P_03893,V. Prabhu,CCTNS_ALIAS_LOG,2024-01-01,2025-12-31,0.9,True
ALIAS_03894,P_03894,A. Nagar,CCTNS_ALIAS_LOG,2024-01-01,2025-12-31,0.9,True
ALIAS_03895,P_03895,A. Zachariah,CCTNS_ALIAS_LOG,2024-01-01,2025-12-31,0.9,True
ALIAS_03896,P_03896,J. Sodhi,CCTNS_ALIAS_LOG,2024-01-01,2025-12-31,0.9,True
ALIAS_03897,P_03897,K. Bhargava,CCTNS_ALIAS_LOG,2024-01-01,2025-12-31,0.9,True
ALIAS_03898,P_03898,P. Contractor,CCTNS_ALIAS_LOG,2024-01-01,2025-12-31,0.9,True
ALIAS_03899,P_03899,R. Parekh,CCTNS_ALIAS_LOG,2024-01-01,2025-12-31,0.9,True
ALIAS_03900,P_03900,K. Sridhar,CCTNS_ALIAS_LOG,2024-01-01,2025-12-31,0.9,True
ALIAS_03901,P_03901,G. Sarkar,CCTNS_ALIAS_LOG,2024-01-01,2025-12-31,0.9,True
ALIAS_03902,P_03902,B. Sur,CCTNS_ALIAS_LOG,2024-01-01,2025-12-31,0.9,True
ALIAS_03903,P_03903,B. Viswanathan,CCTNS_ALIAS_LOG,2024-01-01,2025-12-31,0.9,True
ALIAS_03904,P_03904,N. Ratti,CCTNS_ALIAS_LOG,2024-01-01,2025-12-31,0.9,True
ALIAS_03905,P_03905,A. Sahni,CCTNS_ALIAS_LOG,2024-01-01,2025-12-31,0.9,True
ALIAS_03906,P_03906,R. Behl,CCTNS_ALIAS_LOG,2024-01-01,2025-12-31,0.9,True
ALIAS_03907,P_03907,M. Ray,CCTNS_ALIAS_LOG,2024-01-01,2025-12-31,0.9,True
ALIAS_03908,P_03908,G. Patla,CCTNS_ALIAS_LOG,2024-01-01,2025-12-31,0.9,True
ALIAS_03909,P_03909,M. Pingle,CCTNS_ALIAS_LOG,2024-01-01,2025-12-31,0.9,True
ALIAS_03910,P_03910,R. Rau,CCTNS_ALIAS_LOG,2024-01-01,2025-12-31,0.9,True
ALIAS_03911,P_03911,D. Suresh,CCTNS_ALIAS_LOG,2024-01-01,2025-12-31,0.9,True
ALIAS_03912,P_03912,U. Kata,CCTNS_ALIAS_LOG,2024-01-01,2025-12-31,0.9,True
ALIAS_03913,P_03913,O. Raja,CCTNS_ALIAS_LOG,2024-01-01,2025-12-31,0.9,True
ALIAS_03914,P_03914,A. Lala,CCTNS_ALIAS_LOG,2024-01-01,2025-12-31,0.9,True
ALIAS_03915,P_03915,O. Mangal,CCTNS_ALIAS_LOG,2024-01-01,2025-12-31,0.9,True
ALIAS_03916,P_03916,Y. Sundaram,CCTNS_ALIAS_LOG,2024-01-01,2025-12-31,0.9,True
ALIAS_03917,P_03917,M. Nanda,CCTNS_ALIAS_LOG,2024-01-01,2025-12-31,0.9,True
ALIAS_03918,P_03918,D. Sarkar,CCTNS_ALIAS_LOG,2024-01-01,2025-12-31,0.9,True
ALIAS_03919,P_03919,B. Dubey,CCTNS_ALIAS_LOG,2024-01-01,2025-12-31,0.9,True
ALIAS_03920,P_03920,Q. Dua,CCTNS_ALIAS_LOG,2024-01-01,2025-12-31,0.9,True
ALIAS_03921,P_03921,A. Deo,CCTNS_ALIAS_LOG,2024-01-01,2025-12-31,0.9,True
ALIAS_03922,P_03922,Y. Mahal,CCTNS_ALIAS_LOG,2024-01-01,2025-12-31,0.9,True
ALIAS_03923,P_03923,R. Jha,CCTNS_ALIAS_LOG,2024-01-01,2025-12-31,0.9,True
ALIAS_03924,P_03924,N. Singhal,CCTNS_ALIAS_LOG,2024-01-01,2025-12-31,0.9,True
ALIAS_03925,P_03925,P. Sarna,CCTNS_ALIAS_LOG,2024-01-01,2025-12-31,0.9,True
ALIAS_03926,P_03926,S. Shankar,CCTNS_ALIAS_LOG,2024-01-01,2025-12-31,0.9,True
ALIAS_03927,P_03927,S. Sahni,CCTNS_ALIAS_LOG,2024-01-01,2025-12-31,0.9,True
ALIAS_03928,P_03928,V. Ravel,CCTNS_ALIAS_LOG,2024-01-01,2025-12-31,0.9,True
ALIAS_03929,P_03929,S. Chhabra,CCTNS_ALIAS_LOG,2024-01-01,2025-12-31,0.9,True
ALIAS_03930,P_03930,R. Iyengar,CCTNS_ALIAS_LOG,2024-01-01,2025-12-31,0.9,True
ALIAS_03931,P_03931,N. Mammen,CCTNS_ALIAS_LOG,2024-01-01,2025-12-31,0.9,True
ALIAS_03932,P_03932,X. Wadhwa,CCTNS_ALIAS_LOG,2024-01-01,2025-12-31,0.9,True
ALIAS_03933,P_03933,J. Sundaram,CCTNS_ALIAS_LOG,2024-01-01,2025-12-31,0.9,True
ALIAS_03934,P_03934,A. Tella,CCTNS_ALIAS_LOG,2024-01-01,2025-12-31,0.9,True
ALIAS_03935,P_03935,L. Roy,CCTNS_ALIAS_LOG,2024-01-01,2025-12-31,0.9,True
ALIAS_03936,P_03936,G. Cheema,CCTNS_ALIAS_LOG,2024-01-01,2025-12-31,0.9,True
ALIAS_03937,P_03937,B. Bali,CCTNS_ALIAS_LOG,2024-01-01,2025-12-31,0.9,True
ALIAS_03938,P_03938,L. Viswanathan,CCTNS_ALIAS_LOG,2024-01-01,2025-12-31,0.9,True
ALIAS_03939,P_03939,O. Prasad,CCTNS_ALIAS_LOG,2024-01-01,2025-12-31,0.9,True
ALIAS_03940,P_03940,B. Barman,CCTNS_ALIAS_LOG,2024-01-01,2025-12-31,0.9,True
ALIAS_03941,P_03941,A. Hora,CCTNS_ALIAS_LOG,2024-01-01,2025-12-31,0.9,True
ALIAS_03942,P_03942,P. Rao,CCTNS_ALIAS_LOG,2024-01-01,2025-12-31,0.9,True
ALIAS_03943,P_03943,S. Virk,CCTNS_ALIAS_LOG,2024-01-01,2025-12-31,0.9,True
ALIAS_03944,P_03944,O. Dua,CCTNS_ALIAS_LOG,2024-01-01,2025-12-31,0.9,True
ALIAS_03945,P_03945,I. Minhas,CCTNS_ALIAS_LOG,2024-01-01,2025-12-31,0.9,True
ALIAS_03946,P_03946,D. Patel,CCTNS_ALIAS_LOG,2024-01-01,2025-12-31,0.9,True
ALIAS_03947,P_03947,T. Ratta,CCTNS_ALIAS_LOG,2024-01-01,2025-12-31,0.9,True
ALIAS_03948,P_03948,G. Kohli,CCTNS_ALIAS_LOG,2024-01-01,2025-12-31,0.9,True
ALIAS_03949,P_03949,J. Sawhney,CCTNS_ALIAS_LOG,2024-01-01,2025-12-31,0.9,True
ALIAS_03950,P_03950,S. Khalsa,CCTNS_ALIAS_LOG,2024-01-01,2025-12-31,0.9,True
ALIAS_03951,P_03951,D. Ravi,CCTNS_ALIAS_LOG,2024-01-01,2025-12-31,0.9,True
ALIAS_03952,P_03952,O. Rajagopal,CCTNS_ALIAS_LOG,2024-01-01,2025-12-31,0.9,True
ALIAS_03953,P_03953,U. Kashyap,CCTNS_ALIAS_LOG,2024-01-01,2025-12-31,0.9,True
ALIAS_03954,P_03954,A. Bhatt,CCTNS_ALIAS_LOG,2024-01-01,2025-12-31,0.9,True
ALIAS_03955,P_03955,C. Natt,CCTNS_ALIAS_LOG,2024-01-01,2025-12-31,0.9,True
ALIAS_03956,P_03956,G. Sachar,CCTNS_ALIAS_LOG,2024-01-01,2025-12-31,0.9,True
ALIAS_03957,P_03957,U. Sankaran,CCTNS_ALIAS_LOG,2024-01-01,2025-12-31,0.9,True
ALIAS_03958,P_03958,K. Srinivas,CCTNS_ALIAS_LOG,2024-01-01,2025-12-31,0.9,True
ALIAS_03959,P_03959,C. Ganesh,CCTNS_ALIAS_LOG,2024-01-01,2025-12-31,0.9,True
ALIAS_03960,P_03960,C. Pillai,CCTNS_ALIAS_LOG,2024-01-01,2025-12-31,0.9,True
ALIAS_03961,P_03961,W. Pall,CCTNS_ALIAS_LOG,2024-01-01,2025-12-31,0.9,True
ALIAS_03962,P_03962,N. Krish,CCTNS_ALIAS_LOG,2024-01-01,2025-12-31,0.9,True
ALIAS_03963,P_03963,A. D’Alia,CCTNS_ALIAS_LOG,2024-01-01,2025-12-31,0.9,True
ALIAS_03964,P_03964,S. Sawhney,CCTNS_ALIAS_LOG,2024-01-01,2025-12-31,0.9,True
ALIAS_03965,P_03965,E. Bera,CCTNS_ALIAS_LOG,2024-01-01,2025-12-31,0.9,True
ALIAS_03966,P_03966,G. Shenoy,CCTNS_ALIAS_LOG,2024-01-01,2025-12-31,0.9,True
ALIAS_03967,P_03967,T. Walia,CCTNS_ALIAS_LOG,2024-01-01,2025-12-31,0.9,True
ALIAS_03968,P_03968,L. Parmar,CCTNS_ALIAS_LOG,2024-01-01,2025-12-31,0.9,True
ALIAS_03969,P_03969,K. Rastogi,CCTNS_ALIAS_LOG,2024-01-01,2025-12-31,0.9,True
ALIAS_03970,P_03970,A. Gera,CCTNS_ALIAS_LOG,2024-01-01,2025-12-31,0.9,True
ALIAS_03971,P_03971,M. Maharaj,CCTNS_ALIAS_LOG,2024-01-01,2025-12-31,0.9,True
ALIAS_03972,P_03972,P. Vaidya,CCTNS_ALIAS_LOG,2024-01-01,2025-12-31,0.9,True
ALIAS_03973,P_03973,M. Khanna,CCTNS_ALIAS_LOG,2024-01-01,2025-12-31,0.9,True
ALIAS_03974,P_03974,P. Kurian,CCTNS_ALIAS_LOG,2024-01-01,2025-12-31,0.9,True
ALIAS_03975,P_03975,Q. Bandi,CCTNS_ALIAS_LOG,2024-01-01,2025-12-31,0.9,True
ALIAS_03976,P_03976,U. Mannan,CCTNS_ALIAS_LOG,2024-01-01,2025-12-31,0.9,True
ALIAS_03977,P_03977,E. Sethi,CCTNS_ALIAS_LOG,2024-01-01,2025-12-31,0.9,True
ALIAS_03978,P_03978,E. Mall,CCTNS_ALIAS_LOG,2024-01-01,2025-12-31,0.9,True
ALIAS_03979,P_03979,K. Singh,CCTNS_ALIAS_LOG,2024-01-01,2025-12-31,0.9,True
ALIAS_03980,P_03980,J. Khurana,CCTNS_ALIAS_LOG,2024-01-01,2025-12-31,0.9,True
ALIAS_03981,P_03981,A. Butala,CCTNS_ALIAS_LOG,2024-01-01,2025-12-31,0.9,True
ALIAS_03982,P_03982,A. Parmer,CCTNS_ALIAS_LOG,2024-01-01,2025-12-31,0.9,True
ALIAS_03983,P_03983,M. Thakkar,CCTNS_ALIAS_LOG,2024-01-01,2025-12-31,0.9,True
ALIAS_03984,P_03984,M. Jha,CCTNS_ALIAS_LOG,2024-01-01,2025-12-31,0.9,True
ALIAS_03985,P_03985,B. Raj,CCTNS_ALIAS_LOG,2024-01-01,2025-12-31,0.9,True
ALIAS_03986,P_03986,G. Das,CCTNS_ALIAS_LOG,2024-01-01,2025-12-31,0.9,True
ALIAS_03987,P_03987,N. Kadakia,CCTNS_ALIAS_LOG,2024-01-01,2025-12-31,0.9,True
ALIAS_03988,P_03988,A. Kala,CCTNS_ALIAS_LOG,2024-01-01,2025-12-31,0.9,True
ALIAS_03989,P_03989,A. Chanda,CCTNS_ALIAS_LOG,2024-01-01,2025-12-31,0.9,True
ALIAS_03990,P_03990,V. Kaul,CCTNS_ALIAS_LOG,2024-01-01,2025-12-31,0.9,True
ALIAS_03991,P_03991,B. Sarna,CCTNS_ALIAS_LOG,2024-01-01,2025-12-31,0.9,True
ALIAS_03992,P_03992,B. Dhar,CCTNS_ALIAS_LOG,2024-01-01,2025-12-31,0.9,True
ALIAS_03993,P_03993,V. Talwar,CCTNS_ALIAS_LOG,2024-01-01,2025-12-31,0.9,True
ALIAS_03994,P_03994,S. Dixit,CCTNS_ALIAS_LOG,2024-01-01,2025-12-31,0.9,True
ALIAS_03995,P_03995,E. Chawla,CCTNS_ALIAS_LOG,2024-01-01,2025-12-31,0.9,True
ALIAS_03996,P_03996,R. Pradhan,CCTNS_ALIAS_LOG,2024-01-01,2025-12-31,0.9,True
ALIAS_03997,P_03997,H. Garde,CCTNS_ALIAS_LOG,2024-01-01,2025-12-31,0.9,True
ALIAS_03998,P_03998,E. Som,CCTNS_ALIAS_LOG,2024-01-01,2025-12-31,0.9,True
ALIAS_03999,P_03999,A. Vyas,CCTNS_ALIAS_LOG,2024-01-01,2025-12-31,0.9,True
ALIAS_04000,P_04000,U. Choudhury,CCTNS_ALIAS_LOG,2024-01-01,2025-12-31,0.9,True
ALIAS_04001,P_04097,S. Bir,CCTNS_ALIAS_LOG,2024-01-01,2025-12-31,0.9,True
ALIAS_04002,P_04098,A. Hora,CCTNS_ALIAS_LOG,2024-01-01,2025-12-31,0.9,True
ALIAS_04003,P_04099,U. Joshi,CCTNS_ALIAS_LOG,2024-01-01,2025-12-31,0.9,True
ALIAS_04004,P_04100,D. Balasubramanian,CCTNS_ALIAS_LOG,2024-01-01,2025-12-31,0.9,True
ALIAS_04005,P_04101,S. Lalla,CCTNS_ALIAS_LOG,2024-01-01,2025-12-31,0.9,True
ALIAS_04006,P_04102,D. Deshpande,CCTNS_ALIAS_LOG,2024-01-01,2025-12-31,0.9,True
ALIAS_04007,P_04103,I. Kanda,CCTNS_ALIAS_LOG,2024-01-01,2025-12-31,0.9,True
ALIAS_04008,P_04104,T. Bandi,CCTNS_ALIAS_LOG,2024-01-01,2025-12-31,0.9,True
ALIAS_04009,P_04105,T. Kaul,CCTNS_ALIAS_LOG,2024-01-01,2025-12-31,0.9,True
ALIAS_04010,P_04106,T. Bal,CCTNS_ALIAS_LOG,2024-01-01,2025-12-31,0.9,True
ALIAS_04011,P_04107,W. Brahmbhatt,CCTNS_ALIAS_LOG,2024-01-01,2025-12-31,0.9,True
ALIAS_04012,P_04108,L. Behl,CCTNS_ALIAS_LOG,2024-01-01,2025-12-31,0.9,True
ALIAS_04013,P_04109,G. Raman,CCTNS_ALIAS_LOG,2024-01-01,2025-12-31,0.9,True
ALIAS_04014,P_04110,V. Kohli,CCTNS_ALIAS_LOG,2024-01-01,2025-12-31,0.9,True
ALIAS_04015,P_04111,G. Kanda,CCTNS_ALIAS_LOG,2024-01-01,2025-12-31,0.9,True
ALIAS_04016,P_04112,V. Bajaj,CCTNS_ALIAS_LOG,2024-01-01,2025-12-31,0.9,True
ALIAS_04017,P_04113,A. Nagy,CCTNS_ALIAS_LOG,2024-01-01,2025-12-31,0.9,True
ALIAS_04018,P_04114,D. Lad,CCTNS_ALIAS_LOG,2024-01-01,2025-12-31,0.9,True
ALIAS_04019,P_04115,A. Andra,CCTNS_ALIAS_LOG,2024-01-01,2025-12-31,0.9,True
ALIAS_04020,P_04116,A. Bora,CCTNS_ALIAS_LOG,2024-01-01,2025-12-31,0.9,True
ALIAS_04021,P_04117,A. Bora,CCTNS_ALIAS_LOG,2024-01-01,2025-12-31,0.9,True
ALIAS_04022,P_04118,C. Arya,CCTNS_ALIAS_LOG,2024-01-01,2025-12-31,0.9,True
ALIAS_04023,P_04119,T. Rajan,CCTNS_ALIAS_LOG,2024-01-01,2025-12-31,0.9,True
ALIAS_04024,P_04120,L. Manda,CCTNS_ALIAS_LOG,2024-01-01,2025-12-31,0.9,True
ALIAS_04025,P_04121,B. Singhal,CCTNS_ALIAS_LOG,2024-01-01,2025-12-31,0.9,True
ALIAS_04026,P_04122,P. Pradhan,CCTNS_ALIAS_LOG,2024-01-01,2025-12-31,0.9,True
ALIAS_04027,P_04123,I. Nigam,CCTNS_ALIAS_LOG,2024-01-01,2025-12-31,0.9,True
ALIAS_04028,P_04124,V. Ram,CCTNS_ALIAS_LOG,2024-01-01,2025-12-31,0.9,True
ALIAS_04029,P_04125,U. Bhardwaj,CCTNS_ALIAS_LOG,2024-01-01,2025-12-31,0.9,True
ALIAS_04030,P_04126,B. Mall,CCTNS_ALIAS_LOG,2024-01-01,2025-12-31,0.9,True
ALIAS_04031,P_04127,D. Chad,CCTNS_ALIAS_LOG,2024-01-01,2025-12-31,0.9,True
ALIAS_04032,P_04128,W. Dugar,CCTNS_ALIAS_LOG,2024-01-01,2025-12-31,0.9,True
ALIAS_04033,P_04129,A. More,CCTNS_ALIAS_LOG,2024-01-01,2025-12-31,0.9,True
ALIAS_04034,P_04130,A. Sood,CCTNS_ALIAS_LOG,2024-01-01,2025-12-31,0.9,True
ALIAS_04035,P_04131,S. Wali,CCTNS_ALIAS_LOG,2024-01-01,2025-12-31,0.9,True
ALIAS_04036,P_04132,J. Sampath,CCTNS_ALIAS_LOG,2024-01-01,2025-12-31,0.9,True
ALIAS_04037,P_04133,M. Bhandari,CCTNS_ALIAS_LOG,2024-01-01,2025-12-31,0.9,True
ALIAS_04038,P_04134,J. Oommen,CCTNS_ALIAS_LOG,2024-01-01,2025-12-31,0.9,True
ALIAS_04039,P_04135,O. Sem,CCTNS_ALIAS_LOG,2024-01-01,2025-12-31,0.9,True
ALIAS_04040,P_04136,C. Mitter,CCTNS_ALIAS_LOG,2024-01-01,2025-12-31,0.9,True
ALIAS_04041,P_04137,S. Sidhu,CCTNS_ALIAS_LOG,2024-01-01,2025-12-31,0.9,True
ALIAS_04042,P_04138,A. Manda,CCTNS_ALIAS_LOG,2024-01-01,2025-12-31,0.9,True
ALIAS_04043,P_04139,L. Kalita,CCTNS_ALIAS_LOG,2024-01-01,2025-12-31,0.9,True
ALIAS_04044,P_04140,U. Ramakrishnan,CCTNS_ALIAS_LOG,2024-01-01,2025-12-31,0.9,True
ALIAS_04045,P_04141,H. Kale,CCTNS_ALIAS_LOG,2024-01-01,2025-12-31,0.9,True
ALIAS_04046,P_04142,L. Narain,CCTNS_ALIAS_LOG,2024-01-01,2025-12-31,0.9,True
ALIAS_04047,P_04143,P. Rau,CCTNS_ALIAS_LOG,2024-01-01,2025-12-31,0.9,True
ALIAS_04048,P_04144,U. Saran,CCTNS_ALIAS_LOG,2024-01-01,2025-12-31,0.9,True
ALIAS_04049,P_04145,V. Rao,CCTNS_ALIAS_LOG,2024-01-01,2025-12-31,0.9,True
ALIAS_04050,P_04146,L. Mall,CCTNS_ALIAS_LOG,2024-01-01,2025-12-31,0.9,True
ALIAS_04051,P_04147,R. Sangha,CCTNS_ALIAS_LOG,2024-01-01,2025-12-31,0.9,True
ALIAS_04052,P_04148,L. Borah,CCTNS_ALIAS_LOG,2024-01-01,2025-12-31,0.9,True
ALIAS_04053,P_04149,S. Bera,CCTNS_ALIAS_LOG,2024-01-01,2025-12-31,0.9,True
ALIAS_04054,P_04150,A. Dhaliwal,CCTNS_ALIAS_LOG,2024-01-01,2025-12-31,0.9,True
ALIAS_04055,P_04151,B. Chaudhari,CCTNS_ALIAS_LOG,2024-01-01,2025-12-31,0.9,True
ALIAS_04056,P_04152,C. Salvi,CCTNS_ALIAS_LOG,2024-01-01,2025-12-31,0.9,True
ALIAS_04057,P_04153,A. Saran,CCTNS_ALIAS_LOG,2024-01-01,2025-12-31,0.9,True
ALIAS_04058,P_04154,V. Bhargava,CCTNS_ALIAS_LOG,2024-01-01,2025-12-31,0.9,True
ALIAS_04059,P_04155,T. Mannan,CCTNS_ALIAS_LOG,2024-01-01,2025-12-31,0.9,True
ALIAS_04060,P_04156,L. Kibe,CCTNS_ALIAS_LOG,2024-01-01,2025-12-31,0.9,True
ALIAS_04061,P_04157,P. Sen,CCTNS_ALIAS_LOG,2024-01-01,2025-12-31,0.9,True
ALIAS_04062,P_04158,C. Narayan,CCTNS_ALIAS_LOG,2024-01-01,2025-12-31,0.9,True
ALIAS_04063,P_04159,D. Vaidya,CCTNS_ALIAS_LOG,2024-01-01,2025-12-31,0.9,True
ALIAS_04064,P_04160,F. Garg,CCTNS_ALIAS_LOG,2024-01-01,2025-12-31,0.9,True
ALIAS_04065,P_04161,F. Ben,CCTNS_ALIAS_LOG,2024-01-01,2025-12-31,0.9,True
ALIAS_04066,P_04162,D. Goswami,CCTNS_ALIAS_LOG,2024-01-01,2025-12-31,0.9,True
ALIAS_04067,P_04163,B. Bahri,CCTNS_ALIAS_LOG,2024-01-01,2025-12-31,0.9,True
ALIAS_04068,P_04164,Y. Shan,CCTNS_ALIAS_LOG,2024-01-01,2025-12-31,0.9,True
ALIAS_04069,P_04165,M. Kapadia,CCTNS_ALIAS_LOG,2024-01-01,2025-12-31,0.9,True
ALIAS_04070,P_04166,F. Balasubramanian,CCTNS_ALIAS_LOG,2024-01-01,2025-12-31,0.9,True
ALIAS_04071,P_04167,V. Bhandari,CCTNS_ALIAS_LOG,2024-01-01,2025-12-31,0.9,True
ALIAS_04072,P_04168,A. Tata,CCTNS_ALIAS_LOG,2024-01-01,2025-12-31,0.9,True
ALIAS_04073,P_04169,V. Basu,CCTNS_ALIAS_LOG,2024-01-01,2025-12-31,0.9,True
ALIAS_04074,P_04170,N. Dutta,CCTNS_ALIAS_LOG,2024-01-01,2025-12-31,0.9,True
ALIAS_04075,P_04171,A. Sandhu,CCTNS_ALIAS_LOG,2024-01-01,2025-12-31,0.9,True
ALIAS_04076,P_04172,A. Sinha,CCTNS_ALIAS_LOG,2024-01-01,2025-12-31,0.9,True
ALIAS_04077,P_04173,X. Boase,CCTNS_ALIAS_LOG,2024-01-01,2025-12-31,0.9,True
ALIAS_04078,P_04174,N. Halder,CCTNS_ALIAS_LOG,2024-01-01,2025-12-31,0.9,True
ALIAS_04079,P_04175,A. Thakkar,CCTNS_ALIAS_LOG,2024-01-01,2025-12-31,0.9,True
ALIAS_04080,P_04176,P. Mukherjee,CCTNS_ALIAS_LOG,2024-01-01,2025-12-31,0.9,True
ALIAS_04081,P_04177,V. Nazareth,CCTNS_ALIAS_LOG,2024-01-01,2025-12-31,0.9,True
ALIAS_04082,P_04178,L. Bhakta,CCTNS_ALIAS_LOG,2024-01-01,2025-12-31,0.9,True
ALIAS_04083,P_04179,B. Garde,CCTNS_ALIAS_LOG,2024-01-01,2025-12-31,0.9,True
ALIAS_04084,P_04180,C. Mallick,CCTNS_ALIAS_LOG,2024-01-01,2025-12-31,0.9,True
ALIAS_04085,P_04181,H. Bassi,CCTNS_ALIAS_LOG,2024-01-01,2025-12-31,0.9,True
ALIAS_04086,P_04182,Y. Krishnan,CCTNS_ALIAS_LOG,2024-01-01,2025-12-31,0.9,True
ALIAS_04087,P_04183,C. Doctor,CCTNS_ALIAS_LOG,2024-01-01,2025-12-31,0.9,True
ALIAS_04088,P_04184,P. Warrior,CCTNS_ALIAS_LOG,2024-01-01,2025-12-31,0.9,True
ALIAS_04089,P_04185,U. Raman,CCTNS_ALIAS_LOG,2024-01-01,2025-12-31,0.9,True
ALIAS_04090,P_04186,A. Talwar,CCTNS_ALIAS_LOG,2024-01-01,2025-12-31,0.9,True
ALIAS_04091,P_04187,S. Solanki,CCTNS_ALIAS_LOG,2024-01-01,2025-12-31,0.9,True
ALIAS_04092,P_04188,V. Subramaniam,CCTNS_ALIAS_LOG,2024-01-01,2025-12-31,0.9,True
ALIAS_04093,P_04189,V. Mistry,CCTNS_ALIAS_LOG,2024-01-01,2025-12-31,0.9,True
ALIAS_04094,P_04190,S. Goda,CCTNS_ALIAS_LOG,2024-01-01,2025-12-31,0.9,True
ALIAS_04095,P_04191,A. Bhagat,CCTNS_ALIAS_LOG,2024-01-01,2025-12-31,0.9,True
ALIAS_04096,P_04192,A. Chana,CCTNS_ALIAS_LOG,2024-01-01,2025-12-31,0.9,True
ALIAS_04097,P_04193,O. Char,CCTNS_ALIAS_LOG,2024-01-01,2025-12-31,0.9,True
ALIAS_04098,P_04194,O. Batta,CCTNS_ALIAS_LOG,2024-01-01,2025-12-31,0.9,True
ALIAS_04099,P_04195,H. Nadkarni,CCTNS_ALIAS_LOG,2024-01-01,2025-12-31,0.9,True
ALIAS_04100,P_04196,N. Palan,CCTNS_ALIAS_LOG,2024-01-01,2025-12-31,0.9,True
ALIAS_04101,P_04197,Y. Sura,CCTNS_ALIAS_LOG,2024-01-01,2025-12-31,0.9,True
ALIAS_04102,P_04198,C. Bahri,CCTNS_ALIAS_LOG,2024-01-01,2025-12-31,0.9,True
ALIAS_04103,P_04199,W. Chatterjee,CCTNS_ALIAS_LOG,2024-01-01,2025-12-31,0.9,True
ALIAS_04104,P_04200,L. Naidu,CCTNS_ALIAS_LOG,2024-01-01,2025-12-31,0.9,True
ALIAS_04105,P_04201,A. Sani,CCTNS_ALIAS_LOG,2024-01-01,2025-12-31,0.9,True
ALIAS_04106,P_04202,A. Konda,CCTNS_ALIAS_LOG,2024-01-01,2025-12-31,0.9,True
ALIAS_04107,P_04203,X. Bhardwaj,CCTNS_ALIAS_LOG,2024-01-01,2025-12-31,0.9,True
ALIAS_04108,P_04204,T. Sandal,CCTNS_ALIAS_LOG,2024-01-01,2025-12-31,0.9,True
ALIAS_04109,P_04205,F. Swaminathan,CCTNS_ALIAS_LOG,2024-01-01,2025-12-31,0.9,True
ALIAS_04110,P_04206,P. Sundaram,CCTNS_ALIAS_LOG,2024-01-01,2025-12-31,0.9,True
ALIAS_04111,P_04207,A. Saxena,CCTNS_ALIAS_LOG,2024-01-01,2025-12-31,0.9,True
ALIAS_04112,P_04208,J. Bora,CCTNS_ALIAS_LOG,2024-01-01,2025-12-31,0.9,True
ALIAS_04113,P_04209,F. Chanda,CCTNS_ALIAS_LOG,2024-01-01,2025-12-31,0.9,True
ALIAS_04114,P_04210,A. Chahal,CCTNS_ALIAS_LOG,2024-01-01,2025-12-31,0.9,True
ALIAS_04115,P_04211,A. Tailor,CCTNS_ALIAS_LOG,2024-01-01,2025-12-31,0.9,True
ALIAS_04116,P_04212,T. Dube,CCTNS_ALIAS_LOG,2024-01-01,2025-12-31,0.9,True
ALIAS_04117,P_04213,U. Vaidya,CCTNS_ALIAS_LOG,2024-01-01,2025-12-31,0.9,True
ALIAS_04118,P_04214,C. Prashad,CCTNS_ALIAS_LOG,2024-01-01,2025-12-31,0.9,True
ALIAS_04119,P_04215,M. Mitra,CCTNS_ALIAS_LOG,2024-01-01,2025-12-31,0.9,True
ALIAS_04120,P_04216,D. Wason,CCTNS_ALIAS_LOG,2024-01-01,2025-12-31,0.9,True
ALIAS_04121,P_04217,C. Johal,CCTNS_ALIAS_LOG,2024-01-01,2025-12-31,0.9,True
ALIAS_04122,P_04218,J. Pillai,CCTNS_ALIAS_LOG,2024-01-01,2025-12-31,0.9,True
ALIAS_04123,P_04219,V. Roy,CCTNS_ALIAS_LOG,2024-01-01,2025-12-31,0.9,True
ALIAS_04124,P_04220,T. Vasa,CCTNS_ALIAS_LOG,2024-01-01,2025-12-31,0.9,True
ALIAS_04125,P_04221,A. Kuruvilla,CCTNS_ALIAS_LOG,2024-01-01,2025-12-31,0.9,True
ALIAS_04126,P_04222,Y. Mitter,CCTNS_ALIAS_LOG,2024-01-01,2025-12-31,0.9,True
ALIAS_04127,P_04223,D. Sood,CCTNS_ALIAS_LOG,2024-01-01,2025-12-31,0.9,True
ALIAS_04128,P_04224,I. Jha,CCTNS_ALIAS_LOG,2024-01-01,2025-12-31,0.9,True
ALIAS_04129,P_04225,T. Balan,CCTNS_ALIAS_LOG,2024-01-01,2025-12-31,0.9,True
ALIAS_04130,P_04226,J. Chaudhary,CCTNS_ALIAS_LOG,2024-01-01,2025-12-31,0.9,True
ALIAS_04131,P_04227,T. Wable,CCTNS_ALIAS_LOG,2024-01-01,2025-12-31,0.9,True
ALIAS_04132,P_04228,M. Thaman,CCTNS_ALIAS_LOG,2024-01-01,2025-12-31,0.9,True
ALIAS_04133,P_04229,O. Lata,CCTNS_ALIAS_LOG,2024-01-01,2025-12-31,0.9,True
ALIAS_04134,P_04230,B. Chaudhuri,CCTNS_ALIAS_LOG,2024-01-01,2025-12-31,0.9,True
ALIAS_04135,P_04231,S. Lalla,CCTNS_ALIAS_LOG,2024-01-01,2025-12-31,0.9,True
ALIAS_04136,P_04232,Y. Hans,CCTNS_ALIAS_LOG,2024-01-01,2025-12-31,0.9,True
ALIAS_04137,P_04233,D. Goswami,CCTNS_ALIAS_LOG,2024-01-01,2025-12-31,0.9,True
ALIAS_04138,P_04234,D. Nagarajan,CCTNS_ALIAS_LOG,2024-01-01,2025-12-31,0.9,True
ALIAS_04139,P_04235,S. Viswanathan,CCTNS_ALIAS_LOG,2024-01-01,2025-12-31,0.9,True
ALIAS_04140,P_04236,W. Bajaj,CCTNS_ALIAS_LOG,2024-01-01,2025-12-31,0.9,True
ALIAS_04141,P_04237,R. Iyer,CCTNS_ALIAS_LOG,2024-01-01,2025-12-31,0.9,True
ALIAS_04142,P_04238,V. Majumdar,CCTNS_ALIAS_LOG,2024-01-01,2025-12-31,0.9,True
ALIAS_04143,P_04239,B. Pandey,CCTNS_ALIAS_LOG,2024-01-01,2025-12-31,0.9,True
ALIAS_04144,P_04240,R. Verma,CCTNS_ALIAS_LOG,2024-01-01,2025-12-31,0.9,True
ALIAS_04145,P_04241,C. Ray,CCTNS_ALIAS_LOG,2024-01-01,2025-12-31,0.9,True
ALIAS_04146,P_04242,H. Dass,CCTNS_ALIAS_LOG,2024-01-01,2025-12-31,0.9,True
ALIAS_04147,P_04243,O. Gokhale,CCTNS_ALIAS_LOG,2024-01-01,2025-12-31,0.9,True
ALIAS_04148,P_04244,R. Bajwa,CCTNS_ALIAS_LOG,2024-01-01,2025-12-31,0.9,True
ALIAS_04149,P_04245,V. Ray,CCTNS_ALIAS_LOG,2024-01-01,2025-12-31,0.9,True
ALIAS_04150,P_04246,M. Parmar,CCTNS_ALIAS_LOG,2024-01-01,2025-12-31,0.9,True
ALIAS_04151,P_04247,U. Patel,CCTNS_ALIAS_LOG,2024-01-01,2025-12-31,0.9,True
ALIAS_04152,P_04248,V. Buch,CCTNS_ALIAS_LOG,2024-01-01,2025-12-31,0.9,True
ALIAS_04153,P_04249,M. Balay,CCTNS_ALIAS_LOG,2024-01-01,2025-12-31,0.9,True
ALIAS_04154,P_04250,F. Mane,CCTNS_ALIAS_LOG,2024-01-01,2025-12-31,0.9,True
ALIAS_04155,P_04251,I. Naidu,CCTNS_ALIAS_LOG,2024-01-01,2025-12-31,0.9,True
ALIAS_04156,P_04252,Z. Luthra,CCTNS_ALIAS_LOG,2024-01-01,2025-12-31,0.9,True
ALIAS_04157,P_04253,Y. Shankar,CCTNS_ALIAS_LOG,2024-01-01,2025-12-31,0.9,True
ALIAS_04158,P_04254,K. Ratta,CCTNS_ALIAS_LOG,2024-01-01,2025-12-31,0.9,True
ALIAS_04159,P_04255,T. Krishnan,CCTNS_ALIAS_LOG,2024-01-01,2025-12-31,0.9,True
ALIAS_04160,P_04256,M. Shanker,CCTNS_ALIAS_LOG,2024-01-01,2025-12-31,0.9,True
ALIAS_04161,P_04257,R. Parekh,CCTNS_ALIAS_LOG,2024-01-01,2025-12-31,0.9,True
ALIAS_04162,P_04258,N. Aurora,CCTNS_ALIAS_LOG,2024-01-01,2025-12-31,0.9,True
ALIAS_04163,P_04259,H. Parmer,CCTNS_ALIAS_LOG,2024-01-01,2025-12-31,0.9,True
ALIAS_04164,P_04260,N. Kari,CCTNS_ALIAS_LOG,2024-01-01,2025-12-31,0.9,True
ALIAS_04165,P_04261,W. Shankar,CCTNS_ALIAS_LOG,2024-01-01,2025-12-31,0.9,True
ALIAS_04166,P_04262,P. Tara,CCTNS_ALIAS_LOG,2024-01-01,2025-12-31,0.9,True
ALIAS_04167,P_04263,A. Srivastava,CCTNS_ALIAS_LOG,2024-01-01,2025-12-31,0.9,True
ALIAS_04168,P_04264,F. Bains,CCTNS_ALIAS_LOG,2024-01-01,2025-12-31,0.9,True
ALIAS_04169,P_04265,Y. Bhatti,CCTNS_ALIAS_LOG,2024-01-01,2025-12-31,0.9,True
ALIAS_04170,P_04266,P. Parekh,CCTNS_ALIAS_LOG,2024-01-01,2025-12-31,0.9,True
ALIAS_04171,P_04267,H. Patla,CCTNS_ALIAS_LOG,2024-01-01,2025-12-31,0.9,True
ALIAS_04172,P_04268,I. Radhakrishnan,CCTNS_ALIAS_LOG,2024-01-01,2025-12-31,0.9,True
ALIAS_04173,P_04269,A. Varkey,CCTNS_ALIAS_LOG,2024-01-01,2025-12-31,0.9,True
ALIAS_04174,P_04270,E. Sengupta,CCTNS_ALIAS_LOG,2024-01-01,2025-12-31,0.9,True
ALIAS_04175,P_04271,E. Chaudhuri,CCTNS_ALIAS_LOG,2024-01-01,2025-12-31,0.9,True
ALIAS_04176,P_04272,E. Kunda,CCTNS_ALIAS_LOG,2024-01-01,2025-12-31,0.9,True
ALIAS_04177,P_04273,D. Pingle,CCTNS_ALIAS_LOG,2024-01-01,2025-12-31,0.9,True
ALIAS_04178,P_04274,T. Goyal,CCTNS_ALIAS_LOG,2024-01-01,2025-12-31,0.9,True
ALIAS_04179,P_04275,M. Aggarwal,CCTNS_ALIAS_LOG,2024-01-01,2025-12-31,0.9,True
ALIAS_04180,P_04276,R. Varughese,CCTNS_ALIAS_LOG,2024-01-01,2025-12-31,0.9,True
ALIAS_04181,P_04277,L. Chopra,CCTNS_ALIAS_LOG,2024-01-01,2025-12-31,0.9,True
ALIAS_04182,P_04278,S. Dube,CCTNS_ALIAS_LOG,2024-01-01,2025-12-31,0.9,True
ALIAS_04183,P_04279,D. Murthy,CCTNS_ALIAS_LOG,2024-01-01,2025-12-31,0.9,True
ALIAS_04184,P_04280,G. Kapur,CCTNS_ALIAS_LOG,2024-01-01,2025-12-31,0.9,True
ALIAS_04185,P_04281,W. Narayan,CCTNS_ALIAS_LOG,2024-01-01,2025-12-31,0.9,True
ALIAS_04186,P_04282,I. Bahri,CCTNS_ALIAS_LOG,2024-01-01,2025-12-31,0.9,True
ALIAS_04187,P_04283,D. Ahluwalia,CCTNS_ALIAS_LOG,2024-01-01,2025-12-31,0.9,True
ALIAS_04188,P_04284,A. Narayanan,CCTNS_ALIAS_LOG,2024-01-01,2025-12-31,0.9,True
ALIAS_04189,P_04285,W. Mangat,CCTNS_ALIAS_LOG,2024-01-01,2025-12-31,0.9,True
ALIAS_04190,P_04286,G. Bose,CCTNS_ALIAS_LOG,2024-01-01,2025-12-31,0.9,True
ALIAS_04191,P_04287,S. Hans,CCTNS_ALIAS_LOG,2024-01-01,2025-12-31,0.9,True
ALIAS_04192,P_04288,D. Rajagopalan,CCTNS_ALIAS_LOG,2024-01-01,2025-12-31,0.9,True
ALIAS_04193,P_04289,W. Sekhon,CCTNS_ALIAS_LOG,2024-01-01,2025-12-31,0.9,True
ALIAS_04194,P_04290,S. Bhargava,CCTNS_ALIAS_LOG,2024-01-01,2025-12-31,0.9,True
ALIAS_04195,P_04291,R. Chakraborty,CCTNS_ALIAS_LOG,2024-01-01,2025-12-31,0.9,True
ALIAS_04196,P_04292,A. Prakash,CCTNS_ALIAS_LOG,2024-01-01,2025-12-31,0.9,True
ALIAS_04197,P_04293,G. Natarajan,CCTNS_ALIAS_LOG,2024-01-01,2025-12-31,0.9,True
ALIAS_04198,P_04294,K. Oommen,CCTNS_ALIAS_LOG,2024-01-01,2025-12-31,0.9,True
ALIAS_04199,P_04295,L. Sood,CCTNS_ALIAS_LOG,2024-01-01,2025-12-31,0.9,True
ALIAS_04200,P_04296,A. Doshi,CCTNS_ALIAS_LOG,2024-01-01,2025-12-31,0.9,True
ALIAS_04201,P_04297,V. Bajaj,CCTNS_ALIAS_LOG,2024-01-01,2025-12-31,0.9,True
ALIAS_04202,P_04298,E. Jani,CCTNS_ALIAS_LOG,2024-01-01,2025-12-31,0.9,True
ALIAS_04203,P_04299,S. Bhatia,CCTNS_ALIAS_LOG,2024-01-01,2025-12-31,0.9,True
ALIAS_04204,P_04300,M. Dara,CCTNS_ALIAS_LOG,2024-01-01,2025-12-31,0.9,True
ALIAS_04205,P_04301,A. Dani,CCTNS_ALIAS_LOG,2024-01-01,2025-12-31,0.9,True
ALIAS_04206,P_04302,N. Savant,CCTNS_ALIAS_LOG,2024-01-01,2025-12-31,0.9,True
ALIAS_04207,P_04303,M. Doctor,CCTNS_ALIAS_LOG,2024-01-01,2025-12-31,0.9,True
ALIAS_04208,P_04304,S. Zacharia,CCTNS_ALIAS_LOG,2024-01-01,2025-12-31,0.9,True
ALIAS_04209,P_04305,R. Goel,CCTNS_ALIAS_LOG,2024-01-01,2025-12-31,0.9,True
ALIAS_04210,P_04306,E. Kurian,CCTNS_ALIAS_LOG,2024-01-01,2025-12-31,0.9,True
ALIAS_04211,P_04307,M. Chahal,CCTNS_ALIAS_LOG,2024-01-01,2025-12-31,0.9,True
ALIAS_04212,P_04308,N. Warrior,CCTNS_ALIAS_LOG,2024-01-01,2025-12-31,0.9,True
ALIAS_04213,P_04309,F. Salvi,CCTNS_ALIAS_LOG,2024-01-01,2025-12-31,0.9,True
ALIAS_04214,P_04310,U. Yohannan,CCTNS_ALIAS_LOG,2024-01-01,2025-12-31,0.9,True
ALIAS_04215,P_04311,W. Raj,CCTNS_ALIAS_LOG,2024-01-01,2025-12-31,0.9,True
ALIAS_04216,P_04312,D. Manda,CCTNS_ALIAS_LOG,2024-01-01,2025-12-31,0.9,True
ALIAS_04217,P_04313,A. Dugal,CCTNS_ALIAS_LOG,2024-01-01,2025-12-31,0.9,True
ALIAS_04218,P_04314,A. Tella,CCTNS_ALIAS_LOG,2024-01-01,2025-12-31,0.9,True
ALIAS_04219,P_04315,L. Char,CCTNS_ALIAS_LOG,2024-01-01,2025-12-31,0.9,True
ALIAS_04220,P_04316,N. Singh,CCTNS_ALIAS_LOG,2024-01-01,2025-12-31,0.9,True
ALIAS_04221,P_04317,A. Kumer,CCTNS_ALIAS_LOG,2024-01-01,2025-12-31,0.9,True
ALIAS_04222,P_04318,D. Hora,CCTNS_ALIAS_LOG,2024-01-01,2025-12-31,0.9,True
ALIAS_04223,P_04319,P. Doshi,CCTNS_ALIAS_LOG,2024-01-01,2025-12-31,0.9,True
ALIAS_04224,P_04320,H. Toor,CCTNS_ALIAS_LOG,2024-01-01,2025-12-31,0.9,True
ALIAS_04225,P_04321,A. Deshpande,CCTNS_ALIAS_LOG,2024-01-01,2025-12-31,0.9,True
ALIAS_04226,P_04322,U. Bhakta,CCTNS_ALIAS_LOG,2024-01-01,2025-12-31,0.9,True
ALIAS_04227,P_04323,J. Prabhakar,CCTNS_ALIAS_LOG,2024-01-01,2025-12-31,0.9,True
ALIAS_04228,P_04324,J. Dara,CCTNS_ALIAS_LOG,2024-01-01,2025-12-31,0.9,True
ALIAS_04229,P_04325,K. Chauhan,CCTNS_ALIAS_LOG,2024-01-01,2025-12-31,0.9,True
ALIAS_04230,P_04326,A. Thaman,CCTNS_ALIAS_LOG,2024-01-01,2025-12-31,0.9,True
ALIAS_04231,P_04327,E. Doctor,CCTNS_ALIAS_LOG,2024-01-01,2025-12-31,0.9,True
ALIAS_04232,P_04328,I. Subramanian,CCTNS_ALIAS_LOG,2024-01-01,2025-12-31,0.9,True
ALIAS_04233,P_04329,U. Prakash,CCTNS_ALIAS_LOG,2024-01-01,2025-12-31,0.9,True
ALIAS_04234,P_04330,D. Vasa,CCTNS_ALIAS_LOG,2024-01-01,2025-12-31,0.9,True
ALIAS_04235,P_04331,R. Pau,CCTNS_ALIAS_LOG,2024-01-01,2025-12-31,0.9,True
ALIAS_04236,P_04332,P. Dugar,CCTNS_ALIAS_LOG,2024-01-01,2025-12-31,0.9,True
ALIAS_04237,P_04333,J. Pandey,CCTNS_ALIAS_LOG,2024-01-01,2025-12-31,0.9,True
ALIAS_04238,P_04334,K. Bahri,CCTNS_ALIAS_LOG,2024-01-01,2025-12-31,0.9,True
ALIAS_04239,P_04335,C. Chandran,CCTNS_ALIAS_LOG,2024-01-01,2025-12-31,0.9,True
ALIAS_04240,P_04336,S. Sura,CCTNS_ALIAS_LOG,2024-01-01,2025-12-31,0.9,True
ALIAS_04241,P_04337,A. Natarajan,CCTNS_ALIAS_LOG,2024-01-01,2025-12-31,0.9,True
ALIAS_04242,P_04338,U. Ramakrishnan,CCTNS_ALIAS_LOG,2024-01-01,2025-12-31,0.9,True
ALIAS_04243,P_04339,N. Narang,CCTNS_ALIAS_LOG,2024-01-01,2025-12-31,0.9,True
ALIAS_04244,P_04340,A. Luthra,CCTNS_ALIAS_LOG,2024-01-01,2025-12-31,0.9,True
ALIAS_04245,P_04341,K. Basu,CCTNS_ALIAS_LOG,2024-01-01,2025-12-31,0.9,True
ALIAS_04246,P_04342,L. Wadhwa,CCTNS_ALIAS_LOG,2024-01-01,2025-12-31,0.9,True
ALIAS_04247,P_04343,A. Mohan,CCTNS_ALIAS_LOG,2024-01-01,2025-12-31,0.9,True
ALIAS_04248,P_04344,A. Parsa,CCTNS_ALIAS_LOG,2024-01-01,2025-12-31,0.9,True
ALIAS_04249,P_04345,C. Borah,CCTNS_ALIAS_LOG,2024-01-01,2025-12-31,0.9,True
ALIAS_04250,P_04346,A. Vohra,CCTNS_ALIAS_LOG,2024-01-01,2025-12-31,0.9,True
ALIAS_04251,P_04347,M. Bal,CCTNS_ALIAS_LOG,2024-01-01,2025-12-31,0.9,True
ALIAS_04252,P_04348,A. Kadakia,CCTNS_ALIAS_LOG,2024-01-01,2025-12-31,0.9,True
ALIAS_04253,P_04349,S. Kapur,CCTNS_ALIAS_LOG,2024-01-01,2025-12-31,0.9,True
ALIAS_04254,P_04350,W. Batra,CCTNS_ALIAS_LOG,2024-01-01,2025-12-31,0.9,True
ALIAS_04255,P_04351,J. Dara,CCTNS_ALIAS_LOG,2024-01-01,2025-12-31,0.9,True
ALIAS_04256,P_04352,H. Das,CCTNS_ALIAS_LOG,2024-01-01,2025-12-31,0.9,True
ALIAS_04257,P_04353,T. Bhandari,CCTNS_ALIAS_LOG,2024-01-01,2025-12-31,0.9,True
ALIAS_04258,P_04354,A. Morar,CCTNS_ALIAS_LOG,2024-01-01,2025-12-31,0.9,True
ALIAS_04259,P_04355,E. Ganesan,CCTNS_ALIAS_LOG,2024-01-01,2025-12-31,0.9,True
ALIAS_04260,P_04356,S. Ganesh,CCTNS_ALIAS_LOG,2024-01-01,2025-12-31,0.9,True
ALIAS_04261,P_04357,B. Bahl,CCTNS_ALIAS_LOG,2024-01-01,2025-12-31,0.9,True
ALIAS_04262,P_04358,R. Badami,CCTNS_ALIAS_LOG,2024-01-01,2025-12-31,0.9,True
ALIAS_04263,P_04359,A. Borde,CCTNS_ALIAS_LOG,2024-01-01,2025-12-31,0.9,True
ALIAS_04264,P_04360,L. Swaminathan,CCTNS_ALIAS_LOG,2024-01-01,2025-12-31,0.9,True
ALIAS_04265,P_04361,I. Karnik,CCTNS_ALIAS_LOG,2024-01-01,2025-12-31,0.9,True
ALIAS_04266,P_04362,K. Nanda,CCTNS_ALIAS_LOG,2024-01-01,2025-12-31,0.9,True
ALIAS_04267,P_04363,Y. Banik,CCTNS_ALIAS_LOG,2024-01-01,2025-12-31,0.9,True
ALIAS_04268,P_04364,M. Savant,CCTNS_ALIAS_LOG,2024-01-01,2025-12-31,0.9,True
ALIAS_04269,P_04365,H. Saini,CCTNS_ALIAS_LOG,2024-01-01,2025-12-31,0.9,True
ALIAS_04270,P_04366,Z. Pathak,CCTNS_ALIAS_LOG,2024-01-01,2025-12-31,0.9,True
ALIAS_04271,P_04367,A. Bala,CCTNS_ALIAS_LOG,2024-01-01,2025-12-31,0.9,True
ALIAS_04272,P_04368,G. Mukherjee,CCTNS_ALIAS_LOG,2024-01-01,2025-12-31,0.9,True
ALIAS_04273,P_04369,U. Kumer,CCTNS_ALIAS_LOG,2024-01-01,2025-12-31,0.9,True
ALIAS_04274,P_04370,A. Dey,CCTNS_ALIAS_LOG,2024-01-01,2025-12-31,0.9,True
ALIAS_04275,P_04371,N. Babu,CCTNS_ALIAS_LOG,2024-01-01,2025-12-31,0.9,True
ALIAS_04276,P_04372,M. Shenoy,CCTNS_ALIAS_LOG,2024-01-01,2025-12-31,0.9,True
ALIAS_04277,P_04373,N. Dhillon,CCTNS_ALIAS_LOG,2024-01-01,2025-12-31,0.9,True
ALIAS_04278,P_04374,X. Gala,CCTNS_ALIAS_LOG,2024-01-01,2025-12-31,0.9,True
ALIAS_04279,P_04375,L. Nori,CCTNS_ALIAS_LOG,2024-01-01,2025-12-31,0.9,True
ALIAS_04280,P_04376,L. Singh,CCTNS_ALIAS_LOG,2024-01-01,2025-12-31,0.9,True
ALIAS_04281,P_04377,J. Pillay,CCTNS_ALIAS_LOG,2024-01-01,2025-12-31,0.9,True
ALIAS_04282,P_04378,D. Singhal,CCTNS_ALIAS_LOG,2024-01-01,2025-12-31,0.9,True
ALIAS_04283,P_04379,S. Sachar,CCTNS_ALIAS_LOG,2024-01-01,2025-12-31,0.9,True
ALIAS_04284,P_04380,J. Lalla,CCTNS_ALIAS_LOG,2024-01-01,2025-12-31,0.9,True
ALIAS_04285,P_04381,A. Sarraf,CCTNS_ALIAS_LOG,2024-01-01,2025-12-31,0.9,True
ALIAS_04286,P_04382,J. Gara,CCTNS_ALIAS_LOG,2024-01-01,2025-12-31,0.9,True
ALIAS_04287,P_04383,Q. Grover,CCTNS_ALIAS_LOG,2024-01-01,2025-12-31,0.9,True
ALIAS_04288,P_04384,A. Char,CCTNS_ALIAS_LOG,2024-01-01,2025-12-31,0.9,True
ALIAS_04289,P_04385,I. Sehgal,CCTNS_ALIAS_LOG,2024-01-01,2025-12-31,0.9,True
ALIAS_04290,P_04386,N. Sampath,CCTNS_ALIAS_LOG,2024-01-01,2025-12-31,0.9,True
ALIAS_04291,P_04387,N. Srinivasan,CCTNS_ALIAS_LOG,2024-01-01,2025-12-31,0.9,True
ALIAS_04292,P_04388,C. Lal,CCTNS_ALIAS_LOG,2024-01-01,2025-12-31,0.9,True
ALIAS_04293,P_04389,U. Aurora,CCTNS_ALIAS_LOG,2024-01-01,2025-12-31,0.9,True
ALIAS_04294,P_04390,G. Chhabra,CCTNS_ALIAS_LOG,2024-01-01,2025-12-31,0.9,True
ALIAS_04295,P_04391,N. Nazareth,CCTNS_ALIAS_LOG,2024-01-01,2025-12-31,0.9,True
ALIAS_04296,P_04392,B. Nigam,CCTNS_ALIAS_LOG,2024-01-01,2025-12-31,0.9,True
ALIAS_04297,P_04393,U. Vyas,CCTNS_ALIAS_LOG,2024-01-01,2025-12-31,0.9,True
ALIAS_04298,P_04394,J. Badal,CCTNS_ALIAS_LOG,2024-01-01,2025-12-31,0.9,True
ALIAS_04299,P_04395,V. Memon,CCTNS_ALIAS_LOG,2024-01-01,2025-12-31,0.9,True
ALIAS_04300,P_04396,R. Sinha,CCTNS_ALIAS_LOG,2024-01-01,2025-12-31,0.9,True
ALIAS_04301,P_04397,D. Shenoy,CCTNS_ALIAS_LOG,2024-01-01,2025-12-31,0.9,True
ALIAS_04302,P_04398,T. Ganesh,CCTNS_ALIAS_LOG,2024-01-01,2025-12-31,0.9,True
ALIAS_04303,P_04399,E. Rege,CCTNS_ALIAS_LOG,2024-01-01,2025-12-31,0.9,True
ALIAS_04304,P_04400,M. Vasa,CCTNS_ALIAS_LOG,2024-01-01,2025-12-31,0.9,True
ALIAS_04305,P_04401,I. Chadha,CCTNS_ALIAS_LOG,2024-01-01,2025-12-31,0.9,True
ALIAS_04306,P_04402,R. Krishna,CCTNS_ALIAS_LOG,2024-01-01,2025-12-31,0.9,True
ALIAS_04307,P_04403,R. Mani,CCTNS_ALIAS_LOG,2024-01-01,2025-12-31,0.9,True
ALIAS_04308,P_04404,J. Bhattacharyya,CCTNS_ALIAS_LOG,2024-01-01,2025-12-31,0.9,True
ALIAS_04309,P_04405,A. Shenoy,CCTNS_ALIAS_LOG,2024-01-01,2025-12-31,0.9,True
ALIAS_04310,P_04406,S. Hari,CCTNS_ALIAS_LOG,2024-01-01,2025-12-31,0.9,True
ALIAS_04311,P_04407,N. Kashyap,CCTNS_ALIAS_LOG,2024-01-01,2025-12-31,0.9,True
ALIAS_04312,P_04408,C. Dash,CCTNS_ALIAS_LOG,2024-01-01,2025-12-31,0.9,True
ALIAS_04313,P_04409,Z. Wagle,CCTNS_ALIAS_LOG,2024-01-01,2025-12-31,0.9,True
ALIAS_04314,P_04410,N. Goyal,CCTNS_ALIAS_LOG,2024-01-01,2025-12-31,0.9,True
ALIAS_04315,P_04411,T. Saraf,CCTNS_ALIAS_LOG,2024-01-01,2025-12-31,0.9,True
ALIAS_04316,P_04412,R. Seth,CCTNS_ALIAS_LOG,2024-01-01,2025-12-31,0.9,True
ALIAS_04317,P_04413,A. Vohra,CCTNS_ALIAS_LOG,2024-01-01,2025-12-31,0.9,True
ALIAS_04318,P_04414,Q. Sood,CCTNS_ALIAS_LOG,2024-01-01,2025-12-31,0.9,True
ALIAS_04319,P_04415,V. Chauhan,CCTNS_ALIAS_LOG,2024-01-01,2025-12-31,0.9,True
ALIAS_04320,P_04416,B. Gill,CCTNS_ALIAS_LOG,2024-01-01,2025-12-31,0.9,True
ALIAS_04321,P_04417,Y. Thakur,CCTNS_ALIAS_LOG,2024-01-01,2025-12-31,0.9,True
ALIAS_04322,P_04418,D. Atwal,CCTNS_ALIAS_LOG,2024-01-01,2025-12-31,0.9,True
ALIAS_04323,P_04419,H. Balasubramanian,CCTNS_ALIAS_LOG,2024-01-01,2025-12-31,0.9,True
ALIAS_04324,P_04420,S. Kant,CCTNS_ALIAS_LOG,2024-01-01,2025-12-31,0.9,True
ALIAS_04325,P_04421,A. Sandal,CCTNS_ALIAS_LOG,2024-01-01,2025-12-31,0.9,True
ALIAS_04326,P_04422,O. Basak,CCTNS_ALIAS_LOG,2024-01-01,2025-12-31,0.9,True
ALIAS_04327,P_04423,V. Ben,CCTNS_ALIAS_LOG,2024-01-01,2025-12-31,0.9,True
ALIAS_04328,P_04424,F. Malhotra,CCTNS_ALIAS_LOG,2024-01-01,2025-12-31,0.9,True
ALIAS_04329,P_04425,S. Saini,CCTNS_ALIAS_LOG,2024-01-01,2025-12-31,0.9,True
ALIAS_04330,P_04426,S. Sandal,CCTNS_ALIAS_LOG,2024-01-01,2025-12-31,0.9,True
ALIAS_04331,P_04427,R. Narula,CCTNS_ALIAS_LOG,2024-01-01,2025-12-31,0.9,True
ALIAS_04332,P_04428,J. Som,CCTNS_ALIAS_LOG,2024-01-01,2025-12-31,0.9,True
ALIAS_04333,P_04429,Y. Soni,CCTNS_ALIAS_LOG,2024-01-01,2025-12-31,0.9,True
ALIAS_04334,P_04430,S. Subramaniam,CCTNS_ALIAS_LOG,2024-01-01,2025-12-31,0.9,True
ALIAS_04335,P_04431,Y. Kaur,CCTNS_ALIAS_LOG,2024-01-01,2025-12-31,0.9,True
ALIAS_04336,P_04432,K. Barad,CCTNS_ALIAS_LOG,2024-01-01,2025-12-31,0.9,True
ALIAS_04337,P_04433,M. Taneja,CCTNS_ALIAS_LOG,2024-01-01,2025-12-31,0.9,True
ALIAS_04338,P_04434,M. Chopra,CCTNS_ALIAS_LOG,2024-01-01,2025-12-31,0.9,True
ALIAS_04339,P_04435,U. Trivedi,CCTNS_ALIAS_LOG,2024-01-01,2025-12-31,0.9,True
ALIAS_04340,P_04436,Y. Prashad,CCTNS_ALIAS_LOG,2024-01-01,2025-12-31,0.9,True
ALIAS_04341,P_04437,W. Thakkar,CCTNS_ALIAS_LOG,2024-01-01,2025-12-31,0.9,True
ALIAS_04342,P_04438,O. Sinha,CCTNS_ALIAS_LOG,2024-01-01,2025-12-31,0.9,True
ALIAS_04343,P_04439,K. Sen,CCTNS_ALIAS_LOG,2024-01-01,2025-12-31,0.9,True
ALIAS_04344,P_04440,M. Bobal,CCTNS_ALIAS_LOG,2024-01-01,2025-12-31,0.9,True
ALIAS_04345,P_04441,D. Srinivas,CCTNS_ALIAS_LOG,2024-01-01,2025-12-31,0.9,True
ALIAS_04346,P_04442,L. Dada,CCTNS_ALIAS_LOG,2024-01-01,2025-12-31,0.9,True
ALIAS_04347,P_04443,A. Gala,CCTNS_ALIAS_LOG,2024-01-01,2025-12-31,0.9,True
ALIAS_04348,P_04444,C. Kala,CCTNS_ALIAS_LOG,2024-01-01,2025-12-31,0.9,True
ALIAS_04349,P_04445,A. Rajagopalan,CCTNS_ALIAS_LOG,2024-01-01,2025-12-31,0.9,True
ALIAS_04350,P_04446,D. Saran,CCTNS_ALIAS_LOG,2024-01-01,2025-12-31,0.9,True
ALIAS_04351,P_04447,B. Chokshi,CCTNS_ALIAS_LOG,2024-01-01,2025-12-31,0.9,True
ALIAS_04352,P_04448,A. Nath,CCTNS_ALIAS_LOG,2024-01-01,2025-12-31,0.9,True
ALIAS_04353,P_04449,N. Joshi,CCTNS_ALIAS_LOG,2024-01-01,2025-12-31,0.9,True
ALIAS_04354,P_04450,E. Narayanan,CCTNS_ALIAS_LOG,2024-01-01,2025-12-31,0.9,True
ALIAS_04355,P_04451,L. Sundaram,CCTNS_ALIAS_LOG,2024-01-01,2025-12-31,0.9,True
ALIAS_04356,P_04452,R. Borah,CCTNS_ALIAS_LOG,2024-01-01,2025-12-31,0.9,True
ALIAS_04357,P_04453,V. Raghavan,CCTNS_ALIAS_LOG,2024-01-01,2025-12-31,0.9,True
ALIAS_04358,P_04454,L. Srinivas,CCTNS_ALIAS_LOG,2024-01-01,2025-12-31,0.9,True
ALIAS_04359,P_04455,J. Deo,CCTNS_ALIAS_LOG,2024-01-01,2025-12-31,0.9,True
ALIAS_04360,P_04456,C. Jani,CCTNS_ALIAS_LOG,2024-01-01,2025-12-31,0.9,True
ALIAS_04361,P_04457,L. Sur,CCTNS_ALIAS_LOG,2024-01-01,2025-12-31,0.9,True
ALIAS_04362,P_04458,Z. Samra,CCTNS_ALIAS_LOG,2024-01-01,2025-12-31,0.9,True
ALIAS_04363,P_04459,B. Bera,CCTNS_ALIAS_LOG,2024-01-01,2025-12-31,0.9,True
ALIAS_04364,P_04460,S. Devi,CCTNS_ALIAS_LOG,2024-01-01,2025-12-31,0.9,True
ALIAS_04365,P_04461,D. Natt,CCTNS_ALIAS_LOG,2024-01-01,2025-12-31,0.9,True
ALIAS_04366,P_04462,Y. Dasgupta,CCTNS_ALIAS_LOG,2024-01-01,2025-12-31,0.9,True
ALIAS_04367,P_04463,D. Sachdev,CCTNS_ALIAS_LOG,2024-01-01,2025-12-31,0.9,True
ALIAS_04368,P_04464,I. Balan,CCTNS_ALIAS_LOG,2024-01-01,2025-12-31,0.9,True
ALIAS_04369,P_04465,V. Modi,CCTNS_ALIAS_LOG,2024-01-01,2025-12-31,0.9,True
ALIAS_04370,P_04466,N. Ray,CCTNS_ALIAS_LOG,2024-01-01,2025-12-31,0.9,True
ALIAS_04371,P_04467,S. Walla,CCTNS_ALIAS_LOG,2024-01-01,2025-12-31,0.9,True
ALIAS_04372,P_04468,C. Bala,CCTNS_ALIAS_LOG,2024-01-01,2025-12-31,0.9,True
ALIAS_04373,P_04469,A. Munshi,CCTNS_ALIAS_LOG,2024-01-01,2025-12-31,0.9,True
ALIAS_04374,P_04470,H. Deo,CCTNS_ALIAS_LOG,2024-01-01,2025-12-31,0.9,True
ALIAS_04375,P_04471,F. Goda,CCTNS_ALIAS_LOG,2024-01-01,2025-12-31,0.9,True
ALIAS_04376,P_04472,I. Koshy,CCTNS_ALIAS_LOG,2024-01-01,2025-12-31,0.9,True
ALIAS_04377,P_04473,B. Barad,CCTNS_ALIAS_LOG,2024-01-01,2025-12-31,0.9,True
ALIAS_04378,P_04474,A. Magar,CCTNS_ALIAS_LOG,2024-01-01,2025-12-31,0.9,True
ALIAS_04379,P_04475,G. Ghosh,CCTNS_ALIAS_LOG,2024-01-01,2025-12-31,0.9,True
ALIAS_04380,P_04476,M. Bahri,CCTNS_ALIAS_LOG,2024-01-01,2025-12-31,0.9,True
ALIAS_04381,P_04477,F. Sachdeva,CCTNS_ALIAS_LOG,2024-01-01,2025-12-31,0.9,True
ALIAS_04382,P_04478,D. Bhatnagar,CCTNS_ALIAS_LOG,2024-01-01,2025-12-31,0.9,True
ALIAS_04383,P_04479,J. Manda,CCTNS_ALIAS_LOG,2024-01-01,2025-12-31,0.9,True
ALIAS_04384,P_04480,O. Sarin,CCTNS_ALIAS_LOG,2024-01-01,2025-12-31,0.9,True
ALIAS_04385,P_04481,C. Kade,CCTNS_ALIAS_LOG,2024-01-01,2025-12-31,0.9,True
ALIAS_04386,P_04482,P. Agate,CCTNS_ALIAS_LOG,2024-01-01,2025-12-31,0.9,True
ALIAS_04387,P_04483,Y. Kurian,CCTNS_ALIAS_LOG,2024-01-01,2025-12-31,0.9,True
ALIAS_04388,P_04484,A. Ben,CCTNS_ALIAS_LOG,2024-01-01,2025-12-31,0.9,True
ALIAS_04389,P_04485,D. Ratti,CCTNS_ALIAS_LOG,2024-01-01,2025-12-31,0.9,True
ALIAS_04390,P_04486,R. Dugal,CCTNS_ALIAS_LOG,2024-01-01,2025-12-31,0.9,True
ALIAS_04391,P_04487,D. Kari,CCTNS_ALIAS_LOG,2024-01-01,2025-12-31,0.9,True
ALIAS_04392,P_04488,N. Kade,CCTNS_ALIAS_LOG,2024-01-01,2025-12-31,0.9,True
ALIAS_04393,P_04489,A. Oommen,CCTNS_ALIAS_LOG,2024-01-01,2025-12-31,0.9,True
ALIAS_04394,P_04490,L. Dhar,CCTNS_ALIAS_LOG,2024-01-01,2025-12-31,0.9,True
ALIAS_04395,P_04491,K. Rajagopalan,CCTNS_ALIAS_LOG,2024-01-01,2025-12-31,0.9,True
ALIAS_04396,P_04492,E. Balan,CCTNS_ALIAS_LOG,2024-01-01,2025-12-31,0.9,True
ALIAS_04397,P_04493,A. Oak,CCTNS_ALIAS_LOG,2024-01-01,2025-12-31,0.9,True
ALIAS_04398,P_04494,R. Pathak,CCTNS_ALIAS_LOG,2024-01-01,2025-12-31,0.9,True
ALIAS_04399,P_04495,U. Aggarwal,CCTNS_ALIAS_LOG,2024-01-01,2025-12-31,0.9,True
ALIAS_04400,P_04496,Z. Seth,CCTNS_ALIAS_LOG,2024-01-01,2025-12-31,0.9,True
ALIAS_04401,P_04497,C. Krishnan,CCTNS_ALIAS_LOG,2024-01-01,2025-12-31,0.9,True
ALIAS_04402,P_04498,A. Walia,CCTNS_ALIAS_LOG,2024-01-01,2025-12-31,0.9,True
ALIAS_04403,P_04499,C. Kumer,CCTNS_ALIAS_LOG,2024-01-01,2025-12-31,0.9,True
ALIAS_04404,P_04500,E. Golla,CCTNS_ALIAS_LOG,2024-01-01,2025-12-31,0.9,True
ALIAS_04405,P_04001,Z. Dass,CCTNS_ALIAS_LOG,2024-01-01,2025-12-31,0.9,True
ALIAS_04406,P_04002,T. Pal,CCTNS_ALIAS_LOG,2024-01-01,2025-12-31,0.9,True
ALIAS_04407,P_04003,H. Hans,CCTNS_ALIAS_LOG,2024-01-01,2025-12-31,0.9,True
ALIAS_04408,P_04004,G. Narayanan,CCTNS_ALIAS_LOG,2024-01-01,2025-12-31,0.9,True
ALIAS_04409,P_04005,A. Kade,CCTNS_ALIAS_LOG,2024-01-01,2025-12-31,0.9,True
ALIAS_04410,P_04006,M. Swaminathan,CCTNS_ALIAS_LOG,2024-01-01,2025-12-31,0.9,True
ALIAS_04411,P_04007,B. Rai,CCTNS_ALIAS_LOG,2024-01-01,2025-12-31,0.9,True
ALIAS_04412,P_04008,E. Kumer,CCTNS_ALIAS_LOG,2024-01-01,2025-12-31,0.9,True
ALIAS_04413,P_04009,U. Walia,CCTNS_ALIAS_LOG,2024-01-01,2025-12-31,0.9,True
ALIAS_04414,P_04010,G. Zacharia,CCTNS_ALIAS_LOG,2024-01-01,2025-12-31,0.9,True
ALIAS_04415,P_04011,M. Shenoy,CCTNS_ALIAS_LOG,2024-01-01,2025-12-31,0.9,True
ALIAS_04416,P_04012,B. Zacharia,CCTNS_ALIAS_LOG,2024-01-01,2025-12-31,0.9,True
ALIAS_04417,P_04013,T. Hari,CCTNS_ALIAS_LOG,2024-01-01,2025-12-31,0.9,True
ALIAS_04418,P_04014,B. Agate,CCTNS_ALIAS_LOG,2024-01-01,2025-12-31,0.9,True
ALIAS_04419,P_04015,I. Jain,CCTNS_ALIAS_LOG,2024-01-01,2025-12-31,0.9,True
ALIAS_04420,P_04016,U. Dhaliwal,CCTNS_ALIAS_LOG,2024-01-01,2025-12-31,0.9,True
ALIAS_04421,P_04017,L. Kar,CCTNS_ALIAS_LOG,2024-01-01,2025-12-31,0.9,True
ALIAS_04422,P_04018,F. Chhabra,CCTNS_ALIAS_LOG,2024-01-01,2025-12-31,0.9,True
ALIAS_04423,P_04019,U. Sule,CCTNS_ALIAS_LOG,2024-01-01,2025-12-31,0.9,True
ALIAS_04424,P_04020,A. Wali,CCTNS_ALIAS_LOG,2024-01-01,2025-12-31,0.9,True
ALIAS_04425,P_04021,F. Nath,CCTNS_ALIAS_LOG,2024-01-01,2025-12-31,0.9,True
ALIAS_04426,P_04022,S. Ahuja,CCTNS_ALIAS_LOG,2024-01-01,2025-12-31,0.9,True
ALIAS_04427,P_04023,H. Mannan,CCTNS_ALIAS_LOG,2024-01-01,2025-12-31,0.9,True
ALIAS_04428,P_04024,U. Manne,CCTNS_ALIAS_LOG,2024-01-01,2025-12-31,0.9,True
ALIAS_04429,P_04025,V. Kant,CCTNS_ALIAS_LOG,2024-01-01,2025-12-31,0.9,True
ALIAS_04430,P_04026,V. Balan,CCTNS_ALIAS_LOG,2024-01-01,2025-12-31,0.9,True
ALIAS_04431,P_04027,L. Kapadia,CCTNS_ALIAS_LOG,2024-01-01,2025-12-31,0.9,True
ALIAS_04432,P_04028,F. Chand,CCTNS_ALIAS_LOG,2024-01-01,2025-12-31,0.9,True
ALIAS_04433,P_04029,J. Badal,CCTNS_ALIAS_LOG,2024-01-01,2025-12-31,0.9,True
ALIAS_04434,P_04030,A. Warrior,CCTNS_ALIAS_LOG,2024-01-01,2025-12-31,0.9,True
ALIAS_04435,P_04031,N. Krish,CCTNS_ALIAS_LOG,2024-01-01,2025-12-31,0.9,True
ALIAS_04436,P_04032,V. Dhillon,CCTNS_ALIAS_LOG,2024-01-01,2025-12-31,0.9,True
ALIAS_04437,P_04033,B. Khurana,CCTNS_ALIAS_LOG,2024-01-01,2025-12-31,0.9,True
ALIAS_04438,P_04034,L. Raman,CCTNS_ALIAS_LOG,2024-01-01,2025-12-31,0.9,True
ALIAS_04439,P_04035,O. Ganguly,CCTNS_ALIAS_LOG,2024-01-01,2025-12-31,0.9,True
ALIAS_04440,P_04036,L. Sarma,CCTNS_ALIAS_LOG,2024-01-01,2025-12-31,0.9,True
ALIAS_04441,P_04037,U. Ramaswamy,CCTNS_ALIAS_LOG,2024-01-01,2025-12-31,0.9,True
ALIAS_04442,P_04038,A. Sibal,CCTNS_ALIAS_LOG,2024-01-01,2025-12-31,0.9,True
ALIAS_04443,P_04039,I. Sachar,CCTNS_ALIAS_LOG,2024-01-01,2025-12-31,0.9,True
ALIAS_04444,P_04040,K. Dhawan,CCTNS_ALIAS_LOG,2024-01-01,2025-12-31,0.9,True
ALIAS_04445,P_04041,I. Sarraf,CCTNS_ALIAS_LOG,2024-01-01,2025-12-31,0.9,True
ALIAS_04446,P_04042,Z. Misra,CCTNS_ALIAS_LOG,2024-01-01,2025-12-31,0.9,True
ALIAS_04447,P_04043,W. Hegde,CCTNS_ALIAS_LOG,2024-01-01,2025-12-31,0.9,True
ALIAS_04448,P_04044,J. Mangat,CCTNS_ALIAS_LOG,2024-01-01,2025-12-31,0.9,True
ALIAS_04449,P_04045,P. Pandit,CCTNS_ALIAS_LOG,2024-01-01,2025-12-31,0.9,True
ALIAS_04450,P_04046,H. Master,CCTNS_ALIAS_LOG,2024-01-01,2025-12-31,0.9,True
ALIAS_04451,P_04047,B. Anand,CCTNS_ALIAS_LOG,2024-01-01,2025-12-31,0.9,True
ALIAS_04452,P_04048,H. Nagy,CCTNS_ALIAS_LOG,2024-01-01,2025-12-31,0.9,True
ALIAS_04453,P_04049,B. Madan,CCTNS_ALIAS_LOG,2024-01-01,2025-12-31,0.9,True
ALIAS_04454,P_04050,N. Ganesan,CCTNS_ALIAS_LOG,2024-01-01,2025-12-31,0.9,True
ALIAS_04455,P_04051,C. Bali,CCTNS_ALIAS_LOG,2024-01-01,2025-12-31,0.9,True
ALIAS_04456,P_04052,E. Sethi,CCTNS_ALIAS_LOG,2024-01-01,2025-12-31,0.9,True
ALIAS_04457,P_04053,P. Sachdev,CCTNS_ALIAS_LOG,2024-01-01,2025-12-31,0.9,True
ALIAS_04458,P_04054,A. Kota,CCTNS_ALIAS_LOG,2024-01-01,2025-12-31,0.9,True
ALIAS_04459,P_04055,V. Dyal,CCTNS_ALIAS_LOG,2024-01-01,2025-12-31,0.9,True
ALIAS_04460,P_04056,O. Ganesan,CCTNS_ALIAS_LOG,2024-01-01,2025-12-31,0.9,True
ALIAS_04461,P_04057,A. Biswas,CCTNS_ALIAS_LOG,2024-01-01,2025-12-31,0.9,True
ALIAS_04462,P_04058,O. Morar,CCTNS_ALIAS_LOG,2024-01-01,2025-12-31,0.9,True
ALIAS_04463,P_04059,M. Iyer,CCTNS_ALIAS_LOG,2024-01-01,2025-12-31,0.9,True
ALIAS_04464,P_04060,V. Khatri,CCTNS_ALIAS_LOG,2024-01-01,2025-12-31,0.9,True
ALIAS_04465,P_04061,M. Kale,CCTNS_ALIAS_LOG,2024-01-01,2025-12-31,0.9,True
ALIAS_04466,P_04062,V. Pau,CCTNS_ALIAS_LOG,2024-01-01,2025-12-31,0.9,True
ALIAS_04467,P_04063,D. Sangha,CCTNS_ALIAS_LOG,2024-01-01,2025-12-31,0.9,True
ALIAS_04468,P_04064,A. Narasimhan,CCTNS_ALIAS_LOG,2024-01-01,2025-12-31,0.9,True
ALIAS_04469,P_04065,Y. Mammen,CCTNS_ALIAS_LOG,2024-01-01,2025-12-31,0.9,True
ALIAS_04470,P_04066,C. Ghosh,CCTNS_ALIAS_LOG,2024-01-01,2025-12-31,0.9,True
ALIAS_04471,P_04067,A. Bhalla,CCTNS_ALIAS_LOG,2024-01-01,2025-12-31,0.9,True
ALIAS_04472,P_04068,S. Nagy,CCTNS_ALIAS_LOG,2024-01-01,2025-12-31,0.9,True
ALIAS_04473,P_04069,A. Samra,CCTNS_ALIAS_LOG,2024-01-01,2025-12-31,0.9,True
ALIAS_04474,P_04070,M. Mahajan,CCTNS_ALIAS_LOG,2024-01-01,2025-12-31,0.9,True
ALIAS_04475,P_04071,B. Ramaswamy,CCTNS_ALIAS_LOG,2024-01-01,2025-12-31,0.9,True
ALIAS_04476,P_04072,V. Dutta,CCTNS_ALIAS_LOG,2024-01-01,2025-12-31,0.9,True
ALIAS_04477,P_04073,C. Wali,CCTNS_ALIAS_LOG,2024-01-01,2025-12-31,0.9,True
ALIAS_04478,P_04074,D. Bansal,CCTNS_ALIAS_LOG,2024-01-01,2025-12-31,0.9,True
ALIAS_04479,P_04075,A. Desai,CCTNS_ALIAS_LOG,2024-01-01,2025-12-31,0.9,True
ALIAS_04480,P_04076,T. Krish,CCTNS_ALIAS_LOG,2024-01-01,2025-12-31,0.9,True
ALIAS_04481,P_04077,I. Palan,CCTNS_ALIAS_LOG,2024-01-01,2025-12-31,0.9,True
ALIAS_04482,P_04078,P. Rajagopalan,CCTNS_ALIAS_LOG,2024-01-01,2025-12-31,0.9,True
ALIAS_04483,P_04079,I. Kapur,CCTNS_ALIAS_LOG,2024-01-01,2025-12-31,0.9,True
ALIAS_04484,P_04080,H. Krish,CCTNS_ALIAS_LOG,2024-01-01,2025-12-31,0.9,True
ALIAS_04485,P_04081,Y. Mangat,CCTNS_ALIAS_LOG,2024-01-01,2025-12-31,0.9,True
ALIAS_04486,P_04082,L. Kala,CCTNS_ALIAS_LOG,2024-01-01,2025-12-31,0.9,True
ALIAS_04487,P_04083,M. Dara,CCTNS_ALIAS_LOG,2024-01-01,2025-12-31,0.9,True
ALIAS_04488,P_04084,P. Vohra,CCTNS_ALIAS_LOG,2024-01-01,2025-12-31,0.9,True
ALIAS_04489,P_04085,G. Buch,CCTNS_ALIAS_LOG,2024-01-01,2025-12-31,0.9,True
ALIAS_04490,P_04086,C. Lalla,CCTNS_ALIAS_LOG,2024-01-01,2025-12-31,0.9,True
ALIAS_04491,P_04087,O. Madan,CCTNS_ALIAS_LOG,2024-01-01,2025-12-31,0.9,True
ALIAS_04492,P_04088,Y. Sahni,CCTNS_ALIAS_LOG,2024-01-01,2025-12-31,0.9,True
ALIAS_04493,P_04089,B. Gulati,CCTNS_ALIAS_LOG,2024-01-01,2025-12-31,0.9,True
ALIAS_04494,P_04090,A. Nagi,CCTNS_ALIAS_LOG,2024-01-01,2025-12-31,0.9,True
ALIAS_04495,P_04091,C. Bhatia,CCTNS_ALIAS_LOG,2024-01-01,2025-12-31,0.9,True
ALIAS_04496,P_04092,E. Prasad,CCTNS_ALIAS_LOG,2024-01-01,2025-12-31,0.9,True
ALIAS_04497,P_04093,Z. Khurana,CCTNS_ALIAS_LOG,2024-01-01,2025-12-31,0.9,True
ALIAS_04498,P_04094,O. Keer,CCTNS_ALIAS_LOG,2024-01-01,2025-12-31,0.9,True
ALIAS_04499,P_04095,B. Palan,CCTNS_ALIAS_LOG,2024-01-01,2025-12-31,0.9,True
ALIAS_04500,P_04096,G. Chauhan,CCTNS_ALIAS_LOG,2024-01-01,2025-12-31,0.9,True
ALIAS_04501,P_04501,M. Jha,CCTNS_ALIAS_LOG,2024-01-01,2025-12-31,0.9,True
ALIAS_04502,P_04502,L. Agate,CCTNS_ALIAS_LOG,2024-01-01,2025-12-31,0.9,True
ALIAS_04503,P_04503,A. Golla,CCTNS_ALIAS_LOG,2024-01-01,2025-12-31,0.9,True
ALIAS_04504,P_04504,W. Barad,CCTNS_ALIAS_LOG,2024-01-01,2025-12-31,0.9,True
ALIAS_04505,P_04505,G. Soman,CCTNS_ALIAS_LOG,2024-01-01,2025-12-31,0.9,True
ALIAS_04506,P_04506,J. Gara,CCTNS_ALIAS_LOG,2024-01-01,2025-12-31,0.9,True
ALIAS_04507,P_04507,B. Nagarajan,CCTNS_ALIAS_LOG,2024-01-01,2025-12-31,0.9,True
ALIAS_04508,P_04508,A. Pau,CCTNS_ALIAS_LOG,2024-01-01,2025-12-31,0.9,True
ALIAS_04509,P_04509,B. Prasad,CCTNS_ALIAS_LOG,2024-01-01,2025-12-31,0.9,True
ALIAS_04510,P_04510,D. Vora,CCTNS_ALIAS_LOG,2024-01-01,2025-12-31,0.9,True
ALIAS_04511,P_04511,L. Basak,CCTNS_ALIAS_LOG,2024-01-01,2025-12-31,0.9,True
ALIAS_04512,P_04512,N. Rama,CCTNS_ALIAS_LOG,2024-01-01,2025-12-31,0.9,True
ALIAS_04513,P_04513,S. Murty,CCTNS_ALIAS_LOG,2024-01-01,2025-12-31,0.9,True
ALIAS_04514,P_04514,M. Naidu,CCTNS_ALIAS_LOG,2024-01-01,2025-12-31,0.9,True
ALIAS_04515,P_04515,Q. Basak,CCTNS_ALIAS_LOG,2024-01-01,2025-12-31,0.9,True
ALIAS_04516,P_04516,P. Singh,CCTNS_ALIAS_LOG,2024-01-01,2025-12-31,0.9,True
ALIAS_04517,P_04517,C. Din,CCTNS_ALIAS_LOG,2024-01-01,2025-12-31,0.9,True
ALIAS_04518,P_04518,J. Madan,CCTNS_ALIAS_LOG,2024-01-01,2025-12-31,0.9,True
ALIAS_04519,P_04519,B. Khatri,CCTNS_ALIAS_LOG,2024-01-01,2025-12-31,0.9,True
ALIAS_04520,P_04520,K. Sem,CCTNS_ALIAS_LOG,2024-01-01,2025-12-31,0.9,True
ALIAS_04521,P_04521,V. Nayak,CCTNS_ALIAS_LOG,2024-01-01,2025-12-31,0.9,True
ALIAS_04522,P_04522,Z. Maharaj,CCTNS_ALIAS_LOG,2024-01-01,2025-12-31,0.9,True
ALIAS_04523,P_04523,J. Kale,CCTNS_ALIAS_LOG,2024-01-01,2025-12-31,0.9,True
ALIAS_04524,P_04524,B. Bhagat,CCTNS_ALIAS_LOG,2024-01-01,2025-12-31,0.9,True
ALIAS_04525,P_04525,G. Sampath,CCTNS_ALIAS_LOG,2024-01-01,2025-12-31,0.9,True
ALIAS_04526,P_04526,M. Manne,CCTNS_ALIAS_LOG,2024-01-01,2025-12-31,0.9,True
ALIAS_04527,P_04527,R. Thakkar,CCTNS_ALIAS_LOG,2024-01-01,2025-12-31,0.9,True
ALIAS_04528,P_04528,Q. Dyal,CCTNS_ALIAS_LOG,2024-01-01,2025-12-31,0.9,True
ALIAS_04529,P_04529,G. Bala,CCTNS_ALIAS_LOG,2024-01-01,2025-12-31,0.9,True
ALIAS_04530,P_04530,A. Mistry,CCTNS_ALIAS_LOG,2024-01-01,2025-12-31,0.9,True
ALIAS_04531,P_04531,K. Rama,CCTNS_ALIAS_LOG,2024-01-01,2025-12-31,0.9,True
ALIAS_04532,P_04532,B. Mammen,CCTNS_ALIAS_LOG,2024-01-01,2025-12-31,0.9,True
ALIAS_04533,P_04533,H. Kaur,CCTNS_ALIAS_LOG,2024-01-01,2025-12-31,0.9,True
ALIAS_04534,P_04534,H. Kibe,CCTNS_ALIAS_LOG,2024-01-01,2025-12-31,0.9,True
ALIAS_04535,P_04535,Y. Goyal,CCTNS_ALIAS_LOG,2024-01-01,2025-12-31,0.9,True
ALIAS_04536,P_04536,A. Sama,CCTNS_ALIAS_LOG,2024-01-01,2025-12-31,0.9,True
ALIAS_04537,P_04537,T. Mane,CCTNS_ALIAS_LOG,2024-01-01,2025-12-31,0.9,True
ALIAS_04538,P_04538,J. Rai,CCTNS_ALIAS_LOG,2024-01-01,2025-12-31,0.9,True
ALIAS_04539,P_04539,G. De,CCTNS_ALIAS_LOG,2024-01-01,2025-12-31,0.9,True
ALIAS_04540,P_04540,C. Bora,CCTNS_ALIAS_LOG,2024-01-01,2025-12-31,0.9,True
ALIAS_04541,P_04541,D. Ratti,CCTNS_ALIAS_LOG,2024-01-01,2025-12-31,0.9,True
ALIAS_04542,P_04542,E. Issac,CCTNS_ALIAS_LOG,2024-01-01,2025-12-31,0.9,True
ALIAS_04543,P_04543,E. Merchant,CCTNS_ALIAS_LOG,2024-01-01,2025-12-31,0.9,True
ALIAS_04544,P_04544,R. Dar,CCTNS_ALIAS_LOG,2024-01-01,2025-12-31,0.9,True
ALIAS_04545,P_04545,W. Brahmbhatt,CCTNS_ALIAS_LOG,2024-01-01,2025-12-31,0.9,True
ALIAS_04546,P_04546,R. Sheth,CCTNS_ALIAS_LOG,2024-01-01,2025-12-31,0.9,True
ALIAS_04547,P_04547,V. Bansal,CCTNS_ALIAS_LOG,2024-01-01,2025-12-31,0.9,True
ALIAS_04548,P_04548,K. Menon,CCTNS_ALIAS_LOG,2024-01-01,2025-12-31,0.9,True
ALIAS_04549,P_04549,I. Upadhyay,CCTNS_ALIAS_LOG,2024-01-01,2025-12-31,0.9,True
ALIAS_04550,P_04550,D. Sarna,CCTNS_ALIAS_LOG,2024-01-01,2025-12-31,0.9,True
ALIAS_04551,P_04551,O. Mann,CCTNS_ALIAS_LOG,2024-01-01,2025-12-31,0.9,True
ALIAS_04552,P_04552,S. Borde,CCTNS_ALIAS_LOG,2024-01-01,2025-12-31,0.9,True
ALIAS_04553,P_04553,E. Barad,CCTNS_ALIAS_LOG,2024-01-01,2025-12-31,0.9,True
ALIAS_04554,P_04554,A. Vig,CCTNS_ALIAS_LOG,2024-01-01,2025-12-31,0.9,True
ALIAS_04555,P_04555,A. Deep,CCTNS_ALIAS_LOG,2024-01-01,2025-12-31,0.9,True
ALIAS_04556,P_04556,I. Cheema,CCTNS_ALIAS_LOG,2024-01-01,2025-12-31,0.9,True
ALIAS_04557,P_04557,S. Pingle,CCTNS_ALIAS_LOG,2024-01-01,2025-12-31,0.9,True
ALIAS_04558,P_04558,A. Tara,CCTNS_ALIAS_LOG,2024-01-01,2025-12-31,0.9,True
ALIAS_04559,P_04559,X. Borde,CCTNS_ALIAS_LOG,2024-01-01,2025-12-31,0.9,True
ALIAS_04560,P_04560,P. Mital,CCTNS_ALIAS_LOG,2024-01-01,2025-12-31,0.9,True
ALIAS_04561,P_04561,V. Keer,CCTNS_ALIAS_LOG,2024-01-01,2025-12-31,0.9,True
ALIAS_04562,P_04562,G. Luthra,CCTNS_ALIAS_LOG,2024-01-01,2025-12-31,0.9,True
ALIAS_04563,P_04563,K. Goyal,CCTNS_ALIAS_LOG,2024-01-01,2025-12-31,0.9,True
ALIAS_04564,P_04564,I. Lanka,CCTNS_ALIAS_LOG,2024-01-01,2025-12-31,0.9,True
ALIAS_04565,P_04565,X. Walia,CCTNS_ALIAS_LOG,2024-01-01,2025-12-31,0.9,True
ALIAS_04566,P_04566,G. Boase,CCTNS_ALIAS_LOG,2024-01-01,2025-12-31,0.9,True
ALIAS_04567,P_04567,U. Tank,CCTNS_ALIAS_LOG,2024-01-01,2025-12-31,0.9,True
ALIAS_04568,P_04568,Y. Desai,CCTNS_ALIAS_LOG,2024-01-01,2025-12-31,0.9,True
ALIAS_04569,P_04569,I. Sha,CCTNS_ALIAS_LOG,2024-01-01,2025-12-31,0.9,True
ALIAS_04570,P_04570,A. Butala,CCTNS_ALIAS_LOG,2024-01-01,2025-12-31,0.9,True
ALIAS_04571,P_04571,P. Choudhry,CCTNS_ALIAS_LOG,2024-01-01,2025-12-31,0.9,True
ALIAS_04572,P_04572,M. Sule,CCTNS_ALIAS_LOG,2024-01-01,2025-12-31,0.9,True
ALIAS_04573,P_04573,C. Raman,CCTNS_ALIAS_LOG,2024-01-01,2025-12-31,0.9,True
ALIAS_04574,P_04574,B. Nori,CCTNS_ALIAS_LOG,2024-01-01,2025-12-31,0.9,True
ALIAS_04575,P_04575,C. Tiwari,CCTNS_ALIAS_LOG,2024-01-01,2025-12-31,0.9,True
ALIAS_04576,P_04576,E. Date,CCTNS_ALIAS_LOG,2024-01-01,2025-12-31,0.9,True
ALIAS_04577,P_04577,P. Basak,CCTNS_ALIAS_LOG,2024-01-01,2025-12-31,0.9,True
ALIAS_04578,P_04578,N. Tak,CCTNS_ALIAS_LOG,2024-01-01,2025-12-31,0.9,True
ALIAS_04579,P_04579,G. Dani,CCTNS_ALIAS_LOG,2024-01-01,2025-12-31,0.9,True
ALIAS_04580,P_04580,R. Tak,CCTNS_ALIAS_LOG,2024-01-01,2025-12-31,0.9,True
ALIAS_04581,P_04581,E. Ben,CCTNS_ALIAS_LOG,2024-01-01,2025-12-31,0.9,True
ALIAS_04582,P_04582,P. Tandon,CCTNS_ALIAS_LOG,2024-01-01,2025-12-31,0.9,True
ALIAS_04583,P_04583,S. Nair,CCTNS_ALIAS_LOG,2024-01-01,2025-12-31,0.9,True
ALIAS_04584,P_04584,A. Vasa,CCTNS_ALIAS_LOG,2024-01-01,2025-12-31,0.9,True
ALIAS_04585,P_04585,G. Agate,CCTNS_ALIAS_LOG,2024-01-01,2025-12-31,0.9,True
ALIAS_04586,P_04586,G. Ravel,CCTNS_ALIAS_LOG,2024-01-01,2025-12-31,0.9,True
ALIAS_04587,P_04587,I. Rattan,CCTNS_ALIAS_LOG,2024-01-01,2025-12-31,0.9,True
ALIAS_04588,P_04588,A. Kapoor,CCTNS_ALIAS_LOG,2024-01-01,2025-12-31,0.9,True
ALIAS_04589,P_04589,K. Sankar,CCTNS_ALIAS_LOG,2024-01-01,2025-12-31,0.9,True
ALIAS_04590,P_04590,P. Virk,CCTNS_ALIAS_LOG,2024-01-01,2025-12-31,0.9,True
ALIAS_04591,P_04591,L. Zachariah,CCTNS_ALIAS_LOG,2024-01-01,2025-12-31,0.9,True
ALIAS_04592,P_04592,A. Pandey,CCTNS_ALIAS_LOG,2024-01-01,2025-12-31,0.9,True
ALIAS_04593,P_04593,N. Chad,CCTNS_ALIAS_LOG,2024-01-01,2025-12-31,0.9,True
ALIAS_04594,P_04594,B. Bhatia,CCTNS_ALIAS_LOG,2024-01-01,2025-12-31,0.9,True
ALIAS_04595,P_04595,M. Kalita,CCTNS_ALIAS_LOG,2024-01-01,2025-12-31,0.9,True
ALIAS_04596,P_04596,N. Sur,CCTNS_ALIAS_LOG,2024-01-01,2025-12-31,0.9,True
ALIAS_04597,P_04597,I. Sandhu,CCTNS_ALIAS_LOG,2024-01-01,2025-12-31,0.9,True
ALIAS_04598,P_04598,P. Nadig,CCTNS_ALIAS_LOG,2024-01-01,2025-12-31,0.9,True
ALIAS_04599,P_04599,O. Patel,CCTNS_ALIAS_LOG,2024-01-01,2025-12-31,0.9,True
ALIAS_04600,P_04600,G. Badami,CCTNS_ALIAS_LOG,2024-01-01,2025-12-31,0.9,True
ALIAS_04601,P_04601,A. Virk,CCTNS_ALIAS_LOG,2024-01-01,2025-12-31,0.9,True
ALIAS_04602,P_04602,N. Narayanan,CCTNS_ALIAS_LOG,2024-01-01,2025-12-31,0.9,True
ALIAS_04603,P_04603,U. Chawla,CCTNS_ALIAS_LOG,2024-01-01,2025-12-31,0.9,True
ALIAS_04604,P_04604,Y. Kara,CCTNS_ALIAS_LOG,2024-01-01,2025-12-31,0.9,True
ALIAS_04605,P_04605,Z. Palan,CCTNS_ALIAS_LOG,2024-01-01,2025-12-31,0.9,True
ALIAS_04606,P_04606,V. Mohanty,CCTNS_ALIAS_LOG,2024-01-01,2025-12-31,0.9,True
ALIAS_04607,P_04607,R. Parekh,CCTNS_ALIAS_LOG,2024-01-01,2025-12-31,0.9,True
ALIAS_04608,P_04608,A. Banerjee,CCTNS_ALIAS_LOG,2024-01-01,2025-12-31,0.9,True
ALIAS_04609,P_04609,T. Ramachandran,CCTNS_ALIAS_LOG,2024-01-01,2025-12-31,0.9,True
ALIAS_04610,P_04610,R. Kapur,CCTNS_ALIAS_LOG,2024-01-01,2025-12-31,0.9,True
ALIAS_04611,P_04611,A. Khurana,CCTNS_ALIAS_LOG,2024-01-01,2025-12-31,0.9,True
ALIAS_04612,P_04612,W. Som,CCTNS_ALIAS_LOG,2024-01-01,2025-12-31,0.9,True
ALIAS_04613,P_04613,W. Kumer,CCTNS_ALIAS_LOG,2024-01-01,2025-12-31,0.9,True
ALIAS_04614,P_04614,F. Sachar,CCTNS_ALIAS_LOG,2024-01-01,2025-12-31,0.9,True
ALIAS_04615,P_04615,V. Srinivas,CCTNS_ALIAS_LOG,2024-01-01,2025-12-31,0.9,True
ALIAS_04616,P_04616,J. Mandal,CCTNS_ALIAS_LOG,2024-01-01,2025-12-31,0.9,True
ALIAS_04617,P_04617,O. Parekh,CCTNS_ALIAS_LOG,2024-01-01,2025-12-31,0.9,True
ALIAS_04618,P_04618,P. Sha,CCTNS_ALIAS_LOG,2024-01-01,2025-12-31,0.9,True
ALIAS_04619,P_04619,S. Patel,CCTNS_ALIAS_LOG,2024-01-01,2025-12-31,0.9,True
ALIAS_04620,P_04620,R. Bandi,CCTNS_ALIAS_LOG,2024-01-01,2025-12-31,0.9,True
ALIAS_04621,P_04621,A. Bir,CCTNS_ALIAS_LOG,2024-01-01,2025-12-31,0.9,True
ALIAS_04622,P_04622,M. Venkataraman,CCTNS_ALIAS_LOG,2024-01-01,2025-12-31,0.9,True
ALIAS_04623,P_04623,A. Deep,CCTNS_ALIAS_LOG,2024-01-01,2025-12-31,0.9,True
ALIAS_04624,P_04624,A. Wason,CCTNS_ALIAS_LOG,2024-01-01,2025-12-31,0.9,True
ALIAS_04625,P_04625,N. Iyengar,CCTNS_ALIAS_LOG,2024-01-01,2025-12-31,0.9,True
ALIAS_04626,P_04626,I. Panchal,CCTNS_ALIAS_LOG,2024-01-01,2025-12-31,0.9,True
ALIAS_04627,P_04627,N. Das,CCTNS_ALIAS_LOG,2024-01-01,2025-12-31,0.9,True
ALIAS_04628,P_04628,W. Hora,CCTNS_ALIAS_LOG,2024-01-01,2025-12-31,0.9,True
ALIAS_04629,P_04629,O. Dara,CCTNS_ALIAS_LOG,2024-01-01,2025-12-31,0.9,True
ALIAS_04630,P_04630,V. Ramaswamy,CCTNS_ALIAS_LOG,2024-01-01,2025-12-31,0.9,True
ALIAS_04631,P_04631,A. Tak,CCTNS_ALIAS_LOG,2024-01-01,2025-12-31,0.9,True
ALIAS_04632,P_04632,G. Loyal,CCTNS_ALIAS_LOG,2024-01-01,2025-12-31,0.9,True
ALIAS_04633,P_04633,O. Handa,CCTNS_ALIAS_LOG,2024-01-01,2025-12-31,0.9,True
ALIAS_04634,P_04634,U. Sathe,CCTNS_ALIAS_LOG,2024-01-01,2025-12-31,0.9,True
ALIAS_04635,P_04635,D. Pal,CCTNS_ALIAS_LOG,2024-01-01,2025-12-31,0.9,True
ALIAS_04636,P_04636,S. Chanda,CCTNS_ALIAS_LOG,2024-01-01,2025-12-31,0.9,True
ALIAS_04637,P_04637,S. Chatterjee,CCTNS_ALIAS_LOG,2024-01-01,2025-12-31,0.9,True
ALIAS_04638,P_04638,C. Edwin,CCTNS_ALIAS_LOG,2024-01-01,2025-12-31,0.9,True
ALIAS_04639,P_04639,B. Chaudhry,CCTNS_ALIAS_LOG,2024-01-01,2025-12-31,0.9,True
ALIAS_04640,P_04640,I. Sen,CCTNS_ALIAS_LOG,2024-01-01,2025-12-31,0.9,True
ALIAS_04641,P_04641,K. Hayre,CCTNS_ALIAS_LOG,2024-01-01,2025-12-31,0.9,True
ALIAS_04642,P_04642,R. Randhawa,CCTNS_ALIAS_LOG,2024-01-01,2025-12-31,0.9,True
ALIAS_04643,P_04643,C. Muni,CCTNS_ALIAS_LOG,2024-01-01,2025-12-31,0.9,True
ALIAS_04644,P_04644,R. Dewan,CCTNS_ALIAS_LOG,2024-01-01,2025-12-31,0.9,True
ALIAS_04645,P_04645,G. Gill,CCTNS_ALIAS_LOG,2024-01-01,2025-12-31,0.9,True
ALIAS_04646,P_04646,O. Bhasin,CCTNS_ALIAS_LOG,2024-01-01,2025-12-31,0.9,True
ALIAS_04647,P_04647,T. Vaidya,CCTNS_ALIAS_LOG,2024-01-01,2025-12-31,0.9,True
ALIAS_04648,P_04648,A. Pillai,CCTNS_ALIAS_LOG,2024-01-01,2025-12-31,0.9,True
ALIAS_04649,P_04649,Y. Banerjee,CCTNS_ALIAS_LOG,2024-01-01,2025-12-31,0.9,True
ALIAS_04650,P_04650,A. Buch,CCTNS_ALIAS_LOG,2024-01-01,2025-12-31,0.9,True
ALIAS_04651,P_04651,W. Lala,CCTNS_ALIAS_LOG,2024-01-01,2025-12-31,0.9,True
ALIAS_04652,P_04652,F. Som,CCTNS_ALIAS_LOG,2024-01-01,2025-12-31,0.9,True
ALIAS_04653,P_04653,L. Master,CCTNS_ALIAS_LOG,2024-01-01,2025-12-31,0.9,True
ALIAS_04654,P_04654,M. Bakshi,CCTNS_ALIAS_LOG,2024-01-01,2025-12-31,0.9,True
ALIAS_04655,P_04655,T. Saha,CCTNS_ALIAS_LOG,2024-01-01,2025-12-31,0.9,True
ALIAS_04656,P_04656,R. Loke,CCTNS_ALIAS_LOG,2024-01-01,2025-12-31,0.9,True
ALIAS_04657,P_04657,K. Hegde,CCTNS_ALIAS_LOG,2024-01-01,2025-12-31,0.9,True
ALIAS_04658,P_04658,A. Mital,CCTNS_ALIAS_LOG,2024-01-01,2025-12-31,0.9,True
ALIAS_04659,P_04659,I. Chatterjee,CCTNS_ALIAS_LOG,2024-01-01,2025-12-31,0.9,True
ALIAS_04660,P_04660,F. Jayaraman,CCTNS_ALIAS_LOG,2024-01-01,2025-12-31,0.9,True
ALIAS_04661,P_04661,M. Tank,CCTNS_ALIAS_LOG,2024-01-01,2025-12-31,0.9,True
ALIAS_04662,P_04662,B. Lal,CCTNS_ALIAS_LOG,2024-01-01,2025-12-31,0.9,True
ALIAS_04663,P_04663,E. Zacharia,CCTNS_ALIAS_LOG,2024-01-01,2025-12-31,0.9,True
ALIAS_04664,P_04664,T. Sethi,CCTNS_ALIAS_LOG,2024-01-01,2025-12-31,0.9,True
ALIAS_04665,P_04665,Z. Pant,CCTNS_ALIAS_LOG,2024-01-01,2025-12-31,0.9,True
ALIAS_04666,P_04666,A. Bains,CCTNS_ALIAS_LOG,2024-01-01,2025-12-31,0.9,True
ALIAS_04667,P_04667,X. Raju,CCTNS_ALIAS_LOG,2024-01-01,2025-12-31,0.9,True
ALIAS_04668,P_04668,I. Deshmukh,CCTNS_ALIAS_LOG,2024-01-01,2025-12-31,0.9,True
ALIAS_04669,P_04669,N. Nadkarni,CCTNS_ALIAS_LOG,2024-01-01,2025-12-31,0.9,True
ALIAS_04670,P_04670,A. Chaudhuri,CCTNS_ALIAS_LOG,2024-01-01,2025-12-31,0.9,True
ALIAS_04671,P_04671,J. Nath,CCTNS_ALIAS_LOG,2024-01-01,2025-12-31,0.9,True
ALIAS_04672,P_04672,G. Morar,CCTNS_ALIAS_LOG,2024-01-01,2025-12-31,0.9,True
ALIAS_04673,P_04673,N. Bose,CCTNS_ALIAS_LOG,2024-01-01,2025-12-31,0.9,True
ALIAS_04674,P_04674,D. Agarwal,CCTNS_ALIAS_LOG,2024-01-01,2025-12-31,0.9,True
ALIAS_04675,P_04675,L. Nazareth,CCTNS_ALIAS_LOG,2024-01-01,2025-12-31,0.9,True
ALIAS_04676,P_04676,L. Tiwari,CCTNS_ALIAS_LOG,2024-01-01,2025-12-31,0.9,True
ALIAS_04677,P_04677,P. Tiwari,CCTNS_ALIAS_LOG,2024-01-01,2025-12-31,0.9,True
ALIAS_04678,P_04678,H. Pillai,CCTNS_ALIAS_LOG,2024-01-01,2025-12-31,0.9,True
ALIAS_04679,P_04679,M. Narula,CCTNS_ALIAS_LOG,2024-01-01,2025-12-31,0.9,True
ALIAS_04680,P_04680,B. Das,CCTNS_ALIAS_LOG,2024-01-01,2025-12-31,0.9,True
ALIAS_04681,P_04681,H. Nayar,CCTNS_ALIAS_LOG,2024-01-01,2025-12-31,0.9,True
ALIAS_04682,P_04682,A. Koshy,CCTNS_ALIAS_LOG,2024-01-01,2025-12-31,0.9,True
ALIAS_04683,P_04683,A. Vohra,CCTNS_ALIAS_LOG,2024-01-01,2025-12-31,0.9,True
ALIAS_04684,P_04684,T. Gera,CCTNS_ALIAS_LOG,2024-01-01,2025-12-31,0.9,True
ALIAS_04685,P_04685,V. Varty,CCTNS_ALIAS_LOG,2024-01-01,2025-12-31,0.9,True
ALIAS_04686,P_04686,D. Kamdar,CCTNS_ALIAS_LOG,2024-01-01,2025-12-31,0.9,True
ALIAS_04687,P_04687,I. Kade,CCTNS_ALIAS_LOG,2024-01-01,2025-12-31,0.9,True
ALIAS_04688,P_04688,Y. Shroff,CCTNS_ALIAS_LOG,2024-01-01,2025-12-31,0.9,True
ALIAS_04689,P_04689,A. Date,CCTNS_ALIAS_LOG,2024-01-01,2025-12-31,0.9,True
ALIAS_04690,P_04690,Q. Panchal,CCTNS_ALIAS_LOG,2024-01-01,2025-12-31,0.9,True
ALIAS_04691,P_04691,S. Saraf,CCTNS_ALIAS_LOG,2024-01-01,2025-12-31,0.9,True
ALIAS_04692,P_04692,N. Toor,CCTNS_ALIAS_LOG,2024-01-01,2025-12-31,0.9,True
ALIAS_04693,P_04693,D. Batta,CCTNS_ALIAS_LOG,2024-01-01,2025-12-31,0.9,True
ALIAS_04694,P_04694,A. Manda,CCTNS_ALIAS_LOG,2024-01-01,2025-12-31,0.9,True
ALIAS_04695,P_04695,V. Kala,CCTNS_ALIAS_LOG,2024-01-01,2025-12-31,0.9,True
ALIAS_04696,P_04696,O. Sur,CCTNS_ALIAS_LOG,2024-01-01,2025-12-31,0.9,True
ALIAS_04697,P_04697,I. Dalal,CCTNS_ALIAS_LOG,2024-01-01,2025-12-31,0.9,True
ALIAS_04698,P_04698,J. Nagy,CCTNS_ALIAS_LOG,2024-01-01,2025-12-31,0.9,True
ALIAS_04699,P_04699,S. Rau,CCTNS_ALIAS_LOG,2024-01-01,2025-12-31,0.9,True
ALIAS_04700,P_04700,S. Biswas,CCTNS_ALIAS_LOG,2024-01-01,2025-12-31,0.9,True
ALIAS_04701,P_04701,D. Bir,CCTNS_ALIAS_LOG,2024-01-01,2025-12-31,0.9,True
ALIAS_04702,P_04702,V. Lad,CCTNS_ALIAS_LOG,2024-01-01,2025-12-31,0.9,True
ALIAS_04703,P_04703,S. Ravi,CCTNS_ALIAS_LOG,2024-01-01,2025-12-31,0.9,True
ALIAS_04704,P_04704,J. Yohannan,CCTNS_ALIAS_LOG,2024-01-01,2025-12-31,0.9,True
ALIAS_04705,P_04705,S. Sheth,CCTNS_ALIAS_LOG,2024-01-01,2025-12-31,0.9,True
ALIAS_04706,P_04706,T. Keer,CCTNS_ALIAS_LOG,2024-01-01,2025-12-31,0.9,True
ALIAS_04707,P_04707,B. Dara,CCTNS_ALIAS_LOG,2024-01-01,2025-12-31,0.9,True
ALIAS_04708,P_04708,T. Bhat,CCTNS_ALIAS_LOG,2024-01-01,2025-12-31,0.9,True
ALIAS_04709,P_04709,V. Hayre,CCTNS_ALIAS_LOG,2024-01-01,2025-12-31,0.9,True
ALIAS_04710,P_04710,Q. Parikh,CCTNS_ALIAS_LOG,2024-01-01,2025-12-31,0.9,True
ALIAS_04711,P_04711,H. Tara,CCTNS_ALIAS_LOG,2024-01-01,2025-12-31,0.9,True
ALIAS_04712,P_04712,A. Kalita,CCTNS_ALIAS_LOG,2024-01-01,2025-12-31,0.9,True
ALIAS_04713,P_04713,C. Maharaj,CCTNS_ALIAS_LOG,2024-01-01,2025-12-31,0.9,True
ALIAS_04714,P_04714,N. Puri,CCTNS_ALIAS_LOG,2024-01-01,2025-12-31,0.9,True
ALIAS_04715,P_04715,S. Kata,CCTNS_ALIAS_LOG,2024-01-01,2025-12-31,0.9,True
ALIAS_04716,P_04716,J. Oommen,CCTNS_ALIAS_LOG,2024-01-01,2025-12-31,0.9,True
ALIAS_04717,P_04717,B. Ranganathan,CCTNS_ALIAS_LOG,2024-01-01,2025-12-31,0.9,True
ALIAS_04718,P_04718,J. Kalla,CCTNS_ALIAS_LOG,2024-01-01,2025-12-31,0.9,True
ALIAS_04719,P_04719,K. Swamy,CCTNS_ALIAS_LOG,2024-01-01,2025-12-31,0.9,True
ALIAS_04720,P_04720,G. Patil,CCTNS_ALIAS_LOG,2024-01-01,2025-12-31,0.9,True
ALIAS_04721,P_04721,N. Bala,CCTNS_ALIAS_LOG,2024-01-01,2025-12-31,0.9,True
ALIAS_04722,P_04722,A. Gokhale,CCTNS_ALIAS_LOG,2024-01-01,2025-12-31,0.9,True
ALIAS_04723,P_04723,T. Shankar,CCTNS_ALIAS_LOG,2024-01-01,2025-12-31,0.9,True
ALIAS_04724,P_04724,M. Sur,CCTNS_ALIAS_LOG,2024-01-01,2025-12-31,0.9,True
ALIAS_04725,P_04725,T. Thakkar,CCTNS_ALIAS_LOG,2024-01-01,2025-12-31,0.9,True
ALIAS_04726,P_04726,M. Johal,CCTNS_ALIAS_LOG,2024-01-01,2025-12-31,0.9,True
ALIAS_04727,P_04727,A. Mangat,CCTNS_ALIAS_LOG,2024-01-01,2025-12-31,0.9,True
ALIAS_04728,P_04728,N. Banerjee,CCTNS_ALIAS_LOG,2024-01-01,2025-12-31,0.9,True
ALIAS_04729,P_04729,U. Kota,CCTNS_ALIAS_LOG,2024-01-01,2025-12-31,0.9,True
ALIAS_04730,P_04730,F. Rajan,CCTNS_ALIAS_LOG,2024-01-01,2025-12-31,0.9,True
ALIAS_04731,P_04731,J. Lall,CCTNS_ALIAS_LOG,2024-01-01,2025-12-31,0.9,True
ALIAS_04732,P_04732,O. Shanker,CCTNS_ALIAS_LOG,2024-01-01,2025-12-31,0.9,True
ALIAS_04733,P_04733,R. Mahal,CCTNS_ALIAS_LOG,2024-01-01,2025-12-31,0.9,True
ALIAS_04734,P_04734,G. Chada,CCTNS_ALIAS_LOG,2024-01-01,2025-12-31,0.9,True
ALIAS_04735,P_04735,V. Bobal,CCTNS_ALIAS_LOG,2024-01-01,2025-12-31,0.9,True
ALIAS_04736,P_04736,O. Sha,CCTNS_ALIAS_LOG,2024-01-01,2025-12-31,0.9,True
ALIAS_04737,P_04737,L. Pall,CCTNS_ALIAS_LOG,2024-01-01,2025-12-31,0.9,True
ALIAS_04738,P_04738,M. Chadha,CCTNS_ALIAS_LOG,2024-01-01,2025-12-31,0.9,True
ALIAS_04739,P_04739,Z. Keer,CCTNS_ALIAS_LOG,2024-01-01,2025-12-31,0.9,True
ALIAS_04740,P_04740,C. Varkey,CCTNS_ALIAS_LOG,2024-01-01,2025-12-31,0.9,True
ALIAS_04741,P_04741,Q. Ramachandran,CCTNS_ALIAS_LOG,2024-01-01,2025-12-31,0.9,True
ALIAS_04742,P_04742,K. Sahni,CCTNS_ALIAS_LOG,2024-01-01,2025-12-31,0.9,True
ALIAS_04743,P_04743,A. Jaggi,CCTNS_ALIAS_LOG,2024-01-01,2025-12-31,0.9,True
ALIAS_04744,P_04744,W. Kapadia,CCTNS_ALIAS_LOG,2024-01-01,2025-12-31,0.9,True
ALIAS_04745,P_04745,S. Goda,CCTNS_ALIAS_LOG,2024-01-01,2025-12-31,0.9,True
ALIAS_04746,P_04746,F. Lad,CCTNS_ALIAS_LOG,2024-01-01,2025-12-31,0.9,True
ALIAS_04747,P_04747,Y. Kala,CCTNS_ALIAS_LOG,2024-01-01,2025-12-31,0.9,True
ALIAS_04748,P_04748,O. Borra,CCTNS_ALIAS_LOG,2024-01-01,2025-12-31,0.9,True
ALIAS_04749,P_04749,A. Johal,CCTNS_ALIAS_LOG,2024-01-01,2025-12-31,0.9,True
ALIAS_04750,P_04750,V. Parsa,CCTNS_ALIAS_LOG,2024-01-01,2025-12-31,0.9,True
ALIAS_04751,P_04751,Q. Divan,CCTNS_ALIAS_LOG,2024-01-01,2025-12-31,0.9,True
ALIAS_04752,P_04752,M. Guha,CCTNS_ALIAS_LOG,2024-01-01,2025-12-31,0.9,True
ALIAS_04753,P_04753,H. Biswas,CCTNS_ALIAS_LOG,2024-01-01,2025-12-31,0.9,True
ALIAS_04754,P_04754,R. Sandal,CCTNS_ALIAS_LOG,2024-01-01,2025-12-31,0.9,True
ALIAS_04755,P_04755,V. Bhatti,CCTNS_ALIAS_LOG,2024-01-01,2025-12-31,0.9,True
ALIAS_04756,P_04756,J. Chahal,CCTNS_ALIAS_LOG,2024-01-01,2025-12-31,0.9,True
ALIAS_04757,P_04757,Y. Oak,CCTNS_ALIAS_LOG,2024-01-01,2025-12-31,0.9,True
ALIAS_04758,P_04758,N. Savant,CCTNS_ALIAS_LOG,2024-01-01,2025-12-31,0.9,True
ALIAS_04759,P_04759,B. Keer,CCTNS_ALIAS_LOG,2024-01-01,2025-12-31,0.9,True
ALIAS_04760,P_04760,O. Dugal,CCTNS_ALIAS_LOG,2024-01-01,2025-12-31,0.9,True
ALIAS_04761,P_04761,P. Dhillon,CCTNS_ALIAS_LOG,2024-01-01,2025-12-31,0.9,True
ALIAS_04762,P_04762,A. Kaul,CCTNS_ALIAS_LOG,2024-01-01,2025-12-31,0.9,True
ALIAS_04763,P_04763,J. Zachariah,CCTNS_ALIAS_LOG,2024-01-01,2025-12-31,0.9,True
ALIAS_04764,P_04764,U. Chaudhuri,CCTNS_ALIAS_LOG,2024-01-01,2025-12-31,0.9,True
ALIAS_04765,P_04765,P. Jaggi,CCTNS_ALIAS_LOG,2024-01-01,2025-12-31,0.9,True
ALIAS_04766,P_04766,R. Pall,CCTNS_ALIAS_LOG,2024-01-01,2025-12-31,0.9,True
ALIAS_04767,P_04767,C. Chokshi,CCTNS_ALIAS_LOG,2024-01-01,2025-12-31,0.9,True
ALIAS_04768,P_04768,A. Om,CCTNS_ALIAS_LOG,2024-01-01,2025-12-31,0.9,True
ALIAS_04769,P_04769,Y. Chada,CCTNS_ALIAS_LOG,2024-01-01,2025-12-31,0.9,True
ALIAS_04770,P_04770,C. Nagy,CCTNS_ALIAS_LOG,2024-01-01,2025-12-31,0.9,True
ALIAS_04771,P_04771,I. Kapoor,CCTNS_ALIAS_LOG,2024-01-01,2025-12-31,0.9,True
ALIAS_04772,P_04772,A. Khosla,CCTNS_ALIAS_LOG,2024-01-01,2025-12-31,0.9,True
ALIAS_04773,P_04773,A. Sule,CCTNS_ALIAS_LOG,2024-01-01,2025-12-31,0.9,True
ALIAS_04774,P_04774,A. Rama,CCTNS_ALIAS_LOG,2024-01-01,2025-12-31,0.9,True
ALIAS_04775,P_04775,O. Hayre,CCTNS_ALIAS_LOG,2024-01-01,2025-12-31,0.9,True
ALIAS_04776,P_04776,A. Swamy,CCTNS_ALIAS_LOG,2024-01-01,2025-12-31,0.9,True
ALIAS_04777,P_04777,S. Natt,CCTNS_ALIAS_LOG,2024-01-01,2025-12-31,0.9,True
ALIAS_04778,P_04778,V. Magar,CCTNS_ALIAS_LOG,2024-01-01,2025-12-31,0.9,True
ALIAS_04779,P_04779,R. Sahota,CCTNS_ALIAS_LOG,2024-01-01,2025-12-31,0.9,True
ALIAS_04780,P_04780,I. Ramanathan,CCTNS_ALIAS_LOG,2024-01-01,2025-12-31,0.9,True
ALIAS_04781,P_04781,R. D’Alia,CCTNS_ALIAS_LOG,2024-01-01,2025-12-31,0.9,True
ALIAS_04782,P_04782,J. Wason,CCTNS_ALIAS_LOG,2024-01-01,2025-12-31,0.9,True
ALIAS_04783,P_04783,Y. Ramanathan,CCTNS_ALIAS_LOG,2024-01-01,2025-12-31,0.9,True
ALIAS_04784,P_04784,O. Ravel,CCTNS_ALIAS_LOG,2024-01-01,2025-12-31,0.9,True
ALIAS_04785,P_04785,K. Kala,CCTNS_ALIAS_LOG,2024-01-01,2025-12-31,0.9,True
ALIAS_04786,P_04786,C. Sandal,CCTNS_ALIAS_LOG,2024-01-01,2025-12-31,0.9,True
ALIAS_04787,P_04787,M. Verma,CCTNS_ALIAS_LOG,2024-01-01,2025-12-31,0.9,True
ALIAS_04788,P_04788,F. Muni,CCTNS_ALIAS_LOG,2024-01-01,2025-12-31,0.9,True
ALIAS_04789,P_04789,T. Ramachandran,CCTNS_ALIAS_LOG,2024-01-01,2025-12-31,0.9,True
ALIAS_04790,P_04790,A. Pingle,CCTNS_ALIAS_LOG,2024-01-01,2025-12-31,0.9,True
ALIAS_04791,P_04791,L. Kata,CCTNS_ALIAS_LOG,2024-01-01,2025-12-31,0.9,True
ALIAS_04792,P_04792,M. Pandya,CCTNS_ALIAS_LOG,2024-01-01,2025-12-31,0.9,True
ALIAS_04793,P_04793,N. Chauhan,CCTNS_ALIAS_LOG,2024-01-01,2025-12-31,0.9,True
ALIAS_04794,P_04794,M. Dewan,CCTNS_ALIAS_LOG,2024-01-01,2025-12-31,0.9,True
ALIAS_04795,P_04795,P. Parekh,CCTNS_ALIAS_LOG,2024-01-01,2025-12-31,0.9,True
ALIAS_04796,P_04796,K. Nagy,CCTNS_ALIAS_LOG,2024-01-01,2025-12-31,0.9,True
ALIAS_04797,P_04797,W. Pai,CCTNS_ALIAS_LOG,2024-01-01,2025-12-31,0.9,True
ALIAS_04798,P_04798,L. Kata,CCTNS_ALIAS_LOG,2024-01-01,2025-12-31,0.9,True
ALIAS_04799,P_04799,B. Johal,CCTNS_ALIAS_LOG,2024-01-01,2025-12-31,0.9,True
ALIAS_04800,P_04800,B. Dalal,CCTNS_ALIAS_LOG,2024-01-01,2025-12-31,0.9,True
ALIAS_04801,P_04801,J. Kibe,CCTNS_ALIAS_LOG,2024-01-01,2025-12-31,0.9,True
ALIAS_04802,P_04802,B. Setty,CCTNS_ALIAS_LOG,2024-01-01,2025-12-31,0.9,True
ALIAS_04803,P_04803,R. Gala,CCTNS_ALIAS_LOG,2024-01-01,2025-12-31,0.9,True
ALIAS_04804,P_04804,M. Keer,CCTNS_ALIAS_LOG,2024-01-01,2025-12-31,0.9,True
ALIAS_04805,P_04805,I. Sampath,CCTNS_ALIAS_LOG,2024-01-01,2025-12-31,0.9,True
ALIAS_04806,P_04806,M. Kothari,CCTNS_ALIAS_LOG,2024-01-01,2025-12-31,0.9,True
ALIAS_04807,P_04807,M. Bhandari,CCTNS_ALIAS_LOG,2024-01-01,2025-12-31,0.9,True
ALIAS_04808,P_04808,A. Basu,CCTNS_ALIAS_LOG,2024-01-01,2025-12-31,0.9,True
ALIAS_04809,P_04809,W. Oak,CCTNS_ALIAS_LOG,2024-01-01,2025-12-31,0.9,True
ALIAS_04810,P_04810,S. Rajagopalan,CCTNS_ALIAS_LOG,2024-01-01,2025-12-31,0.9,True
ALIAS_04811,P_04811,M. Verma,CCTNS_ALIAS_LOG,2024-01-01,2025-12-31,0.9,True
ALIAS_04812,P_04812,A. Choudhury,CCTNS_ALIAS_LOG,2024-01-01,2025-12-31,0.9,True
ALIAS_04813,P_04813,A. Sekhon,CCTNS_ALIAS_LOG,2024-01-01,2025-12-31,0.9,True
ALIAS_04814,P_04814,K. Garde,CCTNS_ALIAS_LOG,2024-01-01,2025-12-31,0.9,True
ALIAS_04815,P_04815,H. Krishnamurthy,CCTNS_ALIAS_LOG,2024-01-01,2025-12-31,0.9,True
ALIAS_04816,P_04816,C. Karpe,CCTNS_ALIAS_LOG,2024-01-01,2025-12-31,0.9,True
ALIAS_04817,P_04817,S. Narain,CCTNS_ALIAS_LOG,2024-01-01,2025-12-31,0.9,True
ALIAS_04818,P_04818,P. Kakar,CCTNS_ALIAS_LOG,2024-01-01,2025-12-31,0.9,True
ALIAS_04819,P_04819,R. Walia,CCTNS_ALIAS_LOG,2024-01-01,2025-12-31,0.9,True
ALIAS_04820,P_04820,T. Mitter,CCTNS_ALIAS_LOG,2024-01-01,2025-12-31,0.9,True
ALIAS_04821,P_04821,N. Bhatt,CCTNS_ALIAS_LOG,2024-01-01,2025-12-31,0.9,True
ALIAS_04822,P_04822,C. Tara,CCTNS_ALIAS_LOG,2024-01-01,2025-12-31,0.9,True
ALIAS_04823,P_04823,O. Master,CCTNS_ALIAS_LOG,2024-01-01,2025-12-31,0.9,True
ALIAS_04824,P_04824,W. Sunder,CCTNS_ALIAS_LOG,2024-01-01,2025-12-31,0.9,True
ALIAS_04825,P_04825,O. Mammen,CCTNS_ALIAS_LOG,2024-01-01,2025-12-31,0.9,True
ALIAS_04826,P_04826,N. Thakur,CCTNS_ALIAS_LOG,2024-01-01,2025-12-31,0.9,True
ALIAS_04827,P_04827,I. Batra,CCTNS_ALIAS_LOG,2024-01-01,2025-12-31,0.9,True
ALIAS_04828,P_04828,A. Merchant,CCTNS_ALIAS_LOG,2024-01-01,2025-12-31,0.9,True
ALIAS_04829,P_04829,P. Natt,CCTNS_ALIAS_LOG,2024-01-01,2025-12-31,0.9,True
ALIAS_04830,P_04830,L. Desai,CCTNS_ALIAS_LOG,2024-01-01,2025-12-31,0.9,True
ALIAS_04831,P_04831,U. Chand,CCTNS_ALIAS_LOG,2024-01-01,2025-12-31,0.9,True
ALIAS_04832,P_04832,D. Kapoor,CCTNS_ALIAS_LOG,2024-01-01,2025-12-31,0.9,True
ALIAS_04833,P_04833,I. Kapoor,CCTNS_ALIAS_LOG,2024-01-01,2025-12-31,0.9,True
ALIAS_04834,P_04834,K. Amble,CCTNS_ALIAS_LOG,2024-01-01,2025-12-31,0.9,True
ALIAS_04835,P_04835,J. Buch,CCTNS_ALIAS_LOG,2024-01-01,2025-12-31,0.9,True
ALIAS_04836,P_04836,C. Murty,CCTNS_ALIAS_LOG,2024-01-01,2025-12-31,0.9,True
ALIAS_04837,P_04837,A. Pathak,CCTNS_ALIAS_LOG,2024-01-01,2025-12-31,0.9,True
ALIAS_04838,P_04838,G. Babu,CCTNS_ALIAS_LOG,2024-01-01,2025-12-31,0.9,True
ALIAS_04839,P_04839,E. Madan,CCTNS_ALIAS_LOG,2024-01-01,2025-12-31,0.9,True
ALIAS_04840,P_04840,J. Natt,CCTNS_ALIAS_LOG,2024-01-01,2025-12-31,0.9,True
ALIAS_04841,P_04841,A. Savant,CCTNS_ALIAS_LOG,2024-01-01,2025-12-31,0.9,True
ALIAS_04842,P_04842,S. Patla,CCTNS_ALIAS_LOG,2024-01-01,2025-12-31,0.9,True
ALIAS_04843,P_04843,J. Yohannan,CCTNS_ALIAS_LOG,2024-01-01,2025-12-31,0.9,True
ALIAS_04844,P_04844,O. Choudhry,CCTNS_ALIAS_LOG,2024-01-01,2025-12-31,0.9,True
ALIAS_04845,P_04845,W. Samra,CCTNS_ALIAS_LOG,2024-01-01,2025-12-31,0.9,True
ALIAS_04846,P_04846,A. Pau,CCTNS_ALIAS_LOG,2024-01-01,2025-12-31,0.9,True
ALIAS_04847,P_04847,H. Sampath,CCTNS_ALIAS_LOG,2024-01-01,2025-12-31,0.9,True
ALIAS_04848,P_04848,X. Zachariah,CCTNS_ALIAS_LOG,2024-01-01,2025-12-31,0.9,True
ALIAS_04849,P_04849,G. Dar,CCTNS_ALIAS_LOG,2024-01-01,2025-12-31,0.9,True
ALIAS_04850,P_04850,G. Lata,CCTNS_ALIAS_LOG,2024-01-01,2025-12-31,0.9,True
ALIAS_04851,P_04851,M. Suri,CCTNS_ALIAS_LOG,2024-01-01,2025-12-31,0.9,True
ALIAS_04852,P_04852,R. Gera,CCTNS_ALIAS_LOG,2024-01-01,2025-12-31,0.9,True
ALIAS_04853,P_04853,W. Nadkarni,CCTNS_ALIAS_LOG,2024-01-01,2025-12-31,0.9,True
ALIAS_04854,P_04854,I. Soni,CCTNS_ALIAS_LOG,2024-01-01,2025-12-31,0.9,True
ALIAS_04855,P_04855,Q. Vaidya,CCTNS_ALIAS_LOG,2024-01-01,2025-12-31,0.9,True
ALIAS_04856,P_04856,G. Khare,CCTNS_ALIAS_LOG,2024-01-01,2025-12-31,0.9,True
ALIAS_04857,P_04857,O. Natarajan,CCTNS_ALIAS_LOG,2024-01-01,2025-12-31,0.9,True
ALIAS_04858,P_04858,N. Tella,CCTNS_ALIAS_LOG,2024-01-01,2025-12-31,0.9,True
ALIAS_04859,P_04859,J. Mani,CCTNS_ALIAS_LOG,2024-01-01,2025-12-31,0.9,True
ALIAS_04860,P_04860,N. Bassi,CCTNS_ALIAS_LOG,2024-01-01,2025-12-31,0.9,True
ALIAS_04861,P_04861,B. Nazareth,CCTNS_ALIAS_LOG,2024-01-01,2025-12-31,0.9,True
ALIAS_04862,P_04862,H. Cheema,CCTNS_ALIAS_LOG,2024-01-01,2025-12-31,0.9,True
ALIAS_04863,P_04863,K. Butala,CCTNS_ALIAS_LOG,2024-01-01,2025-12-31,0.9,True
ALIAS_04864,P_04864,L. Pandey,CCTNS_ALIAS_LOG,2024-01-01,2025-12-31,0.9,True
ALIAS_04865,P_04865,H. Sem,CCTNS_ALIAS_LOG,2024-01-01,2025-12-31,0.9,True
ALIAS_04866,P_04866,E. Chaudhuri,CCTNS_ALIAS_LOG,2024-01-01,2025-12-31,0.9,True
ALIAS_04867,P_04867,Z. Bir,CCTNS_ALIAS_LOG,2024-01-01,2025-12-31,0.9,True
ALIAS_04868,P_04868,C. Raghavan,CCTNS_ALIAS_LOG,2024-01-01,2025-12-31,0.9,True
ALIAS_04869,P_04869,C. Dubey,CCTNS_ALIAS_LOG,2024-01-01,2025-12-31,0.9,True
ALIAS_04870,P_04870,A. Vyas,CCTNS_ALIAS_LOG,2024-01-01,2025-12-31,0.9,True
ALIAS_04871,P_04871,J. Krishnamurthy,CCTNS_ALIAS_LOG,2024-01-01,2025-12-31,0.9,True
ALIAS_04872,P_04872,S. Maharaj,CCTNS_ALIAS_LOG,2024-01-01,2025-12-31,0.9,True
ALIAS_04873,P_04873,M. Bassi,CCTNS_ALIAS_LOG,2024-01-01,2025-12-31,0.9,True
ALIAS_04874,P_04874,C. Sanghvi,CCTNS_ALIAS_LOG,2024-01-01,2025-12-31,0.9,True
ALIAS_04875,P_04875,S. Kara,CCTNS_ALIAS_LOG,2024-01-01,2025-12-31,0.9,True
ALIAS_04876,P_04876,J. Parekh,CCTNS_ALIAS_LOG,2024-01-01,2025-12-31,0.9,True
ALIAS_04877,P_04877,H. Bhat,CCTNS_ALIAS_LOG,2024-01-01,2025-12-31,0.9,True
ALIAS_04878,P_04878,P. Dar,CCTNS_ALIAS_LOG,2024-01-01,2025-12-31,0.9,True
ALIAS_04879,P_04879,S. Nagar,CCTNS_ALIAS_LOG,2024-01-01,2025-12-31,0.9,True
ALIAS_04880,P_04880,S. Datta,CCTNS_ALIAS_LOG,2024-01-01,2025-12-31,0.9,True
ALIAS_04881,P_04881,R. Balay,CCTNS_ALIAS_LOG,2024-01-01,2025-12-31,0.9,True
ALIAS_04882,P_04882,C. Karan,CCTNS_ALIAS_LOG,2024-01-01,2025-12-31,0.9,True
ALIAS_04883,P_04883,A. Sunder,CCTNS_ALIAS_LOG,2024-01-01,2025-12-31,0.9,True
ALIAS_04884,P_04884,F. Bedi,CCTNS_ALIAS_LOG,2024-01-01,2025-12-31,0.9,True
ALIAS_04885,P_04885,B. Parsa,CCTNS_ALIAS_LOG,2024-01-01,2025-12-31,0.9,True
ALIAS_04886,P_04886,L. Zachariah,CCTNS_ALIAS_LOG,2024-01-01,2025-12-31,0.9,True
ALIAS_04887,P_04887,P. Ravi,CCTNS_ALIAS_LOG,2024-01-01,2025-12-31,0.9,True
ALIAS_04888,P_04888,A. Dhawan,CCTNS_ALIAS_LOG,2024-01-01,2025-12-31,0.9,True
ALIAS_04889,P_04889,L. Devan,CCTNS_ALIAS_LOG,2024-01-01,2025-12-31,0.9,True
ALIAS_04890,P_04890,L. Roy,CCTNS_ALIAS_LOG,2024-01-01,2025-12-31,0.9,True
ALIAS_04891,P_04891,S. Chand,CCTNS_ALIAS_LOG,2024-01-01,2025-12-31,0.9,True
ALIAS_04892,P_04892,F. Wason,CCTNS_ALIAS_LOG,2024-01-01,2025-12-31,0.9,True
ALIAS_04893,P_04893,G. Dewan,CCTNS_ALIAS_LOG,2024-01-01,2025-12-31,0.9,True
ALIAS_04894,P_04894,J. Bansal,CCTNS_ALIAS_LOG,2024-01-01,2025-12-31,0.9,True
ALIAS_04895,P_04895,B. Ramaswamy,CCTNS_ALIAS_LOG,2024-01-01,2025-12-31,0.9,True
ALIAS_04896,P_04896,G. Mishra,CCTNS_ALIAS_LOG,2024-01-01,2025-12-31,0.9,True
ALIAS_04897,P_04897,N. Jani,CCTNS_ALIAS_LOG,2024-01-01,2025-12-31,0.9,True
ALIAS_04898,P_04898,O. Rout,CCTNS_ALIAS_LOG,2024-01-01,2025-12-31,0.9,True
ALIAS_04899,P_04899,I. Nayak,CCTNS_ALIAS_LOG,2024-01-01,2025-12-31,0.9,True
ALIAS_04900,P_04900,M. Peri,CCTNS_ALIAS_LOG,2024-01-01,2025-12-31,0.9,True
ALIAS_04901,P_04901,V. Chacko,CCTNS_ALIAS_LOG,2024-01-01,2025-12-31,0.9,True
ALIAS_04902,P_04902,P. Batra,CCTNS_ALIAS_LOG,2024-01-01,2025-12-31,0.9,True
ALIAS_04903,P_04903,G. Char,CCTNS_ALIAS_LOG,2024-01-01,2025-12-31,0.9,True
ALIAS_04904,P_04904,T. Shroff,CCTNS_ALIAS_LOG,2024-01-01,2025-12-31,0.9,True
ALIAS_04905,P_04905,H. Vyas,CCTNS_ALIAS_LOG,2024-01-01,2025-12-31,0.9,True
ALIAS_04906,P_04906,S. Subramanian,CCTNS_ALIAS_LOG,2024-01-01,2025-12-31,0.9,True
ALIAS_04907,P_04907,T. Rajagopalan,CCTNS_ALIAS_LOG,2024-01-01,2025-12-31,0.9,True
ALIAS_04908,P_04908,D. Sethi,CCTNS_ALIAS_LOG,2024-01-01,2025-12-31,0.9,True
ALIAS_04909,P_04909,A. Raval,CCTNS_ALIAS_LOG,2024-01-01,2025-12-31,0.9,True
ALIAS_04910,P_04910,B. Sachar,CCTNS_ALIAS_LOG,2024-01-01,2025-12-31,0.9,True
ALIAS_04911,P_04911,R. Cherian,CCTNS_ALIAS_LOG,2024-01-01,2025-12-31,0.9,True
ALIAS_04912,P_04912,V. Panchal,CCTNS_ALIAS_LOG,2024-01-01,2025-12-31,0.9,True
ALIAS_04913,P_04913,F. Kant,CCTNS_ALIAS_LOG,2024-01-01,2025-12-31,0.9,True
ALIAS_04914,P_04914,N. Mani,CCTNS_ALIAS_LOG,2024-01-01,2025-12-31,0.9,True
ALIAS_04915,P_04915,L. Kapadia,CCTNS_ALIAS_LOG,2024-01-01,2025-12-31,0.9,True
ALIAS_04916,P_04916,B. Kothari,CCTNS_ALIAS_LOG,2024-01-01,2025-12-31,0.9,True
ALIAS_04917,P_04917,U. Soni,CCTNS_ALIAS_LOG,2024-01-01,2025-12-31,0.9,True
ALIAS_04918,P_04918,O. Swaminathan,CCTNS_ALIAS_LOG,2024-01-01,2025-12-31,0.9,True
ALIAS_04919,P_04919,B. Behl,CCTNS_ALIAS_LOG,2024-01-01,2025-12-31,0.9,True
ALIAS_04920,P_04920,L. Bora,CCTNS_ALIAS_LOG,2024-01-01,2025-12-31,0.9,True
ALIAS_04921,P_04921,A. Tata,CCTNS_ALIAS_LOG,2024-01-01,2025-12-31,0.9,True
ALIAS_04922,P_04922,M. Kamdar,CCTNS_ALIAS_LOG,2024-01-01,2025-12-31,0.9,True
ALIAS_04923,P_04923,R. Luthra,CCTNS_ALIAS_LOG,2024-01-01,2025-12-31,0.9,True
ALIAS_04924,P_04924,D. Baral,CCTNS_ALIAS_LOG,2024-01-01,2025-12-31,0.9,True
ALIAS_04925,P_04925,M. Patil,CCTNS_ALIAS_LOG,2024-01-01,2025-12-31,0.9,True
ALIAS_04926,P_04926,J. Sant,CCTNS_ALIAS_LOG,2024-01-01,2025-12-31,0.9,True
ALIAS_04927,P_04927,C. Ramakrishnan,CCTNS_ALIAS_LOG,2024-01-01,2025-12-31,0.9,True
ALIAS_04928,P_04928,E. Lall,CCTNS_ALIAS_LOG,2024-01-01,2025-12-31,0.9,True
ALIAS_04929,P_04929,Z. Devi,CCTNS_ALIAS_LOG,2024-01-01,2025-12-31,0.9,True
ALIAS_04930,P_04930,B. Thakur,CCTNS_ALIAS_LOG,2024-01-01,2025-12-31,0.9,True
ALIAS_04931,P_04931,G. Jhaveri,CCTNS_ALIAS_LOG,2024-01-01,2025-12-31,0.9,True
ALIAS_04932,P_04932,A. Mohanty,CCTNS_ALIAS_LOG,2024-01-01,2025-12-31,0.9,True
ALIAS_04933,P_04933,D. Bassi,CCTNS_ALIAS_LOG,2024-01-01,2025-12-31,0.9,True
ALIAS_04934,P_04934,M. Sen,CCTNS_ALIAS_LOG,2024-01-01,2025-12-31,0.9,True
ALIAS_04935,P_04935,B. Kurian,CCTNS_ALIAS_LOG,2024-01-01,2025-12-31,0.9,True
ALIAS_04936,P_04936,Y. Lanka,CCTNS_ALIAS_LOG,2024-01-01,2025-12-31,0.9,True
ALIAS_04937,P_04937,I. Padmanabhan,CCTNS_ALIAS_LOG,2024-01-01,2025-12-31,0.9,True
ALIAS_04938,P_04938,T. Dhingra,CCTNS_ALIAS_LOG,2024-01-01,2025-12-31,0.9,True
ALIAS_04939,P_04939,K. Tata,CCTNS_ALIAS_LOG,2024-01-01,2025-12-31,0.9,True
ALIAS_04940,P_04940,R. Balan,CCTNS_ALIAS_LOG,2024-01-01,2025-12-31,0.9,True
ALIAS_04941,P_04941,S. Gera,CCTNS_ALIAS_LOG,2024-01-01,2025-12-31,0.9,True
ALIAS_04942,P_04942,O. Varma,CCTNS_ALIAS_LOG,2024-01-01,2025-12-31,0.9,True
ALIAS_04943,P_04943,A. Kant,CCTNS_ALIAS_LOG,2024-01-01,2025-12-31,0.9,True
ALIAS_04944,P_04944,T. Subramaniam,CCTNS_ALIAS_LOG,2024-01-01,2025-12-31,0.9,True
ALIAS_04945,P_04945,L. Dube,CCTNS_ALIAS_LOG,2024-01-01,2025-12-31,0.9,True
ALIAS_04946,P_04946,I. Parmar,CCTNS_ALIAS_LOG,2024-01-01,2025-12-31,0.9,True
ALIAS_04947,P_04947,S. Patla,CCTNS_ALIAS_LOG,2024-01-01,2025-12-31,0.9,True
ALIAS_04948,P_04948,B. Chanda,CCTNS_ALIAS_LOG,2024-01-01,2025-12-31,0.9,True
ALIAS_04949,P_04949,V. Kar,CCTNS_ALIAS_LOG,2024-01-01,2025-12-31,0.9,True
ALIAS_04950,P_04950,R. Anand,CCTNS_ALIAS_LOG,2024-01-01,2025-12-31,0.9,True
ALIAS_04951,P_04951,G. More,CCTNS_ALIAS_LOG,2024-01-01,2025-12-31,0.9,True
ALIAS_04952,P_04952,A. Chopra,CCTNS_ALIAS_LOG,2024-01-01,2025-12-31,0.9,True
ALIAS_04953,P_04953,K. Kurian,CCTNS_ALIAS_LOG,2024-01-01,2025-12-31,0.9,True
ALIAS_04954,P_04954,N. Tank,CCTNS_ALIAS_LOG,2024-01-01,2025-12-31,0.9,True
ALIAS_04955,P_04955,U. Lad,CCTNS_ALIAS_LOG,2024-01-01,2025-12-31,0.9,True
ALIAS_04956,P_04956,D. Nath,CCTNS_ALIAS_LOG,2024-01-01,2025-12-31,0.9,True
ALIAS_04957,P_04957,C. Bala,CCTNS_ALIAS_LOG,2024-01-01,2025-12-31,0.9,True
ALIAS_04958,P_04958,I. Solanki,CCTNS_ALIAS_LOG,2024-01-01,2025-12-31,0.9,True
ALIAS_04959,P_04959,R. Rai,CCTNS_ALIAS_LOG,2024-01-01,2025-12-31,0.9,True
ALIAS_04960,P_04960,A. Bali,CCTNS_ALIAS_LOG,2024-01-01,2025-12-31,0.9,True
ALIAS_04961,P_04961,K. Ratta,CCTNS_ALIAS_LOG,2024-01-01,2025-12-31,0.9,True
ALIAS_04962,P_04962,D. Pathak,CCTNS_ALIAS_LOG,2024-01-01,2025-12-31,0.9,True
ALIAS_04963,P_04963,J. Swaminathan,CCTNS_ALIAS_LOG,2024-01-01,2025-12-31,0.9,True
ALIAS_04964,P_04964,P. Dash,CCTNS_ALIAS_LOG,2024-01-01,2025-12-31,0.9,True
ALIAS_04965,P_04965,W. Soni,CCTNS_ALIAS_LOG,2024-01-01,2025-12-31,0.9,True
ALIAS_04966,P_04966,D. Palla,CCTNS_ALIAS_LOG,2024-01-01,2025-12-31,0.9,True
ALIAS_04967,P_04967,A. Issac,CCTNS_ALIAS_LOG,2024-01-01,2025-12-31,0.9,True
ALIAS_04968,P_04968,V. Memon,CCTNS_ALIAS_LOG,2024-01-01,2025-12-31,0.9,True
ALIAS_04969,P_04969,L. Batta,CCTNS_ALIAS_LOG,2024-01-01,2025-12-31,0.9,True
ALIAS_04970,P_04970,D. Randhawa,CCTNS_ALIAS_LOG,2024-01-01,2025-12-31,0.9,True
ALIAS_04971,P_04971,H. Chacko,CCTNS_ALIAS_LOG,2024-01-01,2025-12-31,0.9,True
ALIAS_04972,P_04972,L. Dass,CCTNS_ALIAS_LOG,2024-01-01,2025-12-31,0.9,True
ALIAS_04973,P_04973,V. Pingle,CCTNS_ALIAS_LOG,2024-01-01,2025-12-31,0.9,True
ALIAS_04974,P_04974,I. Rastogi,CCTNS_ALIAS_LOG,2024-01-01,2025-12-31,0.9,True
ALIAS_04975,P_04975,Y. Mann,CCTNS_ALIAS_LOG,2024-01-01,2025-12-31,0.9,True
ALIAS_04976,P_04976,G. Seshadri,CCTNS_ALIAS_LOG,2024-01-01,2025-12-31,0.9,True
ALIAS_04977,P_04977,Y. Kade,CCTNS_ALIAS_LOG,2024-01-01,2025-12-31,0.9,True
ALIAS_04978,P_04978,R. Baral,CCTNS_ALIAS_LOG,2024-01-01,2025-12-31,0.9,True
ALIAS_04979,P_04979,R. Nayar,CCTNS_ALIAS_LOG,2024-01-01,2025-12-31,0.9,True
ALIAS_04980,P_04980,Y. Patel,CCTNS_ALIAS_LOG,2024-01-01,2025-12-31,0.9,True
ALIAS_04981,P_04981,H. Kadakia,CCTNS_ALIAS_LOG,2024-01-01,2025-12-31,0.9,True
ALIAS_04982,P_04982,P. Magar,CCTNS_ALIAS_LOG,2024-01-01,2025-12-31,0.9,True
ALIAS_04983,P_04983,Y. Kade,CCTNS_ALIAS_LOG,2024-01-01,2025-12-31,0.9,True
ALIAS_04984,P_04984,A. Varghese,CCTNS_ALIAS_LOG,2024-01-01,2025-12-31,0.9,True
ALIAS_04985,P_04985,M. Sood,CCTNS_ALIAS_LOG,2024-01-01,2025-12-31,0.9,True
ALIAS_04986,P_04986,K. Char,CCTNS_ALIAS_LOG,2024-01-01,2025-12-31,0.9,True
ALIAS_04987,P_04987,O. Anand,CCTNS_ALIAS_LOG,2024-01-01,2025-12-31,0.9,True
ALIAS_04988,P_04988,N. Deep,CCTNS_ALIAS_LOG,2024-01-01,2025-12-31,0.9,True
ALIAS_04989,P_04989,Y. Chhabra,CCTNS_ALIAS_LOG,2024-01-01,2025-12-31,0.9,True
ALIAS_04990,P_04990,S. Chacko,CCTNS_ALIAS_LOG,2024-01-01,2025-12-31,0.9,True
ALIAS_04991,P_04991,Q. Padmanabhan,CCTNS_ALIAS_LOG,2024-01-01,2025-12-31,0.9,True
ALIAS_04992,P_04992,E. Sarkar,CCTNS_ALIAS_LOG,2024-01-01,2025-12-31,0.9,True
ALIAS_04993,P_04993,O. Singh,CCTNS_ALIAS_LOG,2024-01-01,2025-12-31,0.9,True
ALIAS_04994,P_04994,R. Mani,CCTNS_ALIAS_LOG,2024-01-01,2025-12-31,0.9,True
ALIAS_04995,P_04995,A. Solanki,CCTNS_ALIAS_LOG,2024-01-01,2025-12-31,0.9,True
ALIAS_04996,P_04996,C. Sangha,CCTNS_ALIAS_LOG,2024-01-01,2025-12-31,0.9,True
ALIAS_04997,P_04997,H. Datta,CCTNS_ALIAS_LOG,2024-01-01,2025-12-31,0.9,True
ALIAS_04998,P_04998,T. Bhattacharyya,CCTNS_ALIAS_LOG,2024-01-01,2025-12-31,0.9,True
ALIAS_04999,P_04999,O. Sanghvi,CCTNS_ALIAS_LOG,2024-01-01,2025-12-31,0.9,True
ALIAS_05000,P_05000,V. Morar,CCTNS_ALIAS_LOG,2024-01-01,2025-12-31,0.9,True
