source_identity_id,person_id,source_system,source_person_id,match_confidence,match_method,synthetic_demo_record
PSI_00001,P_00001,MUMBAI_POLICE_CCTNS,SRC_P_00001,1.0,CANONICAL_ID,True
PSI_00002,P_00002,MUMBAI_POLICE_CCTNS,SRC_P_00002,1.0,CANONICAL_ID,True
PSI_00003,P_00003,MUMBAI_POLICE_CCTNS,SRC_P_00003,1.0,CANONICAL_ID,True
PSI_00004,P_00004,MUMBAI_POLICE_CCTNS,SRC_P_00004,1.0,CANONICAL_ID,True
PSI_00005,P_00005,MUMBAI_POLICE_CCTNS,SRC_P_00005,1.0,CANONICAL_ID,True
PSI_00006,P_00006,MUMBAI_POLICE_CCTNS,SRC_P_00006,1.0,CANONICAL_ID,True
PSI_00007,P_00007,MUMBAI_POLICE_CCTNS,SRC_P_00007,1.0,CANONICAL_ID,True
PSI_00008,P_00008,MUMBAI_POLICE_CCTNS,SRC_P_00008,1.0,CANONICAL_ID,True
PSI_00009,P_00009,MUMBAI_POLICE_CCTNS,SRC_P_00009,1.0,CANONICAL_ID,True
PSI_00010,P_00010,MUMBAI_POLICE_CCTNS,SRC_P_00010,1.0,CANONICAL_ID,True
PSI_00011,P_00011,MUMBAI_POLICE_CCTNS,SRC_P_00011,1.0,CANONICAL_ID,True
PSI_00012,P_00012,MUMBAI_POLICE_CCTNS,SRC_P_00012,1.0,CANONICAL_ID,True
PSI_00013,P_00013,MUMBAI_POLICE_CCTNS,SRC_P_00013,1.0,CANONICAL_ID,True
PSI_00014,P_00014,MUMBAI_POLICE_CCTNS,SRC_P_00014,1.0,CANONICAL_ID,True
PSI_00015,P_00015,MUMBAI_POLICE_CCTNS,SRC_P_00015,1.0,CANONICAL_ID,True
PSI_00016,P_00016,MUMBAI_POLICE_CCTNS,SRC_P_00016,1.0,CANONICAL_ID,True
PSI_00017,P_00017,MUMBAI_POLICE_CCTNS,SRC_P_00017,1.0,CANONICAL_ID,True
PSI_00018,P_00018,MUMBAI_POLICE_CCTNS,SRC_P_00018,1.0,CANONICAL_ID,True
PSI_00019,P_00019,MUMBAI_POLICE_CCTNS,SRC_P_00019,1.0,CANONICAL_ID,True
PSI_00020,P_00020,MUMBAI_POLICE_CCTNS,SRC_P_00020,1.0,CANONICAL_ID,True
PSI_00021,P_00021,MUMBAI_POLICE_CCTNS,SRC_P_00021,1.0,CANONICAL_ID,True
PSI_00022,P_00022,MUMBAI_POLICE_CCTNS,SRC_P_00022,1.0,CANONICAL_ID,True
PSI_00023,P_00023,MUMBAI_POLICE_CCTNS,SRC_P_00023,1.0,CANONICAL_ID,True
PSI_00024,P_00024,MUMBAI_POLICE_CCTNS,SRC_P_00024,1.0,CANONICAL_ID,True
PSI_00025,P_00025,MUMBAI_POLICE_CCTNS,SRC_P_00025,1.0,CANONICAL_ID,True
PSI_00026,P_00026,MUMBAI_POLICE_CCTNS,SRC_P_00026,1.0,CANONICAL_ID,True
PSI_00027,P_00027,MUMBAI_POLICE_CCTNS,SRC_P_00027,1.0,CANONICAL_ID,True
PSI_00028,P_00028,MUMBAI_POLICE_CCTNS,SRC_P_00028,1.0,CANONICAL_ID,True
PSI_00029,P_00029,MUMBAI_POLICE_CCTNS,SRC_P_00029,1.0,CANONICAL_ID,True
PSI_00030,P_00030,MUMBAI_POLICE_CCTNS,SRC_P_00030,1.0,CANONICAL_ID,True
PSI_00031,P_00031,MUMBAI_POLICE_CCTNS,SRC_P_00031,1.0,CANONICAL_ID,True
PSI_00032,P_00032,MUMBAI_POLICE_CCTNS,SRC_P_00032,1.0,CANONICAL_ID,True
PSI_00033,P_00033,MUMBAI_POLICE_CCTNS,SRC_P_00033,1.0,CANONICAL_ID,True
PSI_00034,P_00034,MUMBAI_POLICE_CCTNS,SRC_P_00034,1.0,CANONICAL_ID,True
PSI_00035,P_00035,MUMBAI_POLICE_CCTNS,SRC_P_00035,1.0,CANONICAL_ID,True
PSI_00036,P_00036,MUMBAI_POLICE_CCTNS,SRC_P_00036,1.0,CANONICAL_ID,True
PSI_00037,P_00037,MUMBAI_POLICE_CCTNS,SRC_P_00037,1.0,CANONICAL_ID,True
PSI_00038,P_00038,MUMBAI_POLICE_CCTNS,SRC_P_00038,1.0,CANONICAL_ID,True
PSI_00039,P_00039,MUMBAI_POLICE_CCTNS,SRC_P_00039,1.0,CANONICAL_ID,True
PSI_00040,P_00040,MUMBAI_POLICE_CCTNS,SRC_P_00040,1.0,CANONICAL_ID,True
PSI_00041,P_00041,MUMBAI_POLICE_CCTNS,SRC_P_00041,1.0,CANONICAL_ID,True
PSI_00042,P_00042,MUMBAI_POLICE_CCTNS,SRC_P_00042,1.0,CANONICAL_ID,True
PSI_00043,P_00043,MUMBAI_POLICE_CCTNS,SRC_P_00043,1.0,CANONICAL_ID,True
PSI_00044,P_00044,MUMBAI_POLICE_CCTNS,SRC_P_00044,1.0,CANONICAL_ID,True
PSI_00045,P_00045,MUMBAI_POLICE_CCTNS,SRC_P_00045,1.0,CANONICAL_ID,True
PSI_00046,P_00046,MUMBAI_POLICE_CCTNS,SRC_P_00046,1.0,CANONICAL_ID,True
PSI_00047,P_00047,MUMBAI_POLICE_CCTNS,SRC_P_00047,1.0,CANONICAL_ID,True
PSI_00048,P_00048,MUMBAI_POLICE_CCTNS,SRC_P_00048,1.0,CANONICAL_ID,True
PSI_00049,P_00049,MUMBAI_POLICE_CCTNS,SRC_P_00049,1.0,CANONICAL_ID,True
PSI_00050,P_00050,MUMBAI_POLICE_CCTNS,SRC_P_00050,1.0,CANONICAL_ID,True
PSI_00051,P_00051,MUMBAI_POLICE_CCTNS,SRC_P_00051,1.0,CANONICAL_ID,True
PSI_00052,P_00052,MUMBAI_POLICE_CCTNS,SRC_P_00052,1.0,CANONICAL_ID,True
PSI_00053,P_00053,MUMBAI_POLICE_CCTNS,SRC_P_00053,1.0,CANONICAL_ID,True
PSI_00054,P_00054,MUMBAI_POLICE_CCTNS,SRC_P_00054,1.0,CANONICAL_ID,True
PSI_00055,P_00055,MUMBAI_POLICE_CCTNS,SRC_P_00055,1.0,CANONICAL_ID,True
PSI_00056,P_00056,MUMBAI_POLICE_CCTNS,SRC_P_00056,1.0,CANONICAL_ID,True
PSI_00057,P_00057,MUMBAI_POLICE_CCTNS,SRC_P_00057,1.0,CANONICAL_ID,True
PSI_00058,P_00058,MUMBAI_POLICE_CCTNS,SRC_P_00058,1.0,CANONICAL_ID,True
PSI_00059,P_00059,MUMBAI_POLICE_CCTNS,SRC_P_00059,1.0,CANONICAL_ID,True
PSI_00060,P_00060,MUMBAI_POLICE_CCTNS,SRC_P_00060,1.0,CANONICAL_ID,True
PSI_00061,P_00061,MUMBAI_POLICE_CCTNS,SRC_P_00061,1.0,CANONICAL_ID,True
PSI_00062,P_00062,MUMBAI_POLICE_CCTNS,SRC_P_00062,1.0,CANONICAL_ID,True
PSI_00063,P_00063,MUMBAI_POLICE_CCTNS,SRC_P_00063,1.0,CANONICAL_ID,True
PSI_00064,P_00064,MUMBAI_POLICE_CCTNS,SRC_P_00064,1.0,CANONICAL_ID,True
PSI_00065,P_00065,MUMBAI_POLICE_CCTNS,SRC_P_00065,1.0,CANONICAL_ID,True
PSI_00066,P_00066,MUMBAI_POLICE_CCTNS,SRC_P_00066,1.0,CANONICAL_ID,True
PSI_00067,P_00067,MUMBAI_POLICE_CCTNS,SRC_P_00067,1.0,CANONICAL_ID,True
PSI_00068,P_00068,MUMBAI_POLICE_CCTNS,SRC_P_00068,1.0,CANONICAL_ID,True
PSI_00069,P_00069,MUMBAI_POLICE_CCTNS,SRC_P_00069,1.0,CANONICAL_ID,True
PSI_00070,P_00070,MUMBAI_POLICE_CCTNS,SRC_P_00070,1.0,CANONICAL_ID,True
PSI_00071,P_00071,MUMBAI_POLICE_CCTNS,SRC_P_00071,1.0,CANONICAL_ID,True
PSI_00072,P_00072,MUMBAI_POLICE_CCTNS,SRC_P_00072,1.0,CANONICAL_ID,True
PSI_00073,P_00073,MUMBAI_POLICE_CCTNS,SRC_P_00073,1.0,CANONICAL_ID,True
PSI_00074,P_00074,MUMBAI_POLICE_CCTNS,SRC_P_00074,1.0,CANONICAL_ID,True
PSI_00075,P_00075,MUMBAI_POLICE_CCTNS,SRC_P_00075,1.0,CANONICAL_ID,True
PSI_00076,P_00076,MUMBAI_POLICE_CCTNS,SRC_P_00076,1.0,CANONICAL_ID,True
PSI_00077,P_00077,MUMBAI_POLICE_CCTNS,SRC_P_00077,1.0,CANONICAL_ID,True
PSI_00078,P_00078,MUMBAI_POLICE_CCTNS,SRC_P_00078,1.0,CANONICAL_ID,True
PSI_00079,P_00079,MUMBAI_POLICE_CCTNS,SRC_P_00079,1.0,CANONICAL_ID,True
PSI_00080,P_00080,MUMBAI_POLICE_CCTNS,SRC_P_00080,1.0,CANONICAL_ID,True
PSI_00081,P_00081,MUMBAI_POLICE_CCTNS,SRC_P_00081,1.0,CANONICAL_ID,True
PSI_00082,P_00082,MUMBAI_POLICE_CCTNS,SRC_P_00082,1.0,CANONICAL_ID,True
PSI_00083,P_00083,MUMBAI_POLICE_CCTNS,SRC_P_00083,1.0,CANONICAL_ID,True
PSI_00084,P_00084,MUMBAI_POLICE_CCTNS,SRC_P_00084,1.0,CANONICAL_ID,True
PSI_00085,P_00085,MUMBAI_POLICE_CCTNS,SRC_P_00085,1.0,CANONICAL_ID,True
PSI_00086,P_00086,MUMBAI_POLICE_CCTNS,SRC_P_00086,1.0,CANONICAL_ID,True
PSI_00087,P_00087,MUMBAI_POLICE_CCTNS,SRC_P_00087,1.0,CANONICAL_ID,True
PSI_00088,P_00088,MUMBAI_POLICE_CCTNS,SRC_P_00088,1.0,CANONICAL_ID,True
PSI_00089,P_00089,MUMBAI_POLICE_CCTNS,SRC_P_00089,1.0,CANONICAL_ID,True
PSI_00090,P_00090,MUMBAI_POLICE_CCTNS,SRC_P_00090,1.0,CANONICAL_ID,True
PSI_00091,P_00091,MUMBAI_POLICE_CCTNS,SRC_P_00091,1.0,CANONICAL_ID,True
PSI_00092,P_00092,MUMBAI_POLICE_CCTNS,SRC_P_00092,1.0,CANONICAL_ID,True
PSI_00093,P_00093,MUMBAI_POLICE_CCTNS,SRC_P_00093,1.0,CANONICAL_ID,True
PSI_00094,P_00094,MUMBAI_POLICE_CCTNS,SRC_P_00094,1.0,CANONICAL_ID,True
PSI_00095,P_00095,MUMBAI_POLICE_CCTNS,SRC_P_00095,1.0,CANONICAL_ID,True
PSI_00096,P_00096,MUMBAI_POLICE_CCTNS,SRC_P_00096,1.0,CANONICAL_ID,True
PSI_00097,P_00097,MUMBAI_POLICE_CCTNS,SRC_P_00097,1.0,CANONICAL_ID,True
PSI_00098,P_00098,MUMBAI_POLICE_CCTNS,SRC_P_00098,1.0,CANONICAL_ID,True
PSI_00099,P_00099,MUMBAI_POLICE_CCTNS,SRC_P_00099,1.0,CANONICAL_ID,True
PSI_00100,P_00100,MUMBAI_POLICE_CCTNS,SRC_P_00100,1.0,CANONICAL_ID,True
PSI_00101,P_00101,MUMBAI_POLICE_CCTNS,SRC_P_00101,1.0,CANONICAL_ID,True
PSI_00102,P_00102,MUMBAI_POLICE_CCTNS,SRC_P_00102,1.0,CANONICAL_ID,True
PSI_00103,P_00103,MUMBAI_POLICE_CCTNS,SRC_P_00103,1.0,CANONICAL_ID,True
PSI_00104,P_00104,MUMBAI_POLICE_CCTNS,SRC_P_00104,1.0,CANONICAL_ID,True
PSI_00105,P_00105,MUMBAI_POLICE_CCTNS,SRC_P_00105,1.0,CANONICAL_ID,True
PSI_00106,P_00106,MUMBAI_POLICE_CCTNS,SRC_P_00106,1.0,CANONICAL_ID,True
PSI_00107,P_00107,MUMBAI_POLICE_CCTNS,SRC_P_00107,1.0,CANONICAL_ID,True
PSI_00108,P_00108,MUMBAI_POLICE_CCTNS,SRC_P_00108,1.0,CANONICAL_ID,True
PSI_00109,P_00109,MUMBAI_POLICE_CCTNS,SRC_P_00109,1.0,CANONICAL_ID,True
PSI_00110,P_00110,MUMBAI_POLICE_CCTNS,SRC_P_00110,1.0,CANONICAL_ID,True
PSI_00111,P_00111,MUMBAI_POLICE_CCTNS,SRC_P_00111,1.0,CANONICAL_ID,True
PSI_00112,P_00112,MUMBAI_POLICE_CCTNS,SRC_P_00112,1.0,CANONICAL_ID,True
PSI_00113,P_00113,MUMBAI_POLICE_CCTNS,SRC_P_00113,1.0,CANONICAL_ID,True
PSI_00114,P_00114,MUMBAI_POLICE_CCTNS,SRC_P_00114,1.0,CANONICAL_ID,True
PSI_00115,P_00115,MUMBAI_POLICE_CCTNS,SRC_P_00115,1.0,CANONICAL_ID,True
PSI_00116,P_00116,MUMBAI_POLICE_CCTNS,SRC_P_00116,1.0,CANONICAL_ID,True
PSI_00117,P_00117,MUMBAI_POLICE_CCTNS,SRC_P_00117,1.0,CANONICAL_ID,True
PSI_00118,P_00118,MUMBAI_POLICE_CCTNS,SRC_P_00118,1.0,CANONICAL_ID,True
PSI_00119,P_00119,MUMBAI_POLICE_CCTNS,SRC_P_00119,1.0,CANONICAL_ID,True
PSI_00120,P_00120,MUMBAI_POLICE_CCTNS,SRC_P_00120,1.0,CANONICAL_ID,True
PSI_00121,P_00121,MUMBAI_POLICE_CCTNS,SRC_P_00121,1.0,CANONICAL_ID,True
PSI_00122,P_00122,MUMBAI_POLICE_CCTNS,SRC_P_00122,1.0,CANONICAL_ID,True
PSI_00123,P_00123,MUMBAI_POLICE_CCTNS,SRC_P_00123,1.0,CANONICAL_ID,True
PSI_00124,P_00124,MUMBAI_POLICE_CCTNS,SRC_P_00124,1.0,CANONICAL_ID,True
PSI_00125,P_00125,MUMBAI_POLICE_CCTNS,SRC_P_00125,1.0,CANONICAL_ID,True
PSI_00126,P_00126,MUMBAI_POLICE_CCTNS,SRC_P_00126,1.0,CANONICAL_ID,True
PSI_00127,P_00127,MUMBAI_POLICE_CCTNS,SRC_P_00127,1.0,CANONICAL_ID,True
PSI_00128,P_00128,MUMBAI_POLICE_CCTNS,SRC_P_00128,1.0,CANONICAL_ID,True
PSI_00129,P_00129,MUMBAI_POLICE_CCTNS,SRC_P_00129,1.0,CANONICAL_ID,True
PSI_00130,P_00130,MUMBAI_POLICE_CCTNS,SRC_P_00130,1.0,CANONICAL_ID,True
PSI_00131,P_00131,MUMBAI_POLICE_CCTNS,SRC_P_00131,1.0,CANONICAL_ID,True
PSI_00132,P_00132,MUMBAI_POLICE_CCTNS,SRC_P_00132,1.0,CANONICAL_ID,True
PSI_00133,P_00133,MUMBAI_POLICE_CCTNS,SRC_P_00133,1.0,CANONICAL_ID,True
PSI_00134,P_00134,MUMBAI_POLICE_CCTNS,SRC_P_00134,1.0,CANONICAL_ID,True
PSI_00135,P_00135,MUMBAI_POLICE_CCTNS,SRC_P_00135,1.0,CANONICAL_ID,True
PSI_00136,P_00136,MUMBAI_POLICE_CCTNS,SRC_P_00136,1.0,CANONICAL_ID,True
PSI_00137,P_00137,MUMBAI_POLICE_CCTNS,SRC_P_00137,1.0,CANONICAL_ID,True
PSI_00138,P_00138,MUMBAI_POLICE_CCTNS,SRC_P_00138,1.0,CANONICAL_ID,True
PSI_00139,P_00139,MUMBAI_POLICE_CCTNS,SRC_P_00139,1.0,CANONICAL_ID,True
PSI_00140,P_00140,MUMBAI_POLICE_CCTNS,SRC_P_00140,1.0,CANONICAL_ID,True
PSI_00141,P_00141,MUMBAI_POLICE_CCTNS,SRC_P_00141,1.0,CANONICAL_ID,True
PSI_00142,P_00142,MUMBAI_POLICE_CCTNS,SRC_P_00142,1.0,CANONICAL_ID,True
PSI_00143,P_00143,MUMBAI_POLICE_CCTNS,SRC_P_00143,1.0,CANONICAL_ID,True
PSI_00144,P_00144,MUMBAI_POLICE_CCTNS,SRC_P_00144,1.0,CANONICAL_ID,True
PSI_00145,P_00145,MUMBAI_POLICE_CCTNS,SRC_P_00145,1.0,CANONICAL_ID,True
PSI_00146,P_00146,MUMBAI_POLICE_CCTNS,SRC_P_00146,1.0,CANONICAL_ID,True
PSI_00147,P_00147,MUMBAI_POLICE_CCTNS,SRC_P_00147,1.0,CANONICAL_ID,True
PSI_00148,P_00148,MUMBAI_POLICE_CCTNS,SRC_P_00148,1.0,CANONICAL_ID,True
PSI_00149,P_00149,MUMBAI_POLICE_CCTNS,SRC_P_00149,1.0,CANONICAL_ID,True
PSI_00150,P_00150,MUMBAI_POLICE_CCTNS,SRC_P_00150,1.0,CANONICAL_ID,True
PSI_00151,P_00151,MUMBAI_POLICE_CCTNS,SRC_P_00151,1.0,CANONICAL_ID,True
PSI_00152,P_00152,MUMBAI_POLICE_CCTNS,SRC_P_00152,1.0,CANONICAL_ID,True
PSI_00153,P_00153,MUMBAI_POLICE_CCTNS,SRC_P_00153,1.0,CANONICAL_ID,True
PSI_00154,P_00154,MUMBAI_POLICE_CCTNS,SRC_P_00154,1.0,CANONICAL_ID,True
PSI_00155,P_00155,MUMBAI_POLICE_CCTNS,SRC_P_00155,1.0,CANONICAL_ID,True
PSI_00156,P_00156,MUMBAI_POLICE_CCTNS,SRC_P_00156,1.0,CANONICAL_ID,True
PSI_00157,P_00157,MUMBAI_POLICE_CCTNS,SRC_P_00157,1.0,CANONICAL_ID,True
PSI_00158,P_00158,MUMBAI_POLICE_CCTNS,SRC_P_00158,1.0,CANONICAL_ID,True
PSI_00159,P_00159,MUMBAI_POLICE_CCTNS,SRC_P_00159,1.0,CANONICAL_ID,True
PSI_00160,P_00160,MUMBAI_POLICE_CCTNS,SRC_P_00160,1.0,CANONICAL_ID,True
PSI_00161,P_00161,MUMBAI_POLICE_CCTNS,SRC_P_00161,1.0,CANONICAL_ID,True
PSI_00162,P_00162,MUMBAI_POLICE_CCTNS,SRC_P_00162,1.0,CANONICAL_ID,True
PSI_00163,P_00163,MUMBAI_POLICE_CCTNS,SRC_P_00163,1.0,CANONICAL_ID,True
PSI_00164,P_00164,MUMBAI_POLICE_CCTNS,SRC_P_00164,1.0,CANONICAL_ID,True
PSI_00165,P_00165,MUMBAI_POLICE_CCTNS,SRC_P_00165,1.0,CANONICAL_ID,True
PSI_00166,P_00166,MUMBAI_POLICE_CCTNS,SRC_P_00166,1.0,CANONICAL_ID,True
PSI_00167,P_00167,MUMBAI_POLICE_CCTNS,SRC_P_00167,1.0,CANONICAL_ID,True
PSI_00168,P_00168,MUMBAI_POLICE_CCTNS,SRC_P_00168,1.0,CANONICAL_ID,True
PSI_00169,P_00169,MUMBAI_POLICE_CCTNS,SRC_P_00169,1.0,CANONICAL_ID,True
PSI_00170,P_00170,MUMBAI_POLICE_CCTNS,SRC_P_00170,1.0,CANONICAL_ID,True
PSI_00171,P_00171,MUMBAI_POLICE_CCTNS,SRC_P_00171,1.0,CANONICAL_ID,True
PSI_00172,P_00172,MUMBAI_POLICE_CCTNS,SRC_P_00172,1.0,CANONICAL_ID,True
PSI_00173,P_00173,MUMBAI_POLICE_CCTNS,SRC_P_00173,1.0,CANONICAL_ID,True
PSI_00174,P_00174,MUMBAI_POLICE_CCTNS,SRC_P_00174,1.0,CANONICAL_ID,True
PSI_00175,P_00175,MUMBAI_POLICE_CCTNS,SRC_P_00175,1.0,CANONICAL_ID,True
PSI_00176,P_00176,MUMBAI_POLICE_CCTNS,SRC_P_00176,1.0,CANONICAL_ID,True
PSI_00177,P_00177,MUMBAI_POLICE_CCTNS,SRC_P_00177,1.0,CANONICAL_ID,True
PSI_00178,P_00178,MUMBAI_POLICE_CCTNS,SRC_P_00178,1.0,CANONICAL_ID,True
PSI_00179,P_00179,MUMBAI_POLICE_CCTNS,SRC_P_00179,1.0,CANONICAL_ID,True
PSI_00180,P_00180,MUMBAI_POLICE_CCTNS,SRC_P_00180,1.0,CANONICAL_ID,True
PSI_00181,P_00181,MUMBAI_POLICE_CCTNS,SRC_P_00181,1.0,CANONICAL_ID,True
PSI_00182,P_00182,MUMBAI_POLICE_CCTNS,SRC_P_00182,1.0,CANONICAL_ID,True
PSI_00183,P_00183,MUMBAI_POLICE_CCTNS,SRC_P_00183,1.0,CANONICAL_ID,True
PSI_00184,P_00184,MUMBAI_POLICE_CCTNS,SRC_P_00184,1.0,CANONICAL_ID,True
PSI_00185,P_00185,MUMBAI_POLICE_CCTNS,SRC_P_00185,1.0,CANONICAL_ID,True
PSI_00186,P_00186,MUMBAI_POLICE_CCTNS,SRC_P_00186,1.0,CANONICAL_ID,True
PSI_00187,P_00187,MUMBAI_POLICE_CCTNS,SRC_P_00187,1.0,CANONICAL_ID,True
PSI_00188,P_00188,MUMBAI_POLICE_CCTNS,SRC_P_00188,1.0,CANONICAL_ID,True
PSI_00189,P_00189,MUMBAI_POLICE_CCTNS,SRC_P_00189,1.0,CANONICAL_ID,True
PSI_00190,P_00190,MUMBAI_POLICE_CCTNS,SRC_P_00190,1.0,CANONICAL_ID,True
PSI_00191,P_00191,MUMBAI_POLICE_CCTNS,SRC_P_00191,1.0,CANONICAL_ID,True
PSI_00192,P_00192,MUMBAI_POLICE_CCTNS,SRC_P_00192,1.0,CANONICAL_ID,True
PSI_00193,P_00193,MUMBAI_POLICE_CCTNS,SRC_P_00193,1.0,CANONICAL_ID,True
PSI_00194,P_00194,MUMBAI_POLICE_CCTNS,SRC_P_00194,1.0,CANONICAL_ID,True
PSI_00195,P_00195,MUMBAI_POLICE_CCTNS,SRC_P_00195,1.0,CANONICAL_ID,True
PSI_00196,P_00196,MUMBAI_POLICE_CCTNS,SRC_P_00196,1.0,CANONICAL_ID,True
PSI_00197,P_00197,MUMBAI_POLICE_CCTNS,SRC_P_00197,1.0,CANONICAL_ID,True
PSI_00198,P_00198,MUMBAI_POLICE_CCTNS,SRC_P_00198,1.0,CANONICAL_ID,True
PSI_00199,P_00199,MUMBAI_POLICE_CCTNS,SRC_P_00199,1.0,CANONICAL_ID,True
PSI_00200,P_00200,MUMBAI_POLICE_CCTNS,SRC_P_00200,1.0,CANONICAL_ID,True
PSI_00201,P_00201,MUMBAI_POLICE_CCTNS,SRC_P_00201,1.0,CANONICAL_ID,True
PSI_00202,P_00202,MUMBAI_POLICE_CCTNS,SRC_P_00202,1.0,CANONICAL_ID,True
PSI_00203,P_00203,MUMBAI_POLICE_CCTNS,SRC_P_00203,1.0,CANONICAL_ID,True
PSI_00204,P_00204,MUMBAI_POLICE_CCTNS,SRC_P_00204,1.0,CANONICAL_ID,True
PSI_00205,P_00205,MUMBAI_POLICE_CCTNS,SRC_P_00205,1.0,CANONICAL_ID,True
PSI_00206,P_00206,MUMBAI_POLICE_CCTNS,SRC_P_00206,1.0,CANONICAL_ID,True
PSI_00207,P_00207,MUMBAI_POLICE_CCTNS,SRC_P_00207,1.0,CANONICAL_ID,True
PSI_00208,P_00208,MUMBAI_POLICE_CCTNS,SRC_P_00208,1.0,CANONICAL_ID,True
PSI_00209,P_00209,MUMBAI_POLICE_CCTNS,SRC_P_00209,1.0,CANONICAL_ID,True
PSI_00210,P_00210,MUMBAI_POLICE_CCTNS,SRC_P_00210,1.0,CANONICAL_ID,True
PSI_00211,P_00211,MUMBAI_POLICE_CCTNS,SRC_P_00211,1.0,CANONICAL_ID,True
PSI_00212,P_00212,MUMBAI_POLICE_CCTNS,SRC_P_00212,1.0,CANONICAL_ID,True
PSI_00213,P_00213,MUMBAI_POLICE_CCTNS,SRC_P_00213,1.0,CANONICAL_ID,True
PSI_00214,P_00214,MUMBAI_POLICE_CCTNS,SRC_P_00214,1.0,CANONICAL_ID,True
PSI_00215,P_00215,MUMBAI_POLICE_CCTNS,SRC_P_00215,1.0,CANONICAL_ID,True
PSI_00216,P_00216,MUMBAI_POLICE_CCTNS,SRC_P_00216,1.0,CANONICAL_ID,True
PSI_00217,P_00217,MUMBAI_POLICE_CCTNS,SRC_P_00217,1.0,CANONICAL_ID,True
PSI_00218,P_00218,MUMBAI_POLICE_CCTNS,SRC_P_00218,1.0,CANONICAL_ID,True
PSI_00219,P_00219,MUMBAI_POLICE_CCTNS,SRC_P_00219,1.0,CANONICAL_ID,True
PSI_00220,P_00220,MUMBAI_POLICE_CCTNS,SRC_P_00220,1.0,CANONICAL_ID,True
PSI_00221,P_00221,MUMBAI_POLICE_CCTNS,SRC_P_00221,1.0,CANONICAL_ID,True
PSI_00222,P_00222,MUMBAI_POLICE_CCTNS,SRC_P_00222,1.0,CANONICAL_ID,True
PSI_00223,P_00223,MUMBAI_POLICE_CCTNS,SRC_P_00223,1.0,CANONICAL_ID,True
PSI_00224,P_00224,MUMBAI_POLICE_CCTNS,SRC_P_00224,1.0,CANONICAL_ID,True
PSI_00225,P_00225,MUMBAI_POLICE_CCTNS,SRC_P_00225,1.0,CANONICAL_ID,True
PSI_00226,P_00226,MUMBAI_POLICE_CCTNS,SRC_P_00226,1.0,CANONICAL_ID,True
PSI_00227,P_00227,MUMBAI_POLICE_CCTNS,SRC_P_00227,1.0,CANONICAL_ID,True
PSI_00228,P_00228,MUMBAI_POLICE_CCTNS,SRC_P_00228,1.0,CANONICAL_ID,True
PSI_00229,P_00229,MUMBAI_POLICE_CCTNS,SRC_P_00229,1.0,CANONICAL_ID,True
PSI_00230,P_00230,MUMBAI_POLICE_CCTNS,SRC_P_00230,1.0,CANONICAL_ID,True
PSI_00231,P_00231,MUMBAI_POLICE_CCTNS,SRC_P_00231,1.0,CANONICAL_ID,True
PSI_00232,P_00232,MUMBAI_POLICE_CCTNS,SRC_P_00232,1.0,CANONICAL_ID,True
PSI_00233,P_00233,MUMBAI_POLICE_CCTNS,SRC_P_00233,1.0,CANONICAL_ID,True
PSI_00234,P_00234,MUMBAI_POLICE_CCTNS,SRC_P_00234,1.0,CANONICAL_ID,True
PSI_00235,P_00235,MUMBAI_POLICE_CCTNS,SRC_P_00235,1.0,CANONICAL_ID,True
PSI_00236,P_00236,MUMBAI_POLICE_CCTNS,SRC_P_00236,1.0,CANONICAL_ID,True
PSI_00237,P_00237,MUMBAI_POLICE_CCTNS,SRC_P_00237,1.0,CANONICAL_ID,True
PSI_00238,P_00238,MUMBAI_POLICE_CCTNS,SRC_P_00238,1.0,CANONICAL_ID,True
PSI_00239,P_00239,MUMBAI_POLICE_CCTNS,SRC_P_00239,1.0,CANONICAL_ID,True
PSI_00240,P_00240,MUMBAI_POLICE_CCTNS,SRC_P_00240,1.0,CANONICAL_ID,True
PSI_00241,P_00241,MUMBAI_POLICE_CCTNS,SRC_P_00241,1.0,CANONICAL_ID,True
PSI_00242,P_00242,MUMBAI_POLICE_CCTNS,SRC_P_00242,1.0,CANONICAL_ID,True
PSI_00243,P_00243,MUMBAI_POLICE_CCTNS,SRC_P_00243,1.0,CANONICAL_ID,True
PSI_00244,P_00244,MUMBAI_POLICE_CCTNS,SRC_P_00244,1.0,CANONICAL_ID,True
PSI_00245,P_00245,MUMBAI_POLICE_CCTNS,SRC_P_00245,1.0,CANONICAL_ID,True
PSI_00246,P_00246,MUMBAI_POLICE_CCTNS,SRC_P_00246,1.0,CANONICAL_ID,True
PSI_00247,P_00247,MUMBAI_POLICE_CCTNS,SRC_P_00247,1.0,CANONICAL_ID,True
PSI_00248,P_00248,MUMBAI_POLICE_CCTNS,SRC_P_00248,1.0,CANONICAL_ID,True
PSI_00249,P_00249,MUMBAI_POLICE_CCTNS,SRC_P_00249,1.0,CANONICAL_ID,True
PSI_00250,P_00250,MUMBAI_POLICE_CCTNS,SRC_P_00250,1.0,CANONICAL_ID,True
PSI_00251,P_00251,MUMBAI_POLICE_CCTNS,SRC_P_00251,1.0,CANONICAL_ID,True
PSI_00252,P_00252,MUMBAI_POLICE_CCTNS,SRC_P_00252,1.0,CANONICAL_ID,True
PSI_00253,P_00253,MUMBAI_POLICE_CCTNS,SRC_P_00253,1.0,CANONICAL_ID,True
PSI_00254,P_00254,MUMBAI_POLICE_CCTNS,SRC_P_00254,1.0,CANONICAL_ID,True
PSI_00255,P_00255,MUMBAI_POLICE_CCTNS,SRC_P_00255,1.0,CANONICAL_ID,True
PSI_00256,P_00256,MUMBAI_POLICE_CCTNS,SRC_P_00256,1.0,CANONICAL_ID,True
PSI_00257,P_00257,MUMBAI_POLICE_CCTNS,SRC_P_00257,1.0,CANONICAL_ID,True
PSI_00258,P_00258,MUMBAI_POLICE_CCTNS,SRC_P_00258,1.0,CANONICAL_ID,True
PSI_00259,P_00259,MUMBAI_POLICE_CCTNS,SRC_P_00259,1.0,CANONICAL_ID,True
PSI_00260,P_00260,MUMBAI_POLICE_CCTNS,SRC_P_00260,1.0,CANONICAL_ID,True
PSI_00261,P_00261,MUMBAI_POLICE_CCTNS,SRC_P_00261,1.0,CANONICAL_ID,True
PSI_00262,P_00262,MUMBAI_POLICE_CCTNS,SRC_P_00262,1.0,CANONICAL_ID,True
PSI_00263,P_00263,MUMBAI_POLICE_CCTNS,SRC_P_00263,1.0,CANONICAL_ID,True
PSI_00264,P_00264,MUMBAI_POLICE_CCTNS,SRC_P_00264,1.0,CANONICAL_ID,True
PSI_00265,P_00265,MUMBAI_POLICE_CCTNS,SRC_P_00265,1.0,CANONICAL_ID,True
PSI_00266,P_00266,MUMBAI_POLICE_CCTNS,SRC_P_00266,1.0,CANONICAL_ID,True
PSI_00267,P_00267,MUMBAI_POLICE_CCTNS,SRC_P_00267,1.0,CANONICAL_ID,True
PSI_00268,P_00268,MUMBAI_POLICE_CCTNS,SRC_P_00268,1.0,CANONICAL_ID,True
PSI_00269,P_00269,MUMBAI_POLICE_CCTNS,SRC_P_00269,1.0,CANONICAL_ID,True
PSI_00270,P_00270,MUMBAI_POLICE_CCTNS,SRC_P_00270,1.0,CANONICAL_ID,True
PSI_00271,P_00271,MUMBAI_POLICE_CCTNS,SRC_P_00271,1.0,CANONICAL_ID,True
PSI_00272,P_00272,MUMBAI_POLICE_CCTNS,SRC_P_00272,1.0,CANONICAL_ID,True
PSI_00273,P_00273,MUMBAI_POLICE_CCTNS,SRC_P_00273,1.0,CANONICAL_ID,True
PSI_00274,P_00274,MUMBAI_POLICE_CCTNS,SRC_P_00274,1.0,CANONICAL_ID,True
PSI_00275,P_00275,MUMBAI_POLICE_CCTNS,SRC_P_00275,1.0,CANONICAL_ID,True
PSI_00276,P_00276,MUMBAI_POLICE_CCTNS,SRC_P_00276,1.0,CANONICAL_ID,True
PSI_00277,P_00277,MUMBAI_POLICE_CCTNS,SRC_P_00277,1.0,CANONICAL_ID,True
PSI_00278,P_00278,MUMBAI_POLICE_CCTNS,SRC_P_00278,1.0,CANONICAL_ID,True
PSI_00279,P_00279,MUMBAI_POLICE_CCTNS,SRC_P_00279,1.0,CANONICAL_ID,True
PSI_00280,P_00280,MUMBAI_POLICE_CCTNS,SRC_P_00280,1.0,CANONICAL_ID,True
PSI_00281,P_00281,MUMBAI_POLICE_CCTNS,SRC_P_00281,1.0,CANONICAL_ID,True
PSI_00282,P_00282,MUMBAI_POLICE_CCTNS,SRC_P_00282,1.0,CANONICAL_ID,True
PSI_00283,P_00283,MUMBAI_POLICE_CCTNS,SRC_P_00283,1.0,CANONICAL_ID,True
PSI_00284,P_00284,MUMBAI_POLICE_CCTNS,SRC_P_00284,1.0,CANONICAL_ID,True
PSI_00285,P_00285,MUMBAI_POLICE_CCTNS,SRC_P_00285,1.0,CANONICAL_ID,True
PSI_00286,P_00286,MUMBAI_POLICE_CCTNS,SRC_P_00286,1.0,CANONICAL_ID,True
PSI_00287,P_00287,MUMBAI_POLICE_CCTNS,SRC_P_00287,1.0,CANONICAL_ID,True
PSI_00288,P_00288,MUMBAI_POLICE_CCTNS,SRC_P_00288,1.0,CANONICAL_ID,True
PSI_00289,P_00289,MUMBAI_POLICE_CCTNS,SRC_P_00289,1.0,CANONICAL_ID,True
PSI_00290,P_00290,MUMBAI_POLICE_CCTNS,SRC_P_00290,1.0,CANONICAL_ID,True
PSI_00291,P_00291,MUMBAI_POLICE_CCTNS,SRC_P_00291,1.0,CANONICAL_ID,True
PSI_00292,P_00292,MUMBAI_POLICE_CCTNS,SRC_P_00292,1.0,CANONICAL_ID,True
PSI_00293,P_00293,MUMBAI_POLICE_CCTNS,SRC_P_00293,1.0,CANONICAL_ID,True
PSI_00294,P_00294,MUMBAI_POLICE_CCTNS,SRC_P_00294,1.0,CANONICAL_ID,True
PSI_00295,P_00295,MUMBAI_POLICE_CCTNS,SRC_P_00295,1.0,CANONICAL_ID,True
PSI_00296,P_00296,MUMBAI_POLICE_CCTNS,SRC_P_00296,1.0,CANONICAL_ID,True
PSI_00297,P_00297,MUMBAI_POLICE_CCTNS,SRC_P_00297,1.0,CANONICAL_ID,True
PSI_00298,P_00298,MUMBAI_POLICE_CCTNS,SRC_P_00298,1.0,CANONICAL_ID,True
PSI_00299,P_00299,MUMBAI_POLICE_CCTNS,SRC_P_00299,1.0,CANONICAL_ID,True
PSI_00300,P_00300,MUMBAI_POLICE_CCTNS,SRC_P_00300,1.0,CANONICAL_ID,True
PSI_00301,P_00301,MUMBAI_POLICE_CCTNS,SRC_P_00301,1.0,CANONICAL_ID,True
PSI_00302,P_00302,MUMBAI_POLICE_CCTNS,SRC_P_00302,1.0,CANONICAL_ID,True
PSI_00303,P_00303,MUMBAI_POLICE_CCTNS,SRC_P_00303,1.0,CANONICAL_ID,True
PSI_00304,P_00304,MUMBAI_POLICE_CCTNS,SRC_P_00304,1.0,CANONICAL_ID,True
PSI_00305,P_00305,MUMBAI_POLICE_CCTNS,SRC_P_00305,1.0,CANONICAL_ID,True
PSI_00306,P_00306,MUMBAI_POLICE_CCTNS,SRC_P_00306,1.0,CANONICAL_ID,True
PSI_00307,P_00307,MUMBAI_POLICE_CCTNS,SRC_P_00307,1.0,CANONICAL_ID,True
PSI_00308,P_00308,MUMBAI_POLICE_CCTNS,SRC_P_00308,1.0,CANONICAL_ID,True
PSI_00309,P_00309,MUMBAI_POLICE_CCTNS,SRC_P_00309,1.0,CANONICAL_ID,True
PSI_00310,P_00310,MUMBAI_POLICE_CCTNS,SRC_P_00310,1.0,CANONICAL_ID,True
PSI_00311,P_00311,MUMBAI_POLICE_CCTNS,SRC_P_00311,1.0,CANONICAL_ID,True
PSI_00312,P_00312,MUMBAI_POLICE_CCTNS,SRC_P_00312,1.0,CANONICAL_ID,True
PSI_00313,P_00313,MUMBAI_POLICE_CCTNS,SRC_P_00313,1.0,CANONICAL_ID,True
PSI_00314,P_00314,MUMBAI_POLICE_CCTNS,SRC_P_00314,1.0,CANONICAL_ID,True
PSI_00315,P_00315,MUMBAI_POLICE_CCTNS,SRC_P_00315,1.0,CANONICAL_ID,True
PSI_00316,P_00316,MUMBAI_POLICE_CCTNS,SRC_P_00316,1.0,CANONICAL_ID,True
PSI_00317,P_00317,MUMBAI_POLICE_CCTNS,SRC_P_00317,1.0,CANONICAL_ID,True
PSI_00318,P_00318,MUMBAI_POLICE_CCTNS,SRC_P_00318,1.0,CANONICAL_ID,True
PSI_00319,P_00319,MUMBAI_POLICE_CCTNS,SRC_P_00319,1.0,CANONICAL_ID,True
PSI_00320,P_00320,MUMBAI_POLICE_CCTNS,SRC_P_00320,1.0,CANONICAL_ID,True
PSI_00321,P_00321,MUMBAI_POLICE_CCTNS,SRC_P_00321,1.0,CANONICAL_ID,True
PSI_00322,P_00322,MUMBAI_POLICE_CCTNS,SRC_P_00322,1.0,CANONICAL_ID,True
PSI_00323,P_00323,MUMBAI_POLICE_CCTNS,SRC_P_00323,1.0,CANONICAL_ID,True
PSI_00324,P_00324,MUMBAI_POLICE_CCTNS,SRC_P_00324,1.0,CANONICAL_ID,True
PSI_00325,P_00325,MUMBAI_POLICE_CCTNS,SRC_P_00325,1.0,CANONICAL_ID,True
PSI_00326,P_00326,MUMBAI_POLICE_CCTNS,SRC_P_00326,1.0,CANONICAL_ID,True
PSI_00327,P_00327,MUMBAI_POLICE_CCTNS,SRC_P_00327,1.0,CANONICAL_ID,True
PSI_00328,P_00328,MUMBAI_POLICE_CCTNS,SRC_P_00328,1.0,CANONICAL_ID,True
PSI_00329,P_00329,MUMBAI_POLICE_CCTNS,SRC_P_00329,1.0,CANONICAL_ID,True
PSI_00330,P_00330,MUMBAI_POLICE_CCTNS,SRC_P_00330,1.0,CANONICAL_ID,True
PSI_00331,P_00331,MUMBAI_POLICE_CCTNS,SRC_P_00331,1.0,CANONICAL_ID,True
PSI_00332,P_00332,MUMBAI_POLICE_CCTNS,SRC_P_00332,1.0,CANONICAL_ID,True
PSI_00333,P_00333,MUMBAI_POLICE_CCTNS,SRC_P_00333,1.0,CANONICAL_ID,True
PSI_00334,P_00334,MUMBAI_POLICE_CCTNS,SRC_P_00334,1.0,CANONICAL_ID,True
PSI_00335,P_00335,MUMBAI_POLICE_CCTNS,SRC_P_00335,1.0,CANONICAL_ID,True
PSI_00336,P_00336,MUMBAI_POLICE_CCTNS,SRC_P_00336,1.0,CANONICAL_ID,True
PSI_00337,P_00337,MUMBAI_POLICE_CCTNS,SRC_P_00337,1.0,CANONICAL_ID,True
PSI_00338,P_00338,MUMBAI_POLICE_CCTNS,SRC_P_00338,1.0,CANONICAL_ID,True
PSI_00339,P_00339,MUMBAI_POLICE_CCTNS,SRC_P_00339,1.0,CANONICAL_ID,True
PSI_00340,P_00340,MUMBAI_POLICE_CCTNS,SRC_P_00340,1.0,CANONICAL_ID,True
PSI_00341,P_00341,MUMBAI_POLICE_CCTNS,SRC_P_00341,1.0,CANONICAL_ID,True
PSI_00342,P_00342,MUMBAI_POLICE_CCTNS,SRC_P_00342,1.0,CANONICAL_ID,True
PSI_00343,P_00343,MUMBAI_POLICE_CCTNS,SRC_P_00343,1.0,CANONICAL_ID,True
PSI_00344,P_00344,MUMBAI_POLICE_CCTNS,SRC_P_00344,1.0,CANONICAL_ID,True
PSI_00345,P_00345,MUMBAI_POLICE_CCTNS,SRC_P_00345,1.0,CANONICAL_ID,True
PSI_00346,P_00346,MUMBAI_POLICE_CCTNS,SRC_P_00346,1.0,CANONICAL_ID,True
PSI_00347,P_00347,MUMBAI_POLICE_CCTNS,SRC_P_00347,1.0,CANONICAL_ID,True
PSI_00348,P_00348,MUMBAI_POLICE_CCTNS,SRC_P_00348,1.0,CANONICAL_ID,True
PSI_00349,P_00349,MUMBAI_POLICE_CCTNS,SRC_P_00349,1.0,CANONICAL_ID,True
PSI_00350,P_00350,MUMBAI_POLICE_CCTNS,SRC_P_00350,1.0,CANONICAL_ID,True
PSI_00351,P_00351,MUMBAI_POLICE_CCTNS,SRC_P_00351,1.0,CANONICAL_ID,True
PSI_00352,P_00352,MUMBAI_POLICE_CCTNS,SRC_P_00352,1.0,CANONICAL_ID,True
PSI_00353,P_00353,MUMBAI_POLICE_CCTNS,SRC_P_00353,1.0,CANONICAL_ID,True
PSI_00354,P_00354,MUMBAI_POLICE_CCTNS,SRC_P_00354,1.0,CANONICAL_ID,True
PSI_00355,P_00355,MUMBAI_POLICE_CCTNS,SRC_P_00355,1.0,CANONICAL_ID,True
PSI_00356,P_00356,MUMBAI_POLICE_CCTNS,SRC_P_00356,1.0,CANONICAL_ID,True
PSI_00357,P_00357,MUMBAI_POLICE_CCTNS,SRC_P_00357,1.0,CANONICAL_ID,True
PSI_00358,P_00358,MUMBAI_POLICE_CCTNS,SRC_P_00358,1.0,CANONICAL_ID,True
PSI_00359,P_00359,MUMBAI_POLICE_CCTNS,SRC_P_00359,1.0,CANONICAL_ID,True
PSI_00360,P_00360,MUMBAI_POLICE_CCTNS,SRC_P_00360,1.0,CANONICAL_ID,True
PSI_00361,P_00361,MUMBAI_POLICE_CCTNS,SRC_P_00361,1.0,CANONICAL_ID,True
PSI_00362,P_00362,MUMBAI_POLICE_CCTNS,SRC_P_00362,1.0,CANONICAL_ID,True
PSI_00363,P_00363,MUMBAI_POLICE_CCTNS,SRC_P_00363,1.0,CANONICAL_ID,True
PSI_00364,P_00364,MUMBAI_POLICE_CCTNS,SRC_P_00364,1.0,CANONICAL_ID,True
PSI_00365,P_00365,MUMBAI_POLICE_CCTNS,SRC_P_00365,1.0,CANONICAL_ID,True
PSI_00366,P_00366,MUMBAI_POLICE_CCTNS,SRC_P_00366,1.0,CANONICAL_ID,True
PSI_00367,P_00367,MUMBAI_POLICE_CCTNS,SRC_P_00367,1.0,CANONICAL_ID,True
PSI_00368,P_00368,MUMBAI_POLICE_CCTNS,SRC_P_00368,1.0,CANONICAL_ID,True
PSI_00369,P_00369,MUMBAI_POLICE_CCTNS,SRC_P_00369,1.0,CANONICAL_ID,True
PSI_00370,P_00370,MUMBAI_POLICE_CCTNS,SRC_P_00370,1.0,CANONICAL_ID,True
PSI_00371,P_00371,MUMBAI_POLICE_CCTNS,SRC_P_00371,1.0,CANONICAL_ID,True
PSI_00372,P_00372,MUMBAI_POLICE_CCTNS,SRC_P_00372,1.0,CANONICAL_ID,True
PSI_00373,P_00373,MUMBAI_POLICE_CCTNS,SRC_P_00373,1.0,CANONICAL_ID,True
PSI_00374,P_00374,MUMBAI_POLICE_CCTNS,SRC_P_00374,1.0,CANONICAL_ID,True
PSI_00375,P_00375,MUMBAI_POLICE_CCTNS,SRC_P_00375,1.0,CANONICAL_ID,True
PSI_00376,P_00376,MUMBAI_POLICE_CCTNS,SRC_P_00376,1.0,CANONICAL_ID,True
PSI_00377,P_00377,MUMBAI_POLICE_CCTNS,SRC_P_00377,1.0,CANONICAL_ID,True
PSI_00378,P_00378,MUMBAI_POLICE_CCTNS,SRC_P_00378,1.0,CANONICAL_ID,True
PSI_00379,P_00379,MUMBAI_POLICE_CCTNS,SRC_P_00379,1.0,CANONICAL_ID,True
PSI_00380,P_00380,MUMBAI_POLICE_CCTNS,SRC_P_00380,1.0,CANONICAL_ID,True
PSI_00381,P_00381,MUMBAI_POLICE_CCTNS,SRC_P_00381,1.0,CANONICAL_ID,True
PSI_00382,P_00382,MUMBAI_POLICE_CCTNS,SRC_P_00382,1.0,CANONICAL_ID,True
PSI_00383,P_00383,MUMBAI_POLICE_CCTNS,SRC_P_00383,1.0,CANONICAL_ID,True
PSI_00384,P_00384,MUMBAI_POLICE_CCTNS,SRC_P_00384,1.0,CANONICAL_ID,True
PSI_00385,P_00385,MUMBAI_POLICE_CCTNS,SRC_P_00385,1.0,CANONICAL_ID,True
PSI_00386,P_00386,MUMBAI_POLICE_CCTNS,SRC_P_00386,1.0,CANONICAL_ID,True
PSI_00387,P_00387,MUMBAI_POLICE_CCTNS,SRC_P_00387,1.0,CANONICAL_ID,True
PSI_00388,P_00388,MUMBAI_POLICE_CCTNS,SRC_P_00388,1.0,CANONICAL_ID,True
PSI_00389,P_00389,MUMBAI_POLICE_CCTNS,SRC_P_00389,1.0,CANONICAL_ID,True
PSI_00390,P_00390,MUMBAI_POLICE_CCTNS,SRC_P_00390,1.0,CANONICAL_ID,True
PSI_00391,P_00391,MUMBAI_POLICE_CCTNS,SRC_P_00391,1.0,CANONICAL_ID,True
PSI_00392,P_00392,MUMBAI_POLICE_CCTNS,SRC_P_00392,1.0,CANONICAL_ID,True
PSI_00393,P_00393,MUMBAI_POLICE_CCTNS,SRC_P_00393,1.0,CANONICAL_ID,True
PSI_00394,P_00394,MUMBAI_POLICE_CCTNS,SRC_P_00394,1.0,CANONICAL_ID,True
PSI_00395,P_00395,MUMBAI_POLICE_CCTNS,SRC_P_00395,1.0,CANONICAL_ID,True
PSI_00396,P_00396,MUMBAI_POLICE_CCTNS,SRC_P_00396,1.0,CANONICAL_ID,True
PSI_00397,P_00397,MUMBAI_POLICE_CCTNS,SRC_P_00397,1.0,CANONICAL_ID,True
PSI_00398,P_00398,MUMBAI_POLICE_CCTNS,SRC_P_00398,1.0,CANONICAL_ID,True
PSI_00399,P_00399,MUMBAI_POLICE_CCTNS,SRC_P_00399,1.0,CANONICAL_ID,True
PSI_00400,P_00400,MUMBAI_POLICE_CCTNS,SRC_P_00400,1.0,CANONICAL_ID,True
PSI_00401,P_00401,MUMBAI_POLICE_CCTNS,SRC_P_00401,1.0,CANONICAL_ID,True
PSI_00402,P_00402,MUMBAI_POLICE_CCTNS,SRC_P_00402,1.0,CANONICAL_ID,True
PSI_00403,P_00403,MUMBAI_POLICE_CCTNS,SRC_P_00403,1.0,CANONICAL_ID,True
PSI_00404,P_00404,MUMBAI_POLICE_CCTNS,SRC_P_00404,1.0,CANONICAL_ID,True
PSI_00405,P_00405,MUMBAI_POLICE_CCTNS,SRC_P_00405,1.0,CANONICAL_ID,True
PSI_00406,P_00406,MUMBAI_POLICE_CCTNS,SRC_P_00406,1.0,CANONICAL_ID,True
PSI_00407,P_00407,MUMBAI_POLICE_CCTNS,SRC_P_00407,1.0,CANONICAL_ID,True
PSI_00408,P_00408,MUMBAI_POLICE_CCTNS,SRC_P_00408,1.0,CANONICAL_ID,True
PSI_00409,P_00409,MUMBAI_POLICE_CCTNS,SRC_P_00409,1.0,CANONICAL_ID,True
PSI_00410,P_00410,MUMBAI_POLICE_CCTNS,SRC_P_00410,1.0,CANONICAL_ID,True
PSI_00411,P_00411,MUMBAI_POLICE_CCTNS,SRC_P_00411,1.0,CANONICAL_ID,True
PSI_00412,P_00412,MUMBAI_POLICE_CCTNS,SRC_P_00412,1.0,CANONICAL_ID,True
PSI_00413,P_00413,MUMBAI_POLICE_CCTNS,SRC_P_00413,1.0,CANONICAL_ID,True
PSI_00414,P_00414,MUMBAI_POLICE_CCTNS,SRC_P_00414,1.0,CANONICAL_ID,True
PSI_00415,P_00415,MUMBAI_POLICE_CCTNS,SRC_P_00415,1.0,CANONICAL_ID,True
PSI_00416,P_00416,MUMBAI_POLICE_CCTNS,SRC_P_00416,1.0,CANONICAL_ID,True
PSI_00417,P_00417,MUMBAI_POLICE_CCTNS,SRC_P_00417,1.0,CANONICAL_ID,True
PSI_00418,P_00418,MUMBAI_POLICE_CCTNS,SRC_P_00418,1.0,CANONICAL_ID,True
PSI_00419,P_00419,MUMBAI_POLICE_CCTNS,SRC_P_00419,1.0,CANONICAL_ID,True
PSI_00420,P_00420,MUMBAI_POLICE_CCTNS,SRC_P_00420,1.0,CANONICAL_ID,True
PSI_00421,P_00421,MUMBAI_POLICE_CCTNS,SRC_P_00421,1.0,CANONICAL_ID,True
PSI_00422,P_00422,MUMBAI_POLICE_CCTNS,SRC_P_00422,1.0,CANONICAL_ID,True
PSI_00423,P_00423,MUMBAI_POLICE_CCTNS,SRC_P_00423,1.0,CANONICAL_ID,True
PSI_00424,P_00424,MUMBAI_POLICE_CCTNS,SRC_P_00424,1.0,CANONICAL_ID,True
PSI_00425,P_00425,MUMBAI_POLICE_CCTNS,SRC_P_00425,1.0,CANONICAL_ID,True
PSI_00426,P_00426,MUMBAI_POLICE_CCTNS,SRC_P_00426,1.0,CANONICAL_ID,True
PSI_00427,P_00427,MUMBAI_POLICE_CCTNS,SRC_P_00427,1.0,CANONICAL_ID,True
PSI_00428,P_00428,MUMBAI_POLICE_CCTNS,SRC_P_00428,1.0,CANONICAL_ID,True
PSI_00429,P_00429,MUMBAI_POLICE_CCTNS,SRC_P_00429,1.0,CANONICAL_ID,True
PSI_00430,P_00430,MUMBAI_POLICE_CCTNS,SRC_P_00430,1.0,CANONICAL_ID,True
PSI_00431,P_00431,MUMBAI_POLICE_CCTNS,SRC_P_00431,1.0,CANONICAL_ID,True
PSI_00432,P_00432,MUMBAI_POLICE_CCTNS,SRC_P_00432,1.0,CANONICAL_ID,True
PSI_00433,P_00433,MUMBAI_POLICE_CCTNS,SRC_P_00433,1.0,CANONICAL_ID,True
PSI_00434,P_00434,MUMBAI_POLICE_CCTNS,SRC_P_00434,1.0,CANONICAL_ID,True
PSI_00435,P_00435,MUMBAI_POLICE_CCTNS,SRC_P_00435,1.0,CANONICAL_ID,True
PSI_00436,P_00436,MUMBAI_POLICE_CCTNS,SRC_P_00436,1.0,CANONICAL_ID,True
PSI_00437,P_00437,MUMBAI_POLICE_CCTNS,SRC_P_00437,1.0,CANONICAL_ID,True
PSI_00438,P_00438,MUMBAI_POLICE_CCTNS,SRC_P_00438,1.0,CANONICAL_ID,True
PSI_00439,P_00439,MUMBAI_POLICE_CCTNS,SRC_P_00439,1.0,CANONICAL_ID,True
PSI_00440,P_00440,MUMBAI_POLICE_CCTNS,SRC_P_00440,1.0,CANONICAL_ID,True
PSI_00441,P_00441,MUMBAI_POLICE_CCTNS,SRC_P_00441,1.0,CANONICAL_ID,True
PSI_00442,P_00442,MUMBAI_POLICE_CCTNS,SRC_P_00442,1.0,CANONICAL_ID,True
PSI_00443,P_00443,MUMBAI_POLICE_CCTNS,SRC_P_00443,1.0,CANONICAL_ID,True
PSI_00444,P_00444,MUMBAI_POLICE_CCTNS,SRC_P_00444,1.0,CANONICAL_ID,True
PSI_00445,P_00445,MUMBAI_POLICE_CCTNS,SRC_P_00445,1.0,CANONICAL_ID,True
PSI_00446,P_00446,MUMBAI_POLICE_CCTNS,SRC_P_00446,1.0,CANONICAL_ID,True
PSI_00447,P_00447,MUMBAI_POLICE_CCTNS,SRC_P_00447,1.0,CANONICAL_ID,True
PSI_00448,P_00448,MUMBAI_POLICE_CCTNS,SRC_P_00448,1.0,CANONICAL_ID,True
PSI_00449,P_00449,MUMBAI_POLICE_CCTNS,SRC_P_00449,1.0,CANONICAL_ID,True
PSI_00450,P_00450,MUMBAI_POLICE_CCTNS,SRC_P_00450,1.0,CANONICAL_ID,True
PSI_00451,P_00451,MUMBAI_POLICE_CCTNS,SRC_P_00451,1.0,CANONICAL_ID,True
PSI_00452,P_00452,MUMBAI_POLICE_CCTNS,SRC_P_00452,1.0,CANONICAL_ID,True
PSI_00453,P_00453,MUMBAI_POLICE_CCTNS,SRC_P_00453,1.0,CANONICAL_ID,True
PSI_00454,P_00454,MUMBAI_POLICE_CCTNS,SRC_P_00454,1.0,CANONICAL_ID,True
PSI_00455,P_00455,MUMBAI_POLICE_CCTNS,SRC_P_00455,1.0,CANONICAL_ID,True
PSI_00456,P_00456,MUMBAI_POLICE_CCTNS,SRC_P_00456,1.0,CANONICAL_ID,True
PSI_00457,P_00457,MUMBAI_POLICE_CCTNS,SRC_P_00457,1.0,CANONICAL_ID,True
PSI_00458,P_00458,MUMBAI_POLICE_CCTNS,SRC_P_00458,1.0,CANONICAL_ID,True
PSI_00459,P_00459,MUMBAI_POLICE_CCTNS,SRC_P_00459,1.0,CANONICAL_ID,True
PSI_00460,P_00460,MUMBAI_POLICE_CCTNS,SRC_P_00460,1.0,CANONICAL_ID,True
PSI_00461,P_00461,MUMBAI_POLICE_CCTNS,SRC_P_00461,1.0,CANONICAL_ID,True
PSI_00462,P_00462,MUMBAI_POLICE_CCTNS,SRC_P_00462,1.0,CANONICAL_ID,True
PSI_00463,P_00463,MUMBAI_POLICE_CCTNS,SRC_P_00463,1.0,CANONICAL_ID,True
PSI_00464,P_00464,MUMBAI_POLICE_CCTNS,SRC_P_00464,1.0,CANONICAL_ID,True
PSI_00465,P_00465,MUMBAI_POLICE_CCTNS,SRC_P_00465,1.0,CANONICAL_ID,True
PSI_00466,P_00466,MUMBAI_POLICE_CCTNS,SRC_P_00466,1.0,CANONICAL_ID,True
PSI_00467,P_00467,MUMBAI_POLICE_CCTNS,SRC_P_00467,1.0,CANONICAL_ID,True
PSI_00468,P_00468,MUMBAI_POLICE_CCTNS,SRC_P_00468,1.0,CANONICAL_ID,True
PSI_00469,P_00469,MUMBAI_POLICE_CCTNS,SRC_P_00469,1.0,CANONICAL_ID,True
PSI_00470,P_00470,MUMBAI_POLICE_CCTNS,SRC_P_00470,1.0,CANONICAL_ID,True
PSI_00471,P_00471,MUMBAI_POLICE_CCTNS,SRC_P_00471,1.0,CANONICAL_ID,True
PSI_00472,P_00472,MUMBAI_POLICE_CCTNS,SRC_P_00472,1.0,CANONICAL_ID,True
PSI_00473,P_00473,MUMBAI_POLICE_CCTNS,SRC_P_00473,1.0,CANONICAL_ID,True
PSI_00474,P_00474,MUMBAI_POLICE_CCTNS,SRC_P_00474,1.0,CANONICAL_ID,True
PSI_00475,P_00475,MUMBAI_POLICE_CCTNS,SRC_P_00475,1.0,CANONICAL_ID,True
PSI_00476,P_00476,MUMBAI_POLICE_CCTNS,SRC_P_00476,1.0,CANONICAL_ID,True
PSI_00477,P_00477,MUMBAI_POLICE_CCTNS,SRC_P_00477,1.0,CANONICAL_ID,True
PSI_00478,P_00478,MUMBAI_POLICE_CCTNS,SRC_P_00478,1.0,CANONICAL_ID,True
PSI_00479,P_00479,MUMBAI_POLICE_CCTNS,SRC_P_00479,1.0,CANONICAL_ID,True
PSI_00480,P_00480,MUMBAI_POLICE_CCTNS,SRC_P_00480,1.0,CANONICAL_ID,True
PSI_00481,P_00481,MUMBAI_POLICE_CCTNS,SRC_P_00481,1.0,CANONICAL_ID,True
PSI_00482,P_00482,MUMBAI_POLICE_CCTNS,SRC_P_00482,1.0,CANONICAL_ID,True
PSI_00483,P_00483,MUMBAI_POLICE_CCTNS,SRC_P_00483,1.0,CANONICAL_ID,True
PSI_00484,P_00484,MUMBAI_POLICE_CCTNS,SRC_P_00484,1.0,CANONICAL_ID,True
PSI_00485,P_00485,MUMBAI_POLICE_CCTNS,SRC_P_00485,1.0,CANONICAL_ID,True
PSI_00486,P_00486,MUMBAI_POLICE_CCTNS,SRC_P_00486,1.0,CANONICAL_ID,True
PSI_00487,P_00487,MUMBAI_POLICE_CCTNS,SRC_P_00487,1.0,CANONICAL_ID,True
PSI_00488,P_00488,MUMBAI_POLICE_CCTNS,SRC_P_00488,1.0,CANONICAL_ID,True
PSI_00489,P_00489,MUMBAI_POLICE_CCTNS,SRC_P_00489,1.0,CANONICAL_ID,True
PSI_00490,P_00490,MUMBAI_POLICE_CCTNS,SRC_P_00490,1.0,CANONICAL_ID,True
PSI_00491,P_00491,MUMBAI_POLICE_CCTNS,SRC_P_00491,1.0,CANONICAL_ID,True
PSI_00492,P_00492,MUMBAI_POLICE_CCTNS,SRC_P_00492,1.0,CANONICAL_ID,True
PSI_00493,P_00493,MUMBAI_POLICE_CCTNS,SRC_P_00493,1.0,CANONICAL_ID,True
PSI_00494,P_00494,MUMBAI_POLICE_CCTNS,SRC_P_00494,1.0,CANONICAL_ID,True
PSI_00495,P_00495,MUMBAI_POLICE_CCTNS,SRC_P_00495,1.0,CANONICAL_ID,True
PSI_00496,P_00496,MUMBAI_POLICE_CCTNS,SRC_P_00496,1.0,CANONICAL_ID,True
PSI_00497,P_00497,MUMBAI_POLICE_CCTNS,SRC_P_00497,1.0,CANONICAL_ID,True
PSI_00498,P_00498,MUMBAI_POLICE_CCTNS,SRC_P_00498,1.0,CANONICAL_ID,True
PSI_00499,P_00499,MUMBAI_POLICE_CCTNS,SRC_P_00499,1.0,CANONICAL_ID,True
PSI_00500,P_00500,MUMBAI_POLICE_CCTNS,SRC_P_00500,1.0,CANONICAL_ID,True
PSI_00501,P_00501,MUMBAI_POLICE_CCTNS,SRC_P_00501,1.0,CANONICAL_ID,True
PSI_00502,P_00502,MUMBAI_POLICE_CCTNS,SRC_P_00502,1.0,CANONICAL_ID,True
PSI_00503,P_00503,MUMBAI_POLICE_CCTNS,SRC_P_00503,1.0,CANONICAL_ID,True
PSI_00504,P_00504,MUMBAI_POLICE_CCTNS,SRC_P_00504,1.0,CANONICAL_ID,True
PSI_00505,P_00505,MUMBAI_POLICE_CCTNS,SRC_P_00505,1.0,CANONICAL_ID,True
PSI_00506,P_00506,MUMBAI_POLICE_CCTNS,SRC_P_00506,1.0,CANONICAL_ID,True
PSI_00507,P_00507,MUMBAI_POLICE_CCTNS,SRC_P_00507,1.0,CANONICAL_ID,True
PSI_00508,P_00508,MUMBAI_POLICE_CCTNS,SRC_P_00508,1.0,CANONICAL_ID,True
PSI_00509,P_00509,MUMBAI_POLICE_CCTNS,SRC_P_00509,1.0,CANONICAL_ID,True
PSI_00510,P_00510,MUMBAI_POLICE_CCTNS,SRC_P_00510,1.0,CANONICAL_ID,True
PSI_00511,P_00511,MUMBAI_POLICE_CCTNS,SRC_P_00511,1.0,CANONICAL_ID,True
PSI_00512,P_00512,MUMBAI_POLICE_CCTNS,SRC_P_00512,1.0,CANONICAL_ID,True
PSI_00513,P_00513,MUMBAI_POLICE_CCTNS,SRC_P_00513,1.0,CANONICAL_ID,True
PSI_00514,P_00514,MUMBAI_POLICE_CCTNS,SRC_P_00514,1.0,CANONICAL_ID,True
PSI_00515,P_00515,MUMBAI_POLICE_CCTNS,SRC_P_00515,1.0,CANONICAL_ID,True
PSI_00516,P_00516,MUMBAI_POLICE_CCTNS,SRC_P_00516,1.0,CANONICAL_ID,True
PSI_00517,P_00517,MUMBAI_POLICE_CCTNS,SRC_P_00517,1.0,CANONICAL_ID,True
PSI_00518,P_00518,MUMBAI_POLICE_CCTNS,SRC_P_00518,1.0,CANONICAL_ID,True
PSI_00519,P_00519,MUMBAI_POLICE_CCTNS,SRC_P_00519,1.0,CANONICAL_ID,True
PSI_00520,P_00520,MUMBAI_POLICE_CCTNS,SRC_P_00520,1.0,CANONICAL_ID,True
PSI_00521,P_00521,MUMBAI_POLICE_CCTNS,SRC_P_00521,1.0,CANONICAL_ID,True
PSI_00522,P_00522,MUMBAI_POLICE_CCTNS,SRC_P_00522,1.0,CANONICAL_ID,True
PSI_00523,P_00523,MUMBAI_POLICE_CCTNS,SRC_P_00523,1.0,CANONICAL_ID,True
PSI_00524,P_00524,MUMBAI_POLICE_CCTNS,SRC_P_00524,1.0,CANONICAL_ID,True
PSI_00525,P_00525,MUMBAI_POLICE_CCTNS,SRC_P_00525,1.0,CANONICAL_ID,True
PSI_00526,P_00526,MUMBAI_POLICE_CCTNS,SRC_P_00526,1.0,CANONICAL_ID,True
PSI_00527,P_00527,MUMBAI_POLICE_CCTNS,SRC_P_00527,1.0,CANONICAL_ID,True
PSI_00528,P_00528,MUMBAI_POLICE_CCTNS,SRC_P_00528,1.0,CANONICAL_ID,True
PSI_00529,P_00529,MUMBAI_POLICE_CCTNS,SRC_P_00529,1.0,CANONICAL_ID,True
PSI_00530,P_00530,MUMBAI_POLICE_CCTNS,SRC_P_00530,1.0,CANONICAL_ID,True
PSI_00531,P_00531,MUMBAI_POLICE_CCTNS,SRC_P_00531,1.0,CANONICAL_ID,True
PSI_00532,P_00532,MUMBAI_POLICE_CCTNS,SRC_P_00532,1.0,CANONICAL_ID,True
PSI_00533,P_00533,MUMBAI_POLICE_CCTNS,SRC_P_00533,1.0,CANONICAL_ID,True
PSI_00534,P_00534,MUMBAI_POLICE_CCTNS,SRC_P_00534,1.0,CANONICAL_ID,True
PSI_00535,P_00535,MUMBAI_POLICE_CCTNS,SRC_P_00535,1.0,CANONICAL_ID,True
PSI_00536,P_00536,MUMBAI_POLICE_CCTNS,SRC_P_00536,1.0,CANONICAL_ID,True
PSI_00537,P_00537,MUMBAI_POLICE_CCTNS,SRC_P_00537,1.0,CANONICAL_ID,True
PSI_00538,P_00538,MUMBAI_POLICE_CCTNS,SRC_P_00538,1.0,CANONICAL_ID,True
PSI_00539,P_00539,MUMBAI_POLICE_CCTNS,SRC_P_00539,1.0,CANONICAL_ID,True
PSI_00540,P_00540,MUMBAI_POLICE_CCTNS,SRC_P_00540,1.0,CANONICAL_ID,True
PSI_00541,P_00541,MUMBAI_POLICE_CCTNS,SRC_P_00541,1.0,CANONICAL_ID,True
PSI_00542,P_00542,MUMBAI_POLICE_CCTNS,SRC_P_00542,1.0,CANONICAL_ID,True
PSI_00543,P_00543,MUMBAI_POLICE_CCTNS,SRC_P_00543,1.0,CANONICAL_ID,True
PSI_00544,P_00544,MUMBAI_POLICE_CCTNS,SRC_P_00544,1.0,CANONICAL_ID,True
PSI_00545,P_00545,MUMBAI_POLICE_CCTNS,SRC_P_00545,1.0,CANONICAL_ID,True
PSI_00546,P_00546,MUMBAI_POLICE_CCTNS,SRC_P_00546,1.0,CANONICAL_ID,True
PSI_00547,P_00547,MUMBAI_POLICE_CCTNS,SRC_P_00547,1.0,CANONICAL_ID,True
PSI_00548,P_00548,MUMBAI_POLICE_CCTNS,SRC_P_00548,1.0,CANONICAL_ID,True
PSI_00549,P_00549,MUMBAI_POLICE_CCTNS,SRC_P_00549,1.0,CANONICAL_ID,True
PSI_00550,P_00550,MUMBAI_POLICE_CCTNS,SRC_P_00550,1.0,CANONICAL_ID,True
PSI_00551,P_00551,MUMBAI_POLICE_CCTNS,SRC_P_00551,1.0,CANONICAL_ID,True
PSI_00552,P_00552,MUMBAI_POLICE_CCTNS,SRC_P_00552,1.0,CANONICAL_ID,True
PSI_00553,P_00553,MUMBAI_POLICE_CCTNS,SRC_P_00553,1.0,CANONICAL_ID,True
PSI_00554,P_00554,MUMBAI_POLICE_CCTNS,SRC_P_00554,1.0,CANONICAL_ID,True
PSI_00555,P_00555,MUMBAI_POLICE_CCTNS,SRC_P_00555,1.0,CANONICAL_ID,True
PSI_00556,P_00556,MUMBAI_POLICE_CCTNS,SRC_P_00556,1.0,CANONICAL_ID,True
PSI_00557,P_00557,MUMBAI_POLICE_CCTNS,SRC_P_00557,1.0,CANONICAL_ID,True
PSI_00558,P_00558,MUMBAI_POLICE_CCTNS,SRC_P_00558,1.0,CANONICAL_ID,True
PSI_00559,P_00559,MUMBAI_POLICE_CCTNS,SRC_P_00559,1.0,CANONICAL_ID,True
PSI_00560,P_00560,MUMBAI_POLICE_CCTNS,SRC_P_00560,1.0,CANONICAL_ID,True
PSI_00561,P_00561,MUMBAI_POLICE_CCTNS,SRC_P_00561,1.0,CANONICAL_ID,True
PSI_00562,P_00562,MUMBAI_POLICE_CCTNS,SRC_P_00562,1.0,CANONICAL_ID,True
PSI_00563,P_00563,MUMBAI_POLICE_CCTNS,SRC_P_00563,1.0,CANONICAL_ID,True
PSI_00564,P_00564,MUMBAI_POLICE_CCTNS,SRC_P_00564,1.0,CANONICAL_ID,True
PSI_00565,P_00565,MUMBAI_POLICE_CCTNS,SRC_P_00565,1.0,CANONICAL_ID,True
PSI_00566,P_00566,MUMBAI_POLICE_CCTNS,SRC_P_00566,1.0,CANONICAL_ID,True
PSI_00567,P_00567,MUMBAI_POLICE_CCTNS,SRC_P_00567,1.0,CANONICAL_ID,True
PSI_00568,P_00568,MUMBAI_POLICE_CCTNS,SRC_P_00568,1.0,CANONICAL_ID,True
PSI_00569,P_00569,MUMBAI_POLICE_CCTNS,SRC_P_00569,1.0,CANONICAL_ID,True
PSI_00570,P_00570,MUMBAI_POLICE_CCTNS,SRC_P_00570,1.0,CANONICAL_ID,True
PSI_00571,P_00571,MUMBAI_POLICE_CCTNS,SRC_P_00571,1.0,CANONICAL_ID,True
PSI_00572,P_00572,MUMBAI_POLICE_CCTNS,SRC_P_00572,1.0,CANONICAL_ID,True
PSI_00573,P_00573,MUMBAI_POLICE_CCTNS,SRC_P_00573,1.0,CANONICAL_ID,True
PSI_00574,P_00574,MUMBAI_POLICE_CCTNS,SRC_P_00574,1.0,CANONICAL_ID,True
PSI_00575,P_00575,MUMBAI_POLICE_CCTNS,SRC_P_00575,1.0,CANONICAL_ID,True
PSI_00576,P_00576,MUMBAI_POLICE_CCTNS,SRC_P_00576,1.0,CANONICAL_ID,True
PSI_00577,P_00577,MUMBAI_POLICE_CCTNS,SRC_P_00577,1.0,CANONICAL_ID,True
PSI_00578,P_00578,MUMBAI_POLICE_CCTNS,SRC_P_00578,1.0,CANONICAL_ID,True
PSI_00579,P_00579,MUMBAI_POLICE_CCTNS,SRC_P_00579,1.0,CANONICAL_ID,True
PSI_00580,P_00580,MUMBAI_POLICE_CCTNS,SRC_P_00580,1.0,CANONICAL_ID,True
PSI_00581,P_00581,MUMBAI_POLICE_CCTNS,SRC_P_00581,1.0,CANONICAL_ID,True
PSI_00582,P_00582,MUMBAI_POLICE_CCTNS,SRC_P_00582,1.0,CANONICAL_ID,True
PSI_00583,P_00583,MUMBAI_POLICE_CCTNS,SRC_P_00583,1.0,CANONICAL_ID,True
PSI_00584,P_00584,MUMBAI_POLICE_CCTNS,SRC_P_00584,1.0,CANONICAL_ID,True
PSI_00585,P_00585,MUMBAI_POLICE_CCTNS,SRC_P_00585,1.0,CANONICAL_ID,True
PSI_00586,P_00586,MUMBAI_POLICE_CCTNS,SRC_P_00586,1.0,CANONICAL_ID,True
PSI_00587,P_00587,MUMBAI_POLICE_CCTNS,SRC_P_00587,1.0,CANONICAL_ID,True
PSI_00588,P_00588,MUMBAI_POLICE_CCTNS,SRC_P_00588,1.0,CANONICAL_ID,True
PSI_00589,P_00589,MUMBAI_POLICE_CCTNS,SRC_P_00589,1.0,CANONICAL_ID,True
PSI_00590,P_00590,MUMBAI_POLICE_CCTNS,SRC_P_00590,1.0,CANONICAL_ID,True
PSI_00591,P_00591,MUMBAI_POLICE_CCTNS,SRC_P_00591,1.0,CANONICAL_ID,True
PSI_00592,P_00592,MUMBAI_POLICE_CCTNS,SRC_P_00592,1.0,CANONICAL_ID,True
PSI_00593,P_00593,MUMBAI_POLICE_CCTNS,SRC_P_00593,1.0,CANONICAL_ID,True
PSI_00594,P_00594,MUMBAI_POLICE_CCTNS,SRC_P_00594,1.0,CANONICAL_ID,True
PSI_00595,P_00595,MUMBAI_POLICE_CCTNS,SRC_P_00595,1.0,CANONICAL_ID,True
PSI_00596,P_00596,MUMBAI_POLICE_CCTNS,SRC_P_00596,1.0,CANONICAL_ID,True
PSI_00597,P_00597,MUMBAI_POLICE_CCTNS,SRC_P_00597,1.0,CANONICAL_ID,True
PSI_00598,P_00598,MUMBAI_POLICE_CCTNS,SRC_P_00598,1.0,CANONICAL_ID,True
PSI_00599,P_00599,MUMBAI_POLICE_CCTNS,SRC_P_00599,1.0,CANONICAL_ID,True
PSI_00600,P_00600,MUMBAI_POLICE_CCTNS,SRC_P_00600,1.0,CANONICAL_ID,True
PSI_00601,P_00601,MUMBAI_POLICE_CCTNS,SRC_P_00601,1.0,CANONICAL_ID,True
PSI_00602,P_00602,MUMBAI_POLICE_CCTNS,SRC_P_00602,1.0,CANONICAL_ID,True
PSI_00603,P_00603,MUMBAI_POLICE_CCTNS,SRC_P_00603,1.0,CANONICAL_ID,True
PSI_00604,P_00604,MUMBAI_POLICE_CCTNS,SRC_P_00604,1.0,CANONICAL_ID,True
PSI_00605,P_00605,MUMBAI_POLICE_CCTNS,SRC_P_00605,1.0,CANONICAL_ID,True
PSI_00606,P_00606,MUMBAI_POLICE_CCTNS,SRC_P_00606,1.0,CANONICAL_ID,True
PSI_00607,P_00607,MUMBAI_POLICE_CCTNS,SRC_P_00607,1.0,CANONICAL_ID,True
PSI_00608,P_00608,MUMBAI_POLICE_CCTNS,SRC_P_00608,1.0,CANONICAL_ID,True
PSI_00609,P_00609,MUMBAI_POLICE_CCTNS,SRC_P_00609,1.0,CANONICAL_ID,True
PSI_00610,P_00610,MUMBAI_POLICE_CCTNS,SRC_P_00610,1.0,CANONICAL_ID,True
PSI_00611,P_00611,MUMBAI_POLICE_CCTNS,SRC_P_00611,1.0,CANONICAL_ID,True
PSI_00612,P_00612,MUMBAI_POLICE_CCTNS,SRC_P_00612,1.0,CANONICAL_ID,True
PSI_00613,P_00613,MUMBAI_POLICE_CCTNS,SRC_P_00613,1.0,CANONICAL_ID,True
PSI_00614,P_00614,MUMBAI_POLICE_CCTNS,SRC_P_00614,1.0,CANONICAL_ID,True
PSI_00615,P_00615,MUMBAI_POLICE_CCTNS,SRC_P_00615,1.0,CANONICAL_ID,True
PSI_00616,P_00616,MUMBAI_POLICE_CCTNS,SRC_P_00616,1.0,CANONICAL_ID,True
PSI_00617,P_00617,MUMBAI_POLICE_CCTNS,SRC_P_00617,1.0,CANONICAL_ID,True
PSI_00618,P_00618,MUMBAI_POLICE_CCTNS,SRC_P_00618,1.0,CANONICAL_ID,True
PSI_00619,P_00619,MUMBAI_POLICE_CCTNS,SRC_P_00619,1.0,CANONICAL_ID,True
PSI_00620,P_00620,MUMBAI_POLICE_CCTNS,SRC_P_00620,1.0,CANONICAL_ID,True
PSI_00621,P_00621,MUMBAI_POLICE_CCTNS,SRC_P_00621,1.0,CANONICAL_ID,True
PSI_00622,P_00622,MUMBAI_POLICE_CCTNS,SRC_P_00622,1.0,CANONICAL_ID,True
PSI_00623,P_00623,MUMBAI_POLICE_CCTNS,SRC_P_00623,1.0,CANONICAL_ID,True
PSI_00624,P_00624,MUMBAI_POLICE_CCTNS,SRC_P_00624,1.0,CANONICAL_ID,True
PSI_00625,P_00625,MUMBAI_POLICE_CCTNS,SRC_P_00625,1.0,CANONICAL_ID,True
PSI_00626,P_00626,MUMBAI_POLICE_CCTNS,SRC_P_00626,1.0,CANONICAL_ID,True
PSI_00627,P_00627,MUMBAI_POLICE_CCTNS,SRC_P_00627,1.0,CANONICAL_ID,True
PSI_00628,P_00628,MUMBAI_POLICE_CCTNS,SRC_P_00628,1.0,CANONICAL_ID,True
PSI_00629,P_00629,MUMBAI_POLICE_CCTNS,SRC_P_00629,1.0,CANONICAL_ID,True
PSI_00630,P_00630,MUMBAI_POLICE_CCTNS,SRC_P_00630,1.0,CANONICAL_ID,True
PSI_00631,P_00631,MUMBAI_POLICE_CCTNS,SRC_P_00631,1.0,CANONICAL_ID,True
PSI_00632,P_00632,MUMBAI_POLICE_CCTNS,SRC_P_00632,1.0,CANONICAL_ID,True
PSI_00633,P_00633,MUMBAI_POLICE_CCTNS,SRC_P_00633,1.0,CANONICAL_ID,True
PSI_00634,P_00634,MUMBAI_POLICE_CCTNS,SRC_P_00634,1.0,CANONICAL_ID,True
PSI_00635,P_00635,MUMBAI_POLICE_CCTNS,SRC_P_00635,1.0,CANONICAL_ID,True
PSI_00636,P_00636,MUMBAI_POLICE_CCTNS,SRC_P_00636,1.0,CANONICAL_ID,True
PSI_00637,P_00637,MUMBAI_POLICE_CCTNS,SRC_P_00637,1.0,CANONICAL_ID,True
PSI_00638,P_00638,MUMBAI_POLICE_CCTNS,SRC_P_00638,1.0,CANONICAL_ID,True
PSI_00639,P_00639,MUMBAI_POLICE_CCTNS,SRC_P_00639,1.0,CANONICAL_ID,True
PSI_00640,P_00640,MUMBAI_POLICE_CCTNS,SRC_P_00640,1.0,CANONICAL_ID,True
PSI_00641,P_00641,MUMBAI_POLICE_CCTNS,SRC_P_00641,1.0,CANONICAL_ID,True
PSI_00642,P_00642,MUMBAI_POLICE_CCTNS,SRC_P_00642,1.0,CANONICAL_ID,True
PSI_00643,P_00643,MUMBAI_POLICE_CCTNS,SRC_P_00643,1.0,CANONICAL_ID,True
PSI_00644,P_00644,MUMBAI_POLICE_CCTNS,SRC_P_00644,1.0,CANONICAL_ID,True
PSI_00645,P_00645,MUMBAI_POLICE_CCTNS,SRC_P_00645,1.0,CANONICAL_ID,True
PSI_00646,P_00646,MUMBAI_POLICE_CCTNS,SRC_P_00646,1.0,CANONICAL_ID,True
PSI_00647,P_00647,MUMBAI_POLICE_CCTNS,SRC_P_00647,1.0,CANONICAL_ID,True
PSI_00648,P_00648,MUMBAI_POLICE_CCTNS,SRC_P_00648,1.0,CANONICAL_ID,True
PSI_00649,P_00649,MUMBAI_POLICE_CCTNS,SRC_P_00649,1.0,CANONICAL_ID,True
PSI_00650,P_00650,MUMBAI_POLICE_CCTNS,SRC_P_00650,1.0,CANONICAL_ID,True
PSI_00651,P_00651,MUMBAI_POLICE_CCTNS,SRC_P_00651,1.0,CANONICAL_ID,True
PSI_00652,P_00652,MUMBAI_POLICE_CCTNS,SRC_P_00652,1.0,CANONICAL_ID,True
PSI_00653,P_00653,MUMBAI_POLICE_CCTNS,SRC_P_00653,1.0,CANONICAL_ID,True
PSI_00654,P_00654,MUMBAI_POLICE_CCTNS,SRC_P_00654,1.0,CANONICAL_ID,True
PSI_00655,P_00655,MUMBAI_POLICE_CCTNS,SRC_P_00655,1.0,CANONICAL_ID,True
PSI_00656,P_00656,MUMBAI_POLICE_CCTNS,SRC_P_00656,1.0,CANONICAL_ID,True
PSI_00657,P_00657,MUMBAI_POLICE_CCTNS,SRC_P_00657,1.0,CANONICAL_ID,True
PSI_00658,P_00658,MUMBAI_POLICE_CCTNS,SRC_P_00658,1.0,CANONICAL_ID,True
PSI_00659,P_00659,MUMBAI_POLICE_CCTNS,SRC_P_00659,1.0,CANONICAL_ID,True
PSI_00660,P_00660,MUMBAI_POLICE_CCTNS,SRC_P_00660,1.0,CANONICAL_ID,True
PSI_00661,P_00661,MUMBAI_POLICE_CCTNS,SRC_P_00661,1.0,CANONICAL_ID,True
PSI_00662,P_00662,MUMBAI_POLICE_CCTNS,SRC_P_00662,1.0,CANONICAL_ID,True
PSI_00663,P_00663,MUMBAI_POLICE_CCTNS,SRC_P_00663,1.0,CANONICAL_ID,True
PSI_00664,P_00664,MUMBAI_POLICE_CCTNS,SRC_P_00664,1.0,CANONICAL_ID,True
PSI_00665,P_00665,MUMBAI_POLICE_CCTNS,SRC_P_00665,1.0,CANONICAL_ID,True
PSI_00666,P_00666,MUMBAI_POLICE_CCTNS,SRC_P_00666,1.0,CANONICAL_ID,True
PSI_00667,P_00667,MUMBAI_POLICE_CCTNS,SRC_P_00667,1.0,CANONICAL_ID,True
PSI_00668,P_00668,MUMBAI_POLICE_CCTNS,SRC_P_00668,1.0,CANONICAL_ID,True
PSI_00669,P_00669,MUMBAI_POLICE_CCTNS,SRC_P_00669,1.0,CANONICAL_ID,True
PSI_00670,P_00670,MUMBAI_POLICE_CCTNS,SRC_P_00670,1.0,CANONICAL_ID,True
PSI_00671,P_00671,MUMBAI_POLICE_CCTNS,SRC_P_00671,1.0,CANONICAL_ID,True
PSI_00672,P_00672,MUMBAI_POLICE_CCTNS,SRC_P_00672,1.0,CANONICAL_ID,True
PSI_00673,P_00673,MUMBAI_POLICE_CCTNS,SRC_P_00673,1.0,CANONICAL_ID,True
PSI_00674,P_00674,MUMBAI_POLICE_CCTNS,SRC_P_00674,1.0,CANONICAL_ID,True
PSI_00675,P_00675,MUMBAI_POLICE_CCTNS,SRC_P_00675,1.0,CANONICAL_ID,True
PSI_00676,P_00676,MUMBAI_POLICE_CCTNS,SRC_P_00676,1.0,CANONICAL_ID,True
PSI_00677,P_00677,MUMBAI_POLICE_CCTNS,SRC_P_00677,1.0,CANONICAL_ID,True
PSI_00678,P_00678,MUMBAI_POLICE_CCTNS,SRC_P_00678,1.0,CANONICAL_ID,True
PSI_00679,P_00679,MUMBAI_POLICE_CCTNS,SRC_P_00679,1.0,CANONICAL_ID,True
PSI_00680,P_00680,MUMBAI_POLICE_CCTNS,SRC_P_00680,1.0,CANONICAL_ID,True
PSI_00681,P_00681,MUMBAI_POLICE_CCTNS,SRC_P_00681,1.0,CANONICAL_ID,True
PSI_00682,P_00682,MUMBAI_POLICE_CCTNS,SRC_P_00682,1.0,CANONICAL_ID,True
PSI_00683,P_00683,MUMBAI_POLICE_CCTNS,SRC_P_00683,1.0,CANONICAL_ID,True
PSI_00684,P_00684,MUMBAI_POLICE_CCTNS,SRC_P_00684,1.0,CANONICAL_ID,True
PSI_00685,P_00685,MUMBAI_POLICE_CCTNS,SRC_P_00685,1.0,CANONICAL_ID,True
PSI_00686,P_00686,MUMBAI_POLICE_CCTNS,SRC_P_00686,1.0,CANONICAL_ID,True
PSI_00687,P_00687,MUMBAI_POLICE_CCTNS,SRC_P_00687,1.0,CANONICAL_ID,True
PSI_00688,P_00688,MUMBAI_POLICE_CCTNS,SRC_P_00688,1.0,CANONICAL_ID,True
PSI_00689,P_00689,MUMBAI_POLICE_CCTNS,SRC_P_00689,1.0,CANONICAL_ID,True
PSI_00690,P_00690,MUMBAI_POLICE_CCTNS,SRC_P_00690,1.0,CANONICAL_ID,True
PSI_00691,P_00691,MUMBAI_POLICE_CCTNS,SRC_P_00691,1.0,CANONICAL_ID,True
PSI_00692,P_00692,MUMBAI_POLICE_CCTNS,SRC_P_00692,1.0,CANONICAL_ID,True
PSI_00693,P_00693,MUMBAI_POLICE_CCTNS,SRC_P_00693,1.0,CANONICAL_ID,True
PSI_00694,P_00694,MUMBAI_POLICE_CCTNS,SRC_P_00694,1.0,CANONICAL_ID,True
PSI_00695,P_00695,MUMBAI_POLICE_CCTNS,SRC_P_00695,1.0,CANONICAL_ID,True
PSI_00696,P_00696,MUMBAI_POLICE_CCTNS,SRC_P_00696,1.0,CANONICAL_ID,True
PSI_00697,P_00697,MUMBAI_POLICE_CCTNS,SRC_P_00697,1.0,CANONICAL_ID,True
PSI_00698,P_00698,MUMBAI_POLICE_CCTNS,SRC_P_00698,1.0,CANONICAL_ID,True
PSI_00699,P_00699,MUMBAI_POLICE_CCTNS,SRC_P_00699,1.0,CANONICAL_ID,True
PSI_00700,P_00700,MUMBAI_POLICE_CCTNS,SRC_P_00700,1.0,CANONICAL_ID,True
PSI_00701,P_00701,MUMBAI_POLICE_CCTNS,SRC_P_00701,1.0,CANONICAL_ID,True
PSI_00702,P_00702,MUMBAI_POLICE_CCTNS,SRC_P_00702,1.0,CANONICAL_ID,True
PSI_00703,P_00703,MUMBAI_POLICE_CCTNS,SRC_P_00703,1.0,CANONICAL_ID,True
PSI_00704,P_00704,MUMBAI_POLICE_CCTNS,SRC_P_00704,1.0,CANONICAL_ID,True
PSI_00705,P_00705,MUMBAI_POLICE_CCTNS,SRC_P_00705,1.0,CANONICAL_ID,True
PSI_00706,P_00706,MUMBAI_POLICE_CCTNS,SRC_P_00706,1.0,CANONICAL_ID,True
PSI_00707,P_00707,MUMBAI_POLICE_CCTNS,SRC_P_00707,1.0,CANONICAL_ID,True
PSI_00708,P_00708,MUMBAI_POLICE_CCTNS,SRC_P_00708,1.0,CANONICAL_ID,True
PSI_00709,P_00709,MUMBAI_POLICE_CCTNS,SRC_P_00709,1.0,CANONICAL_ID,True
PSI_00710,P_00710,MUMBAI_POLICE_CCTNS,SRC_P_00710,1.0,CANONICAL_ID,True
PSI_00711,P_00711,MUMBAI_POLICE_CCTNS,SRC_P_00711,1.0,CANONICAL_ID,True
PSI_00712,P_00712,MUMBAI_POLICE_CCTNS,SRC_P_00712,1.0,CANONICAL_ID,True
PSI_00713,P_00713,MUMBAI_POLICE_CCTNS,SRC_P_00713,1.0,CANONICAL_ID,True
PSI_00714,P_00714,MUMBAI_POLICE_CCTNS,SRC_P_00714,1.0,CANONICAL_ID,True
PSI_00715,P_00715,MUMBAI_POLICE_CCTNS,SRC_P_00715,1.0,CANONICAL_ID,True
PSI_00716,P_00716,MUMBAI_POLICE_CCTNS,SRC_P_00716,1.0,CANONICAL_ID,True
PSI_00717,P_00717,MUMBAI_POLICE_CCTNS,SRC_P_00717,1.0,CANONICAL_ID,True
PSI_00718,P_00718,MUMBAI_POLICE_CCTNS,SRC_P_00718,1.0,CANONICAL_ID,True
PSI_00719,P_00719,MUMBAI_POLICE_CCTNS,SRC_P_00719,1.0,CANONICAL_ID,True
PSI_00720,P_00720,MUMBAI_POLICE_CCTNS,SRC_P_00720,1.0,CANONICAL_ID,True
PSI_00721,P_00721,MUMBAI_POLICE_CCTNS,SRC_P_00721,1.0,CANONICAL_ID,True
PSI_00722,P_00722,MUMBAI_POLICE_CCTNS,SRC_P_00722,1.0,CANONICAL_ID,True
PSI_00723,P_00723,MUMBAI_POLICE_CCTNS,SRC_P_00723,1.0,CANONICAL_ID,True
PSI_00724,P_00724,MUMBAI_POLICE_CCTNS,SRC_P_00724,1.0,CANONICAL_ID,True
PSI_00725,P_00725,MUMBAI_POLICE_CCTNS,SRC_P_00725,1.0,CANONICAL_ID,True
PSI_00726,P_00726,MUMBAI_POLICE_CCTNS,SRC_P_00726,1.0,CANONICAL_ID,True
PSI_00727,P_00727,MUMBAI_POLICE_CCTNS,SRC_P_00727,1.0,CANONICAL_ID,True
PSI_00728,P_00728,MUMBAI_POLICE_CCTNS,SRC_P_00728,1.0,CANONICAL_ID,True
PSI_00729,P_00729,MUMBAI_POLICE_CCTNS,SRC_P_00729,1.0,CANONICAL_ID,True
PSI_00730,P_00730,MUMBAI_POLICE_CCTNS,SRC_P_00730,1.0,CANONICAL_ID,True
PSI_00731,P_00731,MUMBAI_POLICE_CCTNS,SRC_P_00731,1.0,CANONICAL_ID,True
PSI_00732,P_00732,MUMBAI_POLICE_CCTNS,SRC_P_00732,1.0,CANONICAL_ID,True
PSI_00733,P_00733,MUMBAI_POLICE_CCTNS,SRC_P_00733,1.0,CANONICAL_ID,True
PSI_00734,P_00734,MUMBAI_POLICE_CCTNS,SRC_P_00734,1.0,CANONICAL_ID,True
PSI_00735,P_00735,MUMBAI_POLICE_CCTNS,SRC_P_00735,1.0,CANONICAL_ID,True
PSI_00736,P_00736,MUMBAI_POLICE_CCTNS,SRC_P_00736,1.0,CANONICAL_ID,True
PSI_00737,P_00737,MUMBAI_POLICE_CCTNS,SRC_P_00737,1.0,CANONICAL_ID,True
PSI_00738,P_00738,MUMBAI_POLICE_CCTNS,SRC_P_00738,1.0,CANONICAL_ID,True
PSI_00739,P_00739,MUMBAI_POLICE_CCTNS,SRC_P_00739,1.0,CANONICAL_ID,True
PSI_00740,P_00740,MUMBAI_POLICE_CCTNS,SRC_P_00740,1.0,CANONICAL_ID,True
PSI_00741,P_00741,MUMBAI_POLICE_CCTNS,SRC_P_00741,1.0,CANONICAL_ID,True
PSI_00742,P_00742,MUMBAI_POLICE_CCTNS,SRC_P_00742,1.0,CANONICAL_ID,True
PSI_00743,P_00743,MUMBAI_POLICE_CCTNS,SRC_P_00743,1.0,CANONICAL_ID,True
PSI_00744,P_00744,MUMBAI_POLICE_CCTNS,SRC_P_00744,1.0,CANONICAL_ID,True
PSI_00745,P_00745,MUMBAI_POLICE_CCTNS,SRC_P_00745,1.0,CANONICAL_ID,True
PSI_00746,P_00746,MUMBAI_POLICE_CCTNS,SRC_P_00746,1.0,CANONICAL_ID,True
PSI_00747,P_00747,MUMBAI_POLICE_CCTNS,SRC_P_00747,1.0,CANONICAL_ID,True
PSI_00748,P_00748,MUMBAI_POLICE_CCTNS,SRC_P_00748,1.0,CANONICAL_ID,True
PSI_00749,P_00749,MUMBAI_POLICE_CCTNS,SRC_P_00749,1.0,CANONICAL_ID,True
PSI_00750,P_00750,MUMBAI_POLICE_CCTNS,SRC_P_00750,1.0,CANONICAL_ID,True
PSI_00751,P_00751,MUMBAI_POLICE_CCTNS,SRC_P_00751,1.0,CANONICAL_ID,True
PSI_00752,P_00752,MUMBAI_POLICE_CCTNS,SRC_P_00752,1.0,CANONICAL_ID,True
PSI_00753,P_00753,MUMBAI_POLICE_CCTNS,SRC_P_00753,1.0,CANONICAL_ID,True
PSI_00754,P_00754,MUMBAI_POLICE_CCTNS,SRC_P_00754,1.0,CANONICAL_ID,True
PSI_00755,P_00755,MUMBAI_POLICE_CCTNS,SRC_P_00755,1.0,CANONICAL_ID,True
PSI_00756,P_00756,MUMBAI_POLICE_CCTNS,SRC_P_00756,1.0,CANONICAL_ID,True
PSI_00757,P_00757,MUMBAI_POLICE_CCTNS,SRC_P_00757,1.0,CANONICAL_ID,True
PSI_00758,P_00758,MUMBAI_POLICE_CCTNS,SRC_P_00758,1.0,CANONICAL_ID,True
PSI_00759,P_00759,MUMBAI_POLICE_CCTNS,SRC_P_00759,1.0,CANONICAL_ID,True
PSI_00760,P_00760,MUMBAI_POLICE_CCTNS,SRC_P_00760,1.0,CANONICAL_ID,True
PSI_00761,P_00761,MUMBAI_POLICE_CCTNS,SRC_P_00761,1.0,CANONICAL_ID,True
PSI_00762,P_00762,MUMBAI_POLICE_CCTNS,SRC_P_00762,1.0,CANONICAL_ID,True
PSI_00763,P_00763,MUMBAI_POLICE_CCTNS,SRC_P_00763,1.0,CANONICAL_ID,True
PSI_00764,P_00764,MUMBAI_POLICE_CCTNS,SRC_P_00764,1.0,CANONICAL_ID,True
PSI_00765,P_00765,MUMBAI_POLICE_CCTNS,SRC_P_00765,1.0,CANONICAL_ID,True
PSI_00766,P_00766,MUMBAI_POLICE_CCTNS,SRC_P_00766,1.0,CANONICAL_ID,True
PSI_00767,P_00767,MUMBAI_POLICE_CCTNS,SRC_P_00767,1.0,CANONICAL_ID,True
PSI_00768,P_00768,MUMBAI_POLICE_CCTNS,SRC_P_00768,1.0,CANONICAL_ID,True
PSI_00769,P_00769,MUMBAI_POLICE_CCTNS,SRC_P_00769,1.0,CANONICAL_ID,True
PSI_00770,P_00770,MUMBAI_POLICE_CCTNS,SRC_P_00770,1.0,CANONICAL_ID,True
PSI_00771,P_00771,MUMBAI_POLICE_CCTNS,SRC_P_00771,1.0,CANONICAL_ID,True
PSI_00772,P_00772,MUMBAI_POLICE_CCTNS,SRC_P_00772,1.0,CANONICAL_ID,True
PSI_00773,P_00773,MUMBAI_POLICE_CCTNS,SRC_P_00773,1.0,CANONICAL_ID,True
PSI_00774,P_00774,MUMBAI_POLICE_CCTNS,SRC_P_00774,1.0,CANONICAL_ID,True
PSI_00775,P_00775,MUMBAI_POLICE_CCTNS,SRC_P_00775,1.0,CANONICAL_ID,True
PSI_00776,P_00776,MUMBAI_POLICE_CCTNS,SRC_P_00776,1.0,CANONICAL_ID,True
PSI_00777,P_00777,MUMBAI_POLICE_CCTNS,SRC_P_00777,1.0,CANONICAL_ID,True
PSI_00778,P_00778,MUMBAI_POLICE_CCTNS,SRC_P_00778,1.0,CANONICAL_ID,True
PSI_00779,P_00779,MUMBAI_POLICE_CCTNS,SRC_P_00779,1.0,CANONICAL_ID,True
PSI_00780,P_00780,MUMBAI_POLICE_CCTNS,SRC_P_00780,1.0,CANONICAL_ID,True
PSI_00781,P_00781,MUMBAI_POLICE_CCTNS,SRC_P_00781,1.0,CANONICAL_ID,True
PSI_00782,P_00782,MUMBAI_POLICE_CCTNS,SRC_P_00782,1.0,CANONICAL_ID,True
PSI_00783,P_00783,MUMBAI_POLICE_CCTNS,SRC_P_00783,1.0,CANONICAL_ID,True
PSI_00784,P_00784,MUMBAI_POLICE_CCTNS,SRC_P_00784,1.0,CANONICAL_ID,True
PSI_00785,P_00785,MUMBAI_POLICE_CCTNS,SRC_P_00785,1.0,CANONICAL_ID,True
PSI_00786,P_00786,MUMBAI_POLICE_CCTNS,SRC_P_00786,1.0,CANONICAL_ID,True
PSI_00787,P_00787,MUMBAI_POLICE_CCTNS,SRC_P_00787,1.0,CANONICAL_ID,True
PSI_00788,P_00788,MUMBAI_POLICE_CCTNS,SRC_P_00788,1.0,CANONICAL_ID,True
PSI_00789,P_00789,MUMBAI_POLICE_CCTNS,SRC_P_00789,1.0,CANONICAL_ID,True
PSI_00790,P_00790,MUMBAI_POLICE_CCTNS,SRC_P_00790,1.0,CANONICAL_ID,True
PSI_00791,P_00791,MUMBAI_POLICE_CCTNS,SRC_P_00791,1.0,CANONICAL_ID,True
PSI_00792,P_00792,MUMBAI_POLICE_CCTNS,SRC_P_00792,1.0,CANONICAL_ID,True
PSI_00793,P_00793,MUMBAI_POLICE_CCTNS,SRC_P_00793,1.0,CANONICAL_ID,True
PSI_00794,P_00794,MUMBAI_POLICE_CCTNS,SRC_P_00794,1.0,CANONICAL_ID,True
PSI_00795,P_00795,MUMBAI_POLICE_CCTNS,SRC_P_00795,1.0,CANONICAL_ID,True
PSI_00796,P_00796,MUMBAI_POLICE_CCTNS,SRC_P_00796,1.0,CANONICAL_ID,True
PSI_00797,P_00797,MUMBAI_POLICE_CCTNS,SRC_P_00797,1.0,CANONICAL_ID,True
PSI_00798,P_00798,MUMBAI_POLICE_CCTNS,SRC_P_00798,1.0,CANONICAL_ID,True
PSI_00799,P_00799,MUMBAI_POLICE_CCTNS,SRC_P_00799,1.0,CANONICAL_ID,True
PSI_00800,P_00800,MUMBAI_POLICE_CCTNS,SRC_P_00800,1.0,CANONICAL_ID,True
PSI_00801,P_00801,MUMBAI_POLICE_CCTNS,SRC_P_00801,1.0,CANONICAL_ID,True
PSI_00802,P_00802,MUMBAI_POLICE_CCTNS,SRC_P_00802,1.0,CANONICAL_ID,True
PSI_00803,P_00803,MUMBAI_POLICE_CCTNS,SRC_P_00803,1.0,CANONICAL_ID,True
PSI_00804,P_00804,MUMBAI_POLICE_CCTNS,SRC_P_00804,1.0,CANONICAL_ID,True
PSI_00805,P_00805,MUMBAI_POLICE_CCTNS,SRC_P_00805,1.0,CANONICAL_ID,True
PSI_00806,P_00806,MUMBAI_POLICE_CCTNS,SRC_P_00806,1.0,CANONICAL_ID,True
PSI_00807,P_00807,MUMBAI_POLICE_CCTNS,SRC_P_00807,1.0,CANONICAL_ID,True
PSI_00808,P_00808,MUMBAI_POLICE_CCTNS,SRC_P_00808,1.0,CANONICAL_ID,True
PSI_00809,P_00809,MUMBAI_POLICE_CCTNS,SRC_P_00809,1.0,CANONICAL_ID,True
PSI_00810,P_00810,MUMBAI_POLICE_CCTNS,SRC_P_00810,1.0,CANONICAL_ID,True
PSI_00811,P_00811,MUMBAI_POLICE_CCTNS,SRC_P_00811,1.0,CANONICAL_ID,True
PSI_00812,P_00812,MUMBAI_POLICE_CCTNS,SRC_P_00812,1.0,CANONICAL_ID,True
PSI_00813,P_00813,MUMBAI_POLICE_CCTNS,SRC_P_00813,1.0,CANONICAL_ID,True
PSI_00814,P_00814,MUMBAI_POLICE_CCTNS,SRC_P_00814,1.0,CANONICAL_ID,True
PSI_00815,P_00815,MUMBAI_POLICE_CCTNS,SRC_P_00815,1.0,CANONICAL_ID,True
PSI_00816,P_00816,MUMBAI_POLICE_CCTNS,SRC_P_00816,1.0,CANONICAL_ID,True
PSI_00817,P_00817,MUMBAI_POLICE_CCTNS,SRC_P_00817,1.0,CANONICAL_ID,True
PSI_00818,P_00818,MUMBAI_POLICE_CCTNS,SRC_P_00818,1.0,CANONICAL_ID,True
PSI_00819,P_00819,MUMBAI_POLICE_CCTNS,SRC_P_00819,1.0,CANONICAL_ID,True
PSI_00820,P_00820,MUMBAI_POLICE_CCTNS,SRC_P_00820,1.0,CANONICAL_ID,True
PSI_00821,P_00821,MUMBAI_POLICE_CCTNS,SRC_P_00821,1.0,CANONICAL_ID,True
PSI_00822,P_00822,MUMBAI_POLICE_CCTNS,SRC_P_00822,1.0,CANONICAL_ID,True
PSI_00823,P_00823,MUMBAI_POLICE_CCTNS,SRC_P_00823,1.0,CANONICAL_ID,True
PSI_00824,P_00824,MUMBAI_POLICE_CCTNS,SRC_P_00824,1.0,CANONICAL_ID,True
PSI_00825,P_00825,MUMBAI_POLICE_CCTNS,SRC_P_00825,1.0,CANONICAL_ID,True
PSI_00826,P_00826,MUMBAI_POLICE_CCTNS,SRC_P_00826,1.0,CANONICAL_ID,True
PSI_00827,P_00827,MUMBAI_POLICE_CCTNS,SRC_P_00827,1.0,CANONICAL_ID,True
PSI_00828,P_00828,MUMBAI_POLICE_CCTNS,SRC_P_00828,1.0,CANONICAL_ID,True
PSI_00829,P_00829,MUMBAI_POLICE_CCTNS,SRC_P_00829,1.0,CANONICAL_ID,True
PSI_00830,P_00830,MUMBAI_POLICE_CCTNS,SRC_P_00830,1.0,CANONICAL_ID,True
PSI_00831,P_00831,MUMBAI_POLICE_CCTNS,SRC_P_00831,1.0,CANONICAL_ID,True
PSI_00832,P_00832,MUMBAI_POLICE_CCTNS,SRC_P_00832,1.0,CANONICAL_ID,True
PSI_00833,P_00833,MUMBAI_POLICE_CCTNS,SRC_P_00833,1.0,CANONICAL_ID,True
PSI_00834,P_00834,MUMBAI_POLICE_CCTNS,SRC_P_00834,1.0,CANONICAL_ID,True
PSI_00835,P_00835,MUMBAI_POLICE_CCTNS,SRC_P_00835,1.0,CANONICAL_ID,True
PSI_00836,P_00836,MUMBAI_POLICE_CCTNS,SRC_P_00836,1.0,CANONICAL_ID,True
PSI_00837,P_00837,MUMBAI_POLICE_CCTNS,SRC_P_00837,1.0,CANONICAL_ID,True
PSI_00838,P_00838,MUMBAI_POLICE_CCTNS,SRC_P_00838,1.0,CANONICAL_ID,True
PSI_00839,P_00839,MUMBAI_POLICE_CCTNS,SRC_P_00839,1.0,CANONICAL_ID,True
PSI_00840,P_00840,MUMBAI_POLICE_CCTNS,SRC_P_00840,1.0,CANONICAL_ID,True
PSI_00841,P_00841,MUMBAI_POLICE_CCTNS,SRC_P_00841,1.0,CANONICAL_ID,True
PSI_00842,P_00842,MUMBAI_POLICE_CCTNS,SRC_P_00842,1.0,CANONICAL_ID,True
PSI_00843,P_00843,MUMBAI_POLICE_CCTNS,SRC_P_00843,1.0,CANONICAL_ID,True
PSI_00844,P_00844,MUMBAI_POLICE_CCTNS,SRC_P_00844,1.0,CANONICAL_ID,True
PSI_00845,P_00845,MUMBAI_POLICE_CCTNS,SRC_P_00845,1.0,CANONICAL_ID,True
PSI_00846,P_00846,MUMBAI_POLICE_CCTNS,SRC_P_00846,1.0,CANONICAL_ID,True
PSI_00847,P_00847,MUMBAI_POLICE_CCTNS,SRC_P_00847,1.0,CANONICAL_ID,True
PSI_00848,P_00848,MUMBAI_POLICE_CCTNS,SRC_P_00848,1.0,CANONICAL_ID,True
PSI_00849,P_00849,MUMBAI_POLICE_CCTNS,SRC_P_00849,1.0,CANONICAL_ID,True
PSI_00850,P_00850,MUMBAI_POLICE_CCTNS,SRC_P_00850,1.0,CANONICAL_ID,True
PSI_00851,P_00851,MUMBAI_POLICE_CCTNS,SRC_P_00851,1.0,CANONICAL_ID,True
PSI_00852,P_00852,MUMBAI_POLICE_CCTNS,SRC_P_00852,1.0,CANONICAL_ID,True
PSI_00853,P_00853,MUMBAI_POLICE_CCTNS,SRC_P_00853,1.0,CANONICAL_ID,True
PSI_00854,P_00854,MUMBAI_POLICE_CCTNS,SRC_P_00854,1.0,CANONICAL_ID,True
PSI_00855,P_00855,MUMBAI_POLICE_CCTNS,SRC_P_00855,1.0,CANONICAL_ID,True
PSI_00856,P_00856,MUMBAI_POLICE_CCTNS,SRC_P_00856,1.0,CANONICAL_ID,True
PSI_00857,P_00857,MUMBAI_POLICE_CCTNS,SRC_P_00857,1.0,CANONICAL_ID,True
PSI_00858,P_00858,MUMBAI_POLICE_CCTNS,SRC_P_00858,1.0,CANONICAL_ID,True
PSI_00859,P_00859,MUMBAI_POLICE_CCTNS,SRC_P_00859,1.0,CANONICAL_ID,True
PSI_00860,P_00860,MUMBAI_POLICE_CCTNS,SRC_P_00860,1.0,CANONICAL_ID,True
PSI_00861,P_00861,MUMBAI_POLICE_CCTNS,SRC_P_00861,1.0,CANONICAL_ID,True
PSI_00862,P_00862,MUMBAI_POLICE_CCTNS,SRC_P_00862,1.0,CANONICAL_ID,True
PSI_00863,P_00863,MUMBAI_POLICE_CCTNS,SRC_P_00863,1.0,CANONICAL_ID,True
PSI_00864,P_00864,MUMBAI_POLICE_CCTNS,SRC_P_00864,1.0,CANONICAL_ID,True
PSI_00865,P_00865,MUMBAI_POLICE_CCTNS,SRC_P_00865,1.0,CANONICAL_ID,True
PSI_00866,P_00866,MUMBAI_POLICE_CCTNS,SRC_P_00866,1.0,CANONICAL_ID,True
PSI_00867,P_00867,MUMBAI_POLICE_CCTNS,SRC_P_00867,1.0,CANONICAL_ID,True
PSI_00868,P_00868,MUMBAI_POLICE_CCTNS,SRC_P_00868,1.0,CANONICAL_ID,True
PSI_00869,P_00869,MUMBAI_POLICE_CCTNS,SRC_P_00869,1.0,CANONICAL_ID,True
PSI_00870,P_00870,MUMBAI_POLICE_CCTNS,SRC_P_00870,1.0,CANONICAL_ID,True
PSI_00871,P_00871,MUMBAI_POLICE_CCTNS,SRC_P_00871,1.0,CANONICAL_ID,True
PSI_00872,P_00872,MUMBAI_POLICE_CCTNS,SRC_P_00872,1.0,CANONICAL_ID,True
PSI_00873,P_00873,MUMBAI_POLICE_CCTNS,SRC_P_00873,1.0,CANONICAL_ID,True
PSI_00874,P_00874,MUMBAI_POLICE_CCTNS,SRC_P_00874,1.0,CANONICAL_ID,True
PSI_00875,P_00875,MUMBAI_POLICE_CCTNS,SRC_P_00875,1.0,CANONICAL_ID,True
PSI_00876,P_00876,MUMBAI_POLICE_CCTNS,SRC_P_00876,1.0,CANONICAL_ID,True
PSI_00877,P_00877,MUMBAI_POLICE_CCTNS,SRC_P_00877,1.0,CANONICAL_ID,True
PSI_00878,P_00878,MUMBAI_POLICE_CCTNS,SRC_P_00878,1.0,CANONICAL_ID,True
PSI_00879,P_00879,MUMBAI_POLICE_CCTNS,SRC_P_00879,1.0,CANONICAL_ID,True
PSI_00880,P_00880,MUMBAI_POLICE_CCTNS,SRC_P_00880,1.0,CANONICAL_ID,True
PSI_00881,P_00881,MUMBAI_POLICE_CCTNS,SRC_P_00881,1.0,CANONICAL_ID,True
PSI_00882,P_00882,MUMBAI_POLICE_CCTNS,SRC_P_00882,1.0,CANONICAL_ID,True
PSI_00883,P_00883,MUMBAI_POLICE_CCTNS,SRC_P_00883,1.0,CANONICAL_ID,True
PSI_00884,P_00884,MUMBAI_POLICE_CCTNS,SRC_P_00884,1.0,CANONICAL_ID,True
PSI_00885,P_00885,MUMBAI_POLICE_CCTNS,SRC_P_00885,1.0,CANONICAL_ID,True
PSI_00886,P_00886,MUMBAI_POLICE_CCTNS,SRC_P_00886,1.0,CANONICAL_ID,True
PSI_00887,P_00887,MUMBAI_POLICE_CCTNS,SRC_P_00887,1.0,CANONICAL_ID,True
PSI_00888,P_00888,MUMBAI_POLICE_CCTNS,SRC_P_00888,1.0,CANONICAL_ID,True
PSI_00889,P_00889,MUMBAI_POLICE_CCTNS,SRC_P_00889,1.0,CANONICAL_ID,True
PSI_00890,P_00890,MUMBAI_POLICE_CCTNS,SRC_P_00890,1.0,CANONICAL_ID,True
PSI_00891,P_00891,MUMBAI_POLICE_CCTNS,SRC_P_00891,1.0,CANONICAL_ID,True
PSI_00892,P_00892,MUMBAI_POLICE_CCTNS,SRC_P_00892,1.0,CANONICAL_ID,True
PSI_00893,P_00893,MUMBAI_POLICE_CCTNS,SRC_P_00893,1.0,CANONICAL_ID,True
PSI_00894,P_00894,MUMBAI_POLICE_CCTNS,SRC_P_00894,1.0,CANONICAL_ID,True
PSI_00895,P_00895,MUMBAI_POLICE_CCTNS,SRC_P_00895,1.0,CANONICAL_ID,True
PSI_00896,P_00896,MUMBAI_POLICE_CCTNS,SRC_P_00896,1.0,CANONICAL_ID,True
PSI_00897,P_00897,MUMBAI_POLICE_CCTNS,SRC_P_00897,1.0,CANONICAL_ID,True
PSI_00898,P_00898,MUMBAI_POLICE_CCTNS,SRC_P_00898,1.0,CANONICAL_ID,True
PSI_00899,P_00899,MUMBAI_POLICE_CCTNS,SRC_P_00899,1.0,CANONICAL_ID,True
PSI_00900,P_00900,MUMBAI_POLICE_CCTNS,SRC_P_00900,1.0,CANONICAL_ID,True
PSI_00901,P_00901,MUMBAI_POLICE_CCTNS,SRC_P_00901,1.0,CANONICAL_ID,True
PSI_00902,P_00902,MUMBAI_POLICE_CCTNS,SRC_P_00902,1.0,CANONICAL_ID,True
PSI_00903,P_00903,MUMBAI_POLICE_CCTNS,SRC_P_00903,1.0,CANONICAL_ID,True
PSI_00904,P_00904,MUMBAI_POLICE_CCTNS,SRC_P_00904,1.0,CANONICAL_ID,True
PSI_00905,P_00905,MUMBAI_POLICE_CCTNS,SRC_P_00905,1.0,CANONICAL_ID,True
PSI_00906,P_00906,MUMBAI_POLICE_CCTNS,SRC_P_00906,1.0,CANONICAL_ID,True
PSI_00907,P_00907,MUMBAI_POLICE_CCTNS,SRC_P_00907,1.0,CANONICAL_ID,True
PSI_00908,P_00908,MUMBAI_POLICE_CCTNS,SRC_P_00908,1.0,CANONICAL_ID,True
PSI_00909,P_00909,MUMBAI_POLICE_CCTNS,SRC_P_00909,1.0,CANONICAL_ID,True
PSI_00910,P_00910,MUMBAI_POLICE_CCTNS,SRC_P_00910,1.0,CANONICAL_ID,True
PSI_00911,P_00911,MUMBAI_POLICE_CCTNS,SRC_P_00911,1.0,CANONICAL_ID,True
PSI_00912,P_00912,MUMBAI_POLICE_CCTNS,SRC_P_00912,1.0,CANONICAL_ID,True
PSI_00913,P_00913,MUMBAI_POLICE_CCTNS,SRC_P_00913,1.0,CANONICAL_ID,True
PSI_00914,P_00914,MUMBAI_POLICE_CCTNS,SRC_P_00914,1.0,CANONICAL_ID,True
PSI_00915,P_00915,MUMBAI_POLICE_CCTNS,SRC_P_00915,1.0,CANONICAL_ID,True
PSI_00916,P_00916,MUMBAI_POLICE_CCTNS,SRC_P_00916,1.0,CANONICAL_ID,True
PSI_00917,P_00917,MUMBAI_POLICE_CCTNS,SRC_P_00917,1.0,CANONICAL_ID,True
PSI_00918,P_00918,MUMBAI_POLICE_CCTNS,SRC_P_00918,1.0,CANONICAL_ID,True
PSI_00919,P_00919,MUMBAI_POLICE_CCTNS,SRC_P_00919,1.0,CANONICAL_ID,True
PSI_00920,P_00920,MUMBAI_POLICE_CCTNS,SRC_P_00920,1.0,CANONICAL_ID,True
PSI_00921,P_00921,MUMBAI_POLICE_CCTNS,SRC_P_00921,1.0,CANONICAL_ID,True
PSI_00922,P_00922,MUMBAI_POLICE_CCTNS,SRC_P_00922,1.0,CANONICAL_ID,True
PSI_00923,P_00923,MUMBAI_POLICE_CCTNS,SRC_P_00923,1.0,CANONICAL_ID,True
PSI_00924,P_00924,MUMBAI_POLICE_CCTNS,SRC_P_00924,1.0,CANONICAL_ID,True
PSI_00925,P_00925,MUMBAI_POLICE_CCTNS,SRC_P_00925,1.0,CANONICAL_ID,True
PSI_00926,P_00926,MUMBAI_POLICE_CCTNS,SRC_P_00926,1.0,CANONICAL_ID,True
PSI_00927,P_00927,MUMBAI_POLICE_CCTNS,SRC_P_00927,1.0,CANONICAL_ID,True
PSI_00928,P_00928,MUMBAI_POLICE_CCTNS,SRC_P_00928,1.0,CANONICAL_ID,True
PSI_00929,P_00929,MUMBAI_POLICE_CCTNS,SRC_P_00929,1.0,CANONICAL_ID,True
PSI_00930,P_00930,MUMBAI_POLICE_CCTNS,SRC_P_00930,1.0,CANONICAL_ID,True
PSI_00931,P_00931,MUMBAI_POLICE_CCTNS,SRC_P_00931,1.0,CANONICAL_ID,True
PSI_00932,P_00932,MUMBAI_POLICE_CCTNS,SRC_P_00932,1.0,CANONICAL_ID,True
PSI_00933,P_00933,MUMBAI_POLICE_CCTNS,SRC_P_00933,1.0,CANONICAL_ID,True
PSI_00934,P_00934,MUMBAI_POLICE_CCTNS,SRC_P_00934,1.0,CANONICAL_ID,True
PSI_00935,P_00935,MUMBAI_POLICE_CCTNS,SRC_P_00935,1.0,CANONICAL_ID,True
PSI_00936,P_00936,MUMBAI_POLICE_CCTNS,SRC_P_00936,1.0,CANONICAL_ID,True
PSI_00937,P_00937,MUMBAI_POLICE_CCTNS,SRC_P_00937,1.0,CANONICAL_ID,True
PSI_00938,P_00938,MUMBAI_POLICE_CCTNS,SRC_P_00938,1.0,CANONICAL_ID,True
PSI_00939,P_00939,MUMBAI_POLICE_CCTNS,SRC_P_00939,1.0,CANONICAL_ID,True
PSI_00940,P_00940,MUMBAI_POLICE_CCTNS,SRC_P_00940,1.0,CANONICAL_ID,True
PSI_00941,P_00941,MUMBAI_POLICE_CCTNS,SRC_P_00941,1.0,CANONICAL_ID,True
PSI_00942,P_00942,MUMBAI_POLICE_CCTNS,SRC_P_00942,1.0,CANONICAL_ID,True
PSI_00943,P_00943,MUMBAI_POLICE_CCTNS,SRC_P_00943,1.0,CANONICAL_ID,True
PSI_00944,P_00944,MUMBAI_POLICE_CCTNS,SRC_P_00944,1.0,CANONICAL_ID,True
PSI_00945,P_00945,MUMBAI_POLICE_CCTNS,SRC_P_00945,1.0,CANONICAL_ID,True
PSI_00946,P_00946,MUMBAI_POLICE_CCTNS,SRC_P_00946,1.0,CANONICAL_ID,True
PSI_00947,P_00947,MUMBAI_POLICE_CCTNS,SRC_P_00947,1.0,CANONICAL_ID,True
PSI_00948,P_00948,MUMBAI_POLICE_CCTNS,SRC_P_00948,1.0,CANONICAL_ID,True
PSI_00949,P_00949,MUMBAI_POLICE_CCTNS,SRC_P_00949,1.0,CANONICAL_ID,True
PSI_00950,P_00950,MUMBAI_POLICE_CCTNS,SRC_P_00950,1.0,CANONICAL_ID,True
PSI_00951,P_00951,MUMBAI_POLICE_CCTNS,SRC_P_00951,1.0,CANONICAL_ID,True
PSI_00952,P_00952,MUMBAI_POLICE_CCTNS,SRC_P_00952,1.0,CANONICAL_ID,True
PSI_00953,P_00953,MUMBAI_POLICE_CCTNS,SRC_P_00953,1.0,CANONICAL_ID,True
PSI_00954,P_00954,MUMBAI_POLICE_CCTNS,SRC_P_00954,1.0,CANONICAL_ID,True
PSI_00955,P_00955,MUMBAI_POLICE_CCTNS,SRC_P_00955,1.0,CANONICAL_ID,True
PSI_00956,P_00956,MUMBAI_POLICE_CCTNS,SRC_P_00956,1.0,CANONICAL_ID,True
PSI_00957,P_00957,MUMBAI_POLICE_CCTNS,SRC_P_00957,1.0,CANONICAL_ID,True
PSI_00958,P_00958,MUMBAI_POLICE_CCTNS,SRC_P_00958,1.0,CANONICAL_ID,True
PSI_00959,P_00959,MUMBAI_POLICE_CCTNS,SRC_P_00959,1.0,CANONICAL_ID,True
PSI_00960,P_00960,MUMBAI_POLICE_CCTNS,SRC_P_00960,1.0,CANONICAL_ID,True
PSI_00961,P_00961,MUMBAI_POLICE_CCTNS,SRC_P_00961,1.0,CANONICAL_ID,True
PSI_00962,P_00962,MUMBAI_POLICE_CCTNS,SRC_P_00962,1.0,CANONICAL_ID,True
PSI_00963,P_00963,MUMBAI_POLICE_CCTNS,SRC_P_00963,1.0,CANONICAL_ID,True
PSI_00964,P_00964,MUMBAI_POLICE_CCTNS,SRC_P_00964,1.0,CANONICAL_ID,True
PSI_00965,P_00965,MUMBAI_POLICE_CCTNS,SRC_P_00965,1.0,CANONICAL_ID,True
PSI_00966,P_00966,MUMBAI_POLICE_CCTNS,SRC_P_00966,1.0,CANONICAL_ID,True
PSI_00967,P_00967,MUMBAI_POLICE_CCTNS,SRC_P_00967,1.0,CANONICAL_ID,True
PSI_00968,P_00968,MUMBAI_POLICE_CCTNS,SRC_P_00968,1.0,CANONICAL_ID,True
PSI_00969,P_00969,MUMBAI_POLICE_CCTNS,SRC_P_00969,1.0,CANONICAL_ID,True
PSI_00970,P_00970,MUMBAI_POLICE_CCTNS,SRC_P_00970,1.0,CANONICAL_ID,True
PSI_00971,P_00971,MUMBAI_POLICE_CCTNS,SRC_P_00971,1.0,CANONICAL_ID,True
PSI_00972,P_00972,MUMBAI_POLICE_CCTNS,SRC_P_00972,1.0,CANONICAL_ID,True
PSI_00973,P_00973,MUMBAI_POLICE_CCTNS,SRC_P_00973,1.0,CANONICAL_ID,True
PSI_00974,P_00974,MUMBAI_POLICE_CCTNS,SRC_P_00974,1.0,CANONICAL_ID,True
PSI_00975,P_00975,MUMBAI_POLICE_CCTNS,SRC_P_00975,1.0,CANONICAL_ID,True
PSI_00976,P_00976,MUMBAI_POLICE_CCTNS,SRC_P_00976,1.0,CANONICAL_ID,True
PSI_00977,P_00977,MUMBAI_POLICE_CCTNS,SRC_P_00977,1.0,CANONICAL_ID,True
PSI_00978,P_00978,MUMBAI_POLICE_CCTNS,SRC_P_00978,1.0,CANONICAL_ID,True
PSI_00979,P_00979,MUMBAI_POLICE_CCTNS,SRC_P_00979,1.0,CANONICAL_ID,True
PSI_00980,P_00980,MUMBAI_POLICE_CCTNS,SRC_P_00980,1.0,CANONICAL_ID,True
PSI_00981,P_00981,MUMBAI_POLICE_CCTNS,SRC_P_00981,1.0,CANONICAL_ID,True
PSI_00982,P_00982,MUMBAI_POLICE_CCTNS,SRC_P_00982,1.0,CANONICAL_ID,True
PSI_00983,P_00983,MUMBAI_POLICE_CCTNS,SRC_P_00983,1.0,CANONICAL_ID,True
PSI_00984,P_00984,MUMBAI_POLICE_CCTNS,SRC_P_00984,1.0,CANONICAL_ID,True
PSI_00985,P_00985,MUMBAI_POLICE_CCTNS,SRC_P_00985,1.0,CANONICAL_ID,True
PSI_00986,P_00986,MUMBAI_POLICE_CCTNS,SRC_P_00986,1.0,CANONICAL_ID,True
PSI_00987,P_00987,MUMBAI_POLICE_CCTNS,SRC_P_00987,1.0,CANONICAL_ID,True
PSI_00988,P_00988,MUMBAI_POLICE_CCTNS,SRC_P_00988,1.0,CANONICAL_ID,True
PSI_00989,P_00989,MUMBAI_POLICE_CCTNS,SRC_P_00989,1.0,CANONICAL_ID,True
PSI_00990,P_00990,MUMBAI_POLICE_CCTNS,SRC_P_00990,1.0,CANONICAL_ID,True
PSI_00991,P_00991,MUMBAI_POLICE_CCTNS,SRC_P_00991,1.0,CANONICAL_ID,True
PSI_00992,P_00992,MUMBAI_POLICE_CCTNS,SRC_P_00992,1.0,CANONICAL_ID,True
PSI_00993,P_00993,MUMBAI_POLICE_CCTNS,SRC_P_00993,1.0,CANONICAL_ID,True
PSI_00994,P_00994,MUMBAI_POLICE_CCTNS,SRC_P_00994,1.0,CANONICAL_ID,True
PSI_00995,P_00995,MUMBAI_POLICE_CCTNS,SRC_P_00995,1.0,CANONICAL_ID,True
PSI_00996,P_00996,MUMBAI_POLICE_CCTNS,SRC_P_00996,1.0,CANONICAL_ID,True
PSI_00997,P_00997,MUMBAI_POLICE_CCTNS,SRC_P_00997,1.0,CANONICAL_ID,True
PSI_00998,P_00998,MUMBAI_POLICE_CCTNS,SRC_P_00998,1.0,CANONICAL_ID,True
PSI_00999,P_00999,MUMBAI_POLICE_CCTNS,SRC_P_00999,1.0,CANONICAL_ID,True
PSI_01000,P_01000,MUMBAI_POLICE_CCTNS,SRC_P_01000,1.0,CANONICAL_ID,True
PSI_01001,P_01001,MUMBAI_POLICE_CCTNS,SRC_P_01001,1.0,CANONICAL_ID,True
PSI_01002,P_01002,MUMBAI_POLICE_CCTNS,SRC_P_01002,1.0,CANONICAL_ID,True
PSI_01003,P_01003,MUMBAI_POLICE_CCTNS,SRC_P_01003,1.0,CANONICAL_ID,True
PSI_01004,P_01004,MUMBAI_POLICE_CCTNS,SRC_P_01004,1.0,CANONICAL_ID,True
PSI_01005,P_01005,MUMBAI_POLICE_CCTNS,SRC_P_01005,1.0,CANONICAL_ID,True
PSI_01006,P_01006,MUMBAI_POLICE_CCTNS,SRC_P_01006,1.0,CANONICAL_ID,True
PSI_01007,P_01007,MUMBAI_POLICE_CCTNS,SRC_P_01007,1.0,CANONICAL_ID,True
PSI_01008,P_01008,MUMBAI_POLICE_CCTNS,SRC_P_01008,1.0,CANONICAL_ID,True
PSI_01009,P_01009,MUMBAI_POLICE_CCTNS,SRC_P_01009,1.0,CANONICAL_ID,True
PSI_01010,P_01010,MUMBAI_POLICE_CCTNS,SRC_P_01010,1.0,CANONICAL_ID,True
PSI_01011,P_01011,MUMBAI_POLICE_CCTNS,SRC_P_01011,1.0,CANONICAL_ID,True
PSI_01012,P_01012,MUMBAI_POLICE_CCTNS,SRC_P_01012,1.0,CANONICAL_ID,True
PSI_01013,P_01013,MUMBAI_POLICE_CCTNS,SRC_P_01013,1.0,CANONICAL_ID,True
PSI_01014,P_01014,MUMBAI_POLICE_CCTNS,SRC_P_01014,1.0,CANONICAL_ID,True
PSI_01015,P_01015,MUMBAI_POLICE_CCTNS,SRC_P_01015,1.0,CANONICAL_ID,True
PSI_01016,P_01016,MUMBAI_POLICE_CCTNS,SRC_P_01016,1.0,CANONICAL_ID,True
PSI_01017,P_01017,MUMBAI_POLICE_CCTNS,SRC_P_01017,1.0,CANONICAL_ID,True
PSI_01018,P_01018,MUMBAI_POLICE_CCTNS,SRC_P_01018,1.0,CANONICAL_ID,True
PSI_01019,P_01019,MUMBAI_POLICE_CCTNS,SRC_P_01019,1.0,CANONICAL_ID,True
PSI_01020,P_01020,MUMBAI_POLICE_CCTNS,SRC_P_01020,1.0,CANONICAL_ID,True
PSI_01021,P_01021,MUMBAI_POLICE_CCTNS,SRC_P_01021,1.0,CANONICAL_ID,True
PSI_01022,P_01022,MUMBAI_POLICE_CCTNS,SRC_P_01022,1.0,CANONICAL_ID,True
PSI_01023,P_01023,MUMBAI_POLICE_CCTNS,SRC_P_01023,1.0,CANONICAL_ID,True
PSI_01024,P_01024,MUMBAI_POLICE_CCTNS,SRC_P_01024,1.0,CANONICAL_ID,True
PSI_01025,P_01025,MUMBAI_POLICE_CCTNS,SRC_P_01025,1.0,CANONICAL_ID,True
PSI_01026,P_01026,MUMBAI_POLICE_CCTNS,SRC_P_01026,1.0,CANONICAL_ID,True
PSI_01027,P_01027,MUMBAI_POLICE_CCTNS,SRC_P_01027,1.0,CANONICAL_ID,True
PSI_01028,P_01028,MUMBAI_POLICE_CCTNS,SRC_P_01028,1.0,CANONICAL_ID,True
PSI_01029,P_01029,MUMBAI_POLICE_CCTNS,SRC_P_01029,1.0,CANONICAL_ID,True
PSI_01030,P_01030,MUMBAI_POLICE_CCTNS,SRC_P_01030,1.0,CANONICAL_ID,True
PSI_01031,P_01031,MUMBAI_POLICE_CCTNS,SRC_P_01031,1.0,CANONICAL_ID,True
PSI_01032,P_01032,MUMBAI_POLICE_CCTNS,SRC_P_01032,1.0,CANONICAL_ID,True
PSI_01033,P_01033,MUMBAI_POLICE_CCTNS,SRC_P_01033,1.0,CANONICAL_ID,True
PSI_01034,P_01034,MUMBAI_POLICE_CCTNS,SRC_P_01034,1.0,CANONICAL_ID,True
PSI_01035,P_01035,MUMBAI_POLICE_CCTNS,SRC_P_01035,1.0,CANONICAL_ID,True
PSI_01036,P_01036,MUMBAI_POLICE_CCTNS,SRC_P_01036,1.0,CANONICAL_ID,True
PSI_01037,P_01037,MUMBAI_POLICE_CCTNS,SRC_P_01037,1.0,CANONICAL_ID,True
PSI_01038,P_01038,MUMBAI_POLICE_CCTNS,SRC_P_01038,1.0,CANONICAL_ID,True
PSI_01039,P_01039,MUMBAI_POLICE_CCTNS,SRC_P_01039,1.0,CANONICAL_ID,True
PSI_01040,P_01040,MUMBAI_POLICE_CCTNS,SRC_P_01040,1.0,CANONICAL_ID,True
PSI_01041,P_01041,MUMBAI_POLICE_CCTNS,SRC_P_01041,1.0,CANONICAL_ID,True
PSI_01042,P_01042,MUMBAI_POLICE_CCTNS,SRC_P_01042,1.0,CANONICAL_ID,True
PSI_01043,P_01043,MUMBAI_POLICE_CCTNS,SRC_P_01043,1.0,CANONICAL_ID,True
PSI_01044,P_01044,MUMBAI_POLICE_CCTNS,SRC_P_01044,1.0,CANONICAL_ID,True
PSI_01045,P_01045,MUMBAI_POLICE_CCTNS,SRC_P_01045,1.0,CANONICAL_ID,True
PSI_01046,P_01046,MUMBAI_POLICE_CCTNS,SRC_P_01046,1.0,CANONICAL_ID,True
PSI_01047,P_01047,MUMBAI_POLICE_CCTNS,SRC_P_01047,1.0,CANONICAL_ID,True
PSI_01048,P_01048,MUMBAI_POLICE_CCTNS,SRC_P_01048,1.0,CANONICAL_ID,True
PSI_01049,P_01049,MUMBAI_POLICE_CCTNS,SRC_P_01049,1.0,CANONICAL_ID,True
PSI_01050,P_01050,MUMBAI_POLICE_CCTNS,SRC_P_01050,1.0,CANONICAL_ID,True
PSI_01051,P_01051,MUMBAI_POLICE_CCTNS,SRC_P_01051,1.0,CANONICAL_ID,True
PSI_01052,P_01052,MUMBAI_POLICE_CCTNS,SRC_P_01052,1.0,CANONICAL_ID,True
PSI_01053,P_01053,MUMBAI_POLICE_CCTNS,SRC_P_01053,1.0,CANONICAL_ID,True
PSI_01054,P_01054,MUMBAI_POLICE_CCTNS,SRC_P_01054,1.0,CANONICAL_ID,True
PSI_01055,P_01055,MUMBAI_POLICE_CCTNS,SRC_P_01055,1.0,CANONICAL_ID,True
PSI_01056,P_01056,MUMBAI_POLICE_CCTNS,SRC_P_01056,1.0,CANONICAL_ID,True
PSI_01057,P_01057,MUMBAI_POLICE_CCTNS,SRC_P_01057,1.0,CANONICAL_ID,True
PSI_01058,P_01058,MUMBAI_POLICE_CCTNS,SRC_P_01058,1.0,CANONICAL_ID,True
PSI_01059,P_01059,MUMBAI_POLICE_CCTNS,SRC_P_01059,1.0,CANONICAL_ID,True
PSI_01060,P_01060,MUMBAI_POLICE_CCTNS,SRC_P_01060,1.0,CANONICAL_ID,True
PSI_01061,P_01061,MUMBAI_POLICE_CCTNS,SRC_P_01061,1.0,CANONICAL_ID,True
PSI_01062,P_01062,MUMBAI_POLICE_CCTNS,SRC_P_01062,1.0,CANONICAL_ID,True
PSI_01063,P_01063,MUMBAI_POLICE_CCTNS,SRC_P_01063,1.0,CANONICAL_ID,True
PSI_01064,P_01064,MUMBAI_POLICE_CCTNS,SRC_P_01064,1.0,CANONICAL_ID,True
PSI_01065,P_01065,MUMBAI_POLICE_CCTNS,SRC_P_01065,1.0,CANONICAL_ID,True
PSI_01066,P_01066,MUMBAI_POLICE_CCTNS,SRC_P_01066,1.0,CANONICAL_ID,True
PSI_01067,P_01067,MUMBAI_POLICE_CCTNS,SRC_P_01067,1.0,CANONICAL_ID,True
PSI_01068,P_01068,MUMBAI_POLICE_CCTNS,SRC_P_01068,1.0,CANONICAL_ID,True
PSI_01069,P_01069,MUMBAI_POLICE_CCTNS,SRC_P_01069,1.0,CANONICAL_ID,True
PSI_01070,P_01070,MUMBAI_POLICE_CCTNS,SRC_P_01070,1.0,CANONICAL_ID,True
PSI_01071,P_01071,MUMBAI_POLICE_CCTNS,SRC_P_01071,1.0,CANONICAL_ID,True
PSI_01072,P_01072,MUMBAI_POLICE_CCTNS,SRC_P_01072,1.0,CANONICAL_ID,True
PSI_01073,P_01073,MUMBAI_POLICE_CCTNS,SRC_P_01073,1.0,CANONICAL_ID,True
PSI_01074,P_01074,MUMBAI_POLICE_CCTNS,SRC_P_01074,1.0,CANONICAL_ID,True
PSI_01075,P_01075,MUMBAI_POLICE_CCTNS,SRC_P_01075,1.0,CANONICAL_ID,True
PSI_01076,P_01076,MUMBAI_POLICE_CCTNS,SRC_P_01076,1.0,CANONICAL_ID,True
PSI_01077,P_01077,MUMBAI_POLICE_CCTNS,SRC_P_01077,1.0,CANONICAL_ID,True
PSI_01078,P_01078,MUMBAI_POLICE_CCTNS,SRC_P_01078,1.0,CANONICAL_ID,True
PSI_01079,P_01079,MUMBAI_POLICE_CCTNS,SRC_P_01079,1.0,CANONICAL_ID,True
PSI_01080,P_01080,MUMBAI_POLICE_CCTNS,SRC_P_01080,1.0,CANONICAL_ID,True
PSI_01081,P_01081,MUMBAI_POLICE_CCTNS,SRC_P_01081,1.0,CANONICAL_ID,True
PSI_01082,P_01082,MUMBAI_POLICE_CCTNS,SRC_P_01082,1.0,CANONICAL_ID,True
PSI_01083,P_01083,MUMBAI_POLICE_CCTNS,SRC_P_01083,1.0,CANONICAL_ID,True
PSI_01084,P_01084,MUMBAI_POLICE_CCTNS,SRC_P_01084,1.0,CANONICAL_ID,True
PSI_01085,P_01085,MUMBAI_POLICE_CCTNS,SRC_P_01085,1.0,CANONICAL_ID,True
PSI_01086,P_01086,MUMBAI_POLICE_CCTNS,SRC_P_01086,1.0,CANONICAL_ID,True
PSI_01087,P_01087,MUMBAI_POLICE_CCTNS,SRC_P_01087,1.0,CANONICAL_ID,True
PSI_01088,P_01088,MUMBAI_POLICE_CCTNS,SRC_P_01088,1.0,CANONICAL_ID,True
PSI_01089,P_01089,MUMBAI_POLICE_CCTNS,SRC_P_01089,1.0,CANONICAL_ID,True
PSI_01090,P_01090,MUMBAI_POLICE_CCTNS,SRC_P_01090,1.0,CANONICAL_ID,True
PSI_01091,P_01091,MUMBAI_POLICE_CCTNS,SRC_P_01091,1.0,CANONICAL_ID,True
PSI_01092,P_01092,MUMBAI_POLICE_CCTNS,SRC_P_01092,1.0,CANONICAL_ID,True
PSI_01093,P_01093,MUMBAI_POLICE_CCTNS,SRC_P_01093,1.0,CANONICAL_ID,True
PSI_01094,P_01094,MUMBAI_POLICE_CCTNS,SRC_P_01094,1.0,CANONICAL_ID,True
PSI_01095,P_01095,MUMBAI_POLICE_CCTNS,SRC_P_01095,1.0,CANONICAL_ID,True
PSI_01096,P_01096,MUMBAI_POLICE_CCTNS,SRC_P_01096,1.0,CANONICAL_ID,True
PSI_01097,P_01097,MUMBAI_POLICE_CCTNS,SRC_P_01097,1.0,CANONICAL_ID,True
PSI_01098,P_01098,MUMBAI_POLICE_CCTNS,SRC_P_01098,1.0,CANONICAL_ID,True
PSI_01099,P_01099,MUMBAI_POLICE_CCTNS,SRC_P_01099,1.0,CANONICAL_ID,True
PSI_01100,P_01100,MUMBAI_POLICE_CCTNS,SRC_P_01100,1.0,CANONICAL_ID,True
PSI_01101,P_01101,MUMBAI_POLICE_CCTNS,SRC_P_01101,1.0,CANONICAL_ID,True
PSI_01102,P_01102,MUMBAI_POLICE_CCTNS,SRC_P_01102,1.0,CANONICAL_ID,True
PSI_01103,P_01103,MUMBAI_POLICE_CCTNS,SRC_P_01103,1.0,CANONICAL_ID,True
PSI_01104,P_01104,MUMBAI_POLICE_CCTNS,SRC_P_01104,1.0,CANONICAL_ID,True
PSI_01105,P_01105,MUMBAI_POLICE_CCTNS,SRC_P_01105,1.0,CANONICAL_ID,True
PSI_01106,P_01106,MUMBAI_POLICE_CCTNS,SRC_P_01106,1.0,CANONICAL_ID,True
PSI_01107,P_01107,MUMBAI_POLICE_CCTNS,SRC_P_01107,1.0,CANONICAL_ID,True
PSI_01108,P_01108,MUMBAI_POLICE_CCTNS,SRC_P_01108,1.0,CANONICAL_ID,True
PSI_01109,P_01109,MUMBAI_POLICE_CCTNS,SRC_P_01109,1.0,CANONICAL_ID,True
PSI_01110,P_01110,MUMBAI_POLICE_CCTNS,SRC_P_01110,1.0,CANONICAL_ID,True
PSI_01111,P_01111,MUMBAI_POLICE_CCTNS,SRC_P_01111,1.0,CANONICAL_ID,True
PSI_01112,P_01112,MUMBAI_POLICE_CCTNS,SRC_P_01112,1.0,CANONICAL_ID,True
PSI_01113,P_01113,MUMBAI_POLICE_CCTNS,SRC_P_01113,1.0,CANONICAL_ID,True
PSI_01114,P_01114,MUMBAI_POLICE_CCTNS,SRC_P_01114,1.0,CANONICAL_ID,True
PSI_01115,P_01115,MUMBAI_POLICE_CCTNS,SRC_P_01115,1.0,CANONICAL_ID,True
PSI_01116,P_01116,MUMBAI_POLICE_CCTNS,SRC_P_01116,1.0,CANONICAL_ID,True
PSI_01117,P_01117,MUMBAI_POLICE_CCTNS,SRC_P_01117,1.0,CANONICAL_ID,True
PSI_01118,P_01118,MUMBAI_POLICE_CCTNS,SRC_P_01118,1.0,CANONICAL_ID,True
PSI_01119,P_01119,MUMBAI_POLICE_CCTNS,SRC_P_01119,1.0,CANONICAL_ID,True
PSI_01120,P_01120,MUMBAI_POLICE_CCTNS,SRC_P_01120,1.0,CANONICAL_ID,True
PSI_01121,P_01121,MUMBAI_POLICE_CCTNS,SRC_P_01121,1.0,CANONICAL_ID,True
PSI_01122,P_01122,MUMBAI_POLICE_CCTNS,SRC_P_01122,1.0,CANONICAL_ID,True
PSI_01123,P_01123,MUMBAI_POLICE_CCTNS,SRC_P_01123,1.0,CANONICAL_ID,True
PSI_01124,P_01124,MUMBAI_POLICE_CCTNS,SRC_P_01124,1.0,CANONICAL_ID,True
PSI_01125,P_01125,MUMBAI_POLICE_CCTNS,SRC_P_01125,1.0,CANONICAL_ID,True
PSI_01126,P_01126,MUMBAI_POLICE_CCTNS,SRC_P_01126,1.0,CANONICAL_ID,True
PSI_01127,P_01127,MUMBAI_POLICE_CCTNS,SRC_P_01127,1.0,CANONICAL_ID,True
PSI_01128,P_01128,MUMBAI_POLICE_CCTNS,SRC_P_01128,1.0,CANONICAL_ID,True
PSI_01129,P_01129,MUMBAI_POLICE_CCTNS,SRC_P_01129,1.0,CANONICAL_ID,True
PSI_01130,P_01130,MUMBAI_POLICE_CCTNS,SRC_P_01130,1.0,CANONICAL_ID,True
PSI_01131,P_01131,MUMBAI_POLICE_CCTNS,SRC_P_01131,1.0,CANONICAL_ID,True
PSI_01132,P_01132,MUMBAI_POLICE_CCTNS,SRC_P_01132,1.0,CANONICAL_ID,True
PSI_01133,P_01133,MUMBAI_POLICE_CCTNS,SRC_P_01133,1.0,CANONICAL_ID,True
PSI_01134,P_01134,MUMBAI_POLICE_CCTNS,SRC_P_01134,1.0,CANONICAL_ID,True
PSI_01135,P_01135,MUMBAI_POLICE_CCTNS,SRC_P_01135,1.0,CANONICAL_ID,True
PSI_01136,P_01136,MUMBAI_POLICE_CCTNS,SRC_P_01136,1.0,CANONICAL_ID,True
PSI_01137,P_01137,MUMBAI_POLICE_CCTNS,SRC_P_01137,1.0,CANONICAL_ID,True
PSI_01138,P_01138,MUMBAI_POLICE_CCTNS,SRC_P_01138,1.0,CANONICAL_ID,True
PSI_01139,P_01139,MUMBAI_POLICE_CCTNS,SRC_P_01139,1.0,CANONICAL_ID,True
PSI_01140,P_01140,MUMBAI_POLICE_CCTNS,SRC_P_01140,1.0,CANONICAL_ID,True
PSI_01141,P_01141,MUMBAI_POLICE_CCTNS,SRC_P_01141,1.0,CANONICAL_ID,True
PSI_01142,P_01142,MUMBAI_POLICE_CCTNS,SRC_P_01142,1.0,CANONICAL_ID,True
PSI_01143,P_01143,MUMBAI_POLICE_CCTNS,SRC_P_01143,1.0,CANONICAL_ID,True
PSI_01144,P_01144,MUMBAI_POLICE_CCTNS,SRC_P_01144,1.0,CANONICAL_ID,True
PSI_01145,P_01145,MUMBAI_POLICE_CCTNS,SRC_P_01145,1.0,CANONICAL_ID,True
PSI_01146,P_01146,MUMBAI_POLICE_CCTNS,SRC_P_01146,1.0,CANONICAL_ID,True
PSI_01147,P_01147,MUMBAI_POLICE_CCTNS,SRC_P_01147,1.0,CANONICAL_ID,True
PSI_01148,P_01148,MUMBAI_POLICE_CCTNS,SRC_P_01148,1.0,CANONICAL_ID,True
PSI_01149,P_01149,MUMBAI_POLICE_CCTNS,SRC_P_01149,1.0,CANONICAL_ID,True
PSI_01150,P_01150,MUMBAI_POLICE_CCTNS,SRC_P_01150,1.0,CANONICAL_ID,True
PSI_01151,P_01151,MUMBAI_POLICE_CCTNS,SRC_P_01151,1.0,CANONICAL_ID,True
PSI_01152,P_01152,MUMBAI_POLICE_CCTNS,SRC_P_01152,1.0,CANONICAL_ID,True
PSI_01153,P_01153,MUMBAI_POLICE_CCTNS,SRC_P_01153,1.0,CANONICAL_ID,True
PSI_01154,P_01154,MUMBAI_POLICE_CCTNS,SRC_P_01154,1.0,CANONICAL_ID,True
PSI_01155,P_01155,MUMBAI_POLICE_CCTNS,SRC_P_01155,1.0,CANONICAL_ID,True
PSI_01156,P_01156,MUMBAI_POLICE_CCTNS,SRC_P_01156,1.0,CANONICAL_ID,True
PSI_01157,P_01157,MUMBAI_POLICE_CCTNS,SRC_P_01157,1.0,CANONICAL_ID,True
PSI_01158,P_01158,MUMBAI_POLICE_CCTNS,SRC_P_01158,1.0,CANONICAL_ID,True
PSI_01159,P_01159,MUMBAI_POLICE_CCTNS,SRC_P_01159,1.0,CANONICAL_ID,True
PSI_01160,P_01160,MUMBAI_POLICE_CCTNS,SRC_P_01160,1.0,CANONICAL_ID,True
PSI_01161,P_01161,MUMBAI_POLICE_CCTNS,SRC_P_01161,1.0,CANONICAL_ID,True
PSI_01162,P_01162,MUMBAI_POLICE_CCTNS,SRC_P_01162,1.0,CANONICAL_ID,True
PSI_01163,P_01163,MUMBAI_POLICE_CCTNS,SRC_P_01163,1.0,CANONICAL_ID,True
PSI_01164,P_01164,MUMBAI_POLICE_CCTNS,SRC_P_01164,1.0,CANONICAL_ID,True
PSI_01165,P_01165,MUMBAI_POLICE_CCTNS,SRC_P_01165,1.0,CANONICAL_ID,True
PSI_01166,P_01166,MUMBAI_POLICE_CCTNS,SRC_P_01166,1.0,CANONICAL_ID,True
PSI_01167,P_01167,MUMBAI_POLICE_CCTNS,SRC_P_01167,1.0,CANONICAL_ID,True
PSI_01168,P_01168,MUMBAI_POLICE_CCTNS,SRC_P_01168,1.0,CANONICAL_ID,True
PSI_01169,P_01169,MUMBAI_POLICE_CCTNS,SRC_P_01169,1.0,CANONICAL_ID,True
PSI_01170,P_01170,MUMBAI_POLICE_CCTNS,SRC_P_01170,1.0,CANONICAL_ID,True
PSI_01171,P_01171,MUMBAI_POLICE_CCTNS,SRC_P_01171,1.0,CANONICAL_ID,True
PSI_01172,P_01172,MUMBAI_POLICE_CCTNS,SRC_P_01172,1.0,CANONICAL_ID,True
PSI_01173,P_01173,MUMBAI_POLICE_CCTNS,SRC_P_01173,1.0,CANONICAL_ID,True
PSI_01174,P_01174,MUMBAI_POLICE_CCTNS,SRC_P_01174,1.0,CANONICAL_ID,True
PSI_01175,P_01175,MUMBAI_POLICE_CCTNS,SRC_P_01175,1.0,CANONICAL_ID,True
PSI_01176,P_01176,MUMBAI_POLICE_CCTNS,SRC_P_01176,1.0,CANONICAL_ID,True
PSI_01177,P_01177,MUMBAI_POLICE_CCTNS,SRC_P_01177,1.0,CANONICAL_ID,True
PSI_01178,P_01178,MUMBAI_POLICE_CCTNS,SRC_P_01178,1.0,CANONICAL_ID,True
PSI_01179,P_01179,MUMBAI_POLICE_CCTNS,SRC_P_01179,1.0,CANONICAL_ID,True
PSI_01180,P_01180,MUMBAI_POLICE_CCTNS,SRC_P_01180,1.0,CANONICAL_ID,True
PSI_01181,P_01181,MUMBAI_POLICE_CCTNS,SRC_P_01181,1.0,CANONICAL_ID,True
PSI_01182,P_01182,MUMBAI_POLICE_CCTNS,SRC_P_01182,1.0,CANONICAL_ID,True
PSI_01183,P_01183,MUMBAI_POLICE_CCTNS,SRC_P_01183,1.0,CANONICAL_ID,True
PSI_01184,P_01184,MUMBAI_POLICE_CCTNS,SRC_P_01184,1.0,CANONICAL_ID,True
PSI_01185,P_01185,MUMBAI_POLICE_CCTNS,SRC_P_01185,1.0,CANONICAL_ID,True
PSI_01186,P_01186,MUMBAI_POLICE_CCTNS,SRC_P_01186,1.0,CANONICAL_ID,True
PSI_01187,P_01187,MUMBAI_POLICE_CCTNS,SRC_P_01187,1.0,CANONICAL_ID,True
PSI_01188,P_01188,MUMBAI_POLICE_CCTNS,SRC_P_01188,1.0,CANONICAL_ID,True
PSI_01189,P_01189,MUMBAI_POLICE_CCTNS,SRC_P_01189,1.0,CANONICAL_ID,True
PSI_01190,P_01190,MUMBAI_POLICE_CCTNS,SRC_P_01190,1.0,CANONICAL_ID,True
PSI_01191,P_01191,MUMBAI_POLICE_CCTNS,SRC_P_01191,1.0,CANONICAL_ID,True
PSI_01192,P_01192,MUMBAI_POLICE_CCTNS,SRC_P_01192,1.0,CANONICAL_ID,True
PSI_01193,P_01193,MUMBAI_POLICE_CCTNS,SRC_P_01193,1.0,CANONICAL_ID,True
PSI_01194,P_01194,MUMBAI_POLICE_CCTNS,SRC_P_01194,1.0,CANONICAL_ID,True
PSI_01195,P_01195,MUMBAI_POLICE_CCTNS,SRC_P_01195,1.0,CANONICAL_ID,True
PSI_01196,P_01196,MUMBAI_POLICE_CCTNS,SRC_P_01196,1.0,CANONICAL_ID,True
PSI_01197,P_01197,MUMBAI_POLICE_CCTNS,SRC_P_01197,1.0,CANONICAL_ID,True
PSI_01198,P_01198,MUMBAI_POLICE_CCTNS,SRC_P_01198,1.0,CANONICAL_ID,True
PSI_01199,P_01199,MUMBAI_POLICE_CCTNS,SRC_P_01199,1.0,CANONICAL_ID,True
PSI_01200,P_01200,MUMBAI_POLICE_CCTNS,SRC_P_01200,1.0,CANONICAL_ID,True
PSI_01201,P_01201,MUMBAI_POLICE_CCTNS,SRC_P_01201,1.0,CANONICAL_ID,True
PSI_01202,P_01202,MUMBAI_POLICE_CCTNS,SRC_P_01202,1.0,CANONICAL_ID,True
PSI_01203,P_01203,MUMBAI_POLICE_CCTNS,SRC_P_01203,1.0,CANONICAL_ID,True
PSI_01204,P_01204,MUMBAI_POLICE_CCTNS,SRC_P_01204,1.0,CANONICAL_ID,True
PSI_01205,P_01205,MUMBAI_POLICE_CCTNS,SRC_P_01205,1.0,CANONICAL_ID,True
PSI_01206,P_01206,MUMBAI_POLICE_CCTNS,SRC_P_01206,1.0,CANONICAL_ID,True
PSI_01207,P_01207,MUMBAI_POLICE_CCTNS,SRC_P_01207,1.0,CANONICAL_ID,True
PSI_01208,P_01208,MUMBAI_POLICE_CCTNS,SRC_P_01208,1.0,CANONICAL_ID,True
PSI_01209,P_01209,MUMBAI_POLICE_CCTNS,SRC_P_01209,1.0,CANONICAL_ID,True
PSI_01210,P_01210,MUMBAI_POLICE_CCTNS,SRC_P_01210,1.0,CANONICAL_ID,True
PSI_01211,P_01211,MUMBAI_POLICE_CCTNS,SRC_P_01211,1.0,CANONICAL_ID,True
PSI_01212,P_01212,MUMBAI_POLICE_CCTNS,SRC_P_01212,1.0,CANONICAL_ID,True
PSI_01213,P_01213,MUMBAI_POLICE_CCTNS,SRC_P_01213,1.0,CANONICAL_ID,True
PSI_01214,P_01214,MUMBAI_POLICE_CCTNS,SRC_P_01214,1.0,CANONICAL_ID,True
PSI_01215,P_01215,MUMBAI_POLICE_CCTNS,SRC_P_01215,1.0,CANONICAL_ID,True
PSI_01216,P_01216,MUMBAI_POLICE_CCTNS,SRC_P_01216,1.0,CANONICAL_ID,True
PSI_01217,P_01217,MUMBAI_POLICE_CCTNS,SRC_P_01217,1.0,CANONICAL_ID,True
PSI_01218,P_01218,MUMBAI_POLICE_CCTNS,SRC_P_01218,1.0,CANONICAL_ID,True
PSI_01219,P_01219,MUMBAI_POLICE_CCTNS,SRC_P_01219,1.0,CANONICAL_ID,True
PSI_01220,P_01220,MUMBAI_POLICE_CCTNS,SRC_P_01220,1.0,CANONICAL_ID,True
PSI_01221,P_01221,MUMBAI_POLICE_CCTNS,SRC_P_01221,1.0,CANONICAL_ID,True
PSI_01222,P_01222,MUMBAI_POLICE_CCTNS,SRC_P_01222,1.0,CANONICAL_ID,True
PSI_01223,P_01223,MUMBAI_POLICE_CCTNS,SRC_P_01223,1.0,CANONICAL_ID,True
PSI_01224,P_01224,MUMBAI_POLICE_CCTNS,SRC_P_01224,1.0,CANONICAL_ID,True
PSI_01225,P_01225,MUMBAI_POLICE_CCTNS,SRC_P_01225,1.0,CANONICAL_ID,True
PSI_01226,P_01226,MUMBAI_POLICE_CCTNS,SRC_P_01226,1.0,CANONICAL_ID,True
PSI_01227,P_01227,MUMBAI_POLICE_CCTNS,SRC_P_01227,1.0,CANONICAL_ID,True
PSI_01228,P_01228,MUMBAI_POLICE_CCTNS,SRC_P_01228,1.0,CANONICAL_ID,True
PSI_01229,P_01229,MUMBAI_POLICE_CCTNS,SRC_P_01229,1.0,CANONICAL_ID,True
PSI_01230,P_01230,MUMBAI_POLICE_CCTNS,SRC_P_01230,1.0,CANONICAL_ID,True
PSI_01231,P_01231,MUMBAI_POLICE_CCTNS,SRC_P_01231,1.0,CANONICAL_ID,True
PSI_01232,P_01232,MUMBAI_POLICE_CCTNS,SRC_P_01232,1.0,CANONICAL_ID,True
PSI_01233,P_01233,MUMBAI_POLICE_CCTNS,SRC_P_01233,1.0,CANONICAL_ID,True
PSI_01234,P_01234,MUMBAI_POLICE_CCTNS,SRC_P_01234,1.0,CANONICAL_ID,True
PSI_01235,P_01235,MUMBAI_POLICE_CCTNS,SRC_P_01235,1.0,CANONICAL_ID,True
PSI_01236,P_01236,MUMBAI_POLICE_CCTNS,SRC_P_01236,1.0,CANONICAL_ID,True
PSI_01237,P_01237,MUMBAI_POLICE_CCTNS,SRC_P_01237,1.0,CANONICAL_ID,True
PSI_01238,P_01238,MUMBAI_POLICE_CCTNS,SRC_P_01238,1.0,CANONICAL_ID,True
PSI_01239,P_01239,MUMBAI_POLICE_CCTNS,SRC_P_01239,1.0,CANONICAL_ID,True
PSI_01240,P_01240,MUMBAI_POLICE_CCTNS,SRC_P_01240,1.0,CANONICAL_ID,True
PSI_01241,P_01241,MUMBAI_POLICE_CCTNS,SRC_P_01241,1.0,CANONICAL_ID,True
PSI_01242,P_01242,MUMBAI_POLICE_CCTNS,SRC_P_01242,1.0,CANONICAL_ID,True
PSI_01243,P_01243,MUMBAI_POLICE_CCTNS,SRC_P_01243,1.0,CANONICAL_ID,True
PSI_01244,P_01244,MUMBAI_POLICE_CCTNS,SRC_P_01244,1.0,CANONICAL_ID,True
PSI_01245,P_01245,MUMBAI_POLICE_CCTNS,SRC_P_01245,1.0,CANONICAL_ID,True
PSI_01246,P_01246,MUMBAI_POLICE_CCTNS,SRC_P_01246,1.0,CANONICAL_ID,True
PSI_01247,P_01247,MUMBAI_POLICE_CCTNS,SRC_P_01247,1.0,CANONICAL_ID,True
PSI_01248,P_01248,MUMBAI_POLICE_CCTNS,SRC_P_01248,1.0,CANONICAL_ID,True
PSI_01249,P_01249,MUMBAI_POLICE_CCTNS,SRC_P_01249,1.0,CANONICAL_ID,True
PSI_01250,P_01250,MUMBAI_POLICE_CCTNS,SRC_P_01250,1.0,CANONICAL_ID,True
PSI_01251,P_01251,MUMBAI_POLICE_CCTNS,SRC_P_01251,1.0,CANONICAL_ID,True
PSI_01252,P_01252,MUMBAI_POLICE_CCTNS,SRC_P_01252,1.0,CANONICAL_ID,True
PSI_01253,P_01253,MUMBAI_POLICE_CCTNS,SRC_P_01253,1.0,CANONICAL_ID,True
PSI_01254,P_01254,MUMBAI_POLICE_CCTNS,SRC_P_01254,1.0,CANONICAL_ID,True
PSI_01255,P_01255,MUMBAI_POLICE_CCTNS,SRC_P_01255,1.0,CANONICAL_ID,True
PSI_01256,P_01256,MUMBAI_POLICE_CCTNS,SRC_P_01256,1.0,CANONICAL_ID,True
PSI_01257,P_01257,MUMBAI_POLICE_CCTNS,SRC_P_01257,1.0,CANONICAL_ID,True
PSI_01258,P_01258,MUMBAI_POLICE_CCTNS,SRC_P_01258,1.0,CANONICAL_ID,True
PSI_01259,P_01259,MUMBAI_POLICE_CCTNS,SRC_P_01259,1.0,CANONICAL_ID,True
PSI_01260,P_01260,MUMBAI_POLICE_CCTNS,SRC_P_01260,1.0,CANONICAL_ID,True
PSI_01261,P_01261,MUMBAI_POLICE_CCTNS,SRC_P_01261,1.0,CANONICAL_ID,True
PSI_01262,P_01262,MUMBAI_POLICE_CCTNS,SRC_P_01262,1.0,CANONICAL_ID,True
PSI_01263,P_01263,MUMBAI_POLICE_CCTNS,SRC_P_01263,1.0,CANONICAL_ID,True
PSI_01264,P_01264,MUMBAI_POLICE_CCTNS,SRC_P_01264,1.0,CANONICAL_ID,True
PSI_01265,P_01265,MUMBAI_POLICE_CCTNS,SRC_P_01265,1.0,CANONICAL_ID,True
PSI_01266,P_01266,MUMBAI_POLICE_CCTNS,SRC_P_01266,1.0,CANONICAL_ID,True
PSI_01267,P_01267,MUMBAI_POLICE_CCTNS,SRC_P_01267,1.0,CANONICAL_ID,True
PSI_01268,P_01268,MUMBAI_POLICE_CCTNS,SRC_P_01268,1.0,CANONICAL_ID,True
PSI_01269,P_01269,MUMBAI_POLICE_CCTNS,SRC_P_01269,1.0,CANONICAL_ID,True
PSI_01270,P_01270,MUMBAI_POLICE_CCTNS,SRC_P_01270,1.0,CANONICAL_ID,True
PSI_01271,P_01271,MUMBAI_POLICE_CCTNS,SRC_P_01271,1.0,CANONICAL_ID,True
PSI_01272,P_01272,MUMBAI_POLICE_CCTNS,SRC_P_01272,1.0,CANONICAL_ID,True
PSI_01273,P_01273,MUMBAI_POLICE_CCTNS,SRC_P_01273,1.0,CANONICAL_ID,True
PSI_01274,P_01274,MUMBAI_POLICE_CCTNS,SRC_P_01274,1.0,CANONICAL_ID,True
PSI_01275,P_01275,MUMBAI_POLICE_CCTNS,SRC_P_01275,1.0,CANONICAL_ID,True
PSI_01276,P_01276,MUMBAI_POLICE_CCTNS,SRC_P_01276,1.0,CANONICAL_ID,True
PSI_01277,P_01277,MUMBAI_POLICE_CCTNS,SRC_P_01277,1.0,CANONICAL_ID,True
PSI_01278,P_01278,MUMBAI_POLICE_CCTNS,SRC_P_01278,1.0,CANONICAL_ID,True
PSI_01279,P_01279,MUMBAI_POLICE_CCTNS,SRC_P_01279,1.0,CANONICAL_ID,True
PSI_01280,P_01280,MUMBAI_POLICE_CCTNS,SRC_P_01280,1.0,CANONICAL_ID,True
PSI_01281,P_01281,MUMBAI_POLICE_CCTNS,SRC_P_01281,1.0,CANONICAL_ID,True
PSI_01282,P_01282,MUMBAI_POLICE_CCTNS,SRC_P_01282,1.0,CANONICAL_ID,True
PSI_01283,P_01283,MUMBAI_POLICE_CCTNS,SRC_P_01283,1.0,CANONICAL_ID,True
PSI_01284,P_01284,MUMBAI_POLICE_CCTNS,SRC_P_01284,1.0,CANONICAL_ID,True
PSI_01285,P_01285,MUMBAI_POLICE_CCTNS,SRC_P_01285,1.0,CANONICAL_ID,True
PSI_01286,P_01286,MUMBAI_POLICE_CCTNS,SRC_P_01286,1.0,CANONICAL_ID,True
PSI_01287,P_01287,MUMBAI_POLICE_CCTNS,SRC_P_01287,1.0,CANONICAL_ID,True
PSI_01288,P_01288,MUMBAI_POLICE_CCTNS,SRC_P_01288,1.0,CANONICAL_ID,True
PSI_01289,P_01289,MUMBAI_POLICE_CCTNS,SRC_P_01289,1.0,CANONICAL_ID,True
PSI_01290,P_01290,MUMBAI_POLICE_CCTNS,SRC_P_01290,1.0,CANONICAL_ID,True
PSI_01291,P_01291,MUMBAI_POLICE_CCTNS,SRC_P_01291,1.0,CANONICAL_ID,True
PSI_01292,P_01292,MUMBAI_POLICE_CCTNS,SRC_P_01292,1.0,CANONICAL_ID,True
PSI_01293,P_01293,MUMBAI_POLICE_CCTNS,SRC_P_01293,1.0,CANONICAL_ID,True
PSI_01294,P_01294,MUMBAI_POLICE_CCTNS,SRC_P_01294,1.0,CANONICAL_ID,True
PSI_01295,P_01295,MUMBAI_POLICE_CCTNS,SRC_P_01295,1.0,CANONICAL_ID,True
PSI_01296,P_01296,MUMBAI_POLICE_CCTNS,SRC_P_01296,1.0,CANONICAL_ID,True
PSI_01297,P_01297,MUMBAI_POLICE_CCTNS,SRC_P_01297,1.0,CANONICAL_ID,True
PSI_01298,P_01298,MUMBAI_POLICE_CCTNS,SRC_P_01298,1.0,CANONICAL_ID,True
PSI_01299,P_01299,MUMBAI_POLICE_CCTNS,SRC_P_01299,1.0,CANONICAL_ID,True
PSI_01300,P_01300,MUMBAI_POLICE_CCTNS,SRC_P_01300,1.0,CANONICAL_ID,True
PSI_01301,P_01301,MUMBAI_POLICE_CCTNS,SRC_P_01301,1.0,CANONICAL_ID,True
PSI_01302,P_01302,MUMBAI_POLICE_CCTNS,SRC_P_01302,1.0,CANONICAL_ID,True
PSI_01303,P_01303,MUMBAI_POLICE_CCTNS,SRC_P_01303,1.0,CANONICAL_ID,True
PSI_01304,P_01304,MUMBAI_POLICE_CCTNS,SRC_P_01304,1.0,CANONICAL_ID,True
PSI_01305,P_01305,MUMBAI_POLICE_CCTNS,SRC_P_01305,1.0,CANONICAL_ID,True
PSI_01306,P_01306,MUMBAI_POLICE_CCTNS,SRC_P_01306,1.0,CANONICAL_ID,True
PSI_01307,P_01307,MUMBAI_POLICE_CCTNS,SRC_P_01307,1.0,CANONICAL_ID,True
PSI_01308,P_01308,MUMBAI_POLICE_CCTNS,SRC_P_01308,1.0,CANONICAL_ID,True
PSI_01309,P_01309,MUMBAI_POLICE_CCTNS,SRC_P_01309,1.0,CANONICAL_ID,True
PSI_01310,P_01310,MUMBAI_POLICE_CCTNS,SRC_P_01310,1.0,CANONICAL_ID,True
PSI_01311,P_01311,MUMBAI_POLICE_CCTNS,SRC_P_01311,1.0,CANONICAL_ID,True
PSI_01312,P_01312,MUMBAI_POLICE_CCTNS,SRC_P_01312,1.0,CANONICAL_ID,True
PSI_01313,P_01313,MUMBAI_POLICE_CCTNS,SRC_P_01313,1.0,CANONICAL_ID,True
PSI_01314,P_01314,MUMBAI_POLICE_CCTNS,SRC_P_01314,1.0,CANONICAL_ID,True
PSI_01315,P_01315,MUMBAI_POLICE_CCTNS,SRC_P_01315,1.0,CANONICAL_ID,True
PSI_01316,P_01316,MUMBAI_POLICE_CCTNS,SRC_P_01316,1.0,CANONICAL_ID,True
PSI_01317,P_01317,MUMBAI_POLICE_CCTNS,SRC_P_01317,1.0,CANONICAL_ID,True
PSI_01318,P_01318,MUMBAI_POLICE_CCTNS,SRC_P_01318,1.0,CANONICAL_ID,True
PSI_01319,P_01319,MUMBAI_POLICE_CCTNS,SRC_P_01319,1.0,CANONICAL_ID,True
PSI_01320,P_01320,MUMBAI_POLICE_CCTNS,SRC_P_01320,1.0,CANONICAL_ID,True
PSI_01321,P_01321,MUMBAI_POLICE_CCTNS,SRC_P_01321,1.0,CANONICAL_ID,True
PSI_01322,P_01322,MUMBAI_POLICE_CCTNS,SRC_P_01322,1.0,CANONICAL_ID,True
PSI_01323,P_01323,MUMBAI_POLICE_CCTNS,SRC_P_01323,1.0,CANONICAL_ID,True
PSI_01324,P_01324,MUMBAI_POLICE_CCTNS,SRC_P_01324,1.0,CANONICAL_ID,True
PSI_01325,P_01325,MUMBAI_POLICE_CCTNS,SRC_P_01325,1.0,CANONICAL_ID,True
PSI_01326,P_01326,MUMBAI_POLICE_CCTNS,SRC_P_01326,1.0,CANONICAL_ID,True
PSI_01327,P_01327,MUMBAI_POLICE_CCTNS,SRC_P_01327,1.0,CANONICAL_ID,True
PSI_01328,P_01328,MUMBAI_POLICE_CCTNS,SRC_P_01328,1.0,CANONICAL_ID,True
PSI_01329,P_01329,MUMBAI_POLICE_CCTNS,SRC_P_01329,1.0,CANONICAL_ID,True
PSI_01330,P_01330,MUMBAI_POLICE_CCTNS,SRC_P_01330,1.0,CANONICAL_ID,True
PSI_01331,P_01331,MUMBAI_POLICE_CCTNS,SRC_P_01331,1.0,CANONICAL_ID,True
PSI_01332,P_01332,MUMBAI_POLICE_CCTNS,SRC_P_01332,1.0,CANONICAL_ID,True
PSI_01333,P_01333,MUMBAI_POLICE_CCTNS,SRC_P_01333,1.0,CANONICAL_ID,True
PSI_01334,P_01334,MUMBAI_POLICE_CCTNS,SRC_P_01334,1.0,CANONICAL_ID,True
PSI_01335,P_01335,MUMBAI_POLICE_CCTNS,SRC_P_01335,1.0,CANONICAL_ID,True
PSI_01336,P_01336,MUMBAI_POLICE_CCTNS,SRC_P_01336,1.0,CANONICAL_ID,True
PSI_01337,P_01337,MUMBAI_POLICE_CCTNS,SRC_P_01337,1.0,CANONICAL_ID,True
PSI_01338,P_01338,MUMBAI_POLICE_CCTNS,SRC_P_01338,1.0,CANONICAL_ID,True
PSI_01339,P_01339,MUMBAI_POLICE_CCTNS,SRC_P_01339,1.0,CANONICAL_ID,True
PSI_01340,P_01340,MUMBAI_POLICE_CCTNS,SRC_P_01340,1.0,CANONICAL_ID,True
PSI_01341,P_01341,MUMBAI_POLICE_CCTNS,SRC_P_01341,1.0,CANONICAL_ID,True
PSI_01342,P_01342,MUMBAI_POLICE_CCTNS,SRC_P_01342,1.0,CANONICAL_ID,True
PSI_01343,P_01343,MUMBAI_POLICE_CCTNS,SRC_P_01343,1.0,CANONICAL_ID,True
PSI_01344,P_01344,MUMBAI_POLICE_CCTNS,SRC_P_01344,1.0,CANONICAL_ID,True
PSI_01345,P_01345,MUMBAI_POLICE_CCTNS,SRC_P_01345,1.0,CANONICAL_ID,True
PSI_01346,P_01346,MUMBAI_POLICE_CCTNS,SRC_P_01346,1.0,CANONICAL_ID,True
PSI_01347,P_01347,MUMBAI_POLICE_CCTNS,SRC_P_01347,1.0,CANONICAL_ID,True
PSI_01348,P_01348,MUMBAI_POLICE_CCTNS,SRC_P_01348,1.0,CANONICAL_ID,True
PSI_01349,P_01349,MUMBAI_POLICE_CCTNS,SRC_P_01349,1.0,CANONICAL_ID,True
PSI_01350,P_01350,MUMBAI_POLICE_CCTNS,SRC_P_01350,1.0,CANONICAL_ID,True
PSI_01351,P_01351,MUMBAI_POLICE_CCTNS,SRC_P_01351,1.0,CANONICAL_ID,True
PSI_01352,P_01352,MUMBAI_POLICE_CCTNS,SRC_P_01352,1.0,CANONICAL_ID,True
PSI_01353,P_01353,MUMBAI_POLICE_CCTNS,SRC_P_01353,1.0,CANONICAL_ID,True
PSI_01354,P_01354,MUMBAI_POLICE_CCTNS,SRC_P_01354,1.0,CANONICAL_ID,True
PSI_01355,P_01355,MUMBAI_POLICE_CCTNS,SRC_P_01355,1.0,CANONICAL_ID,True
PSI_01356,P_01356,MUMBAI_POLICE_CCTNS,SRC_P_01356,1.0,CANONICAL_ID,True
PSI_01357,P_01357,MUMBAI_POLICE_CCTNS,SRC_P_01357,1.0,CANONICAL_ID,True
PSI_01358,P_01358,MUMBAI_POLICE_CCTNS,SRC_P_01358,1.0,CANONICAL_ID,True
PSI_01359,P_01359,MUMBAI_POLICE_CCTNS,SRC_P_01359,1.0,CANONICAL_ID,True
PSI_01360,P_01360,MUMBAI_POLICE_CCTNS,SRC_P_01360,1.0,CANONICAL_ID,True
PSI_01361,P_01361,MUMBAI_POLICE_CCTNS,SRC_P_01361,1.0,CANONICAL_ID,True
PSI_01362,P_01362,MUMBAI_POLICE_CCTNS,SRC_P_01362,1.0,CANONICAL_ID,True
PSI_01363,P_01363,MUMBAI_POLICE_CCTNS,SRC_P_01363,1.0,CANONICAL_ID,True
PSI_01364,P_01364,MUMBAI_POLICE_CCTNS,SRC_P_01364,1.0,CANONICAL_ID,True
PSI_01365,P_01365,MUMBAI_POLICE_CCTNS,SRC_P_01365,1.0,CANONICAL_ID,True
PSI_01366,P_01366,MUMBAI_POLICE_CCTNS,SRC_P_01366,1.0,CANONICAL_ID,True
PSI_01367,P_01367,MUMBAI_POLICE_CCTNS,SRC_P_01367,1.0,CANONICAL_ID,True
PSI_01368,P_01368,MUMBAI_POLICE_CCTNS,SRC_P_01368,1.0,CANONICAL_ID,True
PSI_01369,P_01369,MUMBAI_POLICE_CCTNS,SRC_P_01369,1.0,CANONICAL_ID,True
PSI_01370,P_01370,MUMBAI_POLICE_CCTNS,SRC_P_01370,1.0,CANONICAL_ID,True
PSI_01371,P_01371,MUMBAI_POLICE_CCTNS,SRC_P_01371,1.0,CANONICAL_ID,True
PSI_01372,P_01372,MUMBAI_POLICE_CCTNS,SRC_P_01372,1.0,CANONICAL_ID,True
PSI_01373,P_01373,MUMBAI_POLICE_CCTNS,SRC_P_01373,1.0,CANONICAL_ID,True
PSI_01374,P_01374,MUMBAI_POLICE_CCTNS,SRC_P_01374,1.0,CANONICAL_ID,True
PSI_01375,P_01375,MUMBAI_POLICE_CCTNS,SRC_P_01375,1.0,CANONICAL_ID,True
PSI_01376,P_01376,MUMBAI_POLICE_CCTNS,SRC_P_01376,1.0,CANONICAL_ID,True
PSI_01377,P_01377,MUMBAI_POLICE_CCTNS,SRC_P_01377,1.0,CANONICAL_ID,True
PSI_01378,P_01378,MUMBAI_POLICE_CCTNS,SRC_P_01378,1.0,CANONICAL_ID,True
PSI_01379,P_01379,MUMBAI_POLICE_CCTNS,SRC_P_01379,1.0,CANONICAL_ID,True
PSI_01380,P_01380,MUMBAI_POLICE_CCTNS,SRC_P_01380,1.0,CANONICAL_ID,True
PSI_01381,P_01381,MUMBAI_POLICE_CCTNS,SRC_P_01381,1.0,CANONICAL_ID,True
PSI_01382,P_01382,MUMBAI_POLICE_CCTNS,SRC_P_01382,1.0,CANONICAL_ID,True
PSI_01383,P_01383,MUMBAI_POLICE_CCTNS,SRC_P_01383,1.0,CANONICAL_ID,True
PSI_01384,P_01384,MUMBAI_POLICE_CCTNS,SRC_P_01384,1.0,CANONICAL_ID,True
PSI_01385,P_01385,MUMBAI_POLICE_CCTNS,SRC_P_01385,1.0,CANONICAL_ID,True
PSI_01386,P_01386,MUMBAI_POLICE_CCTNS,SRC_P_01386,1.0,CANONICAL_ID,True
PSI_01387,P_01387,MUMBAI_POLICE_CCTNS,SRC_P_01387,1.0,CANONICAL_ID,True
PSI_01388,P_01388,MUMBAI_POLICE_CCTNS,SRC_P_01388,1.0,CANONICAL_ID,True
PSI_01389,P_01389,MUMBAI_POLICE_CCTNS,SRC_P_01389,1.0,CANONICAL_ID,True
PSI_01390,P_01390,MUMBAI_POLICE_CCTNS,SRC_P_01390,1.0,CANONICAL_ID,True
PSI_01391,P_01391,MUMBAI_POLICE_CCTNS,SRC_P_01391,1.0,CANONICAL_ID,True
PSI_01392,P_01392,MUMBAI_POLICE_CCTNS,SRC_P_01392,1.0,CANONICAL_ID,True
PSI_01393,P_01393,MUMBAI_POLICE_CCTNS,SRC_P_01393,1.0,CANONICAL_ID,True
PSI_01394,P_01394,MUMBAI_POLICE_CCTNS,SRC_P_01394,1.0,CANONICAL_ID,True
PSI_01395,P_01395,MUMBAI_POLICE_CCTNS,SRC_P_01395,1.0,CANONICAL_ID,True
PSI_01396,P_01396,MUMBAI_POLICE_CCTNS,SRC_P_01396,1.0,CANONICAL_ID,True
PSI_01397,P_01397,MUMBAI_POLICE_CCTNS,SRC_P_01397,1.0,CANONICAL_ID,True
PSI_01398,P_01398,MUMBAI_POLICE_CCTNS,SRC_P_01398,1.0,CANONICAL_ID,True
PSI_01399,P_01399,MUMBAI_POLICE_CCTNS,SRC_P_01399,1.0,CANONICAL_ID,True
PSI_01400,P_01400,MUMBAI_POLICE_CCTNS,SRC_P_01400,1.0,CANONICAL_ID,True
PSI_01401,P_01401,MUMBAI_POLICE_CCTNS,SRC_P_01401,1.0,CANONICAL_ID,True
PSI_01402,P_01402,MUMBAI_POLICE_CCTNS,SRC_P_01402,1.0,CANONICAL_ID,True
PSI_01403,P_01403,MUMBAI_POLICE_CCTNS,SRC_P_01403,1.0,CANONICAL_ID,True
PSI_01404,P_01404,MUMBAI_POLICE_CCTNS,SRC_P_01404,1.0,CANONICAL_ID,True
PSI_01405,P_01405,MUMBAI_POLICE_CCTNS,SRC_P_01405,1.0,CANONICAL_ID,True
PSI_01406,P_01406,MUMBAI_POLICE_CCTNS,SRC_P_01406,1.0,CANONICAL_ID,True
PSI_01407,P_01407,MUMBAI_POLICE_CCTNS,SRC_P_01407,1.0,CANONICAL_ID,True
PSI_01408,P_01408,MUMBAI_POLICE_CCTNS,SRC_P_01408,1.0,CANONICAL_ID,True
PSI_01409,P_01409,MUMBAI_POLICE_CCTNS,SRC_P_01409,1.0,CANONICAL_ID,True
PSI_01410,P_01410,MUMBAI_POLICE_CCTNS,SRC_P_01410,1.0,CANONICAL_ID,True
PSI_01411,P_01411,MUMBAI_POLICE_CCTNS,SRC_P_01411,1.0,CANONICAL_ID,True
PSI_01412,P_01412,MUMBAI_POLICE_CCTNS,SRC_P_01412,1.0,CANONICAL_ID,True
PSI_01413,P_01413,MUMBAI_POLICE_CCTNS,SRC_P_01413,1.0,CANONICAL_ID,True
PSI_01414,P_01414,MUMBAI_POLICE_CCTNS,SRC_P_01414,1.0,CANONICAL_ID,True
PSI_01415,P_01415,MUMBAI_POLICE_CCTNS,SRC_P_01415,1.0,CANONICAL_ID,True
PSI_01416,P_01416,MUMBAI_POLICE_CCTNS,SRC_P_01416,1.0,CANONICAL_ID,True
PSI_01417,P_01417,MUMBAI_POLICE_CCTNS,SRC_P_01417,1.0,CANONICAL_ID,True
PSI_01418,P_01418,MUMBAI_POLICE_CCTNS,SRC_P_01418,1.0,CANONICAL_ID,True
PSI_01419,P_01419,MUMBAI_POLICE_CCTNS,SRC_P_01419,1.0,CANONICAL_ID,True
PSI_01420,P_01420,MUMBAI_POLICE_CCTNS,SRC_P_01420,1.0,CANONICAL_ID,True
PSI_01421,P_01421,MUMBAI_POLICE_CCTNS,SRC_P_01421,1.0,CANONICAL_ID,True
PSI_01422,P_01422,MUMBAI_POLICE_CCTNS,SRC_P_01422,1.0,CANONICAL_ID,True
PSI_01423,P_01423,MUMBAI_POLICE_CCTNS,SRC_P_01423,1.0,CANONICAL_ID,True
PSI_01424,P_01424,MUMBAI_POLICE_CCTNS,SRC_P_01424,1.0,CANONICAL_ID,True
PSI_01425,P_01425,MUMBAI_POLICE_CCTNS,SRC_P_01425,1.0,CANONICAL_ID,True
PSI_01426,P_01426,MUMBAI_POLICE_CCTNS,SRC_P_01426,1.0,CANONICAL_ID,True
PSI_01427,P_01427,MUMBAI_POLICE_CCTNS,SRC_P_01427,1.0,CANONICAL_ID,True
PSI_01428,P_01428,MUMBAI_POLICE_CCTNS,SRC_P_01428,1.0,CANONICAL_ID,True
PSI_01429,P_01429,MUMBAI_POLICE_CCTNS,SRC_P_01429,1.0,CANONICAL_ID,True
PSI_01430,P_01430,MUMBAI_POLICE_CCTNS,SRC_P_01430,1.0,CANONICAL_ID,True
PSI_01431,P_01431,MUMBAI_POLICE_CCTNS,SRC_P_01431,1.0,CANONICAL_ID,True
PSI_01432,P_01432,MUMBAI_POLICE_CCTNS,SRC_P_01432,1.0,CANONICAL_ID,True
PSI_01433,P_01433,MUMBAI_POLICE_CCTNS,SRC_P_01433,1.0,CANONICAL_ID,True
PSI_01434,P_01434,MUMBAI_POLICE_CCTNS,SRC_P_01434,1.0,CANONICAL_ID,True
PSI_01435,P_01435,MUMBAI_POLICE_CCTNS,SRC_P_01435,1.0,CANONICAL_ID,True
PSI_01436,P_01436,MUMBAI_POLICE_CCTNS,SRC_P_01436,1.0,CANONICAL_ID,True
PSI_01437,P_01437,MUMBAI_POLICE_CCTNS,SRC_P_01437,1.0,CANONICAL_ID,True
PSI_01438,P_01438,MUMBAI_POLICE_CCTNS,SRC_P_01438,1.0,CANONICAL_ID,True
PSI_01439,P_01439,MUMBAI_POLICE_CCTNS,SRC_P_01439,1.0,CANONICAL_ID,True
PSI_01440,P_01440,MUMBAI_POLICE_CCTNS,SRC_P_01440,1.0,CANONICAL_ID,True
PSI_01441,P_01441,MUMBAI_POLICE_CCTNS,SRC_P_01441,1.0,CANONICAL_ID,True
PSI_01442,P_01442,MUMBAI_POLICE_CCTNS,SRC_P_01442,1.0,CANONICAL_ID,True
PSI_01443,P_01443,MUMBAI_POLICE_CCTNS,SRC_P_01443,1.0,CANONICAL_ID,True
PSI_01444,P_01444,MUMBAI_POLICE_CCTNS,SRC_P_01444,1.0,CANONICAL_ID,True
PSI_01445,P_01445,MUMBAI_POLICE_CCTNS,SRC_P_01445,1.0,CANONICAL_ID,True
PSI_01446,P_01446,MUMBAI_POLICE_CCTNS,SRC_P_01446,1.0,CANONICAL_ID,True
PSI_01447,P_01447,MUMBAI_POLICE_CCTNS,SRC_P_01447,1.0,CANONICAL_ID,True
PSI_01448,P_01448,MUMBAI_POLICE_CCTNS,SRC_P_01448,1.0,CANONICAL_ID,True
PSI_01449,P_01449,MUMBAI_POLICE_CCTNS,SRC_P_01449,1.0,CANONICAL_ID,True
PSI_01450,P_01450,MUMBAI_POLICE_CCTNS,SRC_P_01450,1.0,CANONICAL_ID,True
PSI_01451,P_01451,MUMBAI_POLICE_CCTNS,SRC_P_01451,1.0,CANONICAL_ID,True
PSI_01452,P_01452,MUMBAI_POLICE_CCTNS,SRC_P_01452,1.0,CANONICAL_ID,True
PSI_01453,P_01453,MUMBAI_POLICE_CCTNS,SRC_P_01453,1.0,CANONICAL_ID,True
PSI_01454,P_01454,MUMBAI_POLICE_CCTNS,SRC_P_01454,1.0,CANONICAL_ID,True
PSI_01455,P_01455,MUMBAI_POLICE_CCTNS,SRC_P_01455,1.0,CANONICAL_ID,True
PSI_01456,P_01456,MUMBAI_POLICE_CCTNS,SRC_P_01456,1.0,CANONICAL_ID,True
PSI_01457,P_01457,MUMBAI_POLICE_CCTNS,SRC_P_01457,1.0,CANONICAL_ID,True
PSI_01458,P_01458,MUMBAI_POLICE_CCTNS,SRC_P_01458,1.0,CANONICAL_ID,True
PSI_01459,P_01459,MUMBAI_POLICE_CCTNS,SRC_P_01459,1.0,CANONICAL_ID,True
PSI_01460,P_01460,MUMBAI_POLICE_CCTNS,SRC_P_01460,1.0,CANONICAL_ID,True
PSI_01461,P_01461,MUMBAI_POLICE_CCTNS,SRC_P_01461,1.0,CANONICAL_ID,True
PSI_01462,P_01462,MUMBAI_POLICE_CCTNS,SRC_P_01462,1.0,CANONICAL_ID,True
PSI_01463,P_01463,MUMBAI_POLICE_CCTNS,SRC_P_01463,1.0,CANONICAL_ID,True
PSI_01464,P_01464,MUMBAI_POLICE_CCTNS,SRC_P_01464,1.0,CANONICAL_ID,True
PSI_01465,P_01465,MUMBAI_POLICE_CCTNS,SRC_P_01465,1.0,CANONICAL_ID,True
PSI_01466,P_01466,MUMBAI_POLICE_CCTNS,SRC_P_01466,1.0,CANONICAL_ID,True
PSI_01467,P_01467,MUMBAI_POLICE_CCTNS,SRC_P_01467,1.0,CANONICAL_ID,True
PSI_01468,P_01468,MUMBAI_POLICE_CCTNS,SRC_P_01468,1.0,CANONICAL_ID,True
PSI_01469,P_01469,MUMBAI_POLICE_CCTNS,SRC_P_01469,1.0,CANONICAL_ID,True
PSI_01470,P_01470,MUMBAI_POLICE_CCTNS,SRC_P_01470,1.0,CANONICAL_ID,True
PSI_01471,P_01471,MUMBAI_POLICE_CCTNS,SRC_P_01471,1.0,CANONICAL_ID,True
PSI_01472,P_01472,MUMBAI_POLICE_CCTNS,SRC_P_01472,1.0,CANONICAL_ID,True
PSI_01473,P_01473,MUMBAI_POLICE_CCTNS,SRC_P_01473,1.0,CANONICAL_ID,True
PSI_01474,P_01474,MUMBAI_POLICE_CCTNS,SRC_P_01474,1.0,CANONICAL_ID,True
PSI_01475,P_01475,MUMBAI_POLICE_CCTNS,SRC_P_01475,1.0,CANONICAL_ID,True
PSI_01476,P_01476,MUMBAI_POLICE_CCTNS,SRC_P_01476,1.0,CANONICAL_ID,True
PSI_01477,P_01477,MUMBAI_POLICE_CCTNS,SRC_P_01477,1.0,CANONICAL_ID,True
PSI_01478,P_01478,MUMBAI_POLICE_CCTNS,SRC_P_01478,1.0,CANONICAL_ID,True
PSI_01479,P_01479,MUMBAI_POLICE_CCTNS,SRC_P_01479,1.0,CANONICAL_ID,True
PSI_01480,P_01480,MUMBAI_POLICE_CCTNS,SRC_P_01480,1.0,CANONICAL_ID,True
PSI_01481,P_01481,MUMBAI_POLICE_CCTNS,SRC_P_01481,1.0,CANONICAL_ID,True
PSI_01482,P_01482,MUMBAI_POLICE_CCTNS,SRC_P_01482,1.0,CANONICAL_ID,True
PSI_01483,P_01483,MUMBAI_POLICE_CCTNS,SRC_P_01483,1.0,CANONICAL_ID,True
PSI_01484,P_01484,MUMBAI_POLICE_CCTNS,SRC_P_01484,1.0,CANONICAL_ID,True
PSI_01485,P_01485,MUMBAI_POLICE_CCTNS,SRC_P_01485,1.0,CANONICAL_ID,True
PSI_01486,P_01486,MUMBAI_POLICE_CCTNS,SRC_P_01486,1.0,CANONICAL_ID,True
PSI_01487,P_01487,MUMBAI_POLICE_CCTNS,SRC_P_01487,1.0,CANONICAL_ID,True
PSI_01488,P_01488,MUMBAI_POLICE_CCTNS,SRC_P_01488,1.0,CANONICAL_ID,True
PSI_01489,P_01489,MUMBAI_POLICE_CCTNS,SRC_P_01489,1.0,CANONICAL_ID,True
PSI_01490,P_01490,MUMBAI_POLICE_CCTNS,SRC_P_01490,1.0,CANONICAL_ID,True
PSI_01491,P_01491,MUMBAI_POLICE_CCTNS,SRC_P_01491,1.0,CANONICAL_ID,True
PSI_01492,P_01492,MUMBAI_POLICE_CCTNS,SRC_P_01492,1.0,CANONICAL_ID,True
PSI_01493,P_01493,MUMBAI_POLICE_CCTNS,SRC_P_01493,1.0,CANONICAL_ID,True
PSI_01494,P_01494,MUMBAI_POLICE_CCTNS,SRC_P_01494,1.0,CANONICAL_ID,True
PSI_01495,P_01495,MUMBAI_POLICE_CCTNS,SRC_P_01495,1.0,CANONICAL_ID,True
PSI_01496,P_01496,MUMBAI_POLICE_CCTNS,SRC_P_01496,1.0,CANONICAL_ID,True
PSI_01497,P_01497,MUMBAI_POLICE_CCTNS,SRC_P_01497,1.0,CANONICAL_ID,True
PSI_01498,P_01498,MUMBAI_POLICE_CCTNS,SRC_P_01498,1.0,CANONICAL_ID,True
PSI_01499,P_01499,MUMBAI_POLICE_CCTNS,SRC_P_01499,1.0,CANONICAL_ID,True
PSI_01500,P_01500,MUMBAI_POLICE_CCTNS,SRC_P_01500,1.0,CANONICAL_ID,True
PSI_01501,P_01501,MUMBAI_POLICE_CCTNS,SRC_P_01501,1.0,CANONICAL_ID,True
PSI_01502,P_01502,MUMBAI_POLICE_CCTNS,SRC_P_01502,1.0,CANONICAL_ID,True
PSI_01503,P_01503,MUMBAI_POLICE_CCTNS,SRC_P_01503,1.0,CANONICAL_ID,True
PSI_01504,P_01504,MUMBAI_POLICE_CCTNS,SRC_P_01504,1.0,CANONICAL_ID,True
PSI_01505,P_01505,MUMBAI_POLICE_CCTNS,SRC_P_01505,1.0,CANONICAL_ID,True
PSI_01506,P_01506,MUMBAI_POLICE_CCTNS,SRC_P_01506,1.0,CANONICAL_ID,True
PSI_01507,P_01507,MUMBAI_POLICE_CCTNS,SRC_P_01507,1.0,CANONICAL_ID,True
PSI_01508,P_01508,MUMBAI_POLICE_CCTNS,SRC_P_01508,1.0,CANONICAL_ID,True
PSI_01509,P_01509,MUMBAI_POLICE_CCTNS,SRC_P_01509,1.0,CANONICAL_ID,True
PSI_01510,P_01510,MUMBAI_POLICE_CCTNS,SRC_P_01510,1.0,CANONICAL_ID,True
PSI_01511,P_01511,MUMBAI_POLICE_CCTNS,SRC_P_01511,1.0,CANONICAL_ID,True
PSI_01512,P_01512,MUMBAI_POLICE_CCTNS,SRC_P_01512,1.0,CANONICAL_ID,True
PSI_01513,P_01513,MUMBAI_POLICE_CCTNS,SRC_P_01513,1.0,CANONICAL_ID,True
PSI_01514,P_01514,MUMBAI_POLICE_CCTNS,SRC_P_01514,1.0,CANONICAL_ID,True
PSI_01515,P_01515,MUMBAI_POLICE_CCTNS,SRC_P_01515,1.0,CANONICAL_ID,True
PSI_01516,P_01516,MUMBAI_POLICE_CCTNS,SRC_P_01516,1.0,CANONICAL_ID,True
PSI_01517,P_01517,MUMBAI_POLICE_CCTNS,SRC_P_01517,1.0,CANONICAL_ID,True
PSI_01518,P_01518,MUMBAI_POLICE_CCTNS,SRC_P_01518,1.0,CANONICAL_ID,True
PSI_01519,P_01519,MUMBAI_POLICE_CCTNS,SRC_P_01519,1.0,CANONICAL_ID,True
PSI_01520,P_01520,MUMBAI_POLICE_CCTNS,SRC_P_01520,1.0,CANONICAL_ID,True
PSI_01521,P_01521,MUMBAI_POLICE_CCTNS,SRC_P_01521,1.0,CANONICAL_ID,True
PSI_01522,P_01522,MUMBAI_POLICE_CCTNS,SRC_P_01522,1.0,CANONICAL_ID,True
PSI_01523,P_01523,MUMBAI_POLICE_CCTNS,SRC_P_01523,1.0,CANONICAL_ID,True
PSI_01524,P_01524,MUMBAI_POLICE_CCTNS,SRC_P_01524,1.0,CANONICAL_ID,True
PSI_01525,P_01525,MUMBAI_POLICE_CCTNS,SRC_P_01525,1.0,CANONICAL_ID,True
PSI_01526,P_01526,MUMBAI_POLICE_CCTNS,SRC_P_01526,1.0,CANONICAL_ID,True
PSI_01527,P_01527,MUMBAI_POLICE_CCTNS,SRC_P_01527,1.0,CANONICAL_ID,True
PSI_01528,P_01528,MUMBAI_POLICE_CCTNS,SRC_P_01528,1.0,CANONICAL_ID,True
PSI_01529,P_01529,MUMBAI_POLICE_CCTNS,SRC_P_01529,1.0,CANONICAL_ID,True
PSI_01530,P_01530,MUMBAI_POLICE_CCTNS,SRC_P_01530,1.0,CANONICAL_ID,True
PSI_01531,P_01531,MUMBAI_POLICE_CCTNS,SRC_P_01531,1.0,CANONICAL_ID,True
PSI_01532,P_01532,MUMBAI_POLICE_CCTNS,SRC_P_01532,1.0,CANONICAL_ID,True
PSI_01533,P_01533,MUMBAI_POLICE_CCTNS,SRC_P_01533,1.0,CANONICAL_ID,True
PSI_01534,P_01534,MUMBAI_POLICE_CCTNS,SRC_P_01534,1.0,CANONICAL_ID,True
PSI_01535,P_01535,MUMBAI_POLICE_CCTNS,SRC_P_01535,1.0,CANONICAL_ID,True
PSI_01536,P_01536,MUMBAI_POLICE_CCTNS,SRC_P_01536,1.0,CANONICAL_ID,True
PSI_01537,P_01537,MUMBAI_POLICE_CCTNS,SRC_P_01537,1.0,CANONICAL_ID,True
PSI_01538,P_01538,MUMBAI_POLICE_CCTNS,SRC_P_01538,1.0,CANONICAL_ID,True
PSI_01539,P_01539,MUMBAI_POLICE_CCTNS,SRC_P_01539,1.0,CANONICAL_ID,True
PSI_01540,P_01540,MUMBAI_POLICE_CCTNS,SRC_P_01540,1.0,CANONICAL_ID,True
PSI_01541,P_01541,MUMBAI_POLICE_CCTNS,SRC_P_01541,1.0,CANONICAL_ID,True
PSI_01542,P_01542,MUMBAI_POLICE_CCTNS,SRC_P_01542,1.0,CANONICAL_ID,True
PSI_01543,P_01543,MUMBAI_POLICE_CCTNS,SRC_P_01543,1.0,CANONICAL_ID,True
PSI_01544,P_01544,MUMBAI_POLICE_CCTNS,SRC_P_01544,1.0,CANONICAL_ID,True
PSI_01545,P_01545,MUMBAI_POLICE_CCTNS,SRC_P_01545,1.0,CANONICAL_ID,True
PSI_01546,P_01546,MUMBAI_POLICE_CCTNS,SRC_P_01546,1.0,CANONICAL_ID,True
PSI_01547,P_01547,MUMBAI_POLICE_CCTNS,SRC_P_01547,1.0,CANONICAL_ID,True
PSI_01548,P_01548,MUMBAI_POLICE_CCTNS,SRC_P_01548,1.0,CANONICAL_ID,True
PSI_01549,P_01549,MUMBAI_POLICE_CCTNS,SRC_P_01549,1.0,CANONICAL_ID,True
PSI_01550,P_01550,MUMBAI_POLICE_CCTNS,SRC_P_01550,1.0,CANONICAL_ID,True
PSI_01551,P_01551,MUMBAI_POLICE_CCTNS,SRC_P_01551,1.0,CANONICAL_ID,True
PSI_01552,P_01552,MUMBAI_POLICE_CCTNS,SRC_P_01552,1.0,CANONICAL_ID,True
PSI_01553,P_01553,MUMBAI_POLICE_CCTNS,SRC_P_01553,1.0,CANONICAL_ID,True
PSI_01554,P_01554,MUMBAI_POLICE_CCTNS,SRC_P_01554,1.0,CANONICAL_ID,True
PSI_01555,P_01555,MUMBAI_POLICE_CCTNS,SRC_P_01555,1.0,CANONICAL_ID,True
PSI_01556,P_01556,MUMBAI_POLICE_CCTNS,SRC_P_01556,1.0,CANONICAL_ID,True
PSI_01557,P_01557,MUMBAI_POLICE_CCTNS,SRC_P_01557,1.0,CANONICAL_ID,True
PSI_01558,P_01558,MUMBAI_POLICE_CCTNS,SRC_P_01558,1.0,CANONICAL_ID,True
PSI_01559,P_01559,MUMBAI_POLICE_CCTNS,SRC_P_01559,1.0,CANONICAL_ID,True
PSI_01560,P_01560,MUMBAI_POLICE_CCTNS,SRC_P_01560,1.0,CANONICAL_ID,True
PSI_01561,P_01561,MUMBAI_POLICE_CCTNS,SRC_P_01561,1.0,CANONICAL_ID,True
PSI_01562,P_01562,MUMBAI_POLICE_CCTNS,SRC_P_01562,1.0,CANONICAL_ID,True
PSI_01563,P_01563,MUMBAI_POLICE_CCTNS,SRC_P_01563,1.0,CANONICAL_ID,True
PSI_01564,P_01564,MUMBAI_POLICE_CCTNS,SRC_P_01564,1.0,CANONICAL_ID,True
PSI_01565,P_01565,MUMBAI_POLICE_CCTNS,SRC_P_01565,1.0,CANONICAL_ID,True
PSI_01566,P_01566,MUMBAI_POLICE_CCTNS,SRC_P_01566,1.0,CANONICAL_ID,True
PSI_01567,P_01567,MUMBAI_POLICE_CCTNS,SRC_P_01567,1.0,CANONICAL_ID,True
PSI_01568,P_01568,MUMBAI_POLICE_CCTNS,SRC_P_01568,1.0,CANONICAL_ID,True
PSI_01569,P_01569,MUMBAI_POLICE_CCTNS,SRC_P_01569,1.0,CANONICAL_ID,True
PSI_01570,P_01570,MUMBAI_POLICE_CCTNS,SRC_P_01570,1.0,CANONICAL_ID,True
PSI_01571,P_01571,MUMBAI_POLICE_CCTNS,SRC_P_01571,1.0,CANONICAL_ID,True
PSI_01572,P_01572,MUMBAI_POLICE_CCTNS,SRC_P_01572,1.0,CANONICAL_ID,True
PSI_01573,P_01573,MUMBAI_POLICE_CCTNS,SRC_P_01573,1.0,CANONICAL_ID,True
PSI_01574,P_01574,MUMBAI_POLICE_CCTNS,SRC_P_01574,1.0,CANONICAL_ID,True
PSI_01575,P_01575,MUMBAI_POLICE_CCTNS,SRC_P_01575,1.0,CANONICAL_ID,True
PSI_01576,P_01576,MUMBAI_POLICE_CCTNS,SRC_P_01576,1.0,CANONICAL_ID,True
PSI_01577,P_01577,MUMBAI_POLICE_CCTNS,SRC_P_01577,1.0,CANONICAL_ID,True
PSI_01578,P_01578,MUMBAI_POLICE_CCTNS,SRC_P_01578,1.0,CANONICAL_ID,True
PSI_01579,P_01579,MUMBAI_POLICE_CCTNS,SRC_P_01579,1.0,CANONICAL_ID,True
PSI_01580,P_01580,MUMBAI_POLICE_CCTNS,SRC_P_01580,1.0,CANONICAL_ID,True
PSI_01581,P_01581,MUMBAI_POLICE_CCTNS,SRC_P_01581,1.0,CANONICAL_ID,True
PSI_01582,P_01582,MUMBAI_POLICE_CCTNS,SRC_P_01582,1.0,CANONICAL_ID,True
PSI_01583,P_01583,MUMBAI_POLICE_CCTNS,SRC_P_01583,1.0,CANONICAL_ID,True
PSI_01584,P_01584,MUMBAI_POLICE_CCTNS,SRC_P_01584,1.0,CANONICAL_ID,True
PSI_01585,P_01585,MUMBAI_POLICE_CCTNS,SRC_P_01585,1.0,CANONICAL_ID,True
PSI_01586,P_01586,MUMBAI_POLICE_CCTNS,SRC_P_01586,1.0,CANONICAL_ID,True
PSI_01587,P_01587,MUMBAI_POLICE_CCTNS,SRC_P_01587,1.0,CANONICAL_ID,True
PSI_01588,P_01588,MUMBAI_POLICE_CCTNS,SRC_P_01588,1.0,CANONICAL_ID,True
PSI_01589,P_01589,MUMBAI_POLICE_CCTNS,SRC_P_01589,1.0,CANONICAL_ID,True
PSI_01590,P_01590,MUMBAI_POLICE_CCTNS,SRC_P_01590,1.0,CANONICAL_ID,True
PSI_01591,P_01591,MUMBAI_POLICE_CCTNS,SRC_P_01591,1.0,CANONICAL_ID,True
PSI_01592,P_01592,MUMBAI_POLICE_CCTNS,SRC_P_01592,1.0,CANONICAL_ID,True
PSI_01593,P_01593,MUMBAI_POLICE_CCTNS,SRC_P_01593,1.0,CANONICAL_ID,True
PSI_01594,P_01594,MUMBAI_POLICE_CCTNS,SRC_P_01594,1.0,CANONICAL_ID,True
PSI_01595,P_01595,MUMBAI_POLICE_CCTNS,SRC_P_01595,1.0,CANONICAL_ID,True
PSI_01596,P_01596,MUMBAI_POLICE_CCTNS,SRC_P_01596,1.0,CANONICAL_ID,True
PSI_01597,P_01597,MUMBAI_POLICE_CCTNS,SRC_P_01597,1.0,CANONICAL_ID,True
PSI_01598,P_01598,MUMBAI_POLICE_CCTNS,SRC_P_01598,1.0,CANONICAL_ID,True
PSI_01599,P_01599,MUMBAI_POLICE_CCTNS,SRC_P_01599,1.0,CANONICAL_ID,True
PSI_01600,P_01600,MUMBAI_POLICE_CCTNS,SRC_P_01600,1.0,CANONICAL_ID,True
PSI_01601,P_01601,MUMBAI_POLICE_CCTNS,SRC_P_01601,1.0,CANONICAL_ID,True
PSI_01602,P_01602,MUMBAI_POLICE_CCTNS,SRC_P_01602,1.0,CANONICAL_ID,True
PSI_01603,P_01603,MUMBAI_POLICE_CCTNS,SRC_P_01603,1.0,CANONICAL_ID,True
PSI_01604,P_01604,MUMBAI_POLICE_CCTNS,SRC_P_01604,1.0,CANONICAL_ID,True
PSI_01605,P_01605,MUMBAI_POLICE_CCTNS,SRC_P_01605,1.0,CANONICAL_ID,True
PSI_01606,P_01606,MUMBAI_POLICE_CCTNS,SRC_P_01606,1.0,CANONICAL_ID,True
PSI_01607,P_01607,MUMBAI_POLICE_CCTNS,SRC_P_01607,1.0,CANONICAL_ID,True
PSI_01608,P_01608,MUMBAI_POLICE_CCTNS,SRC_P_01608,1.0,CANONICAL_ID,True
PSI_01609,P_01609,MUMBAI_POLICE_CCTNS,SRC_P_01609,1.0,CANONICAL_ID,True
PSI_01610,P_01610,MUMBAI_POLICE_CCTNS,SRC_P_01610,1.0,CANONICAL_ID,True
PSI_01611,P_01611,MUMBAI_POLICE_CCTNS,SRC_P_01611,1.0,CANONICAL_ID,True
PSI_01612,P_01612,MUMBAI_POLICE_CCTNS,SRC_P_01612,1.0,CANONICAL_ID,True
PSI_01613,P_01613,MUMBAI_POLICE_CCTNS,SRC_P_01613,1.0,CANONICAL_ID,True
PSI_01614,P_01614,MUMBAI_POLICE_CCTNS,SRC_P_01614,1.0,CANONICAL_ID,True
PSI_01615,P_01615,MUMBAI_POLICE_CCTNS,SRC_P_01615,1.0,CANONICAL_ID,True
PSI_01616,P_01616,MUMBAI_POLICE_CCTNS,SRC_P_01616,1.0,CANONICAL_ID,True
PSI_01617,P_01617,MUMBAI_POLICE_CCTNS,SRC_P_01617,1.0,CANONICAL_ID,True
PSI_01618,P_01618,MUMBAI_POLICE_CCTNS,SRC_P_01618,1.0,CANONICAL_ID,True
PSI_01619,P_01619,MUMBAI_POLICE_CCTNS,SRC_P_01619,1.0,CANONICAL_ID,True
PSI_01620,P_01620,MUMBAI_POLICE_CCTNS,SRC_P_01620,1.0,CANONICAL_ID,True
PSI_01621,P_01621,MUMBAI_POLICE_CCTNS,SRC_P_01621,1.0,CANONICAL_ID,True
PSI_01622,P_01622,MUMBAI_POLICE_CCTNS,SRC_P_01622,1.0,CANONICAL_ID,True
PSI_01623,P_01623,MUMBAI_POLICE_CCTNS,SRC_P_01623,1.0,CANONICAL_ID,True
PSI_01624,P_01624,MUMBAI_POLICE_CCTNS,SRC_P_01624,1.0,CANONICAL_ID,True
PSI_01625,P_01625,MUMBAI_POLICE_CCTNS,SRC_P_01625,1.0,CANONICAL_ID,True
PSI_01626,P_01626,MUMBAI_POLICE_CCTNS,SRC_P_01626,1.0,CANONICAL_ID,True
PSI_01627,P_01627,MUMBAI_POLICE_CCTNS,SRC_P_01627,1.0,CANONICAL_ID,True
PSI_01628,P_01628,MUMBAI_POLICE_CCTNS,SRC_P_01628,1.0,CANONICAL_ID,True
PSI_01629,P_01629,MUMBAI_POLICE_CCTNS,SRC_P_01629,1.0,CANONICAL_ID,True
PSI_01630,P_01630,MUMBAI_POLICE_CCTNS,SRC_P_01630,1.0,CANONICAL_ID,True
PSI_01631,P_01631,MUMBAI_POLICE_CCTNS,SRC_P_01631,1.0,CANONICAL_ID,True
PSI_01632,P_01632,MUMBAI_POLICE_CCTNS,SRC_P_01632,1.0,CANONICAL_ID,True
PSI_01633,P_01633,MUMBAI_POLICE_CCTNS,SRC_P_01633,1.0,CANONICAL_ID,True
PSI_01634,P_01634,MUMBAI_POLICE_CCTNS,SRC_P_01634,1.0,CANONICAL_ID,True
PSI_01635,P_01635,MUMBAI_POLICE_CCTNS,SRC_P_01635,1.0,CANONICAL_ID,True
PSI_01636,P_01636,MUMBAI_POLICE_CCTNS,SRC_P_01636,1.0,CANONICAL_ID,True
PSI_01637,P_01637,MUMBAI_POLICE_CCTNS,SRC_P_01637,1.0,CANONICAL_ID,True
PSI_01638,P_01638,MUMBAI_POLICE_CCTNS,SRC_P_01638,1.0,CANONICAL_ID,True
PSI_01639,P_01639,MUMBAI_POLICE_CCTNS,SRC_P_01639,1.0,CANONICAL_ID,True
PSI_01640,P_01640,MUMBAI_POLICE_CCTNS,SRC_P_01640,1.0,CANONICAL_ID,True
PSI_01641,P_01641,MUMBAI_POLICE_CCTNS,SRC_P_01641,1.0,CANONICAL_ID,True
PSI_01642,P_01642,MUMBAI_POLICE_CCTNS,SRC_P_01642,1.0,CANONICAL_ID,True
PSI_01643,P_01643,MUMBAI_POLICE_CCTNS,SRC_P_01643,1.0,CANONICAL_ID,True
PSI_01644,P_01644,MUMBAI_POLICE_CCTNS,SRC_P_01644,1.0,CANONICAL_ID,True
PSI_01645,P_01645,MUMBAI_POLICE_CCTNS,SRC_P_01645,1.0,CANONICAL_ID,True
PSI_01646,P_01646,MUMBAI_POLICE_CCTNS,SRC_P_01646,1.0,CANONICAL_ID,True
PSI_01647,P_01647,MUMBAI_POLICE_CCTNS,SRC_P_01647,1.0,CANONICAL_ID,True
PSI_01648,P_01648,MUMBAI_POLICE_CCTNS,SRC_P_01648,1.0,CANONICAL_ID,True
PSI_01649,P_01649,MUMBAI_POLICE_CCTNS,SRC_P_01649,1.0,CANONICAL_ID,True
PSI_01650,P_01650,MUMBAI_POLICE_CCTNS,SRC_P_01650,1.0,CANONICAL_ID,True
PSI_01651,P_01651,MUMBAI_POLICE_CCTNS,SRC_P_01651,1.0,CANONICAL_ID,True
PSI_01652,P_01652,MUMBAI_POLICE_CCTNS,SRC_P_01652,1.0,CANONICAL_ID,True
PSI_01653,P_01653,MUMBAI_POLICE_CCTNS,SRC_P_01653,1.0,CANONICAL_ID,True
PSI_01654,P_01654,MUMBAI_POLICE_CCTNS,SRC_P_01654,1.0,CANONICAL_ID,True
PSI_01655,P_01655,MUMBAI_POLICE_CCTNS,SRC_P_01655,1.0,CANONICAL_ID,True
PSI_01656,P_01656,MUMBAI_POLICE_CCTNS,SRC_P_01656,1.0,CANONICAL_ID,True
PSI_01657,P_01657,MUMBAI_POLICE_CCTNS,SRC_P_01657,1.0,CANONICAL_ID,True
PSI_01658,P_01658,MUMBAI_POLICE_CCTNS,SRC_P_01658,1.0,CANONICAL_ID,True
PSI_01659,P_01659,MUMBAI_POLICE_CCTNS,SRC_P_01659,1.0,CANONICAL_ID,True
PSI_01660,P_01660,MUMBAI_POLICE_CCTNS,SRC_P_01660,1.0,CANONICAL_ID,True
PSI_01661,P_01661,MUMBAI_POLICE_CCTNS,SRC_P_01661,1.0,CANONICAL_ID,True
PSI_01662,P_01662,MUMBAI_POLICE_CCTNS,SRC_P_01662,1.0,CANONICAL_ID,True
PSI_01663,P_01663,MUMBAI_POLICE_CCTNS,SRC_P_01663,1.0,CANONICAL_ID,True
PSI_01664,P_01664,MUMBAI_POLICE_CCTNS,SRC_P_01664,1.0,CANONICAL_ID,True
PSI_01665,P_01665,MUMBAI_POLICE_CCTNS,SRC_P_01665,1.0,CANONICAL_ID,True
PSI_01666,P_01666,MUMBAI_POLICE_CCTNS,SRC_P_01666,1.0,CANONICAL_ID,True
PSI_01667,P_01667,MUMBAI_POLICE_CCTNS,SRC_P_01667,1.0,CANONICAL_ID,True
PSI_01668,P_01668,MUMBAI_POLICE_CCTNS,SRC_P_01668,1.0,CANONICAL_ID,True
PSI_01669,P_01669,MUMBAI_POLICE_CCTNS,SRC_P_01669,1.0,CANONICAL_ID,True
PSI_01670,P_01670,MUMBAI_POLICE_CCTNS,SRC_P_01670,1.0,CANONICAL_ID,True
PSI_01671,P_01671,MUMBAI_POLICE_CCTNS,SRC_P_01671,1.0,CANONICAL_ID,True
PSI_01672,P_01672,MUMBAI_POLICE_CCTNS,SRC_P_01672,1.0,CANONICAL_ID,True
PSI_01673,P_01673,MUMBAI_POLICE_CCTNS,SRC_P_01673,1.0,CANONICAL_ID,True
PSI_01674,P_01674,MUMBAI_POLICE_CCTNS,SRC_P_01674,1.0,CANONICAL_ID,True
PSI_01675,P_01675,MUMBAI_POLICE_CCTNS,SRC_P_01675,1.0,CANONICAL_ID,True
PSI_01676,P_01676,MUMBAI_POLICE_CCTNS,SRC_P_01676,1.0,CANONICAL_ID,True
PSI_01677,P_01677,MUMBAI_POLICE_CCTNS,SRC_P_01677,1.0,CANONICAL_ID,True
PSI_01678,P_01678,MUMBAI_POLICE_CCTNS,SRC_P_01678,1.0,CANONICAL_ID,True
PSI_01679,P_01679,MUMBAI_POLICE_CCTNS,SRC_P_01679,1.0,CANONICAL_ID,True
PSI_01680,P_01680,MUMBAI_POLICE_CCTNS,SRC_P_01680,1.0,CANONICAL_ID,True
PSI_01681,P_01681,MUMBAI_POLICE_CCTNS,SRC_P_01681,1.0,CANONICAL_ID,True
PSI_01682,P_01682,MUMBAI_POLICE_CCTNS,SRC_P_01682,1.0,CANONICAL_ID,True
PSI_01683,P_01683,MUMBAI_POLICE_CCTNS,SRC_P_01683,1.0,CANONICAL_ID,True
PSI_01684,P_01684,MUMBAI_POLICE_CCTNS,SRC_P_01684,1.0,CANONICAL_ID,True
PSI_01685,P_01685,MUMBAI_POLICE_CCTNS,SRC_P_01685,1.0,CANONICAL_ID,True
PSI_01686,P_01686,MUMBAI_POLICE_CCTNS,SRC_P_01686,1.0,CANONICAL_ID,True
PSI_01687,P_01687,MUMBAI_POLICE_CCTNS,SRC_P_01687,1.0,CANONICAL_ID,True
PSI_01688,P_01688,MUMBAI_POLICE_CCTNS,SRC_P_01688,1.0,CANONICAL_ID,True
PSI_01689,P_01689,MUMBAI_POLICE_CCTNS,SRC_P_01689,1.0,CANONICAL_ID,True
PSI_01690,P_01690,MUMBAI_POLICE_CCTNS,SRC_P_01690,1.0,CANONICAL_ID,True
PSI_01691,P_01691,MUMBAI_POLICE_CCTNS,SRC_P_01691,1.0,CANONICAL_ID,True
PSI_01692,P_01692,MUMBAI_POLICE_CCTNS,SRC_P_01692,1.0,CANONICAL_ID,True
PSI_01693,P_01693,MUMBAI_POLICE_CCTNS,SRC_P_01693,1.0,CANONICAL_ID,True
PSI_01694,P_01694,MUMBAI_POLICE_CCTNS,SRC_P_01694,1.0,CANONICAL_ID,True
PSI_01695,P_01695,MUMBAI_POLICE_CCTNS,SRC_P_01695,1.0,CANONICAL_ID,True
PSI_01696,P_01696,MUMBAI_POLICE_CCTNS,SRC_P_01696,1.0,CANONICAL_ID,True
PSI_01697,P_01697,MUMBAI_POLICE_CCTNS,SRC_P_01697,1.0,CANONICAL_ID,True
PSI_01698,P_01698,MUMBAI_POLICE_CCTNS,SRC_P_01698,1.0,CANONICAL_ID,True
PSI_01699,P_01699,MUMBAI_POLICE_CCTNS,SRC_P_01699,1.0,CANONICAL_ID,True
PSI_01700,P_01700,MUMBAI_POLICE_CCTNS,SRC_P_01700,1.0,CANONICAL_ID,True
PSI_01701,P_01701,MUMBAI_POLICE_CCTNS,SRC_P_01701,1.0,CANONICAL_ID,True
PSI_01702,P_01702,MUMBAI_POLICE_CCTNS,SRC_P_01702,1.0,CANONICAL_ID,True
PSI_01703,P_01703,MUMBAI_POLICE_CCTNS,SRC_P_01703,1.0,CANONICAL_ID,True
PSI_01704,P_01704,MUMBAI_POLICE_CCTNS,SRC_P_01704,1.0,CANONICAL_ID,True
PSI_01705,P_01705,MUMBAI_POLICE_CCTNS,SRC_P_01705,1.0,CANONICAL_ID,True
PSI_01706,P_01706,MUMBAI_POLICE_CCTNS,SRC_P_01706,1.0,CANONICAL_ID,True
PSI_01707,P_01707,MUMBAI_POLICE_CCTNS,SRC_P_01707,1.0,CANONICAL_ID,True
PSI_01708,P_01708,MUMBAI_POLICE_CCTNS,SRC_P_01708,1.0,CANONICAL_ID,True
PSI_01709,P_01709,MUMBAI_POLICE_CCTNS,SRC_P_01709,1.0,CANONICAL_ID,True
PSI_01710,P_01710,MUMBAI_POLICE_CCTNS,SRC_P_01710,1.0,CANONICAL_ID,True
PSI_01711,P_01711,MUMBAI_POLICE_CCTNS,SRC_P_01711,1.0,CANONICAL_ID,True
PSI_01712,P_01712,MUMBAI_POLICE_CCTNS,SRC_P_01712,1.0,CANONICAL_ID,True
PSI_01713,P_01713,MUMBAI_POLICE_CCTNS,SRC_P_01713,1.0,CANONICAL_ID,True
PSI_01714,P_01714,MUMBAI_POLICE_CCTNS,SRC_P_01714,1.0,CANONICAL_ID,True
PSI_01715,P_01715,MUMBAI_POLICE_CCTNS,SRC_P_01715,1.0,CANONICAL_ID,True
PSI_01716,P_01716,MUMBAI_POLICE_CCTNS,SRC_P_01716,1.0,CANONICAL_ID,True
PSI_01717,P_01717,MUMBAI_POLICE_CCTNS,SRC_P_01717,1.0,CANONICAL_ID,True
PSI_01718,P_01718,MUMBAI_POLICE_CCTNS,SRC_P_01718,1.0,CANONICAL_ID,True
PSI_01719,P_01719,MUMBAI_POLICE_CCTNS,SRC_P_01719,1.0,CANONICAL_ID,True
PSI_01720,P_01720,MUMBAI_POLICE_CCTNS,SRC_P_01720,1.0,CANONICAL_ID,True
PSI_01721,P_01721,MUMBAI_POLICE_CCTNS,SRC_P_01721,1.0,CANONICAL_ID,True
PSI_01722,P_01722,MUMBAI_POLICE_CCTNS,SRC_P_01722,1.0,CANONICAL_ID,True
PSI_01723,P_01723,MUMBAI_POLICE_CCTNS,SRC_P_01723,1.0,CANONICAL_ID,True
PSI_01724,P_01724,MUMBAI_POLICE_CCTNS,SRC_P_01724,1.0,CANONICAL_ID,True
PSI_01725,P_01725,MUMBAI_POLICE_CCTNS,SRC_P_01725,1.0,CANONICAL_ID,True
PSI_01726,P_01726,MUMBAI_POLICE_CCTNS,SRC_P_01726,1.0,CANONICAL_ID,True
PSI_01727,P_01727,MUMBAI_POLICE_CCTNS,SRC_P_01727,1.0,CANONICAL_ID,True
PSI_01728,P_01728,MUMBAI_POLICE_CCTNS,SRC_P_01728,1.0,CANONICAL_ID,True
PSI_01729,P_01729,MUMBAI_POLICE_CCTNS,SRC_P_01729,1.0,CANONICAL_ID,True
PSI_01730,P_01730,MUMBAI_POLICE_CCTNS,SRC_P_01730,1.0,CANONICAL_ID,True
PSI_01731,P_01731,MUMBAI_POLICE_CCTNS,SRC_P_01731,1.0,CANONICAL_ID,True
PSI_01732,P_01732,MUMBAI_POLICE_CCTNS,SRC_P_01732,1.0,CANONICAL_ID,True
PSI_01733,P_01733,MUMBAI_POLICE_CCTNS,SRC_P_01733,1.0,CANONICAL_ID,True
PSI_01734,P_01734,MUMBAI_POLICE_CCTNS,SRC_P_01734,1.0,CANONICAL_ID,True
PSI_01735,P_01735,MUMBAI_POLICE_CCTNS,SRC_P_01735,1.0,CANONICAL_ID,True
PSI_01736,P_01736,MUMBAI_POLICE_CCTNS,SRC_P_01736,1.0,CANONICAL_ID,True
PSI_01737,P_01737,MUMBAI_POLICE_CCTNS,SRC_P_01737,1.0,CANONICAL_ID,True
PSI_01738,P_01738,MUMBAI_POLICE_CCTNS,SRC_P_01738,1.0,CANONICAL_ID,True
PSI_01739,P_01739,MUMBAI_POLICE_CCTNS,SRC_P_01739,1.0,CANONICAL_ID,True
PSI_01740,P_01740,MUMBAI_POLICE_CCTNS,SRC_P_01740,1.0,CANONICAL_ID,True
PSI_01741,P_01741,MUMBAI_POLICE_CCTNS,SRC_P_01741,1.0,CANONICAL_ID,True
PSI_01742,P_01742,MUMBAI_POLICE_CCTNS,SRC_P_01742,1.0,CANONICAL_ID,True
PSI_01743,P_01743,MUMBAI_POLICE_CCTNS,SRC_P_01743,1.0,CANONICAL_ID,True
PSI_01744,P_01744,MUMBAI_POLICE_CCTNS,SRC_P_01744,1.0,CANONICAL_ID,True
PSI_01745,P_01745,MUMBAI_POLICE_CCTNS,SRC_P_01745,1.0,CANONICAL_ID,True
PSI_01746,P_01746,MUMBAI_POLICE_CCTNS,SRC_P_01746,1.0,CANONICAL_ID,True
PSI_01747,P_01747,MUMBAI_POLICE_CCTNS,SRC_P_01747,1.0,CANONICAL_ID,True
PSI_01748,P_01748,MUMBAI_POLICE_CCTNS,SRC_P_01748,1.0,CANONICAL_ID,True
PSI_01749,P_01749,MUMBAI_POLICE_CCTNS,SRC_P_01749,1.0,CANONICAL_ID,True
PSI_01750,P_01750,MUMBAI_POLICE_CCTNS,SRC_P_01750,1.0,CANONICAL_ID,True
PSI_01751,P_01751,MUMBAI_POLICE_CCTNS,SRC_P_01751,1.0,CANONICAL_ID,True
PSI_01752,P_01752,MUMBAI_POLICE_CCTNS,SRC_P_01752,1.0,CANONICAL_ID,True
PSI_01753,P_01753,MUMBAI_POLICE_CCTNS,SRC_P_01753,1.0,CANONICAL_ID,True
PSI_01754,P_01754,MUMBAI_POLICE_CCTNS,SRC_P_01754,1.0,CANONICAL_ID,True
PSI_01755,P_01755,MUMBAI_POLICE_CCTNS,SRC_P_01755,1.0,CANONICAL_ID,True
PSI_01756,P_01756,MUMBAI_POLICE_CCTNS,SRC_P_01756,1.0,CANONICAL_ID,True
PSI_01757,P_01757,MUMBAI_POLICE_CCTNS,SRC_P_01757,1.0,CANONICAL_ID,True
PSI_01758,P_01758,MUMBAI_POLICE_CCTNS,SRC_P_01758,1.0,CANONICAL_ID,True
PSI_01759,P_01759,MUMBAI_POLICE_CCTNS,SRC_P_01759,1.0,CANONICAL_ID,True
PSI_01760,P_01760,MUMBAI_POLICE_CCTNS,SRC_P_01760,1.0,CANONICAL_ID,True
PSI_01761,P_01761,MUMBAI_POLICE_CCTNS,SRC_P_01761,1.0,CANONICAL_ID,True
PSI_01762,P_01762,MUMBAI_POLICE_CCTNS,SRC_P_01762,1.0,CANONICAL_ID,True
PSI_01763,P_01763,MUMBAI_POLICE_CCTNS,SRC_P_01763,1.0,CANONICAL_ID,True
PSI_01764,P_01764,MUMBAI_POLICE_CCTNS,SRC_P_01764,1.0,CANONICAL_ID,True
PSI_01765,P_01765,MUMBAI_POLICE_CCTNS,SRC_P_01765,1.0,CANONICAL_ID,True
PSI_01766,P_01766,MUMBAI_POLICE_CCTNS,SRC_P_01766,1.0,CANONICAL_ID,True
PSI_01767,P_01767,MUMBAI_POLICE_CCTNS,SRC_P_01767,1.0,CANONICAL_ID,True
PSI_01768,P_01768,MUMBAI_POLICE_CCTNS,SRC_P_01768,1.0,CANONICAL_ID,True
PSI_01769,P_01769,MUMBAI_POLICE_CCTNS,SRC_P_01769,1.0,CANONICAL_ID,True
PSI_01770,P_01770,MUMBAI_POLICE_CCTNS,SRC_P_01770,1.0,CANONICAL_ID,True
PSI_01771,P_01771,MUMBAI_POLICE_CCTNS,SRC_P_01771,1.0,CANONICAL_ID,True
PSI_01772,P_01772,MUMBAI_POLICE_CCTNS,SRC_P_01772,1.0,CANONICAL_ID,True
PSI_01773,P_01773,MUMBAI_POLICE_CCTNS,SRC_P_01773,1.0,CANONICAL_ID,True
PSI_01774,P_01774,MUMBAI_POLICE_CCTNS,SRC_P_01774,1.0,CANONICAL_ID,True
PSI_01775,P_01775,MUMBAI_POLICE_CCTNS,SRC_P_01775,1.0,CANONICAL_ID,True
PSI_01776,P_01776,MUMBAI_POLICE_CCTNS,SRC_P_01776,1.0,CANONICAL_ID,True
PSI_01777,P_01777,MUMBAI_POLICE_CCTNS,SRC_P_01777,1.0,CANONICAL_ID,True
PSI_01778,P_01778,MUMBAI_POLICE_CCTNS,SRC_P_01778,1.0,CANONICAL_ID,True
PSI_01779,P_01779,MUMBAI_POLICE_CCTNS,SRC_P_01779,1.0,CANONICAL_ID,True
PSI_01780,P_01780,MUMBAI_POLICE_CCTNS,SRC_P_01780,1.0,CANONICAL_ID,True
PSI_01781,P_01781,MUMBAI_POLICE_CCTNS,SRC_P_01781,1.0,CANONICAL_ID,True
PSI_01782,P_01782,MUMBAI_POLICE_CCTNS,SRC_P_01782,1.0,CANONICAL_ID,True
PSI_01783,P_01783,MUMBAI_POLICE_CCTNS,SRC_P_01783,1.0,CANONICAL_ID,True
PSI_01784,P_01784,MUMBAI_POLICE_CCTNS,SRC_P_01784,1.0,CANONICAL_ID,True
PSI_01785,P_01785,MUMBAI_POLICE_CCTNS,SRC_P_01785,1.0,CANONICAL_ID,True
PSI_01786,P_01786,MUMBAI_POLICE_CCTNS,SRC_P_01786,1.0,CANONICAL_ID,True
PSI_01787,P_01787,MUMBAI_POLICE_CCTNS,SRC_P_01787,1.0,CANONICAL_ID,True
PSI_01788,P_01788,MUMBAI_POLICE_CCTNS,SRC_P_01788,1.0,CANONICAL_ID,True
PSI_01789,P_01789,MUMBAI_POLICE_CCTNS,SRC_P_01789,1.0,CANONICAL_ID,True
PSI_01790,P_01790,MUMBAI_POLICE_CCTNS,SRC_P_01790,1.0,CANONICAL_ID,True
PSI_01791,P_01791,MUMBAI_POLICE_CCTNS,SRC_P_01791,1.0,CANONICAL_ID,True
PSI_01792,P_01792,MUMBAI_POLICE_CCTNS,SRC_P_01792,1.0,CANONICAL_ID,True
PSI_01793,P_01793,MUMBAI_POLICE_CCTNS,SRC_P_01793,1.0,CANONICAL_ID,True
PSI_01794,P_01794,MUMBAI_POLICE_CCTNS,SRC_P_01794,1.0,CANONICAL_ID,True
PSI_01795,P_01795,MUMBAI_POLICE_CCTNS,SRC_P_01795,1.0,CANONICAL_ID,True
PSI_01796,P_01796,MUMBAI_POLICE_CCTNS,SRC_P_01796,1.0,CANONICAL_ID,True
PSI_01797,P_01797,MUMBAI_POLICE_CCTNS,SRC_P_01797,1.0,CANONICAL_ID,True
PSI_01798,P_01798,MUMBAI_POLICE_CCTNS,SRC_P_01798,1.0,CANONICAL_ID,True
PSI_01799,P_01799,MUMBAI_POLICE_CCTNS,SRC_P_01799,1.0,CANONICAL_ID,True
PSI_01800,P_01800,MUMBAI_POLICE_CCTNS,SRC_P_01800,1.0,CANONICAL_ID,True
PSI_01801,P_01801,MUMBAI_POLICE_CCTNS,SRC_P_01801,1.0,CANONICAL_ID,True
PSI_01802,P_01802,MUMBAI_POLICE_CCTNS,SRC_P_01802,1.0,CANONICAL_ID,True
PSI_01803,P_01803,MUMBAI_POLICE_CCTNS,SRC_P_01803,1.0,CANONICAL_ID,True
PSI_01804,P_01804,MUMBAI_POLICE_CCTNS,SRC_P_01804,1.0,CANONICAL_ID,True
PSI_01805,P_01805,MUMBAI_POLICE_CCTNS,SRC_P_01805,1.0,CANONICAL_ID,True
PSI_01806,P_01806,MUMBAI_POLICE_CCTNS,SRC_P_01806,1.0,CANONICAL_ID,True
PSI_01807,P_01807,MUMBAI_POLICE_CCTNS,SRC_P_01807,1.0,CANONICAL_ID,True
PSI_01808,P_01808,MUMBAI_POLICE_CCTNS,SRC_P_01808,1.0,CANONICAL_ID,True
PSI_01809,P_01809,MUMBAI_POLICE_CCTNS,SRC_P_01809,1.0,CANONICAL_ID,True
PSI_01810,P_01810,MUMBAI_POLICE_CCTNS,SRC_P_01810,1.0,CANONICAL_ID,True
PSI_01811,P_01811,MUMBAI_POLICE_CCTNS,SRC_P_01811,1.0,CANONICAL_ID,True
PSI_01812,P_01812,MUMBAI_POLICE_CCTNS,SRC_P_01812,1.0,CANONICAL_ID,True
PSI_01813,P_01813,MUMBAI_POLICE_CCTNS,SRC_P_01813,1.0,CANONICAL_ID,True
PSI_01814,P_01814,MUMBAI_POLICE_CCTNS,SRC_P_01814,1.0,CANONICAL_ID,True
PSI_01815,P_01815,MUMBAI_POLICE_CCTNS,SRC_P_01815,1.0,CANONICAL_ID,True
PSI_01816,P_01816,MUMBAI_POLICE_CCTNS,SRC_P_01816,1.0,CANONICAL_ID,True
PSI_01817,P_01817,MUMBAI_POLICE_CCTNS,SRC_P_01817,1.0,CANONICAL_ID,True
PSI_01818,P_01818,MUMBAI_POLICE_CCTNS,SRC_P_01818,1.0,CANONICAL_ID,True
PSI_01819,P_01819,MUMBAI_POLICE_CCTNS,SRC_P_01819,1.0,CANONICAL_ID,True
PSI_01820,P_01820,MUMBAI_POLICE_CCTNS,SRC_P_01820,1.0,CANONICAL_ID,True
PSI_01821,P_01821,MUMBAI_POLICE_CCTNS,SRC_P_01821,1.0,CANONICAL_ID,True
PSI_01822,P_01822,MUMBAI_POLICE_CCTNS,SRC_P_01822,1.0,CANONICAL_ID,True
PSI_01823,P_01823,MUMBAI_POLICE_CCTNS,SRC_P_01823,1.0,CANONICAL_ID,True
PSI_01824,P_01824,MUMBAI_POLICE_CCTNS,SRC_P_01824,1.0,CANONICAL_ID,True
PSI_01825,P_01825,MUMBAI_POLICE_CCTNS,SRC_P_01825,1.0,CANONICAL_ID,True
PSI_01826,P_01826,MUMBAI_POLICE_CCTNS,SRC_P_01826,1.0,CANONICAL_ID,True
PSI_01827,P_01827,MUMBAI_POLICE_CCTNS,SRC_P_01827,1.0,CANONICAL_ID,True
PSI_01828,P_01828,MUMBAI_POLICE_CCTNS,SRC_P_01828,1.0,CANONICAL_ID,True
PSI_01829,P_01829,MUMBAI_POLICE_CCTNS,SRC_P_01829,1.0,CANONICAL_ID,True
PSI_01830,P_01830,MUMBAI_POLICE_CCTNS,SRC_P_01830,1.0,CANONICAL_ID,True
PSI_01831,P_01831,MUMBAI_POLICE_CCTNS,SRC_P_01831,1.0,CANONICAL_ID,True
PSI_01832,P_01832,MUMBAI_POLICE_CCTNS,SRC_P_01832,1.0,CANONICAL_ID,True
PSI_01833,P_01833,MUMBAI_POLICE_CCTNS,SRC_P_01833,1.0,CANONICAL_ID,True
PSI_01834,P_01834,MUMBAI_POLICE_CCTNS,SRC_P_01834,1.0,CANONICAL_ID,True
PSI_01835,P_01835,MUMBAI_POLICE_CCTNS,SRC_P_01835,1.0,CANONICAL_ID,True
PSI_01836,P_01836,MUMBAI_POLICE_CCTNS,SRC_P_01836,1.0,CANONICAL_ID,True
PSI_01837,P_01837,MUMBAI_POLICE_CCTNS,SRC_P_01837,1.0,CANONICAL_ID,True
PSI_01838,P_01838,MUMBAI_POLICE_CCTNS,SRC_P_01838,1.0,CANONICAL_ID,True
PSI_01839,P_01839,MUMBAI_POLICE_CCTNS,SRC_P_01839,1.0,CANONICAL_ID,True
PSI_01840,P_01840,MUMBAI_POLICE_CCTNS,SRC_P_01840,1.0,CANONICAL_ID,True
PSI_01841,P_01841,MUMBAI_POLICE_CCTNS,SRC_P_01841,1.0,CANONICAL_ID,True
PSI_01842,P_01842,MUMBAI_POLICE_CCTNS,SRC_P_01842,1.0,CANONICAL_ID,True
PSI_01843,P_01843,MUMBAI_POLICE_CCTNS,SRC_P_01843,1.0,CANONICAL_ID,True
PSI_01844,P_01844,MUMBAI_POLICE_CCTNS,SRC_P_01844,1.0,CANONICAL_ID,True
PSI_01845,P_01845,MUMBAI_POLICE_CCTNS,SRC_P_01845,1.0,CANONICAL_ID,True
PSI_01846,P_01846,MUMBAI_POLICE_CCTNS,SRC_P_01846,1.0,CANONICAL_ID,True
PSI_01847,P_01847,MUMBAI_POLICE_CCTNS,SRC_P_01847,1.0,CANONICAL_ID,True
PSI_01848,P_01848,MUMBAI_POLICE_CCTNS,SRC_P_01848,1.0,CANONICAL_ID,True
PSI_01849,P_01849,MUMBAI_POLICE_CCTNS,SRC_P_01849,1.0,CANONICAL_ID,True
PSI_01850,P_01850,MUMBAI_POLICE_CCTNS,SRC_P_01850,1.0,CANONICAL_ID,True
PSI_01851,P_01851,MUMBAI_POLICE_CCTNS,SRC_P_01851,1.0,CANONICAL_ID,True
PSI_01852,P_01852,MUMBAI_POLICE_CCTNS,SRC_P_01852,1.0,CANONICAL_ID,True
PSI_01853,P_01853,MUMBAI_POLICE_CCTNS,SRC_P_01853,1.0,CANONICAL_ID,True
PSI_01854,P_01854,MUMBAI_POLICE_CCTNS,SRC_P_01854,1.0,CANONICAL_ID,True
PSI_01855,P_01855,MUMBAI_POLICE_CCTNS,SRC_P_01855,1.0,CANONICAL_ID,True
PSI_01856,P_01856,MUMBAI_POLICE_CCTNS,SRC_P_01856,1.0,CANONICAL_ID,True
PSI_01857,P_01857,MUMBAI_POLICE_CCTNS,SRC_P_01857,1.0,CANONICAL_ID,True
PSI_01858,P_01858,MUMBAI_POLICE_CCTNS,SRC_P_01858,1.0,CANONICAL_ID,True
PSI_01859,P_01859,MUMBAI_POLICE_CCTNS,SRC_P_01859,1.0,CANONICAL_ID,True
PSI_01860,P_01860,MUMBAI_POLICE_CCTNS,SRC_P_01860,1.0,CANONICAL_ID,True
PSI_01861,P_01861,MUMBAI_POLICE_CCTNS,SRC_P_01861,1.0,CANONICAL_ID,True
PSI_01862,P_01862,MUMBAI_POLICE_CCTNS,SRC_P_01862,1.0,CANONICAL_ID,True
PSI_01863,P_01863,MUMBAI_POLICE_CCTNS,SRC_P_01863,1.0,CANONICAL_ID,True
PSI_01864,P_01864,MUMBAI_POLICE_CCTNS,SRC_P_01864,1.0,CANONICAL_ID,True
PSI_01865,P_01865,MUMBAI_POLICE_CCTNS,SRC_P_01865,1.0,CANONICAL_ID,True
PSI_01866,P_01866,MUMBAI_POLICE_CCTNS,SRC_P_01866,1.0,CANONICAL_ID,True
PSI_01867,P_01867,MUMBAI_POLICE_CCTNS,SRC_P_01867,1.0,CANONICAL_ID,True
PSI_01868,P_01868,MUMBAI_POLICE_CCTNS,SRC_P_01868,1.0,CANONICAL_ID,True
PSI_01869,P_01869,MUMBAI_POLICE_CCTNS,SRC_P_01869,1.0,CANONICAL_ID,True
PSI_01870,P_01870,MUMBAI_POLICE_CCTNS,SRC_P_01870,1.0,CANONICAL_ID,True
PSI_01871,P_01871,MUMBAI_POLICE_CCTNS,SRC_P_01871,1.0,CANONICAL_ID,True
PSI_01872,P_01872,MUMBAI_POLICE_CCTNS,SRC_P_01872,1.0,CANONICAL_ID,True
PSI_01873,P_01873,MUMBAI_POLICE_CCTNS,SRC_P_01873,1.0,CANONICAL_ID,True
PSI_01874,P_01874,MUMBAI_POLICE_CCTNS,SRC_P_01874,1.0,CANONICAL_ID,True
PSI_01875,P_01875,MUMBAI_POLICE_CCTNS,SRC_P_01875,1.0,CANONICAL_ID,True
PSI_01876,P_01876,MUMBAI_POLICE_CCTNS,SRC_P_01876,1.0,CANONICAL_ID,True
PSI_01877,P_01877,MUMBAI_POLICE_CCTNS,SRC_P_01877,1.0,CANONICAL_ID,True
PSI_01878,P_01878,MUMBAI_POLICE_CCTNS,SRC_P_01878,1.0,CANONICAL_ID,True
PSI_01879,P_01879,MUMBAI_POLICE_CCTNS,SRC_P_01879,1.0,CANONICAL_ID,True
PSI_01880,P_01880,MUMBAI_POLICE_CCTNS,SRC_P_01880,1.0,CANONICAL_ID,True
PSI_01881,P_01881,MUMBAI_POLICE_CCTNS,SRC_P_01881,1.0,CANONICAL_ID,True
PSI_01882,P_01882,MUMBAI_POLICE_CCTNS,SRC_P_01882,1.0,CANONICAL_ID,True
PSI_01883,P_01883,MUMBAI_POLICE_CCTNS,SRC_P_01883,1.0,CANONICAL_ID,True
PSI_01884,P_01884,MUMBAI_POLICE_CCTNS,SRC_P_01884,1.0,CANONICAL_ID,True
PSI_01885,P_01885,MUMBAI_POLICE_CCTNS,SRC_P_01885,1.0,CANONICAL_ID,True
PSI_01886,P_01886,MUMBAI_POLICE_CCTNS,SRC_P_01886,1.0,CANONICAL_ID,True
PSI_01887,P_01887,MUMBAI_POLICE_CCTNS,SRC_P_01887,1.0,CANONICAL_ID,True
PSI_01888,P_01888,MUMBAI_POLICE_CCTNS,SRC_P_01888,1.0,CANONICAL_ID,True
PSI_01889,P_01889,MUMBAI_POLICE_CCTNS,SRC_P_01889,1.0,CANONICAL_ID,True
PSI_01890,P_01890,MUMBAI_POLICE_CCTNS,SRC_P_01890,1.0,CANONICAL_ID,True
PSI_01891,P_01891,MUMBAI_POLICE_CCTNS,SRC_P_01891,1.0,CANONICAL_ID,True
PSI_01892,P_01892,MUMBAI_POLICE_CCTNS,SRC_P_01892,1.0,CANONICAL_ID,True
PSI_01893,P_01893,MUMBAI_POLICE_CCTNS,SRC_P_01893,1.0,CANONICAL_ID,True
PSI_01894,P_01894,MUMBAI_POLICE_CCTNS,SRC_P_01894,1.0,CANONICAL_ID,True
PSI_01895,P_01895,MUMBAI_POLICE_CCTNS,SRC_P_01895,1.0,CANONICAL_ID,True
PSI_01896,P_01896,MUMBAI_POLICE_CCTNS,SRC_P_01896,1.0,CANONICAL_ID,True
PSI_01897,P_01897,MUMBAI_POLICE_CCTNS,SRC_P_01897,1.0,CANONICAL_ID,True
PSI_01898,P_01898,MUMBAI_POLICE_CCTNS,SRC_P_01898,1.0,CANONICAL_ID,True
PSI_01899,P_01899,MUMBAI_POLICE_CCTNS,SRC_P_01899,1.0,CANONICAL_ID,True
PSI_01900,P_01900,MUMBAI_POLICE_CCTNS,SRC_P_01900,1.0,CANONICAL_ID,True
PSI_01901,P_01901,MUMBAI_POLICE_CCTNS,SRC_P_01901,1.0,CANONICAL_ID,True
PSI_01902,P_01902,MUMBAI_POLICE_CCTNS,SRC_P_01902,1.0,CANONICAL_ID,True
PSI_01903,P_01903,MUMBAI_POLICE_CCTNS,SRC_P_01903,1.0,CANONICAL_ID,True
PSI_01904,P_01904,MUMBAI_POLICE_CCTNS,SRC_P_01904,1.0,CANONICAL_ID,True
PSI_01905,P_01905,MUMBAI_POLICE_CCTNS,SRC_P_01905,1.0,CANONICAL_ID,True
PSI_01906,P_01906,MUMBAI_POLICE_CCTNS,SRC_P_01906,1.0,CANONICAL_ID,True
PSI_01907,P_01907,MUMBAI_POLICE_CCTNS,SRC_P_01907,1.0,CANONICAL_ID,True
PSI_01908,P_01908,MUMBAI_POLICE_CCTNS,SRC_P_01908,1.0,CANONICAL_ID,True
PSI_01909,P_01909,MUMBAI_POLICE_CCTNS,SRC_P_01909,1.0,CANONICAL_ID,True
PSI_01910,P_01910,MUMBAI_POLICE_CCTNS,SRC_P_01910,1.0,CANONICAL_ID,True
PSI_01911,P_01911,MUMBAI_POLICE_CCTNS,SRC_P_01911,1.0,CANONICAL_ID,True
PSI_01912,P_01912,MUMBAI_POLICE_CCTNS,SRC_P_01912,1.0,CANONICAL_ID,True
PSI_01913,P_01913,MUMBAI_POLICE_CCTNS,SRC_P_01913,1.0,CANONICAL_ID,True
PSI_01914,P_01914,MUMBAI_POLICE_CCTNS,SRC_P_01914,1.0,CANONICAL_ID,True
PSI_01915,P_01915,MUMBAI_POLICE_CCTNS,SRC_P_01915,1.0,CANONICAL_ID,True
PSI_01916,P_01916,MUMBAI_POLICE_CCTNS,SRC_P_01916,1.0,CANONICAL_ID,True
PSI_01917,P_01917,MUMBAI_POLICE_CCTNS,SRC_P_01917,1.0,CANONICAL_ID,True
PSI_01918,P_01918,MUMBAI_POLICE_CCTNS,SRC_P_01918,1.0,CANONICAL_ID,True
PSI_01919,P_01919,MUMBAI_POLICE_CCTNS,SRC_P_01919,1.0,CANONICAL_ID,True
PSI_01920,P_01920,MUMBAI_POLICE_CCTNS,SRC_P_01920,1.0,CANONICAL_ID,True
PSI_01921,P_01921,MUMBAI_POLICE_CCTNS,SRC_P_01921,1.0,CANONICAL_ID,True
PSI_01922,P_01922,MUMBAI_POLICE_CCTNS,SRC_P_01922,1.0,CANONICAL_ID,True
PSI_01923,P_01923,MUMBAI_POLICE_CCTNS,SRC_P_01923,1.0,CANONICAL_ID,True
PSI_01924,P_01924,MUMBAI_POLICE_CCTNS,SRC_P_01924,1.0,CANONICAL_ID,True
PSI_01925,P_01925,MUMBAI_POLICE_CCTNS,SRC_P_01925,1.0,CANONICAL_ID,True
PSI_01926,P_01926,MUMBAI_POLICE_CCTNS,SRC_P_01926,1.0,CANONICAL_ID,True
PSI_01927,P_01927,MUMBAI_POLICE_CCTNS,SRC_P_01927,1.0,CANONICAL_ID,True
PSI_01928,P_01928,MUMBAI_POLICE_CCTNS,SRC_P_01928,1.0,CANONICAL_ID,True
PSI_01929,P_01929,MUMBAI_POLICE_CCTNS,SRC_P_01929,1.0,CANONICAL_ID,True
PSI_01930,P_01930,MUMBAI_POLICE_CCTNS,SRC_P_01930,1.0,CANONICAL_ID,True
PSI_01931,P_01931,MUMBAI_POLICE_CCTNS,SRC_P_01931,1.0,CANONICAL_ID,True
PSI_01932,P_01932,MUMBAI_POLICE_CCTNS,SRC_P_01932,1.0,CANONICAL_ID,True
PSI_01933,P_01933,MUMBAI_POLICE_CCTNS,SRC_P_01933,1.0,CANONICAL_ID,True
PSI_01934,P_01934,MUMBAI_POLICE_CCTNS,SRC_P_01934,1.0,CANONICAL_ID,True
PSI_01935,P_01935,MUMBAI_POLICE_CCTNS,SRC_P_01935,1.0,CANONICAL_ID,True
PSI_01936,P_01936,MUMBAI_POLICE_CCTNS,SRC_P_01936,1.0,CANONICAL_ID,True
PSI_01937,P_01937,MUMBAI_POLICE_CCTNS,SRC_P_01937,1.0,CANONICAL_ID,True
PSI_01938,P_01938,MUMBAI_POLICE_CCTNS,SRC_P_01938,1.0,CANONICAL_ID,True
PSI_01939,P_01939,MUMBAI_POLICE_CCTNS,SRC_P_01939,1.0,CANONICAL_ID,True
PSI_01940,P_01940,MUMBAI_POLICE_CCTNS,SRC_P_01940,1.0,CANONICAL_ID,True
PSI_01941,P_01941,MUMBAI_POLICE_CCTNS,SRC_P_01941,1.0,CANONICAL_ID,True
PSI_01942,P_01942,MUMBAI_POLICE_CCTNS,SRC_P_01942,1.0,CANONICAL_ID,True
PSI_01943,P_01943,MUMBAI_POLICE_CCTNS,SRC_P_01943,1.0,CANONICAL_ID,True
PSI_01944,P_01944,MUMBAI_POLICE_CCTNS,SRC_P_01944,1.0,CANONICAL_ID,True
PSI_01945,P_01945,MUMBAI_POLICE_CCTNS,SRC_P_01945,1.0,CANONICAL_ID,True
PSI_01946,P_01946,MUMBAI_POLICE_CCTNS,SRC_P_01946,1.0,CANONICAL_ID,True
PSI_01947,P_01947,MUMBAI_POLICE_CCTNS,SRC_P_01947,1.0,CANONICAL_ID,True
PSI_01948,P_01948,MUMBAI_POLICE_CCTNS,SRC_P_01948,1.0,CANONICAL_ID,True
PSI_01949,P_01949,MUMBAI_POLICE_CCTNS,SRC_P_01949,1.0,CANONICAL_ID,True
PSI_01950,P_01950,MUMBAI_POLICE_CCTNS,SRC_P_01950,1.0,CANONICAL_ID,True
PSI_01951,P_01951,MUMBAI_POLICE_CCTNS,SRC_P_01951,1.0,CANONICAL_ID,True
PSI_01952,P_01952,MUMBAI_POLICE_CCTNS,SRC_P_01952,1.0,CANONICAL_ID,True
PSI_01953,P_01953,MUMBAI_POLICE_CCTNS,SRC_P_01953,1.0,CANONICAL_ID,True
PSI_01954,P_01954,MUMBAI_POLICE_CCTNS,SRC_P_01954,1.0,CANONICAL_ID,True
PSI_01955,P_01955,MUMBAI_POLICE_CCTNS,SRC_P_01955,1.0,CANONICAL_ID,True
PSI_01956,P_01956,MUMBAI_POLICE_CCTNS,SRC_P_01956,1.0,CANONICAL_ID,True
PSI_01957,P_01957,MUMBAI_POLICE_CCTNS,SRC_P_01957,1.0,CANONICAL_ID,True
PSI_01958,P_01958,MUMBAI_POLICE_CCTNS,SRC_P_01958,1.0,CANONICAL_ID,True
PSI_01959,P_01959,MUMBAI_POLICE_CCTNS,SRC_P_01959,1.0,CANONICAL_ID,True
PSI_01960,P_01960,MUMBAI_POLICE_CCTNS,SRC_P_01960,1.0,CANONICAL_ID,True
PSI_01961,P_01961,MUMBAI_POLICE_CCTNS,SRC_P_01961,1.0,CANONICAL_ID,True
PSI_01962,P_01962,MUMBAI_POLICE_CCTNS,SRC_P_01962,1.0,CANONICAL_ID,True
PSI_01963,P_01963,MUMBAI_POLICE_CCTNS,SRC_P_01963,1.0,CANONICAL_ID,True
PSI_01964,P_01964,MUMBAI_POLICE_CCTNS,SRC_P_01964,1.0,CANONICAL_ID,True
PSI_01965,P_01965,MUMBAI_POLICE_CCTNS,SRC_P_01965,1.0,CANONICAL_ID,True
PSI_01966,P_01966,MUMBAI_POLICE_CCTNS,SRC_P_01966,1.0,CANONICAL_ID,True
PSI_01967,P_01967,MUMBAI_POLICE_CCTNS,SRC_P_01967,1.0,CANONICAL_ID,True
PSI_01968,P_01968,MUMBAI_POLICE_CCTNS,SRC_P_01968,1.0,CANONICAL_ID,True
PSI_01969,P_01969,MUMBAI_POLICE_CCTNS,SRC_P_01969,1.0,CANONICAL_ID,True
PSI_01970,P_01970,MUMBAI_POLICE_CCTNS,SRC_P_01970,1.0,CANONICAL_ID,True
PSI_01971,P_01971,MUMBAI_POLICE_CCTNS,SRC_P_01971,1.0,CANONICAL_ID,True
PSI_01972,P_01972,MUMBAI_POLICE_CCTNS,SRC_P_01972,1.0,CANONICAL_ID,True
PSI_01973,P_01973,MUMBAI_POLICE_CCTNS,SRC_P_01973,1.0,CANONICAL_ID,True
PSI_01974,P_01974,MUMBAI_POLICE_CCTNS,SRC_P_01974,1.0,CANONICAL_ID,True
PSI_01975,P_01975,MUMBAI_POLICE_CCTNS,SRC_P_01975,1.0,CANONICAL_ID,True
PSI_01976,P_01976,MUMBAI_POLICE_CCTNS,SRC_P_01976,1.0,CANONICAL_ID,True
PSI_01977,P_01977,MUMBAI_POLICE_CCTNS,SRC_P_01977,1.0,CANONICAL_ID,True
PSI_01978,P_01978,MUMBAI_POLICE_CCTNS,SRC_P_01978,1.0,CANONICAL_ID,True
PSI_01979,P_01979,MUMBAI_POLICE_CCTNS,SRC_P_01979,1.0,CANONICAL_ID,True
PSI_01980,P_01980,MUMBAI_POLICE_CCTNS,SRC_P_01980,1.0,CANONICAL_ID,True
PSI_01981,P_01981,MUMBAI_POLICE_CCTNS,SRC_P_01981,1.0,CANONICAL_ID,True
PSI_01982,P_01982,MUMBAI_POLICE_CCTNS,SRC_P_01982,1.0,CANONICAL_ID,True
PSI_01983,P_01983,MUMBAI_POLICE_CCTNS,SRC_P_01983,1.0,CANONICAL_ID,True
PSI_01984,P_01984,MUMBAI_POLICE_CCTNS,SRC_P_01984,1.0,CANONICAL_ID,True
PSI_01985,P_01985,MUMBAI_POLICE_CCTNS,SRC_P_01985,1.0,CANONICAL_ID,True
PSI_01986,P_01986,MUMBAI_POLICE_CCTNS,SRC_P_01986,1.0,CANONICAL_ID,True
PSI_01987,P_01987,MUMBAI_POLICE_CCTNS,SRC_P_01987,1.0,CANONICAL_ID,True
PSI_01988,P_01988,MUMBAI_POLICE_CCTNS,SRC_P_01988,1.0,CANONICAL_ID,True
PSI_01989,P_01989,MUMBAI_POLICE_CCTNS,SRC_P_01989,1.0,CANONICAL_ID,True
PSI_01990,P_01990,MUMBAI_POLICE_CCTNS,SRC_P_01990,1.0,CANONICAL_ID,True
PSI_01991,P_01991,MUMBAI_POLICE_CCTNS,SRC_P_01991,1.0,CANONICAL_ID,True
PSI_01992,P_01992,MUMBAI_POLICE_CCTNS,SRC_P_01992,1.0,CANONICAL_ID,True
PSI_01993,P_01993,MUMBAI_POLICE_CCTNS,SRC_P_01993,1.0,CANONICAL_ID,True
PSI_01994,P_01994,MUMBAI_POLICE_CCTNS,SRC_P_01994,1.0,CANONICAL_ID,True
PSI_01995,P_01995,MUMBAI_POLICE_CCTNS,SRC_P_01995,1.0,CANONICAL_ID,True
PSI_01996,P_01996,MUMBAI_POLICE_CCTNS,SRC_P_01996,1.0,CANONICAL_ID,True
PSI_01997,P_01997,MUMBAI_POLICE_CCTNS,SRC_P_01997,1.0,CANONICAL_ID,True
PSI_01998,P_01998,MUMBAI_POLICE_CCTNS,SRC_P_01998,1.0,CANONICAL_ID,True
PSI_01999,P_01999,MUMBAI_POLICE_CCTNS,SRC_P_01999,1.0,CANONICAL_ID,True
PSI_02000,P_02000,MUMBAI_POLICE_CCTNS,SRC_P_02000,1.0,CANONICAL_ID,True
PSI_02001,P_02049,MUMBAI_POLICE_CCTNS,SRC_P_02001,1.0,CANONICAL_ID,True
PSI_02002,P_02050,MUMBAI_POLICE_CCTNS,SRC_P_02002,1.0,CANONICAL_ID,True
PSI_02003,P_02051,MUMBAI_POLICE_CCTNS,SRC_P_02003,1.0,CANONICAL_ID,True
PSI_02004,P_02052,MUMBAI_POLICE_CCTNS,SRC_P_02004,1.0,CANONICAL_ID,True
PSI_02005,P_02053,MUMBAI_POLICE_CCTNS,SRC_P_02005,1.0,CANONICAL_ID,True
PSI_02006,P_02054,MUMBAI_POLICE_CCTNS,SRC_P_02006,1.0,CANONICAL_ID,True
PSI_02007,P_02055,MUMBAI_POLICE_CCTNS,SRC_P_02007,1.0,CANONICAL_ID,True
PSI_02008,P_02056,MUMBAI_POLICE_CCTNS,SRC_P_02008,1.0,CANONICAL_ID,True
PSI_02009,P_02057,MUMBAI_POLICE_CCTNS,SRC_P_02009,1.0,CANONICAL_ID,True
PSI_02010,P_02058,MUMBAI_POLICE_CCTNS,SRC_P_02010,1.0,CANONICAL_ID,True
PSI_02011,P_02059,MUMBAI_POLICE_CCTNS,SRC_P_02011,1.0,CANONICAL_ID,True
PSI_02012,P_02060,MUMBAI_POLICE_CCTNS,SRC_P_02012,1.0,CANONICAL_ID,True
PSI_02013,P_02061,MUMBAI_POLICE_CCTNS,SRC_P_02013,1.0,CANONICAL_ID,True
PSI_02014,P_02062,MUMBAI_POLICE_CCTNS,SRC_P_02014,1.0,CANONICAL_ID,True
PSI_02015,P_02063,MUMBAI_POLICE_CCTNS,SRC_P_02015,1.0,CANONICAL_ID,True
PSI_02016,P_02064,MUMBAI_POLICE_CCTNS,SRC_P_02016,1.0,CANONICAL_ID,True
PSI_02017,P_02065,MUMBAI_POLICE_CCTNS,SRC_P_02017,1.0,CANONICAL_ID,True
PSI_02018,P_02066,MUMBAI_POLICE_CCTNS,SRC_P_02018,1.0,CANONICAL_ID,True
PSI_02019,P_02067,MUMBAI_POLICE_CCTNS,SRC_P_02019,1.0,CANONICAL_ID,True
PSI_02020,P_02068,MUMBAI_POLICE_CCTNS,SRC_P_02020,1.0,CANONICAL_ID,True
PSI_02021,P_02069,MUMBAI_POLICE_CCTNS,SRC_P_02021,1.0,CANONICAL_ID,True
PSI_02022,P_02070,MUMBAI_POLICE_CCTNS,SRC_P_02022,1.0,CANONICAL_ID,True
PSI_02023,P_02071,MUMBAI_POLICE_CCTNS,SRC_P_02023,1.0,CANONICAL_ID,True
PSI_02024,P_02072,MUMBAI_POLICE_CCTNS,SRC_P_02024,1.0,CANONICAL_ID,True
PSI_02025,P_02073,MUMBAI_POLICE_CCTNS,SRC_P_02025,1.0,CANONICAL_ID,True
PSI_02026,P_02074,MUMBAI_POLICE_CCTNS,SRC_P_02026,1.0,CANONICAL_ID,True
PSI_02027,P_02075,MUMBAI_POLICE_CCTNS,SRC_P_02027,1.0,CANONICAL_ID,True
PSI_02028,P_02076,MUMBAI_POLICE_CCTNS,SRC_P_02028,1.0,CANONICAL_ID,True
PSI_02029,P_02077,MUMBAI_POLICE_CCTNS,SRC_P_02029,1.0,CANONICAL_ID,True
PSI_02030,P_02078,MUMBAI_POLICE_CCTNS,SRC_P_02030,1.0,CANONICAL_ID,True
PSI_02031,P_02079,MUMBAI_POLICE_CCTNS,SRC_P_02031,1.0,CANONICAL_ID,True
PSI_02032,P_02080,MUMBAI_POLICE_CCTNS,SRC_P_02032,1.0,CANONICAL_ID,True
PSI_02033,P_02081,MUMBAI_POLICE_CCTNS,SRC_P_02033,1.0,CANONICAL_ID,True
PSI_02034,P_02082,MUMBAI_POLICE_CCTNS,SRC_P_02034,1.0,CANONICAL_ID,True
PSI_02035,P_02083,MUMBAI_POLICE_CCTNS,SRC_P_02035,1.0,CANONICAL_ID,True
PSI_02036,P_02084,MUMBAI_POLICE_CCTNS,SRC_P_02036,1.0,CANONICAL_ID,True
PSI_02037,P_02085,MUMBAI_POLICE_CCTNS,SRC_P_02037,1.0,CANONICAL_ID,True
PSI_02038,P_02086,MUMBAI_POLICE_CCTNS,SRC_P_02038,1.0,CANONICAL_ID,True
PSI_02039,P_02087,MUMBAI_POLICE_CCTNS,SRC_P_02039,1.0,CANONICAL_ID,True
PSI_02040,P_02088,MUMBAI_POLICE_CCTNS,SRC_P_02040,1.0,CANONICAL_ID,True
PSI_02041,P_02089,MUMBAI_POLICE_CCTNS,SRC_P_02041,1.0,CANONICAL_ID,True
PSI_02042,P_02090,MUMBAI_POLICE_CCTNS,SRC_P_02042,1.0,CANONICAL_ID,True
PSI_02043,P_02091,MUMBAI_POLICE_CCTNS,SRC_P_02043,1.0,CANONICAL_ID,True
PSI_02044,P_02092,MUMBAI_POLICE_CCTNS,SRC_P_02044,1.0,CANONICAL_ID,True
PSI_02045,P_02093,MUMBAI_POLICE_CCTNS,SRC_P_02045,1.0,CANONICAL_ID,True
PSI_02046,P_02094,MUMBAI_POLICE_CCTNS,SRC_P_02046,1.0,CANONICAL_ID,True
PSI_02047,P_02095,MUMBAI_POLICE_CCTNS,SRC_P_02047,1.0,CANONICAL_ID,True
PSI_02048,P_02096,MUMBAI_POLICE_CCTNS,SRC_P_02048,1.0,CANONICAL_ID,True
PSI_02049,P_02097,MUMBAI_POLICE_CCTNS,SRC_P_02049,1.0,CANONICAL_ID,True
PSI_02050,P_02098,MUMBAI_POLICE_CCTNS,SRC_P_02050,1.0,CANONICAL_ID,True
PSI_02051,P_02099,MUMBAI_POLICE_CCTNS,SRC_P_02051,1.0,CANONICAL_ID,True
PSI_02052,P_02100,MUMBAI_POLICE_CCTNS,SRC_P_02052,1.0,CANONICAL_ID,True
PSI_02053,P_02101,MUMBAI_POLICE_CCTNS,SRC_P_02053,1.0,CANONICAL_ID,True
PSI_02054,P_02102,MUMBAI_POLICE_CCTNS,SRC_P_02054,1.0,CANONICAL_ID,True
PSI_02055,P_02103,MUMBAI_POLICE_CCTNS,SRC_P_02055,1.0,CANONICAL_ID,True
PSI_02056,P_02104,MUMBAI_POLICE_CCTNS,SRC_P_02056,1.0,CANONICAL_ID,True
PSI_02057,P_02105,MUMBAI_POLICE_CCTNS,SRC_P_02057,1.0,CANONICAL_ID,True
PSI_02058,P_02106,MUMBAI_POLICE_CCTNS,SRC_P_02058,1.0,CANONICAL_ID,True
PSI_02059,P_02107,MUMBAI_POLICE_CCTNS,SRC_P_02059,1.0,CANONICAL_ID,True
PSI_02060,P_02108,MUMBAI_POLICE_CCTNS,SRC_P_02060,1.0,CANONICAL_ID,True
PSI_02061,P_02109,MUMBAI_POLICE_CCTNS,SRC_P_02061,1.0,CANONICAL_ID,True
PSI_02062,P_02110,MUMBAI_POLICE_CCTNS,SRC_P_02062,1.0,CANONICAL_ID,True
PSI_02063,P_02111,MUMBAI_POLICE_CCTNS,SRC_P_02063,1.0,CANONICAL_ID,True
PSI_02064,P_02112,MUMBAI_POLICE_CCTNS,SRC_P_02064,1.0,CANONICAL_ID,True
PSI_02065,P_02113,MUMBAI_POLICE_CCTNS,SRC_P_02065,1.0,CANONICAL_ID,True
PSI_02066,P_02114,MUMBAI_POLICE_CCTNS,SRC_P_02066,1.0,CANONICAL_ID,True
PSI_02067,P_02115,MUMBAI_POLICE_CCTNS,SRC_P_02067,1.0,CANONICAL_ID,True
PSI_02068,P_02116,MUMBAI_POLICE_CCTNS,SRC_P_02068,1.0,CANONICAL_ID,True
PSI_02069,P_02117,MUMBAI_POLICE_CCTNS,SRC_P_02069,1.0,CANONICAL_ID,True
PSI_02070,P_02118,MUMBAI_POLICE_CCTNS,SRC_P_02070,1.0,CANONICAL_ID,True
PSI_02071,P_02119,MUMBAI_POLICE_CCTNS,SRC_P_02071,1.0,CANONICAL_ID,True
PSI_02072,P_02120,MUMBAI_POLICE_CCTNS,SRC_P_02072,1.0,CANONICAL_ID,True
PSI_02073,P_02121,MUMBAI_POLICE_CCTNS,SRC_P_02073,1.0,CANONICAL_ID,True
PSI_02074,P_02122,MUMBAI_POLICE_CCTNS,SRC_P_02074,1.0,CANONICAL_ID,True
PSI_02075,P_02123,MUMBAI_POLICE_CCTNS,SRC_P_02075,1.0,CANONICAL_ID,True
PSI_02076,P_02124,MUMBAI_POLICE_CCTNS,SRC_P_02076,1.0,CANONICAL_ID,True
PSI_02077,P_02125,MUMBAI_POLICE_CCTNS,SRC_P_02077,1.0,CANONICAL_ID,True
PSI_02078,P_02126,MUMBAI_POLICE_CCTNS,SRC_P_02078,1.0,CANONICAL_ID,True
PSI_02079,P_02127,MUMBAI_POLICE_CCTNS,SRC_P_02079,1.0,CANONICAL_ID,True
PSI_02080,P_02128,MUMBAI_POLICE_CCTNS,SRC_P_02080,1.0,CANONICAL_ID,True
PSI_02081,P_02129,MUMBAI_POLICE_CCTNS,SRC_P_02081,1.0,CANONICAL_ID,True
PSI_02082,P_02130,MUMBAI_POLICE_CCTNS,SRC_P_02082,1.0,CANONICAL_ID,True
PSI_02083,P_02131,MUMBAI_POLICE_CCTNS,SRC_P_02083,1.0,CANONICAL_ID,True
PSI_02084,P_02132,MUMBAI_POLICE_CCTNS,SRC_P_02084,1.0,CANONICAL_ID,True
PSI_02085,P_02133,MUMBAI_POLICE_CCTNS,SRC_P_02085,1.0,CANONICAL_ID,True
PSI_02086,P_02134,MUMBAI_POLICE_CCTNS,SRC_P_02086,1.0,CANONICAL_ID,True
PSI_02087,P_02135,MUMBAI_POLICE_CCTNS,SRC_P_02087,1.0,CANONICAL_ID,True
PSI_02088,P_02136,MUMBAI_POLICE_CCTNS,SRC_P_02088,1.0,CANONICAL_ID,True
PSI_02089,P_02137,MUMBAI_POLICE_CCTNS,SRC_P_02089,1.0,CANONICAL_ID,True
PSI_02090,P_02138,MUMBAI_POLICE_CCTNS,SRC_P_02090,1.0,CANONICAL_ID,True
PSI_02091,P_02139,MUMBAI_POLICE_CCTNS,SRC_P_02091,1.0,CANONICAL_ID,True
PSI_02092,P_02140,MUMBAI_POLICE_CCTNS,SRC_P_02092,1.0,CANONICAL_ID,True
PSI_02093,P_02141,MUMBAI_POLICE_CCTNS,SRC_P_02093,1.0,CANONICAL_ID,True
PSI_02094,P_02142,MUMBAI_POLICE_CCTNS,SRC_P_02094,1.0,CANONICAL_ID,True
PSI_02095,P_02143,MUMBAI_POLICE_CCTNS,SRC_P_02095,1.0,CANONICAL_ID,True
PSI_02096,P_02144,MUMBAI_POLICE_CCTNS,SRC_P_02096,1.0,CANONICAL_ID,True
PSI_02097,P_02145,MUMBAI_POLICE_CCTNS,SRC_P_02097,1.0,CANONICAL_ID,True
PSI_02098,P_02146,MUMBAI_POLICE_CCTNS,SRC_P_02098,1.0,CANONICAL_ID,True
PSI_02099,P_02147,MUMBAI_POLICE_CCTNS,SRC_P_02099,1.0,CANONICAL_ID,True
PSI_02100,P_02148,MUMBAI_POLICE_CCTNS,SRC_P_02100,1.0,CANONICAL_ID,True
PSI_02101,P_02149,MUMBAI_POLICE_CCTNS,SRC_P_02101,1.0,CANONICAL_ID,True
PSI_02102,P_02150,MUMBAI_POLICE_CCTNS,SRC_P_02102,1.0,CANONICAL_ID,True
PSI_02103,P_02151,MUMBAI_POLICE_CCTNS,SRC_P_02103,1.0,CANONICAL_ID,True
PSI_02104,P_02152,MUMBAI_POLICE_CCTNS,SRC_P_02104,1.0,CANONICAL_ID,True
PSI_02105,P_02153,MUMBAI_POLICE_CCTNS,SRC_P_02105,1.0,CANONICAL_ID,True
PSI_02106,P_02154,MUMBAI_POLICE_CCTNS,SRC_P_02106,1.0,CANONICAL_ID,True
PSI_02107,P_02155,MUMBAI_POLICE_CCTNS,SRC_P_02107,1.0,CANONICAL_ID,True
PSI_02108,P_02156,MUMBAI_POLICE_CCTNS,SRC_P_02108,1.0,CANONICAL_ID,True
PSI_02109,P_02157,MUMBAI_POLICE_CCTNS,SRC_P_02109,1.0,CANONICAL_ID,True
PSI_02110,P_02158,MUMBAI_POLICE_CCTNS,SRC_P_02110,1.0,CANONICAL_ID,True
PSI_02111,P_02159,MUMBAI_POLICE_CCTNS,SRC_P_02111,1.0,CANONICAL_ID,True
PSI_02112,P_02160,MUMBAI_POLICE_CCTNS,SRC_P_02112,1.0,CANONICAL_ID,True
PSI_02113,P_02161,MUMBAI_POLICE_CCTNS,SRC_P_02113,1.0,CANONICAL_ID,True
PSI_02114,P_02162,MUMBAI_POLICE_CCTNS,SRC_P_02114,1.0,CANONICAL_ID,True
PSI_02115,P_02163,MUMBAI_POLICE_CCTNS,SRC_P_02115,1.0,CANONICAL_ID,True
PSI_02116,P_02164,MUMBAI_POLICE_CCTNS,SRC_P_02116,1.0,CANONICAL_ID,True
PSI_02117,P_02165,MUMBAI_POLICE_CCTNS,SRC_P_02117,1.0,CANONICAL_ID,True
PSI_02118,P_02166,MUMBAI_POLICE_CCTNS,SRC_P_02118,1.0,CANONICAL_ID,True
PSI_02119,P_02167,MUMBAI_POLICE_CCTNS,SRC_P_02119,1.0,CANONICAL_ID,True
PSI_02120,P_02168,MUMBAI_POLICE_CCTNS,SRC_P_02120,1.0,CANONICAL_ID,True
PSI_02121,P_02169,MUMBAI_POLICE_CCTNS,SRC_P_02121,1.0,CANONICAL_ID,True
PSI_02122,P_02170,MUMBAI_POLICE_CCTNS,SRC_P_02122,1.0,CANONICAL_ID,True
PSI_02123,P_02171,MUMBAI_POLICE_CCTNS,SRC_P_02123,1.0,CANONICAL_ID,True
PSI_02124,P_02172,MUMBAI_POLICE_CCTNS,SRC_P_02124,1.0,CANONICAL_ID,True
PSI_02125,P_02173,MUMBAI_POLICE_CCTNS,SRC_P_02125,1.0,CANONICAL_ID,True
PSI_02126,P_02174,MUMBAI_POLICE_CCTNS,SRC_P_02126,1.0,CANONICAL_ID,True
PSI_02127,P_02175,MUMBAI_POLICE_CCTNS,SRC_P_02127,1.0,CANONICAL_ID,True
PSI_02128,P_02176,MUMBAI_POLICE_CCTNS,SRC_P_02128,1.0,CANONICAL_ID,True
PSI_02129,P_02177,MUMBAI_POLICE_CCTNS,SRC_P_02129,1.0,CANONICAL_ID,True
PSI_02130,P_02178,MUMBAI_POLICE_CCTNS,SRC_P_02130,1.0,CANONICAL_ID,True
PSI_02131,P_02179,MUMBAI_POLICE_CCTNS,SRC_P_02131,1.0,CANONICAL_ID,True
PSI_02132,P_02180,MUMBAI_POLICE_CCTNS,SRC_P_02132,1.0,CANONICAL_ID,True
PSI_02133,P_02181,MUMBAI_POLICE_CCTNS,SRC_P_02133,1.0,CANONICAL_ID,True
PSI_02134,P_02182,MUMBAI_POLICE_CCTNS,SRC_P_02134,1.0,CANONICAL_ID,True
PSI_02135,P_02183,MUMBAI_POLICE_CCTNS,SRC_P_02135,1.0,CANONICAL_ID,True
PSI_02136,P_02184,MUMBAI_POLICE_CCTNS,SRC_P_02136,1.0,CANONICAL_ID,True
PSI_02137,P_02185,MUMBAI_POLICE_CCTNS,SRC_P_02137,1.0,CANONICAL_ID,True
PSI_02138,P_02186,MUMBAI_POLICE_CCTNS,SRC_P_02138,1.0,CANONICAL_ID,True
PSI_02139,P_02187,MUMBAI_POLICE_CCTNS,SRC_P_02139,1.0,CANONICAL_ID,True
PSI_02140,P_02188,MUMBAI_POLICE_CCTNS,SRC_P_02140,1.0,CANONICAL_ID,True
PSI_02141,P_02189,MUMBAI_POLICE_CCTNS,SRC_P_02141,1.0,CANONICAL_ID,True
PSI_02142,P_02190,MUMBAI_POLICE_CCTNS,SRC_P_02142,1.0,CANONICAL_ID,True
PSI_02143,P_02191,MUMBAI_POLICE_CCTNS,SRC_P_02143,1.0,CANONICAL_ID,True
PSI_02144,P_02192,MUMBAI_POLICE_CCTNS,SRC_P_02144,1.0,CANONICAL_ID,True
PSI_02145,P_02193,MUMBAI_POLICE_CCTNS,SRC_P_02145,1.0,CANONICAL_ID,True
PSI_02146,P_02194,MUMBAI_POLICE_CCTNS,SRC_P_02146,1.0,CANONICAL_ID,True
PSI_02147,P_02195,MUMBAI_POLICE_CCTNS,SRC_P_02147,1.0,CANONICAL_ID,True
PSI_02148,P_02196,MUMBAI_POLICE_CCTNS,SRC_P_02148,1.0,CANONICAL_ID,True
PSI_02149,P_02197,MUMBAI_POLICE_CCTNS,SRC_P_02149,1.0,CANONICAL_ID,True
PSI_02150,P_02198,MUMBAI_POLICE_CCTNS,SRC_P_02150,1.0,CANONICAL_ID,True
PSI_02151,P_02199,MUMBAI_POLICE_CCTNS,SRC_P_02151,1.0,CANONICAL_ID,True
PSI_02152,P_02200,MUMBAI_POLICE_CCTNS,SRC_P_02152,1.0,CANONICAL_ID,True
PSI_02153,P_02201,MUMBAI_POLICE_CCTNS,SRC_P_02153,1.0,CANONICAL_ID,True
PSI_02154,P_02202,MUMBAI_POLICE_CCTNS,SRC_P_02154,1.0,CANONICAL_ID,True
PSI_02155,P_02203,MUMBAI_POLICE_CCTNS,SRC_P_02155,1.0,CANONICAL_ID,True
PSI_02156,P_02204,MUMBAI_POLICE_CCTNS,SRC_P_02156,1.0,CANONICAL_ID,True
PSI_02157,P_02205,MUMBAI_POLICE_CCTNS,SRC_P_02157,1.0,CANONICAL_ID,True
PSI_02158,P_02206,MUMBAI_POLICE_CCTNS,SRC_P_02158,1.0,CANONICAL_ID,True
PSI_02159,P_02207,MUMBAI_POLICE_CCTNS,SRC_P_02159,1.0,CANONICAL_ID,True
PSI_02160,P_02208,MUMBAI_POLICE_CCTNS,SRC_P_02160,1.0,CANONICAL_ID,True
PSI_02161,P_02209,MUMBAI_POLICE_CCTNS,SRC_P_02161,1.0,CANONICAL_ID,True
PSI_02162,P_02210,MUMBAI_POLICE_CCTNS,SRC_P_02162,1.0,CANONICAL_ID,True
PSI_02163,P_02211,MUMBAI_POLICE_CCTNS,SRC_P_02163,1.0,CANONICAL_ID,True
PSI_02164,P_02212,MUMBAI_POLICE_CCTNS,SRC_P_02164,1.0,CANONICAL_ID,True
PSI_02165,P_02213,MUMBAI_POLICE_CCTNS,SRC_P_02165,1.0,CANONICAL_ID,True
PSI_02166,P_02214,MUMBAI_POLICE_CCTNS,SRC_P_02166,1.0,CANONICAL_ID,True
PSI_02167,P_02215,MUMBAI_POLICE_CCTNS,SRC_P_02167,1.0,CANONICAL_ID,True
PSI_02168,P_02216,MUMBAI_POLICE_CCTNS,SRC_P_02168,1.0,CANONICAL_ID,True
PSI_02169,P_02217,MUMBAI_POLICE_CCTNS,SRC_P_02169,1.0,CANONICAL_ID,True
PSI_02170,P_02218,MUMBAI_POLICE_CCTNS,SRC_P_02170,1.0,CANONICAL_ID,True
PSI_02171,P_02219,MUMBAI_POLICE_CCTNS,SRC_P_02171,1.0,CANONICAL_ID,True
PSI_02172,P_02220,MUMBAI_POLICE_CCTNS,SRC_P_02172,1.0,CANONICAL_ID,True
PSI_02173,P_02221,MUMBAI_POLICE_CCTNS,SRC_P_02173,1.0,CANONICAL_ID,True
PSI_02174,P_02222,MUMBAI_POLICE_CCTNS,SRC_P_02174,1.0,CANONICAL_ID,True
PSI_02175,P_02223,MUMBAI_POLICE_CCTNS,SRC_P_02175,1.0,CANONICAL_ID,True
PSI_02176,P_02224,MUMBAI_POLICE_CCTNS,SRC_P_02176,1.0,CANONICAL_ID,True
PSI_02177,P_02225,MUMBAI_POLICE_CCTNS,SRC_P_02177,1.0,CANONICAL_ID,True
PSI_02178,P_02226,MUMBAI_POLICE_CCTNS,SRC_P_02178,1.0,CANONICAL_ID,True
PSI_02179,P_02227,MUMBAI_POLICE_CCTNS,SRC_P_02179,1.0,CANONICAL_ID,True
PSI_02180,P_02228,MUMBAI_POLICE_CCTNS,SRC_P_02180,1.0,CANONICAL_ID,True
PSI_02181,P_02229,MUMBAI_POLICE_CCTNS,SRC_P_02181,1.0,CANONICAL_ID,True
PSI_02182,P_02230,MUMBAI_POLICE_CCTNS,SRC_P_02182,1.0,CANONICAL_ID,True
PSI_02183,P_02231,MUMBAI_POLICE_CCTNS,SRC_P_02183,1.0,CANONICAL_ID,True
PSI_02184,P_02232,MUMBAI_POLICE_CCTNS,SRC_P_02184,1.0,CANONICAL_ID,True
PSI_02185,P_02233,MUMBAI_POLICE_CCTNS,SRC_P_02185,1.0,CANONICAL_ID,True
PSI_02186,P_02234,MUMBAI_POLICE_CCTNS,SRC_P_02186,1.0,CANONICAL_ID,True
PSI_02187,P_02235,MUMBAI_POLICE_CCTNS,SRC_P_02187,1.0,CANONICAL_ID,True
PSI_02188,P_02236,MUMBAI_POLICE_CCTNS,SRC_P_02188,1.0,CANONICAL_ID,True
PSI_02189,P_02237,MUMBAI_POLICE_CCTNS,SRC_P_02189,1.0,CANONICAL_ID,True
PSI_02190,P_02238,MUMBAI_POLICE_CCTNS,SRC_P_02190,1.0,CANONICAL_ID,True
PSI_02191,P_02239,MUMBAI_POLICE_CCTNS,SRC_P_02191,1.0,CANONICAL_ID,True
PSI_02192,P_02240,MUMBAI_POLICE_CCTNS,SRC_P_02192,1.0,CANONICAL_ID,True
PSI_02193,P_02241,MUMBAI_POLICE_CCTNS,SRC_P_02193,1.0,CANONICAL_ID,True
PSI_02194,P_02242,MUMBAI_POLICE_CCTNS,SRC_P_02194,1.0,CANONICAL_ID,True
PSI_02195,P_02243,MUMBAI_POLICE_CCTNS,SRC_P_02195,1.0,CANONICAL_ID,True
PSI_02196,P_02244,MUMBAI_POLICE_CCTNS,SRC_P_02196,1.0,CANONICAL_ID,True
PSI_02197,P_02245,MUMBAI_POLICE_CCTNS,SRC_P_02197,1.0,CANONICAL_ID,True
PSI_02198,P_02246,MUMBAI_POLICE_CCTNS,SRC_P_02198,1.0,CANONICAL_ID,True
PSI_02199,P_02247,MUMBAI_POLICE_CCTNS,SRC_P_02199,1.0,CANONICAL_ID,True
PSI_02200,P_02248,MUMBAI_POLICE_CCTNS,SRC_P_02200,1.0,CANONICAL_ID,True
PSI_02201,P_02249,MUMBAI_POLICE_CCTNS,SRC_P_02201,1.0,CANONICAL_ID,True
PSI_02202,P_02250,MUMBAI_POLICE_CCTNS,SRC_P_02202,1.0,CANONICAL_ID,True
PSI_02203,P_02251,MUMBAI_POLICE_CCTNS,SRC_P_02203,1.0,CANONICAL_ID,True
PSI_02204,P_02252,MUMBAI_POLICE_CCTNS,SRC_P_02204,1.0,CANONICAL_ID,True
PSI_02205,P_02253,MUMBAI_POLICE_CCTNS,SRC_P_02205,1.0,CANONICAL_ID,True
PSI_02206,P_02254,MUMBAI_POLICE_CCTNS,SRC_P_02206,1.0,CANONICAL_ID,True
PSI_02207,P_02255,MUMBAI_POLICE_CCTNS,SRC_P_02207,1.0,CANONICAL_ID,True
PSI_02208,P_02256,MUMBAI_POLICE_CCTNS,SRC_P_02208,1.0,CANONICAL_ID,True
PSI_02209,P_02257,MUMBAI_POLICE_CCTNS,SRC_P_02209,1.0,CANONICAL_ID,True
PSI_02210,P_02258,MUMBAI_POLICE_CCTNS,SRC_P_02210,1.0,CANONICAL_ID,True
PSI_02211,P_02259,MUMBAI_POLICE_CCTNS,SRC_P_02211,1.0,CANONICAL_ID,True
PSI_02212,P_02260,MUMBAI_POLICE_CCTNS,SRC_P_02212,1.0,CANONICAL_ID,True
PSI_02213,P_02261,MUMBAI_POLICE_CCTNS,SRC_P_02213,1.0,CANONICAL_ID,True
PSI_02214,P_02262,MUMBAI_POLICE_CCTNS,SRC_P_02214,1.0,CANONICAL_ID,True
PSI_02215,P_02263,MUMBAI_POLICE_CCTNS,SRC_P_02215,1.0,CANONICAL_ID,True
PSI_02216,P_02264,MUMBAI_POLICE_CCTNS,SRC_P_02216,1.0,CANONICAL_ID,True
PSI_02217,P_02265,MUMBAI_POLICE_CCTNS,SRC_P_02217,1.0,CANONICAL_ID,True
PSI_02218,P_02266,MUMBAI_POLICE_CCTNS,SRC_P_02218,1.0,CANONICAL_ID,True
PSI_02219,P_02267,MUMBAI_POLICE_CCTNS,SRC_P_02219,1.0,CANONICAL_ID,True
PSI_02220,P_02268,MUMBAI_POLICE_CCTNS,SRC_P_02220,1.0,CANONICAL_ID,True
PSI_02221,P_02269,MUMBAI_POLICE_CCTNS,SRC_P_02221,1.0,CANONICAL_ID,True
PSI_02222,P_02270,MUMBAI_POLICE_CCTNS,SRC_P_02222,1.0,CANONICAL_ID,True
PSI_02223,P_02271,MUMBAI_POLICE_CCTNS,SRC_P_02223,1.0,CANONICAL_ID,True
PSI_02224,P_02272,MUMBAI_POLICE_CCTNS,SRC_P_02224,1.0,CANONICAL_ID,True
PSI_02225,P_02273,MUMBAI_POLICE_CCTNS,SRC_P_02225,1.0,CANONICAL_ID,True
PSI_02226,P_02274,MUMBAI_POLICE_CCTNS,SRC_P_02226,1.0,CANONICAL_ID,True
PSI_02227,P_02275,MUMBAI_POLICE_CCTNS,SRC_P_02227,1.0,CANONICAL_ID,True
PSI_02228,P_02276,MUMBAI_POLICE_CCTNS,SRC_P_02228,1.0,CANONICAL_ID,True
PSI_02229,P_02277,MUMBAI_POLICE_CCTNS,SRC_P_02229,1.0,CANONICAL_ID,True
PSI_02230,P_02278,MUMBAI_POLICE_CCTNS,SRC_P_02230,1.0,CANONICAL_ID,True
PSI_02231,P_02279,MUMBAI_POLICE_CCTNS,SRC_P_02231,1.0,CANONICAL_ID,True
PSI_02232,P_02280,MUMBAI_POLICE_CCTNS,SRC_P_02232,1.0,CANONICAL_ID,True
PSI_02233,P_02281,MUMBAI_POLICE_CCTNS,SRC_P_02233,1.0,CANONICAL_ID,True
PSI_02234,P_02282,MUMBAI_POLICE_CCTNS,SRC_P_02234,1.0,CANONICAL_ID,True
PSI_02235,P_02283,MUMBAI_POLICE_CCTNS,SRC_P_02235,1.0,CANONICAL_ID,True
PSI_02236,P_02284,MUMBAI_POLICE_CCTNS,SRC_P_02236,1.0,CANONICAL_ID,True
PSI_02237,P_02285,MUMBAI_POLICE_CCTNS,SRC_P_02237,1.0,CANONICAL_ID,True
PSI_02238,P_02286,MUMBAI_POLICE_CCTNS,SRC_P_02238,1.0,CANONICAL_ID,True
PSI_02239,P_02287,MUMBAI_POLICE_CCTNS,SRC_P_02239,1.0,CANONICAL_ID,True
PSI_02240,P_02288,MUMBAI_POLICE_CCTNS,SRC_P_02240,1.0,CANONICAL_ID,True
PSI_02241,P_02289,MUMBAI_POLICE_CCTNS,SRC_P_02241,1.0,CANONICAL_ID,True
PSI_02242,P_02290,MUMBAI_POLICE_CCTNS,SRC_P_02242,1.0,CANONICAL_ID,True
PSI_02243,P_02291,MUMBAI_POLICE_CCTNS,SRC_P_02243,1.0,CANONICAL_ID,True
PSI_02244,P_02292,MUMBAI_POLICE_CCTNS,SRC_P_02244,1.0,CANONICAL_ID,True
PSI_02245,P_02293,MUMBAI_POLICE_CCTNS,SRC_P_02245,1.0,CANONICAL_ID,True
PSI_02246,P_02294,MUMBAI_POLICE_CCTNS,SRC_P_02246,1.0,CANONICAL_ID,True
PSI_02247,P_02295,MUMBAI_POLICE_CCTNS,SRC_P_02247,1.0,CANONICAL_ID,True
PSI_02248,P_02296,MUMBAI_POLICE_CCTNS,SRC_P_02248,1.0,CANONICAL_ID,True
PSI_02249,P_02297,MUMBAI_POLICE_CCTNS,SRC_P_02249,1.0,CANONICAL_ID,True
PSI_02250,P_02298,MUMBAI_POLICE_CCTNS,SRC_P_02250,1.0,CANONICAL_ID,True
PSI_02251,P_02299,MUMBAI_POLICE_CCTNS,SRC_P_02251,1.0,CANONICAL_ID,True
PSI_02252,P_02300,MUMBAI_POLICE_CCTNS,SRC_P_02252,1.0,CANONICAL_ID,True
PSI_02253,P_02301,MUMBAI_POLICE_CCTNS,SRC_P_02253,1.0,CANONICAL_ID,True
PSI_02254,P_02302,MUMBAI_POLICE_CCTNS,SRC_P_02254,1.0,CANONICAL_ID,True
PSI_02255,P_02303,MUMBAI_POLICE_CCTNS,SRC_P_02255,1.0,CANONICAL_ID,True
PSI_02256,P_02304,MUMBAI_POLICE_CCTNS,SRC_P_02256,1.0,CANONICAL_ID,True
PSI_02257,P_02305,MUMBAI_POLICE_CCTNS,SRC_P_02257,1.0,CANONICAL_ID,True
PSI_02258,P_02306,MUMBAI_POLICE_CCTNS,SRC_P_02258,1.0,CANONICAL_ID,True
PSI_02259,P_02307,MUMBAI_POLICE_CCTNS,SRC_P_02259,1.0,CANONICAL_ID,True
PSI_02260,P_02308,MUMBAI_POLICE_CCTNS,SRC_P_02260,1.0,CANONICAL_ID,True
PSI_02261,P_02309,MUMBAI_POLICE_CCTNS,SRC_P_02261,1.0,CANONICAL_ID,True
PSI_02262,P_02310,MUMBAI_POLICE_CCTNS,SRC_P_02262,1.0,CANONICAL_ID,True
PSI_02263,P_02311,MUMBAI_POLICE_CCTNS,SRC_P_02263,1.0,CANONICAL_ID,True
PSI_02264,P_02312,MUMBAI_POLICE_CCTNS,SRC_P_02264,1.0,CANONICAL_ID,True
PSI_02265,P_02313,MUMBAI_POLICE_CCTNS,SRC_P_02265,1.0,CANONICAL_ID,True
PSI_02266,P_02314,MUMBAI_POLICE_CCTNS,SRC_P_02266,1.0,CANONICAL_ID,True
PSI_02267,P_02315,MUMBAI_POLICE_CCTNS,SRC_P_02267,1.0,CANONICAL_ID,True
PSI_02268,P_02316,MUMBAI_POLICE_CCTNS,SRC_P_02268,1.0,CANONICAL_ID,True
PSI_02269,P_02317,MUMBAI_POLICE_CCTNS,SRC_P_02269,1.0,CANONICAL_ID,True
PSI_02270,P_02318,MUMBAI_POLICE_CCTNS,SRC_P_02270,1.0,CANONICAL_ID,True
PSI_02271,P_02319,MUMBAI_POLICE_CCTNS,SRC_P_02271,1.0,CANONICAL_ID,True
PSI_02272,P_02320,MUMBAI_POLICE_CCTNS,SRC_P_02272,1.0,CANONICAL_ID,True
PSI_02273,P_02321,MUMBAI_POLICE_CCTNS,SRC_P_02273,1.0,CANONICAL_ID,True
PSI_02274,P_02322,MUMBAI_POLICE_CCTNS,SRC_P_02274,1.0,CANONICAL_ID,True
PSI_02275,P_02323,MUMBAI_POLICE_CCTNS,SRC_P_02275,1.0,CANONICAL_ID,True
PSI_02276,P_02324,MUMBAI_POLICE_CCTNS,SRC_P_02276,1.0,CANONICAL_ID,True
PSI_02277,P_02325,MUMBAI_POLICE_CCTNS,SRC_P_02277,1.0,CANONICAL_ID,True
PSI_02278,P_02326,MUMBAI_POLICE_CCTNS,SRC_P_02278,1.0,CANONICAL_ID,True
PSI_02279,P_02327,MUMBAI_POLICE_CCTNS,SRC_P_02279,1.0,CANONICAL_ID,True
PSI_02280,P_02328,MUMBAI_POLICE_CCTNS,SRC_P_02280,1.0,CANONICAL_ID,True
PSI_02281,P_02329,MUMBAI_POLICE_CCTNS,SRC_P_02281,1.0,CANONICAL_ID,True
PSI_02282,P_02330,MUMBAI_POLICE_CCTNS,SRC_P_02282,1.0,CANONICAL_ID,True
PSI_02283,P_02331,MUMBAI_POLICE_CCTNS,SRC_P_02283,1.0,CANONICAL_ID,True
PSI_02284,P_02332,MUMBAI_POLICE_CCTNS,SRC_P_02284,1.0,CANONICAL_ID,True
PSI_02285,P_02333,MUMBAI_POLICE_CCTNS,SRC_P_02285,1.0,CANONICAL_ID,True
PSI_02286,P_02334,MUMBAI_POLICE_CCTNS,SRC_P_02286,1.0,CANONICAL_ID,True
PSI_02287,P_02335,MUMBAI_POLICE_CCTNS,SRC_P_02287,1.0,CANONICAL_ID,True
PSI_02288,P_02336,MUMBAI_POLICE_CCTNS,SRC_P_02288,1.0,CANONICAL_ID,True
PSI_02289,P_02337,MUMBAI_POLICE_CCTNS,SRC_P_02289,1.0,CANONICAL_ID,True
PSI_02290,P_02338,MUMBAI_POLICE_CCTNS,SRC_P_02290,1.0,CANONICAL_ID,True
PSI_02291,P_02339,MUMBAI_POLICE_CCTNS,SRC_P_02291,1.0,CANONICAL_ID,True
PSI_02292,P_02340,MUMBAI_POLICE_CCTNS,SRC_P_02292,1.0,CANONICAL_ID,True
PSI_02293,P_02341,MUMBAI_POLICE_CCTNS,SRC_P_02293,1.0,CANONICAL_ID,True
PSI_02294,P_02342,MUMBAI_POLICE_CCTNS,SRC_P_02294,1.0,CANONICAL_ID,True
PSI_02295,P_02343,MUMBAI_POLICE_CCTNS,SRC_P_02295,1.0,CANONICAL_ID,True
PSI_02296,P_02344,MUMBAI_POLICE_CCTNS,SRC_P_02296,1.0,CANONICAL_ID,True
PSI_02297,P_02345,MUMBAI_POLICE_CCTNS,SRC_P_02297,1.0,CANONICAL_ID,True
PSI_02298,P_02346,MUMBAI_POLICE_CCTNS,SRC_P_02298,1.0,CANONICAL_ID,True
PSI_02299,P_02347,MUMBAI_POLICE_CCTNS,SRC_P_02299,1.0,CANONICAL_ID,True
PSI_02300,P_02348,MUMBAI_POLICE_CCTNS,SRC_P_02300,1.0,CANONICAL_ID,True
PSI_02301,P_02349,MUMBAI_POLICE_CCTNS,SRC_P_02301,1.0,CANONICAL_ID,True
PSI_02302,P_02350,MUMBAI_POLICE_CCTNS,SRC_P_02302,1.0,CANONICAL_ID,True
PSI_02303,P_02351,MUMBAI_POLICE_CCTNS,SRC_P_02303,1.0,CANONICAL_ID,True
PSI_02304,P_02352,MUMBAI_POLICE_CCTNS,SRC_P_02304,1.0,CANONICAL_ID,True
PSI_02305,P_02353,MUMBAI_POLICE_CCTNS,SRC_P_02305,1.0,CANONICAL_ID,True
PSI_02306,P_02354,MUMBAI_POLICE_CCTNS,SRC_P_02306,1.0,CANONICAL_ID,True
PSI_02307,P_02355,MUMBAI_POLICE_CCTNS,SRC_P_02307,1.0,CANONICAL_ID,True
PSI_02308,P_02356,MUMBAI_POLICE_CCTNS,SRC_P_02308,1.0,CANONICAL_ID,True
PSI_02309,P_02357,MUMBAI_POLICE_CCTNS,SRC_P_02309,1.0,CANONICAL_ID,True
PSI_02310,P_02358,MUMBAI_POLICE_CCTNS,SRC_P_02310,1.0,CANONICAL_ID,True
PSI_02311,P_02359,MUMBAI_POLICE_CCTNS,SRC_P_02311,1.0,CANONICAL_ID,True
PSI_02312,P_02360,MUMBAI_POLICE_CCTNS,SRC_P_02312,1.0,CANONICAL_ID,True
PSI_02313,P_02361,MUMBAI_POLICE_CCTNS,SRC_P_02313,1.0,CANONICAL_ID,True
PSI_02314,P_02362,MUMBAI_POLICE_CCTNS,SRC_P_02314,1.0,CANONICAL_ID,True
PSI_02315,P_02363,MUMBAI_POLICE_CCTNS,SRC_P_02315,1.0,CANONICAL_ID,True
PSI_02316,P_02364,MUMBAI_POLICE_CCTNS,SRC_P_02316,1.0,CANONICAL_ID,True
PSI_02317,P_02365,MUMBAI_POLICE_CCTNS,SRC_P_02317,1.0,CANONICAL_ID,True
PSI_02318,P_02366,MUMBAI_POLICE_CCTNS,SRC_P_02318,1.0,CANONICAL_ID,True
PSI_02319,P_02367,MUMBAI_POLICE_CCTNS,SRC_P_02319,1.0,CANONICAL_ID,True
PSI_02320,P_02368,MUMBAI_POLICE_CCTNS,SRC_P_02320,1.0,CANONICAL_ID,True
PSI_02321,P_02369,MUMBAI_POLICE_CCTNS,SRC_P_02321,1.0,CANONICAL_ID,True
PSI_02322,P_02370,MUMBAI_POLICE_CCTNS,SRC_P_02322,1.0,CANONICAL_ID,True
PSI_02323,P_02371,MUMBAI_POLICE_CCTNS,SRC_P_02323,1.0,CANONICAL_ID,True
PSI_02324,P_02372,MUMBAI_POLICE_CCTNS,SRC_P_02324,1.0,CANONICAL_ID,True
PSI_02325,P_02373,MUMBAI_POLICE_CCTNS,SRC_P_02325,1.0,CANONICAL_ID,True
PSI_02326,P_02374,MUMBAI_POLICE_CCTNS,SRC_P_02326,1.0,CANONICAL_ID,True
PSI_02327,P_02375,MUMBAI_POLICE_CCTNS,SRC_P_02327,1.0,CANONICAL_ID,True
PSI_02328,P_02376,MUMBAI_POLICE_CCTNS,SRC_P_02328,1.0,CANONICAL_ID,True
PSI_02329,P_02377,MUMBAI_POLICE_CCTNS,SRC_P_02329,1.0,CANONICAL_ID,True
PSI_02330,P_02378,MUMBAI_POLICE_CCTNS,SRC_P_02330,1.0,CANONICAL_ID,True
PSI_02331,P_02379,MUMBAI_POLICE_CCTNS,SRC_P_02331,1.0,CANONICAL_ID,True
PSI_02332,P_02380,MUMBAI_POLICE_CCTNS,SRC_P_02332,1.0,CANONICAL_ID,True
PSI_02333,P_02381,MUMBAI_POLICE_CCTNS,SRC_P_02333,1.0,CANONICAL_ID,True
PSI_02334,P_02382,MUMBAI_POLICE_CCTNS,SRC_P_02334,1.0,CANONICAL_ID,True
PSI_02335,P_02383,MUMBAI_POLICE_CCTNS,SRC_P_02335,1.0,CANONICAL_ID,True
PSI_02336,P_02384,MUMBAI_POLICE_CCTNS,SRC_P_02336,1.0,CANONICAL_ID,True
PSI_02337,P_02385,MUMBAI_POLICE_CCTNS,SRC_P_02337,1.0,CANONICAL_ID,True
PSI_02338,P_02386,MUMBAI_POLICE_CCTNS,SRC_P_02338,1.0,CANONICAL_ID,True
PSI_02339,P_02387,MUMBAI_POLICE_CCTNS,SRC_P_02339,1.0,CANONICAL_ID,True
PSI_02340,P_02388,MUMBAI_POLICE_CCTNS,SRC_P_02340,1.0,CANONICAL_ID,True
PSI_02341,P_02389,MUMBAI_POLICE_CCTNS,SRC_P_02341,1.0,CANONICAL_ID,True
PSI_02342,P_02390,MUMBAI_POLICE_CCTNS,SRC_P_02342,1.0,CANONICAL_ID,True
PSI_02343,P_02391,MUMBAI_POLICE_CCTNS,SRC_P_02343,1.0,CANONICAL_ID,True
PSI_02344,P_02392,MUMBAI_POLICE_CCTNS,SRC_P_02344,1.0,CANONICAL_ID,True
PSI_02345,P_02393,MUMBAI_POLICE_CCTNS,SRC_P_02345,1.0,CANONICAL_ID,True
PSI_02346,P_02394,MUMBAI_POLICE_CCTNS,SRC_P_02346,1.0,CANONICAL_ID,True
PSI_02347,P_02395,MUMBAI_POLICE_CCTNS,SRC_P_02347,1.0,CANONICAL_ID,True
PSI_02348,P_02396,MUMBAI_POLICE_CCTNS,SRC_P_02348,1.0,CANONICAL_ID,True
PSI_02349,P_02397,MUMBAI_POLICE_CCTNS,SRC_P_02349,1.0,CANONICAL_ID,True
PSI_02350,P_02398,MUMBAI_POLICE_CCTNS,SRC_P_02350,1.0,CANONICAL_ID,True
PSI_02351,P_02399,MUMBAI_POLICE_CCTNS,SRC_P_02351,1.0,CANONICAL_ID,True
PSI_02352,P_02400,MUMBAI_POLICE_CCTNS,SRC_P_02352,1.0,CANONICAL_ID,True
PSI_02353,P_02401,MUMBAI_POLICE_CCTNS,SRC_P_02353,1.0,CANONICAL_ID,True
PSI_02354,P_02402,MUMBAI_POLICE_CCTNS,SRC_P_02354,1.0,CANONICAL_ID,True
PSI_02355,P_02403,MUMBAI_POLICE_CCTNS,SRC_P_02355,1.0,CANONICAL_ID,True
PSI_02356,P_02404,MUMBAI_POLICE_CCTNS,SRC_P_02356,1.0,CANONICAL_ID,True
PSI_02357,P_02405,MUMBAI_POLICE_CCTNS,SRC_P_02357,1.0,CANONICAL_ID,True
PSI_02358,P_02406,MUMBAI_POLICE_CCTNS,SRC_P_02358,1.0,CANONICAL_ID,True
PSI_02359,P_02407,MUMBAI_POLICE_CCTNS,SRC_P_02359,1.0,CANONICAL_ID,True
PSI_02360,P_02408,MUMBAI_POLICE_CCTNS,SRC_P_02360,1.0,CANONICAL_ID,True
PSI_02361,P_02409,MUMBAI_POLICE_CCTNS,SRC_P_02361,1.0,CANONICAL_ID,True
PSI_02362,P_02410,MUMBAI_POLICE_CCTNS,SRC_P_02362,1.0,CANONICAL_ID,True
PSI_02363,P_02411,MUMBAI_POLICE_CCTNS,SRC_P_02363,1.0,CANONICAL_ID,True
PSI_02364,P_02412,MUMBAI_POLICE_CCTNS,SRC_P_02364,1.0,CANONICAL_ID,True
PSI_02365,P_02413,MUMBAI_POLICE_CCTNS,SRC_P_02365,1.0,CANONICAL_ID,True
PSI_02366,P_02414,MUMBAI_POLICE_CCTNS,SRC_P_02366,1.0,CANONICAL_ID,True
PSI_02367,P_02415,MUMBAI_POLICE_CCTNS,SRC_P_02367,1.0,CANONICAL_ID,True
PSI_02368,P_02416,MUMBAI_POLICE_CCTNS,SRC_P_02368,1.0,CANONICAL_ID,True
PSI_02369,P_02417,MUMBAI_POLICE_CCTNS,SRC_P_02369,1.0,CANONICAL_ID,True
PSI_02370,P_02418,MUMBAI_POLICE_CCTNS,SRC_P_02370,1.0,CANONICAL_ID,True
PSI_02371,P_02419,MUMBAI_POLICE_CCTNS,SRC_P_02371,1.0,CANONICAL_ID,True
PSI_02372,P_02420,MUMBAI_POLICE_CCTNS,SRC_P_02372,1.0,CANONICAL_ID,True
PSI_02373,P_02421,MUMBAI_POLICE_CCTNS,SRC_P_02373,1.0,CANONICAL_ID,True
PSI_02374,P_02422,MUMBAI_POLICE_CCTNS,SRC_P_02374,1.0,CANONICAL_ID,True
PSI_02375,P_02423,MUMBAI_POLICE_CCTNS,SRC_P_02375,1.0,CANONICAL_ID,True
PSI_02376,P_02424,MUMBAI_POLICE_CCTNS,SRC_P_02376,1.0,CANONICAL_ID,True
PSI_02377,P_02425,MUMBAI_POLICE_CCTNS,SRC_P_02377,1.0,CANONICAL_ID,True
PSI_02378,P_02426,MUMBAI_POLICE_CCTNS,SRC_P_02378,1.0,CANONICAL_ID,True
PSI_02379,P_02427,MUMBAI_POLICE_CCTNS,SRC_P_02379,1.0,CANONICAL_ID,True
PSI_02380,P_02428,MUMBAI_POLICE_CCTNS,SRC_P_02380,1.0,CANONICAL_ID,True
PSI_02381,P_02429,MUMBAI_POLICE_CCTNS,SRC_P_02381,1.0,CANONICAL_ID,True
PSI_02382,P_02430,MUMBAI_POLICE_CCTNS,SRC_P_02382,1.0,CANONICAL_ID,True
PSI_02383,P_02431,MUMBAI_POLICE_CCTNS,SRC_P_02383,1.0,CANONICAL_ID,True
PSI_02384,P_02432,MUMBAI_POLICE_CCTNS,SRC_P_02384,1.0,CANONICAL_ID,True
PSI_02385,P_02433,MUMBAI_POLICE_CCTNS,SRC_P_02385,1.0,CANONICAL_ID,True
PSI_02386,P_02434,MUMBAI_POLICE_CCTNS,SRC_P_02386,1.0,CANONICAL_ID,True
PSI_02387,P_02435,MUMBAI_POLICE_CCTNS,SRC_P_02387,1.0,CANONICAL_ID,True
PSI_02388,P_02436,MUMBAI_POLICE_CCTNS,SRC_P_02388,1.0,CANONICAL_ID,True
PSI_02389,P_02437,MUMBAI_POLICE_CCTNS,SRC_P_02389,1.0,CANONICAL_ID,True
PSI_02390,P_02438,MUMBAI_POLICE_CCTNS,SRC_P_02390,1.0,CANONICAL_ID,True
PSI_02391,P_02439,MUMBAI_POLICE_CCTNS,SRC_P_02391,1.0,CANONICAL_ID,True
PSI_02392,P_02440,MUMBAI_POLICE_CCTNS,SRC_P_02392,1.0,CANONICAL_ID,True
PSI_02393,P_02441,MUMBAI_POLICE_CCTNS,SRC_P_02393,1.0,CANONICAL_ID,True
PSI_02394,P_02442,MUMBAI_POLICE_CCTNS,SRC_P_02394,1.0,CANONICAL_ID,True
PSI_02395,P_02443,MUMBAI_POLICE_CCTNS,SRC_P_02395,1.0,CANONICAL_ID,True
PSI_02396,P_02444,MUMBAI_POLICE_CCTNS,SRC_P_02396,1.0,CANONICAL_ID,True
PSI_02397,P_02445,MUMBAI_POLICE_CCTNS,SRC_P_02397,1.0,CANONICAL_ID,True
PSI_02398,P_02446,MUMBAI_POLICE_CCTNS,SRC_P_02398,1.0,CANONICAL_ID,True
PSI_02399,P_02447,MUMBAI_POLICE_CCTNS,SRC_P_02399,1.0,CANONICAL_ID,True
PSI_02400,P_02448,MUMBAI_POLICE_CCTNS,SRC_P_02400,1.0,CANONICAL_ID,True
PSI_02401,P_02449,MUMBAI_POLICE_CCTNS,SRC_P_02401,1.0,CANONICAL_ID,True
PSI_02402,P_02450,MUMBAI_POLICE_CCTNS,SRC_P_02402,1.0,CANONICAL_ID,True
PSI_02403,P_02451,MUMBAI_POLICE_CCTNS,SRC_P_02403,1.0,CANONICAL_ID,True
PSI_02404,P_02452,MUMBAI_POLICE_CCTNS,SRC_P_02404,1.0,CANONICAL_ID,True
PSI_02405,P_02453,MUMBAI_POLICE_CCTNS,SRC_P_02405,1.0,CANONICAL_ID,True
PSI_02406,P_02454,MUMBAI_POLICE_CCTNS,SRC_P_02406,1.0,CANONICAL_ID,True
PSI_02407,P_02455,MUMBAI_POLICE_CCTNS,SRC_P_02407,1.0,CANONICAL_ID,True
PSI_02408,P_02456,MUMBAI_POLICE_CCTNS,SRC_P_02408,1.0,CANONICAL_ID,True
PSI_02409,P_02457,MUMBAI_POLICE_CCTNS,SRC_P_02409,1.0,CANONICAL_ID,True
PSI_02410,P_02458,MUMBAI_POLICE_CCTNS,SRC_P_02410,1.0,CANONICAL_ID,True
PSI_02411,P_02459,MUMBAI_POLICE_CCTNS,SRC_P_02411,1.0,CANONICAL_ID,True
PSI_02412,P_02460,MUMBAI_POLICE_CCTNS,SRC_P_02412,1.0,CANONICAL_ID,True
PSI_02413,P_02461,MUMBAI_POLICE_CCTNS,SRC_P_02413,1.0,CANONICAL_ID,True
PSI_02414,P_02462,MUMBAI_POLICE_CCTNS,SRC_P_02414,1.0,CANONICAL_ID,True
PSI_02415,P_02463,MUMBAI_POLICE_CCTNS,SRC_P_02415,1.0,CANONICAL_ID,True
PSI_02416,P_02464,MUMBAI_POLICE_CCTNS,SRC_P_02416,1.0,CANONICAL_ID,True
PSI_02417,P_02465,MUMBAI_POLICE_CCTNS,SRC_P_02417,1.0,CANONICAL_ID,True
PSI_02418,P_02466,MUMBAI_POLICE_CCTNS,SRC_P_02418,1.0,CANONICAL_ID,True
PSI_02419,P_02467,MUMBAI_POLICE_CCTNS,SRC_P_02419,1.0,CANONICAL_ID,True
PSI_02420,P_02468,MUMBAI_POLICE_CCTNS,SRC_P_02420,1.0,CANONICAL_ID,True
PSI_02421,P_02469,MUMBAI_POLICE_CCTNS,SRC_P_02421,1.0,CANONICAL_ID,True
PSI_02422,P_02470,MUMBAI_POLICE_CCTNS,SRC_P_02422,1.0,CANONICAL_ID,True
PSI_02423,P_02471,MUMBAI_POLICE_CCTNS,SRC_P_02423,1.0,CANONICAL_ID,True
PSI_02424,P_02472,MUMBAI_POLICE_CCTNS,SRC_P_02424,1.0,CANONICAL_ID,True
PSI_02425,P_02473,MUMBAI_POLICE_CCTNS,SRC_P_02425,1.0,CANONICAL_ID,True
PSI_02426,P_02474,MUMBAI_POLICE_CCTNS,SRC_P_02426,1.0,CANONICAL_ID,True
PSI_02427,P_02475,MUMBAI_POLICE_CCTNS,SRC_P_02427,1.0,CANONICAL_ID,True
PSI_02428,P_02476,MUMBAI_POLICE_CCTNS,SRC_P_02428,1.0,CANONICAL_ID,True
PSI_02429,P_02477,MUMBAI_POLICE_CCTNS,SRC_P_02429,1.0,CANONICAL_ID,True
PSI_02430,P_02478,MUMBAI_POLICE_CCTNS,SRC_P_02430,1.0,CANONICAL_ID,True
PSI_02431,P_02479,MUMBAI_POLICE_CCTNS,SRC_P_02431,1.0,CANONICAL_ID,True
PSI_02432,P_02480,MUMBAI_POLICE_CCTNS,SRC_P_02432,1.0,CANONICAL_ID,True
PSI_02433,P_02481,MUMBAI_POLICE_CCTNS,SRC_P_02433,1.0,CANONICAL_ID,True
PSI_02434,P_02482,MUMBAI_POLICE_CCTNS,SRC_P_02434,1.0,CANONICAL_ID,True
PSI_02435,P_02483,MUMBAI_POLICE_CCTNS,SRC_P_02435,1.0,CANONICAL_ID,True
PSI_02436,P_02484,MUMBAI_POLICE_CCTNS,SRC_P_02436,1.0,CANONICAL_ID,True
PSI_02437,P_02485,MUMBAI_POLICE_CCTNS,SRC_P_02437,1.0,CANONICAL_ID,True
PSI_02438,P_02486,MUMBAI_POLICE_CCTNS,SRC_P_02438,1.0,CANONICAL_ID,True
PSI_02439,P_02487,MUMBAI_POLICE_CCTNS,SRC_P_02439,1.0,CANONICAL_ID,True
PSI_02440,P_02488,MUMBAI_POLICE_CCTNS,SRC_P_02440,1.0,CANONICAL_ID,True
PSI_02441,P_02489,MUMBAI_POLICE_CCTNS,SRC_P_02441,1.0,CANONICAL_ID,True
PSI_02442,P_02490,MUMBAI_POLICE_CCTNS,SRC_P_02442,1.0,CANONICAL_ID,True
PSI_02443,P_02491,MUMBAI_POLICE_CCTNS,SRC_P_02443,1.0,CANONICAL_ID,True
PSI_02444,P_02492,MUMBAI_POLICE_CCTNS,SRC_P_02444,1.0,CANONICAL_ID,True
PSI_02445,P_02493,MUMBAI_POLICE_CCTNS,SRC_P_02445,1.0,CANONICAL_ID,True
PSI_02446,P_02494,MUMBAI_POLICE_CCTNS,SRC_P_02446,1.0,CANONICAL_ID,True
PSI_02447,P_02495,MUMBAI_POLICE_CCTNS,SRC_P_02447,1.0,CANONICAL_ID,True
PSI_02448,P_02496,MUMBAI_POLICE_CCTNS,SRC_P_02448,1.0,CANONICAL_ID,True
PSI_02449,P_02497,MUMBAI_POLICE_CCTNS,SRC_P_02449,1.0,CANONICAL_ID,True
PSI_02450,P_02498,MUMBAI_POLICE_CCTNS,SRC_P_02450,1.0,CANONICAL_ID,True
PSI_02451,P_02499,MUMBAI_POLICE_CCTNS,SRC_P_02451,1.0,CANONICAL_ID,True
PSI_02452,P_02500,MUMBAI_POLICE_CCTNS,SRC_P_02452,1.0,CANONICAL_ID,True
PSI_02453,P_02001,MUMBAI_POLICE_CCTNS,SRC_P_02453,1.0,CANONICAL_ID,True
PSI_02454,P_02002,MUMBAI_POLICE_CCTNS,SRC_P_02454,1.0,CANONICAL_ID,True
PSI_02455,P_02003,MUMBAI_POLICE_CCTNS,SRC_P_02455,1.0,CANONICAL_ID,True
PSI_02456,P_02004,MUMBAI_POLICE_CCTNS,SRC_P_02456,1.0,CANONICAL_ID,True
PSI_02457,P_02005,MUMBAI_POLICE_CCTNS,SRC_P_02457,1.0,CANONICAL_ID,True
PSI_02458,P_02006,MUMBAI_POLICE_CCTNS,SRC_P_02458,1.0,CANONICAL_ID,True
PSI_02459,P_02007,MUMBAI_POLICE_CCTNS,SRC_P_02459,1.0,CANONICAL_ID,True
PSI_02460,P_02008,MUMBAI_POLICE_CCTNS,SRC_P_02460,1.0,CANONICAL_ID,True
PSI_02461,P_02009,MUMBAI_POLICE_CCTNS,SRC_P_02461,1.0,CANONICAL_ID,True
PSI_02462,P_02010,MUMBAI_POLICE_CCTNS,SRC_P_02462,1.0,CANONICAL_ID,True
PSI_02463,P_02011,MUMBAI_POLICE_CCTNS,SRC_P_02463,1.0,CANONICAL_ID,True
PSI_02464,P_02012,MUMBAI_POLICE_CCTNS,SRC_P_02464,1.0,CANONICAL_ID,True
PSI_02465,P_02013,MUMBAI_POLICE_CCTNS,SRC_P_02465,1.0,CANONICAL_ID,True
PSI_02466,P_02014,MUMBAI_POLICE_CCTNS,SRC_P_02466,1.0,CANONICAL_ID,True
PSI_02467,P_02015,MUMBAI_POLICE_CCTNS,SRC_P_02467,1.0,CANONICAL_ID,True
PSI_02468,P_02016,MUMBAI_POLICE_CCTNS,SRC_P_02468,1.0,CANONICAL_ID,True
PSI_02469,P_02017,MUMBAI_POLICE_CCTNS,SRC_P_02469,1.0,CANONICAL_ID,True
PSI_02470,P_02018,MUMBAI_POLICE_CCTNS,SRC_P_02470,1.0,CANONICAL_ID,True
PSI_02471,P_02019,MUMBAI_POLICE_CCTNS,SRC_P_02471,1.0,CANONICAL_ID,True
PSI_02472,P_02020,MUMBAI_POLICE_CCTNS,SRC_P_02472,1.0,CANONICAL_ID,True
PSI_02473,P_02021,MUMBAI_POLICE_CCTNS,SRC_P_02473,1.0,CANONICAL_ID,True
PSI_02474,P_02022,MUMBAI_POLICE_CCTNS,SRC_P_02474,1.0,CANONICAL_ID,True
PSI_02475,P_02023,MUMBAI_POLICE_CCTNS,SRC_P_02475,1.0,CANONICAL_ID,True
PSI_02476,P_02024,MUMBAI_POLICE_CCTNS,SRC_P_02476,1.0,CANONICAL_ID,True
PSI_02477,P_02025,MUMBAI_POLICE_CCTNS,SRC_P_02477,1.0,CANONICAL_ID,True
PSI_02478,P_02026,MUMBAI_POLICE_CCTNS,SRC_P_02478,1.0,CANONICAL_ID,True
PSI_02479,P_02027,MUMBAI_POLICE_CCTNS,SRC_P_02479,1.0,CANONICAL_ID,True
PSI_02480,P_02028,MUMBAI_POLICE_CCTNS,SRC_P_02480,1.0,CANONICAL_ID,True
PSI_02481,P_02029,MUMBAI_POLICE_CCTNS,SRC_P_02481,1.0,CANONICAL_ID,True
PSI_02482,P_02030,MUMBAI_POLICE_CCTNS,SRC_P_02482,1.0,CANONICAL_ID,True
PSI_02483,P_02031,MUMBAI_POLICE_CCTNS,SRC_P_02483,1.0,CANONICAL_ID,True
PSI_02484,P_02032,MUMBAI_POLICE_CCTNS,SRC_P_02484,1.0,CANONICAL_ID,True
PSI_02485,P_02033,MUMBAI_POLICE_CCTNS,SRC_P_02485,1.0,CANONICAL_ID,True
PSI_02486,P_02034,MUMBAI_POLICE_CCTNS,SRC_P_02486,1.0,CANONICAL_ID,True
PSI_02487,P_02035,MUMBAI_POLICE_CCTNS,SRC_P_02487,1.0,CANONICAL_ID,True
PSI_02488,P_02036,MUMBAI_POLICE_CCTNS,SRC_P_02488,1.0,CANONICAL_ID,True
PSI_02489,P_02037,MUMBAI_POLICE_CCTNS,SRC_P_02489,1.0,CANONICAL_ID,True
PSI_02490,P_02038,MUMBAI_POLICE_CCTNS,SRC_P_02490,1.0,CANONICAL_ID,True
PSI_02491,P_02039,MUMBAI_POLICE_CCTNS,SRC_P_02491,1.0,CANONICAL_ID,True
PSI_02492,P_02040,MUMBAI_POLICE_CCTNS,SRC_P_02492,1.0,CANONICAL_ID,True
PSI_02493,P_02041,MUMBAI_POLICE_CCTNS,SRC_P_02493,1.0,CANONICAL_ID,True
PSI_02494,P_02042,MUMBAI_POLICE_CCTNS,SRC_P_02494,1.0,CANONICAL_ID,True
PSI_02495,P_02043,MUMBAI_POLICE_CCTNS,SRC_P_02495,1.0,CANONICAL_ID,True
PSI_02496,P_02044,MUMBAI_POLICE_CCTNS,SRC_P_02496,1.0,CANONICAL_ID,True
PSI_02497,P_02045,MUMBAI_POLICE_CCTNS,SRC_P_02497,1.0,CANONICAL_ID,True
PSI_02498,P_02046,MUMBAI_POLICE_CCTNS,SRC_P_02498,1.0,CANONICAL_ID,True
PSI_02499,P_02047,MUMBAI_POLICE_CCTNS,SRC_P_02499,1.0,CANONICAL_ID,True
PSI_02500,P_02048,MUMBAI_POLICE_CCTNS,SRC_P_02500,1.0,CANONICAL_ID,True
PSI_02501,P_02501,MUMBAI_POLICE_CCTNS,SRC_P_02501,1.0,CANONICAL_ID,True
PSI_02502,P_02502,MUMBAI_POLICE_CCTNS,SRC_P_02502,1.0,CANONICAL_ID,True
PSI_02503,P_02503,MUMBAI_POLICE_CCTNS,SRC_P_02503,1.0,CANONICAL_ID,True
PSI_02504,P_02504,MUMBAI_POLICE_CCTNS,SRC_P_02504,1.0,CANONICAL_ID,True
PSI_02505,P_02505,MUMBAI_POLICE_CCTNS,SRC_P_02505,1.0,CANONICAL_ID,True
PSI_02506,P_02506,MUMBAI_POLICE_CCTNS,SRC_P_02506,1.0,CANONICAL_ID,True
PSI_02507,P_02507,MUMBAI_POLICE_CCTNS,SRC_P_02507,1.0,CANONICAL_ID,True
PSI_02508,P_02508,MUMBAI_POLICE_CCTNS,SRC_P_02508,1.0,CANONICAL_ID,True
PSI_02509,P_02509,MUMBAI_POLICE_CCTNS,SRC_P_02509,1.0,CANONICAL_ID,True
PSI_02510,P_02510,MUMBAI_POLICE_CCTNS,SRC_P_02510,1.0,CANONICAL_ID,True
PSI_02511,P_02511,MUMBAI_POLICE_CCTNS,SRC_P_02511,1.0,CANONICAL_ID,True
PSI_02512,P_02512,MUMBAI_POLICE_CCTNS,SRC_P_02512,1.0,CANONICAL_ID,True
PSI_02513,P_02513,MUMBAI_POLICE_CCTNS,SRC_P_02513,1.0,CANONICAL_ID,True
PSI_02514,P_02514,MUMBAI_POLICE_CCTNS,SRC_P_02514,1.0,CANONICAL_ID,True
PSI_02515,P_02515,MUMBAI_POLICE_CCTNS,SRC_P_02515,1.0,CANONICAL_ID,True
PSI_02516,P_02516,MUMBAI_POLICE_CCTNS,SRC_P_02516,1.0,CANONICAL_ID,True
PSI_02517,P_02517,MUMBAI_POLICE_CCTNS,SRC_P_02517,1.0,CANONICAL_ID,True
PSI_02518,P_02518,MUMBAI_POLICE_CCTNS,SRC_P_02518,1.0,CANONICAL_ID,True
PSI_02519,P_02519,MUMBAI_POLICE_CCTNS,SRC_P_02519,1.0,CANONICAL_ID,True
PSI_02520,P_02520,MUMBAI_POLICE_CCTNS,SRC_P_02520,1.0,CANONICAL_ID,True
PSI_02521,P_02521,MUMBAI_POLICE_CCTNS,SRC_P_02521,1.0,CANONICAL_ID,True
PSI_02522,P_02522,MUMBAI_POLICE_CCTNS,SRC_P_02522,1.0,CANONICAL_ID,True
PSI_02523,P_02523,MUMBAI_POLICE_CCTNS,SRC_P_02523,1.0,CANONICAL_ID,True
PSI_02524,P_02524,MUMBAI_POLICE_CCTNS,SRC_P_02524,1.0,CANONICAL_ID,True
PSI_02525,P_02525,MUMBAI_POLICE_CCTNS,SRC_P_02525,1.0,CANONICAL_ID,True
PSI_02526,P_02526,MUMBAI_POLICE_CCTNS,SRC_P_02526,1.0,CANONICAL_ID,True
PSI_02527,P_02527,MUMBAI_POLICE_CCTNS,SRC_P_02527,1.0,CANONICAL_ID,True
PSI_02528,P_02528,MUMBAI_POLICE_CCTNS,SRC_P_02528,1.0,CANONICAL_ID,True
PSI_02529,P_02529,MUMBAI_POLICE_CCTNS,SRC_P_02529,1.0,CANONICAL_ID,True
PSI_02530,P_02530,MUMBAI_POLICE_CCTNS,SRC_P_02530,1.0,CANONICAL_ID,True
PSI_02531,P_02531,MUMBAI_POLICE_CCTNS,SRC_P_02531,1.0,CANONICAL_ID,True
PSI_02532,P_02532,MUMBAI_POLICE_CCTNS,SRC_P_02532,1.0,CANONICAL_ID,True
PSI_02533,P_02533,MUMBAI_POLICE_CCTNS,SRC_P_02533,1.0,CANONICAL_ID,True
PSI_02534,P_02534,MUMBAI_POLICE_CCTNS,SRC_P_02534,1.0,CANONICAL_ID,True
PSI_02535,P_02535,MUMBAI_POLICE_CCTNS,SRC_P_02535,1.0,CANONICAL_ID,True
PSI_02536,P_02536,MUMBAI_POLICE_CCTNS,SRC_P_02536,1.0,CANONICAL_ID,True
PSI_02537,P_02537,MUMBAI_POLICE_CCTNS,SRC_P_02537,1.0,CANONICAL_ID,True
PSI_02538,P_02538,MUMBAI_POLICE_CCTNS,SRC_P_02538,1.0,CANONICAL_ID,True
PSI_02539,P_02539,MUMBAI_POLICE_CCTNS,SRC_P_02539,1.0,CANONICAL_ID,True
PSI_02540,P_02540,MUMBAI_POLICE_CCTNS,SRC_P_02540,1.0,CANONICAL_ID,True
PSI_02541,P_02541,MUMBAI_POLICE_CCTNS,SRC_P_02541,1.0,CANONICAL_ID,True
PSI_02542,P_02542,MUMBAI_POLICE_CCTNS,SRC_P_02542,1.0,CANONICAL_ID,True
PSI_02543,P_02543,MUMBAI_POLICE_CCTNS,SRC_P_02543,1.0,CANONICAL_ID,True
PSI_02544,P_02544,MUMBAI_POLICE_CCTNS,SRC_P_02544,1.0,CANONICAL_ID,True
PSI_02545,P_02545,MUMBAI_POLICE_CCTNS,SRC_P_02545,1.0,CANONICAL_ID,True
PSI_02546,P_02546,MUMBAI_POLICE_CCTNS,SRC_P_02546,1.0,CANONICAL_ID,True
PSI_02547,P_02547,MUMBAI_POLICE_CCTNS,SRC_P_02547,1.0,CANONICAL_ID,True
PSI_02548,P_02548,MUMBAI_POLICE_CCTNS,SRC_P_02548,1.0,CANONICAL_ID,True
PSI_02549,P_02549,MUMBAI_POLICE_CCTNS,SRC_P_02549,1.0,CANONICAL_ID,True
PSI_02550,P_02550,MUMBAI_POLICE_CCTNS,SRC_P_02550,1.0,CANONICAL_ID,True
PSI_02551,P_02551,MUMBAI_POLICE_CCTNS,SRC_P_02551,1.0,CANONICAL_ID,True
PSI_02552,P_02552,MUMBAI_POLICE_CCTNS,SRC_P_02552,1.0,CANONICAL_ID,True
PSI_02553,P_02553,MUMBAI_POLICE_CCTNS,SRC_P_02553,1.0,CANONICAL_ID,True
PSI_02554,P_02554,MUMBAI_POLICE_CCTNS,SRC_P_02554,1.0,CANONICAL_ID,True
PSI_02555,P_02555,MUMBAI_POLICE_CCTNS,SRC_P_02555,1.0,CANONICAL_ID,True
PSI_02556,P_02556,MUMBAI_POLICE_CCTNS,SRC_P_02556,1.0,CANONICAL_ID,True
PSI_02557,P_02557,MUMBAI_POLICE_CCTNS,SRC_P_02557,1.0,CANONICAL_ID,True
PSI_02558,P_02558,MUMBAI_POLICE_CCTNS,SRC_P_02558,1.0,CANONICAL_ID,True
PSI_02559,P_02559,MUMBAI_POLICE_CCTNS,SRC_P_02559,1.0,CANONICAL_ID,True
PSI_02560,P_02560,MUMBAI_POLICE_CCTNS,SRC_P_02560,1.0,CANONICAL_ID,True
PSI_02561,P_02561,MUMBAI_POLICE_CCTNS,SRC_P_02561,1.0,CANONICAL_ID,True
PSI_02562,P_02562,MUMBAI_POLICE_CCTNS,SRC_P_02562,1.0,CANONICAL_ID,True
PSI_02563,P_02563,MUMBAI_POLICE_CCTNS,SRC_P_02563,1.0,CANONICAL_ID,True
PSI_02564,P_02564,MUMBAI_POLICE_CCTNS,SRC_P_02564,1.0,CANONICAL_ID,True
PSI_02565,P_02565,MUMBAI_POLICE_CCTNS,SRC_P_02565,1.0,CANONICAL_ID,True
PSI_02566,P_02566,MUMBAI_POLICE_CCTNS,SRC_P_02566,1.0,CANONICAL_ID,True
PSI_02567,P_02567,MUMBAI_POLICE_CCTNS,SRC_P_02567,1.0,CANONICAL_ID,True
PSI_02568,P_02568,MUMBAI_POLICE_CCTNS,SRC_P_02568,1.0,CANONICAL_ID,True
PSI_02569,P_02569,MUMBAI_POLICE_CCTNS,SRC_P_02569,1.0,CANONICAL_ID,True
PSI_02570,P_02570,MUMBAI_POLICE_CCTNS,SRC_P_02570,1.0,CANONICAL_ID,True
PSI_02571,P_02571,MUMBAI_POLICE_CCTNS,SRC_P_02571,1.0,CANONICAL_ID,True
PSI_02572,P_02572,MUMBAI_POLICE_CCTNS,SRC_P_02572,1.0,CANONICAL_ID,True
PSI_02573,P_02573,MUMBAI_POLICE_CCTNS,SRC_P_02573,1.0,CANONICAL_ID,True
PSI_02574,P_02574,MUMBAI_POLICE_CCTNS,SRC_P_02574,1.0,CANONICAL_ID,True
PSI_02575,P_02575,MUMBAI_POLICE_CCTNS,SRC_P_02575,1.0,CANONICAL_ID,True
PSI_02576,P_02576,MUMBAI_POLICE_CCTNS,SRC_P_02576,1.0,CANONICAL_ID,True
PSI_02577,P_02577,MUMBAI_POLICE_CCTNS,SRC_P_02577,1.0,CANONICAL_ID,True
PSI_02578,P_02578,MUMBAI_POLICE_CCTNS,SRC_P_02578,1.0,CANONICAL_ID,True
PSI_02579,P_02579,MUMBAI_POLICE_CCTNS,SRC_P_02579,1.0,CANONICAL_ID,True
PSI_02580,P_02580,MUMBAI_POLICE_CCTNS,SRC_P_02580,1.0,CANONICAL_ID,True
PSI_02581,P_02581,MUMBAI_POLICE_CCTNS,SRC_P_02581,1.0,CANONICAL_ID,True
PSI_02582,P_02582,MUMBAI_POLICE_CCTNS,SRC_P_02582,1.0,CANONICAL_ID,True
PSI_02583,P_02583,MUMBAI_POLICE_CCTNS,SRC_P_02583,1.0,CANONICAL_ID,True
PSI_02584,P_02584,MUMBAI_POLICE_CCTNS,SRC_P_02584,1.0,CANONICAL_ID,True
PSI_02585,P_02585,MUMBAI_POLICE_CCTNS,SRC_P_02585,1.0,CANONICAL_ID,True
PSI_02586,P_02586,MUMBAI_POLICE_CCTNS,SRC_P_02586,1.0,CANONICAL_ID,True
PSI_02587,P_02587,MUMBAI_POLICE_CCTNS,SRC_P_02587,1.0,CANONICAL_ID,True
PSI_02588,P_02588,MUMBAI_POLICE_CCTNS,SRC_P_02588,1.0,CANONICAL_ID,True
PSI_02589,P_02589,MUMBAI_POLICE_CCTNS,SRC_P_02589,1.0,CANONICAL_ID,True
PSI_02590,P_02590,MUMBAI_POLICE_CCTNS,SRC_P_02590,1.0,CANONICAL_ID,True
PSI_02591,P_02591,MUMBAI_POLICE_CCTNS,SRC_P_02591,1.0,CANONICAL_ID,True
PSI_02592,P_02592,MUMBAI_POLICE_CCTNS,SRC_P_02592,1.0,CANONICAL_ID,True
PSI_02593,P_02593,MUMBAI_POLICE_CCTNS,SRC_P_02593,1.0,CANONICAL_ID,True
PSI_02594,P_02594,MUMBAI_POLICE_CCTNS,SRC_P_02594,1.0,CANONICAL_ID,True
PSI_02595,P_02595,MUMBAI_POLICE_CCTNS,SRC_P_02595,1.0,CANONICAL_ID,True
PSI_02596,P_02596,MUMBAI_POLICE_CCTNS,SRC_P_02596,1.0,CANONICAL_ID,True
PSI_02597,P_02597,MUMBAI_POLICE_CCTNS,SRC_P_02597,1.0,CANONICAL_ID,True
PSI_02598,P_02598,MUMBAI_POLICE_CCTNS,SRC_P_02598,1.0,CANONICAL_ID,True
PSI_02599,P_02599,MUMBAI_POLICE_CCTNS,SRC_P_02599,1.0,CANONICAL_ID,True
PSI_02600,P_02600,MUMBAI_POLICE_CCTNS,SRC_P_02600,1.0,CANONICAL_ID,True
PSI_02601,P_02601,MUMBAI_POLICE_CCTNS,SRC_P_02601,1.0,CANONICAL_ID,True
PSI_02602,P_02602,MUMBAI_POLICE_CCTNS,SRC_P_02602,1.0,CANONICAL_ID,True
PSI_02603,P_02603,MUMBAI_POLICE_CCTNS,SRC_P_02603,1.0,CANONICAL_ID,True
PSI_02604,P_02604,MUMBAI_POLICE_CCTNS,SRC_P_02604,1.0,CANONICAL_ID,True
PSI_02605,P_02605,MUMBAI_POLICE_CCTNS,SRC_P_02605,1.0,CANONICAL_ID,True
PSI_02606,P_02606,MUMBAI_POLICE_CCTNS,SRC_P_02606,1.0,CANONICAL_ID,True
PSI_02607,P_02607,MUMBAI_POLICE_CCTNS,SRC_P_02607,1.0,CANONICAL_ID,True
PSI_02608,P_02608,MUMBAI_POLICE_CCTNS,SRC_P_02608,1.0,CANONICAL_ID,True
PSI_02609,P_02609,MUMBAI_POLICE_CCTNS,SRC_P_02609,1.0,CANONICAL_ID,True
PSI_02610,P_02610,MUMBAI_POLICE_CCTNS,SRC_P_02610,1.0,CANONICAL_ID,True
PSI_02611,P_02611,MUMBAI_POLICE_CCTNS,SRC_P_02611,1.0,CANONICAL_ID,True
PSI_02612,P_02612,MUMBAI_POLICE_CCTNS,SRC_P_02612,1.0,CANONICAL_ID,True
PSI_02613,P_02613,MUMBAI_POLICE_CCTNS,SRC_P_02613,1.0,CANONICAL_ID,True
PSI_02614,P_02614,MUMBAI_POLICE_CCTNS,SRC_P_02614,1.0,CANONICAL_ID,True
PSI_02615,P_02615,MUMBAI_POLICE_CCTNS,SRC_P_02615,1.0,CANONICAL_ID,True
PSI_02616,P_02616,MUMBAI_POLICE_CCTNS,SRC_P_02616,1.0,CANONICAL_ID,True
PSI_02617,P_02617,MUMBAI_POLICE_CCTNS,SRC_P_02617,1.0,CANONICAL_ID,True
PSI_02618,P_02618,MUMBAI_POLICE_CCTNS,SRC_P_02618,1.0,CANONICAL_ID,True
PSI_02619,P_02619,MUMBAI_POLICE_CCTNS,SRC_P_02619,1.0,CANONICAL_ID,True
PSI_02620,P_02620,MUMBAI_POLICE_CCTNS,SRC_P_02620,1.0,CANONICAL_ID,True
PSI_02621,P_02621,MUMBAI_POLICE_CCTNS,SRC_P_02621,1.0,CANONICAL_ID,True
PSI_02622,P_02622,MUMBAI_POLICE_CCTNS,SRC_P_02622,1.0,CANONICAL_ID,True
PSI_02623,P_02623,MUMBAI_POLICE_CCTNS,SRC_P_02623,1.0,CANONICAL_ID,True
PSI_02624,P_02624,MUMBAI_POLICE_CCTNS,SRC_P_02624,1.0,CANONICAL_ID,True
PSI_02625,P_02625,MUMBAI_POLICE_CCTNS,SRC_P_02625,1.0,CANONICAL_ID,True
PSI_02626,P_02626,MUMBAI_POLICE_CCTNS,SRC_P_02626,1.0,CANONICAL_ID,True
PSI_02627,P_02627,MUMBAI_POLICE_CCTNS,SRC_P_02627,1.0,CANONICAL_ID,True
PSI_02628,P_02628,MUMBAI_POLICE_CCTNS,SRC_P_02628,1.0,CANONICAL_ID,True
PSI_02629,P_02629,MUMBAI_POLICE_CCTNS,SRC_P_02629,1.0,CANONICAL_ID,True
PSI_02630,P_02630,MUMBAI_POLICE_CCTNS,SRC_P_02630,1.0,CANONICAL_ID,True
PSI_02631,P_02631,MUMBAI_POLICE_CCTNS,SRC_P_02631,1.0,CANONICAL_ID,True
PSI_02632,P_02632,MUMBAI_POLICE_CCTNS,SRC_P_02632,1.0,CANONICAL_ID,True
PSI_02633,P_02633,MUMBAI_POLICE_CCTNS,SRC_P_02633,1.0,CANONICAL_ID,True
PSI_02634,P_02634,MUMBAI_POLICE_CCTNS,SRC_P_02634,1.0,CANONICAL_ID,True
PSI_02635,P_02635,MUMBAI_POLICE_CCTNS,SRC_P_02635,1.0,CANONICAL_ID,True
PSI_02636,P_02636,MUMBAI_POLICE_CCTNS,SRC_P_02636,1.0,CANONICAL_ID,True
PSI_02637,P_02637,MUMBAI_POLICE_CCTNS,SRC_P_02637,1.0,CANONICAL_ID,True
PSI_02638,P_02638,MUMBAI_POLICE_CCTNS,SRC_P_02638,1.0,CANONICAL_ID,True
PSI_02639,P_02639,MUMBAI_POLICE_CCTNS,SRC_P_02639,1.0,CANONICAL_ID,True
PSI_02640,P_02640,MUMBAI_POLICE_CCTNS,SRC_P_02640,1.0,CANONICAL_ID,True
PSI_02641,P_02641,MUMBAI_POLICE_CCTNS,SRC_P_02641,1.0,CANONICAL_ID,True
PSI_02642,P_02642,MUMBAI_POLICE_CCTNS,SRC_P_02642,1.0,CANONICAL_ID,True
PSI_02643,P_02643,MUMBAI_POLICE_CCTNS,SRC_P_02643,1.0,CANONICAL_ID,True
PSI_02644,P_02644,MUMBAI_POLICE_CCTNS,SRC_P_02644,1.0,CANONICAL_ID,True
PSI_02645,P_02645,MUMBAI_POLICE_CCTNS,SRC_P_02645,1.0,CANONICAL_ID,True
PSI_02646,P_02646,MUMBAI_POLICE_CCTNS,SRC_P_02646,1.0,CANONICAL_ID,True
PSI_02647,P_02647,MUMBAI_POLICE_CCTNS,SRC_P_02647,1.0,CANONICAL_ID,True
PSI_02648,P_02648,MUMBAI_POLICE_CCTNS,SRC_P_02648,1.0,CANONICAL_ID,True
PSI_02649,P_02649,MUMBAI_POLICE_CCTNS,SRC_P_02649,1.0,CANONICAL_ID,True
PSI_02650,P_02650,MUMBAI_POLICE_CCTNS,SRC_P_02650,1.0,CANONICAL_ID,True
PSI_02651,P_02651,MUMBAI_POLICE_CCTNS,SRC_P_02651,1.0,CANONICAL_ID,True
PSI_02652,P_02652,MUMBAI_POLICE_CCTNS,SRC_P_02652,1.0,CANONICAL_ID,True
PSI_02653,P_02653,MUMBAI_POLICE_CCTNS,SRC_P_02653,1.0,CANONICAL_ID,True
PSI_02654,P_02654,MUMBAI_POLICE_CCTNS,SRC_P_02654,1.0,CANONICAL_ID,True
PSI_02655,P_02655,MUMBAI_POLICE_CCTNS,SRC_P_02655,1.0,CANONICAL_ID,True
PSI_02656,P_02656,MUMBAI_POLICE_CCTNS,SRC_P_02656,1.0,CANONICAL_ID,True
PSI_02657,P_02657,MUMBAI_POLICE_CCTNS,SRC_P_02657,1.0,CANONICAL_ID,True
PSI_02658,P_02658,MUMBAI_POLICE_CCTNS,SRC_P_02658,1.0,CANONICAL_ID,True
PSI_02659,P_02659,MUMBAI_POLICE_CCTNS,SRC_P_02659,1.0,CANONICAL_ID,True
PSI_02660,P_02660,MUMBAI_POLICE_CCTNS,SRC_P_02660,1.0,CANONICAL_ID,True
PSI_02661,P_02661,MUMBAI_POLICE_CCTNS,SRC_P_02661,1.0,CANONICAL_ID,True
PSI_02662,P_02662,MUMBAI_POLICE_CCTNS,SRC_P_02662,1.0,CANONICAL_ID,True
PSI_02663,P_02663,MUMBAI_POLICE_CCTNS,SRC_P_02663,1.0,CANONICAL_ID,True
PSI_02664,P_02664,MUMBAI_POLICE_CCTNS,SRC_P_02664,1.0,CANONICAL_ID,True
PSI_02665,P_02665,MUMBAI_POLICE_CCTNS,SRC_P_02665,1.0,CANONICAL_ID,True
PSI_02666,P_02666,MUMBAI_POLICE_CCTNS,SRC_P_02666,1.0,CANONICAL_ID,True
PSI_02667,P_02667,MUMBAI_POLICE_CCTNS,SRC_P_02667,1.0,CANONICAL_ID,True
PSI_02668,P_02668,MUMBAI_POLICE_CCTNS,SRC_P_02668,1.0,CANONICAL_ID,True
PSI_02669,P_02669,MUMBAI_POLICE_CCTNS,SRC_P_02669,1.0,CANONICAL_ID,True
PSI_02670,P_02670,MUMBAI_POLICE_CCTNS,SRC_P_02670,1.0,CANONICAL_ID,True
PSI_02671,P_02671,MUMBAI_POLICE_CCTNS,SRC_P_02671,1.0,CANONICAL_ID,True
PSI_02672,P_02672,MUMBAI_POLICE_CCTNS,SRC_P_02672,1.0,CANONICAL_ID,True
PSI_02673,P_02673,MUMBAI_POLICE_CCTNS,SRC_P_02673,1.0,CANONICAL_ID,True
PSI_02674,P_02674,MUMBAI_POLICE_CCTNS,SRC_P_02674,1.0,CANONICAL_ID,True
PSI_02675,P_02675,MUMBAI_POLICE_CCTNS,SRC_P_02675,1.0,CANONICAL_ID,True
PSI_02676,P_02676,MUMBAI_POLICE_CCTNS,SRC_P_02676,1.0,CANONICAL_ID,True
PSI_02677,P_02677,MUMBAI_POLICE_CCTNS,SRC_P_02677,1.0,CANONICAL_ID,True
PSI_02678,P_02678,MUMBAI_POLICE_CCTNS,SRC_P_02678,1.0,CANONICAL_ID,True
PSI_02679,P_02679,MUMBAI_POLICE_CCTNS,SRC_P_02679,1.0,CANONICAL_ID,True
PSI_02680,P_02680,MUMBAI_POLICE_CCTNS,SRC_P_02680,1.0,CANONICAL_ID,True
PSI_02681,P_02681,MUMBAI_POLICE_CCTNS,SRC_P_02681,1.0,CANONICAL_ID,True
PSI_02682,P_02682,MUMBAI_POLICE_CCTNS,SRC_P_02682,1.0,CANONICAL_ID,True
PSI_02683,P_02683,MUMBAI_POLICE_CCTNS,SRC_P_02683,1.0,CANONICAL_ID,True
PSI_02684,P_02684,MUMBAI_POLICE_CCTNS,SRC_P_02684,1.0,CANONICAL_ID,True
PSI_02685,P_02685,MUMBAI_POLICE_CCTNS,SRC_P_02685,1.0,CANONICAL_ID,True
PSI_02686,P_02686,MUMBAI_POLICE_CCTNS,SRC_P_02686,1.0,CANONICAL_ID,True
PSI_02687,P_02687,MUMBAI_POLICE_CCTNS,SRC_P_02687,1.0,CANONICAL_ID,True
PSI_02688,P_02688,MUMBAI_POLICE_CCTNS,SRC_P_02688,1.0,CANONICAL_ID,True
PSI_02689,P_02689,MUMBAI_POLICE_CCTNS,SRC_P_02689,1.0,CANONICAL_ID,True
PSI_02690,P_02690,MUMBAI_POLICE_CCTNS,SRC_P_02690,1.0,CANONICAL_ID,True
PSI_02691,P_02691,MUMBAI_POLICE_CCTNS,SRC_P_02691,1.0,CANONICAL_ID,True
PSI_02692,P_02692,MUMBAI_POLICE_CCTNS,SRC_P_02692,1.0,CANONICAL_ID,True
PSI_02693,P_02693,MUMBAI_POLICE_CCTNS,SRC_P_02693,1.0,CANONICAL_ID,True
PSI_02694,P_02694,MUMBAI_POLICE_CCTNS,SRC_P_02694,1.0,CANONICAL_ID,True
PSI_02695,P_02695,MUMBAI_POLICE_CCTNS,SRC_P_02695,1.0,CANONICAL_ID,True
PSI_02696,P_02696,MUMBAI_POLICE_CCTNS,SRC_P_02696,1.0,CANONICAL_ID,True
PSI_02697,P_02697,MUMBAI_POLICE_CCTNS,SRC_P_02697,1.0,CANONICAL_ID,True
PSI_02698,P_02698,MUMBAI_POLICE_CCTNS,SRC_P_02698,1.0,CANONICAL_ID,True
PSI_02699,P_02699,MUMBAI_POLICE_CCTNS,SRC_P_02699,1.0,CANONICAL_ID,True
PSI_02700,P_02700,MUMBAI_POLICE_CCTNS,SRC_P_02700,1.0,CANONICAL_ID,True
PSI_02701,P_02701,MUMBAI_POLICE_CCTNS,SRC_P_02701,1.0,CANONICAL_ID,True
PSI_02702,P_02702,MUMBAI_POLICE_CCTNS,SRC_P_02702,1.0,CANONICAL_ID,True
PSI_02703,P_02703,MUMBAI_POLICE_CCTNS,SRC_P_02703,1.0,CANONICAL_ID,True
PSI_02704,P_02704,MUMBAI_POLICE_CCTNS,SRC_P_02704,1.0,CANONICAL_ID,True
PSI_02705,P_02705,MUMBAI_POLICE_CCTNS,SRC_P_02705,1.0,CANONICAL_ID,True
PSI_02706,P_02706,MUMBAI_POLICE_CCTNS,SRC_P_02706,1.0,CANONICAL_ID,True
PSI_02707,P_02707,MUMBAI_POLICE_CCTNS,SRC_P_02707,1.0,CANONICAL_ID,True
PSI_02708,P_02708,MUMBAI_POLICE_CCTNS,SRC_P_02708,1.0,CANONICAL_ID,True
PSI_02709,P_02709,MUMBAI_POLICE_CCTNS,SRC_P_02709,1.0,CANONICAL_ID,True
PSI_02710,P_02710,MUMBAI_POLICE_CCTNS,SRC_P_02710,1.0,CANONICAL_ID,True
PSI_02711,P_02711,MUMBAI_POLICE_CCTNS,SRC_P_02711,1.0,CANONICAL_ID,True
PSI_02712,P_02712,MUMBAI_POLICE_CCTNS,SRC_P_02712,1.0,CANONICAL_ID,True
PSI_02713,P_02713,MUMBAI_POLICE_CCTNS,SRC_P_02713,1.0,CANONICAL_ID,True
PSI_02714,P_02714,MUMBAI_POLICE_CCTNS,SRC_P_02714,1.0,CANONICAL_ID,True
PSI_02715,P_02715,MUMBAI_POLICE_CCTNS,SRC_P_02715,1.0,CANONICAL_ID,True
PSI_02716,P_02716,MUMBAI_POLICE_CCTNS,SRC_P_02716,1.0,CANONICAL_ID,True
PSI_02717,P_02717,MUMBAI_POLICE_CCTNS,SRC_P_02717,1.0,CANONICAL_ID,True
PSI_02718,P_02718,MUMBAI_POLICE_CCTNS,SRC_P_02718,1.0,CANONICAL_ID,True
PSI_02719,P_02719,MUMBAI_POLICE_CCTNS,SRC_P_02719,1.0,CANONICAL_ID,True
PSI_02720,P_02720,MUMBAI_POLICE_CCTNS,SRC_P_02720,1.0,CANONICAL_ID,True
PSI_02721,P_02721,MUMBAI_POLICE_CCTNS,SRC_P_02721,1.0,CANONICAL_ID,True
PSI_02722,P_02722,MUMBAI_POLICE_CCTNS,SRC_P_02722,1.0,CANONICAL_ID,True
PSI_02723,P_02723,MUMBAI_POLICE_CCTNS,SRC_P_02723,1.0,CANONICAL_ID,True
PSI_02724,P_02724,MUMBAI_POLICE_CCTNS,SRC_P_02724,1.0,CANONICAL_ID,True
PSI_02725,P_02725,MUMBAI_POLICE_CCTNS,SRC_P_02725,1.0,CANONICAL_ID,True
PSI_02726,P_02726,MUMBAI_POLICE_CCTNS,SRC_P_02726,1.0,CANONICAL_ID,True
PSI_02727,P_02727,MUMBAI_POLICE_CCTNS,SRC_P_02727,1.0,CANONICAL_ID,True
PSI_02728,P_02728,MUMBAI_POLICE_CCTNS,SRC_P_02728,1.0,CANONICAL_ID,True
PSI_02729,P_02729,MUMBAI_POLICE_CCTNS,SRC_P_02729,1.0,CANONICAL_ID,True
PSI_02730,P_02730,MUMBAI_POLICE_CCTNS,SRC_P_02730,1.0,CANONICAL_ID,True
PSI_02731,P_02731,MUMBAI_POLICE_CCTNS,SRC_P_02731,1.0,CANONICAL_ID,True
PSI_02732,P_02732,MUMBAI_POLICE_CCTNS,SRC_P_02732,1.0,CANONICAL_ID,True
PSI_02733,P_02733,MUMBAI_POLICE_CCTNS,SRC_P_02733,1.0,CANONICAL_ID,True
PSI_02734,P_02734,MUMBAI_POLICE_CCTNS,SRC_P_02734,1.0,CANONICAL_ID,True
PSI_02735,P_02735,MUMBAI_POLICE_CCTNS,SRC_P_02735,1.0,CANONICAL_ID,True
PSI_02736,P_02736,MUMBAI_POLICE_CCTNS,SRC_P_02736,1.0,CANONICAL_ID,True
PSI_02737,P_02737,MUMBAI_POLICE_CCTNS,SRC_P_02737,1.0,CANONICAL_ID,True
PSI_02738,P_02738,MUMBAI_POLICE_CCTNS,SRC_P_02738,1.0,CANONICAL_ID,True
PSI_02739,P_02739,MUMBAI_POLICE_CCTNS,SRC_P_02739,1.0,CANONICAL_ID,True
PSI_02740,P_02740,MUMBAI_POLICE_CCTNS,SRC_P_02740,1.0,CANONICAL_ID,True
PSI_02741,P_02741,MUMBAI_POLICE_CCTNS,SRC_P_02741,1.0,CANONICAL_ID,True
PSI_02742,P_02742,MUMBAI_POLICE_CCTNS,SRC_P_02742,1.0,CANONICAL_ID,True
PSI_02743,P_02743,MUMBAI_POLICE_CCTNS,SRC_P_02743,1.0,CANONICAL_ID,True
PSI_02744,P_02744,MUMBAI_POLICE_CCTNS,SRC_P_02744,1.0,CANONICAL_ID,True
PSI_02745,P_02745,MUMBAI_POLICE_CCTNS,SRC_P_02745,1.0,CANONICAL_ID,True
PSI_02746,P_02746,MUMBAI_POLICE_CCTNS,SRC_P_02746,1.0,CANONICAL_ID,True
PSI_02747,P_02747,MUMBAI_POLICE_CCTNS,SRC_P_02747,1.0,CANONICAL_ID,True
PSI_02748,P_02748,MUMBAI_POLICE_CCTNS,SRC_P_02748,1.0,CANONICAL_ID,True
PSI_02749,P_02749,MUMBAI_POLICE_CCTNS,SRC_P_02749,1.0,CANONICAL_ID,True
PSI_02750,P_02750,MUMBAI_POLICE_CCTNS,SRC_P_02750,1.0,CANONICAL_ID,True
PSI_02751,P_02751,MUMBAI_POLICE_CCTNS,SRC_P_02751,1.0,CANONICAL_ID,True
PSI_02752,P_02752,MUMBAI_POLICE_CCTNS,SRC_P_02752,1.0,CANONICAL_ID,True
PSI_02753,P_02753,MUMBAI_POLICE_CCTNS,SRC_P_02753,1.0,CANONICAL_ID,True
PSI_02754,P_02754,MUMBAI_POLICE_CCTNS,SRC_P_02754,1.0,CANONICAL_ID,True
PSI_02755,P_02755,MUMBAI_POLICE_CCTNS,SRC_P_02755,1.0,CANONICAL_ID,True
PSI_02756,P_02756,MUMBAI_POLICE_CCTNS,SRC_P_02756,1.0,CANONICAL_ID,True
PSI_02757,P_02757,MUMBAI_POLICE_CCTNS,SRC_P_02757,1.0,CANONICAL_ID,True
PSI_02758,P_02758,MUMBAI_POLICE_CCTNS,SRC_P_02758,1.0,CANONICAL_ID,True
PSI_02759,P_02759,MUMBAI_POLICE_CCTNS,SRC_P_02759,1.0,CANONICAL_ID,True
PSI_02760,P_02760,MUMBAI_POLICE_CCTNS,SRC_P_02760,1.0,CANONICAL_ID,True
PSI_02761,P_02761,MUMBAI_POLICE_CCTNS,SRC_P_02761,1.0,CANONICAL_ID,True
PSI_02762,P_02762,MUMBAI_POLICE_CCTNS,SRC_P_02762,1.0,CANONICAL_ID,True
PSI_02763,P_02763,MUMBAI_POLICE_CCTNS,SRC_P_02763,1.0,CANONICAL_ID,True
PSI_02764,P_02764,MUMBAI_POLICE_CCTNS,SRC_P_02764,1.0,CANONICAL_ID,True
PSI_02765,P_02765,MUMBAI_POLICE_CCTNS,SRC_P_02765,1.0,CANONICAL_ID,True
PSI_02766,P_02766,MUMBAI_POLICE_CCTNS,SRC_P_02766,1.0,CANONICAL_ID,True
PSI_02767,P_02767,MUMBAI_POLICE_CCTNS,SRC_P_02767,1.0,CANONICAL_ID,True
PSI_02768,P_02768,MUMBAI_POLICE_CCTNS,SRC_P_02768,1.0,CANONICAL_ID,True
PSI_02769,P_02769,MUMBAI_POLICE_CCTNS,SRC_P_02769,1.0,CANONICAL_ID,True
PSI_02770,P_02770,MUMBAI_POLICE_CCTNS,SRC_P_02770,1.0,CANONICAL_ID,True
PSI_02771,P_02771,MUMBAI_POLICE_CCTNS,SRC_P_02771,1.0,CANONICAL_ID,True
PSI_02772,P_02772,MUMBAI_POLICE_CCTNS,SRC_P_02772,1.0,CANONICAL_ID,True
PSI_02773,P_02773,MUMBAI_POLICE_CCTNS,SRC_P_02773,1.0,CANONICAL_ID,True
PSI_02774,P_02774,MUMBAI_POLICE_CCTNS,SRC_P_02774,1.0,CANONICAL_ID,True
PSI_02775,P_02775,MUMBAI_POLICE_CCTNS,SRC_P_02775,1.0,CANONICAL_ID,True
PSI_02776,P_02776,MUMBAI_POLICE_CCTNS,SRC_P_02776,1.0,CANONICAL_ID,True
PSI_02777,P_02777,MUMBAI_POLICE_CCTNS,SRC_P_02777,1.0,CANONICAL_ID,True
PSI_02778,P_02778,MUMBAI_POLICE_CCTNS,SRC_P_02778,1.0,CANONICAL_ID,True
PSI_02779,P_02779,MUMBAI_POLICE_CCTNS,SRC_P_02779,1.0,CANONICAL_ID,True
PSI_02780,P_02780,MUMBAI_POLICE_CCTNS,SRC_P_02780,1.0,CANONICAL_ID,True
PSI_02781,P_02781,MUMBAI_POLICE_CCTNS,SRC_P_02781,1.0,CANONICAL_ID,True
PSI_02782,P_02782,MUMBAI_POLICE_CCTNS,SRC_P_02782,1.0,CANONICAL_ID,True
PSI_02783,P_02783,MUMBAI_POLICE_CCTNS,SRC_P_02783,1.0,CANONICAL_ID,True
PSI_02784,P_02784,MUMBAI_POLICE_CCTNS,SRC_P_02784,1.0,CANONICAL_ID,True
PSI_02785,P_02785,MUMBAI_POLICE_CCTNS,SRC_P_02785,1.0,CANONICAL_ID,True
PSI_02786,P_02786,MUMBAI_POLICE_CCTNS,SRC_P_02786,1.0,CANONICAL_ID,True
PSI_02787,P_02787,MUMBAI_POLICE_CCTNS,SRC_P_02787,1.0,CANONICAL_ID,True
PSI_02788,P_02788,MUMBAI_POLICE_CCTNS,SRC_P_02788,1.0,CANONICAL_ID,True
PSI_02789,P_02789,MUMBAI_POLICE_CCTNS,SRC_P_02789,1.0,CANONICAL_ID,True
PSI_02790,P_02790,MUMBAI_POLICE_CCTNS,SRC_P_02790,1.0,CANONICAL_ID,True
PSI_02791,P_02791,MUMBAI_POLICE_CCTNS,SRC_P_02791,1.0,CANONICAL_ID,True
PSI_02792,P_02792,MUMBAI_POLICE_CCTNS,SRC_P_02792,1.0,CANONICAL_ID,True
PSI_02793,P_02793,MUMBAI_POLICE_CCTNS,SRC_P_02793,1.0,CANONICAL_ID,True
PSI_02794,P_02794,MUMBAI_POLICE_CCTNS,SRC_P_02794,1.0,CANONICAL_ID,True
PSI_02795,P_02795,MUMBAI_POLICE_CCTNS,SRC_P_02795,1.0,CANONICAL_ID,True
PSI_02796,P_02796,MUMBAI_POLICE_CCTNS,SRC_P_02796,1.0,CANONICAL_ID,True
PSI_02797,P_02797,MUMBAI_POLICE_CCTNS,SRC_P_02797,1.0,CANONICAL_ID,True
PSI_02798,P_02798,MUMBAI_POLICE_CCTNS,SRC_P_02798,1.0,CANONICAL_ID,True
PSI_02799,P_02799,MUMBAI_POLICE_CCTNS,SRC_P_02799,1.0,CANONICAL_ID,True
PSI_02800,P_02800,MUMBAI_POLICE_CCTNS,SRC_P_02800,1.0,CANONICAL_ID,True
PSI_02801,P_02801,MUMBAI_POLICE_CCTNS,SRC_P_02801,1.0,CANONICAL_ID,True
PSI_02802,P_02802,MUMBAI_POLICE_CCTNS,SRC_P_02802,1.0,CANONICAL_ID,True
PSI_02803,P_02803,MUMBAI_POLICE_CCTNS,SRC_P_02803,1.0,CANONICAL_ID,True
PSI_02804,P_02804,MUMBAI_POLICE_CCTNS,SRC_P_02804,1.0,CANONICAL_ID,True
PSI_02805,P_02805,MUMBAI_POLICE_CCTNS,SRC_P_02805,1.0,CANONICAL_ID,True
PSI_02806,P_02806,MUMBAI_POLICE_CCTNS,SRC_P_02806,1.0,CANONICAL_ID,True
PSI_02807,P_02807,MUMBAI_POLICE_CCTNS,SRC_P_02807,1.0,CANONICAL_ID,True
PSI_02808,P_02808,MUMBAI_POLICE_CCTNS,SRC_P_02808,1.0,CANONICAL_ID,True
PSI_02809,P_02809,MUMBAI_POLICE_CCTNS,SRC_P_02809,1.0,CANONICAL_ID,True
PSI_02810,P_02810,MUMBAI_POLICE_CCTNS,SRC_P_02810,1.0,CANONICAL_ID,True
PSI_02811,P_02811,MUMBAI_POLICE_CCTNS,SRC_P_02811,1.0,CANONICAL_ID,True
PSI_02812,P_02812,MUMBAI_POLICE_CCTNS,SRC_P_02812,1.0,CANONICAL_ID,True
PSI_02813,P_02813,MUMBAI_POLICE_CCTNS,SRC_P_02813,1.0,CANONICAL_ID,True
PSI_02814,P_02814,MUMBAI_POLICE_CCTNS,SRC_P_02814,1.0,CANONICAL_ID,True
PSI_02815,P_02815,MUMBAI_POLICE_CCTNS,SRC_P_02815,1.0,CANONICAL_ID,True
PSI_02816,P_02816,MUMBAI_POLICE_CCTNS,SRC_P_02816,1.0,CANONICAL_ID,True
PSI_02817,P_02817,MUMBAI_POLICE_CCTNS,SRC_P_02817,1.0,CANONICAL_ID,True
PSI_02818,P_02818,MUMBAI_POLICE_CCTNS,SRC_P_02818,1.0,CANONICAL_ID,True
PSI_02819,P_02819,MUMBAI_POLICE_CCTNS,SRC_P_02819,1.0,CANONICAL_ID,True
PSI_02820,P_02820,MUMBAI_POLICE_CCTNS,SRC_P_02820,1.0,CANONICAL_ID,True
PSI_02821,P_02821,MUMBAI_POLICE_CCTNS,SRC_P_02821,1.0,CANONICAL_ID,True
PSI_02822,P_02822,MUMBAI_POLICE_CCTNS,SRC_P_02822,1.0,CANONICAL_ID,True
PSI_02823,P_02823,MUMBAI_POLICE_CCTNS,SRC_P_02823,1.0,CANONICAL_ID,True
PSI_02824,P_02824,MUMBAI_POLICE_CCTNS,SRC_P_02824,1.0,CANONICAL_ID,True
PSI_02825,P_02825,MUMBAI_POLICE_CCTNS,SRC_P_02825,1.0,CANONICAL_ID,True
PSI_02826,P_02826,MUMBAI_POLICE_CCTNS,SRC_P_02826,1.0,CANONICAL_ID,True
PSI_02827,P_02827,MUMBAI_POLICE_CCTNS,SRC_P_02827,1.0,CANONICAL_ID,True
PSI_02828,P_02828,MUMBAI_POLICE_CCTNS,SRC_P_02828,1.0,CANONICAL_ID,True
PSI_02829,P_02829,MUMBAI_POLICE_CCTNS,SRC_P_02829,1.0,CANONICAL_ID,True
PSI_02830,P_02830,MUMBAI_POLICE_CCTNS,SRC_P_02830,1.0,CANONICAL_ID,True
PSI_02831,P_02831,MUMBAI_POLICE_CCTNS,SRC_P_02831,1.0,CANONICAL_ID,True
PSI_02832,P_02832,MUMBAI_POLICE_CCTNS,SRC_P_02832,1.0,CANONICAL_ID,True
PSI_02833,P_02833,MUMBAI_POLICE_CCTNS,SRC_P_02833,1.0,CANONICAL_ID,True
PSI_02834,P_02834,MUMBAI_POLICE_CCTNS,SRC_P_02834,1.0,CANONICAL_ID,True
PSI_02835,P_02835,MUMBAI_POLICE_CCTNS,SRC_P_02835,1.0,CANONICAL_ID,True
PSI_02836,P_02836,MUMBAI_POLICE_CCTNS,SRC_P_02836,1.0,CANONICAL_ID,True
PSI_02837,P_02837,MUMBAI_POLICE_CCTNS,SRC_P_02837,1.0,CANONICAL_ID,True
PSI_02838,P_02838,MUMBAI_POLICE_CCTNS,SRC_P_02838,1.0,CANONICAL_ID,True
PSI_02839,P_02839,MUMBAI_POLICE_CCTNS,SRC_P_02839,1.0,CANONICAL_ID,True
PSI_02840,P_02840,MUMBAI_POLICE_CCTNS,SRC_P_02840,1.0,CANONICAL_ID,True
PSI_02841,P_02841,MUMBAI_POLICE_CCTNS,SRC_P_02841,1.0,CANONICAL_ID,True
PSI_02842,P_02842,MUMBAI_POLICE_CCTNS,SRC_P_02842,1.0,CANONICAL_ID,True
PSI_02843,P_02843,MUMBAI_POLICE_CCTNS,SRC_P_02843,1.0,CANONICAL_ID,True
PSI_02844,P_02844,MUMBAI_POLICE_CCTNS,SRC_P_02844,1.0,CANONICAL_ID,True
PSI_02845,P_02845,MUMBAI_POLICE_CCTNS,SRC_P_02845,1.0,CANONICAL_ID,True
PSI_02846,P_02846,MUMBAI_POLICE_CCTNS,SRC_P_02846,1.0,CANONICAL_ID,True
PSI_02847,P_02847,MUMBAI_POLICE_CCTNS,SRC_P_02847,1.0,CANONICAL_ID,True
PSI_02848,P_02848,MUMBAI_POLICE_CCTNS,SRC_P_02848,1.0,CANONICAL_ID,True
PSI_02849,P_02849,MUMBAI_POLICE_CCTNS,SRC_P_02849,1.0,CANONICAL_ID,True
PSI_02850,P_02850,MUMBAI_POLICE_CCTNS,SRC_P_02850,1.0,CANONICAL_ID,True
PSI_02851,P_02851,MUMBAI_POLICE_CCTNS,SRC_P_02851,1.0,CANONICAL_ID,True
PSI_02852,P_02852,MUMBAI_POLICE_CCTNS,SRC_P_02852,1.0,CANONICAL_ID,True
PSI_02853,P_02853,MUMBAI_POLICE_CCTNS,SRC_P_02853,1.0,CANONICAL_ID,True
PSI_02854,P_02854,MUMBAI_POLICE_CCTNS,SRC_P_02854,1.0,CANONICAL_ID,True
PSI_02855,P_02855,MUMBAI_POLICE_CCTNS,SRC_P_02855,1.0,CANONICAL_ID,True
PSI_02856,P_02856,MUMBAI_POLICE_CCTNS,SRC_P_02856,1.0,CANONICAL_ID,True
PSI_02857,P_02857,MUMBAI_POLICE_CCTNS,SRC_P_02857,1.0,CANONICAL_ID,True
PSI_02858,P_02858,MUMBAI_POLICE_CCTNS,SRC_P_02858,1.0,CANONICAL_ID,True
PSI_02859,P_02859,MUMBAI_POLICE_CCTNS,SRC_P_02859,1.0,CANONICAL_ID,True
PSI_02860,P_02860,MUMBAI_POLICE_CCTNS,SRC_P_02860,1.0,CANONICAL_ID,True
PSI_02861,P_02861,MUMBAI_POLICE_CCTNS,SRC_P_02861,1.0,CANONICAL_ID,True
PSI_02862,P_02862,MUMBAI_POLICE_CCTNS,SRC_P_02862,1.0,CANONICAL_ID,True
PSI_02863,P_02863,MUMBAI_POLICE_CCTNS,SRC_P_02863,1.0,CANONICAL_ID,True
PSI_02864,P_02864,MUMBAI_POLICE_CCTNS,SRC_P_02864,1.0,CANONICAL_ID,True
PSI_02865,P_02865,MUMBAI_POLICE_CCTNS,SRC_P_02865,1.0,CANONICAL_ID,True
PSI_02866,P_02866,MUMBAI_POLICE_CCTNS,SRC_P_02866,1.0,CANONICAL_ID,True
PSI_02867,P_02867,MUMBAI_POLICE_CCTNS,SRC_P_02867,1.0,CANONICAL_ID,True
PSI_02868,P_02868,MUMBAI_POLICE_CCTNS,SRC_P_02868,1.0,CANONICAL_ID,True
PSI_02869,P_02869,MUMBAI_POLICE_CCTNS,SRC_P_02869,1.0,CANONICAL_ID,True
PSI_02870,P_02870,MUMBAI_POLICE_CCTNS,SRC_P_02870,1.0,CANONICAL_ID,True
PSI_02871,P_02871,MUMBAI_POLICE_CCTNS,SRC_P_02871,1.0,CANONICAL_ID,True
PSI_02872,P_02872,MUMBAI_POLICE_CCTNS,SRC_P_02872,1.0,CANONICAL_ID,True
PSI_02873,P_02873,MUMBAI_POLICE_CCTNS,SRC_P_02873,1.0,CANONICAL_ID,True
PSI_02874,P_02874,MUMBAI_POLICE_CCTNS,SRC_P_02874,1.0,CANONICAL_ID,True
PSI_02875,P_02875,MUMBAI_POLICE_CCTNS,SRC_P_02875,1.0,CANONICAL_ID,True
PSI_02876,P_02876,MUMBAI_POLICE_CCTNS,SRC_P_02876,1.0,CANONICAL_ID,True
PSI_02877,P_02877,MUMBAI_POLICE_CCTNS,SRC_P_02877,1.0,CANONICAL_ID,True
PSI_02878,P_02878,MUMBAI_POLICE_CCTNS,SRC_P_02878,1.0,CANONICAL_ID,True
PSI_02879,P_02879,MUMBAI_POLICE_CCTNS,SRC_P_02879,1.0,CANONICAL_ID,True
PSI_02880,P_02880,MUMBAI_POLICE_CCTNS,SRC_P_02880,1.0,CANONICAL_ID,True
PSI_02881,P_02881,MUMBAI_POLICE_CCTNS,SRC_P_02881,1.0,CANONICAL_ID,True
PSI_02882,P_02882,MUMBAI_POLICE_CCTNS,SRC_P_02882,1.0,CANONICAL_ID,True
PSI_02883,P_02883,MUMBAI_POLICE_CCTNS,SRC_P_02883,1.0,CANONICAL_ID,True
PSI_02884,P_02884,MUMBAI_POLICE_CCTNS,SRC_P_02884,1.0,CANONICAL_ID,True
PSI_02885,P_02885,MUMBAI_POLICE_CCTNS,SRC_P_02885,1.0,CANONICAL_ID,True
PSI_02886,P_02886,MUMBAI_POLICE_CCTNS,SRC_P_02886,1.0,CANONICAL_ID,True
PSI_02887,P_02887,MUMBAI_POLICE_CCTNS,SRC_P_02887,1.0,CANONICAL_ID,True
PSI_02888,P_02888,MUMBAI_POLICE_CCTNS,SRC_P_02888,1.0,CANONICAL_ID,True
PSI_02889,P_02889,MUMBAI_POLICE_CCTNS,SRC_P_02889,1.0,CANONICAL_ID,True
PSI_02890,P_02890,MUMBAI_POLICE_CCTNS,SRC_P_02890,1.0,CANONICAL_ID,True
PSI_02891,P_02891,MUMBAI_POLICE_CCTNS,SRC_P_02891,1.0,CANONICAL_ID,True
PSI_02892,P_02892,MUMBAI_POLICE_CCTNS,SRC_P_02892,1.0,CANONICAL_ID,True
PSI_02893,P_02893,MUMBAI_POLICE_CCTNS,SRC_P_02893,1.0,CANONICAL_ID,True
PSI_02894,P_02894,MUMBAI_POLICE_CCTNS,SRC_P_02894,1.0,CANONICAL_ID,True
PSI_02895,P_02895,MUMBAI_POLICE_CCTNS,SRC_P_02895,1.0,CANONICAL_ID,True
PSI_02896,P_02896,MUMBAI_POLICE_CCTNS,SRC_P_02896,1.0,CANONICAL_ID,True
PSI_02897,P_02897,MUMBAI_POLICE_CCTNS,SRC_P_02897,1.0,CANONICAL_ID,True
PSI_02898,P_02898,MUMBAI_POLICE_CCTNS,SRC_P_02898,1.0,CANONICAL_ID,True
PSI_02899,P_02899,MUMBAI_POLICE_CCTNS,SRC_P_02899,1.0,CANONICAL_ID,True
PSI_02900,P_02900,MUMBAI_POLICE_CCTNS,SRC_P_02900,1.0,CANONICAL_ID,True
PSI_02901,P_02901,MUMBAI_POLICE_CCTNS,SRC_P_02901,1.0,CANONICAL_ID,True
PSI_02902,P_02902,MUMBAI_POLICE_CCTNS,SRC_P_02902,1.0,CANONICAL_ID,True
PSI_02903,P_02903,MUMBAI_POLICE_CCTNS,SRC_P_02903,1.0,CANONICAL_ID,True
PSI_02904,P_02904,MUMBAI_POLICE_CCTNS,SRC_P_02904,1.0,CANONICAL_ID,True
PSI_02905,P_02905,MUMBAI_POLICE_CCTNS,SRC_P_02905,1.0,CANONICAL_ID,True
PSI_02906,P_02906,MUMBAI_POLICE_CCTNS,SRC_P_02906,1.0,CANONICAL_ID,True
PSI_02907,P_02907,MUMBAI_POLICE_CCTNS,SRC_P_02907,1.0,CANONICAL_ID,True
PSI_02908,P_02908,MUMBAI_POLICE_CCTNS,SRC_P_02908,1.0,CANONICAL_ID,True
PSI_02909,P_02909,MUMBAI_POLICE_CCTNS,SRC_P_02909,1.0,CANONICAL_ID,True
PSI_02910,P_02910,MUMBAI_POLICE_CCTNS,SRC_P_02910,1.0,CANONICAL_ID,True
PSI_02911,P_02911,MUMBAI_POLICE_CCTNS,SRC_P_02911,1.0,CANONICAL_ID,True
PSI_02912,P_02912,MUMBAI_POLICE_CCTNS,SRC_P_02912,1.0,CANONICAL_ID,True
PSI_02913,P_02913,MUMBAI_POLICE_CCTNS,SRC_P_02913,1.0,CANONICAL_ID,True
PSI_02914,P_02914,MUMBAI_POLICE_CCTNS,SRC_P_02914,1.0,CANONICAL_ID,True
PSI_02915,P_02915,MUMBAI_POLICE_CCTNS,SRC_P_02915,1.0,CANONICAL_ID,True
PSI_02916,P_02916,MUMBAI_POLICE_CCTNS,SRC_P_02916,1.0,CANONICAL_ID,True
PSI_02917,P_02917,MUMBAI_POLICE_CCTNS,SRC_P_02917,1.0,CANONICAL_ID,True
PSI_02918,P_02918,MUMBAI_POLICE_CCTNS,SRC_P_02918,1.0,CANONICAL_ID,True
PSI_02919,P_02919,MUMBAI_POLICE_CCTNS,SRC_P_02919,1.0,CANONICAL_ID,True
PSI_02920,P_02920,MUMBAI_POLICE_CCTNS,SRC_P_02920,1.0,CANONICAL_ID,True
PSI_02921,P_02921,MUMBAI_POLICE_CCTNS,SRC_P_02921,1.0,CANONICAL_ID,True
PSI_02922,P_02922,MUMBAI_POLICE_CCTNS,SRC_P_02922,1.0,CANONICAL_ID,True
PSI_02923,P_02923,MUMBAI_POLICE_CCTNS,SRC_P_02923,1.0,CANONICAL_ID,True
PSI_02924,P_02924,MUMBAI_POLICE_CCTNS,SRC_P_02924,1.0,CANONICAL_ID,True
PSI_02925,P_02925,MUMBAI_POLICE_CCTNS,SRC_P_02925,1.0,CANONICAL_ID,True
PSI_02926,P_02926,MUMBAI_POLICE_CCTNS,SRC_P_02926,1.0,CANONICAL_ID,True
PSI_02927,P_02927,MUMBAI_POLICE_CCTNS,SRC_P_02927,1.0,CANONICAL_ID,True
PSI_02928,P_02928,MUMBAI_POLICE_CCTNS,SRC_P_02928,1.0,CANONICAL_ID,True
PSI_02929,P_02929,MUMBAI_POLICE_CCTNS,SRC_P_02929,1.0,CANONICAL_ID,True
PSI_02930,P_02930,MUMBAI_POLICE_CCTNS,SRC_P_02930,1.0,CANONICAL_ID,True
PSI_02931,P_02931,MUMBAI_POLICE_CCTNS,SRC_P_02931,1.0,CANONICAL_ID,True
PSI_02932,P_02932,MUMBAI_POLICE_CCTNS,SRC_P_02932,1.0,CANONICAL_ID,True
PSI_02933,P_02933,MUMBAI_POLICE_CCTNS,SRC_P_02933,1.0,CANONICAL_ID,True
PSI_02934,P_02934,MUMBAI_POLICE_CCTNS,SRC_P_02934,1.0,CANONICAL_ID,True
PSI_02935,P_02935,MUMBAI_POLICE_CCTNS,SRC_P_02935,1.0,CANONICAL_ID,True
PSI_02936,P_02936,MUMBAI_POLICE_CCTNS,SRC_P_02936,1.0,CANONICAL_ID,True
PSI_02937,P_02937,MUMBAI_POLICE_CCTNS,SRC_P_02937,1.0,CANONICAL_ID,True
PSI_02938,P_02938,MUMBAI_POLICE_CCTNS,SRC_P_02938,1.0,CANONICAL_ID,True
PSI_02939,P_02939,MUMBAI_POLICE_CCTNS,SRC_P_02939,1.0,CANONICAL_ID,True
PSI_02940,P_02940,MUMBAI_POLICE_CCTNS,SRC_P_02940,1.0,CANONICAL_ID,True
PSI_02941,P_02941,MUMBAI_POLICE_CCTNS,SRC_P_02941,1.0,CANONICAL_ID,True
PSI_02942,P_02942,MUMBAI_POLICE_CCTNS,SRC_P_02942,1.0,CANONICAL_ID,True
PSI_02943,P_02943,MUMBAI_POLICE_CCTNS,SRC_P_02943,1.0,CANONICAL_ID,True
PSI_02944,P_02944,MUMBAI_POLICE_CCTNS,SRC_P_02944,1.0,CANONICAL_ID,True
PSI_02945,P_02945,MUMBAI_POLICE_CCTNS,SRC_P_02945,1.0,CANONICAL_ID,True
PSI_02946,P_02946,MUMBAI_POLICE_CCTNS,SRC_P_02946,1.0,CANONICAL_ID,True
PSI_02947,P_02947,MUMBAI_POLICE_CCTNS,SRC_P_02947,1.0,CANONICAL_ID,True
PSI_02948,P_02948,MUMBAI_POLICE_CCTNS,SRC_P_02948,1.0,CANONICAL_ID,True
PSI_02949,P_02949,MUMBAI_POLICE_CCTNS,SRC_P_02949,1.0,CANONICAL_ID,True
PSI_02950,P_02950,MUMBAI_POLICE_CCTNS,SRC_P_02950,1.0,CANONICAL_ID,True
PSI_02951,P_02951,MUMBAI_POLICE_CCTNS,SRC_P_02951,1.0,CANONICAL_ID,True
PSI_02952,P_02952,MUMBAI_POLICE_CCTNS,SRC_P_02952,1.0,CANONICAL_ID,True
PSI_02953,P_02953,MUMBAI_POLICE_CCTNS,SRC_P_02953,1.0,CANONICAL_ID,True
PSI_02954,P_02954,MUMBAI_POLICE_CCTNS,SRC_P_02954,1.0,CANONICAL_ID,True
PSI_02955,P_02955,MUMBAI_POLICE_CCTNS,SRC_P_02955,1.0,CANONICAL_ID,True
PSI_02956,P_02956,MUMBAI_POLICE_CCTNS,SRC_P_02956,1.0,CANONICAL_ID,True
PSI_02957,P_02957,MUMBAI_POLICE_CCTNS,SRC_P_02957,1.0,CANONICAL_ID,True
PSI_02958,P_02958,MUMBAI_POLICE_CCTNS,SRC_P_02958,1.0,CANONICAL_ID,True
PSI_02959,P_02959,MUMBAI_POLICE_CCTNS,SRC_P_02959,1.0,CANONICAL_ID,True
PSI_02960,P_02960,MUMBAI_POLICE_CCTNS,SRC_P_02960,1.0,CANONICAL_ID,True
PSI_02961,P_02961,MUMBAI_POLICE_CCTNS,SRC_P_02961,1.0,CANONICAL_ID,True
PSI_02962,P_02962,MUMBAI_POLICE_CCTNS,SRC_P_02962,1.0,CANONICAL_ID,True
PSI_02963,P_02963,MUMBAI_POLICE_CCTNS,SRC_P_02963,1.0,CANONICAL_ID,True
PSI_02964,P_02964,MUMBAI_POLICE_CCTNS,SRC_P_02964,1.0,CANONICAL_ID,True
PSI_02965,P_02965,MUMBAI_POLICE_CCTNS,SRC_P_02965,1.0,CANONICAL_ID,True
PSI_02966,P_02966,MUMBAI_POLICE_CCTNS,SRC_P_02966,1.0,CANONICAL_ID,True
PSI_02967,P_02967,MUMBAI_POLICE_CCTNS,SRC_P_02967,1.0,CANONICAL_ID,True
PSI_02968,P_02968,MUMBAI_POLICE_CCTNS,SRC_P_02968,1.0,CANONICAL_ID,True
PSI_02969,P_02969,MUMBAI_POLICE_CCTNS,SRC_P_02969,1.0,CANONICAL_ID,True
PSI_02970,P_02970,MUMBAI_POLICE_CCTNS,SRC_P_02970,1.0,CANONICAL_ID,True
PSI_02971,P_02971,MUMBAI_POLICE_CCTNS,SRC_P_02971,1.0,CANONICAL_ID,True
PSI_02972,P_02972,MUMBAI_POLICE_CCTNS,SRC_P_02972,1.0,CANONICAL_ID,True
PSI_02973,P_02973,MUMBAI_POLICE_CCTNS,SRC_P_02973,1.0,CANONICAL_ID,True
PSI_02974,P_02974,MUMBAI_POLICE_CCTNS,SRC_P_02974,1.0,CANONICAL_ID,True
PSI_02975,P_02975,MUMBAI_POLICE_CCTNS,SRC_P_02975,1.0,CANONICAL_ID,True
PSI_02976,P_02976,MUMBAI_POLICE_CCTNS,SRC_P_02976,1.0,CANONICAL_ID,True
PSI_02977,P_02977,MUMBAI_POLICE_CCTNS,SRC_P_02977,1.0,CANONICAL_ID,True
PSI_02978,P_02978,MUMBAI_POLICE_CCTNS,SRC_P_02978,1.0,CANONICAL_ID,True
PSI_02979,P_02979,MUMBAI_POLICE_CCTNS,SRC_P_02979,1.0,CANONICAL_ID,True
PSI_02980,P_02980,MUMBAI_POLICE_CCTNS,SRC_P_02980,1.0,CANONICAL_ID,True
PSI_02981,P_02981,MUMBAI_POLICE_CCTNS,SRC_P_02981,1.0,CANONICAL_ID,True
PSI_02982,P_02982,MUMBAI_POLICE_CCTNS,SRC_P_02982,1.0,CANONICAL_ID,True
PSI_02983,P_02983,MUMBAI_POLICE_CCTNS,SRC_P_02983,1.0,CANONICAL_ID,True
PSI_02984,P_02984,MUMBAI_POLICE_CCTNS,SRC_P_02984,1.0,CANONICAL_ID,True
PSI_02985,P_02985,MUMBAI_POLICE_CCTNS,SRC_P_02985,1.0,CANONICAL_ID,True
PSI_02986,P_02986,MUMBAI_POLICE_CCTNS,SRC_P_02986,1.0,CANONICAL_ID,True
PSI_02987,P_02987,MUMBAI_POLICE_CCTNS,SRC_P_02987,1.0,CANONICAL_ID,True
PSI_02988,P_02988,MUMBAI_POLICE_CCTNS,SRC_P_02988,1.0,CANONICAL_ID,True
PSI_02989,P_02989,MUMBAI_POLICE_CCTNS,SRC_P_02989,1.0,CANONICAL_ID,True
PSI_02990,P_02990,MUMBAI_POLICE_CCTNS,SRC_P_02990,1.0,CANONICAL_ID,True
PSI_02991,P_02991,MUMBAI_POLICE_CCTNS,SRC_P_02991,1.0,CANONICAL_ID,True
PSI_02992,P_02992,MUMBAI_POLICE_CCTNS,SRC_P_02992,1.0,CANONICAL_ID,True
PSI_02993,P_02993,MUMBAI_POLICE_CCTNS,SRC_P_02993,1.0,CANONICAL_ID,True
PSI_02994,P_02994,MUMBAI_POLICE_CCTNS,SRC_P_02994,1.0,CANONICAL_ID,True
PSI_02995,P_02995,MUMBAI_POLICE_CCTNS,SRC_P_02995,1.0,CANONICAL_ID,True
PSI_02996,P_02996,MUMBAI_POLICE_CCTNS,SRC_P_02996,1.0,CANONICAL_ID,True
PSI_02997,P_02997,MUMBAI_POLICE_CCTNS,SRC_P_02997,1.0,CANONICAL_ID,True
PSI_02998,P_02998,MUMBAI_POLICE_CCTNS,SRC_P_02998,1.0,CANONICAL_ID,True
PSI_02999,P_02999,MUMBAI_POLICE_CCTNS,SRC_P_02999,1.0,CANONICAL_ID,True
PSI_03000,P_03000,MUMBAI_POLICE_CCTNS,SRC_P_03000,1.0,CANONICAL_ID,True
PSI_03001,P_03001,MUMBAI_POLICE_CCTNS,SRC_P_03001,1.0,CANONICAL_ID,True
PSI_03002,P_03002,MUMBAI_POLICE_CCTNS,SRC_P_03002,1.0,CANONICAL_ID,True
PSI_03003,P_03003,MUMBAI_POLICE_CCTNS,SRC_P_03003,1.0,CANONICAL_ID,True
PSI_03004,P_03004,MUMBAI_POLICE_CCTNS,SRC_P_03004,1.0,CANONICAL_ID,True
PSI_03005,P_03005,MUMBAI_POLICE_CCTNS,SRC_P_03005,1.0,CANONICAL_ID,True
PSI_03006,P_03006,MUMBAI_POLICE_CCTNS,SRC_P_03006,1.0,CANONICAL_ID,True
PSI_03007,P_03007,MUMBAI_POLICE_CCTNS,SRC_P_03007,1.0,CANONICAL_ID,True
PSI_03008,P_03008,MUMBAI_POLICE_CCTNS,SRC_P_03008,1.0,CANONICAL_ID,True
PSI_03009,P_03009,MUMBAI_POLICE_CCTNS,SRC_P_03009,1.0,CANONICAL_ID,True
PSI_03010,P_03010,MUMBAI_POLICE_CCTNS,SRC_P_03010,1.0,CANONICAL_ID,True
PSI_03011,P_03011,MUMBAI_POLICE_CCTNS,SRC_P_03011,1.0,CANONICAL_ID,True
PSI_03012,P_03012,MUMBAI_POLICE_CCTNS,SRC_P_03012,1.0,CANONICAL_ID,True
PSI_03013,P_03013,MUMBAI_POLICE_CCTNS,SRC_P_03013,1.0,CANONICAL_ID,True
PSI_03014,P_03014,MUMBAI_POLICE_CCTNS,SRC_P_03014,1.0,CANONICAL_ID,True
PSI_03015,P_03015,MUMBAI_POLICE_CCTNS,SRC_P_03015,1.0,CANONICAL_ID,True
PSI_03016,P_03016,MUMBAI_POLICE_CCTNS,SRC_P_03016,1.0,CANONICAL_ID,True
PSI_03017,P_03017,MUMBAI_POLICE_CCTNS,SRC_P_03017,1.0,CANONICAL_ID,True
PSI_03018,P_03018,MUMBAI_POLICE_CCTNS,SRC_P_03018,1.0,CANONICAL_ID,True
PSI_03019,P_03019,MUMBAI_POLICE_CCTNS,SRC_P_03019,1.0,CANONICAL_ID,True
PSI_03020,P_03020,MUMBAI_POLICE_CCTNS,SRC_P_03020,1.0,CANONICAL_ID,True
PSI_03021,P_03021,MUMBAI_POLICE_CCTNS,SRC_P_03021,1.0,CANONICAL_ID,True
PSI_03022,P_03022,MUMBAI_POLICE_CCTNS,SRC_P_03022,1.0,CANONICAL_ID,True
PSI_03023,P_03023,MUMBAI_POLICE_CCTNS,SRC_P_03023,1.0,CANONICAL_ID,True
PSI_03024,P_03024,MUMBAI_POLICE_CCTNS,SRC_P_03024,1.0,CANONICAL_ID,True
PSI_03025,P_03025,MUMBAI_POLICE_CCTNS,SRC_P_03025,1.0,CANONICAL_ID,True
PSI_03026,P_03026,MUMBAI_POLICE_CCTNS,SRC_P_03026,1.0,CANONICAL_ID,True
PSI_03027,P_03027,MUMBAI_POLICE_CCTNS,SRC_P_03027,1.0,CANONICAL_ID,True
PSI_03028,P_03028,MUMBAI_POLICE_CCTNS,SRC_P_03028,1.0,CANONICAL_ID,True
PSI_03029,P_03029,MUMBAI_POLICE_CCTNS,SRC_P_03029,1.0,CANONICAL_ID,True
PSI_03030,P_03030,MUMBAI_POLICE_CCTNS,SRC_P_03030,1.0,CANONICAL_ID,True
PSI_03031,P_03031,MUMBAI_POLICE_CCTNS,SRC_P_03031,1.0,CANONICAL_ID,True
PSI_03032,P_03032,MUMBAI_POLICE_CCTNS,SRC_P_03032,1.0,CANONICAL_ID,True
PSI_03033,P_03033,MUMBAI_POLICE_CCTNS,SRC_P_03033,1.0,CANONICAL_ID,True
PSI_03034,P_03034,MUMBAI_POLICE_CCTNS,SRC_P_03034,1.0,CANONICAL_ID,True
PSI_03035,P_03035,MUMBAI_POLICE_CCTNS,SRC_P_03035,1.0,CANONICAL_ID,True
PSI_03036,P_03036,MUMBAI_POLICE_CCTNS,SRC_P_03036,1.0,CANONICAL_ID,True
PSI_03037,P_03037,MUMBAI_POLICE_CCTNS,SRC_P_03037,1.0,CANONICAL_ID,True
PSI_03038,P_03038,MUMBAI_POLICE_CCTNS,SRC_P_03038,1.0,CANONICAL_ID,True
PSI_03039,P_03039,MUMBAI_POLICE_CCTNS,SRC_P_03039,1.0,CANONICAL_ID,True
PSI_03040,P_03040,MUMBAI_POLICE_CCTNS,SRC_P_03040,1.0,CANONICAL_ID,True
PSI_03041,P_03041,MUMBAI_POLICE_CCTNS,SRC_P_03041,1.0,CANONICAL_ID,True
PSI_03042,P_03042,MUMBAI_POLICE_CCTNS,SRC_P_03042,1.0,CANONICAL_ID,True
PSI_03043,P_03043,MUMBAI_POLICE_CCTNS,SRC_P_03043,1.0,CANONICAL_ID,True
PSI_03044,P_03044,MUMBAI_POLICE_CCTNS,SRC_P_03044,1.0,CANONICAL_ID,True
PSI_03045,P_03045,MUMBAI_POLICE_CCTNS,SRC_P_03045,1.0,CANONICAL_ID,True
PSI_03046,P_03046,MUMBAI_POLICE_CCTNS,SRC_P_03046,1.0,CANONICAL_ID,True
PSI_03047,P_03047,MUMBAI_POLICE_CCTNS,SRC_P_03047,1.0,CANONICAL_ID,True
PSI_03048,P_03048,MUMBAI_POLICE_CCTNS,SRC_P_03048,1.0,CANONICAL_ID,True
PSI_03049,P_03049,MUMBAI_POLICE_CCTNS,SRC_P_03049,1.0,CANONICAL_ID,True
PSI_03050,P_03050,MUMBAI_POLICE_CCTNS,SRC_P_03050,1.0,CANONICAL_ID,True
PSI_03051,P_03051,MUMBAI_POLICE_CCTNS,SRC_P_03051,1.0,CANONICAL_ID,True
PSI_03052,P_03052,MUMBAI_POLICE_CCTNS,SRC_P_03052,1.0,CANONICAL_ID,True
PSI_03053,P_03053,MUMBAI_POLICE_CCTNS,SRC_P_03053,1.0,CANONICAL_ID,True
PSI_03054,P_03054,MUMBAI_POLICE_CCTNS,SRC_P_03054,1.0,CANONICAL_ID,True
PSI_03055,P_03055,MUMBAI_POLICE_CCTNS,SRC_P_03055,1.0,CANONICAL_ID,True
PSI_03056,P_03056,MUMBAI_POLICE_CCTNS,SRC_P_03056,1.0,CANONICAL_ID,True
PSI_03057,P_03057,MUMBAI_POLICE_CCTNS,SRC_P_03057,1.0,CANONICAL_ID,True
PSI_03058,P_03058,MUMBAI_POLICE_CCTNS,SRC_P_03058,1.0,CANONICAL_ID,True
PSI_03059,P_03059,MUMBAI_POLICE_CCTNS,SRC_P_03059,1.0,CANONICAL_ID,True
PSI_03060,P_03060,MUMBAI_POLICE_CCTNS,SRC_P_03060,1.0,CANONICAL_ID,True
PSI_03061,P_03061,MUMBAI_POLICE_CCTNS,SRC_P_03061,1.0,CANONICAL_ID,True
PSI_03062,P_03062,MUMBAI_POLICE_CCTNS,SRC_P_03062,1.0,CANONICAL_ID,True
PSI_03063,P_03063,MUMBAI_POLICE_CCTNS,SRC_P_03063,1.0,CANONICAL_ID,True
PSI_03064,P_03064,MUMBAI_POLICE_CCTNS,SRC_P_03064,1.0,CANONICAL_ID,True
PSI_03065,P_03065,MUMBAI_POLICE_CCTNS,SRC_P_03065,1.0,CANONICAL_ID,True
PSI_03066,P_03066,MUMBAI_POLICE_CCTNS,SRC_P_03066,1.0,CANONICAL_ID,True
PSI_03067,P_03067,MUMBAI_POLICE_CCTNS,SRC_P_03067,1.0,CANONICAL_ID,True
PSI_03068,P_03068,MUMBAI_POLICE_CCTNS,SRC_P_03068,1.0,CANONICAL_ID,True
PSI_03069,P_03069,MUMBAI_POLICE_CCTNS,SRC_P_03069,1.0,CANONICAL_ID,True
PSI_03070,P_03070,MUMBAI_POLICE_CCTNS,SRC_P_03070,1.0,CANONICAL_ID,True
PSI_03071,P_03071,MUMBAI_POLICE_CCTNS,SRC_P_03071,1.0,CANONICAL_ID,True
PSI_03072,P_03072,MUMBAI_POLICE_CCTNS,SRC_P_03072,1.0,CANONICAL_ID,True
PSI_03073,P_03073,MUMBAI_POLICE_CCTNS,SRC_P_03073,1.0,CANONICAL_ID,True
PSI_03074,P_03074,MUMBAI_POLICE_CCTNS,SRC_P_03074,1.0,CANONICAL_ID,True
PSI_03075,P_03075,MUMBAI_POLICE_CCTNS,SRC_P_03075,1.0,CANONICAL_ID,True
PSI_03076,P_03076,MUMBAI_POLICE_CCTNS,SRC_P_03076,1.0,CANONICAL_ID,True
PSI_03077,P_03077,MUMBAI_POLICE_CCTNS,SRC_P_03077,1.0,CANONICAL_ID,True
PSI_03078,P_03078,MUMBAI_POLICE_CCTNS,SRC_P_03078,1.0,CANONICAL_ID,True
PSI_03079,P_03079,MUMBAI_POLICE_CCTNS,SRC_P_03079,1.0,CANONICAL_ID,True
PSI_03080,P_03080,MUMBAI_POLICE_CCTNS,SRC_P_03080,1.0,CANONICAL_ID,True
PSI_03081,P_03081,MUMBAI_POLICE_CCTNS,SRC_P_03081,1.0,CANONICAL_ID,True
PSI_03082,P_03082,MUMBAI_POLICE_CCTNS,SRC_P_03082,1.0,CANONICAL_ID,True
PSI_03083,P_03083,MUMBAI_POLICE_CCTNS,SRC_P_03083,1.0,CANONICAL_ID,True
PSI_03084,P_03084,MUMBAI_POLICE_CCTNS,SRC_P_03084,1.0,CANONICAL_ID,True
PSI_03085,P_03085,MUMBAI_POLICE_CCTNS,SRC_P_03085,1.0,CANONICAL_ID,True
PSI_03086,P_03086,MUMBAI_POLICE_CCTNS,SRC_P_03086,1.0,CANONICAL_ID,True
PSI_03087,P_03087,MUMBAI_POLICE_CCTNS,SRC_P_03087,1.0,CANONICAL_ID,True
PSI_03088,P_03088,MUMBAI_POLICE_CCTNS,SRC_P_03088,1.0,CANONICAL_ID,True
PSI_03089,P_03089,MUMBAI_POLICE_CCTNS,SRC_P_03089,1.0,CANONICAL_ID,True
PSI_03090,P_03090,MUMBAI_POLICE_CCTNS,SRC_P_03090,1.0,CANONICAL_ID,True
PSI_03091,P_03091,MUMBAI_POLICE_CCTNS,SRC_P_03091,1.0,CANONICAL_ID,True
PSI_03092,P_03092,MUMBAI_POLICE_CCTNS,SRC_P_03092,1.0,CANONICAL_ID,True
PSI_03093,P_03093,MUMBAI_POLICE_CCTNS,SRC_P_03093,1.0,CANONICAL_ID,True
PSI_03094,P_03094,MUMBAI_POLICE_CCTNS,SRC_P_03094,1.0,CANONICAL_ID,True
PSI_03095,P_03095,MUMBAI_POLICE_CCTNS,SRC_P_03095,1.0,CANONICAL_ID,True
PSI_03096,P_03096,MUMBAI_POLICE_CCTNS,SRC_P_03096,1.0,CANONICAL_ID,True
PSI_03097,P_03097,MUMBAI_POLICE_CCTNS,SRC_P_03097,1.0,CANONICAL_ID,True
PSI_03098,P_03098,MUMBAI_POLICE_CCTNS,SRC_P_03098,1.0,CANONICAL_ID,True
PSI_03099,P_03099,MUMBAI_POLICE_CCTNS,SRC_P_03099,1.0,CANONICAL_ID,True
PSI_03100,P_03100,MUMBAI_POLICE_CCTNS,SRC_P_03100,1.0,CANONICAL_ID,True
PSI_03101,P_03101,MUMBAI_POLICE_CCTNS,SRC_P_03101,1.0,CANONICAL_ID,True
PSI_03102,P_03102,MUMBAI_POLICE_CCTNS,SRC_P_03102,1.0,CANONICAL_ID,True
PSI_03103,P_03103,MUMBAI_POLICE_CCTNS,SRC_P_03103,1.0,CANONICAL_ID,True
PSI_03104,P_03104,MUMBAI_POLICE_CCTNS,SRC_P_03104,1.0,CANONICAL_ID,True
PSI_03105,P_03105,MUMBAI_POLICE_CCTNS,SRC_P_03105,1.0,CANONICAL_ID,True
PSI_03106,P_03106,MUMBAI_POLICE_CCTNS,SRC_P_03106,1.0,CANONICAL_ID,True
PSI_03107,P_03107,MUMBAI_POLICE_CCTNS,SRC_P_03107,1.0,CANONICAL_ID,True
PSI_03108,P_03108,MUMBAI_POLICE_CCTNS,SRC_P_03108,1.0,CANONICAL_ID,True
PSI_03109,P_03109,MUMBAI_POLICE_CCTNS,SRC_P_03109,1.0,CANONICAL_ID,True
PSI_03110,P_03110,MUMBAI_POLICE_CCTNS,SRC_P_03110,1.0,CANONICAL_ID,True
PSI_03111,P_03111,MUMBAI_POLICE_CCTNS,SRC_P_03111,1.0,CANONICAL_ID,True
PSI_03112,P_03112,MUMBAI_POLICE_CCTNS,SRC_P_03112,1.0,CANONICAL_ID,True
PSI_03113,P_03113,MUMBAI_POLICE_CCTNS,SRC_P_03113,1.0,CANONICAL_ID,True
PSI_03114,P_03114,MUMBAI_POLICE_CCTNS,SRC_P_03114,1.0,CANONICAL_ID,True
PSI_03115,P_03115,MUMBAI_POLICE_CCTNS,SRC_P_03115,1.0,CANONICAL_ID,True
PSI_03116,P_03116,MUMBAI_POLICE_CCTNS,SRC_P_03116,1.0,CANONICAL_ID,True
PSI_03117,P_03117,MUMBAI_POLICE_CCTNS,SRC_P_03117,1.0,CANONICAL_ID,True
PSI_03118,P_03118,MUMBAI_POLICE_CCTNS,SRC_P_03118,1.0,CANONICAL_ID,True
PSI_03119,P_03119,MUMBAI_POLICE_CCTNS,SRC_P_03119,1.0,CANONICAL_ID,True
PSI_03120,P_03120,MUMBAI_POLICE_CCTNS,SRC_P_03120,1.0,CANONICAL_ID,True
PSI_03121,P_03121,MUMBAI_POLICE_CCTNS,SRC_P_03121,1.0,CANONICAL_ID,True
PSI_03122,P_03122,MUMBAI_POLICE_CCTNS,SRC_P_03122,1.0,CANONICAL_ID,True
PSI_03123,P_03123,MUMBAI_POLICE_CCTNS,SRC_P_03123,1.0,CANONICAL_ID,True
PSI_03124,P_03124,MUMBAI_POLICE_CCTNS,SRC_P_03124,1.0,CANONICAL_ID,True
PSI_03125,P_03125,MUMBAI_POLICE_CCTNS,SRC_P_03125,1.0,CANONICAL_ID,True
PSI_03126,P_03126,MUMBAI_POLICE_CCTNS,SRC_P_03126,1.0,CANONICAL_ID,True
PSI_03127,P_03127,MUMBAI_POLICE_CCTNS,SRC_P_03127,1.0,CANONICAL_ID,True
PSI_03128,P_03128,MUMBAI_POLICE_CCTNS,SRC_P_03128,1.0,CANONICAL_ID,True
PSI_03129,P_03129,MUMBAI_POLICE_CCTNS,SRC_P_03129,1.0,CANONICAL_ID,True
PSI_03130,P_03130,MUMBAI_POLICE_CCTNS,SRC_P_03130,1.0,CANONICAL_ID,True
PSI_03131,P_03131,MUMBAI_POLICE_CCTNS,SRC_P_03131,1.0,CANONICAL_ID,True
PSI_03132,P_03132,MUMBAI_POLICE_CCTNS,SRC_P_03132,1.0,CANONICAL_ID,True
PSI_03133,P_03133,MUMBAI_POLICE_CCTNS,SRC_P_03133,1.0,CANONICAL_ID,True
PSI_03134,P_03134,MUMBAI_POLICE_CCTNS,SRC_P_03134,1.0,CANONICAL_ID,True
PSI_03135,P_03135,MUMBAI_POLICE_CCTNS,SRC_P_03135,1.0,CANONICAL_ID,True
PSI_03136,P_03136,MUMBAI_POLICE_CCTNS,SRC_P_03136,1.0,CANONICAL_ID,True
PSI_03137,P_03137,MUMBAI_POLICE_CCTNS,SRC_P_03137,1.0,CANONICAL_ID,True
PSI_03138,P_03138,MUMBAI_POLICE_CCTNS,SRC_P_03138,1.0,CANONICAL_ID,True
PSI_03139,P_03139,MUMBAI_POLICE_CCTNS,SRC_P_03139,1.0,CANONICAL_ID,True
PSI_03140,P_03140,MUMBAI_POLICE_CCTNS,SRC_P_03140,1.0,CANONICAL_ID,True
PSI_03141,P_03141,MUMBAI_POLICE_CCTNS,SRC_P_03141,1.0,CANONICAL_ID,True
PSI_03142,P_03142,MUMBAI_POLICE_CCTNS,SRC_P_03142,1.0,CANONICAL_ID,True
PSI_03143,P_03143,MUMBAI_POLICE_CCTNS,SRC_P_03143,1.0,CANONICAL_ID,True
PSI_03144,P_03144,MUMBAI_POLICE_CCTNS,SRC_P_03144,1.0,CANONICAL_ID,True
PSI_03145,P_03145,MUMBAI_POLICE_CCTNS,SRC_P_03145,1.0,CANONICAL_ID,True
PSI_03146,P_03146,MUMBAI_POLICE_CCTNS,SRC_P_03146,1.0,CANONICAL_ID,True
PSI_03147,P_03147,MUMBAI_POLICE_CCTNS,SRC_P_03147,1.0,CANONICAL_ID,True
PSI_03148,P_03148,MUMBAI_POLICE_CCTNS,SRC_P_03148,1.0,CANONICAL_ID,True
PSI_03149,P_03149,MUMBAI_POLICE_CCTNS,SRC_P_03149,1.0,CANONICAL_ID,True
PSI_03150,P_03150,MUMBAI_POLICE_CCTNS,SRC_P_03150,1.0,CANONICAL_ID,True
PSI_03151,P_03151,MUMBAI_POLICE_CCTNS,SRC_P_03151,1.0,CANONICAL_ID,True
PSI_03152,P_03152,MUMBAI_POLICE_CCTNS,SRC_P_03152,1.0,CANONICAL_ID,True
PSI_03153,P_03153,MUMBAI_POLICE_CCTNS,SRC_P_03153,1.0,CANONICAL_ID,True
PSI_03154,P_03154,MUMBAI_POLICE_CCTNS,SRC_P_03154,1.0,CANONICAL_ID,True
PSI_03155,P_03155,MUMBAI_POLICE_CCTNS,SRC_P_03155,1.0,CANONICAL_ID,True
PSI_03156,P_03156,MUMBAI_POLICE_CCTNS,SRC_P_03156,1.0,CANONICAL_ID,True
PSI_03157,P_03157,MUMBAI_POLICE_CCTNS,SRC_P_03157,1.0,CANONICAL_ID,True
PSI_03158,P_03158,MUMBAI_POLICE_CCTNS,SRC_P_03158,1.0,CANONICAL_ID,True
PSI_03159,P_03159,MUMBAI_POLICE_CCTNS,SRC_P_03159,1.0,CANONICAL_ID,True
PSI_03160,P_03160,MUMBAI_POLICE_CCTNS,SRC_P_03160,1.0,CANONICAL_ID,True
PSI_03161,P_03161,MUMBAI_POLICE_CCTNS,SRC_P_03161,1.0,CANONICAL_ID,True
PSI_03162,P_03162,MUMBAI_POLICE_CCTNS,SRC_P_03162,1.0,CANONICAL_ID,True
PSI_03163,P_03163,MUMBAI_POLICE_CCTNS,SRC_P_03163,1.0,CANONICAL_ID,True
PSI_03164,P_03164,MUMBAI_POLICE_CCTNS,SRC_P_03164,1.0,CANONICAL_ID,True
PSI_03165,P_03165,MUMBAI_POLICE_CCTNS,SRC_P_03165,1.0,CANONICAL_ID,True
PSI_03166,P_03166,MUMBAI_POLICE_CCTNS,SRC_P_03166,1.0,CANONICAL_ID,True
PSI_03167,P_03167,MUMBAI_POLICE_CCTNS,SRC_P_03167,1.0,CANONICAL_ID,True
PSI_03168,P_03168,MUMBAI_POLICE_CCTNS,SRC_P_03168,1.0,CANONICAL_ID,True
PSI_03169,P_03169,MUMBAI_POLICE_CCTNS,SRC_P_03169,1.0,CANONICAL_ID,True
PSI_03170,P_03170,MUMBAI_POLICE_CCTNS,SRC_P_03170,1.0,CANONICAL_ID,True
PSI_03171,P_03171,MUMBAI_POLICE_CCTNS,SRC_P_03171,1.0,CANONICAL_ID,True
PSI_03172,P_03172,MUMBAI_POLICE_CCTNS,SRC_P_03172,1.0,CANONICAL_ID,True
PSI_03173,P_03173,MUMBAI_POLICE_CCTNS,SRC_P_03173,1.0,CANONICAL_ID,True
PSI_03174,P_03174,MUMBAI_POLICE_CCTNS,SRC_P_03174,1.0,CANONICAL_ID,True
PSI_03175,P_03175,MUMBAI_POLICE_CCTNS,SRC_P_03175,1.0,CANONICAL_ID,True
PSI_03176,P_03176,MUMBAI_POLICE_CCTNS,SRC_P_03176,1.0,CANONICAL_ID,True
PSI_03177,P_03177,MUMBAI_POLICE_CCTNS,SRC_P_03177,1.0,CANONICAL_ID,True
PSI_03178,P_03178,MUMBAI_POLICE_CCTNS,SRC_P_03178,1.0,CANONICAL_ID,True
PSI_03179,P_03179,MUMBAI_POLICE_CCTNS,SRC_P_03179,1.0,CANONICAL_ID,True
PSI_03180,P_03180,MUMBAI_POLICE_CCTNS,SRC_P_03180,1.0,CANONICAL_ID,True
PSI_03181,P_03181,MUMBAI_POLICE_CCTNS,SRC_P_03181,1.0,CANONICAL_ID,True
PSI_03182,P_03182,MUMBAI_POLICE_CCTNS,SRC_P_03182,1.0,CANONICAL_ID,True
PSI_03183,P_03183,MUMBAI_POLICE_CCTNS,SRC_P_03183,1.0,CANONICAL_ID,True
PSI_03184,P_03184,MUMBAI_POLICE_CCTNS,SRC_P_03184,1.0,CANONICAL_ID,True
PSI_03185,P_03185,MUMBAI_POLICE_CCTNS,SRC_P_03185,1.0,CANONICAL_ID,True
PSI_03186,P_03186,MUMBAI_POLICE_CCTNS,SRC_P_03186,1.0,CANONICAL_ID,True
PSI_03187,P_03187,MUMBAI_POLICE_CCTNS,SRC_P_03187,1.0,CANONICAL_ID,True
PSI_03188,P_03188,MUMBAI_POLICE_CCTNS,SRC_P_03188,1.0,CANONICAL_ID,True
PSI_03189,P_03189,MUMBAI_POLICE_CCTNS,SRC_P_03189,1.0,CANONICAL_ID,True
PSI_03190,P_03190,MUMBAI_POLICE_CCTNS,SRC_P_03190,1.0,CANONICAL_ID,True
PSI_03191,P_03191,MUMBAI_POLICE_CCTNS,SRC_P_03191,1.0,CANONICAL_ID,True
PSI_03192,P_03192,MUMBAI_POLICE_CCTNS,SRC_P_03192,1.0,CANONICAL_ID,True
PSI_03193,P_03193,MUMBAI_POLICE_CCTNS,SRC_P_03193,1.0,CANONICAL_ID,True
PSI_03194,P_03194,MUMBAI_POLICE_CCTNS,SRC_P_03194,1.0,CANONICAL_ID,True
PSI_03195,P_03195,MUMBAI_POLICE_CCTNS,SRC_P_03195,1.0,CANONICAL_ID,True
PSI_03196,P_03196,MUMBAI_POLICE_CCTNS,SRC_P_03196,1.0,CANONICAL_ID,True
PSI_03197,P_03197,MUMBAI_POLICE_CCTNS,SRC_P_03197,1.0,CANONICAL_ID,True
PSI_03198,P_03198,MUMBAI_POLICE_CCTNS,SRC_P_03198,1.0,CANONICAL_ID,True
PSI_03199,P_03199,MUMBAI_POLICE_CCTNS,SRC_P_03199,1.0,CANONICAL_ID,True
PSI_03200,P_03200,MUMBAI_POLICE_CCTNS,SRC_P_03200,1.0,CANONICAL_ID,True
PSI_03201,P_03201,MUMBAI_POLICE_CCTNS,SRC_P_03201,1.0,CANONICAL_ID,True
PSI_03202,P_03202,MUMBAI_POLICE_CCTNS,SRC_P_03202,1.0,CANONICAL_ID,True
PSI_03203,P_03203,MUMBAI_POLICE_CCTNS,SRC_P_03203,1.0,CANONICAL_ID,True
PSI_03204,P_03204,MUMBAI_POLICE_CCTNS,SRC_P_03204,1.0,CANONICAL_ID,True
PSI_03205,P_03205,MUMBAI_POLICE_CCTNS,SRC_P_03205,1.0,CANONICAL_ID,True
PSI_03206,P_03206,MUMBAI_POLICE_CCTNS,SRC_P_03206,1.0,CANONICAL_ID,True
PSI_03207,P_03207,MUMBAI_POLICE_CCTNS,SRC_P_03207,1.0,CANONICAL_ID,True
PSI_03208,P_03208,MUMBAI_POLICE_CCTNS,SRC_P_03208,1.0,CANONICAL_ID,True
PSI_03209,P_03209,MUMBAI_POLICE_CCTNS,SRC_P_03209,1.0,CANONICAL_ID,True
PSI_03210,P_03210,MUMBAI_POLICE_CCTNS,SRC_P_03210,1.0,CANONICAL_ID,True
PSI_03211,P_03211,MUMBAI_POLICE_CCTNS,SRC_P_03211,1.0,CANONICAL_ID,True
PSI_03212,P_03212,MUMBAI_POLICE_CCTNS,SRC_P_03212,1.0,CANONICAL_ID,True
PSI_03213,P_03213,MUMBAI_POLICE_CCTNS,SRC_P_03213,1.0,CANONICAL_ID,True
PSI_03214,P_03214,MUMBAI_POLICE_CCTNS,SRC_P_03214,1.0,CANONICAL_ID,True
PSI_03215,P_03215,MUMBAI_POLICE_CCTNS,SRC_P_03215,1.0,CANONICAL_ID,True
PSI_03216,P_03216,MUMBAI_POLICE_CCTNS,SRC_P_03216,1.0,CANONICAL_ID,True
PSI_03217,P_03217,MUMBAI_POLICE_CCTNS,SRC_P_03217,1.0,CANONICAL_ID,True
PSI_03218,P_03218,MUMBAI_POLICE_CCTNS,SRC_P_03218,1.0,CANONICAL_ID,True
PSI_03219,P_03219,MUMBAI_POLICE_CCTNS,SRC_P_03219,1.0,CANONICAL_ID,True
PSI_03220,P_03220,MUMBAI_POLICE_CCTNS,SRC_P_03220,1.0,CANONICAL_ID,True
PSI_03221,P_03221,MUMBAI_POLICE_CCTNS,SRC_P_03221,1.0,CANONICAL_ID,True
PSI_03222,P_03222,MUMBAI_POLICE_CCTNS,SRC_P_03222,1.0,CANONICAL_ID,True
PSI_03223,P_03223,MUMBAI_POLICE_CCTNS,SRC_P_03223,1.0,CANONICAL_ID,True
PSI_03224,P_03224,MUMBAI_POLICE_CCTNS,SRC_P_03224,1.0,CANONICAL_ID,True
PSI_03225,P_03225,MUMBAI_POLICE_CCTNS,SRC_P_03225,1.0,CANONICAL_ID,True
PSI_03226,P_03226,MUMBAI_POLICE_CCTNS,SRC_P_03226,1.0,CANONICAL_ID,True
PSI_03227,P_03227,MUMBAI_POLICE_CCTNS,SRC_P_03227,1.0,CANONICAL_ID,True
PSI_03228,P_03228,MUMBAI_POLICE_CCTNS,SRC_P_03228,1.0,CANONICAL_ID,True
PSI_03229,P_03229,MUMBAI_POLICE_CCTNS,SRC_P_03229,1.0,CANONICAL_ID,True
PSI_03230,P_03230,MUMBAI_POLICE_CCTNS,SRC_P_03230,1.0,CANONICAL_ID,True
PSI_03231,P_03231,MUMBAI_POLICE_CCTNS,SRC_P_03231,1.0,CANONICAL_ID,True
PSI_03232,P_03232,MUMBAI_POLICE_CCTNS,SRC_P_03232,1.0,CANONICAL_ID,True
PSI_03233,P_03233,MUMBAI_POLICE_CCTNS,SRC_P_03233,1.0,CANONICAL_ID,True
PSI_03234,P_03234,MUMBAI_POLICE_CCTNS,SRC_P_03234,1.0,CANONICAL_ID,True
PSI_03235,P_03235,MUMBAI_POLICE_CCTNS,SRC_P_03235,1.0,CANONICAL_ID,True
PSI_03236,P_03236,MUMBAI_POLICE_CCTNS,SRC_P_03236,1.0,CANONICAL_ID,True
PSI_03237,P_03237,MUMBAI_POLICE_CCTNS,SRC_P_03237,1.0,CANONICAL_ID,True
PSI_03238,P_03238,MUMBAI_POLICE_CCTNS,SRC_P_03238,1.0,CANONICAL_ID,True
PSI_03239,P_03239,MUMBAI_POLICE_CCTNS,SRC_P_03239,1.0,CANONICAL_ID,True
PSI_03240,P_03240,MUMBAI_POLICE_CCTNS,SRC_P_03240,1.0,CANONICAL_ID,True
PSI_03241,P_03241,MUMBAI_POLICE_CCTNS,SRC_P_03241,1.0,CANONICAL_ID,True
PSI_03242,P_03242,MUMBAI_POLICE_CCTNS,SRC_P_03242,1.0,CANONICAL_ID,True
PSI_03243,P_03243,MUMBAI_POLICE_CCTNS,SRC_P_03243,1.0,CANONICAL_ID,True
PSI_03244,P_03244,MUMBAI_POLICE_CCTNS,SRC_P_03244,1.0,CANONICAL_ID,True
PSI_03245,P_03245,MUMBAI_POLICE_CCTNS,SRC_P_03245,1.0,CANONICAL_ID,True
PSI_03246,P_03246,MUMBAI_POLICE_CCTNS,SRC_P_03246,1.0,CANONICAL_ID,True
PSI_03247,P_03247,MUMBAI_POLICE_CCTNS,SRC_P_03247,1.0,CANONICAL_ID,True
PSI_03248,P_03248,MUMBAI_POLICE_CCTNS,SRC_P_03248,1.0,CANONICAL_ID,True
PSI_03249,P_03249,MUMBAI_POLICE_CCTNS,SRC_P_03249,1.0,CANONICAL_ID,True
PSI_03250,P_03250,MUMBAI_POLICE_CCTNS,SRC_P_03250,1.0,CANONICAL_ID,True
PSI_03251,P_03251,MUMBAI_POLICE_CCTNS,SRC_P_03251,1.0,CANONICAL_ID,True
PSI_03252,P_03252,MUMBAI_POLICE_CCTNS,SRC_P_03252,1.0,CANONICAL_ID,True
PSI_03253,P_03253,MUMBAI_POLICE_CCTNS,SRC_P_03253,1.0,CANONICAL_ID,True
PSI_03254,P_03254,MUMBAI_POLICE_CCTNS,SRC_P_03254,1.0,CANONICAL_ID,True
PSI_03255,P_03255,MUMBAI_POLICE_CCTNS,SRC_P_03255,1.0,CANONICAL_ID,True
PSI_03256,P_03256,MUMBAI_POLICE_CCTNS,SRC_P_03256,1.0,CANONICAL_ID,True
PSI_03257,P_03257,MUMBAI_POLICE_CCTNS,SRC_P_03257,1.0,CANONICAL_ID,True
PSI_03258,P_03258,MUMBAI_POLICE_CCTNS,SRC_P_03258,1.0,CANONICAL_ID,True
PSI_03259,P_03259,MUMBAI_POLICE_CCTNS,SRC_P_03259,1.0,CANONICAL_ID,True
PSI_03260,P_03260,MUMBAI_POLICE_CCTNS,SRC_P_03260,1.0,CANONICAL_ID,True
PSI_03261,P_03261,MUMBAI_POLICE_CCTNS,SRC_P_03261,1.0,CANONICAL_ID,True
PSI_03262,P_03262,MUMBAI_POLICE_CCTNS,SRC_P_03262,1.0,CANONICAL_ID,True
PSI_03263,P_03263,MUMBAI_POLICE_CCTNS,SRC_P_03263,1.0,CANONICAL_ID,True
PSI_03264,P_03264,MUMBAI_POLICE_CCTNS,SRC_P_03264,1.0,CANONICAL_ID,True
PSI_03265,P_03265,MUMBAI_POLICE_CCTNS,SRC_P_03265,1.0,CANONICAL_ID,True
PSI_03266,P_03266,MUMBAI_POLICE_CCTNS,SRC_P_03266,1.0,CANONICAL_ID,True
PSI_03267,P_03267,MUMBAI_POLICE_CCTNS,SRC_P_03267,1.0,CANONICAL_ID,True
PSI_03268,P_03268,MUMBAI_POLICE_CCTNS,SRC_P_03268,1.0,CANONICAL_ID,True
PSI_03269,P_03269,MUMBAI_POLICE_CCTNS,SRC_P_03269,1.0,CANONICAL_ID,True
PSI_03270,P_03270,MUMBAI_POLICE_CCTNS,SRC_P_03270,1.0,CANONICAL_ID,True
PSI_03271,P_03271,MUMBAI_POLICE_CCTNS,SRC_P_03271,1.0,CANONICAL_ID,True
PSI_03272,P_03272,MUMBAI_POLICE_CCTNS,SRC_P_03272,1.0,CANONICAL_ID,True
PSI_03273,P_03273,MUMBAI_POLICE_CCTNS,SRC_P_03273,1.0,CANONICAL_ID,True
PSI_03274,P_03274,MUMBAI_POLICE_CCTNS,SRC_P_03274,1.0,CANONICAL_ID,True
PSI_03275,P_03275,MUMBAI_POLICE_CCTNS,SRC_P_03275,1.0,CANONICAL_ID,True
PSI_03276,P_03276,MUMBAI_POLICE_CCTNS,SRC_P_03276,1.0,CANONICAL_ID,True
PSI_03277,P_03277,MUMBAI_POLICE_CCTNS,SRC_P_03277,1.0,CANONICAL_ID,True
PSI_03278,P_03278,MUMBAI_POLICE_CCTNS,SRC_P_03278,1.0,CANONICAL_ID,True
PSI_03279,P_03279,MUMBAI_POLICE_CCTNS,SRC_P_03279,1.0,CANONICAL_ID,True
PSI_03280,P_03280,MUMBAI_POLICE_CCTNS,SRC_P_03280,1.0,CANONICAL_ID,True
PSI_03281,P_03281,MUMBAI_POLICE_CCTNS,SRC_P_03281,1.0,CANONICAL_ID,True
PSI_03282,P_03282,MUMBAI_POLICE_CCTNS,SRC_P_03282,1.0,CANONICAL_ID,True
PSI_03283,P_03283,MUMBAI_POLICE_CCTNS,SRC_P_03283,1.0,CANONICAL_ID,True
PSI_03284,P_03284,MUMBAI_POLICE_CCTNS,SRC_P_03284,1.0,CANONICAL_ID,True
PSI_03285,P_03285,MUMBAI_POLICE_CCTNS,SRC_P_03285,1.0,CANONICAL_ID,True
PSI_03286,P_03286,MUMBAI_POLICE_CCTNS,SRC_P_03286,1.0,CANONICAL_ID,True
PSI_03287,P_03287,MUMBAI_POLICE_CCTNS,SRC_P_03287,1.0,CANONICAL_ID,True
PSI_03288,P_03288,MUMBAI_POLICE_CCTNS,SRC_P_03288,1.0,CANONICAL_ID,True
PSI_03289,P_03289,MUMBAI_POLICE_CCTNS,SRC_P_03289,1.0,CANONICAL_ID,True
PSI_03290,P_03290,MUMBAI_POLICE_CCTNS,SRC_P_03290,1.0,CANONICAL_ID,True
PSI_03291,P_03291,MUMBAI_POLICE_CCTNS,SRC_P_03291,1.0,CANONICAL_ID,True
PSI_03292,P_03292,MUMBAI_POLICE_CCTNS,SRC_P_03292,1.0,CANONICAL_ID,True
PSI_03293,P_03293,MUMBAI_POLICE_CCTNS,SRC_P_03293,1.0,CANONICAL_ID,True
PSI_03294,P_03294,MUMBAI_POLICE_CCTNS,SRC_P_03294,1.0,CANONICAL_ID,True
PSI_03295,P_03295,MUMBAI_POLICE_CCTNS,SRC_P_03295,1.0,CANONICAL_ID,True
PSI_03296,P_03296,MUMBAI_POLICE_CCTNS,SRC_P_03296,1.0,CANONICAL_ID,True
PSI_03297,P_03297,MUMBAI_POLICE_CCTNS,SRC_P_03297,1.0,CANONICAL_ID,True
PSI_03298,P_03298,MUMBAI_POLICE_CCTNS,SRC_P_03298,1.0,CANONICAL_ID,True
PSI_03299,P_03299,MUMBAI_POLICE_CCTNS,SRC_P_03299,1.0,CANONICAL_ID,True
PSI_03300,P_03300,MUMBAI_POLICE_CCTNS,SRC_P_03300,1.0,CANONICAL_ID,True
PSI_03301,P_03301,MUMBAI_POLICE_CCTNS,SRC_P_03301,1.0,CANONICAL_ID,True
PSI_03302,P_03302,MUMBAI_POLICE_CCTNS,SRC_P_03302,1.0,CANONICAL_ID,True
PSI_03303,P_03303,MUMBAI_POLICE_CCTNS,SRC_P_03303,1.0,CANONICAL_ID,True
PSI_03304,P_03304,MUMBAI_POLICE_CCTNS,SRC_P_03304,1.0,CANONICAL_ID,True
PSI_03305,P_03305,MUMBAI_POLICE_CCTNS,SRC_P_03305,1.0,CANONICAL_ID,True
PSI_03306,P_03306,MUMBAI_POLICE_CCTNS,SRC_P_03306,1.0,CANONICAL_ID,True
PSI_03307,P_03307,MUMBAI_POLICE_CCTNS,SRC_P_03307,1.0,CANONICAL_ID,True
PSI_03308,P_03308,MUMBAI_POLICE_CCTNS,SRC_P_03308,1.0,CANONICAL_ID,True
PSI_03309,P_03309,MUMBAI_POLICE_CCTNS,SRC_P_03309,1.0,CANONICAL_ID,True
PSI_03310,P_03310,MUMBAI_POLICE_CCTNS,SRC_P_03310,1.0,CANONICAL_ID,True
PSI_03311,P_03311,MUMBAI_POLICE_CCTNS,SRC_P_03311,1.0,CANONICAL_ID,True
PSI_03312,P_03312,MUMBAI_POLICE_CCTNS,SRC_P_03312,1.0,CANONICAL_ID,True
PSI_03313,P_03313,MUMBAI_POLICE_CCTNS,SRC_P_03313,1.0,CANONICAL_ID,True
PSI_03314,P_03314,MUMBAI_POLICE_CCTNS,SRC_P_03314,1.0,CANONICAL_ID,True
PSI_03315,P_03315,MUMBAI_POLICE_CCTNS,SRC_P_03315,1.0,CANONICAL_ID,True
PSI_03316,P_03316,MUMBAI_POLICE_CCTNS,SRC_P_03316,1.0,CANONICAL_ID,True
PSI_03317,P_03317,MUMBAI_POLICE_CCTNS,SRC_P_03317,1.0,CANONICAL_ID,True
PSI_03318,P_03318,MUMBAI_POLICE_CCTNS,SRC_P_03318,1.0,CANONICAL_ID,True
PSI_03319,P_03319,MUMBAI_POLICE_CCTNS,SRC_P_03319,1.0,CANONICAL_ID,True
PSI_03320,P_03320,MUMBAI_POLICE_CCTNS,SRC_P_03320,1.0,CANONICAL_ID,True
PSI_03321,P_03321,MUMBAI_POLICE_CCTNS,SRC_P_03321,1.0,CANONICAL_ID,True
PSI_03322,P_03322,MUMBAI_POLICE_CCTNS,SRC_P_03322,1.0,CANONICAL_ID,True
PSI_03323,P_03323,MUMBAI_POLICE_CCTNS,SRC_P_03323,1.0,CANONICAL_ID,True
PSI_03324,P_03324,MUMBAI_POLICE_CCTNS,SRC_P_03324,1.0,CANONICAL_ID,True
PSI_03325,P_03325,MUMBAI_POLICE_CCTNS,SRC_P_03325,1.0,CANONICAL_ID,True
PSI_03326,P_03326,MUMBAI_POLICE_CCTNS,SRC_P_03326,1.0,CANONICAL_ID,True
PSI_03327,P_03327,MUMBAI_POLICE_CCTNS,SRC_P_03327,1.0,CANONICAL_ID,True
PSI_03328,P_03328,MUMBAI_POLICE_CCTNS,SRC_P_03328,1.0,CANONICAL_ID,True
PSI_03329,P_03329,MUMBAI_POLICE_CCTNS,SRC_P_03329,1.0,CANONICAL_ID,True
PSI_03330,P_03330,MUMBAI_POLICE_CCTNS,SRC_P_03330,1.0,CANONICAL_ID,True
PSI_03331,P_03331,MUMBAI_POLICE_CCTNS,SRC_P_03331,1.0,CANONICAL_ID,True
PSI_03332,P_03332,MUMBAI_POLICE_CCTNS,SRC_P_03332,1.0,CANONICAL_ID,True
PSI_03333,P_03333,MUMBAI_POLICE_CCTNS,SRC_P_03333,1.0,CANONICAL_ID,True
PSI_03334,P_03334,MUMBAI_POLICE_CCTNS,SRC_P_03334,1.0,CANONICAL_ID,True
PSI_03335,P_03335,MUMBAI_POLICE_CCTNS,SRC_P_03335,1.0,CANONICAL_ID,True
PSI_03336,P_03336,MUMBAI_POLICE_CCTNS,SRC_P_03336,1.0,CANONICAL_ID,True
PSI_03337,P_03337,MUMBAI_POLICE_CCTNS,SRC_P_03337,1.0,CANONICAL_ID,True
PSI_03338,P_03338,MUMBAI_POLICE_CCTNS,SRC_P_03338,1.0,CANONICAL_ID,True
PSI_03339,P_03339,MUMBAI_POLICE_CCTNS,SRC_P_03339,1.0,CANONICAL_ID,True
PSI_03340,P_03340,MUMBAI_POLICE_CCTNS,SRC_P_03340,1.0,CANONICAL_ID,True
PSI_03341,P_03341,MUMBAI_POLICE_CCTNS,SRC_P_03341,1.0,CANONICAL_ID,True
PSI_03342,P_03342,MUMBAI_POLICE_CCTNS,SRC_P_03342,1.0,CANONICAL_ID,True
PSI_03343,P_03343,MUMBAI_POLICE_CCTNS,SRC_P_03343,1.0,CANONICAL_ID,True
PSI_03344,P_03344,MUMBAI_POLICE_CCTNS,SRC_P_03344,1.0,CANONICAL_ID,True
PSI_03345,P_03345,MUMBAI_POLICE_CCTNS,SRC_P_03345,1.0,CANONICAL_ID,True
PSI_03346,P_03346,MUMBAI_POLICE_CCTNS,SRC_P_03346,1.0,CANONICAL_ID,True
PSI_03347,P_03347,MUMBAI_POLICE_CCTNS,SRC_P_03347,1.0,CANONICAL_ID,True
PSI_03348,P_03348,MUMBAI_POLICE_CCTNS,SRC_P_03348,1.0,CANONICAL_ID,True
PSI_03349,P_03349,MUMBAI_POLICE_CCTNS,SRC_P_03349,1.0,CANONICAL_ID,True
PSI_03350,P_03350,MUMBAI_POLICE_CCTNS,SRC_P_03350,1.0,CANONICAL_ID,True
PSI_03351,P_03351,MUMBAI_POLICE_CCTNS,SRC_P_03351,1.0,CANONICAL_ID,True
PSI_03352,P_03352,MUMBAI_POLICE_CCTNS,SRC_P_03352,1.0,CANONICAL_ID,True
PSI_03353,P_03353,MUMBAI_POLICE_CCTNS,SRC_P_03353,1.0,CANONICAL_ID,True
PSI_03354,P_03354,MUMBAI_POLICE_CCTNS,SRC_P_03354,1.0,CANONICAL_ID,True
PSI_03355,P_03355,MUMBAI_POLICE_CCTNS,SRC_P_03355,1.0,CANONICAL_ID,True
PSI_03356,P_03356,MUMBAI_POLICE_CCTNS,SRC_P_03356,1.0,CANONICAL_ID,True
PSI_03357,P_03357,MUMBAI_POLICE_CCTNS,SRC_P_03357,1.0,CANONICAL_ID,True
PSI_03358,P_03358,MUMBAI_POLICE_CCTNS,SRC_P_03358,1.0,CANONICAL_ID,True
PSI_03359,P_03359,MUMBAI_POLICE_CCTNS,SRC_P_03359,1.0,CANONICAL_ID,True
PSI_03360,P_03360,MUMBAI_POLICE_CCTNS,SRC_P_03360,1.0,CANONICAL_ID,True
PSI_03361,P_03361,MUMBAI_POLICE_CCTNS,SRC_P_03361,1.0,CANONICAL_ID,True
PSI_03362,P_03362,MUMBAI_POLICE_CCTNS,SRC_P_03362,1.0,CANONICAL_ID,True
PSI_03363,P_03363,MUMBAI_POLICE_CCTNS,SRC_P_03363,1.0,CANONICAL_ID,True
PSI_03364,P_03364,MUMBAI_POLICE_CCTNS,SRC_P_03364,1.0,CANONICAL_ID,True
PSI_03365,P_03365,MUMBAI_POLICE_CCTNS,SRC_P_03365,1.0,CANONICAL_ID,True
PSI_03366,P_03366,MUMBAI_POLICE_CCTNS,SRC_P_03366,1.0,CANONICAL_ID,True
PSI_03367,P_03367,MUMBAI_POLICE_CCTNS,SRC_P_03367,1.0,CANONICAL_ID,True
PSI_03368,P_03368,MUMBAI_POLICE_CCTNS,SRC_P_03368,1.0,CANONICAL_ID,True
PSI_03369,P_03369,MUMBAI_POLICE_CCTNS,SRC_P_03369,1.0,CANONICAL_ID,True
PSI_03370,P_03370,MUMBAI_POLICE_CCTNS,SRC_P_03370,1.0,CANONICAL_ID,True
PSI_03371,P_03371,MUMBAI_POLICE_CCTNS,SRC_P_03371,1.0,CANONICAL_ID,True
PSI_03372,P_03372,MUMBAI_POLICE_CCTNS,SRC_P_03372,1.0,CANONICAL_ID,True
PSI_03373,P_03373,MUMBAI_POLICE_CCTNS,SRC_P_03373,1.0,CANONICAL_ID,True
PSI_03374,P_03374,MUMBAI_POLICE_CCTNS,SRC_P_03374,1.0,CANONICAL_ID,True
PSI_03375,P_03375,MUMBAI_POLICE_CCTNS,SRC_P_03375,1.0,CANONICAL_ID,True
PSI_03376,P_03376,MUMBAI_POLICE_CCTNS,SRC_P_03376,1.0,CANONICAL_ID,True
PSI_03377,P_03377,MUMBAI_POLICE_CCTNS,SRC_P_03377,1.0,CANONICAL_ID,True
PSI_03378,P_03378,MUMBAI_POLICE_CCTNS,SRC_P_03378,1.0,CANONICAL_ID,True
PSI_03379,P_03379,MUMBAI_POLICE_CCTNS,SRC_P_03379,1.0,CANONICAL_ID,True
PSI_03380,P_03380,MUMBAI_POLICE_CCTNS,SRC_P_03380,1.0,CANONICAL_ID,True
PSI_03381,P_03381,MUMBAI_POLICE_CCTNS,SRC_P_03381,1.0,CANONICAL_ID,True
PSI_03382,P_03382,MUMBAI_POLICE_CCTNS,SRC_P_03382,1.0,CANONICAL_ID,True
PSI_03383,P_03383,MUMBAI_POLICE_CCTNS,SRC_P_03383,1.0,CANONICAL_ID,True
PSI_03384,P_03384,MUMBAI_POLICE_CCTNS,SRC_P_03384,1.0,CANONICAL_ID,True
PSI_03385,P_03385,MUMBAI_POLICE_CCTNS,SRC_P_03385,1.0,CANONICAL_ID,True
PSI_03386,P_03386,MUMBAI_POLICE_CCTNS,SRC_P_03386,1.0,CANONICAL_ID,True
PSI_03387,P_03387,MUMBAI_POLICE_CCTNS,SRC_P_03387,1.0,CANONICAL_ID,True
PSI_03388,P_03388,MUMBAI_POLICE_CCTNS,SRC_P_03388,1.0,CANONICAL_ID,True
PSI_03389,P_03389,MUMBAI_POLICE_CCTNS,SRC_P_03389,1.0,CANONICAL_ID,True
PSI_03390,P_03390,MUMBAI_POLICE_CCTNS,SRC_P_03390,1.0,CANONICAL_ID,True
PSI_03391,P_03391,MUMBAI_POLICE_CCTNS,SRC_P_03391,1.0,CANONICAL_ID,True
PSI_03392,P_03392,MUMBAI_POLICE_CCTNS,SRC_P_03392,1.0,CANONICAL_ID,True
PSI_03393,P_03393,MUMBAI_POLICE_CCTNS,SRC_P_03393,1.0,CANONICAL_ID,True
PSI_03394,P_03394,MUMBAI_POLICE_CCTNS,SRC_P_03394,1.0,CANONICAL_ID,True
PSI_03395,P_03395,MUMBAI_POLICE_CCTNS,SRC_P_03395,1.0,CANONICAL_ID,True
PSI_03396,P_03396,MUMBAI_POLICE_CCTNS,SRC_P_03396,1.0,CANONICAL_ID,True
PSI_03397,P_03397,MUMBAI_POLICE_CCTNS,SRC_P_03397,1.0,CANONICAL_ID,True
PSI_03398,P_03398,MUMBAI_POLICE_CCTNS,SRC_P_03398,1.0,CANONICAL_ID,True
PSI_03399,P_03399,MUMBAI_POLICE_CCTNS,SRC_P_03399,1.0,CANONICAL_ID,True
PSI_03400,P_03400,MUMBAI_POLICE_CCTNS,SRC_P_03400,1.0,CANONICAL_ID,True
PSI_03401,P_03401,MUMBAI_POLICE_CCTNS,SRC_P_03401,1.0,CANONICAL_ID,True
PSI_03402,P_03402,MUMBAI_POLICE_CCTNS,SRC_P_03402,1.0,CANONICAL_ID,True
PSI_03403,P_03403,MUMBAI_POLICE_CCTNS,SRC_P_03403,1.0,CANONICAL_ID,True
PSI_03404,P_03404,MUMBAI_POLICE_CCTNS,SRC_P_03404,1.0,CANONICAL_ID,True
PSI_03405,P_03405,MUMBAI_POLICE_CCTNS,SRC_P_03405,1.0,CANONICAL_ID,True
PSI_03406,P_03406,MUMBAI_POLICE_CCTNS,SRC_P_03406,1.0,CANONICAL_ID,True
PSI_03407,P_03407,MUMBAI_POLICE_CCTNS,SRC_P_03407,1.0,CANONICAL_ID,True
PSI_03408,P_03408,MUMBAI_POLICE_CCTNS,SRC_P_03408,1.0,CANONICAL_ID,True
PSI_03409,P_03409,MUMBAI_POLICE_CCTNS,SRC_P_03409,1.0,CANONICAL_ID,True
PSI_03410,P_03410,MUMBAI_POLICE_CCTNS,SRC_P_03410,1.0,CANONICAL_ID,True
PSI_03411,P_03411,MUMBAI_POLICE_CCTNS,SRC_P_03411,1.0,CANONICAL_ID,True
PSI_03412,P_03412,MUMBAI_POLICE_CCTNS,SRC_P_03412,1.0,CANONICAL_ID,True
PSI_03413,P_03413,MUMBAI_POLICE_CCTNS,SRC_P_03413,1.0,CANONICAL_ID,True
PSI_03414,P_03414,MUMBAI_POLICE_CCTNS,SRC_P_03414,1.0,CANONICAL_ID,True
PSI_03415,P_03415,MUMBAI_POLICE_CCTNS,SRC_P_03415,1.0,CANONICAL_ID,True
PSI_03416,P_03416,MUMBAI_POLICE_CCTNS,SRC_P_03416,1.0,CANONICAL_ID,True
PSI_03417,P_03417,MUMBAI_POLICE_CCTNS,SRC_P_03417,1.0,CANONICAL_ID,True
PSI_03418,P_03418,MUMBAI_POLICE_CCTNS,SRC_P_03418,1.0,CANONICAL_ID,True
PSI_03419,P_03419,MUMBAI_POLICE_CCTNS,SRC_P_03419,1.0,CANONICAL_ID,True
PSI_03420,P_03420,MUMBAI_POLICE_CCTNS,SRC_P_03420,1.0,CANONICAL_ID,True
PSI_03421,P_03421,MUMBAI_POLICE_CCTNS,SRC_P_03421,1.0,CANONICAL_ID,True
PSI_03422,P_03422,MUMBAI_POLICE_CCTNS,SRC_P_03422,1.0,CANONICAL_ID,True
PSI_03423,P_03423,MUMBAI_POLICE_CCTNS,SRC_P_03423,1.0,CANONICAL_ID,True
PSI_03424,P_03424,MUMBAI_POLICE_CCTNS,SRC_P_03424,1.0,CANONICAL_ID,True
PSI_03425,P_03425,MUMBAI_POLICE_CCTNS,SRC_P_03425,1.0,CANONICAL_ID,True
PSI_03426,P_03426,MUMBAI_POLICE_CCTNS,SRC_P_03426,1.0,CANONICAL_ID,True
PSI_03427,P_03427,MUMBAI_POLICE_CCTNS,SRC_P_03427,1.0,CANONICAL_ID,True
PSI_03428,P_03428,MUMBAI_POLICE_CCTNS,SRC_P_03428,1.0,CANONICAL_ID,True
PSI_03429,P_03429,MUMBAI_POLICE_CCTNS,SRC_P_03429,1.0,CANONICAL_ID,True
PSI_03430,P_03430,MUMBAI_POLICE_CCTNS,SRC_P_03430,1.0,CANONICAL_ID,True
PSI_03431,P_03431,MUMBAI_POLICE_CCTNS,SRC_P_03431,1.0,CANONICAL_ID,True
PSI_03432,P_03432,MUMBAI_POLICE_CCTNS,SRC_P_03432,1.0,CANONICAL_ID,True
PSI_03433,P_03433,MUMBAI_POLICE_CCTNS,SRC_P_03433,1.0,CANONICAL_ID,True
PSI_03434,P_03434,MUMBAI_POLICE_CCTNS,SRC_P_03434,1.0,CANONICAL_ID,True
PSI_03435,P_03435,MUMBAI_POLICE_CCTNS,SRC_P_03435,1.0,CANONICAL_ID,True
PSI_03436,P_03436,MUMBAI_POLICE_CCTNS,SRC_P_03436,1.0,CANONICAL_ID,True
PSI_03437,P_03437,MUMBAI_POLICE_CCTNS,SRC_P_03437,1.0,CANONICAL_ID,True
PSI_03438,P_03438,MUMBAI_POLICE_CCTNS,SRC_P_03438,1.0,CANONICAL_ID,True
PSI_03439,P_03439,MUMBAI_POLICE_CCTNS,SRC_P_03439,1.0,CANONICAL_ID,True
PSI_03440,P_03440,MUMBAI_POLICE_CCTNS,SRC_P_03440,1.0,CANONICAL_ID,True
PSI_03441,P_03441,MUMBAI_POLICE_CCTNS,SRC_P_03441,1.0,CANONICAL_ID,True
PSI_03442,P_03442,MUMBAI_POLICE_CCTNS,SRC_P_03442,1.0,CANONICAL_ID,True
PSI_03443,P_03443,MUMBAI_POLICE_CCTNS,SRC_P_03443,1.0,CANONICAL_ID,True
PSI_03444,P_03444,MUMBAI_POLICE_CCTNS,SRC_P_03444,1.0,CANONICAL_ID,True
PSI_03445,P_03445,MUMBAI_POLICE_CCTNS,SRC_P_03445,1.0,CANONICAL_ID,True
PSI_03446,P_03446,MUMBAI_POLICE_CCTNS,SRC_P_03446,1.0,CANONICAL_ID,True
PSI_03447,P_03447,MUMBAI_POLICE_CCTNS,SRC_P_03447,1.0,CANONICAL_ID,True
PSI_03448,P_03448,MUMBAI_POLICE_CCTNS,SRC_P_03448,1.0,CANONICAL_ID,True
PSI_03449,P_03449,MUMBAI_POLICE_CCTNS,SRC_P_03449,1.0,CANONICAL_ID,True
PSI_03450,P_03450,MUMBAI_POLICE_CCTNS,SRC_P_03450,1.0,CANONICAL_ID,True
PSI_03451,P_03451,MUMBAI_POLICE_CCTNS,SRC_P_03451,1.0,CANONICAL_ID,True
PSI_03452,P_03452,MUMBAI_POLICE_CCTNS,SRC_P_03452,1.0,CANONICAL_ID,True
PSI_03453,P_03453,MUMBAI_POLICE_CCTNS,SRC_P_03453,1.0,CANONICAL_ID,True
PSI_03454,P_03454,MUMBAI_POLICE_CCTNS,SRC_P_03454,1.0,CANONICAL_ID,True
PSI_03455,P_03455,MUMBAI_POLICE_CCTNS,SRC_P_03455,1.0,CANONICAL_ID,True
PSI_03456,P_03456,MUMBAI_POLICE_CCTNS,SRC_P_03456,1.0,CANONICAL_ID,True
PSI_03457,P_03457,MUMBAI_POLICE_CCTNS,SRC_P_03457,1.0,CANONICAL_ID,True
PSI_03458,P_03458,MUMBAI_POLICE_CCTNS,SRC_P_03458,1.0,CANONICAL_ID,True
PSI_03459,P_03459,MUMBAI_POLICE_CCTNS,SRC_P_03459,1.0,CANONICAL_ID,True
PSI_03460,P_03460,MUMBAI_POLICE_CCTNS,SRC_P_03460,1.0,CANONICAL_ID,True
PSI_03461,P_03461,MUMBAI_POLICE_CCTNS,SRC_P_03461,1.0,CANONICAL_ID,True
PSI_03462,P_03462,MUMBAI_POLICE_CCTNS,SRC_P_03462,1.0,CANONICAL_ID,True
PSI_03463,P_03463,MUMBAI_POLICE_CCTNS,SRC_P_03463,1.0,CANONICAL_ID,True
PSI_03464,P_03464,MUMBAI_POLICE_CCTNS,SRC_P_03464,1.0,CANONICAL_ID,True
PSI_03465,P_03465,MUMBAI_POLICE_CCTNS,SRC_P_03465,1.0,CANONICAL_ID,True
PSI_03466,P_03466,MUMBAI_POLICE_CCTNS,SRC_P_03466,1.0,CANONICAL_ID,True
PSI_03467,P_03467,MUMBAI_POLICE_CCTNS,SRC_P_03467,1.0,CANONICAL_ID,True
PSI_03468,P_03468,MUMBAI_POLICE_CCTNS,SRC_P_03468,1.0,CANONICAL_ID,True
PSI_03469,P_03469,MUMBAI_POLICE_CCTNS,SRC_P_03469,1.0,CANONICAL_ID,True
PSI_03470,P_03470,MUMBAI_POLICE_CCTNS,SRC_P_03470,1.0,CANONICAL_ID,True
PSI_03471,P_03471,MUMBAI_POLICE_CCTNS,SRC_P_03471,1.0,CANONICAL_ID,True
PSI_03472,P_03472,MUMBAI_POLICE_CCTNS,SRC_P_03472,1.0,CANONICAL_ID,True
PSI_03473,P_03473,MUMBAI_POLICE_CCTNS,SRC_P_03473,1.0,CANONICAL_ID,True
PSI_03474,P_03474,MUMBAI_POLICE_CCTNS,SRC_P_03474,1.0,CANONICAL_ID,True
PSI_03475,P_03475,MUMBAI_POLICE_CCTNS,SRC_P_03475,1.0,CANONICAL_ID,True
PSI_03476,P_03476,MUMBAI_POLICE_CCTNS,SRC_P_03476,1.0,CANONICAL_ID,True
PSI_03477,P_03477,MUMBAI_POLICE_CCTNS,SRC_P_03477,1.0,CANONICAL_ID,True
PSI_03478,P_03478,MUMBAI_POLICE_CCTNS,SRC_P_03478,1.0,CANONICAL_ID,True
PSI_03479,P_03479,MUMBAI_POLICE_CCTNS,SRC_P_03479,1.0,CANONICAL_ID,True
PSI_03480,P_03480,MUMBAI_POLICE_CCTNS,SRC_P_03480,1.0,CANONICAL_ID,True
PSI_03481,P_03481,MUMBAI_POLICE_CCTNS,SRC_P_03481,1.0,CANONICAL_ID,True
PSI_03482,P_03482,MUMBAI_POLICE_CCTNS,SRC_P_03482,1.0,CANONICAL_ID,True
PSI_03483,P_03483,MUMBAI_POLICE_CCTNS,SRC_P_03483,1.0,CANONICAL_ID,True
PSI_03484,P_03484,MUMBAI_POLICE_CCTNS,SRC_P_03484,1.0,CANONICAL_ID,True
PSI_03485,P_03485,MUMBAI_POLICE_CCTNS,SRC_P_03485,1.0,CANONICAL_ID,True
PSI_03486,P_03486,MUMBAI_POLICE_CCTNS,SRC_P_03486,1.0,CANONICAL_ID,True
PSI_03487,P_03487,MUMBAI_POLICE_CCTNS,SRC_P_03487,1.0,CANONICAL_ID,True
PSI_03488,P_03488,MUMBAI_POLICE_CCTNS,SRC_P_03488,1.0,CANONICAL_ID,True
PSI_03489,P_03489,MUMBAI_POLICE_CCTNS,SRC_P_03489,1.0,CANONICAL_ID,True
PSI_03490,P_03490,MUMBAI_POLICE_CCTNS,SRC_P_03490,1.0,CANONICAL_ID,True
PSI_03491,P_03491,MUMBAI_POLICE_CCTNS,SRC_P_03491,1.0,CANONICAL_ID,True
PSI_03492,P_03492,MUMBAI_POLICE_CCTNS,SRC_P_03492,1.0,CANONICAL_ID,True
PSI_03493,P_03493,MUMBAI_POLICE_CCTNS,SRC_P_03493,1.0,CANONICAL_ID,True
PSI_03494,P_03494,MUMBAI_POLICE_CCTNS,SRC_P_03494,1.0,CANONICAL_ID,True
PSI_03495,P_03495,MUMBAI_POLICE_CCTNS,SRC_P_03495,1.0,CANONICAL_ID,True
PSI_03496,P_03496,MUMBAI_POLICE_CCTNS,SRC_P_03496,1.0,CANONICAL_ID,True
PSI_03497,P_03497,MUMBAI_POLICE_CCTNS,SRC_P_03497,1.0,CANONICAL_ID,True
PSI_03498,P_03498,MUMBAI_POLICE_CCTNS,SRC_P_03498,1.0,CANONICAL_ID,True
PSI_03499,P_03499,MUMBAI_POLICE_CCTNS,SRC_P_03499,1.0,CANONICAL_ID,True
PSI_03500,P_03500,MUMBAI_POLICE_CCTNS,SRC_P_03500,1.0,CANONICAL_ID,True
PSI_03501,P_03501,MUMBAI_POLICE_CCTNS,SRC_P_03501,1.0,CANONICAL_ID,True
PSI_03502,P_03502,MUMBAI_POLICE_CCTNS,SRC_P_03502,1.0,CANONICAL_ID,True
PSI_03503,P_03503,MUMBAI_POLICE_CCTNS,SRC_P_03503,1.0,CANONICAL_ID,True
PSI_03504,P_03504,MUMBAI_POLICE_CCTNS,SRC_P_03504,1.0,CANONICAL_ID,True
PSI_03505,P_03505,MUMBAI_POLICE_CCTNS,SRC_P_03505,1.0,CANONICAL_ID,True
PSI_03506,P_03506,MUMBAI_POLICE_CCTNS,SRC_P_03506,1.0,CANONICAL_ID,True
PSI_03507,P_03507,MUMBAI_POLICE_CCTNS,SRC_P_03507,1.0,CANONICAL_ID,True
PSI_03508,P_03508,MUMBAI_POLICE_CCTNS,SRC_P_03508,1.0,CANONICAL_ID,True
PSI_03509,P_03509,MUMBAI_POLICE_CCTNS,SRC_P_03509,1.0,CANONICAL_ID,True
PSI_03510,P_03510,MUMBAI_POLICE_CCTNS,SRC_P_03510,1.0,CANONICAL_ID,True
PSI_03511,P_03511,MUMBAI_POLICE_CCTNS,SRC_P_03511,1.0,CANONICAL_ID,True
PSI_03512,P_03512,MUMBAI_POLICE_CCTNS,SRC_P_03512,1.0,CANONICAL_ID,True
PSI_03513,P_03513,MUMBAI_POLICE_CCTNS,SRC_P_03513,1.0,CANONICAL_ID,True
PSI_03514,P_03514,MUMBAI_POLICE_CCTNS,SRC_P_03514,1.0,CANONICAL_ID,True
PSI_03515,P_03515,MUMBAI_POLICE_CCTNS,SRC_P_03515,1.0,CANONICAL_ID,True
PSI_03516,P_03516,MUMBAI_POLICE_CCTNS,SRC_P_03516,1.0,CANONICAL_ID,True
PSI_03517,P_03517,MUMBAI_POLICE_CCTNS,SRC_P_03517,1.0,CANONICAL_ID,True
PSI_03518,P_03518,MUMBAI_POLICE_CCTNS,SRC_P_03518,1.0,CANONICAL_ID,True
PSI_03519,P_03519,MUMBAI_POLICE_CCTNS,SRC_P_03519,1.0,CANONICAL_ID,True
PSI_03520,P_03520,MUMBAI_POLICE_CCTNS,SRC_P_03520,1.0,CANONICAL_ID,True
PSI_03521,P_03521,MUMBAI_POLICE_CCTNS,SRC_P_03521,1.0,CANONICAL_ID,True
PSI_03522,P_03522,MUMBAI_POLICE_CCTNS,SRC_P_03522,1.0,CANONICAL_ID,True
PSI_03523,P_03523,MUMBAI_POLICE_CCTNS,SRC_P_03523,1.0,CANONICAL_ID,True
PSI_03524,P_03524,MUMBAI_POLICE_CCTNS,SRC_P_03524,1.0,CANONICAL_ID,True
PSI_03525,P_03525,MUMBAI_POLICE_CCTNS,SRC_P_03525,1.0,CANONICAL_ID,True
PSI_03526,P_03526,MUMBAI_POLICE_CCTNS,SRC_P_03526,1.0,CANONICAL_ID,True
PSI_03527,P_03527,MUMBAI_POLICE_CCTNS,SRC_P_03527,1.0,CANONICAL_ID,True
PSI_03528,P_03528,MUMBAI_POLICE_CCTNS,SRC_P_03528,1.0,CANONICAL_ID,True
PSI_03529,P_03529,MUMBAI_POLICE_CCTNS,SRC_P_03529,1.0,CANONICAL_ID,True
PSI_03530,P_03530,MUMBAI_POLICE_CCTNS,SRC_P_03530,1.0,CANONICAL_ID,True
PSI_03531,P_03531,MUMBAI_POLICE_CCTNS,SRC_P_03531,1.0,CANONICAL_ID,True
PSI_03532,P_03532,MUMBAI_POLICE_CCTNS,SRC_P_03532,1.0,CANONICAL_ID,True
PSI_03533,P_03533,MUMBAI_POLICE_CCTNS,SRC_P_03533,1.0,CANONICAL_ID,True
PSI_03534,P_03534,MUMBAI_POLICE_CCTNS,SRC_P_03534,1.0,CANONICAL_ID,True
PSI_03535,P_03535,MUMBAI_POLICE_CCTNS,SRC_P_03535,1.0,CANONICAL_ID,True
PSI_03536,P_03536,MUMBAI_POLICE_CCTNS,SRC_P_03536,1.0,CANONICAL_ID,True
PSI_03537,P_03537,MUMBAI_POLICE_CCTNS,SRC_P_03537,1.0,CANONICAL_ID,True
PSI_03538,P_03538,MUMBAI_POLICE_CCTNS,SRC_P_03538,1.0,CANONICAL_ID,True
PSI_03539,P_03539,MUMBAI_POLICE_CCTNS,SRC_P_03539,1.0,CANONICAL_ID,True
PSI_03540,P_03540,MUMBAI_POLICE_CCTNS,SRC_P_03540,1.0,CANONICAL_ID,True
PSI_03541,P_03541,MUMBAI_POLICE_CCTNS,SRC_P_03541,1.0,CANONICAL_ID,True
PSI_03542,P_03542,MUMBAI_POLICE_CCTNS,SRC_P_03542,1.0,CANONICAL_ID,True
PSI_03543,P_03543,MUMBAI_POLICE_CCTNS,SRC_P_03543,1.0,CANONICAL_ID,True
PSI_03544,P_03544,MUMBAI_POLICE_CCTNS,SRC_P_03544,1.0,CANONICAL_ID,True
PSI_03545,P_03545,MUMBAI_POLICE_CCTNS,SRC_P_03545,1.0,CANONICAL_ID,True
PSI_03546,P_03546,MUMBAI_POLICE_CCTNS,SRC_P_03546,1.0,CANONICAL_ID,True
PSI_03547,P_03547,MUMBAI_POLICE_CCTNS,SRC_P_03547,1.0,CANONICAL_ID,True
PSI_03548,P_03548,MUMBAI_POLICE_CCTNS,SRC_P_03548,1.0,CANONICAL_ID,True
PSI_03549,P_03549,MUMBAI_POLICE_CCTNS,SRC_P_03549,1.0,CANONICAL_ID,True
PSI_03550,P_03550,MUMBAI_POLICE_CCTNS,SRC_P_03550,1.0,CANONICAL_ID,True
PSI_03551,P_03551,MUMBAI_POLICE_CCTNS,SRC_P_03551,1.0,CANONICAL_ID,True
PSI_03552,P_03552,MUMBAI_POLICE_CCTNS,SRC_P_03552,1.0,CANONICAL_ID,True
PSI_03553,P_03553,MUMBAI_POLICE_CCTNS,SRC_P_03553,1.0,CANONICAL_ID,True
PSI_03554,P_03554,MUMBAI_POLICE_CCTNS,SRC_P_03554,1.0,CANONICAL_ID,True
PSI_03555,P_03555,MUMBAI_POLICE_CCTNS,SRC_P_03555,1.0,CANONICAL_ID,True
PSI_03556,P_03556,MUMBAI_POLICE_CCTNS,SRC_P_03556,1.0,CANONICAL_ID,True
PSI_03557,P_03557,MUMBAI_POLICE_CCTNS,SRC_P_03557,1.0,CANONICAL_ID,True
PSI_03558,P_03558,MUMBAI_POLICE_CCTNS,SRC_P_03558,1.0,CANONICAL_ID,True
PSI_03559,P_03559,MUMBAI_POLICE_CCTNS,SRC_P_03559,1.0,CANONICAL_ID,True
PSI_03560,P_03560,MUMBAI_POLICE_CCTNS,SRC_P_03560,1.0,CANONICAL_ID,True
PSI_03561,P_03561,MUMBAI_POLICE_CCTNS,SRC_P_03561,1.0,CANONICAL_ID,True
PSI_03562,P_03562,MUMBAI_POLICE_CCTNS,SRC_P_03562,1.0,CANONICAL_ID,True
PSI_03563,P_03563,MUMBAI_POLICE_CCTNS,SRC_P_03563,1.0,CANONICAL_ID,True
PSI_03564,P_03564,MUMBAI_POLICE_CCTNS,SRC_P_03564,1.0,CANONICAL_ID,True
PSI_03565,P_03565,MUMBAI_POLICE_CCTNS,SRC_P_03565,1.0,CANONICAL_ID,True
PSI_03566,P_03566,MUMBAI_POLICE_CCTNS,SRC_P_03566,1.0,CANONICAL_ID,True
PSI_03567,P_03567,MUMBAI_POLICE_CCTNS,SRC_P_03567,1.0,CANONICAL_ID,True
PSI_03568,P_03568,MUMBAI_POLICE_CCTNS,SRC_P_03568,1.0,CANONICAL_ID,True
PSI_03569,P_03569,MUMBAI_POLICE_CCTNS,SRC_P_03569,1.0,CANONICAL_ID,True
PSI_03570,P_03570,MUMBAI_POLICE_CCTNS,SRC_P_03570,1.0,CANONICAL_ID,True
PSI_03571,P_03571,MUMBAI_POLICE_CCTNS,SRC_P_03571,1.0,CANONICAL_ID,True
PSI_03572,P_03572,MUMBAI_POLICE_CCTNS,SRC_P_03572,1.0,CANONICAL_ID,True
PSI_03573,P_03573,MUMBAI_POLICE_CCTNS,SRC_P_03573,1.0,CANONICAL_ID,True
PSI_03574,P_03574,MUMBAI_POLICE_CCTNS,SRC_P_03574,1.0,CANONICAL_ID,True
PSI_03575,P_03575,MUMBAI_POLICE_CCTNS,SRC_P_03575,1.0,CANONICAL_ID,True
PSI_03576,P_03576,MUMBAI_POLICE_CCTNS,SRC_P_03576,1.0,CANONICAL_ID,True
PSI_03577,P_03577,MUMBAI_POLICE_CCTNS,SRC_P_03577,1.0,CANONICAL_ID,True
PSI_03578,P_03578,MUMBAI_POLICE_CCTNS,SRC_P_03578,1.0,CANONICAL_ID,True
PSI_03579,P_03579,MUMBAI_POLICE_CCTNS,SRC_P_03579,1.0,CANONICAL_ID,True
PSI_03580,P_03580,MUMBAI_POLICE_CCTNS,SRC_P_03580,1.0,CANONICAL_ID,True
PSI_03581,P_03581,MUMBAI_POLICE_CCTNS,SRC_P_03581,1.0,CANONICAL_ID,True
PSI_03582,P_03582,MUMBAI_POLICE_CCTNS,SRC_P_03582,1.0,CANONICAL_ID,True
PSI_03583,P_03583,MUMBAI_POLICE_CCTNS,SRC_P_03583,1.0,CANONICAL_ID,True
PSI_03584,P_03584,MUMBAI_POLICE_CCTNS,SRC_P_03584,1.0,CANONICAL_ID,True
PSI_03585,P_03585,MUMBAI_POLICE_CCTNS,SRC_P_03585,1.0,CANONICAL_ID,True
PSI_03586,P_03586,MUMBAI_POLICE_CCTNS,SRC_P_03586,1.0,CANONICAL_ID,True
PSI_03587,P_03587,MUMBAI_POLICE_CCTNS,SRC_P_03587,1.0,CANONICAL_ID,True
PSI_03588,P_03588,MUMBAI_POLICE_CCTNS,SRC_P_03588,1.0,CANONICAL_ID,True
PSI_03589,P_03589,MUMBAI_POLICE_CCTNS,SRC_P_03589,1.0,CANONICAL_ID,True
PSI_03590,P_03590,MUMBAI_POLICE_CCTNS,SRC_P_03590,1.0,CANONICAL_ID,True
PSI_03591,P_03591,MUMBAI_POLICE_CCTNS,SRC_P_03591,1.0,CANONICAL_ID,True
PSI_03592,P_03592,MUMBAI_POLICE_CCTNS,SRC_P_03592,1.0,CANONICAL_ID,True
PSI_03593,P_03593,MUMBAI_POLICE_CCTNS,SRC_P_03593,1.0,CANONICAL_ID,True
PSI_03594,P_03594,MUMBAI_POLICE_CCTNS,SRC_P_03594,1.0,CANONICAL_ID,True
PSI_03595,P_03595,MUMBAI_POLICE_CCTNS,SRC_P_03595,1.0,CANONICAL_ID,True
PSI_03596,P_03596,MUMBAI_POLICE_CCTNS,SRC_P_03596,1.0,CANONICAL_ID,True
PSI_03597,P_03597,MUMBAI_POLICE_CCTNS,SRC_P_03597,1.0,CANONICAL_ID,True
PSI_03598,P_03598,MUMBAI_POLICE_CCTNS,SRC_P_03598,1.0,CANONICAL_ID,True
PSI_03599,P_03599,MUMBAI_POLICE_CCTNS,SRC_P_03599,1.0,CANONICAL_ID,True
PSI_03600,P_03600,MUMBAI_POLICE_CCTNS,SRC_P_03600,1.0,CANONICAL_ID,True
PSI_03601,P_03601,MUMBAI_POLICE_CCTNS,SRC_P_03601,1.0,CANONICAL_ID,True
PSI_03602,P_03602,MUMBAI_POLICE_CCTNS,SRC_P_03602,1.0,CANONICAL_ID,True
PSI_03603,P_03603,MUMBAI_POLICE_CCTNS,SRC_P_03603,1.0,CANONICAL_ID,True
PSI_03604,P_03604,MUMBAI_POLICE_CCTNS,SRC_P_03604,1.0,CANONICAL_ID,True
PSI_03605,P_03605,MUMBAI_POLICE_CCTNS,SRC_P_03605,1.0,CANONICAL_ID,True
PSI_03606,P_03606,MUMBAI_POLICE_CCTNS,SRC_P_03606,1.0,CANONICAL_ID,True
PSI_03607,P_03607,MUMBAI_POLICE_CCTNS,SRC_P_03607,1.0,CANONICAL_ID,True
PSI_03608,P_03608,MUMBAI_POLICE_CCTNS,SRC_P_03608,1.0,CANONICAL_ID,True
PSI_03609,P_03609,MUMBAI_POLICE_CCTNS,SRC_P_03609,1.0,CANONICAL_ID,True
PSI_03610,P_03610,MUMBAI_POLICE_CCTNS,SRC_P_03610,1.0,CANONICAL_ID,True
PSI_03611,P_03611,MUMBAI_POLICE_CCTNS,SRC_P_03611,1.0,CANONICAL_ID,True
PSI_03612,P_03612,MUMBAI_POLICE_CCTNS,SRC_P_03612,1.0,CANONICAL_ID,True
PSI_03613,P_03613,MUMBAI_POLICE_CCTNS,SRC_P_03613,1.0,CANONICAL_ID,True
PSI_03614,P_03614,MUMBAI_POLICE_CCTNS,SRC_P_03614,1.0,CANONICAL_ID,True
PSI_03615,P_03615,MUMBAI_POLICE_CCTNS,SRC_P_03615,1.0,CANONICAL_ID,True
PSI_03616,P_03616,MUMBAI_POLICE_CCTNS,SRC_P_03616,1.0,CANONICAL_ID,True
PSI_03617,P_03617,MUMBAI_POLICE_CCTNS,SRC_P_03617,1.0,CANONICAL_ID,True
PSI_03618,P_03618,MUMBAI_POLICE_CCTNS,SRC_P_03618,1.0,CANONICAL_ID,True
PSI_03619,P_03619,MUMBAI_POLICE_CCTNS,SRC_P_03619,1.0,CANONICAL_ID,True
PSI_03620,P_03620,MUMBAI_POLICE_CCTNS,SRC_P_03620,1.0,CANONICAL_ID,True
PSI_03621,P_03621,MUMBAI_POLICE_CCTNS,SRC_P_03621,1.0,CANONICAL_ID,True
PSI_03622,P_03622,MUMBAI_POLICE_CCTNS,SRC_P_03622,1.0,CANONICAL_ID,True
PSI_03623,P_03623,MUMBAI_POLICE_CCTNS,SRC_P_03623,1.0,CANONICAL_ID,True
PSI_03624,P_03624,MUMBAI_POLICE_CCTNS,SRC_P_03624,1.0,CANONICAL_ID,True
PSI_03625,P_03625,MUMBAI_POLICE_CCTNS,SRC_P_03625,1.0,CANONICAL_ID,True
PSI_03626,P_03626,MUMBAI_POLICE_CCTNS,SRC_P_03626,1.0,CANONICAL_ID,True
PSI_03627,P_03627,MUMBAI_POLICE_CCTNS,SRC_P_03627,1.0,CANONICAL_ID,True
PSI_03628,P_03628,MUMBAI_POLICE_CCTNS,SRC_P_03628,1.0,CANONICAL_ID,True
PSI_03629,P_03629,MUMBAI_POLICE_CCTNS,SRC_P_03629,1.0,CANONICAL_ID,True
PSI_03630,P_03630,MUMBAI_POLICE_CCTNS,SRC_P_03630,1.0,CANONICAL_ID,True
PSI_03631,P_03631,MUMBAI_POLICE_CCTNS,SRC_P_03631,1.0,CANONICAL_ID,True
PSI_03632,P_03632,MUMBAI_POLICE_CCTNS,SRC_P_03632,1.0,CANONICAL_ID,True
PSI_03633,P_03633,MUMBAI_POLICE_CCTNS,SRC_P_03633,1.0,CANONICAL_ID,True
PSI_03634,P_03634,MUMBAI_POLICE_CCTNS,SRC_P_03634,1.0,CANONICAL_ID,True
PSI_03635,P_03635,MUMBAI_POLICE_CCTNS,SRC_P_03635,1.0,CANONICAL_ID,True
PSI_03636,P_03636,MUMBAI_POLICE_CCTNS,SRC_P_03636,1.0,CANONICAL_ID,True
PSI_03637,P_03637,MUMBAI_POLICE_CCTNS,SRC_P_03637,1.0,CANONICAL_ID,True
PSI_03638,P_03638,MUMBAI_POLICE_CCTNS,SRC_P_03638,1.0,CANONICAL_ID,True
PSI_03639,P_03639,MUMBAI_POLICE_CCTNS,SRC_P_03639,1.0,CANONICAL_ID,True
PSI_03640,P_03640,MUMBAI_POLICE_CCTNS,SRC_P_03640,1.0,CANONICAL_ID,True
PSI_03641,P_03641,MUMBAI_POLICE_CCTNS,SRC_P_03641,1.0,CANONICAL_ID,True
PSI_03642,P_03642,MUMBAI_POLICE_CCTNS,SRC_P_03642,1.0,CANONICAL_ID,True
PSI_03643,P_03643,MUMBAI_POLICE_CCTNS,SRC_P_03643,1.0,CANONICAL_ID,True
PSI_03644,P_03644,MUMBAI_POLICE_CCTNS,SRC_P_03644,1.0,CANONICAL_ID,True
PSI_03645,P_03645,MUMBAI_POLICE_CCTNS,SRC_P_03645,1.0,CANONICAL_ID,True
PSI_03646,P_03646,MUMBAI_POLICE_CCTNS,SRC_P_03646,1.0,CANONICAL_ID,True
PSI_03647,P_03647,MUMBAI_POLICE_CCTNS,SRC_P_03647,1.0,CANONICAL_ID,True
PSI_03648,P_03648,MUMBAI_POLICE_CCTNS,SRC_P_03648,1.0,CANONICAL_ID,True
PSI_03649,P_03649,MUMBAI_POLICE_CCTNS,SRC_P_03649,1.0,CANONICAL_ID,True
PSI_03650,P_03650,MUMBAI_POLICE_CCTNS,SRC_P_03650,1.0,CANONICAL_ID,True
PSI_03651,P_03651,MUMBAI_POLICE_CCTNS,SRC_P_03651,1.0,CANONICAL_ID,True
PSI_03652,P_03652,MUMBAI_POLICE_CCTNS,SRC_P_03652,1.0,CANONICAL_ID,True
PSI_03653,P_03653,MUMBAI_POLICE_CCTNS,SRC_P_03653,1.0,CANONICAL_ID,True
PSI_03654,P_03654,MUMBAI_POLICE_CCTNS,SRC_P_03654,1.0,CANONICAL_ID,True
PSI_03655,P_03655,MUMBAI_POLICE_CCTNS,SRC_P_03655,1.0,CANONICAL_ID,True
PSI_03656,P_03656,MUMBAI_POLICE_CCTNS,SRC_P_03656,1.0,CANONICAL_ID,True
PSI_03657,P_03657,MUMBAI_POLICE_CCTNS,SRC_P_03657,1.0,CANONICAL_ID,True
PSI_03658,P_03658,MUMBAI_POLICE_CCTNS,SRC_P_03658,1.0,CANONICAL_ID,True
PSI_03659,P_03659,MUMBAI_POLICE_CCTNS,SRC_P_03659,1.0,CANONICAL_ID,True
PSI_03660,P_03660,MUMBAI_POLICE_CCTNS,SRC_P_03660,1.0,CANONICAL_ID,True
PSI_03661,P_03661,MUMBAI_POLICE_CCTNS,SRC_P_03661,1.0,CANONICAL_ID,True
PSI_03662,P_03662,MUMBAI_POLICE_CCTNS,SRC_P_03662,1.0,CANONICAL_ID,True
PSI_03663,P_03663,MUMBAI_POLICE_CCTNS,SRC_P_03663,1.0,CANONICAL_ID,True
PSI_03664,P_03664,MUMBAI_POLICE_CCTNS,SRC_P_03664,1.0,CANONICAL_ID,True
PSI_03665,P_03665,MUMBAI_POLICE_CCTNS,SRC_P_03665,1.0,CANONICAL_ID,True
PSI_03666,P_03666,MUMBAI_POLICE_CCTNS,SRC_P_03666,1.0,CANONICAL_ID,True
PSI_03667,P_03667,MUMBAI_POLICE_CCTNS,SRC_P_03667,1.0,CANONICAL_ID,True
PSI_03668,P_03668,MUMBAI_POLICE_CCTNS,SRC_P_03668,1.0,CANONICAL_ID,True
PSI_03669,P_03669,MUMBAI_POLICE_CCTNS,SRC_P_03669,1.0,CANONICAL_ID,True
PSI_03670,P_03670,MUMBAI_POLICE_CCTNS,SRC_P_03670,1.0,CANONICAL_ID,True
PSI_03671,P_03671,MUMBAI_POLICE_CCTNS,SRC_P_03671,1.0,CANONICAL_ID,True
PSI_03672,P_03672,MUMBAI_POLICE_CCTNS,SRC_P_03672,1.0,CANONICAL_ID,True
PSI_03673,P_03673,MUMBAI_POLICE_CCTNS,SRC_P_03673,1.0,CANONICAL_ID,True
PSI_03674,P_03674,MUMBAI_POLICE_CCTNS,SRC_P_03674,1.0,CANONICAL_ID,True
PSI_03675,P_03675,MUMBAI_POLICE_CCTNS,SRC_P_03675,1.0,CANONICAL_ID,True
PSI_03676,P_03676,MUMBAI_POLICE_CCTNS,SRC_P_03676,1.0,CANONICAL_ID,True
PSI_03677,P_03677,MUMBAI_POLICE_CCTNS,SRC_P_03677,1.0,CANONICAL_ID,True
PSI_03678,P_03678,MUMBAI_POLICE_CCTNS,SRC_P_03678,1.0,CANONICAL_ID,True
PSI_03679,P_03679,MUMBAI_POLICE_CCTNS,SRC_P_03679,1.0,CANONICAL_ID,True
PSI_03680,P_03680,MUMBAI_POLICE_CCTNS,SRC_P_03680,1.0,CANONICAL_ID,True
PSI_03681,P_03681,MUMBAI_POLICE_CCTNS,SRC_P_03681,1.0,CANONICAL_ID,True
PSI_03682,P_03682,MUMBAI_POLICE_CCTNS,SRC_P_03682,1.0,CANONICAL_ID,True
PSI_03683,P_03683,MUMBAI_POLICE_CCTNS,SRC_P_03683,1.0,CANONICAL_ID,True
PSI_03684,P_03684,MUMBAI_POLICE_CCTNS,SRC_P_03684,1.0,CANONICAL_ID,True
PSI_03685,P_03685,MUMBAI_POLICE_CCTNS,SRC_P_03685,1.0,CANONICAL_ID,True
PSI_03686,P_03686,MUMBAI_POLICE_CCTNS,SRC_P_03686,1.0,CANONICAL_ID,True
PSI_03687,P_03687,MUMBAI_POLICE_CCTNS,SRC_P_03687,1.0,CANONICAL_ID,True
PSI_03688,P_03688,MUMBAI_POLICE_CCTNS,SRC_P_03688,1.0,CANONICAL_ID,True
PSI_03689,P_03689,MUMBAI_POLICE_CCTNS,SRC_P_03689,1.0,CANONICAL_ID,True
PSI_03690,P_03690,MUMBAI_POLICE_CCTNS,SRC_P_03690,1.0,CANONICAL_ID,True
PSI_03691,P_03691,MUMBAI_POLICE_CCTNS,SRC_P_03691,1.0,CANONICAL_ID,True
PSI_03692,P_03692,MUMBAI_POLICE_CCTNS,SRC_P_03692,1.0,CANONICAL_ID,True
PSI_03693,P_03693,MUMBAI_POLICE_CCTNS,SRC_P_03693,1.0,CANONICAL_ID,True
PSI_03694,P_03694,MUMBAI_POLICE_CCTNS,SRC_P_03694,1.0,CANONICAL_ID,True
PSI_03695,P_03695,MUMBAI_POLICE_CCTNS,SRC_P_03695,1.0,CANONICAL_ID,True
PSI_03696,P_03696,MUMBAI_POLICE_CCTNS,SRC_P_03696,1.0,CANONICAL_ID,True
PSI_03697,P_03697,MUMBAI_POLICE_CCTNS,SRC_P_03697,1.0,CANONICAL_ID,True
PSI_03698,P_03698,MUMBAI_POLICE_CCTNS,SRC_P_03698,1.0,CANONICAL_ID,True
PSI_03699,P_03699,MUMBAI_POLICE_CCTNS,SRC_P_03699,1.0,CANONICAL_ID,True
PSI_03700,P_03700,MUMBAI_POLICE_CCTNS,SRC_P_03700,1.0,CANONICAL_ID,True
PSI_03701,P_03701,MUMBAI_POLICE_CCTNS,SRC_P_03701,1.0,CANONICAL_ID,True
PSI_03702,P_03702,MUMBAI_POLICE_CCTNS,SRC_P_03702,1.0,CANONICAL_ID,True
PSI_03703,P_03703,MUMBAI_POLICE_CCTNS,SRC_P_03703,1.0,CANONICAL_ID,True
PSI_03704,P_03704,MUMBAI_POLICE_CCTNS,SRC_P_03704,1.0,CANONICAL_ID,True
PSI_03705,P_03705,MUMBAI_POLICE_CCTNS,SRC_P_03705,1.0,CANONICAL_ID,True
PSI_03706,P_03706,MUMBAI_POLICE_CCTNS,SRC_P_03706,1.0,CANONICAL_ID,True
PSI_03707,P_03707,MUMBAI_POLICE_CCTNS,SRC_P_03707,1.0,CANONICAL_ID,True
PSI_03708,P_03708,MUMBAI_POLICE_CCTNS,SRC_P_03708,1.0,CANONICAL_ID,True
PSI_03709,P_03709,MUMBAI_POLICE_CCTNS,SRC_P_03709,1.0,CANONICAL_ID,True
PSI_03710,P_03710,MUMBAI_POLICE_CCTNS,SRC_P_03710,1.0,CANONICAL_ID,True
PSI_03711,P_03711,MUMBAI_POLICE_CCTNS,SRC_P_03711,1.0,CANONICAL_ID,True
PSI_03712,P_03712,MUMBAI_POLICE_CCTNS,SRC_P_03712,1.0,CANONICAL_ID,True
PSI_03713,P_03713,MUMBAI_POLICE_CCTNS,SRC_P_03713,1.0,CANONICAL_ID,True
PSI_03714,P_03714,MUMBAI_POLICE_CCTNS,SRC_P_03714,1.0,CANONICAL_ID,True
PSI_03715,P_03715,MUMBAI_POLICE_CCTNS,SRC_P_03715,1.0,CANONICAL_ID,True
PSI_03716,P_03716,MUMBAI_POLICE_CCTNS,SRC_P_03716,1.0,CANONICAL_ID,True
PSI_03717,P_03717,MUMBAI_POLICE_CCTNS,SRC_P_03717,1.0,CANONICAL_ID,True
PSI_03718,P_03718,MUMBAI_POLICE_CCTNS,SRC_P_03718,1.0,CANONICAL_ID,True
PSI_03719,P_03719,MUMBAI_POLICE_CCTNS,SRC_P_03719,1.0,CANONICAL_ID,True
PSI_03720,P_03720,MUMBAI_POLICE_CCTNS,SRC_P_03720,1.0,CANONICAL_ID,True
PSI_03721,P_03721,MUMBAI_POLICE_CCTNS,SRC_P_03721,1.0,CANONICAL_ID,True
PSI_03722,P_03722,MUMBAI_POLICE_CCTNS,SRC_P_03722,1.0,CANONICAL_ID,True
PSI_03723,P_03723,MUMBAI_POLICE_CCTNS,SRC_P_03723,1.0,CANONICAL_ID,True
PSI_03724,P_03724,MUMBAI_POLICE_CCTNS,SRC_P_03724,1.0,CANONICAL_ID,True
PSI_03725,P_03725,MUMBAI_POLICE_CCTNS,SRC_P_03725,1.0,CANONICAL_ID,True
PSI_03726,P_03726,MUMBAI_POLICE_CCTNS,SRC_P_03726,1.0,CANONICAL_ID,True
PSI_03727,P_03727,MUMBAI_POLICE_CCTNS,SRC_P_03727,1.0,CANONICAL_ID,True
PSI_03728,P_03728,MUMBAI_POLICE_CCTNS,SRC_P_03728,1.0,CANONICAL_ID,True
PSI_03729,P_03729,MUMBAI_POLICE_CCTNS,SRC_P_03729,1.0,CANONICAL_ID,True
PSI_03730,P_03730,MUMBAI_POLICE_CCTNS,SRC_P_03730,1.0,CANONICAL_ID,True
PSI_03731,P_03731,MUMBAI_POLICE_CCTNS,SRC_P_03731,1.0,CANONICAL_ID,True
PSI_03732,P_03732,MUMBAI_POLICE_CCTNS,SRC_P_03732,1.0,CANONICAL_ID,True
PSI_03733,P_03733,MUMBAI_POLICE_CCTNS,SRC_P_03733,1.0,CANONICAL_ID,True
PSI_03734,P_03734,MUMBAI_POLICE_CCTNS,SRC_P_03734,1.0,CANONICAL_ID,True
PSI_03735,P_03735,MUMBAI_POLICE_CCTNS,SRC_P_03735,1.0,CANONICAL_ID,True
PSI_03736,P_03736,MUMBAI_POLICE_CCTNS,SRC_P_03736,1.0,CANONICAL_ID,True
PSI_03737,P_03737,MUMBAI_POLICE_CCTNS,SRC_P_03737,1.0,CANONICAL_ID,True
PSI_03738,P_03738,MUMBAI_POLICE_CCTNS,SRC_P_03738,1.0,CANONICAL_ID,True
PSI_03739,P_03739,MUMBAI_POLICE_CCTNS,SRC_P_03739,1.0,CANONICAL_ID,True
PSI_03740,P_03740,MUMBAI_POLICE_CCTNS,SRC_P_03740,1.0,CANONICAL_ID,True
PSI_03741,P_03741,MUMBAI_POLICE_CCTNS,SRC_P_03741,1.0,CANONICAL_ID,True
PSI_03742,P_03742,MUMBAI_POLICE_CCTNS,SRC_P_03742,1.0,CANONICAL_ID,True
PSI_03743,P_03743,MUMBAI_POLICE_CCTNS,SRC_P_03743,1.0,CANONICAL_ID,True
PSI_03744,P_03744,MUMBAI_POLICE_CCTNS,SRC_P_03744,1.0,CANONICAL_ID,True
PSI_03745,P_03745,MUMBAI_POLICE_CCTNS,SRC_P_03745,1.0,CANONICAL_ID,True
PSI_03746,P_03746,MUMBAI_POLICE_CCTNS,SRC_P_03746,1.0,CANONICAL_ID,True
PSI_03747,P_03747,MUMBAI_POLICE_CCTNS,SRC_P_03747,1.0,CANONICAL_ID,True
PSI_03748,P_03748,MUMBAI_POLICE_CCTNS,SRC_P_03748,1.0,CANONICAL_ID,True
PSI_03749,P_03749,MUMBAI_POLICE_CCTNS,SRC_P_03749,1.0,CANONICAL_ID,True
PSI_03750,P_03750,MUMBAI_POLICE_CCTNS,SRC_P_03750,1.0,CANONICAL_ID,True
PSI_03751,P_03751,MUMBAI_POLICE_CCTNS,SRC_P_03751,1.0,CANONICAL_ID,True
PSI_03752,P_03752,MUMBAI_POLICE_CCTNS,SRC_P_03752,1.0,CANONICAL_ID,True
PSI_03753,P_03753,MUMBAI_POLICE_CCTNS,SRC_P_03753,1.0,CANONICAL_ID,True
PSI_03754,P_03754,MUMBAI_POLICE_CCTNS,SRC_P_03754,1.0,CANONICAL_ID,True
PSI_03755,P_03755,MUMBAI_POLICE_CCTNS,SRC_P_03755,1.0,CANONICAL_ID,True
PSI_03756,P_03756,MUMBAI_POLICE_CCTNS,SRC_P_03756,1.0,CANONICAL_ID,True
PSI_03757,P_03757,MUMBAI_POLICE_CCTNS,SRC_P_03757,1.0,CANONICAL_ID,True
PSI_03758,P_03758,MUMBAI_POLICE_CCTNS,SRC_P_03758,1.0,CANONICAL_ID,True
PSI_03759,P_03759,MUMBAI_POLICE_CCTNS,SRC_P_03759,1.0,CANONICAL_ID,True
PSI_03760,P_03760,MUMBAI_POLICE_CCTNS,SRC_P_03760,1.0,CANONICAL_ID,True
PSI_03761,P_03761,MUMBAI_POLICE_CCTNS,SRC_P_03761,1.0,CANONICAL_ID,True
PSI_03762,P_03762,MUMBAI_POLICE_CCTNS,SRC_P_03762,1.0,CANONICAL_ID,True
PSI_03763,P_03763,MUMBAI_POLICE_CCTNS,SRC_P_03763,1.0,CANONICAL_ID,True
PSI_03764,P_03764,MUMBAI_POLICE_CCTNS,SRC_P_03764,1.0,CANONICAL_ID,True
PSI_03765,P_03765,MUMBAI_POLICE_CCTNS,SRC_P_03765,1.0,CANONICAL_ID,True
PSI_03766,P_03766,MUMBAI_POLICE_CCTNS,SRC_P_03766,1.0,CANONICAL_ID,True
PSI_03767,P_03767,MUMBAI_POLICE_CCTNS,SRC_P_03767,1.0,CANONICAL_ID,True
PSI_03768,P_03768,MUMBAI_POLICE_CCTNS,SRC_P_03768,1.0,CANONICAL_ID,True
PSI_03769,P_03769,MUMBAI_POLICE_CCTNS,SRC_P_03769,1.0,CANONICAL_ID,True
PSI_03770,P_03770,MUMBAI_POLICE_CCTNS,SRC_P_03770,1.0,CANONICAL_ID,True
PSI_03771,P_03771,MUMBAI_POLICE_CCTNS,SRC_P_03771,1.0,CANONICAL_ID,True
PSI_03772,P_03772,MUMBAI_POLICE_CCTNS,SRC_P_03772,1.0,CANONICAL_ID,True
PSI_03773,P_03773,MUMBAI_POLICE_CCTNS,SRC_P_03773,1.0,CANONICAL_ID,True
PSI_03774,P_03774,MUMBAI_POLICE_CCTNS,SRC_P_03774,1.0,CANONICAL_ID,True
PSI_03775,P_03775,MUMBAI_POLICE_CCTNS,SRC_P_03775,1.0,CANONICAL_ID,True
PSI_03776,P_03776,MUMBAI_POLICE_CCTNS,SRC_P_03776,1.0,CANONICAL_ID,True
PSI_03777,P_03777,MUMBAI_POLICE_CCTNS,SRC_P_03777,1.0,CANONICAL_ID,True
PSI_03778,P_03778,MUMBAI_POLICE_CCTNS,SRC_P_03778,1.0,CANONICAL_ID,True
PSI_03779,P_03779,MUMBAI_POLICE_CCTNS,SRC_P_03779,1.0,CANONICAL_ID,True
PSI_03780,P_03780,MUMBAI_POLICE_CCTNS,SRC_P_03780,1.0,CANONICAL_ID,True
PSI_03781,P_03781,MUMBAI_POLICE_CCTNS,SRC_P_03781,1.0,CANONICAL_ID,True
PSI_03782,P_03782,MUMBAI_POLICE_CCTNS,SRC_P_03782,1.0,CANONICAL_ID,True
PSI_03783,P_03783,MUMBAI_POLICE_CCTNS,SRC_P_03783,1.0,CANONICAL_ID,True
PSI_03784,P_03784,MUMBAI_POLICE_CCTNS,SRC_P_03784,1.0,CANONICAL_ID,True
PSI_03785,P_03785,MUMBAI_POLICE_CCTNS,SRC_P_03785,1.0,CANONICAL_ID,True
PSI_03786,P_03786,MUMBAI_POLICE_CCTNS,SRC_P_03786,1.0,CANONICAL_ID,True
PSI_03787,P_03787,MUMBAI_POLICE_CCTNS,SRC_P_03787,1.0,CANONICAL_ID,True
PSI_03788,P_03788,MUMBAI_POLICE_CCTNS,SRC_P_03788,1.0,CANONICAL_ID,True
PSI_03789,P_03789,MUMBAI_POLICE_CCTNS,SRC_P_03789,1.0,CANONICAL_ID,True
PSI_03790,P_03790,MUMBAI_POLICE_CCTNS,SRC_P_03790,1.0,CANONICAL_ID,True
PSI_03791,P_03791,MUMBAI_POLICE_CCTNS,SRC_P_03791,1.0,CANONICAL_ID,True
PSI_03792,P_03792,MUMBAI_POLICE_CCTNS,SRC_P_03792,1.0,CANONICAL_ID,True
PSI_03793,P_03793,MUMBAI_POLICE_CCTNS,SRC_P_03793,1.0,CANONICAL_ID,True
PSI_03794,P_03794,MUMBAI_POLICE_CCTNS,SRC_P_03794,1.0,CANONICAL_ID,True
PSI_03795,P_03795,MUMBAI_POLICE_CCTNS,SRC_P_03795,1.0,CANONICAL_ID,True
PSI_03796,P_03796,MUMBAI_POLICE_CCTNS,SRC_P_03796,1.0,CANONICAL_ID,True
PSI_03797,P_03797,MUMBAI_POLICE_CCTNS,SRC_P_03797,1.0,CANONICAL_ID,True
PSI_03798,P_03798,MUMBAI_POLICE_CCTNS,SRC_P_03798,1.0,CANONICAL_ID,True
PSI_03799,P_03799,MUMBAI_POLICE_CCTNS,SRC_P_03799,1.0,CANONICAL_ID,True
PSI_03800,P_03800,MUMBAI_POLICE_CCTNS,SRC_P_03800,1.0,CANONICAL_ID,True
PSI_03801,P_03801,MUMBAI_POLICE_CCTNS,SRC_P_03801,1.0,CANONICAL_ID,True
PSI_03802,P_03802,MUMBAI_POLICE_CCTNS,SRC_P_03802,1.0,CANONICAL_ID,True
PSI_03803,P_03803,MUMBAI_POLICE_CCTNS,SRC_P_03803,1.0,CANONICAL_ID,True
PSI_03804,P_03804,MUMBAI_POLICE_CCTNS,SRC_P_03804,1.0,CANONICAL_ID,True
PSI_03805,P_03805,MUMBAI_POLICE_CCTNS,SRC_P_03805,1.0,CANONICAL_ID,True
PSI_03806,P_03806,MUMBAI_POLICE_CCTNS,SRC_P_03806,1.0,CANONICAL_ID,True
PSI_03807,P_03807,MUMBAI_POLICE_CCTNS,SRC_P_03807,1.0,CANONICAL_ID,True
PSI_03808,P_03808,MUMBAI_POLICE_CCTNS,SRC_P_03808,1.0,CANONICAL_ID,True
PSI_03809,P_03809,MUMBAI_POLICE_CCTNS,SRC_P_03809,1.0,CANONICAL_ID,True
PSI_03810,P_03810,MUMBAI_POLICE_CCTNS,SRC_P_03810,1.0,CANONICAL_ID,True
PSI_03811,P_03811,MUMBAI_POLICE_CCTNS,SRC_P_03811,1.0,CANONICAL_ID,True
PSI_03812,P_03812,MUMBAI_POLICE_CCTNS,SRC_P_03812,1.0,CANONICAL_ID,True
PSI_03813,P_03813,MUMBAI_POLICE_CCTNS,SRC_P_03813,1.0,CANONICAL_ID,True
PSI_03814,P_03814,MUMBAI_POLICE_CCTNS,SRC_P_03814,1.0,CANONICAL_ID,True
PSI_03815,P_03815,MUMBAI_POLICE_CCTNS,SRC_P_03815,1.0,CANONICAL_ID,True
PSI_03816,P_03816,MUMBAI_POLICE_CCTNS,SRC_P_03816,1.0,CANONICAL_ID,True
PSI_03817,P_03817,MUMBAI_POLICE_CCTNS,SRC_P_03817,1.0,CANONICAL_ID,True
PSI_03818,P_03818,MUMBAI_POLICE_CCTNS,SRC_P_03818,1.0,CANONICAL_ID,True
PSI_03819,P_03819,MUMBAI_POLICE_CCTNS,SRC_P_03819,1.0,CANONICAL_ID,True
PSI_03820,P_03820,MUMBAI_POLICE_CCTNS,SRC_P_03820,1.0,CANONICAL_ID,True
PSI_03821,P_03821,MUMBAI_POLICE_CCTNS,SRC_P_03821,1.0,CANONICAL_ID,True
PSI_03822,P_03822,MUMBAI_POLICE_CCTNS,SRC_P_03822,1.0,CANONICAL_ID,True
PSI_03823,P_03823,MUMBAI_POLICE_CCTNS,SRC_P_03823,1.0,CANONICAL_ID,True
PSI_03824,P_03824,MUMBAI_POLICE_CCTNS,SRC_P_03824,1.0,CANONICAL_ID,True
PSI_03825,P_03825,MUMBAI_POLICE_CCTNS,SRC_P_03825,1.0,CANONICAL_ID,True
PSI_03826,P_03826,MUMBAI_POLICE_CCTNS,SRC_P_03826,1.0,CANONICAL_ID,True
PSI_03827,P_03827,MUMBAI_POLICE_CCTNS,SRC_P_03827,1.0,CANONICAL_ID,True
PSI_03828,P_03828,MUMBAI_POLICE_CCTNS,SRC_P_03828,1.0,CANONICAL_ID,True
PSI_03829,P_03829,MUMBAI_POLICE_CCTNS,SRC_P_03829,1.0,CANONICAL_ID,True
PSI_03830,P_03830,MUMBAI_POLICE_CCTNS,SRC_P_03830,1.0,CANONICAL_ID,True
PSI_03831,P_03831,MUMBAI_POLICE_CCTNS,SRC_P_03831,1.0,CANONICAL_ID,True
PSI_03832,P_03832,MUMBAI_POLICE_CCTNS,SRC_P_03832,1.0,CANONICAL_ID,True
PSI_03833,P_03833,MUMBAI_POLICE_CCTNS,SRC_P_03833,1.0,CANONICAL_ID,True
PSI_03834,P_03834,MUMBAI_POLICE_CCTNS,SRC_P_03834,1.0,CANONICAL_ID,True
PSI_03835,P_03835,MUMBAI_POLICE_CCTNS,SRC_P_03835,1.0,CANONICAL_ID,True
PSI_03836,P_03836,MUMBAI_POLICE_CCTNS,SRC_P_03836,1.0,CANONICAL_ID,True
PSI_03837,P_03837,MUMBAI_POLICE_CCTNS,SRC_P_03837,1.0,CANONICAL_ID,True
PSI_03838,P_03838,MUMBAI_POLICE_CCTNS,SRC_P_03838,1.0,CANONICAL_ID,True
PSI_03839,P_03839,MUMBAI_POLICE_CCTNS,SRC_P_03839,1.0,CANONICAL_ID,True
PSI_03840,P_03840,MUMBAI_POLICE_CCTNS,SRC_P_03840,1.0,CANONICAL_ID,True
PSI_03841,P_03841,MUMBAI_POLICE_CCTNS,SRC_P_03841,1.0,CANONICAL_ID,True
PSI_03842,P_03842,MUMBAI_POLICE_CCTNS,SRC_P_03842,1.0,CANONICAL_ID,True
PSI_03843,P_03843,MUMBAI_POLICE_CCTNS,SRC_P_03843,1.0,CANONICAL_ID,True
PSI_03844,P_03844,MUMBAI_POLICE_CCTNS,SRC_P_03844,1.0,CANONICAL_ID,True
PSI_03845,P_03845,MUMBAI_POLICE_CCTNS,SRC_P_03845,1.0,CANONICAL_ID,True
PSI_03846,P_03846,MUMBAI_POLICE_CCTNS,SRC_P_03846,1.0,CANONICAL_ID,True
PSI_03847,P_03847,MUMBAI_POLICE_CCTNS,SRC_P_03847,1.0,CANONICAL_ID,True
PSI_03848,P_03848,MUMBAI_POLICE_CCTNS,SRC_P_03848,1.0,CANONICAL_ID,True
PSI_03849,P_03849,MUMBAI_POLICE_CCTNS,SRC_P_03849,1.0,CANONICAL_ID,True
PSI_03850,P_03850,MUMBAI_POLICE_CCTNS,SRC_P_03850,1.0,CANONICAL_ID,True
PSI_03851,P_03851,MUMBAI_POLICE_CCTNS,SRC_P_03851,1.0,CANONICAL_ID,True
PSI_03852,P_03852,MUMBAI_POLICE_CCTNS,SRC_P_03852,1.0,CANONICAL_ID,True
PSI_03853,P_03853,MUMBAI_POLICE_CCTNS,SRC_P_03853,1.0,CANONICAL_ID,True
PSI_03854,P_03854,MUMBAI_POLICE_CCTNS,SRC_P_03854,1.0,CANONICAL_ID,True
PSI_03855,P_03855,MUMBAI_POLICE_CCTNS,SRC_P_03855,1.0,CANONICAL_ID,True
PSI_03856,P_03856,MUMBAI_POLICE_CCTNS,SRC_P_03856,1.0,CANONICAL_ID,True
PSI_03857,P_03857,MUMBAI_POLICE_CCTNS,SRC_P_03857,1.0,CANONICAL_ID,True
PSI_03858,P_03858,MUMBAI_POLICE_CCTNS,SRC_P_03858,1.0,CANONICAL_ID,True
PSI_03859,P_03859,MUMBAI_POLICE_CCTNS,SRC_P_03859,1.0,CANONICAL_ID,True
PSI_03860,P_03860,MUMBAI_POLICE_CCTNS,SRC_P_03860,1.0,CANONICAL_ID,True
PSI_03861,P_03861,MUMBAI_POLICE_CCTNS,SRC_P_03861,1.0,CANONICAL_ID,True
PSI_03862,P_03862,MUMBAI_POLICE_CCTNS,SRC_P_03862,1.0,CANONICAL_ID,True
PSI_03863,P_03863,MUMBAI_POLICE_CCTNS,SRC_P_03863,1.0,CANONICAL_ID,True
PSI_03864,P_03864,MUMBAI_POLICE_CCTNS,SRC_P_03864,1.0,CANONICAL_ID,True
PSI_03865,P_03865,MUMBAI_POLICE_CCTNS,SRC_P_03865,1.0,CANONICAL_ID,True
PSI_03866,P_03866,MUMBAI_POLICE_CCTNS,SRC_P_03866,1.0,CANONICAL_ID,True
PSI_03867,P_03867,MUMBAI_POLICE_CCTNS,SRC_P_03867,1.0,CANONICAL_ID,True
PSI_03868,P_03868,MUMBAI_POLICE_CCTNS,SRC_P_03868,1.0,CANONICAL_ID,True
PSI_03869,P_03869,MUMBAI_POLICE_CCTNS,SRC_P_03869,1.0,CANONICAL_ID,True
PSI_03870,P_03870,MUMBAI_POLICE_CCTNS,SRC_P_03870,1.0,CANONICAL_ID,True
PSI_03871,P_03871,MUMBAI_POLICE_CCTNS,SRC_P_03871,1.0,CANONICAL_ID,True
PSI_03872,P_03872,MUMBAI_POLICE_CCTNS,SRC_P_03872,1.0,CANONICAL_ID,True
PSI_03873,P_03873,MUMBAI_POLICE_CCTNS,SRC_P_03873,1.0,CANONICAL_ID,True
PSI_03874,P_03874,MUMBAI_POLICE_CCTNS,SRC_P_03874,1.0,CANONICAL_ID,True
PSI_03875,P_03875,MUMBAI_POLICE_CCTNS,SRC_P_03875,1.0,CANONICAL_ID,True
PSI_03876,P_03876,MUMBAI_POLICE_CCTNS,SRC_P_03876,1.0,CANONICAL_ID,True
PSI_03877,P_03877,MUMBAI_POLICE_CCTNS,SRC_P_03877,1.0,CANONICAL_ID,True
PSI_03878,P_03878,MUMBAI_POLICE_CCTNS,SRC_P_03878,1.0,CANONICAL_ID,True
PSI_03879,P_03879,MUMBAI_POLICE_CCTNS,SRC_P_03879,1.0,CANONICAL_ID,True
PSI_03880,P_03880,MUMBAI_POLICE_CCTNS,SRC_P_03880,1.0,CANONICAL_ID,True
PSI_03881,P_03881,MUMBAI_POLICE_CCTNS,SRC_P_03881,1.0,CANONICAL_ID,True
PSI_03882,P_03882,MUMBAI_POLICE_CCTNS,SRC_P_03882,1.0,CANONICAL_ID,True
PSI_03883,P_03883,MUMBAI_POLICE_CCTNS,SRC_P_03883,1.0,CANONICAL_ID,True
PSI_03884,P_03884,MUMBAI_POLICE_CCTNS,SRC_P_03884,1.0,CANONICAL_ID,True
PSI_03885,P_03885,MUMBAI_POLICE_CCTNS,SRC_P_03885,1.0,CANONICAL_ID,True
PSI_03886,P_03886,MUMBAI_POLICE_CCTNS,SRC_P_03886,1.0,CANONICAL_ID,True
PSI_03887,P_03887,MUMBAI_POLICE_CCTNS,SRC_P_03887,1.0,CANONICAL_ID,True
PSI_03888,P_03888,MUMBAI_POLICE_CCTNS,SRC_P_03888,1.0,CANONICAL_ID,True
PSI_03889,P_03889,MUMBAI_POLICE_CCTNS,SRC_P_03889,1.0,CANONICAL_ID,True
PSI_03890,P_03890,MUMBAI_POLICE_CCTNS,SRC_P_03890,1.0,CANONICAL_ID,True
PSI_03891,P_03891,MUMBAI_POLICE_CCTNS,SRC_P_03891,1.0,CANONICAL_ID,True
PSI_03892,P_03892,MUMBAI_POLICE_CCTNS,SRC_P_03892,1.0,CANONICAL_ID,True
PSI_03893,P_03893,MUMBAI_POLICE_CCTNS,SRC_P_03893,1.0,CANONICAL_ID,True
PSI_03894,P_03894,MUMBAI_POLICE_CCTNS,SRC_P_03894,1.0,CANONICAL_ID,True
PSI_03895,P_03895,MUMBAI_POLICE_CCTNS,SRC_P_03895,1.0,CANONICAL_ID,True
PSI_03896,P_03896,MUMBAI_POLICE_CCTNS,SRC_P_03896,1.0,CANONICAL_ID,True
PSI_03897,P_03897,MUMBAI_POLICE_CCTNS,SRC_P_03897,1.0,CANONICAL_ID,True
PSI_03898,P_03898,MUMBAI_POLICE_CCTNS,SRC_P_03898,1.0,CANONICAL_ID,True
PSI_03899,P_03899,MUMBAI_POLICE_CCTNS,SRC_P_03899,1.0,CANONICAL_ID,True
PSI_03900,P_03900,MUMBAI_POLICE_CCTNS,SRC_P_03900,1.0,CANONICAL_ID,True
PSI_03901,P_03901,MUMBAI_POLICE_CCTNS,SRC_P_03901,1.0,CANONICAL_ID,True
PSI_03902,P_03902,MUMBAI_POLICE_CCTNS,SRC_P_03902,1.0,CANONICAL_ID,True
PSI_03903,P_03903,MUMBAI_POLICE_CCTNS,SRC_P_03903,1.0,CANONICAL_ID,True
PSI_03904,P_03904,MUMBAI_POLICE_CCTNS,SRC_P_03904,1.0,CANONICAL_ID,True
PSI_03905,P_03905,MUMBAI_POLICE_CCTNS,SRC_P_03905,1.0,CANONICAL_ID,True
PSI_03906,P_03906,MUMBAI_POLICE_CCTNS,SRC_P_03906,1.0,CANONICAL_ID,True
PSI_03907,P_03907,MUMBAI_POLICE_CCTNS,SRC_P_03907,1.0,CANONICAL_ID,True
PSI_03908,P_03908,MUMBAI_POLICE_CCTNS,SRC_P_03908,1.0,CANONICAL_ID,True
PSI_03909,P_03909,MUMBAI_POLICE_CCTNS,SRC_P_03909,1.0,CANONICAL_ID,True
PSI_03910,P_03910,MUMBAI_POLICE_CCTNS,SRC_P_03910,1.0,CANONICAL_ID,True
PSI_03911,P_03911,MUMBAI_POLICE_CCTNS,SRC_P_03911,1.0,CANONICAL_ID,True
PSI_03912,P_03912,MUMBAI_POLICE_CCTNS,SRC_P_03912,1.0,CANONICAL_ID,True
PSI_03913,P_03913,MUMBAI_POLICE_CCTNS,SRC_P_03913,1.0,CANONICAL_ID,True
PSI_03914,P_03914,MUMBAI_POLICE_CCTNS,SRC_P_03914,1.0,CANONICAL_ID,True
PSI_03915,P_03915,MUMBAI_POLICE_CCTNS,SRC_P_03915,1.0,CANONICAL_ID,True
PSI_03916,P_03916,MUMBAI_POLICE_CCTNS,SRC_P_03916,1.0,CANONICAL_ID,True
PSI_03917,P_03917,MUMBAI_POLICE_CCTNS,SRC_P_03917,1.0,CANONICAL_ID,True
PSI_03918,P_03918,MUMBAI_POLICE_CCTNS,SRC_P_03918,1.0,CANONICAL_ID,True
PSI_03919,P_03919,MUMBAI_POLICE_CCTNS,SRC_P_03919,1.0,CANONICAL_ID,True
PSI_03920,P_03920,MUMBAI_POLICE_CCTNS,SRC_P_03920,1.0,CANONICAL_ID,True
PSI_03921,P_03921,MUMBAI_POLICE_CCTNS,SRC_P_03921,1.0,CANONICAL_ID,True
PSI_03922,P_03922,MUMBAI_POLICE_CCTNS,SRC_P_03922,1.0,CANONICAL_ID,True
PSI_03923,P_03923,MUMBAI_POLICE_CCTNS,SRC_P_03923,1.0,CANONICAL_ID,True
PSI_03924,P_03924,MUMBAI_POLICE_CCTNS,SRC_P_03924,1.0,CANONICAL_ID,True
PSI_03925,P_03925,MUMBAI_POLICE_CCTNS,SRC_P_03925,1.0,CANONICAL_ID,True
PSI_03926,P_03926,MUMBAI_POLICE_CCTNS,SRC_P_03926,1.0,CANONICAL_ID,True
PSI_03927,P_03927,MUMBAI_POLICE_CCTNS,SRC_P_03927,1.0,CANONICAL_ID,True
PSI_03928,P_03928,MUMBAI_POLICE_CCTNS,SRC_P_03928,1.0,CANONICAL_ID,True
PSI_03929,P_03929,MUMBAI_POLICE_CCTNS,SRC_P_03929,1.0,CANONICAL_ID,True
PSI_03930,P_03930,MUMBAI_POLICE_CCTNS,SRC_P_03930,1.0,CANONICAL_ID,True
PSI_03931,P_03931,MUMBAI_POLICE_CCTNS,SRC_P_03931,1.0,CANONICAL_ID,True
PSI_03932,P_03932,MUMBAI_POLICE_CCTNS,SRC_P_03932,1.0,CANONICAL_ID,True
PSI_03933,P_03933,MUMBAI_POLICE_CCTNS,SRC_P_03933,1.0,CANONICAL_ID,True
PSI_03934,P_03934,MUMBAI_POLICE_CCTNS,SRC_P_03934,1.0,CANONICAL_ID,True
PSI_03935,P_03935,MUMBAI_POLICE_CCTNS,SRC_P_03935,1.0,CANONICAL_ID,True
PSI_03936,P_03936,MUMBAI_POLICE_CCTNS,SRC_P_03936,1.0,CANONICAL_ID,True
PSI_03937,P_03937,MUMBAI_POLICE_CCTNS,SRC_P_03937,1.0,CANONICAL_ID,True
PSI_03938,P_03938,MUMBAI_POLICE_CCTNS,SRC_P_03938,1.0,CANONICAL_ID,True
PSI_03939,P_03939,MUMBAI_POLICE_CCTNS,SRC_P_03939,1.0,CANONICAL_ID,True
PSI_03940,P_03940,MUMBAI_POLICE_CCTNS,SRC_P_03940,1.0,CANONICAL_ID,True
PSI_03941,P_03941,MUMBAI_POLICE_CCTNS,SRC_P_03941,1.0,CANONICAL_ID,True
PSI_03942,P_03942,MUMBAI_POLICE_CCTNS,SRC_P_03942,1.0,CANONICAL_ID,True
PSI_03943,P_03943,MUMBAI_POLICE_CCTNS,SRC_P_03943,1.0,CANONICAL_ID,True
PSI_03944,P_03944,MUMBAI_POLICE_CCTNS,SRC_P_03944,1.0,CANONICAL_ID,True
PSI_03945,P_03945,MUMBAI_POLICE_CCTNS,SRC_P_03945,1.0,CANONICAL_ID,True
PSI_03946,P_03946,MUMBAI_POLICE_CCTNS,SRC_P_03946,1.0,CANONICAL_ID,True
PSI_03947,P_03947,MUMBAI_POLICE_CCTNS,SRC_P_03947,1.0,CANONICAL_ID,True
PSI_03948,P_03948,MUMBAI_POLICE_CCTNS,SRC_P_03948,1.0,CANONICAL_ID,True
PSI_03949,P_03949,MUMBAI_POLICE_CCTNS,SRC_P_03949,1.0,CANONICAL_ID,True
PSI_03950,P_03950,MUMBAI_POLICE_CCTNS,SRC_P_03950,1.0,CANONICAL_ID,True
PSI_03951,P_03951,MUMBAI_POLICE_CCTNS,SRC_P_03951,1.0,CANONICAL_ID,True
PSI_03952,P_03952,MUMBAI_POLICE_CCTNS,SRC_P_03952,1.0,CANONICAL_ID,True
PSI_03953,P_03953,MUMBAI_POLICE_CCTNS,SRC_P_03953,1.0,CANONICAL_ID,True
PSI_03954,P_03954,MUMBAI_POLICE_CCTNS,SRC_P_03954,1.0,CANONICAL_ID,True
PSI_03955,P_03955,MUMBAI_POLICE_CCTNS,SRC_P_03955,1.0,CANONICAL_ID,True
PSI_03956,P_03956,MUMBAI_POLICE_CCTNS,SRC_P_03956,1.0,CANONICAL_ID,True
PSI_03957,P_03957,MUMBAI_POLICE_CCTNS,SRC_P_03957,1.0,CANONICAL_ID,True
PSI_03958,P_03958,MUMBAI_POLICE_CCTNS,SRC_P_03958,1.0,CANONICAL_ID,True
PSI_03959,P_03959,MUMBAI_POLICE_CCTNS,SRC_P_03959,1.0,CANONICAL_ID,True
PSI_03960,P_03960,MUMBAI_POLICE_CCTNS,SRC_P_03960,1.0,CANONICAL_ID,True
PSI_03961,P_03961,MUMBAI_POLICE_CCTNS,SRC_P_03961,1.0,CANONICAL_ID,True
PSI_03962,P_03962,MUMBAI_POLICE_CCTNS,SRC_P_03962,1.0,CANONICAL_ID,True
PSI_03963,P_03963,MUMBAI_POLICE_CCTNS,SRC_P_03963,1.0,CANONICAL_ID,True
PSI_03964,P_03964,MUMBAI_POLICE_CCTNS,SRC_P_03964,1.0,CANONICAL_ID,True
PSI_03965,P_03965,MUMBAI_POLICE_CCTNS,SRC_P_03965,1.0,CANONICAL_ID,True
PSI_03966,P_03966,MUMBAI_POLICE_CCTNS,SRC_P_03966,1.0,CANONICAL_ID,True
PSI_03967,P_03967,MUMBAI_POLICE_CCTNS,SRC_P_03967,1.0,CANONICAL_ID,True
PSI_03968,P_03968,MUMBAI_POLICE_CCTNS,SRC_P_03968,1.0,CANONICAL_ID,True
PSI_03969,P_03969,MUMBAI_POLICE_CCTNS,SRC_P_03969,1.0,CANONICAL_ID,True
PSI_03970,P_03970,MUMBAI_POLICE_CCTNS,SRC_P_03970,1.0,CANONICAL_ID,True
PSI_03971,P_03971,MUMBAI_POLICE_CCTNS,SRC_P_03971,1.0,CANONICAL_ID,True
PSI_03972,P_03972,MUMBAI_POLICE_CCTNS,SRC_P_03972,1.0,CANONICAL_ID,True
PSI_03973,P_03973,MUMBAI_POLICE_CCTNS,SRC_P_03973,1.0,CANONICAL_ID,True
PSI_03974,P_03974,MUMBAI_POLICE_CCTNS,SRC_P_03974,1.0,CANONICAL_ID,True
PSI_03975,P_03975,MUMBAI_POLICE_CCTNS,SRC_P_03975,1.0,CANONICAL_ID,True
PSI_03976,P_03976,MUMBAI_POLICE_CCTNS,SRC_P_03976,1.0,CANONICAL_ID,True
PSI_03977,P_03977,MUMBAI_POLICE_CCTNS,SRC_P_03977,1.0,CANONICAL_ID,True
PSI_03978,P_03978,MUMBAI_POLICE_CCTNS,SRC_P_03978,1.0,CANONICAL_ID,True
PSI_03979,P_03979,MUMBAI_POLICE_CCTNS,SRC_P_03979,1.0,CANONICAL_ID,True
PSI_03980,P_03980,MUMBAI_POLICE_CCTNS,SRC_P_03980,1.0,CANONICAL_ID,True
PSI_03981,P_03981,MUMBAI_POLICE_CCTNS,SRC_P_03981,1.0,CANONICAL_ID,True
PSI_03982,P_03982,MUMBAI_POLICE_CCTNS,SRC_P_03982,1.0,CANONICAL_ID,True
PSI_03983,P_03983,MUMBAI_POLICE_CCTNS,SRC_P_03983,1.0,CANONICAL_ID,True
PSI_03984,P_03984,MUMBAI_POLICE_CCTNS,SRC_P_03984,1.0,CANONICAL_ID,True
PSI_03985,P_03985,MUMBAI_POLICE_CCTNS,SRC_P_03985,1.0,CANONICAL_ID,True
PSI_03986,P_03986,MUMBAI_POLICE_CCTNS,SRC_P_03986,1.0,CANONICAL_ID,True
PSI_03987,P_03987,MUMBAI_POLICE_CCTNS,SRC_P_03987,1.0,CANONICAL_ID,True
PSI_03988,P_03988,MUMBAI_POLICE_CCTNS,SRC_P_03988,1.0,CANONICAL_ID,True
PSI_03989,P_03989,MUMBAI_POLICE_CCTNS,SRC_P_03989,1.0,CANONICAL_ID,True
PSI_03990,P_03990,MUMBAI_POLICE_CCTNS,SRC_P_03990,1.0,CANONICAL_ID,True
PSI_03991,P_03991,MUMBAI_POLICE_CCTNS,SRC_P_03991,1.0,CANONICAL_ID,True
PSI_03992,P_03992,MUMBAI_POLICE_CCTNS,SRC_P_03992,1.0,CANONICAL_ID,True
PSI_03993,P_03993,MUMBAI_POLICE_CCTNS,SRC_P_03993,1.0,CANONICAL_ID,True
PSI_03994,P_03994,MUMBAI_POLICE_CCTNS,SRC_P_03994,1.0,CANONICAL_ID,True
PSI_03995,P_03995,MUMBAI_POLICE_CCTNS,SRC_P_03995,1.0,CANONICAL_ID,True
PSI_03996,P_03996,MUMBAI_POLICE_CCTNS,SRC_P_03996,1.0,CANONICAL_ID,True
PSI_03997,P_03997,MUMBAI_POLICE_CCTNS,SRC_P_03997,1.0,CANONICAL_ID,True
PSI_03998,P_03998,MUMBAI_POLICE_CCTNS,SRC_P_03998,1.0,CANONICAL_ID,True
PSI_03999,P_03999,MUMBAI_POLICE_CCTNS,SRC_P_03999,1.0,CANONICAL_ID,True
PSI_04000,P_04000,MUMBAI_POLICE_CCTNS,SRC_P_04000,1.0,CANONICAL_ID,True
PSI_04001,P_04097,MUMBAI_POLICE_CCTNS,SRC_P_04001,1.0,CANONICAL_ID,True
PSI_04002,P_04098,MUMBAI_POLICE_CCTNS,SRC_P_04002,1.0,CANONICAL_ID,True
PSI_04003,P_04099,MUMBAI_POLICE_CCTNS,SRC_P_04003,1.0,CANONICAL_ID,True
PSI_04004,P_04100,MUMBAI_POLICE_CCTNS,SRC_P_04004,1.0,CANONICAL_ID,True
PSI_04005,P_04101,MUMBAI_POLICE_CCTNS,SRC_P_04005,1.0,CANONICAL_ID,True
PSI_04006,P_04102,MUMBAI_POLICE_CCTNS,SRC_P_04006,1.0,CANONICAL_ID,True
PSI_04007,P_04103,MUMBAI_POLICE_CCTNS,SRC_P_04007,1.0,CANONICAL_ID,True
PSI_04008,P_04104,MUMBAI_POLICE_CCTNS,SRC_P_04008,1.0,CANONICAL_ID,True
PSI_04009,P_04105,MUMBAI_POLICE_CCTNS,SRC_P_04009,1.0,CANONICAL_ID,True
PSI_04010,P_04106,MUMBAI_POLICE_CCTNS,SRC_P_04010,1.0,CANONICAL_ID,True
PSI_04011,P_04107,MUMBAI_POLICE_CCTNS,SRC_P_04011,1.0,CANONICAL_ID,True
PSI_04012,P_04108,MUMBAI_POLICE_CCTNS,SRC_P_04012,1.0,CANONICAL_ID,True
PSI_04013,P_04109,MUMBAI_POLICE_CCTNS,SRC_P_04013,1.0,CANONICAL_ID,True
PSI_04014,P_04110,MUMBAI_POLICE_CCTNS,SRC_P_04014,1.0,CANONICAL_ID,True
PSI_04015,P_04111,MUMBAI_POLICE_CCTNS,SRC_P_04015,1.0,CANONICAL_ID,True
PSI_04016,P_04112,MUMBAI_POLICE_CCTNS,SRC_P_04016,1.0,CANONICAL_ID,True
PSI_04017,P_04113,MUMBAI_POLICE_CCTNS,SRC_P_04017,1.0,CANONICAL_ID,True
PSI_04018,P_04114,MUMBAI_POLICE_CCTNS,SRC_P_04018,1.0,CANONICAL_ID,True
PSI_04019,P_04115,MUMBAI_POLICE_CCTNS,SRC_P_04019,1.0,CANONICAL_ID,True
PSI_04020,P_04116,MUMBAI_POLICE_CCTNS,SRC_P_04020,1.0,CANONICAL_ID,True
PSI_04021,P_04117,MUMBAI_POLICE_CCTNS,SRC_P_04021,1.0,CANONICAL_ID,True
PSI_04022,P_04118,MUMBAI_POLICE_CCTNS,SRC_P_04022,1.0,CANONICAL_ID,True
PSI_04023,P_04119,MUMBAI_POLICE_CCTNS,SRC_P_04023,1.0,CANONICAL_ID,True
PSI_04024,P_04120,MUMBAI_POLICE_CCTNS,SRC_P_04024,1.0,CANONICAL_ID,True
PSI_04025,P_04121,MUMBAI_POLICE_CCTNS,SRC_P_04025,1.0,CANONICAL_ID,True
PSI_04026,P_04122,MUMBAI_POLICE_CCTNS,SRC_P_04026,1.0,CANONICAL_ID,True
PSI_04027,P_04123,MUMBAI_POLICE_CCTNS,SRC_P_04027,1.0,CANONICAL_ID,True
PSI_04028,P_04124,MUMBAI_POLICE_CCTNS,SRC_P_04028,1.0,CANONICAL_ID,True
PSI_04029,P_04125,MUMBAI_POLICE_CCTNS,SRC_P_04029,1.0,CANONICAL_ID,True
PSI_04030,P_04126,MUMBAI_POLICE_CCTNS,SRC_P_04030,1.0,CANONICAL_ID,True
PSI_04031,P_04127,MUMBAI_POLICE_CCTNS,SRC_P_04031,1.0,CANONICAL_ID,True
PSI_04032,P_04128,MUMBAI_POLICE_CCTNS,SRC_P_04032,1.0,CANONICAL_ID,True
PSI_04033,P_04129,MUMBAI_POLICE_CCTNS,SRC_P_04033,1.0,CANONICAL_ID,True
PSI_04034,P_04130,MUMBAI_POLICE_CCTNS,SRC_P_04034,1.0,CANONICAL_ID,True
PSI_04035,P_04131,MUMBAI_POLICE_CCTNS,SRC_P_04035,1.0,CANONICAL_ID,True
PSI_04036,P_04132,MUMBAI_POLICE_CCTNS,SRC_P_04036,1.0,CANONICAL_ID,True
PSI_04037,P_04133,MUMBAI_POLICE_CCTNS,SRC_P_04037,1.0,CANONICAL_ID,True
PSI_04038,P_04134,MUMBAI_POLICE_CCTNS,SRC_P_04038,1.0,CANONICAL_ID,True
PSI_04039,P_04135,MUMBAI_POLICE_CCTNS,SRC_P_04039,1.0,CANONICAL_ID,True
PSI_04040,P_04136,MUMBAI_POLICE_CCTNS,SRC_P_04040,1.0,CANONICAL_ID,True
PSI_04041,P_04137,MUMBAI_POLICE_CCTNS,SRC_P_04041,1.0,CANONICAL_ID,True
PSI_04042,P_04138,MUMBAI_POLICE_CCTNS,SRC_P_04042,1.0,CANONICAL_ID,True
PSI_04043,P_04139,MUMBAI_POLICE_CCTNS,SRC_P_04043,1.0,CANONICAL_ID,True
PSI_04044,P_04140,MUMBAI_POLICE_CCTNS,SRC_P_04044,1.0,CANONICAL_ID,True
PSI_04045,P_04141,MUMBAI_POLICE_CCTNS,SRC_P_04045,1.0,CANONICAL_ID,True
PSI_04046,P_04142,MUMBAI_POLICE_CCTNS,SRC_P_04046,1.0,CANONICAL_ID,True
PSI_04047,P_04143,MUMBAI_POLICE_CCTNS,SRC_P_04047,1.0,CANONICAL_ID,True
PSI_04048,P_04144,MUMBAI_POLICE_CCTNS,SRC_P_04048,1.0,CANONICAL_ID,True
PSI_04049,P_04145,MUMBAI_POLICE_CCTNS,SRC_P_04049,1.0,CANONICAL_ID,True
PSI_04050,P_04146,MUMBAI_POLICE_CCTNS,SRC_P_04050,1.0,CANONICAL_ID,True
PSI_04051,P_04147,MUMBAI_POLICE_CCTNS,SRC_P_04051,1.0,CANONICAL_ID,True
PSI_04052,P_04148,MUMBAI_POLICE_CCTNS,SRC_P_04052,1.0,CANONICAL_ID,True
PSI_04053,P_04149,MUMBAI_POLICE_CCTNS,SRC_P_04053,1.0,CANONICAL_ID,True
PSI_04054,P_04150,MUMBAI_POLICE_CCTNS,SRC_P_04054,1.0,CANONICAL_ID,True
PSI_04055,P_04151,MUMBAI_POLICE_CCTNS,SRC_P_04055,1.0,CANONICAL_ID,True
PSI_04056,P_04152,MUMBAI_POLICE_CCTNS,SRC_P_04056,1.0,CANONICAL_ID,True
PSI_04057,P_04153,MUMBAI_POLICE_CCTNS,SRC_P_04057,1.0,CANONICAL_ID,True
PSI_04058,P_04154,MUMBAI_POLICE_CCTNS,SRC_P_04058,1.0,CANONICAL_ID,True
PSI_04059,P_04155,MUMBAI_POLICE_CCTNS,SRC_P_04059,1.0,CANONICAL_ID,True
PSI_04060,P_04156,MUMBAI_POLICE_CCTNS,SRC_P_04060,1.0,CANONICAL_ID,True
PSI_04061,P_04157,MUMBAI_POLICE_CCTNS,SRC_P_04061,1.0,CANONICAL_ID,True
PSI_04062,P_04158,MUMBAI_POLICE_CCTNS,SRC_P_04062,1.0,CANONICAL_ID,True
PSI_04063,P_04159,MUMBAI_POLICE_CCTNS,SRC_P_04063,1.0,CANONICAL_ID,True
PSI_04064,P_04160,MUMBAI_POLICE_CCTNS,SRC_P_04064,1.0,CANONICAL_ID,True
PSI_04065,P_04161,MUMBAI_POLICE_CCTNS,SRC_P_04065,1.0,CANONICAL_ID,True
PSI_04066,P_04162,MUMBAI_POLICE_CCTNS,SRC_P_04066,1.0,CANONICAL_ID,True
PSI_04067,P_04163,MUMBAI_POLICE_CCTNS,SRC_P_04067,1.0,CANONICAL_ID,True
PSI_04068,P_04164,MUMBAI_POLICE_CCTNS,SRC_P_04068,1.0,CANONICAL_ID,True
PSI_04069,P_04165,MUMBAI_POLICE_CCTNS,SRC_P_04069,1.0,CANONICAL_ID,True
PSI_04070,P_04166,MUMBAI_POLICE_CCTNS,SRC_P_04070,1.0,CANONICAL_ID,True
PSI_04071,P_04167,MUMBAI_POLICE_CCTNS,SRC_P_04071,1.0,CANONICAL_ID,True
PSI_04072,P_04168,MUMBAI_POLICE_CCTNS,SRC_P_04072,1.0,CANONICAL_ID,True
PSI_04073,P_04169,MUMBAI_POLICE_CCTNS,SRC_P_04073,1.0,CANONICAL_ID,True
PSI_04074,P_04170,MUMBAI_POLICE_CCTNS,SRC_P_04074,1.0,CANONICAL_ID,True
PSI_04075,P_04171,MUMBAI_POLICE_CCTNS,SRC_P_04075,1.0,CANONICAL_ID,True
PSI_04076,P_04172,MUMBAI_POLICE_CCTNS,SRC_P_04076,1.0,CANONICAL_ID,True
PSI_04077,P_04173,MUMBAI_POLICE_CCTNS,SRC_P_04077,1.0,CANONICAL_ID,True
PSI_04078,P_04174,MUMBAI_POLICE_CCTNS,SRC_P_04078,1.0,CANONICAL_ID,True
PSI_04079,P_04175,MUMBAI_POLICE_CCTNS,SRC_P_04079,1.0,CANONICAL_ID,True
PSI_04080,P_04176,MUMBAI_POLICE_CCTNS,SRC_P_04080,1.0,CANONICAL_ID,True
PSI_04081,P_04177,MUMBAI_POLICE_CCTNS,SRC_P_04081,1.0,CANONICAL_ID,True
PSI_04082,P_04178,MUMBAI_POLICE_CCTNS,SRC_P_04082,1.0,CANONICAL_ID,True
PSI_04083,P_04179,MUMBAI_POLICE_CCTNS,SRC_P_04083,1.0,CANONICAL_ID,True
PSI_04084,P_04180,MUMBAI_POLICE_CCTNS,SRC_P_04084,1.0,CANONICAL_ID,True
PSI_04085,P_04181,MUMBAI_POLICE_CCTNS,SRC_P_04085,1.0,CANONICAL_ID,True
PSI_04086,P_04182,MUMBAI_POLICE_CCTNS,SRC_P_04086,1.0,CANONICAL_ID,True
PSI_04087,P_04183,MUMBAI_POLICE_CCTNS,SRC_P_04087,1.0,CANONICAL_ID,True
PSI_04088,P_04184,MUMBAI_POLICE_CCTNS,SRC_P_04088,1.0,CANONICAL_ID,True
PSI_04089,P_04185,MUMBAI_POLICE_CCTNS,SRC_P_04089,1.0,CANONICAL_ID,True
PSI_04090,P_04186,MUMBAI_POLICE_CCTNS,SRC_P_04090,1.0,CANONICAL_ID,True
PSI_04091,P_04187,MUMBAI_POLICE_CCTNS,SRC_P_04091,1.0,CANONICAL_ID,True
PSI_04092,P_04188,MUMBAI_POLICE_CCTNS,SRC_P_04092,1.0,CANONICAL_ID,True
PSI_04093,P_04189,MUMBAI_POLICE_CCTNS,SRC_P_04093,1.0,CANONICAL_ID,True
PSI_04094,P_04190,MUMBAI_POLICE_CCTNS,SRC_P_04094,1.0,CANONICAL_ID,True
PSI_04095,P_04191,MUMBAI_POLICE_CCTNS,SRC_P_04095,1.0,CANONICAL_ID,True
PSI_04096,P_04192,MUMBAI_POLICE_CCTNS,SRC_P_04096,1.0,CANONICAL_ID,True
PSI_04097,P_04193,MUMBAI_POLICE_CCTNS,SRC_P_04097,1.0,CANONICAL_ID,True
PSI_04098,P_04194,MUMBAI_POLICE_CCTNS,SRC_P_04098,1.0,CANONICAL_ID,True
PSI_04099,P_04195,MUMBAI_POLICE_CCTNS,SRC_P_04099,1.0,CANONICAL_ID,True
PSI_04100,P_04196,MUMBAI_POLICE_CCTNS,SRC_P_04100,1.0,CANONICAL_ID,True
PSI_04101,P_04197,MUMBAI_POLICE_CCTNS,SRC_P_04101,1.0,CANONICAL_ID,True
PSI_04102,P_04198,MUMBAI_POLICE_CCTNS,SRC_P_04102,1.0,CANONICAL_ID,True
PSI_04103,P_04199,MUMBAI_POLICE_CCTNS,SRC_P_04103,1.0,CANONICAL_ID,True
PSI_04104,P_04200,MUMBAI_POLICE_CCTNS,SRC_P_04104,1.0,CANONICAL_ID,True
PSI_04105,P_04201,MUMBAI_POLICE_CCTNS,SRC_P_04105,1.0,CANONICAL_ID,True
PSI_04106,P_04202,MUMBAI_POLICE_CCTNS,SRC_P_04106,1.0,CANONICAL_ID,True
PSI_04107,P_04203,MUMBAI_POLICE_CCTNS,SRC_P_04107,1.0,CANONICAL_ID,True
PSI_04108,P_04204,MUMBAI_POLICE_CCTNS,SRC_P_04108,1.0,CANONICAL_ID,True
PSI_04109,P_04205,MUMBAI_POLICE_CCTNS,SRC_P_04109,1.0,CANONICAL_ID,True
PSI_04110,P_04206,MUMBAI_POLICE_CCTNS,SRC_P_04110,1.0,CANONICAL_ID,True
PSI_04111,P_04207,MUMBAI_POLICE_CCTNS,SRC_P_04111,1.0,CANONICAL_ID,True
PSI_04112,P_04208,MUMBAI_POLICE_CCTNS,SRC_P_04112,1.0,CANONICAL_ID,True
PSI_04113,P_04209,MUMBAI_POLICE_CCTNS,SRC_P_04113,1.0,CANONICAL_ID,True
PSI_04114,P_04210,MUMBAI_POLICE_CCTNS,SRC_P_04114,1.0,CANONICAL_ID,True
PSI_04115,P_04211,MUMBAI_POLICE_CCTNS,SRC_P_04115,1.0,CANONICAL_ID,True
PSI_04116,P_04212,MUMBAI_POLICE_CCTNS,SRC_P_04116,1.0,CANONICAL_ID,True
PSI_04117,P_04213,MUMBAI_POLICE_CCTNS,SRC_P_04117,1.0,CANONICAL_ID,True
PSI_04118,P_04214,MUMBAI_POLICE_CCTNS,SRC_P_04118,1.0,CANONICAL_ID,True
PSI_04119,P_04215,MUMBAI_POLICE_CCTNS,SRC_P_04119,1.0,CANONICAL_ID,True
PSI_04120,P_04216,MUMBAI_POLICE_CCTNS,SRC_P_04120,1.0,CANONICAL_ID,True
PSI_04121,P_04217,MUMBAI_POLICE_CCTNS,SRC_P_04121,1.0,CANONICAL_ID,True
PSI_04122,P_04218,MUMBAI_POLICE_CCTNS,SRC_P_04122,1.0,CANONICAL_ID,True
PSI_04123,P_04219,MUMBAI_POLICE_CCTNS,SRC_P_04123,1.0,CANONICAL_ID,True
PSI_04124,P_04220,MUMBAI_POLICE_CCTNS,SRC_P_04124,1.0,CANONICAL_ID,True
PSI_04125,P_04221,MUMBAI_POLICE_CCTNS,SRC_P_04125,1.0,CANONICAL_ID,True
PSI_04126,P_04222,MUMBAI_POLICE_CCTNS,SRC_P_04126,1.0,CANONICAL_ID,True
PSI_04127,P_04223,MUMBAI_POLICE_CCTNS,SRC_P_04127,1.0,CANONICAL_ID,True
PSI_04128,P_04224,MUMBAI_POLICE_CCTNS,SRC_P_04128,1.0,CANONICAL_ID,True
PSI_04129,P_04225,MUMBAI_POLICE_CCTNS,SRC_P_04129,1.0,CANONICAL_ID,True
PSI_04130,P_04226,MUMBAI_POLICE_CCTNS,SRC_P_04130,1.0,CANONICAL_ID,True
PSI_04131,P_04227,MUMBAI_POLICE_CCTNS,SRC_P_04131,1.0,CANONICAL_ID,True
PSI_04132,P_04228,MUMBAI_POLICE_CCTNS,SRC_P_04132,1.0,CANONICAL_ID,True
PSI_04133,P_04229,MUMBAI_POLICE_CCTNS,SRC_P_04133,1.0,CANONICAL_ID,True
PSI_04134,P_04230,MUMBAI_POLICE_CCTNS,SRC_P_04134,1.0,CANONICAL_ID,True
PSI_04135,P_04231,MUMBAI_POLICE_CCTNS,SRC_P_04135,1.0,CANONICAL_ID,True
PSI_04136,P_04232,MUMBAI_POLICE_CCTNS,SRC_P_04136,1.0,CANONICAL_ID,True
PSI_04137,P_04233,MUMBAI_POLICE_CCTNS,SRC_P_04137,1.0,CANONICAL_ID,True
PSI_04138,P_04234,MUMBAI_POLICE_CCTNS,SRC_P_04138,1.0,CANONICAL_ID,True
PSI_04139,P_04235,MUMBAI_POLICE_CCTNS,SRC_P_04139,1.0,CANONICAL_ID,True
PSI_04140,P_04236,MUMBAI_POLICE_CCTNS,SRC_P_04140,1.0,CANONICAL_ID,True
PSI_04141,P_04237,MUMBAI_POLICE_CCTNS,SRC_P_04141,1.0,CANONICAL_ID,True
PSI_04142,P_04238,MUMBAI_POLICE_CCTNS,SRC_P_04142,1.0,CANONICAL_ID,True
PSI_04143,P_04239,MUMBAI_POLICE_CCTNS,SRC_P_04143,1.0,CANONICAL_ID,True
PSI_04144,P_04240,MUMBAI_POLICE_CCTNS,SRC_P_04144,1.0,CANONICAL_ID,True
PSI_04145,P_04241,MUMBAI_POLICE_CCTNS,SRC_P_04145,1.0,CANONICAL_ID,True
PSI_04146,P_04242,MUMBAI_POLICE_CCTNS,SRC_P_04146,1.0,CANONICAL_ID,True
PSI_04147,P_04243,MUMBAI_POLICE_CCTNS,SRC_P_04147,1.0,CANONICAL_ID,True
PSI_04148,P_04244,MUMBAI_POLICE_CCTNS,SRC_P_04148,1.0,CANONICAL_ID,True
PSI_04149,P_04245,MUMBAI_POLICE_CCTNS,SRC_P_04149,1.0,CANONICAL_ID,True
PSI_04150,P_04246,MUMBAI_POLICE_CCTNS,SRC_P_04150,1.0,CANONICAL_ID,True
PSI_04151,P_04247,MUMBAI_POLICE_CCTNS,SRC_P_04151,1.0,CANONICAL_ID,True
PSI_04152,P_04248,MUMBAI_POLICE_CCTNS,SRC_P_04152,1.0,CANONICAL_ID,True
PSI_04153,P_04249,MUMBAI_POLICE_CCTNS,SRC_P_04153,1.0,CANONICAL_ID,True
PSI_04154,P_04250,MUMBAI_POLICE_CCTNS,SRC_P_04154,1.0,CANONICAL_ID,True
PSI_04155,P_04251,MUMBAI_POLICE_CCTNS,SRC_P_04155,1.0,CANONICAL_ID,True
PSI_04156,P_04252,MUMBAI_POLICE_CCTNS,SRC_P_04156,1.0,CANONICAL_ID,True
PSI_04157,P_04253,MUMBAI_POLICE_CCTNS,SRC_P_04157,1.0,CANONICAL_ID,True
PSI_04158,P_04254,MUMBAI_POLICE_CCTNS,SRC_P_04158,1.0,CANONICAL_ID,True
PSI_04159,P_04255,MUMBAI_POLICE_CCTNS,SRC_P_04159,1.0,CANONICAL_ID,True
PSI_04160,P_04256,MUMBAI_POLICE_CCTNS,SRC_P_04160,1.0,CANONICAL_ID,True
PSI_04161,P_04257,MUMBAI_POLICE_CCTNS,SRC_P_04161,1.0,CANONICAL_ID,True
PSI_04162,P_04258,MUMBAI_POLICE_CCTNS,SRC_P_04162,1.0,CANONICAL_ID,True
PSI_04163,P_04259,MUMBAI_POLICE_CCTNS,SRC_P_04163,1.0,CANONICAL_ID,True
PSI_04164,P_04260,MUMBAI_POLICE_CCTNS,SRC_P_04164,1.0,CANONICAL_ID,True
PSI_04165,P_04261,MUMBAI_POLICE_CCTNS,SRC_P_04165,1.0,CANONICAL_ID,True
PSI_04166,P_04262,MUMBAI_POLICE_CCTNS,SRC_P_04166,1.0,CANONICAL_ID,True
PSI_04167,P_04263,MUMBAI_POLICE_CCTNS,SRC_P_04167,1.0,CANONICAL_ID,True
PSI_04168,P_04264,MUMBAI_POLICE_CCTNS,SRC_P_04168,1.0,CANONICAL_ID,True
PSI_04169,P_04265,MUMBAI_POLICE_CCTNS,SRC_P_04169,1.0,CANONICAL_ID,True
PSI_04170,P_04266,MUMBAI_POLICE_CCTNS,SRC_P_04170,1.0,CANONICAL_ID,True
PSI_04171,P_04267,MUMBAI_POLICE_CCTNS,SRC_P_04171,1.0,CANONICAL_ID,True
PSI_04172,P_04268,MUMBAI_POLICE_CCTNS,SRC_P_04172,1.0,CANONICAL_ID,True
PSI_04173,P_04269,MUMBAI_POLICE_CCTNS,SRC_P_04173,1.0,CANONICAL_ID,True
PSI_04174,P_04270,MUMBAI_POLICE_CCTNS,SRC_P_04174,1.0,CANONICAL_ID,True
PSI_04175,P_04271,MUMBAI_POLICE_CCTNS,SRC_P_04175,1.0,CANONICAL_ID,True
PSI_04176,P_04272,MUMBAI_POLICE_CCTNS,SRC_P_04176,1.0,CANONICAL_ID,True
PSI_04177,P_04273,MUMBAI_POLICE_CCTNS,SRC_P_04177,1.0,CANONICAL_ID,True
PSI_04178,P_04274,MUMBAI_POLICE_CCTNS,SRC_P_04178,1.0,CANONICAL_ID,True
PSI_04179,P_04275,MUMBAI_POLICE_CCTNS,SRC_P_04179,1.0,CANONICAL_ID,True
PSI_04180,P_04276,MUMBAI_POLICE_CCTNS,SRC_P_04180,1.0,CANONICAL_ID,True
PSI_04181,P_04277,MUMBAI_POLICE_CCTNS,SRC_P_04181,1.0,CANONICAL_ID,True
PSI_04182,P_04278,MUMBAI_POLICE_CCTNS,SRC_P_04182,1.0,CANONICAL_ID,True
PSI_04183,P_04279,MUMBAI_POLICE_CCTNS,SRC_P_04183,1.0,CANONICAL_ID,True
PSI_04184,P_04280,MUMBAI_POLICE_CCTNS,SRC_P_04184,1.0,CANONICAL_ID,True
PSI_04185,P_04281,MUMBAI_POLICE_CCTNS,SRC_P_04185,1.0,CANONICAL_ID,True
PSI_04186,P_04282,MUMBAI_POLICE_CCTNS,SRC_P_04186,1.0,CANONICAL_ID,True
PSI_04187,P_04283,MUMBAI_POLICE_CCTNS,SRC_P_04187,1.0,CANONICAL_ID,True
PSI_04188,P_04284,MUMBAI_POLICE_CCTNS,SRC_P_04188,1.0,CANONICAL_ID,True
PSI_04189,P_04285,MUMBAI_POLICE_CCTNS,SRC_P_04189,1.0,CANONICAL_ID,True
PSI_04190,P_04286,MUMBAI_POLICE_CCTNS,SRC_P_04190,1.0,CANONICAL_ID,True
PSI_04191,P_04287,MUMBAI_POLICE_CCTNS,SRC_P_04191,1.0,CANONICAL_ID,True
PSI_04192,P_04288,MUMBAI_POLICE_CCTNS,SRC_P_04192,1.0,CANONICAL_ID,True
PSI_04193,P_04289,MUMBAI_POLICE_CCTNS,SRC_P_04193,1.0,CANONICAL_ID,True
PSI_04194,P_04290,MUMBAI_POLICE_CCTNS,SRC_P_04194,1.0,CANONICAL_ID,True
PSI_04195,P_04291,MUMBAI_POLICE_CCTNS,SRC_P_04195,1.0,CANONICAL_ID,True
PSI_04196,P_04292,MUMBAI_POLICE_CCTNS,SRC_P_04196,1.0,CANONICAL_ID,True
PSI_04197,P_04293,MUMBAI_POLICE_CCTNS,SRC_P_04197,1.0,CANONICAL_ID,True
PSI_04198,P_04294,MUMBAI_POLICE_CCTNS,SRC_P_04198,1.0,CANONICAL_ID,True
PSI_04199,P_04295,MUMBAI_POLICE_CCTNS,SRC_P_04199,1.0,CANONICAL_ID,True
PSI_04200,P_04296,MUMBAI_POLICE_CCTNS,SRC_P_04200,1.0,CANONICAL_ID,True
PSI_04201,P_04297,MUMBAI_POLICE_CCTNS,SRC_P_04201,1.0,CANONICAL_ID,True
PSI_04202,P_04298,MUMBAI_POLICE_CCTNS,SRC_P_04202,1.0,CANONICAL_ID,True
PSI_04203,P_04299,MUMBAI_POLICE_CCTNS,SRC_P_04203,1.0,CANONICAL_ID,True
PSI_04204,P_04300,MUMBAI_POLICE_CCTNS,SRC_P_04204,1.0,CANONICAL_ID,True
PSI_04205,P_04301,MUMBAI_POLICE_CCTNS,SRC_P_04205,1.0,CANONICAL_ID,True
PSI_04206,P_04302,MUMBAI_POLICE_CCTNS,SRC_P_04206,1.0,CANONICAL_ID,True
PSI_04207,P_04303,MUMBAI_POLICE_CCTNS,SRC_P_04207,1.0,CANONICAL_ID,True
PSI_04208,P_04304,MUMBAI_POLICE_CCTNS,SRC_P_04208,1.0,CANONICAL_ID,True
PSI_04209,P_04305,MUMBAI_POLICE_CCTNS,SRC_P_04209,1.0,CANONICAL_ID,True
PSI_04210,P_04306,MUMBAI_POLICE_CCTNS,SRC_P_04210,1.0,CANONICAL_ID,True
PSI_04211,P_04307,MUMBAI_POLICE_CCTNS,SRC_P_04211,1.0,CANONICAL_ID,True
PSI_04212,P_04308,MUMBAI_POLICE_CCTNS,SRC_P_04212,1.0,CANONICAL_ID,True
PSI_04213,P_04309,MUMBAI_POLICE_CCTNS,SRC_P_04213,1.0,CANONICAL_ID,True
PSI_04214,P_04310,MUMBAI_POLICE_CCTNS,SRC_P_04214,1.0,CANONICAL_ID,True
PSI_04215,P_04311,MUMBAI_POLICE_CCTNS,SRC_P_04215,1.0,CANONICAL_ID,True
PSI_04216,P_04312,MUMBAI_POLICE_CCTNS,SRC_P_04216,1.0,CANONICAL_ID,True
PSI_04217,P_04313,MUMBAI_POLICE_CCTNS,SRC_P_04217,1.0,CANONICAL_ID,True
PSI_04218,P_04314,MUMBAI_POLICE_CCTNS,SRC_P_04218,1.0,CANONICAL_ID,True
PSI_04219,P_04315,MUMBAI_POLICE_CCTNS,SRC_P_04219,1.0,CANONICAL_ID,True
PSI_04220,P_04316,MUMBAI_POLICE_CCTNS,SRC_P_04220,1.0,CANONICAL_ID,True
PSI_04221,P_04317,MUMBAI_POLICE_CCTNS,SRC_P_04221,1.0,CANONICAL_ID,True
PSI_04222,P_04318,MUMBAI_POLICE_CCTNS,SRC_P_04222,1.0,CANONICAL_ID,True
PSI_04223,P_04319,MUMBAI_POLICE_CCTNS,SRC_P_04223,1.0,CANONICAL_ID,True
PSI_04224,P_04320,MUMBAI_POLICE_CCTNS,SRC_P_04224,1.0,CANONICAL_ID,True
PSI_04225,P_04321,MUMBAI_POLICE_CCTNS,SRC_P_04225,1.0,CANONICAL_ID,True
PSI_04226,P_04322,MUMBAI_POLICE_CCTNS,SRC_P_04226,1.0,CANONICAL_ID,True
PSI_04227,P_04323,MUMBAI_POLICE_CCTNS,SRC_P_04227,1.0,CANONICAL_ID,True
PSI_04228,P_04324,MUMBAI_POLICE_CCTNS,SRC_P_04228,1.0,CANONICAL_ID,True
PSI_04229,P_04325,MUMBAI_POLICE_CCTNS,SRC_P_04229,1.0,CANONICAL_ID,True
PSI_04230,P_04326,MUMBAI_POLICE_CCTNS,SRC_P_04230,1.0,CANONICAL_ID,True
PSI_04231,P_04327,MUMBAI_POLICE_CCTNS,SRC_P_04231,1.0,CANONICAL_ID,True
PSI_04232,P_04328,MUMBAI_POLICE_CCTNS,SRC_P_04232,1.0,CANONICAL_ID,True
PSI_04233,P_04329,MUMBAI_POLICE_CCTNS,SRC_P_04233,1.0,CANONICAL_ID,True
PSI_04234,P_04330,MUMBAI_POLICE_CCTNS,SRC_P_04234,1.0,CANONICAL_ID,True
PSI_04235,P_04331,MUMBAI_POLICE_CCTNS,SRC_P_04235,1.0,CANONICAL_ID,True
PSI_04236,P_04332,MUMBAI_POLICE_CCTNS,SRC_P_04236,1.0,CANONICAL_ID,True
PSI_04237,P_04333,MUMBAI_POLICE_CCTNS,SRC_P_04237,1.0,CANONICAL_ID,True
PSI_04238,P_04334,MUMBAI_POLICE_CCTNS,SRC_P_04238,1.0,CANONICAL_ID,True
PSI_04239,P_04335,MUMBAI_POLICE_CCTNS,SRC_P_04239,1.0,CANONICAL_ID,True
PSI_04240,P_04336,MUMBAI_POLICE_CCTNS,SRC_P_04240,1.0,CANONICAL_ID,True
PSI_04241,P_04337,MUMBAI_POLICE_CCTNS,SRC_P_04241,1.0,CANONICAL_ID,True
PSI_04242,P_04338,MUMBAI_POLICE_CCTNS,SRC_P_04242,1.0,CANONICAL_ID,True
PSI_04243,P_04339,MUMBAI_POLICE_CCTNS,SRC_P_04243,1.0,CANONICAL_ID,True
PSI_04244,P_04340,MUMBAI_POLICE_CCTNS,SRC_P_04244,1.0,CANONICAL_ID,True
PSI_04245,P_04341,MUMBAI_POLICE_CCTNS,SRC_P_04245,1.0,CANONICAL_ID,True
PSI_04246,P_04342,MUMBAI_POLICE_CCTNS,SRC_P_04246,1.0,CANONICAL_ID,True
PSI_04247,P_04343,MUMBAI_POLICE_CCTNS,SRC_P_04247,1.0,CANONICAL_ID,True
PSI_04248,P_04344,MUMBAI_POLICE_CCTNS,SRC_P_04248,1.0,CANONICAL_ID,True
PSI_04249,P_04345,MUMBAI_POLICE_CCTNS,SRC_P_04249,1.0,CANONICAL_ID,True
PSI_04250,P_04346,MUMBAI_POLICE_CCTNS,SRC_P_04250,1.0,CANONICAL_ID,True
PSI_04251,P_04347,MUMBAI_POLICE_CCTNS,SRC_P_04251,1.0,CANONICAL_ID,True
PSI_04252,P_04348,MUMBAI_POLICE_CCTNS,SRC_P_04252,1.0,CANONICAL_ID,True
PSI_04253,P_04349,MUMBAI_POLICE_CCTNS,SRC_P_04253,1.0,CANONICAL_ID,True
PSI_04254,P_04350,MUMBAI_POLICE_CCTNS,SRC_P_04254,1.0,CANONICAL_ID,True
PSI_04255,P_04351,MUMBAI_POLICE_CCTNS,SRC_P_04255,1.0,CANONICAL_ID,True
PSI_04256,P_04352,MUMBAI_POLICE_CCTNS,SRC_P_04256,1.0,CANONICAL_ID,True
PSI_04257,P_04353,MUMBAI_POLICE_CCTNS,SRC_P_04257,1.0,CANONICAL_ID,True
PSI_04258,P_04354,MUMBAI_POLICE_CCTNS,SRC_P_04258,1.0,CANONICAL_ID,True
PSI_04259,P_04355,MUMBAI_POLICE_CCTNS,SRC_P_04259,1.0,CANONICAL_ID,True
PSI_04260,P_04356,MUMBAI_POLICE_CCTNS,SRC_P_04260,1.0,CANONICAL_ID,True
PSI_04261,P_04357,MUMBAI_POLICE_CCTNS,SRC_P_04261,1.0,CANONICAL_ID,True
PSI_04262,P_04358,MUMBAI_POLICE_CCTNS,SRC_P_04262,1.0,CANONICAL_ID,True
PSI_04263,P_04359,MUMBAI_POLICE_CCTNS,SRC_P_04263,1.0,CANONICAL_ID,True
PSI_04264,P_04360,MUMBAI_POLICE_CCTNS,SRC_P_04264,1.0,CANONICAL_ID,True
PSI_04265,P_04361,MUMBAI_POLICE_CCTNS,SRC_P_04265,1.0,CANONICAL_ID,True
PSI_04266,P_04362,MUMBAI_POLICE_CCTNS,SRC_P_04266,1.0,CANONICAL_ID,True
PSI_04267,P_04363,MUMBAI_POLICE_CCTNS,SRC_P_04267,1.0,CANONICAL_ID,True
PSI_04268,P_04364,MUMBAI_POLICE_CCTNS,SRC_P_04268,1.0,CANONICAL_ID,True
PSI_04269,P_04365,MUMBAI_POLICE_CCTNS,SRC_P_04269,1.0,CANONICAL_ID,True
PSI_04270,P_04366,MUMBAI_POLICE_CCTNS,SRC_P_04270,1.0,CANONICAL_ID,True
PSI_04271,P_04367,MUMBAI_POLICE_CCTNS,SRC_P_04271,1.0,CANONICAL_ID,True
PSI_04272,P_04368,MUMBAI_POLICE_CCTNS,SRC_P_04272,1.0,CANONICAL_ID,True
PSI_04273,P_04369,MUMBAI_POLICE_CCTNS,SRC_P_04273,1.0,CANONICAL_ID,True
PSI_04274,P_04370,MUMBAI_POLICE_CCTNS,SRC_P_04274,1.0,CANONICAL_ID,True
PSI_04275,P_04371,MUMBAI_POLICE_CCTNS,SRC_P_04275,1.0,CANONICAL_ID,True
PSI_04276,P_04372,MUMBAI_POLICE_CCTNS,SRC_P_04276,1.0,CANONICAL_ID,True
PSI_04277,P_04373,MUMBAI_POLICE_CCTNS,SRC_P_04277,1.0,CANONICAL_ID,True
PSI_04278,P_04374,MUMBAI_POLICE_CCTNS,SRC_P_04278,1.0,CANONICAL_ID,True
PSI_04279,P_04375,MUMBAI_POLICE_CCTNS,SRC_P_04279,1.0,CANONICAL_ID,True
PSI_04280,P_04376,MUMBAI_POLICE_CCTNS,SRC_P_04280,1.0,CANONICAL_ID,True
PSI_04281,P_04377,MUMBAI_POLICE_CCTNS,SRC_P_04281,1.0,CANONICAL_ID,True
PSI_04282,P_04378,MUMBAI_POLICE_CCTNS,SRC_P_04282,1.0,CANONICAL_ID,True
PSI_04283,P_04379,MUMBAI_POLICE_CCTNS,SRC_P_04283,1.0,CANONICAL_ID,True
PSI_04284,P_04380,MUMBAI_POLICE_CCTNS,SRC_P_04284,1.0,CANONICAL_ID,True
PSI_04285,P_04381,MUMBAI_POLICE_CCTNS,SRC_P_04285,1.0,CANONICAL_ID,True
PSI_04286,P_04382,MUMBAI_POLICE_CCTNS,SRC_P_04286,1.0,CANONICAL_ID,True
PSI_04287,P_04383,MUMBAI_POLICE_CCTNS,SRC_P_04287,1.0,CANONICAL_ID,True
PSI_04288,P_04384,MUMBAI_POLICE_CCTNS,SRC_P_04288,1.0,CANONICAL_ID,True
PSI_04289,P_04385,MUMBAI_POLICE_CCTNS,SRC_P_04289,1.0,CANONICAL_ID,True
PSI_04290,P_04386,MUMBAI_POLICE_CCTNS,SRC_P_04290,1.0,CANONICAL_ID,True
PSI_04291,P_04387,MUMBAI_POLICE_CCTNS,SRC_P_04291,1.0,CANONICAL_ID,True
PSI_04292,P_04388,MUMBAI_POLICE_CCTNS,SRC_P_04292,1.0,CANONICAL_ID,True
PSI_04293,P_04389,MUMBAI_POLICE_CCTNS,SRC_P_04293,1.0,CANONICAL_ID,True
PSI_04294,P_04390,MUMBAI_POLICE_CCTNS,SRC_P_04294,1.0,CANONICAL_ID,True
PSI_04295,P_04391,MUMBAI_POLICE_CCTNS,SRC_P_04295,1.0,CANONICAL_ID,True
PSI_04296,P_04392,MUMBAI_POLICE_CCTNS,SRC_P_04296,1.0,CANONICAL_ID,True
PSI_04297,P_04393,MUMBAI_POLICE_CCTNS,SRC_P_04297,1.0,CANONICAL_ID,True
PSI_04298,P_04394,MUMBAI_POLICE_CCTNS,SRC_P_04298,1.0,CANONICAL_ID,True
PSI_04299,P_04395,MUMBAI_POLICE_CCTNS,SRC_P_04299,1.0,CANONICAL_ID,True
PSI_04300,P_04396,MUMBAI_POLICE_CCTNS,SRC_P_04300,1.0,CANONICAL_ID,True
PSI_04301,P_04397,MUMBAI_POLICE_CCTNS,SRC_P_04301,1.0,CANONICAL_ID,True
PSI_04302,P_04398,MUMBAI_POLICE_CCTNS,SRC_P_04302,1.0,CANONICAL_ID,True
PSI_04303,P_04399,MUMBAI_POLICE_CCTNS,SRC_P_04303,1.0,CANONICAL_ID,True
PSI_04304,P_04400,MUMBAI_POLICE_CCTNS,SRC_P_04304,1.0,CANONICAL_ID,True
PSI_04305,P_04401,MUMBAI_POLICE_CCTNS,SRC_P_04305,1.0,CANONICAL_ID,True
PSI_04306,P_04402,MUMBAI_POLICE_CCTNS,SRC_P_04306,1.0,CANONICAL_ID,True
PSI_04307,P_04403,MUMBAI_POLICE_CCTNS,SRC_P_04307,1.0,CANONICAL_ID,True
PSI_04308,P_04404,MUMBAI_POLICE_CCTNS,SRC_P_04308,1.0,CANONICAL_ID,True
PSI_04309,P_04405,MUMBAI_POLICE_CCTNS,SRC_P_04309,1.0,CANONICAL_ID,True
PSI_04310,P_04406,MUMBAI_POLICE_CCTNS,SRC_P_04310,1.0,CANONICAL_ID,True
PSI_04311,P_04407,MUMBAI_POLICE_CCTNS,SRC_P_04311,1.0,CANONICAL_ID,True
PSI_04312,P_04408,MUMBAI_POLICE_CCTNS,SRC_P_04312,1.0,CANONICAL_ID,True
PSI_04313,P_04409,MUMBAI_POLICE_CCTNS,SRC_P_04313,1.0,CANONICAL_ID,True
PSI_04314,P_04410,MUMBAI_POLICE_CCTNS,SRC_P_04314,1.0,CANONICAL_ID,True
PSI_04315,P_04411,MUMBAI_POLICE_CCTNS,SRC_P_04315,1.0,CANONICAL_ID,True
PSI_04316,P_04412,MUMBAI_POLICE_CCTNS,SRC_P_04316,1.0,CANONICAL_ID,True
PSI_04317,P_04413,MUMBAI_POLICE_CCTNS,SRC_P_04317,1.0,CANONICAL_ID,True
PSI_04318,P_04414,MUMBAI_POLICE_CCTNS,SRC_P_04318,1.0,CANONICAL_ID,True
PSI_04319,P_04415,MUMBAI_POLICE_CCTNS,SRC_P_04319,1.0,CANONICAL_ID,True
PSI_04320,P_04416,MUMBAI_POLICE_CCTNS,SRC_P_04320,1.0,CANONICAL_ID,True
PSI_04321,P_04417,MUMBAI_POLICE_CCTNS,SRC_P_04321,1.0,CANONICAL_ID,True
PSI_04322,P_04418,MUMBAI_POLICE_CCTNS,SRC_P_04322,1.0,CANONICAL_ID,True
PSI_04323,P_04419,MUMBAI_POLICE_CCTNS,SRC_P_04323,1.0,CANONICAL_ID,True
PSI_04324,P_04420,MUMBAI_POLICE_CCTNS,SRC_P_04324,1.0,CANONICAL_ID,True
PSI_04325,P_04421,MUMBAI_POLICE_CCTNS,SRC_P_04325,1.0,CANONICAL_ID,True
PSI_04326,P_04422,MUMBAI_POLICE_CCTNS,SRC_P_04326,1.0,CANONICAL_ID,True
PSI_04327,P_04423,MUMBAI_POLICE_CCTNS,SRC_P_04327,1.0,CANONICAL_ID,True
PSI_04328,P_04424,MUMBAI_POLICE_CCTNS,SRC_P_04328,1.0,CANONICAL_ID,True
PSI_04329,P_04425,MUMBAI_POLICE_CCTNS,SRC_P_04329,1.0,CANONICAL_ID,True
PSI_04330,P_04426,MUMBAI_POLICE_CCTNS,SRC_P_04330,1.0,CANONICAL_ID,True
PSI_04331,P_04427,MUMBAI_POLICE_CCTNS,SRC_P_04331,1.0,CANONICAL_ID,True
PSI_04332,P_04428,MUMBAI_POLICE_CCTNS,SRC_P_04332,1.0,CANONICAL_ID,True
PSI_04333,P_04429,MUMBAI_POLICE_CCTNS,SRC_P_04333,1.0,CANONICAL_ID,True
PSI_04334,P_04430,MUMBAI_POLICE_CCTNS,SRC_P_04334,1.0,CANONICAL_ID,True
PSI_04335,P_04431,MUMBAI_POLICE_CCTNS,SRC_P_04335,1.0,CANONICAL_ID,True
PSI_04336,P_04432,MUMBAI_POLICE_CCTNS,SRC_P_04336,1.0,CANONICAL_ID,True
PSI_04337,P_04433,MUMBAI_POLICE_CCTNS,SRC_P_04337,1.0,CANONICAL_ID,True
PSI_04338,P_04434,MUMBAI_POLICE_CCTNS,SRC_P_04338,1.0,CANONICAL_ID,True
PSI_04339,P_04435,MUMBAI_POLICE_CCTNS,SRC_P_04339,1.0,CANONICAL_ID,True
PSI_04340,P_04436,MUMBAI_POLICE_CCTNS,SRC_P_04340,1.0,CANONICAL_ID,True
PSI_04341,P_04437,MUMBAI_POLICE_CCTNS,SRC_P_04341,1.0,CANONICAL_ID,True
PSI_04342,P_04438,MUMBAI_POLICE_CCTNS,SRC_P_04342,1.0,CANONICAL_ID,True
PSI_04343,P_04439,MUMBAI_POLICE_CCTNS,SRC_P_04343,1.0,CANONICAL_ID,True
PSI_04344,P_04440,MUMBAI_POLICE_CCTNS,SRC_P_04344,1.0,CANONICAL_ID,True
PSI_04345,P_04441,MUMBAI_POLICE_CCTNS,SRC_P_04345,1.0,CANONICAL_ID,True
PSI_04346,P_04442,MUMBAI_POLICE_CCTNS,SRC_P_04346,1.0,CANONICAL_ID,True
PSI_04347,P_04443,MUMBAI_POLICE_CCTNS,SRC_P_04347,1.0,CANONICAL_ID,True
PSI_04348,P_04444,MUMBAI_POLICE_CCTNS,SRC_P_04348,1.0,CANONICAL_ID,True
PSI_04349,P_04445,MUMBAI_POLICE_CCTNS,SRC_P_04349,1.0,CANONICAL_ID,True
PSI_04350,P_04446,MUMBAI_POLICE_CCTNS,SRC_P_04350,1.0,CANONICAL_ID,True
PSI_04351,P_04447,MUMBAI_POLICE_CCTNS,SRC_P_04351,1.0,CANONICAL_ID,True
PSI_04352,P_04448,MUMBAI_POLICE_CCTNS,SRC_P_04352,1.0,CANONICAL_ID,True
PSI_04353,P_04449,MUMBAI_POLICE_CCTNS,SRC_P_04353,1.0,CANONICAL_ID,True
PSI_04354,P_04450,MUMBAI_POLICE_CCTNS,SRC_P_04354,1.0,CANONICAL_ID,True
PSI_04355,P_04451,MUMBAI_POLICE_CCTNS,SRC_P_04355,1.0,CANONICAL_ID,True
PSI_04356,P_04452,MUMBAI_POLICE_CCTNS,SRC_P_04356,1.0,CANONICAL_ID,True
PSI_04357,P_04453,MUMBAI_POLICE_CCTNS,SRC_P_04357,1.0,CANONICAL_ID,True
PSI_04358,P_04454,MUMBAI_POLICE_CCTNS,SRC_P_04358,1.0,CANONICAL_ID,True
PSI_04359,P_04455,MUMBAI_POLICE_CCTNS,SRC_P_04359,1.0,CANONICAL_ID,True
PSI_04360,P_04456,MUMBAI_POLICE_CCTNS,SRC_P_04360,1.0,CANONICAL_ID,True
PSI_04361,P_04457,MUMBAI_POLICE_CCTNS,SRC_P_04361,1.0,CANONICAL_ID,True
PSI_04362,P_04458,MUMBAI_POLICE_CCTNS,SRC_P_04362,1.0,CANONICAL_ID,True
PSI_04363,P_04459,MUMBAI_POLICE_CCTNS,SRC_P_04363,1.0,CANONICAL_ID,True
PSI_04364,P_04460,MUMBAI_POLICE_CCTNS,SRC_P_04364,1.0,CANONICAL_ID,True
PSI_04365,P_04461,MUMBAI_POLICE_CCTNS,SRC_P_04365,1.0,CANONICAL_ID,True
PSI_04366,P_04462,MUMBAI_POLICE_CCTNS,SRC_P_04366,1.0,CANONICAL_ID,True
PSI_04367,P_04463,MUMBAI_POLICE_CCTNS,SRC_P_04367,1.0,CANONICAL_ID,True
PSI_04368,P_04464,MUMBAI_POLICE_CCTNS,SRC_P_04368,1.0,CANONICAL_ID,True
PSI_04369,P_04465,MUMBAI_POLICE_CCTNS,SRC_P_04369,1.0,CANONICAL_ID,True
PSI_04370,P_04466,MUMBAI_POLICE_CCTNS,SRC_P_04370,1.0,CANONICAL_ID,True
PSI_04371,P_04467,MUMBAI_POLICE_CCTNS,SRC_P_04371,1.0,CANONICAL_ID,True
PSI_04372,P_04468,MUMBAI_POLICE_CCTNS,SRC_P_04372,1.0,CANONICAL_ID,True
PSI_04373,P_04469,MUMBAI_POLICE_CCTNS,SRC_P_04373,1.0,CANONICAL_ID,True
PSI_04374,P_04470,MUMBAI_POLICE_CCTNS,SRC_P_04374,1.0,CANONICAL_ID,True
PSI_04375,P_04471,MUMBAI_POLICE_CCTNS,SRC_P_04375,1.0,CANONICAL_ID,True
PSI_04376,P_04472,MUMBAI_POLICE_CCTNS,SRC_P_04376,1.0,CANONICAL_ID,True
PSI_04377,P_04473,MUMBAI_POLICE_CCTNS,SRC_P_04377,1.0,CANONICAL_ID,True
PSI_04378,P_04474,MUMBAI_POLICE_CCTNS,SRC_P_04378,1.0,CANONICAL_ID,True
PSI_04379,P_04475,MUMBAI_POLICE_CCTNS,SRC_P_04379,1.0,CANONICAL_ID,True
PSI_04380,P_04476,MUMBAI_POLICE_CCTNS,SRC_P_04380,1.0,CANONICAL_ID,True
PSI_04381,P_04477,MUMBAI_POLICE_CCTNS,SRC_P_04381,1.0,CANONICAL_ID,True
PSI_04382,P_04478,MUMBAI_POLICE_CCTNS,SRC_P_04382,1.0,CANONICAL_ID,True
PSI_04383,P_04479,MUMBAI_POLICE_CCTNS,SRC_P_04383,1.0,CANONICAL_ID,True
PSI_04384,P_04480,MUMBAI_POLICE_CCTNS,SRC_P_04384,1.0,CANONICAL_ID,True
PSI_04385,P_04481,MUMBAI_POLICE_CCTNS,SRC_P_04385,1.0,CANONICAL_ID,True
PSI_04386,P_04482,MUMBAI_POLICE_CCTNS,SRC_P_04386,1.0,CANONICAL_ID,True
PSI_04387,P_04483,MUMBAI_POLICE_CCTNS,SRC_P_04387,1.0,CANONICAL_ID,True
PSI_04388,P_04484,MUMBAI_POLICE_CCTNS,SRC_P_04388,1.0,CANONICAL_ID,True
PSI_04389,P_04485,MUMBAI_POLICE_CCTNS,SRC_P_04389,1.0,CANONICAL_ID,True
PSI_04390,P_04486,MUMBAI_POLICE_CCTNS,SRC_P_04390,1.0,CANONICAL_ID,True
PSI_04391,P_04487,MUMBAI_POLICE_CCTNS,SRC_P_04391,1.0,CANONICAL_ID,True
PSI_04392,P_04488,MUMBAI_POLICE_CCTNS,SRC_P_04392,1.0,CANONICAL_ID,True
PSI_04393,P_04489,MUMBAI_POLICE_CCTNS,SRC_P_04393,1.0,CANONICAL_ID,True
PSI_04394,P_04490,MUMBAI_POLICE_CCTNS,SRC_P_04394,1.0,CANONICAL_ID,True
PSI_04395,P_04491,MUMBAI_POLICE_CCTNS,SRC_P_04395,1.0,CANONICAL_ID,True
PSI_04396,P_04492,MUMBAI_POLICE_CCTNS,SRC_P_04396,1.0,CANONICAL_ID,True
PSI_04397,P_04493,MUMBAI_POLICE_CCTNS,SRC_P_04397,1.0,CANONICAL_ID,True
PSI_04398,P_04494,MUMBAI_POLICE_CCTNS,SRC_P_04398,1.0,CANONICAL_ID,True
PSI_04399,P_04495,MUMBAI_POLICE_CCTNS,SRC_P_04399,1.0,CANONICAL_ID,True
PSI_04400,P_04496,MUMBAI_POLICE_CCTNS,SRC_P_04400,1.0,CANONICAL_ID,True
PSI_04401,P_04497,MUMBAI_POLICE_CCTNS,SRC_P_04401,1.0,CANONICAL_ID,True
PSI_04402,P_04498,MUMBAI_POLICE_CCTNS,SRC_P_04402,1.0,CANONICAL_ID,True
PSI_04403,P_04499,MUMBAI_POLICE_CCTNS,SRC_P_04403,1.0,CANONICAL_ID,True
PSI_04404,P_04500,MUMBAI_POLICE_CCTNS,SRC_P_04404,1.0,CANONICAL_ID,True
PSI_04405,P_04001,MUMBAI_POLICE_CCTNS,SRC_P_04405,1.0,CANONICAL_ID,True
PSI_04406,P_04002,MUMBAI_POLICE_CCTNS,SRC_P_04406,1.0,CANONICAL_ID,True
PSI_04407,P_04003,MUMBAI_POLICE_CCTNS,SRC_P_04407,1.0,CANONICAL_ID,True
PSI_04408,P_04004,MUMBAI_POLICE_CCTNS,SRC_P_04408,1.0,CANONICAL_ID,True
PSI_04409,P_04005,MUMBAI_POLICE_CCTNS,SRC_P_04409,1.0,CANONICAL_ID,True
PSI_04410,P_04006,MUMBAI_POLICE_CCTNS,SRC_P_04410,1.0,CANONICAL_ID,True
PSI_04411,P_04007,MUMBAI_POLICE_CCTNS,SRC_P_04411,1.0,CANONICAL_ID,True
PSI_04412,P_04008,MUMBAI_POLICE_CCTNS,SRC_P_04412,1.0,CANONICAL_ID,True
PSI_04413,P_04009,MUMBAI_POLICE_CCTNS,SRC_P_04413,1.0,CANONICAL_ID,True
PSI_04414,P_04010,MUMBAI_POLICE_CCTNS,SRC_P_04414,1.0,CANONICAL_ID,True
PSI_04415,P_04011,MUMBAI_POLICE_CCTNS,SRC_P_04415,1.0,CANONICAL_ID,True
PSI_04416,P_04012,MUMBAI_POLICE_CCTNS,SRC_P_04416,1.0,CANONICAL_ID,True
PSI_04417,P_04013,MUMBAI_POLICE_CCTNS,SRC_P_04417,1.0,CANONICAL_ID,True
PSI_04418,P_04014,MUMBAI_POLICE_CCTNS,SRC_P_04418,1.0,CANONICAL_ID,True
PSI_04419,P_04015,MUMBAI_POLICE_CCTNS,SRC_P_04419,1.0,CANONICAL_ID,True
PSI_04420,P_04016,MUMBAI_POLICE_CCTNS,SRC_P_04420,1.0,CANONICAL_ID,True
PSI_04421,P_04017,MUMBAI_POLICE_CCTNS,SRC_P_04421,1.0,CANONICAL_ID,True
PSI_04422,P_04018,MUMBAI_POLICE_CCTNS,SRC_P_04422,1.0,CANONICAL_ID,True
PSI_04423,P_04019,MUMBAI_POLICE_CCTNS,SRC_P_04423,1.0,CANONICAL_ID,True
PSI_04424,P_04020,MUMBAI_POLICE_CCTNS,SRC_P_04424,1.0,CANONICAL_ID,True
PSI_04425,P_04021,MUMBAI_POLICE_CCTNS,SRC_P_04425,1.0,CANONICAL_ID,True
PSI_04426,P_04022,MUMBAI_POLICE_CCTNS,SRC_P_04426,1.0,CANONICAL_ID,True
PSI_04427,P_04023,MUMBAI_POLICE_CCTNS,SRC_P_04427,1.0,CANONICAL_ID,True
PSI_04428,P_04024,MUMBAI_POLICE_CCTNS,SRC_P_04428,1.0,CANONICAL_ID,True
PSI_04429,P_04025,MUMBAI_POLICE_CCTNS,SRC_P_04429,1.0,CANONICAL_ID,True
PSI_04430,P_04026,MUMBAI_POLICE_CCTNS,SRC_P_04430,1.0,CANONICAL_ID,True
PSI_04431,P_04027,MUMBAI_POLICE_CCTNS,SRC_P_04431,1.0,CANONICAL_ID,True
PSI_04432,P_04028,MUMBAI_POLICE_CCTNS,SRC_P_04432,1.0,CANONICAL_ID,True
PSI_04433,P_04029,MUMBAI_POLICE_CCTNS,SRC_P_04433,1.0,CANONICAL_ID,True
PSI_04434,P_04030,MUMBAI_POLICE_CCTNS,SRC_P_04434,1.0,CANONICAL_ID,True
PSI_04435,P_04031,MUMBAI_POLICE_CCTNS,SRC_P_04435,1.0,CANONICAL_ID,True
PSI_04436,P_04032,MUMBAI_POLICE_CCTNS,SRC_P_04436,1.0,CANONICAL_ID,True
PSI_04437,P_04033,MUMBAI_POLICE_CCTNS,SRC_P_04437,1.0,CANONICAL_ID,True
PSI_04438,P_04034,MUMBAI_POLICE_CCTNS,SRC_P_04438,1.0,CANONICAL_ID,True
PSI_04439,P_04035,MUMBAI_POLICE_CCTNS,SRC_P_04439,1.0,CANONICAL_ID,True
PSI_04440,P_04036,MUMBAI_POLICE_CCTNS,SRC_P_04440,1.0,CANONICAL_ID,True
PSI_04441,P_04037,MUMBAI_POLICE_CCTNS,SRC_P_04441,1.0,CANONICAL_ID,True
PSI_04442,P_04038,MUMBAI_POLICE_CCTNS,SRC_P_04442,1.0,CANONICAL_ID,True
PSI_04443,P_04039,MUMBAI_POLICE_CCTNS,SRC_P_04443,1.0,CANONICAL_ID,True
PSI_04444,P_04040,MUMBAI_POLICE_CCTNS,SRC_P_04444,1.0,CANONICAL_ID,True
PSI_04445,P_04041,MUMBAI_POLICE_CCTNS,SRC_P_04445,1.0,CANONICAL_ID,True
PSI_04446,P_04042,MUMBAI_POLICE_CCTNS,SRC_P_04446,1.0,CANONICAL_ID,True
PSI_04447,P_04043,MUMBAI_POLICE_CCTNS,SRC_P_04447,1.0,CANONICAL_ID,True
PSI_04448,P_04044,MUMBAI_POLICE_CCTNS,SRC_P_04448,1.0,CANONICAL_ID,True
PSI_04449,P_04045,MUMBAI_POLICE_CCTNS,SRC_P_04449,1.0,CANONICAL_ID,True
PSI_04450,P_04046,MUMBAI_POLICE_CCTNS,SRC_P_04450,1.0,CANONICAL_ID,True
PSI_04451,P_04047,MUMBAI_POLICE_CCTNS,SRC_P_04451,1.0,CANONICAL_ID,True
PSI_04452,P_04048,MUMBAI_POLICE_CCTNS,SRC_P_04452,1.0,CANONICAL_ID,True
PSI_04453,P_04049,MUMBAI_POLICE_CCTNS,SRC_P_04453,1.0,CANONICAL_ID,True
PSI_04454,P_04050,MUMBAI_POLICE_CCTNS,SRC_P_04454,1.0,CANONICAL_ID,True
PSI_04455,P_04051,MUMBAI_POLICE_CCTNS,SRC_P_04455,1.0,CANONICAL_ID,True
PSI_04456,P_04052,MUMBAI_POLICE_CCTNS,SRC_P_04456,1.0,CANONICAL_ID,True
PSI_04457,P_04053,MUMBAI_POLICE_CCTNS,SRC_P_04457,1.0,CANONICAL_ID,True
PSI_04458,P_04054,MUMBAI_POLICE_CCTNS,SRC_P_04458,1.0,CANONICAL_ID,True
PSI_04459,P_04055,MUMBAI_POLICE_CCTNS,SRC_P_04459,1.0,CANONICAL_ID,True
PSI_04460,P_04056,MUMBAI_POLICE_CCTNS,SRC_P_04460,1.0,CANONICAL_ID,True
PSI_04461,P_04057,MUMBAI_POLICE_CCTNS,SRC_P_04461,1.0,CANONICAL_ID,True
PSI_04462,P_04058,MUMBAI_POLICE_CCTNS,SRC_P_04462,1.0,CANONICAL_ID,True
PSI_04463,P_04059,MUMBAI_POLICE_CCTNS,SRC_P_04463,1.0,CANONICAL_ID,True
PSI_04464,P_04060,MUMBAI_POLICE_CCTNS,SRC_P_04464,1.0,CANONICAL_ID,True
PSI_04465,P_04061,MUMBAI_POLICE_CCTNS,SRC_P_04465,1.0,CANONICAL_ID,True
PSI_04466,P_04062,MUMBAI_POLICE_CCTNS,SRC_P_04466,1.0,CANONICAL_ID,True
PSI_04467,P_04063,MUMBAI_POLICE_CCTNS,SRC_P_04467,1.0,CANONICAL_ID,True
PSI_04468,P_04064,MUMBAI_POLICE_CCTNS,SRC_P_04468,1.0,CANONICAL_ID,True
PSI_04469,P_04065,MUMBAI_POLICE_CCTNS,SRC_P_04469,1.0,CANONICAL_ID,True
PSI_04470,P_04066,MUMBAI_POLICE_CCTNS,SRC_P_04470,1.0,CANONICAL_ID,True
PSI_04471,P_04067,MUMBAI_POLICE_CCTNS,SRC_P_04471,1.0,CANONICAL_ID,True
PSI_04472,P_04068,MUMBAI_POLICE_CCTNS,SRC_P_04472,1.0,CANONICAL_ID,True
PSI_04473,P_04069,MUMBAI_POLICE_CCTNS,SRC_P_04473,1.0,CANONICAL_ID,True
PSI_04474,P_04070,MUMBAI_POLICE_CCTNS,SRC_P_04474,1.0,CANONICAL_ID,True
PSI_04475,P_04071,MUMBAI_POLICE_CCTNS,SRC_P_04475,1.0,CANONICAL_ID,True
PSI_04476,P_04072,MUMBAI_POLICE_CCTNS,SRC_P_04476,1.0,CANONICAL_ID,True
PSI_04477,P_04073,MUMBAI_POLICE_CCTNS,SRC_P_04477,1.0,CANONICAL_ID,True
PSI_04478,P_04074,MUMBAI_POLICE_CCTNS,SRC_P_04478,1.0,CANONICAL_ID,True
PSI_04479,P_04075,MUMBAI_POLICE_CCTNS,SRC_P_04479,1.0,CANONICAL_ID,True
PSI_04480,P_04076,MUMBAI_POLICE_CCTNS,SRC_P_04480,1.0,CANONICAL_ID,True
PSI_04481,P_04077,MUMBAI_POLICE_CCTNS,SRC_P_04481,1.0,CANONICAL_ID,True
PSI_04482,P_04078,MUMBAI_POLICE_CCTNS,SRC_P_04482,1.0,CANONICAL_ID,True
PSI_04483,P_04079,MUMBAI_POLICE_CCTNS,SRC_P_04483,1.0,CANONICAL_ID,True
PSI_04484,P_04080,MUMBAI_POLICE_CCTNS,SRC_P_04484,1.0,CANONICAL_ID,True
PSI_04485,P_04081,MUMBAI_POLICE_CCTNS,SRC_P_04485,1.0,CANONICAL_ID,True
PSI_04486,P_04082,MUMBAI_POLICE_CCTNS,SRC_P_04486,1.0,CANONICAL_ID,True
PSI_04487,P_04083,MUMBAI_POLICE_CCTNS,SRC_P_04487,1.0,CANONICAL_ID,True
PSI_04488,P_04084,MUMBAI_POLICE_CCTNS,SRC_P_04488,1.0,CANONICAL_ID,True
PSI_04489,P_04085,MUMBAI_POLICE_CCTNS,SRC_P_04489,1.0,CANONICAL_ID,True
PSI_04490,P_04086,MUMBAI_POLICE_CCTNS,SRC_P_04490,1.0,CANONICAL_ID,True
PSI_04491,P_04087,MUMBAI_POLICE_CCTNS,SRC_P_04491,1.0,CANONICAL_ID,True
PSI_04492,P_04088,MUMBAI_POLICE_CCTNS,SRC_P_04492,1.0,CANONICAL_ID,True
PSI_04493,P_04089,MUMBAI_POLICE_CCTNS,SRC_P_04493,1.0,CANONICAL_ID,True
PSI_04494,P_04090,MUMBAI_POLICE_CCTNS,SRC_P_04494,1.0,CANONICAL_ID,True
PSI_04495,P_04091,MUMBAI_POLICE_CCTNS,SRC_P_04495,1.0,CANONICAL_ID,True
PSI_04496,P_04092,MUMBAI_POLICE_CCTNS,SRC_P_04496,1.0,CANONICAL_ID,True
PSI_04497,P_04093,MUMBAI_POLICE_CCTNS,SRC_P_04497,1.0,CANONICAL_ID,True
PSI_04498,P_04094,MUMBAI_POLICE_CCTNS,SRC_P_04498,1.0,CANONICAL_ID,True
PSI_04499,P_04095,MUMBAI_POLICE_CCTNS,SRC_P_04499,1.0,CANONICAL_ID,True
PSI_04500,P_04096,MUMBAI_POLICE_CCTNS,SRC_P_04500,1.0,CANONICAL_ID,True
PSI_04501,P_04501,MUMBAI_POLICE_CCTNS,SRC_P_04501,1.0,CANONICAL_ID,True
PSI_04502,P_04502,MUMBAI_POLICE_CCTNS,SRC_P_04502,1.0,CANONICAL_ID,True
PSI_04503,P_04503,MUMBAI_POLICE_CCTNS,SRC_P_04503,1.0,CANONICAL_ID,True
PSI_04504,P_04504,MUMBAI_POLICE_CCTNS,SRC_P_04504,1.0,CANONICAL_ID,True
PSI_04505,P_04505,MUMBAI_POLICE_CCTNS,SRC_P_04505,1.0,CANONICAL_ID,True
PSI_04506,P_04506,MUMBAI_POLICE_CCTNS,SRC_P_04506,1.0,CANONICAL_ID,True
PSI_04507,P_04507,MUMBAI_POLICE_CCTNS,SRC_P_04507,1.0,CANONICAL_ID,True
PSI_04508,P_04508,MUMBAI_POLICE_CCTNS,SRC_P_04508,1.0,CANONICAL_ID,True
PSI_04509,P_04509,MUMBAI_POLICE_CCTNS,SRC_P_04509,1.0,CANONICAL_ID,True
PSI_04510,P_04510,MUMBAI_POLICE_CCTNS,SRC_P_04510,1.0,CANONICAL_ID,True
PSI_04511,P_04511,MUMBAI_POLICE_CCTNS,SRC_P_04511,1.0,CANONICAL_ID,True
PSI_04512,P_04512,MUMBAI_POLICE_CCTNS,SRC_P_04512,1.0,CANONICAL_ID,True
PSI_04513,P_04513,MUMBAI_POLICE_CCTNS,SRC_P_04513,1.0,CANONICAL_ID,True
PSI_04514,P_04514,MUMBAI_POLICE_CCTNS,SRC_P_04514,1.0,CANONICAL_ID,True
PSI_04515,P_04515,MUMBAI_POLICE_CCTNS,SRC_P_04515,1.0,CANONICAL_ID,True
PSI_04516,P_04516,MUMBAI_POLICE_CCTNS,SRC_P_04516,1.0,CANONICAL_ID,True
PSI_04517,P_04517,MUMBAI_POLICE_CCTNS,SRC_P_04517,1.0,CANONICAL_ID,True
PSI_04518,P_04518,MUMBAI_POLICE_CCTNS,SRC_P_04518,1.0,CANONICAL_ID,True
PSI_04519,P_04519,MUMBAI_POLICE_CCTNS,SRC_P_04519,1.0,CANONICAL_ID,True
PSI_04520,P_04520,MUMBAI_POLICE_CCTNS,SRC_P_04520,1.0,CANONICAL_ID,True
PSI_04521,P_04521,MUMBAI_POLICE_CCTNS,SRC_P_04521,1.0,CANONICAL_ID,True
PSI_04522,P_04522,MUMBAI_POLICE_CCTNS,SRC_P_04522,1.0,CANONICAL_ID,True
PSI_04523,P_04523,MUMBAI_POLICE_CCTNS,SRC_P_04523,1.0,CANONICAL_ID,True
PSI_04524,P_04524,MUMBAI_POLICE_CCTNS,SRC_P_04524,1.0,CANONICAL_ID,True
PSI_04525,P_04525,MUMBAI_POLICE_CCTNS,SRC_P_04525,1.0,CANONICAL_ID,True
PSI_04526,P_04526,MUMBAI_POLICE_CCTNS,SRC_P_04526,1.0,CANONICAL_ID,True
PSI_04527,P_04527,MUMBAI_POLICE_CCTNS,SRC_P_04527,1.0,CANONICAL_ID,True
PSI_04528,P_04528,MUMBAI_POLICE_CCTNS,SRC_P_04528,1.0,CANONICAL_ID,True
PSI_04529,P_04529,MUMBAI_POLICE_CCTNS,SRC_P_04529,1.0,CANONICAL_ID,True
PSI_04530,P_04530,MUMBAI_POLICE_CCTNS,SRC_P_04530,1.0,CANONICAL_ID,True
PSI_04531,P_04531,MUMBAI_POLICE_CCTNS,SRC_P_04531,1.0,CANONICAL_ID,True
PSI_04532,P_04532,MUMBAI_POLICE_CCTNS,SRC_P_04532,1.0,CANONICAL_ID,True
PSI_04533,P_04533,MUMBAI_POLICE_CCTNS,SRC_P_04533,1.0,CANONICAL_ID,True
PSI_04534,P_04534,MUMBAI_POLICE_CCTNS,SRC_P_04534,1.0,CANONICAL_ID,True
PSI_04535,P_04535,MUMBAI_POLICE_CCTNS,SRC_P_04535,1.0,CANONICAL_ID,True
PSI_04536,P_04536,MUMBAI_POLICE_CCTNS,SRC_P_04536,1.0,CANONICAL_ID,True
PSI_04537,P_04537,MUMBAI_POLICE_CCTNS,SRC_P_04537,1.0,CANONICAL_ID,True
PSI_04538,P_04538,MUMBAI_POLICE_CCTNS,SRC_P_04538,1.0,CANONICAL_ID,True
PSI_04539,P_04539,MUMBAI_POLICE_CCTNS,SRC_P_04539,1.0,CANONICAL_ID,True
PSI_04540,P_04540,MUMBAI_POLICE_CCTNS,SRC_P_04540,1.0,CANONICAL_ID,True
PSI_04541,P_04541,MUMBAI_POLICE_CCTNS,SRC_P_04541,1.0,CANONICAL_ID,True
PSI_04542,P_04542,MUMBAI_POLICE_CCTNS,SRC_P_04542,1.0,CANONICAL_ID,True
PSI_04543,P_04543,MUMBAI_POLICE_CCTNS,SRC_P_04543,1.0,CANONICAL_ID,True
PSI_04544,P_04544,MUMBAI_POLICE_CCTNS,SRC_P_04544,1.0,CANONICAL_ID,True
PSI_04545,P_04545,MUMBAI_POLICE_CCTNS,SRC_P_04545,1.0,CANONICAL_ID,True
PSI_04546,P_04546,MUMBAI_POLICE_CCTNS,SRC_P_04546,1.0,CANONICAL_ID,True
PSI_04547,P_04547,MUMBAI_POLICE_CCTNS,SRC_P_04547,1.0,CANONICAL_ID,True
PSI_04548,P_04548,MUMBAI_POLICE_CCTNS,SRC_P_04548,1.0,CANONICAL_ID,True
PSI_04549,P_04549,MUMBAI_POLICE_CCTNS,SRC_P_04549,1.0,CANONICAL_ID,True
PSI_04550,P_04550,MUMBAI_POLICE_CCTNS,SRC_P_04550,1.0,CANONICAL_ID,True
PSI_04551,P_04551,MUMBAI_POLICE_CCTNS,SRC_P_04551,1.0,CANONICAL_ID,True
PSI_04552,P_04552,MUMBAI_POLICE_CCTNS,SRC_P_04552,1.0,CANONICAL_ID,True
PSI_04553,P_04553,MUMBAI_POLICE_CCTNS,SRC_P_04553,1.0,CANONICAL_ID,True
PSI_04554,P_04554,MUMBAI_POLICE_CCTNS,SRC_P_04554,1.0,CANONICAL_ID,True
PSI_04555,P_04555,MUMBAI_POLICE_CCTNS,SRC_P_04555,1.0,CANONICAL_ID,True
PSI_04556,P_04556,MUMBAI_POLICE_CCTNS,SRC_P_04556,1.0,CANONICAL_ID,True
PSI_04557,P_04557,MUMBAI_POLICE_CCTNS,SRC_P_04557,1.0,CANONICAL_ID,True
PSI_04558,P_04558,MUMBAI_POLICE_CCTNS,SRC_P_04558,1.0,CANONICAL_ID,True
PSI_04559,P_04559,MUMBAI_POLICE_CCTNS,SRC_P_04559,1.0,CANONICAL_ID,True
PSI_04560,P_04560,MUMBAI_POLICE_CCTNS,SRC_P_04560,1.0,CANONICAL_ID,True
PSI_04561,P_04561,MUMBAI_POLICE_CCTNS,SRC_P_04561,1.0,CANONICAL_ID,True
PSI_04562,P_04562,MUMBAI_POLICE_CCTNS,SRC_P_04562,1.0,CANONICAL_ID,True
PSI_04563,P_04563,MUMBAI_POLICE_CCTNS,SRC_P_04563,1.0,CANONICAL_ID,True
PSI_04564,P_04564,MUMBAI_POLICE_CCTNS,SRC_P_04564,1.0,CANONICAL_ID,True
PSI_04565,P_04565,MUMBAI_POLICE_CCTNS,SRC_P_04565,1.0,CANONICAL_ID,True
PSI_04566,P_04566,MUMBAI_POLICE_CCTNS,SRC_P_04566,1.0,CANONICAL_ID,True
PSI_04567,P_04567,MUMBAI_POLICE_CCTNS,SRC_P_04567,1.0,CANONICAL_ID,True
PSI_04568,P_04568,MUMBAI_POLICE_CCTNS,SRC_P_04568,1.0,CANONICAL_ID,True
PSI_04569,P_04569,MUMBAI_POLICE_CCTNS,SRC_P_04569,1.0,CANONICAL_ID,True
PSI_04570,P_04570,MUMBAI_POLICE_CCTNS,SRC_P_04570,1.0,CANONICAL_ID,True
PSI_04571,P_04571,MUMBAI_POLICE_CCTNS,SRC_P_04571,1.0,CANONICAL_ID,True
PSI_04572,P_04572,MUMBAI_POLICE_CCTNS,SRC_P_04572,1.0,CANONICAL_ID,True
PSI_04573,P_04573,MUMBAI_POLICE_CCTNS,SRC_P_04573,1.0,CANONICAL_ID,True
PSI_04574,P_04574,MUMBAI_POLICE_CCTNS,SRC_P_04574,1.0,CANONICAL_ID,True
PSI_04575,P_04575,MUMBAI_POLICE_CCTNS,SRC_P_04575,1.0,CANONICAL_ID,True
PSI_04576,P_04576,MUMBAI_POLICE_CCTNS,SRC_P_04576,1.0,CANONICAL_ID,True
PSI_04577,P_04577,MUMBAI_POLICE_CCTNS,SRC_P_04577,1.0,CANONICAL_ID,True
PSI_04578,P_04578,MUMBAI_POLICE_CCTNS,SRC_P_04578,1.0,CANONICAL_ID,True
PSI_04579,P_04579,MUMBAI_POLICE_CCTNS,SRC_P_04579,1.0,CANONICAL_ID,True
PSI_04580,P_04580,MUMBAI_POLICE_CCTNS,SRC_P_04580,1.0,CANONICAL_ID,True
PSI_04581,P_04581,MUMBAI_POLICE_CCTNS,SRC_P_04581,1.0,CANONICAL_ID,True
PSI_04582,P_04582,MUMBAI_POLICE_CCTNS,SRC_P_04582,1.0,CANONICAL_ID,True
PSI_04583,P_04583,MUMBAI_POLICE_CCTNS,SRC_P_04583,1.0,CANONICAL_ID,True
PSI_04584,P_04584,MUMBAI_POLICE_CCTNS,SRC_P_04584,1.0,CANONICAL_ID,True
PSI_04585,P_04585,MUMBAI_POLICE_CCTNS,SRC_P_04585,1.0,CANONICAL_ID,True
PSI_04586,P_04586,MUMBAI_POLICE_CCTNS,SRC_P_04586,1.0,CANONICAL_ID,True
PSI_04587,P_04587,MUMBAI_POLICE_CCTNS,SRC_P_04587,1.0,CANONICAL_ID,True
PSI_04588,P_04588,MUMBAI_POLICE_CCTNS,SRC_P_04588,1.0,CANONICAL_ID,True
PSI_04589,P_04589,MUMBAI_POLICE_CCTNS,SRC_P_04589,1.0,CANONICAL_ID,True
PSI_04590,P_04590,MUMBAI_POLICE_CCTNS,SRC_P_04590,1.0,CANONICAL_ID,True
PSI_04591,P_04591,MUMBAI_POLICE_CCTNS,SRC_P_04591,1.0,CANONICAL_ID,True
PSI_04592,P_04592,MUMBAI_POLICE_CCTNS,SRC_P_04592,1.0,CANONICAL_ID,True
PSI_04593,P_04593,MUMBAI_POLICE_CCTNS,SRC_P_04593,1.0,CANONICAL_ID,True
PSI_04594,P_04594,MUMBAI_POLICE_CCTNS,SRC_P_04594,1.0,CANONICAL_ID,True
PSI_04595,P_04595,MUMBAI_POLICE_CCTNS,SRC_P_04595,1.0,CANONICAL_ID,True
PSI_04596,P_04596,MUMBAI_POLICE_CCTNS,SRC_P_04596,1.0,CANONICAL_ID,True
PSI_04597,P_04597,MUMBAI_POLICE_CCTNS,SRC_P_04597,1.0,CANONICAL_ID,True
PSI_04598,P_04598,MUMBAI_POLICE_CCTNS,SRC_P_04598,1.0,CANONICAL_ID,True
PSI_04599,P_04599,MUMBAI_POLICE_CCTNS,SRC_P_04599,1.0,CANONICAL_ID,True
PSI_04600,P_04600,MUMBAI_POLICE_CCTNS,SRC_P_04600,1.0,CANONICAL_ID,True
PSI_04601,P_04601,MUMBAI_POLICE_CCTNS,SRC_P_04601,1.0,CANONICAL_ID,True
PSI_04602,P_04602,MUMBAI_POLICE_CCTNS,SRC_P_04602,1.0,CANONICAL_ID,True
PSI_04603,P_04603,MUMBAI_POLICE_CCTNS,SRC_P_04603,1.0,CANONICAL_ID,True
PSI_04604,P_04604,MUMBAI_POLICE_CCTNS,SRC_P_04604,1.0,CANONICAL_ID,True
PSI_04605,P_04605,MUMBAI_POLICE_CCTNS,SRC_P_04605,1.0,CANONICAL_ID,True
PSI_04606,P_04606,MUMBAI_POLICE_CCTNS,SRC_P_04606,1.0,CANONICAL_ID,True
PSI_04607,P_04607,MUMBAI_POLICE_CCTNS,SRC_P_04607,1.0,CANONICAL_ID,True
PSI_04608,P_04608,MUMBAI_POLICE_CCTNS,SRC_P_04608,1.0,CANONICAL_ID,True
PSI_04609,P_04609,MUMBAI_POLICE_CCTNS,SRC_P_04609,1.0,CANONICAL_ID,True
PSI_04610,P_04610,MUMBAI_POLICE_CCTNS,SRC_P_04610,1.0,CANONICAL_ID,True
PSI_04611,P_04611,MUMBAI_POLICE_CCTNS,SRC_P_04611,1.0,CANONICAL_ID,True
PSI_04612,P_04612,MUMBAI_POLICE_CCTNS,SRC_P_04612,1.0,CANONICAL_ID,True
PSI_04613,P_04613,MUMBAI_POLICE_CCTNS,SRC_P_04613,1.0,CANONICAL_ID,True
PSI_04614,P_04614,MUMBAI_POLICE_CCTNS,SRC_P_04614,1.0,CANONICAL_ID,True
PSI_04615,P_04615,MUMBAI_POLICE_CCTNS,SRC_P_04615,1.0,CANONICAL_ID,True
PSI_04616,P_04616,MUMBAI_POLICE_CCTNS,SRC_P_04616,1.0,CANONICAL_ID,True
PSI_04617,P_04617,MUMBAI_POLICE_CCTNS,SRC_P_04617,1.0,CANONICAL_ID,True
PSI_04618,P_04618,MUMBAI_POLICE_CCTNS,SRC_P_04618,1.0,CANONICAL_ID,True
PSI_04619,P_04619,MUMBAI_POLICE_CCTNS,SRC_P_04619,1.0,CANONICAL_ID,True
PSI_04620,P_04620,MUMBAI_POLICE_CCTNS,SRC_P_04620,1.0,CANONICAL_ID,True
PSI_04621,P_04621,MUMBAI_POLICE_CCTNS,SRC_P_04621,1.0,CANONICAL_ID,True
PSI_04622,P_04622,MUMBAI_POLICE_CCTNS,SRC_P_04622,1.0,CANONICAL_ID,True
PSI_04623,P_04623,MUMBAI_POLICE_CCTNS,SRC_P_04623,1.0,CANONICAL_ID,True
PSI_04624,P_04624,MUMBAI_POLICE_CCTNS,SRC_P_04624,1.0,CANONICAL_ID,True
PSI_04625,P_04625,MUMBAI_POLICE_CCTNS,SRC_P_04625,1.0,CANONICAL_ID,True
PSI_04626,P_04626,MUMBAI_POLICE_CCTNS,SRC_P_04626,1.0,CANONICAL_ID,True
PSI_04627,P_04627,MUMBAI_POLICE_CCTNS,SRC_P_04627,1.0,CANONICAL_ID,True
PSI_04628,P_04628,MUMBAI_POLICE_CCTNS,SRC_P_04628,1.0,CANONICAL_ID,True
PSI_04629,P_04629,MUMBAI_POLICE_CCTNS,SRC_P_04629,1.0,CANONICAL_ID,True
PSI_04630,P_04630,MUMBAI_POLICE_CCTNS,SRC_P_04630,1.0,CANONICAL_ID,True
PSI_04631,P_04631,MUMBAI_POLICE_CCTNS,SRC_P_04631,1.0,CANONICAL_ID,True
PSI_04632,P_04632,MUMBAI_POLICE_CCTNS,SRC_P_04632,1.0,CANONICAL_ID,True
PSI_04633,P_04633,MUMBAI_POLICE_CCTNS,SRC_P_04633,1.0,CANONICAL_ID,True
PSI_04634,P_04634,MUMBAI_POLICE_CCTNS,SRC_P_04634,1.0,CANONICAL_ID,True
PSI_04635,P_04635,MUMBAI_POLICE_CCTNS,SRC_P_04635,1.0,CANONICAL_ID,True
PSI_04636,P_04636,MUMBAI_POLICE_CCTNS,SRC_P_04636,1.0,CANONICAL_ID,True
PSI_04637,P_04637,MUMBAI_POLICE_CCTNS,SRC_P_04637,1.0,CANONICAL_ID,True
PSI_04638,P_04638,MUMBAI_POLICE_CCTNS,SRC_P_04638,1.0,CANONICAL_ID,True
PSI_04639,P_04639,MUMBAI_POLICE_CCTNS,SRC_P_04639,1.0,CANONICAL_ID,True
PSI_04640,P_04640,MUMBAI_POLICE_CCTNS,SRC_P_04640,1.0,CANONICAL_ID,True
PSI_04641,P_04641,MUMBAI_POLICE_CCTNS,SRC_P_04641,1.0,CANONICAL_ID,True
PSI_04642,P_04642,MUMBAI_POLICE_CCTNS,SRC_P_04642,1.0,CANONICAL_ID,True
PSI_04643,P_04643,MUMBAI_POLICE_CCTNS,SRC_P_04643,1.0,CANONICAL_ID,True
PSI_04644,P_04644,MUMBAI_POLICE_CCTNS,SRC_P_04644,1.0,CANONICAL_ID,True
PSI_04645,P_04645,MUMBAI_POLICE_CCTNS,SRC_P_04645,1.0,CANONICAL_ID,True
PSI_04646,P_04646,MUMBAI_POLICE_CCTNS,SRC_P_04646,1.0,CANONICAL_ID,True
PSI_04647,P_04647,MUMBAI_POLICE_CCTNS,SRC_P_04647,1.0,CANONICAL_ID,True
PSI_04648,P_04648,MUMBAI_POLICE_CCTNS,SRC_P_04648,1.0,CANONICAL_ID,True
PSI_04649,P_04649,MUMBAI_POLICE_CCTNS,SRC_P_04649,1.0,CANONICAL_ID,True
PSI_04650,P_04650,MUMBAI_POLICE_CCTNS,SRC_P_04650,1.0,CANONICAL_ID,True
PSI_04651,P_04651,MUMBAI_POLICE_CCTNS,SRC_P_04651,1.0,CANONICAL_ID,True
PSI_04652,P_04652,MUMBAI_POLICE_CCTNS,SRC_P_04652,1.0,CANONICAL_ID,True
PSI_04653,P_04653,MUMBAI_POLICE_CCTNS,SRC_P_04653,1.0,CANONICAL_ID,True
PSI_04654,P_04654,MUMBAI_POLICE_CCTNS,SRC_P_04654,1.0,CANONICAL_ID,True
PSI_04655,P_04655,MUMBAI_POLICE_CCTNS,SRC_P_04655,1.0,CANONICAL_ID,True
PSI_04656,P_04656,MUMBAI_POLICE_CCTNS,SRC_P_04656,1.0,CANONICAL_ID,True
PSI_04657,P_04657,MUMBAI_POLICE_CCTNS,SRC_P_04657,1.0,CANONICAL_ID,True
PSI_04658,P_04658,MUMBAI_POLICE_CCTNS,SRC_P_04658,1.0,CANONICAL_ID,True
PSI_04659,P_04659,MUMBAI_POLICE_CCTNS,SRC_P_04659,1.0,CANONICAL_ID,True
PSI_04660,P_04660,MUMBAI_POLICE_CCTNS,SRC_P_04660,1.0,CANONICAL_ID,True
PSI_04661,P_04661,MUMBAI_POLICE_CCTNS,SRC_P_04661,1.0,CANONICAL_ID,True
PSI_04662,P_04662,MUMBAI_POLICE_CCTNS,SRC_P_04662,1.0,CANONICAL_ID,True
PSI_04663,P_04663,MUMBAI_POLICE_CCTNS,SRC_P_04663,1.0,CANONICAL_ID,True
PSI_04664,P_04664,MUMBAI_POLICE_CCTNS,SRC_P_04664,1.0,CANONICAL_ID,True
PSI_04665,P_04665,MUMBAI_POLICE_CCTNS,SRC_P_04665,1.0,CANONICAL_ID,True
PSI_04666,P_04666,MUMBAI_POLICE_CCTNS,SRC_P_04666,1.0,CANONICAL_ID,True
PSI_04667,P_04667,MUMBAI_POLICE_CCTNS,SRC_P_04667,1.0,CANONICAL_ID,True
PSI_04668,P_04668,MUMBAI_POLICE_CCTNS,SRC_P_04668,1.0,CANONICAL_ID,True
PSI_04669,P_04669,MUMBAI_POLICE_CCTNS,SRC_P_04669,1.0,CANONICAL_ID,True
PSI_04670,P_04670,MUMBAI_POLICE_CCTNS,SRC_P_04670,1.0,CANONICAL_ID,True
PSI_04671,P_04671,MUMBAI_POLICE_CCTNS,SRC_P_04671,1.0,CANONICAL_ID,True
PSI_04672,P_04672,MUMBAI_POLICE_CCTNS,SRC_P_04672,1.0,CANONICAL_ID,True
PSI_04673,P_04673,MUMBAI_POLICE_CCTNS,SRC_P_04673,1.0,CANONICAL_ID,True
PSI_04674,P_04674,MUMBAI_POLICE_CCTNS,SRC_P_04674,1.0,CANONICAL_ID,True
PSI_04675,P_04675,MUMBAI_POLICE_CCTNS,SRC_P_04675,1.0,CANONICAL_ID,True
PSI_04676,P_04676,MUMBAI_POLICE_CCTNS,SRC_P_04676,1.0,CANONICAL_ID,True
PSI_04677,P_04677,MUMBAI_POLICE_CCTNS,SRC_P_04677,1.0,CANONICAL_ID,True
PSI_04678,P_04678,MUMBAI_POLICE_CCTNS,SRC_P_04678,1.0,CANONICAL_ID,True
PSI_04679,P_04679,MUMBAI_POLICE_CCTNS,SRC_P_04679,1.0,CANONICAL_ID,True
PSI_04680,P_04680,MUMBAI_POLICE_CCTNS,SRC_P_04680,1.0,CANONICAL_ID,True
PSI_04681,P_04681,MUMBAI_POLICE_CCTNS,SRC_P_04681,1.0,CANONICAL_ID,True
PSI_04682,P_04682,MUMBAI_POLICE_CCTNS,SRC_P_04682,1.0,CANONICAL_ID,True
PSI_04683,P_04683,MUMBAI_POLICE_CCTNS,SRC_P_04683,1.0,CANONICAL_ID,True
PSI_04684,P_04684,MUMBAI_POLICE_CCTNS,SRC_P_04684,1.0,CANONICAL_ID,True
PSI_04685,P_04685,MUMBAI_POLICE_CCTNS,SRC_P_04685,1.0,CANONICAL_ID,True
PSI_04686,P_04686,MUMBAI_POLICE_CCTNS,SRC_P_04686,1.0,CANONICAL_ID,True
PSI_04687,P_04687,MUMBAI_POLICE_CCTNS,SRC_P_04687,1.0,CANONICAL_ID,True
PSI_04688,P_04688,MUMBAI_POLICE_CCTNS,SRC_P_04688,1.0,CANONICAL_ID,True
PSI_04689,P_04689,MUMBAI_POLICE_CCTNS,SRC_P_04689,1.0,CANONICAL_ID,True
PSI_04690,P_04690,MUMBAI_POLICE_CCTNS,SRC_P_04690,1.0,CANONICAL_ID,True
PSI_04691,P_04691,MUMBAI_POLICE_CCTNS,SRC_P_04691,1.0,CANONICAL_ID,True
PSI_04692,P_04692,MUMBAI_POLICE_CCTNS,SRC_P_04692,1.0,CANONICAL_ID,True
PSI_04693,P_04693,MUMBAI_POLICE_CCTNS,SRC_P_04693,1.0,CANONICAL_ID,True
PSI_04694,P_04694,MUMBAI_POLICE_CCTNS,SRC_P_04694,1.0,CANONICAL_ID,True
PSI_04695,P_04695,MUMBAI_POLICE_CCTNS,SRC_P_04695,1.0,CANONICAL_ID,True
PSI_04696,P_04696,MUMBAI_POLICE_CCTNS,SRC_P_04696,1.0,CANONICAL_ID,True
PSI_04697,P_04697,MUMBAI_POLICE_CCTNS,SRC_P_04697,1.0,CANONICAL_ID,True
PSI_04698,P_04698,MUMBAI_POLICE_CCTNS,SRC_P_04698,1.0,CANONICAL_ID,True
PSI_04699,P_04699,MUMBAI_POLICE_CCTNS,SRC_P_04699,1.0,CANONICAL_ID,True
PSI_04700,P_04700,MUMBAI_POLICE_CCTNS,SRC_P_04700,1.0,CANONICAL_ID,True
PSI_04701,P_04701,MUMBAI_POLICE_CCTNS,SRC_P_04701,1.0,CANONICAL_ID,True
PSI_04702,P_04702,MUMBAI_POLICE_CCTNS,SRC_P_04702,1.0,CANONICAL_ID,True
PSI_04703,P_04703,MUMBAI_POLICE_CCTNS,SRC_P_04703,1.0,CANONICAL_ID,True
PSI_04704,P_04704,MUMBAI_POLICE_CCTNS,SRC_P_04704,1.0,CANONICAL_ID,True
PSI_04705,P_04705,MUMBAI_POLICE_CCTNS,SRC_P_04705,1.0,CANONICAL_ID,True
PSI_04706,P_04706,MUMBAI_POLICE_CCTNS,SRC_P_04706,1.0,CANONICAL_ID,True
PSI_04707,P_04707,MUMBAI_POLICE_CCTNS,SRC_P_04707,1.0,CANONICAL_ID,True
PSI_04708,P_04708,MUMBAI_POLICE_CCTNS,SRC_P_04708,1.0,CANONICAL_ID,True
PSI_04709,P_04709,MUMBAI_POLICE_CCTNS,SRC_P_04709,1.0,CANONICAL_ID,True
PSI_04710,P_04710,MUMBAI_POLICE_CCTNS,SRC_P_04710,1.0,CANONICAL_ID,True
PSI_04711,P_04711,MUMBAI_POLICE_CCTNS,SRC_P_04711,1.0,CANONICAL_ID,True
PSI_04712,P_04712,MUMBAI_POLICE_CCTNS,SRC_P_04712,1.0,CANONICAL_ID,True
PSI_04713,P_04713,MUMBAI_POLICE_CCTNS,SRC_P_04713,1.0,CANONICAL_ID,True
PSI_04714,P_04714,MUMBAI_POLICE_CCTNS,SRC_P_04714,1.0,CANONICAL_ID,True
PSI_04715,P_04715,MUMBAI_POLICE_CCTNS,SRC_P_04715,1.0,CANONICAL_ID,True
PSI_04716,P_04716,MUMBAI_POLICE_CCTNS,SRC_P_04716,1.0,CANONICAL_ID,True
PSI_04717,P_04717,MUMBAI_POLICE_CCTNS,SRC_P_04717,1.0,CANONICAL_ID,True
PSI_04718,P_04718,MUMBAI_POLICE_CCTNS,SRC_P_04718,1.0,CANONICAL_ID,True
PSI_04719,P_04719,MUMBAI_POLICE_CCTNS,SRC_P_04719,1.0,CANONICAL_ID,True
PSI_04720,P_04720,MUMBAI_POLICE_CCTNS,SRC_P_04720,1.0,CANONICAL_ID,True
PSI_04721,P_04721,MUMBAI_POLICE_CCTNS,SRC_P_04721,1.0,CANONICAL_ID,True
PSI_04722,P_04722,MUMBAI_POLICE_CCTNS,SRC_P_04722,1.0,CANONICAL_ID,True
PSI_04723,P_04723,MUMBAI_POLICE_CCTNS,SRC_P_04723,1.0,CANONICAL_ID,True
PSI_04724,P_04724,MUMBAI_POLICE_CCTNS,SRC_P_04724,1.0,CANONICAL_ID,True
PSI_04725,P_04725,MUMBAI_POLICE_CCTNS,SRC_P_04725,1.0,CANONICAL_ID,True
PSI_04726,P_04726,MUMBAI_POLICE_CCTNS,SRC_P_04726,1.0,CANONICAL_ID,True
PSI_04727,P_04727,MUMBAI_POLICE_CCTNS,SRC_P_04727,1.0,CANONICAL_ID,True
PSI_04728,P_04728,MUMBAI_POLICE_CCTNS,SRC_P_04728,1.0,CANONICAL_ID,True
PSI_04729,P_04729,MUMBAI_POLICE_CCTNS,SRC_P_04729,1.0,CANONICAL_ID,True
PSI_04730,P_04730,MUMBAI_POLICE_CCTNS,SRC_P_04730,1.0,CANONICAL_ID,True
PSI_04731,P_04731,MUMBAI_POLICE_CCTNS,SRC_P_04731,1.0,CANONICAL_ID,True
PSI_04732,P_04732,MUMBAI_POLICE_CCTNS,SRC_P_04732,1.0,CANONICAL_ID,True
PSI_04733,P_04733,MUMBAI_POLICE_CCTNS,SRC_P_04733,1.0,CANONICAL_ID,True
PSI_04734,P_04734,MUMBAI_POLICE_CCTNS,SRC_P_04734,1.0,CANONICAL_ID,True
PSI_04735,P_04735,MUMBAI_POLICE_CCTNS,SRC_P_04735,1.0,CANONICAL_ID,True
PSI_04736,P_04736,MUMBAI_POLICE_CCTNS,SRC_P_04736,1.0,CANONICAL_ID,True
PSI_04737,P_04737,MUMBAI_POLICE_CCTNS,SRC_P_04737,1.0,CANONICAL_ID,True
PSI_04738,P_04738,MUMBAI_POLICE_CCTNS,SRC_P_04738,1.0,CANONICAL_ID,True
PSI_04739,P_04739,MUMBAI_POLICE_CCTNS,SRC_P_04739,1.0,CANONICAL_ID,True
PSI_04740,P_04740,MUMBAI_POLICE_CCTNS,SRC_P_04740,1.0,CANONICAL_ID,True
PSI_04741,P_04741,MUMBAI_POLICE_CCTNS,SRC_P_04741,1.0,CANONICAL_ID,True
PSI_04742,P_04742,MUMBAI_POLICE_CCTNS,SRC_P_04742,1.0,CANONICAL_ID,True
PSI_04743,P_04743,MUMBAI_POLICE_CCTNS,SRC_P_04743,1.0,CANONICAL_ID,True
PSI_04744,P_04744,MUMBAI_POLICE_CCTNS,SRC_P_04744,1.0,CANONICAL_ID,True
PSI_04745,P_04745,MUMBAI_POLICE_CCTNS,SRC_P_04745,1.0,CANONICAL_ID,True
PSI_04746,P_04746,MUMBAI_POLICE_CCTNS,SRC_P_04746,1.0,CANONICAL_ID,True
PSI_04747,P_04747,MUMBAI_POLICE_CCTNS,SRC_P_04747,1.0,CANONICAL_ID,True
PSI_04748,P_04748,MUMBAI_POLICE_CCTNS,SRC_P_04748,1.0,CANONICAL_ID,True
PSI_04749,P_04749,MUMBAI_POLICE_CCTNS,SRC_P_04749,1.0,CANONICAL_ID,True
PSI_04750,P_04750,MUMBAI_POLICE_CCTNS,SRC_P_04750,1.0,CANONICAL_ID,True
PSI_04751,P_04751,MUMBAI_POLICE_CCTNS,SRC_P_04751,1.0,CANONICAL_ID,True
PSI_04752,P_04752,MUMBAI_POLICE_CCTNS,SRC_P_04752,1.0,CANONICAL_ID,True
PSI_04753,P_04753,MUMBAI_POLICE_CCTNS,SRC_P_04753,1.0,CANONICAL_ID,True
PSI_04754,P_04754,MUMBAI_POLICE_CCTNS,SRC_P_04754,1.0,CANONICAL_ID,True
PSI_04755,P_04755,MUMBAI_POLICE_CCTNS,SRC_P_04755,1.0,CANONICAL_ID,True
PSI_04756,P_04756,MUMBAI_POLICE_CCTNS,SRC_P_04756,1.0,CANONICAL_ID,True
PSI_04757,P_04757,MUMBAI_POLICE_CCTNS,SRC_P_04757,1.0,CANONICAL_ID,True
PSI_04758,P_04758,MUMBAI_POLICE_CCTNS,SRC_P_04758,1.0,CANONICAL_ID,True
PSI_04759,P_04759,MUMBAI_POLICE_CCTNS,SRC_P_04759,1.0,CANONICAL_ID,True
PSI_04760,P_04760,MUMBAI_POLICE_CCTNS,SRC_P_04760,1.0,CANONICAL_ID,True
PSI_04761,P_04761,MUMBAI_POLICE_CCTNS,SRC_P_04761,1.0,CANONICAL_ID,True
PSI_04762,P_04762,MUMBAI_POLICE_CCTNS,SRC_P_04762,1.0,CANONICAL_ID,True
PSI_04763,P_04763,MUMBAI_POLICE_CCTNS,SRC_P_04763,1.0,CANONICAL_ID,True
PSI_04764,P_04764,MUMBAI_POLICE_CCTNS,SRC_P_04764,1.0,CANONICAL_ID,True
PSI_04765,P_04765,MUMBAI_POLICE_CCTNS,SRC_P_04765,1.0,CANONICAL_ID,True
PSI_04766,P_04766,MUMBAI_POLICE_CCTNS,SRC_P_04766,1.0,CANONICAL_ID,True
PSI_04767,P_04767,MUMBAI_POLICE_CCTNS,SRC_P_04767,1.0,CANONICAL_ID,True
PSI_04768,P_04768,MUMBAI_POLICE_CCTNS,SRC_P_04768,1.0,CANONICAL_ID,True
PSI_04769,P_04769,MUMBAI_POLICE_CCTNS,SRC_P_04769,1.0,CANONICAL_ID,True
PSI_04770,P_04770,MUMBAI_POLICE_CCTNS,SRC_P_04770,1.0,CANONICAL_ID,True
PSI_04771,P_04771,MUMBAI_POLICE_CCTNS,SRC_P_04771,1.0,CANONICAL_ID,True
PSI_04772,P_04772,MUMBAI_POLICE_CCTNS,SRC_P_04772,1.0,CANONICAL_ID,True
PSI_04773,P_04773,MUMBAI_POLICE_CCTNS,SRC_P_04773,1.0,CANONICAL_ID,True
PSI_04774,P_04774,MUMBAI_POLICE_CCTNS,SRC_P_04774,1.0,CANONICAL_ID,True
PSI_04775,P_04775,MUMBAI_POLICE_CCTNS,SRC_P_04775,1.0,CANONICAL_ID,True
PSI_04776,P_04776,MUMBAI_POLICE_CCTNS,SRC_P_04776,1.0,CANONICAL_ID,True
PSI_04777,P_04777,MUMBAI_POLICE_CCTNS,SRC_P_04777,1.0,CANONICAL_ID,True
PSI_04778,P_04778,MUMBAI_POLICE_CCTNS,SRC_P_04778,1.0,CANONICAL_ID,True
PSI_04779,P_04779,MUMBAI_POLICE_CCTNS,SRC_P_04779,1.0,CANONICAL_ID,True
PSI_04780,P_04780,MUMBAI_POLICE_CCTNS,SRC_P_04780,1.0,CANONICAL_ID,True
PSI_04781,P_04781,MUMBAI_POLICE_CCTNS,SRC_P_04781,1.0,CANONICAL_ID,True
PSI_04782,P_04782,MUMBAI_POLICE_CCTNS,SRC_P_04782,1.0,CANONICAL_ID,True
PSI_04783,P_04783,MUMBAI_POLICE_CCTNS,SRC_P_04783,1.0,CANONICAL_ID,True
PSI_04784,P_04784,MUMBAI_POLICE_CCTNS,SRC_P_04784,1.0,CANONICAL_ID,True
PSI_04785,P_04785,MUMBAI_POLICE_CCTNS,SRC_P_04785,1.0,CANONICAL_ID,True
PSI_04786,P_04786,MUMBAI_POLICE_CCTNS,SRC_P_04786,1.0,CANONICAL_ID,True
PSI_04787,P_04787,MUMBAI_POLICE_CCTNS,SRC_P_04787,1.0,CANONICAL_ID,True
PSI_04788,P_04788,MUMBAI_POLICE_CCTNS,SRC_P_04788,1.0,CANONICAL_ID,True
PSI_04789,P_04789,MUMBAI_POLICE_CCTNS,SRC_P_04789,1.0,CANONICAL_ID,True
PSI_04790,P_04790,MUMBAI_POLICE_CCTNS,SRC_P_04790,1.0,CANONICAL_ID,True
PSI_04791,P_04791,MUMBAI_POLICE_CCTNS,SRC_P_04791,1.0,CANONICAL_ID,True
PSI_04792,P_04792,MUMBAI_POLICE_CCTNS,SRC_P_04792,1.0,CANONICAL_ID,True
PSI_04793,P_04793,MUMBAI_POLICE_CCTNS,SRC_P_04793,1.0,CANONICAL_ID,True
PSI_04794,P_04794,MUMBAI_POLICE_CCTNS,SRC_P_04794,1.0,CANONICAL_ID,True
PSI_04795,P_04795,MUMBAI_POLICE_CCTNS,SRC_P_04795,1.0,CANONICAL_ID,True
PSI_04796,P_04796,MUMBAI_POLICE_CCTNS,SRC_P_04796,1.0,CANONICAL_ID,True
PSI_04797,P_04797,MUMBAI_POLICE_CCTNS,SRC_P_04797,1.0,CANONICAL_ID,True
PSI_04798,P_04798,MUMBAI_POLICE_CCTNS,SRC_P_04798,1.0,CANONICAL_ID,True
PSI_04799,P_04799,MUMBAI_POLICE_CCTNS,SRC_P_04799,1.0,CANONICAL_ID,True
PSI_04800,P_04800,MUMBAI_POLICE_CCTNS,SRC_P_04800,1.0,CANONICAL_ID,True
PSI_04801,P_04801,MUMBAI_POLICE_CCTNS,SRC_P_04801,1.0,CANONICAL_ID,True
PSI_04802,P_04802,MUMBAI_POLICE_CCTNS,SRC_P_04802,1.0,CANONICAL_ID,True
PSI_04803,P_04803,MUMBAI_POLICE_CCTNS,SRC_P_04803,1.0,CANONICAL_ID,True
PSI_04804,P_04804,MUMBAI_POLICE_CCTNS,SRC_P_04804,1.0,CANONICAL_ID,True
PSI_04805,P_04805,MUMBAI_POLICE_CCTNS,SRC_P_04805,1.0,CANONICAL_ID,True
PSI_04806,P_04806,MUMBAI_POLICE_CCTNS,SRC_P_04806,1.0,CANONICAL_ID,True
PSI_04807,P_04807,MUMBAI_POLICE_CCTNS,SRC_P_04807,1.0,CANONICAL_ID,True
PSI_04808,P_04808,MUMBAI_POLICE_CCTNS,SRC_P_04808,1.0,CANONICAL_ID,True
PSI_04809,P_04809,MUMBAI_POLICE_CCTNS,SRC_P_04809,1.0,CANONICAL_ID,True
PSI_04810,P_04810,MUMBAI_POLICE_CCTNS,SRC_P_04810,1.0,CANONICAL_ID,True
PSI_04811,P_04811,MUMBAI_POLICE_CCTNS,SRC_P_04811,1.0,CANONICAL_ID,True
PSI_04812,P_04812,MUMBAI_POLICE_CCTNS,SRC_P_04812,1.0,CANONICAL_ID,True
PSI_04813,P_04813,MUMBAI_POLICE_CCTNS,SRC_P_04813,1.0,CANONICAL_ID,True
PSI_04814,P_04814,MUMBAI_POLICE_CCTNS,SRC_P_04814,1.0,CANONICAL_ID,True
PSI_04815,P_04815,MUMBAI_POLICE_CCTNS,SRC_P_04815,1.0,CANONICAL_ID,True
PSI_04816,P_04816,MUMBAI_POLICE_CCTNS,SRC_P_04816,1.0,CANONICAL_ID,True
PSI_04817,P_04817,MUMBAI_POLICE_CCTNS,SRC_P_04817,1.0,CANONICAL_ID,True
PSI_04818,P_04818,MUMBAI_POLICE_CCTNS,SRC_P_04818,1.0,CANONICAL_ID,True
PSI_04819,P_04819,MUMBAI_POLICE_CCTNS,SRC_P_04819,1.0,CANONICAL_ID,True
PSI_04820,P_04820,MUMBAI_POLICE_CCTNS,SRC_P_04820,1.0,CANONICAL_ID,True
PSI_04821,P_04821,MUMBAI_POLICE_CCTNS,SRC_P_04821,1.0,CANONICAL_ID,True
PSI_04822,P_04822,MUMBAI_POLICE_CCTNS,SRC_P_04822,1.0,CANONICAL_ID,True
PSI_04823,P_04823,MUMBAI_POLICE_CCTNS,SRC_P_04823,1.0,CANONICAL_ID,True
PSI_04824,P_04824,MUMBAI_POLICE_CCTNS,SRC_P_04824,1.0,CANONICAL_ID,True
PSI_04825,P_04825,MUMBAI_POLICE_CCTNS,SRC_P_04825,1.0,CANONICAL_ID,True
PSI_04826,P_04826,MUMBAI_POLICE_CCTNS,SRC_P_04826,1.0,CANONICAL_ID,True
PSI_04827,P_04827,MUMBAI_POLICE_CCTNS,SRC_P_04827,1.0,CANONICAL_ID,True
PSI_04828,P_04828,MUMBAI_POLICE_CCTNS,SRC_P_04828,1.0,CANONICAL_ID,True
PSI_04829,P_04829,MUMBAI_POLICE_CCTNS,SRC_P_04829,1.0,CANONICAL_ID,True
PSI_04830,P_04830,MUMBAI_POLICE_CCTNS,SRC_P_04830,1.0,CANONICAL_ID,True
PSI_04831,P_04831,MUMBAI_POLICE_CCTNS,SRC_P_04831,1.0,CANONICAL_ID,True
PSI_04832,P_04832,MUMBAI_POLICE_CCTNS,SRC_P_04832,1.0,CANONICAL_ID,True
PSI_04833,P_04833,MUMBAI_POLICE_CCTNS,SRC_P_04833,1.0,CANONICAL_ID,True
PSI_04834,P_04834,MUMBAI_POLICE_CCTNS,SRC_P_04834,1.0,CANONICAL_ID,True
PSI_04835,P_04835,MUMBAI_POLICE_CCTNS,SRC_P_04835,1.0,CANONICAL_ID,True
PSI_04836,P_04836,MUMBAI_POLICE_CCTNS,SRC_P_04836,1.0,CANONICAL_ID,True
PSI_04837,P_04837,MUMBAI_POLICE_CCTNS,SRC_P_04837,1.0,CANONICAL_ID,True
PSI_04838,P_04838,MUMBAI_POLICE_CCTNS,SRC_P_04838,1.0,CANONICAL_ID,True
PSI_04839,P_04839,MUMBAI_POLICE_CCTNS,SRC_P_04839,1.0,CANONICAL_ID,True
PSI_04840,P_04840,MUMBAI_POLICE_CCTNS,SRC_P_04840,1.0,CANONICAL_ID,True
PSI_04841,P_04841,MUMBAI_POLICE_CCTNS,SRC_P_04841,1.0,CANONICAL_ID,True
PSI_04842,P_04842,MUMBAI_POLICE_CCTNS,SRC_P_04842,1.0,CANONICAL_ID,True
PSI_04843,P_04843,MUMBAI_POLICE_CCTNS,SRC_P_04843,1.0,CANONICAL_ID,True
PSI_04844,P_04844,MUMBAI_POLICE_CCTNS,SRC_P_04844,1.0,CANONICAL_ID,True
PSI_04845,P_04845,MUMBAI_POLICE_CCTNS,SRC_P_04845,1.0,CANONICAL_ID,True
PSI_04846,P_04846,MUMBAI_POLICE_CCTNS,SRC_P_04846,1.0,CANONICAL_ID,True
PSI_04847,P_04847,MUMBAI_POLICE_CCTNS,SRC_P_04847,1.0,CANONICAL_ID,True
PSI_04848,P_04848,MUMBAI_POLICE_CCTNS,SRC_P_04848,1.0,CANONICAL_ID,True
PSI_04849,P_04849,MUMBAI_POLICE_CCTNS,SRC_P_04849,1.0,CANONICAL_ID,True
PSI_04850,P_04850,MUMBAI_POLICE_CCTNS,SRC_P_04850,1.0,CANONICAL_ID,True
PSI_04851,P_04851,MUMBAI_POLICE_CCTNS,SRC_P_04851,1.0,CANONICAL_ID,True
PSI_04852,P_04852,MUMBAI_POLICE_CCTNS,SRC_P_04852,1.0,CANONICAL_ID,True
PSI_04853,P_04853,MUMBAI_POLICE_CCTNS,SRC_P_04853,1.0,CANONICAL_ID,True
PSI_04854,P_04854,MUMBAI_POLICE_CCTNS,SRC_P_04854,1.0,CANONICAL_ID,True
PSI_04855,P_04855,MUMBAI_POLICE_CCTNS,SRC_P_04855,1.0,CANONICAL_ID,True
PSI_04856,P_04856,MUMBAI_POLICE_CCTNS,SRC_P_04856,1.0,CANONICAL_ID,True
PSI_04857,P_04857,MUMBAI_POLICE_CCTNS,SRC_P_04857,1.0,CANONICAL_ID,True
PSI_04858,P_04858,MUMBAI_POLICE_CCTNS,SRC_P_04858,1.0,CANONICAL_ID,True
PSI_04859,P_04859,MUMBAI_POLICE_CCTNS,SRC_P_04859,1.0,CANONICAL_ID,True
PSI_04860,P_04860,MUMBAI_POLICE_CCTNS,SRC_P_04860,1.0,CANONICAL_ID,True
PSI_04861,P_04861,MUMBAI_POLICE_CCTNS,SRC_P_04861,1.0,CANONICAL_ID,True
PSI_04862,P_04862,MUMBAI_POLICE_CCTNS,SRC_P_04862,1.0,CANONICAL_ID,True
PSI_04863,P_04863,MUMBAI_POLICE_CCTNS,SRC_P_04863,1.0,CANONICAL_ID,True
PSI_04864,P_04864,MUMBAI_POLICE_CCTNS,SRC_P_04864,1.0,CANONICAL_ID,True
PSI_04865,P_04865,MUMBAI_POLICE_CCTNS,SRC_P_04865,1.0,CANONICAL_ID,True
PSI_04866,P_04866,MUMBAI_POLICE_CCTNS,SRC_P_04866,1.0,CANONICAL_ID,True
PSI_04867,P_04867,MUMBAI_POLICE_CCTNS,SRC_P_04867,1.0,CANONICAL_ID,True
PSI_04868,P_04868,MUMBAI_POLICE_CCTNS,SRC_P_04868,1.0,CANONICAL_ID,True
PSI_04869,P_04869,MUMBAI_POLICE_CCTNS,SRC_P_04869,1.0,CANONICAL_ID,True
PSI_04870,P_04870,MUMBAI_POLICE_CCTNS,SRC_P_04870,1.0,CANONICAL_ID,True
PSI_04871,P_04871,MUMBAI_POLICE_CCTNS,SRC_P_04871,1.0,CANONICAL_ID,True
PSI_04872,P_04872,MUMBAI_POLICE_CCTNS,SRC_P_04872,1.0,CANONICAL_ID,True
PSI_04873,P_04873,MUMBAI_POLICE_CCTNS,SRC_P_04873,1.0,CANONICAL_ID,True
PSI_04874,P_04874,MUMBAI_POLICE_CCTNS,SRC_P_04874,1.0,CANONICAL_ID,True
PSI_04875,P_04875,MUMBAI_POLICE_CCTNS,SRC_P_04875,1.0,CANONICAL_ID,True
PSI_04876,P_04876,MUMBAI_POLICE_CCTNS,SRC_P_04876,1.0,CANONICAL_ID,True
PSI_04877,P_04877,MUMBAI_POLICE_CCTNS,SRC_P_04877,1.0,CANONICAL_ID,True
PSI_04878,P_04878,MUMBAI_POLICE_CCTNS,SRC_P_04878,1.0,CANONICAL_ID,True
PSI_04879,P_04879,MUMBAI_POLICE_CCTNS,SRC_P_04879,1.0,CANONICAL_ID,True
PSI_04880,P_04880,MUMBAI_POLICE_CCTNS,SRC_P_04880,1.0,CANONICAL_ID,True
PSI_04881,P_04881,MUMBAI_POLICE_CCTNS,SRC_P_04881,1.0,CANONICAL_ID,True
PSI_04882,P_04882,MUMBAI_POLICE_CCTNS,SRC_P_04882,1.0,CANONICAL_ID,True
PSI_04883,P_04883,MUMBAI_POLICE_CCTNS,SRC_P_04883,1.0,CANONICAL_ID,True
PSI_04884,P_04884,MUMBAI_POLICE_CCTNS,SRC_P_04884,1.0,CANONICAL_ID,True
PSI_04885,P_04885,MUMBAI_POLICE_CCTNS,SRC_P_04885,1.0,CANONICAL_ID,True
PSI_04886,P_04886,MUMBAI_POLICE_CCTNS,SRC_P_04886,1.0,CANONICAL_ID,True
PSI_04887,P_04887,MUMBAI_POLICE_CCTNS,SRC_P_04887,1.0,CANONICAL_ID,True
PSI_04888,P_04888,MUMBAI_POLICE_CCTNS,SRC_P_04888,1.0,CANONICAL_ID,True
PSI_04889,P_04889,MUMBAI_POLICE_CCTNS,SRC_P_04889,1.0,CANONICAL_ID,True
PSI_04890,P_04890,MUMBAI_POLICE_CCTNS,SRC_P_04890,1.0,CANONICAL_ID,True
PSI_04891,P_04891,MUMBAI_POLICE_CCTNS,SRC_P_04891,1.0,CANONICAL_ID,True
PSI_04892,P_04892,MUMBAI_POLICE_CCTNS,SRC_P_04892,1.0,CANONICAL_ID,True
PSI_04893,P_04893,MUMBAI_POLICE_CCTNS,SRC_P_04893,1.0,CANONICAL_ID,True
PSI_04894,P_04894,MUMBAI_POLICE_CCTNS,SRC_P_04894,1.0,CANONICAL_ID,True
PSI_04895,P_04895,MUMBAI_POLICE_CCTNS,SRC_P_04895,1.0,CANONICAL_ID,True
PSI_04896,P_04896,MUMBAI_POLICE_CCTNS,SRC_P_04896,1.0,CANONICAL_ID,True
PSI_04897,P_04897,MUMBAI_POLICE_CCTNS,SRC_P_04897,1.0,CANONICAL_ID,True
PSI_04898,P_04898,MUMBAI_POLICE_CCTNS,SRC_P_04898,1.0,CANONICAL_ID,True
PSI_04899,P_04899,MUMBAI_POLICE_CCTNS,SRC_P_04899,1.0,CANONICAL_ID,True
PSI_04900,P_04900,MUMBAI_POLICE_CCTNS,SRC_P_04900,1.0,CANONICAL_ID,True
PSI_04901,P_04901,MUMBAI_POLICE_CCTNS,SRC_P_04901,1.0,CANONICAL_ID,True
PSI_04902,P_04902,MUMBAI_POLICE_CCTNS,SRC_P_04902,1.0,CANONICAL_ID,True
PSI_04903,P_04903,MUMBAI_POLICE_CCTNS,SRC_P_04903,1.0,CANONICAL_ID,True
PSI_04904,P_04904,MUMBAI_POLICE_CCTNS,SRC_P_04904,1.0,CANONICAL_ID,True
PSI_04905,P_04905,MUMBAI_POLICE_CCTNS,SRC_P_04905,1.0,CANONICAL_ID,True
PSI_04906,P_04906,MUMBAI_POLICE_CCTNS,SRC_P_04906,1.0,CANONICAL_ID,True
PSI_04907,P_04907,MUMBAI_POLICE_CCTNS,SRC_P_04907,1.0,CANONICAL_ID,True
PSI_04908,P_04908,MUMBAI_POLICE_CCTNS,SRC_P_04908,1.0,CANONICAL_ID,True
PSI_04909,P_04909,MUMBAI_POLICE_CCTNS,SRC_P_04909,1.0,CANONICAL_ID,True
PSI_04910,P_04910,MUMBAI_POLICE_CCTNS,SRC_P_04910,1.0,CANONICAL_ID,True
PSI_04911,P_04911,MUMBAI_POLICE_CCTNS,SRC_P_04911,1.0,CANONICAL_ID,True
PSI_04912,P_04912,MUMBAI_POLICE_CCTNS,SRC_P_04912,1.0,CANONICAL_ID,True
PSI_04913,P_04913,MUMBAI_POLICE_CCTNS,SRC_P_04913,1.0,CANONICAL_ID,True
PSI_04914,P_04914,MUMBAI_POLICE_CCTNS,SRC_P_04914,1.0,CANONICAL_ID,True
PSI_04915,P_04915,MUMBAI_POLICE_CCTNS,SRC_P_04915,1.0,CANONICAL_ID,True
PSI_04916,P_04916,MUMBAI_POLICE_CCTNS,SRC_P_04916,1.0,CANONICAL_ID,True
PSI_04917,P_04917,MUMBAI_POLICE_CCTNS,SRC_P_04917,1.0,CANONICAL_ID,True
PSI_04918,P_04918,MUMBAI_POLICE_CCTNS,SRC_P_04918,1.0,CANONICAL_ID,True
PSI_04919,P_04919,MUMBAI_POLICE_CCTNS,SRC_P_04919,1.0,CANONICAL_ID,True
PSI_04920,P_04920,MUMBAI_POLICE_CCTNS,SRC_P_04920,1.0,CANONICAL_ID,True
PSI_04921,P_04921,MUMBAI_POLICE_CCTNS,SRC_P_04921,1.0,CANONICAL_ID,True
PSI_04922,P_04922,MUMBAI_POLICE_CCTNS,SRC_P_04922,1.0,CANONICAL_ID,True
PSI_04923,P_04923,MUMBAI_POLICE_CCTNS,SRC_P_04923,1.0,CANONICAL_ID,True
PSI_04924,P_04924,MUMBAI_POLICE_CCTNS,SRC_P_04924,1.0,CANONICAL_ID,True
PSI_04925,P_04925,MUMBAI_POLICE_CCTNS,SRC_P_04925,1.0,CANONICAL_ID,True
PSI_04926,P_04926,MUMBAI_POLICE_CCTNS,SRC_P_04926,1.0,CANONICAL_ID,True
PSI_04927,P_04927,MUMBAI_POLICE_CCTNS,SRC_P_04927,1.0,CANONICAL_ID,True
PSI_04928,P_04928,MUMBAI_POLICE_CCTNS,SRC_P_04928,1.0,CANONICAL_ID,True
PSI_04929,P_04929,MUMBAI_POLICE_CCTNS,SRC_P_04929,1.0,CANONICAL_ID,True
PSI_04930,P_04930,MUMBAI_POLICE_CCTNS,SRC_P_04930,1.0,CANONICAL_ID,True
PSI_04931,P_04931,MUMBAI_POLICE_CCTNS,SRC_P_04931,1.0,CANONICAL_ID,True
PSI_04932,P_04932,MUMBAI_POLICE_CCTNS,SRC_P_04932,1.0,CANONICAL_ID,True
PSI_04933,P_04933,MUMBAI_POLICE_CCTNS,SRC_P_04933,1.0,CANONICAL_ID,True
PSI_04934,P_04934,MUMBAI_POLICE_CCTNS,SRC_P_04934,1.0,CANONICAL_ID,True
PSI_04935,P_04935,MUMBAI_POLICE_CCTNS,SRC_P_04935,1.0,CANONICAL_ID,True
PSI_04936,P_04936,MUMBAI_POLICE_CCTNS,SRC_P_04936,1.0,CANONICAL_ID,True
PSI_04937,P_04937,MUMBAI_POLICE_CCTNS,SRC_P_04937,1.0,CANONICAL_ID,True
PSI_04938,P_04938,MUMBAI_POLICE_CCTNS,SRC_P_04938,1.0,CANONICAL_ID,True
PSI_04939,P_04939,MUMBAI_POLICE_CCTNS,SRC_P_04939,1.0,CANONICAL_ID,True
PSI_04940,P_04940,MUMBAI_POLICE_CCTNS,SRC_P_04940,1.0,CANONICAL_ID,True
PSI_04941,P_04941,MUMBAI_POLICE_CCTNS,SRC_P_04941,1.0,CANONICAL_ID,True
PSI_04942,P_04942,MUMBAI_POLICE_CCTNS,SRC_P_04942,1.0,CANONICAL_ID,True
PSI_04943,P_04943,MUMBAI_POLICE_CCTNS,SRC_P_04943,1.0,CANONICAL_ID,True
PSI_04944,P_04944,MUMBAI_POLICE_CCTNS,SRC_P_04944,1.0,CANONICAL_ID,True
PSI_04945,P_04945,MUMBAI_POLICE_CCTNS,SRC_P_04945,1.0,CANONICAL_ID,True
PSI_04946,P_04946,MUMBAI_POLICE_CCTNS,SRC_P_04946,1.0,CANONICAL_ID,True
PSI_04947,P_04947,MUMBAI_POLICE_CCTNS,SRC_P_04947,1.0,CANONICAL_ID,True
PSI_04948,P_04948,MUMBAI_POLICE_CCTNS,SRC_P_04948,1.0,CANONICAL_ID,True
PSI_04949,P_04949,MUMBAI_POLICE_CCTNS,SRC_P_04949,1.0,CANONICAL_ID,True
PSI_04950,P_04950,MUMBAI_POLICE_CCTNS,SRC_P_04950,1.0,CANONICAL_ID,True
PSI_04951,P_04951,MUMBAI_POLICE_CCTNS,SRC_P_04951,1.0,CANONICAL_ID,True
PSI_04952,P_04952,MUMBAI_POLICE_CCTNS,SRC_P_04952,1.0,CANONICAL_ID,True
PSI_04953,P_04953,MUMBAI_POLICE_CCTNS,SRC_P_04953,1.0,CANONICAL_ID,True
PSI_04954,P_04954,MUMBAI_POLICE_CCTNS,SRC_P_04954,1.0,CANONICAL_ID,True
PSI_04955,P_04955,MUMBAI_POLICE_CCTNS,SRC_P_04955,1.0,CANONICAL_ID,True
PSI_04956,P_04956,MUMBAI_POLICE_CCTNS,SRC_P_04956,1.0,CANONICAL_ID,True
PSI_04957,P_04957,MUMBAI_POLICE_CCTNS,SRC_P_04957,1.0,CANONICAL_ID,True
PSI_04958,P_04958,MUMBAI_POLICE_CCTNS,SRC_P_04958,1.0,CANONICAL_ID,True
PSI_04959,P_04959,MUMBAI_POLICE_CCTNS,SRC_P_04959,1.0,CANONICAL_ID,True
PSI_04960,P_04960,MUMBAI_POLICE_CCTNS,SRC_P_04960,1.0,CANONICAL_ID,True
PSI_04961,P_04961,MUMBAI_POLICE_CCTNS,SRC_P_04961,1.0,CANONICAL_ID,True
PSI_04962,P_04962,MUMBAI_POLICE_CCTNS,SRC_P_04962,1.0,CANONICAL_ID,True
PSI_04963,P_04963,MUMBAI_POLICE_CCTNS,SRC_P_04963,1.0,CANONICAL_ID,True
PSI_04964,P_04964,MUMBAI_POLICE_CCTNS,SRC_P_04964,1.0,CANONICAL_ID,True
PSI_04965,P_04965,MUMBAI_POLICE_CCTNS,SRC_P_04965,1.0,CANONICAL_ID,True
PSI_04966,P_04966,MUMBAI_POLICE_CCTNS,SRC_P_04966,1.0,CANONICAL_ID,True
PSI_04967,P_04967,MUMBAI_POLICE_CCTNS,SRC_P_04967,1.0,CANONICAL_ID,True
PSI_04968,P_04968,MUMBAI_POLICE_CCTNS,SRC_P_04968,1.0,CANONICAL_ID,True
PSI_04969,P_04969,MUMBAI_POLICE_CCTNS,SRC_P_04969,1.0,CANONICAL_ID,True
PSI_04970,P_04970,MUMBAI_POLICE_CCTNS,SRC_P_04970,1.0,CANONICAL_ID,True
PSI_04971,P_04971,MUMBAI_POLICE_CCTNS,SRC_P_04971,1.0,CANONICAL_ID,True
PSI_04972,P_04972,MUMBAI_POLICE_CCTNS,SRC_P_04972,1.0,CANONICAL_ID,True
PSI_04973,P_04973,MUMBAI_POLICE_CCTNS,SRC_P_04973,1.0,CANONICAL_ID,True
PSI_04974,P_04974,MUMBAI_POLICE_CCTNS,SRC_P_04974,1.0,CANONICAL_ID,True
PSI_04975,P_04975,MUMBAI_POLICE_CCTNS,SRC_P_04975,1.0,CANONICAL_ID,True
PSI_04976,P_04976,MUMBAI_POLICE_CCTNS,SRC_P_04976,1.0,CANONICAL_ID,True
PSI_04977,P_04977,MUMBAI_POLICE_CCTNS,SRC_P_04977,1.0,CANONICAL_ID,True
PSI_04978,P_04978,MUMBAI_POLICE_CCTNS,SRC_P_04978,1.0,CANONICAL_ID,True
PSI_04979,P_04979,MUMBAI_POLICE_CCTNS,SRC_P_04979,1.0,CANONICAL_ID,True
PSI_04980,P_04980,MUMBAI_POLICE_CCTNS,SRC_P_04980,1.0,CANONICAL_ID,True
PSI_04981,P_04981,MUMBAI_POLICE_CCTNS,SRC_P_04981,1.0,CANONICAL_ID,True
PSI_04982,P_04982,MUMBAI_POLICE_CCTNS,SRC_P_04982,1.0,CANONICAL_ID,True
PSI_04983,P_04983,MUMBAI_POLICE_CCTNS,SRC_P_04983,1.0,CANONICAL_ID,True
PSI_04984,P_04984,MUMBAI_POLICE_CCTNS,SRC_P_04984,1.0,CANONICAL_ID,True
PSI_04985,P_04985,MUMBAI_POLICE_CCTNS,SRC_P_04985,1.0,CANONICAL_ID,True
PSI_04986,P_04986,MUMBAI_POLICE_CCTNS,SRC_P_04986,1.0,CANONICAL_ID,True
PSI_04987,P_04987,MUMBAI_POLICE_CCTNS,SRC_P_04987,1.0,CANONICAL_ID,True
PSI_04988,P_04988,MUMBAI_POLICE_CCTNS,SRC_P_04988,1.0,CANONICAL_ID,True
PSI_04989,P_04989,MUMBAI_POLICE_CCTNS,SRC_P_04989,1.0,CANONICAL_ID,True
PSI_04990,P_04990,MUMBAI_POLICE_CCTNS,SRC_P_04990,1.0,CANONICAL_ID,True
PSI_04991,P_04991,MUMBAI_POLICE_CCTNS,SRC_P_04991,1.0,CANONICAL_ID,True
PSI_04992,P_04992,MUMBAI_POLICE_CCTNS,SRC_P_04992,1.0,CANONICAL_ID,True
PSI_04993,P_04993,MUMBAI_POLICE_CCTNS,SRC_P_04993,1.0,CANONICAL_ID,True
PSI_04994,P_04994,MUMBAI_POLICE_CCTNS,SRC_P_04994,1.0,CANONICAL_ID,True
PSI_04995,P_04995,MUMBAI_POLICE_CCTNS,SRC_P_04995,1.0,CANONICAL_ID,True
PSI_04996,P_04996,MUMBAI_POLICE_CCTNS,SRC_P_04996,1.0,CANONICAL_ID,True
PSI_04997,P_04997,MUMBAI_POLICE_CCTNS,SRC_P_04997,1.0,CANONICAL_ID,True
PSI_04998,P_04998,MUMBAI_POLICE_CCTNS,SRC_P_04998,1.0,CANONICAL_ID,True
PSI_04999,P_04999,MUMBAI_POLICE_CCTNS,SRC_P_04999,1.0,CANONICAL_ID,True
PSI_05000,P_05000,MUMBAI_POLICE_CCTNS,SRC_P_05000,1.0,CANONICAL_ID,True
