link_id,person_id,vehicle_id,relation_type,valid_from,valid_to,confidence,evidence_id,synthetic_demo_record
PVL_0001,P_01937,VEH_0001,Registered_Owner,2024-01-01,2026-12-31,0.98,EVI_VEH_REG_0001,True
PVL_0002,P_03783,VEH_0002,Registered_Owner,2024-01-01,2026-12-31,0.98,EVI_VEH_REG_0002,True
PVL_0003,P_00321,VEH_0003,Registered_Owner,2024-01-01,2026-12-31,0.98,EVI_VEH_REG_0003,True
PVL_0004,P_02299,VEH_0004,Registered_Owner,2024-01-01,2026-12-31,0.98,EVI_VEH_REG_0004,True
PVL_0005,P_00386,VEH_0005,Registered_Owner,2024-01-01,2026-12-31,0.98,EVI_VEH_REG_0005,True
PVL_0006,P_00842,VEH_0006,Registered_Owner,2024-01-01,2026-12-31,0.98,EVI_VEH_REG_0006,True
PVL_0007,P_03570,VEH_0007,Registered_Owner,2024-01-01,2026-12-31,0.98,EVI_VEH_REG_0007,True
PVL_0008,P_00041,VEH_0008,Registered_Owner,2024-01-01,2026-12-31,0.98,EVI_VEH_REG_0008,True
PVL_0009,P_00615,VEH_0009,Registered_Owner,2024-01-01,2026-12-31,0.98,EVI_VEH_REG_0009,True
PVL_0010,P_01396,VEH_0010,Registered_Owner,2024-01-01,2026-12-31,0.98,EVI_VEH_REG_0010,True
PVL_0011,P_03661,VEH_0011,Registered_Owner,2024-01-01,2026-12-31,0.98,EVI_VEH_REG_0011,True
PVL_0012,P_02638,VEH_0012,Registered_Owner,2024-01-01,2026-12-31,0.98,EVI_VEH_REG_0012,True
PVL_0013,P_04576,VEH_0013,Registered_Owner,2024-01-01,2026-12-31,0.98,EVI_VEH_REG_0013,True
PVL_0014,P_01741,VEH_0014,Registered_Owner,2024-01-01,2026-12-31,0.98,EVI_VEH_REG_0014,True
PVL_0015,P_02789,VEH_0015,Registered_Owner,2024-01-01,2026-12-31,0.98,EVI_VEH_REG_0015,True
PVL_0016,P_03720,VEH_0016,Registered_Owner,2024-01-01,2026-12-31,0.98,EVI_VEH_REG_0016,True
PVL_0017,P_03707,VEH_0017,Registered_Owner,2024-01-01,2026-12-31,0.98,EVI_VEH_REG_0017,True
PVL_0018,P_04729,VEH_0018,Registered_Owner,2024-01-01,2026-12-31,0.98,EVI_VEH_REG_0018,True
PVL_0019,P_00136,VEH_0019,Registered_Owner,2024-01-01,2026-12-31,0.98,EVI_VEH_REG_0019,True
PVL_0020,P_02884,VEH_0020,Registered_Owner,2024-01-01,2026-12-31,0.98,EVI_VEH_REG_0020,True
PVL_0021,P_01234,VEH_0021,Registered_Owner,2024-01-01,2026-12-31,0.98,EVI_VEH_REG_0021,True
PVL_0022,P_03030,VEH_0022,Registered_Owner,2024-01-01,2026-12-31,0.98,EVI_VEH_REG_0022,True
PVL_0023,P_02457,VEH_0023,Registered_Owner,2024-01-01,2026-12-31,0.98,EVI_VEH_REG_0023,True
PVL_0024,P_04345,VEH_0024,Registered_Owner,2024-01-01,2026-12-31,0.98,EVI_VEH_REG_0024,True
PVL_0025,P_00944,VEH_0025,Registered_Owner,2024-01-01,2026-12-31,0.98,EVI_VEH_REG_0025,True
PVL_0026,P_02305,VEH_0026,Registered_Owner,2024-01-01,2026-12-31,0.98,EVI_VEH_REG_0026,True
PVL_0027,P_01802,VEH_0027,Registered_Owner,2024-01-01,2026-12-31,0.98,EVI_VEH_REG_0027,True
PVL_0028,P_04885,VEH_0028,Registered_Owner,2024-01-01,2026-12-31,0.98,EVI_VEH_REG_0028,True
PVL_0029,P_01955,VEH_0029,Registered_Owner,2024-01-01,2026-12-31,0.98,EVI_VEH_REG_0029,True
PVL_0030,P_01162,VEH_0030,Registered_Owner,2024-01-01,2026-12-31,0.98,EVI_VEH_REG_0030,True
PVL_0031,P_01399,VEH_0031,Registered_Owner,2024-01-01,2026-12-31,0.98,EVI_VEH_REG_0031,True
PVL_0032,P_02076,VEH_0032,Registered_Owner,2024-01-01,2026-12-31,0.98,EVI_VEH_REG_0032,True
PVL_0033,P_04400,VEH_0033,Registered_Owner,2024-01-01,2026-12-31,0.98,EVI_VEH_REG_0033,True
PVL_0034,P_04116,VEH_0034,Registered_Owner,2024-01-01,2026-12-31,0.98,EVI_VEH_REG_0034,True
PVL_0035,P_00112,VEH_0035,Registered_Owner,2024-01-01,2026-12-31,0.98,EVI_VEH_REG_0035,True
PVL_0036,P_00924,VEH_0036,Registered_Owner,2024-01-01,2026-12-31,0.98,EVI_VEH_REG_0036,True
PVL_0037,P_01161,VEH_0037,Registered_Owner,2024-01-01,2026-12-31,0.98,EVI_VEH_REG_0037,True
PVL_0038,P_01691,VEH_0038,Registered_Owner,2024-01-01,2026-12-31,0.98,EVI_VEH_REG_0038,True
PVL_0039,P_04060,VEH_0039,Registered_Owner,2024-01-01,2026-12-31,0.98,EVI_VEH_REG_0039,True
PVL_0040,P_03204,VEH_0040,Registered_Owner,2024-01-01,2026-12-31,0.98,EVI_VEH_REG_0040,True
PVL_0041,P_01008,VEH_0041,Registered_Owner,2024-01-01,2026-12-31,0.98,EVI_VEH_REG_0041,True
PVL_0042,P_00903,VEH_0042,Registered_Owner,2024-01-01,2026-12-31,0.98,EVI_VEH_REG_0042,True
PVL_0043,P_02422,VEH_0043,Registered_Owner,2024-01-01,2026-12-31,0.98,EVI_VEH_REG_0043,True
PVL_0044,P_03719,VEH_0044,Registered_Owner,2024-01-01,2026-12-31,0.98,EVI_VEH_REG_0044,True
PVL_0045,P_02506,VEH_0045,Registered_Owner,2024-01-01,2026-12-31,0.98,EVI_VEH_REG_0045,True
PVL_0046,P_01129,VEH_0046,Registered_Owner,2024-01-01,2026-12-31,0.98,EVI_VEH_REG_0046,True
PVL_0047,P_00705,VEH_0047,Registered_Owner,2024-01-01,2026-12-31,0.98,EVI_VEH_REG_0047,True
PVL_0048,P_02431,VEH_0048,Registered_Owner,2024-01-01,2026-12-31,0.98,EVI_VEH_REG_0048,True
PVL_0049,P_03270,VEH_0049,Registered_Owner,2024-01-01,2026-12-31,0.98,EVI_VEH_REG_0049,True
PVL_0050,P_02642,VEH_0050,Registered_Owner,2024-01-01,2026-12-31,0.98,EVI_VEH_REG_0050,True
PVL_0051,P_02047,VEH_0051,Registered_Owner,2024-01-01,2026-12-31,0.98,EVI_VEH_REG_0051,True
PVL_0052,P_03080,VEH_0052,Registered_Owner,2024-01-01,2026-12-31,0.98,EVI_VEH_REG_0052,True
PVL_0053,P_02930,VEH_0053,Registered_Owner,2024-01-01,2026-12-31,0.98,EVI_VEH_REG_0053,True
PVL_0054,P_00227,VEH_0054,Registered_Owner,2024-01-01,2026-12-31,0.98,EVI_VEH_REG_0054,True
PVL_0055,P_04755,VEH_0055,Registered_Owner,2024-01-01,2026-12-31,0.98,EVI_VEH_REG_0055,True
PVL_0056,P_03217,VEH_0056,Registered_Owner,2024-01-01,2026-12-31,0.98,EVI_VEH_REG_0056,True
PVL_0057,P_00446,VEH_0057,Registered_Owner,2024-01-01,2026-12-31,0.98,EVI_VEH_REG_0057,True
PVL_0058,P_04869,VEH_0058,Registered_Owner,2024-01-01,2026-12-31,0.98,EVI_VEH_REG_0058,True
PVL_0059,P_04790,VEH_0059,Registered_Owner,2024-01-01,2026-12-31,0.98,EVI_VEH_REG_0059,True
PVL_0060,P_01832,VEH_0060,Registered_Owner,2024-01-01,2026-12-31,0.98,EVI_VEH_REG_0060,True
PVL_0061,P_01645,VEH_0061,Registered_Owner,2024-01-01,2026-12-31,0.98,EVI_VEH_REG_0061,True
PVL_0062,P_00794,VEH_0062,Registered_Owner,2024-01-01,2026-12-31,0.98,EVI_VEH_REG_0062,True
PVL_0063,P_03201,VEH_0063,Registered_Owner,2024-01-01,2026-12-31,0.98,EVI_VEH_REG_0063,True
PVL_0064,P_04075,VEH_0064,Registered_Owner,2024-01-01,2026-12-31,0.98,EVI_VEH_REG_0064,True
PVL_0065,P_01199,VEH_0065,Registered_Owner,2024-01-01,2026-12-31,0.98,EVI_VEH_REG_0065,True
PVL_0066,P_04287,VEH_0066,Registered_Owner,2024-01-01,2026-12-31,0.98,EVI_VEH_REG_0066,True
PVL_0067,P_03010,VEH_0067,Registered_Owner,2024-01-01,2026-12-31,0.98,EVI_VEH_REG_0067,True
PVL_0068,P_03481,VEH_0068,Registered_Owner,2024-01-01,2026-12-31,0.98,EVI_VEH_REG_0068,True
PVL_0069,P_04756,VEH_0069,Registered_Owner,2024-01-01,2026-12-31,0.98,EVI_VEH_REG_0069,True
PVL_0070,P_02906,VEH_0070,Registered_Owner,2024-01-01,2026-12-31,0.98,EVI_VEH_REG_0070,True
PVL_0071,P_02931,VEH_0071,Registered_Owner,2024-01-01,2026-12-31,0.98,EVI_VEH_REG_0071,True
PVL_0072,P_01430,VEH_0072,Registered_Owner,2024-01-01,2026-12-31,0.98,EVI_VEH_REG_0072,True
PVL_0073,P_02329,VEH_0073,Registered_Owner,2024-01-01,2026-12-31,0.98,EVI_VEH_REG_0073,True
PVL_0074,P_03865,VEH_0074,Registered_Owner,2024-01-01,2026-12-31,0.98,EVI_VEH_REG_0074,True
PVL_0075,P_01061,VEH_0075,Registered_Owner,2024-01-01,2026-12-31,0.98,EVI_VEH_REG_0075,True
PVL_0076,P_00369,VEH_0076,Registered_Owner,2024-01-01,2026-12-31,0.98,EVI_VEH_REG_0076,True
PVL_0077,P_02652,VEH_0077,Registered_Owner,2024-01-01,2026-12-31,0.98,EVI_VEH_REG_0077,True
PVL_0078,P_00528,VEH_0078,Registered_Owner,2024-01-01,2026-12-31,0.98,EVI_VEH_REG_0078,True
PVL_0079,P_03067,VEH_0079,Registered_Owner,2024-01-01,2026-12-31,0.98,EVI_VEH_REG_0079,True
PVL_0080,P_04701,VEH_0080,Registered_Owner,2024-01-01,2026-12-31,0.98,EVI_VEH_REG_0080,True
PVL_0081,P_01649,VEH_0081,Registered_Owner,2024-01-01,2026-12-31,0.98,EVI_VEH_REG_0081,True
PVL_0082,P_04769,VEH_0082,Registered_Owner,2024-01-01,2026-12-31,0.98,EVI_VEH_REG_0082,True
PVL_0083,P_03343,VEH_0083,Registered_Owner,2024-01-01,2026-12-31,0.98,EVI_VEH_REG_0083,True
PVL_0084,P_01558,VEH_0084,Registered_Owner,2024-01-01,2026-12-31,0.98,EVI_VEH_REG_0084,True
PVL_0085,P_01130,VEH_0085,Registered_Owner,2024-01-01,2026-12-31,0.98,EVI_VEH_REG_0085,True
PVL_0086,P_01042,VEH_0086,Registered_Owner,2024-01-01,2026-12-31,0.98,EVI_VEH_REG_0086,True
PVL_0087,P_02711,VEH_0087,Registered_Owner,2024-01-01,2026-12-31,0.98,EVI_VEH_REG_0087,True
PVL_0088,P_02932,VEH_0088,Registered_Owner,2024-01-01,2026-12-31,0.98,EVI_VEH_REG_0088,True
PVL_0089,P_04338,VEH_0089,Registered_Owner,2024-01-01,2026-12-31,0.98,EVI_VEH_REG_0089,True
PVL_0090,P_02203,VEH_0090,Registered_Owner,2024-01-01,2026-12-31,0.98,EVI_VEH_REG_0090,True
PVL_0091,P_01142,VEH_0091,Registered_Owner,2024-01-01,2026-12-31,0.98,EVI_VEH_REG_0091,True
PVL_0092,P_04140,VEH_0092,Registered_Owner,2024-01-01,2026-12-31,0.98,EVI_VEH_REG_0092,True
PVL_0093,P_00580,VEH_0093,Registered_Owner,2024-01-01,2026-12-31,0.98,EVI_VEH_REG_0093,True
PVL_0094,P_01061,VEH_0094,Registered_Owner,2024-01-01,2026-12-31,0.98,EVI_VEH_REG_0094,True
PVL_0095,P_03535,VEH_0095,Registered_Owner,2024-01-01,2026-12-31,0.98,EVI_VEH_REG_0095,True
PVL_0096,P_00454,VEH_0096,Registered_Owner,2024-01-01,2026-12-31,0.98,EVI_VEH_REG_0096,True
PVL_0097,P_03950,VEH_0097,Registered_Owner,2024-01-01,2026-12-31,0.98,EVI_VEH_REG_0097,True
PVL_0098,P_04502,VEH_0098,Registered_Owner,2024-01-01,2026-12-31,0.98,EVI_VEH_REG_0098,True
PVL_0099,P_01587,VEH_0099,Registered_Owner,2024-01-01,2026-12-31,0.98,EVI_VEH_REG_0099,True
PVL_0100,P_01861,VEH_0100,Registered_Owner,2024-01-01,2026-12-31,0.98,EVI_VEH_REG_0100,True
PVL_0101,P_00466,VEH_0101,Registered_Owner,2024-01-01,2026-12-31,0.98,EVI_VEH_REG_0101,True
PVL_0102,P_02865,VEH_0102,Registered_Owner,2024-01-01,2026-12-31,0.98,EVI_VEH_REG_0102,True
PVL_0103,P_00626,VEH_0103,Registered_Owner,2024-01-01,2026-12-31,0.98,EVI_VEH_REG_0103,True
PVL_0104,P_03634,VEH_0104,Registered_Owner,2024-01-01,2026-12-31,0.98,EVI_VEH_REG_0104,True
PVL_0105,P_02240,VEH_0105,Registered_Owner,2024-01-01,2026-12-31,0.98,EVI_VEH_REG_0105,True
PVL_0106,P_02340,VEH_0106,Registered_Owner,2024-01-01,2026-12-31,0.98,EVI_VEH_REG_0106,True
PVL_0107,P_02047,VEH_0107,Registered_Owner,2024-01-01,2026-12-31,0.98,EVI_VEH_REG_0107,True
PVL_0108,P_01926,VEH_0108,Registered_Owner,2024-01-01,2026-12-31,0.98,EVI_VEH_REG_0108,True
PVL_0109,P_02326,VEH_0109,Registered_Owner,2024-01-01,2026-12-31,0.98,EVI_VEH_REG_0109,True
PVL_0110,P_04154,VEH_0110,Registered_Owner,2024-01-01,2026-12-31,0.98,EVI_VEH_REG_0110,True
PVL_0111,P_01511,VEH_0111,Registered_Owner,2024-01-01,2026-12-31,0.98,EVI_VEH_REG_0111,True
PVL_0112,P_00213,VEH_0112,Registered_Owner,2024-01-01,2026-12-31,0.98,EVI_VEH_REG_0112,True
PVL_0113,P_03556,VEH_0113,Registered_Owner,2024-01-01,2026-12-31,0.98,EVI_VEH_REG_0113,True
PVL_0114,P_03798,VEH_0114,Registered_Owner,2024-01-01,2026-12-31,0.98,EVI_VEH_REG_0114,True
PVL_0115,P_03124,VEH_0115,Registered_Owner,2024-01-01,2026-12-31,0.98,EVI_VEH_REG_0115,True
PVL_0116,P_02096,VEH_0116,Registered_Owner,2024-01-01,2026-12-31,0.98,EVI_VEH_REG_0116,True
PVL_0117,P_02250,VEH_0117,Registered_Owner,2024-01-01,2026-12-31,0.98,EVI_VEH_REG_0117,True
PVL_0118,P_01465,VEH_0118,Registered_Owner,2024-01-01,2026-12-31,0.98,EVI_VEH_REG_0118,True
PVL_0119,P_03934,VEH_0119,Registered_Owner,2024-01-01,2026-12-31,0.98,EVI_VEH_REG_0119,True
PVL_0120,P_02573,VEH_0120,Registered_Owner,2024-01-01,2026-12-31,0.98,EVI_VEH_REG_0120,True
PVL_0121,P_04151,VEH_0121,Registered_Owner,2024-01-01,2026-12-31,0.98,EVI_VEH_REG_0121,True
PVL_0122,P_00938,VEH_0122,Registered_Owner,2024-01-01,2026-12-31,0.98,EVI_VEH_REG_0122,True
PVL_0123,P_00344,VEH_0123,Registered_Owner,2024-01-01,2026-12-31,0.98,EVI_VEH_REG_0123,True
PVL_0124,P_02895,VEH_0124,Registered_Owner,2024-01-01,2026-12-31,0.98,EVI_VEH_REG_0124,True
PVL_0125,P_00928,VEH_0125,Registered_Owner,2024-01-01,2026-12-31,0.98,EVI_VEH_REG_0125,True
PVL_0126,P_03494,VEH_0126,Registered_Owner,2024-01-01,2026-12-31,0.98,EVI_VEH_REG_0126,True
PVL_0127,P_03344,VEH_0127,Registered_Owner,2024-01-01,2026-12-31,0.98,EVI_VEH_REG_0127,True
PVL_0128,P_03018,VEH_0128,Registered_Owner,2024-01-01,2026-12-31,0.98,EVI_VEH_REG_0128,True
PVL_0129,P_04990,VEH_0129,Registered_Owner,2024-01-01,2026-12-31,0.98,EVI_VEH_REG_0129,True
PVL_0130,P_01761,VEH_0130,Registered_Owner,2024-01-01,2026-12-31,0.98,EVI_VEH_REG_0130,True
PVL_0131,P_00634,VEH_0131,Registered_Owner,2024-01-01,2026-12-31,0.98,EVI_VEH_REG_0131,True
PVL_0132,P_04012,VEH_0132,Registered_Owner,2024-01-01,2026-12-31,0.98,EVI_VEH_REG_0132,True
PVL_0133,P_03613,VEH_0133,Registered_Owner,2024-01-01,2026-12-31,0.98,EVI_VEH_REG_0133,True
PVL_0134,P_01992,VEH_0134,Registered_Owner,2024-01-01,2026-12-31,0.98,EVI_VEH_REG_0134,True
PVL_0135,P_03646,VEH_0135,Registered_Owner,2024-01-01,2026-12-31,0.98,EVI_VEH_REG_0135,True
PVL_0136,P_03967,VEH_0136,Registered_Owner,2024-01-01,2026-12-31,0.98,EVI_VEH_REG_0136,True
PVL_0137,P_02055,VEH_0137,Registered_Owner,2024-01-01,2026-12-31,0.98,EVI_VEH_REG_0137,True
PVL_0138,P_02572,VEH_0138,Registered_Owner,2024-01-01,2026-12-31,0.98,EVI_VEH_REG_0138,True
PVL_0139,P_01623,VEH_0139,Registered_Owner,2024-01-01,2026-12-31,0.98,EVI_VEH_REG_0139,True
PVL_0140,P_03850,VEH_0140,Registered_Owner,2024-01-01,2026-12-31,0.98,EVI_VEH_REG_0140,True
PVL_0141,P_00599,VEH_0141,Registered_Owner,2024-01-01,2026-12-31,0.98,EVI_VEH_REG_0141,True
PVL_0142,P_01045,VEH_0142,Registered_Owner,2024-01-01,2026-12-31,0.98,EVI_VEH_REG_0142,True
PVL_0143,P_04846,VEH_0143,Registered_Owner,2024-01-01,2026-12-31,0.98,EVI_VEH_REG_0143,True
PVL_0144,P_03685,VEH_0144,Registered_Owner,2024-01-01,2026-12-31,0.98,EVI_VEH_REG_0144,True
PVL_0145,P_00687,VEH_0145,Registered_Owner,2024-01-01,2026-12-31,0.98,EVI_VEH_REG_0145,True
PVL_0146,P_02626,VEH_0146,Registered_Owner,2024-01-01,2026-12-31,0.98,EVI_VEH_REG_0146,True
PVL_0147,P_02484,VEH_0147,Registered_Owner,2024-01-01,2026-12-31,0.98,EVI_VEH_REG_0147,True
PVL_0148,P_03496,VEH_0148,Registered_Owner,2024-01-01,2026-12-31,0.98,EVI_VEH_REG_0148,True
PVL_0149,P_01726,VEH_0149,Registered_Owner,2024-01-01,2026-12-31,0.98,EVI_VEH_REG_0149,True
PVL_0150,P_02846,VEH_0150,Registered_Owner,2024-01-01,2026-12-31,0.98,EVI_VEH_REG_0150,True
PVL_0151,P_01388,VEH_0151,Registered_Owner,2024-01-01,2026-12-31,0.98,EVI_VEH_REG_0151,True
PVL_0152,P_01156,VEH_0152,Registered_Owner,2024-01-01,2026-12-31,0.98,EVI_VEH_REG_0152,True
PVL_0153,P_04903,VEH_0153,Registered_Owner,2024-01-01,2026-12-31,0.98,EVI_VEH_REG_0153,True
PVL_0154,P_03028,VEH_0154,Registered_Owner,2024-01-01,2026-12-31,0.98,EVI_VEH_REG_0154,True
PVL_0155,P_01034,VEH_0155,Registered_Owner,2024-01-01,2026-12-31,0.98,EVI_VEH_REG_0155,True
PVL_0156,P_03542,VEH_0156,Registered_Owner,2024-01-01,2026-12-31,0.98,EVI_VEH_REG_0156,True
PVL_0157,P_02898,VEH_0157,Registered_Owner,2024-01-01,2026-12-31,0.98,EVI_VEH_REG_0157,True
PVL_0158,P_02310,VEH_0158,Registered_Owner,2024-01-01,2026-12-31,0.98,EVI_VEH_REG_0158,True
PVL_0159,P_03551,VEH_0159,Registered_Owner,2024-01-01,2026-12-31,0.98,EVI_VEH_REG_0159,True
PVL_0160,P_02063,VEH_0160,Registered_Owner,2024-01-01,2026-12-31,0.98,EVI_VEH_REG_0160,True
PVL_0161,P_03852,VEH_0161,Registered_Owner,2024-01-01,2026-12-31,0.98,EVI_VEH_REG_0161,True
PVL_0162,P_01627,VEH_0162,Registered_Owner,2024-01-01,2026-12-31,0.98,EVI_VEH_REG_0162,True
PVL_0163,P_00552,VEH_0163,Registered_Owner,2024-01-01,2026-12-31,0.98,EVI_VEH_REG_0163,True
PVL_0164,P_02204,VEH_0164,Registered_Owner,2024-01-01,2026-12-31,0.98,EVI_VEH_REG_0164,True
PVL_0165,P_02007,VEH_0165,Registered_Owner,2024-01-01,2026-12-31,0.98,EVI_VEH_REG_0165,True
PVL_0166,P_04048,VEH_0166,Registered_Owner,2024-01-01,2026-12-31,0.98,EVI_VEH_REG_0166,True
PVL_0167,P_03664,VEH_0167,Registered_Owner,2024-01-01,2026-12-31,0.98,EVI_VEH_REG_0167,True
PVL_0168,P_00931,VEH_0168,Registered_Owner,2024-01-01,2026-12-31,0.98,EVI_VEH_REG_0168,True
PVL_0169,P_04924,VEH_0169,Registered_Owner,2024-01-01,2026-12-31,0.98,EVI_VEH_REG_0169,True
PVL_0170,P_00499,VEH_0170,Registered_Owner,2024-01-01,2026-12-31,0.98,EVI_VEH_REG_0170,True
PVL_0171,P_03266,VEH_0171,Registered_Owner,2024-01-01,2026-12-31,0.98,EVI_VEH_REG_0171,True
PVL_0172,P_02528,VEH_0172,Registered_Owner,2024-01-01,2026-12-31,0.98,EVI_VEH_REG_0172,True
PVL_0173,P_00904,VEH_0173,Registered_Owner,2024-01-01,2026-12-31,0.98,EVI_VEH_REG_0173,True
PVL_0174,P_00740,VEH_0174,Registered_Owner,2024-01-01,2026-12-31,0.98,EVI_VEH_REG_0174,True
PVL_0175,P_01725,VEH_0175,Registered_Owner,2024-01-01,2026-12-31,0.98,EVI_VEH_REG_0175,True
PVL_0176,P_01879,VEH_0176,Registered_Owner,2024-01-01,2026-12-31,0.98,EVI_VEH_REG_0176,True
PVL_0177,P_02086,VEH_0177,Registered_Owner,2024-01-01,2026-12-31,0.98,EVI_VEH_REG_0177,True
PVL_0178,P_04205,VEH_0178,Registered_Owner,2024-01-01,2026-12-31,0.98,EVI_VEH_REG_0178,True
PVL_0179,P_02074,VEH_0179,Registered_Owner,2024-01-01,2026-12-31,0.98,EVI_VEH_REG_0179,True
PVL_0180,P_01075,VEH_0180,Registered_Owner,2024-01-01,2026-12-31,0.98,EVI_VEH_REG_0180,True
PVL_0181,P_00121,VEH_0181,Registered_Owner,2024-01-01,2026-12-31,0.98,EVI_VEH_REG_0181,True
PVL_0182,P_02652,VEH_0182,Registered_Owner,2024-01-01,2026-12-31,0.98,EVI_VEH_REG_0182,True
PVL_0183,P_00817,VEH_0183,Registered_Owner,2024-01-01,2026-12-31,0.98,EVI_VEH_REG_0183,True
PVL_0184,P_03329,VEH_0184,Registered_Owner,2024-01-01,2026-12-31,0.98,EVI_VEH_REG_0184,True
PVL_0185,P_03133,VEH_0185,Registered_Owner,2024-01-01,2026-12-31,0.98,EVI_VEH_REG_0185,True
PVL_0186,P_03705,VEH_0186,Registered_Owner,2024-01-01,2026-12-31,0.98,EVI_VEH_REG_0186,True
PVL_0187,P_03030,VEH_0187,Registered_Owner,2024-01-01,2026-12-31,0.98,EVI_VEH_REG_0187,True
PVL_0188,P_00782,VEH_0188,Registered_Owner,2024-01-01,2026-12-31,0.98,EVI_VEH_REG_0188,True
PVL_0189,P_01158,VEH_0189,Registered_Owner,2024-01-01,2026-12-31,0.98,EVI_VEH_REG_0189,True
PVL_0190,P_00483,VEH_0190,Registered_Owner,2024-01-01,2026-12-31,0.98,EVI_VEH_REG_0190,True
PVL_0191,P_02634,VEH_0191,Registered_Owner,2024-01-01,2026-12-31,0.98,EVI_VEH_REG_0191,True
PVL_0192,P_04066,VEH_0192,Registered_Owner,2024-01-01,2026-12-31,0.98,EVI_VEH_REG_0192,True
PVL_0193,P_04311,VEH_0193,Registered_Owner,2024-01-01,2026-12-31,0.98,EVI_VEH_REG_0193,True
PVL_0194,P_01328,VEH_0194,Registered_Owner,2024-01-01,2026-12-31,0.98,EVI_VEH_REG_0194,True
PVL_0195,P_03475,VEH_0195,Registered_Owner,2024-01-01,2026-12-31,0.98,EVI_VEH_REG_0195,True
PVL_0196,P_03426,VEH_0196,Registered_Owner,2024-01-01,2026-12-31,0.98,EVI_VEH_REG_0196,True
PVL_0197,P_04377,VEH_0197,Registered_Owner,2024-01-01,2026-12-31,0.98,EVI_VEH_REG_0197,True
PVL_0198,P_02426,VEH_0198,Registered_Owner,2024-01-01,2026-12-31,0.98,EVI_VEH_REG_0198,True
PVL_0199,P_03868,VEH_0199,Registered_Owner,2024-01-01,2026-12-31,0.98,EVI_VEH_REG_0199,True
PVL_0200,P_04392,VEH_0200,Registered_Owner,2024-01-01,2026-12-31,0.98,EVI_VEH_REG_0200,True
PVL_0201,P_00046,VEH_0201,Registered_Owner,2024-01-01,2026-12-31,0.98,EVI_VEH_REG_0201,True
PVL_0202,P_00776,VEH_0202,Registered_Owner,2024-01-01,2026-12-31,0.98,EVI_VEH_REG_0202,True
PVL_0203,P_01852,VEH_0203,Registered_Owner,2024-01-01,2026-12-31,0.98,EVI_VEH_REG_0203,True
PVL_0204,P_03009,VEH_0204,Registered_Owner,2024-01-01,2026-12-31,0.98,EVI_VEH_REG_0204,True
PVL_0205,P_04855,VEH_0205,Registered_Owner,2024-01-01,2026-12-31,0.98,EVI_VEH_REG_0205,True
PVL_0206,P_01038,VEH_0206,Registered_Owner,2024-01-01,2026-12-31,0.98,EVI_VEH_REG_0206,True
PVL_0207,P_03879,VEH_0207,Registered_Owner,2024-01-01,2026-12-31,0.98,EVI_VEH_REG_0207,True
PVL_0208,P_01201,VEH_0208,Registered_Owner,2024-01-01,2026-12-31,0.98,EVI_VEH_REG_0208,True
PVL_0209,P_01123,VEH_0209,Registered_Owner,2024-01-01,2026-12-31,0.98,EVI_VEH_REG_0209,True
PVL_0210,P_01973,VEH_0210,Registered_Owner,2024-01-01,2026-12-31,0.98,EVI_VEH_REG_0210,True
PVL_0211,P_04373,VEH_0211,Registered_Owner,2024-01-01,2026-12-31,0.98,EVI_VEH_REG_0211,True
PVL_0212,P_02324,VEH_0212,Registered_Owner,2024-01-01,2026-12-31,0.98,EVI_VEH_REG_0212,True
PVL_0213,P_04571,VEH_0213,Registered_Owner,2024-01-01,2026-12-31,0.98,EVI_VEH_REG_0213,True
PVL_0214,P_03475,VEH_0214,Registered_Owner,2024-01-01,2026-12-31,0.98,EVI_VEH_REG_0214,True
PVL_0215,P_03066,VEH_0215,Registered_Owner,2024-01-01,2026-12-31,0.98,EVI_VEH_REG_0215,True
PVL_0216,P_04803,VEH_0216,Registered_Owner,2024-01-01,2026-12-31,0.98,EVI_VEH_REG_0216,True
PVL_0217,P_00107,VEH_0217,Registered_Owner,2024-01-01,2026-12-31,0.98,EVI_VEH_REG_0217,True
PVL_0218,P_02121,VEH_0218,Registered_Owner,2024-01-01,2026-12-31,0.98,EVI_VEH_REG_0218,True
PVL_0219,P_04113,VEH_0219,Registered_Owner,2024-01-01,2026-12-31,0.98,EVI_VEH_REG_0219,True
PVL_0220,P_00313,VEH_0220,Registered_Owner,2024-01-01,2026-12-31,0.98,EVI_VEH_REG_0220,True
PVL_0221,P_00679,VEH_0221,Registered_Owner,2024-01-01,2026-12-31,0.98,EVI_VEH_REG_0221,True
PVL_0222,P_00799,VEH_0222,Registered_Owner,2024-01-01,2026-12-31,0.98,EVI_VEH_REG_0222,True
PVL_0223,P_01387,VEH_0223,Registered_Owner,2024-01-01,2026-12-31,0.98,EVI_VEH_REG_0223,True
PVL_0224,P_00533,VEH_0224,Registered_Owner,2024-01-01,2026-12-31,0.98,EVI_VEH_REG_0224,True
PVL_0225,P_00365,VEH_0225,Registered_Owner,2024-01-01,2026-12-31,0.98,EVI_VEH_REG_0225,True
PVL_0226,P_02550,VEH_0226,Registered_Owner,2024-01-01,2026-12-31,0.98,EVI_VEH_REG_0226,True
PVL_0227,P_04639,VEH_0227,Registered_Owner,2024-01-01,2026-12-31,0.98,EVI_VEH_REG_0227,True
PVL_0228,P_02601,VEH_0228,Registered_Owner,2024-01-01,2026-12-31,0.98,EVI_VEH_REG_0228,True
PVL_0229,P_00666,VEH_0229,Registered_Owner,2024-01-01,2026-12-31,0.98,EVI_VEH_REG_0229,True
PVL_0230,P_02544,VEH_0230,Registered_Owner,2024-01-01,2026-12-31,0.98,EVI_VEH_REG_0230,True
PVL_0231,P_03392,VEH_0231,Registered_Owner,2024-01-01,2026-12-31,0.98,EVI_VEH_REG_0231,True
PVL_0232,P_03602,VEH_0232,Registered_Owner,2024-01-01,2026-12-31,0.98,EVI_VEH_REG_0232,True
PVL_0233,P_03684,VEH_0233,Registered_Owner,2024-01-01,2026-12-31,0.98,EVI_VEH_REG_0233,True
PVL_0234,P_04659,VEH_0234,Registered_Owner,2024-01-01,2026-12-31,0.98,EVI_VEH_REG_0234,True
PVL_0235,P_02804,VEH_0235,Registered_Owner,2024-01-01,2026-12-31,0.98,EVI_VEH_REG_0235,True
PVL_0236,P_02185,VEH_0236,Registered_Owner,2024-01-01,2026-12-31,0.98,EVI_VEH_REG_0236,True
PVL_0237,P_03828,VEH_0237,Registered_Owner,2024-01-01,2026-12-31,0.98,EVI_VEH_REG_0237,True
PVL_0238,P_00857,VEH_0238,Registered_Owner,2024-01-01,2026-12-31,0.98,EVI_VEH_REG_0238,True
PVL_0239,P_01533,VEH_0239,Registered_Owner,2024-01-01,2026-12-31,0.98,EVI_VEH_REG_0239,True
PVL_0240,P_03740,VEH_0240,Registered_Owner,2024-01-01,2026-12-31,0.98,EVI_VEH_REG_0240,True
PVL_0241,P_03954,VEH_0241,Registered_Owner,2024-01-01,2026-12-31,0.98,EVI_VEH_REG_0241,True
PVL_0242,P_00884,VEH_0242,Registered_Owner,2024-01-01,2026-12-31,0.98,EVI_VEH_REG_0242,True
PVL_0243,P_01344,VEH_0243,Registered_Owner,2024-01-01,2026-12-31,0.98,EVI_VEH_REG_0243,True
PVL_0244,P_04653,VEH_0244,Registered_Owner,2024-01-01,2026-12-31,0.98,EVI_VEH_REG_0244,True
PVL_0245,P_02534,VEH_0245,Registered_Owner,2024-01-01,2026-12-31,0.98,EVI_VEH_REG_0245,True
PVL_0246,P_01642,VEH_0246,Registered_Owner,2024-01-01,2026-12-31,0.98,EVI_VEH_REG_0246,True
PVL_0247,P_00739,VEH_0247,Registered_Owner,2024-01-01,2026-12-31,0.98,EVI_VEH_REG_0247,True
PVL_0248,P_03911,VEH_0248,Registered_Owner,2024-01-01,2026-12-31,0.98,EVI_VEH_REG_0248,True
PVL_0249,P_03870,VEH_0249,Registered_Owner,2024-01-01,2026-12-31,0.98,EVI_VEH_REG_0249,True
PVL_0250,P_01053,VEH_0250,Registered_Owner,2024-01-01,2026-12-31,0.98,EVI_VEH_REG_0250,True
PVL_0251,P_04891,VEH_0251,Registered_Owner,2024-01-01,2026-12-31,0.98,EVI_VEH_REG_0251,True
PVL_0252,P_01817,VEH_0252,Registered_Owner,2024-01-01,2026-12-31,0.98,EVI_VEH_REG_0252,True
PVL_0253,P_00633,VEH_0253,Registered_Owner,2024-01-01,2026-12-31,0.98,EVI_VEH_REG_0253,True
PVL_0254,P_00761,VEH_0254,Registered_Owner,2024-01-01,2026-12-31,0.98,EVI_VEH_REG_0254,True
PVL_0255,P_03169,VEH_0255,Registered_Owner,2024-01-01,2026-12-31,0.98,EVI_VEH_REG_0255,True
PVL_0256,P_03263,VEH_0256,Registered_Owner,2024-01-01,2026-12-31,0.98,EVI_VEH_REG_0256,True
PVL_0257,P_00101,VEH_0257,Registered_Owner,2024-01-01,2026-12-31,0.98,EVI_VEH_REG_0257,True
PVL_0258,P_03983,VEH_0258,Registered_Owner,2024-01-01,2026-12-31,0.98,EVI_VEH_REG_0258,True
PVL_0259,P_04945,VEH_0259,Registered_Owner,2024-01-01,2026-12-31,0.98,EVI_VEH_REG_0259,True
PVL_0260,P_02989,VEH_0260,Registered_Owner,2024-01-01,2026-12-31,0.98,EVI_VEH_REG_0260,True
PVL_0261,P_01232,VEH_0261,Registered_Owner,2024-01-01,2026-12-31,0.98,EVI_VEH_REG_0261,True
PVL_0262,P_04315,VEH_0262,Registered_Owner,2024-01-01,2026-12-31,0.98,EVI_VEH_REG_0262,True
PVL_0263,P_03771,VEH_0263,Registered_Owner,2024-01-01,2026-12-31,0.98,EVI_VEH_REG_0263,True
PVL_0264,P_02765,VEH_0264,Registered_Owner,2024-01-01,2026-12-31,0.98,EVI_VEH_REG_0264,True
PVL_0265,P_00144,VEH_0265,Registered_Owner,2024-01-01,2026-12-31,0.98,EVI_VEH_REG_0265,True
PVL_0266,P_00300,VEH_0266,Registered_Owner,2024-01-01,2026-12-31,0.98,EVI_VEH_REG_0266,True
PVL_0267,P_04139,VEH_0267,Registered_Owner,2024-01-01,2026-12-31,0.98,EVI_VEH_REG_0267,True
PVL_0268,P_04662,VEH_0268,Registered_Owner,2024-01-01,2026-12-31,0.98,EVI_VEH_REG_0268,True
PVL_0269,P_03129,VEH_0269,Registered_Owner,2024-01-01,2026-12-31,0.98,EVI_VEH_REG_0269,True
PVL_0270,P_00184,VEH_0270,Registered_Owner,2024-01-01,2026-12-31,0.98,EVI_VEH_REG_0270,True
PVL_0271,P_00954,VEH_0271,Registered_Owner,2024-01-01,2026-12-31,0.98,EVI_VEH_REG_0271,True
PVL_0272,P_01997,VEH_0272,Registered_Owner,2024-01-01,2026-12-31,0.98,EVI_VEH_REG_0272,True
PVL_0273,P_01522,VEH_0273,Registered_Owner,2024-01-01,2026-12-31,0.98,EVI_VEH_REG_0273,True
PVL_0274,P_02282,VEH_0274,Registered_Owner,2024-01-01,2026-12-31,0.98,EVI_VEH_REG_0274,True
PVL_0275,P_02236,VEH_0275,Registered_Owner,2024-01-01,2026-12-31,0.98,EVI_VEH_REG_0275,True
PVL_0276,P_01842,VEH_0276,Registered_Owner,2024-01-01,2026-12-31,0.98,EVI_VEH_REG_0276,True
PVL_0277,P_04817,VEH_0277,Registered_Owner,2024-01-01,2026-12-31,0.98,EVI_VEH_REG_0277,True
PVL_0278,P_02810,VEH_0278,Registered_Owner,2024-01-01,2026-12-31,0.98,EVI_VEH_REG_0278,True
PVL_0279,P_01726,VEH_0279,Registered_Owner,2024-01-01,2026-12-31,0.98,EVI_VEH_REG_0279,True
PVL_0280,P_03986,VEH_0280,Registered_Owner,2024-01-01,2026-12-31,0.98,EVI_VEH_REG_0280,True
PVL_0281,P_02439,VEH_0281,Registered_Owner,2024-01-01,2026-12-31,0.98,EVI_VEH_REG_0281,True
PVL_0282,P_02881,VEH_0282,Registered_Owner,2024-01-01,2026-12-31,0.98,EVI_VEH_REG_0282,True
PVL_0283,P_04117,VEH_0283,Registered_Owner,2024-01-01,2026-12-31,0.98,EVI_VEH_REG_0283,True
PVL_0284,P_00795,VEH_0284,Registered_Owner,2024-01-01,2026-12-31,0.98,EVI_VEH_REG_0284,True
PVL_0285,P_01304,VEH_0285,Registered_Owner,2024-01-01,2026-12-31,0.98,EVI_VEH_REG_0285,True
PVL_0286,P_02617,VEH_0286,Registered_Owner,2024-01-01,2026-12-31,0.98,EVI_VEH_REG_0286,True
PVL_0287,P_04484,VEH_0287,Registered_Owner,2024-01-01,2026-12-31,0.98,EVI_VEH_REG_0287,True
PVL_0288,P_03682,VEH_0288,Registered_Owner,2024-01-01,2026-12-31,0.98,EVI_VEH_REG_0288,True
PVL_0289,P_01412,VEH_0289,Registered_Owner,2024-01-01,2026-12-31,0.98,EVI_VEH_REG_0289,True
PVL_0290,P_01548,VEH_0290,Registered_Owner,2024-01-01,2026-12-31,0.98,EVI_VEH_REG_0290,True
PVL_0291,P_04912,VEH_0291,Registered_Owner,2024-01-01,2026-12-31,0.98,EVI_VEH_REG_0291,True
PVL_0292,P_00746,VEH_0292,Registered_Owner,2024-01-01,2026-12-31,0.98,EVI_VEH_REG_0292,True
PVL_0293,P_04285,VEH_0293,Registered_Owner,2024-01-01,2026-12-31,0.98,EVI_VEH_REG_0293,True
PVL_0294,P_03869,VEH_0294,Registered_Owner,2024-01-01,2026-12-31,0.98,EVI_VEH_REG_0294,True
PVL_0295,P_04732,VEH_0295,Registered_Owner,2024-01-01,2026-12-31,0.98,EVI_VEH_REG_0295,True
PVL_0296,P_03780,VEH_0296,Registered_Owner,2024-01-01,2026-12-31,0.98,EVI_VEH_REG_0296,True
PVL_0297,P_03787,VEH_0297,Registered_Owner,2024-01-01,2026-12-31,0.98,EVI_VEH_REG_0297,True
PVL_0298,P_03852,VEH_0298,Registered_Owner,2024-01-01,2026-12-31,0.98,EVI_VEH_REG_0298,True
PVL_0299,P_04973,VEH_0299,Registered_Owner,2024-01-01,2026-12-31,0.98,EVI_VEH_REG_0299,True
PVL_0300,P_00327,VEH_0300,Registered_Owner,2024-01-01,2026-12-31,0.98,EVI_VEH_REG_0300,True
PVL_0301,P_01017,VEH_0301,Registered_Owner,2024-01-01,2026-12-31,0.98,EVI_VEH_REG_0301,True
PVL_0302,P_01385,VEH_0302,Registered_Owner,2024-01-01,2026-12-31,0.98,EVI_VEH_REG_0302,True
PVL_0303,P_01722,VEH_0303,Registered_Owner,2024-01-01,2026-12-31,0.98,EVI_VEH_REG_0303,True
PVL_0304,P_02053,VEH_0304,Registered_Owner,2024-01-01,2026-12-31,0.98,EVI_VEH_REG_0304,True
PVL_0305,P_04655,VEH_0305,Registered_Owner,2024-01-01,2026-12-31,0.98,EVI_VEH_REG_0305,True
PVL_0306,P_00213,VEH_0306,Registered_Owner,2024-01-01,2026-12-31,0.98,EVI_VEH_REG_0306,True
PVL_0307,P_04651,VEH_0307,Registered_Owner,2024-01-01,2026-12-31,0.98,EVI_VEH_REG_0307,True
PVL_0308,P_01201,VEH_0308,Registered_Owner,2024-01-01,2026-12-31,0.98,EVI_VEH_REG_0308,True
PVL_0309,P_01216,VEH_0309,Registered_Owner,2024-01-01,2026-12-31,0.98,EVI_VEH_REG_0309,True
PVL_0310,P_03908,VEH_0310,Registered_Owner,2024-01-01,2026-12-31,0.98,EVI_VEH_REG_0310,True
PVL_0311,P_04384,VEH_0311,Registered_Owner,2024-01-01,2026-12-31,0.98,EVI_VEH_REG_0311,True
PVL_0312,P_03949,VEH_0312,Registered_Owner,2024-01-01,2026-12-31,0.98,EVI_VEH_REG_0312,True
PVL_0313,P_01842,VEH_0313,Registered_Owner,2024-01-01,2026-12-31,0.98,EVI_VEH_REG_0313,True
PVL_0314,P_02921,VEH_0314,Registered_Owner,2024-01-01,2026-12-31,0.98,EVI_VEH_REG_0314,True
PVL_0315,P_01871,VEH_0315,Registered_Owner,2024-01-01,2026-12-31,0.98,EVI_VEH_REG_0315,True
PVL_0316,P_04253,VEH_0316,Registered_Owner,2024-01-01,2026-12-31,0.98,EVI_VEH_REG_0316,True
PVL_0317,P_00459,VEH_0317,Registered_Owner,2024-01-01,2026-12-31,0.98,EVI_VEH_REG_0317,True
PVL_0318,P_01871,VEH_0318,Registered_Owner,2024-01-01,2026-12-31,0.98,EVI_VEH_REG_0318,True
PVL_0319,P_00749,VEH_0319,Registered_Owner,2024-01-01,2026-12-31,0.98,EVI_VEH_REG_0319,True
PVL_0320,P_01702,VEH_0320,Registered_Owner,2024-01-01,2026-12-31,0.98,EVI_VEH_REG_0320,True
PVL_0321,P_04495,VEH_0321,Registered_Owner,2024-01-01,2026-12-31,0.98,EVI_VEH_REG_0321,True
PVL_0322,P_03621,VEH_0322,Registered_Owner,2024-01-01,2026-12-31,0.98,EVI_VEH_REG_0322,True
PVL_0323,P_02006,VEH_0323,Registered_Owner,2024-01-01,2026-12-31,0.98,EVI_VEH_REG_0323,True
PVL_0324,P_04825,VEH_0324,Registered_Owner,2024-01-01,2026-12-31,0.98,EVI_VEH_REG_0324,True
PVL_0325,P_01447,VEH_0325,Registered_Owner,2024-01-01,2026-12-31,0.98,EVI_VEH_REG_0325,True
PVL_0326,P_04456,VEH_0326,Registered_Owner,2024-01-01,2026-12-31,0.98,EVI_VEH_REG_0326,True
PVL_0327,P_00914,VEH_0327,Registered_Owner,2024-01-01,2026-12-31,0.98,EVI_VEH_REG_0327,True
PVL_0328,P_04158,VEH_0328,Registered_Owner,2024-01-01,2026-12-31,0.98,EVI_VEH_REG_0328,True
PVL_0329,P_03631,VEH_0329,Registered_Owner,2024-01-01,2026-12-31,0.98,EVI_VEH_REG_0329,True
PVL_0330,P_01747,VEH_0330,Registered_Owner,2024-01-01,2026-12-31,0.98,EVI_VEH_REG_0330,True
PVL_0331,P_02007,VEH_0331,Registered_Owner,2024-01-01,2026-12-31,0.98,EVI_VEH_REG_0331,True
PVL_0332,P_01408,VEH_0332,Registered_Owner,2024-01-01,2026-12-31,0.98,EVI_VEH_REG_0332,True
PVL_0333,P_04877,VEH_0333,Registered_Owner,2024-01-01,2026-12-31,0.98,EVI_VEH_REG_0333,True
PVL_0334,P_01188,VEH_0334,Registered_Owner,2024-01-01,2026-12-31,0.98,EVI_VEH_REG_0334,True
PVL_0335,P_02524,VEH_0335,Registered_Owner,2024-01-01,2026-12-31,0.98,EVI_VEH_REG_0335,True
PVL_0336,P_03349,VEH_0336,Registered_Owner,2024-01-01,2026-12-31,0.98,EVI_VEH_REG_0336,True
PVL_0337,P_01709,VEH_0337,Registered_Owner,2024-01-01,2026-12-31,0.98,EVI_VEH_REG_0337,True
PVL_0338,P_02669,VEH_0338,Registered_Owner,2024-01-01,2026-12-31,0.98,EVI_VEH_REG_0338,True
PVL_0339,P_00610,VEH_0339,Registered_Owner,2024-01-01,2026-12-31,0.98,EVI_VEH_REG_0339,True
PVL_0340,P_00377,VEH_0340,Registered_Owner,2024-01-01,2026-12-31,0.98,EVI_VEH_REG_0340,True
PVL_0341,P_00486,VEH_0341,Registered_Owner,2024-01-01,2026-12-31,0.98,EVI_VEH_REG_0341,True
PVL_0342,P_02377,VEH_0342,Registered_Owner,2024-01-01,2026-12-31,0.98,EVI_VEH_REG_0342,True
PVL_0343,P_01244,VEH_0343,Registered_Owner,2024-01-01,2026-12-31,0.98,EVI_VEH_REG_0343,True
PVL_0344,P_02057,VEH_0344,Registered_Owner,2024-01-01,2026-12-31,0.98,EVI_VEH_REG_0344,True
PVL_0345,P_02436,VEH_0345,Registered_Owner,2024-01-01,2026-12-31,0.98,EVI_VEH_REG_0345,True
PVL_0346,P_03653,VEH_0346,Registered_Owner,2024-01-01,2026-12-31,0.98,EVI_VEH_REG_0346,True
PVL_0347,P_01631,VEH_0347,Registered_Owner,2024-01-01,2026-12-31,0.98,EVI_VEH_REG_0347,True
PVL_0348,P_03366,VEH_0348,Registered_Owner,2024-01-01,2026-12-31,0.98,EVI_VEH_REG_0348,True
PVL_0349,P_04293,VEH_0349,Registered_Owner,2024-01-01,2026-12-31,0.98,EVI_VEH_REG_0349,True
PVL_0350,P_04010,VEH_0350,Registered_Owner,2024-01-01,2026-12-31,0.98,EVI_VEH_REG_0350,True
PVL_0351,P_04574,VEH_0351,Registered_Owner,2024-01-01,2026-12-31,0.98,EVI_VEH_REG_0351,True
PVL_0352,P_04998,VEH_0352,Registered_Owner,2024-01-01,2026-12-31,0.98,EVI_VEH_REG_0352,True
PVL_0353,P_03697,VEH_0353,Registered_Owner,2024-01-01,2026-12-31,0.98,EVI_VEH_REG_0353,True
PVL_0354,P_04420,VEH_0354,Registered_Owner,2024-01-01,2026-12-31,0.98,EVI_VEH_REG_0354,True
PVL_0355,P_00070,VEH_0355,Registered_Owner,2024-01-01,2026-12-31,0.98,EVI_VEH_REG_0355,True
PVL_0356,P_04458,VEH_0356,Registered_Owner,2024-01-01,2026-12-31,0.98,EVI_VEH_REG_0356,True
PVL_0357,P_01548,VEH_0357,Registered_Owner,2024-01-01,2026-12-31,0.98,EVI_VEH_REG_0357,True
PVL_0358,P_01044,VEH_0358,Registered_Owner,2024-01-01,2026-12-31,0.98,EVI_VEH_REG_0358,True
PVL_0359,P_01653,VEH_0359,Registered_Owner,2024-01-01,2026-12-31,0.98,EVI_VEH_REG_0359,True
PVL_0360,P_00224,VEH_0360,Registered_Owner,2024-01-01,2026-12-31,0.98,EVI_VEH_REG_0360,True
PVL_0361,P_01709,VEH_0361,Registered_Owner,2024-01-01,2026-12-31,0.98,EVI_VEH_REG_0361,True
PVL_0362,P_04836,VEH_0362,Registered_Owner,2024-01-01,2026-12-31,0.98,EVI_VEH_REG_0362,True
PVL_0363,P_00997,VEH_0363,Registered_Owner,2024-01-01,2026-12-31,0.98,EVI_VEH_REG_0363,True
PVL_0364,P_02596,VEH_0364,Registered_Owner,2024-01-01,2026-12-31,0.98,EVI_VEH_REG_0364,True
PVL_0365,P_03916,VEH_0365,Registered_Owner,2024-01-01,2026-12-31,0.98,EVI_VEH_REG_0365,True
PVL_0366,P_03441,VEH_0366,Registered_Owner,2024-01-01,2026-12-31,0.98,EVI_VEH_REG_0366,True
PVL_0367,P_02012,VEH_0367,Registered_Owner,2024-01-01,2026-12-31,0.98,EVI_VEH_REG_0367,True
PVL_0368,P_02299,VEH_0368,Registered_Owner,2024-01-01,2026-12-31,0.98,EVI_VEH_REG_0368,True
PVL_0369,P_01049,VEH_0369,Registered_Owner,2024-01-01,2026-12-31,0.98,EVI_VEH_REG_0369,True
PVL_0370,P_02449,VEH_0370,Registered_Owner,2024-01-01,2026-12-31,0.98,EVI_VEH_REG_0370,True
PVL_0371,P_04345,VEH_0371,Registered_Owner,2024-01-01,2026-12-31,0.98,EVI_VEH_REG_0371,True
PVL_0372,P_04172,VEH_0372,Registered_Owner,2024-01-01,2026-12-31,0.98,EVI_VEH_REG_0372,True
PVL_0373,P_00234,VEH_0373,Registered_Owner,2024-01-01,2026-12-31,0.98,EVI_VEH_REG_0373,True
PVL_0374,P_00381,VEH_0374,Registered_Owner,2024-01-01,2026-12-31,0.98,EVI_VEH_REG_0374,True
PVL_0375,P_02857,VEH_0375,Registered_Owner,2024-01-01,2026-12-31,0.98,EVI_VEH_REG_0375,True
PVL_0376,P_03401,VEH_0376,Registered_Owner,2024-01-01,2026-12-31,0.98,EVI_VEH_REG_0376,True
PVL_0377,P_03902,VEH_0377,Registered_Owner,2024-01-01,2026-12-31,0.98,EVI_VEH_REG_0377,True
PVL_0378,P_03915,VEH_0378,Registered_Owner,2024-01-01,2026-12-31,0.98,EVI_VEH_REG_0378,True
PVL_0379,P_01848,VEH_0379,Registered_Owner,2024-01-01,2026-12-31,0.98,EVI_VEH_REG_0379,True
PVL_0380,P_01854,VEH_0380,Registered_Owner,2024-01-01,2026-12-31,0.98,EVI_VEH_REG_0380,True
PVL_0381,P_04331,VEH_0381,Registered_Owner,2024-01-01,2026-12-31,0.98,EVI_VEH_REG_0381,True
PVL_0382,P_03155,VEH_0382,Registered_Owner,2024-01-01,2026-12-31,0.98,EVI_VEH_REG_0382,True
PVL_0383,P_01327,VEH_0383,Registered_Owner,2024-01-01,2026-12-31,0.98,EVI_VEH_REG_0383,True
PVL_0384,P_04729,VEH_0384,Registered_Owner,2024-01-01,2026-12-31,0.98,EVI_VEH_REG_0384,True
PVL_0385,P_03604,VEH_0385,Registered_Owner,2024-01-01,2026-12-31,0.98,EVI_VEH_REG_0385,True
PVL_0386,P_01527,VEH_0386,Registered_Owner,2024-01-01,2026-12-31,0.98,EVI_VEH_REG_0386,True
PVL_0387,P_00791,VEH_0387,Registered_Owner,2024-01-01,2026-12-31,0.98,EVI_VEH_REG_0387,True
PVL_0388,P_04047,VEH_0388,Registered_Owner,2024-01-01,2026-12-31,0.98,EVI_VEH_REG_0388,True
PVL_0389,P_04510,VEH_0389,Registered_Owner,2024-01-01,2026-12-31,0.98,EVI_VEH_REG_0389,True
PVL_0390,P_00680,VEH_0390,Registered_Owner,2024-01-01,2026-12-31,0.98,EVI_VEH_REG_0390,True
PVL_0391,P_01161,VEH_0391,Registered_Owner,2024-01-01,2026-12-31,0.98,EVI_VEH_REG_0391,True
PVL_0392,P_04612,VEH_0392,Registered_Owner,2024-01-01,2026-12-31,0.98,EVI_VEH_REG_0392,True
PVL_0393,P_03068,VEH_0393,Registered_Owner,2024-01-01,2026-12-31,0.98,EVI_VEH_REG_0393,True
PVL_0394,P_04027,VEH_0394,Registered_Owner,2024-01-01,2026-12-31,0.98,EVI_VEH_REG_0394,True
PVL_0395,P_03194,VEH_0395,Registered_Owner,2024-01-01,2026-12-31,0.98,EVI_VEH_REG_0395,True
PVL_0396,P_00614,VEH_0396,Registered_Owner,2024-01-01,2026-12-31,0.98,EVI_VEH_REG_0396,True
PVL_0397,P_00486,VEH_0397,Registered_Owner,2024-01-01,2026-12-31,0.98,EVI_VEH_REG_0397,True
PVL_0398,P_01307,VEH_0398,Registered_Owner,2024-01-01,2026-12-31,0.98,EVI_VEH_REG_0398,True
PVL_0399,P_01854,VEH_0399,Registered_Owner,2024-01-01,2026-12-31,0.98,EVI_VEH_REG_0399,True
PVL_0400,P_01687,VEH_0400,Registered_Owner,2024-01-01,2026-12-31,0.98,EVI_VEH_REG_0400,True
PVL_0401,P_04361,VEH_0401,Registered_Owner,2024-01-01,2026-12-31,0.98,EVI_VEH_REG_0401,True
PVL_0402,P_03591,VEH_0402,Registered_Owner,2024-01-01,2026-12-31,0.98,EVI_VEH_REG_0402,True
PVL_0403,P_02797,VEH_0403,Registered_Owner,2024-01-01,2026-12-31,0.98,EVI_VEH_REG_0403,True
PVL_0404,P_03490,VEH_0404,Registered_Owner,2024-01-01,2026-12-31,0.98,EVI_VEH_REG_0404,True
PVL_0405,P_04943,VEH_0405,Registered_Owner,2024-01-01,2026-12-31,0.98,EVI_VEH_REG_0405,True
PVL_0406,P_00465,VEH_0406,Registered_Owner,2024-01-01,2026-12-31,0.98,EVI_VEH_REG_0406,True
PVL_0407,P_02694,VEH_0407,Registered_Owner,2024-01-01,2026-12-31,0.98,EVI_VEH_REG_0407,True
PVL_0408,P_01989,VEH_0408,Registered_Owner,2024-01-01,2026-12-31,0.98,EVI_VEH_REG_0408,True
PVL_0409,P_04594,VEH_0409,Registered_Owner,2024-01-01,2026-12-31,0.98,EVI_VEH_REG_0409,True
PVL_0410,P_04929,VEH_0410,Registered_Owner,2024-01-01,2026-12-31,0.98,EVI_VEH_REG_0410,True
PVL_0411,P_00963,VEH_0411,Registered_Owner,2024-01-01,2026-12-31,0.98,EVI_VEH_REG_0411,True
PVL_0412,P_03226,VEH_0412,Registered_Owner,2024-01-01,2026-12-31,0.98,EVI_VEH_REG_0412,True
PVL_0413,P_00306,VEH_0413,Registered_Owner,2024-01-01,2026-12-31,0.98,EVI_VEH_REG_0413,True
PVL_0414,P_00198,VEH_0414,Registered_Owner,2024-01-01,2026-12-31,0.98,EVI_VEH_REG_0414,True
PVL_0415,P_02125,VEH_0415,Registered_Owner,2024-01-01,2026-12-31,0.98,EVI_VEH_REG_0415,True
PVL_0416,P_00392,VEH_0416,Registered_Owner,2024-01-01,2026-12-31,0.98,EVI_VEH_REG_0416,True
PVL_0417,P_04576,VEH_0417,Registered_Owner,2024-01-01,2026-12-31,0.98,EVI_VEH_REG_0417,True
PVL_0418,P_00729,VEH_0418,Registered_Owner,2024-01-01,2026-12-31,0.98,EVI_VEH_REG_0418,True
PVL_0419,P_02506,VEH_0419,Registered_Owner,2024-01-01,2026-12-31,0.98,EVI_VEH_REG_0419,True
PVL_0420,P_03136,VEH_0420,Registered_Owner,2024-01-01,2026-12-31,0.98,EVI_VEH_REG_0420,True
PVL_0421,P_02962,VEH_0421,Registered_Owner,2024-01-01,2026-12-31,0.98,EVI_VEH_REG_0421,True
PVL_0422,P_04243,VEH_0422,Registered_Owner,2024-01-01,2026-12-31,0.98,EVI_VEH_REG_0422,True
PVL_0423,P_00765,VEH_0423,Registered_Owner,2024-01-01,2026-12-31,0.98,EVI_VEH_REG_0423,True
PVL_0424,P_02787,VEH_0424,Registered_Owner,2024-01-01,2026-12-31,0.98,EVI_VEH_REG_0424,True
PVL_0425,P_02653,VEH_0425,Registered_Owner,2024-01-01,2026-12-31,0.98,EVI_VEH_REG_0425,True
PVL_0426,P_00216,VEH_0426,Registered_Owner,2024-01-01,2026-12-31,0.98,EVI_VEH_REG_0426,True
PVL_0427,P_03608,VEH_0427,Registered_Owner,2024-01-01,2026-12-31,0.98,EVI_VEH_REG_0427,True
PVL_0428,P_03596,VEH_0428,Registered_Owner,2024-01-01,2026-12-31,0.98,EVI_VEH_REG_0428,True
PVL_0429,P_04345,VEH_0429,Registered_Owner,2024-01-01,2026-12-31,0.98,EVI_VEH_REG_0429,True
PVL_0430,P_02208,VEH_0430,Registered_Owner,2024-01-01,2026-12-31,0.98,EVI_VEH_REG_0430,True
PVL_0431,P_04023,VEH_0431,Registered_Owner,2024-01-01,2026-12-31,0.98,EVI_VEH_REG_0431,True
PVL_0432,P_04743,VEH_0432,Registered_Owner,2024-01-01,2026-12-31,0.98,EVI_VEH_REG_0432,True
PVL_0433,P_04482,VEH_0433,Registered_Owner,2024-01-01,2026-12-31,0.98,EVI_VEH_REG_0433,True
PVL_0434,P_01835,VEH_0434,Registered_Owner,2024-01-01,2026-12-31,0.98,EVI_VEH_REG_0434,True
PVL_0435,P_04842,VEH_0435,Registered_Owner,2024-01-01,2026-12-31,0.98,EVI_VEH_REG_0435,True
PVL_0436,P_04580,VEH_0436,Registered_Owner,2024-01-01,2026-12-31,0.98,EVI_VEH_REG_0436,True
PVL_0437,P_00536,VEH_0437,Registered_Owner,2024-01-01,2026-12-31,0.98,EVI_VEH_REG_0437,True
PVL_0438,P_03530,VEH_0438,Registered_Owner,2024-01-01,2026-12-31,0.98,EVI_VEH_REG_0438,True
PVL_0439,P_02708,VEH_0439,Registered_Owner,2024-01-01,2026-12-31,0.98,EVI_VEH_REG_0439,True
PVL_0440,P_04017,VEH_0440,Registered_Owner,2024-01-01,2026-12-31,0.98,EVI_VEH_REG_0440,True
PVL_0441,P_00582,VEH_0441,Registered_Owner,2024-01-01,2026-12-31,0.98,EVI_VEH_REG_0441,True
PVL_0442,P_04928,VEH_0442,Registered_Owner,2024-01-01,2026-12-31,0.98,EVI_VEH_REG_0442,True
PVL_0443,P_00730,VEH_0443,Registered_Owner,2024-01-01,2026-12-31,0.98,EVI_VEH_REG_0443,True
PVL_0444,P_03124,VEH_0444,Registered_Owner,2024-01-01,2026-12-31,0.98,EVI_VEH_REG_0444,True
PVL_0445,P_01454,VEH_0445,Registered_Owner,2024-01-01,2026-12-31,0.98,EVI_VEH_REG_0445,True
PVL_0446,P_01857,VEH_0446,Registered_Owner,2024-01-01,2026-12-31,0.98,EVI_VEH_REG_0446,True
PVL_0447,P_00168,VEH_0447,Registered_Owner,2024-01-01,2026-12-31,0.98,EVI_VEH_REG_0447,True
PVL_0448,P_04431,VEH_0448,Registered_Owner,2024-01-01,2026-12-31,0.98,EVI_VEH_REG_0448,True
PVL_0449,P_00569,VEH_0449,Registered_Owner,2024-01-01,2026-12-31,0.98,EVI_VEH_REG_0449,True
PVL_0450,P_02829,VEH_0450,Registered_Owner,2024-01-01,2026-12-31,0.98,EVI_VEH_REG_0450,True
PVL_0451,P_04253,VEH_0451,Registered_Owner,2024-01-01,2026-12-31,0.98,EVI_VEH_REG_0451,True
PVL_0452,P_02554,VEH_0452,Registered_Owner,2024-01-01,2026-12-31,0.98,EVI_VEH_REG_0452,True
PVL_0453,P_00817,VEH_0453,Registered_Owner,2024-01-01,2026-12-31,0.98,EVI_VEH_REG_0453,True
PVL_0454,P_04086,VEH_0454,Registered_Owner,2024-01-01,2026-12-31,0.98,EVI_VEH_REG_0454,True
PVL_0455,P_02066,VEH_0455,Registered_Owner,2024-01-01,2026-12-31,0.98,EVI_VEH_REG_0455,True
PVL_0456,P_00341,VEH_0456,Registered_Owner,2024-01-01,2026-12-31,0.98,EVI_VEH_REG_0456,True
PVL_0457,P_04355,VEH_0457,Registered_Owner,2024-01-01,2026-12-31,0.98,EVI_VEH_REG_0457,True
PVL_0458,P_03230,VEH_0458,Registered_Owner,2024-01-01,2026-12-31,0.98,EVI_VEH_REG_0458,True
PVL_0459,P_03493,VEH_0459,Registered_Owner,2024-01-01,2026-12-31,0.98,EVI_VEH_REG_0459,True
PVL_0460,P_02634,VEH_0460,Registered_Owner,2024-01-01,2026-12-31,0.98,EVI_VEH_REG_0460,True
PVL_0461,P_04418,VEH_0461,Registered_Owner,2024-01-01,2026-12-31,0.98,EVI_VEH_REG_0461,True
PVL_0462,P_01421,VEH_0462,Registered_Owner,2024-01-01,2026-12-31,0.98,EVI_VEH_REG_0462,True
PVL_0463,P_01543,VEH_0463,Registered_Owner,2024-01-01,2026-12-31,0.98,EVI_VEH_REG_0463,True
PVL_0464,P_04389,VEH_0464,Registered_Owner,2024-01-01,2026-12-31,0.98,EVI_VEH_REG_0464,True
PVL_0465,P_03746,VEH_0465,Registered_Owner,2024-01-01,2026-12-31,0.98,EVI_VEH_REG_0465,True
PVL_0466,P_01694,VEH_0466,Registered_Owner,2024-01-01,2026-12-31,0.98,EVI_VEH_REG_0466,True
PVL_0467,P_00039,VEH_0467,Registered_Owner,2024-01-01,2026-12-31,0.98,EVI_VEH_REG_0467,True
PVL_0468,P_03293,VEH_0468,Registered_Owner,2024-01-01,2026-12-31,0.98,EVI_VEH_REG_0468,True
PVL_0469,P_04674,VEH_0469,Registered_Owner,2024-01-01,2026-12-31,0.98,EVI_VEH_REG_0469,True
PVL_0470,P_00084,VEH_0470,Registered_Owner,2024-01-01,2026-12-31,0.98,EVI_VEH_REG_0470,True
PVL_0471,P_02125,VEH_0471,Registered_Owner,2024-01-01,2026-12-31,0.98,EVI_VEH_REG_0471,True
PVL_0472,P_00578,VEH_0472,Registered_Owner,2024-01-01,2026-12-31,0.98,EVI_VEH_REG_0472,True
PVL_0473,P_04495,VEH_0473,Registered_Owner,2024-01-01,2026-12-31,0.98,EVI_VEH_REG_0473,True
PVL_0474,P_04490,VEH_0474,Registered_Owner,2024-01-01,2026-12-31,0.98,EVI_VEH_REG_0474,True
PVL_0475,P_01656,VEH_0475,Registered_Owner,2024-01-01,2026-12-31,0.98,EVI_VEH_REG_0475,True
PVL_0476,P_03842,VEH_0476,Registered_Owner,2024-01-01,2026-12-31,0.98,EVI_VEH_REG_0476,True
PVL_0477,P_00685,VEH_0477,Registered_Owner,2024-01-01,2026-12-31,0.98,EVI_VEH_REG_0477,True
PVL_0478,P_04891,VEH_0478,Registered_Owner,2024-01-01,2026-12-31,0.98,EVI_VEH_REG_0478,True
PVL_0479,P_00359,VEH_0479,Registered_Owner,2024-01-01,2026-12-31,0.98,EVI_VEH_REG_0479,True
PVL_0480,P_03785,VEH_0480,Registered_Owner,2024-01-01,2026-12-31,0.98,EVI_VEH_REG_0480,True
PVL_0481,P_00522,VEH_0481,Registered_Owner,2024-01-01,2026-12-31,0.98,EVI_VEH_REG_0481,True
PVL_0482,P_03609,VEH_0482,Registered_Owner,2024-01-01,2026-12-31,0.98,EVI_VEH_REG_0482,True
PVL_0483,P_04079,VEH_0483,Registered_Owner,2024-01-01,2026-12-31,0.98,EVI_VEH_REG_0483,True
PVL_0484,P_00144,VEH_0484,Registered_Owner,2024-01-01,2026-12-31,0.98,EVI_VEH_REG_0484,True
PVL_0485,P_00049,VEH_0485,Registered_Owner,2024-01-01,2026-12-31,0.98,EVI_VEH_REG_0485,True
PVL_0486,P_01840,VEH_0486,Registered_Owner,2024-01-01,2026-12-31,0.98,EVI_VEH_REG_0486,True
PVL_0487,P_02362,VEH_0487,Registered_Owner,2024-01-01,2026-12-31,0.98,EVI_VEH_REG_0487,True
PVL_0488,P_02828,VEH_0488,Registered_Owner,2024-01-01,2026-12-31,0.98,EVI_VEH_REG_0488,True
PVL_0489,P_01834,VEH_0489,Registered_Owner,2024-01-01,2026-12-31,0.98,EVI_VEH_REG_0489,True
PVL_0490,P_01314,VEH_0490,Registered_Owner,2024-01-01,2026-12-31,0.98,EVI_VEH_REG_0490,True
PVL_0491,P_03362,VEH_0491,Registered_Owner,2024-01-01,2026-12-31,0.98,EVI_VEH_REG_0491,True
PVL_0492,P_03450,VEH_0492,Registered_Owner,2024-01-01,2026-12-31,0.98,EVI_VEH_REG_0492,True
PVL_0493,P_02979,VEH_0493,Registered_Owner,2024-01-01,2026-12-31,0.98,EVI_VEH_REG_0493,True
PVL_0494,P_02064,VEH_0494,Registered_Owner,2024-01-01,2026-12-31,0.98,EVI_VEH_REG_0494,True
PVL_0495,P_04087,VEH_0495,Registered_Owner,2024-01-01,2026-12-31,0.98,EVI_VEH_REG_0495,True
PVL_0496,P_00891,VEH_0496,Registered_Owner,2024-01-01,2026-12-31,0.98,EVI_VEH_REG_0496,True
PVL_0497,P_01634,VEH_0497,Registered_Owner,2024-01-01,2026-12-31,0.98,EVI_VEH_REG_0497,True
PVL_0498,P_03538,VEH_0498,Registered_Owner,2024-01-01,2026-12-31,0.98,EVI_VEH_REG_0498,True
PVL_0499,P_02288,VEH_0499,Registered_Owner,2024-01-01,2026-12-31,0.98,EVI_VEH_REG_0499,True
PVL_0500,P_02593,VEH_0500,Registered_Owner,2024-01-01,2026-12-31,0.98,EVI_VEH_REG_0500,True
PVL_0501,P_04443,VEH_0501,Registered_Owner,2024-01-01,2026-12-31,0.98,EVI_VEH_REG_0501,True
PVL_0502,P_02716,VEH_0502,Registered_Owner,2024-01-01,2026-12-31,0.98,EVI_VEH_REG_0502,True
PVL_0503,P_02520,VEH_0503,Registered_Owner,2024-01-01,2026-12-31,0.98,EVI_VEH_REG_0503,True
PVL_0504,P_02774,VEH_0504,Registered_Owner,2024-01-01,2026-12-31,0.98,EVI_VEH_REG_0504,True
PVL_0505,P_01338,VEH_0505,Registered_Owner,2024-01-01,2026-12-31,0.98,EVI_VEH_REG_0505,True
PVL_0506,P_04525,VEH_0506,Registered_Owner,2024-01-01,2026-12-31,0.98,EVI_VEH_REG_0506,True
PVL_0507,P_03645,VEH_0507,Registered_Owner,2024-01-01,2026-12-31,0.98,EVI_VEH_REG_0507,True
PVL_0508,P_01397,VEH_0508,Registered_Owner,2024-01-01,2026-12-31,0.98,EVI_VEH_REG_0508,True
PVL_0509,P_03665,VEH_0509,Registered_Owner,2024-01-01,2026-12-31,0.98,EVI_VEH_REG_0509,True
PVL_0510,P_03031,VEH_0510,Registered_Owner,2024-01-01,2026-12-31,0.98,EVI_VEH_REG_0510,True
PVL_0511,P_00910,VEH_0511,Registered_Owner,2024-01-01,2026-12-31,0.98,EVI_VEH_REG_0511,True
PVL_0512,P_04939,VEH_0512,Registered_Owner,2024-01-01,2026-12-31,0.98,EVI_VEH_REG_0512,True
PVL_0513,P_02119,VEH_0513,Registered_Owner,2024-01-01,2026-12-31,0.98,EVI_VEH_REG_0513,True
PVL_0514,P_02610,VEH_0514,Registered_Owner,2024-01-01,2026-12-31,0.98,EVI_VEH_REG_0514,True
PVL_0515,P_03547,VEH_0515,Registered_Owner,2024-01-01,2026-12-31,0.98,EVI_VEH_REG_0515,True
PVL_0516,P_02728,VEH_0516,Registered_Owner,2024-01-01,2026-12-31,0.98,EVI_VEH_REG_0516,True
PVL_0517,P_02028,VEH_0517,Registered_Owner,2024-01-01,2026-12-31,0.98,EVI_VEH_REG_0517,True
PVL_0518,P_03074,VEH_0518,Registered_Owner,2024-01-01,2026-12-31,0.98,EVI_VEH_REG_0518,True
PVL_0519,P_02803,VEH_0519,Registered_Owner,2024-01-01,2026-12-31,0.98,EVI_VEH_REG_0519,True
PVL_0520,P_02233,VEH_0520,Registered_Owner,2024-01-01,2026-12-31,0.98,EVI_VEH_REG_0520,True
PVL_0521,P_00930,VEH_0521,Registered_Owner,2024-01-01,2026-12-31,0.98,EVI_VEH_REG_0521,True
PVL_0522,P_03059,VEH_0522,Registered_Owner,2024-01-01,2026-12-31,0.98,EVI_VEH_REG_0522,True
PVL_0523,P_00080,VEH_0523,Registered_Owner,2024-01-01,2026-12-31,0.98,EVI_VEH_REG_0523,True
PVL_0524,P_02711,VEH_0524,Registered_Owner,2024-01-01,2026-12-31,0.98,EVI_VEH_REG_0524,True
PVL_0525,P_01521,VEH_0525,Registered_Owner,2024-01-01,2026-12-31,0.98,EVI_VEH_REG_0525,True
PVL_0526,P_00410,VEH_0526,Registered_Owner,2024-01-01,2026-12-31,0.98,EVI_VEH_REG_0526,True
PVL_0527,P_04154,VEH_0527,Registered_Owner,2024-01-01,2026-12-31,0.98,EVI_VEH_REG_0527,True
PVL_0528,P_01515,VEH_0528,Registered_Owner,2024-01-01,2026-12-31,0.98,EVI_VEH_REG_0528,True
PVL_0529,P_04714,VEH_0529,Registered_Owner,2024-01-01,2026-12-31,0.98,EVI_VEH_REG_0529,True
PVL_0530,P_01866,VEH_0530,Registered_Owner,2024-01-01,2026-12-31,0.98,EVI_VEH_REG_0530,True
PVL_0531,P_04247,VEH_0531,Registered_Owner,2024-01-01,2026-12-31,0.98,EVI_VEH_REG_0531,True
PVL_0532,P_00058,VEH_0532,Registered_Owner,2024-01-01,2026-12-31,0.98,EVI_VEH_REG_0532,True
PVL_0533,P_02820,VEH_0533,Registered_Owner,2024-01-01,2026-12-31,0.98,EVI_VEH_REG_0533,True
PVL_0534,P_00723,VEH_0534,Registered_Owner,2024-01-01,2026-12-31,0.98,EVI_VEH_REG_0534,True
PVL_0535,P_04663,VEH_0535,Registered_Owner,2024-01-01,2026-12-31,0.98,EVI_VEH_REG_0535,True
PVL_0536,P_04190,VEH_0536,Registered_Owner,2024-01-01,2026-12-31,0.98,EVI_VEH_REG_0536,True
PVL_0537,P_04811,VEH_0537,Registered_Owner,2024-01-01,2026-12-31,0.98,EVI_VEH_REG_0537,True
PVL_0538,P_03304,VEH_0538,Registered_Owner,2024-01-01,2026-12-31,0.98,EVI_VEH_REG_0538,True
PVL_0539,P_00201,VEH_0539,Registered_Owner,2024-01-01,2026-12-31,0.98,EVI_VEH_REG_0539,True
PVL_0540,P_02996,VEH_0540,Registered_Owner,2024-01-01,2026-12-31,0.98,EVI_VEH_REG_0540,True
PVL_0541,P_04858,VEH_0541,Registered_Owner,2024-01-01,2026-12-31,0.98,EVI_VEH_REG_0541,True
PVL_0542,P_02764,VEH_0542,Registered_Owner,2024-01-01,2026-12-31,0.98,EVI_VEH_REG_0542,True
PVL_0543,P_01866,VEH_0543,Registered_Owner,2024-01-01,2026-12-31,0.98,EVI_VEH_REG_0543,True
PVL_0544,P_03993,VEH_0544,Registered_Owner,2024-01-01,2026-12-31,0.98,EVI_VEH_REG_0544,True
PVL_0545,P_04980,VEH_0545,Registered_Owner,2024-01-01,2026-12-31,0.98,EVI_VEH_REG_0545,True
PVL_0546,P_04115,VEH_0546,Registered_Owner,2024-01-01,2026-12-31,0.98,EVI_VEH_REG_0546,True
PVL_0547,P_00999,VEH_0547,Registered_Owner,2024-01-01,2026-12-31,0.98,EVI_VEH_REG_0547,True
PVL_0548,P_04632,VEH_0548,Registered_Owner,2024-01-01,2026-12-31,0.98,EVI_VEH_REG_0548,True
PVL_0549,P_02673,VEH_0549,Registered_Owner,2024-01-01,2026-12-31,0.98,EVI_VEH_REG_0549,True
PVL_0550,P_04547,VEH_0550,Registered_Owner,2024-01-01,2026-12-31,0.98,EVI_VEH_REG_0550,True
PVL_0551,P_04689,VEH_0551,Registered_Owner,2024-01-01,2026-12-31,0.98,EVI_VEH_REG_0551,True
PVL_0552,P_04615,VEH_0552,Registered_Owner,2024-01-01,2026-12-31,0.98,EVI_VEH_REG_0552,True
PVL_0553,P_02635,VEH_0553,Registered_Owner,2024-01-01,2026-12-31,0.98,EVI_VEH_REG_0553,True
PVL_0554,P_03683,VEH_0554,Registered_Owner,2024-01-01,2026-12-31,0.98,EVI_VEH_REG_0554,True
PVL_0555,P_00484,VEH_0555,Registered_Owner,2024-01-01,2026-12-31,0.98,EVI_VEH_REG_0555,True
PVL_0556,P_04603,VEH_0556,Registered_Owner,2024-01-01,2026-12-31,0.98,EVI_VEH_REG_0556,True
PVL_0557,P_01639,VEH_0557,Registered_Owner,2024-01-01,2026-12-31,0.98,EVI_VEH_REG_0557,True
PVL_0558,P_04385,VEH_0558,Registered_Owner,2024-01-01,2026-12-31,0.98,EVI_VEH_REG_0558,True
PVL_0559,P_02187,VEH_0559,Registered_Owner,2024-01-01,2026-12-31,0.98,EVI_VEH_REG_0559,True
PVL_0560,P_03020,VEH_0560,Registered_Owner,2024-01-01,2026-12-31,0.98,EVI_VEH_REG_0560,True
PVL_0561,P_02574,VEH_0561,Registered_Owner,2024-01-01,2026-12-31,0.98,EVI_VEH_REG_0561,True
PVL_0562,P_02381,VEH_0562,Registered_Owner,2024-01-01,2026-12-31,0.98,EVI_VEH_REG_0562,True
PVL_0563,P_02675,VEH_0563,Registered_Owner,2024-01-01,2026-12-31,0.98,EVI_VEH_REG_0563,True
PVL_0564,P_00209,VEH_0564,Registered_Owner,2024-01-01,2026-12-31,0.98,EVI_VEH_REG_0564,True
PVL_0565,P_02655,VEH_0565,Registered_Owner,2024-01-01,2026-12-31,0.98,EVI_VEH_REG_0565,True
PVL_0566,P_00524,VEH_0566,Registered_Owner,2024-01-01,2026-12-31,0.98,EVI_VEH_REG_0566,True
PVL_0567,P_02952,VEH_0567,Registered_Owner,2024-01-01,2026-12-31,0.98,EVI_VEH_REG_0567,True
PVL_0568,P_03282,VEH_0568,Registered_Owner,2024-01-01,2026-12-31,0.98,EVI_VEH_REG_0568,True
PVL_0569,P_00733,VEH_0569,Registered_Owner,2024-01-01,2026-12-31,0.98,EVI_VEH_REG_0569,True
PVL_0570,P_01961,VEH_0570,Registered_Owner,2024-01-01,2026-12-31,0.98,EVI_VEH_REG_0570,True
PVL_0571,P_00348,VEH_0571,Registered_Owner,2024-01-01,2026-12-31,0.98,EVI_VEH_REG_0571,True
PVL_0572,P_02618,VEH_0572,Registered_Owner,2024-01-01,2026-12-31,0.98,EVI_VEH_REG_0572,True
PVL_0573,P_02421,VEH_0573,Registered_Owner,2024-01-01,2026-12-31,0.98,EVI_VEH_REG_0573,True
PVL_0574,P_00329,VEH_0574,Registered_Owner,2024-01-01,2026-12-31,0.98,EVI_VEH_REG_0574,True
PVL_0575,P_02863,VEH_0575,Registered_Owner,2024-01-01,2026-12-31,0.98,EVI_VEH_REG_0575,True
PVL_0576,P_01744,VEH_0576,Registered_Owner,2024-01-01,2026-12-31,0.98,EVI_VEH_REG_0576,True
PVL_0577,P_04557,VEH_0577,Registered_Owner,2024-01-01,2026-12-31,0.98,EVI_VEH_REG_0577,True
PVL_0578,P_02741,VEH_0578,Registered_Owner,2024-01-01,2026-12-31,0.98,EVI_VEH_REG_0578,True
PVL_0579,P_00237,VEH_0579,Registered_Owner,2024-01-01,2026-12-31,0.98,EVI_VEH_REG_0579,True
PVL_0580,P_01515,VEH_0580,Registered_Owner,2024-01-01,2026-12-31,0.98,EVI_VEH_REG_0580,True
PVL_0581,P_04672,VEH_0581,Registered_Owner,2024-01-01,2026-12-31,0.98,EVI_VEH_REG_0581,True
PVL_0582,P_00446,VEH_0582,Registered_Owner,2024-01-01,2026-12-31,0.98,EVI_VEH_REG_0582,True
PVL_0583,P_00196,VEH_0583,Registered_Owner,2024-01-01,2026-12-31,0.98,EVI_VEH_REG_0583,True
PVL_0584,P_04189,VEH_0584,Registered_Owner,2024-01-01,2026-12-31,0.98,EVI_VEH_REG_0584,True
PVL_0585,P_03934,VEH_0585,Registered_Owner,2024-01-01,2026-12-31,0.98,EVI_VEH_REG_0585,True
PVL_0586,P_00410,VEH_0586,Registered_Owner,2024-01-01,2026-12-31,0.98,EVI_VEH_REG_0586,True
PVL_0587,P_00797,VEH_0587,Registered_Owner,2024-01-01,2026-12-31,0.98,EVI_VEH_REG_0587,True
PVL_0588,P_00624,VEH_0588,Registered_Owner,2024-01-01,2026-12-31,0.98,EVI_VEH_REG_0588,True
PVL_0589,P_02023,VEH_0589,Registered_Owner,2024-01-01,2026-12-31,0.98,EVI_VEH_REG_0589,True
PVL_0590,P_00249,VEH_0590,Registered_Owner,2024-01-01,2026-12-31,0.98,EVI_VEH_REG_0590,True
PVL_0591,P_04750,VEH_0591,Registered_Owner,2024-01-01,2026-12-31,0.98,EVI_VEH_REG_0591,True
PVL_0592,P_01766,VEH_0592,Registered_Owner,2024-01-01,2026-12-31,0.98,EVI_VEH_REG_0592,True
PVL_0593,P_03816,VEH_0593,Registered_Owner,2024-01-01,2026-12-31,0.98,EVI_VEH_REG_0593,True
PVL_0594,P_02349,VEH_0594,Registered_Owner,2024-01-01,2026-12-31,0.98,EVI_VEH_REG_0594,True
PVL_0595,P_01924,VEH_0595,Registered_Owner,2024-01-01,2026-12-31,0.98,EVI_VEH_REG_0595,True
PVL_0596,P_04579,VEH_0596,Registered_Owner,2024-01-01,2026-12-31,0.98,EVI_VEH_REG_0596,True
PVL_0597,P_00725,VEH_0597,Registered_Owner,2024-01-01,2026-12-31,0.98,EVI_VEH_REG_0597,True
PVL_0598,P_04514,VEH_0598,Registered_Owner,2024-01-01,2026-12-31,0.98,EVI_VEH_REG_0598,True
PVL_0599,P_03049,VEH_0599,Registered_Owner,2024-01-01,2026-12-31,0.98,EVI_VEH_REG_0599,True
PVL_0600,P_03341,VEH_0600,Registered_Owner,2024-01-01,2026-12-31,0.98,EVI_VEH_REG_0600,True
PVL_0601,P_02939,VEH_0601,Registered_Owner,2024-01-01,2026-12-31,0.98,EVI_VEH_REG_0601,True
PVL_0602,P_02814,VEH_0602,Registered_Owner,2024-01-01,2026-12-31,0.98,EVI_VEH_REG_0602,True
PVL_0603,P_01687,VEH_0603,Registered_Owner,2024-01-01,2026-12-31,0.98,EVI_VEH_REG_0603,True
PVL_0604,P_00344,VEH_0604,Registered_Owner,2024-01-01,2026-12-31,0.98,EVI_VEH_REG_0604,True
PVL_0605,P_02744,VEH_0605,Registered_Owner,2024-01-01,2026-12-31,0.98,EVI_VEH_REG_0605,True
PVL_0606,P_03236,VEH_0606,Registered_Owner,2024-01-01,2026-12-31,0.98,EVI_VEH_REG_0606,True
PVL_0607,P_03717,VEH_0607,Registered_Owner,2024-01-01,2026-12-31,0.98,EVI_VEH_REG_0607,True
PVL_0608,P_04153,VEH_0608,Registered_Owner,2024-01-01,2026-12-31,0.98,EVI_VEH_REG_0608,True
PVL_0609,P_01715,VEH_0609,Registered_Owner,2024-01-01,2026-12-31,0.98,EVI_VEH_REG_0609,True
PVL_0610,P_01522,VEH_0610,Registered_Owner,2024-01-01,2026-12-31,0.98,EVI_VEH_REG_0610,True
PVL_0611,P_03302,VEH_0611,Registered_Owner,2024-01-01,2026-12-31,0.98,EVI_VEH_REG_0611,True
PVL_0612,P_03511,VEH_0612,Registered_Owner,2024-01-01,2026-12-31,0.98,EVI_VEH_REG_0612,True
PVL_0613,P_02619,VEH_0613,Registered_Owner,2024-01-01,2026-12-31,0.98,EVI_VEH_REG_0613,True
PVL_0614,P_00803,VEH_0614,Registered_Owner,2024-01-01,2026-12-31,0.98,EVI_VEH_REG_0614,True
PVL_0615,P_03113,VEH_0615,Registered_Owner,2024-01-01,2026-12-31,0.98,EVI_VEH_REG_0615,True
PVL_0616,P_00755,VEH_0616,Registered_Owner,2024-01-01,2026-12-31,0.98,EVI_VEH_REG_0616,True
PVL_0617,P_03112,VEH_0617,Registered_Owner,2024-01-01,2026-12-31,0.98,EVI_VEH_REG_0617,True
PVL_0618,P_04528,VEH_0618,Registered_Owner,2024-01-01,2026-12-31,0.98,EVI_VEH_REG_0618,True
PVL_0619,P_04244,VEH_0619,Registered_Owner,2024-01-01,2026-12-31,0.98,EVI_VEH_REG_0619,True
PVL_0620,P_04485,VEH_0620,Registered_Owner,2024-01-01,2026-12-31,0.98,EVI_VEH_REG_0620,True
PVL_0621,P_03701,VEH_0621,Registered_Owner,2024-01-01,2026-12-31,0.98,EVI_VEH_REG_0621,True
PVL_0622,P_01269,VEH_0622,Registered_Owner,2024-01-01,2026-12-31,0.98,EVI_VEH_REG_0622,True
PVL_0623,P_03087,VEH_0623,Registered_Owner,2024-01-01,2026-12-31,0.98,EVI_VEH_REG_0623,True
PVL_0624,P_01874,VEH_0624,Registered_Owner,2024-01-01,2026-12-31,0.98,EVI_VEH_REG_0624,True
PVL_0625,P_03589,VEH_0625,Registered_Owner,2024-01-01,2026-12-31,0.98,EVI_VEH_REG_0625,True
PVL_0626,P_04049,VEH_0626,Registered_Owner,2024-01-01,2026-12-31,0.98,EVI_VEH_REG_0626,True
PVL_0627,P_00549,VEH_0627,Registered_Owner,2024-01-01,2026-12-31,0.98,EVI_VEH_REG_0627,True
PVL_0628,P_03288,VEH_0628,Registered_Owner,2024-01-01,2026-12-31,0.98,EVI_VEH_REG_0628,True
PVL_0629,P_01610,VEH_0629,Registered_Owner,2024-01-01,2026-12-31,0.98,EVI_VEH_REG_0629,True
PVL_0630,P_04769,VEH_0630,Registered_Owner,2024-01-01,2026-12-31,0.98,EVI_VEH_REG_0630,True
PVL_0631,P_01092,VEH_0631,Registered_Owner,2024-01-01,2026-12-31,0.98,EVI_VEH_REG_0631,True
PVL_0632,P_04394,VEH_0632,Registered_Owner,2024-01-01,2026-12-31,0.98,EVI_VEH_REG_0632,True
PVL_0633,P_01997,VEH_0633,Registered_Owner,2024-01-01,2026-12-31,0.98,EVI_VEH_REG_0633,True
PVL_0634,P_00812,VEH_0634,Registered_Owner,2024-01-01,2026-12-31,0.98,EVI_VEH_REG_0634,True
PVL_0635,P_01041,VEH_0635,Registered_Owner,2024-01-01,2026-12-31,0.98,EVI_VEH_REG_0635,True
PVL_0636,P_02072,VEH_0636,Registered_Owner,2024-01-01,2026-12-31,0.98,EVI_VEH_REG_0636,True
PVL_0637,P_03538,VEH_0637,Registered_Owner,2024-01-01,2026-12-31,0.98,EVI_VEH_REG_0637,True
PVL_0638,P_03685,VEH_0638,Registered_Owner,2024-01-01,2026-12-31,0.98,EVI_VEH_REG_0638,True
PVL_0639,P_01289,VEH_0639,Registered_Owner,2024-01-01,2026-12-31,0.98,EVI_VEH_REG_0639,True
PVL_0640,P_04914,VEH_0640,Registered_Owner,2024-01-01,2026-12-31,0.98,EVI_VEH_REG_0640,True
PVL_0641,P_03028,VEH_0641,Registered_Owner,2024-01-01,2026-12-31,0.98,EVI_VEH_REG_0641,True
PVL_0642,P_04482,VEH_0642,Registered_Owner,2024-01-01,2026-12-31,0.98,EVI_VEH_REG_0642,True
PVL_0643,P_04830,VEH_0643,Registered_Owner,2024-01-01,2026-12-31,0.98,EVI_VEH_REG_0643,True
PVL_0644,P_04332,VEH_0644,Registered_Owner,2024-01-01,2026-12-31,0.98,EVI_VEH_REG_0644,True
PVL_0645,P_01867,VEH_0645,Registered_Owner,2024-01-01,2026-12-31,0.98,EVI_VEH_REG_0645,True
PVL_0646,P_01572,VEH_0646,Registered_Owner,2024-01-01,2026-12-31,0.98,EVI_VEH_REG_0646,True
PVL_0647,P_01543,VEH_0647,Registered_Owner,2024-01-01,2026-12-31,0.98,EVI_VEH_REG_0647,True
PVL_0648,P_02631,VEH_0648,Registered_Owner,2024-01-01,2026-12-31,0.98,EVI_VEH_REG_0648,True
PVL_0649,P_01686,VEH_0649,Registered_Owner,2024-01-01,2026-12-31,0.98,EVI_VEH_REG_0649,True
PVL_0650,P_03209,VEH_0650,Registered_Owner,2024-01-01,2026-12-31,0.98,EVI_VEH_REG_0650,True
PVL_0651,P_02135,VEH_0651,Registered_Owner,2024-01-01,2026-12-31,0.98,EVI_VEH_REG_0651,True
PVL_0652,P_00027,VEH_0652,Registered_Owner,2024-01-01,2026-12-31,0.98,EVI_VEH_REG_0652,True
PVL_0653,P_04511,VEH_0653,Registered_Owner,2024-01-01,2026-12-31,0.98,EVI_VEH_REG_0653,True
PVL_0654,P_04107,VEH_0654,Registered_Owner,2024-01-01,2026-12-31,0.98,EVI_VEH_REG_0654,True
PVL_0655,P_01007,VEH_0655,Registered_Owner,2024-01-01,2026-12-31,0.98,EVI_VEH_REG_0655,True
PVL_0656,P_04481,VEH_0656,Registered_Owner,2024-01-01,2026-12-31,0.98,EVI_VEH_REG_0656,True
PVL_0657,P_00328,VEH_0657,Registered_Owner,2024-01-01,2026-12-31,0.98,EVI_VEH_REG_0657,True
PVL_0658,P_03521,VEH_0658,Registered_Owner,2024-01-01,2026-12-31,0.98,EVI_VEH_REG_0658,True
PVL_0659,P_02897,VEH_0659,Registered_Owner,2024-01-01,2026-12-31,0.98,EVI_VEH_REG_0659,True
PVL_0660,P_03140,VEH_0660,Registered_Owner,2024-01-01,2026-12-31,0.98,EVI_VEH_REG_0660,True
PVL_0661,P_03984,VEH_0661,Registered_Owner,2024-01-01,2026-12-31,0.98,EVI_VEH_REG_0661,True
PVL_0662,P_04994,VEH_0662,Registered_Owner,2024-01-01,2026-12-31,0.98,EVI_VEH_REG_0662,True
PVL_0663,P_02528,VEH_0663,Registered_Owner,2024-01-01,2026-12-31,0.98,EVI_VEH_REG_0663,True
PVL_0664,P_01903,VEH_0664,Registered_Owner,2024-01-01,2026-12-31,0.98,EVI_VEH_REG_0664,True
PVL_0665,P_03115,VEH_0665,Registered_Owner,2024-01-01,2026-12-31,0.98,EVI_VEH_REG_0665,True
PVL_0666,P_04389,VEH_0666,Registered_Owner,2024-01-01,2026-12-31,0.98,EVI_VEH_REG_0666,True
PVL_0667,P_04969,VEH_0667,Registered_Owner,2024-01-01,2026-12-31,0.98,EVI_VEH_REG_0667,True
PVL_0668,P_03310,VEH_0668,Registered_Owner,2024-01-01,2026-12-31,0.98,EVI_VEH_REG_0668,True
PVL_0669,P_01892,VEH_0669,Registered_Owner,2024-01-01,2026-12-31,0.98,EVI_VEH_REG_0669,True
PVL_0670,P_00530,VEH_0670,Registered_Owner,2024-01-01,2026-12-31,0.98,EVI_VEH_REG_0670,True
PVL_0671,P_04118,VEH_0671,Registered_Owner,2024-01-01,2026-12-31,0.98,EVI_VEH_REG_0671,True
PVL_0672,P_01873,VEH_0672,Registered_Owner,2024-01-01,2026-12-31,0.98,EVI_VEH_REG_0672,True
PVL_0673,P_01796,VEH_0673,Registered_Owner,2024-01-01,2026-12-31,0.98,EVI_VEH_REG_0673,True
PVL_0674,P_01301,VEH_0674,Registered_Owner,2024-01-01,2026-12-31,0.98,EVI_VEH_REG_0674,True
PVL_0675,P_02139,VEH_0675,Registered_Owner,2024-01-01,2026-12-31,0.98,EVI_VEH_REG_0675,True
PVL_0676,P_01877,VEH_0676,Registered_Owner,2024-01-01,2026-12-31,0.98,EVI_VEH_REG_0676,True
PVL_0677,P_04691,VEH_0677,Registered_Owner,2024-01-01,2026-12-31,0.98,EVI_VEH_REG_0677,True
PVL_0678,P_00141,VEH_0678,Registered_Owner,2024-01-01,2026-12-31,0.98,EVI_VEH_REG_0678,True
PVL_0679,P_01465,VEH_0679,Registered_Owner,2024-01-01,2026-12-31,0.98,EVI_VEH_REG_0679,True
PVL_0680,P_04468,VEH_0680,Registered_Owner,2024-01-01,2026-12-31,0.98,EVI_VEH_REG_0680,True
PVL_0681,P_04301,VEH_0681,Registered_Owner,2024-01-01,2026-12-31,0.98,EVI_VEH_REG_0681,True
PVL_0682,P_00397,VEH_0682,Registered_Owner,2024-01-01,2026-12-31,0.98,EVI_VEH_REG_0682,True
PVL_0683,P_04702,VEH_0683,Registered_Owner,2024-01-01,2026-12-31,0.98,EVI_VEH_REG_0683,True
PVL_0684,P_01328,VEH_0684,Registered_Owner,2024-01-01,2026-12-31,0.98,EVI_VEH_REG_0684,True
PVL_0685,P_04429,VEH_0685,Registered_Owner,2024-01-01,2026-12-31,0.98,EVI_VEH_REG_0685,True
PVL_0686,P_04354,VEH_0686,Registered_Owner,2024-01-01,2026-12-31,0.98,EVI_VEH_REG_0686,True
PVL_0687,P_04385,VEH_0687,Registered_Owner,2024-01-01,2026-12-31,0.98,EVI_VEH_REG_0687,True
PVL_0688,P_00602,VEH_0688,Registered_Owner,2024-01-01,2026-12-31,0.98,EVI_VEH_REG_0688,True
PVL_0689,P_02002,VEH_0689,Registered_Owner,2024-01-01,2026-12-31,0.98,EVI_VEH_REG_0689,True
PVL_0690,P_03568,VEH_0690,Registered_Owner,2024-01-01,2026-12-31,0.98,EVI_VEH_REG_0690,True
PVL_0691,P_03247,VEH_0691,Registered_Owner,2024-01-01,2026-12-31,0.98,EVI_VEH_REG_0691,True
PVL_0692,P_03988,VEH_0692,Registered_Owner,2024-01-01,2026-12-31,0.98,EVI_VEH_REG_0692,True
PVL_0693,P_01069,VEH_0693,Registered_Owner,2024-01-01,2026-12-31,0.98,EVI_VEH_REG_0693,True
PVL_0694,P_03065,VEH_0694,Registered_Owner,2024-01-01,2026-12-31,0.98,EVI_VEH_REG_0694,True
PVL_0695,P_04901,VEH_0695,Registered_Owner,2024-01-01,2026-12-31,0.98,EVI_VEH_REG_0695,True
PVL_0696,P_00556,VEH_0696,Registered_Owner,2024-01-01,2026-12-31,0.98,EVI_VEH_REG_0696,True
PVL_0697,P_00830,VEH_0697,Registered_Owner,2024-01-01,2026-12-31,0.98,EVI_VEH_REG_0697,True
PVL_0698,P_03042,VEH_0698,Registered_Owner,2024-01-01,2026-12-31,0.98,EVI_VEH_REG_0698,True
PVL_0699,P_02676,VEH_0699,Registered_Owner,2024-01-01,2026-12-31,0.98,EVI_VEH_REG_0699,True
PVL_0700,P_03994,VEH_0700,Registered_Owner,2024-01-01,2026-12-31,0.98,EVI_VEH_REG_0700,True
PVL_0701,P_00552,VEH_0701,Registered_Owner,2024-01-01,2026-12-31,0.98,EVI_VEH_REG_0701,True
PVL_0702,P_01165,VEH_0702,Registered_Owner,2024-01-01,2026-12-31,0.98,EVI_VEH_REG_0702,True
PVL_0703,P_00361,VEH_0703,Registered_Owner,2024-01-01,2026-12-31,0.98,EVI_VEH_REG_0703,True
PVL_0704,P_03421,VEH_0704,Registered_Owner,2024-01-01,2026-12-31,0.98,EVI_VEH_REG_0704,True
PVL_0705,P_00543,VEH_0705,Registered_Owner,2024-01-01,2026-12-31,0.98,EVI_VEH_REG_0705,True
PVL_0706,P_03837,VEH_0706,Registered_Owner,2024-01-01,2026-12-31,0.98,EVI_VEH_REG_0706,True
PVL_0707,P_03842,VEH_0707,Registered_Owner,2024-01-01,2026-12-31,0.98,EVI_VEH_REG_0707,True
PVL_0708,P_04411,VEH_0708,Registered_Owner,2024-01-01,2026-12-31,0.98,EVI_VEH_REG_0708,True
PVL_0709,P_01854,VEH_0709,Registered_Owner,2024-01-01,2026-12-31,0.98,EVI_VEH_REG_0709,True
PVL_0710,P_04183,VEH_0710,Registered_Owner,2024-01-01,2026-12-31,0.98,EVI_VEH_REG_0710,True
PVL_0711,P_01213,VEH_0711,Registered_Owner,2024-01-01,2026-12-31,0.98,EVI_VEH_REG_0711,True
PVL_0712,P_04038,VEH_0712,Registered_Owner,2024-01-01,2026-12-31,0.98,EVI_VEH_REG_0712,True
PVL_0713,P_00665,VEH_0713,Registered_Owner,2024-01-01,2026-12-31,0.98,EVI_VEH_REG_0713,True
PVL_0714,P_00467,VEH_0714,Registered_Owner,2024-01-01,2026-12-31,0.98,EVI_VEH_REG_0714,True
PVL_0715,P_02735,VEH_0715,Registered_Owner,2024-01-01,2026-12-31,0.98,EVI_VEH_REG_0715,True
PVL_0716,P_04821,VEH_0716,Registered_Owner,2024-01-01,2026-12-31,0.98,EVI_VEH_REG_0716,True
PVL_0717,P_02754,VEH_0717,Registered_Owner,2024-01-01,2026-12-31,0.98,EVI_VEH_REG_0717,True
PVL_0718,P_00673,VEH_0718,Registered_Owner,2024-01-01,2026-12-31,0.98,EVI_VEH_REG_0718,True
PVL_0719,P_00421,VEH_0719,Registered_Owner,2024-01-01,2026-12-31,0.98,EVI_VEH_REG_0719,True
PVL_0720,P_04686,VEH_0720,Registered_Owner,2024-01-01,2026-12-31,0.98,EVI_VEH_REG_0720,True
PVL_0721,P_04775,VEH_0721,Registered_Owner,2024-01-01,2026-12-31,0.98,EVI_VEH_REG_0721,True
PVL_0722,P_03202,VEH_0722,Registered_Owner,2024-01-01,2026-12-31,0.98,EVI_VEH_REG_0722,True
PVL_0723,P_02379,VEH_0723,Registered_Owner,2024-01-01,2026-12-31,0.98,EVI_VEH_REG_0723,True
PVL_0724,P_00788,VEH_0724,Registered_Owner,2024-01-01,2026-12-31,0.98,EVI_VEH_REG_0724,True
PVL_0725,P_01334,VEH_0725,Registered_Owner,2024-01-01,2026-12-31,0.98,EVI_VEH_REG_0725,True
PVL_0726,P_03425,VEH_0726,Registered_Owner,2024-01-01,2026-12-31,0.98,EVI_VEH_REG_0726,True
PVL_0727,P_01272,VEH_0727,Registered_Owner,2024-01-01,2026-12-31,0.98,EVI_VEH_REG_0727,True
PVL_0728,P_03678,VEH_0728,Registered_Owner,2024-01-01,2026-12-31,0.98,EVI_VEH_REG_0728,True
PVL_0729,P_04746,VEH_0729,Registered_Owner,2024-01-01,2026-12-31,0.98,EVI_VEH_REG_0729,True
PVL_0730,P_01719,VEH_0730,Registered_Owner,2024-01-01,2026-12-31,0.98,EVI_VEH_REG_0730,True
PVL_0731,P_00401,VEH_0731,Registered_Owner,2024-01-01,2026-12-31,0.98,EVI_VEH_REG_0731,True
PVL_0732,P_02651,VEH_0732,Registered_Owner,2024-01-01,2026-12-31,0.98,EVI_VEH_REG_0732,True
PVL_0733,P_04642,VEH_0733,Registered_Owner,2024-01-01,2026-12-31,0.98,EVI_VEH_REG_0733,True
PVL_0734,P_00764,VEH_0734,Registered_Owner,2024-01-01,2026-12-31,0.98,EVI_VEH_REG_0734,True
PVL_0735,P_04948,VEH_0735,Registered_Owner,2024-01-01,2026-12-31,0.98,EVI_VEH_REG_0735,True
PVL_0736,P_00076,VEH_0736,Registered_Owner,2024-01-01,2026-12-31,0.98,EVI_VEH_REG_0736,True
PVL_0737,P_03956,VEH_0737,Registered_Owner,2024-01-01,2026-12-31,0.98,EVI_VEH_REG_0737,True
PVL_0738,P_04445,VEH_0738,Registered_Owner,2024-01-01,2026-12-31,0.98,EVI_VEH_REG_0738,True
PVL_0739,P_00323,VEH_0739,Registered_Owner,2024-01-01,2026-12-31,0.98,EVI_VEH_REG_0739,True
PVL_0740,P_02379,VEH_0740,Registered_Owner,2024-01-01,2026-12-31,0.98,EVI_VEH_REG_0740,True
PVL_0741,P_03419,VEH_0741,Registered_Owner,2024-01-01,2026-12-31,0.98,EVI_VEH_REG_0741,True
PVL_0742,P_03681,VEH_0742,Registered_Owner,2024-01-01,2026-12-31,0.98,EVI_VEH_REG_0742,True
PVL_0743,P_03235,VEH_0743,Registered_Owner,2024-01-01,2026-12-31,0.98,EVI_VEH_REG_0743,True
PVL_0744,P_03253,VEH_0744,Registered_Owner,2024-01-01,2026-12-31,0.98,EVI_VEH_REG_0744,True
PVL_0745,P_04074,VEH_0745,Registered_Owner,2024-01-01,2026-12-31,0.98,EVI_VEH_REG_0745,True
PVL_0746,P_04165,VEH_0746,Registered_Owner,2024-01-01,2026-12-31,0.98,EVI_VEH_REG_0746,True
PVL_0747,P_03187,VEH_0747,Registered_Owner,2024-01-01,2026-12-31,0.98,EVI_VEH_REG_0747,True
PVL_0748,P_02694,VEH_0748,Registered_Owner,2024-01-01,2026-12-31,0.98,EVI_VEH_REG_0748,True
PVL_0749,P_02443,VEH_0749,Registered_Owner,2024-01-01,2026-12-31,0.98,EVI_VEH_REG_0749,True
PVL_0750,P_00800,VEH_0750,Registered_Owner,2024-01-01,2026-12-31,0.98,EVI_VEH_REG_0750,True
PVL_0751,P_01275,VEH_0751,Registered_Owner,2024-01-01,2026-12-31,0.98,EVI_VEH_REG_0751,True
PVL_0752,P_00929,VEH_0752,Registered_Owner,2024-01-01,2026-12-31,0.98,EVI_VEH_REG_0752,True
PVL_0753,P_04281,VEH_0753,Registered_Owner,2024-01-01,2026-12-31,0.98,EVI_VEH_REG_0753,True
PVL_0754,P_00754,VEH_0754,Registered_Owner,2024-01-01,2026-12-31,0.98,EVI_VEH_REG_0754,True
PVL_0755,P_00708,VEH_0755,Registered_Owner,2024-01-01,2026-12-31,0.98,EVI_VEH_REG_0755,True
PVL_0756,P_03922,VEH_0756,Registered_Owner,2024-01-01,2026-12-31,0.98,EVI_VEH_REG_0756,True
PVL_0757,P_04294,VEH_0757,Registered_Owner,2024-01-01,2026-12-31,0.98,EVI_VEH_REG_0757,True
PVL_0758,P_01858,VEH_0758,Registered_Owner,2024-01-01,2026-12-31,0.98,EVI_VEH_REG_0758,True
PVL_0759,P_00344,VEH_0759,Registered_Owner,2024-01-01,2026-12-31,0.98,EVI_VEH_REG_0759,True
PVL_0760,P_02775,VEH_0760,Registered_Owner,2024-01-01,2026-12-31,0.98,EVI_VEH_REG_0760,True
PVL_0761,P_00787,VEH_0761,Registered_Owner,2024-01-01,2026-12-31,0.98,EVI_VEH_REG_0761,True
PVL_0762,P_00982,VEH_0762,Registered_Owner,2024-01-01,2026-12-31,0.98,EVI_VEH_REG_0762,True
PVL_0763,P_00319,VEH_0763,Registered_Owner,2024-01-01,2026-12-31,0.98,EVI_VEH_REG_0763,True
PVL_0764,P_03110,VEH_0764,Registered_Owner,2024-01-01,2026-12-31,0.98,EVI_VEH_REG_0764,True
PVL_0765,P_02981,VEH_0765,Registered_Owner,2024-01-01,2026-12-31,0.98,EVI_VEH_REG_0765,True
PVL_0766,P_02384,VEH_0766,Registered_Owner,2024-01-01,2026-12-31,0.98,EVI_VEH_REG_0766,True
PVL_0767,P_02970,VEH_0767,Registered_Owner,2024-01-01,2026-12-31,0.98,EVI_VEH_REG_0767,True
PVL_0768,P_01497,VEH_0768,Registered_Owner,2024-01-01,2026-12-31,0.98,EVI_VEH_REG_0768,True
PVL_0769,P_04508,VEH_0769,Registered_Owner,2024-01-01,2026-12-31,0.98,EVI_VEH_REG_0769,True
PVL_0770,P_04525,VEH_0770,Registered_Owner,2024-01-01,2026-12-31,0.98,EVI_VEH_REG_0770,True
PVL_0771,P_03443,VEH_0771,Registered_Owner,2024-01-01,2026-12-31,0.98,EVI_VEH_REG_0771,True
PVL_0772,P_04820,VEH_0772,Registered_Owner,2024-01-01,2026-12-31,0.98,EVI_VEH_REG_0772,True
PVL_0773,P_04036,VEH_0773,Registered_Owner,2024-01-01,2026-12-31,0.98,EVI_VEH_REG_0773,True
PVL_0774,P_02737,VEH_0774,Registered_Owner,2024-01-01,2026-12-31,0.98,EVI_VEH_REG_0774,True
PVL_0775,P_03853,VEH_0775,Registered_Owner,2024-01-01,2026-12-31,0.98,EVI_VEH_REG_0775,True
PVL_0776,P_03342,VEH_0776,Registered_Owner,2024-01-01,2026-12-31,0.98,EVI_VEH_REG_0776,True
PVL_0777,P_04082,VEH_0777,Registered_Owner,2024-01-01,2026-12-31,0.98,EVI_VEH_REG_0777,True
PVL_0778,P_04420,VEH_0778,Registered_Owner,2024-01-01,2026-12-31,0.98,EVI_VEH_REG_0778,True
PVL_0779,P_02255,VEH_0779,Registered_Owner,2024-01-01,2026-12-31,0.98,EVI_VEH_REG_0779,True
PVL_0780,P_04959,VEH_0780,Registered_Owner,2024-01-01,2026-12-31,0.98,EVI_VEH_REG_0780,True
PVL_0781,P_01051,VEH_0781,Registered_Owner,2024-01-01,2026-12-31,0.98,EVI_VEH_REG_0781,True
PVL_0782,P_01892,VEH_0782,Registered_Owner,2024-01-01,2026-12-31,0.98,EVI_VEH_REG_0782,True
PVL_0783,P_02314,VEH_0783,Registered_Owner,2024-01-01,2026-12-31,0.98,EVI_VEH_REG_0783,True
PVL_0784,P_03387,VEH_0784,Registered_Owner,2024-01-01,2026-12-31,0.98,EVI_VEH_REG_0784,True
PVL_0785,P_02664,VEH_0785,Registered_Owner,2024-01-01,2026-12-31,0.98,EVI_VEH_REG_0785,True
PVL_0786,P_01196,VEH_0786,Registered_Owner,2024-01-01,2026-12-31,0.98,EVI_VEH_REG_0786,True
PVL_0787,P_04102,VEH_0787,Registered_Owner,2024-01-01,2026-12-31,0.98,EVI_VEH_REG_0787,True
PVL_0788,P_00504,VEH_0788,Registered_Owner,2024-01-01,2026-12-31,0.98,EVI_VEH_REG_0788,True
PVL_0789,P_01153,VEH_0789,Registered_Owner,2024-01-01,2026-12-31,0.98,EVI_VEH_REG_0789,True
PVL_0790,P_00535,VEH_0790,Registered_Owner,2024-01-01,2026-12-31,0.98,EVI_VEH_REG_0790,True
PVL_0791,P_03907,VEH_0791,Registered_Owner,2024-01-01,2026-12-31,0.98,EVI_VEH_REG_0791,True
PVL_0792,P_01921,VEH_0792,Registered_Owner,2024-01-01,2026-12-31,0.98,EVI_VEH_REG_0792,True
PVL_0793,P_00900,VEH_0793,Registered_Owner,2024-01-01,2026-12-31,0.98,EVI_VEH_REG_0793,True
PVL_0794,P_02542,VEH_0794,Registered_Owner,2024-01-01,2026-12-31,0.98,EVI_VEH_REG_0794,True
PVL_0795,P_02365,VEH_0795,Registered_Owner,2024-01-01,2026-12-31,0.98,EVI_VEH_REG_0795,True
PVL_0796,P_01499,VEH_0796,Registered_Owner,2024-01-01,2026-12-31,0.98,EVI_VEH_REG_0796,True
PVL_0797,P_03439,VEH_0797,Registered_Owner,2024-01-01,2026-12-31,0.98,EVI_VEH_REG_0797,True
PVL_0798,P_02106,VEH_0798,Registered_Owner,2024-01-01,2026-12-31,0.98,EVI_VEH_REG_0798,True
PVL_0799,P_00788,VEH_0799,Registered_Owner,2024-01-01,2026-12-31,0.98,EVI_VEH_REG_0799,True
PVL_0800,P_02754,VEH_0800,Registered_Owner,2024-01-01,2026-12-31,0.98,EVI_VEH_REG_0800,True
PVL_0801,P_03530,VEH_0801,Registered_Owner,2024-01-01,2026-12-31,0.98,EVI_VEH_REG_0801,True
PVL_0802,P_00360,VEH_0802,Registered_Owner,2024-01-01,2026-12-31,0.98,EVI_VEH_REG_0802,True
PVL_0803,P_04090,VEH_0803,Registered_Owner,2024-01-01,2026-12-31,0.98,EVI_VEH_REG_0803,True
PVL_0804,P_00300,VEH_0804,Registered_Owner,2024-01-01,2026-12-31,0.98,EVI_VEH_REG_0804,True
PVL_0805,P_01713,VEH_0805,Registered_Owner,2024-01-01,2026-12-31,0.98,EVI_VEH_REG_0805,True
PVL_0806,P_04902,VEH_0806,Registered_Owner,2024-01-01,2026-12-31,0.98,EVI_VEH_REG_0806,True
PVL_0807,P_04107,VEH_0807,Registered_Owner,2024-01-01,2026-12-31,0.98,EVI_VEH_REG_0807,True
PVL_0808,P_04716,VEH_0808,Registered_Owner,2024-01-01,2026-12-31,0.98,EVI_VEH_REG_0808,True
PVL_0809,P_04558,VEH_0809,Registered_Owner,2024-01-01,2026-12-31,0.98,EVI_VEH_REG_0809,True
PVL_0810,P_02303,VEH_0810,Registered_Owner,2024-01-01,2026-12-31,0.98,EVI_VEH_REG_0810,True
PVL_0811,P_01605,VEH_0811,Registered_Owner,2024-01-01,2026-12-31,0.98,EVI_VEH_REG_0811,True
PVL_0812,P_01102,VEH_0812,Registered_Owner,2024-01-01,2026-12-31,0.98,EVI_VEH_REG_0812,True
PVL_0813,P_03538,VEH_0813,Registered_Owner,2024-01-01,2026-12-31,0.98,EVI_VEH_REG_0813,True
PVL_0814,P_01404,VEH_0814,Registered_Owner,2024-01-01,2026-12-31,0.98,EVI_VEH_REG_0814,True
PVL_0815,P_00695,VEH_0815,Registered_Owner,2024-01-01,2026-12-31,0.98,EVI_VEH_REG_0815,True
PVL_0816,P_01362,VEH_0816,Registered_Owner,2024-01-01,2026-12-31,0.98,EVI_VEH_REG_0816,True
PVL_0817,P_03712,VEH_0817,Registered_Owner,2024-01-01,2026-12-31,0.98,EVI_VEH_REG_0817,True
PVL_0818,P_01411,VEH_0818,Registered_Owner,2024-01-01,2026-12-31,0.98,EVI_VEH_REG_0818,True
PVL_0819,P_03325,VEH_0819,Registered_Owner,2024-01-01,2026-12-31,0.98,EVI_VEH_REG_0819,True
PVL_0820,P_01039,VEH_0820,Registered_Owner,2024-01-01,2026-12-31,0.98,EVI_VEH_REG_0820,True
PVL_0821,P_03927,VEH_0821,Registered_Owner,2024-01-01,2026-12-31,0.98,EVI_VEH_REG_0821,True
PVL_0822,P_01473,VEH_0822,Registered_Owner,2024-01-01,2026-12-31,0.98,EVI_VEH_REG_0822,True
PVL_0823,P_00608,VEH_0823,Registered_Owner,2024-01-01,2026-12-31,0.98,EVI_VEH_REG_0823,True
PVL_0824,P_02176,VEH_0824,Registered_Owner,2024-01-01,2026-12-31,0.98,EVI_VEH_REG_0824,True
PVL_0825,P_04115,VEH_0825,Registered_Owner,2024-01-01,2026-12-31,0.98,EVI_VEH_REG_0825,True
PVL_0826,P_01211,VEH_0826,Registered_Owner,2024-01-01,2026-12-31,0.98,EVI_VEH_REG_0826,True
PVL_0827,P_03776,VEH_0827,Registered_Owner,2024-01-01,2026-12-31,0.98,EVI_VEH_REG_0827,True
PVL_0828,P_00224,VEH_0828,Registered_Owner,2024-01-01,2026-12-31,0.98,EVI_VEH_REG_0828,True
PVL_0829,P_00677,VEH_0829,Registered_Owner,2024-01-01,2026-12-31,0.98,EVI_VEH_REG_0829,True
PVL_0830,P_00469,VEH_0830,Registered_Owner,2024-01-01,2026-12-31,0.98,EVI_VEH_REG_0830,True
PVL_0831,P_02423,VEH_0831,Registered_Owner,2024-01-01,2026-12-31,0.98,EVI_VEH_REG_0831,True
PVL_0832,P_03906,VEH_0832,Registered_Owner,2024-01-01,2026-12-31,0.98,EVI_VEH_REG_0832,True
PVL_0833,P_02416,VEH_0833,Registered_Owner,2024-01-01,2026-12-31,0.98,EVI_VEH_REG_0833,True
PVL_0834,P_00216,VEH_0834,Registered_Owner,2024-01-01,2026-12-31,0.98,EVI_VEH_REG_0834,True
PVL_0835,P_02830,VEH_0835,Registered_Owner,2024-01-01,2026-12-31,0.98,EVI_VEH_REG_0835,True
PVL_0836,P_03320,VEH_0836,Registered_Owner,2024-01-01,2026-12-31,0.98,EVI_VEH_REG_0836,True
PVL_0837,P_01867,VEH_0837,Registered_Owner,2024-01-01,2026-12-31,0.98,EVI_VEH_REG_0837,True
PVL_0838,P_00344,VEH_0838,Registered_Owner,2024-01-01,2026-12-31,0.98,EVI_VEH_REG_0838,True
PVL_0839,P_03769,VEH_0839,Registered_Owner,2024-01-01,2026-12-31,0.98,EVI_VEH_REG_0839,True
PVL_0840,P_01031,VEH_0840,Registered_Owner,2024-01-01,2026-12-31,0.98,EVI_VEH_REG_0840,True
PVL_0841,P_02120,VEH_0841,Registered_Owner,2024-01-01,2026-12-31,0.98,EVI_VEH_REG_0841,True
PVL_0842,P_01454,VEH_0842,Registered_Owner,2024-01-01,2026-12-31,0.98,EVI_VEH_REG_0842,True
PVL_0843,P_01538,VEH_0843,Registered_Owner,2024-01-01,2026-12-31,0.98,EVI_VEH_REG_0843,True
PVL_0844,P_03278,VEH_0844,Registered_Owner,2024-01-01,2026-12-31,0.98,EVI_VEH_REG_0844,True
PVL_0845,P_02486,VEH_0845,Registered_Owner,2024-01-01,2026-12-31,0.98,EVI_VEH_REG_0845,True
PVL_0846,P_04425,VEH_0846,Registered_Owner,2024-01-01,2026-12-31,0.98,EVI_VEH_REG_0846,True
PVL_0847,P_03785,VEH_0847,Registered_Owner,2024-01-01,2026-12-31,0.98,EVI_VEH_REG_0847,True
PVL_0848,P_02906,VEH_0848,Registered_Owner,2024-01-01,2026-12-31,0.98,EVI_VEH_REG_0848,True
PVL_0849,P_03024,VEH_0849,Registered_Owner,2024-01-01,2026-12-31,0.98,EVI_VEH_REG_0849,True
PVL_0850,P_03849,VEH_0850,Registered_Owner,2024-01-01,2026-12-31,0.98,EVI_VEH_REG_0850,True
PVL_0851,P_04717,VEH_0851,Registered_Owner,2024-01-01,2026-12-31,0.98,EVI_VEH_REG_0851,True
PVL_0852,P_04346,VEH_0852,Registered_Owner,2024-01-01,2026-12-31,0.98,EVI_VEH_REG_0852,True
PVL_0853,P_02785,VEH_0853,Registered_Owner,2024-01-01,2026-12-31,0.98,EVI_VEH_REG_0853,True
PVL_0854,P_01677,VEH_0854,Registered_Owner,2024-01-01,2026-12-31,0.98,EVI_VEH_REG_0854,True
PVL_0855,P_02160,VEH_0855,Registered_Owner,2024-01-01,2026-12-31,0.98,EVI_VEH_REG_0855,True
PVL_0856,P_00738,VEH_0856,Registered_Owner,2024-01-01,2026-12-31,0.98,EVI_VEH_REG_0856,True
PVL_0857,P_00396,VEH_0857,Registered_Owner,2024-01-01,2026-12-31,0.98,EVI_VEH_REG_0857,True
PVL_0858,P_01776,VEH_0858,Registered_Owner,2024-01-01,2026-12-31,0.98,EVI_VEH_REG_0858,True
PVL_0859,P_00285,VEH_0859,Registered_Owner,2024-01-01,2026-12-31,0.98,EVI_VEH_REG_0859,True
PVL_0860,P_02683,VEH_0860,Registered_Owner,2024-01-01,2026-12-31,0.98,EVI_VEH_REG_0860,True
PVL_0861,P_04393,VEH_0861,Registered_Owner,2024-01-01,2026-12-31,0.98,EVI_VEH_REG_0861,True
PVL_0862,P_04802,VEH_0862,Registered_Owner,2024-01-01,2026-12-31,0.98,EVI_VEH_REG_0862,True
PVL_0863,P_00108,VEH_0863,Registered_Owner,2024-01-01,2026-12-31,0.98,EVI_VEH_REG_0863,True
PVL_0864,P_02372,VEH_0864,Registered_Owner,2024-01-01,2026-12-31,0.98,EVI_VEH_REG_0864,True
PVL_0865,P_03014,VEH_0865,Registered_Owner,2024-01-01,2026-12-31,0.98,EVI_VEH_REG_0865,True
PVL_0866,P_01010,VEH_0866,Registered_Owner,2024-01-01,2026-12-31,0.98,EVI_VEH_REG_0866,True
PVL_0867,P_03911,VEH_0867,Registered_Owner,2024-01-01,2026-12-31,0.98,EVI_VEH_REG_0867,True
PVL_0868,P_01398,VEH_0868,Registered_Owner,2024-01-01,2026-12-31,0.98,EVI_VEH_REG_0868,True
PVL_0869,P_03697,VEH_0869,Registered_Owner,2024-01-01,2026-12-31,0.98,EVI_VEH_REG_0869,True
PVL_0870,P_02457,VEH_0870,Registered_Owner,2024-01-01,2026-12-31,0.98,EVI_VEH_REG_0870,True
PVL_0871,P_00175,VEH_0871,Registered_Owner,2024-01-01,2026-12-31,0.98,EVI_VEH_REG_0871,True
PVL_0872,P_04351,VEH_0872,Registered_Owner,2024-01-01,2026-12-31,0.98,EVI_VEH_REG_0872,True
PVL_0873,P_01581,VEH_0873,Registered_Owner,2024-01-01,2026-12-31,0.98,EVI_VEH_REG_0873,True
PVL_0874,P_00224,VEH_0874,Registered_Owner,2024-01-01,2026-12-31,0.98,EVI_VEH_REG_0874,True
PVL_0875,P_01438,VEH_0875,Registered_Owner,2024-01-01,2026-12-31,0.98,EVI_VEH_REG_0875,True
PVL_0876,P_04508,VEH_0876,Registered_Owner,2024-01-01,2026-12-31,0.98,EVI_VEH_REG_0876,True
PVL_0877,P_04599,VEH_0877,Registered_Owner,2024-01-01,2026-12-31,0.98,EVI_VEH_REG_0877,True
PVL_0878,P_00331,VEH_0878,Registered_Owner,2024-01-01,2026-12-31,0.98,EVI_VEH_REG_0878,True
PVL_0879,P_01590,VEH_0879,Registered_Owner,2024-01-01,2026-12-31,0.98,EVI_VEH_REG_0879,True
PVL_0880,P_01119,VEH_0880,Registered_Owner,2024-01-01,2026-12-31,0.98,EVI_VEH_REG_0880,True
PVL_0881,P_00840,VEH_0881,Registered_Owner,2024-01-01,2026-12-31,0.98,EVI_VEH_REG_0881,True
PVL_0882,P_03017,VEH_0882,Registered_Owner,2024-01-01,2026-12-31,0.98,EVI_VEH_REG_0882,True
PVL_0883,P_02139,VEH_0883,Registered_Owner,2024-01-01,2026-12-31,0.98,EVI_VEH_REG_0883,True
PVL_0884,P_02477,VEH_0884,Registered_Owner,2024-01-01,2026-12-31,0.98,EVI_VEH_REG_0884,True
PVL_0885,P_04746,VEH_0885,Registered_Owner,2024-01-01,2026-12-31,0.98,EVI_VEH_REG_0885,True
PVL_0886,P_00175,VEH_0886,Registered_Owner,2024-01-01,2026-12-31,0.98,EVI_VEH_REG_0886,True
PVL_0887,P_01560,VEH_0887,Registered_Owner,2024-01-01,2026-12-31,0.98,EVI_VEH_REG_0887,True
PVL_0888,P_01158,VEH_0888,Registered_Owner,2024-01-01,2026-12-31,0.98,EVI_VEH_REG_0888,True
PVL_0889,P_00189,VEH_0889,Registered_Owner,2024-01-01,2026-12-31,0.98,EVI_VEH_REG_0889,True
PVL_0890,P_03621,VEH_0890,Registered_Owner,2024-01-01,2026-12-31,0.98,EVI_VEH_REG_0890,True
PVL_0891,P_04971,VEH_0891,Registered_Owner,2024-01-01,2026-12-31,0.98,EVI_VEH_REG_0891,True
PVL_0892,P_04358,VEH_0892,Registered_Owner,2024-01-01,2026-12-31,0.98,EVI_VEH_REG_0892,True
PVL_0893,P_02824,VEH_0893,Registered_Owner,2024-01-01,2026-12-31,0.98,EVI_VEH_REG_0893,True
PVL_0894,P_02797,VEH_0894,Registered_Owner,2024-01-01,2026-12-31,0.98,EVI_VEH_REG_0894,True
PVL_0895,P_04057,VEH_0895,Registered_Owner,2024-01-01,2026-12-31,0.98,EVI_VEH_REG_0895,True
PVL_0896,P_04694,VEH_0896,Registered_Owner,2024-01-01,2026-12-31,0.98,EVI_VEH_REG_0896,True
PVL_0897,P_04603,VEH_0897,Registered_Owner,2024-01-01,2026-12-31,0.98,EVI_VEH_REG_0897,True
PVL_0898,P_04426,VEH_0898,Registered_Owner,2024-01-01,2026-12-31,0.98,EVI_VEH_REG_0898,True
PVL_0899,P_01574,VEH_0899,Registered_Owner,2024-01-01,2026-12-31,0.98,EVI_VEH_REG_0899,True
PVL_0900,P_02276,VEH_0900,Registered_Owner,2024-01-01,2026-12-31,0.98,EVI_VEH_REG_0900,True
PVL_0901,P_00054,VEH_0901,Registered_Owner,2024-01-01,2026-12-31,0.98,EVI_VEH_REG_0901,True
PVL_0902,P_00957,VEH_0902,Registered_Owner,2024-01-01,2026-12-31,0.98,EVI_VEH_REG_0902,True
PVL_0903,P_00209,VEH_0903,Registered_Owner,2024-01-01,2026-12-31,0.98,EVI_VEH_REG_0903,True
PVL_0904,P_02449,VEH_0904,Registered_Owner,2024-01-01,2026-12-31,0.98,EVI_VEH_REG_0904,True
PVL_0905,P_01605,VEH_0905,Registered_Owner,2024-01-01,2026-12-31,0.98,EVI_VEH_REG_0905,True
PVL_0906,P_02341,VEH_0906,Registered_Owner,2024-01-01,2026-12-31,0.98,EVI_VEH_REG_0906,True
PVL_0907,P_03201,VEH_0907,Registered_Owner,2024-01-01,2026-12-31,0.98,EVI_VEH_REG_0907,True
PVL_0908,P_03373,VEH_0908,Registered_Owner,2024-01-01,2026-12-31,0.98,EVI_VEH_REG_0908,True
PVL_0909,P_03885,VEH_0909,Registered_Owner,2024-01-01,2026-12-31,0.98,EVI_VEH_REG_0909,True
PVL_0910,P_02207,VEH_0910,Registered_Owner,2024-01-01,2026-12-31,0.98,EVI_VEH_REG_0910,True
PVL_0911,P_01600,VEH_0911,Registered_Owner,2024-01-01,2026-12-31,0.98,EVI_VEH_REG_0911,True
PVL_0912,P_02932,VEH_0912,Registered_Owner,2024-01-01,2026-12-31,0.98,EVI_VEH_REG_0912,True
PVL_0913,P_04059,VEH_0913,Registered_Owner,2024-01-01,2026-12-31,0.98,EVI_VEH_REG_0913,True
PVL_0914,P_00644,VEH_0914,Registered_Owner,2024-01-01,2026-12-31,0.98,EVI_VEH_REG_0914,True
PVL_0915,P_04301,VEH_0915,Registered_Owner,2024-01-01,2026-12-31,0.98,EVI_VEH_REG_0915,True
PVL_0916,P_00994,VEH_0916,Registered_Owner,2024-01-01,2026-12-31,0.98,EVI_VEH_REG_0916,True
PVL_0917,P_02516,VEH_0917,Registered_Owner,2024-01-01,2026-12-31,0.98,EVI_VEH_REG_0917,True
PVL_0918,P_00392,VEH_0918,Registered_Owner,2024-01-01,2026-12-31,0.98,EVI_VEH_REG_0918,True
PVL_0919,P_02305,VEH_0919,Registered_Owner,2024-01-01,2026-12-31,0.98,EVI_VEH_REG_0919,True
PVL_0920,P_03264,VEH_0920,Registered_Owner,2024-01-01,2026-12-31,0.98,EVI_VEH_REG_0920,True
PVL_0921,P_04302,VEH_0921,Registered_Owner,2024-01-01,2026-12-31,0.98,EVI_VEH_REG_0921,True
PVL_0922,P_04826,VEH_0922,Registered_Owner,2024-01-01,2026-12-31,0.98,EVI_VEH_REG_0922,True
PVL_0923,P_04691,VEH_0923,Registered_Owner,2024-01-01,2026-12-31,0.98,EVI_VEH_REG_0923,True
PVL_0924,P_03490,VEH_0924,Registered_Owner,2024-01-01,2026-12-31,0.98,EVI_VEH_REG_0924,True
PVL_0925,P_04049,VEH_0925,Registered_Owner,2024-01-01,2026-12-31,0.98,EVI_VEH_REG_0925,True
PVL_0926,P_04134,VEH_0926,Registered_Owner,2024-01-01,2026-12-31,0.98,EVI_VEH_REG_0926,True
PVL_0927,P_00501,VEH_0927,Registered_Owner,2024-01-01,2026-12-31,0.98,EVI_VEH_REG_0927,True
PVL_0928,P_02991,VEH_0928,Registered_Owner,2024-01-01,2026-12-31,0.98,EVI_VEH_REG_0928,True
PVL_0929,P_01835,VEH_0929,Registered_Owner,2024-01-01,2026-12-31,0.98,EVI_VEH_REG_0929,True
PVL_0930,P_00122,VEH_0930,Registered_Owner,2024-01-01,2026-12-31,0.98,EVI_VEH_REG_0930,True
PVL_0931,P_04665,VEH_0931,Registered_Owner,2024-01-01,2026-12-31,0.98,EVI_VEH_REG_0931,True
PVL_0932,P_04675,VEH_0932,Registered_Owner,2024-01-01,2026-12-31,0.98,EVI_VEH_REG_0932,True
PVL_0933,P_04568,VEH_0933,Registered_Owner,2024-01-01,2026-12-31,0.98,EVI_VEH_REG_0933,True
PVL_0934,P_00133,VEH_0934,Registered_Owner,2024-01-01,2026-12-31,0.98,EVI_VEH_REG_0934,True
PVL_0935,P_04958,VEH_0935,Registered_Owner,2024-01-01,2026-12-31,0.98,EVI_VEH_REG_0935,True
PVL_0936,P_02439,VEH_0936,Registered_Owner,2024-01-01,2026-12-31,0.98,EVI_VEH_REG_0936,True
PVL_0937,P_04535,VEH_0937,Registered_Owner,2024-01-01,2026-12-31,0.98,EVI_VEH_REG_0937,True
PVL_0938,P_03751,VEH_0938,Registered_Owner,2024-01-01,2026-12-31,0.98,EVI_VEH_REG_0938,True
PVL_0939,P_03291,VEH_0939,Registered_Owner,2024-01-01,2026-12-31,0.98,EVI_VEH_REG_0939,True
PVL_0940,P_03703,VEH_0940,Registered_Owner,2024-01-01,2026-12-31,0.98,EVI_VEH_REG_0940,True
PVL_0941,P_04151,VEH_0941,Registered_Owner,2024-01-01,2026-12-31,0.98,EVI_VEH_REG_0941,True
PVL_0942,P_04240,VEH_0942,Registered_Owner,2024-01-01,2026-12-31,0.98,EVI_VEH_REG_0942,True
PVL_0943,P_04143,VEH_0943,Registered_Owner,2024-01-01,2026-12-31,0.98,EVI_VEH_REG_0943,True
PVL_0944,P_01946,VEH_0944,Registered_Owner,2024-01-01,2026-12-31,0.98,EVI_VEH_REG_0944,True
PVL_0945,P_03121,VEH_0945,Registered_Owner,2024-01-01,2026-12-31,0.98,EVI_VEH_REG_0945,True
PVL_0946,P_02339,VEH_0946,Registered_Owner,2024-01-01,2026-12-31,0.98,EVI_VEH_REG_0946,True
PVL_0947,P_03221,VEH_0947,Registered_Owner,2024-01-01,2026-12-31,0.98,EVI_VEH_REG_0947,True
PVL_0948,P_02069,VEH_0948,Registered_Owner,2024-01-01,2026-12-31,0.98,EVI_VEH_REG_0948,True
PVL_0949,P_01594,VEH_0949,Registered_Owner,2024-01-01,2026-12-31,0.98,EVI_VEH_REG_0949,True
PVL_0950,P_04463,VEH_0950,Registered_Owner,2024-01-01,2026-12-31,0.98,EVI_VEH_REG_0950,True
PVL_0951,P_04715,VEH_0951,Registered_Owner,2024-01-01,2026-12-31,0.98,EVI_VEH_REG_0951,True
PVL_0952,P_04436,VEH_0952,Registered_Owner,2024-01-01,2026-12-31,0.98,EVI_VEH_REG_0952,True
PVL_0953,P_04587,VEH_0953,Registered_Owner,2024-01-01,2026-12-31,0.98,EVI_VEH_REG_0953,True
PVL_0954,P_02202,VEH_0954,Registered_Owner,2024-01-01,2026-12-31,0.98,EVI_VEH_REG_0954,True
PVL_0955,P_02192,VEH_0955,Registered_Owner,2024-01-01,2026-12-31,0.98,EVI_VEH_REG_0955,True
PVL_0956,P_04727,VEH_0956,Registered_Owner,2024-01-01,2026-12-31,0.98,EVI_VEH_REG_0956,True
PVL_0957,P_01632,VEH_0957,Registered_Owner,2024-01-01,2026-12-31,0.98,EVI_VEH_REG_0957,True
PVL_0958,P_01722,VEH_0958,Registered_Owner,2024-01-01,2026-12-31,0.98,EVI_VEH_REG_0958,True
PVL_0959,P_02686,VEH_0959,Registered_Owner,2024-01-01,2026-12-31,0.98,EVI_VEH_REG_0959,True
PVL_0960,P_03899,VEH_0960,Registered_Owner,2024-01-01,2026-12-31,0.98,EVI_VEH_REG_0960,True
PVL_0961,P_00132,VEH_0961,Registered_Owner,2024-01-01,2026-12-31,0.98,EVI_VEH_REG_0961,True
PVL_0962,P_00714,VEH_0962,Registered_Owner,2024-01-01,2026-12-31,0.98,EVI_VEH_REG_0962,True
PVL_0963,P_04848,VEH_0963,Registered_Owner,2024-01-01,2026-12-31,0.98,EVI_VEH_REG_0963,True
PVL_0964,P_00056,VEH_0964,Registered_Owner,2024-01-01,2026-12-31,0.98,EVI_VEH_REG_0964,True
PVL_0965,P_02854,VEH_0965,Registered_Owner,2024-01-01,2026-12-31,0.98,EVI_VEH_REG_0965,True
PVL_0966,P_03409,VEH_0966,Registered_Owner,2024-01-01,2026-12-31,0.98,EVI_VEH_REG_0966,True
PVL_0967,P_04011,VEH_0967,Registered_Owner,2024-01-01,2026-12-31,0.98,EVI_VEH_REG_0967,True
PVL_0968,P_04276,VEH_0968,Registered_Owner,2024-01-01,2026-12-31,0.98,EVI_VEH_REG_0968,True
PVL_0969,P_02980,VEH_0969,Registered_Owner,2024-01-01,2026-12-31,0.98,EVI_VEH_REG_0969,True
PVL_0970,P_00680,VEH_0970,Registered_Owner,2024-01-01,2026-12-31,0.98,EVI_VEH_REG_0970,True
PVL_0971,P_00352,VEH_0971,Registered_Owner,2024-01-01,2026-12-31,0.98,EVI_VEH_REG_0971,True
PVL_0972,P_01937,VEH_0972,Registered_Owner,2024-01-01,2026-12-31,0.98,EVI_VEH_REG_0972,True
PVL_0973,P_00046,VEH_0973,Registered_Owner,2024-01-01,2026-12-31,0.98,EVI_VEH_REG_0973,True
PVL_0974,P_01493,VEH_0974,Registered_Owner,2024-01-01,2026-12-31,0.98,EVI_VEH_REG_0974,True
PVL_0975,P_03161,VEH_0975,Registered_Owner,2024-01-01,2026-12-31,0.98,EVI_VEH_REG_0975,True
PVL_0976,P_03679,VEH_0976,Registered_Owner,2024-01-01,2026-12-31,0.98,EVI_VEH_REG_0976,True
PVL_0977,P_03001,VEH_0977,Registered_Owner,2024-01-01,2026-12-31,0.98,EVI_VEH_REG_0977,True
PVL_0978,P_01790,VEH_0978,Registered_Owner,2024-01-01,2026-12-31,0.98,EVI_VEH_REG_0978,True
PVL_0979,P_00516,VEH_0979,Registered_Owner,2024-01-01,2026-12-31,0.98,EVI_VEH_REG_0979,True
PVL_0980,P_00759,VEH_0980,Registered_Owner,2024-01-01,2026-12-31,0.98,EVI_VEH_REG_0980,True
PVL_0981,P_03403,VEH_0981,Registered_Owner,2024-01-01,2026-12-31,0.98,EVI_VEH_REG_0981,True
PVL_0982,P_00199,VEH_0982,Registered_Owner,2024-01-01,2026-12-31,0.98,EVI_VEH_REG_0982,True
PVL_0983,P_01481,VEH_0983,Registered_Owner,2024-01-01,2026-12-31,0.98,EVI_VEH_REG_0983,True
PVL_0984,P_02225,VEH_0984,Registered_Owner,2024-01-01,2026-12-31,0.98,EVI_VEH_REG_0984,True
PVL_0985,P_01167,VEH_0985,Registered_Owner,2024-01-01,2026-12-31,0.98,EVI_VEH_REG_0985,True
PVL_0986,P_04537,VEH_0986,Registered_Owner,2024-01-01,2026-12-31,0.98,EVI_VEH_REG_0986,True
PVL_0987,P_00991,VEH_0987,Registered_Owner,2024-01-01,2026-12-31,0.98,EVI_VEH_REG_0987,True
PVL_0988,P_01780,VEH_0988,Registered_Owner,2024-01-01,2026-12-31,0.98,EVI_VEH_REG_0988,True
PVL_0989,P_03375,VEH_0989,Registered_Owner,2024-01-01,2026-12-31,0.98,EVI_VEH_REG_0989,True
PVL_0990,P_02032,VEH_0990,Registered_Owner,2024-01-01,2026-12-31,0.98,EVI_VEH_REG_0990,True
PVL_0991,P_02980,VEH_0991,Registered_Owner,2024-01-01,2026-12-31,0.98,EVI_VEH_REG_0991,True
PVL_0992,P_02524,VEH_0992,Registered_Owner,2024-01-01,2026-12-31,0.98,EVI_VEH_REG_0992,True
PVL_0993,P_01793,VEH_0993,Registered_Owner,2024-01-01,2026-12-31,0.98,EVI_VEH_REG_0993,True
PVL_0994,P_02187,VEH_0994,Registered_Owner,2024-01-01,2026-12-31,0.98,EVI_VEH_REG_0994,True
PVL_0995,P_03661,VEH_0995,Registered_Owner,2024-01-01,2026-12-31,0.98,EVI_VEH_REG_0995,True
PVL_0996,P_00455,VEH_0996,Registered_Owner,2024-01-01,2026-12-31,0.98,EVI_VEH_REG_0996,True
PVL_0997,P_00922,VEH_0997,Registered_Owner,2024-01-01,2026-12-31,0.98,EVI_VEH_REG_0997,True
PVL_0998,P_04348,VEH_0998,Registered_Owner,2024-01-01,2026-12-31,0.98,EVI_VEH_REG_0998,True
PVL_0999,P_02985,VEH_0999,Registered_Owner,2024-01-01,2026-12-31,0.98,EVI_VEH_REG_0999,True
PVL_1000,P_04541,VEH_1000,Registered_Owner,2024-01-01,2026-12-31,0.98,EVI_VEH_REG_1000,True
PVL_1001,P_04221,VEH_1001,Registered_Owner,2024-01-01,2026-12-31,0.98,EVI_VEH_REG_1001,True
PVL_1002,P_02928,VEH_1002,Registered_Owner,2024-01-01,2026-12-31,0.98,EVI_VEH_REG_1002,True
PVL_1003,P_01655,VEH_1003,Registered_Owner,2024-01-01,2026-12-31,0.98,EVI_VEH_REG_1003,True
PVL_1004,P_04692,VEH_1004,Registered_Owner,2024-01-01,2026-12-31,0.98,EVI_VEH_REG_1004,True
PVL_1005,P_04674,VEH_1005,Registered_Owner,2024-01-01,2026-12-31,0.98,EVI_VEH_REG_1005,True
PVL_1006,P_00197,VEH_1006,Registered_Owner,2024-01-01,2026-12-31,0.98,EVI_VEH_REG_1006,True
PVL_1007,P_00465,VEH_1007,Registered_Owner,2024-01-01,2026-12-31,0.98,EVI_VEH_REG_1007,True
PVL_1008,P_04862,VEH_1008,Registered_Owner,2024-01-01,2026-12-31,0.98,EVI_VEH_REG_1008,True
PVL_1009,P_01237,VEH_1009,Registered_Owner,2024-01-01,2026-12-31,0.98,EVI_VEH_REG_1009,True
PVL_1010,P_03823,VEH_1010,Registered_Owner,2024-01-01,2026-12-31,0.98,EVI_VEH_REG_1010,True
PVL_1011,P_00924,VEH_1011,Registered_Owner,2024-01-01,2026-12-31,0.98,EVI_VEH_REG_1011,True
PVL_1012,P_00262,VEH_1012,Registered_Owner,2024-01-01,2026-12-31,0.98,EVI_VEH_REG_1012,True
PVL_1013,P_02086,VEH_1013,Registered_Owner,2024-01-01,2026-12-31,0.98,EVI_VEH_REG_1013,True
PVL_1014,P_03535,VEH_1014,Registered_Owner,2024-01-01,2026-12-31,0.98,EVI_VEH_REG_1014,True
PVL_1015,P_02018,VEH_1015,Registered_Owner,2024-01-01,2026-12-31,0.98,EVI_VEH_REG_1015,True
PVL_1016,P_02379,VEH_1016,Registered_Owner,2024-01-01,2026-12-31,0.98,EVI_VEH_REG_1016,True
PVL_1017,P_00072,VEH_1017,Registered_Owner,2024-01-01,2026-12-31,0.98,EVI_VEH_REG_1017,True
PVL_1018,P_04845,VEH_1018,Registered_Owner,2024-01-01,2026-12-31,0.98,EVI_VEH_REG_1018,True
PVL_1019,P_00011,VEH_1019,Registered_Owner,2024-01-01,2026-12-31,0.98,EVI_VEH_REG_1019,True
PVL_1020,P_00140,VEH_1020,Registered_Owner,2024-01-01,2026-12-31,0.98,EVI_VEH_REG_1020,True
PVL_1021,P_03473,VEH_1021,Registered_Owner,2024-01-01,2026-12-31,0.98,EVI_VEH_REG_1021,True
PVL_1022,P_01737,VEH_1022,Registered_Owner,2024-01-01,2026-12-31,0.98,EVI_VEH_REG_1022,True
PVL_1023,P_01154,VEH_1023,Registered_Owner,2024-01-01,2026-12-31,0.98,EVI_VEH_REG_1023,True
PVL_1024,P_01891,VEH_1024,Registered_Owner,2024-01-01,2026-12-31,0.98,EVI_VEH_REG_1024,True
PVL_1025,P_00700,VEH_1025,Registered_Owner,2024-01-01,2026-12-31,0.98,EVI_VEH_REG_1025,True
PVL_1026,P_01037,VEH_1026,Registered_Owner,2024-01-01,2026-12-31,0.98,EVI_VEH_REG_1026,True
PVL_1027,P_02187,VEH_1027,Registered_Owner,2024-01-01,2026-12-31,0.98,EVI_VEH_REG_1027,True
PVL_1028,P_02094,VEH_1028,Registered_Owner,2024-01-01,2026-12-31,0.98,EVI_VEH_REG_1028,True
PVL_1029,P_04624,VEH_1029,Registered_Owner,2024-01-01,2026-12-31,0.98,EVI_VEH_REG_1029,True
PVL_1030,P_03628,VEH_1030,Registered_Owner,2024-01-01,2026-12-31,0.98,EVI_VEH_REG_1030,True
PVL_1031,P_03929,VEH_1031,Registered_Owner,2024-01-01,2026-12-31,0.98,EVI_VEH_REG_1031,True
PVL_1032,P_00906,VEH_1032,Registered_Owner,2024-01-01,2026-12-31,0.98,EVI_VEH_REG_1032,True
PVL_1033,P_00318,VEH_1033,Registered_Owner,2024-01-01,2026-12-31,0.98,EVI_VEH_REG_1033,True
PVL_1034,P_01883,VEH_1034,Registered_Owner,2024-01-01,2026-12-31,0.98,EVI_VEH_REG_1034,True
PVL_1035,P_01327,VEH_1035,Registered_Owner,2024-01-01,2026-12-31,0.98,EVI_VEH_REG_1035,True
PVL_1036,P_03669,VEH_1036,Registered_Owner,2024-01-01,2026-12-31,0.98,EVI_VEH_REG_1036,True
PVL_1037,P_00499,VEH_1037,Registered_Owner,2024-01-01,2026-12-31,0.98,EVI_VEH_REG_1037,True
PVL_1038,P_02068,VEH_1038,Registered_Owner,2024-01-01,2026-12-31,0.98,EVI_VEH_REG_1038,True
PVL_1039,P_02959,VEH_1039,Registered_Owner,2024-01-01,2026-12-31,0.98,EVI_VEH_REG_1039,True
PVL_1040,P_01611,VEH_1040,Registered_Owner,2024-01-01,2026-12-31,0.98,EVI_VEH_REG_1040,True
PVL_1041,P_02911,VEH_1041,Registered_Owner,2024-01-01,2026-12-31,0.98,EVI_VEH_REG_1041,True
PVL_1042,P_01676,VEH_1042,Registered_Owner,2024-01-01,2026-12-31,0.98,EVI_VEH_REG_1042,True
PVL_1043,P_01283,VEH_1043,Registered_Owner,2024-01-01,2026-12-31,0.98,EVI_VEH_REG_1043,True
PVL_1044,P_00647,VEH_1044,Registered_Owner,2024-01-01,2026-12-31,0.98,EVI_VEH_REG_1044,True
PVL_1045,P_00156,VEH_1045,Registered_Owner,2024-01-01,2026-12-31,0.98,EVI_VEH_REG_1045,True
PVL_1046,P_02545,VEH_1046,Registered_Owner,2024-01-01,2026-12-31,0.98,EVI_VEH_REG_1046,True
PVL_1047,P_03662,VEH_1047,Registered_Owner,2024-01-01,2026-12-31,0.98,EVI_VEH_REG_1047,True
PVL_1048,P_04797,VEH_1048,Registered_Owner,2024-01-01,2026-12-31,0.98,EVI_VEH_REG_1048,True
PVL_1049,P_04704,VEH_1049,Registered_Owner,2024-01-01,2026-12-31,0.98,EVI_VEH_REG_1049,True
PVL_1050,P_01411,VEH_1050,Registered_Owner,2024-01-01,2026-12-31,0.98,EVI_VEH_REG_1050,True
PVL_1051,P_04899,VEH_1051,Registered_Owner,2024-01-01,2026-12-31,0.98,EVI_VEH_REG_1051,True
PVL_1052,P_00534,VEH_1052,Registered_Owner,2024-01-01,2026-12-31,0.98,EVI_VEH_REG_1052,True
PVL_1053,P_04940,VEH_1053,Registered_Owner,2024-01-01,2026-12-31,0.98,EVI_VEH_REG_1053,True
PVL_1054,P_01772,VEH_1054,Registered_Owner,2024-01-01,2026-12-31,0.98,EVI_VEH_REG_1054,True
PVL_1055,P_02082,VEH_1055,Registered_Owner,2024-01-01,2026-12-31,0.98,EVI_VEH_REG_1055,True
PVL_1056,P_04842,VEH_1056,Registered_Owner,2024-01-01,2026-12-31,0.98,EVI_VEH_REG_1056,True
PVL_1057,P_00549,VEH_1057,Registered_Owner,2024-01-01,2026-12-31,0.98,EVI_VEH_REG_1057,True
PVL_1058,P_01756,VEH_1058,Registered_Owner,2024-01-01,2026-12-31,0.98,EVI_VEH_REG_1058,True
PVL_1059,P_00866,VEH_1059,Registered_Owner,2024-01-01,2026-12-31,0.98,EVI_VEH_REG_1059,True
PVL_1060,P_00779,VEH_1060,Registered_Owner,2024-01-01,2026-12-31,0.98,EVI_VEH_REG_1060,True
PVL_1061,P_04879,VEH_1061,Registered_Owner,2024-01-01,2026-12-31,0.98,EVI_VEH_REG_1061,True
PVL_1062,P_04500,VEH_1062,Registered_Owner,2024-01-01,2026-12-31,0.98,EVI_VEH_REG_1062,True
PVL_1063,P_03269,VEH_1063,Registered_Owner,2024-01-01,2026-12-31,0.98,EVI_VEH_REG_1063,True
PVL_1064,P_02917,VEH_1064,Registered_Owner,2024-01-01,2026-12-31,0.98,EVI_VEH_REG_1064,True
PVL_1065,P_00095,VEH_1065,Registered_Owner,2024-01-01,2026-12-31,0.98,EVI_VEH_REG_1065,True
PVL_1066,P_03886,VEH_1066,Registered_Owner,2024-01-01,2026-12-31,0.98,EVI_VEH_REG_1066,True
PVL_1067,P_03116,VEH_1067,Registered_Owner,2024-01-01,2026-12-31,0.98,EVI_VEH_REG_1067,True
PVL_1068,P_04282,VEH_1068,Registered_Owner,2024-01-01,2026-12-31,0.98,EVI_VEH_REG_1068,True
PVL_1069,P_04231,VEH_1069,Registered_Owner,2024-01-01,2026-12-31,0.98,EVI_VEH_REG_1069,True
PVL_1070,P_02237,VEH_1070,Registered_Owner,2024-01-01,2026-12-31,0.98,EVI_VEH_REG_1070,True
PVL_1071,P_04760,VEH_1071,Registered_Owner,2024-01-01,2026-12-31,0.98,EVI_VEH_REG_1071,True
PVL_1072,P_01451,VEH_1072,Registered_Owner,2024-01-01,2026-12-31,0.98,EVI_VEH_REG_1072,True
PVL_1073,P_01837,VEH_1073,Registered_Owner,2024-01-01,2026-12-31,0.98,EVI_VEH_REG_1073,True
PVL_1074,P_01489,VEH_1074,Registered_Owner,2024-01-01,2026-12-31,0.98,EVI_VEH_REG_1074,True
PVL_1075,P_03144,VEH_1075,Registered_Owner,2024-01-01,2026-12-31,0.98,EVI_VEH_REG_1075,True
PVL_1076,P_04288,VEH_1076,Registered_Owner,2024-01-01,2026-12-31,0.98,EVI_VEH_REG_1076,True
PVL_1077,P_00838,VEH_1077,Registered_Owner,2024-01-01,2026-12-31,0.98,EVI_VEH_REG_1077,True
PVL_1078,P_03332,VEH_1078,Registered_Owner,2024-01-01,2026-12-31,0.98,EVI_VEH_REG_1078,True
PVL_1079,P_02227,VEH_1079,Registered_Owner,2024-01-01,2026-12-31,0.98,EVI_VEH_REG_1079,True
PVL_1080,P_01127,VEH_1080,Registered_Owner,2024-01-01,2026-12-31,0.98,EVI_VEH_REG_1080,True
PVL_1081,P_04932,VEH_1081,Registered_Owner,2024-01-01,2026-12-31,0.98,EVI_VEH_REG_1081,True
PVL_1082,P_00606,VEH_1082,Registered_Owner,2024-01-01,2026-12-31,0.98,EVI_VEH_REG_1082,True
PVL_1083,P_04913,VEH_1083,Registered_Owner,2024-01-01,2026-12-31,0.98,EVI_VEH_REG_1083,True
PVL_1084,P_03340,VEH_1084,Registered_Owner,2024-01-01,2026-12-31,0.98,EVI_VEH_REG_1084,True
PVL_1085,P_04558,VEH_1085,Registered_Owner,2024-01-01,2026-12-31,0.98,EVI_VEH_REG_1085,True
PVL_1086,P_02952,VEH_1086,Registered_Owner,2024-01-01,2026-12-31,0.98,EVI_VEH_REG_1086,True
PVL_1087,P_02605,VEH_1087,Registered_Owner,2024-01-01,2026-12-31,0.98,EVI_VEH_REG_1087,True
PVL_1088,P_03294,VEH_1088,Registered_Owner,2024-01-01,2026-12-31,0.98,EVI_VEH_REG_1088,True
PVL_1089,P_01039,VEH_1089,Registered_Owner,2024-01-01,2026-12-31,0.98,EVI_VEH_REG_1089,True
PVL_1090,P_04029,VEH_1090,Registered_Owner,2024-01-01,2026-12-31,0.98,EVI_VEH_REG_1090,True
PVL_1091,P_00653,VEH_1091,Registered_Owner,2024-01-01,2026-12-31,0.98,EVI_VEH_REG_1091,True
PVL_1092,P_02675,VEH_1092,Registered_Owner,2024-01-01,2026-12-31,0.98,EVI_VEH_REG_1092,True
PVL_1093,P_04007,VEH_1093,Registered_Owner,2024-01-01,2026-12-31,0.98,EVI_VEH_REG_1093,True
PVL_1094,P_04248,VEH_1094,Registered_Owner,2024-01-01,2026-12-31,0.98,EVI_VEH_REG_1094,True
PVL_1095,P_02788,VEH_1095,Registered_Owner,2024-01-01,2026-12-31,0.98,EVI_VEH_REG_1095,True
PVL_1096,P_04908,VEH_1096,Registered_Owner,2024-01-01,2026-12-31,0.98,EVI_VEH_REG_1096,True
PVL_1097,P_03126,VEH_1097,Registered_Owner,2024-01-01,2026-12-31,0.98,EVI_VEH_REG_1097,True
PVL_1098,P_01861,VEH_1098,Registered_Owner,2024-01-01,2026-12-31,0.98,EVI_VEH_REG_1098,True
PVL_1099,P_04313,VEH_1099,Registered_Owner,2024-01-01,2026-12-31,0.98,EVI_VEH_REG_1099,True
PVL_1100,P_00403,VEH_1100,Registered_Owner,2024-01-01,2026-12-31,0.98,EVI_VEH_REG_1100,True
PVL_1101,P_04441,VEH_1101,Registered_Owner,2024-01-01,2026-12-31,0.98,EVI_VEH_REG_1101,True
PVL_1102,P_04561,VEH_1102,Registered_Owner,2024-01-01,2026-12-31,0.98,EVI_VEH_REG_1102,True
PVL_1103,P_01326,VEH_1103,Registered_Owner,2024-01-01,2026-12-31,0.98,EVI_VEH_REG_1103,True
PVL_1104,P_02785,VEH_1104,Registered_Owner,2024-01-01,2026-12-31,0.98,EVI_VEH_REG_1104,True
PVL_1105,P_01576,VEH_1105,Registered_Owner,2024-01-01,2026-12-31,0.98,EVI_VEH_REG_1105,True
PVL_1106,P_03314,VEH_1106,Registered_Owner,2024-01-01,2026-12-31,0.98,EVI_VEH_REG_1106,True
PVL_1107,P_02418,VEH_1107,Registered_Owner,2024-01-01,2026-12-31,0.98,EVI_VEH_REG_1107,True
PVL_1108,P_01876,VEH_1108,Registered_Owner,2024-01-01,2026-12-31,0.98,EVI_VEH_REG_1108,True
PVL_1109,P_00971,VEH_1109,Registered_Owner,2024-01-01,2026-12-31,0.98,EVI_VEH_REG_1109,True
PVL_1110,P_03919,VEH_1110,Registered_Owner,2024-01-01,2026-12-31,0.98,EVI_VEH_REG_1110,True
PVL_1111,P_00228,VEH_1111,Registered_Owner,2024-01-01,2026-12-31,0.98,EVI_VEH_REG_1111,True
PVL_1112,P_03052,VEH_1112,Registered_Owner,2024-01-01,2026-12-31,0.98,EVI_VEH_REG_1112,True
PVL_1113,P_04494,VEH_1113,Registered_Owner,2024-01-01,2026-12-31,0.98,EVI_VEH_REG_1113,True
PVL_1114,P_04148,VEH_1114,Registered_Owner,2024-01-01,2026-12-31,0.98,EVI_VEH_REG_1114,True
PVL_1115,P_03638,VEH_1115,Registered_Owner,2024-01-01,2026-12-31,0.98,EVI_VEH_REG_1115,True
PVL_1116,P_01345,VEH_1116,Registered_Owner,2024-01-01,2026-12-31,0.98,EVI_VEH_REG_1116,True
PVL_1117,P_01671,VEH_1117,Registered_Owner,2024-01-01,2026-12-31,0.98,EVI_VEH_REG_1117,True
PVL_1118,P_03524,VEH_1118,Registered_Owner,2024-01-01,2026-12-31,0.98,EVI_VEH_REG_1118,True
PVL_1119,P_03779,VEH_1119,Registered_Owner,2024-01-01,2026-12-31,0.98,EVI_VEH_REG_1119,True
PVL_1120,P_02538,VEH_1120,Registered_Owner,2024-01-01,2026-12-31,0.98,EVI_VEH_REG_1120,True
PVL_1121,P_02657,VEH_1121,Registered_Owner,2024-01-01,2026-12-31,0.98,EVI_VEH_REG_1121,True
PVL_1122,P_00258,VEH_1122,Registered_Owner,2024-01-01,2026-12-31,0.98,EVI_VEH_REG_1122,True
PVL_1123,P_01194,VEH_1123,Registered_Owner,2024-01-01,2026-12-31,0.98,EVI_VEH_REG_1123,True
PVL_1124,P_02387,VEH_1124,Registered_Owner,2024-01-01,2026-12-31,0.98,EVI_VEH_REG_1124,True
PVL_1125,P_03262,VEH_1125,Registered_Owner,2024-01-01,2026-12-31,0.98,EVI_VEH_REG_1125,True
PVL_1126,P_01391,VEH_1126,Registered_Owner,2024-01-01,2026-12-31,0.98,EVI_VEH_REG_1126,True
PVL_1127,P_00597,VEH_1127,Registered_Owner,2024-01-01,2026-12-31,0.98,EVI_VEH_REG_1127,True
PVL_1128,P_04971,VEH_1128,Registered_Owner,2024-01-01,2026-12-31,0.98,EVI_VEH_REG_1128,True
PVL_1129,P_03168,VEH_1129,Registered_Owner,2024-01-01,2026-12-31,0.98,EVI_VEH_REG_1129,True
PVL_1130,P_01880,VEH_1130,Registered_Owner,2024-01-01,2026-12-31,0.98,EVI_VEH_REG_1130,True
PVL_1131,P_00567,VEH_1131,Registered_Owner,2024-01-01,2026-12-31,0.98,EVI_VEH_REG_1131,True
PVL_1132,P_02830,VEH_1132,Registered_Owner,2024-01-01,2026-12-31,0.98,EVI_VEH_REG_1132,True
PVL_1133,P_02194,VEH_1133,Registered_Owner,2024-01-01,2026-12-31,0.98,EVI_VEH_REG_1133,True
PVL_1134,P_00541,VEH_1134,Registered_Owner,2024-01-01,2026-12-31,0.98,EVI_VEH_REG_1134,True
PVL_1135,P_00128,VEH_1135,Registered_Owner,2024-01-01,2026-12-31,0.98,EVI_VEH_REG_1135,True
PVL_1136,P_04212,VEH_1136,Registered_Owner,2024-01-01,2026-12-31,0.98,EVI_VEH_REG_1136,True
PVL_1137,P_04804,VEH_1137,Registered_Owner,2024-01-01,2026-12-31,0.98,EVI_VEH_REG_1137,True
PVL_1138,P_04742,VEH_1138,Registered_Owner,2024-01-01,2026-12-31,0.98,EVI_VEH_REG_1138,True
PVL_1139,P_03088,VEH_1139,Registered_Owner,2024-01-01,2026-12-31,0.98,EVI_VEH_REG_1139,True
PVL_1140,P_03124,VEH_1140,Registered_Owner,2024-01-01,2026-12-31,0.98,EVI_VEH_REG_1140,True
PVL_1141,P_04853,VEH_1141,Registered_Owner,2024-01-01,2026-12-31,0.98,EVI_VEH_REG_1141,True
PVL_1142,P_00924,VEH_1142,Registered_Owner,2024-01-01,2026-12-31,0.98,EVI_VEH_REG_1142,True
PVL_1143,P_01413,VEH_1143,Registered_Owner,2024-01-01,2026-12-31,0.98,EVI_VEH_REG_1143,True
PVL_1144,P_00367,VEH_1144,Registered_Owner,2024-01-01,2026-12-31,0.98,EVI_VEH_REG_1144,True
PVL_1145,P_00517,VEH_1145,Registered_Owner,2024-01-01,2026-12-31,0.98,EVI_VEH_REG_1145,True
PVL_1146,P_04890,VEH_1146,Registered_Owner,2024-01-01,2026-12-31,0.98,EVI_VEH_REG_1146,True
PVL_1147,P_03053,VEH_1147,Registered_Owner,2024-01-01,2026-12-31,0.98,EVI_VEH_REG_1147,True
PVL_1148,P_02419,VEH_1148,Registered_Owner,2024-01-01,2026-12-31,0.98,EVI_VEH_REG_1148,True
PVL_1149,P_03954,VEH_1149,Registered_Owner,2024-01-01,2026-12-31,0.98,EVI_VEH_REG_1149,True
PVL_1150,P_01598,VEH_1150,Registered_Owner,2024-01-01,2026-12-31,0.98,EVI_VEH_REG_1150,True
PVL_1151,P_00286,VEH_1151,Registered_Owner,2024-01-01,2026-12-31,0.98,EVI_VEH_REG_1151,True
PVL_1152,P_01495,VEH_1152,Registered_Owner,2024-01-01,2026-12-31,0.98,EVI_VEH_REG_1152,True
PVL_1153,P_03585,VEH_1153,Registered_Owner,2024-01-01,2026-12-31,0.98,EVI_VEH_REG_1153,True
PVL_1154,P_03195,VEH_1154,Registered_Owner,2024-01-01,2026-12-31,0.98,EVI_VEH_REG_1154,True
PVL_1155,P_02499,VEH_1155,Registered_Owner,2024-01-01,2026-12-31,0.98,EVI_VEH_REG_1155,True
PVL_1156,P_00013,VEH_1156,Registered_Owner,2024-01-01,2026-12-31,0.98,EVI_VEH_REG_1156,True
PVL_1157,P_03846,VEH_1157,Registered_Owner,2024-01-01,2026-12-31,0.98,EVI_VEH_REG_1157,True
PVL_1158,P_03522,VEH_1158,Registered_Owner,2024-01-01,2026-12-31,0.98,EVI_VEH_REG_1158,True
PVL_1159,P_04649,VEH_1159,Registered_Owner,2024-01-01,2026-12-31,0.98,EVI_VEH_REG_1159,True
PVL_1160,P_01918,VEH_1160,Registered_Owner,2024-01-01,2026-12-31,0.98,EVI_VEH_REG_1160,True
PVL_1161,P_03871,VEH_1161,Registered_Owner,2024-01-01,2026-12-31,0.98,EVI_VEH_REG_1161,True
PVL_1162,P_01480,VEH_1162,Registered_Owner,2024-01-01,2026-12-31,0.98,EVI_VEH_REG_1162,True
PVL_1163,P_04872,VEH_1163,Registered_Owner,2024-01-01,2026-12-31,0.98,EVI_VEH_REG_1163,True
PVL_1164,P_03724,VEH_1164,Registered_Owner,2024-01-01,2026-12-31,0.98,EVI_VEH_REG_1164,True
PVL_1165,P_04683,VEH_1165,Registered_Owner,2024-01-01,2026-12-31,0.98,EVI_VEH_REG_1165,True
PVL_1166,P_04278,VEH_1166,Registered_Owner,2024-01-01,2026-12-31,0.98,EVI_VEH_REG_1166,True
PVL_1167,P_04000,VEH_1167,Registered_Owner,2024-01-01,2026-12-31,0.98,EVI_VEH_REG_1167,True
PVL_1168,P_04518,VEH_1168,Registered_Owner,2024-01-01,2026-12-31,0.98,EVI_VEH_REG_1168,True
PVL_1169,P_03570,VEH_1169,Registered_Owner,2024-01-01,2026-12-31,0.98,EVI_VEH_REG_1169,True
PVL_1170,P_04293,VEH_1170,Registered_Owner,2024-01-01,2026-12-31,0.98,EVI_VEH_REG_1170,True
PVL_1171,P_02231,VEH_1171,Registered_Owner,2024-01-01,2026-12-31,0.98,EVI_VEH_REG_1171,True
PVL_1172,P_03983,VEH_1172,Registered_Owner,2024-01-01,2026-12-31,0.98,EVI_VEH_REG_1172,True
PVL_1173,P_01035,VEH_1173,Registered_Owner,2024-01-01,2026-12-31,0.98,EVI_VEH_REG_1173,True
PVL_1174,P_00520,VEH_1174,Registered_Owner,2024-01-01,2026-12-31,0.98,EVI_VEH_REG_1174,True
PVL_1175,P_00433,VEH_1175,Registered_Owner,2024-01-01,2026-12-31,0.98,EVI_VEH_REG_1175,True
PVL_1176,P_04218,VEH_1176,Registered_Owner,2024-01-01,2026-12-31,0.98,EVI_VEH_REG_1176,True
PVL_1177,P_00479,VEH_1177,Registered_Owner,2024-01-01,2026-12-31,0.98,EVI_VEH_REG_1177,True
PVL_1178,P_01319,VEH_1178,Registered_Owner,2024-01-01,2026-12-31,0.98,EVI_VEH_REG_1178,True
PVL_1179,P_03191,VEH_1179,Registered_Owner,2024-01-01,2026-12-31,0.98,EVI_VEH_REG_1179,True
PVL_1180,P_00484,VEH_1180,Registered_Owner,2024-01-01,2026-12-31,0.98,EVI_VEH_REG_1180,True
PVL_1181,P_00895,VEH_1181,Registered_Owner,2024-01-01,2026-12-31,0.98,EVI_VEH_REG_1181,True
PVL_1182,P_01863,VEH_1182,Registered_Owner,2024-01-01,2026-12-31,0.98,EVI_VEH_REG_1182,True
PVL_1183,P_03788,VEH_1183,Registered_Owner,2024-01-01,2026-12-31,0.98,EVI_VEH_REG_1183,True
PVL_1184,P_02149,VEH_1184,Registered_Owner,2024-01-01,2026-12-31,0.98,EVI_VEH_REG_1184,True
PVL_1185,P_01860,VEH_1185,Registered_Owner,2024-01-01,2026-12-31,0.98,EVI_VEH_REG_1185,True
PVL_1186,P_03377,VEH_1186,Registered_Owner,2024-01-01,2026-12-31,0.98,EVI_VEH_REG_1186,True
PVL_1187,P_03387,VEH_1187,Registered_Owner,2024-01-01,2026-12-31,0.98,EVI_VEH_REG_1187,True
PVL_1188,P_01657,VEH_1188,Registered_Owner,2024-01-01,2026-12-31,0.98,EVI_VEH_REG_1188,True
PVL_1189,P_02161,VEH_1189,Registered_Owner,2024-01-01,2026-12-31,0.98,EVI_VEH_REG_1189,True
PVL_1190,P_01501,VEH_1190,Registered_Owner,2024-01-01,2026-12-31,0.98,EVI_VEH_REG_1190,True
PVL_1191,P_02146,VEH_1191,Registered_Owner,2024-01-01,2026-12-31,0.98,EVI_VEH_REG_1191,True
PVL_1192,P_03323,VEH_1192,Registered_Owner,2024-01-01,2026-12-31,0.98,EVI_VEH_REG_1192,True
PVL_1193,P_04820,VEH_1193,Registered_Owner,2024-01-01,2026-12-31,0.98,EVI_VEH_REG_1193,True
PVL_1194,P_04079,VEH_1194,Registered_Owner,2024-01-01,2026-12-31,0.98,EVI_VEH_REG_1194,True
PVL_1195,P_01130,VEH_1195,Registered_Owner,2024-01-01,2026-12-31,0.98,EVI_VEH_REG_1195,True
PVL_1196,P_00411,VEH_1196,Registered_Owner,2024-01-01,2026-12-31,0.98,EVI_VEH_REG_1196,True
PVL_1197,P_03253,VEH_1197,Registered_Owner,2024-01-01,2026-12-31,0.98,EVI_VEH_REG_1197,True
PVL_1198,P_04027,VEH_1198,Registered_Owner,2024-01-01,2026-12-31,0.98,EVI_VEH_REG_1198,True
PVL_1199,P_04916,VEH_1199,Registered_Owner,2024-01-01,2026-12-31,0.98,EVI_VEH_REG_1199,True
PVL_1200,P_04254,VEH_1200,Registered_Owner,2024-01-01,2026-12-31,0.98,EVI_VEH_REG_1200,True
PVL_1201,P_02465,VEH_1201,Registered_Owner,2024-01-01,2026-12-31,0.98,EVI_VEH_REG_1201,True
PVL_1202,P_03327,VEH_1202,Registered_Owner,2024-01-01,2026-12-31,0.98,EVI_VEH_REG_1202,True
PVL_1203,P_01452,VEH_1203,Registered_Owner,2024-01-01,2026-12-31,0.98,EVI_VEH_REG_1203,True
PVL_1204,P_00488,VEH_1204,Registered_Owner,2024-01-01,2026-12-31,0.98,EVI_VEH_REG_1204,True
PVL_1205,P_02618,VEH_1205,Registered_Owner,2024-01-01,2026-12-31,0.98,EVI_VEH_REG_1205,True
PVL_1206,P_04819,VEH_1206,Registered_Owner,2024-01-01,2026-12-31,0.98,EVI_VEH_REG_1206,True
PVL_1207,P_02363,VEH_1207,Registered_Owner,2024-01-01,2026-12-31,0.98,EVI_VEH_REG_1207,True
PVL_1208,P_03799,VEH_1208,Registered_Owner,2024-01-01,2026-12-31,0.98,EVI_VEH_REG_1208,True
PVL_1209,P_01890,VEH_1209,Registered_Owner,2024-01-01,2026-12-31,0.98,EVI_VEH_REG_1209,True
PVL_1210,P_00100,VEH_1210,Registered_Owner,2024-01-01,2026-12-31,0.98,EVI_VEH_REG_1210,True
PVL_1211,P_01758,VEH_1211,Registered_Owner,2024-01-01,2026-12-31,0.98,EVI_VEH_REG_1211,True
PVL_1212,P_00590,VEH_1212,Registered_Owner,2024-01-01,2026-12-31,0.98,EVI_VEH_REG_1212,True
PVL_1213,P_04065,VEH_1213,Registered_Owner,2024-01-01,2026-12-31,0.98,EVI_VEH_REG_1213,True
PVL_1214,P_01201,VEH_1214,Registered_Owner,2024-01-01,2026-12-31,0.98,EVI_VEH_REG_1214,True
PVL_1215,P_04665,VEH_1215,Registered_Owner,2024-01-01,2026-12-31,0.98,EVI_VEH_REG_1215,True
PVL_1216,P_00604,VEH_1216,Registered_Owner,2024-01-01,2026-12-31,0.98,EVI_VEH_REG_1216,True
PVL_1217,P_04200,VEH_1217,Registered_Owner,2024-01-01,2026-12-31,0.98,EVI_VEH_REG_1217,True
PVL_1218,P_02513,VEH_1218,Registered_Owner,2024-01-01,2026-12-31,0.98,EVI_VEH_REG_1218,True
PVL_1219,P_01288,VEH_1219,Registered_Owner,2024-01-01,2026-12-31,0.98,EVI_VEH_REG_1219,True
PVL_1220,P_00598,VEH_1220,Registered_Owner,2024-01-01,2026-12-31,0.98,EVI_VEH_REG_1220,True
PVL_1221,P_01505,VEH_1221,Registered_Owner,2024-01-01,2026-12-31,0.98,EVI_VEH_REG_1221,True
PVL_1222,P_01531,VEH_1222,Registered_Owner,2024-01-01,2026-12-31,0.98,EVI_VEH_REG_1222,True
PVL_1223,P_00125,VEH_1223,Registered_Owner,2024-01-01,2026-12-31,0.98,EVI_VEH_REG_1223,True
PVL_1224,P_02918,VEH_1224,Registered_Owner,2024-01-01,2026-12-31,0.98,EVI_VEH_REG_1224,True
PVL_1225,P_04278,VEH_1225,Registered_Owner,2024-01-01,2026-12-31,0.98,EVI_VEH_REG_1225,True
PVL_1226,P_03146,VEH_1226,Registered_Owner,2024-01-01,2026-12-31,0.98,EVI_VEH_REG_1226,True
PVL_1227,P_02741,VEH_1227,Registered_Owner,2024-01-01,2026-12-31,0.98,EVI_VEH_REG_1227,True
PVL_1228,P_03696,VEH_1228,Registered_Owner,2024-01-01,2026-12-31,0.98,EVI_VEH_REG_1228,True
PVL_1229,P_02554,VEH_1229,Registered_Owner,2024-01-01,2026-12-31,0.98,EVI_VEH_REG_1229,True
PVL_1230,P_01468,VEH_1230,Registered_Owner,2024-01-01,2026-12-31,0.98,EVI_VEH_REG_1230,True
PVL_1231,P_02144,VEH_1231,Registered_Owner,2024-01-01,2026-12-31,0.98,EVI_VEH_REG_1231,True
PVL_1232,P_03645,VEH_1232,Registered_Owner,2024-01-01,2026-12-31,0.98,EVI_VEH_REG_1232,True
PVL_1233,P_00051,VEH_1233,Registered_Owner,2024-01-01,2026-12-31,0.98,EVI_VEH_REG_1233,True
PVL_1234,P_00554,VEH_1234,Registered_Owner,2024-01-01,2026-12-31,0.98,EVI_VEH_REG_1234,True
PVL_1235,P_02999,VEH_1235,Registered_Owner,2024-01-01,2026-12-31,0.98,EVI_VEH_REG_1235,True
PVL_1236,P_04484,VEH_1236,Registered_Owner,2024-01-01,2026-12-31,0.98,EVI_VEH_REG_1236,True
PVL_1237,P_04662,VEH_1237,Registered_Owner,2024-01-01,2026-12-31,0.98,EVI_VEH_REG_1237,True
PVL_1238,P_04330,VEH_1238,Registered_Owner,2024-01-01,2026-12-31,0.98,EVI_VEH_REG_1238,True
PVL_1239,P_04479,VEH_1239,Registered_Owner,2024-01-01,2026-12-31,0.98,EVI_VEH_REG_1239,True
PVL_1240,P_04767,VEH_1240,Registered_Owner,2024-01-01,2026-12-31,0.98,EVI_VEH_REG_1240,True
PVL_1241,P_00787,VEH_1241,Registered_Owner,2024-01-01,2026-12-31,0.98,EVI_VEH_REG_1241,True
PVL_1242,P_01456,VEH_1242,Registered_Owner,2024-01-01,2026-12-31,0.98,EVI_VEH_REG_1242,True
PVL_1243,P_01274,VEH_1243,Registered_Owner,2024-01-01,2026-12-31,0.98,EVI_VEH_REG_1243,True
PVL_1244,P_01079,VEH_1244,Registered_Owner,2024-01-01,2026-12-31,0.98,EVI_VEH_REG_1244,True
PVL_1245,P_00084,VEH_1245,Registered_Owner,2024-01-01,2026-12-31,0.98,EVI_VEH_REG_1245,True
PVL_1246,P_01223,VEH_1246,Registered_Owner,2024-01-01,2026-12-31,0.98,EVI_VEH_REG_1246,True
PVL_1247,P_00846,VEH_1247,Registered_Owner,2024-01-01,2026-12-31,0.98,EVI_VEH_REG_1247,True
PVL_1248,P_00767,VEH_1248,Registered_Owner,2024-01-01,2026-12-31,0.98,EVI_VEH_REG_1248,True
PVL_1249,P_00024,VEH_1249,Registered_Owner,2024-01-01,2026-12-31,0.98,EVI_VEH_REG_1249,True
PVL_1250,P_03766,VEH_1250,Registered_Owner,2024-01-01,2026-12-31,0.98,EVI_VEH_REG_1250,True
PVL_1251,P_01082,VEH_1251,Registered_Owner,2024-01-01,2026-12-31,0.98,EVI_VEH_REG_1251,True
PVL_1252,P_00607,VEH_1252,Registered_Owner,2024-01-01,2026-12-31,0.98,EVI_VEH_REG_1252,True
PVL_1253,P_01788,VEH_1253,Registered_Owner,2024-01-01,2026-12-31,0.98,EVI_VEH_REG_1253,True
PVL_1254,P_00548,VEH_1254,Registered_Owner,2024-01-01,2026-12-31,0.98,EVI_VEH_REG_1254,True
PVL_1255,P_03439,VEH_1255,Registered_Owner,2024-01-01,2026-12-31,0.98,EVI_VEH_REG_1255,True
PVL_1256,P_03422,VEH_1256,Registered_Owner,2024-01-01,2026-12-31,0.98,EVI_VEH_REG_1256,True
PVL_1257,P_01916,VEH_1257,Registered_Owner,2024-01-01,2026-12-31,0.98,EVI_VEH_REG_1257,True
PVL_1258,P_02963,VEH_1258,Registered_Owner,2024-01-01,2026-12-31,0.98,EVI_VEH_REG_1258,True
PVL_1259,P_00297,VEH_1259,Registered_Owner,2024-01-01,2026-12-31,0.98,EVI_VEH_REG_1259,True
PVL_1260,P_01841,VEH_1260,Registered_Owner,2024-01-01,2026-12-31,0.98,EVI_VEH_REG_1260,True
PVL_1261,P_03717,VEH_1261,Registered_Owner,2024-01-01,2026-12-31,0.98,EVI_VEH_REG_1261,True
PVL_1262,P_00725,VEH_1262,Registered_Owner,2024-01-01,2026-12-31,0.98,EVI_VEH_REG_1262,True
PVL_1263,P_04545,VEH_1263,Registered_Owner,2024-01-01,2026-12-31,0.98,EVI_VEH_REG_1263,True
PVL_1264,P_00322,VEH_1264,Registered_Owner,2024-01-01,2026-12-31,0.98,EVI_VEH_REG_1264,True
PVL_1265,P_01967,VEH_1265,Registered_Owner,2024-01-01,2026-12-31,0.98,EVI_VEH_REG_1265,True
PVL_1266,P_01808,VEH_1266,Registered_Owner,2024-01-01,2026-12-31,0.98,EVI_VEH_REG_1266,True
PVL_1267,P_03776,VEH_1267,Registered_Owner,2024-01-01,2026-12-31,0.98,EVI_VEH_REG_1267,True
PVL_1268,P_02060,VEH_1268,Registered_Owner,2024-01-01,2026-12-31,0.98,EVI_VEH_REG_1268,True
PVL_1269,P_00645,VEH_1269,Registered_Owner,2024-01-01,2026-12-31,0.98,EVI_VEH_REG_1269,True
PVL_1270,P_03825,VEH_1270,Registered_Owner,2024-01-01,2026-12-31,0.98,EVI_VEH_REG_1270,True
PVL_1271,P_04808,VEH_1271,Registered_Owner,2024-01-01,2026-12-31,0.98,EVI_VEH_REG_1271,True
PVL_1272,P_03037,VEH_1272,Registered_Owner,2024-01-01,2026-12-31,0.98,EVI_VEH_REG_1272,True
PVL_1273,P_03132,VEH_1273,Registered_Owner,2024-01-01,2026-12-31,0.98,EVI_VEH_REG_1273,True
PVL_1274,P_02812,VEH_1274,Registered_Owner,2024-01-01,2026-12-31,0.98,EVI_VEH_REG_1274,True
PVL_1275,P_02510,VEH_1275,Registered_Owner,2024-01-01,2026-12-31,0.98,EVI_VEH_REG_1275,True
PVL_1276,P_03041,VEH_1276,Registered_Owner,2024-01-01,2026-12-31,0.98,EVI_VEH_REG_1276,True
PVL_1277,P_00111,VEH_1277,Registered_Owner,2024-01-01,2026-12-31,0.98,EVI_VEH_REG_1277,True
PVL_1278,P_02225,VEH_1278,Registered_Owner,2024-01-01,2026-12-31,0.98,EVI_VEH_REG_1278,True
PVL_1279,P_04057,VEH_1279,Registered_Owner,2024-01-01,2026-12-31,0.98,EVI_VEH_REG_1279,True
PVL_1280,P_02014,VEH_1280,Registered_Owner,2024-01-01,2026-12-31,0.98,EVI_VEH_REG_1280,True
PVL_1281,P_01803,VEH_1281,Registered_Owner,2024-01-01,2026-12-31,0.98,EVI_VEH_REG_1281,True
PVL_1282,P_04472,VEH_1282,Registered_Owner,2024-01-01,2026-12-31,0.98,EVI_VEH_REG_1282,True
PVL_1283,P_00986,VEH_1283,Registered_Owner,2024-01-01,2026-12-31,0.98,EVI_VEH_REG_1283,True
PVL_1284,P_02608,VEH_1284,Registered_Owner,2024-01-01,2026-12-31,0.98,EVI_VEH_REG_1284,True
PVL_1285,P_03547,VEH_1285,Registered_Owner,2024-01-01,2026-12-31,0.98,EVI_VEH_REG_1285,True
PVL_1286,P_00922,VEH_1286,Registered_Owner,2024-01-01,2026-12-31,0.98,EVI_VEH_REG_1286,True
PVL_1287,P_03367,VEH_1287,Registered_Owner,2024-01-01,2026-12-31,0.98,EVI_VEH_REG_1287,True
PVL_1288,P_04730,VEH_1288,Registered_Owner,2024-01-01,2026-12-31,0.98,EVI_VEH_REG_1288,True
PVL_1289,P_00028,VEH_1289,Registered_Owner,2024-01-01,2026-12-31,0.98,EVI_VEH_REG_1289,True
PVL_1290,P_01250,VEH_1290,Registered_Owner,2024-01-01,2026-12-31,0.98,EVI_VEH_REG_1290,True
PVL_1291,P_04349,VEH_1291,Registered_Owner,2024-01-01,2026-12-31,0.98,EVI_VEH_REG_1291,True
PVL_1292,P_00539,VEH_1292,Registered_Owner,2024-01-01,2026-12-31,0.98,EVI_VEH_REG_1292,True
PVL_1293,P_03486,VEH_1293,Registered_Owner,2024-01-01,2026-12-31,0.98,EVI_VEH_REG_1293,True
PVL_1294,P_03261,VEH_1294,Registered_Owner,2024-01-01,2026-12-31,0.98,EVI_VEH_REG_1294,True
PVL_1295,P_01623,VEH_1295,Registered_Owner,2024-01-01,2026-12-31,0.98,EVI_VEH_REG_1295,True
PVL_1296,P_01442,VEH_1296,Registered_Owner,2024-01-01,2026-12-31,0.98,EVI_VEH_REG_1296,True
PVL_1297,P_02818,VEH_1297,Registered_Owner,2024-01-01,2026-12-31,0.98,EVI_VEH_REG_1297,True
PVL_1298,P_01216,VEH_1298,Registered_Owner,2024-01-01,2026-12-31,0.98,EVI_VEH_REG_1298,True
PVL_1299,P_01558,VEH_1299,Registered_Owner,2024-01-01,2026-12-31,0.98,EVI_VEH_REG_1299,True
PVL_1300,P_01848,VEH_1300,Registered_Owner,2024-01-01,2026-12-31,0.98,EVI_VEH_REG_1300,True
PVL_1301,P_03847,VEH_1301,Registered_Owner,2024-01-01,2026-12-31,0.98,EVI_VEH_REG_1301,True
PVL_1302,P_04286,VEH_1302,Registered_Owner,2024-01-01,2026-12-31,0.98,EVI_VEH_REG_1302,True
PVL_1303,P_01298,VEH_1303,Registered_Owner,2024-01-01,2026-12-31,0.98,EVI_VEH_REG_1303,True
PVL_1304,P_03248,VEH_1304,Registered_Owner,2024-01-01,2026-12-31,0.98,EVI_VEH_REG_1304,True
PVL_1305,P_04574,VEH_1305,Registered_Owner,2024-01-01,2026-12-31,0.98,EVI_VEH_REG_1305,True
PVL_1306,P_04472,VEH_1306,Registered_Owner,2024-01-01,2026-12-31,0.98,EVI_VEH_REG_1306,True
PVL_1307,P_01190,VEH_1307,Registered_Owner,2024-01-01,2026-12-31,0.98,EVI_VEH_REG_1307,True
PVL_1308,P_04261,VEH_1308,Registered_Owner,2024-01-01,2026-12-31,0.98,EVI_VEH_REG_1308,True
PVL_1309,P_04590,VEH_1309,Registered_Owner,2024-01-01,2026-12-31,0.98,EVI_VEH_REG_1309,True
PVL_1310,P_03089,VEH_1310,Registered_Owner,2024-01-01,2026-12-31,0.98,EVI_VEH_REG_1310,True
PVL_1311,P_03192,VEH_1311,Registered_Owner,2024-01-01,2026-12-31,0.98,EVI_VEH_REG_1311,True
PVL_1312,P_00455,VEH_1312,Registered_Owner,2024-01-01,2026-12-31,0.98,EVI_VEH_REG_1312,True
PVL_1313,P_00052,VEH_1313,Registered_Owner,2024-01-01,2026-12-31,0.98,EVI_VEH_REG_1313,True
PVL_1314,P_04602,VEH_1314,Registered_Owner,2024-01-01,2026-12-31,0.98,EVI_VEH_REG_1314,True
PVL_1315,P_01430,VEH_1315,Registered_Owner,2024-01-01,2026-12-31,0.98,EVI_VEH_REG_1315,True
PVL_1316,P_04677,VEH_1316,Registered_Owner,2024-01-01,2026-12-31,0.98,EVI_VEH_REG_1316,True
PVL_1317,P_00369,VEH_1317,Registered_Owner,2024-01-01,2026-12-31,0.98,EVI_VEH_REG_1317,True
PVL_1318,P_03018,VEH_1318,Registered_Owner,2024-01-01,2026-12-31,0.98,EVI_VEH_REG_1318,True
PVL_1319,P_02703,VEH_1319,Registered_Owner,2024-01-01,2026-12-31,0.98,EVI_VEH_REG_1319,True
PVL_1320,P_04854,VEH_1320,Registered_Owner,2024-01-01,2026-12-31,0.98,EVI_VEH_REG_1320,True
PVL_1321,P_00494,VEH_1321,Registered_Owner,2024-01-01,2026-12-31,0.98,EVI_VEH_REG_1321,True
PVL_1322,P_01297,VEH_1322,Registered_Owner,2024-01-01,2026-12-31,0.98,EVI_VEH_REG_1322,True
PVL_1323,P_00736,VEH_1323,Registered_Owner,2024-01-01,2026-12-31,0.98,EVI_VEH_REG_1323,True
PVL_1324,P_03306,VEH_1324,Registered_Owner,2024-01-01,2026-12-31,0.98,EVI_VEH_REG_1324,True
PVL_1325,P_03888,VEH_1325,Registered_Owner,2024-01-01,2026-12-31,0.98,EVI_VEH_REG_1325,True
PVL_1326,P_00655,VEH_1326,Registered_Owner,2024-01-01,2026-12-31,0.98,EVI_VEH_REG_1326,True
PVL_1327,P_02779,VEH_1327,Registered_Owner,2024-01-01,2026-12-31,0.98,EVI_VEH_REG_1327,True
PVL_1328,P_01664,VEH_1328,Registered_Owner,2024-01-01,2026-12-31,0.98,EVI_VEH_REG_1328,True
PVL_1329,P_01544,VEH_1329,Registered_Owner,2024-01-01,2026-12-31,0.98,EVI_VEH_REG_1329,True
PVL_1330,P_01911,VEH_1330,Registered_Owner,2024-01-01,2026-12-31,0.98,EVI_VEH_REG_1330,True
PVL_1331,P_00193,VEH_1331,Registered_Owner,2024-01-01,2026-12-31,0.98,EVI_VEH_REG_1331,True
PVL_1332,P_02376,VEH_1332,Registered_Owner,2024-01-01,2026-12-31,0.98,EVI_VEH_REG_1332,True
PVL_1333,P_03804,VEH_1333,Registered_Owner,2024-01-01,2026-12-31,0.98,EVI_VEH_REG_1333,True
PVL_1334,P_03285,VEH_1334,Registered_Owner,2024-01-01,2026-12-31,0.98,EVI_VEH_REG_1334,True
PVL_1335,P_03439,VEH_1335,Registered_Owner,2024-01-01,2026-12-31,0.98,EVI_VEH_REG_1335,True
PVL_1336,P_02709,VEH_1336,Registered_Owner,2024-01-01,2026-12-31,0.98,EVI_VEH_REG_1336,True
PVL_1337,P_01632,VEH_1337,Registered_Owner,2024-01-01,2026-12-31,0.98,EVI_VEH_REG_1337,True
PVL_1338,P_01528,VEH_1338,Registered_Owner,2024-01-01,2026-12-31,0.98,EVI_VEH_REG_1338,True
PVL_1339,P_01126,VEH_1339,Registered_Owner,2024-01-01,2026-12-31,0.98,EVI_VEH_REG_1339,True
PVL_1340,P_00066,VEH_1340,Registered_Owner,2024-01-01,2026-12-31,0.98,EVI_VEH_REG_1340,True
PVL_1341,P_03388,VEH_1341,Registered_Owner,2024-01-01,2026-12-31,0.98,EVI_VEH_REG_1341,True
PVL_1342,P_04393,VEH_1342,Registered_Owner,2024-01-01,2026-12-31,0.98,EVI_VEH_REG_1342,True
PVL_1343,P_02080,VEH_1343,Registered_Owner,2024-01-01,2026-12-31,0.98,EVI_VEH_REG_1343,True
PVL_1344,P_02519,VEH_1344,Registered_Owner,2024-01-01,2026-12-31,0.98,EVI_VEH_REG_1344,True
PVL_1345,P_04665,VEH_1345,Registered_Owner,2024-01-01,2026-12-31,0.98,EVI_VEH_REG_1345,True
PVL_1346,P_04738,VEH_1346,Registered_Owner,2024-01-01,2026-12-31,0.98,EVI_VEH_REG_1346,True
PVL_1347,P_00141,VEH_1347,Registered_Owner,2024-01-01,2026-12-31,0.98,EVI_VEH_REG_1347,True
PVL_1348,P_01052,VEH_1348,Registered_Owner,2024-01-01,2026-12-31,0.98,EVI_VEH_REG_1348,True
PVL_1349,P_04773,VEH_1349,Registered_Owner,2024-01-01,2026-12-31,0.98,EVI_VEH_REG_1349,True
PVL_1350,P_01058,VEH_1350,Registered_Owner,2024-01-01,2026-12-31,0.98,EVI_VEH_REG_1350,True
PVL_1351,P_02678,VEH_1351,Registered_Owner,2024-01-01,2026-12-31,0.98,EVI_VEH_REG_1351,True
PVL_1352,P_02759,VEH_1352,Registered_Owner,2024-01-01,2026-12-31,0.98,EVI_VEH_REG_1352,True
PVL_1353,P_00084,VEH_1353,Registered_Owner,2024-01-01,2026-12-31,0.98,EVI_VEH_REG_1353,True
PVL_1354,P_00526,VEH_1354,Registered_Owner,2024-01-01,2026-12-31,0.98,EVI_VEH_REG_1354,True
PVL_1355,P_02915,VEH_1355,Registered_Owner,2024-01-01,2026-12-31,0.98,EVI_VEH_REG_1355,True
PVL_1356,P_03224,VEH_1356,Registered_Owner,2024-01-01,2026-12-31,0.98,EVI_VEH_REG_1356,True
PVL_1357,P_03862,VEH_1357,Registered_Owner,2024-01-01,2026-12-31,0.98,EVI_VEH_REG_1357,True
PVL_1358,P_00564,VEH_1358,Registered_Owner,2024-01-01,2026-12-31,0.98,EVI_VEH_REG_1358,True
PVL_1359,P_03178,VEH_1359,Registered_Owner,2024-01-01,2026-12-31,0.98,EVI_VEH_REG_1359,True
PVL_1360,P_00394,VEH_1360,Registered_Owner,2024-01-01,2026-12-31,0.98,EVI_VEH_REG_1360,True
PVL_1361,P_01112,VEH_1361,Registered_Owner,2024-01-01,2026-12-31,0.98,EVI_VEH_REG_1361,True
PVL_1362,P_03331,VEH_1362,Registered_Owner,2024-01-01,2026-12-31,0.98,EVI_VEH_REG_1362,True
PVL_1363,P_04229,VEH_1363,Registered_Owner,2024-01-01,2026-12-31,0.98,EVI_VEH_REG_1363,True
PVL_1364,P_04662,VEH_1364,Registered_Owner,2024-01-01,2026-12-31,0.98,EVI_VEH_REG_1364,True
PVL_1365,P_03992,VEH_1365,Registered_Owner,2024-01-01,2026-12-31,0.98,EVI_VEH_REG_1365,True
PVL_1366,P_01703,VEH_1366,Registered_Owner,2024-01-01,2026-12-31,0.98,EVI_VEH_REG_1366,True
PVL_1367,P_01339,VEH_1367,Registered_Owner,2024-01-01,2026-12-31,0.98,EVI_VEH_REG_1367,True
PVL_1368,P_01485,VEH_1368,Registered_Owner,2024-01-01,2026-12-31,0.98,EVI_VEH_REG_1368,True
PVL_1369,P_01647,VEH_1369,Registered_Owner,2024-01-01,2026-12-31,0.98,EVI_VEH_REG_1369,True
PVL_1370,P_01117,VEH_1370,Registered_Owner,2024-01-01,2026-12-31,0.98,EVI_VEH_REG_1370,True
PVL_1371,P_01675,VEH_1371,Registered_Owner,2024-01-01,2026-12-31,0.98,EVI_VEH_REG_1371,True
PVL_1372,P_03613,VEH_1372,Registered_Owner,2024-01-01,2026-12-31,0.98,EVI_VEH_REG_1372,True
PVL_1373,P_00088,VEH_1373,Registered_Owner,2024-01-01,2026-12-31,0.98,EVI_VEH_REG_1373,True
PVL_1374,P_02583,VEH_1374,Registered_Owner,2024-01-01,2026-12-31,0.98,EVI_VEH_REG_1374,True
PVL_1375,P_00641,VEH_1375,Registered_Owner,2024-01-01,2026-12-31,0.98,EVI_VEH_REG_1375,True
PVL_1376,P_01398,VEH_1376,Registered_Owner,2024-01-01,2026-12-31,0.98,EVI_VEH_REG_1376,True
PVL_1377,P_01041,VEH_1377,Registered_Owner,2024-01-01,2026-12-31,0.98,EVI_VEH_REG_1377,True
PVL_1378,P_00745,VEH_1378,Registered_Owner,2024-01-01,2026-12-31,0.98,EVI_VEH_REG_1378,True
PVL_1379,P_00427,VEH_1379,Registered_Owner,2024-01-01,2026-12-31,0.98,EVI_VEH_REG_1379,True
PVL_1380,P_04073,VEH_1380,Registered_Owner,2024-01-01,2026-12-31,0.98,EVI_VEH_REG_1380,True
PVL_1381,P_02182,VEH_1381,Registered_Owner,2024-01-01,2026-12-31,0.98,EVI_VEH_REG_1381,True
PVL_1382,P_00410,VEH_1382,Registered_Owner,2024-01-01,2026-12-31,0.98,EVI_VEH_REG_1382,True
PVL_1383,P_03844,VEH_1383,Registered_Owner,2024-01-01,2026-12-31,0.98,EVI_VEH_REG_1383,True
PVL_1384,P_02595,VEH_1384,Registered_Owner,2024-01-01,2026-12-31,0.98,EVI_VEH_REG_1384,True
PVL_1385,P_02357,VEH_1385,Registered_Owner,2024-01-01,2026-12-31,0.98,EVI_VEH_REG_1385,True
PVL_1386,P_02089,VEH_1386,Registered_Owner,2024-01-01,2026-12-31,0.98,EVI_VEH_REG_1386,True
PVL_1387,P_01065,VEH_1387,Registered_Owner,2024-01-01,2026-12-31,0.98,EVI_VEH_REG_1387,True
PVL_1388,P_00344,VEH_1388,Registered_Owner,2024-01-01,2026-12-31,0.98,EVI_VEH_REG_1388,True
PVL_1389,P_03723,VEH_1389,Registered_Owner,2024-01-01,2026-12-31,0.98,EVI_VEH_REG_1389,True
PVL_1390,P_02888,VEH_1390,Registered_Owner,2024-01-01,2026-12-31,0.98,EVI_VEH_REG_1390,True
PVL_1391,P_04901,VEH_1391,Registered_Owner,2024-01-01,2026-12-31,0.98,EVI_VEH_REG_1391,True
PVL_1392,P_03177,VEH_1392,Registered_Owner,2024-01-01,2026-12-31,0.98,EVI_VEH_REG_1392,True
PVL_1393,P_02955,VEH_1393,Registered_Owner,2024-01-01,2026-12-31,0.98,EVI_VEH_REG_1393,True
PVL_1394,P_02184,VEH_1394,Registered_Owner,2024-01-01,2026-12-31,0.98,EVI_VEH_REG_1394,True
PVL_1395,P_01602,VEH_1395,Registered_Owner,2024-01-01,2026-12-31,0.98,EVI_VEH_REG_1395,True
PVL_1396,P_04211,VEH_1396,Registered_Owner,2024-01-01,2026-12-31,0.98,EVI_VEH_REG_1396,True
PVL_1397,P_03807,VEH_1397,Registered_Owner,2024-01-01,2026-12-31,0.98,EVI_VEH_REG_1397,True
PVL_1398,P_02862,VEH_1398,Registered_Owner,2024-01-01,2026-12-31,0.98,EVI_VEH_REG_1398,True
PVL_1399,P_02157,VEH_1399,Registered_Owner,2024-01-01,2026-12-31,0.98,EVI_VEH_REG_1399,True
PVL_1400,P_03393,VEH_1400,Registered_Owner,2024-01-01,2026-12-31,0.98,EVI_VEH_REG_1400,True
PVL_1401,P_01397,VEH_1401,Registered_Owner,2024-01-01,2026-12-31,0.98,EVI_VEH_REG_1401,True
PVL_1402,P_02862,VEH_1402,Registered_Owner,2024-01-01,2026-12-31,0.98,EVI_VEH_REG_1402,True
PVL_1403,P_01237,VEH_1403,Registered_Owner,2024-01-01,2026-12-31,0.98,EVI_VEH_REG_1403,True
PVL_1404,P_00345,VEH_1404,Registered_Owner,2024-01-01,2026-12-31,0.98,EVI_VEH_REG_1404,True
PVL_1405,P_01906,VEH_1405,Registered_Owner,2024-01-01,2026-12-31,0.98,EVI_VEH_REG_1405,True
PVL_1406,P_01412,VEH_1406,Registered_Owner,2024-01-01,2026-12-31,0.98,EVI_VEH_REG_1406,True
PVL_1407,P_04310,VEH_1407,Registered_Owner,2024-01-01,2026-12-31,0.98,EVI_VEH_REG_1407,True
PVL_1408,P_04006,VEH_1408,Registered_Owner,2024-01-01,2026-12-31,0.98,EVI_VEH_REG_1408,True
PVL_1409,P_00527,VEH_1409,Registered_Owner,2024-01-01,2026-12-31,0.98,EVI_VEH_REG_1409,True
PVL_1410,P_03049,VEH_1410,Registered_Owner,2024-01-01,2026-12-31,0.98,EVI_VEH_REG_1410,True
PVL_1411,P_01259,VEH_1411,Registered_Owner,2024-01-01,2026-12-31,0.98,EVI_VEH_REG_1411,True
PVL_1412,P_00070,VEH_1412,Registered_Owner,2024-01-01,2026-12-31,0.98,EVI_VEH_REG_1412,True
PVL_1413,P_00480,VEH_1413,Registered_Owner,2024-01-01,2026-12-31,0.98,EVI_VEH_REG_1413,True
PVL_1414,P_03181,VEH_1414,Registered_Owner,2024-01-01,2026-12-31,0.98,EVI_VEH_REG_1414,True
PVL_1415,P_04393,VEH_1415,Registered_Owner,2024-01-01,2026-12-31,0.98,EVI_VEH_REG_1415,True
PVL_1416,P_02357,VEH_1416,Registered_Owner,2024-01-01,2026-12-31,0.98,EVI_VEH_REG_1416,True
PVL_1417,P_01784,VEH_1417,Registered_Owner,2024-01-01,2026-12-31,0.98,EVI_VEH_REG_1417,True
PVL_1418,P_01467,VEH_1418,Registered_Owner,2024-01-01,2026-12-31,0.98,EVI_VEH_REG_1418,True
PVL_1419,P_02378,VEH_1419,Registered_Owner,2024-01-01,2026-12-31,0.98,EVI_VEH_REG_1419,True
PVL_1420,P_03979,VEH_1420,Registered_Owner,2024-01-01,2026-12-31,0.98,EVI_VEH_REG_1420,True
PVL_1421,P_04818,VEH_1421,Registered_Owner,2024-01-01,2026-12-31,0.98,EVI_VEH_REG_1421,True
PVL_1422,P_01632,VEH_1422,Registered_Owner,2024-01-01,2026-12-31,0.98,EVI_VEH_REG_1422,True
PVL_1423,P_03358,VEH_1423,Registered_Owner,2024-01-01,2026-12-31,0.98,EVI_VEH_REG_1423,True
PVL_1424,P_01322,VEH_1424,Registered_Owner,2024-01-01,2026-12-31,0.98,EVI_VEH_REG_1424,True
PVL_1425,P_02636,VEH_1425,Registered_Owner,2024-01-01,2026-12-31,0.98,EVI_VEH_REG_1425,True
PVL_1426,P_04505,VEH_1426,Registered_Owner,2024-01-01,2026-12-31,0.98,EVI_VEH_REG_1426,True
PVL_1427,P_04625,VEH_1427,Registered_Owner,2024-01-01,2026-12-31,0.98,EVI_VEH_REG_1427,True
PVL_1428,P_03747,VEH_1428,Registered_Owner,2024-01-01,2026-12-31,0.98,EVI_VEH_REG_1428,True
PVL_1429,P_04206,VEH_1429,Registered_Owner,2024-01-01,2026-12-31,0.98,EVI_VEH_REG_1429,True
PVL_1430,P_02755,VEH_1430,Registered_Owner,2024-01-01,2026-12-31,0.98,EVI_VEH_REG_1430,True
PVL_1431,P_03258,VEH_1431,Registered_Owner,2024-01-01,2026-12-31,0.98,EVI_VEH_REG_1431,True
PVL_1432,P_00610,VEH_1432,Registered_Owner,2024-01-01,2026-12-31,0.98,EVI_VEH_REG_1432,True
PVL_1433,P_04988,VEH_1433,Registered_Owner,2024-01-01,2026-12-31,0.98,EVI_VEH_REG_1433,True
PVL_1434,P_01531,VEH_1434,Registered_Owner,2024-01-01,2026-12-31,0.98,EVI_VEH_REG_1434,True
PVL_1435,P_00163,VEH_1435,Registered_Owner,2024-01-01,2026-12-31,0.98,EVI_VEH_REG_1435,True
PVL_1436,P_03033,VEH_1436,Registered_Owner,2024-01-01,2026-12-31,0.98,EVI_VEH_REG_1436,True
PVL_1437,P_02231,VEH_1437,Registered_Owner,2024-01-01,2026-12-31,0.98,EVI_VEH_REG_1437,True
PVL_1438,P_00957,VEH_1438,Registered_Owner,2024-01-01,2026-12-31,0.98,EVI_VEH_REG_1438,True
PVL_1439,P_04748,VEH_1439,Registered_Owner,2024-01-01,2026-12-31,0.98,EVI_VEH_REG_1439,True
PVL_1440,P_00137,VEH_1440,Registered_Owner,2024-01-01,2026-12-31,0.98,EVI_VEH_REG_1440,True
PVL_1441,P_03150,VEH_1441,Registered_Owner,2024-01-01,2026-12-31,0.98,EVI_VEH_REG_1441,True
PVL_1442,P_02652,VEH_1442,Registered_Owner,2024-01-01,2026-12-31,0.98,EVI_VEH_REG_1442,True
PVL_1443,P_02814,VEH_1443,Registered_Owner,2024-01-01,2026-12-31,0.98,EVI_VEH_REG_1443,True
PVL_1444,P_02489,VEH_1444,Registered_Owner,2024-01-01,2026-12-31,0.98,EVI_VEH_REG_1444,True
PVL_1445,P_01170,VEH_1445,Registered_Owner,2024-01-01,2026-12-31,0.98,EVI_VEH_REG_1445,True
PVL_1446,P_04703,VEH_1446,Registered_Owner,2024-01-01,2026-12-31,0.98,EVI_VEH_REG_1446,True
PVL_1447,P_02515,VEH_1447,Registered_Owner,2024-01-01,2026-12-31,0.98,EVI_VEH_REG_1447,True
PVL_1448,P_03323,VEH_1448,Registered_Owner,2024-01-01,2026-12-31,0.98,EVI_VEH_REG_1448,True
PVL_1449,P_02025,VEH_1449,Registered_Owner,2024-01-01,2026-12-31,0.98,EVI_VEH_REG_1449,True
PVL_1450,P_02813,VEH_1450,Registered_Owner,2024-01-01,2026-12-31,0.98,EVI_VEH_REG_1450,True
PVL_1451,P_03120,VEH_1451,Registered_Owner,2024-01-01,2026-12-31,0.98,EVI_VEH_REG_1451,True
PVL_1452,P_04956,VEH_1452,Registered_Owner,2024-01-01,2026-12-31,0.98,EVI_VEH_REG_1452,True
PVL_1453,P_00969,VEH_1453,Registered_Owner,2024-01-01,2026-12-31,0.98,EVI_VEH_REG_1453,True
PVL_1454,P_03279,VEH_1454,Registered_Owner,2024-01-01,2026-12-31,0.98,EVI_VEH_REG_1454,True
PVL_1455,P_02265,VEH_1455,Registered_Owner,2024-01-01,2026-12-31,0.98,EVI_VEH_REG_1455,True
PVL_1456,P_04017,VEH_1456,Registered_Owner,2024-01-01,2026-12-31,0.98,EVI_VEH_REG_1456,True
PVL_1457,P_01942,VEH_1457,Registered_Owner,2024-01-01,2026-12-31,0.98,EVI_VEH_REG_1457,True
PVL_1458,P_02848,VEH_1458,Registered_Owner,2024-01-01,2026-12-31,0.98,EVI_VEH_REG_1458,True
PVL_1459,P_00105,VEH_1459,Registered_Owner,2024-01-01,2026-12-31,0.98,EVI_VEH_REG_1459,True
PVL_1460,P_00835,VEH_1460,Registered_Owner,2024-01-01,2026-12-31,0.98,EVI_VEH_REG_1460,True
PVL_1461,P_02447,VEH_1461,Registered_Owner,2024-01-01,2026-12-31,0.98,EVI_VEH_REG_1461,True
PVL_1462,P_02459,VEH_1462,Registered_Owner,2024-01-01,2026-12-31,0.98,EVI_VEH_REG_1462,True
PVL_1463,P_00970,VEH_1463,Registered_Owner,2024-01-01,2026-12-31,0.98,EVI_VEH_REG_1463,True
PVL_1464,P_00926,VEH_1464,Registered_Owner,2024-01-01,2026-12-31,0.98,EVI_VEH_REG_1464,True
PVL_1465,P_02272,VEH_1465,Registered_Owner,2024-01-01,2026-12-31,0.98,EVI_VEH_REG_1465,True
PVL_1466,P_03223,VEH_1466,Registered_Owner,2024-01-01,2026-12-31,0.98,EVI_VEH_REG_1466,True
PVL_1467,P_03066,VEH_1467,Registered_Owner,2024-01-01,2026-12-31,0.98,EVI_VEH_REG_1467,True
PVL_1468,P_02651,VEH_1468,Registered_Owner,2024-01-01,2026-12-31,0.98,EVI_VEH_REG_1468,True
PVL_1469,P_03486,VEH_1469,Registered_Owner,2024-01-01,2026-12-31,0.98,EVI_VEH_REG_1469,True
PVL_1470,P_02718,VEH_1470,Registered_Owner,2024-01-01,2026-12-31,0.98,EVI_VEH_REG_1470,True
PVL_1471,P_00241,VEH_1471,Registered_Owner,2024-01-01,2026-12-31,0.98,EVI_VEH_REG_1471,True
PVL_1472,P_02412,VEH_1472,Registered_Owner,2024-01-01,2026-12-31,0.98,EVI_VEH_REG_1472,True
PVL_1473,P_00790,VEH_1473,Registered_Owner,2024-01-01,2026-12-31,0.98,EVI_VEH_REG_1473,True
PVL_1474,P_02403,VEH_1474,Registered_Owner,2024-01-01,2026-12-31,0.98,EVI_VEH_REG_1474,True
PVL_1475,P_00028,VEH_1475,Registered_Owner,2024-01-01,2026-12-31,0.98,EVI_VEH_REG_1475,True
PVL_1476,P_03870,VEH_1476,Registered_Owner,2024-01-01,2026-12-31,0.98,EVI_VEH_REG_1476,True
PVL_1477,P_02266,VEH_1477,Registered_Owner,2024-01-01,2026-12-31,0.98,EVI_VEH_REG_1477,True
PVL_1478,P_02661,VEH_1478,Registered_Owner,2024-01-01,2026-12-31,0.98,EVI_VEH_REG_1478,True
PVL_1479,P_02562,VEH_1479,Registered_Owner,2024-01-01,2026-12-31,0.98,EVI_VEH_REG_1479,True
PVL_1480,P_00689,VEH_1480,Registered_Owner,2024-01-01,2026-12-31,0.98,EVI_VEH_REG_1480,True
PVL_1481,P_02976,VEH_1481,Registered_Owner,2024-01-01,2026-12-31,0.98,EVI_VEH_REG_1481,True
PVL_1482,P_03864,VEH_1482,Registered_Owner,2024-01-01,2026-12-31,0.98,EVI_VEH_REG_1482,True
PVL_1483,P_03592,VEH_1483,Registered_Owner,2024-01-01,2026-12-31,0.98,EVI_VEH_REG_1483,True
PVL_1484,P_04757,VEH_1484,Registered_Owner,2024-01-01,2026-12-31,0.98,EVI_VEH_REG_1484,True
PVL_1485,P_00301,VEH_1485,Registered_Owner,2024-01-01,2026-12-31,0.98,EVI_VEH_REG_1485,True
PVL_1486,P_01023,VEH_1486,Registered_Owner,2024-01-01,2026-12-31,0.98,EVI_VEH_REG_1486,True
PVL_1487,P_04366,VEH_1487,Registered_Owner,2024-01-01,2026-12-31,0.98,EVI_VEH_REG_1487,True
PVL_1488,P_01435,VEH_1488,Registered_Owner,2024-01-01,2026-12-31,0.98,EVI_VEH_REG_1488,True
PVL_1489,P_00079,VEH_1489,Registered_Owner,2024-01-01,2026-12-31,0.98,EVI_VEH_REG_1489,True
PVL_1490,P_01488,VEH_1490,Registered_Owner,2024-01-01,2026-12-31,0.98,EVI_VEH_REG_1490,True
PVL_1491,P_01855,VEH_1491,Registered_Owner,2024-01-01,2026-12-31,0.98,EVI_VEH_REG_1491,True
PVL_1492,P_03481,VEH_1492,Registered_Owner,2024-01-01,2026-12-31,0.98,EVI_VEH_REG_1492,True
PVL_1493,P_03926,VEH_1493,Registered_Owner,2024-01-01,2026-12-31,0.98,EVI_VEH_REG_1493,True
PVL_1494,P_02543,VEH_1494,Registered_Owner,2024-01-01,2026-12-31,0.98,EVI_VEH_REG_1494,True
PVL_1495,P_03081,VEH_1495,Registered_Owner,2024-01-01,2026-12-31,0.98,EVI_VEH_REG_1495,True
PVL_1496,P_00303,VEH_1496,Registered_Owner,2024-01-01,2026-12-31,0.98,EVI_VEH_REG_1496,True
PVL_1497,P_04731,VEH_1497,Registered_Owner,2024-01-01,2026-12-31,0.98,EVI_VEH_REG_1497,True
PVL_1498,P_00780,VEH_1498,Registered_Owner,2024-01-01,2026-12-31,0.98,EVI_VEH_REG_1498,True
PVL_1499,P_01395,VEH_1499,Registered_Owner,2024-01-01,2026-12-31,0.98,EVI_VEH_REG_1499,True
PVL_1500,P_03751,VEH_1500,Registered_Owner,2024-01-01,2026-12-31,0.98,EVI_VEH_REG_1500,True
PVL_1501,P_02692,VEH_1501,Registered_Owner,2024-01-01,2026-12-31,0.98,EVI_VEH_REG_1501,True
PVL_1502,P_01468,VEH_1502,Registered_Owner,2024-01-01,2026-12-31,0.98,EVI_VEH_REG_1502,True
PVL_1503,P_01128,VEH_1503,Registered_Owner,2024-01-01,2026-12-31,0.98,EVI_VEH_REG_1503,True
PVL_1504,P_03786,VEH_1504,Registered_Owner,2024-01-01,2026-12-31,0.98,EVI_VEH_REG_1504,True
PVL_1505,P_00811,VEH_1505,Registered_Owner,2024-01-01,2026-12-31,0.98,EVI_VEH_REG_1505,True
PVL_1506,P_03205,VEH_1506,Registered_Owner,2024-01-01,2026-12-31,0.98,EVI_VEH_REG_1506,True
PVL_1507,P_04423,VEH_1507,Registered_Owner,2024-01-01,2026-12-31,0.98,EVI_VEH_REG_1507,True
PVL_1508,P_04996,VEH_1508,Registered_Owner,2024-01-01,2026-12-31,0.98,EVI_VEH_REG_1508,True
PVL_1509,P_00186,VEH_1509,Registered_Owner,2024-01-01,2026-12-31,0.98,EVI_VEH_REG_1509,True
PVL_1510,P_01211,VEH_1510,Registered_Owner,2024-01-01,2026-12-31,0.98,EVI_VEH_REG_1510,True
PVL_1511,P_02565,VEH_1511,Registered_Owner,2024-01-01,2026-12-31,0.98,EVI_VEH_REG_1511,True
PVL_1512,P_01037,VEH_1512,Registered_Owner,2024-01-01,2026-12-31,0.98,EVI_VEH_REG_1512,True
PVL_1513,P_04789,VEH_1513,Registered_Owner,2024-01-01,2026-12-31,0.98,EVI_VEH_REG_1513,True
PVL_1514,P_02519,VEH_1514,Registered_Owner,2024-01-01,2026-12-31,0.98,EVI_VEH_REG_1514,True
PVL_1515,P_04702,VEH_1515,Registered_Owner,2024-01-01,2026-12-31,0.98,EVI_VEH_REG_1515,True
PVL_1516,P_01008,VEH_1516,Registered_Owner,2024-01-01,2026-12-31,0.98,EVI_VEH_REG_1516,True
PVL_1517,P_03777,VEH_1517,Registered_Owner,2024-01-01,2026-12-31,0.98,EVI_VEH_REG_1517,True
PVL_1518,P_01685,VEH_1518,Registered_Owner,2024-01-01,2026-12-31,0.98,EVI_VEH_REG_1518,True
PVL_1519,P_04272,VEH_1519,Registered_Owner,2024-01-01,2026-12-31,0.98,EVI_VEH_REG_1519,True
PVL_1520,P_02736,VEH_1520,Registered_Owner,2024-01-01,2026-12-31,0.98,EVI_VEH_REG_1520,True
PVL_1521,P_02066,VEH_1521,Registered_Owner,2024-01-01,2026-12-31,0.98,EVI_VEH_REG_1521,True
PVL_1522,P_04654,VEH_1522,Registered_Owner,2024-01-01,2026-12-31,0.98,EVI_VEH_REG_1522,True
PVL_1523,P_02426,VEH_1523,Registered_Owner,2024-01-01,2026-12-31,0.98,EVI_VEH_REG_1523,True
PVL_1524,P_01966,VEH_1524,Registered_Owner,2024-01-01,2026-12-31,0.98,EVI_VEH_REG_1524,True
PVL_1525,P_04871,VEH_1525,Registered_Owner,2024-01-01,2026-12-31,0.98,EVI_VEH_REG_1525,True
PVL_1526,P_01451,VEH_1526,Registered_Owner,2024-01-01,2026-12-31,0.98,EVI_VEH_REG_1526,True
PVL_1527,P_00287,VEH_1527,Registered_Owner,2024-01-01,2026-12-31,0.98,EVI_VEH_REG_1527,True
PVL_1528,P_02743,VEH_1528,Registered_Owner,2024-01-01,2026-12-31,0.98,EVI_VEH_REG_1528,True
PVL_1529,P_00307,VEH_1529,Registered_Owner,2024-01-01,2026-12-31,0.98,EVI_VEH_REG_1529,True
PVL_1530,P_02212,VEH_1530,Registered_Owner,2024-01-01,2026-12-31,0.98,EVI_VEH_REG_1530,True
PVL_1531,P_02205,VEH_1531,Registered_Owner,2024-01-01,2026-12-31,0.98,EVI_VEH_REG_1531,True
PVL_1532,P_04850,VEH_1532,Registered_Owner,2024-01-01,2026-12-31,0.98,EVI_VEH_REG_1532,True
PVL_1533,P_03428,VEH_1533,Registered_Owner,2024-01-01,2026-12-31,0.98,EVI_VEH_REG_1533,True
PVL_1534,P_04667,VEH_1534,Registered_Owner,2024-01-01,2026-12-31,0.98,EVI_VEH_REG_1534,True
PVL_1535,P_03722,VEH_1535,Registered_Owner,2024-01-01,2026-12-31,0.98,EVI_VEH_REG_1535,True
PVL_1536,P_04001,VEH_1536,Registered_Owner,2024-01-01,2026-12-31,0.98,EVI_VEH_REG_1536,True
PVL_1537,P_00175,VEH_1537,Registered_Owner,2024-01-01,2026-12-31,0.98,EVI_VEH_REG_1537,True
PVL_1538,P_02268,VEH_1538,Registered_Owner,2024-01-01,2026-12-31,0.98,EVI_VEH_REG_1538,True
PVL_1539,P_00533,VEH_1539,Registered_Owner,2024-01-01,2026-12-31,0.98,EVI_VEH_REG_1539,True
PVL_1540,P_01823,VEH_1540,Registered_Owner,2024-01-01,2026-12-31,0.98,EVI_VEH_REG_1540,True
PVL_1541,P_02105,VEH_1541,Registered_Owner,2024-01-01,2026-12-31,0.98,EVI_VEH_REG_1541,True
PVL_1542,P_01582,VEH_1542,Registered_Owner,2024-01-01,2026-12-31,0.98,EVI_VEH_REG_1542,True
PVL_1543,P_02215,VEH_1543,Registered_Owner,2024-01-01,2026-12-31,0.98,EVI_VEH_REG_1543,True
PVL_1544,P_00697,VEH_1544,Registered_Owner,2024-01-01,2026-12-31,0.98,EVI_VEH_REG_1544,True
PVL_1545,P_00544,VEH_1545,Registered_Owner,2024-01-01,2026-12-31,0.98,EVI_VEH_REG_1545,True
PVL_1546,P_00817,VEH_1546,Registered_Owner,2024-01-01,2026-12-31,0.98,EVI_VEH_REG_1546,True
PVL_1547,P_00617,VEH_1547,Registered_Owner,2024-01-01,2026-12-31,0.98,EVI_VEH_REG_1547,True
PVL_1548,P_01182,VEH_1548,Registered_Owner,2024-01-01,2026-12-31,0.98,EVI_VEH_REG_1548,True
PVL_1549,P_01238,VEH_1549,Registered_Owner,2024-01-01,2026-12-31,0.98,EVI_VEH_REG_1549,True
PVL_1550,P_01454,VEH_1550,Registered_Owner,2024-01-01,2026-12-31,0.98,EVI_VEH_REG_1550,True
PVL_1551,P_02421,VEH_1551,Registered_Owner,2024-01-01,2026-12-31,0.98,EVI_VEH_REG_1551,True
PVL_1552,P_03435,VEH_1552,Registered_Owner,2024-01-01,2026-12-31,0.98,EVI_VEH_REG_1552,True
PVL_1553,P_02503,VEH_1553,Registered_Owner,2024-01-01,2026-12-31,0.98,EVI_VEH_REG_1553,True
PVL_1554,P_03891,VEH_1554,Registered_Owner,2024-01-01,2026-12-31,0.98,EVI_VEH_REG_1554,True
PVL_1555,P_01241,VEH_1555,Registered_Owner,2024-01-01,2026-12-31,0.98,EVI_VEH_REG_1555,True
PVL_1556,P_03393,VEH_1556,Registered_Owner,2024-01-01,2026-12-31,0.98,EVI_VEH_REG_1556,True
PVL_1557,P_00082,VEH_1557,Registered_Owner,2024-01-01,2026-12-31,0.98,EVI_VEH_REG_1557,True
PVL_1558,P_04151,VEH_1558,Registered_Owner,2024-01-01,2026-12-31,0.98,EVI_VEH_REG_1558,True
PVL_1559,P_03780,VEH_1559,Registered_Owner,2024-01-01,2026-12-31,0.98,EVI_VEH_REG_1559,True
PVL_1560,P_01407,VEH_1560,Registered_Owner,2024-01-01,2026-12-31,0.98,EVI_VEH_REG_1560,True
PVL_1561,P_04269,VEH_1561,Registered_Owner,2024-01-01,2026-12-31,0.98,EVI_VEH_REG_1561,True
PVL_1562,P_00205,VEH_1562,Registered_Owner,2024-01-01,2026-12-31,0.98,EVI_VEH_REG_1562,True
PVL_1563,P_00917,VEH_1563,Registered_Owner,2024-01-01,2026-12-31,0.98,EVI_VEH_REG_1563,True
PVL_1564,P_00052,VEH_1564,Registered_Owner,2024-01-01,2026-12-31,0.98,EVI_VEH_REG_1564,True
PVL_1565,P_02019,VEH_1565,Registered_Owner,2024-01-01,2026-12-31,0.98,EVI_VEH_REG_1565,True
PVL_1566,P_01181,VEH_1566,Registered_Owner,2024-01-01,2026-12-31,0.98,EVI_VEH_REG_1566,True
PVL_1567,P_00140,VEH_1567,Registered_Owner,2024-01-01,2026-12-31,0.98,EVI_VEH_REG_1567,True
PVL_1568,P_03079,VEH_1568,Registered_Owner,2024-01-01,2026-12-31,0.98,EVI_VEH_REG_1568,True
PVL_1569,P_00774,VEH_1569,Registered_Owner,2024-01-01,2026-12-31,0.98,EVI_VEH_REG_1569,True
PVL_1570,P_04565,VEH_1570,Registered_Owner,2024-01-01,2026-12-31,0.98,EVI_VEH_REG_1570,True
PVL_1571,P_02874,VEH_1571,Registered_Owner,2024-01-01,2026-12-31,0.98,EVI_VEH_REG_1571,True
PVL_1572,P_02619,VEH_1572,Registered_Owner,2024-01-01,2026-12-31,0.98,EVI_VEH_REG_1572,True
PVL_1573,P_04970,VEH_1573,Registered_Owner,2024-01-01,2026-12-31,0.98,EVI_VEH_REG_1573,True
PVL_1574,P_01040,VEH_1574,Registered_Owner,2024-01-01,2026-12-31,0.98,EVI_VEH_REG_1574,True
PVL_1575,P_04402,VEH_1575,Registered_Owner,2024-01-01,2026-12-31,0.98,EVI_VEH_REG_1575,True
PVL_1576,P_04567,VEH_1576,Registered_Owner,2024-01-01,2026-12-31,0.98,EVI_VEH_REG_1576,True
PVL_1577,P_00703,VEH_1577,Registered_Owner,2024-01-01,2026-12-31,0.98,EVI_VEH_REG_1577,True
PVL_1578,P_03220,VEH_1578,Registered_Owner,2024-01-01,2026-12-31,0.98,EVI_VEH_REG_1578,True
PVL_1579,P_02252,VEH_1579,Registered_Owner,2024-01-01,2026-12-31,0.98,EVI_VEH_REG_1579,True
PVL_1580,P_00961,VEH_1580,Registered_Owner,2024-01-01,2026-12-31,0.98,EVI_VEH_REG_1580,True
PVL_1581,P_01536,VEH_1581,Registered_Owner,2024-01-01,2026-12-31,0.98,EVI_VEH_REG_1581,True
PVL_1582,P_01216,VEH_1582,Registered_Owner,2024-01-01,2026-12-31,0.98,EVI_VEH_REG_1582,True
PVL_1583,P_00017,VEH_1583,Registered_Owner,2024-01-01,2026-12-31,0.98,EVI_VEH_REG_1583,True
PVL_1584,P_03304,VEH_1584,Registered_Owner,2024-01-01,2026-12-31,0.98,EVI_VEH_REG_1584,True
PVL_1585,P_04365,VEH_1585,Registered_Owner,2024-01-01,2026-12-31,0.98,EVI_VEH_REG_1585,True
PVL_1586,P_04749,VEH_1586,Registered_Owner,2024-01-01,2026-12-31,0.98,EVI_VEH_REG_1586,True
PVL_1587,P_01138,VEH_1587,Registered_Owner,2024-01-01,2026-12-31,0.98,EVI_VEH_REG_1587,True
PVL_1588,P_04729,VEH_1588,Registered_Owner,2024-01-01,2026-12-31,0.98,EVI_VEH_REG_1588,True
PVL_1589,P_04047,VEH_1589,Registered_Owner,2024-01-01,2026-12-31,0.98,EVI_VEH_REG_1589,True
PVL_1590,P_00333,VEH_1590,Registered_Owner,2024-01-01,2026-12-31,0.98,EVI_VEH_REG_1590,True
PVL_1591,P_02320,VEH_1591,Registered_Owner,2024-01-01,2026-12-31,0.98,EVI_VEH_REG_1591,True
PVL_1592,P_00676,VEH_1592,Registered_Owner,2024-01-01,2026-12-31,0.98,EVI_VEH_REG_1592,True
PVL_1593,P_03026,VEH_1593,Registered_Owner,2024-01-01,2026-12-31,0.98,EVI_VEH_REG_1593,True
PVL_1594,P_00149,VEH_1594,Registered_Owner,2024-01-01,2026-12-31,0.98,EVI_VEH_REG_1594,True
PVL_1595,P_01667,VEH_1595,Registered_Owner,2024-01-01,2026-12-31,0.98,EVI_VEH_REG_1595,True
PVL_1596,P_03073,VEH_1596,Registered_Owner,2024-01-01,2026-12-31,0.98,EVI_VEH_REG_1596,True
PVL_1597,P_03618,VEH_1597,Registered_Owner,2024-01-01,2026-12-31,0.98,EVI_VEH_REG_1597,True
PVL_1598,P_01141,VEH_1598,Registered_Owner,2024-01-01,2026-12-31,0.98,EVI_VEH_REG_1598,True
PVL_1599,P_03660,VEH_1599,Registered_Owner,2024-01-01,2026-12-31,0.98,EVI_VEH_REG_1599,True
PVL_1600,P_04445,VEH_1600,Registered_Owner,2024-01-01,2026-12-31,0.98,EVI_VEH_REG_1600,True
PVL_1601,P_03831,VEH_1601,Registered_Owner,2024-01-01,2026-12-31,0.98,EVI_VEH_REG_1601,True
PVL_1602,P_01821,VEH_1602,Registered_Owner,2024-01-01,2026-12-31,0.98,EVI_VEH_REG_1602,True
PVL_1603,P_04588,VEH_1603,Registered_Owner,2024-01-01,2026-12-31,0.98,EVI_VEH_REG_1603,True
PVL_1604,P_00569,VEH_1604,Registered_Owner,2024-01-01,2026-12-31,0.98,EVI_VEH_REG_1604,True
PVL_1605,P_00260,VEH_1605,Registered_Owner,2024-01-01,2026-12-31,0.98,EVI_VEH_REG_1605,True
PVL_1606,P_03346,VEH_1606,Registered_Owner,2024-01-01,2026-12-31,0.98,EVI_VEH_REG_1606,True
PVL_1607,P_03755,VEH_1607,Registered_Owner,2024-01-01,2026-12-31,0.98,EVI_VEH_REG_1607,True
PVL_1608,P_01042,VEH_1608,Registered_Owner,2024-01-01,2026-12-31,0.98,EVI_VEH_REG_1608,True
PVL_1609,P_03066,VEH_1609,Registered_Owner,2024-01-01,2026-12-31,0.98,EVI_VEH_REG_1609,True
PVL_1610,P_02167,VEH_1610,Registered_Owner,2024-01-01,2026-12-31,0.98,EVI_VEH_REG_1610,True
PVL_1611,P_01183,VEH_1611,Registered_Owner,2024-01-01,2026-12-31,0.98,EVI_VEH_REG_1611,True
PVL_1612,P_00207,VEH_1612,Registered_Owner,2024-01-01,2026-12-31,0.98,EVI_VEH_REG_1612,True
PVL_1613,P_01680,VEH_1613,Registered_Owner,2024-01-01,2026-12-31,0.98,EVI_VEH_REG_1613,True
PVL_1614,P_03456,VEH_1614,Registered_Owner,2024-01-01,2026-12-31,0.98,EVI_VEH_REG_1614,True
PVL_1615,P_00832,VEH_1615,Registered_Owner,2024-01-01,2026-12-31,0.98,EVI_VEH_REG_1615,True
PVL_1616,P_04269,VEH_1616,Registered_Owner,2024-01-01,2026-12-31,0.98,EVI_VEH_REG_1616,True
PVL_1617,P_01251,VEH_1617,Registered_Owner,2024-01-01,2026-12-31,0.98,EVI_VEH_REG_1617,True
PVL_1618,P_04068,VEH_1618,Registered_Owner,2024-01-01,2026-12-31,0.98,EVI_VEH_REG_1618,True
PVL_1619,P_03827,VEH_1619,Registered_Owner,2024-01-01,2026-12-31,0.98,EVI_VEH_REG_1619,True
PVL_1620,P_00300,VEH_1620,Registered_Owner,2024-01-01,2026-12-31,0.98,EVI_VEH_REG_1620,True
PVL_1621,P_02017,VEH_1621,Registered_Owner,2024-01-01,2026-12-31,0.98,EVI_VEH_REG_1621,True
PVL_1622,P_00440,VEH_1622,Registered_Owner,2024-01-01,2026-12-31,0.98,EVI_VEH_REG_1622,True
PVL_1623,P_00905,VEH_1623,Registered_Owner,2024-01-01,2026-12-31,0.98,EVI_VEH_REG_1623,True
PVL_1624,P_01341,VEH_1624,Registered_Owner,2024-01-01,2026-12-31,0.98,EVI_VEH_REG_1624,True
PVL_1625,P_02367,VEH_1625,Registered_Owner,2024-01-01,2026-12-31,0.98,EVI_VEH_REG_1625,True
PVL_1626,P_04075,VEH_1626,Registered_Owner,2024-01-01,2026-12-31,0.98,EVI_VEH_REG_1626,True
PVL_1627,P_02513,VEH_1627,Registered_Owner,2024-01-01,2026-12-31,0.98,EVI_VEH_REG_1627,True
PVL_1628,P_01465,VEH_1628,Registered_Owner,2024-01-01,2026-12-31,0.98,EVI_VEH_REG_1628,True
PVL_1629,P_00191,VEH_1629,Registered_Owner,2024-01-01,2026-12-31,0.98,EVI_VEH_REG_1629,True
PVL_1630,P_00826,VEH_1630,Registered_Owner,2024-01-01,2026-12-31,0.98,EVI_VEH_REG_1630,True
PVL_1631,P_01607,VEH_1631,Registered_Owner,2024-01-01,2026-12-31,0.98,EVI_VEH_REG_1631,True
PVL_1632,P_03289,VEH_1632,Registered_Owner,2024-01-01,2026-12-31,0.98,EVI_VEH_REG_1632,True
PVL_1633,P_01964,VEH_1633,Registered_Owner,2024-01-01,2026-12-31,0.98,EVI_VEH_REG_1633,True
PVL_1634,P_00434,VEH_1634,Registered_Owner,2024-01-01,2026-12-31,0.98,EVI_VEH_REG_1634,True
PVL_1635,P_04872,VEH_1635,Registered_Owner,2024-01-01,2026-12-31,0.98,EVI_VEH_REG_1635,True
PVL_1636,P_00733,VEH_1636,Registered_Owner,2024-01-01,2026-12-31,0.98,EVI_VEH_REG_1636,True
PVL_1637,P_01972,VEH_1637,Registered_Owner,2024-01-01,2026-12-31,0.98,EVI_VEH_REG_1637,True
PVL_1638,P_03400,VEH_1638,Registered_Owner,2024-01-01,2026-12-31,0.98,EVI_VEH_REG_1638,True
PVL_1639,P_00418,VEH_1639,Registered_Owner,2024-01-01,2026-12-31,0.98,EVI_VEH_REG_1639,True
PVL_1640,P_02693,VEH_1640,Registered_Owner,2024-01-01,2026-12-31,0.98,EVI_VEH_REG_1640,True
PVL_1641,P_01831,VEH_1641,Registered_Owner,2024-01-01,2026-12-31,0.98,EVI_VEH_REG_1641,True
PVL_1642,P_04573,VEH_1642,Registered_Owner,2024-01-01,2026-12-31,0.98,EVI_VEH_REG_1642,True
PVL_1643,P_01858,VEH_1643,Registered_Owner,2024-01-01,2026-12-31,0.98,EVI_VEH_REG_1643,True
PVL_1644,P_04291,VEH_1644,Registered_Owner,2024-01-01,2026-12-31,0.98,EVI_VEH_REG_1644,True
PVL_1645,P_04881,VEH_1645,Registered_Owner,2024-01-01,2026-12-31,0.98,EVI_VEH_REG_1645,True
PVL_1646,P_03975,VEH_1646,Registered_Owner,2024-01-01,2026-12-31,0.98,EVI_VEH_REG_1646,True
PVL_1647,P_00058,VEH_1647,Registered_Owner,2024-01-01,2026-12-31,0.98,EVI_VEH_REG_1647,True
PVL_1648,P_02883,VEH_1648,Registered_Owner,2024-01-01,2026-12-31,0.98,EVI_VEH_REG_1648,True
PVL_1649,P_01591,VEH_1649,Registered_Owner,2024-01-01,2026-12-31,0.98,EVI_VEH_REG_1649,True
PVL_1650,P_03201,VEH_1650,Registered_Owner,2024-01-01,2026-12-31,0.98,EVI_VEH_REG_1650,True
PVL_1651,P_03735,VEH_1651,Registered_Owner,2024-01-01,2026-12-31,0.98,EVI_VEH_REG_1651,True
PVL_1652,P_00544,VEH_1652,Registered_Owner,2024-01-01,2026-12-31,0.98,EVI_VEH_REG_1652,True
PVL_1653,P_00733,VEH_1653,Registered_Owner,2024-01-01,2026-12-31,0.98,EVI_VEH_REG_1653,True
PVL_1654,P_03182,VEH_1654,Registered_Owner,2024-01-01,2026-12-31,0.98,EVI_VEH_REG_1654,True
PVL_1655,P_00381,VEH_1655,Registered_Owner,2024-01-01,2026-12-31,0.98,EVI_VEH_REG_1655,True
PVL_1656,P_01820,VEH_1656,Registered_Owner,2024-01-01,2026-12-31,0.98,EVI_VEH_REG_1656,True
PVL_1657,P_00194,VEH_1657,Registered_Owner,2024-01-01,2026-12-31,0.98,EVI_VEH_REG_1657,True
PVL_1658,P_00127,VEH_1658,Registered_Owner,2024-01-01,2026-12-31,0.98,EVI_VEH_REG_1658,True
PVL_1659,P_03902,VEH_1659,Registered_Owner,2024-01-01,2026-12-31,0.98,EVI_VEH_REG_1659,True
PVL_1660,P_01894,VEH_1660,Registered_Owner,2024-01-01,2026-12-31,0.98,EVI_VEH_REG_1660,True
PVL_1661,P_00140,VEH_1661,Registered_Owner,2024-01-01,2026-12-31,0.98,EVI_VEH_REG_1661,True
PVL_1662,P_04238,VEH_1662,Registered_Owner,2024-01-01,2026-12-31,0.98,EVI_VEH_REG_1662,True
PVL_1663,P_00911,VEH_1663,Registered_Owner,2024-01-01,2026-12-31,0.98,EVI_VEH_REG_1663,True
PVL_1664,P_00807,VEH_1664,Registered_Owner,2024-01-01,2026-12-31,0.98,EVI_VEH_REG_1664,True
PVL_1665,P_00807,VEH_1665,Registered_Owner,2024-01-01,2026-12-31,0.98,EVI_VEH_REG_1665,True
PVL_1666,P_01318,VEH_1666,Registered_Owner,2024-01-01,2026-12-31,0.98,EVI_VEH_REG_1666,True
PVL_1667,P_03030,VEH_1667,Registered_Owner,2024-01-01,2026-12-31,0.98,EVI_VEH_REG_1667,True
PVL_1668,P_00530,VEH_1668,Registered_Owner,2024-01-01,2026-12-31,0.98,EVI_VEH_REG_1668,True
PVL_1669,P_01004,VEH_1669,Registered_Owner,2024-01-01,2026-12-31,0.98,EVI_VEH_REG_1669,True
PVL_1670,P_01884,VEH_1670,Registered_Owner,2024-01-01,2026-12-31,0.98,EVI_VEH_REG_1670,True
PVL_1671,P_04439,VEH_1671,Registered_Owner,2024-01-01,2026-12-31,0.98,EVI_VEH_REG_1671,True
PVL_1672,P_04219,VEH_1672,Registered_Owner,2024-01-01,2026-12-31,0.98,EVI_VEH_REG_1672,True
PVL_1673,P_02723,VEH_1673,Registered_Owner,2024-01-01,2026-12-31,0.98,EVI_VEH_REG_1673,True
PVL_1674,P_01524,VEH_1674,Registered_Owner,2024-01-01,2026-12-31,0.98,EVI_VEH_REG_1674,True
PVL_1675,P_03649,VEH_1675,Registered_Owner,2024-01-01,2026-12-31,0.98,EVI_VEH_REG_1675,True
PVL_1676,P_01706,VEH_1676,Registered_Owner,2024-01-01,2026-12-31,0.98,EVI_VEH_REG_1676,True
PVL_1677,P_01785,VEH_1677,Registered_Owner,2024-01-01,2026-12-31,0.98,EVI_VEH_REG_1677,True
PVL_1678,P_02205,VEH_1678,Registered_Owner,2024-01-01,2026-12-31,0.98,EVI_VEH_REG_1678,True
PVL_1679,P_01928,VEH_1679,Registered_Owner,2024-01-01,2026-12-31,0.98,EVI_VEH_REG_1679,True
PVL_1680,P_03886,VEH_1680,Registered_Owner,2024-01-01,2026-12-31,0.98,EVI_VEH_REG_1680,True
PVL_1681,P_03515,VEH_1681,Registered_Owner,2024-01-01,2026-12-31,0.98,EVI_VEH_REG_1681,True
PVL_1682,P_03689,VEH_1682,Registered_Owner,2024-01-01,2026-12-31,0.98,EVI_VEH_REG_1682,True
PVL_1683,P_02821,VEH_1683,Registered_Owner,2024-01-01,2026-12-31,0.98,EVI_VEH_REG_1683,True
PVL_1684,P_04413,VEH_1684,Registered_Owner,2024-01-01,2026-12-31,0.98,EVI_VEH_REG_1684,True
PVL_1685,P_03731,VEH_1685,Registered_Owner,2024-01-01,2026-12-31,0.98,EVI_VEH_REG_1685,True
PVL_1686,P_00847,VEH_1686,Registered_Owner,2024-01-01,2026-12-31,0.98,EVI_VEH_REG_1686,True
PVL_1687,P_04971,VEH_1687,Registered_Owner,2024-01-01,2026-12-31,0.98,EVI_VEH_REG_1687,True
PVL_1688,P_04046,VEH_1688,Registered_Owner,2024-01-01,2026-12-31,0.98,EVI_VEH_REG_1688,True
PVL_1689,P_01907,VEH_1689,Registered_Owner,2024-01-01,2026-12-31,0.98,EVI_VEH_REG_1689,True
PVL_1690,P_01699,VEH_1690,Registered_Owner,2024-01-01,2026-12-31,0.98,EVI_VEH_REG_1690,True
PVL_1691,P_00114,VEH_1691,Registered_Owner,2024-01-01,2026-12-31,0.98,EVI_VEH_REG_1691,True
PVL_1692,P_00497,VEH_1692,Registered_Owner,2024-01-01,2026-12-31,0.98,EVI_VEH_REG_1692,True
PVL_1693,P_01770,VEH_1693,Registered_Owner,2024-01-01,2026-12-31,0.98,EVI_VEH_REG_1693,True
PVL_1694,P_00089,VEH_1694,Registered_Owner,2024-01-01,2026-12-31,0.98,EVI_VEH_REG_1694,True
PVL_1695,P_01504,VEH_1695,Registered_Owner,2024-01-01,2026-12-31,0.98,EVI_VEH_REG_1695,True
PVL_1696,P_01310,VEH_1696,Registered_Owner,2024-01-01,2026-12-31,0.98,EVI_VEH_REG_1696,True
PVL_1697,P_04020,VEH_1697,Registered_Owner,2024-01-01,2026-12-31,0.98,EVI_VEH_REG_1697,True
PVL_1698,P_00499,VEH_1698,Registered_Owner,2024-01-01,2026-12-31,0.98,EVI_VEH_REG_1698,True
PVL_1699,P_00891,VEH_1699,Registered_Owner,2024-01-01,2026-12-31,0.98,EVI_VEH_REG_1699,True
PVL_1700,P_01477,VEH_1700,Registered_Owner,2024-01-01,2026-12-31,0.98,EVI_VEH_REG_1700,True
PVL_1701,P_02852,VEH_1701,Registered_Owner,2024-01-01,2026-12-31,0.98,EVI_VEH_REG_1701,True
PVL_1702,P_01028,VEH_1702,Registered_Owner,2024-01-01,2026-12-31,0.98,EVI_VEH_REG_1702,True
PVL_1703,P_01362,VEH_1703,Registered_Owner,2024-01-01,2026-12-31,0.98,EVI_VEH_REG_1703,True
PVL_1704,P_00192,VEH_1704,Registered_Owner,2024-01-01,2026-12-31,0.98,EVI_VEH_REG_1704,True
PVL_1705,P_03430,VEH_1705,Registered_Owner,2024-01-01,2026-12-31,0.98,EVI_VEH_REG_1705,True
PVL_1706,P_00366,VEH_1706,Registered_Owner,2024-01-01,2026-12-31,0.98,EVI_VEH_REG_1706,True
PVL_1707,P_01360,VEH_1707,Registered_Owner,2024-01-01,2026-12-31,0.98,EVI_VEH_REG_1707,True
PVL_1708,P_00267,VEH_1708,Registered_Owner,2024-01-01,2026-12-31,0.98,EVI_VEH_REG_1708,True
PVL_1709,P_01421,VEH_1709,Registered_Owner,2024-01-01,2026-12-31,0.98,EVI_VEH_REG_1709,True
PVL_1710,P_01375,VEH_1710,Registered_Owner,2024-01-01,2026-12-31,0.98,EVI_VEH_REG_1710,True
PVL_1711,P_02819,VEH_1711,Registered_Owner,2024-01-01,2026-12-31,0.98,EVI_VEH_REG_1711,True
PVL_1712,P_02692,VEH_1712,Registered_Owner,2024-01-01,2026-12-31,0.98,EVI_VEH_REG_1712,True
PVL_1713,P_02382,VEH_1713,Registered_Owner,2024-01-01,2026-12-31,0.98,EVI_VEH_REG_1713,True
PVL_1714,P_02461,VEH_1714,Registered_Owner,2024-01-01,2026-12-31,0.98,EVI_VEH_REG_1714,True
PVL_1715,P_04499,VEH_1715,Registered_Owner,2024-01-01,2026-12-31,0.98,EVI_VEH_REG_1715,True
PVL_1716,P_01035,VEH_1716,Registered_Owner,2024-01-01,2026-12-31,0.98,EVI_VEH_REG_1716,True
PVL_1717,P_02731,VEH_1717,Registered_Owner,2024-01-01,2026-12-31,0.98,EVI_VEH_REG_1717,True
PVL_1718,P_00966,VEH_1718,Registered_Owner,2024-01-01,2026-12-31,0.98,EVI_VEH_REG_1718,True
PVL_1719,P_03767,VEH_1719,Registered_Owner,2024-01-01,2026-12-31,0.98,EVI_VEH_REG_1719,True
PVL_1720,P_01494,VEH_1720,Registered_Owner,2024-01-01,2026-12-31,0.98,EVI_VEH_REG_1720,True
PVL_1721,P_04801,VEH_1721,Registered_Owner,2024-01-01,2026-12-31,0.98,EVI_VEH_REG_1721,True
PVL_1722,P_03946,VEH_1722,Registered_Owner,2024-01-01,2026-12-31,0.98,EVI_VEH_REG_1722,True
PVL_1723,P_03879,VEH_1723,Registered_Owner,2024-01-01,2026-12-31,0.98,EVI_VEH_REG_1723,True
PVL_1724,P_03139,VEH_1724,Registered_Owner,2024-01-01,2026-12-31,0.98,EVI_VEH_REG_1724,True
PVL_1725,P_03675,VEH_1725,Registered_Owner,2024-01-01,2026-12-31,0.98,EVI_VEH_REG_1725,True
PVL_1726,P_02584,VEH_1726,Registered_Owner,2024-01-01,2026-12-31,0.98,EVI_VEH_REG_1726,True
PVL_1727,P_02899,VEH_1727,Registered_Owner,2024-01-01,2026-12-31,0.98,EVI_VEH_REG_1727,True
PVL_1728,P_01144,VEH_1728,Registered_Owner,2024-01-01,2026-12-31,0.98,EVI_VEH_REG_1728,True
PVL_1729,P_03618,VEH_1729,Registered_Owner,2024-01-01,2026-12-31,0.98,EVI_VEH_REG_1729,True
PVL_1730,P_03067,VEH_1730,Registered_Owner,2024-01-01,2026-12-31,0.98,EVI_VEH_REG_1730,True
PVL_1731,P_02132,VEH_1731,Registered_Owner,2024-01-01,2026-12-31,0.98,EVI_VEH_REG_1731,True
PVL_1732,P_04043,VEH_1732,Registered_Owner,2024-01-01,2026-12-31,0.98,EVI_VEH_REG_1732,True
PVL_1733,P_01712,VEH_1733,Registered_Owner,2024-01-01,2026-12-31,0.98,EVI_VEH_REG_1733,True
PVL_1734,P_00781,VEH_1734,Registered_Owner,2024-01-01,2026-12-31,0.98,EVI_VEH_REG_1734,True
PVL_1735,P_02423,VEH_1735,Registered_Owner,2024-01-01,2026-12-31,0.98,EVI_VEH_REG_1735,True
PVL_1736,P_04416,VEH_1736,Registered_Owner,2024-01-01,2026-12-31,0.98,EVI_VEH_REG_1736,True
PVL_1737,P_01106,VEH_1737,Registered_Owner,2024-01-01,2026-12-31,0.98,EVI_VEH_REG_1737,True
PVL_1738,P_01027,VEH_1738,Registered_Owner,2024-01-01,2026-12-31,0.98,EVI_VEH_REG_1738,True
PVL_1739,P_00657,VEH_1739,Registered_Owner,2024-01-01,2026-12-31,0.98,EVI_VEH_REG_1739,True
PVL_1740,P_00871,VEH_1740,Registered_Owner,2024-01-01,2026-12-31,0.98,EVI_VEH_REG_1740,True
PVL_1741,P_02005,VEH_1741,Registered_Owner,2024-01-01,2026-12-31,0.98,EVI_VEH_REG_1741,True
PVL_1742,P_00105,VEH_1742,Registered_Owner,2024-01-01,2026-12-31,0.98,EVI_VEH_REG_1742,True
PVL_1743,P_02403,VEH_1743,Registered_Owner,2024-01-01,2026-12-31,0.98,EVI_VEH_REG_1743,True
PVL_1744,P_01395,VEH_1744,Registered_Owner,2024-01-01,2026-12-31,0.98,EVI_VEH_REG_1744,True
PVL_1745,P_00432,VEH_1745,Registered_Owner,2024-01-01,2026-12-31,0.98,EVI_VEH_REG_1745,True
PVL_1746,P_00154,VEH_1746,Registered_Owner,2024-01-01,2026-12-31,0.98,EVI_VEH_REG_1746,True
PVL_1747,P_02061,VEH_1747,Registered_Owner,2024-01-01,2026-12-31,0.98,EVI_VEH_REG_1747,True
PVL_1748,P_03799,VEH_1748,Registered_Owner,2024-01-01,2026-12-31,0.98,EVI_VEH_REG_1748,True
PVL_1749,P_03440,VEH_1749,Registered_Owner,2024-01-01,2026-12-31,0.98,EVI_VEH_REG_1749,True
PVL_1750,P_03277,VEH_1750,Registered_Owner,2024-01-01,2026-12-31,0.98,EVI_VEH_REG_1750,True
PVL_1751,P_03884,VEH_1751,Registered_Owner,2024-01-01,2026-12-31,0.98,EVI_VEH_REG_1751,True
PVL_1752,P_00085,VEH_1752,Registered_Owner,2024-01-01,2026-12-31,0.98,EVI_VEH_REG_1752,True
PVL_1753,P_03471,VEH_1753,Registered_Owner,2024-01-01,2026-12-31,0.98,EVI_VEH_REG_1753,True
PVL_1754,P_01685,VEH_1754,Registered_Owner,2024-01-01,2026-12-31,0.98,EVI_VEH_REG_1754,True
PVL_1755,P_00764,VEH_1755,Registered_Owner,2024-01-01,2026-12-31,0.98,EVI_VEH_REG_1755,True
PVL_1756,P_02859,VEH_1756,Registered_Owner,2024-01-01,2026-12-31,0.98,EVI_VEH_REG_1756,True
PVL_1757,P_03801,VEH_1757,Registered_Owner,2024-01-01,2026-12-31,0.98,EVI_VEH_REG_1757,True
PVL_1758,P_03457,VEH_1758,Registered_Owner,2024-01-01,2026-12-31,0.98,EVI_VEH_REG_1758,True
PVL_1759,P_03511,VEH_1759,Registered_Owner,2024-01-01,2026-12-31,0.98,EVI_VEH_REG_1759,True
PVL_1760,P_03616,VEH_1760,Registered_Owner,2024-01-01,2026-12-31,0.98,EVI_VEH_REG_1760,True
PVL_1761,P_01413,VEH_1761,Registered_Owner,2024-01-01,2026-12-31,0.98,EVI_VEH_REG_1761,True
PVL_1762,P_03648,VEH_1762,Registered_Owner,2024-01-01,2026-12-31,0.98,EVI_VEH_REG_1762,True
PVL_1763,P_01795,VEH_1763,Registered_Owner,2024-01-01,2026-12-31,0.98,EVI_VEH_REG_1763,True
PVL_1764,P_03185,VEH_1764,Registered_Owner,2024-01-01,2026-12-31,0.98,EVI_VEH_REG_1764,True
PVL_1765,P_02452,VEH_1765,Registered_Owner,2024-01-01,2026-12-31,0.98,EVI_VEH_REG_1765,True
PVL_1766,P_04652,VEH_1766,Registered_Owner,2024-01-01,2026-12-31,0.98,EVI_VEH_REG_1766,True
PVL_1767,P_02229,VEH_1767,Registered_Owner,2024-01-01,2026-12-31,0.98,EVI_VEH_REG_1767,True
PVL_1768,P_04200,VEH_1768,Registered_Owner,2024-01-01,2026-12-31,0.98,EVI_VEH_REG_1768,True
PVL_1769,P_03202,VEH_1769,Registered_Owner,2024-01-01,2026-12-31,0.98,EVI_VEH_REG_1769,True
PVL_1770,P_04765,VEH_1770,Registered_Owner,2024-01-01,2026-12-31,0.98,EVI_VEH_REG_1770,True
PVL_1771,P_02045,VEH_1771,Registered_Owner,2024-01-01,2026-12-31,0.98,EVI_VEH_REG_1771,True
PVL_1772,P_04377,VEH_1772,Registered_Owner,2024-01-01,2026-12-31,0.98,EVI_VEH_REG_1772,True
PVL_1773,P_04038,VEH_1773,Registered_Owner,2024-01-01,2026-12-31,0.98,EVI_VEH_REG_1773,True
PVL_1774,P_01077,VEH_1774,Registered_Owner,2024-01-01,2026-12-31,0.98,EVI_VEH_REG_1774,True
PVL_1775,P_02481,VEH_1775,Registered_Owner,2024-01-01,2026-12-31,0.98,EVI_VEH_REG_1775,True
PVL_1776,P_00490,VEH_1776,Registered_Owner,2024-01-01,2026-12-31,0.98,EVI_VEH_REG_1776,True
PVL_1777,P_00091,VEH_1777,Registered_Owner,2024-01-01,2026-12-31,0.98,EVI_VEH_REG_1777,True
PVL_1778,P_00168,VEH_1778,Registered_Owner,2024-01-01,2026-12-31,0.98,EVI_VEH_REG_1778,True
PVL_1779,P_02765,VEH_1779,Registered_Owner,2024-01-01,2026-12-31,0.98,EVI_VEH_REG_1779,True
PVL_1780,P_02061,VEH_1780,Registered_Owner,2024-01-01,2026-12-31,0.98,EVI_VEH_REG_1780,True
PVL_1781,P_03315,VEH_1781,Registered_Owner,2024-01-01,2026-12-31,0.98,EVI_VEH_REG_1781,True
PVL_1782,P_03362,VEH_1782,Registered_Owner,2024-01-01,2026-12-31,0.98,EVI_VEH_REG_1782,True
PVL_1783,P_03704,VEH_1783,Registered_Owner,2024-01-01,2026-12-31,0.98,EVI_VEH_REG_1783,True
PVL_1784,P_03173,VEH_1784,Registered_Owner,2024-01-01,2026-12-31,0.98,EVI_VEH_REG_1784,True
PVL_1785,P_04223,VEH_1785,Registered_Owner,2024-01-01,2026-12-31,0.98,EVI_VEH_REG_1785,True
PVL_1786,P_02028,VEH_1786,Registered_Owner,2024-01-01,2026-12-31,0.98,EVI_VEH_REG_1786,True
PVL_1787,P_04596,VEH_1787,Registered_Owner,2024-01-01,2026-12-31,0.98,EVI_VEH_REG_1787,True
PVL_1788,P_03336,VEH_1788,Registered_Owner,2024-01-01,2026-12-31,0.98,EVI_VEH_REG_1788,True
PVL_1789,P_01335,VEH_1789,Registered_Owner,2024-01-01,2026-12-31,0.98,EVI_VEH_REG_1789,True
PVL_1790,P_04266,VEH_1790,Registered_Owner,2024-01-01,2026-12-31,0.98,EVI_VEH_REG_1790,True
PVL_1791,P_04603,VEH_1791,Registered_Owner,2024-01-01,2026-12-31,0.98,EVI_VEH_REG_1791,True
PVL_1792,P_03799,VEH_1792,Registered_Owner,2024-01-01,2026-12-31,0.98,EVI_VEH_REG_1792,True
PVL_1793,P_02523,VEH_1793,Registered_Owner,2024-01-01,2026-12-31,0.98,EVI_VEH_REG_1793,True
PVL_1794,P_04845,VEH_1794,Registered_Owner,2024-01-01,2026-12-31,0.98,EVI_VEH_REG_1794,True
PVL_1795,P_04928,VEH_1795,Registered_Owner,2024-01-01,2026-12-31,0.98,EVI_VEH_REG_1795,True
PVL_1796,P_00220,VEH_1796,Registered_Owner,2024-01-01,2026-12-31,0.98,EVI_VEH_REG_1796,True
PVL_1797,P_01556,VEH_1797,Registered_Owner,2024-01-01,2026-12-31,0.98,EVI_VEH_REG_1797,True
PVL_1798,P_01901,VEH_1798,Registered_Owner,2024-01-01,2026-12-31,0.98,EVI_VEH_REG_1798,True
PVL_1799,P_04010,VEH_1799,Registered_Owner,2024-01-01,2026-12-31,0.98,EVI_VEH_REG_1799,True
PVL_1800,P_03088,VEH_1800,Registered_Owner,2024-01-01,2026-12-31,0.98,EVI_VEH_REG_1800,True
PVL_1801,P_00844,VEH_1801,Registered_Owner,2024-01-01,2026-12-31,0.98,EVI_VEH_REG_1801,True
PVL_1802,P_00764,VEH_1802,Registered_Owner,2024-01-01,2026-12-31,0.98,EVI_VEH_REG_1802,True
PVL_1803,P_03900,VEH_1803,Registered_Owner,2024-01-01,2026-12-31,0.98,EVI_VEH_REG_1803,True
PVL_1804,P_03656,VEH_1804,Registered_Owner,2024-01-01,2026-12-31,0.98,EVI_VEH_REG_1804,True
PVL_1805,P_00538,VEH_1805,Registered_Owner,2024-01-01,2026-12-31,0.98,EVI_VEH_REG_1805,True
PVL_1806,P_04508,VEH_1806,Registered_Owner,2024-01-01,2026-12-31,0.98,EVI_VEH_REG_1806,True
PVL_1807,P_00158,VEH_1807,Registered_Owner,2024-01-01,2026-12-31,0.98,EVI_VEH_REG_1807,True
PVL_1808,P_03826,VEH_1808,Registered_Owner,2024-01-01,2026-12-31,0.98,EVI_VEH_REG_1808,True
PVL_1809,P_04914,VEH_1809,Registered_Owner,2024-01-01,2026-12-31,0.98,EVI_VEH_REG_1809,True
PVL_1810,P_00128,VEH_1810,Registered_Owner,2024-01-01,2026-12-31,0.98,EVI_VEH_REG_1810,True
PVL_1811,P_00466,VEH_1811,Registered_Owner,2024-01-01,2026-12-31,0.98,EVI_VEH_REG_1811,True
PVL_1812,P_02255,VEH_1812,Registered_Owner,2024-01-01,2026-12-31,0.98,EVI_VEH_REG_1812,True
PVL_1813,P_02737,VEH_1813,Registered_Owner,2024-01-01,2026-12-31,0.98,EVI_VEH_REG_1813,True
PVL_1814,P_02492,VEH_1814,Registered_Owner,2024-01-01,2026-12-31,0.98,EVI_VEH_REG_1814,True
PVL_1815,P_01280,VEH_1815,Registered_Owner,2024-01-01,2026-12-31,0.98,EVI_VEH_REG_1815,True
PVL_1816,P_04669,VEH_1816,Registered_Owner,2024-01-01,2026-12-31,0.98,EVI_VEH_REG_1816,True
PVL_1817,P_04998,VEH_1817,Registered_Owner,2024-01-01,2026-12-31,0.98,EVI_VEH_REG_1817,True
PVL_1818,P_03076,VEH_1818,Registered_Owner,2024-01-01,2026-12-31,0.98,EVI_VEH_REG_1818,True
PVL_1819,P_02884,VEH_1819,Registered_Owner,2024-01-01,2026-12-31,0.98,EVI_VEH_REG_1819,True
PVL_1820,P_04461,VEH_1820,Registered_Owner,2024-01-01,2026-12-31,0.98,EVI_VEH_REG_1820,True
PVL_1821,P_03278,VEH_1821,Registered_Owner,2024-01-01,2026-12-31,0.98,EVI_VEH_REG_1821,True
PVL_1822,P_04179,VEH_1822,Registered_Owner,2024-01-01,2026-12-31,0.98,EVI_VEH_REG_1822,True
PVL_1823,P_01248,VEH_1823,Registered_Owner,2024-01-01,2026-12-31,0.98,EVI_VEH_REG_1823,True
PVL_1824,P_04951,VEH_1824,Registered_Owner,2024-01-01,2026-12-31,0.98,EVI_VEH_REG_1824,True
PVL_1825,P_04645,VEH_1825,Registered_Owner,2024-01-01,2026-12-31,0.98,EVI_VEH_REG_1825,True
PVL_1826,P_04955,VEH_1826,Registered_Owner,2024-01-01,2026-12-31,0.98,EVI_VEH_REG_1826,True
PVL_1827,P_03145,VEH_1827,Registered_Owner,2024-01-01,2026-12-31,0.98,EVI_VEH_REG_1827,True
PVL_1828,P_01450,VEH_1828,Registered_Owner,2024-01-01,2026-12-31,0.98,EVI_VEH_REG_1828,True
PVL_1829,P_04817,VEH_1829,Registered_Owner,2024-01-01,2026-12-31,0.98,EVI_VEH_REG_1829,True
PVL_1830,P_04555,VEH_1830,Registered_Owner,2024-01-01,2026-12-31,0.98,EVI_VEH_REG_1830,True
PVL_1831,P_02015,VEH_1831,Registered_Owner,2024-01-01,2026-12-31,0.98,EVI_VEH_REG_1831,True
PVL_1832,P_04981,VEH_1832,Registered_Owner,2024-01-01,2026-12-31,0.98,EVI_VEH_REG_1832,True
PVL_1833,P_01268,VEH_1833,Registered_Owner,2024-01-01,2026-12-31,0.98,EVI_VEH_REG_1833,True
PVL_1834,P_02486,VEH_1834,Registered_Owner,2024-01-01,2026-12-31,0.98,EVI_VEH_REG_1834,True
PVL_1835,P_01859,VEH_1835,Registered_Owner,2024-01-01,2026-12-31,0.98,EVI_VEH_REG_1835,True
PVL_1836,P_00969,VEH_1836,Registered_Owner,2024-01-01,2026-12-31,0.98,EVI_VEH_REG_1836,True
PVL_1837,P_04049,VEH_1837,Registered_Owner,2024-01-01,2026-12-31,0.98,EVI_VEH_REG_1837,True
PVL_1838,P_03144,VEH_1838,Registered_Owner,2024-01-01,2026-12-31,0.98,EVI_VEH_REG_1838,True
PVL_1839,P_00094,VEH_1839,Registered_Owner,2024-01-01,2026-12-31,0.98,EVI_VEH_REG_1839,True
PVL_1840,P_01497,VEH_1840,Registered_Owner,2024-01-01,2026-12-31,0.98,EVI_VEH_REG_1840,True
PVL_1841,P_03508,VEH_1841,Registered_Owner,2024-01-01,2026-12-31,0.98,EVI_VEH_REG_1841,True
PVL_1842,P_04657,VEH_1842,Registered_Owner,2024-01-01,2026-12-31,0.98,EVI_VEH_REG_1842,True
PVL_1843,P_03882,VEH_1843,Registered_Owner,2024-01-01,2026-12-31,0.98,EVI_VEH_REG_1843,True
PVL_1844,P_00824,VEH_1844,Registered_Owner,2024-01-01,2026-12-31,0.98,EVI_VEH_REG_1844,True
PVL_1845,P_02537,VEH_1845,Registered_Owner,2024-01-01,2026-12-31,0.98,EVI_VEH_REG_1845,True
PVL_1846,P_01848,VEH_1846,Registered_Owner,2024-01-01,2026-12-31,0.98,EVI_VEH_REG_1846,True
PVL_1847,P_00105,VEH_1847,Registered_Owner,2024-01-01,2026-12-31,0.98,EVI_VEH_REG_1847,True
PVL_1848,P_04162,VEH_1848,Registered_Owner,2024-01-01,2026-12-31,0.98,EVI_VEH_REG_1848,True
PVL_1849,P_00369,VEH_1849,Registered_Owner,2024-01-01,2026-12-31,0.98,EVI_VEH_REG_1849,True
PVL_1850,P_04840,VEH_1850,Registered_Owner,2024-01-01,2026-12-31,0.98,EVI_VEH_REG_1850,True
PVL_1851,P_02492,VEH_1851,Registered_Owner,2024-01-01,2026-12-31,0.98,EVI_VEH_REG_1851,True
PVL_1852,P_04506,VEH_1852,Registered_Owner,2024-01-01,2026-12-31,0.98,EVI_VEH_REG_1852,True
PVL_1853,P_01055,VEH_1853,Registered_Owner,2024-01-01,2026-12-31,0.98,EVI_VEH_REG_1853,True
PVL_1854,P_03388,VEH_1854,Registered_Owner,2024-01-01,2026-12-31,0.98,EVI_VEH_REG_1854,True
PVL_1855,P_04566,VEH_1855,Registered_Owner,2024-01-01,2026-12-31,0.98,EVI_VEH_REG_1855,True
PVL_1856,P_04859,VEH_1856,Registered_Owner,2024-01-01,2026-12-31,0.98,EVI_VEH_REG_1856,True
PVL_1857,P_04957,VEH_1857,Registered_Owner,2024-01-01,2026-12-31,0.98,EVI_VEH_REG_1857,True
PVL_1858,P_04058,VEH_1858,Registered_Owner,2024-01-01,2026-12-31,0.98,EVI_VEH_REG_1858,True
PVL_1859,P_03215,VEH_1859,Registered_Owner,2024-01-01,2026-12-31,0.98,EVI_VEH_REG_1859,True
PVL_1860,P_04126,VEH_1860,Registered_Owner,2024-01-01,2026-12-31,0.98,EVI_VEH_REG_1860,True
PVL_1861,P_02552,VEH_1861,Registered_Owner,2024-01-01,2026-12-31,0.98,EVI_VEH_REG_1861,True
PVL_1862,P_04950,VEH_1862,Registered_Owner,2024-01-01,2026-12-31,0.98,EVI_VEH_REG_1862,True
PVL_1863,P_03225,VEH_1863,Registered_Owner,2024-01-01,2026-12-31,0.98,EVI_VEH_REG_1863,True
PVL_1864,P_03272,VEH_1864,Registered_Owner,2024-01-01,2026-12-31,0.98,EVI_VEH_REG_1864,True
PVL_1865,P_03210,VEH_1865,Registered_Owner,2024-01-01,2026-12-31,0.98,EVI_VEH_REG_1865,True
PVL_1866,P_03583,VEH_1866,Registered_Owner,2024-01-01,2026-12-31,0.98,EVI_VEH_REG_1866,True
PVL_1867,P_01640,VEH_1867,Registered_Owner,2024-01-01,2026-12-31,0.98,EVI_VEH_REG_1867,True
PVL_1868,P_04218,VEH_1868,Registered_Owner,2024-01-01,2026-12-31,0.98,EVI_VEH_REG_1868,True
PVL_1869,P_03957,VEH_1869,Registered_Owner,2024-01-01,2026-12-31,0.98,EVI_VEH_REG_1869,True
PVL_1870,P_04027,VEH_1870,Registered_Owner,2024-01-01,2026-12-31,0.98,EVI_VEH_REG_1870,True
PVL_1871,P_03102,VEH_1871,Registered_Owner,2024-01-01,2026-12-31,0.98,EVI_VEH_REG_1871,True
PVL_1872,P_00386,VEH_1872,Registered_Owner,2024-01-01,2026-12-31,0.98,EVI_VEH_REG_1872,True
PVL_1873,P_04867,VEH_1873,Registered_Owner,2024-01-01,2026-12-31,0.98,EVI_VEH_REG_1873,True
PVL_1874,P_00149,VEH_1874,Registered_Owner,2024-01-01,2026-12-31,0.98,EVI_VEH_REG_1874,True
PVL_1875,P_03911,VEH_1875,Registered_Owner,2024-01-01,2026-12-31,0.98,EVI_VEH_REG_1875,True
PVL_1876,P_01128,VEH_1876,Registered_Owner,2024-01-01,2026-12-31,0.98,EVI_VEH_REG_1876,True
PVL_1877,P_04689,VEH_1877,Registered_Owner,2024-01-01,2026-12-31,0.98,EVI_VEH_REG_1877,True
PVL_1878,P_03344,VEH_1878,Registered_Owner,2024-01-01,2026-12-31,0.98,EVI_VEH_REG_1878,True
PVL_1879,P_00023,VEH_1879,Registered_Owner,2024-01-01,2026-12-31,0.98,EVI_VEH_REG_1879,True
PVL_1880,P_04476,VEH_1880,Registered_Owner,2024-01-01,2026-12-31,0.98,EVI_VEH_REG_1880,True
PVL_1881,P_00049,VEH_1881,Registered_Owner,2024-01-01,2026-12-31,0.98,EVI_VEH_REG_1881,True
PVL_1882,P_01938,VEH_1882,Registered_Owner,2024-01-01,2026-12-31,0.98,EVI_VEH_REG_1882,True
PVL_1883,P_00361,VEH_1883,Registered_Owner,2024-01-01,2026-12-31,0.98,EVI_VEH_REG_1883,True
PVL_1884,P_00066,VEH_1884,Registered_Owner,2024-01-01,2026-12-31,0.98,EVI_VEH_REG_1884,True
PVL_1885,P_01351,VEH_1885,Registered_Owner,2024-01-01,2026-12-31,0.98,EVI_VEH_REG_1885,True
PVL_1886,P_04984,VEH_1886,Registered_Owner,2024-01-01,2026-12-31,0.98,EVI_VEH_REG_1886,True
PVL_1887,P_04657,VEH_1887,Registered_Owner,2024-01-01,2026-12-31,0.98,EVI_VEH_REG_1887,True
PVL_1888,P_03215,VEH_1888,Registered_Owner,2024-01-01,2026-12-31,0.98,EVI_VEH_REG_1888,True
PVL_1889,P_03797,VEH_1889,Registered_Owner,2024-01-01,2026-12-31,0.98,EVI_VEH_REG_1889,True
PVL_1890,P_04838,VEH_1890,Registered_Owner,2024-01-01,2026-12-31,0.98,EVI_VEH_REG_1890,True
PVL_1891,P_02386,VEH_1891,Registered_Owner,2024-01-01,2026-12-31,0.98,EVI_VEH_REG_1891,True
PVL_1892,P_00990,VEH_1892,Registered_Owner,2024-01-01,2026-12-31,0.98,EVI_VEH_REG_1892,True
PVL_1893,P_02705,VEH_1893,Registered_Owner,2024-01-01,2026-12-31,0.98,EVI_VEH_REG_1893,True
PVL_1894,P_01011,VEH_1894,Registered_Owner,2024-01-01,2026-12-31,0.98,EVI_VEH_REG_1894,True
PVL_1895,P_00099,VEH_1895,Registered_Owner,2024-01-01,2026-12-31,0.98,EVI_VEH_REG_1895,True
PVL_1896,P_04035,VEH_1896,Registered_Owner,2024-01-01,2026-12-31,0.98,EVI_VEH_REG_1896,True
PVL_1897,P_03327,VEH_1897,Registered_Owner,2024-01-01,2026-12-31,0.98,EVI_VEH_REG_1897,True
PVL_1898,P_04225,VEH_1898,Registered_Owner,2024-01-01,2026-12-31,0.98,EVI_VEH_REG_1898,True
PVL_1899,P_03615,VEH_1899,Registered_Owner,2024-01-01,2026-12-31,0.98,EVI_VEH_REG_1899,True
PVL_1900,P_00443,VEH_1900,Registered_Owner,2024-01-01,2026-12-31,0.98,EVI_VEH_REG_1900,True
PVL_1901,P_02143,VEH_1901,Registered_Owner,2024-01-01,2026-12-31,0.98,EVI_VEH_REG_1901,True
PVL_1902,P_04647,VEH_1902,Registered_Owner,2024-01-01,2026-12-31,0.98,EVI_VEH_REG_1902,True
PVL_1903,P_00796,VEH_1903,Registered_Owner,2024-01-01,2026-12-31,0.98,EVI_VEH_REG_1903,True
PVL_1904,P_04692,VEH_1904,Registered_Owner,2024-01-01,2026-12-31,0.98,EVI_VEH_REG_1904,True
PVL_1905,P_03315,VEH_1905,Registered_Owner,2024-01-01,2026-12-31,0.98,EVI_VEH_REG_1905,True
PVL_1906,P_01596,VEH_1906,Registered_Owner,2024-01-01,2026-12-31,0.98,EVI_VEH_REG_1906,True
PVL_1907,P_03244,VEH_1907,Registered_Owner,2024-01-01,2026-12-31,0.98,EVI_VEH_REG_1907,True
PVL_1908,P_03918,VEH_1908,Registered_Owner,2024-01-01,2026-12-31,0.98,EVI_VEH_REG_1908,True
PVL_1909,P_04618,VEH_1909,Registered_Owner,2024-01-01,2026-12-31,0.98,EVI_VEH_REG_1909,True
PVL_1910,P_01778,VEH_1910,Registered_Owner,2024-01-01,2026-12-31,0.98,EVI_VEH_REG_1910,True
PVL_1911,P_01092,VEH_1911,Registered_Owner,2024-01-01,2026-12-31,0.98,EVI_VEH_REG_1911,True
PVL_1912,P_01525,VEH_1912,Registered_Owner,2024-01-01,2026-12-31,0.98,EVI_VEH_REG_1912,True
PVL_1913,P_03081,VEH_1913,Registered_Owner,2024-01-01,2026-12-31,0.98,EVI_VEH_REG_1913,True
PVL_1914,P_01834,VEH_1914,Registered_Owner,2024-01-01,2026-12-31,0.98,EVI_VEH_REG_1914,True
PVL_1915,P_04713,VEH_1915,Registered_Owner,2024-01-01,2026-12-31,0.98,EVI_VEH_REG_1915,True
PVL_1916,P_01868,VEH_1916,Registered_Owner,2024-01-01,2026-12-31,0.98,EVI_VEH_REG_1916,True
PVL_1917,P_00579,VEH_1917,Registered_Owner,2024-01-01,2026-12-31,0.98,EVI_VEH_REG_1917,True
PVL_1918,P_00689,VEH_1918,Registered_Owner,2024-01-01,2026-12-31,0.98,EVI_VEH_REG_1918,True
PVL_1919,P_03626,VEH_1919,Registered_Owner,2024-01-01,2026-12-31,0.98,EVI_VEH_REG_1919,True
PVL_1920,P_04515,VEH_1920,Registered_Owner,2024-01-01,2026-12-31,0.98,EVI_VEH_REG_1920,True
PVL_1921,P_02063,VEH_1921,Registered_Owner,2024-01-01,2026-12-31,0.98,EVI_VEH_REG_1921,True
PVL_1922,P_04133,VEH_1922,Registered_Owner,2024-01-01,2026-12-31,0.98,EVI_VEH_REG_1922,True
PVL_1923,P_04244,VEH_1923,Registered_Owner,2024-01-01,2026-12-31,0.98,EVI_VEH_REG_1923,True
PVL_1924,P_03629,VEH_1924,Registered_Owner,2024-01-01,2026-12-31,0.98,EVI_VEH_REG_1924,True
PVL_1925,P_02745,VEH_1925,Registered_Owner,2024-01-01,2026-12-31,0.98,EVI_VEH_REG_1925,True
PVL_1926,P_00695,VEH_1926,Registered_Owner,2024-01-01,2026-12-31,0.98,EVI_VEH_REG_1926,True
PVL_1927,P_04160,VEH_1927,Registered_Owner,2024-01-01,2026-12-31,0.98,EVI_VEH_REG_1927,True
PVL_1928,P_04244,VEH_1928,Registered_Owner,2024-01-01,2026-12-31,0.98,EVI_VEH_REG_1928,True
PVL_1929,P_03521,VEH_1929,Registered_Owner,2024-01-01,2026-12-31,0.98,EVI_VEH_REG_1929,True
PVL_1930,P_04261,VEH_1930,Registered_Owner,2024-01-01,2026-12-31,0.98,EVI_VEH_REG_1930,True
PVL_1931,P_02365,VEH_1931,Registered_Owner,2024-01-01,2026-12-31,0.98,EVI_VEH_REG_1931,True
PVL_1932,P_00856,VEH_1932,Registered_Owner,2024-01-01,2026-12-31,0.98,EVI_VEH_REG_1932,True
PVL_1933,P_02324,VEH_1933,Registered_Owner,2024-01-01,2026-12-31,0.98,EVI_VEH_REG_1933,True
PVL_1934,P_04828,VEH_1934,Registered_Owner,2024-01-01,2026-12-31,0.98,EVI_VEH_REG_1934,True
PVL_1935,P_03416,VEH_1935,Registered_Owner,2024-01-01,2026-12-31,0.98,EVI_VEH_REG_1935,True
PVL_1936,P_03122,VEH_1936,Registered_Owner,2024-01-01,2026-12-31,0.98,EVI_VEH_REG_1936,True
PVL_1937,P_00612,VEH_1937,Registered_Owner,2024-01-01,2026-12-31,0.98,EVI_VEH_REG_1937,True
PVL_1938,P_02109,VEH_1938,Registered_Owner,2024-01-01,2026-12-31,0.98,EVI_VEH_REG_1938,True
PVL_1939,P_01339,VEH_1939,Registered_Owner,2024-01-01,2026-12-31,0.98,EVI_VEH_REG_1939,True
PVL_1940,P_02008,VEH_1940,Registered_Owner,2024-01-01,2026-12-31,0.98,EVI_VEH_REG_1940,True
PVL_1941,P_00527,VEH_1941,Registered_Owner,2024-01-01,2026-12-31,0.98,EVI_VEH_REG_1941,True
PVL_1942,P_00474,VEH_1942,Registered_Owner,2024-01-01,2026-12-31,0.98,EVI_VEH_REG_1942,True
PVL_1943,P_00406,VEH_1943,Registered_Owner,2024-01-01,2026-12-31,0.98,EVI_VEH_REG_1943,True
PVL_1944,P_03284,VEH_1944,Registered_Owner,2024-01-01,2026-12-31,0.98,EVI_VEH_REG_1944,True
PVL_1945,P_03207,VEH_1945,Registered_Owner,2024-01-01,2026-12-31,0.98,EVI_VEH_REG_1945,True
PVL_1946,P_01580,VEH_1946,Registered_Owner,2024-01-01,2026-12-31,0.98,EVI_VEH_REG_1946,True
PVL_1947,P_01650,VEH_1947,Registered_Owner,2024-01-01,2026-12-31,0.98,EVI_VEH_REG_1947,True
PVL_1948,P_03418,VEH_1948,Registered_Owner,2024-01-01,2026-12-31,0.98,EVI_VEH_REG_1948,True
PVL_1949,P_02920,VEH_1949,Registered_Owner,2024-01-01,2026-12-31,0.98,EVI_VEH_REG_1949,True
PVL_1950,P_04186,VEH_1950,Registered_Owner,2024-01-01,2026-12-31,0.98,EVI_VEH_REG_1950,True
PVL_1951,P_00819,VEH_1951,Registered_Owner,2024-01-01,2026-12-31,0.98,EVI_VEH_REG_1951,True
PVL_1952,P_03166,VEH_1952,Registered_Owner,2024-01-01,2026-12-31,0.98,EVI_VEH_REG_1952,True
PVL_1953,P_02434,VEH_1953,Registered_Owner,2024-01-01,2026-12-31,0.98,EVI_VEH_REG_1953,True
PVL_1954,P_00873,VEH_1954,Registered_Owner,2024-01-01,2026-12-31,0.98,EVI_VEH_REG_1954,True
PVL_1955,P_04293,VEH_1955,Registered_Owner,2024-01-01,2026-12-31,0.98,EVI_VEH_REG_1955,True
PVL_1956,P_04432,VEH_1956,Registered_Owner,2024-01-01,2026-12-31,0.98,EVI_VEH_REG_1956,True
PVL_1957,P_03850,VEH_1957,Registered_Owner,2024-01-01,2026-12-31,0.98,EVI_VEH_REG_1957,True
PVL_1958,P_00374,VEH_1958,Registered_Owner,2024-01-01,2026-12-31,0.98,EVI_VEH_REG_1958,True
PVL_1959,P_01421,VEH_1959,Registered_Owner,2024-01-01,2026-12-31,0.98,EVI_VEH_REG_1959,True
PVL_1960,P_00250,VEH_1960,Registered_Owner,2024-01-01,2026-12-31,0.98,EVI_VEH_REG_1960,True
PVL_1961,P_00543,VEH_1961,Registered_Owner,2024-01-01,2026-12-31,0.98,EVI_VEH_REG_1961,True
PVL_1962,P_01106,VEH_1962,Registered_Owner,2024-01-01,2026-12-31,0.98,EVI_VEH_REG_1962,True
PVL_1963,P_02971,VEH_1963,Registered_Owner,2024-01-01,2026-12-31,0.98,EVI_VEH_REG_1963,True
PVL_1964,P_03802,VEH_1964,Registered_Owner,2024-01-01,2026-12-31,0.98,EVI_VEH_REG_1964,True
PVL_1965,P_04270,VEH_1965,Registered_Owner,2024-01-01,2026-12-31,0.98,EVI_VEH_REG_1965,True
PVL_1966,P_00155,VEH_1966,Registered_Owner,2024-01-01,2026-12-31,0.98,EVI_VEH_REG_1966,True
PVL_1967,P_03541,VEH_1967,Registered_Owner,2024-01-01,2026-12-31,0.98,EVI_VEH_REG_1967,True
PVL_1968,P_01911,VEH_1968,Registered_Owner,2024-01-01,2026-12-31,0.98,EVI_VEH_REG_1968,True
PVL_1969,P_04361,VEH_1969,Registered_Owner,2024-01-01,2026-12-31,0.98,EVI_VEH_REG_1969,True
PVL_1970,P_01259,VEH_1970,Registered_Owner,2024-01-01,2026-12-31,0.98,EVI_VEH_REG_1970,True
PVL_1971,P_02389,VEH_1971,Registered_Owner,2024-01-01,2026-12-31,0.98,EVI_VEH_REG_1971,True
PVL_1972,P_00547,VEH_1972,Registered_Owner,2024-01-01,2026-12-31,0.98,EVI_VEH_REG_1972,True
PVL_1973,P_00031,VEH_1973,Registered_Owner,2024-01-01,2026-12-31,0.98,EVI_VEH_REG_1973,True
PVL_1974,P_02313,VEH_1974,Registered_Owner,2024-01-01,2026-12-31,0.98,EVI_VEH_REG_1974,True
PVL_1975,P_03518,VEH_1975,Registered_Owner,2024-01-01,2026-12-31,0.98,EVI_VEH_REG_1975,True
PVL_1976,P_03763,VEH_1976,Registered_Owner,2024-01-01,2026-12-31,0.98,EVI_VEH_REG_1976,True
PVL_1977,P_01577,VEH_1977,Registered_Owner,2024-01-01,2026-12-31,0.98,EVI_VEH_REG_1977,True
PVL_1978,P_03044,VEH_1978,Registered_Owner,2024-01-01,2026-12-31,0.98,EVI_VEH_REG_1978,True
PVL_1979,P_04027,VEH_1979,Registered_Owner,2024-01-01,2026-12-31,0.98,EVI_VEH_REG_1979,True
PVL_1980,P_04614,VEH_1980,Registered_Owner,2024-01-01,2026-12-31,0.98,EVI_VEH_REG_1980,True
PVL_1981,P_01252,VEH_1981,Registered_Owner,2024-01-01,2026-12-31,0.98,EVI_VEH_REG_1981,True
PVL_1982,P_03689,VEH_1982,Registered_Owner,2024-01-01,2026-12-31,0.98,EVI_VEH_REG_1982,True
PVL_1983,P_00295,VEH_1983,Registered_Owner,2024-01-01,2026-12-31,0.98,EVI_VEH_REG_1983,True
PVL_1984,P_00456,VEH_1984,Registered_Owner,2024-01-01,2026-12-31,0.98,EVI_VEH_REG_1984,True
PVL_1985,P_03647,VEH_1985,Registered_Owner,2024-01-01,2026-12-31,0.98,EVI_VEH_REG_1985,True
PVL_1986,P_04058,VEH_1986,Registered_Owner,2024-01-01,2026-12-31,0.98,EVI_VEH_REG_1986,True
PVL_1987,P_04778,VEH_1987,Registered_Owner,2024-01-01,2026-12-31,0.98,EVI_VEH_REG_1987,True
PVL_1988,P_03028,VEH_1988,Registered_Owner,2024-01-01,2026-12-31,0.98,EVI_VEH_REG_1988,True
PVL_1989,P_04510,VEH_1989,Registered_Owner,2024-01-01,2026-12-31,0.98,EVI_VEH_REG_1989,True
PVL_1990,P_03924,VEH_1990,Registered_Owner,2024-01-01,2026-12-31,0.98,EVI_VEH_REG_1990,True
PVL_1991,P_00939,VEH_1991,Registered_Owner,2024-01-01,2026-12-31,0.98,EVI_VEH_REG_1991,True
PVL_1992,P_01268,VEH_1992,Registered_Owner,2024-01-01,2026-12-31,0.98,EVI_VEH_REG_1992,True
PVL_1993,P_00058,VEH_1993,Registered_Owner,2024-01-01,2026-12-31,0.98,EVI_VEH_REG_1993,True
PVL_1994,P_00971,VEH_1994,Registered_Owner,2024-01-01,2026-12-31,0.98,EVI_VEH_REG_1994,True
PVL_1995,P_01180,VEH_1995,Registered_Owner,2024-01-01,2026-12-31,0.98,EVI_VEH_REG_1995,True
PVL_1996,P_03578,VEH_1996,Registered_Owner,2024-01-01,2026-12-31,0.98,EVI_VEH_REG_1996,True
PVL_1997,P_00363,VEH_1997,Registered_Owner,2024-01-01,2026-12-31,0.98,EVI_VEH_REG_1997,True
PVL_1998,P_01846,VEH_1998,Registered_Owner,2024-01-01,2026-12-31,0.98,EVI_VEH_REG_1998,True
PVL_1999,P_01935,VEH_1999,Registered_Owner,2024-01-01,2026-12-31,0.98,EVI_VEH_REG_1999,True
PVL_2000,P_02646,VEH_2000,Registered_Owner,2024-01-01,2026-12-31,0.98,EVI_VEH_REG_2000,True
PVL_2001,P_00269,VEH_2001,Registered_Owner,2024-01-01,2026-12-31,0.98,EVI_VEH_REG_2001,True
PVL_2002,P_04328,VEH_2002,Registered_Owner,2024-01-01,2026-12-31,0.98,EVI_VEH_REG_2002,True
PVL_2003,P_01715,VEH_2003,Registered_Owner,2024-01-01,2026-12-31,0.98,EVI_VEH_REG_2003,True
PVL_2004,P_00839,VEH_2004,Registered_Owner,2024-01-01,2026-12-31,0.98,EVI_VEH_REG_2004,True
PVL_2005,P_03282,VEH_2005,Registered_Owner,2024-01-01,2026-12-31,0.98,EVI_VEH_REG_2005,True
PVL_2006,P_00307,VEH_2006,Registered_Owner,2024-01-01,2026-12-31,0.98,EVI_VEH_REG_2006,True
PVL_2007,P_02027,VEH_2007,Registered_Owner,2024-01-01,2026-12-31,0.98,EVI_VEH_REG_2007,True
PVL_2008,P_04707,VEH_2008,Registered_Owner,2024-01-01,2026-12-31,0.98,EVI_VEH_REG_2008,True
PVL_2009,P_02491,VEH_2009,Registered_Owner,2024-01-01,2026-12-31,0.98,EVI_VEH_REG_2009,True
PVL_2010,P_01792,VEH_2010,Registered_Owner,2024-01-01,2026-12-31,0.98,EVI_VEH_REG_2010,True
PVL_2011,P_02999,VEH_2011,Registered_Owner,2024-01-01,2026-12-31,0.98,EVI_VEH_REG_2011,True
PVL_2012,P_01914,VEH_2012,Registered_Owner,2024-01-01,2026-12-31,0.98,EVI_VEH_REG_2012,True
PVL_2013,P_01120,VEH_2013,Registered_Owner,2024-01-01,2026-12-31,0.98,EVI_VEH_REG_2013,True
PVL_2014,P_01858,VEH_2014,Registered_Owner,2024-01-01,2026-12-31,0.98,EVI_VEH_REG_2014,True
PVL_2015,P_04506,VEH_2015,Registered_Owner,2024-01-01,2026-12-31,0.98,EVI_VEH_REG_2015,True
PVL_2016,P_03823,VEH_2016,Registered_Owner,2024-01-01,2026-12-31,0.98,EVI_VEH_REG_2016,True
PVL_2017,P_03185,VEH_2017,Registered_Owner,2024-01-01,2026-12-31,0.98,EVI_VEH_REG_2017,True
PVL_2018,P_02370,VEH_2018,Registered_Owner,2024-01-01,2026-12-31,0.98,EVI_VEH_REG_2018,True
PVL_2019,P_03480,VEH_2019,Registered_Owner,2024-01-01,2026-12-31,0.98,EVI_VEH_REG_2019,True
PVL_2020,P_00631,VEH_2020,Registered_Owner,2024-01-01,2026-12-31,0.98,EVI_VEH_REG_2020,True
PVL_2021,P_01868,VEH_2021,Registered_Owner,2024-01-01,2026-12-31,0.98,EVI_VEH_REG_2021,True
PVL_2022,P_04608,VEH_2022,Registered_Owner,2024-01-01,2026-12-31,0.98,EVI_VEH_REG_2022,True
PVL_2023,P_04488,VEH_2023,Registered_Owner,2024-01-01,2026-12-31,0.98,EVI_VEH_REG_2023,True
PVL_2024,P_01242,VEH_2024,Registered_Owner,2024-01-01,2026-12-31,0.98,EVI_VEH_REG_2024,True
PVL_2025,P_01534,VEH_2025,Registered_Owner,2024-01-01,2026-12-31,0.98,EVI_VEH_REG_2025,True
PVL_2026,P_01009,VEH_2026,Registered_Owner,2024-01-01,2026-12-31,0.98,EVI_VEH_REG_2026,True
PVL_2027,P_02568,VEH_2027,Registered_Owner,2024-01-01,2026-12-31,0.98,EVI_VEH_REG_2027,True
PVL_2028,P_01049,VEH_2028,Registered_Owner,2024-01-01,2026-12-31,0.98,EVI_VEH_REG_2028,True
PVL_2029,P_01711,VEH_2029,Registered_Owner,2024-01-01,2026-12-31,0.98,EVI_VEH_REG_2029,True
PVL_2030,P_00133,VEH_2030,Registered_Owner,2024-01-01,2026-12-31,0.98,EVI_VEH_REG_2030,True
PVL_2031,P_02042,VEH_2031,Registered_Owner,2024-01-01,2026-12-31,0.98,EVI_VEH_REG_2031,True
PVL_2032,P_02058,VEH_2032,Registered_Owner,2024-01-01,2026-12-31,0.98,EVI_VEH_REG_2032,True
PVL_2033,P_02517,VEH_2033,Registered_Owner,2024-01-01,2026-12-31,0.98,EVI_VEH_REG_2033,True
PVL_2034,P_04107,VEH_2034,Registered_Owner,2024-01-01,2026-12-31,0.98,EVI_VEH_REG_2034,True
PVL_2035,P_02744,VEH_2035,Registered_Owner,2024-01-01,2026-12-31,0.98,EVI_VEH_REG_2035,True
PVL_2036,P_03078,VEH_2036,Registered_Owner,2024-01-01,2026-12-31,0.98,EVI_VEH_REG_2036,True
PVL_2037,P_02650,VEH_2037,Registered_Owner,2024-01-01,2026-12-31,0.98,EVI_VEH_REG_2037,True
PVL_2038,P_02269,VEH_2038,Registered_Owner,2024-01-01,2026-12-31,0.98,EVI_VEH_REG_2038,True
PVL_2039,P_04466,VEH_2039,Registered_Owner,2024-01-01,2026-12-31,0.98,EVI_VEH_REG_2039,True
PVL_2040,P_00542,VEH_2040,Registered_Owner,2024-01-01,2026-12-31,0.98,EVI_VEH_REG_2040,True
PVL_2041,P_03951,VEH_2041,Registered_Owner,2024-01-01,2026-12-31,0.98,EVI_VEH_REG_2041,True
PVL_2042,P_02184,VEH_2042,Registered_Owner,2024-01-01,2026-12-31,0.98,EVI_VEH_REG_2042,True
PVL_2043,P_00521,VEH_2043,Registered_Owner,2024-01-01,2026-12-31,0.98,EVI_VEH_REG_2043,True
PVL_2044,P_03612,VEH_2044,Registered_Owner,2024-01-01,2026-12-31,0.98,EVI_VEH_REG_2044,True
PVL_2045,P_03064,VEH_2045,Registered_Owner,2024-01-01,2026-12-31,0.98,EVI_VEH_REG_2045,True
PVL_2046,P_00703,VEH_2046,Registered_Owner,2024-01-01,2026-12-31,0.98,EVI_VEH_REG_2046,True
PVL_2047,P_01875,VEH_2047,Registered_Owner,2024-01-01,2026-12-31,0.98,EVI_VEH_REG_2047,True
PVL_2048,P_03981,VEH_2048,Registered_Owner,2024-01-01,2026-12-31,0.98,EVI_VEH_REG_2048,True
PVL_2049,P_02623,VEH_2049,Registered_Owner,2024-01-01,2026-12-31,0.98,EVI_VEH_REG_2049,True
PVL_2050,P_04085,VEH_2050,Registered_Owner,2024-01-01,2026-12-31,0.98,EVI_VEH_REG_2050,True
PVL_2051,P_00591,VEH_2051,Registered_Owner,2024-01-01,2026-12-31,0.98,EVI_VEH_REG_2051,True
PVL_2052,P_00273,VEH_2052,Registered_Owner,2024-01-01,2026-12-31,0.98,EVI_VEH_REG_2052,True
PVL_2053,P_02747,VEH_2053,Registered_Owner,2024-01-01,2026-12-31,0.98,EVI_VEH_REG_2053,True
PVL_2054,P_02410,VEH_2054,Registered_Owner,2024-01-01,2026-12-31,0.98,EVI_VEH_REG_2054,True
PVL_2055,P_03936,VEH_2055,Registered_Owner,2024-01-01,2026-12-31,0.98,EVI_VEH_REG_2055,True
PVL_2056,P_00157,VEH_2056,Registered_Owner,2024-01-01,2026-12-31,0.98,EVI_VEH_REG_2056,True
PVL_2057,P_01055,VEH_2057,Registered_Owner,2024-01-01,2026-12-31,0.98,EVI_VEH_REG_2057,True
PVL_2058,P_04810,VEH_2058,Registered_Owner,2024-01-01,2026-12-31,0.98,EVI_VEH_REG_2058,True
PVL_2059,P_00226,VEH_2059,Registered_Owner,2024-01-01,2026-12-31,0.98,EVI_VEH_REG_2059,True
PVL_2060,P_02146,VEH_2060,Registered_Owner,2024-01-01,2026-12-31,0.98,EVI_VEH_REG_2060,True
PVL_2061,P_02979,VEH_2061,Registered_Owner,2024-01-01,2026-12-31,0.98,EVI_VEH_REG_2061,True
PVL_2062,P_01993,VEH_2062,Registered_Owner,2024-01-01,2026-12-31,0.98,EVI_VEH_REG_2062,True
PVL_2063,P_01035,VEH_2063,Registered_Owner,2024-01-01,2026-12-31,0.98,EVI_VEH_REG_2063,True
PVL_2064,P_03508,VEH_2064,Registered_Owner,2024-01-01,2026-12-31,0.98,EVI_VEH_REG_2064,True
PVL_2065,P_02241,VEH_2065,Registered_Owner,2024-01-01,2026-12-31,0.98,EVI_VEH_REG_2065,True
PVL_2066,P_03583,VEH_2066,Registered_Owner,2024-01-01,2026-12-31,0.98,EVI_VEH_REG_2066,True
PVL_2067,P_04693,VEH_2067,Registered_Owner,2024-01-01,2026-12-31,0.98,EVI_VEH_REG_2067,True
PVL_2068,P_00755,VEH_2068,Registered_Owner,2024-01-01,2026-12-31,0.98,EVI_VEH_REG_2068,True
PVL_2069,P_02724,VEH_2069,Registered_Owner,2024-01-01,2026-12-31,0.98,EVI_VEH_REG_2069,True
PVL_2070,P_02066,VEH_2070,Registered_Owner,2024-01-01,2026-12-31,0.98,EVI_VEH_REG_2070,True
PVL_2071,P_03873,VEH_2071,Registered_Owner,2024-01-01,2026-12-31,0.98,EVI_VEH_REG_2071,True
PVL_2072,P_02412,VEH_2072,Registered_Owner,2024-01-01,2026-12-31,0.98,EVI_VEH_REG_2072,True
PVL_2073,P_02770,VEH_2073,Registered_Owner,2024-01-01,2026-12-31,0.98,EVI_VEH_REG_2073,True
PVL_2074,P_04724,VEH_2074,Registered_Owner,2024-01-01,2026-12-31,0.98,EVI_VEH_REG_2074,True
PVL_2075,P_04853,VEH_2075,Registered_Owner,2024-01-01,2026-12-31,0.98,EVI_VEH_REG_2075,True
PVL_2076,P_03428,VEH_2076,Registered_Owner,2024-01-01,2026-12-31,0.98,EVI_VEH_REG_2076,True
PVL_2077,P_03366,VEH_2077,Registered_Owner,2024-01-01,2026-12-31,0.98,EVI_VEH_REG_2077,True
PVL_2078,P_03383,VEH_2078,Registered_Owner,2024-01-01,2026-12-31,0.98,EVI_VEH_REG_2078,True
PVL_2079,P_04836,VEH_2079,Registered_Owner,2024-01-01,2026-12-31,0.98,EVI_VEH_REG_2079,True
PVL_2080,P_03402,VEH_2080,Registered_Owner,2024-01-01,2026-12-31,0.98,EVI_VEH_REG_2080,True
PVL_2081,P_00832,VEH_2081,Registered_Owner,2024-01-01,2026-12-31,0.98,EVI_VEH_REG_2081,True
PVL_2082,P_02054,VEH_2082,Registered_Owner,2024-01-01,2026-12-31,0.98,EVI_VEH_REG_2082,True
PVL_2083,P_03863,VEH_2083,Registered_Owner,2024-01-01,2026-12-31,0.98,EVI_VEH_REG_2083,True
PVL_2084,P_04538,VEH_2084,Registered_Owner,2024-01-01,2026-12-31,0.98,EVI_VEH_REG_2084,True
PVL_2085,P_00966,VEH_2085,Registered_Owner,2024-01-01,2026-12-31,0.98,EVI_VEH_REG_2085,True
PVL_2086,P_03622,VEH_2086,Registered_Owner,2024-01-01,2026-12-31,0.98,EVI_VEH_REG_2086,True
PVL_2087,P_03184,VEH_2087,Registered_Owner,2024-01-01,2026-12-31,0.98,EVI_VEH_REG_2087,True
PVL_2088,P_03769,VEH_2088,Registered_Owner,2024-01-01,2026-12-31,0.98,EVI_VEH_REG_2088,True
PVL_2089,P_01764,VEH_2089,Registered_Owner,2024-01-01,2026-12-31,0.98,EVI_VEH_REG_2089,True
PVL_2090,P_01488,VEH_2090,Registered_Owner,2024-01-01,2026-12-31,0.98,EVI_VEH_REG_2090,True
PVL_2091,P_03699,VEH_2091,Registered_Owner,2024-01-01,2026-12-31,0.98,EVI_VEH_REG_2091,True
PVL_2092,P_01808,VEH_2092,Registered_Owner,2024-01-01,2026-12-31,0.98,EVI_VEH_REG_2092,True
PVL_2093,P_04680,VEH_2093,Registered_Owner,2024-01-01,2026-12-31,0.98,EVI_VEH_REG_2093,True
PVL_2094,P_04794,VEH_2094,Registered_Owner,2024-01-01,2026-12-31,0.98,EVI_VEH_REG_2094,True
PVL_2095,P_03902,VEH_2095,Registered_Owner,2024-01-01,2026-12-31,0.98,EVI_VEH_REG_2095,True
PVL_2096,P_00823,VEH_2096,Registered_Owner,2024-01-01,2026-12-31,0.98,EVI_VEH_REG_2096,True
PVL_2097,P_00509,VEH_2097,Registered_Owner,2024-01-01,2026-12-31,0.98,EVI_VEH_REG_2097,True
PVL_2098,P_04056,VEH_2098,Registered_Owner,2024-01-01,2026-12-31,0.98,EVI_VEH_REG_2098,True
PVL_2099,P_00205,VEH_2099,Registered_Owner,2024-01-01,2026-12-31,0.98,EVI_VEH_REG_2099,True
PVL_2100,P_04435,VEH_2100,Registered_Owner,2024-01-01,2026-12-31,0.98,EVI_VEH_REG_2100,True
PVL_2101,P_00593,VEH_2101,Registered_Owner,2024-01-01,2026-12-31,0.98,EVI_VEH_REG_2101,True
PVL_2102,P_04208,VEH_2102,Registered_Owner,2024-01-01,2026-12-31,0.98,EVI_VEH_REG_2102,True
PVL_2103,P_02616,VEH_2103,Registered_Owner,2024-01-01,2026-12-31,0.98,EVI_VEH_REG_2103,True
PVL_2104,P_03979,VEH_2104,Registered_Owner,2024-01-01,2026-12-31,0.98,EVI_VEH_REG_2104,True
PVL_2105,P_03937,VEH_2105,Registered_Owner,2024-01-01,2026-12-31,0.98,EVI_VEH_REG_2105,True
PVL_2106,P_04776,VEH_2106,Registered_Owner,2024-01-01,2026-12-31,0.98,EVI_VEH_REG_2106,True
PVL_2107,P_01324,VEH_2107,Registered_Owner,2024-01-01,2026-12-31,0.98,EVI_VEH_REG_2107,True
PVL_2108,P_02499,VEH_2108,Registered_Owner,2024-01-01,2026-12-31,0.98,EVI_VEH_REG_2108,True
PVL_2109,P_03573,VEH_2109,Registered_Owner,2024-01-01,2026-12-31,0.98,EVI_VEH_REG_2109,True
PVL_2110,P_04958,VEH_2110,Registered_Owner,2024-01-01,2026-12-31,0.98,EVI_VEH_REG_2110,True
PVL_2111,P_02020,VEH_2111,Registered_Owner,2024-01-01,2026-12-31,0.98,EVI_VEH_REG_2111,True
PVL_2112,P_02092,VEH_2112,Registered_Owner,2024-01-01,2026-12-31,0.98,EVI_VEH_REG_2112,True
PVL_2113,P_00676,VEH_2113,Registered_Owner,2024-01-01,2026-12-31,0.98,EVI_VEH_REG_2113,True
PVL_2114,P_03183,VEH_2114,Registered_Owner,2024-01-01,2026-12-31,0.98,EVI_VEH_REG_2114,True
PVL_2115,P_02648,VEH_2115,Registered_Owner,2024-01-01,2026-12-31,0.98,EVI_VEH_REG_2115,True
PVL_2116,P_02977,VEH_2116,Registered_Owner,2024-01-01,2026-12-31,0.98,EVI_VEH_REG_2116,True
PVL_2117,P_04893,VEH_2117,Registered_Owner,2024-01-01,2026-12-31,0.98,EVI_VEH_REG_2117,True
PVL_2118,P_04953,VEH_2118,Registered_Owner,2024-01-01,2026-12-31,0.98,EVI_VEH_REG_2118,True
PVL_2119,P_00251,VEH_2119,Registered_Owner,2024-01-01,2026-12-31,0.98,EVI_VEH_REG_2119,True
PVL_2120,P_03699,VEH_2120,Registered_Owner,2024-01-01,2026-12-31,0.98,EVI_VEH_REG_2120,True
PVL_2121,P_01194,VEH_2121,Registered_Owner,2024-01-01,2026-12-31,0.98,EVI_VEH_REG_2121,True
PVL_2122,P_03312,VEH_2122,Registered_Owner,2024-01-01,2026-12-31,0.98,EVI_VEH_REG_2122,True
PVL_2123,P_03903,VEH_2123,Registered_Owner,2024-01-01,2026-12-31,0.98,EVI_VEH_REG_2123,True
PVL_2124,P_01823,VEH_2124,Registered_Owner,2024-01-01,2026-12-31,0.98,EVI_VEH_REG_2124,True
PVL_2125,P_02184,VEH_2125,Registered_Owner,2024-01-01,2026-12-31,0.98,EVI_VEH_REG_2125,True
PVL_2126,P_03374,VEH_2126,Registered_Owner,2024-01-01,2026-12-31,0.98,EVI_VEH_REG_2126,True
PVL_2127,P_01111,VEH_2127,Registered_Owner,2024-01-01,2026-12-31,0.98,EVI_VEH_REG_2127,True
PVL_2128,P_00998,VEH_2128,Registered_Owner,2024-01-01,2026-12-31,0.98,EVI_VEH_REG_2128,True
PVL_2129,P_01434,VEH_2129,Registered_Owner,2024-01-01,2026-12-31,0.98,EVI_VEH_REG_2129,True
PVL_2130,P_04406,VEH_2130,Registered_Owner,2024-01-01,2026-12-31,0.98,EVI_VEH_REG_2130,True
PVL_2131,P_00011,VEH_2131,Registered_Owner,2024-01-01,2026-12-31,0.98,EVI_VEH_REG_2131,True
PVL_2132,P_04959,VEH_2132,Registered_Owner,2024-01-01,2026-12-31,0.98,EVI_VEH_REG_2132,True
PVL_2133,P_02843,VEH_2133,Registered_Owner,2024-01-01,2026-12-31,0.98,EVI_VEH_REG_2133,True
PVL_2134,P_01350,VEH_2134,Registered_Owner,2024-01-01,2026-12-31,0.98,EVI_VEH_REG_2134,True
PVL_2135,P_04105,VEH_2135,Registered_Owner,2024-01-01,2026-12-31,0.98,EVI_VEH_REG_2135,True
PVL_2136,P_04024,VEH_2136,Registered_Owner,2024-01-01,2026-12-31,0.98,EVI_VEH_REG_2136,True
PVL_2137,P_01988,VEH_2137,Registered_Owner,2024-01-01,2026-12-31,0.98,EVI_VEH_REG_2137,True
PVL_2138,P_00784,VEH_2138,Registered_Owner,2024-01-01,2026-12-31,0.98,EVI_VEH_REG_2138,True
PVL_2139,P_01056,VEH_2139,Registered_Owner,2024-01-01,2026-12-31,0.98,EVI_VEH_REG_2139,True
PVL_2140,P_00185,VEH_2140,Registered_Owner,2024-01-01,2026-12-31,0.98,EVI_VEH_REG_2140,True
PVL_2141,P_01863,VEH_2141,Registered_Owner,2024-01-01,2026-12-31,0.98,EVI_VEH_REG_2141,True
PVL_2142,P_01818,VEH_2142,Registered_Owner,2024-01-01,2026-12-31,0.98,EVI_VEH_REG_2142,True
PVL_2143,P_02613,VEH_2143,Registered_Owner,2024-01-01,2026-12-31,0.98,EVI_VEH_REG_2143,True
PVL_2144,P_04853,VEH_2144,Registered_Owner,2024-01-01,2026-12-31,0.98,EVI_VEH_REG_2144,True
PVL_2145,P_03434,VEH_2145,Registered_Owner,2024-01-01,2026-12-31,0.98,EVI_VEH_REG_2145,True
PVL_2146,P_04355,VEH_2146,Registered_Owner,2024-01-01,2026-12-31,0.98,EVI_VEH_REG_2146,True
PVL_2147,P_03444,VEH_2147,Registered_Owner,2024-01-01,2026-12-31,0.98,EVI_VEH_REG_2147,True
PVL_2148,P_00355,VEH_2148,Registered_Owner,2024-01-01,2026-12-31,0.98,EVI_VEH_REG_2148,True
PVL_2149,P_03427,VEH_2149,Registered_Owner,2024-01-01,2026-12-31,0.98,EVI_VEH_REG_2149,True
PVL_2150,P_01802,VEH_2150,Registered_Owner,2024-01-01,2026-12-31,0.98,EVI_VEH_REG_2150,True
PVL_2151,P_03259,VEH_2151,Registered_Owner,2024-01-01,2026-12-31,0.98,EVI_VEH_REG_2151,True
PVL_2152,P_02647,VEH_2152,Registered_Owner,2024-01-01,2026-12-31,0.98,EVI_VEH_REG_2152,True
PVL_2153,P_01427,VEH_2153,Registered_Owner,2024-01-01,2026-12-31,0.98,EVI_VEH_REG_2153,True
PVL_2154,P_03723,VEH_2154,Registered_Owner,2024-01-01,2026-12-31,0.98,EVI_VEH_REG_2154,True
PVL_2155,P_04919,VEH_2155,Registered_Owner,2024-01-01,2026-12-31,0.98,EVI_VEH_REG_2155,True
PVL_2156,P_03148,VEH_2156,Registered_Owner,2024-01-01,2026-12-31,0.98,EVI_VEH_REG_2156,True
PVL_2157,P_01348,VEH_2157,Registered_Owner,2024-01-01,2026-12-31,0.98,EVI_VEH_REG_2157,True
PVL_2158,P_01183,VEH_2158,Registered_Owner,2024-01-01,2026-12-31,0.98,EVI_VEH_REG_2158,True
PVL_2159,P_02640,VEH_2159,Registered_Owner,2024-01-01,2026-12-31,0.98,EVI_VEH_REG_2159,True
PVL_2160,P_04957,VEH_2160,Registered_Owner,2024-01-01,2026-12-31,0.98,EVI_VEH_REG_2160,True
PVL_2161,P_03626,VEH_2161,Registered_Owner,2024-01-01,2026-12-31,0.98,EVI_VEH_REG_2161,True
PVL_2162,P_01074,VEH_2162,Registered_Owner,2024-01-01,2026-12-31,0.98,EVI_VEH_REG_2162,True
PVL_2163,P_02943,VEH_2163,Registered_Owner,2024-01-01,2026-12-31,0.98,EVI_VEH_REG_2163,True
PVL_2164,P_03890,VEH_2164,Registered_Owner,2024-01-01,2026-12-31,0.98,EVI_VEH_REG_2164,True
PVL_2165,P_01765,VEH_2165,Registered_Owner,2024-01-01,2026-12-31,0.98,EVI_VEH_REG_2165,True
PVL_2166,P_02936,VEH_2166,Registered_Owner,2024-01-01,2026-12-31,0.98,EVI_VEH_REG_2166,True
PVL_2167,P_00871,VEH_2167,Registered_Owner,2024-01-01,2026-12-31,0.98,EVI_VEH_REG_2167,True
PVL_2168,P_00695,VEH_2168,Registered_Owner,2024-01-01,2026-12-31,0.98,EVI_VEH_REG_2168,True
PVL_2169,P_03525,VEH_2169,Registered_Owner,2024-01-01,2026-12-31,0.98,EVI_VEH_REG_2169,True
PVL_2170,P_04129,VEH_2170,Registered_Owner,2024-01-01,2026-12-31,0.98,EVI_VEH_REG_2170,True
PVL_2171,P_00021,VEH_2171,Registered_Owner,2024-01-01,2026-12-31,0.98,EVI_VEH_REG_2171,True
PVL_2172,P_00004,VEH_2172,Registered_Owner,2024-01-01,2026-12-31,0.98,EVI_VEH_REG_2172,True
PVL_2173,P_00679,VEH_2173,Registered_Owner,2024-01-01,2026-12-31,0.98,EVI_VEH_REG_2173,True
PVL_2174,P_02716,VEH_2174,Registered_Owner,2024-01-01,2026-12-31,0.98,EVI_VEH_REG_2174,True
PVL_2175,P_00106,VEH_2175,Registered_Owner,2024-01-01,2026-12-31,0.98,EVI_VEH_REG_2175,True
PVL_2176,P_00658,VEH_2176,Registered_Owner,2024-01-01,2026-12-31,0.98,EVI_VEH_REG_2176,True
PVL_2177,P_00479,VEH_2177,Registered_Owner,2024-01-01,2026-12-31,0.98,EVI_VEH_REG_2177,True
PVL_2178,P_01025,VEH_2178,Registered_Owner,2024-01-01,2026-12-31,0.98,EVI_VEH_REG_2178,True
PVL_2179,P_04081,VEH_2179,Registered_Owner,2024-01-01,2026-12-31,0.98,EVI_VEH_REG_2179,True
PVL_2180,P_01082,VEH_2180,Registered_Owner,2024-01-01,2026-12-31,0.98,EVI_VEH_REG_2180,True
PVL_2181,P_00197,VEH_2181,Registered_Owner,2024-01-01,2026-12-31,0.98,EVI_VEH_REG_2181,True
PVL_2182,P_01239,VEH_2182,Registered_Owner,2024-01-01,2026-12-31,0.98,EVI_VEH_REG_2182,True
PVL_2183,P_01131,VEH_2183,Registered_Owner,2024-01-01,2026-12-31,0.98,EVI_VEH_REG_2183,True
PVL_2184,P_01808,VEH_2184,Registered_Owner,2024-01-01,2026-12-31,0.98,EVI_VEH_REG_2184,True
PVL_2185,P_01578,VEH_2185,Registered_Owner,2024-01-01,2026-12-31,0.98,EVI_VEH_REG_2185,True
PVL_2186,P_02061,VEH_2186,Registered_Owner,2024-01-01,2026-12-31,0.98,EVI_VEH_REG_2186,True
PVL_2187,P_03583,VEH_2187,Registered_Owner,2024-01-01,2026-12-31,0.98,EVI_VEH_REG_2187,True
PVL_2188,P_01710,VEH_2188,Registered_Owner,2024-01-01,2026-12-31,0.98,EVI_VEH_REG_2188,True
PVL_2189,P_04118,VEH_2189,Registered_Owner,2024-01-01,2026-12-31,0.98,EVI_VEH_REG_2189,True
PVL_2190,P_04387,VEH_2190,Registered_Owner,2024-01-01,2026-12-31,0.98,EVI_VEH_REG_2190,True
PVL_2191,P_02893,VEH_2191,Registered_Owner,2024-01-01,2026-12-31,0.98,EVI_VEH_REG_2191,True
PVL_2192,P_03022,VEH_2192,Registered_Owner,2024-01-01,2026-12-31,0.98,EVI_VEH_REG_2192,True
PVL_2193,P_01808,VEH_2193,Registered_Owner,2024-01-01,2026-12-31,0.98,EVI_VEH_REG_2193,True
PVL_2194,P_03162,VEH_2194,Registered_Owner,2024-01-01,2026-12-31,0.98,EVI_VEH_REG_2194,True
PVL_2195,P_01309,VEH_2195,Registered_Owner,2024-01-01,2026-12-31,0.98,EVI_VEH_REG_2195,True
PVL_2196,P_00178,VEH_2196,Registered_Owner,2024-01-01,2026-12-31,0.98,EVI_VEH_REG_2196,True
PVL_2197,P_04649,VEH_2197,Registered_Owner,2024-01-01,2026-12-31,0.98,EVI_VEH_REG_2197,True
PVL_2198,P_00445,VEH_2198,Registered_Owner,2024-01-01,2026-12-31,0.98,EVI_VEH_REG_2198,True
PVL_2199,P_04893,VEH_2199,Registered_Owner,2024-01-01,2026-12-31,0.98,EVI_VEH_REG_2199,True
PVL_2200,P_02157,VEH_2200,Registered_Owner,2024-01-01,2026-12-31,0.98,EVI_VEH_REG_2200,True
PVL_2201,P_03042,VEH_2201,Registered_Owner,2024-01-01,2026-12-31,0.98,EVI_VEH_REG_2201,True
PVL_2202,P_04507,VEH_2202,Registered_Owner,2024-01-01,2026-12-31,0.98,EVI_VEH_REG_2202,True
PVL_2203,P_01122,VEH_2203,Registered_Owner,2024-01-01,2026-12-31,0.98,EVI_VEH_REG_2203,True
PVL_2204,P_00199,VEH_2204,Registered_Owner,2024-01-01,2026-12-31,0.98,EVI_VEH_REG_2204,True
PVL_2205,P_03710,VEH_2205,Registered_Owner,2024-01-01,2026-12-31,0.98,EVI_VEH_REG_2205,True
PVL_2206,P_04649,VEH_2206,Registered_Owner,2024-01-01,2026-12-31,0.98,EVI_VEH_REG_2206,True
PVL_2207,P_03648,VEH_2207,Registered_Owner,2024-01-01,2026-12-31,0.98,EVI_VEH_REG_2207,True
PVL_2208,P_03493,VEH_2208,Registered_Owner,2024-01-01,2026-12-31,0.98,EVI_VEH_REG_2208,True
PVL_2209,P_00402,VEH_2209,Registered_Owner,2024-01-01,2026-12-31,0.98,EVI_VEH_REG_2209,True
PVL_2210,P_01668,VEH_2210,Registered_Owner,2024-01-01,2026-12-31,0.98,EVI_VEH_REG_2210,True
PVL_2211,P_00188,VEH_2211,Registered_Owner,2024-01-01,2026-12-31,0.98,EVI_VEH_REG_2211,True
PVL_2212,P_03123,VEH_2212,Registered_Owner,2024-01-01,2026-12-31,0.98,EVI_VEH_REG_2212,True
PVL_2213,P_04911,VEH_2213,Registered_Owner,2024-01-01,2026-12-31,0.98,EVI_VEH_REG_2213,True
PVL_2214,P_04656,VEH_2214,Registered_Owner,2024-01-01,2026-12-31,0.98,EVI_VEH_REG_2214,True
PVL_2215,P_04620,VEH_2215,Registered_Owner,2024-01-01,2026-12-31,0.98,EVI_VEH_REG_2215,True
PVL_2216,P_00888,VEH_2216,Registered_Owner,2024-01-01,2026-12-31,0.98,EVI_VEH_REG_2216,True
PVL_2217,P_04027,VEH_2217,Registered_Owner,2024-01-01,2026-12-31,0.98,EVI_VEH_REG_2217,True
PVL_2218,P_02390,VEH_2218,Registered_Owner,2024-01-01,2026-12-31,0.98,EVI_VEH_REG_2218,True
PVL_2219,P_02856,VEH_2219,Registered_Owner,2024-01-01,2026-12-31,0.98,EVI_VEH_REG_2219,True
PVL_2220,P_01565,VEH_2220,Registered_Owner,2024-01-01,2026-12-31,0.98,EVI_VEH_REG_2220,True
PVL_2221,P_02620,VEH_2221,Registered_Owner,2024-01-01,2026-12-31,0.98,EVI_VEH_REG_2221,True
PVL_2222,P_03304,VEH_2222,Registered_Owner,2024-01-01,2026-12-31,0.98,EVI_VEH_REG_2222,True
PVL_2223,P_02197,VEH_2223,Registered_Owner,2024-01-01,2026-12-31,0.98,EVI_VEH_REG_2223,True
PVL_2224,P_00842,VEH_2224,Registered_Owner,2024-01-01,2026-12-31,0.98,EVI_VEH_REG_2224,True
PVL_2225,P_00843,VEH_2225,Registered_Owner,2024-01-01,2026-12-31,0.98,EVI_VEH_REG_2225,True
PVL_2226,P_04335,VEH_2226,Registered_Owner,2024-01-01,2026-12-31,0.98,EVI_VEH_REG_2226,True
PVL_2227,P_02919,VEH_2227,Registered_Owner,2024-01-01,2026-12-31,0.98,EVI_VEH_REG_2227,True
PVL_2228,P_00231,VEH_2228,Registered_Owner,2024-01-01,2026-12-31,0.98,EVI_VEH_REG_2228,True
PVL_2229,P_00549,VEH_2229,Registered_Owner,2024-01-01,2026-12-31,0.98,EVI_VEH_REG_2229,True
PVL_2230,P_02071,VEH_2230,Registered_Owner,2024-01-01,2026-12-31,0.98,EVI_VEH_REG_2230,True
PVL_2231,P_01337,VEH_2231,Registered_Owner,2024-01-01,2026-12-31,0.98,EVI_VEH_REG_2231,True
PVL_2232,P_03949,VEH_2232,Registered_Owner,2024-01-01,2026-12-31,0.98,EVI_VEH_REG_2232,True
PVL_2233,P_03485,VEH_2233,Registered_Owner,2024-01-01,2026-12-31,0.98,EVI_VEH_REG_2233,True
PVL_2234,P_00053,VEH_2234,Registered_Owner,2024-01-01,2026-12-31,0.98,EVI_VEH_REG_2234,True
PVL_2235,P_03924,VEH_2235,Registered_Owner,2024-01-01,2026-12-31,0.98,EVI_VEH_REG_2235,True
PVL_2236,P_02595,VEH_2236,Registered_Owner,2024-01-01,2026-12-31,0.98,EVI_VEH_REG_2236,True
PVL_2237,P_01031,VEH_2237,Registered_Owner,2024-01-01,2026-12-31,0.98,EVI_VEH_REG_2237,True
PVL_2238,P_03827,VEH_2238,Registered_Owner,2024-01-01,2026-12-31,0.98,EVI_VEH_REG_2238,True
PVL_2239,P_00066,VEH_2239,Registered_Owner,2024-01-01,2026-12-31,0.98,EVI_VEH_REG_2239,True
PVL_2240,P_03893,VEH_2240,Registered_Owner,2024-01-01,2026-12-31,0.98,EVI_VEH_REG_2240,True
PVL_2241,P_04203,VEH_2241,Registered_Owner,2024-01-01,2026-12-31,0.98,EVI_VEH_REG_2241,True
PVL_2242,P_03195,VEH_2242,Registered_Owner,2024-01-01,2026-12-31,0.98,EVI_VEH_REG_2242,True
PVL_2243,P_01200,VEH_2243,Registered_Owner,2024-01-01,2026-12-31,0.98,EVI_VEH_REG_2243,True
PVL_2244,P_01585,VEH_2244,Registered_Owner,2024-01-01,2026-12-31,0.98,EVI_VEH_REG_2244,True
PVL_2245,P_03961,VEH_2245,Registered_Owner,2024-01-01,2026-12-31,0.98,EVI_VEH_REG_2245,True
PVL_2246,P_04749,VEH_2246,Registered_Owner,2024-01-01,2026-12-31,0.98,EVI_VEH_REG_2246,True
PVL_2247,P_03267,VEH_2247,Registered_Owner,2024-01-01,2026-12-31,0.98,EVI_VEH_REG_2247,True
PVL_2248,P_04389,VEH_2248,Registered_Owner,2024-01-01,2026-12-31,0.98,EVI_VEH_REG_2248,True
PVL_2249,P_01248,VEH_2249,Registered_Owner,2024-01-01,2026-12-31,0.98,EVI_VEH_REG_2249,True
PVL_2250,P_01608,VEH_2250,Registered_Owner,2024-01-01,2026-12-31,0.98,EVI_VEH_REG_2250,True
PVL_2251,P_04747,VEH_2251,Registered_Owner,2024-01-01,2026-12-31,0.98,EVI_VEH_REG_2251,True
PVL_2252,P_00175,VEH_2252,Registered_Owner,2024-01-01,2026-12-31,0.98,EVI_VEH_REG_2252,True
PVL_2253,P_02741,VEH_2253,Registered_Owner,2024-01-01,2026-12-31,0.98,EVI_VEH_REG_2253,True
PVL_2254,P_00788,VEH_2254,Registered_Owner,2024-01-01,2026-12-31,0.98,EVI_VEH_REG_2254,True
PVL_2255,P_00074,VEH_2255,Registered_Owner,2024-01-01,2026-12-31,0.98,EVI_VEH_REG_2255,True
PVL_2256,P_02192,VEH_2256,Registered_Owner,2024-01-01,2026-12-31,0.98,EVI_VEH_REG_2256,True
PVL_2257,P_02611,VEH_2257,Registered_Owner,2024-01-01,2026-12-31,0.98,EVI_VEH_REG_2257,True
PVL_2258,P_04917,VEH_2258,Registered_Owner,2024-01-01,2026-12-31,0.98,EVI_VEH_REG_2258,True
PVL_2259,P_02114,VEH_2259,Registered_Owner,2024-01-01,2026-12-31,0.98,EVI_VEH_REG_2259,True
PVL_2260,P_02372,VEH_2260,Registered_Owner,2024-01-01,2026-12-31,0.98,EVI_VEH_REG_2260,True
PVL_2261,P_03340,VEH_2261,Registered_Owner,2024-01-01,2026-12-31,0.98,EVI_VEH_REG_2261,True
PVL_2262,P_04010,VEH_2262,Registered_Owner,2024-01-01,2026-12-31,0.98,EVI_VEH_REG_2262,True
PVL_2263,P_01053,VEH_2263,Registered_Owner,2024-01-01,2026-12-31,0.98,EVI_VEH_REG_2263,True
PVL_2264,P_04070,VEH_2264,Registered_Owner,2024-01-01,2026-12-31,0.98,EVI_VEH_REG_2264,True
PVL_2265,P_02619,VEH_2265,Registered_Owner,2024-01-01,2026-12-31,0.98,EVI_VEH_REG_2265,True
PVL_2266,P_01174,VEH_2266,Registered_Owner,2024-01-01,2026-12-31,0.98,EVI_VEH_REG_2266,True
PVL_2267,P_01921,VEH_2267,Registered_Owner,2024-01-01,2026-12-31,0.98,EVI_VEH_REG_2267,True
PVL_2268,P_00106,VEH_2268,Registered_Owner,2024-01-01,2026-12-31,0.98,EVI_VEH_REG_2268,True
PVL_2269,P_04876,VEH_2269,Registered_Owner,2024-01-01,2026-12-31,0.98,EVI_VEH_REG_2269,True
PVL_2270,P_04452,VEH_2270,Registered_Owner,2024-01-01,2026-12-31,0.98,EVI_VEH_REG_2270,True
PVL_2271,P_02331,VEH_2271,Registered_Owner,2024-01-01,2026-12-31,0.98,EVI_VEH_REG_2271,True
PVL_2272,P_01886,VEH_2272,Registered_Owner,2024-01-01,2026-12-31,0.98,EVI_VEH_REG_2272,True
PVL_2273,P_00726,VEH_2273,Registered_Owner,2024-01-01,2026-12-31,0.98,EVI_VEH_REG_2273,True
PVL_2274,P_00675,VEH_2274,Registered_Owner,2024-01-01,2026-12-31,0.98,EVI_VEH_REG_2274,True
PVL_2275,P_04687,VEH_2275,Registered_Owner,2024-01-01,2026-12-31,0.98,EVI_VEH_REG_2275,True
PVL_2276,P_02847,VEH_2276,Registered_Owner,2024-01-01,2026-12-31,0.98,EVI_VEH_REG_2276,True
PVL_2277,P_02858,VEH_2277,Registered_Owner,2024-01-01,2026-12-31,0.98,EVI_VEH_REG_2277,True
PVL_2278,P_04954,VEH_2278,Registered_Owner,2024-01-01,2026-12-31,0.98,EVI_VEH_REG_2278,True
PVL_2279,P_04789,VEH_2279,Registered_Owner,2024-01-01,2026-12-31,0.98,EVI_VEH_REG_2279,True
PVL_2280,P_03344,VEH_2280,Registered_Owner,2024-01-01,2026-12-31,0.98,EVI_VEH_REG_2280,True
PVL_2281,P_03924,VEH_2281,Registered_Owner,2024-01-01,2026-12-31,0.98,EVI_VEH_REG_2281,True
PVL_2282,P_04042,VEH_2282,Registered_Owner,2024-01-01,2026-12-31,0.98,EVI_VEH_REG_2282,True
PVL_2283,P_00202,VEH_2283,Registered_Owner,2024-01-01,2026-12-31,0.98,EVI_VEH_REG_2283,True
PVL_2284,P_03290,VEH_2284,Registered_Owner,2024-01-01,2026-12-31,0.98,EVI_VEH_REG_2284,True
PVL_2285,P_04313,VEH_2285,Registered_Owner,2024-01-01,2026-12-31,0.98,EVI_VEH_REG_2285,True
PVL_2286,P_03238,VEH_2286,Registered_Owner,2024-01-01,2026-12-31,0.98,EVI_VEH_REG_2286,True
PVL_2287,P_04991,VEH_2287,Registered_Owner,2024-01-01,2026-12-31,0.98,EVI_VEH_REG_2287,True
PVL_2288,P_00870,VEH_2288,Registered_Owner,2024-01-01,2026-12-31,0.98,EVI_VEH_REG_2288,True
PVL_2289,P_03554,VEH_2289,Registered_Owner,2024-01-01,2026-12-31,0.98,EVI_VEH_REG_2289,True
PVL_2290,P_01540,VEH_2290,Registered_Owner,2024-01-01,2026-12-31,0.98,EVI_VEH_REG_2290,True
PVL_2291,P_01023,VEH_2291,Registered_Owner,2024-01-01,2026-12-31,0.98,EVI_VEH_REG_2291,True
PVL_2292,P_04518,VEH_2292,Registered_Owner,2024-01-01,2026-12-31,0.98,EVI_VEH_REG_2292,True
PVL_2293,P_03248,VEH_2293,Registered_Owner,2024-01-01,2026-12-31,0.98,EVI_VEH_REG_2293,True
PVL_2294,P_04402,VEH_2294,Registered_Owner,2024-01-01,2026-12-31,0.98,EVI_VEH_REG_2294,True
PVL_2295,P_04944,VEH_2295,Registered_Owner,2024-01-01,2026-12-31,0.98,EVI_VEH_REG_2295,True
PVL_2296,P_03664,VEH_2296,Registered_Owner,2024-01-01,2026-12-31,0.98,EVI_VEH_REG_2296,True
PVL_2297,P_01158,VEH_2297,Registered_Owner,2024-01-01,2026-12-31,0.98,EVI_VEH_REG_2297,True
PVL_2298,P_00109,VEH_2298,Registered_Owner,2024-01-01,2026-12-31,0.98,EVI_VEH_REG_2298,True
PVL_2299,P_01401,VEH_2299,Registered_Owner,2024-01-01,2026-12-31,0.98,EVI_VEH_REG_2299,True
PVL_2300,P_01328,VEH_2300,Registered_Owner,2024-01-01,2026-12-31,0.98,EVI_VEH_REG_2300,True
PVL_2301,P_00129,VEH_2301,Registered_Owner,2024-01-01,2026-12-31,0.98,EVI_VEH_REG_2301,True
PVL_2302,P_00163,VEH_2302,Registered_Owner,2024-01-01,2026-12-31,0.98,EVI_VEH_REG_2302,True
PVL_2303,P_02175,VEH_2303,Registered_Owner,2024-01-01,2026-12-31,0.98,EVI_VEH_REG_2303,True
PVL_2304,P_02676,VEH_2304,Registered_Owner,2024-01-01,2026-12-31,0.98,EVI_VEH_REG_2304,True
PVL_2305,P_04896,VEH_2305,Registered_Owner,2024-01-01,2026-12-31,0.98,EVI_VEH_REG_2305,True
PVL_2306,P_03117,VEH_2306,Registered_Owner,2024-01-01,2026-12-31,0.98,EVI_VEH_REG_2306,True
PVL_2307,P_02132,VEH_2307,Registered_Owner,2024-01-01,2026-12-31,0.98,EVI_VEH_REG_2307,True
PVL_2308,P_03432,VEH_2308,Registered_Owner,2024-01-01,2026-12-31,0.98,EVI_VEH_REG_2308,True
PVL_2309,P_01625,VEH_2309,Registered_Owner,2024-01-01,2026-12-31,0.98,EVI_VEH_REG_2309,True
PVL_2310,P_03515,VEH_2310,Registered_Owner,2024-01-01,2026-12-31,0.98,EVI_VEH_REG_2310,True
PVL_2311,P_04337,VEH_2311,Registered_Owner,2024-01-01,2026-12-31,0.98,EVI_VEH_REG_2311,True
PVL_2312,P_02990,VEH_2312,Registered_Owner,2024-01-01,2026-12-31,0.98,EVI_VEH_REG_2312,True
PVL_2313,P_01304,VEH_2313,Registered_Owner,2024-01-01,2026-12-31,0.98,EVI_VEH_REG_2313,True
PVL_2314,P_01998,VEH_2314,Registered_Owner,2024-01-01,2026-12-31,0.98,EVI_VEH_REG_2314,True
PVL_2315,P_00195,VEH_2315,Registered_Owner,2024-01-01,2026-12-31,0.98,EVI_VEH_REG_2315,True
PVL_2316,P_04455,VEH_2316,Registered_Owner,2024-01-01,2026-12-31,0.98,EVI_VEH_REG_2316,True
PVL_2317,P_03751,VEH_2317,Registered_Owner,2024-01-01,2026-12-31,0.98,EVI_VEH_REG_2317,True
PVL_2318,P_04647,VEH_2318,Registered_Owner,2024-01-01,2026-12-31,0.98,EVI_VEH_REG_2318,True
PVL_2319,P_04836,VEH_2319,Registered_Owner,2024-01-01,2026-12-31,0.98,EVI_VEH_REG_2319,True
PVL_2320,P_04606,VEH_2320,Registered_Owner,2024-01-01,2026-12-31,0.98,EVI_VEH_REG_2320,True
PVL_2321,P_02903,VEH_2321,Registered_Owner,2024-01-01,2026-12-31,0.98,EVI_VEH_REG_2321,True
PVL_2322,P_00190,VEH_2322,Registered_Owner,2024-01-01,2026-12-31,0.98,EVI_VEH_REG_2322,True
PVL_2323,P_01141,VEH_2323,Registered_Owner,2024-01-01,2026-12-31,0.98,EVI_VEH_REG_2323,True
PVL_2324,P_04123,VEH_2324,Registered_Owner,2024-01-01,2026-12-31,0.98,EVI_VEH_REG_2324,True
PVL_2325,P_01166,VEH_2325,Registered_Owner,2024-01-01,2026-12-31,0.98,EVI_VEH_REG_2325,True
PVL_2326,P_02933,VEH_2326,Registered_Owner,2024-01-01,2026-12-31,0.98,EVI_VEH_REG_2326,True
PVL_2327,P_01501,VEH_2327,Registered_Owner,2024-01-01,2026-12-31,0.98,EVI_VEH_REG_2327,True
PVL_2328,P_04426,VEH_2328,Registered_Owner,2024-01-01,2026-12-31,0.98,EVI_VEH_REG_2328,True
PVL_2329,P_00658,VEH_2329,Registered_Owner,2024-01-01,2026-12-31,0.98,EVI_VEH_REG_2329,True
PVL_2330,P_02656,VEH_2330,Registered_Owner,2024-01-01,2026-12-31,0.98,EVI_VEH_REG_2330,True
PVL_2331,P_02929,VEH_2331,Registered_Owner,2024-01-01,2026-12-31,0.98,EVI_VEH_REG_2331,True
PVL_2332,P_03883,VEH_2332,Registered_Owner,2024-01-01,2026-12-31,0.98,EVI_VEH_REG_2332,True
PVL_2333,P_03624,VEH_2333,Registered_Owner,2024-01-01,2026-12-31,0.98,EVI_VEH_REG_2333,True
PVL_2334,P_03897,VEH_2334,Registered_Owner,2024-01-01,2026-12-31,0.98,EVI_VEH_REG_2334,True
PVL_2335,P_02157,VEH_2335,Registered_Owner,2024-01-01,2026-12-31,0.98,EVI_VEH_REG_2335,True
PVL_2336,P_00971,VEH_2336,Registered_Owner,2024-01-01,2026-12-31,0.98,EVI_VEH_REG_2336,True
PVL_2337,P_04678,VEH_2337,Registered_Owner,2024-01-01,2026-12-31,0.98,EVI_VEH_REG_2337,True
PVL_2338,P_04897,VEH_2338,Registered_Owner,2024-01-01,2026-12-31,0.98,EVI_VEH_REG_2338,True
PVL_2339,P_02750,VEH_2339,Registered_Owner,2024-01-01,2026-12-31,0.98,EVI_VEH_REG_2339,True
PVL_2340,P_01025,VEH_2340,Registered_Owner,2024-01-01,2026-12-31,0.98,EVI_VEH_REG_2340,True
PVL_2341,P_02346,VEH_2341,Registered_Owner,2024-01-01,2026-12-31,0.98,EVI_VEH_REG_2341,True
PVL_2342,P_04210,VEH_2342,Registered_Owner,2024-01-01,2026-12-31,0.98,EVI_VEH_REG_2342,True
PVL_2343,P_03026,VEH_2343,Registered_Owner,2024-01-01,2026-12-31,0.98,EVI_VEH_REG_2343,True
PVL_2344,P_01440,VEH_2344,Registered_Owner,2024-01-01,2026-12-31,0.98,EVI_VEH_REG_2344,True
PVL_2345,P_03618,VEH_2345,Registered_Owner,2024-01-01,2026-12-31,0.98,EVI_VEH_REG_2345,True
PVL_2346,P_02447,VEH_2346,Registered_Owner,2024-01-01,2026-12-31,0.98,EVI_VEH_REG_2346,True
PVL_2347,P_01664,VEH_2347,Registered_Owner,2024-01-01,2026-12-31,0.98,EVI_VEH_REG_2347,True
PVL_2348,P_00313,VEH_2348,Registered_Owner,2024-01-01,2026-12-31,0.98,EVI_VEH_REG_2348,True
PVL_2349,P_00130,VEH_2349,Registered_Owner,2024-01-01,2026-12-31,0.98,EVI_VEH_REG_2349,True
PVL_2350,P_03194,VEH_2350,Registered_Owner,2024-01-01,2026-12-31,0.98,EVI_VEH_REG_2350,True
PVL_2351,P_00914,VEH_2351,Registered_Owner,2024-01-01,2026-12-31,0.98,EVI_VEH_REG_2351,True
PVL_2352,P_04104,VEH_2352,Registered_Owner,2024-01-01,2026-12-31,0.98,EVI_VEH_REG_2352,True
PVL_2353,P_03253,VEH_2353,Registered_Owner,2024-01-01,2026-12-31,0.98,EVI_VEH_REG_2353,True
PVL_2354,P_00934,VEH_2354,Registered_Owner,2024-01-01,2026-12-31,0.98,EVI_VEH_REG_2354,True
PVL_2355,P_00009,VEH_2355,Registered_Owner,2024-01-01,2026-12-31,0.98,EVI_VEH_REG_2355,True
PVL_2356,P_01610,VEH_2356,Registered_Owner,2024-01-01,2026-12-31,0.98,EVI_VEH_REG_2356,True
PVL_2357,P_01073,VEH_2357,Registered_Owner,2024-01-01,2026-12-31,0.98,EVI_VEH_REG_2357,True
PVL_2358,P_02537,VEH_2358,Registered_Owner,2024-01-01,2026-12-31,0.98,EVI_VEH_REG_2358,True
PVL_2359,P_03249,VEH_2359,Registered_Owner,2024-01-01,2026-12-31,0.98,EVI_VEH_REG_2359,True
PVL_2360,P_02286,VEH_2360,Registered_Owner,2024-01-01,2026-12-31,0.98,EVI_VEH_REG_2360,True
PVL_2361,P_01198,VEH_2361,Registered_Owner,2024-01-01,2026-12-31,0.98,EVI_VEH_REG_2361,True
PVL_2362,P_04502,VEH_2362,Registered_Owner,2024-01-01,2026-12-31,0.98,EVI_VEH_REG_2362,True
PVL_2363,P_01997,VEH_2363,Registered_Owner,2024-01-01,2026-12-31,0.98,EVI_VEH_REG_2363,True
PVL_2364,P_01220,VEH_2364,Registered_Owner,2024-01-01,2026-12-31,0.98,EVI_VEH_REG_2364,True
PVL_2365,P_01934,VEH_2365,Registered_Owner,2024-01-01,2026-12-31,0.98,EVI_VEH_REG_2365,True
PVL_2366,P_04381,VEH_2366,Registered_Owner,2024-01-01,2026-12-31,0.98,EVI_VEH_REG_2366,True
PVL_2367,P_04632,VEH_2367,Registered_Owner,2024-01-01,2026-12-31,0.98,EVI_VEH_REG_2367,True
PVL_2368,P_03817,VEH_2368,Registered_Owner,2024-01-01,2026-12-31,0.98,EVI_VEH_REG_2368,True
PVL_2369,P_02897,VEH_2369,Registered_Owner,2024-01-01,2026-12-31,0.98,EVI_VEH_REG_2369,True
PVL_2370,P_00073,VEH_2370,Registered_Owner,2024-01-01,2026-12-31,0.98,EVI_VEH_REG_2370,True
PVL_2371,P_04464,VEH_2371,Registered_Owner,2024-01-01,2026-12-31,0.98,EVI_VEH_REG_2371,True
PVL_2372,P_00663,VEH_2372,Registered_Owner,2024-01-01,2026-12-31,0.98,EVI_VEH_REG_2372,True
PVL_2373,P_02175,VEH_2373,Registered_Owner,2024-01-01,2026-12-31,0.98,EVI_VEH_REG_2373,True
PVL_2374,P_02773,VEH_2374,Registered_Owner,2024-01-01,2026-12-31,0.98,EVI_VEH_REG_2374,True
PVL_2375,P_01936,VEH_2375,Registered_Owner,2024-01-01,2026-12-31,0.98,EVI_VEH_REG_2375,True
PVL_2376,P_03402,VEH_2376,Registered_Owner,2024-01-01,2026-12-31,0.98,EVI_VEH_REG_2376,True
PVL_2377,P_03291,VEH_2377,Registered_Owner,2024-01-01,2026-12-31,0.98,EVI_VEH_REG_2377,True
PVL_2378,P_04147,VEH_2378,Registered_Owner,2024-01-01,2026-12-31,0.98,EVI_VEH_REG_2378,True
PVL_2379,P_02395,VEH_2379,Registered_Owner,2024-01-01,2026-12-31,0.98,EVI_VEH_REG_2379,True
PVL_2380,P_00564,VEH_2380,Registered_Owner,2024-01-01,2026-12-31,0.98,EVI_VEH_REG_2380,True
PVL_2381,P_03476,VEH_2381,Registered_Owner,2024-01-01,2026-12-31,0.98,EVI_VEH_REG_2381,True
PVL_2382,P_03745,VEH_2382,Registered_Owner,2024-01-01,2026-12-31,0.98,EVI_VEH_REG_2382,True
PVL_2383,P_01521,VEH_2383,Registered_Owner,2024-01-01,2026-12-31,0.98,EVI_VEH_REG_2383,True
PVL_2384,P_01698,VEH_2384,Registered_Owner,2024-01-01,2026-12-31,0.98,EVI_VEH_REG_2384,True
PVL_2385,P_03090,VEH_2385,Registered_Owner,2024-01-01,2026-12-31,0.98,EVI_VEH_REG_2385,True
PVL_2386,P_03092,VEH_2386,Registered_Owner,2024-01-01,2026-12-31,0.98,EVI_VEH_REG_2386,True
PVL_2387,P_03290,VEH_2387,Registered_Owner,2024-01-01,2026-12-31,0.98,EVI_VEH_REG_2387,True
PVL_2388,P_04865,VEH_2388,Registered_Owner,2024-01-01,2026-12-31,0.98,EVI_VEH_REG_2388,True
PVL_2389,P_02344,VEH_2389,Registered_Owner,2024-01-01,2026-12-31,0.98,EVI_VEH_REG_2389,True
PVL_2390,P_00672,VEH_2390,Registered_Owner,2024-01-01,2026-12-31,0.98,EVI_VEH_REG_2390,True
PVL_2391,P_04345,VEH_2391,Registered_Owner,2024-01-01,2026-12-31,0.98,EVI_VEH_REG_2391,True
PVL_2392,P_00438,VEH_2392,Registered_Owner,2024-01-01,2026-12-31,0.98,EVI_VEH_REG_2392,True
PVL_2393,P_04724,VEH_2393,Registered_Owner,2024-01-01,2026-12-31,0.98,EVI_VEH_REG_2393,True
PVL_2394,P_02587,VEH_2394,Registered_Owner,2024-01-01,2026-12-31,0.98,EVI_VEH_REG_2394,True
PVL_2395,P_03353,VEH_2395,Registered_Owner,2024-01-01,2026-12-31,0.98,EVI_VEH_REG_2395,True
PVL_2396,P_00836,VEH_2396,Registered_Owner,2024-01-01,2026-12-31,0.98,EVI_VEH_REG_2396,True
PVL_2397,P_01993,VEH_2397,Registered_Owner,2024-01-01,2026-12-31,0.98,EVI_VEH_REG_2397,True
PVL_2398,P_03003,VEH_2398,Registered_Owner,2024-01-01,2026-12-31,0.98,EVI_VEH_REG_2398,True
PVL_2399,P_03429,VEH_2399,Registered_Owner,2024-01-01,2026-12-31,0.98,EVI_VEH_REG_2399,True
PVL_2400,P_00582,VEH_2400,Registered_Owner,2024-01-01,2026-12-31,0.98,EVI_VEH_REG_2400,True
PVL_2401,P_03211,VEH_2401,Registered_Owner,2024-01-01,2026-12-31,0.98,EVI_VEH_REG_2401,True
PVL_2402,P_00630,VEH_2402,Registered_Owner,2024-01-01,2026-12-31,0.98,EVI_VEH_REG_2402,True
PVL_2403,P_03187,VEH_2403,Registered_Owner,2024-01-01,2026-12-31,0.98,EVI_VEH_REG_2403,True
PVL_2404,P_03852,VEH_2404,Registered_Owner,2024-01-01,2026-12-31,0.98,EVI_VEH_REG_2404,True
PVL_2405,P_04933,VEH_2405,Registered_Owner,2024-01-01,2026-12-31,0.98,EVI_VEH_REG_2405,True
PVL_2406,P_03044,VEH_2406,Registered_Owner,2024-01-01,2026-12-31,0.98,EVI_VEH_REG_2406,True
PVL_2407,P_01014,VEH_2407,Registered_Owner,2024-01-01,2026-12-31,0.98,EVI_VEH_REG_2407,True
PVL_2408,P_01192,VEH_2408,Registered_Owner,2024-01-01,2026-12-31,0.98,EVI_VEH_REG_2408,True
PVL_2409,P_02644,VEH_2409,Registered_Owner,2024-01-01,2026-12-31,0.98,EVI_VEH_REG_2409,True
PVL_2410,P_01493,VEH_2410,Registered_Owner,2024-01-01,2026-12-31,0.98,EVI_VEH_REG_2410,True
PVL_2411,P_01911,VEH_2411,Registered_Owner,2024-01-01,2026-12-31,0.98,EVI_VEH_REG_2411,True
PVL_2412,P_02608,VEH_2412,Registered_Owner,2024-01-01,2026-12-31,0.98,EVI_VEH_REG_2412,True
PVL_2413,P_00072,VEH_2413,Registered_Owner,2024-01-01,2026-12-31,0.98,EVI_VEH_REG_2413,True
PVL_2414,P_04810,VEH_2414,Registered_Owner,2024-01-01,2026-12-31,0.98,EVI_VEH_REG_2414,True
PVL_2415,P_01111,VEH_2415,Registered_Owner,2024-01-01,2026-12-31,0.98,EVI_VEH_REG_2415,True
PVL_2416,P_00882,VEH_2416,Registered_Owner,2024-01-01,2026-12-31,0.98,EVI_VEH_REG_2416,True
PVL_2417,P_03429,VEH_2417,Registered_Owner,2024-01-01,2026-12-31,0.98,EVI_VEH_REG_2417,True
PVL_2418,P_01574,VEH_2418,Registered_Owner,2024-01-01,2026-12-31,0.98,EVI_VEH_REG_2418,True
PVL_2419,P_01855,VEH_2419,Registered_Owner,2024-01-01,2026-12-31,0.98,EVI_VEH_REG_2419,True
PVL_2420,P_01399,VEH_2420,Registered_Owner,2024-01-01,2026-12-31,0.98,EVI_VEH_REG_2420,True
PVL_2421,P_03374,VEH_2421,Registered_Owner,2024-01-01,2026-12-31,0.98,EVI_VEH_REG_2421,True
PVL_2422,P_00772,VEH_2422,Registered_Owner,2024-01-01,2026-12-31,0.98,EVI_VEH_REG_2422,True
PVL_2423,P_01273,VEH_2423,Registered_Owner,2024-01-01,2026-12-31,0.98,EVI_VEH_REG_2423,True
PVL_2424,P_04923,VEH_2424,Registered_Owner,2024-01-01,2026-12-31,0.98,EVI_VEH_REG_2424,True
PVL_2425,P_04313,VEH_2425,Registered_Owner,2024-01-01,2026-12-31,0.98,EVI_VEH_REG_2425,True
PVL_2426,P_04719,VEH_2426,Registered_Owner,2024-01-01,2026-12-31,0.98,EVI_VEH_REG_2426,True
PVL_2427,P_01578,VEH_2427,Registered_Owner,2024-01-01,2026-12-31,0.98,EVI_VEH_REG_2427,True
PVL_2428,P_02661,VEH_2428,Registered_Owner,2024-01-01,2026-12-31,0.98,EVI_VEH_REG_2428,True
PVL_2429,P_00624,VEH_2429,Registered_Owner,2024-01-01,2026-12-31,0.98,EVI_VEH_REG_2429,True
PVL_2430,P_01485,VEH_2430,Registered_Owner,2024-01-01,2026-12-31,0.98,EVI_VEH_REG_2430,True
PVL_2431,P_03127,VEH_2431,Registered_Owner,2024-01-01,2026-12-31,0.98,EVI_VEH_REG_2431,True
PVL_2432,P_01376,VEH_2432,Registered_Owner,2024-01-01,2026-12-31,0.98,EVI_VEH_REG_2432,True
PVL_2433,P_00761,VEH_2433,Registered_Owner,2024-01-01,2026-12-31,0.98,EVI_VEH_REG_2433,True
PVL_2434,P_02504,VEH_2434,Registered_Owner,2024-01-01,2026-12-31,0.98,EVI_VEH_REG_2434,True
PVL_2435,P_03102,VEH_2435,Registered_Owner,2024-01-01,2026-12-31,0.98,EVI_VEH_REG_2435,True
PVL_2436,P_01652,VEH_2436,Registered_Owner,2024-01-01,2026-12-31,0.98,EVI_VEH_REG_2436,True
PVL_2437,P_01710,VEH_2437,Registered_Owner,2024-01-01,2026-12-31,0.98,EVI_VEH_REG_2437,True
PVL_2438,P_03574,VEH_2438,Registered_Owner,2024-01-01,2026-12-31,0.98,EVI_VEH_REG_2438,True
PVL_2439,P_01440,VEH_2439,Registered_Owner,2024-01-01,2026-12-31,0.98,EVI_VEH_REG_2439,True
PVL_2440,P_02702,VEH_2440,Registered_Owner,2024-01-01,2026-12-31,0.98,EVI_VEH_REG_2440,True
PVL_2441,P_01337,VEH_2441,Registered_Owner,2024-01-01,2026-12-31,0.98,EVI_VEH_REG_2441,True
PVL_2442,P_02086,VEH_2442,Registered_Owner,2024-01-01,2026-12-31,0.98,EVI_VEH_REG_2442,True
PVL_2443,P_02644,VEH_2443,Registered_Owner,2024-01-01,2026-12-31,0.98,EVI_VEH_REG_2443,True
PVL_2444,P_04502,VEH_2444,Registered_Owner,2024-01-01,2026-12-31,0.98,EVI_VEH_REG_2444,True
PVL_2445,P_02293,VEH_2445,Registered_Owner,2024-01-01,2026-12-31,0.98,EVI_VEH_REG_2445,True
PVL_2446,P_03293,VEH_2446,Registered_Owner,2024-01-01,2026-12-31,0.98,EVI_VEH_REG_2446,True
PVL_2447,P_04747,VEH_2447,Registered_Owner,2024-01-01,2026-12-31,0.98,EVI_VEH_REG_2447,True
PVL_2448,P_03550,VEH_2448,Registered_Owner,2024-01-01,2026-12-31,0.98,EVI_VEH_REG_2448,True
PVL_2449,P_00216,VEH_2449,Registered_Owner,2024-01-01,2026-12-31,0.98,EVI_VEH_REG_2449,True
PVL_2450,P_02759,VEH_2450,Registered_Owner,2024-01-01,2026-12-31,0.98,EVI_VEH_REG_2450,True
PVL_2451,P_02775,VEH_2451,Registered_Owner,2024-01-01,2026-12-31,0.98,EVI_VEH_REG_2451,True
PVL_2452,P_03149,VEH_2452,Registered_Owner,2024-01-01,2026-12-31,0.98,EVI_VEH_REG_2452,True
PVL_2453,P_02376,VEH_2453,Registered_Owner,2024-01-01,2026-12-31,0.98,EVI_VEH_REG_2453,True
PVL_2454,P_02685,VEH_2454,Registered_Owner,2024-01-01,2026-12-31,0.98,EVI_VEH_REG_2454,True
PVL_2455,P_03347,VEH_2455,Registered_Owner,2024-01-01,2026-12-31,0.98,EVI_VEH_REG_2455,True
PVL_2456,P_04596,VEH_2456,Registered_Owner,2024-01-01,2026-12-31,0.98,EVI_VEH_REG_2456,True
PVL_2457,P_02713,VEH_2457,Registered_Owner,2024-01-01,2026-12-31,0.98,EVI_VEH_REG_2457,True
PVL_2458,P_00457,VEH_2458,Registered_Owner,2024-01-01,2026-12-31,0.98,EVI_VEH_REG_2458,True
PVL_2459,P_01413,VEH_2459,Registered_Owner,2024-01-01,2026-12-31,0.98,EVI_VEH_REG_2459,True
PVL_2460,P_04334,VEH_2460,Registered_Owner,2024-01-01,2026-12-31,0.98,EVI_VEH_REG_2460,True
PVL_2461,P_03157,VEH_2461,Registered_Owner,2024-01-01,2026-12-31,0.98,EVI_VEH_REG_2461,True
PVL_2462,P_00651,VEH_2462,Registered_Owner,2024-01-01,2026-12-31,0.98,EVI_VEH_REG_2462,True
PVL_2463,P_01708,VEH_2463,Registered_Owner,2024-01-01,2026-12-31,0.98,EVI_VEH_REG_2463,True
PVL_2464,P_04108,VEH_2464,Registered_Owner,2024-01-01,2026-12-31,0.98,EVI_VEH_REG_2464,True
PVL_2465,P_03173,VEH_2465,Registered_Owner,2024-01-01,2026-12-31,0.98,EVI_VEH_REG_2465,True
PVL_2466,P_02127,VEH_2466,Registered_Owner,2024-01-01,2026-12-31,0.98,EVI_VEH_REG_2466,True
PVL_2467,P_04897,VEH_2467,Registered_Owner,2024-01-01,2026-12-31,0.98,EVI_VEH_REG_2467,True
PVL_2468,P_01822,VEH_2468,Registered_Owner,2024-01-01,2026-12-31,0.98,EVI_VEH_REG_2468,True
PVL_2469,P_01801,VEH_2469,Registered_Owner,2024-01-01,2026-12-31,0.98,EVI_VEH_REG_2469,True
PVL_2470,P_03507,VEH_2470,Registered_Owner,2024-01-01,2026-12-31,0.98,EVI_VEH_REG_2470,True
PVL_2471,P_04005,VEH_2471,Registered_Owner,2024-01-01,2026-12-31,0.98,EVI_VEH_REG_2471,True
PVL_2472,P_04159,VEH_2472,Registered_Owner,2024-01-01,2026-12-31,0.98,EVI_VEH_REG_2472,True
PVL_2473,P_01962,VEH_2473,Registered_Owner,2024-01-01,2026-12-31,0.98,EVI_VEH_REG_2473,True
PVL_2474,P_03655,VEH_2474,Registered_Owner,2024-01-01,2026-12-31,0.98,EVI_VEH_REG_2474,True
PVL_2475,P_03190,VEH_2475,Registered_Owner,2024-01-01,2026-12-31,0.98,EVI_VEH_REG_2475,True
PVL_2476,P_00185,VEH_2476,Registered_Owner,2024-01-01,2026-12-31,0.98,EVI_VEH_REG_2476,True
PVL_2477,P_02874,VEH_2477,Registered_Owner,2024-01-01,2026-12-31,0.98,EVI_VEH_REG_2477,True
PVL_2478,P_01704,VEH_2478,Registered_Owner,2024-01-01,2026-12-31,0.98,EVI_VEH_REG_2478,True
PVL_2479,P_00275,VEH_2479,Registered_Owner,2024-01-01,2026-12-31,0.98,EVI_VEH_REG_2479,True
PVL_2480,P_02428,VEH_2480,Registered_Owner,2024-01-01,2026-12-31,0.98,EVI_VEH_REG_2480,True
PVL_2481,P_02994,VEH_2481,Registered_Owner,2024-01-01,2026-12-31,0.98,EVI_VEH_REG_2481,True
PVL_2482,P_03522,VEH_2482,Registered_Owner,2024-01-01,2026-12-31,0.98,EVI_VEH_REG_2482,True
PVL_2483,P_04675,VEH_2483,Registered_Owner,2024-01-01,2026-12-31,0.98,EVI_VEH_REG_2483,True
PVL_2484,P_03453,VEH_2484,Registered_Owner,2024-01-01,2026-12-31,0.98,EVI_VEH_REG_2484,True
PVL_2485,P_02576,VEH_2485,Registered_Owner,2024-01-01,2026-12-31,0.98,EVI_VEH_REG_2485,True
PVL_2486,P_01762,VEH_2486,Registered_Owner,2024-01-01,2026-12-31,0.98,EVI_VEH_REG_2486,True
PVL_2487,P_03676,VEH_2487,Registered_Owner,2024-01-01,2026-12-31,0.98,EVI_VEH_REG_2487,True
PVL_2488,P_03989,VEH_2488,Registered_Owner,2024-01-01,2026-12-31,0.98,EVI_VEH_REG_2488,True
PVL_2489,P_03141,VEH_2489,Registered_Owner,2024-01-01,2026-12-31,0.98,EVI_VEH_REG_2489,True
PVL_2490,P_03311,VEH_2490,Registered_Owner,2024-01-01,2026-12-31,0.98,EVI_VEH_REG_2490,True
PVL_2491,P_01345,VEH_2491,Registered_Owner,2024-01-01,2026-12-31,0.98,EVI_VEH_REG_2491,True
PVL_2492,P_03464,VEH_2492,Registered_Owner,2024-01-01,2026-12-31,0.98,EVI_VEH_REG_2492,True
PVL_2493,P_03460,VEH_2493,Registered_Owner,2024-01-01,2026-12-31,0.98,EVI_VEH_REG_2493,True
PVL_2494,P_00723,VEH_2494,Registered_Owner,2024-01-01,2026-12-31,0.98,EVI_VEH_REG_2494,True
PVL_2495,P_01747,VEH_2495,Registered_Owner,2024-01-01,2026-12-31,0.98,EVI_VEH_REG_2495,True
PVL_2496,P_02188,VEH_2496,Registered_Owner,2024-01-01,2026-12-31,0.98,EVI_VEH_REG_2496,True
PVL_2497,P_02682,VEH_2497,Registered_Owner,2024-01-01,2026-12-31,0.98,EVI_VEH_REG_2497,True
PVL_2498,P_04230,VEH_2498,Registered_Owner,2024-01-01,2026-12-31,0.98,EVI_VEH_REG_2498,True
PVL_2499,P_03389,VEH_2499,Registered_Owner,2024-01-01,2026-12-31,0.98,EVI_VEH_REG_2499,True
PVL_2500,P_03003,VEH_2500,Registered_Owner,2024-01-01,2026-12-31,0.98,EVI_VEH_REG_2500,True
