phone_id,normalized_hash,owner_person_id,carrier,first_seen,last_seen,status,synthetic_demo_record
PHN_00001,edf024782282ee21,P_01039,BSNL,2024-01-01,2025-12-31,active,True
PHN_00002,63450968919651fb,P_00190,Jio,2024-01-01,2025-12-31,active,True
PHN_00003,844370cbdabecdec,P_02734,BSNL,2024-01-01,2025-12-31,active,True
PHN_00004,82ea36a3583d6545,P_04024,Jio,2024-01-01,2025-12-31,active,True
PHN_00005,f6cb334156c9d7a0,P_01925,BSNL,2024-01-01,2025-12-31,active,True
PHN_00006,33b7df457ab09524,P_01641,Vi,2024-01-01,2025-12-31,active,True
PHN_00007,a2bf34363a8b0b42,P_01369,BSNL,2024-01-01,2025-12-31,active,True
PHN_00008,b43b80fd0e470196,P_02771,Airtel,2024-01-01,2025-12-31,active,True
PHN_00009,e42bb9c062a8932d,P_02261,Vi,2024-01-01,2025-12-31,active,True
PHN_00010,bbea93aa98ff91dd,P_02113,Airtel,2024-01-01,2025-12-31,active,True
PHN_00011,ac37dc83afb577d6,P_00912,Airtel,2024-01-01,2025-12-31,active,True
PHN_00012,f00e113d455aa195,P_03683,Jio,2024-01-01,2025-12-31,active,True
PHN_00013,c851d6f38cd43385,P_02883,BSNL,2024-01-01,2025-12-31,active,True
PHN_00014,f3f36d52221f9ff3,P_03347,Airtel,2024-01-01,2025-12-31,active,True
PHN_00015,b6132cb40cce85a5,P_00263,Vi,2024-01-01,2025-12-31,active,True
PHN_00016,8d9df6aace425b37,P_00115,Vi,2024-01-01,2025-12-31,active,True
PHN_00017,8975b1c5e5150b3c,P_03285,Jio,2024-01-01,2025-12-31,active,True
PHN_00018,2c718a1f9f887f0f,P_00942,BSNL,2024-01-01,2025-12-31,active,True
PHN_00019,362876445387b241,P_03679,BSNL,2024-01-01,2025-12-31,active,True
PHN_00020,534033be4bc587b8,P_03164,Jio,2024-01-01,2025-12-31,active,True
PHN_00021,5bca16c88e03ced0,P_04915,BSNL,2024-01-01,2025-12-31,active,True
PHN_00022,cd35b3b2d38b2015,P_04283,Vi,2024-01-01,2025-12-31,active,True
PHN_00023,cec1481db6b05f47,P_03502,Airtel,2024-01-01,2025-12-31,active,True
PHN_00024,42ba03d6029e27b4,P_02590,Vi,2024-01-01,2025-12-31,active,True
PHN_00025,52b447e9efdc765a,P_01227,Vi,2024-01-01,2025-12-31,active,True
PHN_00026,a0f1d549a7b6fc9e,P_04606,BSNL,2024-01-01,2025-12-31,active,True
PHN_00027,3ff9c409ee8ab73c,P_03723,Airtel,2024-01-01,2025-12-31,active,True
PHN_00028,9e3e619216e7b13b,P_04691,Jio,2024-01-01,2025-12-31,active,True
PHN_00029,487721726d9ccd50,P_03795,Airtel,2024-01-01,2025-12-31,active,True
PHN_00030,9ebd89c99244742b,P_03441,Vi,2024-01-01,2025-12-31,active,True
PHN_00031,08577de352529d23,P_00358,Jio,2024-01-01,2025-12-31,active,True
PHN_00032,f77f5ea099b2b2cd,P_00811,Vi,2024-01-01,2025-12-31,active,True
PHN_00033,9ff4267a8ac48cc5,P_00854,Airtel,2024-01-01,2025-12-31,active,True
PHN_00034,22335c1362eea33b,P_03591,BSNL,2024-01-01,2025-12-31,active,True
PHN_00035,696739f78ec80bce,P_04500,Airtel,2024-01-01,2025-12-31,active,True
PHN_00036,94153ea86023e835,P_01939,Airtel,2024-01-01,2025-12-31,active,True
PHN_00037,e81e9bc00e4c6e49,P_01663,BSNL,2024-01-01,2025-12-31,active,True
PHN_00038,d5a1992f18ce53a5,P_01130,Vi,2024-01-01,2025-12-31,active,True
PHN_00039,a89bc3f9c0b1764b,P_02120,BSNL,2024-01-01,2025-12-31,active,True
PHN_00040,9342a98693583c8f,P_01530,BSNL,2024-01-01,2025-12-31,active,True
PHN_00041,e6d3d86497bf46d7,P_03529,Jio,2024-01-01,2025-12-31,active,True
PHN_00042,b511c4c2792731e2,P_01857,BSNL,2024-01-01,2025-12-31,active,True
PHN_00043,5b476de2e0bff0ae,P_03056,Vi,2024-01-01,2025-12-31,active,True
PHN_00044,06ef3501d3d9696b,P_04544,Vi,2024-01-01,2025-12-31,active,True
PHN_00045,ebd3a2875b0c3b11,P_01645,Jio,2024-01-01,2025-12-31,active,True
PHN_00046,7bf006b357bfb78b,P_02502,Airtel,2024-01-01,2025-12-31,active,True
PHN_00047,35adede4d7d30824,P_03363,BSNL,2024-01-01,2025-12-31,active,True
PHN_00048,0aa1a1b109e9dd0b,P_01900,Vi,2024-01-01,2025-12-31,active,True
PHN_00049,378ec9ac1f4d3ea8,P_00034,BSNL,2024-01-01,2025-12-31,active,True
PHN_00050,91deb36ac23ea12c,P_00258,Jio,2024-01-01,2025-12-31,active,True
PHN_00051,4e5409ec1cd05b4c,P_01218,BSNL,2024-01-01,2025-12-31,active,True
PHN_00052,5403f06168e69bb7,P_02386,Jio,2024-01-01,2025-12-31,active,True
PHN_00053,f0ffffc93ac88ad5,P_04797,Jio,2024-01-01,2025-12-31,active,True
PHN_00054,ceb3747f00ec76ac,P_02381,Jio,2024-01-01,2025-12-31,active,True
PHN_00055,ef7f98b57861a7c9,P_04642,Jio,2024-01-01,2025-12-31,active,True
PHN_00056,29a2c5c22093dee9,P_00385,Jio,2024-01-01,2025-12-31,active,True
PHN_00057,7ca83a2ae486ebe8,P_03521,Vi,2024-01-01,2025-12-31,active,True
PHN_00058,d9ddb55ebf732650,P_04857,Vi,2024-01-01,2025-12-31,active,True
PHN_00059,bd4623da5291b840,P_02784,Airtel,2024-01-01,2025-12-31,active,True
PHN_00060,55870d70b97845e5,P_00318,Jio,2024-01-01,2025-12-31,active,True
PHN_00061,c9c90af8f39ebb54,P_03888,Vi,2024-01-01,2025-12-31,active,True
PHN_00062,7b22a8f6cbd6303c,P_03278,BSNL,2024-01-01,2025-12-31,active,True
PHN_00063,c2901c3e7ecf6b67,P_02491,Airtel,2024-01-01,2025-12-31,active,True
PHN_00064,f897ecc06c9a3068,P_00035,Vi,2024-01-01,2025-12-31,active,True
PHN_00065,67da17a9129a9167,P_01482,Vi,2024-01-01,2025-12-31,active,True
PHN_00066,bd4dd02c8d8140f7,P_04505,BSNL,2024-01-01,2025-12-31,active,True
PHN_00067,124aba6983200930,P_01618,BSNL,2024-01-01,2025-12-31,active,True
PHN_00068,3ea09b910b7fd3c6,P_01625,Jio,2024-01-01,2025-12-31,active,True
PHN_00069,d4af07e75cfb8a3b,P_03373,Vi,2024-01-01,2025-12-31,active,True
PHN_00070,636a322eb512126b,P_03276,Jio,2024-01-01,2025-12-31,active,True
PHN_00071,ca070c4d392c1b7d,P_00376,Jio,2024-01-01,2025-12-31,active,True
PHN_00072,6c27ca426a598046,P_04456,BSNL,2024-01-01,2025-12-31,active,True
PHN_00073,f5eacc7bcbf6a59d,P_00539,BSNL,2024-01-01,2025-12-31,active,True
PHN_00074,1707dc2256279c13,P_00764,Vi,2024-01-01,2025-12-31,active,True
PHN_00075,db8561db3eddfaaa,P_00008,Airtel,2024-01-01,2025-12-31,active,True
PHN_00076,4adbda6f6f2e159a,P_02930,Jio,2024-01-01,2025-12-31,active,True
PHN_00077,c701256fee5d9e4b,P_03336,Airtel,2024-01-01,2025-12-31,active,True
PHN_00078,2d5bce1d5e464bc5,P_01210,BSNL,2024-01-01,2025-12-31,active,True
PHN_00079,9846f4b32cb27e30,P_02156,Vi,2024-01-01,2025-12-31,active,True
PHN_00080,34bdca41833dab3a,P_04713,Vi,2024-01-01,2025-12-31,active,True
PHN_00081,37a28df916e1fde3,P_03391,Airtel,2024-01-01,2025-12-31,active,True
PHN_00082,3a70e01d13c29aa8,P_03532,Jio,2024-01-01,2025-12-31,active,True
PHN_00083,2572cce5fe8793b0,P_02621,Vi,2024-01-01,2025-12-31,active,True
PHN_00084,810be62492f520e0,P_04185,Vi,2024-01-01,2025-12-31,active,True
PHN_00085,eb3dcbf75f7bab5e,P_00652,BSNL,2024-01-01,2025-12-31,active,True
PHN_00086,cd36aefdf533ac00,P_00122,Vi,2024-01-01,2025-12-31,active,True
PHN_00087,4d857f15f7cb95e2,P_04695,Airtel,2024-01-01,2025-12-31,active,True
PHN_00088,7a9133d70ee7d37a,P_04501,BSNL,2024-01-01,2025-12-31,active,True
PHN_00089,1cd31ae812854c1a,P_02813,BSNL,2024-01-01,2025-12-31,active,True
PHN_00090,4122220e1516250f,P_02593,Airtel,2024-01-01,2025-12-31,active,True
PHN_00091,05be40bfc9288c56,P_00487,Jio,2024-01-01,2025-12-31,active,True
PHN_00092,e18433ccf9c9216f,P_02821,Airtel,2024-01-01,2025-12-31,active,True
PHN_00093,d414784b1f41606e,P_04433,Airtel,2024-01-01,2025-12-31,active,True
PHN_00094,c019db047c6aad3a,P_00408,BSNL,2024-01-01,2025-12-31,active,True
PHN_00095,990bc1e50aee3c93,P_02291,Jio,2024-01-01,2025-12-31,active,True
PHN_00096,89b99dbce6c3b2ad,P_02065,Airtel,2024-01-01,2025-12-31,active,True
PHN_00097,7aa1546e3db40a03,P_04941,BSNL,2024-01-01,2025-12-31,active,True
PHN_00098,9afe578b8dce64ac,P_02336,Vi,2024-01-01,2025-12-31,active,True
PHN_00099,df070f976f41ef0e,P_01862,Airtel,2024-01-01,2025-12-31,active,True
PHN_00100,5c7806e461d7962e,P_04860,Vi,2024-01-01,2025-12-31,active,True
PHN_00101,d13fa0ab5946f720,P_03741,BSNL,2024-01-01,2025-12-31,active,True
PHN_00102,0a0fdbb55740790c,P_04183,Vi,2024-01-01,2025-12-31,active,True
PHN_00103,67f29d05bba63c19,P_00441,BSNL,2024-01-01,2025-12-31,active,True
PHN_00104,141fc9a252f04715,P_03723,Vi,2024-01-01,2025-12-31,active,True
PHN_00105,c8b5c0d8ee0d4ecc,P_03223,BSNL,2024-01-01,2025-12-31,active,True
PHN_00106,068f3cb6fc99cc2c,P_01232,Airtel,2024-01-01,2025-12-31,active,True
PHN_00107,5d4b651d7cc79bc2,P_02472,Jio,2024-01-01,2025-12-31,active,True
PHN_00108,ebf54e33d52cf824,P_03360,Jio,2024-01-01,2025-12-31,active,True
PHN_00109,197c9ad81f6b3bf1,P_00179,BSNL,2024-01-01,2025-12-31,active,True
PHN_00110,e3237adea24fec75,P_04580,Vi,2024-01-01,2025-12-31,active,True
PHN_00111,7b5042a0dfee5615,P_01424,Airtel,2024-01-01,2025-12-31,active,True
PHN_00112,e7fa9087ff4bcd6e,P_04743,Airtel,2024-01-01,2025-12-31,active,True
PHN_00113,ed709fb0a1b79cc0,P_00541,Vi,2024-01-01,2025-12-31,active,True
PHN_00114,4245ca8f00563930,P_01075,Airtel,2024-01-01,2025-12-31,active,True
PHN_00115,e426b23635a11692,P_04215,BSNL,2024-01-01,2025-12-31,active,True
PHN_00116,31ad29e425aef604,P_02913,Vi,2024-01-01,2025-12-31,active,True
PHN_00117,4cc3bbb1d9b2b547,P_04952,Jio,2024-01-01,2025-12-31,active,True
PHN_00118,1564bd671706c71d,P_01475,Jio,2024-01-01,2025-12-31,active,True
PHN_00119,b6011bc94ebb5bf2,P_00015,Vi,2024-01-01,2025-12-31,active,True
PHN_00120,5e7dc2c51c499f23,P_03847,Jio,2024-01-01,2025-12-31,active,True
PHN_00121,4db09403bfcd3dcb,P_02963,Vi,2024-01-01,2025-12-31,active,True
PHN_00122,61e6f3c051e78b92,P_01873,Vi,2024-01-01,2025-12-31,active,True
PHN_00123,97eb34f4143914eb,P_03104,Jio,2024-01-01,2025-12-31,active,True
PHN_00124,562df0f6d442be63,P_01208,Vi,2024-01-01,2025-12-31,active,True
PHN_00125,79aefaa4b43511e3,P_01676,Vi,2024-01-01,2025-12-31,active,True
PHN_00126,59b44f1d169b1b18,P_00458,Jio,2024-01-01,2025-12-31,active,True
PHN_00127,138c834d8e2937c6,P_04308,BSNL,2024-01-01,2025-12-31,active,True
PHN_00128,f7c01d029bd02488,P_01774,Airtel,2024-01-01,2025-12-31,active,True
PHN_00129,c3fbdf345d362fb8,P_04841,Vi,2024-01-01,2025-12-31,active,True
PHN_00130,27cd83afe02ce608,P_01956,BSNL,2024-01-01,2025-12-31,active,True
PHN_00131,b706bcaf3fb5ed9b,P_04019,Vi,2024-01-01,2025-12-31,active,True
PHN_00132,43e85f081feb510e,P_02672,Jio,2024-01-01,2025-12-31,active,True
PHN_00133,23e6c90a8918b92d,P_03872,Jio,2024-01-01,2025-12-31,active,True
PHN_00134,7ac2a63c3309d8a7,P_01279,Airtel,2024-01-01,2025-12-31,active,True
PHN_00135,9ed613f042265e01,P_00601,Jio,2024-01-01,2025-12-31,active,True
PHN_00136,7e3b432f9f42f5a6,P_00585,BSNL,2024-01-01,2025-12-31,active,True
PHN_00137,b15ab17bdbbb486a,P_02528,Airtel,2024-01-01,2025-12-31,active,True
PHN_00138,c57dd791abec8706,P_00776,Jio,2024-01-01,2025-12-31,active,True
PHN_00139,3d8379288a0a4d26,P_02617,Vi,2024-01-01,2025-12-31,active,True
PHN_00140,48079045eaee2db2,P_04158,Airtel,2024-01-01,2025-12-31,active,True
PHN_00141,53543e648d7f2ab0,P_03805,BSNL,2024-01-01,2025-12-31,active,True
PHN_00142,324a231b90968a2b,P_00425,Jio,2024-01-01,2025-12-31,active,True
PHN_00143,235245d86dd5cef6,P_03031,BSNL,2024-01-01,2025-12-31,active,True
PHN_00144,26c2353d654717fc,P_00206,Vi,2024-01-01,2025-12-31,active,True
PHN_00145,761f5927e20bc84a,P_00164,BSNL,2024-01-01,2025-12-31,active,True
PHN_00146,5720f8eb36cc5b22,P_01067,Airtel,2024-01-01,2025-12-31,active,True
PHN_00147,5f01fecb1e63ca7f,P_01520,BSNL,2024-01-01,2025-12-31,active,True
PHN_00148,2bdd16bc02a0550d,P_01469,Airtel,2024-01-01,2025-12-31,active,True
PHN_00149,547687125292f7a3,P_01065,Vi,2024-01-01,2025-12-31,active,True
PHN_00150,3b7caf06d5683661,P_03712,Jio,2024-01-01,2025-12-31,active,True
PHN_00151,c8cf9e22483bbf54,P_04160,Jio,2024-01-01,2025-12-31,active,True
PHN_00152,bd22f178a4e4faba,P_02140,Jio,2024-01-01,2025-12-31,active,True
PHN_00153,8e312803d1081fd5,P_03943,Airtel,2024-01-01,2025-12-31,active,True
PHN_00154,e65130d4dbd66248,P_03613,BSNL,2024-01-01,2025-12-31,active,True
PHN_00155,376ea8e4f7293f73,P_04149,Vi,2024-01-01,2025-12-31,active,True
PHN_00156,cce45535b738c94b,P_01336,Airtel,2024-01-01,2025-12-31,active,True
PHN_00157,85b9f50dfaa3006c,P_04825,BSNL,2024-01-01,2025-12-31,active,True
PHN_00158,17cfed80eb43d918,P_01599,Jio,2024-01-01,2025-12-31,active,True
PHN_00159,094a716e81baf7e5,P_04350,Vi,2024-01-01,2025-12-31,active,True
PHN_00160,af5e6a3a38c05fe9,P_02319,Jio,2024-01-01,2025-12-31,active,True
PHN_00161,b2eebb5a8ba9f810,P_04803,Airtel,2024-01-01,2025-12-31,active,True
PHN_00162,61fe4984dc27cbd0,P_04249,BSNL,2024-01-01,2025-12-31,active,True
PHN_00163,dd07428f0fd47968,P_04659,Airtel,2024-01-01,2025-12-31,active,True
PHN_00164,823843800de6b4be,P_03275,Jio,2024-01-01,2025-12-31,active,True
PHN_00165,9b19bf1d76fdb848,P_00825,Vi,2024-01-01,2025-12-31,active,True
PHN_00166,11c27620ddbe2423,P_00858,Vi,2024-01-01,2025-12-31,active,True
PHN_00167,8872383143817b9a,P_01360,Vi,2024-01-01,2025-12-31,active,True
PHN_00168,99505304a53c6a61,P_03657,BSNL,2024-01-01,2025-12-31,active,True
PHN_00169,63243016673949fc,P_00810,Vi,2024-01-01,2025-12-31,active,True
PHN_00170,6498c83c47441b80,P_01835,Airtel,2024-01-01,2025-12-31,active,True
PHN_00171,a4aa86f7edb27d31,P_00579,BSNL,2024-01-01,2025-12-31,active,True
PHN_00172,115770adf22ce14c,P_04704,Jio,2024-01-01,2025-12-31,active,True
PHN_00173,0344de1053018655,P_01747,Vi,2024-01-01,2025-12-31,active,True
PHN_00174,4c35662aaa2979fe,P_04152,BSNL,2024-01-01,2025-12-31,active,True
PHN_00175,82d60ddb3f7059dc,P_00521,BSNL,2024-01-01,2025-12-31,active,True
PHN_00176,4e2349aa737e48f6,P_00777,BSNL,2024-01-01,2025-12-31,active,True
PHN_00177,3a121aeb2152ab91,P_02956,Jio,2024-01-01,2025-12-31,active,True
PHN_00178,24a9470eb927ae8d,P_01168,Jio,2024-01-01,2025-12-31,active,True
PHN_00179,5591c1fee073f4e2,P_00168,Airtel,2024-01-01,2025-12-31,active,True
PHN_00180,9b5c6ebcb18bc627,P_04182,BSNL,2024-01-01,2025-12-31,active,True
PHN_00181,ba99544d3691bd13,P_02521,Vi,2024-01-01,2025-12-31,active,True
PHN_00182,9c1cace827f6100d,P_04371,BSNL,2024-01-01,2025-12-31,active,True
PHN_00183,091128d2f8ffbb15,P_00463,Vi,2024-01-01,2025-12-31,active,True
PHN_00184,5a5603095f2e0dd4,P_00989,Airtel,2024-01-01,2025-12-31,active,True
PHN_00185,1f02f15303aac8f2,P_02668,Jio,2024-01-01,2025-12-31,active,True
PHN_00186,eb5cb728474c157b,P_03456,Jio,2024-01-01,2025-12-31,active,True
PHN_00187,0a60207adddedc95,P_00023,Airtel,2024-01-01,2025-12-31,active,True
PHN_00188,2c33716e65643368,P_04159,Airtel,2024-01-01,2025-12-31,active,True
PHN_00189,479bc5ce59060dbb,P_01398,BSNL,2024-01-01,2025-12-31,active,True
PHN_00190,dd7c99151c4d5b48,P_04715,BSNL,2024-01-01,2025-12-31,active,True
PHN_00191,53b192e7d7cfd4ba,P_02399,Airtel,2024-01-01,2025-12-31,active,True
PHN_00192,2ac6ad6d3d0984f4,P_01467,BSNL,2024-01-01,2025-12-31,active,True
PHN_00193,4beb6dafaeb8b7f0,P_02599,Jio,2024-01-01,2025-12-31,active,True
PHN_00194,fe80e86b72869812,P_00629,Airtel,2024-01-01,2025-12-31,active,True
PHN_00195,b82148a802dcae72,P_02180,BSNL,2024-01-01,2025-12-31,active,True
PHN_00196,357dd82f9b95542c,P_01098,Jio,2024-01-01,2025-12-31,active,True
PHN_00197,b55b282cdd3db93e,P_03642,BSNL,2024-01-01,2025-12-31,active,True
PHN_00198,efb8c3cff275eea2,P_04937,Jio,2024-01-01,2025-12-31,active,True
PHN_00199,72c5c7c9121b75cb,P_02544,Vi,2024-01-01,2025-12-31,active,True
PHN_00200,ff1dc7e0787aadbb,P_02105,Vi,2024-01-01,2025-12-31,active,True
PHN_00201,a7497ebd2c835704,P_00943,BSNL,2024-01-01,2025-12-31,active,True
PHN_00202,ee792584dab8dedd,P_02262,BSNL,2024-01-01,2025-12-31,active,True
PHN_00203,6518f482d2479b8e,P_01441,Vi,2024-01-01,2025-12-31,active,True
PHN_00204,4f9a5fb8261b70c7,P_01659,Vi,2024-01-01,2025-12-31,active,True
PHN_00205,58dcd29c79e3182f,P_00052,Airtel,2024-01-01,2025-12-31,active,True
PHN_00206,067e32a198756ac0,P_04136,Jio,2024-01-01,2025-12-31,active,True
PHN_00207,63d5516daec113fd,P_02907,Airtel,2024-01-01,2025-12-31,active,True
PHN_00208,3bb0a0f5c17b8fd5,P_03392,Vi,2024-01-01,2025-12-31,active,True
PHN_00209,3767dea50cf07cb2,P_00046,BSNL,2024-01-01,2025-12-31,active,True
PHN_00210,e65d09c92dee34ae,P_00482,Jio,2024-01-01,2025-12-31,active,True
PHN_00211,a917cad9ab58e3d7,P_04034,Vi,2024-01-01,2025-12-31,active,True
PHN_00212,fd61e4988b493ac7,P_00727,Jio,2024-01-01,2025-12-31,active,True
PHN_00213,fd7f503d3f12bb3f,P_00251,Jio,2024-01-01,2025-12-31,active,True
PHN_00214,230af5a07de1a019,P_04449,BSNL,2024-01-01,2025-12-31,active,True
PHN_00215,d67dca69184c2c5f,P_01070,BSNL,2024-01-01,2025-12-31,active,True
PHN_00216,2f27f1a164c00cc5,P_02910,Jio,2024-01-01,2025-12-31,active,True
PHN_00217,39aba6260bab2db9,P_02292,Vi,2024-01-01,2025-12-31,active,True
PHN_00218,c8e26e49ff5d68c1,P_03394,Jio,2024-01-01,2025-12-31,active,True
PHN_00219,ea3e041f30de38db,P_03344,BSNL,2024-01-01,2025-12-31,active,True
PHN_00220,9e8e82f0e7e2e4ad,P_03084,Jio,2024-01-01,2025-12-31,active,True
PHN_00221,6fa4223a72121a36,P_02728,Vi,2024-01-01,2025-12-31,active,True
PHN_00222,2d0e10671a0450b9,P_01922,Jio,2024-01-01,2025-12-31,active,True
PHN_00223,6467e59751f0f276,P_00665,Airtel,2024-01-01,2025-12-31,active,True
PHN_00224,cfcd3fc03ccea32b,P_03213,Vi,2024-01-01,2025-12-31,active,True
PHN_00225,0c61df298dd95044,P_02804,BSNL,2024-01-01,2025-12-31,active,True
PHN_00226,815c483d2d45475a,P_02040,Vi,2024-01-01,2025-12-31,active,True
PHN_00227,7dbd5b7c99676299,P_03435,BSNL,2024-01-01,2025-12-31,active,True
PHN_00228,9ff9fbf79032d768,P_02972,Airtel,2024-01-01,2025-12-31,active,True
PHN_00229,ebb69ac87f7fe958,P_01141,BSNL,2024-01-01,2025-12-31,active,True
PHN_00230,3697135728b6c410,P_03930,Jio,2024-01-01,2025-12-31,active,True
PHN_00231,57857b59cf06ab94,P_00481,Jio,2024-01-01,2025-12-31,active,True
PHN_00232,9c3c6cdaa111ccb2,P_03549,Vi,2024-01-01,2025-12-31,active,True
PHN_00233,d6c2aa1497e3adb4,P_00173,Airtel,2024-01-01,2025-12-31,active,True
PHN_00234,8b92d477822ac633,P_01997,Vi,2024-01-01,2025-12-31,active,True
PHN_00235,fcba108f23ab69eb,P_03492,Jio,2024-01-01,2025-12-31,active,True
PHN_00236,aedb06d116422782,P_02545,Jio,2024-01-01,2025-12-31,active,True
PHN_00237,76212b5b60c6d114,P_03426,BSNL,2024-01-01,2025-12-31,active,True
PHN_00238,330a3a8841b4d008,P_02740,BSNL,2024-01-01,2025-12-31,active,True
PHN_00239,9405b570d6cbd50e,P_01801,Vi,2024-01-01,2025-12-31,active,True
PHN_00240,88f1012c4b23a27c,P_01670,Airtel,2024-01-01,2025-12-31,active,True
PHN_00241,9020774363c82933,P_04046,Jio,2024-01-01,2025-12-31,active,True
PHN_00242,e7d33ede245d204d,P_04117,Jio,2024-01-01,2025-12-31,active,True
PHN_00243,4e7f793f2376f30b,P_03424,Airtel,2024-01-01,2025-12-31,active,True
PHN_00244,0093b93370ea28a6,P_00512,BSNL,2024-01-01,2025-12-31,active,True
PHN_00245,9dd3acbf0911bd10,P_00913,Jio,2024-01-01,2025-12-31,active,True
PHN_00246,c5ca3458dafcf651,P_03924,Jio,2024-01-01,2025-12-31,active,True
PHN_00247,ebfcd38be738bffc,P_03538,Jio,2024-01-01,2025-12-31,active,True
PHN_00248,95665adff240fb20,P_03255,Jio,2024-01-01,2025-12-31,active,True
PHN_00249,e692cdbea2839fcc,P_01805,BSNL,2024-01-01,2025-12-31,active,True
PHN_00250,f050c3cc0261a3a6,P_00473,Jio,2024-01-01,2025-12-31,active,True
PHN_00251,8c25fffe29609fd3,P_02254,Jio,2024-01-01,2025-12-31,active,True
PHN_00252,5ca74fd5dde304a6,P_03770,BSNL,2024-01-01,2025-12-31,active,True
PHN_00253,3f78ef3eb6ed6f19,P_03630,BSNL,2024-01-01,2025-12-31,active,True
PHN_00254,02ea9a7a9c530e00,P_01661,Vi,2024-01-01,2025-12-31,active,True
PHN_00255,26f153cfe1937f3f,P_03379,Jio,2024-01-01,2025-12-31,active,True
PHN_00256,ad38ce493c208ded,P_04651,BSNL,2024-01-01,2025-12-31,active,True
PHN_00257,af4b47a6bd85ed58,P_00399,BSNL,2024-01-01,2025-12-31,active,True
PHN_00258,357b49bacd361362,P_02270,BSNL,2024-01-01,2025-12-31,active,True
PHN_00259,85489996730c5dad,P_00568,Airtel,2024-01-01,2025-12-31,active,True
PHN_00260,520fa01c243c1451,P_04957,Airtel,2024-01-01,2025-12-31,active,True
PHN_00261,3dc3f9f8d6efd487,P_00151,BSNL,2024-01-01,2025-12-31,active,True
PHN_00262,ddfd91e7ad6057f7,P_04029,Vi,2024-01-01,2025-12-31,active,True
PHN_00263,30e88863a46dfb1d,P_03843,Airtel,2024-01-01,2025-12-31,active,True
PHN_00264,830b284f18797f0a,P_02145,BSNL,2024-01-01,2025-12-31,active,True
PHN_00265,01dcf4cc8685c4fe,P_02853,BSNL,2024-01-01,2025-12-31,active,True
PHN_00266,94723001a4b3665a,P_04447,BSNL,2024-01-01,2025-12-31,active,True
PHN_00267,25f337172fa74d3e,P_01450,Vi,2024-01-01,2025-12-31,active,True
PHN_00268,7aca1bb9270de04f,P_04211,Airtel,2024-01-01,2025-12-31,active,True
PHN_00269,72c9795d98baa74b,P_00101,BSNL,2024-01-01,2025-12-31,active,True
PHN_00270,9f86e2d08ecaebe7,P_00531,Vi,2024-01-01,2025-12-31,active,True
PHN_00271,479320724f80c501,P_03999,Vi,2024-01-01,2025-12-31,active,True
PHN_00272,c53a88e441cd5be5,P_00131,Airtel,2024-01-01,2025-12-31,active,True
PHN_00273,35e775ef61914bf6,P_01771,BSNL,2024-01-01,2025-12-31,active,True
PHN_00274,830e546fb9f74976,P_01241,Jio,2024-01-01,2025-12-31,active,True
PHN_00275,c3d31f745ce8890d,P_00538,BSNL,2024-01-01,2025-12-31,active,True
PHN_00276,13c952e1f4947a24,P_03655,Jio,2024-01-01,2025-12-31,active,True
PHN_00277,2a1a1ff688ff8909,P_02318,Airtel,2024-01-01,2025-12-31,active,True
PHN_00278,d3324e9c1ddc0e1e,P_04477,Vi,2024-01-01,2025-12-31,active,True
PHN_00279,c6229d713773c8f6,P_03324,Jio,2024-01-01,2025-12-31,active,True
PHN_00280,fcbf26f082fb24b9,P_01966,Jio,2024-01-01,2025-12-31,active,True
PHN_00281,03ec4b78341bca3c,P_03442,Jio,2024-01-01,2025-12-31,active,True
PHN_00282,5d89b7ecdf1cd78f,P_04653,Airtel,2024-01-01,2025-12-31,active,True
PHN_00283,1a5f3d602b9d8572,P_01775,Jio,2024-01-01,2025-12-31,active,True
PHN_00284,2c2db0305cccb8b2,P_03062,BSNL,2024-01-01,2025-12-31,active,True
PHN_00285,e3532150554cc60a,P_01932,Jio,2024-01-01,2025-12-31,active,True
PHN_00286,da544a0ffefddee6,P_01825,Jio,2024-01-01,2025-12-31,active,True
PHN_00287,ce20004023faaba6,P_02987,Jio,2024-01-01,2025-12-31,active,True
PHN_00288,f3f72db5ad37d44b,P_01977,Jio,2024-01-01,2025-12-31,active,True
PHN_00289,5a0a1394347c09b4,P_00216,BSNL,2024-01-01,2025-12-31,active,True
PHN_00290,033f68677fea488c,P_04868,Vi,2024-01-01,2025-12-31,active,True
PHN_00291,71e2019c00d8b3ec,P_03541,Vi,2024-01-01,2025-12-31,active,True
PHN_00292,37e93cf0745c2be8,P_04903,Jio,2024-01-01,2025-12-31,active,True
PHN_00293,2bb7565387504a95,P_02844,Jio,2024-01-01,2025-12-31,active,True
PHN_00294,b3dee4356f463e0b,P_02692,Airtel,2024-01-01,2025-12-31,active,True
PHN_00295,c65ea9fc7dd5d3ad,P_02137,BSNL,2024-01-01,2025-12-31,active,True
PHN_00296,a36c9f380a09347c,P_04586,Jio,2024-01-01,2025-12-31,active,True
PHN_00297,d5ea89b613e533d9,P_00596,Airtel,2024-01-01,2025-12-31,active,True
PHN_00298,160b47460952c979,P_03556,Jio,2024-01-01,2025-12-31,active,True
PHN_00299,fda07e164dfa59d4,P_00173,BSNL,2024-01-01,2025-12-31,active,True
PHN_00300,e62172e7238ab1ef,P_00410,BSNL,2024-01-01,2025-12-31,active,True
PHN_00301,70c7320e560b8669,P_04378,Vi,2024-01-01,2025-12-31,active,True
PHN_00302,9eac5a49ef98fc1e,P_02526,BSNL,2024-01-01,2025-12-31,active,True
PHN_00303,75c8e0ec4a1ccfa9,P_03496,Jio,2024-01-01,2025-12-31,active,True
PHN_00304,ae126c60aceecba6,P_00843,BSNL,2024-01-01,2025-12-31,active,True
PHN_00305,fc08c9877de4d0a2,P_01247,Vi,2024-01-01,2025-12-31,active,True
PHN_00306,17c7d8208477f9f1,P_01337,BSNL,2024-01-01,2025-12-31,active,True
PHN_00307,6ae0f67b8f277c12,P_03841,Jio,2024-01-01,2025-12-31,active,True
PHN_00308,607f72238e15b39d,P_02805,Vi,2024-01-01,2025-12-31,active,True
PHN_00309,622ee25c74ac7b35,P_04542,Vi,2024-01-01,2025-12-31,active,True
PHN_00310,edaf317c8f70dc22,P_00096,BSNL,2024-01-01,2025-12-31,active,True
PHN_00311,e787550783ac1c21,P_03970,Vi,2024-01-01,2025-12-31,active,True
PHN_00312,1058926fe222738b,P_03967,Vi,2024-01-01,2025-12-31,active,True
PHN_00313,a03d7fd56f1b0d61,P_00056,Airtel,2024-01-01,2025-12-31,active,True
PHN_00314,e8cf7f7c943c8326,P_00482,Jio,2024-01-01,2025-12-31,active,True
PHN_00315,8a5ad7d24ea75324,P_02995,BSNL,2024-01-01,2025-12-31,active,True
PHN_00316,e64161ed79fa612a,P_00757,Vi,2024-01-01,2025-12-31,active,True
PHN_00317,163c18ecf9c0d21c,P_04830,BSNL,2024-01-01,2025-12-31,active,True
PHN_00318,b919720dfffe6bac,P_01459,Vi,2024-01-01,2025-12-31,active,True
PHN_00319,fa2b597136f46cb4,P_02037,BSNL,2024-01-01,2025-12-31,active,True
PHN_00320,73e93d2cf5ee43a6,P_03436,Jio,2024-01-01,2025-12-31,active,True
PHN_00321,caa21c05f5692c6d,P_04998,Vi,2024-01-01,2025-12-31,active,True
PHN_00322,084bdd59195bcb66,P_04242,Airtel,2024-01-01,2025-12-31,active,True
PHN_00323,01508ab2fb1ca678,P_02973,Jio,2024-01-01,2025-12-31,active,True
PHN_00324,ccae42c9c80fc00a,P_00678,Airtel,2024-01-01,2025-12-31,active,True
PHN_00325,7c8f896d787239e4,P_03306,Airtel,2024-01-01,2025-12-31,active,True
PHN_00326,79e51e65ec17fc05,P_02198,Airtel,2024-01-01,2025-12-31,active,True
PHN_00327,7337522510d2b962,P_01188,BSNL,2024-01-01,2025-12-31,active,True
PHN_00328,2fc048089c9af3f0,P_03879,Vi,2024-01-01,2025-12-31,active,True
PHN_00329,0009742f6570a546,P_04729,Airtel,2024-01-01,2025-12-31,active,True
PHN_00330,f5bd64044177111f,P_03463,Airtel,2024-01-01,2025-12-31,active,True
PHN_00331,492c0c74e92b1410,P_01924,Vi,2024-01-01,2025-12-31,active,True
PHN_00332,7728b2ad6b9d7d15,P_03038,Airtel,2024-01-01,2025-12-31,active,True
PHN_00333,3c6359cac3ccb15d,P_02328,Airtel,2024-01-01,2025-12-31,active,True
PHN_00334,512190ace1893083,P_00749,Jio,2024-01-01,2025-12-31,active,True
PHN_00335,5638d9ba1d498eee,P_00961,Vi,2024-01-01,2025-12-31,active,True
PHN_00336,95260174ea0afa0b,P_02777,BSNL,2024-01-01,2025-12-31,active,True
PHN_00337,f19a3a517c75669a,P_04932,Jio,2024-01-01,2025-12-31,active,True
PHN_00338,e4e62a393a4d93f4,P_03037,Airtel,2024-01-01,2025-12-31,active,True
PHN_00339,d5f02e5c3db2ad4d,P_04067,Vi,2024-01-01,2025-12-31,active,True
PHN_00340,6f311514d28f2412,P_02084,Airtel,2024-01-01,2025-12-31,active,True
PHN_00341,2354a430337c1e66,P_03855,Jio,2024-01-01,2025-12-31,active,True
PHN_00342,6bb0e6ebc3d6bc6b,P_04227,BSNL,2024-01-01,2025-12-31,active,True
PHN_00343,3f83c2123d9c5536,P_01985,BSNL,2024-01-01,2025-12-31,active,True
PHN_00344,b8a169dbadf62bf6,P_02619,Vi,2024-01-01,2025-12-31,active,True
PHN_00345,f2b115fa91677dd0,P_01226,Airtel,2024-01-01,2025-12-31,active,True
PHN_00346,86e2c80c6fd79a42,P_02332,Vi,2024-01-01,2025-12-31,active,True
PHN_00347,fcbdf581ef7bd05c,P_01186,Airtel,2024-01-01,2025-12-31,active,True
PHN_00348,b13d247ee3d4ac2b,P_04661,BSNL,2024-01-01,2025-12-31,active,True
PHN_00349,10681ce598574b97,P_04720,Vi,2024-01-01,2025-12-31,active,True
PHN_00350,9539f5d5d91430f8,P_03582,Jio,2024-01-01,2025-12-31,active,True
PHN_00351,cf90caeedc5bca67,P_04117,Airtel,2024-01-01,2025-12-31,active,True
PHN_00352,d55aaaf8d9864b15,P_03063,Jio,2024-01-01,2025-12-31,active,True
PHN_00353,1e4605e6ae53675c,P_03444,Vi,2024-01-01,2025-12-31,active,True
PHN_00354,2458c407e36fd676,P_02672,Jio,2024-01-01,2025-12-31,active,True
PHN_00355,c585039ad73eb225,P_02046,Airtel,2024-01-01,2025-12-31,active,True
PHN_00356,c626e632010f027e,P_02446,BSNL,2024-01-01,2025-12-31,active,True
PHN_00357,c9d08a327e2ee15f,P_04029,BSNL,2024-01-01,2025-12-31,active,True
PHN_00358,fb6f4d8646509a0b,P_01534,Vi,2024-01-01,2025-12-31,active,True
PHN_00359,4ac88e4f37b1e4f9,P_04369,Airtel,2024-01-01,2025-12-31,active,True
PHN_00360,a1a91cfcfa9b108e,P_04724,BSNL,2024-01-01,2025-12-31,active,True
PHN_00361,7206bad3d9f3df6c,P_00191,Airtel,2024-01-01,2025-12-31,active,True
PHN_00362,bf5e9c7a400f74a6,P_02959,BSNL,2024-01-01,2025-12-31,active,True
PHN_00363,4af5853207ff8896,P_01783,Jio,2024-01-01,2025-12-31,active,True
PHN_00364,f770e47af3d06a6e,P_04386,Vi,2024-01-01,2025-12-31,active,True
PHN_00365,c6f73278fc3ece1e,P_02885,Airtel,2024-01-01,2025-12-31,active,True
PHN_00366,2a01dab1be9a0e5f,P_01114,Airtel,2024-01-01,2025-12-31,active,True
PHN_00367,ec2ccfa0d2f7f48f,P_01662,Jio,2024-01-01,2025-12-31,active,True
PHN_00368,3305a7d01020e57d,P_03349,Vi,2024-01-01,2025-12-31,active,True
PHN_00369,ea869f2ea44f5a89,P_00165,Jio,2024-01-01,2025-12-31,active,True
PHN_00370,77b05e67c981c5eb,P_03032,Airtel,2024-01-01,2025-12-31,active,True
PHN_00371,0921cd69cbbce84b,P_03681,Airtel,2024-01-01,2025-12-31,active,True
PHN_00372,7e12ee04c5c2be59,P_02012,Vi,2024-01-01,2025-12-31,active,True
PHN_00373,3508a363e0ad85d2,P_03636,Vi,2024-01-01,2025-12-31,active,True
PHN_00374,fe056d7fc8eb49c6,P_03111,BSNL,2024-01-01,2025-12-31,active,True
PHN_00375,653d7123d0365986,P_01733,Jio,2024-01-01,2025-12-31,active,True
PHN_00376,e27f7129bfb7e864,P_01937,BSNL,2024-01-01,2025-12-31,active,True
PHN_00377,f242c6517db75c4f,P_00065,Jio,2024-01-01,2025-12-31,active,True
PHN_00378,b68bf13f74aa3d50,P_02727,Airtel,2024-01-01,2025-12-31,active,True
PHN_00379,2a14f3a3dd4d8077,P_04017,Jio,2024-01-01,2025-12-31,active,True
PHN_00380,cb130cd0c24897a6,P_01441,Airtel,2024-01-01,2025-12-31,active,True
PHN_00381,3d7a50a1c24d2f21,P_03198,BSNL,2024-01-01,2025-12-31,active,True
PHN_00382,b3b96496c2b578ef,P_02980,BSNL,2024-01-01,2025-12-31,active,True
PHN_00383,8d8764c150a8b53d,P_03187,Vi,2024-01-01,2025-12-31,active,True
PHN_00384,f79874c656dae2eb,P_02722,Airtel,2024-01-01,2025-12-31,active,True
PHN_00385,9768800774f8638b,P_02685,Airtel,2024-01-01,2025-12-31,active,True
PHN_00386,7e04368677d6084b,P_01385,Jio,2024-01-01,2025-12-31,active,True
PHN_00387,9f9148f10e4882d9,P_04034,Airtel,2024-01-01,2025-12-31,active,True
PHN_00388,00962068b114a0a9,P_02347,Vi,2024-01-01,2025-12-31,active,True
PHN_00389,2bee44f4db836993,P_02251,BSNL,2024-01-01,2025-12-31,active,True
PHN_00390,054b2c4786e83d78,P_01000,Jio,2024-01-01,2025-12-31,active,True
PHN_00391,e9638b09bd2dfc07,P_03667,BSNL,2024-01-01,2025-12-31,active,True
PHN_00392,d312b3ed31ccb194,P_00364,Airtel,2024-01-01,2025-12-31,active,True
PHN_00393,73bfd24f870d1728,P_04958,Vi,2024-01-01,2025-12-31,active,True
PHN_00394,859a46f6761510a9,P_02785,Jio,2024-01-01,2025-12-31,active,True
PHN_00395,d7466165a989d98c,P_03149,Airtel,2024-01-01,2025-12-31,active,True
PHN_00396,2e5b122c64b6b5a9,P_04346,Airtel,2024-01-01,2025-12-31,active,True
PHN_00397,d2cc6976445f0dcf,P_00579,Airtel,2024-01-01,2025-12-31,active,True
PHN_00398,ed3ce524589876ac,P_04770,BSNL,2024-01-01,2025-12-31,active,True
PHN_00399,7fd7547631412138,P_00121,Airtel,2024-01-01,2025-12-31,active,True
PHN_00400,96b9f4484de16524,P_03972,Vi,2024-01-01,2025-12-31,active,True
PHN_00401,60d47767401921ad,P_04155,Jio,2024-01-01,2025-12-31,active,True
PHN_00402,a7dbcb4c8121fa10,P_02059,Airtel,2024-01-01,2025-12-31,active,True
PHN_00403,6a0e6545d66f1966,P_00103,BSNL,2024-01-01,2025-12-31,active,True
PHN_00404,8b8cd4239394c99c,P_04903,BSNL,2024-01-01,2025-12-31,active,True
PHN_00405,2ad134796335899f,P_01444,Jio,2024-01-01,2025-12-31,active,True
PHN_00406,bd8340c7c9c8a4c5,P_04762,Vi,2024-01-01,2025-12-31,active,True
PHN_00407,0a57706e4193d67b,P_00601,Airtel,2024-01-01,2025-12-31,active,True
PHN_00408,9d56b1539192ec64,P_02615,Jio,2024-01-01,2025-12-31,active,True
PHN_00409,df8be67f7254480c,P_04089,BSNL,2024-01-01,2025-12-31,active,True
PHN_00410,9f3dca5902394afd,P_00255,Jio,2024-01-01,2025-12-31,active,True
PHN_00411,0043048c89fea45b,P_00752,BSNL,2024-01-01,2025-12-31,active,True
PHN_00412,73c081990344c8f9,P_00815,Airtel,2024-01-01,2025-12-31,active,True
PHN_00413,59af128145091432,P_01674,Jio,2024-01-01,2025-12-31,active,True
PHN_00414,9cfeb91b265da89a,P_02051,Jio,2024-01-01,2025-12-31,active,True
PHN_00415,5b2b7d3d0595bb5a,P_04255,Vi,2024-01-01,2025-12-31,active,True
PHN_00416,b398f5c7456c70c4,P_04575,Vi,2024-01-01,2025-12-31,active,True
PHN_00417,0722f7a3157ef883,P_02187,Airtel,2024-01-01,2025-12-31,active,True
PHN_00418,97d72da3335ce27a,P_03998,Jio,2024-01-01,2025-12-31,active,True
PHN_00419,dde1e74c20a68878,P_01626,BSNL,2024-01-01,2025-12-31,active,True
PHN_00420,ba0d01206f0de1fe,P_04146,BSNL,2024-01-01,2025-12-31,active,True
PHN_00421,d951e14d406c114f,P_01741,Airtel,2024-01-01,2025-12-31,active,True
PHN_00422,64378927a8a96e5a,P_00596,Jio,2024-01-01,2025-12-31,active,True
PHN_00423,18f287c252e53df0,P_04228,Vi,2024-01-01,2025-12-31,active,True
PHN_00424,bba279e9e54f3d23,P_01909,Vi,2024-01-01,2025-12-31,active,True
PHN_00425,812e072fe2bb92f8,P_01972,BSNL,2024-01-01,2025-12-31,active,True
PHN_00426,d88db2e43db7530c,P_04670,Vi,2024-01-01,2025-12-31,active,True
PHN_00427,efec9522c0fc6dae,P_03079,Vi,2024-01-01,2025-12-31,active,True
PHN_00428,fa55d6478fb554f9,P_01447,Jio,2024-01-01,2025-12-31,active,True
PHN_00429,d2fdf7410a3c3797,P_04556,Jio,2024-01-01,2025-12-31,active,True
PHN_00430,805260f1c0dbb843,P_04402,Vi,2024-01-01,2025-12-31,active,True
PHN_00431,18287244ec17021c,P_03791,Jio,2024-01-01,2025-12-31,active,True
PHN_00432,693ac11b0514cf73,P_01872,Jio,2024-01-01,2025-12-31,active,True
PHN_00433,ddde16be6387c4a6,P_01307,Vi,2024-01-01,2025-12-31,active,True
PHN_00434,38df063dccc21354,P_03611,BSNL,2024-01-01,2025-12-31,active,True
PHN_00435,dfe2f7d0128bc2ee,P_00061,Jio,2024-01-01,2025-12-31,active,True
PHN_00436,33860a95d85bfff6,P_01075,Jio,2024-01-01,2025-12-31,active,True
PHN_00437,344d415022006a65,P_01089,BSNL,2024-01-01,2025-12-31,active,True
PHN_00438,cfe7124acb34116c,P_04420,BSNL,2024-01-01,2025-12-31,active,True
PHN_00439,ae8d0a0c2072c7ac,P_00139,Airtel,2024-01-01,2025-12-31,active,True
PHN_00440,74ab51c6e08701b2,P_02051,BSNL,2024-01-01,2025-12-31,active,True
PHN_00441,d8a3fc5038bda7ff,P_02579,Jio,2024-01-01,2025-12-31,active,True
PHN_00442,9cd60e90f4df4253,P_00651,Vi,2024-01-01,2025-12-31,active,True
PHN_00443,450a105681060d23,P_01367,BSNL,2024-01-01,2025-12-31,active,True
PHN_00444,eb1ad100132747da,P_01792,Vi,2024-01-01,2025-12-31,active,True
PHN_00445,872ce52f834f49a7,P_00954,Vi,2024-01-01,2025-12-31,active,True
PHN_00446,eefe3b571aa65520,P_01068,Airtel,2024-01-01,2025-12-31,active,True
PHN_00447,fd4ab394f506752f,P_03247,Jio,2024-01-01,2025-12-31,active,True
PHN_00448,05292e09a57bba78,P_00080,Vi,2024-01-01,2025-12-31,active,True
PHN_00449,9ff91b9518ea51d4,P_01846,Jio,2024-01-01,2025-12-31,active,True
PHN_00450,4923be7498091647,P_00153,BSNL,2024-01-01,2025-12-31,active,True
PHN_00451,bf9cffe8b8236b62,P_04932,Airtel,2024-01-01,2025-12-31,active,True
PHN_00452,bae530a0a4b15696,P_02654,Airtel,2024-01-01,2025-12-31,active,True
PHN_00453,56b1e1512954c0d1,P_03252,Airtel,2024-01-01,2025-12-31,active,True
PHN_00454,f04822892303ad73,P_01279,Jio,2024-01-01,2025-12-31,active,True
PHN_00455,1dd70d1ecc154ae0,P_00616,BSNL,2024-01-01,2025-12-31,active,True
PHN_00456,218f80e292465be9,P_00263,Jio,2024-01-01,2025-12-31,active,True
PHN_00457,bc713624ab6a69f2,P_04635,Jio,2024-01-01,2025-12-31,active,True
PHN_00458,9e482d43eefad522,P_04889,Jio,2024-01-01,2025-12-31,active,True
PHN_00459,af0a31e43a984b31,P_00613,BSNL,2024-01-01,2025-12-31,active,True
PHN_00460,0508b63d5aa71166,P_03175,Airtel,2024-01-01,2025-12-31,active,True
PHN_00461,8bc9efab32460dec,P_03302,BSNL,2024-01-01,2025-12-31,active,True
PHN_00462,f179027c094ffaa2,P_04154,BSNL,2024-01-01,2025-12-31,active,True
PHN_00463,0881441fa336be23,P_01284,Vi,2024-01-01,2025-12-31,active,True
PHN_00464,72e2f5b4471388ee,P_02986,Jio,2024-01-01,2025-12-31,active,True
PHN_00465,0f13a881bcc6e884,P_03555,Vi,2024-01-01,2025-12-31,active,True
PHN_00466,0db18b64e6087103,P_01874,Airtel,2024-01-01,2025-12-31,active,True
PHN_00467,52855065d2115476,P_02969,Jio,2024-01-01,2025-12-31,active,True
PHN_00468,aebf677df34b30f9,P_03296,BSNL,2024-01-01,2025-12-31,active,True
PHN_00469,6e7d0112ecfddb36,P_01082,Jio,2024-01-01,2025-12-31,active,True
PHN_00470,cf4e8573e837f64f,P_00293,Vi,2024-01-01,2025-12-31,active,True
PHN_00471,2943a2be7ecca9ca,P_03096,BSNL,2024-01-01,2025-12-31,active,True
PHN_00472,6f45354f85fe240a,P_02049,Vi,2024-01-01,2025-12-31,active,True
PHN_00473,23e022d4b84d0a30,P_00612,Jio,2024-01-01,2025-12-31,active,True
PHN_00474,fa5b2e2e604edfd5,P_01696,Airtel,2024-01-01,2025-12-31,active,True
PHN_00475,c194a7cfb27ff88a,P_00241,BSNL,2024-01-01,2025-12-31,active,True
PHN_00476,b5301ec1807a9ff2,P_03631,Jio,2024-01-01,2025-12-31,active,True
PHN_00477,f04b8bc9bfaf9c7a,P_04805,Vi,2024-01-01,2025-12-31,active,True
PHN_00478,f723726eed5cb9de,P_00001,Vi,2024-01-01,2025-12-31,active,True
PHN_00479,e51c5f25e538fd3e,P_00765,Airtel,2024-01-01,2025-12-31,active,True
PHN_00480,87ec6a890db7632a,P_02769,BSNL,2024-01-01,2025-12-31,active,True
PHN_00481,f6bcef9a145d1f08,P_03399,Airtel,2024-01-01,2025-12-31,active,True
PHN_00482,8e8798d48bbfaeda,P_01938,Jio,2024-01-01,2025-12-31,active,True
PHN_00483,308413aecf1a241c,P_01822,Airtel,2024-01-01,2025-12-31,active,True
PHN_00484,884693ef14f2103a,P_04336,BSNL,2024-01-01,2025-12-31,active,True
PHN_00485,c66677fc6d56d33f,P_02325,Airtel,2024-01-01,2025-12-31,active,True
PHN_00486,00135940a1cf0d64,P_04957,Vi,2024-01-01,2025-12-31,active,True
PHN_00487,de155797642835bd,P_04228,Jio,2024-01-01,2025-12-31,active,True
PHN_00488,43b71f74d75485a3,P_00227,Vi,2024-01-01,2025-12-31,active,True
PHN_00489,2d092e0d1350269e,P_00836,Airtel,2024-01-01,2025-12-31,active,True
PHN_00490,2ef7534b66073baf,P_03090,Vi,2024-01-01,2025-12-31,active,True
PHN_00491,01d26e7243599eef,P_00359,Vi,2024-01-01,2025-12-31,active,True
PHN_00492,aa4ce4c94bd83a95,P_03527,Airtel,2024-01-01,2025-12-31,active,True
PHN_00493,ec73047ef58c9428,P_00994,BSNL,2024-01-01,2025-12-31,active,True
PHN_00494,8b4e66f0109b2d70,P_02972,Jio,2024-01-01,2025-12-31,active,True
PHN_00495,78ac128eb759c333,P_01845,Vi,2024-01-01,2025-12-31,active,True
PHN_00496,3e3c3e8220a6999f,P_03033,Vi,2024-01-01,2025-12-31,active,True
PHN_00497,e5aacad89eca329b,P_03183,Airtel,2024-01-01,2025-12-31,active,True
PHN_00498,685f9a2e58faa967,P_00481,Jio,2024-01-01,2025-12-31,active,True
PHN_00499,72b9e1c5e78c18fb,P_04898,Airtel,2024-01-01,2025-12-31,active,True
PHN_00500,c404f5e29c9df0aa,P_01750,Jio,2024-01-01,2025-12-31,active,True
PHN_00501,ba9feb24f9056ecb,P_00778,Vi,2024-01-01,2025-12-31,active,True
PHN_00502,8bd35e22551f48b8,P_00862,Jio,2024-01-01,2025-12-31,active,True
PHN_00503,6f6577f9611c4eb7,P_03326,Jio,2024-01-01,2025-12-31,active,True
PHN_00504,4b8b7aba0deed447,P_03987,Jio,2024-01-01,2025-12-31,active,True
PHN_00505,45b747c15fe7313c,P_03740,Jio,2024-01-01,2025-12-31,active,True
PHN_00506,09305a676a23ac8e,P_04739,BSNL,2024-01-01,2025-12-31,active,True
PHN_00507,65b83e52df09b0e7,P_03781,Vi,2024-01-01,2025-12-31,active,True
PHN_00508,42023c1dd2016470,P_00172,BSNL,2024-01-01,2025-12-31,active,True
PHN_00509,c8308b6e3cbed48f,P_00772,Airtel,2024-01-01,2025-12-31,active,True
PHN_00510,f0af4d6ef292d65c,P_01191,Vi,2024-01-01,2025-12-31,active,True
PHN_00511,4324804312443910,P_01608,BSNL,2024-01-01,2025-12-31,active,True
PHN_00512,c0c9049e60a8dc68,P_02833,BSNL,2024-01-01,2025-12-31,active,True
PHN_00513,57a92473459d709f,P_01349,Airtel,2024-01-01,2025-12-31,active,True
PHN_00514,210c6d2ade2acfad,P_00029,BSNL,2024-01-01,2025-12-31,active,True
PHN_00515,375e707f7b77d3fa,P_00659,Airtel,2024-01-01,2025-12-31,active,True
PHN_00516,c5cbb3bef4f7811e,P_03142,Airtel,2024-01-01,2025-12-31,active,True
PHN_00517,319fcb64c5454c5d,P_02378,BSNL,2024-01-01,2025-12-31,active,True
PHN_00518,57d68b5de1a84fc6,P_02468,Vi,2024-01-01,2025-12-31,active,True
PHN_00519,3a297a32fb41456d,P_02436,BSNL,2024-01-01,2025-12-31,active,True
PHN_00520,be32849390ac2bc1,P_00943,BSNL,2024-01-01,2025-12-31,active,True
PHN_00521,ce23878dc6bee06a,P_02469,Airtel,2024-01-01,2025-12-31,active,True
PHN_00522,c1ca2c245c1168c5,P_00528,Vi,2024-01-01,2025-12-31,active,True
PHN_00523,31b41823169c13dc,P_04756,Vi,2024-01-01,2025-12-31,active,True
PHN_00524,eab265c6f9c3d145,P_00126,Jio,2024-01-01,2025-12-31,active,True
PHN_00525,5f3dead314f3ad1d,P_00408,Jio,2024-01-01,2025-12-31,active,True
PHN_00526,46de55d4d5f5e7f5,P_03495,Vi,2024-01-01,2025-12-31,active,True
PHN_00527,c6fda52651ebb006,P_02047,Airtel,2024-01-01,2025-12-31,active,True
PHN_00528,f1ebaaeace539eb3,P_02582,Vi,2024-01-01,2025-12-31,active,True
PHN_00529,ba66a565e209cce2,P_01108,Airtel,2024-01-01,2025-12-31,active,True
PHN_00530,d6d710a35da228e3,P_04862,Airtel,2024-01-01,2025-12-31,active,True
PHN_00531,0647ede07454a438,P_03382,Jio,2024-01-01,2025-12-31,active,True
PHN_00532,b7aee58d762c153b,P_00312,Jio,2024-01-01,2025-12-31,active,True
PHN_00533,7abd91c67ae9b135,P_04633,Airtel,2024-01-01,2025-12-31,active,True
PHN_00534,862c3df393640500,P_02187,Jio,2024-01-01,2025-12-31,active,True
PHN_00535,fb79a96ad5cb3902,P_04369,Vi,2024-01-01,2025-12-31,active,True
PHN_00536,e51b77dde8aa5470,P_03528,Vi,2024-01-01,2025-12-31,active,True
PHN_00537,f90bf55531b3ed2a,P_03621,Airtel,2024-01-01,2025-12-31,active,True
PHN_00538,cdcaa75245579875,P_01623,Jio,2024-01-01,2025-12-31,active,True
PHN_00539,a008af385a7a5ef2,P_03602,Jio,2024-01-01,2025-12-31,active,True
PHN_00540,b8585c8bbbd9bf8b,P_04127,BSNL,2024-01-01,2025-12-31,active,True
PHN_00541,9690bcc1b008daf4,P_00105,Airtel,2024-01-01,2025-12-31,active,True
PHN_00542,1d2f54311ee7bdca,P_02974,Vi,2024-01-01,2025-12-31,active,True
PHN_00543,a3a75b0227680c92,P_02647,Jio,2024-01-01,2025-12-31,active,True
PHN_00544,893329eb2a906668,P_01542,Jio,2024-01-01,2025-12-31,active,True
PHN_00545,69b171504ceeba6b,P_03688,Airtel,2024-01-01,2025-12-31,active,True
PHN_00546,4cd8a5a90d68c4d6,P_01530,Jio,2024-01-01,2025-12-31,active,True
PHN_00547,2fdc8d5a61520566,P_04719,Vi,2024-01-01,2025-12-31,active,True
PHN_00548,562a84542131122c,P_00568,Vi,2024-01-01,2025-12-31,active,True
PHN_00549,9d77edec8fdd3744,P_02227,Jio,2024-01-01,2025-12-31,active,True
PHN_00550,6449771c94334b46,P_03182,BSNL,2024-01-01,2025-12-31,active,True
PHN_00551,17f410de1b64b237,P_00297,Vi,2024-01-01,2025-12-31,active,True
PHN_00552,be5039993c9be700,P_04543,Jio,2024-01-01,2025-12-31,active,True
PHN_00553,fa97c5f6ec7bf3c1,P_03651,Airtel,2024-01-01,2025-12-31,active,True
PHN_00554,65bf119e9fbae4e7,P_01731,BSNL,2024-01-01,2025-12-31,active,True
PHN_00555,37cb06f9ecd56f9c,P_00847,Airtel,2024-01-01,2025-12-31,active,True
PHN_00556,c21085a067e1487a,P_04793,Vi,2024-01-01,2025-12-31,active,True
PHN_00557,404fe256a4a4a90e,P_03556,Airtel,2024-01-01,2025-12-31,active,True
PHN_00558,56c95a07c2613570,P_00499,Vi,2024-01-01,2025-12-31,active,True
PHN_00559,bf45bda5ed03f18b,P_03166,BSNL,2024-01-01,2025-12-31,active,True
PHN_00560,cc0fb77b102fea77,P_03929,Vi,2024-01-01,2025-12-31,active,True
PHN_00561,2f4095d0fec07c87,P_03798,Vi,2024-01-01,2025-12-31,active,True
PHN_00562,be25bd954be0f535,P_03133,Vi,2024-01-01,2025-12-31,active,True
PHN_00563,fcc04b24d9de6b48,P_00392,Vi,2024-01-01,2025-12-31,active,True
PHN_00564,8d400fe926a57c9e,P_02892,Jio,2024-01-01,2025-12-31,active,True
PHN_00565,384b785d51838898,P_02505,Airtel,2024-01-01,2025-12-31,active,True
PHN_00566,eb30b4d3463a9e28,P_02918,Jio,2024-01-01,2025-12-31,active,True
PHN_00567,6ae2a28e421f3dc0,P_04753,Airtel,2024-01-01,2025-12-31,active,True
PHN_00568,e05f893f9b070707,P_04312,Jio,2024-01-01,2025-12-31,active,True
PHN_00569,822a8a63cfca5f9e,P_00068,Vi,2024-01-01,2025-12-31,active,True
PHN_00570,9e137799d4a5fb41,P_02744,Vi,2024-01-01,2025-12-31,active,True
PHN_00571,fb381a1257a430bb,P_01954,Airtel,2024-01-01,2025-12-31,active,True
PHN_00572,a37d6d1660799bf7,P_02641,Airtel,2024-01-01,2025-12-31,active,True
PHN_00573,02061cf7a7bb9f21,P_00092,Airtel,2024-01-01,2025-12-31,active,True
PHN_00574,a9dfc2899b303900,P_04033,Vi,2024-01-01,2025-12-31,active,True
PHN_00575,42872743f1f579b8,P_04624,Jio,2024-01-01,2025-12-31,active,True
PHN_00576,e7b51cf876bb6132,P_04611,Jio,2024-01-01,2025-12-31,active,True
PHN_00577,1ee6aa5a04fdb467,P_02859,Airtel,2024-01-01,2025-12-31,active,True
PHN_00578,d2ccc1163b6ab314,P_04954,Vi,2024-01-01,2025-12-31,active,True
PHN_00579,6f499c45fee757b9,P_01596,BSNL,2024-01-01,2025-12-31,active,True
PHN_00580,c7f05451ab7f8ab0,P_04102,Jio,2024-01-01,2025-12-31,active,True
PHN_00581,4a727767998e53d1,P_04031,Jio,2024-01-01,2025-12-31,active,True
PHN_00582,89c633fbabe1bab9,P_01860,Vi,2024-01-01,2025-12-31,active,True
PHN_00583,6cfb66cb6b9d91f2,P_00153,BSNL,2024-01-01,2025-12-31,active,True
PHN_00584,fb25c9ef3a14df1f,P_03890,BSNL,2024-01-01,2025-12-31,active,True
PHN_00585,f3e7c84e15338b83,P_04854,Jio,2024-01-01,2025-12-31,active,True
PHN_00586,8d7faf394a5b688f,P_04766,Jio,2024-01-01,2025-12-31,active,True
PHN_00587,26bbedea07f2fe24,P_00143,Jio,2024-01-01,2025-12-31,active,True
PHN_00588,d1f22f91a3307799,P_04107,BSNL,2024-01-01,2025-12-31,active,True
PHN_00589,1d53e22af93c21ea,P_00287,Vi,2024-01-01,2025-12-31,active,True
PHN_00590,dd23050c99bf02dd,P_03974,Vi,2024-01-01,2025-12-31,active,True
PHN_00591,0bd809553c1232f7,P_02854,Jio,2024-01-01,2025-12-31,active,True
PHN_00592,3165fe4f6bc372de,P_03576,Jio,2024-01-01,2025-12-31,active,True
PHN_00593,aababb5788d3b795,P_02535,BSNL,2024-01-01,2025-12-31,active,True
PHN_00594,d4c1b0ddf6b01a2a,P_03556,Airtel,2024-01-01,2025-12-31,active,True
PHN_00595,d614bb379fe411bd,P_04525,Vi,2024-01-01,2025-12-31,active,True
PHN_00596,84eeff1d435ba619,P_02061,Vi,2024-01-01,2025-12-31,active,True
PHN_00597,2aed8b7ee1f461f3,P_03053,BSNL,2024-01-01,2025-12-31,active,True
PHN_00598,f2281af39c314efd,P_03479,Vi,2024-01-01,2025-12-31,active,True
PHN_00599,034d12494c5ecd25,P_04911,Airtel,2024-01-01,2025-12-31,active,True
PHN_00600,384b8d21a0ad21db,P_04614,Airtel,2024-01-01,2025-12-31,active,True
PHN_00601,814ca042c0f1b2e7,P_03351,Airtel,2024-01-01,2025-12-31,active,True
PHN_00602,bd4ea35c8af8e0b7,P_03899,Airtel,2024-01-01,2025-12-31,active,True
PHN_00603,4a2ba119422ad338,P_02215,BSNL,2024-01-01,2025-12-31,active,True
PHN_00604,500bed5aa9470896,P_00352,Jio,2024-01-01,2025-12-31,active,True
PHN_00605,e5094cdd241b3253,P_04678,Jio,2024-01-01,2025-12-31,active,True
PHN_00606,70a3a67240e0420e,P_02675,BSNL,2024-01-01,2025-12-31,active,True
PHN_00607,b9d3d234f04318b4,P_02631,Vi,2024-01-01,2025-12-31,active,True
PHN_00608,60dee522c87fc94a,P_00516,Vi,2024-01-01,2025-12-31,active,True
PHN_00609,090a33cabc414b7e,P_01567,BSNL,2024-01-01,2025-12-31,active,True
PHN_00610,80c5bc489532bbac,P_03254,Airtel,2024-01-01,2025-12-31,active,True
PHN_00611,d5c2c1ec73888e2d,P_01232,BSNL,2024-01-01,2025-12-31,active,True
PHN_00612,7e3e17c10f560519,P_03152,Jio,2024-01-01,2025-12-31,active,True
PHN_00613,4261ff1ccda5e915,P_03535,Vi,2024-01-01,2025-12-31,active,True
PHN_00614,4a15ffcb73036c9d,P_00711,Jio,2024-01-01,2025-12-31,active,True
PHN_00615,98dec2f8688d5742,P_03857,Airtel,2024-01-01,2025-12-31,active,True
PHN_00616,2d15998d87548613,P_02244,Airtel,2024-01-01,2025-12-31,active,True
PHN_00617,99fe25669646dbf7,P_03505,BSNL,2024-01-01,2025-12-31,active,True
PHN_00618,6218ba5c3846257a,P_02099,Airtel,2024-01-01,2025-12-31,active,True
PHN_00619,728ea0682256cf63,P_03789,Jio,2024-01-01,2025-12-31,active,True
PHN_00620,6dd88cccc41fabd5,P_00552,Jio,2024-01-01,2025-12-31,active,True
PHN_00621,4494efb8c2000b5f,P_04402,Airtel,2024-01-01,2025-12-31,active,True
PHN_00622,240959985710b366,P_02402,Airtel,2024-01-01,2025-12-31,active,True
PHN_00623,98ba7f6431fcd6d8,P_02822,Jio,2024-01-01,2025-12-31,active,True
PHN_00624,b8b9a6ac02c5caa9,P_03584,Airtel,2024-01-01,2025-12-31,active,True
PHN_00625,10a0fa0101220f95,P_03392,Jio,2024-01-01,2025-12-31,active,True
PHN_00626,6f9a39da8dd65fa7,P_00891,BSNL,2024-01-01,2025-12-31,active,True
PHN_00627,b5e5e6a0d81261d7,P_03128,Jio,2024-01-01,2025-12-31,active,True
PHN_00628,c9afa8279acf7df9,P_03648,Vi,2024-01-01,2025-12-31,active,True
PHN_00629,426efc0d5fb97445,P_03779,BSNL,2024-01-01,2025-12-31,active,True
PHN_00630,406146df784659c8,P_01876,Vi,2024-01-01,2025-12-31,active,True
PHN_00631,1131daee2540dda7,P_00992,Vi,2024-01-01,2025-12-31,active,True
PHN_00632,17b87a09f2cdcd88,P_02859,Vi,2024-01-01,2025-12-31,active,True
PHN_00633,34b397eeccd1c17f,P_03704,Jio,2024-01-01,2025-12-31,active,True
PHN_00634,44ba87443e0b9e0a,P_00801,Vi,2024-01-01,2025-12-31,active,True
PHN_00635,0ccb607af82d483d,P_04854,BSNL,2024-01-01,2025-12-31,active,True
PHN_00636,3c56fad44de27b08,P_03297,BSNL,2024-01-01,2025-12-31,active,True
PHN_00637,8d657a6a1f918dd5,P_00155,Vi,2024-01-01,2025-12-31,active,True
PHN_00638,89b4c2783aab05a4,P_01832,Airtel,2024-01-01,2025-12-31,active,True
PHN_00639,d214d9e237d6c8fa,P_00372,Vi,2024-01-01,2025-12-31,active,True
PHN_00640,1b266a8e8dd3f986,P_04078,Vi,2024-01-01,2025-12-31,active,True
PHN_00641,bc70e22e0c5248a9,P_03883,Jio,2024-01-01,2025-12-31,active,True
PHN_00642,a090ef5025332ba8,P_03315,BSNL,2024-01-01,2025-12-31,active,True
PHN_00643,f250682b10ed718a,P_00081,Jio,2024-01-01,2025-12-31,active,True
PHN_00644,2d75574e157accd9,P_02216,Jio,2024-01-01,2025-12-31,active,True
PHN_00645,706b5816bdaefcc1,P_01064,Vi,2024-01-01,2025-12-31,active,True
PHN_00646,64c3db552e5abb9e,P_03295,Airtel,2024-01-01,2025-12-31,active,True
PHN_00647,59091d54d644b679,P_03541,BSNL,2024-01-01,2025-12-31,active,True
PHN_00648,f7d4f5fa7c284ed4,P_01682,BSNL,2024-01-01,2025-12-31,active,True
PHN_00649,1e28bef2d5882107,P_00279,BSNL,2024-01-01,2025-12-31,active,True
PHN_00650,153083515d0cdb17,P_01783,Airtel,2024-01-01,2025-12-31,active,True
PHN_00651,8ddb257e78409b37,P_00641,Airtel,2024-01-01,2025-12-31,active,True
PHN_00652,f7d934a7ae66fa1e,P_00768,Jio,2024-01-01,2025-12-31,active,True
PHN_00653,4ae89c3ccb8736ac,P_01557,Airtel,2024-01-01,2025-12-31,active,True
PHN_00654,cb5d6a04a4fff39d,P_01243,Airtel,2024-01-01,2025-12-31,active,True
PHN_00655,825ba807ee9acf33,P_04357,Vi,2024-01-01,2025-12-31,active,True
PHN_00656,9008e8361215f952,P_02781,Airtel,2024-01-01,2025-12-31,active,True
PHN_00657,ab7694d3c796dc1d,P_00027,Airtel,2024-01-01,2025-12-31,active,True
PHN_00658,283ea3e7e8c8e17f,P_02319,Jio,2024-01-01,2025-12-31,active,True
PHN_00659,334ab9fdb3722e38,P_00663,Vi,2024-01-01,2025-12-31,active,True
PHN_00660,bff0d250ecd2f8c4,P_04111,Vi,2024-01-01,2025-12-31,active,True
PHN_00661,af9a72f1ae1d270e,P_04757,BSNL,2024-01-01,2025-12-31,active,True
PHN_00662,90fffe4c4ec60dbc,P_01619,BSNL,2024-01-01,2025-12-31,active,True
PHN_00663,8db78e7f9589bb2d,P_04547,Airtel,2024-01-01,2025-12-31,active,True
PHN_00664,ddd6b6d7b366a51d,P_01916,Airtel,2024-01-01,2025-12-31,active,True
PHN_00665,fe4c2dfe0c77d62b,P_01322,BSNL,2024-01-01,2025-12-31,active,True
PHN_00666,210586157f19bfe0,P_04575,Jio,2024-01-01,2025-12-31,active,True
PHN_00667,b7a17045e7631f3c,P_02981,Airtel,2024-01-01,2025-12-31,active,True
PHN_00668,a15eadffb1751129,P_04749,Vi,2024-01-01,2025-12-31,active,True
PHN_00669,d283e8688e638ccf,P_04224,Airtel,2024-01-01,2025-12-31,active,True
PHN_00670,e29c3ea6da807b55,P_00280,Jio,2024-01-01,2025-12-31,active,True
PHN_00671,fb0457dd603ee056,P_01640,BSNL,2024-01-01,2025-12-31,active,True
PHN_00672,8ea532007cf6974b,P_00520,Jio,2024-01-01,2025-12-31,active,True
PHN_00673,2e69340e4b347a7a,P_01954,Vi,2024-01-01,2025-12-31,active,True
PHN_00674,1bea44e629213b5b,P_00596,BSNL,2024-01-01,2025-12-31,active,True
PHN_00675,c63fc5831e184ef3,P_03307,Airtel,2024-01-01,2025-12-31,active,True
PHN_00676,c66ca953101afe51,P_04282,Vi,2024-01-01,2025-12-31,active,True
PHN_00677,68e2433eb85e5a9a,P_04898,BSNL,2024-01-01,2025-12-31,active,True
PHN_00678,8c35284e8bd5a602,P_01310,Vi,2024-01-01,2025-12-31,active,True
PHN_00679,19cfc09dc93f7c1a,P_04444,Jio,2024-01-01,2025-12-31,active,True
PHN_00680,5530f0c8bca9aa47,P_00032,Jio,2024-01-01,2025-12-31,active,True
PHN_00681,58c201cbdfdca50f,P_02082,Jio,2024-01-01,2025-12-31,active,True
PHN_00682,03204129987c9573,P_03420,Jio,2024-01-01,2025-12-31,active,True
PHN_00683,fdec37cb05f4d25e,P_01423,Airtel,2024-01-01,2025-12-31,active,True
PHN_00684,1532f426af830327,P_03640,Airtel,2024-01-01,2025-12-31,active,True
PHN_00685,813ec4ef0e77f8ec,P_04930,Vi,2024-01-01,2025-12-31,active,True
PHN_00686,936e09eed333c791,P_04648,Jio,2024-01-01,2025-12-31,active,True
PHN_00687,6e3e8b685cf534bd,P_04557,Airtel,2024-01-01,2025-12-31,active,True
PHN_00688,3a27744067d9619a,P_03671,Jio,2024-01-01,2025-12-31,active,True
PHN_00689,6c7b87123203243f,P_02292,Vi,2024-01-01,2025-12-31,active,True
PHN_00690,9f14aa114a852701,P_02096,Vi,2024-01-01,2025-12-31,active,True
PHN_00691,fca181603d8cc185,P_02056,Airtel,2024-01-01,2025-12-31,active,True
PHN_00692,a34acedd33d1f896,P_01991,Jio,2024-01-01,2025-12-31,active,True
PHN_00693,76049fcb0f4e2956,P_03594,Vi,2024-01-01,2025-12-31,active,True
PHN_00694,f78a42af95030399,P_04288,Jio,2024-01-01,2025-12-31,active,True
PHN_00695,0daf916d6db904ae,P_00701,BSNL,2024-01-01,2025-12-31,active,True
PHN_00696,348c8b1d117f438c,P_01305,Jio,2024-01-01,2025-12-31,active,True
PHN_00697,49e956022355ccd6,P_03186,Jio,2024-01-01,2025-12-31,active,True
PHN_00698,c966054d505ea5a2,P_00529,Vi,2024-01-01,2025-12-31,active,True
PHN_00699,b37bddfa118ab06f,P_03160,Jio,2024-01-01,2025-12-31,active,True
PHN_00700,96951ceae8cbf617,P_00694,Jio,2024-01-01,2025-12-31,active,True
PHN_00701,c27e43e9a9c40fee,P_01233,Jio,2024-01-01,2025-12-31,active,True
PHN_00702,88c2a8bde483c196,P_02140,BSNL,2024-01-01,2025-12-31,active,True
PHN_00703,7183103e8b5b8b78,P_00862,Jio,2024-01-01,2025-12-31,active,True
PHN_00704,526645353418ff95,P_04603,BSNL,2024-01-01,2025-12-31,active,True
PHN_00705,e3e3bf61392affb4,P_01050,BSNL,2024-01-01,2025-12-31,active,True
PHN_00706,e8856af72d45482b,P_02520,Vi,2024-01-01,2025-12-31,active,True
PHN_00707,9924e6e4ab34bcf0,P_03299,Airtel,2024-01-01,2025-12-31,active,True
PHN_00708,387ebbd4b9d8af58,P_03676,BSNL,2024-01-01,2025-12-31,active,True
PHN_00709,6ce1e8d9689d7f27,P_00576,Airtel,2024-01-01,2025-12-31,active,True
PHN_00710,1ab9b4c0132733e0,P_01065,BSNL,2024-01-01,2025-12-31,active,True
PHN_00711,8934ae7464dd9e99,P_03337,BSNL,2024-01-01,2025-12-31,active,True
PHN_00712,381f1bf167211ee9,P_01543,Vi,2024-01-01,2025-12-31,active,True
PHN_00713,51c132b23339730a,P_00543,BSNL,2024-01-01,2025-12-31,active,True
PHN_00714,64857cc6c0094d7c,P_04566,Jio,2024-01-01,2025-12-31,active,True
PHN_00715,0cd967d21feab188,P_03496,BSNL,2024-01-01,2025-12-31,active,True
PHN_00716,14853d4a55d2339b,P_02439,BSNL,2024-01-01,2025-12-31,active,True
PHN_00717,4f805df82951e365,P_04864,Vi,2024-01-01,2025-12-31,active,True
PHN_00718,f6a4845504b37220,P_01797,BSNL,2024-01-01,2025-12-31,active,True
PHN_00719,76b6b09fffc6918b,P_01997,BSNL,2024-01-01,2025-12-31,active,True
PHN_00720,b18c423596e84242,P_03044,Jio,2024-01-01,2025-12-31,active,True
PHN_00721,eed71e89cba6b7a6,P_04251,Vi,2024-01-01,2025-12-31,active,True
PHN_00722,4ab4b466235a0be5,P_01814,BSNL,2024-01-01,2025-12-31,active,True
PHN_00723,d8b92d59cb784c03,P_03711,BSNL,2024-01-01,2025-12-31,active,True
PHN_00724,5c010dc7ada23aa1,P_04394,Airtel,2024-01-01,2025-12-31,active,True
PHN_00725,2a91ca483957887d,P_04993,Vi,2024-01-01,2025-12-31,active,True
PHN_00726,6158284bd7be0672,P_04234,BSNL,2024-01-01,2025-12-31,active,True
PHN_00727,38d4ee076451a487,P_00604,Airtel,2024-01-01,2025-12-31,active,True
PHN_00728,399e82bff53383c7,P_03603,Vi,2024-01-01,2025-12-31,active,True
PHN_00729,23f0eb2e95e84954,P_04031,Airtel,2024-01-01,2025-12-31,active,True
PHN_00730,80f2ed6acfe5418b,P_01558,BSNL,2024-01-01,2025-12-31,active,True
PHN_00731,3c65c5b9160e799c,P_00308,Airtel,2024-01-01,2025-12-31,active,True
PHN_00732,a019d256c1ba1a9c,P_02249,Vi,2024-01-01,2025-12-31,active,True
PHN_00733,b08f9c528a7f942a,P_00036,Vi,2024-01-01,2025-12-31,active,True
PHN_00734,c6aa8f241c4c3e29,P_03195,Jio,2024-01-01,2025-12-31,active,True
PHN_00735,286b673cfe4b0810,P_01274,BSNL,2024-01-01,2025-12-31,active,True
PHN_00736,e94c46973cd24743,P_04332,Vi,2024-01-01,2025-12-31,active,True
PHN_00737,bba9e009a91f1c66,P_04815,Jio,2024-01-01,2025-12-31,active,True
PHN_00738,d93f2abddb915cfa,P_03261,Jio,2024-01-01,2025-12-31,active,True
PHN_00739,c5869114a698fea5,P_01919,BSNL,2024-01-01,2025-12-31,active,True
PHN_00740,fa0cc69cb9bf38ad,P_01707,Vi,2024-01-01,2025-12-31,active,True
PHN_00741,a72443cc568ec5b2,P_00021,Jio,2024-01-01,2025-12-31,active,True
PHN_00742,66380807b7666820,P_02039,BSNL,2024-01-01,2025-12-31,active,True
PHN_00743,11d9dbc0f48fdf4a,P_02141,Airtel,2024-01-01,2025-12-31,active,True
PHN_00744,eeb58d2c8f05e631,P_03581,Jio,2024-01-01,2025-12-31,active,True
PHN_00745,9c17607a3f436c1d,P_04295,Vi,2024-01-01,2025-12-31,active,True
PHN_00746,69ff77e3aef1813b,P_02614,Jio,2024-01-01,2025-12-31,active,True
PHN_00747,fdf8c9876837e9ee,P_04389,Jio,2024-01-01,2025-12-31,active,True
PHN_00748,c74e8fb679e6c815,P_04863,Jio,2024-01-01,2025-12-31,active,True
PHN_00749,75e97639e8cb5708,P_04160,Airtel,2024-01-01,2025-12-31,active,True
PHN_00750,a2ceac011d531f62,P_01693,Airtel,2024-01-01,2025-12-31,active,True
PHN_00751,362ee3bc6389b9ac,P_01048,Vi,2024-01-01,2025-12-31,active,True
PHN_00752,cceb234b8f3471cb,P_00265,BSNL,2024-01-01,2025-12-31,active,True
PHN_00753,3a2b53d0dcf71ff3,P_03008,Vi,2024-01-01,2025-12-31,active,True
PHN_00754,3c326df5426f8462,P_01488,Jio,2024-01-01,2025-12-31,active,True
PHN_00755,83a263f8b062804f,P_00541,Vi,2024-01-01,2025-12-31,active,True
PHN_00756,4fd9c836034f7204,P_03673,Vi,2024-01-01,2025-12-31,active,True
PHN_00757,7d107763a68e092a,P_02617,Vi,2024-01-01,2025-12-31,active,True
PHN_00758,d99b6036a5ba6958,P_04368,Airtel,2024-01-01,2025-12-31,active,True
PHN_00759,46a2e86120c6a7a0,P_01217,Jio,2024-01-01,2025-12-31,active,True
PHN_00760,5ec9950bbba5aae5,P_00089,BSNL,2024-01-01,2025-12-31,active,True
PHN_00761,f14785d4986806d8,P_00027,BSNL,2024-01-01,2025-12-31,active,True
PHN_00762,334282338040ec95,P_00486,Vi,2024-01-01,2025-12-31,active,True
PHN_00763,e3717e6655d994f1,P_03923,Vi,2024-01-01,2025-12-31,active,True
PHN_00764,6671e2eef50637e3,P_00949,BSNL,2024-01-01,2025-12-31,active,True
PHN_00765,28175abd94ab9ddb,P_00055,BSNL,2024-01-01,2025-12-31,active,True
PHN_00766,1a818ec9bdf33a50,P_03110,BSNL,2024-01-01,2025-12-31,active,True
PHN_00767,c5026c3c816212e3,P_00548,Vi,2024-01-01,2025-12-31,active,True
PHN_00768,c17f04328678c642,P_01587,BSNL,2024-01-01,2025-12-31,active,True
PHN_00769,7a03aedf8584ea6b,P_03101,Jio,2024-01-01,2025-12-31,active,True
PHN_00770,ec62942aeb0fe1cf,P_01348,Vi,2024-01-01,2025-12-31,active,True
PHN_00771,78b51ee6e35343a3,P_03069,BSNL,2024-01-01,2025-12-31,active,True
PHN_00772,87f4e6ccf926f832,P_04833,Jio,2024-01-01,2025-12-31,active,True
PHN_00773,a2bf199ee8fbc564,P_02452,Airtel,2024-01-01,2025-12-31,active,True
PHN_00774,15fb497fb64f6c4b,P_03171,BSNL,2024-01-01,2025-12-31,active,True
PHN_00775,bfc823a873891fe1,P_02689,Vi,2024-01-01,2025-12-31,active,True
PHN_00776,e4894ef7069e2e9e,P_02966,BSNL,2024-01-01,2025-12-31,active,True
PHN_00777,3a16c986e4aa3084,P_00137,Airtel,2024-01-01,2025-12-31,active,True
PHN_00778,ec5e5d432c89fb32,P_02247,BSNL,2024-01-01,2025-12-31,active,True
PHN_00779,0aa913934fcb13a8,P_00176,Airtel,2024-01-01,2025-12-31,active,True
PHN_00780,788ff0889ee5e644,P_01929,Airtel,2024-01-01,2025-12-31,active,True
PHN_00781,6231fadb2ea4d0d3,P_02542,BSNL,2024-01-01,2025-12-31,active,True
PHN_00782,3369500c8ad43024,P_04821,BSNL,2024-01-01,2025-12-31,active,True
PHN_00783,87cf1ac7e301d3fa,P_00412,Jio,2024-01-01,2025-12-31,active,True
PHN_00784,6f8b9403ceb8a486,P_04306,Vi,2024-01-01,2025-12-31,active,True
PHN_00785,30b7d405ca0df200,P_04336,Jio,2024-01-01,2025-12-31,active,True
PHN_00786,53c2ec119968c460,P_02411,Vi,2024-01-01,2025-12-31,active,True
PHN_00787,2d5fc75b46fa80c2,P_00161,BSNL,2024-01-01,2025-12-31,active,True
PHN_00788,c2c5da014f7dbec9,P_01828,BSNL,2024-01-01,2025-12-31,active,True
PHN_00789,eb587c27afb9a8bb,P_02179,Jio,2024-01-01,2025-12-31,active,True
PHN_00790,70eea4b69bb2fc72,P_01132,Jio,2024-01-01,2025-12-31,active,True
PHN_00791,caf89baf8692e38e,P_04619,BSNL,2024-01-01,2025-12-31,active,True
PHN_00792,9318d2798cbf44d0,P_00464,Airtel,2024-01-01,2025-12-31,active,True
PHN_00793,bc66792fb78c8ddd,P_04976,Jio,2024-01-01,2025-12-31,active,True
PHN_00794,65a78b8c45d86365,P_04921,Vi,2024-01-01,2025-12-31,active,True
PHN_00795,1a0ef792b6bce409,P_02459,Jio,2024-01-01,2025-12-31,active,True
PHN_00796,087fc7f29f9f9f98,P_01338,Airtel,2024-01-01,2025-12-31,active,True
PHN_00797,4ec87463ecf565b7,P_02299,Vi,2024-01-01,2025-12-31,active,True
PHN_00798,b38f202b0fac4d5f,P_03601,Jio,2024-01-01,2025-12-31,active,True
PHN_00799,cd371b57ba69014c,P_00336,Airtel,2024-01-01,2025-12-31,active,True
PHN_00800,ba089d97739e2a2e,P_02807,BSNL,2024-01-01,2025-12-31,active,True
PHN_00801,f07524cefd3df261,P_04564,Airtel,2024-01-01,2025-12-31,active,True
PHN_00802,0d0e4415c5f3ca0c,P_02093,BSNL,2024-01-01,2025-12-31,active,True
PHN_00803,3fceb9607dbf70ed,P_01719,Vi,2024-01-01,2025-12-31,active,True
PHN_00804,01620ab2aca3cdb0,P_03660,Airtel,2024-01-01,2025-12-31,active,True
PHN_00805,f4a1dc2e60701cc0,P_03622,Vi,2024-01-01,2025-12-31,active,True
PHN_00806,9a0699ea68090da1,P_00895,Vi,2024-01-01,2025-12-31,active,True
PHN_00807,0eccd761a20da6a4,P_00812,BSNL,2024-01-01,2025-12-31,active,True
PHN_00808,ec17b24527ffdb5e,P_03979,BSNL,2024-01-01,2025-12-31,active,True
PHN_00809,5bb6a5f5f9f96cb1,P_03111,Vi,2024-01-01,2025-12-31,active,True
PHN_00810,c5d8e03f3a25bf05,P_04752,Airtel,2024-01-01,2025-12-31,active,True
PHN_00811,a00431caa6468600,P_01054,Vi,2024-01-01,2025-12-31,active,True
PHN_00812,ad82bc2dad2e9c87,P_04928,BSNL,2024-01-01,2025-12-31,active,True
PHN_00813,3312ab6104dc156b,P_01787,Jio,2024-01-01,2025-12-31,active,True
PHN_00814,2c905dc7a9d04a1f,P_04828,BSNL,2024-01-01,2025-12-31,active,True
PHN_00815,6bd5b222489c5f63,P_02570,BSNL,2024-01-01,2025-12-31,active,True
PHN_00816,60bf84693c2e434e,P_04773,Airtel,2024-01-01,2025-12-31,active,True
PHN_00817,7590e258921134fe,P_00247,Vi,2024-01-01,2025-12-31,active,True
PHN_00818,38c92674df4cba23,P_02741,Jio,2024-01-01,2025-12-31,active,True
PHN_00819,5757bd1da6ec9bc0,P_01338,Vi,2024-01-01,2025-12-31,active,True
PHN_00820,4e0ba575dde6c593,P_02491,Airtel,2024-01-01,2025-12-31,active,True
PHN_00821,3acaf4df0209f417,P_03089,BSNL,2024-01-01,2025-12-31,active,True
PHN_00822,2f212061019de1fc,P_03307,Vi,2024-01-01,2025-12-31,active,True
PHN_00823,a1533b9151fa6056,P_00992,BSNL,2024-01-01,2025-12-31,active,True
PHN_00824,d8a024d790d63740,P_03170,Vi,2024-01-01,2025-12-31,active,True
PHN_00825,aff31b6abd9780a4,P_04069,BSNL,2024-01-01,2025-12-31,active,True
PHN_00826,0fce149b6e78cb72,P_04243,BSNL,2024-01-01,2025-12-31,active,True
PHN_00827,b8c97e252574c639,P_04936,BSNL,2024-01-01,2025-12-31,active,True
PHN_00828,d4903c7fe6f083bd,P_04342,Airtel,2024-01-01,2025-12-31,active,True
PHN_00829,868e66fe61f18320,P_04628,Vi,2024-01-01,2025-12-31,active,True
PHN_00830,c99e3252c556094f,P_01002,Airtel,2024-01-01,2025-12-31,active,True
PHN_00831,9df4d6b882b2f3df,P_02651,Jio,2024-01-01,2025-12-31,active,True
PHN_00832,d7a264e213da30dc,P_02386,Jio,2024-01-01,2025-12-31,active,True
PHN_00833,385265e5f0050578,P_02354,Vi,2024-01-01,2025-12-31,active,True
PHN_00834,477e0615ecbe437f,P_03822,Airtel,2024-01-01,2025-12-31,active,True
PHN_00835,18dcc62f6b812287,P_03753,BSNL,2024-01-01,2025-12-31,active,True
PHN_00836,816b2031d3d1c337,P_01129,Vi,2024-01-01,2025-12-31,active,True
PHN_00837,e8f55ab13f0f620d,P_02282,Airtel,2024-01-01,2025-12-31,active,True
PHN_00838,71aa6acb7cff73e2,P_03936,BSNL,2024-01-01,2025-12-31,active,True
PHN_00839,488caf97574ff31a,P_00523,Vi,2024-01-01,2025-12-31,active,True
PHN_00840,0dba65438eb22861,P_02117,Airtel,2024-01-01,2025-12-31,active,True
PHN_00841,236ceba29f6777a3,P_04503,Vi,2024-01-01,2025-12-31,active,True
PHN_00842,12fd48259b89e8f3,P_00450,Vi,2024-01-01,2025-12-31,active,True
PHN_00843,dc17273b60007952,P_00741,Airtel,2024-01-01,2025-12-31,active,True
PHN_00844,71469fb4a8ff85e3,P_01016,BSNL,2024-01-01,2025-12-31,active,True
PHN_00845,7153a0dc8c517c56,P_00060,BSNL,2024-01-01,2025-12-31,active,True
PHN_00846,10b2c5ce7bbd2826,P_04070,Jio,2024-01-01,2025-12-31,active,True
PHN_00847,57cb6c1081c29316,P_01871,BSNL,2024-01-01,2025-12-31,active,True
PHN_00848,e513c5b9ceb51f44,P_04383,Jio,2024-01-01,2025-12-31,active,True
PHN_00849,bac8fc2e7211fe80,P_00153,Vi,2024-01-01,2025-12-31,active,True
PHN_00850,fc833a9b7b0d4471,P_04479,BSNL,2024-01-01,2025-12-31,active,True
PHN_00851,8e2ee21014275d30,P_03761,BSNL,2024-01-01,2025-12-31,active,True
PHN_00852,3b2958ec4d65763f,P_02935,Jio,2024-01-01,2025-12-31,active,True
PHN_00853,ef5f5fe9f1b485e2,P_01568,Airtel,2024-01-01,2025-12-31,active,True
PHN_00854,3e357381dbd9dccc,P_04921,Airtel,2024-01-01,2025-12-31,active,True
PHN_00855,55fe2b9506fa3600,P_02641,BSNL,2024-01-01,2025-12-31,active,True
PHN_00856,c789ead368d730b8,P_03917,BSNL,2024-01-01,2025-12-31,active,True
PHN_00857,9a0244c5edf30fa1,P_02054,BSNL,2024-01-01,2025-12-31,active,True
PHN_00858,3c9b60e0815405a1,P_03952,BSNL,2024-01-01,2025-12-31,active,True
PHN_00859,7c168698f2c68281,P_01486,BSNL,2024-01-01,2025-12-31,active,True
PHN_00860,be6a7039cf92f89f,P_03602,BSNL,2024-01-01,2025-12-31,active,True
PHN_00861,d9ccc9ff6b650d22,P_00574,Airtel,2024-01-01,2025-12-31,active,True
PHN_00862,b4834622c5120966,P_01856,BSNL,2024-01-01,2025-12-31,active,True
PHN_00863,29ad99ee94f70d10,P_01701,Jio,2024-01-01,2025-12-31,active,True
PHN_00864,ff37d375b9ecb92d,P_01981,Airtel,2024-01-01,2025-12-31,active,True
PHN_00865,b4da1578b2522769,P_01167,Airtel,2024-01-01,2025-12-31,active,True
PHN_00866,ce2fec659c9e3874,P_02031,BSNL,2024-01-01,2025-12-31,active,True
PHN_00867,d4f2327f72f52dc2,P_02032,Vi,2024-01-01,2025-12-31,active,True
PHN_00868,27d5566184f895ba,P_03297,Vi,2024-01-01,2025-12-31,active,True
PHN_00869,79c3bb2cadc8963f,P_02316,BSNL,2024-01-01,2025-12-31,active,True
PHN_00870,3d688564687c507c,P_03707,Vi,2024-01-01,2025-12-31,active,True
PHN_00871,e028906adcc3a395,P_01844,Vi,2024-01-01,2025-12-31,active,True
PHN_00872,e35955206c186bb1,P_02252,Vi,2024-01-01,2025-12-31,active,True
PHN_00873,d79e55e978a4a70e,P_04614,Vi,2024-01-01,2025-12-31,active,True
PHN_00874,d9fb02d3aae5903f,P_02402,Airtel,2024-01-01,2025-12-31,active,True
PHN_00875,11144b762b86a2fa,P_00893,BSNL,2024-01-01,2025-12-31,active,True
PHN_00876,fd53c5c48c407d3d,P_03116,Jio,2024-01-01,2025-12-31,active,True
PHN_00877,1474bf5e85664d7f,P_04027,Jio,2024-01-01,2025-12-31,active,True
PHN_00878,28ff7fcbd0eefd0c,P_00625,Airtel,2024-01-01,2025-12-31,active,True
PHN_00879,97dd0f332878cb98,P_02135,Airtel,2024-01-01,2025-12-31,active,True
PHN_00880,dda62e688525bc3d,P_04460,Jio,2024-01-01,2025-12-31,active,True
PHN_00881,b99fed1f1f478a9f,P_04827,Jio,2024-01-01,2025-12-31,active,True
PHN_00882,0d8ade13499cb90f,P_02912,BSNL,2024-01-01,2025-12-31,active,True
PHN_00883,6e40fad2cb31734e,P_02633,Vi,2024-01-01,2025-12-31,active,True
PHN_00884,6d266b15cb20189b,P_02908,BSNL,2024-01-01,2025-12-31,active,True
PHN_00885,a28532465526fa1d,P_03431,Jio,2024-01-01,2025-12-31,active,True
PHN_00886,24445971d92699fb,P_00315,Airtel,2024-01-01,2025-12-31,active,True
PHN_00887,8b86c905fcd31da1,P_01790,Jio,2024-01-01,2025-12-31,active,True
PHN_00888,6f5b09a6d4c321b6,P_02590,Vi,2024-01-01,2025-12-31,active,True
PHN_00889,de7becb4a15fa34a,P_00120,Jio,2024-01-01,2025-12-31,active,True
PHN_00890,9130ac030341b787,P_02567,BSNL,2024-01-01,2025-12-31,active,True
PHN_00891,5fb6e1f7b640a423,P_02680,Vi,2024-01-01,2025-12-31,active,True
PHN_00892,5613c2a112183efb,P_01192,BSNL,2024-01-01,2025-12-31,active,True
PHN_00893,bd94048176512fe7,P_04334,Jio,2024-01-01,2025-12-31,active,True
PHN_00894,21d9d89018808489,P_01430,BSNL,2024-01-01,2025-12-31,active,True
PHN_00895,80dc66ae6a3aa715,P_04675,Airtel,2024-01-01,2025-12-31,active,True
PHN_00896,115b911a3f44a15b,P_01854,Vi,2024-01-01,2025-12-31,active,True
PHN_00897,68f464210c67c457,P_03571,Vi,2024-01-01,2025-12-31,active,True
PHN_00898,9d0573bfb1961b8b,P_01268,Jio,2024-01-01,2025-12-31,active,True
PHN_00899,87d4c6adde719d78,P_04518,Vi,2024-01-01,2025-12-31,active,True
PHN_00900,8bdfee22dd1980a5,P_02626,BSNL,2024-01-01,2025-12-31,active,True
PHN_00901,545d59e6efbbc061,P_03099,BSNL,2024-01-01,2025-12-31,active,True
PHN_00902,01b0f2115a444106,P_01436,Vi,2024-01-01,2025-12-31,active,True
PHN_00903,0c6233080a2d0ac3,P_00435,Vi,2024-01-01,2025-12-31,active,True
PHN_00904,e9c71aa5e80f6a1d,P_00536,Airtel,2024-01-01,2025-12-31,active,True
PHN_00905,0e72a3f966105685,P_00638,Vi,2024-01-01,2025-12-31,active,True
PHN_00906,90bdc8f1e343bee9,P_00517,BSNL,2024-01-01,2025-12-31,active,True
PHN_00907,6b50e3a16118d0e5,P_02061,Airtel,2024-01-01,2025-12-31,active,True
PHN_00908,7da64bcbd2e7cfbe,P_03342,Airtel,2024-01-01,2025-12-31,active,True
PHN_00909,592535f512ff3c9f,P_01737,BSNL,2024-01-01,2025-12-31,active,True
PHN_00910,ba3aba1e22a963a2,P_03027,Vi,2024-01-01,2025-12-31,active,True
PHN_00911,1836bcda3300d70a,P_03519,Airtel,2024-01-01,2025-12-31,active,True
PHN_00912,764a1212243ce90a,P_00505,Vi,2024-01-01,2025-12-31,active,True
PHN_00913,92f3da9104c77345,P_03370,Airtel,2024-01-01,2025-12-31,active,True
PHN_00914,81e939631d464f8a,P_03569,Vi,2024-01-01,2025-12-31,active,True
PHN_00915,b39b38a292317906,P_00425,Airtel,2024-01-01,2025-12-31,active,True
PHN_00916,d946e427249b3ae3,P_04276,Jio,2024-01-01,2025-12-31,active,True
PHN_00917,c67c8c86b944e946,P_02007,Vi,2024-01-01,2025-12-31,active,True
PHN_00918,c55f6732a5bf8bc5,P_01737,Vi,2024-01-01,2025-12-31,active,True
PHN_00919,ffea858747d1773e,P_01476,BSNL,2024-01-01,2025-12-31,active,True
PHN_00920,1f9f05840e1cbe1e,P_01028,BSNL,2024-01-01,2025-12-31,active,True
PHN_00921,0e009f70a9c64157,P_00020,Jio,2024-01-01,2025-12-31,active,True
PHN_00922,110483f1b64c14b3,P_02081,Vi,2024-01-01,2025-12-31,active,True
PHN_00923,3fd9b71c96a29397,P_03725,Jio,2024-01-01,2025-12-31,active,True
PHN_00924,df6289f18d104f91,P_02054,Jio,2024-01-01,2025-12-31,active,True
PHN_00925,5a9937c4dce12373,P_03795,Jio,2024-01-01,2025-12-31,active,True
PHN_00926,909b92d3f91670d8,P_04217,Jio,2024-01-01,2025-12-31,active,True
PHN_00927,91cb3fc03a663f7c,P_03067,Airtel,2024-01-01,2025-12-31,active,True
PHN_00928,6099017cb5edc908,P_02182,Vi,2024-01-01,2025-12-31,active,True
PHN_00929,0eed678cc7046606,P_02583,BSNL,2024-01-01,2025-12-31,active,True
PHN_00930,bb29765e607b62a1,P_02879,Airtel,2024-01-01,2025-12-31,active,True
PHN_00931,d94305e6654fe532,P_00488,Jio,2024-01-01,2025-12-31,active,True
PHN_00932,ef77a74601496c05,P_03529,Jio,2024-01-01,2025-12-31,active,True
PHN_00933,b6248d377f818aec,P_02858,BSNL,2024-01-01,2025-12-31,active,True
PHN_00934,ad9c796f89365e6e,P_01791,BSNL,2024-01-01,2025-12-31,active,True
PHN_00935,6c03ffe8291c3ab5,P_01275,Airtel,2024-01-01,2025-12-31,active,True
PHN_00936,b48b90dd069e3c34,P_00009,Jio,2024-01-01,2025-12-31,active,True
PHN_00937,45280a0e893ce63e,P_02586,Vi,2024-01-01,2025-12-31,active,True
PHN_00938,1ce034f4b3044456,P_03102,Airtel,2024-01-01,2025-12-31,active,True
PHN_00939,33848cfdc7f155e5,P_04882,Vi,2024-01-01,2025-12-31,active,True
PHN_00940,b33cb9029dad1528,P_01047,Jio,2024-01-01,2025-12-31,active,True
PHN_00941,04f3c3d30fcbe0c9,P_02625,Jio,2024-01-01,2025-12-31,active,True
PHN_00942,d712446b246cb856,P_00502,Airtel,2024-01-01,2025-12-31,active,True
PHN_00943,321140718bf58118,P_01727,Vi,2024-01-01,2025-12-31,active,True
PHN_00944,76197f2e38546392,P_00392,BSNL,2024-01-01,2025-12-31,active,True
PHN_00945,38f5652ef0cfe8b5,P_01991,Vi,2024-01-01,2025-12-31,active,True
PHN_00946,581b347f84d94932,P_01548,Jio,2024-01-01,2025-12-31,active,True
PHN_00947,e6b37c9ecca1301e,P_00311,Vi,2024-01-01,2025-12-31,active,True
PHN_00948,b4a3724a5eb06987,P_01714,Airtel,2024-01-01,2025-12-31,active,True
PHN_00949,bc0cb0a568ae7883,P_03182,Jio,2024-01-01,2025-12-31,active,True
PHN_00950,7728dadc9f61dc6f,P_02711,Vi,2024-01-01,2025-12-31,active,True
PHN_00951,c489ff9ae5280f85,P_02837,Airtel,2024-01-01,2025-12-31,active,True
PHN_00952,aa0b37761f61b104,P_04233,BSNL,2024-01-01,2025-12-31,active,True
PHN_00953,59f7c3748c47ed99,P_03044,Vi,2024-01-01,2025-12-31,active,True
PHN_00954,3923d5e9b54fd796,P_03626,Airtel,2024-01-01,2025-12-31,active,True
PHN_00955,191659b3e2c4c3d5,P_01880,Airtel,2024-01-01,2025-12-31,active,True
PHN_00956,3b4b51f7bf73eb97,P_04935,Vi,2024-01-01,2025-12-31,active,True
PHN_00957,7896ee65bf14a171,P_01701,Jio,2024-01-01,2025-12-31,active,True
PHN_00958,710ee0e8285c5ed9,P_04738,Jio,2024-01-01,2025-12-31,active,True
PHN_00959,57707be4f3cc866f,P_04016,Vi,2024-01-01,2025-12-31,active,True
PHN_00960,6823575dcf150db9,P_03645,BSNL,2024-01-01,2025-12-31,active,True
PHN_00961,9255421b2c364eb5,P_04444,Jio,2024-01-01,2025-12-31,active,True
PHN_00962,e2c105cf5ebc111e,P_04636,BSNL,2024-01-01,2025-12-31,active,True
PHN_00963,3991e4b08aa0c6dc,P_01476,Airtel,2024-01-01,2025-12-31,active,True
PHN_00964,b9e99535e6b22404,P_04948,Airtel,2024-01-01,2025-12-31,active,True
PHN_00965,05967473b85008c0,P_00100,BSNL,2024-01-01,2025-12-31,active,True
PHN_00966,831b773f354cfa23,P_02961,Vi,2024-01-01,2025-12-31,active,True
PHN_00967,60a5a8c14c0a55e3,P_03312,Jio,2024-01-01,2025-12-31,active,True
PHN_00968,7f4b4d994ed75000,P_03694,Vi,2024-01-01,2025-12-31,active,True
PHN_00969,2456920aa03f5b6c,P_03437,Vi,2024-01-01,2025-12-31,active,True
PHN_00970,0c87615363f92a7a,P_03090,BSNL,2024-01-01,2025-12-31,active,True
PHN_00971,5c84eb938dcce91a,P_00030,Airtel,2024-01-01,2025-12-31,active,True
PHN_00972,37d4ff221a34bad0,P_03666,BSNL,2024-01-01,2025-12-31,active,True
PHN_00973,767db250180c7e2e,P_02922,BSNL,2024-01-01,2025-12-31,active,True
PHN_00974,647707a68004ff34,P_02689,Jio,2024-01-01,2025-12-31,active,True
PHN_00975,37f26db2ed993bb6,P_01083,BSNL,2024-01-01,2025-12-31,active,True
PHN_00976,30335c99c6bfaf01,P_02797,Airtel,2024-01-01,2025-12-31,active,True
PHN_00977,9c747b14a2fe88bb,P_00374,BSNL,2024-01-01,2025-12-31,active,True
PHN_00978,2778e54bf0ce663d,P_04796,BSNL,2024-01-01,2025-12-31,active,True
PHN_00979,76e785a784b72e56,P_02404,Jio,2024-01-01,2025-12-31,active,True
PHN_00980,739b09724dc0edda,P_03268,Vi,2024-01-01,2025-12-31,active,True
PHN_00981,b8bf43ed183520b5,P_03933,Airtel,2024-01-01,2025-12-31,active,True
PHN_00982,11f0b98e5a7d4425,P_01375,Airtel,2024-01-01,2025-12-31,active,True
PHN_00983,14b3bb9f4b1bb4e9,P_02489,Vi,2024-01-01,2025-12-31,active,True
PHN_00984,31e883bd9dad5dbe,P_02251,BSNL,2024-01-01,2025-12-31,active,True
PHN_00985,40fefc56a9216813,P_01930,Jio,2024-01-01,2025-12-31,active,True
PHN_00986,d296084212312b9f,P_04704,Jio,2024-01-01,2025-12-31,active,True
PHN_00987,a864d9efb4c2cde9,P_04032,Jio,2024-01-01,2025-12-31,active,True
PHN_00988,1e56d73944810bfd,P_00990,Airtel,2024-01-01,2025-12-31,active,True
PHN_00989,32dc5de9dd9cb8e3,P_00475,BSNL,2024-01-01,2025-12-31,active,True
PHN_00990,eaf2dfce95df7af4,P_04097,Jio,2024-01-01,2025-12-31,active,True
PHN_00991,1b193c18379e82b0,P_03235,Vi,2024-01-01,2025-12-31,active,True
PHN_00992,fe6f2157d0a33460,P_01027,Jio,2024-01-01,2025-12-31,active,True
PHN_00993,07b6536ee54aaad5,P_03214,BSNL,2024-01-01,2025-12-31,active,True
PHN_00994,199624d62fde16ac,P_02298,Jio,2024-01-01,2025-12-31,active,True
PHN_00995,fd0b3c8686e3cc08,P_00240,Airtel,2024-01-01,2025-12-31,active,True
PHN_00996,7238a7d2f5a9bbb3,P_02840,BSNL,2024-01-01,2025-12-31,active,True
PHN_00997,7be30755900d98fc,P_02799,Vi,2024-01-01,2025-12-31,active,True
PHN_00998,17e807b8039c15fb,P_01108,Airtel,2024-01-01,2025-12-31,active,True
PHN_00999,1228013f5783df07,P_00872,Jio,2024-01-01,2025-12-31,active,True
PHN_01000,5a43d6d870a890a1,P_00043,BSNL,2024-01-01,2025-12-31,active,True
PHN_01001,61a59b0bfdcfc4b8,P_00656,Airtel,2024-01-01,2025-12-31,active,True
PHN_01002,7f7e0de77859d8c0,P_01463,Vi,2024-01-01,2025-12-31,active,True
PHN_01003,fb45af9997197d44,P_01298,Jio,2024-01-01,2025-12-31,active,True
PHN_01004,47a39e3f9a927e85,P_00487,Vi,2024-01-01,2025-12-31,active,True
PHN_01005,4be6992370c2bd36,P_00570,BSNL,2024-01-01,2025-12-31,active,True
PHN_01006,e129714bac6342ff,P_02242,Jio,2024-01-01,2025-12-31,active,True
PHN_01007,2e1ad5c7cfde4ae9,P_04505,Jio,2024-01-01,2025-12-31,active,True
PHN_01008,62ca9d7f6ac0c9de,P_02480,Airtel,2024-01-01,2025-12-31,active,True
PHN_01009,ac391456f43afb58,P_00790,BSNL,2024-01-01,2025-12-31,active,True
PHN_01010,f2afdb4dfdaa1faf,P_01150,Airtel,2024-01-01,2025-12-31,active,True
PHN_01011,d702ab1c0da3219e,P_02012,Vi,2024-01-01,2025-12-31,active,True
PHN_01012,efde0c6e636d5c92,P_02349,Jio,2024-01-01,2025-12-31,active,True
PHN_01013,88c9e82812e8ea80,P_00313,Jio,2024-01-01,2025-12-31,active,True
PHN_01014,1c3b32e9f34d51ad,P_03224,BSNL,2024-01-01,2025-12-31,active,True
PHN_01015,3a84bfa98d69042b,P_03721,Airtel,2024-01-01,2025-12-31,active,True
PHN_01016,22e059305b2aac64,P_04122,Airtel,2024-01-01,2025-12-31,active,True
PHN_01017,aabb27f6edbe6034,P_00594,Jio,2024-01-01,2025-12-31,active,True
PHN_01018,bc18caf393f34305,P_04048,Jio,2024-01-01,2025-12-31,active,True
PHN_01019,51d6b7e26a2f3840,P_00492,Airtel,2024-01-01,2025-12-31,active,True
PHN_01020,4c3dc34684adf37b,P_04982,Vi,2024-01-01,2025-12-31,active,True
PHN_01021,9d3008e6bd7e37b6,P_03858,Jio,2024-01-01,2025-12-31,active,True
PHN_01022,57945911200972eb,P_00858,Jio,2024-01-01,2025-12-31,active,True
PHN_01023,c82bc95972a1551d,P_03737,Vi,2024-01-01,2025-12-31,active,True
PHN_01024,03456e5a755862fa,P_03201,BSNL,2024-01-01,2025-12-31,active,True
PHN_01025,79c9bbabb9bf20f0,P_03511,Vi,2024-01-01,2025-12-31,active,True
PHN_01026,cf37578626b74d80,P_03724,BSNL,2024-01-01,2025-12-31,active,True
PHN_01027,075033702c753d09,P_04855,Airtel,2024-01-01,2025-12-31,active,True
PHN_01028,42d393e8dd38fd71,P_01843,BSNL,2024-01-01,2025-12-31,active,True
PHN_01029,09dcb5f70a4be49b,P_02624,Vi,2024-01-01,2025-12-31,active,True
PHN_01030,b0b4d8c4bc0c9f6f,P_04104,Jio,2024-01-01,2025-12-31,active,True
PHN_01031,fc0e9251d0349bad,P_00170,Airtel,2024-01-01,2025-12-31,active,True
PHN_01032,bebca6acbad3b112,P_03958,Vi,2024-01-01,2025-12-31,active,True
PHN_01033,fedafd21e6d51213,P_04020,Vi,2024-01-01,2025-12-31,active,True
PHN_01034,2b9d2baee16c11b0,P_01330,Jio,2024-01-01,2025-12-31,active,True
PHN_01035,883e5366ad36cdb2,P_04004,Vi,2024-01-01,2025-12-31,active,True
PHN_01036,828428e528b3eed6,P_02588,Airtel,2024-01-01,2025-12-31,active,True
PHN_01037,0ac73ec9eee04ce0,P_02216,Jio,2024-01-01,2025-12-31,active,True
PHN_01038,df998243bbd5a72b,P_02209,Airtel,2024-01-01,2025-12-31,active,True
PHN_01039,6acabe1d1ad8a5e7,P_00214,Jio,2024-01-01,2025-12-31,active,True
PHN_01040,cfdc0af4777966f7,P_00018,Airtel,2024-01-01,2025-12-31,active,True
PHN_01041,b456a01be16cd182,P_03217,Vi,2024-01-01,2025-12-31,active,True
PHN_01042,12812668c9195938,P_02766,BSNL,2024-01-01,2025-12-31,active,True
PHN_01043,f57d8fc544f7eb1d,P_02845,BSNL,2024-01-01,2025-12-31,active,True
PHN_01044,36dc7fb98ad7af21,P_02429,BSNL,2024-01-01,2025-12-31,active,True
PHN_01045,32ebd840cbdd5395,P_01728,Airtel,2024-01-01,2025-12-31,active,True
PHN_01046,834382070c58f6c7,P_02798,Jio,2024-01-01,2025-12-31,active,True
PHN_01047,ad13c3ee89c48306,P_03860,Airtel,2024-01-01,2025-12-31,active,True
PHN_01048,aeda9a8fed891f37,P_00432,Vi,2024-01-01,2025-12-31,active,True
PHN_01049,916fa5250749e9c1,P_04249,Jio,2024-01-01,2025-12-31,active,True
PHN_01050,5c21542e5ec011c2,P_03889,BSNL,2024-01-01,2025-12-31,active,True
PHN_01051,259b2181f8f83c3a,P_01845,Jio,2024-01-01,2025-12-31,active,True
PHN_01052,a86c6eb3f97a9a18,P_04054,Vi,2024-01-01,2025-12-31,active,True
PHN_01053,77ff45d9e96d5eb7,P_04534,Jio,2024-01-01,2025-12-31,active,True
PHN_01054,5c420177daeefa60,P_04481,BSNL,2024-01-01,2025-12-31,active,True
PHN_01055,820c879a945aefca,P_00648,Airtel,2024-01-01,2025-12-31,active,True
PHN_01056,8164c71667a0aee0,P_03010,Jio,2024-01-01,2025-12-31,active,True
PHN_01057,3c28f946b68b7fa4,P_02027,Airtel,2024-01-01,2025-12-31,active,True
PHN_01058,e3ecf0715b267bc0,P_00493,Vi,2024-01-01,2025-12-31,active,True
PHN_01059,3a910d9f5d79e606,P_03805,Airtel,2024-01-01,2025-12-31,active,True
PHN_01060,213f0e97a8a7a992,P_00760,Airtel,2024-01-01,2025-12-31,active,True
PHN_01061,f781beecdddefc57,P_03648,BSNL,2024-01-01,2025-12-31,active,True
PHN_01062,ad6908ea316e28ee,P_04328,Jio,2024-01-01,2025-12-31,active,True
PHN_01063,4356c09b774fd39d,P_04626,Jio,2024-01-01,2025-12-31,active,True
PHN_01064,7f1c0b135408a9f7,P_03719,BSNL,2024-01-01,2025-12-31,active,True
PHN_01065,16d6f253e9dc0502,P_01909,Airtel,2024-01-01,2025-12-31,active,True
PHN_01066,12cda968fcbe4c16,P_00699,Airtel,2024-01-01,2025-12-31,active,True
PHN_01067,823e3eb374d622bb,P_03427,Airtel,2024-01-01,2025-12-31,active,True
PHN_01068,b7d786d24a2db546,P_03700,Jio,2024-01-01,2025-12-31,active,True
PHN_01069,5b573da50523c339,P_00103,Jio,2024-01-01,2025-12-31,active,True
PHN_01070,2924bcb236564862,P_03236,BSNL,2024-01-01,2025-12-31,active,True
PHN_01071,402fd86d3569b3e7,P_04405,BSNL,2024-01-01,2025-12-31,active,True
PHN_01072,642dd4485d7da54a,P_02294,Vi,2024-01-01,2025-12-31,active,True
PHN_01073,6feba00e07ecea91,P_00827,BSNL,2024-01-01,2025-12-31,active,True
PHN_01074,1840aee5e84a78a3,P_01927,Vi,2024-01-01,2025-12-31,active,True
PHN_01075,3339bc51f4b87f7f,P_03504,Vi,2024-01-01,2025-12-31,active,True
PHN_01076,685158896d4a986e,P_01569,BSNL,2024-01-01,2025-12-31,active,True
PHN_01077,443a0fe667ac3309,P_02439,Vi,2024-01-01,2025-12-31,active,True
PHN_01078,1cb260b5e7cfff64,P_01413,BSNL,2024-01-01,2025-12-31,active,True
PHN_01079,455d232512c6b732,P_03640,BSNL,2024-01-01,2025-12-31,active,True
PHN_01080,edeb5637f901196e,P_03952,Vi,2024-01-01,2025-12-31,active,True
PHN_01081,1eb60f1cca5a04e0,P_00725,BSNL,2024-01-01,2025-12-31,active,True
PHN_01082,b4f1ae1ebd315df3,P_00279,Airtel,2024-01-01,2025-12-31,active,True
PHN_01083,a61dbc14f5575ddd,P_02090,BSNL,2024-01-01,2025-12-31,active,True
PHN_01084,870fe22987c3eeb3,P_00247,Vi,2024-01-01,2025-12-31,active,True
PHN_01085,cc96b6714637c9ac,P_00140,Vi,2024-01-01,2025-12-31,active,True
PHN_01086,96ea51e370a4d8a6,P_00507,Jio,2024-01-01,2025-12-31,active,True
PHN_01087,9e5d945eaf4780d3,P_02877,Jio,2024-01-01,2025-12-31,active,True
PHN_01088,ff346eb22993aab3,P_04997,Airtel,2024-01-01,2025-12-31,active,True
PHN_01089,a41bf07e6f7eb4fb,P_01154,Jio,2024-01-01,2025-12-31,active,True
PHN_01090,031b5ad8279f4aa3,P_02515,BSNL,2024-01-01,2025-12-31,active,True
PHN_01091,18b133ded17a1977,P_01237,BSNL,2024-01-01,2025-12-31,active,True
PHN_01092,0773822db1d70bec,P_00617,Vi,2024-01-01,2025-12-31,active,True
PHN_01093,2c5c44901cb4a0de,P_04986,Airtel,2024-01-01,2025-12-31,active,True
PHN_01094,245114b856bed0d2,P_01886,Vi,2024-01-01,2025-12-31,active,True
PHN_01095,eec134a859b49152,P_00751,Airtel,2024-01-01,2025-12-31,active,True
PHN_01096,5e06a191c0ebdd5d,P_04749,BSNL,2024-01-01,2025-12-31,active,True
PHN_01097,8d9da109ad2ca37f,P_01518,Jio,2024-01-01,2025-12-31,active,True
PHN_01098,89af1dece74ea692,P_02629,BSNL,2024-01-01,2025-12-31,active,True
PHN_01099,fe01fad49f68dd9a,P_00439,Airtel,2024-01-01,2025-12-31,active,True
PHN_01100,fe52b66d078f6063,P_00219,Jio,2024-01-01,2025-12-31,active,True
PHN_01101,b612c65368363be6,P_02879,Airtel,2024-01-01,2025-12-31,active,True
PHN_01102,ea3356d19bd008e9,P_02203,Vi,2024-01-01,2025-12-31,active,True
PHN_01103,3c110770a4886dfb,P_04649,BSNL,2024-01-01,2025-12-31,active,True
PHN_01104,93b5ecda605e8aad,P_02094,BSNL,2024-01-01,2025-12-31,active,True
PHN_01105,8a8c36b751149506,P_04417,BSNL,2024-01-01,2025-12-31,active,True
PHN_01106,c055e9a2cd8e3011,P_03629,Airtel,2024-01-01,2025-12-31,active,True
PHN_01107,d5049405a1cbaaa6,P_02378,Airtel,2024-01-01,2025-12-31,active,True
PHN_01108,425ba52e648a5293,P_02463,Jio,2024-01-01,2025-12-31,active,True
PHN_01109,741f112cbf9a4424,P_03477,BSNL,2024-01-01,2025-12-31,active,True
PHN_01110,139093963ec91d93,P_01182,BSNL,2024-01-01,2025-12-31,active,True
PHN_01111,a57a43c690df6edc,P_02426,Jio,2024-01-01,2025-12-31,active,True
PHN_01112,68f7cac31928e15e,P_03335,BSNL,2024-01-01,2025-12-31,active,True
PHN_01113,57f553f1298e5104,P_02018,Airtel,2024-01-01,2025-12-31,active,True
PHN_01114,a90371be36814f8e,P_01148,Airtel,2024-01-01,2025-12-31,active,True
PHN_01115,f34ef92d872d7cac,P_02021,BSNL,2024-01-01,2025-12-31,active,True
PHN_01116,0bd2cc892a272d75,P_00199,Airtel,2024-01-01,2025-12-31,active,True
PHN_01117,9881221f5410ea7c,P_04782,Jio,2024-01-01,2025-12-31,active,True
PHN_01118,24789117af41f0ff,P_03446,Jio,2024-01-01,2025-12-31,active,True
PHN_01119,db170aec35cc9546,P_04559,Vi,2024-01-01,2025-12-31,active,True
PHN_01120,0acd037bc8788aca,P_02218,Airtel,2024-01-01,2025-12-31,active,True
PHN_01121,da7c20ab56fe5966,P_03094,BSNL,2024-01-01,2025-12-31,active,True
PHN_01122,f1964ca298d7115f,P_03906,Airtel,2024-01-01,2025-12-31,active,True
PHN_01123,ddc9213a5e416ed9,P_00837,Vi,2024-01-01,2025-12-31,active,True
PHN_01124,4df8dab913e5ec76,P_04366,Airtel,2024-01-01,2025-12-31,active,True
PHN_01125,46f042dad7f0d5aa,P_04591,BSNL,2024-01-01,2025-12-31,active,True
PHN_01126,37f889a440c05bc4,P_03297,Vi,2024-01-01,2025-12-31,active,True
PHN_01127,8c07797db21bae07,P_00058,Jio,2024-01-01,2025-12-31,active,True
PHN_01128,341b026482ee4077,P_03624,Vi,2024-01-01,2025-12-31,active,True
PHN_01129,d274c8c3fa59fe8c,P_03831,Vi,2024-01-01,2025-12-31,active,True
PHN_01130,308cbd63648181a3,P_01492,Vi,2024-01-01,2025-12-31,active,True
PHN_01131,ee0690badd833922,P_03285,BSNL,2024-01-01,2025-12-31,active,True
PHN_01132,f8985aa569b906c4,P_04324,Jio,2024-01-01,2025-12-31,active,True
PHN_01133,2ca8138e3659cd88,P_03377,Airtel,2024-01-01,2025-12-31,active,True
PHN_01134,a40a0f6637afc76b,P_00546,Vi,2024-01-01,2025-12-31,active,True
PHN_01135,6894baef99b991bd,P_00592,Jio,2024-01-01,2025-12-31,active,True
PHN_01136,578ac6e72d7ef783,P_02076,Airtel,2024-01-01,2025-12-31,active,True
PHN_01137,a1657afa96a76e66,P_04534,Vi,2024-01-01,2025-12-31,active,True
PHN_01138,31218a398d96ffe8,P_02183,BSNL,2024-01-01,2025-12-31,active,True
PHN_01139,4ae679496fa91fee,P_00239,Vi,2024-01-01,2025-12-31,active,True
PHN_01140,e25c735741f292b0,P_00059,Jio,2024-01-01,2025-12-31,active,True
PHN_01141,b975058a63a04977,P_02904,Vi,2024-01-01,2025-12-31,active,True
PHN_01142,38c1fe2a823c6a74,P_02725,Jio,2024-01-01,2025-12-31,active,True
PHN_01143,8fd7d7da790100a1,P_03971,BSNL,2024-01-01,2025-12-31,active,True
PHN_01144,2233e4e586ed02a1,P_02560,BSNL,2024-01-01,2025-12-31,active,True
PHN_01145,5e8f614e3651037e,P_04337,Jio,2024-01-01,2025-12-31,active,True
PHN_01146,15cd9d9496460eba,P_01851,Airtel,2024-01-01,2025-12-31,active,True
PHN_01147,f96715e35ddef561,P_00975,BSNL,2024-01-01,2025-12-31,active,True
PHN_01148,900de63f51cc018d,P_03570,BSNL,2024-01-01,2025-12-31,active,True
PHN_01149,74dd2afd3d6ee0a4,P_04486,Airtel,2024-01-01,2025-12-31,active,True
PHN_01150,74b31d8dc4991582,P_02869,Vi,2024-01-01,2025-12-31,active,True
PHN_01151,e29a211a20597c6d,P_04026,Airtel,2024-01-01,2025-12-31,active,True
PHN_01152,105840c12711a35c,P_02147,Airtel,2024-01-01,2025-12-31,active,True
PHN_01153,a5523de095875abc,P_02399,Jio,2024-01-01,2025-12-31,active,True
PHN_01154,cc68082b9cb987f5,P_03170,Airtel,2024-01-01,2025-12-31,active,True
PHN_01155,87d7f39c96100354,P_02987,Vi,2024-01-01,2025-12-31,active,True
PHN_01156,28998f83712f4176,P_00884,BSNL,2024-01-01,2025-12-31,active,True
PHN_01157,9537bb7df1390b52,P_02891,BSNL,2024-01-01,2025-12-31,active,True
PHN_01158,d78f61a58e8b691a,P_00874,Jio,2024-01-01,2025-12-31,active,True
PHN_01159,94d42f0a063086b2,P_00846,Jio,2024-01-01,2025-12-31,active,True
PHN_01160,570bd21de7185630,P_00268,Jio,2024-01-01,2025-12-31,active,True
PHN_01161,a568233b5e6c5937,P_02448,Airtel,2024-01-01,2025-12-31,active,True
PHN_01162,2a64d2b4c262629a,P_04655,Jio,2024-01-01,2025-12-31,active,True
PHN_01163,560fba1a15867dba,P_01388,Airtel,2024-01-01,2025-12-31,active,True
PHN_01164,c1802aad95b438c7,P_02568,Vi,2024-01-01,2025-12-31,active,True
PHN_01165,40b0f069ea5c0d50,P_02356,Jio,2024-01-01,2025-12-31,active,True
PHN_01166,5ee08f6dda7ad6c9,P_00812,BSNL,2024-01-01,2025-12-31,active,True
PHN_01167,cd92ffaae466de64,P_03890,Airtel,2024-01-01,2025-12-31,active,True
PHN_01168,6349868447ad8f52,P_03625,Jio,2024-01-01,2025-12-31,active,True
PHN_01169,ac5e7b2df819879e,P_02636,Vi,2024-01-01,2025-12-31,active,True
PHN_01170,7a842ad3e3efcd58,P_01595,Jio,2024-01-01,2025-12-31,active,True
PHN_01171,997e19dcafd407e4,P_04839,BSNL,2024-01-01,2025-12-31,active,True
PHN_01172,df2045c0990e8854,P_02357,BSNL,2024-01-01,2025-12-31,active,True
PHN_01173,c5c73bb8d0696cb5,P_04669,Jio,2024-01-01,2025-12-31,active,True
PHN_01174,6313b58f695b6e59,P_04407,Airtel,2024-01-01,2025-12-31,active,True
PHN_01175,9cb9f0270bbdd3d2,P_00236,Airtel,2024-01-01,2025-12-31,active,True
PHN_01176,d9b25dbc8c9cc3b0,P_01365,Jio,2024-01-01,2025-12-31,active,True
PHN_01177,09a38f93757b8def,P_03297,Jio,2024-01-01,2025-12-31,active,True
PHN_01178,49d30d6e0c4a213c,P_04957,BSNL,2024-01-01,2025-12-31,active,True
PHN_01179,dce207e14dde9799,P_02669,Vi,2024-01-01,2025-12-31,active,True
PHN_01180,b1656ac23d8952f5,P_00270,Airtel,2024-01-01,2025-12-31,active,True
PHN_01181,005ea5aac57c0077,P_03806,Vi,2024-01-01,2025-12-31,active,True
PHN_01182,d34170905f5a2623,P_02638,BSNL,2024-01-01,2025-12-31,active,True
PHN_01183,ab077bdaa038fb88,P_02614,BSNL,2024-01-01,2025-12-31,active,True
PHN_01184,20afd0dda3fd7976,P_01061,Jio,2024-01-01,2025-12-31,active,True
PHN_01185,fe3e13ee0a6edf9f,P_01382,BSNL,2024-01-01,2025-12-31,active,True
PHN_01186,03475abafc3c0e0e,P_02624,Airtel,2024-01-01,2025-12-31,active,True
PHN_01187,73eda62a0f16ffad,P_03392,Jio,2024-01-01,2025-12-31,active,True
PHN_01188,3e4539f719d5828b,P_04542,Vi,2024-01-01,2025-12-31,active,True
PHN_01189,8a3234d7df2570cb,P_04749,Jio,2024-01-01,2025-12-31,active,True
PHN_01190,77ec6a89c87e3c60,P_00985,Jio,2024-01-01,2025-12-31,active,True
PHN_01191,59b5d9a3dcebed02,P_00057,Jio,2024-01-01,2025-12-31,active,True
PHN_01192,a0866d7fd90da5d2,P_00004,Airtel,2024-01-01,2025-12-31,active,True
PHN_01193,8357c3c845e2b279,P_03737,Airtel,2024-01-01,2025-12-31,active,True
PHN_01194,73b87bde2059e0e3,P_04071,BSNL,2024-01-01,2025-12-31,active,True
PHN_01195,301399ad52561a19,P_01313,Airtel,2024-01-01,2025-12-31,active,True
PHN_01196,c19d1f3061b5a4b5,P_00419,Jio,2024-01-01,2025-12-31,active,True
PHN_01197,e57d8bd44f5cc7a6,P_03722,Jio,2024-01-01,2025-12-31,active,True
PHN_01198,7aebbbab5c48867d,P_04040,BSNL,2024-01-01,2025-12-31,active,True
PHN_01199,3c37b2035d35a681,P_04679,Airtel,2024-01-01,2025-12-31,active,True
PHN_01200,93ea033171f960ef,P_01680,BSNL,2024-01-01,2025-12-31,active,True
PHN_01201,3f47f9c57aa249ff,P_03101,BSNL,2024-01-01,2025-12-31,active,True
PHN_01202,6b9106b3de36d1cb,P_01371,Vi,2024-01-01,2025-12-31,active,True
PHN_01203,82ae3e5438a5ddf6,P_02253,Vi,2024-01-01,2025-12-31,active,True
PHN_01204,9ee448238ee3eb2d,P_00556,Jio,2024-01-01,2025-12-31,active,True
PHN_01205,b0c5920e48ed91a7,P_03649,Airtel,2024-01-01,2025-12-31,active,True
PHN_01206,a362840ee833975d,P_03722,Airtel,2024-01-01,2025-12-31,active,True
PHN_01207,443593c7c05c7f85,P_04869,Airtel,2024-01-01,2025-12-31,active,True
PHN_01208,e42c7b7bb3b6be47,P_04577,Airtel,2024-01-01,2025-12-31,active,True
PHN_01209,63046883fde12db4,P_02721,Airtel,2024-01-01,2025-12-31,active,True
PHN_01210,0eb9490d6c769ae5,P_02510,Airtel,2024-01-01,2025-12-31,active,True
PHN_01211,40c1e2525e9a95e1,P_03199,BSNL,2024-01-01,2025-12-31,active,True
PHN_01212,71cccb4d6d208e1d,P_02255,Vi,2024-01-01,2025-12-31,active,True
PHN_01213,045199dfba97d494,P_02877,Jio,2024-01-01,2025-12-31,active,True
PHN_01214,2b2ed3c11754991b,P_00435,Airtel,2024-01-01,2025-12-31,active,True
PHN_01215,d2b8a95e33ef38ec,P_01882,Vi,2024-01-01,2025-12-31,active,True
PHN_01216,574c3652b4387332,P_02976,Vi,2024-01-01,2025-12-31,active,True
PHN_01217,b370b715422b6e76,P_03732,Airtel,2024-01-01,2025-12-31,active,True
PHN_01218,681c54a00ab981f1,P_02199,Airtel,2024-01-01,2025-12-31,active,True
PHN_01219,ef9dfda85d7b6cdf,P_04321,Jio,2024-01-01,2025-12-31,active,True
PHN_01220,a9271b93ae92231c,P_03561,Jio,2024-01-01,2025-12-31,active,True
PHN_01221,35dacd0089a0b89f,P_02869,BSNL,2024-01-01,2025-12-31,active,True
PHN_01222,b401388f8126f629,P_02996,Jio,2024-01-01,2025-12-31,active,True
PHN_01223,d8b30f05a73689c9,P_01226,BSNL,2024-01-01,2025-12-31,active,True
PHN_01224,3cfcb7c0948e002d,P_00707,Jio,2024-01-01,2025-12-31,active,True
PHN_01225,5b79383f9ab6e1f3,P_04995,Jio,2024-01-01,2025-12-31,active,True
PHN_01226,3e23be99018522de,P_03512,Vi,2024-01-01,2025-12-31,active,True
PHN_01227,1849ba1185b20903,P_01285,Jio,2024-01-01,2025-12-31,active,True
PHN_01228,3a86c1e0e928b89f,P_01533,Jio,2024-01-01,2025-12-31,active,True
PHN_01229,e56e7f8038e2c2ff,P_02300,Vi,2024-01-01,2025-12-31,active,True
PHN_01230,4a16b94c64e446e4,P_04032,Jio,2024-01-01,2025-12-31,active,True
PHN_01231,11a7b8cda726f54a,P_04608,Jio,2024-01-01,2025-12-31,active,True
PHN_01232,a97a6952ff39f51c,P_03877,Airtel,2024-01-01,2025-12-31,active,True
PHN_01233,cec6119c206183b4,P_04302,Vi,2024-01-01,2025-12-31,active,True
PHN_01234,2e7d72281d9f9d13,P_04324,BSNL,2024-01-01,2025-12-31,active,True
PHN_01235,01d6a70a3b200191,P_02264,Vi,2024-01-01,2025-12-31,active,True
PHN_01236,89a68a1f6371bf57,P_00352,Airtel,2024-01-01,2025-12-31,active,True
PHN_01237,abdfd70f0d797942,P_03448,BSNL,2024-01-01,2025-12-31,active,True
PHN_01238,65c3a8c3696ee237,P_02840,Jio,2024-01-01,2025-12-31,active,True
PHN_01239,94f3e7bfd4c94e37,P_04137,Airtel,2024-01-01,2025-12-31,active,True
PHN_01240,18cf9983e873dc90,P_00176,Jio,2024-01-01,2025-12-31,active,True
PHN_01241,580ce132780f1399,P_02913,Jio,2024-01-01,2025-12-31,active,True
PHN_01242,8b36b19bb64143ca,P_00659,BSNL,2024-01-01,2025-12-31,active,True
PHN_01243,697bb2fbdeefa237,P_02385,Vi,2024-01-01,2025-12-31,active,True
PHN_01244,d068cfff3f69909f,P_03657,Airtel,2024-01-01,2025-12-31,active,True
PHN_01245,f5027b12667560b3,P_01056,Vi,2024-01-01,2025-12-31,active,True
PHN_01246,e72287351018c6a5,P_03061,BSNL,2024-01-01,2025-12-31,active,True
PHN_01247,bef2b3108bf3992c,P_04194,Vi,2024-01-01,2025-12-31,active,True
PHN_01248,9a4324a116303c35,P_03477,Jio,2024-01-01,2025-12-31,active,True
PHN_01249,21ef0ae2450a897a,P_00012,Vi,2024-01-01,2025-12-31,active,True
PHN_01250,395261c26311a974,P_04605,Airtel,2024-01-01,2025-12-31,active,True
PHN_01251,52a59009cfe7840f,P_01730,Airtel,2024-01-01,2025-12-31,active,True
PHN_01252,f4a7c4ff6852959a,P_02287,Vi,2024-01-01,2025-12-31,active,True
PHN_01253,91104621d5924edd,P_02387,Jio,2024-01-01,2025-12-31,active,True
PHN_01254,9d07bbd86196b075,P_00039,Vi,2024-01-01,2025-12-31,active,True
PHN_01255,a74897c3e020692b,P_00952,Jio,2024-01-01,2025-12-31,active,True
PHN_01256,05a86268fd47da7c,P_03221,BSNL,2024-01-01,2025-12-31,active,True
PHN_01257,379f0c82bb0988db,P_01139,Vi,2024-01-01,2025-12-31,active,True
PHN_01258,79ca611e39fbb269,P_03482,Vi,2024-01-01,2025-12-31,active,True
PHN_01259,ef2473c320434817,P_03876,Airtel,2024-01-01,2025-12-31,active,True
PHN_01260,104685390f4c55cb,P_02402,BSNL,2024-01-01,2025-12-31,active,True
PHN_01261,e3a19d1136b49a93,P_03969,BSNL,2024-01-01,2025-12-31,active,True
PHN_01262,48eadea5b6cb4a26,P_03165,Jio,2024-01-01,2025-12-31,active,True
PHN_01263,65bf0b6c0a5bb59e,P_04450,Vi,2024-01-01,2025-12-31,active,True
PHN_01264,974579388ace7d83,P_03601,Jio,2024-01-01,2025-12-31,active,True
PHN_01265,05071dbf0c56897e,P_00775,Jio,2024-01-01,2025-12-31,active,True
PHN_01266,d838e9b9afad9f48,P_03421,Vi,2024-01-01,2025-12-31,active,True
PHN_01267,415e7cfbcc207765,P_03770,Jio,2024-01-01,2025-12-31,active,True
PHN_01268,f7efecbf1f5f919c,P_04233,Vi,2024-01-01,2025-12-31,active,True
PHN_01269,659ee1e57e6c542f,P_01103,Airtel,2024-01-01,2025-12-31,active,True
PHN_01270,a1b4c892f7f768a6,P_01286,Jio,2024-01-01,2025-12-31,active,True
PHN_01271,dba1be770c6f338c,P_02589,BSNL,2024-01-01,2025-12-31,active,True
PHN_01272,7d42af83691fa283,P_02821,Airtel,2024-01-01,2025-12-31,active,True
PHN_01273,cbac083086b94ff6,P_01760,Airtel,2024-01-01,2025-12-31,active,True
PHN_01274,0737cb7cbb6fb729,P_04203,BSNL,2024-01-01,2025-12-31,active,True
PHN_01275,48fff8c0bbfa43ba,P_02820,Vi,2024-01-01,2025-12-31,active,True
PHN_01276,c52c6ae93cbc5b23,P_02927,Airtel,2024-01-01,2025-12-31,active,True
PHN_01277,fc53daff2932f212,P_02719,BSNL,2024-01-01,2025-12-31,active,True
PHN_01278,03a087201fc4a509,P_04567,BSNL,2024-01-01,2025-12-31,active,True
PHN_01279,9bf45ffe459e994c,P_04025,Jio,2024-01-01,2025-12-31,active,True
PHN_01280,ddac29ea7b0668de,P_03492,Vi,2024-01-01,2025-12-31,active,True
PHN_01281,439016b1f459b01a,P_04200,Airtel,2024-01-01,2025-12-31,active,True
PHN_01282,88a0373024fc44d1,P_03284,BSNL,2024-01-01,2025-12-31,active,True
PHN_01283,fbb359303b41d105,P_00914,Jio,2024-01-01,2025-12-31,active,True
PHN_01284,08091549489d4faf,P_00421,Airtel,2024-01-01,2025-12-31,active,True
PHN_01285,26c69d99ddcdd66e,P_02814,Vi,2024-01-01,2025-12-31,active,True
PHN_01286,7109e8c21c80e18c,P_03320,Vi,2024-01-01,2025-12-31,active,True
PHN_01287,93c565e15ffae04b,P_02790,Airtel,2024-01-01,2025-12-31,active,True
PHN_01288,ce6f6b75a0788ec6,P_02389,Vi,2024-01-01,2025-12-31,active,True
PHN_01289,2390a0271409e3c6,P_01117,Vi,2024-01-01,2025-12-31,active,True
PHN_01290,9a83041187eadbfd,P_04264,Vi,2024-01-01,2025-12-31,active,True
PHN_01291,5462e621e4a83b6d,P_03729,Vi,2024-01-01,2025-12-31,active,True
PHN_01292,738809f1e310e1d8,P_00969,Vi,2024-01-01,2025-12-31,active,True
PHN_01293,40cf98564489895c,P_00289,BSNL,2024-01-01,2025-12-31,active,True
PHN_01294,af77294edbd38185,P_01737,BSNL,2024-01-01,2025-12-31,active,True
PHN_01295,f2a64b1a3613497b,P_00331,Vi,2024-01-01,2025-12-31,active,True
PHN_01296,aed29d4bf8c10385,P_00868,Jio,2024-01-01,2025-12-31,active,True
PHN_01297,1d7a527c70a8a2c3,P_04838,Jio,2024-01-01,2025-12-31,active,True
PHN_01298,820496281eda56cf,P_01621,BSNL,2024-01-01,2025-12-31,active,True
PHN_01299,887efb4dc1cd6790,P_02982,Vi,2024-01-01,2025-12-31,active,True
PHN_01300,56b7614702ca028c,P_02669,Vi,2024-01-01,2025-12-31,active,True
PHN_01301,f7db87f66c6aaadf,P_01340,Jio,2024-01-01,2025-12-31,active,True
PHN_01302,e21f9bbddbe56a4f,P_01565,Airtel,2024-01-01,2025-12-31,active,True
PHN_01303,f5776676f539d4ec,P_02414,BSNL,2024-01-01,2025-12-31,active,True
PHN_01304,314d5c0018413c8a,P_03785,Jio,2024-01-01,2025-12-31,active,True
PHN_01305,d4bffc14a0bf0874,P_04355,Jio,2024-01-01,2025-12-31,active,True
PHN_01306,877ab7df20033376,P_03092,BSNL,2024-01-01,2025-12-31,active,True
PHN_01307,3757106af860a18c,P_02461,BSNL,2024-01-01,2025-12-31,active,True
PHN_01308,f7ac06b68700a8b0,P_00423,Jio,2024-01-01,2025-12-31,active,True
PHN_01309,4a2b94a580e0a134,P_04859,Vi,2024-01-01,2025-12-31,active,True
PHN_01310,9ba554647de302ac,P_04945,BSNL,2024-01-01,2025-12-31,active,True
PHN_01311,1bcc9a1d4710625c,P_00814,Airtel,2024-01-01,2025-12-31,active,True
PHN_01312,743a373daa51a36e,P_03405,Vi,2024-01-01,2025-12-31,active,True
PHN_01313,6eac82cecb2b89bb,P_03853,Airtel,2024-01-01,2025-12-31,active,True
PHN_01314,547681a6d78a02ee,P_02505,BSNL,2024-01-01,2025-12-31,active,True
PHN_01315,ef20be82758be262,P_04330,Airtel,2024-01-01,2025-12-31,active,True
PHN_01316,af89013b2b5dd77d,P_04239,Jio,2024-01-01,2025-12-31,active,True
PHN_01317,a500bfb1ae7d55d7,P_03203,Jio,2024-01-01,2025-12-31,active,True
PHN_01318,584aa6a34f90925b,P_04409,BSNL,2024-01-01,2025-12-31,active,True
PHN_01319,71ebc6ca6455f161,P_03764,Vi,2024-01-01,2025-12-31,active,True
PHN_01320,917dd584c37798cd,P_02592,Jio,2024-01-01,2025-12-31,active,True
PHN_01321,c772da8b15ed3c2b,P_04017,Airtel,2024-01-01,2025-12-31,active,True
PHN_01322,42ec53b14c3a4664,P_00666,BSNL,2024-01-01,2025-12-31,active,True
PHN_01323,bb05b4b2c156614e,P_02606,Jio,2024-01-01,2025-12-31,active,True
PHN_01324,69b81203d80ba589,P_03663,Jio,2024-01-01,2025-12-31,active,True
PHN_01325,96198a8cce388b22,P_00227,Airtel,2024-01-01,2025-12-31,active,True
PHN_01326,d33d5cad24683b54,P_00531,BSNL,2024-01-01,2025-12-31,active,True
PHN_01327,70ea202a53f7f135,P_00163,Vi,2024-01-01,2025-12-31,active,True
PHN_01328,02d7a081307e3e3b,P_04111,Jio,2024-01-01,2025-12-31,active,True
PHN_01329,9a6a68eda1369265,P_01147,Vi,2024-01-01,2025-12-31,active,True
PHN_01330,f4bedd05db0f818e,P_02753,Vi,2024-01-01,2025-12-31,active,True
PHN_01331,dd098b87fa2db535,P_04002,BSNL,2024-01-01,2025-12-31,active,True
PHN_01332,c45427768e426329,P_04696,Vi,2024-01-01,2025-12-31,active,True
PHN_01333,7f57bf04677233a4,P_04631,Airtel,2024-01-01,2025-12-31,active,True
PHN_01334,12a53871b04d755e,P_03406,Jio,2024-01-01,2025-12-31,active,True
PHN_01335,09130bd61cdbf5f5,P_01861,BSNL,2024-01-01,2025-12-31,active,True
PHN_01336,452d5af9117cd860,P_04343,BSNL,2024-01-01,2025-12-31,active,True
PHN_01337,53b346155f1d49c7,P_01718,Airtel,2024-01-01,2025-12-31,active,True
PHN_01338,8d3ffef755cbb088,P_02856,Vi,2024-01-01,2025-12-31,active,True
PHN_01339,7f9168cb529ef464,P_00894,Airtel,2024-01-01,2025-12-31,active,True
PHN_01340,60c5ee83998aa9cf,P_02192,Airtel,2024-01-01,2025-12-31,active,True
PHN_01341,b23ae663b4807489,P_01654,Vi,2024-01-01,2025-12-31,active,True
PHN_01342,ef8ed9841f87f3d5,P_04326,Airtel,2024-01-01,2025-12-31,active,True
PHN_01343,c9acbebaf315c24d,P_02416,Vi,2024-01-01,2025-12-31,active,True
PHN_01344,5d90bd2a2b002c41,P_04192,Jio,2024-01-01,2025-12-31,active,True
PHN_01345,21a1245ca5ef5845,P_03140,BSNL,2024-01-01,2025-12-31,active,True
PHN_01346,6f292abf4203854e,P_02260,Vi,2024-01-01,2025-12-31,active,True
PHN_01347,b50a408a37f49e4c,P_00842,Airtel,2024-01-01,2025-12-31,active,True
PHN_01348,12a2126a00314a55,P_04310,Airtel,2024-01-01,2025-12-31,active,True
PHN_01349,74cd97aaf70bfa2e,P_01097,Jio,2024-01-01,2025-12-31,active,True
PHN_01350,3d6e342fbb0716b7,P_01261,Jio,2024-01-01,2025-12-31,active,True
PHN_01351,3597ee0f573df611,P_03807,Jio,2024-01-01,2025-12-31,active,True
PHN_01352,12c52f82bbb8929c,P_01063,Jio,2024-01-01,2025-12-31,active,True
PHN_01353,5ab5f600b1b7707f,P_00365,Jio,2024-01-01,2025-12-31,active,True
PHN_01354,f5f9933e03e6ca13,P_03970,Airtel,2024-01-01,2025-12-31,active,True
PHN_01355,767b35587f1a658b,P_02479,Airtel,2024-01-01,2025-12-31,active,True
PHN_01356,03bc5c272bf7b5f8,P_01701,BSNL,2024-01-01,2025-12-31,active,True
PHN_01357,585a98fa3dd0872c,P_00017,BSNL,2024-01-01,2025-12-31,active,True
PHN_01358,982d5f63c1f62a43,P_01705,Vi,2024-01-01,2025-12-31,active,True
PHN_01359,5549ca0c8d5b82e9,P_03262,Jio,2024-01-01,2025-12-31,active,True
PHN_01360,c663820bdc1dcbfd,P_03306,Airtel,2024-01-01,2025-12-31,active,True
PHN_01361,ec04c7ed478b27fb,P_04854,BSNL,2024-01-01,2025-12-31,active,True
PHN_01362,0a453badb88e1354,P_00310,Vi,2024-01-01,2025-12-31,active,True
PHN_01363,cf4d15364ec63660,P_01235,Vi,2024-01-01,2025-12-31,active,True
PHN_01364,96c3d79fb45be904,P_00723,Airtel,2024-01-01,2025-12-31,active,True
PHN_01365,61352992850ed2a2,P_02876,BSNL,2024-01-01,2025-12-31,active,True
PHN_01366,8ec724cacd763e42,P_01071,Airtel,2024-01-01,2025-12-31,active,True
PHN_01367,9c102fc001afb5ca,P_03124,Vi,2024-01-01,2025-12-31,active,True
PHN_01368,e81354fba58f08a6,P_00357,Vi,2024-01-01,2025-12-31,active,True
PHN_01369,2a88eedbc156caa4,P_04487,Airtel,2024-01-01,2025-12-31,active,True
PHN_01370,130e9e37fb5f5b99,P_03183,Airtel,2024-01-01,2025-12-31,active,True
PHN_01371,ad98974e15a9377b,P_02062,Vi,2024-01-01,2025-12-31,active,True
PHN_01372,5c39f1fc25e4985a,P_03856,Airtel,2024-01-01,2025-12-31,active,True
PHN_01373,cd32b256bbf47896,P_02150,Vi,2024-01-01,2025-12-31,active,True
PHN_01374,876f40894b2d276a,P_02951,Jio,2024-01-01,2025-12-31,active,True
PHN_01375,e1687c6c3e78b4c8,P_03323,Jio,2024-01-01,2025-12-31,active,True
PHN_01376,041cf59661af7d2b,P_01849,Jio,2024-01-01,2025-12-31,active,True
PHN_01377,27ee6b45bb814ed6,P_00035,Vi,2024-01-01,2025-12-31,active,True
PHN_01378,a2dcb857b111b200,P_04445,Airtel,2024-01-01,2025-12-31,active,True
PHN_01379,0440565f44843d40,P_03878,Airtel,2024-01-01,2025-12-31,active,True
PHN_01380,e1d4fbdfc8e467df,P_01609,Jio,2024-01-01,2025-12-31,active,True
PHN_01381,8cd3c9a71f80205f,P_04246,Jio,2024-01-01,2025-12-31,active,True
PHN_01382,a35eb0367027c857,P_03065,Airtel,2024-01-01,2025-12-31,active,True
PHN_01383,877b783a050f396f,P_01794,Vi,2024-01-01,2025-12-31,active,True
PHN_01384,dfbaa2941ec1382c,P_02931,Airtel,2024-01-01,2025-12-31,active,True
PHN_01385,4c387fdaf91faa91,P_04267,Jio,2024-01-01,2025-12-31,active,True
PHN_01386,c11c35aa3c171081,P_04404,Vi,2024-01-01,2025-12-31,active,True
PHN_01387,025950e90db342e9,P_01720,BSNL,2024-01-01,2025-12-31,active,True
PHN_01388,88af539d0a1e3fb3,P_02482,BSNL,2024-01-01,2025-12-31,active,True
PHN_01389,fa0a7d107cbc1db4,P_04751,Jio,2024-01-01,2025-12-31,active,True
PHN_01390,58d1cf60e491b6c4,P_00359,Vi,2024-01-01,2025-12-31,active,True
PHN_01391,7ed124382977a398,P_04097,Airtel,2024-01-01,2025-12-31,active,True
PHN_01392,aaeac908f308305d,P_04394,BSNL,2024-01-01,2025-12-31,active,True
PHN_01393,48f8e361bade0228,P_01031,BSNL,2024-01-01,2025-12-31,active,True
PHN_01394,2914152bbff8d99a,P_00008,Vi,2024-01-01,2025-12-31,active,True
PHN_01395,cebbb44f12f7cb16,P_00083,Vi,2024-01-01,2025-12-31,active,True
PHN_01396,7e4b332548d3ff89,P_03736,Jio,2024-01-01,2025-12-31,active,True
PHN_01397,2cf95b63b10cf7c9,P_00841,Vi,2024-01-01,2025-12-31,active,True
PHN_01398,7d5dc424b13a5bfe,P_00128,BSNL,2024-01-01,2025-12-31,active,True
PHN_01399,0f6b17bcdb2b469c,P_03209,Vi,2024-01-01,2025-12-31,active,True
PHN_01400,11951c010da69a58,P_04322,Jio,2024-01-01,2025-12-31,active,True
PHN_01401,1002f487703a0c03,P_03259,BSNL,2024-01-01,2025-12-31,active,True
PHN_01402,4bfc8ce4ec7e9deb,P_04840,Airtel,2024-01-01,2025-12-31,active,True
PHN_01403,d43dfe1a465d4f89,P_01342,Airtel,2024-01-01,2025-12-31,active,True
PHN_01404,2ca5d485e032e832,P_02420,Jio,2024-01-01,2025-12-31,active,True
PHN_01405,a38bedeb76b9fcfb,P_02113,Jio,2024-01-01,2025-12-31,active,True
PHN_01406,3f20a18aa947a5c6,P_00502,Airtel,2024-01-01,2025-12-31,active,True
PHN_01407,67fef39c8276e786,P_00525,Jio,2024-01-01,2025-12-31,active,True
PHN_01408,fa418278045bf933,P_00305,BSNL,2024-01-01,2025-12-31,active,True
PHN_01409,510a3e8aed22b604,P_00826,BSNL,2024-01-01,2025-12-31,active,True
PHN_01410,2f6ba2d90b4441bf,P_01984,Jio,2024-01-01,2025-12-31,active,True
PHN_01411,db4294c7f61b4dcb,P_00745,Airtel,2024-01-01,2025-12-31,active,True
PHN_01412,61fcd8da1b4a50a3,P_00405,BSNL,2024-01-01,2025-12-31,active,True
PHN_01413,3e02bd32bf48c391,P_00892,Airtel,2024-01-01,2025-12-31,active,True
PHN_01414,06ef05a67378ed49,P_01772,BSNL,2024-01-01,2025-12-31,active,True
PHN_01415,29e0430cead9c0bb,P_00989,Jio,2024-01-01,2025-12-31,active,True
PHN_01416,530c17b2cfdf7ffe,P_01079,Vi,2024-01-01,2025-12-31,active,True
PHN_01417,a5e8f5ec8dd2f085,P_02703,Airtel,2024-01-01,2025-12-31,active,True
PHN_01418,cea91e36d211b8ae,P_01194,Airtel,2024-01-01,2025-12-31,active,True
PHN_01419,450a5bf0b191c2c4,P_01400,Airtel,2024-01-01,2025-12-31,active,True
PHN_01420,fbe772c5e9be3d54,P_00184,Airtel,2024-01-01,2025-12-31,active,True
PHN_01421,dde31f1a507f621b,P_01078,Jio,2024-01-01,2025-12-31,active,True
PHN_01422,fd401e7ab009263b,P_00224,Airtel,2024-01-01,2025-12-31,active,True
PHN_01423,e8990956d507d05a,P_01061,Airtel,2024-01-01,2025-12-31,active,True
PHN_01424,69b44e247599c8c1,P_04058,Airtel,2024-01-01,2025-12-31,active,True
PHN_01425,203ce8d32388e032,P_02217,Airtel,2024-01-01,2025-12-31,active,True
PHN_01426,4f05e4722c0d6883,P_02728,BSNL,2024-01-01,2025-12-31,active,True
PHN_01427,df3d4eabde0f0ba0,P_04647,Airtel,2024-01-01,2025-12-31,active,True
PHN_01428,1f777e82a1c76a7f,P_02750,Airtel,2024-01-01,2025-12-31,active,True
PHN_01429,7981127765b4b6b1,P_04950,BSNL,2024-01-01,2025-12-31,active,True
PHN_01430,0e068cfc04aa3e0d,P_00955,BSNL,2024-01-01,2025-12-31,active,True
PHN_01431,ba2b8d2e877a4aee,P_03366,Vi,2024-01-01,2025-12-31,active,True
PHN_01432,d62e9f56dc0608ae,P_04352,BSNL,2024-01-01,2025-12-31,active,True
PHN_01433,85a21995291f1ac2,P_04000,Vi,2024-01-01,2025-12-31,active,True
PHN_01434,5095bbc947fc569d,P_00459,BSNL,2024-01-01,2025-12-31,active,True
PHN_01435,80d960d6ed713fe6,P_03755,Vi,2024-01-01,2025-12-31,active,True
PHN_01436,6a4a8f789c79768e,P_01766,Jio,2024-01-01,2025-12-31,active,True
PHN_01437,a00ebb69aa677df7,P_02302,Airtel,2024-01-01,2025-12-31,active,True
PHN_01438,74d0b6f650236d91,P_00003,BSNL,2024-01-01,2025-12-31,active,True
PHN_01439,0b2b06c2d9d28254,P_00326,Jio,2024-01-01,2025-12-31,active,True
PHN_01440,1b1b17f075b4c4a5,P_03213,Airtel,2024-01-01,2025-12-31,active,True
PHN_01441,a2058941c83afbe5,P_03087,Airtel,2024-01-01,2025-12-31,active,True
PHN_01442,49b8c0bafc223684,P_03975,Jio,2024-01-01,2025-12-31,active,True
PHN_01443,04572da9da00ea65,P_02740,BSNL,2024-01-01,2025-12-31,active,True
PHN_01444,feb2eb46169995fc,P_01343,Jio,2024-01-01,2025-12-31,active,True
PHN_01445,2287e97925a4b3db,P_04110,BSNL,2024-01-01,2025-12-31,active,True
PHN_01446,a438755905181636,P_01533,Airtel,2024-01-01,2025-12-31,active,True
PHN_01447,bf5bdbc3f74cfaa2,P_02436,BSNL,2024-01-01,2025-12-31,active,True
PHN_01448,3a2304551895d487,P_03691,Airtel,2024-01-01,2025-12-31,active,True
PHN_01449,2dd4012772f45e46,P_04052,Vi,2024-01-01,2025-12-31,active,True
PHN_01450,6b6305bf1cb43fcc,P_01592,Airtel,2024-01-01,2025-12-31,active,True
PHN_01451,a26dc03ab7243c6b,P_00525,BSNL,2024-01-01,2025-12-31,active,True
PHN_01452,f6493ae3d7e1f9d8,P_01362,Airtel,2024-01-01,2025-12-31,active,True
PHN_01453,337a218da36602d4,P_01358,Airtel,2024-01-01,2025-12-31,active,True
PHN_01454,ccce8964ee7646bd,P_04439,Airtel,2024-01-01,2025-12-31,active,True
PHN_01455,0051d284509c4fb4,P_04373,Airtel,2024-01-01,2025-12-31,active,True
PHN_01456,fd60b32e3502ca2a,P_04193,Airtel,2024-01-01,2025-12-31,active,True
PHN_01457,d6387148fba2cbdc,P_01339,Vi,2024-01-01,2025-12-31,active,True
PHN_01458,2a8627eed6068ab4,P_04927,BSNL,2024-01-01,2025-12-31,active,True
PHN_01459,b0227330073a4528,P_01185,Jio,2024-01-01,2025-12-31,active,True
PHN_01460,875778b013153ca9,P_04759,Jio,2024-01-01,2025-12-31,active,True
PHN_01461,401469a7793f42c2,P_00786,Vi,2024-01-01,2025-12-31,active,True
PHN_01462,8fef4cb631bd5648,P_00610,Vi,2024-01-01,2025-12-31,active,True
PHN_01463,e35738ac11a58f1a,P_02773,Airtel,2024-01-01,2025-12-31,active,True
PHN_01464,bddd994cbdfea0eb,P_04836,Vi,2024-01-01,2025-12-31,active,True
PHN_01465,7c147d91e9795013,P_03029,BSNL,2024-01-01,2025-12-31,active,True
PHN_01466,18888efb5e6759c1,P_00216,Airtel,2024-01-01,2025-12-31,active,True
PHN_01467,2e5727846a1619d2,P_04713,Vi,2024-01-01,2025-12-31,active,True
PHN_01468,dbdc299b5e2f1fd0,P_00284,BSNL,2024-01-01,2025-12-31,active,True
PHN_01469,44cca8c6dfaff19f,P_01281,Airtel,2024-01-01,2025-12-31,active,True
PHN_01470,6175a1daec657432,P_01611,BSNL,2024-01-01,2025-12-31,active,True
PHN_01471,e91fb337c1efec4c,P_02329,Vi,2024-01-01,2025-12-31,active,True
PHN_01472,22df1876507c9103,P_01612,Airtel,2024-01-01,2025-12-31,active,True
PHN_01473,e95947370f9a4991,P_01698,BSNL,2024-01-01,2025-12-31,active,True
PHN_01474,c889b3fe493d5f38,P_04262,Vi,2024-01-01,2025-12-31,active,True
PHN_01475,dfab94a3d6b770bf,P_00653,Jio,2024-01-01,2025-12-31,active,True
PHN_01476,253cc56d194e0b4d,P_02789,Jio,2024-01-01,2025-12-31,active,True
PHN_01477,c2e5d3caec19d7c4,P_04746,Vi,2024-01-01,2025-12-31,active,True
PHN_01478,0acacd4705bc93a8,P_02788,BSNL,2024-01-01,2025-12-31,active,True
PHN_01479,02b4bc7fbedad401,P_02961,Vi,2024-01-01,2025-12-31,active,True
PHN_01480,3590ce4d1566e9a4,P_00485,Airtel,2024-01-01,2025-12-31,active,True
PHN_01481,056801efd965200a,P_02830,Airtel,2024-01-01,2025-12-31,active,True
PHN_01482,4dae37c08f245cb5,P_01844,Airtel,2024-01-01,2025-12-31,active,True
PHN_01483,cb076ccbbdd11abe,P_00115,BSNL,2024-01-01,2025-12-31,active,True
PHN_01484,368e2dfcbe8feff7,P_00037,BSNL,2024-01-01,2025-12-31,active,True
PHN_01485,b498a8fb0cfb6596,P_00574,BSNL,2024-01-01,2025-12-31,active,True
PHN_01486,a8eec1fd9740d47f,P_04940,Vi,2024-01-01,2025-12-31,active,True
PHN_01487,c7c3979c5a65174d,P_03227,Vi,2024-01-01,2025-12-31,active,True
PHN_01488,a009425082ed10eb,P_03821,Vi,2024-01-01,2025-12-31,active,True
PHN_01489,1dc3a336ad08cd93,P_01378,Jio,2024-01-01,2025-12-31,active,True
PHN_01490,cfd3bf144ac20a14,P_02251,Airtel,2024-01-01,2025-12-31,active,True
PHN_01491,f6dd8d3d84a10c03,P_03005,BSNL,2024-01-01,2025-12-31,active,True
PHN_01492,dfcf29f2c4849f16,P_02975,BSNL,2024-01-01,2025-12-31,active,True
PHN_01493,d239566d9fe083e6,P_04681,Airtel,2024-01-01,2025-12-31,active,True
PHN_01494,b89698cb0298b76d,P_03753,Jio,2024-01-01,2025-12-31,active,True
PHN_01495,57e95dcee07f5df1,P_01415,Airtel,2024-01-01,2025-12-31,active,True
PHN_01496,0e3e203b5d453d20,P_03023,Vi,2024-01-01,2025-12-31,active,True
PHN_01497,6651687cd7c55687,P_00847,Jio,2024-01-01,2025-12-31,active,True
PHN_01498,d38070235409a08b,P_03015,BSNL,2024-01-01,2025-12-31,active,True
PHN_01499,2440b991a7efe3af,P_01458,Vi,2024-01-01,2025-12-31,active,True
PHN_01500,67ee4a7edb248afa,P_00588,BSNL,2024-01-01,2025-12-31,active,True
PHN_01501,de3d8f90f7e0a529,P_03344,BSNL,2024-01-01,2025-12-31,active,True
PHN_01502,944d54535069494e,P_04253,Vi,2024-01-01,2025-12-31,active,True
PHN_01503,b64c01fd2702f552,P_00405,BSNL,2024-01-01,2025-12-31,active,True
PHN_01504,0fbb0a895f43c64a,P_02024,Jio,2024-01-01,2025-12-31,active,True
PHN_01505,6702dec4adfc81bc,P_02083,BSNL,2024-01-01,2025-12-31,active,True
PHN_01506,d5ddbeaab87ab476,P_02233,Vi,2024-01-01,2025-12-31,active,True
PHN_01507,627c6fc1bcb81777,P_02662,Airtel,2024-01-01,2025-12-31,active,True
PHN_01508,4f84eafeb45d836c,P_00193,Vi,2024-01-01,2025-12-31,active,True
PHN_01509,dc94929d44af3401,P_02266,Airtel,2024-01-01,2025-12-31,active,True
PHN_01510,a05b1732a482fd83,P_03343,Jio,2024-01-01,2025-12-31,active,True
PHN_01511,1b54059026485bc6,P_02465,Vi,2024-01-01,2025-12-31,active,True
PHN_01512,5efec3498b117cce,P_00481,Airtel,2024-01-01,2025-12-31,active,True
PHN_01513,383b7fb97e66fa2b,P_03920,Vi,2024-01-01,2025-12-31,active,True
PHN_01514,de65aec5e8c5ac8b,P_01224,Airtel,2024-01-01,2025-12-31,active,True
PHN_01515,8bbb6f6d8a0c54ca,P_00982,Jio,2024-01-01,2025-12-31,active,True
PHN_01516,a1346e3131622338,P_02746,Airtel,2024-01-01,2025-12-31,active,True
PHN_01517,7d8bc92b0bb40c2d,P_00248,Vi,2024-01-01,2025-12-31,active,True
PHN_01518,763c70c33474d99a,P_01973,Airtel,2024-01-01,2025-12-31,active,True
PHN_01519,0795a8f42740d32c,P_01340,Airtel,2024-01-01,2025-12-31,active,True
PHN_01520,6dd45d647b0b5563,P_03292,BSNL,2024-01-01,2025-12-31,active,True
PHN_01521,79d77b09b711cf46,P_02356,BSNL,2024-01-01,2025-12-31,active,True
PHN_01522,b5d590666b449d7b,P_00506,BSNL,2024-01-01,2025-12-31,active,True
PHN_01523,aaf8d8d4be14a149,P_03124,Vi,2024-01-01,2025-12-31,active,True
PHN_01524,3b9c28eedec78e5d,P_01338,BSNL,2024-01-01,2025-12-31,active,True
PHN_01525,e63d4a11cf9b34d3,P_01907,BSNL,2024-01-01,2025-12-31,active,True
PHN_01526,6a05f5482b29ebb1,P_00246,Jio,2024-01-01,2025-12-31,active,True
PHN_01527,f2c3aac0045d613b,P_00326,Jio,2024-01-01,2025-12-31,active,True
PHN_01528,29b5d137e15c7a40,P_00895,Vi,2024-01-01,2025-12-31,active,True
PHN_01529,9ae668653263eedd,P_02424,Jio,2024-01-01,2025-12-31,active,True
PHN_01530,a94b656400e94c76,P_03047,Vi,2024-01-01,2025-12-31,active,True
PHN_01531,e6c2fc64156491db,P_01056,Jio,2024-01-01,2025-12-31,active,True
PHN_01532,c94ebaf4e1898aa5,P_04268,Vi,2024-01-01,2025-12-31,active,True
PHN_01533,31779bcbcb81ce80,P_04804,Jio,2024-01-01,2025-12-31,active,True
PHN_01534,1a503f98c4b8a52c,P_00210,Vi,2024-01-01,2025-12-31,active,True
PHN_01535,f09b872914d9b914,P_04786,Jio,2024-01-01,2025-12-31,active,True
PHN_01536,6ae0d9c674db42f1,P_00506,Airtel,2024-01-01,2025-12-31,active,True
PHN_01537,67c7e8e68cb6e906,P_01576,Vi,2024-01-01,2025-12-31,active,True
PHN_01538,d1d859de5841a03d,P_04670,Jio,2024-01-01,2025-12-31,active,True
PHN_01539,942be4eeae179ea7,P_02369,Airtel,2024-01-01,2025-12-31,active,True
PHN_01540,a49ad89a8d9581aa,P_00134,Vi,2024-01-01,2025-12-31,active,True
PHN_01541,8edb2bd588e973de,P_00464,Jio,2024-01-01,2025-12-31,active,True
PHN_01542,e1ddcbc2a8ccb649,P_01066,Jio,2024-01-01,2025-12-31,active,True
PHN_01543,407d4013e2f587d5,P_03756,Vi,2024-01-01,2025-12-31,active,True
PHN_01544,e89639bd306e49fc,P_01696,Jio,2024-01-01,2025-12-31,active,True
PHN_01545,2aa31a8cff979e59,P_02851,Jio,2024-01-01,2025-12-31,active,True
PHN_01546,0d634725008ae725,P_01778,Vi,2024-01-01,2025-12-31,active,True
PHN_01547,a3205a381224c9ae,P_04374,BSNL,2024-01-01,2025-12-31,active,True
PHN_01548,0b5eaaaa5494ec5a,P_04503,Jio,2024-01-01,2025-12-31,active,True
PHN_01549,4c4de8f052939404,P_03171,Jio,2024-01-01,2025-12-31,active,True
PHN_01550,f70648058f62b4e7,P_03528,Vi,2024-01-01,2025-12-31,active,True
PHN_01551,fcef292d01d40053,P_00949,Jio,2024-01-01,2025-12-31,active,True
PHN_01552,162c3a3586281c9b,P_02218,Airtel,2024-01-01,2025-12-31,active,True
PHN_01553,5982643c046e6c27,P_02831,Vi,2024-01-01,2025-12-31,active,True
PHN_01554,73ff491d5d564b5a,P_03303,Vi,2024-01-01,2025-12-31,active,True
PHN_01555,954790297e929b58,P_00987,Airtel,2024-01-01,2025-12-31,active,True
PHN_01556,a58b4368f32fdfe9,P_03751,Jio,2024-01-01,2025-12-31,active,True
PHN_01557,c201bd9e0e8774f6,P_01279,Vi,2024-01-01,2025-12-31,active,True
PHN_01558,336aed27ab243b0d,P_01887,BSNL,2024-01-01,2025-12-31,active,True
PHN_01559,a634de65e1ebb8d8,P_00941,Vi,2024-01-01,2025-12-31,active,True
PHN_01560,846f5ee1779e945c,P_01001,Jio,2024-01-01,2025-12-31,active,True
PHN_01561,443bc6e14d323522,P_03559,BSNL,2024-01-01,2025-12-31,active,True
PHN_01562,218b20d765005f05,P_00789,Airtel,2024-01-01,2025-12-31,active,True
PHN_01563,6a0458b458900abf,P_03030,Airtel,2024-01-01,2025-12-31,active,True
PHN_01564,b605ab3590f7f138,P_02205,Jio,2024-01-01,2025-12-31,active,True
PHN_01565,bda4114a976ff2af,P_03219,BSNL,2024-01-01,2025-12-31,active,True
PHN_01566,1ff27ac6c27f86e9,P_02668,Vi,2024-01-01,2025-12-31,active,True
PHN_01567,3e2ae0796ebd461d,P_04184,Vi,2024-01-01,2025-12-31,active,True
PHN_01568,2208a55e1d577490,P_02849,Jio,2024-01-01,2025-12-31,active,True
PHN_01569,2c8e240ff388e192,P_00296,Airtel,2024-01-01,2025-12-31,active,True
PHN_01570,16261c047e4b8637,P_04186,Airtel,2024-01-01,2025-12-31,active,True
PHN_01571,25cf9c927b9c1acf,P_01193,BSNL,2024-01-01,2025-12-31,active,True
PHN_01572,771eda0fe6aeb422,P_01189,Jio,2024-01-01,2025-12-31,active,True
PHN_01573,b7959599ed84c3ee,P_04067,Vi,2024-01-01,2025-12-31,active,True
PHN_01574,fb109303b00477ff,P_02629,Vi,2024-01-01,2025-12-31,active,True
PHN_01575,4dbab3a3325838a3,P_00164,BSNL,2024-01-01,2025-12-31,active,True
PHN_01576,a34ad8d61c1c3b21,P_00283,BSNL,2024-01-01,2025-12-31,active,True
PHN_01577,7c8ad1da0379cd56,P_04858,Vi,2024-01-01,2025-12-31,active,True
PHN_01578,11412d1eb461bb8d,P_01887,BSNL,2024-01-01,2025-12-31,active,True
PHN_01579,fd8e5a7a23b2d8c1,P_00320,Jio,2024-01-01,2025-12-31,active,True
PHN_01580,44f91ef1fd4d20ef,P_04771,Airtel,2024-01-01,2025-12-31,active,True
PHN_01581,2af75928cbc11560,P_00610,Jio,2024-01-01,2025-12-31,active,True
PHN_01582,a4d4264bcb76e2b0,P_02251,Jio,2024-01-01,2025-12-31,active,True
PHN_01583,9fb43f1ca173b987,P_04875,Jio,2024-01-01,2025-12-31,active,True
PHN_01584,daf018086192a695,P_01350,BSNL,2024-01-01,2025-12-31,active,True
PHN_01585,5018cdde9c6e81ed,P_00907,Airtel,2024-01-01,2025-12-31,active,True
PHN_01586,af4e739100eb6632,P_01514,BSNL,2024-01-01,2025-12-31,active,True
PHN_01587,31764560235e418a,P_02506,Vi,2024-01-01,2025-12-31,active,True
PHN_01588,ae126a5442418627,P_04843,Airtel,2024-01-01,2025-12-31,active,True
PHN_01589,35d5f9def385d3c6,P_02916,Airtel,2024-01-01,2025-12-31,active,True
PHN_01590,ac79e5175fd5dc91,P_02489,Jio,2024-01-01,2025-12-31,active,True
PHN_01591,66737f52af505043,P_01218,BSNL,2024-01-01,2025-12-31,active,True
PHN_01592,dacb2f0eb65b1bd1,P_02183,Airtel,2024-01-01,2025-12-31,active,True
PHN_01593,06fffd707f9b980a,P_03926,BSNL,2024-01-01,2025-12-31,active,True
PHN_01594,d43aa7eae2387244,P_04877,BSNL,2024-01-01,2025-12-31,active,True
PHN_01595,3110f6d8c71b2956,P_02330,Jio,2024-01-01,2025-12-31,active,True
PHN_01596,05cb1fbdc299a93c,P_00681,Vi,2024-01-01,2025-12-31,active,True
PHN_01597,9678f62d4ff3424b,P_00575,Airtel,2024-01-01,2025-12-31,active,True
PHN_01598,121a1b2f1c51b4e8,P_03837,Vi,2024-01-01,2025-12-31,active,True
PHN_01599,d9172d639b7f0301,P_01549,BSNL,2024-01-01,2025-12-31,active,True
PHN_01600,1adab6568d187e97,P_04133,BSNL,2024-01-01,2025-12-31,active,True
PHN_01601,88ec7df3c1c07e9c,P_04329,BSNL,2024-01-01,2025-12-31,active,True
PHN_01602,aec0236c8701f108,P_03732,Jio,2024-01-01,2025-12-31,active,True
PHN_01603,d5c76ea36fdb8b1c,P_00095,Jio,2024-01-01,2025-12-31,active,True
PHN_01604,aefce1bf4d4dea9d,P_04280,Vi,2024-01-01,2025-12-31,active,True
PHN_01605,86860c07f756f90e,P_00441,Airtel,2024-01-01,2025-12-31,active,True
PHN_01606,066d88b3da64447f,P_02937,Airtel,2024-01-01,2025-12-31,active,True
PHN_01607,0cfb428960ec6ffd,P_01565,Vi,2024-01-01,2025-12-31,active,True
PHN_01608,61a8a91d7d2b8433,P_03723,Airtel,2024-01-01,2025-12-31,active,True
PHN_01609,901df5b66f148adc,P_00449,Airtel,2024-01-01,2025-12-31,active,True
PHN_01610,5a9f6d74e88f412b,P_02088,BSNL,2024-01-01,2025-12-31,active,True
PHN_01611,7e3a9d0569acdee1,P_00688,Airtel,2024-01-01,2025-12-31,active,True
PHN_01612,d2cd09b32c4648ab,P_00133,BSNL,2024-01-01,2025-12-31,active,True
PHN_01613,ff84a39c78f41ea2,P_01238,Vi,2024-01-01,2025-12-31,active,True
PHN_01614,da186a41ae338093,P_00960,BSNL,2024-01-01,2025-12-31,active,True
PHN_01615,08f7d150f3b36194,P_03287,BSNL,2024-01-01,2025-12-31,active,True
PHN_01616,a9f8e460a43f63aa,P_04805,Jio,2024-01-01,2025-12-31,active,True
PHN_01617,439a4dd5ce728cf3,P_00717,Vi,2024-01-01,2025-12-31,active,True
PHN_01618,a2fadf10577b248a,P_00014,Jio,2024-01-01,2025-12-31,active,True
PHN_01619,4bcfe54778b5d9e5,P_04653,BSNL,2024-01-01,2025-12-31,active,True
PHN_01620,a5c5013d401ba2bd,P_03204,Airtel,2024-01-01,2025-12-31,active,True
PHN_01621,a8747989b33c3e5d,P_03376,BSNL,2024-01-01,2025-12-31,active,True
PHN_01622,074335bacd99c176,P_01873,Airtel,2024-01-01,2025-12-31,active,True
PHN_01623,48037002d4504db2,P_04778,Vi,2024-01-01,2025-12-31,active,True
PHN_01624,13c76ffca4dafcf2,P_00361,BSNL,2024-01-01,2025-12-31,active,True
PHN_01625,9c58b72c8a8d9202,P_03313,BSNL,2024-01-01,2025-12-31,active,True
PHN_01626,37904544fac89eb2,P_03508,Vi,2024-01-01,2025-12-31,active,True
PHN_01627,223382bb96b099b7,P_02902,Jio,2024-01-01,2025-12-31,active,True
PHN_01628,0050bc5fac6b7416,P_00303,Jio,2024-01-01,2025-12-31,active,True
PHN_01629,0686b5f8dd7f9fe8,P_04985,Airtel,2024-01-01,2025-12-31,active,True
PHN_01630,8a293511c8b7c361,P_00353,Airtel,2024-01-01,2025-12-31,active,True
PHN_01631,f9fcfb3833599c38,P_02955,Jio,2024-01-01,2025-12-31,active,True
PHN_01632,385ecb0f7e81142c,P_02880,BSNL,2024-01-01,2025-12-31,active,True
PHN_01633,b9e5d64a94462528,P_02465,Jio,2024-01-01,2025-12-31,active,True
PHN_01634,128a4ed420357bf8,P_04793,Vi,2024-01-01,2025-12-31,active,True
PHN_01635,fe1cf62053948d92,P_00554,Vi,2024-01-01,2025-12-31,active,True
PHN_01636,b53e4d6284412add,P_01731,Jio,2024-01-01,2025-12-31,active,True
PHN_01637,21f7d5b0c21594ae,P_03215,Vi,2024-01-01,2025-12-31,active,True
PHN_01638,da6e1f56c40cab4a,P_00106,Jio,2024-01-01,2025-12-31,active,True
PHN_01639,1298922292e37052,P_03607,Jio,2024-01-01,2025-12-31,active,True
PHN_01640,b8502db0d3c9d91d,P_04762,Jio,2024-01-01,2025-12-31,active,True
PHN_01641,e8bc354dc7abe5ae,P_02544,Airtel,2024-01-01,2025-12-31,active,True
PHN_01642,04881b15a27bdac8,P_03384,Vi,2024-01-01,2025-12-31,active,True
PHN_01643,8abb055d526628c4,P_04997,Airtel,2024-01-01,2025-12-31,active,True
PHN_01644,10a7af7475484727,P_01098,BSNL,2024-01-01,2025-12-31,active,True
PHN_01645,021bd7947fa05a85,P_03625,Jio,2024-01-01,2025-12-31,active,True
PHN_01646,953e58e9c8d55c0c,P_00975,BSNL,2024-01-01,2025-12-31,active,True
PHN_01647,8369cb76f2423b4d,P_03596,Vi,2024-01-01,2025-12-31,active,True
PHN_01648,57e4193bf5fc8823,P_00191,Jio,2024-01-01,2025-12-31,active,True
PHN_01649,3ddaecac2444ac1a,P_02335,BSNL,2024-01-01,2025-12-31,active,True
PHN_01650,6aec78d928aca3a6,P_02778,Airtel,2024-01-01,2025-12-31,active,True
PHN_01651,9893e4ff71b36573,P_00862,BSNL,2024-01-01,2025-12-31,active,True
PHN_01652,96b74778f01f31a0,P_02904,Airtel,2024-01-01,2025-12-31,active,True
PHN_01653,fa5153bd0177c61e,P_01453,Vi,2024-01-01,2025-12-31,active,True
PHN_01654,4b4103e07e7eb6e3,P_00430,Airtel,2024-01-01,2025-12-31,active,True
PHN_01655,25e3f517fd31bc48,P_04579,Jio,2024-01-01,2025-12-31,active,True
PHN_01656,c635a04fa095cc90,P_01621,Jio,2024-01-01,2025-12-31,active,True
PHN_01657,66605a2cc3536ab6,P_01745,BSNL,2024-01-01,2025-12-31,active,True
PHN_01658,d1db2f6f5fd7e77b,P_02433,BSNL,2024-01-01,2025-12-31,active,True
PHN_01659,992c6e01896b8bd9,P_03622,BSNL,2024-01-01,2025-12-31,active,True
PHN_01660,9acbe91371b65b7c,P_03867,Airtel,2024-01-01,2025-12-31,active,True
PHN_01661,6d92013d58e2d162,P_02663,Vi,2024-01-01,2025-12-31,active,True
PHN_01662,56f7d495c896c5f1,P_02083,BSNL,2024-01-01,2025-12-31,active,True
PHN_01663,71072c879854a193,P_02379,Airtel,2024-01-01,2025-12-31,active,True
PHN_01664,3f250010ce532741,P_04164,Jio,2024-01-01,2025-12-31,active,True
PHN_01665,ba7ceceb8f711db3,P_01400,BSNL,2024-01-01,2025-12-31,active,True
PHN_01666,28ac7ff1e4fc63ff,P_04067,Jio,2024-01-01,2025-12-31,active,True
PHN_01667,a9281a336a9f083a,P_01700,Jio,2024-01-01,2025-12-31,active,True
PHN_01668,53464ce0fc95d506,P_00018,Jio,2024-01-01,2025-12-31,active,True
PHN_01669,c671f8630ae1f76c,P_02089,Airtel,2024-01-01,2025-12-31,active,True
PHN_01670,090a9223e4f82908,P_00046,Airtel,2024-01-01,2025-12-31,active,True
PHN_01671,9ffb8e1a465acde7,P_01961,Jio,2024-01-01,2025-12-31,active,True
PHN_01672,10a29c461aef481d,P_03318,Jio,2024-01-01,2025-12-31,active,True
PHN_01673,5add4479d4d58ac2,P_04726,Vi,2024-01-01,2025-12-31,active,True
PHN_01674,9674b053db78398b,P_04103,Vi,2024-01-01,2025-12-31,active,True
PHN_01675,17daf8bc8f53ea57,P_00933,BSNL,2024-01-01,2025-12-31,active,True
PHN_01676,d292218fa0609cf5,P_00692,Jio,2024-01-01,2025-12-31,active,True
PHN_01677,cb6b4ffd45433b10,P_04182,Vi,2024-01-01,2025-12-31,active,True
PHN_01678,770a1bf353cdb249,P_02560,Jio,2024-01-01,2025-12-31,active,True
PHN_01679,2afd4951e83633cc,P_02348,Vi,2024-01-01,2025-12-31,active,True
PHN_01680,8d8c453b37089f68,P_03266,BSNL,2024-01-01,2025-12-31,active,True
PHN_01681,8736a3946119adc3,P_01158,Airtel,2024-01-01,2025-12-31,active,True
PHN_01682,69097f553ab03aec,P_03820,Airtel,2024-01-01,2025-12-31,active,True
PHN_01683,35d0d9edcf450933,P_03536,Jio,2024-01-01,2025-12-31,active,True
PHN_01684,6fe073d76b14c323,P_02790,Jio,2024-01-01,2025-12-31,active,True
PHN_01685,95d7ca317fdd167a,P_01388,Jio,2024-01-01,2025-12-31,active,True
PHN_01686,c5cf55bdbd79a459,P_01476,Vi,2024-01-01,2025-12-31,active,True
PHN_01687,5c0faac245ea2f5b,P_03378,Vi,2024-01-01,2025-12-31,active,True
PHN_01688,fe4a036fe1e27c37,P_04791,Jio,2024-01-01,2025-12-31,active,True
PHN_01689,41bd18e52069bb0a,P_04442,Vi,2024-01-01,2025-12-31,active,True
PHN_01690,bdde576df3c9d778,P_03139,BSNL,2024-01-01,2025-12-31,active,True
PHN_01691,6a01c00837511471,P_02098,Airtel,2024-01-01,2025-12-31,active,True
PHN_01692,c4d0e91c1fb34fff,P_01573,BSNL,2024-01-01,2025-12-31,active,True
PHN_01693,0b1a4083a44d4fda,P_02297,Airtel,2024-01-01,2025-12-31,active,True
PHN_01694,e9973a6ef1af05c5,P_04969,Jio,2024-01-01,2025-12-31,active,True
PHN_01695,5f583704be5b8e07,P_01444,Vi,2024-01-01,2025-12-31,active,True
PHN_01696,3c875e0c1a80b5d4,P_04559,BSNL,2024-01-01,2025-12-31,active,True
PHN_01697,b2ab38bc50b4066a,P_00691,Vi,2024-01-01,2025-12-31,active,True
PHN_01698,52386943543e1f0e,P_02036,Airtel,2024-01-01,2025-12-31,active,True
PHN_01699,90ee47a212ea876d,P_01840,BSNL,2024-01-01,2025-12-31,active,True
PHN_01700,04ab1c28fffbc52d,P_01900,Jio,2024-01-01,2025-12-31,active,True
PHN_01701,69fcad60542ea6de,P_00508,Vi,2024-01-01,2025-12-31,active,True
PHN_01702,2912b7e673124101,P_03592,Airtel,2024-01-01,2025-12-31,active,True
PHN_01703,e22c7a92ddb9dcef,P_03833,Vi,2024-01-01,2025-12-31,active,True
PHN_01704,d5c1b40cab2ed5c6,P_03628,Airtel,2024-01-01,2025-12-31,active,True
PHN_01705,ad76b04df4fb06da,P_00858,Airtel,2024-01-01,2025-12-31,active,True
PHN_01706,8d14a8ea9e2c6a7e,P_02137,Jio,2024-01-01,2025-12-31,active,True
PHN_01707,0850cf476c2d44a1,P_00107,Vi,2024-01-01,2025-12-31,active,True
PHN_01708,d30e775831773113,P_04864,BSNL,2024-01-01,2025-12-31,active,True
PHN_01709,3f335d99647e08eb,P_04497,Airtel,2024-01-01,2025-12-31,active,True
PHN_01710,948fc1275384a959,P_01661,BSNL,2024-01-01,2025-12-31,active,True
PHN_01711,245c7237017b6a50,P_00643,Jio,2024-01-01,2025-12-31,active,True
PHN_01712,685d42c5bb9850a1,P_01308,BSNL,2024-01-01,2025-12-31,active,True
PHN_01713,48b84ca94123fad7,P_04126,Jio,2024-01-01,2025-12-31,active,True
PHN_01714,06e6d644b99d6d22,P_04381,BSNL,2024-01-01,2025-12-31,active,True
PHN_01715,63ed1a67a428575f,P_00363,Jio,2024-01-01,2025-12-31,active,True
PHN_01716,5a23ac8d4b6a0ba4,P_03098,Vi,2024-01-01,2025-12-31,active,True
PHN_01717,6ee484e0826779b2,P_04239,BSNL,2024-01-01,2025-12-31,active,True
PHN_01718,f8c0792b129cc07f,P_04209,Vi,2024-01-01,2025-12-31,active,True
PHN_01719,3f47ea8efd858d76,P_01061,BSNL,2024-01-01,2025-12-31,active,True
PHN_01720,4e047e7b77af83b8,P_02954,Airtel,2024-01-01,2025-12-31,active,True
PHN_01721,2c316add3de5dd11,P_04724,Vi,2024-01-01,2025-12-31,active,True
PHN_01722,c61d4dc71363794c,P_02101,Jio,2024-01-01,2025-12-31,active,True
PHN_01723,eac6bb3e71086eb5,P_02011,Vi,2024-01-01,2025-12-31,active,True
PHN_01724,8d162587c2a212d3,P_00146,BSNL,2024-01-01,2025-12-31,active,True
PHN_01725,63a3ae75cda55e4e,P_01587,Airtel,2024-01-01,2025-12-31,active,True
PHN_01726,532851520883f849,P_02127,BSNL,2024-01-01,2025-12-31,active,True
PHN_01727,3258196403fb4255,P_04938,Jio,2024-01-01,2025-12-31,active,True
PHN_01728,380fe387119faabf,P_02158,BSNL,2024-01-01,2025-12-31,active,True
PHN_01729,e7edc11addab36ce,P_00357,BSNL,2024-01-01,2025-12-31,active,True
PHN_01730,95bc283d33d634a4,P_02710,Airtel,2024-01-01,2025-12-31,active,True
PHN_01731,33f6a74a176e36b2,P_04554,Jio,2024-01-01,2025-12-31,active,True
PHN_01732,bb0173b63b4bfa26,P_02823,Airtel,2024-01-01,2025-12-31,active,True
PHN_01733,6447585ad2f24601,P_00182,Jio,2024-01-01,2025-12-31,active,True
PHN_01734,cec588f67c5ec42f,P_03820,Jio,2024-01-01,2025-12-31,active,True
PHN_01735,0ab721c382c4a47f,P_00348,BSNL,2024-01-01,2025-12-31,active,True
PHN_01736,51a6a92fa1b81866,P_04327,Jio,2024-01-01,2025-12-31,active,True
PHN_01737,e6081d3f79ac7ee2,P_00621,Jio,2024-01-01,2025-12-31,active,True
PHN_01738,33eb7903b1fa0f2c,P_04320,Airtel,2024-01-01,2025-12-31,active,True
PHN_01739,af077d0b6a9f57b6,P_01956,Vi,2024-01-01,2025-12-31,active,True
PHN_01740,0de0d9e81a49da58,P_00578,Airtel,2024-01-01,2025-12-31,active,True
PHN_01741,3f51d7c71636a416,P_04939,Vi,2024-01-01,2025-12-31,active,True
PHN_01742,b3be6b1d69d89892,P_02844,Jio,2024-01-01,2025-12-31,active,True
PHN_01743,3e8bb93570a4b68a,P_04258,Airtel,2024-01-01,2025-12-31,active,True
PHN_01744,a936cbb16b27605e,P_04161,Jio,2024-01-01,2025-12-31,active,True
PHN_01745,db882d36c8979117,P_02041,BSNL,2024-01-01,2025-12-31,active,True
PHN_01746,70b91e03f567d3e9,P_02520,Vi,2024-01-01,2025-12-31,active,True
PHN_01747,9aae2b0d8bf27c5e,P_00194,Vi,2024-01-01,2025-12-31,active,True
PHN_01748,5bf9f7a21e74a5c2,P_01822,Airtel,2024-01-01,2025-12-31,active,True
PHN_01749,8c1d9019befd7979,P_00376,Vi,2024-01-01,2025-12-31,active,True
PHN_01750,04b589a261539d1e,P_00488,Jio,2024-01-01,2025-12-31,active,True
PHN_01751,fdf3e5244f322785,P_03632,BSNL,2024-01-01,2025-12-31,active,True
PHN_01752,e8ec3d57b02e4c39,P_03664,Vi,2024-01-01,2025-12-31,active,True
PHN_01753,3292ce2bf5c168ed,P_02737,Jio,2024-01-01,2025-12-31,active,True
PHN_01754,81db769a74248caf,P_02629,Vi,2024-01-01,2025-12-31,active,True
PHN_01755,b048fea4925bd044,P_03967,BSNL,2024-01-01,2025-12-31,active,True
PHN_01756,313531f393996b43,P_00489,Airtel,2024-01-01,2025-12-31,active,True
PHN_01757,f5ee3671f1340cf8,P_03216,Airtel,2024-01-01,2025-12-31,active,True
PHN_01758,fa28fb57a69cd681,P_01780,Jio,2024-01-01,2025-12-31,active,True
PHN_01759,1795972c655b433f,P_02253,Vi,2024-01-01,2025-12-31,active,True
PHN_01760,9c882e70a8aaf50d,P_03865,Jio,2024-01-01,2025-12-31,active,True
PHN_01761,46bd2e22070a0830,P_02919,BSNL,2024-01-01,2025-12-31,active,True
PHN_01762,1c91dba9a940f9d0,P_01835,Vi,2024-01-01,2025-12-31,active,True
PHN_01763,58e1f2684d640425,P_03578,Jio,2024-01-01,2025-12-31,active,True
PHN_01764,0f8338c32a0bfd12,P_02303,Airtel,2024-01-01,2025-12-31,active,True
PHN_01765,26d002642946b816,P_02215,Airtel,2024-01-01,2025-12-31,active,True
PHN_01766,b8877a5583bc1398,P_03413,Vi,2024-01-01,2025-12-31,active,True
PHN_01767,ce086a5b3a4ffbc4,P_00616,Airtel,2024-01-01,2025-12-31,active,True
PHN_01768,ead89589a59af9f1,P_03684,BSNL,2024-01-01,2025-12-31,active,True
PHN_01769,069bc7d46423b219,P_03884,Jio,2024-01-01,2025-12-31,active,True
PHN_01770,35be765a9c0a9ea7,P_03169,Vi,2024-01-01,2025-12-31,active,True
PHN_01771,c63144b09829913c,P_03204,Jio,2024-01-01,2025-12-31,active,True
PHN_01772,a4295c30df6e94c2,P_04132,Vi,2024-01-01,2025-12-31,active,True
PHN_01773,3a597da0306cc7ad,P_00705,BSNL,2024-01-01,2025-12-31,active,True
PHN_01774,bf33539463d99154,P_02512,Jio,2024-01-01,2025-12-31,active,True
PHN_01775,a8cc2e76e7780ccf,P_00504,Airtel,2024-01-01,2025-12-31,active,True
PHN_01776,c8aadacd798f94cd,P_02683,Airtel,2024-01-01,2025-12-31,active,True
PHN_01777,8f95128f7fc58fea,P_02704,BSNL,2024-01-01,2025-12-31,active,True
PHN_01778,57a43991e5d9d885,P_01036,Airtel,2024-01-01,2025-12-31,active,True
PHN_01779,53653dbedd70618d,P_04562,BSNL,2024-01-01,2025-12-31,active,True
PHN_01780,612cb87f854f8685,P_03921,Vi,2024-01-01,2025-12-31,active,True
PHN_01781,15453577ec3be708,P_02184,Airtel,2024-01-01,2025-12-31,active,True
PHN_01782,a31551749598aaf0,P_01839,BSNL,2024-01-01,2025-12-31,active,True
PHN_01783,0ff1b5a39b437aef,P_00995,Vi,2024-01-01,2025-12-31,active,True
PHN_01784,52bda9f9cae70433,P_00938,BSNL,2024-01-01,2025-12-31,active,True
PHN_01785,8af71f8ea160bdb7,P_02281,Jio,2024-01-01,2025-12-31,active,True
PHN_01786,bce8644473314bb3,P_01047,Airtel,2024-01-01,2025-12-31,active,True
PHN_01787,d0c3a75fd12d4367,P_03426,BSNL,2024-01-01,2025-12-31,active,True
PHN_01788,f54b8d25ac23f262,P_02801,Airtel,2024-01-01,2025-12-31,active,True
PHN_01789,0237019a215ea1dd,P_03084,Vi,2024-01-01,2025-12-31,active,True
PHN_01790,8c57d42e83861520,P_03183,BSNL,2024-01-01,2025-12-31,active,True
PHN_01791,b27bdad47469c220,P_03030,Vi,2024-01-01,2025-12-31,active,True
PHN_01792,f1b8cf430764fbcc,P_02166,Airtel,2024-01-01,2025-12-31,active,True
PHN_01793,0fe14570d500abde,P_02047,Airtel,2024-01-01,2025-12-31,active,True
PHN_01794,637e565f55121739,P_04957,Vi,2024-01-01,2025-12-31,active,True
PHN_01795,82603169d6a50d60,P_02933,Airtel,2024-01-01,2025-12-31,active,True
PHN_01796,03876dde29e305a9,P_03272,Vi,2024-01-01,2025-12-31,active,True
PHN_01797,4aa06d6cfea91f54,P_01389,Jio,2024-01-01,2025-12-31,active,True
PHN_01798,b4821d04d5827213,P_04739,BSNL,2024-01-01,2025-12-31,active,True
PHN_01799,8ba0e306ee0bac16,P_00276,Vi,2024-01-01,2025-12-31,active,True
PHN_01800,d201ddf2c6a2c712,P_02178,BSNL,2024-01-01,2025-12-31,active,True
PHN_01801,d3becb02c76e2fcc,P_02934,Airtel,2024-01-01,2025-12-31,active,True
PHN_01802,670becb01d1ea656,P_05000,Jio,2024-01-01,2025-12-31,active,True
PHN_01803,1636d888608152c0,P_00558,BSNL,2024-01-01,2025-12-31,active,True
PHN_01804,97614f35f7f1a7d2,P_03155,Airtel,2024-01-01,2025-12-31,active,True
PHN_01805,08d4bad334b90115,P_03656,Vi,2024-01-01,2025-12-31,active,True
PHN_01806,27a8b7750bcd3323,P_01967,Vi,2024-01-01,2025-12-31,active,True
PHN_01807,2e54e3a15cf420f9,P_01203,BSNL,2024-01-01,2025-12-31,active,True
PHN_01808,0df8d2e0eac58940,P_00515,Airtel,2024-01-01,2025-12-31,active,True
PHN_01809,1427d57abcca3462,P_02272,Vi,2024-01-01,2025-12-31,active,True
PHN_01810,842906cdf823d6dd,P_01841,Airtel,2024-01-01,2025-12-31,active,True
PHN_01811,6b5b6fa54b44cd35,P_04776,BSNL,2024-01-01,2025-12-31,active,True
PHN_01812,0bb5b6ace69454ef,P_01967,Vi,2024-01-01,2025-12-31,active,True
PHN_01813,ad601ca0f9f0856e,P_02546,Airtel,2024-01-01,2025-12-31,active,True
PHN_01814,2d927960e5258e92,P_02345,Airtel,2024-01-01,2025-12-31,active,True
PHN_01815,c1d094e6bedea483,P_02175,Jio,2024-01-01,2025-12-31,active,True
PHN_01816,843593dca422ca96,P_02019,BSNL,2024-01-01,2025-12-31,active,True
PHN_01817,e9d17e7e848956b9,P_04571,Jio,2024-01-01,2025-12-31,active,True
PHN_01818,ebc2c3d2365fad08,P_04014,BSNL,2024-01-01,2025-12-31,active,True
PHN_01819,5148f999f11b9516,P_01634,Airtel,2024-01-01,2025-12-31,active,True
PHN_01820,7e5b73b3aa88de0d,P_03995,Vi,2024-01-01,2025-12-31,active,True
PHN_01821,1c126e3394952eeb,P_03598,Jio,2024-01-01,2025-12-31,active,True
PHN_01822,e990d6bc522d0e06,P_00913,BSNL,2024-01-01,2025-12-31,active,True
PHN_01823,61e314c0f702f7cd,P_04505,Airtel,2024-01-01,2025-12-31,active,True
PHN_01824,a060cd72b02055bc,P_03936,Jio,2024-01-01,2025-12-31,active,True
PHN_01825,cee79752b8f20c69,P_02797,Jio,2024-01-01,2025-12-31,active,True
PHN_01826,9911393e5fa5a708,P_03307,Jio,2024-01-01,2025-12-31,active,True
PHN_01827,aed5d2f6b62c05c5,P_04101,BSNL,2024-01-01,2025-12-31,active,True
PHN_01828,852a2075c46df6b0,P_03881,Airtel,2024-01-01,2025-12-31,active,True
PHN_01829,97b566a20bb41f3a,P_04418,Airtel,2024-01-01,2025-12-31,active,True
PHN_01830,6330501653558bda,P_00517,Jio,2024-01-01,2025-12-31,active,True
PHN_01831,df6809d33e1bad6f,P_01766,Jio,2024-01-01,2025-12-31,active,True
PHN_01832,e942a3046ccf3f6d,P_03259,BSNL,2024-01-01,2025-12-31,active,True
PHN_01833,b25ca8b35f340d72,P_00986,Airtel,2024-01-01,2025-12-31,active,True
PHN_01834,542d70e8e024ba9e,P_02546,BSNL,2024-01-01,2025-12-31,active,True
PHN_01835,c966e15c857b8e9d,P_04066,BSNL,2024-01-01,2025-12-31,active,True
PHN_01836,a3bd5996965cec04,P_03929,Airtel,2024-01-01,2025-12-31,active,True
PHN_01837,93dbcfaf16dc8550,P_00623,Airtel,2024-01-01,2025-12-31,active,True
PHN_01838,bdf0e19cf8b0dd91,P_01476,BSNL,2024-01-01,2025-12-31,active,True
PHN_01839,3d3f48cdf0d55362,P_04666,Airtel,2024-01-01,2025-12-31,active,True
PHN_01840,288383270593b59c,P_01032,BSNL,2024-01-01,2025-12-31,active,True
PHN_01841,73c850699023e345,P_03317,BSNL,2024-01-01,2025-12-31,active,True
PHN_01842,54b3d9b13d3bcaca,P_03605,BSNL,2024-01-01,2025-12-31,active,True
PHN_01843,7358e2f031e2cf51,P_00840,BSNL,2024-01-01,2025-12-31,active,True
PHN_01844,32cecad373076ff0,P_00754,Vi,2024-01-01,2025-12-31,active,True
PHN_01845,dd0feb2aa91987cb,P_04347,Vi,2024-01-01,2025-12-31,active,True
PHN_01846,e3d0bc38dfbbe450,P_03771,Airtel,2024-01-01,2025-12-31,active,True
PHN_01847,520853dd397db6f0,P_02736,Vi,2024-01-01,2025-12-31,active,True
PHN_01848,dedf50536cf65525,P_01414,Vi,2024-01-01,2025-12-31,active,True
PHN_01849,82b84f319d6d86aa,P_01240,Jio,2024-01-01,2025-12-31,active,True
PHN_01850,3c7bc0baba4a1b52,P_00213,Airtel,2024-01-01,2025-12-31,active,True
PHN_01851,be4cfdebacc642e0,P_02443,Airtel,2024-01-01,2025-12-31,active,True
PHN_01852,a63a65a11dcf6aa4,P_03617,Vi,2024-01-01,2025-12-31,active,True
PHN_01853,50d03ef12c459549,P_02795,Airtel,2024-01-01,2025-12-31,active,True
PHN_01854,4c6a253756296e62,P_02391,Jio,2024-01-01,2025-12-31,active,True
PHN_01855,2ede59f36d043a61,P_00537,Vi,2024-01-01,2025-12-31,active,True
PHN_01856,481cd8bb3c19104d,P_04339,Airtel,2024-01-01,2025-12-31,active,True
PHN_01857,9348911782bf7ade,P_00543,Jio,2024-01-01,2025-12-31,active,True
PHN_01858,794a1df430ef1efe,P_04635,Jio,2024-01-01,2025-12-31,active,True
PHN_01859,8d00783eb19cf578,P_03643,Jio,2024-01-01,2025-12-31,active,True
PHN_01860,519058ac8abc1d8b,P_03695,BSNL,2024-01-01,2025-12-31,active,True
PHN_01861,335d520568b3191c,P_03738,BSNL,2024-01-01,2025-12-31,active,True
PHN_01862,05d3e2cdc21f43d6,P_04963,Jio,2024-01-01,2025-12-31,active,True
PHN_01863,eaee526e4ff098b7,P_01717,BSNL,2024-01-01,2025-12-31,active,True
PHN_01864,1522f0a2dfb760a6,P_02488,Airtel,2024-01-01,2025-12-31,active,True
PHN_01865,f393502d0d00a6da,P_04535,Airtel,2024-01-01,2025-12-31,active,True
PHN_01866,c66038660a32d0ae,P_03279,Airtel,2024-01-01,2025-12-31,active,True
PHN_01867,709f53068aa63e3b,P_02858,Jio,2024-01-01,2025-12-31,active,True
PHN_01868,2704df8b46f1bb56,P_01827,Airtel,2024-01-01,2025-12-31,active,True
PHN_01869,926260da1b6793d1,P_01992,Jio,2024-01-01,2025-12-31,active,True
PHN_01870,ebe970c9df7ac5d6,P_00271,Airtel,2024-01-01,2025-12-31,active,True
PHN_01871,aed6053604183cf7,P_02764,BSNL,2024-01-01,2025-12-31,active,True
PHN_01872,fe09420a2a2887d8,P_03696,Jio,2024-01-01,2025-12-31,active,True
PHN_01873,98a9437bd6c663d7,P_02442,Vi,2024-01-01,2025-12-31,active,True
PHN_01874,e6dcaf0e7ec2e7af,P_04677,BSNL,2024-01-01,2025-12-31,active,True
PHN_01875,d0a10ebb7d721220,P_00347,Jio,2024-01-01,2025-12-31,active,True
PHN_01876,5538f10f3b7bc2c7,P_03933,Vi,2024-01-01,2025-12-31,active,True
PHN_01877,a66435a68995f59c,P_03512,Airtel,2024-01-01,2025-12-31,active,True
PHN_01878,e11a5b4db458ba24,P_03029,Airtel,2024-01-01,2025-12-31,active,True
PHN_01879,4767e45d3f27107d,P_01529,Jio,2024-01-01,2025-12-31,active,True
PHN_01880,edce20cf97a45c9c,P_02226,Vi,2024-01-01,2025-12-31,active,True
PHN_01881,107a0447a04a01b3,P_02512,BSNL,2024-01-01,2025-12-31,active,True
PHN_01882,7654ba29dc615f97,P_01581,BSNL,2024-01-01,2025-12-31,active,True
PHN_01883,a3fd6241cf6bf8aa,P_04277,Airtel,2024-01-01,2025-12-31,active,True
PHN_01884,64a57f1a51f627ad,P_03580,BSNL,2024-01-01,2025-12-31,active,True
PHN_01885,d1a52b62ed3de1b2,P_01928,Vi,2024-01-01,2025-12-31,active,True
PHN_01886,eedaee8ed3063803,P_02556,Jio,2024-01-01,2025-12-31,active,True
PHN_01887,bbb9eaccd5ee6dd0,P_00249,BSNL,2024-01-01,2025-12-31,active,True
PHN_01888,2560e9dba2395cd6,P_01590,BSNL,2024-01-01,2025-12-31,active,True
PHN_01889,4e97c1fea4f7367d,P_03674,Airtel,2024-01-01,2025-12-31,active,True
PHN_01890,3b2ea85ed196f2f6,P_00223,Jio,2024-01-01,2025-12-31,active,True
PHN_01891,068d5db4a4c0d1b3,P_02299,Vi,2024-01-01,2025-12-31,active,True
PHN_01892,e22aa48488219a27,P_01203,Airtel,2024-01-01,2025-12-31,active,True
PHN_01893,357ebc2927d90a3e,P_00626,Airtel,2024-01-01,2025-12-31,active,True
PHN_01894,42c24ac2a975851c,P_02230,Vi,2024-01-01,2025-12-31,active,True
PHN_01895,fbc1079890754745,P_01741,Vi,2024-01-01,2025-12-31,active,True
PHN_01896,e00a593c2550cb20,P_00411,BSNL,2024-01-01,2025-12-31,active,True
PHN_01897,253e02e3acdc2987,P_04032,Jio,2024-01-01,2025-12-31,active,True
PHN_01898,120ea4b2b00bb529,P_04718,Airtel,2024-01-01,2025-12-31,active,True
PHN_01899,94682297132c0178,P_04214,Airtel,2024-01-01,2025-12-31,active,True
PHN_01900,433a794ac51c8932,P_00973,Airtel,2024-01-01,2025-12-31,active,True
PHN_01901,a025832417854261,P_00152,Airtel,2024-01-01,2025-12-31,active,True
PHN_01902,be74fdd7256db7e4,P_04851,Airtel,2024-01-01,2025-12-31,active,True
PHN_01903,22e5f7f5c2ae15be,P_04813,Jio,2024-01-01,2025-12-31,active,True
PHN_01904,5fb521ff317bf4cc,P_00859,Jio,2024-01-01,2025-12-31,active,True
PHN_01905,18b11a05e9980047,P_03011,Vi,2024-01-01,2025-12-31,active,True
PHN_01906,b67305a3af9a6187,P_02490,BSNL,2024-01-01,2025-12-31,active,True
PHN_01907,89d60dd587da617d,P_00645,Jio,2024-01-01,2025-12-31,active,True
PHN_01908,53f9ab4eecb68d50,P_03181,Jio,2024-01-01,2025-12-31,active,True
PHN_01909,baf5e777ecf60ded,P_01946,Vi,2024-01-01,2025-12-31,active,True
PHN_01910,cbb3ea4431ae64d3,P_00253,Vi,2024-01-01,2025-12-31,active,True
PHN_01911,2f18b9c340b9866d,P_02261,Jio,2024-01-01,2025-12-31,active,True
PHN_01912,9861d4b6dcf596c6,P_00650,Jio,2024-01-01,2025-12-31,active,True
PHN_01913,cf34fdfd83b1fa94,P_02295,Airtel,2024-01-01,2025-12-31,active,True
PHN_01914,60d993c10ca77070,P_03411,Vi,2024-01-01,2025-12-31,active,True
PHN_01915,9f090dbdcfcb5491,P_04140,Airtel,2024-01-01,2025-12-31,active,True
PHN_01916,2e5b0b621d4b5612,P_01522,Jio,2024-01-01,2025-12-31,active,True
PHN_01917,d7ad8b0a613029f1,P_00981,Vi,2024-01-01,2025-12-31,active,True
PHN_01918,a580cdc1e9378cde,P_04705,Airtel,2024-01-01,2025-12-31,active,True
PHN_01919,1ed70801348dd64f,P_04735,BSNL,2024-01-01,2025-12-31,active,True
PHN_01920,069453d61090eb83,P_04877,BSNL,2024-01-01,2025-12-31,active,True
PHN_01921,f85402abe8aaac3e,P_00387,Jio,2024-01-01,2025-12-31,active,True
PHN_01922,4482948fbb77dc9a,P_01925,Vi,2024-01-01,2025-12-31,active,True
PHN_01923,36345ca19c66acd2,P_00539,BSNL,2024-01-01,2025-12-31,active,True
PHN_01924,90da8cf11ae2dde0,P_02597,Airtel,2024-01-01,2025-12-31,active,True
PHN_01925,2463936228fd6401,P_00149,Vi,2024-01-01,2025-12-31,active,True
PHN_01926,1abb99d36a340c70,P_04037,Airtel,2024-01-01,2025-12-31,active,True
PHN_01927,b3890d1d217d9174,P_03260,Jio,2024-01-01,2025-12-31,active,True
PHN_01928,d722135f719760d2,P_00611,Jio,2024-01-01,2025-12-31,active,True
PHN_01929,56aec3d1daa75153,P_00880,Vi,2024-01-01,2025-12-31,active,True
PHN_01930,b73d093a44da8aeb,P_01776,Jio,2024-01-01,2025-12-31,active,True
PHN_01931,c27407639667e5f6,P_03154,Airtel,2024-01-01,2025-12-31,active,True
PHN_01932,b04d00ba49dc10ed,P_04985,Vi,2024-01-01,2025-12-31,active,True
PHN_01933,af480500d35abcf9,P_01603,Vi,2024-01-01,2025-12-31,active,True
PHN_01934,ac62d88ef6ae60d1,P_04979,Airtel,2024-01-01,2025-12-31,active,True
PHN_01935,7b0a6179a6f81eb1,P_01034,Jio,2024-01-01,2025-12-31,active,True
PHN_01936,ba4b2737cd709b63,P_04780,Jio,2024-01-01,2025-12-31,active,True
PHN_01937,aacdac4bbec7e2b2,P_00955,Airtel,2024-01-01,2025-12-31,active,True
PHN_01938,e0d38614ebba71a1,P_02743,Jio,2024-01-01,2025-12-31,active,True
PHN_01939,babfa099e66d9b6b,P_02940,Airtel,2024-01-01,2025-12-31,active,True
PHN_01940,415c11a250f6db69,P_02818,Airtel,2024-01-01,2025-12-31,active,True
PHN_01941,7c52dbe2fd9a985c,P_02526,Jio,2024-01-01,2025-12-31,active,True
PHN_01942,27dd649a2c5708d4,P_02010,BSNL,2024-01-01,2025-12-31,active,True
PHN_01943,c41bdcf7a04ca578,P_00354,BSNL,2024-01-01,2025-12-31,active,True
PHN_01944,f455d910444f12d7,P_02312,Vi,2024-01-01,2025-12-31,active,True
PHN_01945,4e137d8394efc2eb,P_02644,Jio,2024-01-01,2025-12-31,active,True
PHN_01946,aa5dd08ce4efef23,P_03314,Airtel,2024-01-01,2025-12-31,active,True
PHN_01947,25a4a51abf1312c5,P_01336,Jio,2024-01-01,2025-12-31,active,True
PHN_01948,0797224628516eb7,P_02728,BSNL,2024-01-01,2025-12-31,active,True
PHN_01949,0a60ff000dbd3c7c,P_02418,Jio,2024-01-01,2025-12-31,active,True
PHN_01950,c852f1c844eae9ba,P_04635,Vi,2024-01-01,2025-12-31,active,True
PHN_01951,47f6adf093a4e83f,P_01631,Jio,2024-01-01,2025-12-31,active,True
PHN_01952,58d21bc1c71ab423,P_00013,Jio,2024-01-01,2025-12-31,active,True
PHN_01953,8f8080b646053185,P_03248,BSNL,2024-01-01,2025-12-31,active,True
PHN_01954,1f44973df9eeea7d,P_03610,Vi,2024-01-01,2025-12-31,active,True
PHN_01955,3daa1dd10466700b,P_01272,Vi,2024-01-01,2025-12-31,active,True
PHN_01956,165f0b8a6928df55,P_04228,Jio,2024-01-01,2025-12-31,active,True
PHN_01957,46e98b263f74da42,P_02188,Vi,2024-01-01,2025-12-31,active,True
PHN_01958,63317221a3c943fc,P_01183,Jio,2024-01-01,2025-12-31,active,True
PHN_01959,0d9d1b7a5c168739,P_00268,Airtel,2024-01-01,2025-12-31,active,True
PHN_01960,4af92258e853ffe3,P_02676,Vi,2024-01-01,2025-12-31,active,True
PHN_01961,787082ecf581266b,P_03966,Airtel,2024-01-01,2025-12-31,active,True
PHN_01962,360d028aa2f68120,P_04987,Jio,2024-01-01,2025-12-31,active,True
PHN_01963,99e475d7b4163d3a,P_01571,Jio,2024-01-01,2025-12-31,active,True
PHN_01964,c05efe1e401a41b2,P_01756,BSNL,2024-01-01,2025-12-31,active,True
PHN_01965,e5e4ca58afc94259,P_01689,Airtel,2024-01-01,2025-12-31,active,True
PHN_01966,060f10052d2a8c32,P_00424,BSNL,2024-01-01,2025-12-31,active,True
PHN_01967,5f1089ed1bbc54f6,P_04644,Vi,2024-01-01,2025-12-31,active,True
PHN_01968,6b4e2f17b5b2b338,P_04351,Airtel,2024-01-01,2025-12-31,active,True
PHN_01969,f4106f658e04ff63,P_00505,Vi,2024-01-01,2025-12-31,active,True
PHN_01970,4c0050fd6204d085,P_04360,Jio,2024-01-01,2025-12-31,active,True
PHN_01971,465f4b7132dd5bf0,P_01548,Jio,2024-01-01,2025-12-31,active,True
PHN_01972,210f7bc2a1610d62,P_04854,Jio,2024-01-01,2025-12-31,active,True
PHN_01973,6a8a6f95baa3db71,P_02291,Vi,2024-01-01,2025-12-31,active,True
PHN_01974,358b496d8b421388,P_00470,Jio,2024-01-01,2025-12-31,active,True
PHN_01975,199ed15a6f42bed8,P_01989,Jio,2024-01-01,2025-12-31,active,True
PHN_01976,0419ccfe1cc43439,P_04146,Jio,2024-01-01,2025-12-31,active,True
PHN_01977,dd463df977542f2a,P_00305,Vi,2024-01-01,2025-12-31,active,True
PHN_01978,c79a2fc34eb83f69,P_02042,Jio,2024-01-01,2025-12-31,active,True
PHN_01979,74aa1103012a1d4a,P_01108,Vi,2024-01-01,2025-12-31,active,True
PHN_01980,5d79389e5f4ab119,P_04244,Jio,2024-01-01,2025-12-31,active,True
PHN_01981,3e266b1279d3f742,P_04774,Vi,2024-01-01,2025-12-31,active,True
PHN_01982,9d19ddeb315efecf,P_01356,Vi,2024-01-01,2025-12-31,active,True
PHN_01983,b1654189b5844173,P_02088,BSNL,2024-01-01,2025-12-31,active,True
PHN_01984,7a067c474b611742,P_01197,Vi,2024-01-01,2025-12-31,active,True
PHN_01985,4172f6d4d8c7bdfe,P_03534,Vi,2024-01-01,2025-12-31,active,True
PHN_01986,f79268d94b3ffd62,P_02252,Airtel,2024-01-01,2025-12-31,active,True
PHN_01987,29cb7bec4b91b93f,P_04621,BSNL,2024-01-01,2025-12-31,active,True
PHN_01988,dfb422384adac04d,P_00502,Jio,2024-01-01,2025-12-31,active,True
PHN_01989,aa9fa997727b5faa,P_01563,Airtel,2024-01-01,2025-12-31,active,True
PHN_01990,9d527388d898a472,P_00993,Airtel,2024-01-01,2025-12-31,active,True
PHN_01991,392026a6712048d3,P_04824,Jio,2024-01-01,2025-12-31,active,True
PHN_01992,d9e1771e425d47bc,P_04162,Jio,2024-01-01,2025-12-31,active,True
PHN_01993,273e453906658edf,P_00907,Vi,2024-01-01,2025-12-31,active,True
PHN_01994,04ef8b406c8e5a3b,P_04316,Airtel,2024-01-01,2025-12-31,active,True
PHN_01995,8a90fae9a0e118b1,P_02101,BSNL,2024-01-01,2025-12-31,active,True
PHN_01996,282429c54be67b27,P_02809,BSNL,2024-01-01,2025-12-31,active,True
PHN_01997,c857e378d44912af,P_00626,Jio,2024-01-01,2025-12-31,active,True
PHN_01998,ac2018ac07fc840c,P_03179,Vi,2024-01-01,2025-12-31,active,True
PHN_01999,b5cc0af64c2a3e23,P_04326,Jio,2024-01-01,2025-12-31,active,True
PHN_02000,d21dd15f03f1d424,P_00016,Jio,2024-01-01,2025-12-31,active,True
PHN_02001,11e742ad12954ea6,P_01350,Airtel,2024-01-01,2025-12-31,active,True
PHN_02002,5ac94836af7c49fe,P_00188,BSNL,2024-01-01,2025-12-31,active,True
PHN_02003,be8c2b062ab4f210,P_03726,BSNL,2024-01-01,2025-12-31,active,True
PHN_02004,4babfa4e68d030b4,P_02763,BSNL,2024-01-01,2025-12-31,active,True
PHN_02005,a7b70488db6033a1,P_03807,Airtel,2024-01-01,2025-12-31,active,True
PHN_02006,6f227590b36cf7b0,P_01814,Airtel,2024-01-01,2025-12-31,active,True
PHN_02007,1d726442c7366116,P_03181,Vi,2024-01-01,2025-12-31,active,True
PHN_02008,5a7f909622e6f34f,P_00815,Airtel,2024-01-01,2025-12-31,active,True
PHN_02009,d6587f29aa0f0392,P_02518,BSNL,2024-01-01,2025-12-31,active,True
PHN_02010,7221335f287d2ed3,P_01392,Jio,2024-01-01,2025-12-31,active,True
PHN_02011,e57ec544d8f1f763,P_03987,Jio,2024-01-01,2025-12-31,active,True
PHN_02012,b628ca6c5fd12b0e,P_02571,Jio,2024-01-01,2025-12-31,active,True
PHN_02013,893365e596e63b8a,P_02808,Vi,2024-01-01,2025-12-31,active,True
PHN_02014,b2818642636349c8,P_00061,Vi,2024-01-01,2025-12-31,active,True
PHN_02015,ec67addde1b1572d,P_01326,Jio,2024-01-01,2025-12-31,active,True
PHN_02016,7b5892606199b895,P_03572,Airtel,2024-01-01,2025-12-31,active,True
PHN_02017,2084a3008ed6a414,P_03255,Vi,2024-01-01,2025-12-31,active,True
PHN_02018,39435b058c911d4c,P_03651,Airtel,2024-01-01,2025-12-31,active,True
PHN_02019,307bd71523fb41a7,P_00703,BSNL,2024-01-01,2025-12-31,active,True
PHN_02020,6749904f359c0c5b,P_01516,Vi,2024-01-01,2025-12-31,active,True
PHN_02021,c47b24c45d2c042e,P_01002,Vi,2024-01-01,2025-12-31,active,True
PHN_02022,2adde736ad4a5e0e,P_04776,Vi,2024-01-01,2025-12-31,active,True
PHN_02023,9628dcf2e4757889,P_03773,Jio,2024-01-01,2025-12-31,active,True
PHN_02024,30d1904c03612e52,P_03057,Vi,2024-01-01,2025-12-31,active,True
PHN_02025,c5f171a2da1b4edf,P_00747,Vi,2024-01-01,2025-12-31,active,True
PHN_02026,7d78838b65266812,P_04858,Vi,2024-01-01,2025-12-31,active,True
PHN_02027,4dd4f25282ccad0b,P_01372,BSNL,2024-01-01,2025-12-31,active,True
PHN_02028,178a4ba94ee31850,P_02146,Vi,2024-01-01,2025-12-31,active,True
PHN_02029,9dbf3e527af53ab3,P_01152,Jio,2024-01-01,2025-12-31,active,True
PHN_02030,cb652528b1a906ba,P_03965,Airtel,2024-01-01,2025-12-31,active,True
PHN_02031,2ac3d452c357c9aa,P_04520,Airtel,2024-01-01,2025-12-31,active,True
PHN_02032,282d2fe027661924,P_02215,BSNL,2024-01-01,2025-12-31,active,True
PHN_02033,0f26129536348c52,P_01406,Jio,2024-01-01,2025-12-31,active,True
PHN_02034,5ad54330695424b2,P_01328,Airtel,2024-01-01,2025-12-31,active,True
PHN_02035,8f943a89bbb4b111,P_00624,BSNL,2024-01-01,2025-12-31,active,True
PHN_02036,00b1f7a7c8b77387,P_01412,Vi,2024-01-01,2025-12-31,active,True
PHN_02037,def3d48924e0b8e1,P_00872,Airtel,2024-01-01,2025-12-31,active,True
PHN_02038,9a35cdc78b8687c7,P_02201,Jio,2024-01-01,2025-12-31,active,True
PHN_02039,210e7631fabcd9e7,P_02559,Vi,2024-01-01,2025-12-31,active,True
PHN_02040,4a5da3f19c7f2268,P_04116,Jio,2024-01-01,2025-12-31,active,True
PHN_02041,d5e675b9624b576f,P_02049,Vi,2024-01-01,2025-12-31,active,True
PHN_02042,395f8972558f6f2a,P_02973,Airtel,2024-01-01,2025-12-31,active,True
PHN_02043,434656e647914f08,P_03055,Jio,2024-01-01,2025-12-31,active,True
PHN_02044,0945bfe3f4819a99,P_01792,Airtel,2024-01-01,2025-12-31,active,True
PHN_02045,5349fcc14866febb,P_02347,Airtel,2024-01-01,2025-12-31,active,True
PHN_02046,6f3704e8ba650b2a,P_00129,Jio,2024-01-01,2025-12-31,active,True
PHN_02047,96fe292c56d8f33a,P_00927,Jio,2024-01-01,2025-12-31,active,True
PHN_02048,ba6a11f26d492a77,P_02356,Vi,2024-01-01,2025-12-31,active,True
PHN_02049,a59a82605d23d967,P_02519,Jio,2024-01-01,2025-12-31,active,True
PHN_02050,971a731da1a8d4bd,P_02359,BSNL,2024-01-01,2025-12-31,active,True
PHN_02051,2f521f90ffb82ef7,P_03917,Jio,2024-01-01,2025-12-31,active,True
PHN_02052,a5b252a03c6a2949,P_03042,Airtel,2024-01-01,2025-12-31,active,True
PHN_02053,75aafc0547caac6f,P_01091,BSNL,2024-01-01,2025-12-31,active,True
PHN_02054,8615b72e8a496257,P_00193,Airtel,2024-01-01,2025-12-31,active,True
PHN_02055,8ae6148da1974f2f,P_03502,Vi,2024-01-01,2025-12-31,active,True
PHN_02056,dd928f492fd899bb,P_04616,BSNL,2024-01-01,2025-12-31,active,True
PHN_02057,09f02baf9c309dcf,P_03876,BSNL,2024-01-01,2025-12-31,active,True
PHN_02058,5a62cbbe324e8a2b,P_01506,BSNL,2024-01-01,2025-12-31,active,True
PHN_02059,b095562b1e0de4ae,P_04847,Vi,2024-01-01,2025-12-31,active,True
PHN_02060,e673b6f70c0b70e7,P_00638,Airtel,2024-01-01,2025-12-31,active,True
PHN_02061,fda43e2cdcedb38f,P_02849,BSNL,2024-01-01,2025-12-31,active,True
PHN_02062,fd83503c2bb41b4d,P_03560,BSNL,2024-01-01,2025-12-31,active,True
PHN_02063,6325cefb5e8f2fa0,P_03701,BSNL,2024-01-01,2025-12-31,active,True
PHN_02064,01fd7078d277270a,P_03301,Airtel,2024-01-01,2025-12-31,active,True
PHN_02065,4f234bec590a4529,P_04627,Jio,2024-01-01,2025-12-31,active,True
PHN_02066,7c2e40e3840d6da7,P_00329,Jio,2024-01-01,2025-12-31,active,True
PHN_02067,cad9cef33f5fdd8e,P_00869,Vi,2024-01-01,2025-12-31,active,True
PHN_02068,9c2a756bd89b2fc5,P_04185,Jio,2024-01-01,2025-12-31,active,True
PHN_02069,fa4865a477a9a9a2,P_02918,Airtel,2024-01-01,2025-12-31,active,True
PHN_02070,162336d5024c8f81,P_01050,Jio,2024-01-01,2025-12-31,active,True
PHN_02071,be249e2c7ef160d3,P_00542,BSNL,2024-01-01,2025-12-31,active,True
PHN_02072,bb08c8df30d88b86,P_00068,Airtel,2024-01-01,2025-12-31,active,True
PHN_02073,e5db8a372a4725c0,P_01054,Airtel,2024-01-01,2025-12-31,active,True
PHN_02074,eb71ada63ca427ee,P_01929,Airtel,2024-01-01,2025-12-31,active,True
PHN_02075,f576a64193580be2,P_01723,Jio,2024-01-01,2025-12-31,active,True
PHN_02076,8c757512321e7463,P_02043,Airtel,2024-01-01,2025-12-31,active,True
PHN_02077,c25433ddc1a90140,P_00916,Jio,2024-01-01,2025-12-31,active,True
PHN_02078,18821ec5dadd7be9,P_03534,BSNL,2024-01-01,2025-12-31,active,True
PHN_02079,5b18407e4a78f847,P_02519,BSNL,2024-01-01,2025-12-31,active,True
PHN_02080,697db97799f3c7b7,P_04770,Jio,2024-01-01,2025-12-31,active,True
PHN_02081,a21c6be605b0bdb5,P_03996,Jio,2024-01-01,2025-12-31,active,True
PHN_02082,40ff8a5816f22d06,P_04945,Vi,2024-01-01,2025-12-31,active,True
PHN_02083,188b8d5baf424b89,P_00557,Jio,2024-01-01,2025-12-31,active,True
PHN_02084,9eba10ccc4442e30,P_03032,BSNL,2024-01-01,2025-12-31,active,True
PHN_02085,6718b8d61ee345bf,P_01052,Jio,2024-01-01,2025-12-31,active,True
PHN_02086,25def03b56b62402,P_01616,Jio,2024-01-01,2025-12-31,active,True
PHN_02087,fcbfb6ce903a4340,P_02638,Vi,2024-01-01,2025-12-31,active,True
PHN_02088,d9884072611f505d,P_04322,Jio,2024-01-01,2025-12-31,active,True
PHN_02089,4559940d81b79104,P_01490,Vi,2024-01-01,2025-12-31,active,True
PHN_02090,4ff173bc955cd171,P_01067,BSNL,2024-01-01,2025-12-31,active,True
PHN_02091,c417252167e1a90e,P_01457,Vi,2024-01-01,2025-12-31,active,True
PHN_02092,2a1c3350c043f881,P_04270,Vi,2024-01-01,2025-12-31,active,True
PHN_02093,d4f4f8833dac3ca4,P_03083,Airtel,2024-01-01,2025-12-31,active,True
PHN_02094,be23638718449307,P_03654,Vi,2024-01-01,2025-12-31,active,True
PHN_02095,51bf07386944eb23,P_03783,BSNL,2024-01-01,2025-12-31,active,True
PHN_02096,13d9e422c384d57a,P_02838,Jio,2024-01-01,2025-12-31,active,True
PHN_02097,fb6aa505d6614b1b,P_02925,BSNL,2024-01-01,2025-12-31,active,True
PHN_02098,0b9e7fb2ac8635a4,P_00537,BSNL,2024-01-01,2025-12-31,active,True
PHN_02099,159e388fd6fc1da9,P_04427,Vi,2024-01-01,2025-12-31,active,True
PHN_02100,bef01b6efa3f33ea,P_02335,Jio,2024-01-01,2025-12-31,active,True
PHN_02101,ac8e83238ddfed6e,P_01280,Vi,2024-01-01,2025-12-31,active,True
PHN_02102,6d31d19cd9c6bc63,P_04266,Vi,2024-01-01,2025-12-31,active,True
PHN_02103,cb37ad1a7a80e234,P_01393,Vi,2024-01-01,2025-12-31,active,True
PHN_02104,5567995faf4ee5de,P_01893,Airtel,2024-01-01,2025-12-31,active,True
PHN_02105,76b2b2c10506a738,P_03327,BSNL,2024-01-01,2025-12-31,active,True
PHN_02106,5377de51a0cf5361,P_00428,Vi,2024-01-01,2025-12-31,active,True
PHN_02107,411918c1b2e2eaa0,P_04010,BSNL,2024-01-01,2025-12-31,active,True
PHN_02108,2335f467c9ebc7f8,P_00957,Jio,2024-01-01,2025-12-31,active,True
PHN_02109,7bcc42ddfd51fc58,P_03336,Airtel,2024-01-01,2025-12-31,active,True
PHN_02110,ee12196d8df12121,P_04109,Airtel,2024-01-01,2025-12-31,active,True
PHN_02111,b0b58edd22c59f59,P_02472,BSNL,2024-01-01,2025-12-31,active,True
PHN_02112,b122596490c40486,P_02410,BSNL,2024-01-01,2025-12-31,active,True
PHN_02113,da0b4034c087af0f,P_03590,Vi,2024-01-01,2025-12-31,active,True
PHN_02114,1987066be3b764c5,P_03072,BSNL,2024-01-01,2025-12-31,active,True
PHN_02115,85962a4da12c233e,P_01926,Jio,2024-01-01,2025-12-31,active,True
PHN_02116,5dd2b5cb0c793d22,P_04328,Jio,2024-01-01,2025-12-31,active,True
PHN_02117,1e740ff3bf80a9e8,P_02603,BSNL,2024-01-01,2025-12-31,active,True
PHN_02118,88e4a814770dc7cf,P_02680,Jio,2024-01-01,2025-12-31,active,True
PHN_02119,c61bf06f97ea7ec4,P_01750,Vi,2024-01-01,2025-12-31,active,True
PHN_02120,6f150f486fc256b0,P_02883,BSNL,2024-01-01,2025-12-31,active,True
PHN_02121,d0e6d20c904585d0,P_04893,Jio,2024-01-01,2025-12-31,active,True
PHN_02122,a1347809dcd9c3e4,P_03771,Jio,2024-01-01,2025-12-31,active,True
PHN_02123,0f6a395792b79460,P_03901,Jio,2024-01-01,2025-12-31,active,True
PHN_02124,e3e770848733be9a,P_02530,Vi,2024-01-01,2025-12-31,active,True
PHN_02125,36b1e4e3ed92b280,P_02764,Jio,2024-01-01,2025-12-31,active,True
PHN_02126,5f1cec373ec0aac7,P_00162,BSNL,2024-01-01,2025-12-31,active,True
PHN_02127,a0cfe3995f9743de,P_01605,Vi,2024-01-01,2025-12-31,active,True
PHN_02128,af5042f89a68f6d5,P_00855,BSNL,2024-01-01,2025-12-31,active,True
PHN_02129,4b87a85ad61e6dad,P_01410,Airtel,2024-01-01,2025-12-31,active,True
PHN_02130,34c36b74769bc5c4,P_00889,Airtel,2024-01-01,2025-12-31,active,True
PHN_02131,cd2cdf5e9300b7e2,P_04708,Vi,2024-01-01,2025-12-31,active,True
PHN_02132,82928790a4ad944b,P_03129,Airtel,2024-01-01,2025-12-31,active,True
PHN_02133,abc4f6a39759ccc7,P_02165,Vi,2024-01-01,2025-12-31,active,True
PHN_02134,6b0c9927eb4bf159,P_02999,Airtel,2024-01-01,2025-12-31,active,True
PHN_02135,08497cb8a42d08d4,P_02675,BSNL,2024-01-01,2025-12-31,active,True
PHN_02136,509e634b891252b8,P_03844,Vi,2024-01-01,2025-12-31,active,True
PHN_02137,5ff06da9008f9798,P_03532,Airtel,2024-01-01,2025-12-31,active,True
PHN_02138,4662f9dec335bedd,P_03306,Airtel,2024-01-01,2025-12-31,active,True
PHN_02139,383af4729663e8e7,P_02258,BSNL,2024-01-01,2025-12-31,active,True
PHN_02140,b3aef7cee0c76535,P_02522,Airtel,2024-01-01,2025-12-31,active,True
PHN_02141,022491186af37627,P_01261,Airtel,2024-01-01,2025-12-31,active,True
PHN_02142,764644e386a8488d,P_01042,Vi,2024-01-01,2025-12-31,active,True
PHN_02143,d2c6e9afef857e6a,P_00597,BSNL,2024-01-01,2025-12-31,active,True
PHN_02144,9ff046e20af1739f,P_02445,BSNL,2024-01-01,2025-12-31,active,True
PHN_02145,144eee1ce3996959,P_00344,Airtel,2024-01-01,2025-12-31,active,True
PHN_02146,858c8535067ee349,P_03081,Airtel,2024-01-01,2025-12-31,active,True
PHN_02147,e378bf3ebec9043a,P_00506,Vi,2024-01-01,2025-12-31,active,True
PHN_02148,2e2919d9b5f38061,P_04303,BSNL,2024-01-01,2025-12-31,active,True
PHN_02149,eb71c74bd37dacf4,P_00386,BSNL,2024-01-01,2025-12-31,active,True
PHN_02150,15d5b49ce13b61f9,P_03698,BSNL,2024-01-01,2025-12-31,active,True
PHN_02151,ea381343f9976a4d,P_01395,Jio,2024-01-01,2025-12-31,active,True
PHN_02152,116719121da1553f,P_00451,Airtel,2024-01-01,2025-12-31,active,True
PHN_02153,4d6223d94b0b22cc,P_01318,Vi,2024-01-01,2025-12-31,active,True
PHN_02154,0b6be3e2222fdb30,P_03193,Airtel,2024-01-01,2025-12-31,active,True
PHN_02155,cbd75c587f1e0364,P_01470,Vi,2024-01-01,2025-12-31,active,True
PHN_02156,cd65ec6b71f04ce4,P_00009,Vi,2024-01-01,2025-12-31,active,True
PHN_02157,cbe3c54d0c9b28c5,P_00342,BSNL,2024-01-01,2025-12-31,active,True
PHN_02158,61d7f1d898ffef16,P_00930,Vi,2024-01-01,2025-12-31,active,True
PHN_02159,01df0918b9d82d18,P_02281,Vi,2024-01-01,2025-12-31,active,True
PHN_02160,46dd36205349420c,P_01038,BSNL,2024-01-01,2025-12-31,active,True
PHN_02161,d8cdac00d365a4b0,P_02097,Vi,2024-01-01,2025-12-31,active,True
PHN_02162,dfe050084e7eab79,P_00592,Jio,2024-01-01,2025-12-31,active,True
PHN_02163,7ee4752ca8a4b68c,P_00273,Jio,2024-01-01,2025-12-31,active,True
PHN_02164,d479aeae763b7167,P_04002,BSNL,2024-01-01,2025-12-31,active,True
PHN_02165,3f497f61b74a63a7,P_04124,Jio,2024-01-01,2025-12-31,active,True
PHN_02166,157ed9f50a53dad5,P_02485,BSNL,2024-01-01,2025-12-31,active,True
PHN_02167,4641119fa1e4c561,P_01178,Airtel,2024-01-01,2025-12-31,active,True
PHN_02168,01826d7d2a93e846,P_00792,Jio,2024-01-01,2025-12-31,active,True
PHN_02169,528fe6f5bfd58e40,P_03820,Jio,2024-01-01,2025-12-31,active,True
PHN_02170,e0f1518f620ed6da,P_04935,BSNL,2024-01-01,2025-12-31,active,True
PHN_02171,fcaf6e241081320c,P_04836,BSNL,2024-01-01,2025-12-31,active,True
PHN_02172,a08185209307dc41,P_00225,BSNL,2024-01-01,2025-12-31,active,True
PHN_02173,167100a85509556a,P_02898,Jio,2024-01-01,2025-12-31,active,True
PHN_02174,5e5b4e62cdba5107,P_02265,Vi,2024-01-01,2025-12-31,active,True
PHN_02175,fff77b4600f0fdb7,P_01460,Jio,2024-01-01,2025-12-31,active,True
PHN_02176,81a73cc18899ea01,P_04154,Vi,2024-01-01,2025-12-31,active,True
PHN_02177,cf5cf7401a40e0be,P_01778,Jio,2024-01-01,2025-12-31,active,True
PHN_02178,74b8554d1e7f7a19,P_03731,Airtel,2024-01-01,2025-12-31,active,True
PHN_02179,f5abf0ec2cae600a,P_01360,BSNL,2024-01-01,2025-12-31,active,True
PHN_02180,4bde8a72f1836bde,P_02128,Vi,2024-01-01,2025-12-31,active,True
PHN_02181,c6627b72b59e17f2,P_04247,Airtel,2024-01-01,2025-12-31,active,True
PHN_02182,29ef0e8f6d0315ba,P_03279,Vi,2024-01-01,2025-12-31,active,True
PHN_02183,084a8d795c29f5cc,P_01347,BSNL,2024-01-01,2025-12-31,active,True
PHN_02184,9c09d5821b191541,P_00271,BSNL,2024-01-01,2025-12-31,active,True
PHN_02185,1e9699cda65bad04,P_03211,BSNL,2024-01-01,2025-12-31,active,True
PHN_02186,ea6349d3cfe8c6a4,P_04437,Airtel,2024-01-01,2025-12-31,active,True
PHN_02187,eb2b746f3798b4f4,P_04214,Jio,2024-01-01,2025-12-31,active,True
PHN_02188,e2bffd085c5e8de8,P_00968,Jio,2024-01-01,2025-12-31,active,True
PHN_02189,9759cb6b8b6ef84a,P_01693,Vi,2024-01-01,2025-12-31,active,True
PHN_02190,0a6b8cc8b44a18a2,P_01411,Airtel,2024-01-01,2025-12-31,active,True
PHN_02191,8bda01004c0d2ba0,P_01703,Airtel,2024-01-01,2025-12-31,active,True
PHN_02192,749f7f087c4136c4,P_02983,Airtel,2024-01-01,2025-12-31,active,True
PHN_02193,293b3e6abb5b272c,P_01724,BSNL,2024-01-01,2025-12-31,active,True
PHN_02194,6375807e745bc262,P_02748,Vi,2024-01-01,2025-12-31,active,True
PHN_02195,216613e9cb93d2d6,P_02396,Jio,2024-01-01,2025-12-31,active,True
PHN_02196,f9e47df3d6a869b0,P_03257,Airtel,2024-01-01,2025-12-31,active,True
PHN_02197,ada85c1658583bfa,P_01533,Vi,2024-01-01,2025-12-31,active,True
PHN_02198,b27c9b1d2b53dd21,P_04508,BSNL,2024-01-01,2025-12-31,active,True
PHN_02199,66728885aa5eb2aa,P_04093,BSNL,2024-01-01,2025-12-31,active,True
PHN_02200,57f9467e231779da,P_00284,Jio,2024-01-01,2025-12-31,active,True
PHN_02201,50bd5c0b982c2b75,P_01388,Jio,2024-01-01,2025-12-31,active,True
PHN_02202,0df7d753d2f6c293,P_03245,Vi,2024-01-01,2025-12-31,active,True
PHN_02203,6b13347d729d56f1,P_02548,BSNL,2024-01-01,2025-12-31,active,True
PHN_02204,168e443c82f43afb,P_04797,Airtel,2024-01-01,2025-12-31,active,True
PHN_02205,fd8ad54ecd41632b,P_04817,BSNL,2024-01-01,2025-12-31,active,True
PHN_02206,34a7ffbc1150eb85,P_00457,Jio,2024-01-01,2025-12-31,active,True
PHN_02207,94b95d56d2785b2e,P_02488,BSNL,2024-01-01,2025-12-31,active,True
PHN_02208,693a417f314c6944,P_00635,Jio,2024-01-01,2025-12-31,active,True
PHN_02209,23b68a915ab6fb98,P_02555,BSNL,2024-01-01,2025-12-31,active,True
PHN_02210,9980c02d344268bd,P_00597,Airtel,2024-01-01,2025-12-31,active,True
PHN_02211,43514b679653f076,P_03501,Vi,2024-01-01,2025-12-31,active,True
PHN_02212,8587bc3968329012,P_02207,Jio,2024-01-01,2025-12-31,active,True
PHN_02213,690968472ba056fa,P_04809,Vi,2024-01-01,2025-12-31,active,True
PHN_02214,0087306280259488,P_01626,BSNL,2024-01-01,2025-12-31,active,True
PHN_02215,0152b7120a31a670,P_00272,BSNL,2024-01-01,2025-12-31,active,True
PHN_02216,9218ba019055f625,P_03756,Vi,2024-01-01,2025-12-31,active,True
PHN_02217,086c99e7e18bb6a6,P_00087,Vi,2024-01-01,2025-12-31,active,True
PHN_02218,b1d85fc65bacc828,P_03388,Airtel,2024-01-01,2025-12-31,active,True
PHN_02219,1548dcca6fdb5aa1,P_03696,Vi,2024-01-01,2025-12-31,active,True
PHN_02220,2580f72b003f8296,P_03253,Vi,2024-01-01,2025-12-31,active,True
PHN_02221,8d2e719ee4fea9f8,P_02667,Jio,2024-01-01,2025-12-31,active,True
PHN_02222,ee5f27f0f37444dc,P_02458,Vi,2024-01-01,2025-12-31,active,True
PHN_02223,31e0f71ca5737a96,P_00708,Jio,2024-01-01,2025-12-31,active,True
PHN_02224,d9d4a172ef319b36,P_03315,BSNL,2024-01-01,2025-12-31,active,True
PHN_02225,f5c134304e0a4702,P_01928,Airtel,2024-01-01,2025-12-31,active,True
PHN_02226,4de1540a966e98d9,P_03312,Jio,2024-01-01,2025-12-31,active,True
PHN_02227,e21eaefd28e727d4,P_00946,BSNL,2024-01-01,2025-12-31,active,True
PHN_02228,8151b2c88d0bcdf0,P_04264,Jio,2024-01-01,2025-12-31,active,True
PHN_02229,6c5ca28a0bdef770,P_01473,Airtel,2024-01-01,2025-12-31,active,True
PHN_02230,6f8471e8b12dcaaa,P_03721,Jio,2024-01-01,2025-12-31,active,True
PHN_02231,41564a85bc7bcfe2,P_03322,Vi,2024-01-01,2025-12-31,active,True
PHN_02232,29e8793ba8923163,P_01144,Airtel,2024-01-01,2025-12-31,active,True
PHN_02233,2f0447e6153ef24a,P_04972,Vi,2024-01-01,2025-12-31,active,True
PHN_02234,7351de53b4ffe800,P_02070,Vi,2024-01-01,2025-12-31,active,True
PHN_02235,3db2ae98982c583f,P_00580,BSNL,2024-01-01,2025-12-31,active,True
PHN_02236,e4d2a5bb82b0f253,P_02707,BSNL,2024-01-01,2025-12-31,active,True
PHN_02237,ef17e00e83d3203e,P_00710,BSNL,2024-01-01,2025-12-31,active,True
PHN_02238,aebe87682d80a050,P_03067,Airtel,2024-01-01,2025-12-31,active,True
PHN_02239,d9c84931f77e576c,P_01310,Vi,2024-01-01,2025-12-31,active,True
PHN_02240,7c03fceed08d7dd7,P_02983,Airtel,2024-01-01,2025-12-31,active,True
PHN_02241,c6ef2ad75040eb22,P_03572,Jio,2024-01-01,2025-12-31,active,True
PHN_02242,b4e7bf805373cd39,P_04190,Airtel,2024-01-01,2025-12-31,active,True
PHN_02243,34d8dc858acecf4b,P_01925,Vi,2024-01-01,2025-12-31,active,True
PHN_02244,dea55ca049b0bfc4,P_00391,Airtel,2024-01-01,2025-12-31,active,True
PHN_02245,92a30667dadb61c2,P_01594,Airtel,2024-01-01,2025-12-31,active,True
PHN_02246,c8b89d9fa4427ce4,P_03215,Jio,2024-01-01,2025-12-31,active,True
PHN_02247,9e15261dca250a94,P_02881,Airtel,2024-01-01,2025-12-31,active,True
PHN_02248,7fea63f51d20cc6d,P_03188,BSNL,2024-01-01,2025-12-31,active,True
PHN_02249,1e2af610122429b6,P_03134,Jio,2024-01-01,2025-12-31,active,True
PHN_02250,16bddbe2459130da,P_04037,BSNL,2024-01-01,2025-12-31,active,True
PHN_02251,2ab06267adac595b,P_04824,BSNL,2024-01-01,2025-12-31,active,True
PHN_02252,db1ce66a3988bfdc,P_02752,Jio,2024-01-01,2025-12-31,active,True
PHN_02253,7134e56f91720ade,P_00207,Airtel,2024-01-01,2025-12-31,active,True
PHN_02254,d4a30538d80e45ee,P_01173,Vi,2024-01-01,2025-12-31,active,True
PHN_02255,1547f384d284dbf7,P_00111,Airtel,2024-01-01,2025-12-31,active,True
PHN_02256,75354a40be5751aa,P_03352,Jio,2024-01-01,2025-12-31,active,True
PHN_02257,e37b21bfcbda0dc5,P_02350,Jio,2024-01-01,2025-12-31,active,True
PHN_02258,93e0270427b7755f,P_01273,Jio,2024-01-01,2025-12-31,active,True
PHN_02259,233fb99da4ac4175,P_01924,BSNL,2024-01-01,2025-12-31,active,True
PHN_02260,cc2b810f463fbfe8,P_00713,Airtel,2024-01-01,2025-12-31,active,True
PHN_02261,1f21e293875d325f,P_00914,BSNL,2024-01-01,2025-12-31,active,True
PHN_02262,31b3b4339f5be50b,P_02413,Airtel,2024-01-01,2025-12-31,active,True
PHN_02263,5e7e3b7a450d8f91,P_04183,Airtel,2024-01-01,2025-12-31,active,True
PHN_02264,fcfe49f13f5acb23,P_04742,Airtel,2024-01-01,2025-12-31,active,True
PHN_02265,fa4f8191494201e3,P_03340,Vi,2024-01-01,2025-12-31,active,True
PHN_02266,7713c1078d95d9c2,P_04675,Vi,2024-01-01,2025-12-31,active,True
PHN_02267,4165756acb5841ef,P_01293,BSNL,2024-01-01,2025-12-31,active,True
PHN_02268,23ffc1e0074fe002,P_01032,Airtel,2024-01-01,2025-12-31,active,True
PHN_02269,eed74223bbef762f,P_02068,Airtel,2024-01-01,2025-12-31,active,True
PHN_02270,4c1ac43112cc3826,P_01158,Jio,2024-01-01,2025-12-31,active,True
PHN_02271,d1c1012c7bf7f50d,P_03862,Jio,2024-01-01,2025-12-31,active,True
PHN_02272,d69a84d3906286a0,P_02832,Jio,2024-01-01,2025-12-31,active,True
PHN_02273,10a061af05d2978c,P_03412,Jio,2024-01-01,2025-12-31,active,True
PHN_02274,eea289731bac45fc,P_04830,Jio,2024-01-01,2025-12-31,active,True
PHN_02275,f56c3c19b336f6d7,P_04914,Jio,2024-01-01,2025-12-31,active,True
PHN_02276,88f81bca9e522958,P_02201,Airtel,2024-01-01,2025-12-31,active,True
PHN_02277,8bbdaa638ba3a94f,P_01894,Airtel,2024-01-01,2025-12-31,active,True
PHN_02278,3dea9f83b85b65b4,P_03585,Vi,2024-01-01,2025-12-31,active,True
PHN_02279,f07563eb0977d359,P_02024,Airtel,2024-01-01,2025-12-31,active,True
PHN_02280,09563edfbca170be,P_01522,Vi,2024-01-01,2025-12-31,active,True
PHN_02281,5464b528e55262b9,P_04934,Airtel,2024-01-01,2025-12-31,active,True
PHN_02282,edbe76b8f2e02f53,P_03193,Airtel,2024-01-01,2025-12-31,active,True
PHN_02283,60a724350adf1398,P_01097,Airtel,2024-01-01,2025-12-31,active,True
PHN_02284,2796974d729d7046,P_01519,Jio,2024-01-01,2025-12-31,active,True
PHN_02285,46351bb885f3bdb9,P_02584,Airtel,2024-01-01,2025-12-31,active,True
PHN_02286,8afb10109190ac86,P_01197,Jio,2024-01-01,2025-12-31,active,True
PHN_02287,85eb18485608b690,P_00790,Airtel,2024-01-01,2025-12-31,active,True
PHN_02288,77c37173d7abf328,P_01523,BSNL,2024-01-01,2025-12-31,active,True
PHN_02289,ad6a2b5460d974a0,P_02126,Jio,2024-01-01,2025-12-31,active,True
PHN_02290,50344f2eddf1d9bd,P_00700,BSNL,2024-01-01,2025-12-31,active,True
PHN_02291,03a4d244ee70ddf0,P_02771,BSNL,2024-01-01,2025-12-31,active,True
PHN_02292,481201c1cdc52fab,P_00035,BSNL,2024-01-01,2025-12-31,active,True
PHN_02293,e9a5331fce2fa9fe,P_01422,Vi,2024-01-01,2025-12-31,active,True
PHN_02294,5d881a144a1b8de1,P_00871,Airtel,2024-01-01,2025-12-31,active,True
PHN_02295,90b7e8a70d7abfbd,P_04761,BSNL,2024-01-01,2025-12-31,active,True
PHN_02296,6079205b1a2a944c,P_00039,BSNL,2024-01-01,2025-12-31,active,True
PHN_02297,bc6c6087600e6a0c,P_02652,BSNL,2024-01-01,2025-12-31,active,True
PHN_02298,47a3a2a518ac3e59,P_03237,BSNL,2024-01-01,2025-12-31,active,True
PHN_02299,c8bcd7920cf5e46a,P_00539,Jio,2024-01-01,2025-12-31,active,True
PHN_02300,aca3f8a88fd358b3,P_01739,Jio,2024-01-01,2025-12-31,active,True
PHN_02301,945859144c6fb29e,P_03715,Airtel,2024-01-01,2025-12-31,active,True
PHN_02302,85def0e016041c9d,P_04697,Jio,2024-01-01,2025-12-31,active,True
PHN_02303,f40857f076255d34,P_04498,BSNL,2024-01-01,2025-12-31,active,True
PHN_02304,742041411b8020bd,P_02701,Jio,2024-01-01,2025-12-31,active,True
PHN_02305,bf7b0641e2e1f79a,P_03366,BSNL,2024-01-01,2025-12-31,active,True
PHN_02306,0aee8b3438e19ca0,P_04754,Vi,2024-01-01,2025-12-31,active,True
PHN_02307,e2464713e9949d2e,P_00519,BSNL,2024-01-01,2025-12-31,active,True
PHN_02308,88de7dcdc0e1463e,P_03445,Vi,2024-01-01,2025-12-31,active,True
PHN_02309,ed3b12bb8ed8ca1e,P_02910,Jio,2024-01-01,2025-12-31,active,True
PHN_02310,2ade7dfaf44bc3ea,P_04891,BSNL,2024-01-01,2025-12-31,active,True
PHN_02311,eedc674e39ee91cb,P_04795,BSNL,2024-01-01,2025-12-31,active,True
PHN_02312,dc44e423cfde51a7,P_00504,Airtel,2024-01-01,2025-12-31,active,True
PHN_02313,8be6810270dcc6f6,P_01617,Vi,2024-01-01,2025-12-31,active,True
PHN_02314,365e91e7fa0b8998,P_02510,Vi,2024-01-01,2025-12-31,active,True
PHN_02315,d7d816e6e001f18f,P_00854,Airtel,2024-01-01,2025-12-31,active,True
PHN_02316,381cea129b236325,P_03689,Jio,2024-01-01,2025-12-31,active,True
PHN_02317,a7f1d6e0ec6c9a66,P_02252,Vi,2024-01-01,2025-12-31,active,True
PHN_02318,1b9bcdc9bd3f75d1,P_01271,Jio,2024-01-01,2025-12-31,active,True
PHN_02319,7dc69d579f385a89,P_03426,BSNL,2024-01-01,2025-12-31,active,True
PHN_02320,bf36a45590aeda3c,P_01619,BSNL,2024-01-01,2025-12-31,active,True
PHN_02321,33696a10143527e7,P_03834,Vi,2024-01-01,2025-12-31,active,True
PHN_02322,c155875f1f043bc7,P_02288,Airtel,2024-01-01,2025-12-31,active,True
PHN_02323,99e39459ba6e7213,P_01189,Airtel,2024-01-01,2025-12-31,active,True
PHN_02324,883caf949ff20c51,P_02019,Jio,2024-01-01,2025-12-31,active,True
PHN_02325,5897efa14a670704,P_04837,Airtel,2024-01-01,2025-12-31,active,True
PHN_02326,fb56eb41eccba8ca,P_04301,Jio,2024-01-01,2025-12-31,active,True
PHN_02327,97f0d4b1361bf39b,P_01906,BSNL,2024-01-01,2025-12-31,active,True
PHN_02328,5698c46681d6b88b,P_01672,BSNL,2024-01-01,2025-12-31,active,True
PHN_02329,e38bbbb5f2b23bc5,P_02677,Jio,2024-01-01,2025-12-31,active,True
PHN_02330,243268633af4e7b0,P_01448,Vi,2024-01-01,2025-12-31,active,True
PHN_02331,b8d01192fb9a841b,P_04024,Vi,2024-01-01,2025-12-31,active,True
PHN_02332,ab63c0a382968f6d,P_00121,Airtel,2024-01-01,2025-12-31,active,True
PHN_02333,ca200a78eda0cb04,P_01927,BSNL,2024-01-01,2025-12-31,active,True
PHN_02334,bfb0007e74313909,P_00829,Vi,2024-01-01,2025-12-31,active,True
PHN_02335,2917d6c5bb9989d2,P_02573,Vi,2024-01-01,2025-12-31,active,True
PHN_02336,bd163e794bc74dec,P_00718,Vi,2024-01-01,2025-12-31,active,True
PHN_02337,f0d4e3dcbf63796c,P_03494,Vi,2024-01-01,2025-12-31,active,True
PHN_02338,50c7ea5a9bc896f9,P_01845,BSNL,2024-01-01,2025-12-31,active,True
PHN_02339,e4dbd102109d792f,P_00638,Jio,2024-01-01,2025-12-31,active,True
PHN_02340,9edd052ba0bb8e65,P_03119,Airtel,2024-01-01,2025-12-31,active,True
PHN_02341,0321971270b99c9e,P_02853,BSNL,2024-01-01,2025-12-31,active,True
PHN_02342,cd22fd93e26e5fd8,P_00698,Vi,2024-01-01,2025-12-31,active,True
PHN_02343,6bdf8617475da3d2,P_01730,Airtel,2024-01-01,2025-12-31,active,True
PHN_02344,b2ee8077f8d3f857,P_02652,Jio,2024-01-01,2025-12-31,active,True
PHN_02345,3fd7079dd23de1ff,P_03972,Airtel,2024-01-01,2025-12-31,active,True
PHN_02346,40df2c4b2b776f5f,P_01206,BSNL,2024-01-01,2025-12-31,active,True
PHN_02347,8ebce7ea66df5408,P_04015,Vi,2024-01-01,2025-12-31,active,True
PHN_02348,4fe562998619ab38,P_02794,Jio,2024-01-01,2025-12-31,active,True
PHN_02349,7a3b7aba9e79193c,P_01424,Vi,2024-01-01,2025-12-31,active,True
PHN_02350,b5333de40408bb8b,P_02840,Jio,2024-01-01,2025-12-31,active,True
PHN_02351,81e70f5850cbc0eb,P_04561,Jio,2024-01-01,2025-12-31,active,True
PHN_02352,5594a469e1f80907,P_04622,Jio,2024-01-01,2025-12-31,active,True
PHN_02353,c27d386d32c02aad,P_03500,Vi,2024-01-01,2025-12-31,active,True
PHN_02354,4407a18a25c0a196,P_02452,Airtel,2024-01-01,2025-12-31,active,True
PHN_02355,1ce4710f79f86921,P_00875,Vi,2024-01-01,2025-12-31,active,True
PHN_02356,b03ea494a67c507d,P_02087,Vi,2024-01-01,2025-12-31,active,True
PHN_02357,4e060218eaca062d,P_00818,Airtel,2024-01-01,2025-12-31,active,True
PHN_02358,06a48fa0a6c5f242,P_04334,Jio,2024-01-01,2025-12-31,active,True
PHN_02359,bd9f4911a2108527,P_01828,BSNL,2024-01-01,2025-12-31,active,True
PHN_02360,585ac4e7aede29d0,P_02431,Jio,2024-01-01,2025-12-31,active,True
PHN_02361,981518319fd3ca46,P_03532,BSNL,2024-01-01,2025-12-31,active,True
PHN_02362,345c4b3a76e1c4de,P_00089,Vi,2024-01-01,2025-12-31,active,True
PHN_02363,fc30107105f55e4e,P_01975,BSNL,2024-01-01,2025-12-31,active,True
PHN_02364,dd06201c854f025f,P_00163,Airtel,2024-01-01,2025-12-31,active,True
PHN_02365,58e0cb9349a23c0f,P_03134,Jio,2024-01-01,2025-12-31,active,True
PHN_02366,8fa6739bca82e65a,P_01041,Vi,2024-01-01,2025-12-31,active,True
PHN_02367,043593aea1719cb0,P_03964,BSNL,2024-01-01,2025-12-31,active,True
PHN_02368,3e9095d4c8fe61dc,P_04961,Airtel,2024-01-01,2025-12-31,active,True
PHN_02369,26053632336bbece,P_00640,Jio,2024-01-01,2025-12-31,active,True
PHN_02370,1e0c0398f9ee8cca,P_03715,Vi,2024-01-01,2025-12-31,active,True
PHN_02371,78d25a0428f374fd,P_00004,BSNL,2024-01-01,2025-12-31,active,True
PHN_02372,496d5d4dd7a04f4d,P_03696,BSNL,2024-01-01,2025-12-31,active,True
PHN_02373,b44eceed1c71a6f8,P_03657,Jio,2024-01-01,2025-12-31,active,True
PHN_02374,c1bdb299df3825f3,P_02284,BSNL,2024-01-01,2025-12-31,active,True
PHN_02375,3853392cd2fc5ff5,P_01391,Airtel,2024-01-01,2025-12-31,active,True
PHN_02376,a5279434111b83cc,P_00534,Jio,2024-01-01,2025-12-31,active,True
PHN_02377,705a14ad0b544ef8,P_03089,BSNL,2024-01-01,2025-12-31,active,True
PHN_02378,f800afb5e2584fce,P_02569,BSNL,2024-01-01,2025-12-31,active,True
PHN_02379,b5fa2c4e4af1486a,P_02161,Vi,2024-01-01,2025-12-31,active,True
PHN_02380,f2cda66a83fae617,P_00117,Airtel,2024-01-01,2025-12-31,active,True
PHN_02381,3e80f5cf80309926,P_02979,Airtel,2024-01-01,2025-12-31,active,True
PHN_02382,55a4f40b8c1f40b0,P_00989,Vi,2024-01-01,2025-12-31,active,True
PHN_02383,bec7257315f9e569,P_02673,Vi,2024-01-01,2025-12-31,active,True
PHN_02384,1ee7b57881376239,P_03204,BSNL,2024-01-01,2025-12-31,active,True
PHN_02385,8f2c69b45f9bbc1a,P_00920,Airtel,2024-01-01,2025-12-31,active,True
PHN_02386,4fc8566d9b9dd2d6,P_04032,Jio,2024-01-01,2025-12-31,active,True
PHN_02387,d808b5a5f9e7f82b,P_01858,BSNL,2024-01-01,2025-12-31,active,True
PHN_02388,cef10ceff78ccdeb,P_01030,BSNL,2024-01-01,2025-12-31,active,True
PHN_02389,87e03b9842a75b6e,P_02755,Vi,2024-01-01,2025-12-31,active,True
PHN_02390,aa1b5918541c18a6,P_03605,Jio,2024-01-01,2025-12-31,active,True
PHN_02391,8d12fc33083ccb32,P_04767,Jio,2024-01-01,2025-12-31,active,True
PHN_02392,c28de7b7ddcaf6bf,P_02162,Vi,2024-01-01,2025-12-31,active,True
PHN_02393,49d87e3e1f72073c,P_00507,Vi,2024-01-01,2025-12-31,active,True
PHN_02394,8d4558cd6bc9b7bc,P_03214,BSNL,2024-01-01,2025-12-31,active,True
PHN_02395,b7eb03e978c31adf,P_00461,Vi,2024-01-01,2025-12-31,active,True
PHN_02396,57640f6e07090356,P_02639,Airtel,2024-01-01,2025-12-31,active,True
PHN_02397,651d00450d621c86,P_01556,Airtel,2024-01-01,2025-12-31,active,True
PHN_02398,428f7d3f1be412af,P_01218,BSNL,2024-01-01,2025-12-31,active,True
PHN_02399,a69f6016ffe1a8d1,P_03983,Airtel,2024-01-01,2025-12-31,active,True
PHN_02400,21aff2f1fa783457,P_02529,Vi,2024-01-01,2025-12-31,active,True
PHN_02401,483ad5d4c8a4d05a,P_04486,Jio,2024-01-01,2025-12-31,active,True
PHN_02402,9385585cbad753aa,P_04969,BSNL,2024-01-01,2025-12-31,active,True
PHN_02403,5866b6e34ba1446b,P_03353,Vi,2024-01-01,2025-12-31,active,True
PHN_02404,da05379f393463ad,P_04289,Airtel,2024-01-01,2025-12-31,active,True
PHN_02405,904815a0f240ec87,P_01162,Vi,2024-01-01,2025-12-31,active,True
PHN_02406,54b16fec0c5d85f9,P_01857,BSNL,2024-01-01,2025-12-31,active,True
PHN_02407,c37a897d5032ace4,P_01607,BSNL,2024-01-01,2025-12-31,active,True
PHN_02408,5aa3365874342a54,P_01447,BSNL,2024-01-01,2025-12-31,active,True
PHN_02409,895fe89ddcd80411,P_00795,BSNL,2024-01-01,2025-12-31,active,True
PHN_02410,1620fca10aeaa1ea,P_00950,Vi,2024-01-01,2025-12-31,active,True
PHN_02411,21b74c42ff9549ec,P_01739,Vi,2024-01-01,2025-12-31,active,True
PHN_02412,59bf99ae6b6a1eba,P_04891,Vi,2024-01-01,2025-12-31,active,True
PHN_02413,3923ff516448350e,P_01600,Vi,2024-01-01,2025-12-31,active,True
PHN_02414,3766d98f26954008,P_03026,BSNL,2024-01-01,2025-12-31,active,True
PHN_02415,6416880026b0488b,P_04655,Vi,2024-01-01,2025-12-31,active,True
PHN_02416,c2fc0cfecb8d9222,P_04213,Airtel,2024-01-01,2025-12-31,active,True
PHN_02417,f825281b923a5372,P_04972,BSNL,2024-01-01,2025-12-31,active,True
PHN_02418,b357e29e3d29d4ec,P_01929,BSNL,2024-01-01,2025-12-31,active,True
PHN_02419,5f55b0a2f79217f3,P_01233,Vi,2024-01-01,2025-12-31,active,True
PHN_02420,e5e9e7465d04924c,P_02665,Vi,2024-01-01,2025-12-31,active,True
PHN_02421,5513dee7a11a12e6,P_00995,Airtel,2024-01-01,2025-12-31,active,True
PHN_02422,7fade6713a7947d4,P_02500,Jio,2024-01-01,2025-12-31,active,True
PHN_02423,4cab8a78adfe51b6,P_02558,Jio,2024-01-01,2025-12-31,active,True
PHN_02424,df9477a0c75addb7,P_02206,Jio,2024-01-01,2025-12-31,active,True
PHN_02425,f2b55b7404fadac4,P_02919,Vi,2024-01-01,2025-12-31,active,True
PHN_02426,0c4ab0a8e00c1f4e,P_00272,BSNL,2024-01-01,2025-12-31,active,True
PHN_02427,4fe15f552aa34e06,P_03790,Airtel,2024-01-01,2025-12-31,active,True
PHN_02428,0e18abb7a5816658,P_02551,Vi,2024-01-01,2025-12-31,active,True
PHN_02429,f74a3841f8560c78,P_04148,Jio,2024-01-01,2025-12-31,active,True
PHN_02430,dbb0b622fe9a0b87,P_02534,Vi,2024-01-01,2025-12-31,active,True
PHN_02431,36f587dedd8a1eff,P_01302,BSNL,2024-01-01,2025-12-31,active,True
PHN_02432,1776980259acb473,P_03812,Airtel,2024-01-01,2025-12-31,active,True
PHN_02433,8d232db853d25d67,P_03017,BSNL,2024-01-01,2025-12-31,active,True
PHN_02434,72ef514500dcb4df,P_03531,Airtel,2024-01-01,2025-12-31,active,True
PHN_02435,db2f9c5113efb572,P_00410,BSNL,2024-01-01,2025-12-31,active,True
PHN_02436,8752b0e515e87cba,P_04673,BSNL,2024-01-01,2025-12-31,active,True
PHN_02437,496dff3bba43d837,P_02626,Jio,2024-01-01,2025-12-31,active,True
PHN_02438,49ccb56e05b87a98,P_04775,BSNL,2024-01-01,2025-12-31,active,True
PHN_02439,d76088e619571cc8,P_02897,Vi,2024-01-01,2025-12-31,active,True
PHN_02440,1d205138fc0341b7,P_00190,Airtel,2024-01-01,2025-12-31,active,True
PHN_02441,de66b232008663cb,P_01872,BSNL,2024-01-01,2025-12-31,active,True
PHN_02442,79d27442ed8e9dcd,P_00841,Jio,2024-01-01,2025-12-31,active,True
PHN_02443,3759b61c706203e1,P_02276,Jio,2024-01-01,2025-12-31,active,True
PHN_02444,369cfa734cfc479d,P_04185,Airtel,2024-01-01,2025-12-31,active,True
PHN_02445,cfa8e55fc65a2f93,P_04617,Airtel,2024-01-01,2025-12-31,active,True
PHN_02446,c09572c348058f1a,P_00432,Airtel,2024-01-01,2025-12-31,active,True
PHN_02447,b0970031aeb1252a,P_02603,Airtel,2024-01-01,2025-12-31,active,True
PHN_02448,30eb381660d3757e,P_00233,Airtel,2024-01-01,2025-12-31,active,True
PHN_02449,8740f918ee4e1bfd,P_04794,Jio,2024-01-01,2025-12-31,active,True
PHN_02450,b8774fbc53dea81a,P_00525,Vi,2024-01-01,2025-12-31,active,True
PHN_02451,211fcf37ae5ce4ad,P_03615,BSNL,2024-01-01,2025-12-31,active,True
PHN_02452,ba8a0f0b4ec5b48d,P_01446,Jio,2024-01-01,2025-12-31,active,True
PHN_02453,6e36ed4724706835,P_02847,Vi,2024-01-01,2025-12-31,active,True
PHN_02454,97fa28643712f223,P_01037,BSNL,2024-01-01,2025-12-31,active,True
PHN_02455,7644315ca894e752,P_04225,Jio,2024-01-01,2025-12-31,active,True
PHN_02456,ae3ee3a09ee467d6,P_02117,BSNL,2024-01-01,2025-12-31,active,True
PHN_02457,93613e0255a63b10,P_02826,Vi,2024-01-01,2025-12-31,active,True
PHN_02458,74c1e6819273a39f,P_02567,Vi,2024-01-01,2025-12-31,active,True
PHN_02459,4d95b00ef115ab12,P_02371,BSNL,2024-01-01,2025-12-31,active,True
PHN_02460,0cc57d0bdf039576,P_01900,Airtel,2024-01-01,2025-12-31,active,True
PHN_02461,747ab797fe03da18,P_02061,Vi,2024-01-01,2025-12-31,active,True
PHN_02462,3a499dc22275368d,P_03395,Jio,2024-01-01,2025-12-31,active,True
PHN_02463,3207c18d36834ff8,P_04676,Airtel,2024-01-01,2025-12-31,active,True
PHN_02464,55ec461f7d2c4867,P_02432,Airtel,2024-01-01,2025-12-31,active,True
PHN_02465,2cd96518b7cd2cdf,P_00435,Airtel,2024-01-01,2025-12-31,active,True
PHN_02466,dd69f2ceae8f4e25,P_02462,Airtel,2024-01-01,2025-12-31,active,True
PHN_02467,4e3b8933bd8aae9f,P_00338,BSNL,2024-01-01,2025-12-31,active,True
PHN_02468,cd9307c055ea3693,P_00402,Vi,2024-01-01,2025-12-31,active,True
PHN_02469,1e10e208ff368518,P_02203,Jio,2024-01-01,2025-12-31,active,True
PHN_02470,37ecabca24515c86,P_01650,Airtel,2024-01-01,2025-12-31,active,True
PHN_02471,2ef3b32d27ecadba,P_02430,BSNL,2024-01-01,2025-12-31,active,True
PHN_02472,aab03fbfaff84e5d,P_03966,Airtel,2024-01-01,2025-12-31,active,True
PHN_02473,bfff1e426831a165,P_01671,Airtel,2024-01-01,2025-12-31,active,True
PHN_02474,c8326ff6221471a7,P_00348,Jio,2024-01-01,2025-12-31,active,True
PHN_02475,8f783879020ddc73,P_04078,Jio,2024-01-01,2025-12-31,active,True
PHN_02476,60c83f0fc3c35a77,P_04449,Jio,2024-01-01,2025-12-31,active,True
PHN_02477,273abc8e6f792eb2,P_03137,Jio,2024-01-01,2025-12-31,active,True
PHN_02478,0790f45507a94c67,P_03554,Airtel,2024-01-01,2025-12-31,active,True
PHN_02479,413248ffdb5a5373,P_04662,Airtel,2024-01-01,2025-12-31,active,True
PHN_02480,af1242b753fbe7d4,P_00550,BSNL,2024-01-01,2025-12-31,active,True
PHN_02481,d4bcba2ebc04acd5,P_03780,Jio,2024-01-01,2025-12-31,active,True
PHN_02482,8af1b6fca794c342,P_00696,Jio,2024-01-01,2025-12-31,active,True
PHN_02483,b2f1be1f747d47bb,P_04053,Airtel,2024-01-01,2025-12-31,active,True
PHN_02484,62dcc7dfefc63ca9,P_01930,Airtel,2024-01-01,2025-12-31,active,True
PHN_02485,8957267ba7fabdd6,P_03270,BSNL,2024-01-01,2025-12-31,active,True
PHN_02486,0cdcbf660eea8556,P_00052,Vi,2024-01-01,2025-12-31,active,True
PHN_02487,93f553ca929d9769,P_03685,Vi,2024-01-01,2025-12-31,active,True
PHN_02488,d9c8b1afd17680f2,P_01965,BSNL,2024-01-01,2025-12-31,active,True
PHN_02489,a7cb54e4ca8e1c16,P_02537,Jio,2024-01-01,2025-12-31,active,True
PHN_02490,a3a020a5258d85e9,P_00570,Airtel,2024-01-01,2025-12-31,active,True
PHN_02491,6e176d32ce1a4c5f,P_02857,BSNL,2024-01-01,2025-12-31,active,True
PHN_02492,367e9043315e9c4b,P_01515,BSNL,2024-01-01,2025-12-31,active,True
PHN_02493,9efef0420e726b4e,P_02088,BSNL,2024-01-01,2025-12-31,active,True
PHN_02494,a325285e02c857cc,P_01332,Jio,2024-01-01,2025-12-31,active,True
PHN_02495,9a7ae3a8d47e2404,P_01285,Vi,2024-01-01,2025-12-31,active,True
PHN_02496,b0274923d9b19427,P_01179,Airtel,2024-01-01,2025-12-31,active,True
PHN_02497,81a8ba1b578b8c62,P_00577,Vi,2024-01-01,2025-12-31,active,True
PHN_02498,d7f4340e64d06258,P_00617,Vi,2024-01-01,2025-12-31,active,True
PHN_02499,335ee5eb0ba2a65b,P_00083,Jio,2024-01-01,2025-12-31,active,True
PHN_02500,44fb9bb6a5d417c7,P_04928,Jio,2024-01-01,2025-12-31,active,True
PHN_02501,cab96d06750139ea,P_01567,Vi,2024-01-01,2025-12-31,active,True
PHN_02502,51e4d3a3de9eb2db,P_03927,BSNL,2024-01-01,2025-12-31,active,True
PHN_02503,0df6fb9a64d9e409,P_01979,Vi,2024-01-01,2025-12-31,active,True
PHN_02504,1e4b629b8ca8dbd8,P_01930,Jio,2024-01-01,2025-12-31,active,True
PHN_02505,152d578c3725b299,P_00202,BSNL,2024-01-01,2025-12-31,active,True
PHN_02506,cd4f687b07d24c79,P_01856,Airtel,2024-01-01,2025-12-31,active,True
PHN_02507,3362ac0dab313382,P_04354,BSNL,2024-01-01,2025-12-31,active,True
PHN_02508,3c63b79f56a8bf95,P_03146,Airtel,2024-01-01,2025-12-31,active,True
PHN_02509,77f8ee45c88242b6,P_02469,Jio,2024-01-01,2025-12-31,active,True
PHN_02510,4378a81a40fa66fc,P_01459,BSNL,2024-01-01,2025-12-31,active,True
PHN_02511,42bb5a55fc73df4a,P_03205,Airtel,2024-01-01,2025-12-31,active,True
PHN_02512,3e6ea7d18a369a70,P_01929,Vi,2024-01-01,2025-12-31,active,True
PHN_02513,19d716f8551d2eaa,P_04084,Vi,2024-01-01,2025-12-31,active,True
PHN_02514,a1014d9d2109dc9a,P_01495,Jio,2024-01-01,2025-12-31,active,True
PHN_02515,7c76bb2821790ef2,P_00014,Vi,2024-01-01,2025-12-31,active,True
PHN_02516,964fdfb898b95754,P_02541,Vi,2024-01-01,2025-12-31,active,True
PHN_02517,68c34c9d3683efb3,P_04511,BSNL,2024-01-01,2025-12-31,active,True
PHN_02518,781c35f28f7c83ea,P_04872,Jio,2024-01-01,2025-12-31,active,True
PHN_02519,1a97b6ac0cec6350,P_03659,Jio,2024-01-01,2025-12-31,active,True
PHN_02520,c9f67b528fab8bb5,P_03002,BSNL,2024-01-01,2025-12-31,active,True
PHN_02521,9fc896b8133dbb92,P_00115,Airtel,2024-01-01,2025-12-31,active,True
PHN_02522,db441d5bd193f54e,P_01394,BSNL,2024-01-01,2025-12-31,active,True
PHN_02523,696899af76c6fb28,P_03738,Jio,2024-01-01,2025-12-31,active,True
PHN_02524,db615a1580b80076,P_01098,Vi,2024-01-01,2025-12-31,active,True
PHN_02525,d9f779f964596dbf,P_04891,Airtel,2024-01-01,2025-12-31,active,True
PHN_02526,5b10052188dbf587,P_04704,Jio,2024-01-01,2025-12-31,active,True
PHN_02527,2d5323a20d2f0f11,P_01711,Jio,2024-01-01,2025-12-31,active,True
PHN_02528,122d82988af740d2,P_02296,Jio,2024-01-01,2025-12-31,active,True
PHN_02529,20d79cf3e49fe9e2,P_01881,BSNL,2024-01-01,2025-12-31,active,True
PHN_02530,679db1f080787da3,P_01076,Jio,2024-01-01,2025-12-31,active,True
PHN_02531,73ebdc87a27b074a,P_00449,BSNL,2024-01-01,2025-12-31,active,True
PHN_02532,556553ae5a1e630c,P_01412,Vi,2024-01-01,2025-12-31,active,True
PHN_02533,d35df09741565965,P_03671,Vi,2024-01-01,2025-12-31,active,True
PHN_02534,055d4bb3aeb93495,P_00938,BSNL,2024-01-01,2025-12-31,active,True
PHN_02535,9cc74cedaffac9df,P_01759,Jio,2024-01-01,2025-12-31,active,True
PHN_02536,57c076e31914104d,P_00457,BSNL,2024-01-01,2025-12-31,active,True
PHN_02537,eb2cbda72d8bfe82,P_01734,Jio,2024-01-01,2025-12-31,active,True
PHN_02538,b33536c4750fa775,P_01481,Vi,2024-01-01,2025-12-31,active,True
PHN_02539,a79d6d5cc4069203,P_00848,BSNL,2024-01-01,2025-12-31,active,True
PHN_02540,0839ba5070916569,P_03518,Airtel,2024-01-01,2025-12-31,active,True
PHN_02541,45eb37c83755eb1a,P_00968,BSNL,2024-01-01,2025-12-31,active,True
PHN_02542,c18450bd7b43b2bf,P_02389,Airtel,2024-01-01,2025-12-31,active,True
PHN_02543,abe73e83a3658fe3,P_00809,Airtel,2024-01-01,2025-12-31,active,True
PHN_02544,e5f0584d87a71a90,P_02030,Vi,2024-01-01,2025-12-31,active,True
PHN_02545,a5ebcc8a15360cb0,P_04602,Vi,2024-01-01,2025-12-31,active,True
PHN_02546,aa76ac791d762a03,P_03260,BSNL,2024-01-01,2025-12-31,active,True
PHN_02547,8f5c371fe5fe4aac,P_01308,Airtel,2024-01-01,2025-12-31,active,True
PHN_02548,b0d82455f0a1c7a5,P_04899,Jio,2024-01-01,2025-12-31,active,True
PHN_02549,3b2c75c87e3103d7,P_04780,Vi,2024-01-01,2025-12-31,active,True
PHN_02550,3325437d943618ca,P_02481,Vi,2024-01-01,2025-12-31,active,True
PHN_02551,a32d33790bc61e6c,P_04180,Airtel,2024-01-01,2025-12-31,active,True
PHN_02552,403c75822fed99b8,P_03597,Airtel,2024-01-01,2025-12-31,active,True
PHN_02553,9f331fc5aa0999d2,P_03702,Airtel,2024-01-01,2025-12-31,active,True
PHN_02554,d955f9c9031869c4,P_02858,Vi,2024-01-01,2025-12-31,active,True
PHN_02555,4d463cacc27e0490,P_04258,BSNL,2024-01-01,2025-12-31,active,True
PHN_02556,52670352f521c265,P_02554,BSNL,2024-01-01,2025-12-31,active,True
PHN_02557,851b1067b07d8671,P_03422,Vi,2024-01-01,2025-12-31,active,True
PHN_02558,91c25b923b81f3c9,P_02649,BSNL,2024-01-01,2025-12-31,active,True
PHN_02559,e65339201ef300fa,P_00037,Jio,2024-01-01,2025-12-31,active,True
PHN_02560,2c98e31204fddd0b,P_04594,Vi,2024-01-01,2025-12-31,active,True
PHN_02561,880c065d1451d219,P_00429,BSNL,2024-01-01,2025-12-31,active,True
PHN_02562,e145dd0905f5c9ec,P_04908,BSNL,2024-01-01,2025-12-31,active,True
PHN_02563,3775486999e95aa5,P_02343,Jio,2024-01-01,2025-12-31,active,True
PHN_02564,fa053be9a33fbae2,P_00815,Jio,2024-01-01,2025-12-31,active,True
PHN_02565,3d85dfbadaf6e4b9,P_02565,Airtel,2024-01-01,2025-12-31,active,True
PHN_02566,4026a372d350171d,P_02715,BSNL,2024-01-01,2025-12-31,active,True
PHN_02567,a4a9c9d06f7faca6,P_00023,Airtel,2024-01-01,2025-12-31,active,True
PHN_02568,7f4c4058e81f5c38,P_03480,BSNL,2024-01-01,2025-12-31,active,True
PHN_02569,8a6947d194c49cb2,P_04189,Vi,2024-01-01,2025-12-31,active,True
PHN_02570,82e91ede63d6c23d,P_00380,Jio,2024-01-01,2025-12-31,active,True
PHN_02571,5ad88232a2e1076f,P_02001,BSNL,2024-01-01,2025-12-31,active,True
PHN_02572,67f1309292c5ddab,P_00056,BSNL,2024-01-01,2025-12-31,active,True
PHN_02573,b9fbc91f56740876,P_01806,Airtel,2024-01-01,2025-12-31,active,True
PHN_02574,1a39910fa274d3ad,P_04230,Jio,2024-01-01,2025-12-31,active,True
PHN_02575,0221983ab2ff95c4,P_02471,BSNL,2024-01-01,2025-12-31,active,True
PHN_02576,23086bc9d21c1175,P_01166,Vi,2024-01-01,2025-12-31,active,True
PHN_02577,d34cf70cf62c446d,P_00001,Airtel,2024-01-01,2025-12-31,active,True
PHN_02578,2dc8537efcab8b5b,P_00227,Airtel,2024-01-01,2025-12-31,active,True
PHN_02579,8b6aa9f8c34fc62d,P_01479,Airtel,2024-01-01,2025-12-31,active,True
PHN_02580,dc9af52a0061d3e0,P_00901,Airtel,2024-01-01,2025-12-31,active,True
PHN_02581,a5731553a93081e4,P_04597,Airtel,2024-01-01,2025-12-31,active,True
PHN_02582,18a954f992e788db,P_04759,Vi,2024-01-01,2025-12-31,active,True
PHN_02583,afbc9f4d5d7a8e54,P_03132,BSNL,2024-01-01,2025-12-31,active,True
PHN_02584,f4ceba90ed181bc2,P_03097,Vi,2024-01-01,2025-12-31,active,True
PHN_02585,24562d701b4e64ad,P_00786,BSNL,2024-01-01,2025-12-31,active,True
PHN_02586,e2bb6a0c6841db33,P_02208,BSNL,2024-01-01,2025-12-31,active,True
PHN_02587,280f2eb0410f436f,P_00751,Jio,2024-01-01,2025-12-31,active,True
PHN_02588,53a2ace46514c543,P_01078,Vi,2024-01-01,2025-12-31,active,True
PHN_02589,ab813faeb9e49045,P_02308,Airtel,2024-01-01,2025-12-31,active,True
PHN_02590,b45e8860a829c7f0,P_04071,Airtel,2024-01-01,2025-12-31,active,True
PHN_02591,6642ba4186da1a76,P_01860,Vi,2024-01-01,2025-12-31,active,True
PHN_02592,b380bfcc80f32098,P_04674,Jio,2024-01-01,2025-12-31,active,True
PHN_02593,8aab11eb7bf90dd0,P_03550,Vi,2024-01-01,2025-12-31,active,True
PHN_02594,ab7810194f5ea002,P_01826,Vi,2024-01-01,2025-12-31,active,True
PHN_02595,6f1405dd83785b8a,P_01173,BSNL,2024-01-01,2025-12-31,active,True
PHN_02596,000778645cb3efb3,P_02636,Airtel,2024-01-01,2025-12-31,active,True
PHN_02597,695ea08d57cbb13b,P_00058,Jio,2024-01-01,2025-12-31,active,True
PHN_02598,52490711d4c350af,P_00539,Jio,2024-01-01,2025-12-31,active,True
PHN_02599,ed02595b34369f3e,P_04164,Vi,2024-01-01,2025-12-31,active,True
PHN_02600,12a25015697c339d,P_04712,Airtel,2024-01-01,2025-12-31,active,True
PHN_02601,9a49256a20447e76,P_00519,Jio,2024-01-01,2025-12-31,active,True
PHN_02602,9c8da7628f2a166a,P_02401,BSNL,2024-01-01,2025-12-31,active,True
PHN_02603,62bdddfefa4c2627,P_01957,BSNL,2024-01-01,2025-12-31,active,True
PHN_02604,207a560ba8440276,P_00209,Jio,2024-01-01,2025-12-31,active,True
PHN_02605,789237be0f661f05,P_00441,Jio,2024-01-01,2025-12-31,active,True
PHN_02606,bd8002bbdf188171,P_02357,BSNL,2024-01-01,2025-12-31,active,True
PHN_02607,57f6899a7f202217,P_00836,BSNL,2024-01-01,2025-12-31,active,True
PHN_02608,bfc78d49bee6110b,P_02254,Jio,2024-01-01,2025-12-31,active,True
PHN_02609,a9dcf062b918d319,P_02967,BSNL,2024-01-01,2025-12-31,active,True
PHN_02610,b237bc16ed861d6f,P_03007,Airtel,2024-01-01,2025-12-31,active,True
PHN_02611,2eb0b516a45312aa,P_02193,Vi,2024-01-01,2025-12-31,active,True
PHN_02612,8c74e8c9e984a22c,P_04919,Airtel,2024-01-01,2025-12-31,active,True
PHN_02613,33140a17ae9351c6,P_00730,Vi,2024-01-01,2025-12-31,active,True
PHN_02614,655e758bbaad57f8,P_01335,Vi,2024-01-01,2025-12-31,active,True
PHN_02615,efe8e317a6c03050,P_00736,Airtel,2024-01-01,2025-12-31,active,True
PHN_02616,6c3f0d67ebf7f554,P_04064,BSNL,2024-01-01,2025-12-31,active,True
PHN_02617,46c16153eb2ebb27,P_02626,Jio,2024-01-01,2025-12-31,active,True
PHN_02618,6e865feead995581,P_03812,BSNL,2024-01-01,2025-12-31,active,True
PHN_02619,f8209e2c1f05dcc3,P_01426,Vi,2024-01-01,2025-12-31,active,True
PHN_02620,cfefc970e9774050,P_00286,Vi,2024-01-01,2025-12-31,active,True
PHN_02621,7245557e102ac7b3,P_00979,Jio,2024-01-01,2025-12-31,active,True
PHN_02622,ab56d860514ce444,P_04967,Airtel,2024-01-01,2025-12-31,active,True
PHN_02623,b5ab92f244f85e8f,P_03752,BSNL,2024-01-01,2025-12-31,active,True
PHN_02624,e41bdf21fbc12a16,P_03817,BSNL,2024-01-01,2025-12-31,active,True
PHN_02625,e73d72429a29d737,P_04746,Jio,2024-01-01,2025-12-31,active,True
PHN_02626,02ce6a327a8594e8,P_03293,BSNL,2024-01-01,2025-12-31,active,True
PHN_02627,b851aed791806052,P_04809,Jio,2024-01-01,2025-12-31,active,True
PHN_02628,2928df748514c2ad,P_01731,Jio,2024-01-01,2025-12-31,active,True
PHN_02629,7fdeedd2ea81e038,P_01408,Vi,2024-01-01,2025-12-31,active,True
PHN_02630,4b633d8c861e67bc,P_04560,BSNL,2024-01-01,2025-12-31,active,True
PHN_02631,fff658a74b6d739b,P_04923,Vi,2024-01-01,2025-12-31,active,True
PHN_02632,548e1865634819be,P_04817,Airtel,2024-01-01,2025-12-31,active,True
PHN_02633,29cf1933931ad7eb,P_03969,Jio,2024-01-01,2025-12-31,active,True
PHN_02634,d9e6810f7abe1742,P_03353,Airtel,2024-01-01,2025-12-31,active,True
PHN_02635,38ed9bd628aabe73,P_01118,Jio,2024-01-01,2025-12-31,active,True
PHN_02636,8acebf91af679e63,P_03069,Vi,2024-01-01,2025-12-31,active,True
PHN_02637,a29ea70f120a9424,P_04900,BSNL,2024-01-01,2025-12-31,active,True
PHN_02638,395cb87996cc2bdd,P_00171,Airtel,2024-01-01,2025-12-31,active,True
PHN_02639,10bcf5eedfeec699,P_04171,Jio,2024-01-01,2025-12-31,active,True
PHN_02640,916f08f25098bbe1,P_00160,Airtel,2024-01-01,2025-12-31,active,True
PHN_02641,46879e3475213668,P_01846,Jio,2024-01-01,2025-12-31,active,True
PHN_02642,bd19c8aef1e96b17,P_01127,Vi,2024-01-01,2025-12-31,active,True
PHN_02643,8480e633b4d91fb8,P_02994,BSNL,2024-01-01,2025-12-31,active,True
PHN_02644,4f2c9475bc21a392,P_04781,Vi,2024-01-01,2025-12-31,active,True
PHN_02645,9317ca967946d3d9,P_03845,Vi,2024-01-01,2025-12-31,active,True
PHN_02646,7fd377edfab40917,P_04923,Airtel,2024-01-01,2025-12-31,active,True
PHN_02647,0a5e0bfa2d11dc83,P_04608,BSNL,2024-01-01,2025-12-31,active,True
PHN_02648,e8625935bc016e73,P_01642,BSNL,2024-01-01,2025-12-31,active,True
PHN_02649,7a645483b68a3253,P_02938,Vi,2024-01-01,2025-12-31,active,True
PHN_02650,62c542024cd85cb8,P_04852,Airtel,2024-01-01,2025-12-31,active,True
PHN_02651,19058f375c8889ad,P_04025,BSNL,2024-01-01,2025-12-31,active,True
PHN_02652,ad39f1d24cc90b9f,P_00023,Jio,2024-01-01,2025-12-31,active,True
PHN_02653,2fbc74fe8bd6bba5,P_00717,Airtel,2024-01-01,2025-12-31,active,True
PHN_02654,e57afa876fc3654c,P_01915,Vi,2024-01-01,2025-12-31,active,True
PHN_02655,01840cc183bf0937,P_01310,Airtel,2024-01-01,2025-12-31,active,True
PHN_02656,3b6af34aa030b98b,P_00769,Airtel,2024-01-01,2025-12-31,active,True
PHN_02657,9af2f134e73ae4ab,P_01364,Jio,2024-01-01,2025-12-31,active,True
PHN_02658,c7f944c6a2336979,P_03623,BSNL,2024-01-01,2025-12-31,active,True
PHN_02659,379fcc714dcecc71,P_00806,BSNL,2024-01-01,2025-12-31,active,True
PHN_02660,5e5e1b18ae02bc93,P_04219,BSNL,2024-01-01,2025-12-31,active,True
PHN_02661,e6454fc482d4656d,P_01966,BSNL,2024-01-01,2025-12-31,active,True
PHN_02662,f27d731578e00d89,P_00336,Jio,2024-01-01,2025-12-31,active,True
PHN_02663,04d79ddf8d45e7e1,P_01573,Airtel,2024-01-01,2025-12-31,active,True
PHN_02664,4110f5f7dbbd441b,P_00414,Airtel,2024-01-01,2025-12-31,active,True
PHN_02665,a71c67257cb217de,P_01484,Vi,2024-01-01,2025-12-31,active,True
PHN_02666,269c8afd0f2faae7,P_02358,Vi,2024-01-01,2025-12-31,active,True
PHN_02667,493b424a04bbf15d,P_01960,Jio,2024-01-01,2025-12-31,active,True
PHN_02668,e19456889fe38f75,P_04946,Jio,2024-01-01,2025-12-31,active,True
PHN_02669,6d40e87abc6bc168,P_03403,Vi,2024-01-01,2025-12-31,active,True
PHN_02670,e7accc2f02ecc62a,P_03898,Jio,2024-01-01,2025-12-31,active,True
PHN_02671,c56b500b6b20834a,P_02432,Vi,2024-01-01,2025-12-31,active,True
PHN_02672,b6330d8622fb35d4,P_04844,Jio,2024-01-01,2025-12-31,active,True
PHN_02673,76631367cd124637,P_01527,Vi,2024-01-01,2025-12-31,active,True
PHN_02674,b8c097d7e73b8c0c,P_01345,Vi,2024-01-01,2025-12-31,active,True
PHN_02675,ba92c77a9329c089,P_00799,Jio,2024-01-01,2025-12-31,active,True
PHN_02676,2248bccfce9624ac,P_01020,Airtel,2024-01-01,2025-12-31,active,True
PHN_02677,eebdbeb1bd48e8fb,P_00784,BSNL,2024-01-01,2025-12-31,active,True
PHN_02678,78190c7331a3552c,P_04129,Airtel,2024-01-01,2025-12-31,active,True
PHN_02679,8ee4c29ab252cad9,P_02157,Airtel,2024-01-01,2025-12-31,active,True
PHN_02680,21a06bde108509b2,P_00486,BSNL,2024-01-01,2025-12-31,active,True
PHN_02681,d89852b50b6d961c,P_04702,Vi,2024-01-01,2025-12-31,active,True
PHN_02682,191a29fabb302a6a,P_00745,Airtel,2024-01-01,2025-12-31,active,True
PHN_02683,10e43873d89a9b5c,P_01827,Vi,2024-01-01,2025-12-31,active,True
PHN_02684,92f4e3ab8f9adeb3,P_04361,Airtel,2024-01-01,2025-12-31,active,True
PHN_02685,ee6dde2b67b1f0f3,P_03347,Airtel,2024-01-01,2025-12-31,active,True
PHN_02686,2819e42f29f239d0,P_01330,Jio,2024-01-01,2025-12-31,active,True
PHN_02687,32d657e71c5cab8b,P_02742,BSNL,2024-01-01,2025-12-31,active,True
PHN_02688,3247ce9b83e84ed0,P_03428,Vi,2024-01-01,2025-12-31,active,True
PHN_02689,320cd083a02b3a04,P_02406,Airtel,2024-01-01,2025-12-31,active,True
PHN_02690,9601ff5b685a3ecd,P_00667,BSNL,2024-01-01,2025-12-31,active,True
PHN_02691,da773f5a56f3059a,P_03701,Jio,2024-01-01,2025-12-31,active,True
PHN_02692,661ba6298d5bda24,P_03417,Jio,2024-01-01,2025-12-31,active,True
PHN_02693,8570a2620afb13f9,P_04308,Jio,2024-01-01,2025-12-31,active,True
PHN_02694,e26f3070bbb01acd,P_01088,Jio,2024-01-01,2025-12-31,active,True
PHN_02695,159dc59ac6486e75,P_03745,BSNL,2024-01-01,2025-12-31,active,True
PHN_02696,e04eb12f9e9000b3,P_03545,Vi,2024-01-01,2025-12-31,active,True
PHN_02697,d4c8ff3fa34d9322,P_01746,Airtel,2024-01-01,2025-12-31,active,True
PHN_02698,e916e9bacde5c0ed,P_04711,Jio,2024-01-01,2025-12-31,active,True
PHN_02699,b1c24efb001b592c,P_02057,Jio,2024-01-01,2025-12-31,active,True
PHN_02700,21648104076a4e07,P_00823,Airtel,2024-01-01,2025-12-31,active,True
PHN_02701,4b6f2e41e262a97f,P_02267,BSNL,2024-01-01,2025-12-31,active,True
PHN_02702,fd446ab6689a0922,P_04035,Vi,2024-01-01,2025-12-31,active,True
PHN_02703,28defe0fe586e3ea,P_00222,Airtel,2024-01-01,2025-12-31,active,True
PHN_02704,72063b8bb77063e6,P_04616,Vi,2024-01-01,2025-12-31,active,True
PHN_02705,50654b233f406a5a,P_04264,Vi,2024-01-01,2025-12-31,active,True
PHN_02706,e44e83cd759ebcb1,P_02917,Vi,2024-01-01,2025-12-31,active,True
PHN_02707,8285f07818e3018f,P_04865,Airtel,2024-01-01,2025-12-31,active,True
PHN_02708,e780fa1c20051b7c,P_02882,BSNL,2024-01-01,2025-12-31,active,True
PHN_02709,b6d3084689fe2a05,P_01202,Jio,2024-01-01,2025-12-31,active,True
PHN_02710,57928e5362305e0f,P_02415,Vi,2024-01-01,2025-12-31,active,True
PHN_02711,e5979b2f482a74d4,P_02512,Jio,2024-01-01,2025-12-31,active,True
PHN_02712,649297264d4e17d1,P_03669,BSNL,2024-01-01,2025-12-31,active,True
PHN_02713,a6115e4b8a58c655,P_01892,Vi,2024-01-01,2025-12-31,active,True
PHN_02714,991855a69f191583,P_04808,Vi,2024-01-01,2025-12-31,active,True
PHN_02715,24459144fe33ad40,P_03148,Jio,2024-01-01,2025-12-31,active,True
PHN_02716,55b3b152aab1e10b,P_02371,Vi,2024-01-01,2025-12-31,active,True
PHN_02717,b43a60fd04295422,P_02048,Vi,2024-01-01,2025-12-31,active,True
PHN_02718,5437c388b75c8cd0,P_03974,Jio,2024-01-01,2025-12-31,active,True
PHN_02719,ed59b083c02c438c,P_02444,Airtel,2024-01-01,2025-12-31,active,True
PHN_02720,0f9aed378ea437a1,P_02598,BSNL,2024-01-01,2025-12-31,active,True
PHN_02721,e207142863dba964,P_02490,Vi,2024-01-01,2025-12-31,active,True
PHN_02722,b605a46b7516f4ab,P_00141,Airtel,2024-01-01,2025-12-31,active,True
PHN_02723,fc14bd762202ffab,P_00204,Airtel,2024-01-01,2025-12-31,active,True
PHN_02724,a83a797b65db95c1,P_00674,Vi,2024-01-01,2025-12-31,active,True
PHN_02725,8d9312c6e877f627,P_01272,Airtel,2024-01-01,2025-12-31,active,True
PHN_02726,d1a8f3383ff7ad2b,P_04883,Airtel,2024-01-01,2025-12-31,active,True
PHN_02727,67d92ca79d56e537,P_03579,BSNL,2024-01-01,2025-12-31,active,True
PHN_02728,62ab4e09e7dafe26,P_02788,Airtel,2024-01-01,2025-12-31,active,True
PHN_02729,8fb98a186b351b0d,P_01759,BSNL,2024-01-01,2025-12-31,active,True
PHN_02730,d558960fcfb3fb56,P_03963,BSNL,2024-01-01,2025-12-31,active,True
PHN_02731,88b6795cc034f18e,P_01000,Vi,2024-01-01,2025-12-31,active,True
PHN_02732,b7315743e25a4350,P_01242,Vi,2024-01-01,2025-12-31,active,True
PHN_02733,b2e43998be2cf94c,P_00947,Vi,2024-01-01,2025-12-31,active,True
PHN_02734,0f92dc3e4d3368db,P_00013,Airtel,2024-01-01,2025-12-31,active,True
PHN_02735,38f169792b22802b,P_02302,Airtel,2024-01-01,2025-12-31,active,True
PHN_02736,5d86e0a5231e0784,P_02408,Airtel,2024-01-01,2025-12-31,active,True
PHN_02737,7829cb8a3b6d4de8,P_01479,BSNL,2024-01-01,2025-12-31,active,True
PHN_02738,2abe0d76d43efd07,P_01198,BSNL,2024-01-01,2025-12-31,active,True
PHN_02739,ac1e46f7e8388324,P_02486,BSNL,2024-01-01,2025-12-31,active,True
PHN_02740,6294c33e7c6eeb0c,P_02831,BSNL,2024-01-01,2025-12-31,active,True
PHN_02741,42d07c677ddcd99a,P_00404,BSNL,2024-01-01,2025-12-31,active,True
PHN_02742,75e1be44ec5ce9d2,P_01936,Airtel,2024-01-01,2025-12-31,active,True
PHN_02743,da91614ad234d49f,P_04881,BSNL,2024-01-01,2025-12-31,active,True
PHN_02744,2a19c2df54e59f7a,P_03736,Airtel,2024-01-01,2025-12-31,active,True
PHN_02745,089e7eade3cba107,P_03055,Jio,2024-01-01,2025-12-31,active,True
PHN_02746,30a9ffac32e27009,P_00006,Vi,2024-01-01,2025-12-31,active,True
PHN_02747,ea89a8ead30668fe,P_04434,BSNL,2024-01-01,2025-12-31,active,True
PHN_02748,fa87b7860ca07afb,P_02996,Airtel,2024-01-01,2025-12-31,active,True
PHN_02749,b9f071c42f0a2307,P_03401,Airtel,2024-01-01,2025-12-31,active,True
PHN_02750,3303ebc77da64e8a,P_00718,Vi,2024-01-01,2025-12-31,active,True
PHN_02751,f6adc3b6e60b069c,P_03028,Jio,2024-01-01,2025-12-31,active,True
PHN_02752,cefca2451d24fc2c,P_04562,Vi,2024-01-01,2025-12-31,active,True
PHN_02753,eec9c06701a2e3a2,P_04253,Jio,2024-01-01,2025-12-31,active,True
PHN_02754,307a03b97e377099,P_04420,Jio,2024-01-01,2025-12-31,active,True
PHN_02755,b2eeb349cc1da405,P_04929,Vi,2024-01-01,2025-12-31,active,True
PHN_02756,0cb11fb82cef1d3b,P_01486,Jio,2024-01-01,2025-12-31,active,True
PHN_02757,3367fe0d9e5eaf25,P_04167,Airtel,2024-01-01,2025-12-31,active,True
PHN_02758,aaaf18d082a4816e,P_02386,Jio,2024-01-01,2025-12-31,active,True
PHN_02759,767e0fc5b2543d60,P_03373,Airtel,2024-01-01,2025-12-31,active,True
PHN_02760,a4e8740bc52a64ee,P_01643,Vi,2024-01-01,2025-12-31,active,True
PHN_02761,315486596c032fd1,P_02781,Vi,2024-01-01,2025-12-31,active,True
PHN_02762,50cc0fca447c888d,P_01602,Vi,2024-01-01,2025-12-31,active,True
PHN_02763,5079703a06dc1c67,P_04619,Jio,2024-01-01,2025-12-31,active,True
PHN_02764,c4aa3b68ca0a4def,P_04881,Airtel,2024-01-01,2025-12-31,active,True
PHN_02765,04e75b8bce3cd13c,P_00104,Jio,2024-01-01,2025-12-31,active,True
PHN_02766,c9f966e7330424b9,P_04630,Airtel,2024-01-01,2025-12-31,active,True
PHN_02767,2ecc499c4a0dde6d,P_02433,Vi,2024-01-01,2025-12-31,active,True
PHN_02768,574c2cae4806fac9,P_01606,Jio,2024-01-01,2025-12-31,active,True
PHN_02769,f5d38becf938e2f5,P_00201,Jio,2024-01-01,2025-12-31,active,True
PHN_02770,6285e84a9f224469,P_03765,Jio,2024-01-01,2025-12-31,active,True
PHN_02771,b354a3f57d0b3fb6,P_03082,Airtel,2024-01-01,2025-12-31,active,True
PHN_02772,1c0bd9146d04eb60,P_01096,Airtel,2024-01-01,2025-12-31,active,True
PHN_02773,032819c8c30565e8,P_00032,BSNL,2024-01-01,2025-12-31,active,True
PHN_02774,d609bdebb9fa9a7d,P_01399,Vi,2024-01-01,2025-12-31,active,True
PHN_02775,1c7054beaedd7bf1,P_03934,Airtel,2024-01-01,2025-12-31,active,True
PHN_02776,37ad46d7dceffd5d,P_04693,BSNL,2024-01-01,2025-12-31,active,True
PHN_02777,8e39208f56e26157,P_00974,Jio,2024-01-01,2025-12-31,active,True
PHN_02778,06b771838715bddc,P_01369,BSNL,2024-01-01,2025-12-31,active,True
PHN_02779,aca7bc73d3e37b88,P_04018,BSNL,2024-01-01,2025-12-31,active,True
PHN_02780,5e68ffc33f01cd29,P_04917,Jio,2024-01-01,2025-12-31,active,True
PHN_02781,dc244abeb94c81c4,P_01201,Jio,2024-01-01,2025-12-31,active,True
PHN_02782,b3cb4924fa2e095a,P_04661,Airtel,2024-01-01,2025-12-31,active,True
PHN_02783,32ddd2251c3b6d1e,P_03857,Vi,2024-01-01,2025-12-31,active,True
PHN_02784,0320526a3a4cbc70,P_02431,Vi,2024-01-01,2025-12-31,active,True
PHN_02785,dc6105ebf14e1099,P_01446,BSNL,2024-01-01,2025-12-31,active,True
PHN_02786,d649f6c996c7d460,P_03145,Jio,2024-01-01,2025-12-31,active,True
PHN_02787,d2982afd5739ca0b,P_02914,Airtel,2024-01-01,2025-12-31,active,True
PHN_02788,b580adca3bc37ae5,P_00699,BSNL,2024-01-01,2025-12-31,active,True
PHN_02789,eca77cbfaeeb159a,P_04135,Vi,2024-01-01,2025-12-31,active,True
PHN_02790,f0df54b0fbd4731f,P_00875,BSNL,2024-01-01,2025-12-31,active,True
PHN_02791,3a8fd90aaff656d3,P_02936,Jio,2024-01-01,2025-12-31,active,True
PHN_02792,29496273db8e062d,P_04478,Jio,2024-01-01,2025-12-31,active,True
PHN_02793,8796578f14925633,P_03051,Vi,2024-01-01,2025-12-31,active,True
PHN_02794,632ada53c95cce3d,P_00171,BSNL,2024-01-01,2025-12-31,active,True
PHN_02795,e2f7cf651c02b5d5,P_03585,Jio,2024-01-01,2025-12-31,active,True
PHN_02796,3394660e64ef7a46,P_00960,Airtel,2024-01-01,2025-12-31,active,True
PHN_02797,5f7840482d28a8a8,P_01821,BSNL,2024-01-01,2025-12-31,active,True
PHN_02798,7620ee40e455baa0,P_01128,BSNL,2024-01-01,2025-12-31,active,True
PHN_02799,00afd99f50cd3a85,P_03014,Jio,2024-01-01,2025-12-31,active,True
PHN_02800,e1f8350e0cc59c04,P_00276,Airtel,2024-01-01,2025-12-31,active,True
PHN_02801,587f19381b0bbe7f,P_03162,Vi,2024-01-01,2025-12-31,active,True
PHN_02802,f4197a7376fbb2d6,P_03863,Airtel,2024-01-01,2025-12-31,active,True
PHN_02803,269f1f6362ef6392,P_04798,Airtel,2024-01-01,2025-12-31,active,True
PHN_02804,488b762b6c905f4d,P_04091,BSNL,2024-01-01,2025-12-31,active,True
PHN_02805,3ef440dc988d8459,P_00747,Vi,2024-01-01,2025-12-31,active,True
PHN_02806,d9d2e1cbd343b7e4,P_03000,Jio,2024-01-01,2025-12-31,active,True
PHN_02807,b8851c8800b0fba5,P_03182,Jio,2024-01-01,2025-12-31,active,True
PHN_02808,6f58c81296d312f4,P_01445,Airtel,2024-01-01,2025-12-31,active,True
PHN_02809,172b55f30759a136,P_04852,Airtel,2024-01-01,2025-12-31,active,True
PHN_02810,4547daf2f81c365a,P_01573,Airtel,2024-01-01,2025-12-31,active,True
PHN_02811,eff7b3a7d53f6ff5,P_03888,Vi,2024-01-01,2025-12-31,active,True
PHN_02812,f38ba96c0cc15a32,P_00928,Airtel,2024-01-01,2025-12-31,active,True
PHN_02813,257995de9d5be8f8,P_04881,Jio,2024-01-01,2025-12-31,active,True
PHN_02814,5ab0f9af43344083,P_01685,Jio,2024-01-01,2025-12-31,active,True
PHN_02815,b132e3d8901ca66e,P_01264,Airtel,2024-01-01,2025-12-31,active,True
PHN_02816,eda6840d994f1942,P_01905,Jio,2024-01-01,2025-12-31,active,True
PHN_02817,82b7861a7994667f,P_02974,BSNL,2024-01-01,2025-12-31,active,True
PHN_02818,37f697fd9df78a80,P_03723,Airtel,2024-01-01,2025-12-31,active,True
PHN_02819,b437461af03d5aea,P_02871,Airtel,2024-01-01,2025-12-31,active,True
PHN_02820,6fa0fd3a21045acc,P_04717,Vi,2024-01-01,2025-12-31,active,True
PHN_02821,4695928cc02613e5,P_02353,Vi,2024-01-01,2025-12-31,active,True
PHN_02822,aa9e838acd193ef1,P_02331,BSNL,2024-01-01,2025-12-31,active,True
PHN_02823,20e0505b4709535f,P_01824,BSNL,2024-01-01,2025-12-31,active,True
PHN_02824,044254ab9ff73119,P_04931,Vi,2024-01-01,2025-12-31,active,True
PHN_02825,a97753b8538afcf0,P_03036,Jio,2024-01-01,2025-12-31,active,True
PHN_02826,8d001c0a75a88f89,P_01691,Vi,2024-01-01,2025-12-31,active,True
PHN_02827,e247d802476fa5ba,P_01846,Vi,2024-01-01,2025-12-31,active,True
PHN_02828,cc50ce78caab7ded,P_01299,BSNL,2024-01-01,2025-12-31,active,True
PHN_02829,ec8a8dfdc4fc9d8e,P_01305,BSNL,2024-01-01,2025-12-31,active,True
PHN_02830,d6be545a06c49bc3,P_03475,BSNL,2024-01-01,2025-12-31,active,True
PHN_02831,536adbec79297370,P_01030,BSNL,2024-01-01,2025-12-31,active,True
PHN_02832,4f9e37ac5dca234d,P_03948,Jio,2024-01-01,2025-12-31,active,True
PHN_02833,42d4d77324570fd3,P_04135,BSNL,2024-01-01,2025-12-31,active,True
PHN_02834,9e711f7e3f6faf39,P_04818,Vi,2024-01-01,2025-12-31,active,True
PHN_02835,5f4dba2fc3fd2450,P_02914,Airtel,2024-01-01,2025-12-31,active,True
PHN_02836,0ff7b0d866eb4ce9,P_01170,Airtel,2024-01-01,2025-12-31,active,True
PHN_02837,f50033b444efbb51,P_00355,BSNL,2024-01-01,2025-12-31,active,True
PHN_02838,0f83a494e2ccb4bf,P_02184,Vi,2024-01-01,2025-12-31,active,True
PHN_02839,77e7e9f75d6ff636,P_02416,BSNL,2024-01-01,2025-12-31,active,True
PHN_02840,da54347413a2c88e,P_04458,BSNL,2024-01-01,2025-12-31,active,True
PHN_02841,ba2a5c251c7c4e11,P_02275,BSNL,2024-01-01,2025-12-31,active,True
PHN_02842,8c2a9452c525517a,P_00681,BSNL,2024-01-01,2025-12-31,active,True
PHN_02843,df1d8fd4a74cb052,P_00328,Airtel,2024-01-01,2025-12-31,active,True
PHN_02844,e9d491b30b99c3a6,P_02425,BSNL,2024-01-01,2025-12-31,active,True
PHN_02845,f6f89438ca172e7f,P_01820,Jio,2024-01-01,2025-12-31,active,True
PHN_02846,06861d431c385dda,P_03508,Jio,2024-01-01,2025-12-31,active,True
PHN_02847,f15b10b5632f6e67,P_02851,Vi,2024-01-01,2025-12-31,active,True
PHN_02848,71310daefe035c8b,P_01922,Vi,2024-01-01,2025-12-31,active,True
PHN_02849,15561f1e2f7de548,P_01517,Jio,2024-01-01,2025-12-31,active,True
PHN_02850,c625d1200eacb519,P_02605,Airtel,2024-01-01,2025-12-31,active,True
PHN_02851,d527ead592895f87,P_02138,Jio,2024-01-01,2025-12-31,active,True
PHN_02852,155a71cbeabf3f0e,P_02846,Vi,2024-01-01,2025-12-31,active,True
PHN_02853,57db8b0858b7b964,P_01751,BSNL,2024-01-01,2025-12-31,active,True
PHN_02854,f061c51003e86154,P_00499,BSNL,2024-01-01,2025-12-31,active,True
PHN_02855,d5ddbad4aab99759,P_04086,Airtel,2024-01-01,2025-12-31,active,True
PHN_02856,732cb6cc6565ed9a,P_02773,Vi,2024-01-01,2025-12-31,active,True
PHN_02857,42aaebc0c8c0344c,P_02886,Airtel,2024-01-01,2025-12-31,active,True
PHN_02858,4641b2db0ea8497e,P_03500,Vi,2024-01-01,2025-12-31,active,True
PHN_02859,fd43899d92476bbf,P_02202,BSNL,2024-01-01,2025-12-31,active,True
PHN_02860,530b0ff752fbef6f,P_03057,BSNL,2024-01-01,2025-12-31,active,True
PHN_02861,e40f1469c456a91b,P_04706,BSNL,2024-01-01,2025-12-31,active,True
PHN_02862,70687385a69567d4,P_02178,Vi,2024-01-01,2025-12-31,active,True
PHN_02863,032e2c8d0b09c31b,P_02444,Jio,2024-01-01,2025-12-31,active,True
PHN_02864,057ecd1efe7fdc1e,P_02033,BSNL,2024-01-01,2025-12-31,active,True
PHN_02865,ab6a2757e8b59aeb,P_04440,BSNL,2024-01-01,2025-12-31,active,True
PHN_02866,4d33c9cc347917c7,P_02676,Vi,2024-01-01,2025-12-31,active,True
PHN_02867,e017a51d199ddefa,P_04794,Vi,2024-01-01,2025-12-31,active,True
PHN_02868,5b1bbaf94e6c4f74,P_00506,BSNL,2024-01-01,2025-12-31,active,True
PHN_02869,d1c24a3f8120a5a2,P_03943,Vi,2024-01-01,2025-12-31,active,True
PHN_02870,8e6e9dd92c760670,P_01906,Jio,2024-01-01,2025-12-31,active,True
PHN_02871,30b44051f2f06f22,P_02733,Jio,2024-01-01,2025-12-31,active,True
PHN_02872,d15967f1a6e7f539,P_04047,BSNL,2024-01-01,2025-12-31,active,True
PHN_02873,98825e6e3a6feabf,P_04376,Vi,2024-01-01,2025-12-31,active,True
PHN_02874,c5457d77e4fd22b5,P_03057,Jio,2024-01-01,2025-12-31,active,True
PHN_02875,5c5ceb4bd91dcd69,P_04936,Airtel,2024-01-01,2025-12-31,active,True
PHN_02876,6c7b739de92e950a,P_02370,BSNL,2024-01-01,2025-12-31,active,True
PHN_02877,19f16f99a5d8d68c,P_00582,Airtel,2024-01-01,2025-12-31,active,True
PHN_02878,cdc7e0158be7caa2,P_03803,Airtel,2024-01-01,2025-12-31,active,True
PHN_02879,b47d5c4cdb937634,P_01773,Jio,2024-01-01,2025-12-31,active,True
PHN_02880,73de5e6d34004a7a,P_00167,Airtel,2024-01-01,2025-12-31,active,True
PHN_02881,dbba48399ccc1463,P_03016,BSNL,2024-01-01,2025-12-31,active,True
PHN_02882,6c98158c5298b91a,P_01561,Jio,2024-01-01,2025-12-31,active,True
PHN_02883,a241dbe6633b981a,P_04584,Vi,2024-01-01,2025-12-31,active,True
PHN_02884,a2f1dacb725235ea,P_03707,Vi,2024-01-01,2025-12-31,active,True
PHN_02885,4d38d3a91d51441b,P_01671,Jio,2024-01-01,2025-12-31,active,True
PHN_02886,619a03184dbff3e5,P_04610,BSNL,2024-01-01,2025-12-31,active,True
PHN_02887,c6174d3dfd2b2327,P_00626,Jio,2024-01-01,2025-12-31,active,True
PHN_02888,7dca40398871430f,P_00534,Vi,2024-01-01,2025-12-31,active,True
PHN_02889,cc17660f42a57f48,P_03338,Jio,2024-01-01,2025-12-31,active,True
PHN_02890,11de4d9a46219986,P_03952,Vi,2024-01-01,2025-12-31,active,True
PHN_02891,1b147a7d340b2407,P_00582,Jio,2024-01-01,2025-12-31,active,True
PHN_02892,c29c90ae28989e74,P_01732,BSNL,2024-01-01,2025-12-31,active,True
PHN_02893,513d78ce5b260344,P_02688,Jio,2024-01-01,2025-12-31,active,True
PHN_02894,403d746f45461778,P_03176,Airtel,2024-01-01,2025-12-31,active,True
PHN_02895,15434b02c665945d,P_01260,Vi,2024-01-01,2025-12-31,active,True
PHN_02896,b552af2e7de2be8c,P_00327,Jio,2024-01-01,2025-12-31,active,True
PHN_02897,bfc5c04ebba899ca,P_03737,Airtel,2024-01-01,2025-12-31,active,True
PHN_02898,3e454dce57e3e0e3,P_00278,BSNL,2024-01-01,2025-12-31,active,True
PHN_02899,4e27c2f5eba00980,P_00230,BSNL,2024-01-01,2025-12-31,active,True
PHN_02900,7df1874b11101763,P_00831,Vi,2024-01-01,2025-12-31,active,True
PHN_02901,7089149d06289c3b,P_03376,Jio,2024-01-01,2025-12-31,active,True
PHN_02902,a1ab57e2e3be251e,P_04522,BSNL,2024-01-01,2025-12-31,active,True
PHN_02903,8f0bc63d2d2e763b,P_01918,Airtel,2024-01-01,2025-12-31,active,True
PHN_02904,5ba28ebe793e6ca7,P_00865,Airtel,2024-01-01,2025-12-31,active,True
PHN_02905,a8f9a1c07904960d,P_03666,Airtel,2024-01-01,2025-12-31,active,True
PHN_02906,b5fa9961c55601da,P_04113,BSNL,2024-01-01,2025-12-31,active,True
PHN_02907,2af1ef2eb2d8b8a8,P_00388,Jio,2024-01-01,2025-12-31,active,True
PHN_02908,0116f440cbbfb5ee,P_00133,BSNL,2024-01-01,2025-12-31,active,True
PHN_02909,8ebf55949ca9ab6b,P_03856,Jio,2024-01-01,2025-12-31,active,True
PHN_02910,fd7b74d033f9a58e,P_00014,BSNL,2024-01-01,2025-12-31,active,True
PHN_02911,55719e62c3e0b4e5,P_00451,Airtel,2024-01-01,2025-12-31,active,True
PHN_02912,c180d69e0890d294,P_01084,BSNL,2024-01-01,2025-12-31,active,True
PHN_02913,429649d1914b5cc9,P_03124,Jio,2024-01-01,2025-12-31,active,True
PHN_02914,17e3cdbd5437efcd,P_03096,Jio,2024-01-01,2025-12-31,active,True
PHN_02915,99d4974ffa78fe33,P_04411,Airtel,2024-01-01,2025-12-31,active,True
PHN_02916,183b25264135f6cb,P_03718,Jio,2024-01-01,2025-12-31,active,True
PHN_02917,0143ee02447be75d,P_04189,Jio,2024-01-01,2025-12-31,active,True
PHN_02918,e77731922d2ac7ef,P_00822,Airtel,2024-01-01,2025-12-31,active,True
PHN_02919,01e8b745d5ad8977,P_01151,Jio,2024-01-01,2025-12-31,active,True
PHN_02920,2326d462aca1f56c,P_01387,Airtel,2024-01-01,2025-12-31,active,True
PHN_02921,57f13e6ce3f80fe4,P_00343,Jio,2024-01-01,2025-12-31,active,True
PHN_02922,ee7060bb84b690fb,P_00293,Jio,2024-01-01,2025-12-31,active,True
PHN_02923,1a9f27e33d7c8e4d,P_04070,BSNL,2024-01-01,2025-12-31,active,True
PHN_02924,0e0bb36b25694658,P_04640,Vi,2024-01-01,2025-12-31,active,True
PHN_02925,6a4ad72c1915fe1b,P_04818,Jio,2024-01-01,2025-12-31,active,True
PHN_02926,b131108c4ceaf257,P_03130,BSNL,2024-01-01,2025-12-31,active,True
PHN_02927,3f7418ac58f38dae,P_04341,Jio,2024-01-01,2025-12-31,active,True
PHN_02928,f3385b7cd18841c8,P_00325,Vi,2024-01-01,2025-12-31,active,True
PHN_02929,ba6418702ed7b7b6,P_02046,Jio,2024-01-01,2025-12-31,active,True
PHN_02930,97a4f3b8ef603fe0,P_03487,Airtel,2024-01-01,2025-12-31,active,True
PHN_02931,9e158e46507f7903,P_04577,Airtel,2024-01-01,2025-12-31,active,True
PHN_02932,27e2f30d429df871,P_02973,BSNL,2024-01-01,2025-12-31,active,True
PHN_02933,4872e3f36c1689e6,P_02156,Vi,2024-01-01,2025-12-31,active,True
PHN_02934,2680149e8a6b4777,P_04249,BSNL,2024-01-01,2025-12-31,active,True
PHN_02935,16f6d615101eb109,P_00996,BSNL,2024-01-01,2025-12-31,active,True
PHN_02936,59137c95958e19d9,P_01195,Jio,2024-01-01,2025-12-31,active,True
PHN_02937,2f6b4b8df79507f7,P_03971,Airtel,2024-01-01,2025-12-31,active,True
PHN_02938,0e4a3c8199f805c6,P_02677,Vi,2024-01-01,2025-12-31,active,True
PHN_02939,6583d4d152e24599,P_04875,Vi,2024-01-01,2025-12-31,active,True
PHN_02940,cdc3b74e7572f1ad,P_02678,Airtel,2024-01-01,2025-12-31,active,True
PHN_02941,76a37afb79f5b1c6,P_02305,Jio,2024-01-01,2025-12-31,active,True
PHN_02942,6c7bdfdf748fd5f9,P_04342,Airtel,2024-01-01,2025-12-31,active,True
PHN_02943,ae38026b72750897,P_02668,Jio,2024-01-01,2025-12-31,active,True
PHN_02944,88db7e978c6bea5f,P_02715,Vi,2024-01-01,2025-12-31,active,True
PHN_02945,0769a44a1a0787b9,P_02693,Airtel,2024-01-01,2025-12-31,active,True
PHN_02946,84a83a3460a0df1d,P_02460,Vi,2024-01-01,2025-12-31,active,True
PHN_02947,54654ee034803509,P_01134,Airtel,2024-01-01,2025-12-31,active,True
PHN_02948,f57847030f4b9fad,P_02056,Airtel,2024-01-01,2025-12-31,active,True
PHN_02949,2c2630136ffd0fa4,P_01861,BSNL,2024-01-01,2025-12-31,active,True
PHN_02950,ebdedb2be960d1c0,P_02625,BSNL,2024-01-01,2025-12-31,active,True
PHN_02951,1a3184066504b028,P_04174,Airtel,2024-01-01,2025-12-31,active,True
PHN_02952,2f4f581e66d41f7e,P_01259,Airtel,2024-01-01,2025-12-31,active,True
PHN_02953,276bc35eab234b0d,P_00137,Jio,2024-01-01,2025-12-31,active,True
PHN_02954,7d99796c7d3e4c98,P_01691,Airtel,2024-01-01,2025-12-31,active,True
PHN_02955,79b8f482154a9003,P_00118,Jio,2024-01-01,2025-12-31,active,True
PHN_02956,5aabf9f8a929b216,P_04389,BSNL,2024-01-01,2025-12-31,active,True
PHN_02957,bdd61121bcd5e80b,P_03485,Vi,2024-01-01,2025-12-31,active,True
PHN_02958,2136937659dd4081,P_02517,Airtel,2024-01-01,2025-12-31,active,True
PHN_02959,90a1862d1db2b77d,P_01458,BSNL,2024-01-01,2025-12-31,active,True
PHN_02960,a86516d569ab30a5,P_04544,BSNL,2024-01-01,2025-12-31,active,True
PHN_02961,85bd88c504e96740,P_01600,Jio,2024-01-01,2025-12-31,active,True
PHN_02962,c03a6ce2adc2de48,P_00360,BSNL,2024-01-01,2025-12-31,active,True
PHN_02963,46691c9973a22bf3,P_01888,BSNL,2024-01-01,2025-12-31,active,True
PHN_02964,daddb915b88717a9,P_03420,BSNL,2024-01-01,2025-12-31,active,True
PHN_02965,3d08fac686ced2b2,P_03580,BSNL,2024-01-01,2025-12-31,active,True
PHN_02966,81d15c1f6029d91d,P_00260,Airtel,2024-01-01,2025-12-31,active,True
PHN_02967,1732fd1243c7d6cc,P_04987,Vi,2024-01-01,2025-12-31,active,True
PHN_02968,9422474e2c82aabe,P_04997,Jio,2024-01-01,2025-12-31,active,True
PHN_02969,ac36682ea0d9a898,P_00341,BSNL,2024-01-01,2025-12-31,active,True
PHN_02970,9aff42fb7e313ac4,P_01008,Vi,2024-01-01,2025-12-31,active,True
PHN_02971,b2e433ce717016a7,P_04878,Vi,2024-01-01,2025-12-31,active,True
PHN_02972,3012362897ca24f5,P_02628,Vi,2024-01-01,2025-12-31,active,True
PHN_02973,4df1b1319648686c,P_02044,Vi,2024-01-01,2025-12-31,active,True
PHN_02974,a5566d0211a0a90a,P_03833,Jio,2024-01-01,2025-12-31,active,True
PHN_02975,3e0d457b3e62552c,P_02057,BSNL,2024-01-01,2025-12-31,active,True
PHN_02976,fa0570037ab9edec,P_00912,Airtel,2024-01-01,2025-12-31,active,True
PHN_02977,ef590d2129dadf23,P_02135,BSNL,2024-01-01,2025-12-31,active,True
PHN_02978,ec97af1a59060ea4,P_04209,Airtel,2024-01-01,2025-12-31,active,True
PHN_02979,e2629e6c67b68a49,P_01430,BSNL,2024-01-01,2025-12-31,active,True
PHN_02980,5221bd9ae6c1ad56,P_01762,Airtel,2024-01-01,2025-12-31,active,True
PHN_02981,82d18d2d6ade1806,P_03838,BSNL,2024-01-01,2025-12-31,active,True
PHN_02982,84e06426d23cd99e,P_02625,Vi,2024-01-01,2025-12-31,active,True
PHN_02983,d4b884c502c3a86b,P_01050,Vi,2024-01-01,2025-12-31,active,True
PHN_02984,207c7613c4c7da21,P_04867,BSNL,2024-01-01,2025-12-31,active,True
PHN_02985,8f9ecab1b77d9b1c,P_02502,Vi,2024-01-01,2025-12-31,active,True
PHN_02986,1146c19a808f5ac3,P_00481,Jio,2024-01-01,2025-12-31,active,True
PHN_02987,3e2f045eca3bdcbd,P_00229,Jio,2024-01-01,2025-12-31,active,True
PHN_02988,58429cad3fceb33c,P_02008,BSNL,2024-01-01,2025-12-31,active,True
PHN_02989,d701fcd54b09aaf5,P_03406,Vi,2024-01-01,2025-12-31,active,True
PHN_02990,1dba807457dede36,P_02942,Airtel,2024-01-01,2025-12-31,active,True
PHN_02991,ecd2a0db296036aa,P_01762,Airtel,2024-01-01,2025-12-31,active,True
PHN_02992,334aeb9f266886da,P_02504,Airtel,2024-01-01,2025-12-31,active,True
PHN_02993,a519fef94df5fecc,P_01789,BSNL,2024-01-01,2025-12-31,active,True
PHN_02994,ac467cc188a9131d,P_03418,Airtel,2024-01-01,2025-12-31,active,True
PHN_02995,b057e28e0700ec43,P_01086,BSNL,2024-01-01,2025-12-31,active,True
PHN_02996,16fe99ca42216ea5,P_02989,Vi,2024-01-01,2025-12-31,active,True
PHN_02997,107d0f1c6607a1c9,P_02033,Airtel,2024-01-01,2025-12-31,active,True
PHN_02998,91d46badf5efcea3,P_00044,Jio,2024-01-01,2025-12-31,active,True
PHN_02999,41ebf767139ea6db,P_00927,Airtel,2024-01-01,2025-12-31,active,True
PHN_03000,91b4673c30590bdc,P_03824,BSNL,2024-01-01,2025-12-31,active,True
PHN_03001,995ee2558ab8c9ac,P_00600,Jio,2024-01-01,2025-12-31,active,True
PHN_03002,e4db159e55ca08fd,P_02994,BSNL,2024-01-01,2025-12-31,active,True
PHN_03003,a2196f9ae1fa1d6e,P_00066,Vi,2024-01-01,2025-12-31,active,True
PHN_03004,ea42efbbab24f32e,P_00731,Jio,2024-01-01,2025-12-31,active,True
PHN_03005,8f0fedc22eb65a94,P_02918,Jio,2024-01-01,2025-12-31,active,True
PHN_03006,ded9c755952d9c7c,P_03117,Airtel,2024-01-01,2025-12-31,active,True
PHN_03007,10eb866c3443a369,P_00567,Airtel,2024-01-01,2025-12-31,active,True
PHN_03008,e689ac4ff72fc13e,P_04994,Airtel,2024-01-01,2025-12-31,active,True
PHN_03009,6f49ec3b0dd2328f,P_04092,Jio,2024-01-01,2025-12-31,active,True
PHN_03010,715bbf69f876acc7,P_02935,BSNL,2024-01-01,2025-12-31,active,True
PHN_03011,eb8e4b757a379a21,P_03318,Jio,2024-01-01,2025-12-31,active,True
PHN_03012,fe599a2edf89245f,P_04726,BSNL,2024-01-01,2025-12-31,active,True
PHN_03013,b736eeb959684019,P_01655,BSNL,2024-01-01,2025-12-31,active,True
PHN_03014,5a5115865f6e3144,P_02985,Vi,2024-01-01,2025-12-31,active,True
PHN_03015,70fe3fc442dcc3dd,P_03598,Airtel,2024-01-01,2025-12-31,active,True
PHN_03016,2b22a894dec7a904,P_00990,Jio,2024-01-01,2025-12-31,active,True
PHN_03017,8a8269eadcfab2c4,P_00316,Jio,2024-01-01,2025-12-31,active,True
PHN_03018,ec853e26b8c34614,P_00509,Vi,2024-01-01,2025-12-31,active,True
PHN_03019,352c75ea4189c43f,P_02464,Jio,2024-01-01,2025-12-31,active,True
PHN_03020,9574f5fa5e1b63c5,P_00291,BSNL,2024-01-01,2025-12-31,active,True
PHN_03021,d3cfb9d06cc5d9af,P_03999,Airtel,2024-01-01,2025-12-31,active,True
PHN_03022,c36c595a3ffa1dbb,P_00116,Vi,2024-01-01,2025-12-31,active,True
PHN_03023,2b66bcaa259fac1f,P_03253,Vi,2024-01-01,2025-12-31,active,True
PHN_03024,d377da84e4608f77,P_01197,BSNL,2024-01-01,2025-12-31,active,True
PHN_03025,e1a25c92b44d9e5a,P_01546,Jio,2024-01-01,2025-12-31,active,True
PHN_03026,a0ef118451fb4f11,P_04407,BSNL,2024-01-01,2025-12-31,active,True
PHN_03027,f6a223e244ef494f,P_01620,BSNL,2024-01-01,2025-12-31,active,True
PHN_03028,860eeefa7eeda806,P_03648,Airtel,2024-01-01,2025-12-31,active,True
PHN_03029,ffc7db3a32e40ac6,P_00823,Vi,2024-01-01,2025-12-31,active,True
PHN_03030,8b2993781e459ead,P_02068,Jio,2024-01-01,2025-12-31,active,True
PHN_03031,3a2207e6117cfb35,P_03759,Airtel,2024-01-01,2025-12-31,active,True
PHN_03032,bc767a293912e92e,P_04889,BSNL,2024-01-01,2025-12-31,active,True
PHN_03033,bd736bd94fe5b304,P_00643,Jio,2024-01-01,2025-12-31,active,True
PHN_03034,6fb123ca23487569,P_02229,BSNL,2024-01-01,2025-12-31,active,True
PHN_03035,57f35d4f0fc55244,P_02439,Airtel,2024-01-01,2025-12-31,active,True
PHN_03036,baaa8c3fab97725b,P_00252,Vi,2024-01-01,2025-12-31,active,True
PHN_03037,9d78f02efc27c50e,P_03125,Vi,2024-01-01,2025-12-31,active,True
PHN_03038,31447ca9a871aa1a,P_01629,Airtel,2024-01-01,2025-12-31,active,True
PHN_03039,e4ae4e128e8ea816,P_04244,BSNL,2024-01-01,2025-12-31,active,True
PHN_03040,102741174141b050,P_04170,Airtel,2024-01-01,2025-12-31,active,True
PHN_03041,fa5a82f3ca9adcfe,P_04022,Vi,2024-01-01,2025-12-31,active,True
PHN_03042,4f71d7732e0b062e,P_02545,Vi,2024-01-01,2025-12-31,active,True
PHN_03043,130470ba50d46f90,P_04457,BSNL,2024-01-01,2025-12-31,active,True
PHN_03044,69f7fff54bab9482,P_02175,Vi,2024-01-01,2025-12-31,active,True
PHN_03045,e2c47d09dd54346d,P_04099,Airtel,2024-01-01,2025-12-31,active,True
PHN_03046,ef4e1985f5efcfbb,P_04260,BSNL,2024-01-01,2025-12-31,active,True
PHN_03047,907d8a31af2ce574,P_01327,Vi,2024-01-01,2025-12-31,active,True
PHN_03048,85b26971aa8f50c1,P_02734,BSNL,2024-01-01,2025-12-31,active,True
PHN_03049,86a513dc1bc616e7,P_04620,Airtel,2024-01-01,2025-12-31,active,True
PHN_03050,66f954a5e25104fe,P_01534,Vi,2024-01-01,2025-12-31,active,True
PHN_03051,e786abcf57586756,P_02825,Jio,2024-01-01,2025-12-31,active,True
PHN_03052,a44d7c91119a398a,P_02339,Jio,2024-01-01,2025-12-31,active,True
PHN_03053,57dc643fbaac9c07,P_00175,Jio,2024-01-01,2025-12-31,active,True
PHN_03054,88e80b82cb8423fe,P_02008,BSNL,2024-01-01,2025-12-31,active,True
PHN_03055,51e5d13d9c1770b4,P_00971,BSNL,2024-01-01,2025-12-31,active,True
PHN_03056,88ae902b799970b3,P_03650,Vi,2024-01-01,2025-12-31,active,True
PHN_03057,5054ef9b7fa4db38,P_02340,Airtel,2024-01-01,2025-12-31,active,True
PHN_03058,39c7c33dd5ca9359,P_04636,Jio,2024-01-01,2025-12-31,active,True
PHN_03059,c4aac804cc686dda,P_02838,BSNL,2024-01-01,2025-12-31,active,True
PHN_03060,21bddb2d557df637,P_03149,BSNL,2024-01-01,2025-12-31,active,True
PHN_03061,f511234c3c4afcac,P_04871,Airtel,2024-01-01,2025-12-31,active,True
PHN_03062,450c4ba8df0da72b,P_01941,Vi,2024-01-01,2025-12-31,active,True
PHN_03063,1fe079ffbc0290fd,P_01977,Jio,2024-01-01,2025-12-31,active,True
PHN_03064,58ec7a05ada39ed9,P_01048,Vi,2024-01-01,2025-12-31,active,True
PHN_03065,11c3f5ca9bb66500,P_02878,Vi,2024-01-01,2025-12-31,active,True
PHN_03066,ca8582d5e7f83dbe,P_01502,Vi,2024-01-01,2025-12-31,active,True
PHN_03067,abc30605417fd344,P_03280,BSNL,2024-01-01,2025-12-31,active,True
PHN_03068,7202c5742ea74488,P_03994,Airtel,2024-01-01,2025-12-31,active,True
PHN_03069,aa179f934d222558,P_00865,Vi,2024-01-01,2025-12-31,active,True
PHN_03070,792d4853456dc7de,P_01296,Vi,2024-01-01,2025-12-31,active,True
PHN_03071,0186cdd326649632,P_04445,Jio,2024-01-01,2025-12-31,active,True
PHN_03072,28e1f1c1634fe8a4,P_01008,Jio,2024-01-01,2025-12-31,active,True
PHN_03073,8104a3b558bbe0a5,P_00959,BSNL,2024-01-01,2025-12-31,active,True
PHN_03074,898cfa9a6e7d84f0,P_02876,BSNL,2024-01-01,2025-12-31,active,True
PHN_03075,702b56bd3b24c0d1,P_01947,Airtel,2024-01-01,2025-12-31,active,True
PHN_03076,d7376762fc3cbf42,P_02989,Airtel,2024-01-01,2025-12-31,active,True
PHN_03077,a8b9d69da598da57,P_03370,Vi,2024-01-01,2025-12-31,active,True
PHN_03078,2c4752f3a909d837,P_04614,Airtel,2024-01-01,2025-12-31,active,True
PHN_03079,58bb1dee5ca1c4bb,P_01019,Jio,2024-01-01,2025-12-31,active,True
PHN_03080,d48068565ac0d762,P_02784,Vi,2024-01-01,2025-12-31,active,True
PHN_03081,7a971f598d78110f,P_02552,BSNL,2024-01-01,2025-12-31,active,True
PHN_03082,c71c81fbc667c2dd,P_04083,Jio,2024-01-01,2025-12-31,active,True
PHN_03083,965286f9614c3fcd,P_03749,Airtel,2024-01-01,2025-12-31,active,True
PHN_03084,390f336fce00066c,P_02652,Airtel,2024-01-01,2025-12-31,active,True
PHN_03085,ade0de9c0ba4c950,P_02856,Jio,2024-01-01,2025-12-31,active,True
PHN_03086,ca5ea60511117642,P_00463,Vi,2024-01-01,2025-12-31,active,True
PHN_03087,051fb6da7c33751e,P_04008,Vi,2024-01-01,2025-12-31,active,True
PHN_03088,bb9d84c76349eca3,P_03549,BSNL,2024-01-01,2025-12-31,active,True
PHN_03089,b0befc09f1fd1685,P_01745,BSNL,2024-01-01,2025-12-31,active,True
PHN_03090,c203ba2a8f53fac6,P_02347,Airtel,2024-01-01,2025-12-31,active,True
PHN_03091,bfd43698652175f2,P_01022,Jio,2024-01-01,2025-12-31,active,True
PHN_03092,41c4f47336df80df,P_01264,Airtel,2024-01-01,2025-12-31,active,True
PHN_03093,9c0e9d7765b77a2a,P_04501,BSNL,2024-01-01,2025-12-31,active,True
PHN_03094,04e3d4306d40b4a1,P_04575,Airtel,2024-01-01,2025-12-31,active,True
PHN_03095,d762f68ef960ed39,P_03868,Vi,2024-01-01,2025-12-31,active,True
PHN_03096,0488efab0d6072e6,P_00843,Airtel,2024-01-01,2025-12-31,active,True
PHN_03097,9ab850c67392acdf,P_03253,BSNL,2024-01-01,2025-12-31,active,True
PHN_03098,ba883c8c93e1ef59,P_01121,BSNL,2024-01-01,2025-12-31,active,True
PHN_03099,bb4629458571dbaa,P_02898,BSNL,2024-01-01,2025-12-31,active,True
PHN_03100,17ea10724f9082d6,P_03077,Jio,2024-01-01,2025-12-31,active,True
PHN_03101,b5fa4f2715282dec,P_01053,Vi,2024-01-01,2025-12-31,active,True
PHN_03102,0fcadb47d4483fff,P_03243,Vi,2024-01-01,2025-12-31,active,True
PHN_03103,50e3b409689edc3a,P_04632,Vi,2024-01-01,2025-12-31,active,True
PHN_03104,6ee27dbf427b1191,P_00645,Vi,2024-01-01,2025-12-31,active,True
PHN_03105,fd5347cc6ef34eea,P_04685,Airtel,2024-01-01,2025-12-31,active,True
PHN_03106,b745dc34da5745e0,P_00814,Jio,2024-01-01,2025-12-31,active,True
PHN_03107,ff603d2171194d22,P_02621,Vi,2024-01-01,2025-12-31,active,True
PHN_03108,2a5f4d96d35a4523,P_02558,Airtel,2024-01-01,2025-12-31,active,True
PHN_03109,5beb6121c634a476,P_03169,Jio,2024-01-01,2025-12-31,active,True
PHN_03110,50eb03b9c5ae8688,P_04339,BSNL,2024-01-01,2025-12-31,active,True
PHN_03111,cf94e18728e4334d,P_00081,BSNL,2024-01-01,2025-12-31,active,True
PHN_03112,1ec52572654bbf01,P_02095,Airtel,2024-01-01,2025-12-31,active,True
PHN_03113,0d512458ff228720,P_03026,Vi,2024-01-01,2025-12-31,active,True
PHN_03114,0adb1b6e4489a3ee,P_01407,Jio,2024-01-01,2025-12-31,active,True
PHN_03115,95d6901296ef77dd,P_03503,BSNL,2024-01-01,2025-12-31,active,True
PHN_03116,9930bbe7f253181e,P_00765,Jio,2024-01-01,2025-12-31,active,True
PHN_03117,aa9e23017070fe8a,P_03607,BSNL,2024-01-01,2025-12-31,active,True
PHN_03118,50432c4cb62823b3,P_00644,Vi,2024-01-01,2025-12-31,active,True
PHN_03119,c267171195a50b54,P_04284,Vi,2024-01-01,2025-12-31,active,True
PHN_03120,278c0b013529acd4,P_02268,Airtel,2024-01-01,2025-12-31,active,True
PHN_03121,a3840bfef79861af,P_00243,BSNL,2024-01-01,2025-12-31,active,True
PHN_03122,175f2210e6776f43,P_02443,BSNL,2024-01-01,2025-12-31,active,True
PHN_03123,464ca77cc6d675c6,P_04100,Vi,2024-01-01,2025-12-31,active,True
PHN_03124,c8d954ce8ce45c22,P_00993,Vi,2024-01-01,2025-12-31,active,True
PHN_03125,4493361077a39b1b,P_03442,Jio,2024-01-01,2025-12-31,active,True
PHN_03126,d8a31c0c0c92b4c4,P_04204,Jio,2024-01-01,2025-12-31,active,True
PHN_03127,8e3daee971fed908,P_03289,Airtel,2024-01-01,2025-12-31,active,True
PHN_03128,c974c3fb0753aa58,P_01434,Airtel,2024-01-01,2025-12-31,active,True
PHN_03129,a5d3643e7b669cb4,P_01985,Airtel,2024-01-01,2025-12-31,active,True
PHN_03130,258f0a522be47a3a,P_00326,BSNL,2024-01-01,2025-12-31,active,True
PHN_03131,8a5a454d5b7f4f46,P_02894,BSNL,2024-01-01,2025-12-31,active,True
PHN_03132,7c239f02c965ce42,P_03309,BSNL,2024-01-01,2025-12-31,active,True
PHN_03133,7504f05e34b575d1,P_00479,Vi,2024-01-01,2025-12-31,active,True
PHN_03134,56e01c2f9febe481,P_00191,BSNL,2024-01-01,2025-12-31,active,True
PHN_03135,80effb568b9b865a,P_03504,Jio,2024-01-01,2025-12-31,active,True
PHN_03136,a4a12c7f0a17b88f,P_03167,Vi,2024-01-01,2025-12-31,active,True
PHN_03137,8b79e04378157aea,P_00158,Vi,2024-01-01,2025-12-31,active,True
PHN_03138,6ea6d69b2a3d28a1,P_01213,Jio,2024-01-01,2025-12-31,active,True
PHN_03139,71736b0263446b8c,P_00388,BSNL,2024-01-01,2025-12-31,active,True
PHN_03140,21f890793dc3db99,P_03052,Airtel,2024-01-01,2025-12-31,active,True
PHN_03141,6d9b813476ff640e,P_01114,Vi,2024-01-01,2025-12-31,active,True
PHN_03142,6ba13456160128c0,P_04163,Jio,2024-01-01,2025-12-31,active,True
PHN_03143,495e73f305c49619,P_02176,Airtel,2024-01-01,2025-12-31,active,True
PHN_03144,aae603552833b730,P_02277,Vi,2024-01-01,2025-12-31,active,True
PHN_03145,e5f356be04e9a0a6,P_01602,BSNL,2024-01-01,2025-12-31,active,True
PHN_03146,7d5ec4f52e268510,P_04360,Airtel,2024-01-01,2025-12-31,active,True
PHN_03147,8222e15b307c5e86,P_02608,BSNL,2024-01-01,2025-12-31,active,True
PHN_03148,ad7473100f961e80,P_00411,Jio,2024-01-01,2025-12-31,active,True
PHN_03149,211cd6fec8b0a4a3,P_00551,Airtel,2024-01-01,2025-12-31,active,True
PHN_03150,a2a96fecd841e7e8,P_00064,BSNL,2024-01-01,2025-12-31,active,True
PHN_03151,01ca41b41da5f141,P_00866,Airtel,2024-01-01,2025-12-31,active,True
PHN_03152,d5c027ceb8e527c2,P_04448,Jio,2024-01-01,2025-12-31,active,True
PHN_03153,5aa2e7407ae89b7d,P_04854,Airtel,2024-01-01,2025-12-31,active,True
PHN_03154,57fb2b2020e179ee,P_03906,Jio,2024-01-01,2025-12-31,active,True
PHN_03155,c21511ca32090c42,P_04241,Airtel,2024-01-01,2025-12-31,active,True
PHN_03156,92a65ff7096894fb,P_04580,BSNL,2024-01-01,2025-12-31,active,True
PHN_03157,3fbc059ecc5dc968,P_04948,Jio,2024-01-01,2025-12-31,active,True
PHN_03158,d10fb0c7458ae366,P_03386,Jio,2024-01-01,2025-12-31,active,True
PHN_03159,00a48ae028dc9b3c,P_00798,Jio,2024-01-01,2025-12-31,active,True
PHN_03160,2a6917126f91045b,P_03813,BSNL,2024-01-01,2025-12-31,active,True
PHN_03161,fccec4c1a81314dd,P_03449,Jio,2024-01-01,2025-12-31,active,True
PHN_03162,80863ba621934d0c,P_04286,BSNL,2024-01-01,2025-12-31,active,True
PHN_03163,afa5d4a03d907893,P_03601,Airtel,2024-01-01,2025-12-31,active,True
PHN_03164,bd2721b65be08efb,P_01034,Airtel,2024-01-01,2025-12-31,active,True
PHN_03165,060aa5ed7fae8d92,P_02509,Jio,2024-01-01,2025-12-31,active,True
PHN_03166,4ce2b8bfbd8a2a16,P_02735,Airtel,2024-01-01,2025-12-31,active,True
PHN_03167,c4746ad2d8639f9f,P_01377,Jio,2024-01-01,2025-12-31,active,True
PHN_03168,0e61fbd39bde8614,P_03308,Vi,2024-01-01,2025-12-31,active,True
PHN_03169,12c80f1566df591b,P_00659,BSNL,2024-01-01,2025-12-31,active,True
PHN_03170,ff467016fb8b6a72,P_01646,Airtel,2024-01-01,2025-12-31,active,True
PHN_03171,5d01534c91c74df0,P_00684,BSNL,2024-01-01,2025-12-31,active,True
PHN_03172,1c9ff1f3dc751ac6,P_02421,Airtel,2024-01-01,2025-12-31,active,True
PHN_03173,7db3aff2aef0238b,P_00948,Vi,2024-01-01,2025-12-31,active,True
PHN_03174,e168f8d244cdc55c,P_01128,BSNL,2024-01-01,2025-12-31,active,True
PHN_03175,00685205cb51aa81,P_01494,Vi,2024-01-01,2025-12-31,active,True
PHN_03176,cb1ddc81032e8fab,P_02072,BSNL,2024-01-01,2025-12-31,active,True
PHN_03177,faa2c03e486a0173,P_03031,Jio,2024-01-01,2025-12-31,active,True
PHN_03178,1e9a2d6a2e004a64,P_04345,Vi,2024-01-01,2025-12-31,active,True
PHN_03179,5bcf7037c801ad33,P_03583,Vi,2024-01-01,2025-12-31,active,True
PHN_03180,973004f93d08b1d4,P_00904,Airtel,2024-01-01,2025-12-31,active,True
PHN_03181,f00433f8da8edfe8,P_04884,BSNL,2024-01-01,2025-12-31,active,True
PHN_03182,1b33d8b5db20b5cd,P_01389,Jio,2024-01-01,2025-12-31,active,True
PHN_03183,f9986599e5484d34,P_02702,Airtel,2024-01-01,2025-12-31,active,True
PHN_03184,9d7091543d54aa72,P_03387,Jio,2024-01-01,2025-12-31,active,True
PHN_03185,6aadb1a13dc5772c,P_01600,Jio,2024-01-01,2025-12-31,active,True
PHN_03186,e6ee0a753e0a95ae,P_01920,Jio,2024-01-01,2025-12-31,active,True
PHN_03187,48ae7fb31c90897d,P_01539,Vi,2024-01-01,2025-12-31,active,True
PHN_03188,f938bc972ee69113,P_03296,BSNL,2024-01-01,2025-12-31,active,True
PHN_03189,1bb7822b2eaf1a95,P_02550,BSNL,2024-01-01,2025-12-31,active,True
PHN_03190,7b2adeb46cda380f,P_04234,Vi,2024-01-01,2025-12-31,active,True
PHN_03191,828e65aff7971926,P_03653,Vi,2024-01-01,2025-12-31,active,True
PHN_03192,b81bd99410c65b66,P_03506,Vi,2024-01-01,2025-12-31,active,True
PHN_03193,6ede8151db60977a,P_02121,Airtel,2024-01-01,2025-12-31,active,True
PHN_03194,718cfb897bc7f224,P_00942,BSNL,2024-01-01,2025-12-31,active,True
PHN_03195,3bd1e1bd7911c90c,P_01784,Airtel,2024-01-01,2025-12-31,active,True
PHN_03196,e70a3f44ecb44c53,P_00867,Vi,2024-01-01,2025-12-31,active,True
PHN_03197,a6d427fde7307ce1,P_02671,BSNL,2024-01-01,2025-12-31,active,True
PHN_03198,c0c35a23efe69863,P_03860,Jio,2024-01-01,2025-12-31,active,True
PHN_03199,63c15213bd388490,P_02879,Airtel,2024-01-01,2025-12-31,active,True
PHN_03200,f3a7c52bd045662e,P_00534,Jio,2024-01-01,2025-12-31,active,True
PHN_03201,3617b5c23e88b244,P_01704,BSNL,2024-01-01,2025-12-31,active,True
PHN_03202,d9f341295d0ed80f,P_03060,BSNL,2024-01-01,2025-12-31,active,True
PHN_03203,a41b4514ab8463f2,P_02648,BSNL,2024-01-01,2025-12-31,active,True
PHN_03204,3e6f254c70c2a221,P_01796,BSNL,2024-01-01,2025-12-31,active,True
PHN_03205,301d23e3bc2eb95d,P_02232,BSNL,2024-01-01,2025-12-31,active,True
PHN_03206,10de5efb65ab2733,P_04127,Airtel,2024-01-01,2025-12-31,active,True
PHN_03207,dffaaa9dbb3d69bc,P_02523,Airtel,2024-01-01,2025-12-31,active,True
PHN_03208,e4dfcf722216c7f1,P_02781,Airtel,2024-01-01,2025-12-31,active,True
PHN_03209,eb2f76005c2432ca,P_02208,Jio,2024-01-01,2025-12-31,active,True
PHN_03210,01a740891d077c50,P_03473,BSNL,2024-01-01,2025-12-31,active,True
PHN_03211,2952815dc8e35b41,P_01109,BSNL,2024-01-01,2025-12-31,active,True
PHN_03212,8e9a3ba8f0b39a52,P_03454,Vi,2024-01-01,2025-12-31,active,True
PHN_03213,da0b15537e53c211,P_03456,Jio,2024-01-01,2025-12-31,active,True
PHN_03214,cf1074c4b989c22d,P_03449,Jio,2024-01-01,2025-12-31,active,True
PHN_03215,9b9c6720fd78a0da,P_01936,Airtel,2024-01-01,2025-12-31,active,True
PHN_03216,6c1d939f7fc4eeae,P_01754,BSNL,2024-01-01,2025-12-31,active,True
PHN_03217,c25bdc3141d7e709,P_03990,Vi,2024-01-01,2025-12-31,active,True
PHN_03218,c069599bd6316680,P_02551,Jio,2024-01-01,2025-12-31,active,True
PHN_03219,abd0c750d8c3aa14,P_04577,Airtel,2024-01-01,2025-12-31,active,True
PHN_03220,20589135a826bf9d,P_04796,Jio,2024-01-01,2025-12-31,active,True
PHN_03221,f4d661b8ab9869b0,P_00918,Airtel,2024-01-01,2025-12-31,active,True
PHN_03222,81ce24bc85be25ef,P_00451,Airtel,2024-01-01,2025-12-31,active,True
PHN_03223,808c25d5d47ee548,P_02304,Airtel,2024-01-01,2025-12-31,active,True
PHN_03224,c61dc0b398e656c0,P_02748,Airtel,2024-01-01,2025-12-31,active,True
PHN_03225,5e8410f5e1e7358e,P_03911,BSNL,2024-01-01,2025-12-31,active,True
PHN_03226,9b233e4431183be5,P_01623,Jio,2024-01-01,2025-12-31,active,True
PHN_03227,85821e41e84cbe65,P_01730,Jio,2024-01-01,2025-12-31,active,True
PHN_03228,c113d4a3aeab875f,P_03582,BSNL,2024-01-01,2025-12-31,active,True
PHN_03229,ab5ad4b73a035cd7,P_02354,Vi,2024-01-01,2025-12-31,active,True
PHN_03230,1e7cee687503eb69,P_00791,Vi,2024-01-01,2025-12-31,active,True
PHN_03231,4ee67b9d921680aa,P_03891,BSNL,2024-01-01,2025-12-31,active,True
PHN_03232,284f1e2843f0019b,P_03826,Vi,2024-01-01,2025-12-31,active,True
PHN_03233,a02427ba6b5848de,P_02865,BSNL,2024-01-01,2025-12-31,active,True
PHN_03234,88f00517f17655e5,P_02913,BSNL,2024-01-01,2025-12-31,active,True
PHN_03235,7077c934e0b8c5f9,P_00699,Vi,2024-01-01,2025-12-31,active,True
PHN_03236,1b8c1a7154b94547,P_04906,BSNL,2024-01-01,2025-12-31,active,True
PHN_03237,69c237eb393c6282,P_04929,BSNL,2024-01-01,2025-12-31,active,True
PHN_03238,2ff60695c9e7b490,P_00550,Jio,2024-01-01,2025-12-31,active,True
PHN_03239,2627579ad3adeabc,P_03077,Airtel,2024-01-01,2025-12-31,active,True
PHN_03240,273b6c6354ffeb9e,P_01846,Vi,2024-01-01,2025-12-31,active,True
PHN_03241,327649422335dff3,P_00790,Airtel,2024-01-01,2025-12-31,active,True
PHN_03242,4988fa3f3e340a75,P_01089,BSNL,2024-01-01,2025-12-31,active,True
PHN_03243,825dc341ce2e5000,P_03216,BSNL,2024-01-01,2025-12-31,active,True
PHN_03244,fd8e09982998d540,P_04037,Vi,2024-01-01,2025-12-31,active,True
PHN_03245,a1439d06220d14ea,P_01197,Jio,2024-01-01,2025-12-31,active,True
PHN_03246,ba6dbd0626e9e0c9,P_01876,BSNL,2024-01-01,2025-12-31,active,True
PHN_03247,76a3f3ed71f512b0,P_02712,Airtel,2024-01-01,2025-12-31,active,True
PHN_03248,795ccd6381d1ba1d,P_00408,Airtel,2024-01-01,2025-12-31,active,True
PHN_03249,6d6a44b132313ad8,P_02191,Jio,2024-01-01,2025-12-31,active,True
PHN_03250,cd29ac2a3a0ab5ff,P_02281,Jio,2024-01-01,2025-12-31,active,True
PHN_03251,e6ac7d6068969073,P_03629,Vi,2024-01-01,2025-12-31,active,True
PHN_03252,9ac1b37a4eb19170,P_00780,Airtel,2024-01-01,2025-12-31,active,True
PHN_03253,eddd1bb607043cb2,P_02764,Vi,2024-01-01,2025-12-31,active,True
PHN_03254,2684ae6daf73d486,P_04917,BSNL,2024-01-01,2025-12-31,active,True
PHN_03255,f442c32cf1b66e60,P_03582,Airtel,2024-01-01,2025-12-31,active,True
PHN_03256,197a9ae14efd17b1,P_04668,Jio,2024-01-01,2025-12-31,active,True
PHN_03257,d0473c60c3f4b9de,P_00249,Vi,2024-01-01,2025-12-31,active,True
PHN_03258,a934f79be47c27b9,P_04647,BSNL,2024-01-01,2025-12-31,active,True
PHN_03259,a0d03e59e5da2b44,P_00441,Vi,2024-01-01,2025-12-31,active,True
PHN_03260,1bcc658628d4841c,P_01688,BSNL,2024-01-01,2025-12-31,active,True
PHN_03261,3120c71fec2b9f29,P_04043,BSNL,2024-01-01,2025-12-31,active,True
PHN_03262,a31d4199bc721557,P_00573,BSNL,2024-01-01,2025-12-31,active,True
PHN_03263,afc0fbc7a7832fa1,P_03369,BSNL,2024-01-01,2025-12-31,active,True
PHN_03264,43ac08cefb2e5390,P_01248,Airtel,2024-01-01,2025-12-31,active,True
PHN_03265,14fa9084fa09574f,P_02747,Vi,2024-01-01,2025-12-31,active,True
PHN_03266,3f79c694d0183d1c,P_03310,Vi,2024-01-01,2025-12-31,active,True
PHN_03267,d00de443f1c2bd37,P_01857,Vi,2024-01-01,2025-12-31,active,True
PHN_03268,c6eae6aba2812fc2,P_01617,Airtel,2024-01-01,2025-12-31,active,True
PHN_03269,ba07a10ede764f1d,P_02040,Vi,2024-01-01,2025-12-31,active,True
PHN_03270,8c77f5b41642e27a,P_02056,Airtel,2024-01-01,2025-12-31,active,True
PHN_03271,7ae89487662101d0,P_00414,Vi,2024-01-01,2025-12-31,active,True
PHN_03272,70db0254709170a0,P_04727,Vi,2024-01-01,2025-12-31,active,True
PHN_03273,7313cc3bf612f591,P_00392,Airtel,2024-01-01,2025-12-31,active,True
PHN_03274,7bcf5a7400c52b4a,P_02340,BSNL,2024-01-01,2025-12-31,active,True
PHN_03275,4bb7735506e8ea47,P_00263,BSNL,2024-01-01,2025-12-31,active,True
PHN_03276,e5b0c74568014144,P_02109,Airtel,2024-01-01,2025-12-31,active,True
PHN_03277,342a57c2b364d271,P_04118,Airtel,2024-01-01,2025-12-31,active,True
PHN_03278,bc00bd3bea505ade,P_00636,Vi,2024-01-01,2025-12-31,active,True
PHN_03279,416c102bacf27be4,P_01222,Jio,2024-01-01,2025-12-31,active,True
PHN_03280,cd322fdd9074e5f2,P_02443,BSNL,2024-01-01,2025-12-31,active,True
PHN_03281,44f134d294818006,P_01016,BSNL,2024-01-01,2025-12-31,active,True
PHN_03282,d80189e44d101bee,P_03224,Jio,2024-01-01,2025-12-31,active,True
PHN_03283,2c0523b8529f473f,P_03935,Vi,2024-01-01,2025-12-31,active,True
PHN_03284,88faac2a7b7e8bd0,P_01156,Airtel,2024-01-01,2025-12-31,active,True
PHN_03285,5c8cb5b318d16b11,P_00808,Jio,2024-01-01,2025-12-31,active,True
PHN_03286,adc060fe68efcbcd,P_04152,BSNL,2024-01-01,2025-12-31,active,True
PHN_03287,2b08a670c3057580,P_02240,Airtel,2024-01-01,2025-12-31,active,True
PHN_03288,e8221cf3bad2146d,P_00663,Jio,2024-01-01,2025-12-31,active,True
PHN_03289,6aea3d6da78d164b,P_03934,Jio,2024-01-01,2025-12-31,active,True
PHN_03290,e6a4b6fca4c5b943,P_04113,BSNL,2024-01-01,2025-12-31,active,True
PHN_03291,ea2e92e3d801bf2f,P_01933,Airtel,2024-01-01,2025-12-31,active,True
PHN_03292,8a8fce294a4a4db5,P_01178,Jio,2024-01-01,2025-12-31,active,True
PHN_03293,9805e1229fb8ccbb,P_02297,BSNL,2024-01-01,2025-12-31,active,True
PHN_03294,43427ae42bd21c07,P_00658,BSNL,2024-01-01,2025-12-31,active,True
PHN_03295,6bec54b8b39162e4,P_02614,BSNL,2024-01-01,2025-12-31,active,True
PHN_03296,0869b4f76ac08080,P_03213,BSNL,2024-01-01,2025-12-31,active,True
PHN_03297,3ac7363e2aa2bfb3,P_00753,Vi,2024-01-01,2025-12-31,active,True
PHN_03298,7981a0d8dcd08964,P_03967,BSNL,2024-01-01,2025-12-31,active,True
PHN_03299,f0860c17a691bb99,P_02593,BSNL,2024-01-01,2025-12-31,active,True
PHN_03300,4b147abe5b899792,P_04253,Airtel,2024-01-01,2025-12-31,active,True
PHN_03301,9dd720c9beb834f6,P_01755,Vi,2024-01-01,2025-12-31,active,True
PHN_03302,8dd5459fda974bde,P_03675,Jio,2024-01-01,2025-12-31,active,True
PHN_03303,3c85a873aa5d888e,P_03794,Airtel,2024-01-01,2025-12-31,active,True
PHN_03304,bbac69a82ccf7f7f,P_00540,Airtel,2024-01-01,2025-12-31,active,True
PHN_03305,54e50eeb32433925,P_04957,BSNL,2024-01-01,2025-12-31,active,True
PHN_03306,5a029b4480f966e5,P_03111,Jio,2024-01-01,2025-12-31,active,True
PHN_03307,7346aeedf4065bf4,P_04106,Jio,2024-01-01,2025-12-31,active,True
PHN_03308,9c44acf67c5313ea,P_00012,Airtel,2024-01-01,2025-12-31,active,True
PHN_03309,cb40b53b9f10a7a7,P_03593,BSNL,2024-01-01,2025-12-31,active,True
PHN_03310,90a2614918a0e6d7,P_01318,Vi,2024-01-01,2025-12-31,active,True
PHN_03311,012f475bc3bad08e,P_02760,BSNL,2024-01-01,2025-12-31,active,True
PHN_03312,e42dffe99f4b9962,P_04240,Airtel,2024-01-01,2025-12-31,active,True
PHN_03313,ad33a08439b0b7da,P_00001,Airtel,2024-01-01,2025-12-31,active,True
PHN_03314,6bea537cb7af16b8,P_04968,BSNL,2024-01-01,2025-12-31,active,True
PHN_03315,d599e77c2cc4241b,P_04198,Jio,2024-01-01,2025-12-31,active,True
PHN_03316,028e5a480bb3ac27,P_03442,BSNL,2024-01-01,2025-12-31,active,True
PHN_03317,31b3845130413941,P_02790,Vi,2024-01-01,2025-12-31,active,True
PHN_03318,d0705b1094949562,P_04890,BSNL,2024-01-01,2025-12-31,active,True
PHN_03319,375218b7a98b9a5a,P_04043,Vi,2024-01-01,2025-12-31,active,True
PHN_03320,cd7167560971676c,P_04924,BSNL,2024-01-01,2025-12-31,active,True
PHN_03321,7246e7701893e250,P_02275,Airtel,2024-01-01,2025-12-31,active,True
PHN_03322,aceaeb3c8e8b8a73,P_01462,Airtel,2024-01-01,2025-12-31,active,True
PHN_03323,458ca31f1dd7a85d,P_04763,Airtel,2024-01-01,2025-12-31,active,True
PHN_03324,359e28c5ab48b918,P_03098,BSNL,2024-01-01,2025-12-31,active,True
PHN_03325,11a756d8cbb309c9,P_04202,Jio,2024-01-01,2025-12-31,active,True
PHN_03326,b5a46894d4584df6,P_01696,Vi,2024-01-01,2025-12-31,active,True
PHN_03327,13756c8f4bd1571b,P_03049,Vi,2024-01-01,2025-12-31,active,True
PHN_03328,23cc12322c100b1d,P_02399,BSNL,2024-01-01,2025-12-31,active,True
PHN_03329,9146f178e6ff4160,P_03167,Airtel,2024-01-01,2025-12-31,active,True
PHN_03330,a03155b12c810783,P_00035,Airtel,2024-01-01,2025-12-31,active,True
PHN_03331,a71b9c38a00b8095,P_02184,Vi,2024-01-01,2025-12-31,active,True
PHN_03332,f76981d466ee02b5,P_01681,Jio,2024-01-01,2025-12-31,active,True
PHN_03333,fa6a95ec0ed198a5,P_01823,Airtel,2024-01-01,2025-12-31,active,True
PHN_03334,8827fa9c80111ed2,P_01420,BSNL,2024-01-01,2025-12-31,active,True
PHN_03335,d4844905085189f6,P_03037,Vi,2024-01-01,2025-12-31,active,True
PHN_03336,eb626e0a4af8ca2a,P_00623,Airtel,2024-01-01,2025-12-31,active,True
PHN_03337,ed8d7baa73b35056,P_03454,Vi,2024-01-01,2025-12-31,active,True
PHN_03338,f9bc439fa5fcd415,P_01955,Jio,2024-01-01,2025-12-31,active,True
PHN_03339,342795261fcead16,P_04686,Vi,2024-01-01,2025-12-31,active,True
PHN_03340,eeda51e932660d0a,P_03030,BSNL,2024-01-01,2025-12-31,active,True
PHN_03341,0859e9943b7e2867,P_01904,Vi,2024-01-01,2025-12-31,active,True
PHN_03342,396761810c4ead06,P_04671,BSNL,2024-01-01,2025-12-31,active,True
PHN_03343,788684f5d7096c08,P_03457,Airtel,2024-01-01,2025-12-31,active,True
PHN_03344,8a96905e18b13220,P_02123,BSNL,2024-01-01,2025-12-31,active,True
PHN_03345,3bc5923a8e2cc34e,P_03511,Airtel,2024-01-01,2025-12-31,active,True
PHN_03346,be3f88bf833f57ab,P_04551,Jio,2024-01-01,2025-12-31,active,True
PHN_03347,3a0a6283b50e5dcf,P_03943,Jio,2024-01-01,2025-12-31,active,True
PHN_03348,4abebe60df077182,P_00402,Vi,2024-01-01,2025-12-31,active,True
PHN_03349,89e23685c2024b94,P_02590,BSNL,2024-01-01,2025-12-31,active,True
PHN_03350,094d93737ecc9fa4,P_02284,BSNL,2024-01-01,2025-12-31,active,True
PHN_03351,bf75b7f3c5e4a386,P_04814,BSNL,2024-01-01,2025-12-31,active,True
PHN_03352,ac319e147ed5e50b,P_03919,Airtel,2024-01-01,2025-12-31,active,True
PHN_03353,5e45635b6a15a30f,P_01834,Airtel,2024-01-01,2025-12-31,active,True
PHN_03354,b6b431d5dab90901,P_02062,Airtel,2024-01-01,2025-12-31,active,True
PHN_03355,2fbb8a6b1bf6f136,P_01605,BSNL,2024-01-01,2025-12-31,active,True
PHN_03356,540adc676f07c4bf,P_03520,Airtel,2024-01-01,2025-12-31,active,True
PHN_03357,a5499a8babd776c1,P_04520,Airtel,2024-01-01,2025-12-31,active,True
PHN_03358,6b4d0c4ab98118d3,P_02831,Jio,2024-01-01,2025-12-31,active,True
PHN_03359,5339131f2d3ef49d,P_03666,BSNL,2024-01-01,2025-12-31,active,True
PHN_03360,248022fa55ebea5f,P_04008,BSNL,2024-01-01,2025-12-31,active,True
PHN_03361,607428a2f0f2cc08,P_02856,Airtel,2024-01-01,2025-12-31,active,True
PHN_03362,eb7e3f936bf16a45,P_02092,Jio,2024-01-01,2025-12-31,active,True
PHN_03363,2d940197b3f61fca,P_04120,Airtel,2024-01-01,2025-12-31,active,True
PHN_03364,fa72b4d3a7c7cb44,P_03932,BSNL,2024-01-01,2025-12-31,active,True
PHN_03365,7404dcf4e7aae072,P_01908,Vi,2024-01-01,2025-12-31,active,True
PHN_03366,c31295a7df23cf98,P_01091,Jio,2024-01-01,2025-12-31,active,True
PHN_03367,6e891246e1fdf550,P_03088,Vi,2024-01-01,2025-12-31,active,True
PHN_03368,d09735e102b0568b,P_04890,Jio,2024-01-01,2025-12-31,active,True
PHN_03369,b19fabc2b3fcc12a,P_01614,Vi,2024-01-01,2025-12-31,active,True
PHN_03370,56bf1acd99397482,P_01446,Vi,2024-01-01,2025-12-31,active,True
PHN_03371,fa1a2b2612d73bd5,P_00472,BSNL,2024-01-01,2025-12-31,active,True
PHN_03372,a1fdea31a57fb621,P_03799,Airtel,2024-01-01,2025-12-31,active,True
PHN_03373,18bfd5cbccc4d3ac,P_03346,BSNL,2024-01-01,2025-12-31,active,True
PHN_03374,c5d3a7d8f19d2423,P_01517,Jio,2024-01-01,2025-12-31,active,True
PHN_03375,a8677da0271ebccc,P_00464,BSNL,2024-01-01,2025-12-31,active,True
PHN_03376,cff06f782f718afc,P_03608,BSNL,2024-01-01,2025-12-31,active,True
PHN_03377,70394710ecf1bea3,P_04006,BSNL,2024-01-01,2025-12-31,active,True
PHN_03378,7ec67807b57e79d3,P_01876,BSNL,2024-01-01,2025-12-31,active,True
PHN_03379,ad244f9a6758b4e3,P_00617,Jio,2024-01-01,2025-12-31,active,True
PHN_03380,dff578079a68ee84,P_04988,Vi,2024-01-01,2025-12-31,active,True
PHN_03381,aba05bcc29891cc8,P_04721,Vi,2024-01-01,2025-12-31,active,True
PHN_03382,7a8943439f656859,P_03525,Airtel,2024-01-01,2025-12-31,active,True
PHN_03383,2e55ff17b8928ace,P_01780,Vi,2024-01-01,2025-12-31,active,True
PHN_03384,0c73bc0ccf03ca95,P_01766,Vi,2024-01-01,2025-12-31,active,True
PHN_03385,f97211bf011bd098,P_00352,BSNL,2024-01-01,2025-12-31,active,True
PHN_03386,dcee989e8b49c459,P_01293,Airtel,2024-01-01,2025-12-31,active,True
PHN_03387,145eff96cbc7108a,P_03178,Jio,2024-01-01,2025-12-31,active,True
PHN_03388,b1f69add4c6e0a11,P_01929,Airtel,2024-01-01,2025-12-31,active,True
PHN_03389,b37c4fd6f9a88033,P_02339,BSNL,2024-01-01,2025-12-31,active,True
PHN_03390,0379a1b704a1ee27,P_04177,BSNL,2024-01-01,2025-12-31,active,True
PHN_03391,534c5ca6ab865bb0,P_02869,Vi,2024-01-01,2025-12-31,active,True
PHN_03392,76c36e2ba324db14,P_04962,BSNL,2024-01-01,2025-12-31,active,True
PHN_03393,54225433864066e0,P_03224,Airtel,2024-01-01,2025-12-31,active,True
PHN_03394,e0a139ebc566b0d9,P_01157,Vi,2024-01-01,2025-12-31,active,True
PHN_03395,5a47d20eb3db9699,P_00176,Airtel,2024-01-01,2025-12-31,active,True
PHN_03396,c1645d56a235bd12,P_02985,Airtel,2024-01-01,2025-12-31,active,True
PHN_03397,4827d342de3d60f4,P_02215,BSNL,2024-01-01,2025-12-31,active,True
PHN_03398,95d7cff5d1bf9459,P_01671,Vi,2024-01-01,2025-12-31,active,True
PHN_03399,45a8f3931b2fd054,P_03898,BSNL,2024-01-01,2025-12-31,active,True
PHN_03400,97cd68f7ab7d2086,P_04384,Jio,2024-01-01,2025-12-31,active,True
PHN_03401,662b2f7d0f5be842,P_00093,Airtel,2024-01-01,2025-12-31,active,True
PHN_03402,953b57c6613190d3,P_04529,Airtel,2024-01-01,2025-12-31,active,True
PHN_03403,4f89ead752414a9f,P_04259,Vi,2024-01-01,2025-12-31,active,True
PHN_03404,8dafe58a011af554,P_04395,Jio,2024-01-01,2025-12-31,active,True
PHN_03405,b325f34bf4a05419,P_04743,BSNL,2024-01-01,2025-12-31,active,True
PHN_03406,1a7673ebb3e97ad2,P_03553,Airtel,2024-01-01,2025-12-31,active,True
PHN_03407,888cfaca3972ad54,P_02242,Vi,2024-01-01,2025-12-31,active,True
PHN_03408,b08d4838dcb55079,P_00135,Jio,2024-01-01,2025-12-31,active,True
PHN_03409,1e9166cad858c909,P_02238,Jio,2024-01-01,2025-12-31,active,True
PHN_03410,28d8502735fc0e3c,P_02544,BSNL,2024-01-01,2025-12-31,active,True
PHN_03411,add9976be28842cf,P_01831,BSNL,2024-01-01,2025-12-31,active,True
PHN_03412,6c0bc8f7f83397d6,P_03070,Airtel,2024-01-01,2025-12-31,active,True
PHN_03413,beb80cca6fe7312c,P_02400,Airtel,2024-01-01,2025-12-31,active,True
PHN_03414,2d8db76067418dc2,P_03127,BSNL,2024-01-01,2025-12-31,active,True
PHN_03415,46a957f41cc47c14,P_00822,BSNL,2024-01-01,2025-12-31,active,True
PHN_03416,a9626069b6537ab8,P_04188,BSNL,2024-01-01,2025-12-31,active,True
PHN_03417,2b2d94ebedc30171,P_03740,Airtel,2024-01-01,2025-12-31,active,True
PHN_03418,e106f6429a490f3a,P_01317,BSNL,2024-01-01,2025-12-31,active,True
PHN_03419,cdf66c3ce4afb4a6,P_02519,Jio,2024-01-01,2025-12-31,active,True
PHN_03420,e49b61ccfab2c504,P_02653,Airtel,2024-01-01,2025-12-31,active,True
PHN_03421,82843d3f9d5c5946,P_00280,Airtel,2024-01-01,2025-12-31,active,True
PHN_03422,1695f8b9902f621c,P_04166,Airtel,2024-01-01,2025-12-31,active,True
PHN_03423,d09b964b265f44a0,P_03771,Jio,2024-01-01,2025-12-31,active,True
PHN_03424,2dabeaa9ba759603,P_03902,BSNL,2024-01-01,2025-12-31,active,True
PHN_03425,6347e0016b623245,P_03580,Airtel,2024-01-01,2025-12-31,active,True
PHN_03426,7ba2f3f5eccde2de,P_04500,Vi,2024-01-01,2025-12-31,active,True
PHN_03427,840b0d22f0de9719,P_00887,Vi,2024-01-01,2025-12-31,active,True
PHN_03428,d1a1d92a00d41b6e,P_01969,BSNL,2024-01-01,2025-12-31,active,True
PHN_03429,9519b8fbc6fc9f31,P_04869,Jio,2024-01-01,2025-12-31,active,True
PHN_03430,331927e5b462ead8,P_03563,Jio,2024-01-01,2025-12-31,active,True
PHN_03431,2afa68de2cb6b68f,P_01270,BSNL,2024-01-01,2025-12-31,active,True
PHN_03432,d7cf73eeef9285f6,P_02802,Jio,2024-01-01,2025-12-31,active,True
PHN_03433,2b5aa478e9a1a04b,P_00208,Jio,2024-01-01,2025-12-31,active,True
PHN_03434,ecb27e52c990585f,P_02851,Vi,2024-01-01,2025-12-31,active,True
PHN_03435,4532d54a259fb06e,P_04657,Airtel,2024-01-01,2025-12-31,active,True
PHN_03436,c9c52ebf6a35f033,P_01177,Vi,2024-01-01,2025-12-31,active,True
PHN_03437,b22be759a4b0edbc,P_02612,BSNL,2024-01-01,2025-12-31,active,True
PHN_03438,9bdcd5cd166b5497,P_02775,Airtel,2024-01-01,2025-12-31,active,True
PHN_03439,8daffa2f3bd319cb,P_01487,Jio,2024-01-01,2025-12-31,active,True
PHN_03440,5809109121acf049,P_02036,Vi,2024-01-01,2025-12-31,active,True
PHN_03441,1f0e61b94c7d1510,P_02339,Airtel,2024-01-01,2025-12-31,active,True
PHN_03442,d60d1a7c6cb573e8,P_04685,Vi,2024-01-01,2025-12-31,active,True
PHN_03443,f3992775ca2d7856,P_00700,BSNL,2024-01-01,2025-12-31,active,True
PHN_03444,d3b9d8ba3345c480,P_04621,Airtel,2024-01-01,2025-12-31,active,True
PHN_03445,64f1b3cf1b23bdda,P_01709,Airtel,2024-01-01,2025-12-31,active,True
PHN_03446,887e5048a33ad8a9,P_04519,Vi,2024-01-01,2025-12-31,active,True
PHN_03447,b2c39cc5641d3688,P_03555,Vi,2024-01-01,2025-12-31,active,True
PHN_03448,9e5e9b00de5724b6,P_04811,BSNL,2024-01-01,2025-12-31,active,True
PHN_03449,e527796c296db89e,P_00109,BSNL,2024-01-01,2025-12-31,active,True
PHN_03450,f869c1bb7e9fe1e4,P_04897,Jio,2024-01-01,2025-12-31,active,True
PHN_03451,f15963cc81910b85,P_00107,Airtel,2024-01-01,2025-12-31,active,True
PHN_03452,1397a90493247420,P_03369,Jio,2024-01-01,2025-12-31,active,True
PHN_03453,ba13a65da603ac3f,P_01149,BSNL,2024-01-01,2025-12-31,active,True
PHN_03454,4fce302290ba158c,P_02435,Jio,2024-01-01,2025-12-31,active,True
PHN_03455,0b8ba017868b9576,P_00524,Airtel,2024-01-01,2025-12-31,active,True
PHN_03456,8ce152f5eaf2a64f,P_00204,Airtel,2024-01-01,2025-12-31,active,True
PHN_03457,2853296c2c864e8a,P_04441,Jio,2024-01-01,2025-12-31,active,True
PHN_03458,38332657348d1bd2,P_02305,Airtel,2024-01-01,2025-12-31,active,True
PHN_03459,0625b5f5dfecfa87,P_04063,BSNL,2024-01-01,2025-12-31,active,True
PHN_03460,4f47aa7277f30aae,P_01106,Airtel,2024-01-01,2025-12-31,active,True
PHN_03461,8fd91ffeacdd0a7d,P_00061,Airtel,2024-01-01,2025-12-31,active,True
PHN_03462,79002558d7c66b4f,P_04527,Jio,2024-01-01,2025-12-31,active,True
PHN_03463,cb25eca80717cfc6,P_02955,Jio,2024-01-01,2025-12-31,active,True
PHN_03464,3e3b3c33d885ec8e,P_04213,Jio,2024-01-01,2025-12-31,active,True
PHN_03465,2dee90562a9c93f3,P_02625,Jio,2024-01-01,2025-12-31,active,True
PHN_03466,5068442185e951ac,P_04585,Jio,2024-01-01,2025-12-31,active,True
PHN_03467,f43da633a14c7b94,P_04678,Airtel,2024-01-01,2025-12-31,active,True
PHN_03468,d255489ee4600e3b,P_03346,Vi,2024-01-01,2025-12-31,active,True
PHN_03469,642e78ae5133c167,P_04072,BSNL,2024-01-01,2025-12-31,active,True
PHN_03470,8cf3cae71138952c,P_02671,Jio,2024-01-01,2025-12-31,active,True
PHN_03471,6fab8677aefc384f,P_04085,Vi,2024-01-01,2025-12-31,active,True
PHN_03472,f761c10a092e4732,P_00127,Airtel,2024-01-01,2025-12-31,active,True
PHN_03473,f28ca7a80e3884a7,P_04050,Vi,2024-01-01,2025-12-31,active,True
PHN_03474,4a825d48047a509c,P_02522,Jio,2024-01-01,2025-12-31,active,True
PHN_03475,6018892e6e70cbd8,P_01530,Jio,2024-01-01,2025-12-31,active,True
PHN_03476,cec54b9f250de407,P_03054,BSNL,2024-01-01,2025-12-31,active,True
PHN_03477,a3890a9f1adc72cb,P_02508,BSNL,2024-01-01,2025-12-31,active,True
PHN_03478,944b9b9ef9adc20f,P_00303,BSNL,2024-01-01,2025-12-31,active,True
PHN_03479,e361ea4d16649081,P_03118,Airtel,2024-01-01,2025-12-31,active,True
PHN_03480,85c1be1f6a939b32,P_00225,Vi,2024-01-01,2025-12-31,active,True
PHN_03481,5bc9b70487999334,P_03216,Vi,2024-01-01,2025-12-31,active,True
PHN_03482,25ab66980b522b35,P_02278,BSNL,2024-01-01,2025-12-31,active,True
PHN_03483,0ef0a70e410cd965,P_00886,Jio,2024-01-01,2025-12-31,active,True
PHN_03484,3fcc57969bd420bc,P_00798,Airtel,2024-01-01,2025-12-31,active,True
PHN_03485,350debc320585922,P_02741,BSNL,2024-01-01,2025-12-31,active,True
PHN_03486,ce3bda446972ab8c,P_03234,Vi,2024-01-01,2025-12-31,active,True
PHN_03487,3d0f34e3b123cc69,P_03082,Jio,2024-01-01,2025-12-31,active,True
PHN_03488,2fdb12548cf3fd3a,P_02950,Vi,2024-01-01,2025-12-31,active,True
PHN_03489,e099efde8cceb644,P_00171,Vi,2024-01-01,2025-12-31,active,True
PHN_03490,c47a2baae838b973,P_03053,BSNL,2024-01-01,2025-12-31,active,True
PHN_03491,c1c822625106a482,P_02702,Airtel,2024-01-01,2025-12-31,active,True
PHN_03492,b9138c211ddb7b6e,P_03902,Airtel,2024-01-01,2025-12-31,active,True
PHN_03493,c543bdcf15187478,P_04782,Vi,2024-01-01,2025-12-31,active,True
PHN_03494,47bb68d1c5b5c5e5,P_03994,Airtel,2024-01-01,2025-12-31,active,True
PHN_03495,600935e7de33a604,P_03782,Jio,2024-01-01,2025-12-31,active,True
PHN_03496,340fdbfd54e98b22,P_01563,Airtel,2024-01-01,2025-12-31,active,True
PHN_03497,263b83e79d8c1a38,P_00678,BSNL,2024-01-01,2025-12-31,active,True
PHN_03498,704ec8122051fa18,P_00150,Jio,2024-01-01,2025-12-31,active,True
PHN_03499,da9d5bc9a43a7450,P_00221,BSNL,2024-01-01,2025-12-31,active,True
PHN_03500,e033fd944e85e42e,P_03462,BSNL,2024-01-01,2025-12-31,active,True
PHN_03501,87f426bee27d4d37,P_00584,Airtel,2024-01-01,2025-12-31,active,True
PHN_03502,b45799311f63d81c,P_02106,Airtel,2024-01-01,2025-12-31,active,True
PHN_03503,c39dcdd747e60400,P_01380,Jio,2024-01-01,2025-12-31,active,True
PHN_03504,cb3cd870e897f80d,P_00609,Jio,2024-01-01,2025-12-31,active,True
PHN_03505,e0443de01d9b5afc,P_01072,BSNL,2024-01-01,2025-12-31,active,True
PHN_03506,4c6811484c32a282,P_01095,BSNL,2024-01-01,2025-12-31,active,True
PHN_03507,f284886729d90a88,P_03687,Jio,2024-01-01,2025-12-31,active,True
PHN_03508,99ff87296b10a9fd,P_01796,Jio,2024-01-01,2025-12-31,active,True
PHN_03509,4094288cb8678eda,P_04498,Jio,2024-01-01,2025-12-31,active,True
PHN_03510,bd7827bc9bbc5b4e,P_02204,Airtel,2024-01-01,2025-12-31,active,True
PHN_03511,870e45117ed7bfc1,P_02096,Jio,2024-01-01,2025-12-31,active,True
PHN_03512,5b12bb21d1b5f68b,P_01699,BSNL,2024-01-01,2025-12-31,active,True
PHN_03513,3b858ed4dd79ad96,P_01777,Airtel,2024-01-01,2025-12-31,active,True
PHN_03514,17c05ba7cb8eda1f,P_04315,Vi,2024-01-01,2025-12-31,active,True
PHN_03515,d19c6f24d381a991,P_01257,BSNL,2024-01-01,2025-12-31,active,True
PHN_03516,43bd51a5d76231ff,P_02621,BSNL,2024-01-01,2025-12-31,active,True
PHN_03517,8cad5b87964dad2b,P_03391,Jio,2024-01-01,2025-12-31,active,True
PHN_03518,822ee6d2171a6fd0,P_02734,Jio,2024-01-01,2025-12-31,active,True
PHN_03519,4dde9436beb50413,P_00258,Vi,2024-01-01,2025-12-31,active,True
PHN_03520,ebc341de88e6ea32,P_04557,Vi,2024-01-01,2025-12-31,active,True
PHN_03521,5fae7a31cef5b38d,P_01764,Jio,2024-01-01,2025-12-31,active,True
PHN_03522,794e243ffa00fe20,P_02684,Vi,2024-01-01,2025-12-31,active,True
PHN_03523,5248866ad14ccd61,P_00436,Vi,2024-01-01,2025-12-31,active,True
PHN_03524,d9c9e04e123c5aec,P_02257,Vi,2024-01-01,2025-12-31,active,True
PHN_03525,bed61796da99fa97,P_03720,Jio,2024-01-01,2025-12-31,active,True
PHN_03526,77a1d9b45db210e5,P_04587,Jio,2024-01-01,2025-12-31,active,True
PHN_03527,927077ff0b15dec1,P_03940,Vi,2024-01-01,2025-12-31,active,True
PHN_03528,c1cd85b7f5a689b7,P_00874,Jio,2024-01-01,2025-12-31,active,True
PHN_03529,28a39269b5572a31,P_02848,Jio,2024-01-01,2025-12-31,active,True
PHN_03530,c27a23101be673fc,P_02465,BSNL,2024-01-01,2025-12-31,active,True
PHN_03531,28c6f0715a5a99ba,P_03329,Vi,2024-01-01,2025-12-31,active,True
PHN_03532,c02c4a14c0431569,P_02117,BSNL,2024-01-01,2025-12-31,active,True
PHN_03533,c99488fb48cf86b6,P_00764,Jio,2024-01-01,2025-12-31,active,True
PHN_03534,2a326c6dcff6dc4a,P_03332,BSNL,2024-01-01,2025-12-31,active,True
PHN_03535,193757174a81ce60,P_01160,BSNL,2024-01-01,2025-12-31,active,True
PHN_03536,a15e0bd587eb8e28,P_03508,Vi,2024-01-01,2025-12-31,active,True
PHN_03537,fc5fd3d14094f2a6,P_02428,Vi,2024-01-01,2025-12-31,active,True
PHN_03538,f574c1188909bbbe,P_01925,BSNL,2024-01-01,2025-12-31,active,True
PHN_03539,6164b2f6b62b4556,P_01801,BSNL,2024-01-01,2025-12-31,active,True
PHN_03540,4dc06d7c6a981ea6,P_03487,Vi,2024-01-01,2025-12-31,active,True
PHN_03541,5ecf82b0fca5ea57,P_04952,Vi,2024-01-01,2025-12-31,active,True
PHN_03542,f759ea4e76126f92,P_04912,Airtel,2024-01-01,2025-12-31,active,True
PHN_03543,eea14e7b661ed223,P_01873,Vi,2024-01-01,2025-12-31,active,True
PHN_03544,300242fcfa838ebc,P_01088,Jio,2024-01-01,2025-12-31,active,True
PHN_03545,6e312b31fcd8c7e6,P_03506,Airtel,2024-01-01,2025-12-31,active,True
PHN_03546,3a1a63c8c5e82aa3,P_03123,Vi,2024-01-01,2025-12-31,active,True
PHN_03547,a7ab1bdd1e8d1549,P_04277,Jio,2024-01-01,2025-12-31,active,True
PHN_03548,e91e20955f4739e1,P_04410,BSNL,2024-01-01,2025-12-31,active,True
PHN_03549,01a88d0502cfb097,P_00793,BSNL,2024-01-01,2025-12-31,active,True
PHN_03550,574e335603cab7d1,P_01313,Airtel,2024-01-01,2025-12-31,active,True
PHN_03551,7837b30e1e55a952,P_03309,Vi,2024-01-01,2025-12-31,active,True
PHN_03552,935ffc0457263bec,P_04500,Vi,2024-01-01,2025-12-31,active,True
PHN_03553,1a379c69cc84917e,P_01693,Jio,2024-01-01,2025-12-31,active,True
PHN_03554,c7c73d4fde7c8ffe,P_02956,Airtel,2024-01-01,2025-12-31,active,True
PHN_03555,aa935ca04fc6380a,P_00633,Vi,2024-01-01,2025-12-31,active,True
PHN_03556,e80ee107cc9c7496,P_03531,Jio,2024-01-01,2025-12-31,active,True
PHN_03557,16a27a31f7543701,P_03640,Airtel,2024-01-01,2025-12-31,active,True
PHN_03558,ed16923bde991977,P_03975,Vi,2024-01-01,2025-12-31,active,True
PHN_03559,ccd565158d83343b,P_03890,Vi,2024-01-01,2025-12-31,active,True
PHN_03560,0953b24050196403,P_02513,Airtel,2024-01-01,2025-12-31,active,True
PHN_03561,d2ca030503734e2d,P_03651,Airtel,2024-01-01,2025-12-31,active,True
PHN_03562,2ecd2aafd3812da7,P_01857,Jio,2024-01-01,2025-12-31,active,True
PHN_03563,afcc1ae41d09580c,P_03954,Jio,2024-01-01,2025-12-31,active,True
PHN_03564,ed6be95457a2cb4f,P_04999,Airtel,2024-01-01,2025-12-31,active,True
PHN_03565,e12d20f5812e67a2,P_01394,Vi,2024-01-01,2025-12-31,active,True
PHN_03566,f53b988bdd097121,P_04378,Airtel,2024-01-01,2025-12-31,active,True
PHN_03567,46e824a6c700698d,P_00985,Vi,2024-01-01,2025-12-31,active,True
PHN_03568,a546e6712661e0e8,P_04156,Jio,2024-01-01,2025-12-31,active,True
PHN_03569,5147c18f4ed4d542,P_04420,Vi,2024-01-01,2025-12-31,active,True
PHN_03570,9b548adbb546ee8b,P_03662,Jio,2024-01-01,2025-12-31,active,True
PHN_03571,1dd8b05281ec194e,P_03700,BSNL,2024-01-01,2025-12-31,active,True
PHN_03572,15a62c04ad325564,P_01241,BSNL,2024-01-01,2025-12-31,active,True
PHN_03573,896f034b6a42a4b9,P_00855,Vi,2024-01-01,2025-12-31,active,True
PHN_03574,0d24c08ab9ab88d3,P_03337,BSNL,2024-01-01,2025-12-31,active,True
PHN_03575,476d1efcbe6d0c80,P_03974,Jio,2024-01-01,2025-12-31,active,True
PHN_03576,122c8bf3774fab42,P_03153,Airtel,2024-01-01,2025-12-31,active,True
PHN_03577,c5495b336503ee00,P_02417,Airtel,2024-01-01,2025-12-31,active,True
PHN_03578,66ecf6e597208cd1,P_02694,Jio,2024-01-01,2025-12-31,active,True
PHN_03579,13ae6e34d5bdf7d1,P_04242,Vi,2024-01-01,2025-12-31,active,True
PHN_03580,577f9d38aa2bf56b,P_02184,Vi,2024-01-01,2025-12-31,active,True
PHN_03581,3901573a72038d90,P_00639,Airtel,2024-01-01,2025-12-31,active,True
PHN_03582,60b5b3d70c27091f,P_02419,Vi,2024-01-01,2025-12-31,active,True
PHN_03583,289f181545918a46,P_01060,BSNL,2024-01-01,2025-12-31,active,True
PHN_03584,ddde818105acc6d0,P_01941,Vi,2024-01-01,2025-12-31,active,True
PHN_03585,ef2f1031cd839c1e,P_00050,BSNL,2024-01-01,2025-12-31,active,True
PHN_03586,dc415e178a54f205,P_00714,Jio,2024-01-01,2025-12-31,active,True
PHN_03587,6a69c193bebd712b,P_03119,Jio,2024-01-01,2025-12-31,active,True
PHN_03588,5e2137450ba9da40,P_02041,Vi,2024-01-01,2025-12-31,active,True
PHN_03589,1dd26fd8ee9e7d33,P_01740,BSNL,2024-01-01,2025-12-31,active,True
PHN_03590,8c7ebed15ca6ab03,P_02864,Jio,2024-01-01,2025-12-31,active,True
PHN_03591,03b545c8db3632d4,P_00790,BSNL,2024-01-01,2025-12-31,active,True
PHN_03592,c8683c963fbe17e1,P_00784,BSNL,2024-01-01,2025-12-31,active,True
PHN_03593,db2dc009ff5995e9,P_00895,Vi,2024-01-01,2025-12-31,active,True
PHN_03594,c4d371a7a2fd4816,P_00628,BSNL,2024-01-01,2025-12-31,active,True
PHN_03595,34aa7f652a6829d2,P_01867,BSNL,2024-01-01,2025-12-31,active,True
PHN_03596,85b09518daf5bd08,P_03486,Vi,2024-01-01,2025-12-31,active,True
PHN_03597,165c6a0b6a99d374,P_00060,Jio,2024-01-01,2025-12-31,active,True
PHN_03598,f55cc3497e28f553,P_01652,Jio,2024-01-01,2025-12-31,active,True
PHN_03599,ddf21359b0f9e74f,P_04122,Jio,2024-01-01,2025-12-31,active,True
PHN_03600,efba9269ae4f2084,P_00128,Jio,2024-01-01,2025-12-31,active,True
PHN_03601,4c7acbe419453a91,P_03990,Vi,2024-01-01,2025-12-31,active,True
PHN_03602,0ed5dff0b7cd7d7c,P_03948,Jio,2024-01-01,2025-12-31,active,True
PHN_03603,daa3a966befc133a,P_02499,Jio,2024-01-01,2025-12-31,active,True
PHN_03604,561a5e0ff8e096db,P_02553,Vi,2024-01-01,2025-12-31,active,True
PHN_03605,155c7c79867cc664,P_00809,Vi,2024-01-01,2025-12-31,active,True
PHN_03606,d1bbcdc0b8a9c044,P_02678,Airtel,2024-01-01,2025-12-31,active,True
PHN_03607,ffdaabab642b6ca9,P_04042,Airtel,2024-01-01,2025-12-31,active,True
PHN_03608,34c11120236d1630,P_03143,Jio,2024-01-01,2025-12-31,active,True
PHN_03609,ccb3a333a688ac2d,P_03826,BSNL,2024-01-01,2025-12-31,active,True
PHN_03610,cf549f5a589c2ca9,P_03493,Jio,2024-01-01,2025-12-31,active,True
PHN_03611,4e16bddc6f554a00,P_04480,Airtel,2024-01-01,2025-12-31,active,True
PHN_03612,ff9d467e177a79a3,P_04360,Jio,2024-01-01,2025-12-31,active,True
PHN_03613,912f6d9f3603cce2,P_03135,Vi,2024-01-01,2025-12-31,active,True
PHN_03614,92addb6b71e48a2e,P_04434,BSNL,2024-01-01,2025-12-31,active,True
PHN_03615,110ddbb8ee2cc11e,P_01392,Jio,2024-01-01,2025-12-31,active,True
PHN_03616,17ff1d7da731c0e0,P_04871,Jio,2024-01-01,2025-12-31,active,True
PHN_03617,39f38663a8b4e8ab,P_03733,Vi,2024-01-01,2025-12-31,active,True
PHN_03618,bfe04b990499bb33,P_03156,Vi,2024-01-01,2025-12-31,active,True
PHN_03619,712cd7a420d65b8b,P_02789,Airtel,2024-01-01,2025-12-31,active,True
PHN_03620,549087b440319dd4,P_00180,Jio,2024-01-01,2025-12-31,active,True
PHN_03621,ed8603bcdb6eab7b,P_03094,Vi,2024-01-01,2025-12-31,active,True
PHN_03622,bc1ea29818c1882f,P_02930,Jio,2024-01-01,2025-12-31,active,True
PHN_03623,7064dcabb3a5177d,P_04288,BSNL,2024-01-01,2025-12-31,active,True
PHN_03624,b9e3c0bed432b7a0,P_01891,Jio,2024-01-01,2025-12-31,active,True
PHN_03625,fc6854161577f851,P_00234,BSNL,2024-01-01,2025-12-31,active,True
PHN_03626,d80a9179bf4f7c05,P_03094,Airtel,2024-01-01,2025-12-31,active,True
PHN_03627,c21a902e5974065e,P_03744,Airtel,2024-01-01,2025-12-31,active,True
PHN_03628,3d71474032ca6a87,P_01694,Airtel,2024-01-01,2025-12-31,active,True
PHN_03629,10694329249a0067,P_03496,Vi,2024-01-01,2025-12-31,active,True
PHN_03630,08d5a8d4f7509653,P_00486,Airtel,2024-01-01,2025-12-31,active,True
PHN_03631,cf2543710fc272ad,P_01198,BSNL,2024-01-01,2025-12-31,active,True
PHN_03632,1bee36b49c844db8,P_00368,Jio,2024-01-01,2025-12-31,active,True
PHN_03633,cfe0b599d1cdee5b,P_02181,Airtel,2024-01-01,2025-12-31,active,True
PHN_03634,add7904ef655c4d5,P_02922,Vi,2024-01-01,2025-12-31,active,True
PHN_03635,f554b39dcd8b3849,P_01154,BSNL,2024-01-01,2025-12-31,active,True
PHN_03636,d5cc49e15e77650b,P_02999,Airtel,2024-01-01,2025-12-31,active,True
PHN_03637,34e9aa9f7ba6a284,P_00430,Airtel,2024-01-01,2025-12-31,active,True
PHN_03638,77e21f7609cd63aa,P_04615,Airtel,2024-01-01,2025-12-31,active,True
PHN_03639,da6b2ebf9e949838,P_02501,Jio,2024-01-01,2025-12-31,active,True
PHN_03640,261145d1b2776d76,P_01596,Vi,2024-01-01,2025-12-31,active,True
PHN_03641,8e3022d8fd37e2d1,P_04813,Vi,2024-01-01,2025-12-31,active,True
PHN_03642,0de59d1e9d89bf6f,P_01189,Jio,2024-01-01,2025-12-31,active,True
PHN_03643,7297c3ffe804c362,P_03112,Jio,2024-01-01,2025-12-31,active,True
PHN_03644,03892f919004e21f,P_04998,BSNL,2024-01-01,2025-12-31,active,True
PHN_03645,ba8a7738c0dd1724,P_01281,Vi,2024-01-01,2025-12-31,active,True
PHN_03646,df7cf3a5d142ba66,P_00091,Jio,2024-01-01,2025-12-31,active,True
PHN_03647,6a3ee451fc61490a,P_02165,Airtel,2024-01-01,2025-12-31,active,True
PHN_03648,2186c8ff901c86eb,P_00938,Vi,2024-01-01,2025-12-31,active,True
PHN_03649,5e3192d8ddba3f5c,P_00747,Jio,2024-01-01,2025-12-31,active,True
PHN_03650,595b648aac581cc3,P_01640,Vi,2024-01-01,2025-12-31,active,True
PHN_03651,894d1753ced1495e,P_03440,Jio,2024-01-01,2025-12-31,active,True
PHN_03652,510d618e65ed7f73,P_01282,Vi,2024-01-01,2025-12-31,active,True
PHN_03653,a5347acacb24826f,P_01420,Jio,2024-01-01,2025-12-31,active,True
PHN_03654,ecfc348b0e480ca3,P_00346,Airtel,2024-01-01,2025-12-31,active,True
PHN_03655,5538105dac3aeb16,P_04020,Airtel,2024-01-01,2025-12-31,active,True
PHN_03656,7e006ed5fa8476fb,P_01371,Vi,2024-01-01,2025-12-31,active,True
PHN_03657,28a955ba0b527f96,P_01669,BSNL,2024-01-01,2025-12-31,active,True
PHN_03658,351bbd2dd9f24307,P_04991,Airtel,2024-01-01,2025-12-31,active,True
PHN_03659,a7dcf7937647f331,P_04002,Vi,2024-01-01,2025-12-31,active,True
PHN_03660,1d2ebc69b067a8e9,P_04696,Vi,2024-01-01,2025-12-31,active,True
PHN_03661,0f689ff9840a2dab,P_04607,Airtel,2024-01-01,2025-12-31,active,True
PHN_03662,6eca4e056a767473,P_01275,Jio,2024-01-01,2025-12-31,active,True
PHN_03663,f83d7c4e8ee4b62b,P_03954,BSNL,2024-01-01,2025-12-31,active,True
PHN_03664,a7f89c3c5633d70c,P_02639,Vi,2024-01-01,2025-12-31,active,True
PHN_03665,c1d0e62bc6613e42,P_03648,Vi,2024-01-01,2025-12-31,active,True
PHN_03666,19cc5bebba49e623,P_03262,Vi,2024-01-01,2025-12-31,active,True
PHN_03667,ba28d25840ee9368,P_00837,Vi,2024-01-01,2025-12-31,active,True
PHN_03668,b4b9e662a9a96f98,P_03569,Airtel,2024-01-01,2025-12-31,active,True
PHN_03669,8a945f70c9652e8c,P_03508,BSNL,2024-01-01,2025-12-31,active,True
PHN_03670,ae67a89a891fde53,P_03469,BSNL,2024-01-01,2025-12-31,active,True
PHN_03671,6c55524b6ab19e17,P_00478,Jio,2024-01-01,2025-12-31,active,True
PHN_03672,c355de2b1b897b9d,P_00027,Airtel,2024-01-01,2025-12-31,active,True
PHN_03673,4957460c64d19450,P_01046,Jio,2024-01-01,2025-12-31,active,True
PHN_03674,a976bd1deb663f65,P_02059,BSNL,2024-01-01,2025-12-31,active,True
PHN_03675,daeb1a27fa19371f,P_02920,Vi,2024-01-01,2025-12-31,active,True
PHN_03676,d9903998dcadbb41,P_01463,Vi,2024-01-01,2025-12-31,active,True
PHN_03677,14fc7fb8480b93aa,P_02402,Airtel,2024-01-01,2025-12-31,active,True
PHN_03678,cc7e8c1f99ac8476,P_02751,Vi,2024-01-01,2025-12-31,active,True
PHN_03679,b9094bb8b2fe0965,P_03720,Airtel,2024-01-01,2025-12-31,active,True
PHN_03680,7d392364dcc12121,P_03482,Airtel,2024-01-01,2025-12-31,active,True
PHN_03681,d083e1258d92ec32,P_04604,Vi,2024-01-01,2025-12-31,active,True
PHN_03682,e8511c0516fd73c5,P_01235,Vi,2024-01-01,2025-12-31,active,True
PHN_03683,6bcbd32a3dc8f0a8,P_01763,Airtel,2024-01-01,2025-12-31,active,True
PHN_03684,609008ebdda919ad,P_02799,Vi,2024-01-01,2025-12-31,active,True
PHN_03685,32849b314a110279,P_01417,Vi,2024-01-01,2025-12-31,active,True
PHN_03686,5c2971dc30b2dfdc,P_00518,Airtel,2024-01-01,2025-12-31,active,True
PHN_03687,500957525a82631e,P_02396,BSNL,2024-01-01,2025-12-31,active,True
PHN_03688,dedaeb1c8b48bd65,P_00175,Airtel,2024-01-01,2025-12-31,active,True
PHN_03689,af58f5b4be9aea46,P_02144,Jio,2024-01-01,2025-12-31,active,True
PHN_03690,016c29cad1e8ffb8,P_02933,Vi,2024-01-01,2025-12-31,active,True
PHN_03691,0fd04f08f1903746,P_03402,Jio,2024-01-01,2025-12-31,active,True
PHN_03692,a57688d7528f6ed4,P_04066,Jio,2024-01-01,2025-12-31,active,True
PHN_03693,55042adbed3666c5,P_00319,Jio,2024-01-01,2025-12-31,active,True
PHN_03694,b578d9ed3c6983cc,P_01330,Jio,2024-01-01,2025-12-31,active,True
PHN_03695,a8fb3f327b3c3f1c,P_01146,Vi,2024-01-01,2025-12-31,active,True
PHN_03696,95e2b1abd4cbaec0,P_02977,Airtel,2024-01-01,2025-12-31,active,True
PHN_03697,1a288eb537c71e28,P_00791,Airtel,2024-01-01,2025-12-31,active,True
PHN_03698,226374f647fd1f4c,P_01118,Airtel,2024-01-01,2025-12-31,active,True
PHN_03699,dbdea2241ad68cb6,P_04551,Vi,2024-01-01,2025-12-31,active,True
PHN_03700,42a2f3e7f7e18b57,P_00809,Airtel,2024-01-01,2025-12-31,active,True
PHN_03701,03736ffa246a3b85,P_01346,Airtel,2024-01-01,2025-12-31,active,True
PHN_03702,861561084bd7a379,P_01091,Airtel,2024-01-01,2025-12-31,active,True
PHN_03703,cde21bdff6f9b7c2,P_00933,Vi,2024-01-01,2025-12-31,active,True
PHN_03704,201eed0ec0efd07d,P_02617,BSNL,2024-01-01,2025-12-31,active,True
PHN_03705,d9466e5cf5b44e99,P_00872,Jio,2024-01-01,2025-12-31,active,True
PHN_03706,58c217bff17a7bde,P_02233,Jio,2024-01-01,2025-12-31,active,True
PHN_03707,c3708d1057586aa1,P_03218,BSNL,2024-01-01,2025-12-31,active,True
PHN_03708,a677c809ba326b3e,P_04141,Jio,2024-01-01,2025-12-31,active,True
PHN_03709,00f9b7606d3545f7,P_00643,Vi,2024-01-01,2025-12-31,active,True
PHN_03710,ee6f25032a2ea551,P_04961,Airtel,2024-01-01,2025-12-31,active,True
PHN_03711,940c26a788c1abc0,P_01464,Vi,2024-01-01,2025-12-31,active,True
PHN_03712,fec66d7d2dd4aa1e,P_01526,Airtel,2024-01-01,2025-12-31,active,True
PHN_03713,c3f507c52cb07e0e,P_03222,Vi,2024-01-01,2025-12-31,active,True
PHN_03714,7589aadce4e3b67f,P_02911,BSNL,2024-01-01,2025-12-31,active,True
PHN_03715,f67f23ef64f5df89,P_00333,Airtel,2024-01-01,2025-12-31,active,True
PHN_03716,a62499555a63fec7,P_03170,Airtel,2024-01-01,2025-12-31,active,True
PHN_03717,58289afe8f20873f,P_00710,Vi,2024-01-01,2025-12-31,active,True
PHN_03718,ef0005ca8bbcd6e1,P_03641,BSNL,2024-01-01,2025-12-31,active,True
PHN_03719,47e6d9c1e5328845,P_02075,Airtel,2024-01-01,2025-12-31,active,True
PHN_03720,7b7ae029fb3ccd0b,P_04087,Vi,2024-01-01,2025-12-31,active,True
PHN_03721,7cc304356272de4e,P_02451,Vi,2024-01-01,2025-12-31,active,True
PHN_03722,7ce7f712b8622d21,P_01128,BSNL,2024-01-01,2025-12-31,active,True
PHN_03723,52a4bd2d02669aa2,P_03581,Airtel,2024-01-01,2025-12-31,active,True
PHN_03724,c496eda30c832809,P_03121,Airtel,2024-01-01,2025-12-31,active,True
PHN_03725,f269ae0c852954a6,P_01764,BSNL,2024-01-01,2025-12-31,active,True
PHN_03726,7e18ce4b6e59f161,P_02377,Airtel,2024-01-01,2025-12-31,active,True
PHN_03727,f6ddf1ab6e6ba859,P_00120,BSNL,2024-01-01,2025-12-31,active,True
PHN_03728,7b5723a68b4fdf32,P_04265,Jio,2024-01-01,2025-12-31,active,True
PHN_03729,16c36e5740326aa8,P_04913,Jio,2024-01-01,2025-12-31,active,True
PHN_03730,8b62b139f57a1386,P_03947,BSNL,2024-01-01,2025-12-31,active,True
PHN_03731,5eea96485febaabf,P_04155,BSNL,2024-01-01,2025-12-31,active,True
PHN_03732,53f8483dede54fac,P_04666,Airtel,2024-01-01,2025-12-31,active,True
PHN_03733,322e3483d014451e,P_04394,Jio,2024-01-01,2025-12-31,active,True
PHN_03734,2fc4ce0cd618269b,P_04655,BSNL,2024-01-01,2025-12-31,active,True
PHN_03735,1f9deefaf9ea5896,P_02284,Jio,2024-01-01,2025-12-31,active,True
PHN_03736,62531031769f12dc,P_01420,Jio,2024-01-01,2025-12-31,active,True
PHN_03737,665fc0eb2b85aeee,P_04904,Jio,2024-01-01,2025-12-31,active,True
PHN_03738,c1deccc8ecea3089,P_00296,Vi,2024-01-01,2025-12-31,active,True
PHN_03739,66ffe570e00eeeb1,P_00746,Vi,2024-01-01,2025-12-31,active,True
PHN_03740,34ffddfa5d6ba16d,P_00927,Vi,2024-01-01,2025-12-31,active,True
PHN_03741,230932c7053c19cc,P_04354,Airtel,2024-01-01,2025-12-31,active,True
PHN_03742,aee6ecb77870c1d7,P_03712,Vi,2024-01-01,2025-12-31,active,True
PHN_03743,e2302abddabb6092,P_01675,Airtel,2024-01-01,2025-12-31,active,True
PHN_03744,34e05fa8cc0d58c8,P_03880,Airtel,2024-01-01,2025-12-31,active,True
PHN_03745,9e951a090e971085,P_04231,BSNL,2024-01-01,2025-12-31,active,True
PHN_03746,d28fe77f946c1a3e,P_03346,BSNL,2024-01-01,2025-12-31,active,True
PHN_03747,07770edda1141b38,P_04463,Vi,2024-01-01,2025-12-31,active,True
PHN_03748,596c87a7cf748b04,P_01742,Jio,2024-01-01,2025-12-31,active,True
PHN_03749,2f18f1ff7875b34b,P_03156,Jio,2024-01-01,2025-12-31,active,True
PHN_03750,3e5ae22791f26b52,P_00487,Vi,2024-01-01,2025-12-31,active,True
PHN_03751,5baaa7e1403367d3,P_00691,Vi,2024-01-01,2025-12-31,active,True
PHN_03752,5456fc4ee17f303d,P_03782,BSNL,2024-01-01,2025-12-31,active,True
PHN_03753,11b7ecbcfd2da23c,P_02980,Airtel,2024-01-01,2025-12-31,active,True
PHN_03754,09201be3413f89e4,P_00641,Vi,2024-01-01,2025-12-31,active,True
PHN_03755,a9ba4635b4dcdff0,P_02898,BSNL,2024-01-01,2025-12-31,active,True
PHN_03756,119342822a2b4f4f,P_00544,Jio,2024-01-01,2025-12-31,active,True
PHN_03757,b96f4cbc0ec2358c,P_01679,Airtel,2024-01-01,2025-12-31,active,True
PHN_03758,20f0f61e6afb86be,P_03777,BSNL,2024-01-01,2025-12-31,active,True
PHN_03759,f1030d39ce41e608,P_00340,Vi,2024-01-01,2025-12-31,active,True
PHN_03760,868b44c1f7b02812,P_04086,BSNL,2024-01-01,2025-12-31,active,True
PHN_03761,2fc2adc549e7dfb3,P_04980,Vi,2024-01-01,2025-12-31,active,True
PHN_03762,29871e6856440bdd,P_04368,Airtel,2024-01-01,2025-12-31,active,True
PHN_03763,0bf8e5c8229b4809,P_02144,Airtel,2024-01-01,2025-12-31,active,True
PHN_03764,abd9b13d3c101945,P_00818,Vi,2024-01-01,2025-12-31,active,True
PHN_03765,48040f036785841e,P_02732,Jio,2024-01-01,2025-12-31,active,True
PHN_03766,dff4127135d3516f,P_01383,BSNL,2024-01-01,2025-12-31,active,True
PHN_03767,45247b81a4911333,P_00372,Airtel,2024-01-01,2025-12-31,active,True
PHN_03768,92222f5dc1b89864,P_00041,Jio,2024-01-01,2025-12-31,active,True
PHN_03769,7bab49e036044713,P_04519,Vi,2024-01-01,2025-12-31,active,True
PHN_03770,460c1f11e2735c0f,P_00392,Jio,2024-01-01,2025-12-31,active,True
PHN_03771,da181c94e9637cc8,P_02597,Vi,2024-01-01,2025-12-31,active,True
PHN_03772,660edfbd87213e95,P_00851,Jio,2024-01-01,2025-12-31,active,True
PHN_03773,025c1fe6634f5810,P_02935,Vi,2024-01-01,2025-12-31,active,True
PHN_03774,7bb16744fbc3a9e1,P_00117,Jio,2024-01-01,2025-12-31,active,True
PHN_03775,0c4ce7be17c4a480,P_01984,BSNL,2024-01-01,2025-12-31,active,True
PHN_03776,85c9aae5363db957,P_02283,BSNL,2024-01-01,2025-12-31,active,True
PHN_03777,97384a60afc34013,P_01796,Vi,2024-01-01,2025-12-31,active,True
PHN_03778,6f2d00997ab22802,P_00592,Airtel,2024-01-01,2025-12-31,active,True
PHN_03779,d376a170420c30c0,P_03375,BSNL,2024-01-01,2025-12-31,active,True
PHN_03780,88c8d2a380eb18cb,P_01112,Vi,2024-01-01,2025-12-31,active,True
PHN_03781,23b0144de63e2ddd,P_01796,Airtel,2024-01-01,2025-12-31,active,True
PHN_03782,9081bcb994a5bfad,P_02386,Airtel,2024-01-01,2025-12-31,active,True
PHN_03783,98329a1531b5c090,P_04913,Jio,2024-01-01,2025-12-31,active,True
PHN_03784,59f27f0ee9ec8a41,P_02418,Vi,2024-01-01,2025-12-31,active,True
PHN_03785,bf0123de3be559f8,P_00215,Jio,2024-01-01,2025-12-31,active,True
PHN_03786,7cc14e7b8c60f6dd,P_03716,Vi,2024-01-01,2025-12-31,active,True
PHN_03787,b0aa188d5dcf965a,P_01133,Airtel,2024-01-01,2025-12-31,active,True
PHN_03788,62810627dc1fb590,P_04680,Vi,2024-01-01,2025-12-31,active,True
PHN_03789,bd1933a0d14a165a,P_01522,BSNL,2024-01-01,2025-12-31,active,True
PHN_03790,807b2266c94b23a2,P_04218,Jio,2024-01-01,2025-12-31,active,True
PHN_03791,8713e780cba3a823,P_04657,Jio,2024-01-01,2025-12-31,active,True
PHN_03792,864b8ffcfd724d52,P_01356,Vi,2024-01-01,2025-12-31,active,True
PHN_03793,89ab62685b9b55b7,P_03148,Jio,2024-01-01,2025-12-31,active,True
PHN_03794,3ae5942b2e606730,P_02176,Jio,2024-01-01,2025-12-31,active,True
PHN_03795,1540c41fd02c3919,P_04960,Jio,2024-01-01,2025-12-31,active,True
PHN_03796,5f05bf5630c3fa81,P_01323,BSNL,2024-01-01,2025-12-31,active,True
PHN_03797,0d482b6eece7f042,P_04809,BSNL,2024-01-01,2025-12-31,active,True
PHN_03798,420bc5bad04ae407,P_02071,Jio,2024-01-01,2025-12-31,active,True
PHN_03799,9415efaa047a9b0d,P_02607,Jio,2024-01-01,2025-12-31,active,True
PHN_03800,73fce3443258aa23,P_00613,Vi,2024-01-01,2025-12-31,active,True
PHN_03801,d708b423dc5fd960,P_01747,Jio,2024-01-01,2025-12-31,active,True
PHN_03802,7bc594724595ced8,P_03604,Airtel,2024-01-01,2025-12-31,active,True
PHN_03803,af032be73ba55681,P_02870,Airtel,2024-01-01,2025-12-31,active,True
PHN_03804,8daec0da625544c2,P_04183,BSNL,2024-01-01,2025-12-31,active,True
PHN_03805,d1b31a1d4c7c7892,P_00014,BSNL,2024-01-01,2025-12-31,active,True
PHN_03806,a5707210f46475d6,P_00422,Airtel,2024-01-01,2025-12-31,active,True
PHN_03807,3c779d0321a47abd,P_03832,Vi,2024-01-01,2025-12-31,active,True
PHN_03808,47a48659dea6518e,P_04509,Airtel,2024-01-01,2025-12-31,active,True
PHN_03809,3ee72871e23c6ff6,P_03013,BSNL,2024-01-01,2025-12-31,active,True
PHN_03810,48a40086d68c1cfa,P_00708,Airtel,2024-01-01,2025-12-31,active,True
PHN_03811,7a5bded5d4a2fedb,P_00291,Vi,2024-01-01,2025-12-31,active,True
PHN_03812,2e295e79b4f9eab5,P_01888,Airtel,2024-01-01,2025-12-31,active,True
PHN_03813,21194bf28e2e2128,P_00204,Airtel,2024-01-01,2025-12-31,active,True
PHN_03814,3f62ff25b5b7d419,P_01527,BSNL,2024-01-01,2025-12-31,active,True
PHN_03815,fcb95a7481daf10c,P_04714,Vi,2024-01-01,2025-12-31,active,True
PHN_03816,5be21ca23d50aad7,P_03646,Jio,2024-01-01,2025-12-31,active,True
PHN_03817,c38476f59334676f,P_01564,Jio,2024-01-01,2025-12-31,active,True
PHN_03818,7c2bb7c1c6092114,P_00823,Jio,2024-01-01,2025-12-31,active,True
PHN_03819,d650c2f8d704a812,P_04873,Airtel,2024-01-01,2025-12-31,active,True
PHN_03820,fdaf4684af09b40c,P_04999,Vi,2024-01-01,2025-12-31,active,True
PHN_03821,fa02e452ecd2430a,P_01294,BSNL,2024-01-01,2025-12-31,active,True
PHN_03822,732c0ad08097f74a,P_03542,Jio,2024-01-01,2025-12-31,active,True
PHN_03823,c116519454422a85,P_03015,Airtel,2024-01-01,2025-12-31,active,True
PHN_03824,93804ce33f8a5a52,P_00145,Jio,2024-01-01,2025-12-31,active,True
PHN_03825,45715e5de1b24d25,P_01691,Vi,2024-01-01,2025-12-31,active,True
PHN_03826,2f5778e2368c7e33,P_04657,Airtel,2024-01-01,2025-12-31,active,True
PHN_03827,6a4cb52df0713d0a,P_00624,BSNL,2024-01-01,2025-12-31,active,True
PHN_03828,b8d074d4d5b4363d,P_02807,BSNL,2024-01-01,2025-12-31,active,True
PHN_03829,6b34193cd0310f02,P_03540,Jio,2024-01-01,2025-12-31,active,True
PHN_03830,8849feb2707d326f,P_01698,Vi,2024-01-01,2025-12-31,active,True
PHN_03831,b844d2687df5dacd,P_03431,Vi,2024-01-01,2025-12-31,active,True
PHN_03832,c7078268f5429b65,P_00684,Vi,2024-01-01,2025-12-31,active,True
PHN_03833,f1fde109b6b79579,P_01383,Airtel,2024-01-01,2025-12-31,active,True
PHN_03834,0b493c43d6898e9c,P_01742,Vi,2024-01-01,2025-12-31,active,True
PHN_03835,c5ff241659517867,P_01773,Vi,2024-01-01,2025-12-31,active,True
PHN_03836,04528c21968e204e,P_01532,BSNL,2024-01-01,2025-12-31,active,True
PHN_03837,b3807db25dec7702,P_04655,Vi,2024-01-01,2025-12-31,active,True
PHN_03838,c67705adbff51531,P_04884,Vi,2024-01-01,2025-12-31,active,True
PHN_03839,f4690572809bd9ad,P_03590,Vi,2024-01-01,2025-12-31,active,True
PHN_03840,83aac1d1d48cbcca,P_04504,Airtel,2024-01-01,2025-12-31,active,True
PHN_03841,3de91995a6ad67a8,P_02839,Jio,2024-01-01,2025-12-31,active,True
PHN_03842,62b0daf1930152b8,P_04977,Jio,2024-01-01,2025-12-31,active,True
PHN_03843,28cf12c9d48189fe,P_03175,Jio,2024-01-01,2025-12-31,active,True
PHN_03844,5986f2acbcfb8b41,P_03549,Jio,2024-01-01,2025-12-31,active,True
PHN_03845,a918f50439f49923,P_01177,Jio,2024-01-01,2025-12-31,active,True
PHN_03846,c77de836ac86498c,P_02650,Jio,2024-01-01,2025-12-31,active,True
PHN_03847,e7dcaae8c794f75e,P_01275,Vi,2024-01-01,2025-12-31,active,True
PHN_03848,35050192799cb9f8,P_03771,Airtel,2024-01-01,2025-12-31,active,True
PHN_03849,11ce86479fd65971,P_00069,Vi,2024-01-01,2025-12-31,active,True
PHN_03850,cda11a9e95fcb93a,P_00120,BSNL,2024-01-01,2025-12-31,active,True
PHN_03851,152aa21326269ae9,P_01613,BSNL,2024-01-01,2025-12-31,active,True
PHN_03852,59d7848d625eabb9,P_00172,Vi,2024-01-01,2025-12-31,active,True
PHN_03853,039fbf8eb2ecfeef,P_04679,Vi,2024-01-01,2025-12-31,active,True
PHN_03854,696d38740f45a262,P_00838,Vi,2024-01-01,2025-12-31,active,True
PHN_03855,9bc577b413b27110,P_01028,BSNL,2024-01-01,2025-12-31,active,True
PHN_03856,cd2fdf2e7451dfaa,P_01647,Vi,2024-01-01,2025-12-31,active,True
PHN_03857,12afd75e5a35415d,P_01370,Airtel,2024-01-01,2025-12-31,active,True
PHN_03858,bd1a7c7f56f258c1,P_00608,BSNL,2024-01-01,2025-12-31,active,True
PHN_03859,3b0663b9f8395708,P_02191,Vi,2024-01-01,2025-12-31,active,True
PHN_03860,6ca23e4f0bf1a92c,P_01661,BSNL,2024-01-01,2025-12-31,active,True
PHN_03861,df5ad6877cfd65e9,P_03426,BSNL,2024-01-01,2025-12-31,active,True
PHN_03862,e7dc2d45baef88cd,P_03552,Vi,2024-01-01,2025-12-31,active,True
PHN_03863,bd525eaf2f4ce751,P_03194,Airtel,2024-01-01,2025-12-31,active,True
PHN_03864,64b8652af872963e,P_03166,BSNL,2024-01-01,2025-12-31,active,True
PHN_03865,68e1936602464b5c,P_01594,Jio,2024-01-01,2025-12-31,active,True
PHN_03866,48055a5d4cdda383,P_01905,Airtel,2024-01-01,2025-12-31,active,True
PHN_03867,323588a4ef2d6415,P_01087,Airtel,2024-01-01,2025-12-31,active,True
PHN_03868,d9cce96e924fe85e,P_00776,Jio,2024-01-01,2025-12-31,active,True
PHN_03869,4dcaa48d560afe92,P_01401,BSNL,2024-01-01,2025-12-31,active,True
PHN_03870,7094755aaff4370d,P_03965,BSNL,2024-01-01,2025-12-31,active,True
PHN_03871,def4ed71a4bc0403,P_00578,Vi,2024-01-01,2025-12-31,active,True
PHN_03872,fe8c4fee574e1426,P_00771,Vi,2024-01-01,2025-12-31,active,True
PHN_03873,3e95eda1e04c3fc4,P_00980,BSNL,2024-01-01,2025-12-31,active,True
PHN_03874,4efb00a2d5a5ab0b,P_02906,Jio,2024-01-01,2025-12-31,active,True
PHN_03875,082e66dad105c336,P_03407,Airtel,2024-01-01,2025-12-31,active,True
PHN_03876,ec84923c747b7b7d,P_04059,Vi,2024-01-01,2025-12-31,active,True
PHN_03877,75065fe000539dc5,P_01231,Jio,2024-01-01,2025-12-31,active,True
PHN_03878,c901a6f21caf2c5e,P_03431,Airtel,2024-01-01,2025-12-31,active,True
PHN_03879,90a888c706e61ae3,P_01292,BSNL,2024-01-01,2025-12-31,active,True
PHN_03880,c78afc7efb563094,P_04640,BSNL,2024-01-01,2025-12-31,active,True
PHN_03881,fac0b97f5d4631ed,P_00587,Jio,2024-01-01,2025-12-31,active,True
PHN_03882,d4116427d22e76e4,P_00089,BSNL,2024-01-01,2025-12-31,active,True
PHN_03883,c0fda96fc9c77075,P_03134,Vi,2024-01-01,2025-12-31,active,True
PHN_03884,efff06136c907407,P_01391,Airtel,2024-01-01,2025-12-31,active,True
PHN_03885,9e5a4c15eee96c49,P_01295,BSNL,2024-01-01,2025-12-31,active,True
PHN_03886,37f1b10e40a141d9,P_04420,Jio,2024-01-01,2025-12-31,active,True
PHN_03887,0bbaafa7f8321e94,P_04079,Vi,2024-01-01,2025-12-31,active,True
PHN_03888,39b18f63679e7662,P_00355,Jio,2024-01-01,2025-12-31,active,True
PHN_03889,da528bc1d35e4158,P_01567,Airtel,2024-01-01,2025-12-31,active,True
PHN_03890,4f40b451ca503169,P_02388,Jio,2024-01-01,2025-12-31,active,True
PHN_03891,535869011e6bc866,P_00642,Jio,2024-01-01,2025-12-31,active,True
PHN_03892,732bddb329b03011,P_01125,Airtel,2024-01-01,2025-12-31,active,True
PHN_03893,94b1b590af534301,P_00201,Airtel,2024-01-01,2025-12-31,active,True
PHN_03894,d9eb5d9bd151588b,P_01920,Vi,2024-01-01,2025-12-31,active,True
PHN_03895,b99335f23072e4af,P_04697,Jio,2024-01-01,2025-12-31,active,True
PHN_03896,5511053f93d121f4,P_01142,Airtel,2024-01-01,2025-12-31,active,True
PHN_03897,eb104dc5d0635c03,P_00289,Airtel,2024-01-01,2025-12-31,active,True
PHN_03898,faf59dec248bb216,P_01206,Jio,2024-01-01,2025-12-31,active,True
PHN_03899,aa4060fc03c077f5,P_01677,Vi,2024-01-01,2025-12-31,active,True
PHN_03900,000e2c789985025a,P_04534,Airtel,2024-01-01,2025-12-31,active,True
PHN_03901,7b9f1cdd533d340c,P_01838,Vi,2024-01-01,2025-12-31,active,True
PHN_03902,44c7a8e4a19959d4,P_00554,Jio,2024-01-01,2025-12-31,active,True
PHN_03903,040d45beb8cca580,P_01976,BSNL,2024-01-01,2025-12-31,active,True
PHN_03904,34aeeb81a5b55e23,P_03847,BSNL,2024-01-01,2025-12-31,active,True
PHN_03905,87e70e09d63ec308,P_04929,BSNL,2024-01-01,2025-12-31,active,True
PHN_03906,5349301e783667d3,P_04517,BSNL,2024-01-01,2025-12-31,active,True
PHN_03907,9cf48c92fa629752,P_03585,Airtel,2024-01-01,2025-12-31,active,True
PHN_03908,d6497c3f3ba387f5,P_02063,Jio,2024-01-01,2025-12-31,active,True
PHN_03909,793908f60c8e07c8,P_04517,Airtel,2024-01-01,2025-12-31,active,True
PHN_03910,01ddf5fc1d2d85e8,P_01067,BSNL,2024-01-01,2025-12-31,active,True
PHN_03911,785a1c16f036be4a,P_03344,Jio,2024-01-01,2025-12-31,active,True
PHN_03912,4579fb6e0dc3bbab,P_02044,Vi,2024-01-01,2025-12-31,active,True
PHN_03913,f8e954166bb8103f,P_04266,Vi,2024-01-01,2025-12-31,active,True
PHN_03914,23dce01ec2a789a4,P_03765,Airtel,2024-01-01,2025-12-31,active,True
PHN_03915,953e605bfae7033f,P_00194,Airtel,2024-01-01,2025-12-31,active,True
PHN_03916,c43f31903095265c,P_00191,Jio,2024-01-01,2025-12-31,active,True
PHN_03917,a26f31d1ec98acfc,P_02535,Vi,2024-01-01,2025-12-31,active,True
PHN_03918,5ce3cf759f68843e,P_04637,Jio,2024-01-01,2025-12-31,active,True
PHN_03919,8ad7f0ec834504e5,P_04814,BSNL,2024-01-01,2025-12-31,active,True
PHN_03920,d84b86441bf82db7,P_01157,Airtel,2024-01-01,2025-12-31,active,True
PHN_03921,9c90dfc01da87f83,P_04835,Jio,2024-01-01,2025-12-31,active,True
PHN_03922,fc480ba1311b0313,P_00516,Jio,2024-01-01,2025-12-31,active,True
PHN_03923,51b832820c24479f,P_00039,Vi,2024-01-01,2025-12-31,active,True
PHN_03924,3420127c457a9e2f,P_01947,Airtel,2024-01-01,2025-12-31,active,True
PHN_03925,d22ea111b15aba73,P_04793,Vi,2024-01-01,2025-12-31,active,True
PHN_03926,f1d6c89967b4f43e,P_00690,Jio,2024-01-01,2025-12-31,active,True
PHN_03927,63dab19c82a79dcd,P_00619,BSNL,2024-01-01,2025-12-31,active,True
PHN_03928,33e97bbf040fbd33,P_04841,Airtel,2024-01-01,2025-12-31,active,True
PHN_03929,8b81da47872aca31,P_01598,Vi,2024-01-01,2025-12-31,active,True
PHN_03930,3a0e4abec7b33d2b,P_00011,Vi,2024-01-01,2025-12-31,active,True
PHN_03931,4dd9383ab06aabc7,P_04682,Jio,2024-01-01,2025-12-31,active,True
PHN_03932,b1684fc2b88a40c3,P_02361,Airtel,2024-01-01,2025-12-31,active,True
PHN_03933,3da172d24e78e581,P_01400,Jio,2024-01-01,2025-12-31,active,True
PHN_03934,f7a00385cd446d09,P_04839,Jio,2024-01-01,2025-12-31,active,True
PHN_03935,47e797bac019dc60,P_01164,Vi,2024-01-01,2025-12-31,active,True
PHN_03936,a738d635ea27487b,P_02209,BSNL,2024-01-01,2025-12-31,active,True
PHN_03937,51ff6b44e58cda19,P_00709,Airtel,2024-01-01,2025-12-31,active,True
PHN_03938,dca1ebcd8eecd468,P_03347,Vi,2024-01-01,2025-12-31,active,True
PHN_03939,c11c9d5bc3d81efb,P_00477,Vi,2024-01-01,2025-12-31,active,True
PHN_03940,77ea23e2a9a70fae,P_00940,BSNL,2024-01-01,2025-12-31,active,True
PHN_03941,106bade0ae021759,P_01906,Airtel,2024-01-01,2025-12-31,active,True
PHN_03942,a83f7b9aa9dc3c0d,P_04241,Airtel,2024-01-01,2025-12-31,active,True
PHN_03943,8d5447d63a533c8d,P_04111,Vi,2024-01-01,2025-12-31,active,True
PHN_03944,1afbe902642ed714,P_03955,Vi,2024-01-01,2025-12-31,active,True
PHN_03945,faedfdf2a97d402d,P_00627,Airtel,2024-01-01,2025-12-31,active,True
PHN_03946,b9a21b5d29c5c433,P_03899,Airtel,2024-01-01,2025-12-31,active,True
PHN_03947,bfaeb5dc661d43d6,P_01436,Vi,2024-01-01,2025-12-31,active,True
PHN_03948,fd323565aa0f1f9d,P_04924,Jio,2024-01-01,2025-12-31,active,True
PHN_03949,43de1ff48dec3de9,P_02674,Vi,2024-01-01,2025-12-31,active,True
PHN_03950,bba4a938e7fdfc0c,P_04472,Vi,2024-01-01,2025-12-31,active,True
PHN_03951,e7221f99ef85695c,P_00686,Airtel,2024-01-01,2025-12-31,active,True
PHN_03952,a646da45d67645c0,P_02580,Jio,2024-01-01,2025-12-31,active,True
PHN_03953,023ca79b295db2b7,P_00972,Vi,2024-01-01,2025-12-31,active,True
PHN_03954,f618440379cb2e5b,P_02326,BSNL,2024-01-01,2025-12-31,active,True
PHN_03955,dea120d9e6d9ac6d,P_04196,BSNL,2024-01-01,2025-12-31,active,True
PHN_03956,540e6299094341c1,P_00872,Airtel,2024-01-01,2025-12-31,active,True
PHN_03957,38d829fbf7d19106,P_00481,Jio,2024-01-01,2025-12-31,active,True
PHN_03958,944ca0531049ad0b,P_01457,Jio,2024-01-01,2025-12-31,active,True
PHN_03959,5dd201d2eb1fc1d4,P_02773,Vi,2024-01-01,2025-12-31,active,True
PHN_03960,4e02e55f2d8e2e01,P_00990,Vi,2024-01-01,2025-12-31,active,True
PHN_03961,d89098987bb35958,P_04403,Jio,2024-01-01,2025-12-31,active,True
PHN_03962,4e6cc8459593680e,P_00436,Vi,2024-01-01,2025-12-31,active,True
PHN_03963,1b06fb958947bd5f,P_03146,Airtel,2024-01-01,2025-12-31,active,True
PHN_03964,cd714f1003fbdc2b,P_01568,Airtel,2024-01-01,2025-12-31,active,True
PHN_03965,3f8d764a75a1f9e9,P_02768,BSNL,2024-01-01,2025-12-31,active,True
PHN_03966,6ab515f399ded262,P_04269,Jio,2024-01-01,2025-12-31,active,True
PHN_03967,6ea32def4e25faa1,P_00798,Jio,2024-01-01,2025-12-31,active,True
PHN_03968,5e587f0c99856d24,P_04003,Airtel,2024-01-01,2025-12-31,active,True
PHN_03969,3b9be666ab55ab12,P_01986,BSNL,2024-01-01,2025-12-31,active,True
PHN_03970,d7bc5b0deb5a0ef0,P_01867,BSNL,2024-01-01,2025-12-31,active,True
PHN_03971,43aedbacee04d462,P_04153,BSNL,2024-01-01,2025-12-31,active,True
PHN_03972,34d76fa10b5981fd,P_00402,BSNL,2024-01-01,2025-12-31,active,True
PHN_03973,6a56b7512737c06c,P_00779,Airtel,2024-01-01,2025-12-31,active,True
PHN_03974,dd74ddbc0a7bffc4,P_03795,Vi,2024-01-01,2025-12-31,active,True
PHN_03975,a25acb5e1417cf4d,P_03839,BSNL,2024-01-01,2025-12-31,active,True
PHN_03976,0a83876082c5a17c,P_00735,Jio,2024-01-01,2025-12-31,active,True
PHN_03977,19c27663694651a1,P_01629,Airtel,2024-01-01,2025-12-31,active,True
PHN_03978,fec32bd065f92c70,P_02517,BSNL,2024-01-01,2025-12-31,active,True
PHN_03979,e9dcd323eca8b288,P_00375,Jio,2024-01-01,2025-12-31,active,True
PHN_03980,2af1b9eef3eed063,P_00104,Vi,2024-01-01,2025-12-31,active,True
PHN_03981,29cd1294dc4e6bb9,P_03886,Jio,2024-01-01,2025-12-31,active,True
PHN_03982,1d71c8963b369597,P_04545,Airtel,2024-01-01,2025-12-31,active,True
PHN_03983,66211570c10eea9f,P_04333,Jio,2024-01-01,2025-12-31,active,True
PHN_03984,00b5a45aa0b23f1e,P_01766,Jio,2024-01-01,2025-12-31,active,True
PHN_03985,e4cfff32b4d923f7,P_02490,Airtel,2024-01-01,2025-12-31,active,True
PHN_03986,d2525c7612c6a4d7,P_02549,Jio,2024-01-01,2025-12-31,active,True
PHN_03987,441cc8c6f679c725,P_02013,Jio,2024-01-01,2025-12-31,active,True
PHN_03988,339339bc2697a741,P_02293,Vi,2024-01-01,2025-12-31,active,True
PHN_03989,edbc4d3fcf6d59c3,P_03128,BSNL,2024-01-01,2025-12-31,active,True
PHN_03990,16b693509ae32ba1,P_04459,Vi,2024-01-01,2025-12-31,active,True
PHN_03991,38fa463680d8c663,P_01202,BSNL,2024-01-01,2025-12-31,active,True
PHN_03992,186bf1ef9fc4aaa3,P_01811,Jio,2024-01-01,2025-12-31,active,True
PHN_03993,16093228bfe36054,P_00175,BSNL,2024-01-01,2025-12-31,active,True
PHN_03994,10ae1af9bbf6bfda,P_03439,Airtel,2024-01-01,2025-12-31,active,True
PHN_03995,0a21c2768580cc7c,P_02070,Vi,2024-01-01,2025-12-31,active,True
PHN_03996,e8ebe3e48f0d3e06,P_00060,Vi,2024-01-01,2025-12-31,active,True
PHN_03997,331a99faebe28ae1,P_00852,Vi,2024-01-01,2025-12-31,active,True
PHN_03998,7564f3adb2108e1e,P_00732,Jio,2024-01-01,2025-12-31,active,True
PHN_03999,c9db90ef4832b4ff,P_01623,Jio,2024-01-01,2025-12-31,active,True
PHN_04000,313d8672a15a94b3,P_01757,BSNL,2024-01-01,2025-12-31,active,True
PHN_04001,7d125027afce7ceb,P_03187,Jio,2024-01-01,2025-12-31,active,True
PHN_04002,610712f5aa54d8f6,P_03906,BSNL,2024-01-01,2025-12-31,active,True
PHN_04003,599d35cded9daef8,P_00871,BSNL,2024-01-01,2025-12-31,active,True
PHN_04004,7161a3c7555a94f5,P_04558,BSNL,2024-01-01,2025-12-31,active,True
PHN_04005,9c1f1048fa08d135,P_02547,Airtel,2024-01-01,2025-12-31,active,True
PHN_04006,a49e79bedd89350f,P_00254,BSNL,2024-01-01,2025-12-31,active,True
PHN_04007,f49271e30b783a07,P_01037,Vi,2024-01-01,2025-12-31,active,True
PHN_04008,c5932f0783cb3fa5,P_04383,Jio,2024-01-01,2025-12-31,active,True
PHN_04009,370dc5456b317039,P_04476,BSNL,2024-01-01,2025-12-31,active,True
PHN_04010,a2f53be252cc5958,P_04951,Airtel,2024-01-01,2025-12-31,active,True
PHN_04011,3096f33138e737d2,P_02349,Vi,2024-01-01,2025-12-31,active,True
PHN_04012,ca66796100a9c9b2,P_00457,Vi,2024-01-01,2025-12-31,active,True
PHN_04013,45e4bc317a1580af,P_03604,Vi,2024-01-01,2025-12-31,active,True
PHN_04014,114c231f2f16c035,P_04180,Airtel,2024-01-01,2025-12-31,active,True
PHN_04015,7f1d95571254f328,P_00680,BSNL,2024-01-01,2025-12-31,active,True
PHN_04016,5df5c8e4b01aef33,P_01606,BSNL,2024-01-01,2025-12-31,active,True
PHN_04017,afac94873a2cdce0,P_01252,Jio,2024-01-01,2025-12-31,active,True
PHN_04018,ee992de417e7f35f,P_03344,Vi,2024-01-01,2025-12-31,active,True
PHN_04019,2df3a7672a588cec,P_04786,Jio,2024-01-01,2025-12-31,active,True
PHN_04020,35acaba2ab0d2e12,P_03909,Airtel,2024-01-01,2025-12-31,active,True
PHN_04021,188d920094084e46,P_00560,Jio,2024-01-01,2025-12-31,active,True
PHN_04022,b8c0bd3ef409518d,P_00513,Jio,2024-01-01,2025-12-31,active,True
PHN_04023,8ec491236bd1a554,P_03198,BSNL,2024-01-01,2025-12-31,active,True
PHN_04024,eec60dc9ec16b4fc,P_01989,Airtel,2024-01-01,2025-12-31,active,True
PHN_04025,b0a0f1a988700c49,P_00819,Vi,2024-01-01,2025-12-31,active,True
PHN_04026,c7eabd8bdef48989,P_04545,Airtel,2024-01-01,2025-12-31,active,True
PHN_04027,442e47c4f42d58df,P_02833,Vi,2024-01-01,2025-12-31,active,True
PHN_04028,c6d404f02a2d1c33,P_00418,BSNL,2024-01-01,2025-12-31,active,True
PHN_04029,a9d22ca1f3468234,P_00323,BSNL,2024-01-01,2025-12-31,active,True
PHN_04030,aa4f4f143e148fdd,P_00724,BSNL,2024-01-01,2025-12-31,active,True
PHN_04031,f36ce26951b93ada,P_02603,Vi,2024-01-01,2025-12-31,active,True
PHN_04032,da6b5c84e285ea3f,P_03147,Jio,2024-01-01,2025-12-31,active,True
PHN_04033,2a2962cc830d0fd9,P_03510,BSNL,2024-01-01,2025-12-31,active,True
PHN_04034,b9de36a1121877b7,P_03193,BSNL,2024-01-01,2025-12-31,active,True
PHN_04035,b580d75994d8bd1c,P_00780,BSNL,2024-01-01,2025-12-31,active,True
PHN_04036,b13e871c899d1e88,P_00919,Jio,2024-01-01,2025-12-31,active,True
PHN_04037,ccbde7a531b8ae1b,P_01150,BSNL,2024-01-01,2025-12-31,active,True
PHN_04038,f5cc8a0524922781,P_00148,Jio,2024-01-01,2025-12-31,active,True
PHN_04039,7717a54d8c5e2dd0,P_02766,Airtel,2024-01-01,2025-12-31,active,True
PHN_04040,bd94653c37d1c04a,P_03009,BSNL,2024-01-01,2025-12-31,active,True
PHN_04041,50edbe36eb0406a8,P_04115,Airtel,2024-01-01,2025-12-31,active,True
PHN_04042,45ea773a31e266c8,P_03353,Vi,2024-01-01,2025-12-31,active,True
PHN_04043,95ff9d465f91dce7,P_02778,Vi,2024-01-01,2025-12-31,active,True
PHN_04044,2b3ac51538736f88,P_03772,Jio,2024-01-01,2025-12-31,active,True
PHN_04045,fed1cf3492f67516,P_02863,Airtel,2024-01-01,2025-12-31,active,True
PHN_04046,864c143d89bec23b,P_01537,Vi,2024-01-01,2025-12-31,active,True
PHN_04047,ea8471857bd9fa0d,P_04483,BSNL,2024-01-01,2025-12-31,active,True
PHN_04048,fc3615bae7bbd36e,P_00538,BSNL,2024-01-01,2025-12-31,active,True
PHN_04049,0053fded46e88206,P_04328,Jio,2024-01-01,2025-12-31,active,True
PHN_04050,93d0181fa7f03be9,P_02120,Vi,2024-01-01,2025-12-31,active,True
PHN_04051,7464799baf7bee0f,P_01189,BSNL,2024-01-01,2025-12-31,active,True
PHN_04052,74bbd7c42d8a89a4,P_04022,Airtel,2024-01-01,2025-12-31,active,True
PHN_04053,57d91758d01bc079,P_01072,Jio,2024-01-01,2025-12-31,active,True
PHN_04054,fe5393a014d708b6,P_00529,Airtel,2024-01-01,2025-12-31,active,True
PHN_04055,f13870e2fc077a45,P_04776,Airtel,2024-01-01,2025-12-31,active,True
PHN_04056,612d0246be8cde92,P_00079,Jio,2024-01-01,2025-12-31,active,True
PHN_04057,794dfbd7aa9a10c9,P_02347,Jio,2024-01-01,2025-12-31,active,True
PHN_04058,c95308b34043ad8c,P_02074,BSNL,2024-01-01,2025-12-31,active,True
PHN_04059,4b08092081d41389,P_02824,Vi,2024-01-01,2025-12-31,active,True
PHN_04060,b75922814d07f730,P_04647,Jio,2024-01-01,2025-12-31,active,True
PHN_04061,cc9f36d5b5269421,P_00869,Jio,2024-01-01,2025-12-31,active,True
PHN_04062,0fb3a31771330985,P_02779,Vi,2024-01-01,2025-12-31,active,True
PHN_04063,6d6f98edf2f194d0,P_00004,Vi,2024-01-01,2025-12-31,active,True
PHN_04064,a9838f35c3b35dc1,P_03688,BSNL,2024-01-01,2025-12-31,active,True
PHN_04065,8d56e8b95d608a60,P_00306,Jio,2024-01-01,2025-12-31,active,True
PHN_04066,00b29c6faf1e0c46,P_02662,Jio,2024-01-01,2025-12-31,active,True
PHN_04067,e2b71fbab5997972,P_01172,Jio,2024-01-01,2025-12-31,active,True
PHN_04068,89ba20d45b3d7559,P_02270,Airtel,2024-01-01,2025-12-31,active,True
PHN_04069,d3ab56eb92b14188,P_03236,Jio,2024-01-01,2025-12-31,active,True
PHN_04070,734f397e9d04f09c,P_04874,Jio,2024-01-01,2025-12-31,active,True
PHN_04071,0fbedd1a24a03d31,P_04326,BSNL,2024-01-01,2025-12-31,active,True
PHN_04072,f5df9e85dbce9ddc,P_02233,Airtel,2024-01-01,2025-12-31,active,True
PHN_04073,7ffc3c48c2ba333e,P_03117,BSNL,2024-01-01,2025-12-31,active,True
PHN_04074,69ed69668d117dd9,P_04807,Jio,2024-01-01,2025-12-31,active,True
PHN_04075,3a379ebf643084b3,P_03384,BSNL,2024-01-01,2025-12-31,active,True
PHN_04076,7a6971c41e417b0a,P_03647,Jio,2024-01-01,2025-12-31,active,True
PHN_04077,3c5c1c937fb0a938,P_03731,Vi,2024-01-01,2025-12-31,active,True
PHN_04078,cd01783ccad502cb,P_01518,BSNL,2024-01-01,2025-12-31,active,True
PHN_04079,a9f64b25fc85e30b,P_04674,Airtel,2024-01-01,2025-12-31,active,True
PHN_04080,61dec11e396854b4,P_03152,Jio,2024-01-01,2025-12-31,active,True
PHN_04081,d12069e1f44a70cc,P_02929,BSNL,2024-01-01,2025-12-31,active,True
PHN_04082,2605d1db8267b64f,P_04019,Jio,2024-01-01,2025-12-31,active,True
PHN_04083,ec251599c61be760,P_02218,Airtel,2024-01-01,2025-12-31,active,True
PHN_04084,e2b8a8320ba0ec0a,P_02161,Airtel,2024-01-01,2025-12-31,active,True
PHN_04085,38c632ba0a4e57a1,P_03643,Jio,2024-01-01,2025-12-31,active,True
PHN_04086,e0503d8e3e7d7560,P_02963,BSNL,2024-01-01,2025-12-31,active,True
PHN_04087,30285ac448671038,P_02768,Jio,2024-01-01,2025-12-31,active,True
PHN_04088,8e224a12ffc952fa,P_02639,Airtel,2024-01-01,2025-12-31,active,True
PHN_04089,e7aed2312bc19183,P_02224,Jio,2024-01-01,2025-12-31,active,True
PHN_04090,1aa57280c95a6c3b,P_04049,BSNL,2024-01-01,2025-12-31,active,True
PHN_04091,1b3e812fe2fd6f89,P_03621,Vi,2024-01-01,2025-12-31,active,True
PHN_04092,9a1c61e50defc02f,P_00205,Airtel,2024-01-01,2025-12-31,active,True
PHN_04093,ec2472083c115b13,P_04703,Airtel,2024-01-01,2025-12-31,active,True
PHN_04094,438dbc224aa097ef,P_04402,Jio,2024-01-01,2025-12-31,active,True
PHN_04095,a3ff426c4cb35cc1,P_03591,Jio,2024-01-01,2025-12-31,active,True
PHN_04096,78ecbda5b8a93a55,P_02496,Jio,2024-01-01,2025-12-31,active,True
PHN_04097,f6ac95d37dcce90c,P_00830,Vi,2024-01-01,2025-12-31,active,True
PHN_04098,2470f655f8f3c16c,P_04003,Airtel,2024-01-01,2025-12-31,active,True
PHN_04099,d2f70e5381e0e699,P_04523,Jio,2024-01-01,2025-12-31,active,True
PHN_04100,e0d115c49feac5ff,P_02545,Vi,2024-01-01,2025-12-31,active,True
PHN_04101,0f1c4bbd5dd22843,P_03199,Vi,2024-01-01,2025-12-31,active,True
PHN_04102,7de77f3bbbf0e0dd,P_03890,BSNL,2024-01-01,2025-12-31,active,True
PHN_04103,b6d6f969939da3a0,P_01606,BSNL,2024-01-01,2025-12-31,active,True
PHN_04104,b0c470a12e6bfe84,P_01516,BSNL,2024-01-01,2025-12-31,active,True
PHN_04105,feddc22a405c534a,P_01332,Airtel,2024-01-01,2025-12-31,active,True
PHN_04106,82407ea3a46c9a82,P_01906,Jio,2024-01-01,2025-12-31,active,True
PHN_04107,292efbe010e6deb3,P_01982,Vi,2024-01-01,2025-12-31,active,True
PHN_04108,695f53609327ae3d,P_02479,BSNL,2024-01-01,2025-12-31,active,True
PHN_04109,145c31a961d1d931,P_04193,Airtel,2024-01-01,2025-12-31,active,True
PHN_04110,4ee9f3201835f8e4,P_01464,Jio,2024-01-01,2025-12-31,active,True
PHN_04111,2bf715e908139c7c,P_04865,Vi,2024-01-01,2025-12-31,active,True
PHN_04112,07ec26a2c8eb240c,P_04926,BSNL,2024-01-01,2025-12-31,active,True
PHN_04113,966eaa8694c56f8e,P_00834,BSNL,2024-01-01,2025-12-31,active,True
PHN_04114,f5003cd20e02ab50,P_01542,BSNL,2024-01-01,2025-12-31,active,True
PHN_04115,e8bd6ee36b4c566b,P_04639,Jio,2024-01-01,2025-12-31,active,True
PHN_04116,70d49210a9d5120d,P_04679,Vi,2024-01-01,2025-12-31,active,True
PHN_04117,2a1116d772ba77e8,P_03251,BSNL,2024-01-01,2025-12-31,active,True
PHN_04118,9bfe59957f1fe5fc,P_00559,Jio,2024-01-01,2025-12-31,active,True
PHN_04119,b4b1cdbec172199f,P_04889,Vi,2024-01-01,2025-12-31,active,True
PHN_04120,ed55b1035cc82e10,P_00968,Jio,2024-01-01,2025-12-31,active,True
PHN_04121,4f518ca97a6bb96d,P_01765,BSNL,2024-01-01,2025-12-31,active,True
PHN_04122,ae8a91d145da9e6c,P_01336,BSNL,2024-01-01,2025-12-31,active,True
PHN_04123,98829761258ab126,P_03260,Jio,2024-01-01,2025-12-31,active,True
PHN_04124,40ae773d2f75c0c6,P_00465,Jio,2024-01-01,2025-12-31,active,True
PHN_04125,ce969c4b1037c521,P_01168,Jio,2024-01-01,2025-12-31,active,True
PHN_04126,fa4362b2b97821d1,P_02839,Vi,2024-01-01,2025-12-31,active,True
PHN_04127,0ee4fe745c1d8957,P_03061,Jio,2024-01-01,2025-12-31,active,True
PHN_04128,f7cb005b946822e5,P_00449,Vi,2024-01-01,2025-12-31,active,True
PHN_04129,76064c10b1d57be5,P_02295,Vi,2024-01-01,2025-12-31,active,True
PHN_04130,41970e5c735e6742,P_03494,Airtel,2024-01-01,2025-12-31,active,True
PHN_04131,f7b0a256cf61a211,P_00339,BSNL,2024-01-01,2025-12-31,active,True
PHN_04132,2e606db2e34391b6,P_01282,Vi,2024-01-01,2025-12-31,active,True
PHN_04133,b5ca83aeb48abe06,P_03554,Airtel,2024-01-01,2025-12-31,active,True
PHN_04134,818d8df432c072b1,P_00179,Jio,2024-01-01,2025-12-31,active,True
PHN_04135,84339d3ada90a488,P_03695,Airtel,2024-01-01,2025-12-31,active,True
PHN_04136,20829f602d05ab14,P_04599,Jio,2024-01-01,2025-12-31,active,True
PHN_04137,601f3edd15bac4e2,P_02625,BSNL,2024-01-01,2025-12-31,active,True
PHN_04138,c2b7766e0aa400fa,P_00240,Airtel,2024-01-01,2025-12-31,active,True
PHN_04139,4c79e4d1f36bdc37,P_03917,Jio,2024-01-01,2025-12-31,active,True
PHN_04140,3ac9abf950573e13,P_03739,Jio,2024-01-01,2025-12-31,active,True
PHN_04141,88132b38661f3a9b,P_01774,Vi,2024-01-01,2025-12-31,active,True
PHN_04142,ed5a407367902f20,P_04352,Airtel,2024-01-01,2025-12-31,active,True
PHN_04143,d8886a50a12f2915,P_01154,BSNL,2024-01-01,2025-12-31,active,True
PHN_04144,a3c2d39700bbd3c1,P_03946,BSNL,2024-01-01,2025-12-31,active,True
PHN_04145,216d35d6b74ee560,P_04123,Vi,2024-01-01,2025-12-31,active,True
PHN_04146,3435272661a06ed3,P_03080,Vi,2024-01-01,2025-12-31,active,True
PHN_04147,18c6d868f14a25a7,P_01676,Vi,2024-01-01,2025-12-31,active,True
PHN_04148,626e3489af444d65,P_00957,Vi,2024-01-01,2025-12-31,active,True
PHN_04149,a5da5e10291b3a31,P_01280,Jio,2024-01-01,2025-12-31,active,True
PHN_04150,0eeb3e66ff48978e,P_03988,Vi,2024-01-01,2025-12-31,active,True
PHN_04151,57d27b58fc469fd6,P_03902,Vi,2024-01-01,2025-12-31,active,True
PHN_04152,865c034827377289,P_03582,Vi,2024-01-01,2025-12-31,active,True
PHN_04153,9d62a977a01af414,P_03597,Vi,2024-01-01,2025-12-31,active,True
PHN_04154,909d8910b7f9b495,P_03232,Vi,2024-01-01,2025-12-31,active,True
PHN_04155,bcafaa16a6c6a149,P_00719,Airtel,2024-01-01,2025-12-31,active,True
PHN_04156,74106ba8842c5cd0,P_02318,BSNL,2024-01-01,2025-12-31,active,True
PHN_04157,e5eb5cb632b007bd,P_04652,Vi,2024-01-01,2025-12-31,active,True
PHN_04158,1db1ddfe2416c1e2,P_03162,Airtel,2024-01-01,2025-12-31,active,True
PHN_04159,6ad38af14727e60e,P_04584,Jio,2024-01-01,2025-12-31,active,True
PHN_04160,32d4bfa6c8629668,P_03265,Airtel,2024-01-01,2025-12-31,active,True
PHN_04161,8dc74d6299b4c41f,P_01504,BSNL,2024-01-01,2025-12-31,active,True
PHN_04162,264c88a94a51d251,P_01703,Jio,2024-01-01,2025-12-31,active,True
PHN_04163,207f362473f8961d,P_00709,BSNL,2024-01-01,2025-12-31,active,True
PHN_04164,65243eaa21054a95,P_03937,BSNL,2024-01-01,2025-12-31,active,True
PHN_04165,6986e4eb43a6a9df,P_01971,Jio,2024-01-01,2025-12-31,active,True
PHN_04166,c77bb4ce65328ca0,P_02291,BSNL,2024-01-01,2025-12-31,active,True
PHN_04167,2bf91c1c5dc62591,P_03975,Vi,2024-01-01,2025-12-31,active,True
PHN_04168,b9d2a49baeb79a3a,P_03645,Airtel,2024-01-01,2025-12-31,active,True
PHN_04169,248e658849b07762,P_04786,Jio,2024-01-01,2025-12-31,active,True
PHN_04170,010ab36c88804f6f,P_00150,Jio,2024-01-01,2025-12-31,active,True
PHN_04171,76a6bf770b9faaff,P_04388,BSNL,2024-01-01,2025-12-31,active,True
PHN_04172,518a2871a0d03774,P_01467,BSNL,2024-01-01,2025-12-31,active,True
PHN_04173,84dc699149b4e6c6,P_04658,Jio,2024-01-01,2025-12-31,active,True
PHN_04174,833e847583a17634,P_03358,BSNL,2024-01-01,2025-12-31,active,True
PHN_04175,874101ef58762d0b,P_03589,Vi,2024-01-01,2025-12-31,active,True
PHN_04176,65f07d508e094bcf,P_01432,Vi,2024-01-01,2025-12-31,active,True
PHN_04177,2fb2ba955b824181,P_00250,Vi,2024-01-01,2025-12-31,active,True
PHN_04178,23151006091b01cd,P_03856,Vi,2024-01-01,2025-12-31,active,True
PHN_04179,af3adcf2c4a4ba05,P_03305,Airtel,2024-01-01,2025-12-31,active,True
PHN_04180,4388f90980a8f098,P_00571,Airtel,2024-01-01,2025-12-31,active,True
PHN_04181,a87425e0b7d25907,P_02194,Vi,2024-01-01,2025-12-31,active,True
PHN_04182,c26ec020abe1668c,P_00759,BSNL,2024-01-01,2025-12-31,active,True
PHN_04183,9a0fec4a2263b300,P_02605,Vi,2024-01-01,2025-12-31,active,True
PHN_04184,ca9b2385d2c7678e,P_01907,Airtel,2024-01-01,2025-12-31,active,True
PHN_04185,49577e6b4801d15d,P_00522,Jio,2024-01-01,2025-12-31,active,True
PHN_04186,291d29a2afe03cf9,P_01913,Airtel,2024-01-01,2025-12-31,active,True
PHN_04187,111ec74edabe50ca,P_04207,BSNL,2024-01-01,2025-12-31,active,True
PHN_04188,934e768a1090f400,P_00385,BSNL,2024-01-01,2025-12-31,active,True
PHN_04189,7f872e76a2455859,P_04266,Vi,2024-01-01,2025-12-31,active,True
PHN_04190,8beb3b1a5f2b4983,P_00886,Vi,2024-01-01,2025-12-31,active,True
PHN_04191,e0da62ed3c09c41c,P_03578,Jio,2024-01-01,2025-12-31,active,True
PHN_04192,f6c10f144531c5fd,P_00840,Jio,2024-01-01,2025-12-31,active,True
PHN_04193,6066ebe0c95a3d79,P_02867,Airtel,2024-01-01,2025-12-31,active,True
PHN_04194,e2eea2231fe1fcdc,P_03398,Jio,2024-01-01,2025-12-31,active,True
PHN_04195,ae3e37d9b920fcaf,P_00877,Vi,2024-01-01,2025-12-31,active,True
PHN_04196,b8f83e08ae75614d,P_01352,BSNL,2024-01-01,2025-12-31,active,True
PHN_04197,45c6e9f009b2f1dc,P_02526,Airtel,2024-01-01,2025-12-31,active,True
PHN_04198,4ea84b8f7469d0e0,P_02203,Vi,2024-01-01,2025-12-31,active,True
PHN_04199,38fc2e5c4412ba15,P_02744,Vi,2024-01-01,2025-12-31,active,True
PHN_04200,e2ea6c5b985ca7ed,P_03984,BSNL,2024-01-01,2025-12-31,active,True
PHN_04201,343a506e2b74526f,P_01603,Jio,2024-01-01,2025-12-31,active,True
PHN_04202,35df6e5dcc611252,P_03108,Airtel,2024-01-01,2025-12-31,active,True
PHN_04203,a94444213e3f9f3f,P_01144,Airtel,2024-01-01,2025-12-31,active,True
PHN_04204,e1ecd2c5ae1c3914,P_01304,Jio,2024-01-01,2025-12-31,active,True
PHN_04205,d7970858156d5568,P_00677,Jio,2024-01-01,2025-12-31,active,True
PHN_04206,11bbaf7bc4b82b76,P_04196,Jio,2024-01-01,2025-12-31,active,True
PHN_04207,ef02e515abbdda59,P_01173,Vi,2024-01-01,2025-12-31,active,True
PHN_04208,a3d920f85a36fcf4,P_04922,Jio,2024-01-01,2025-12-31,active,True
PHN_04209,89d3bef28dfe422a,P_00262,Vi,2024-01-01,2025-12-31,active,True
PHN_04210,62f4d2892e6bc36b,P_03628,Vi,2024-01-01,2025-12-31,active,True
PHN_04211,b56b4883922c91cb,P_02949,BSNL,2024-01-01,2025-12-31,active,True
PHN_04212,8cecb9b98efc2c6a,P_02069,Airtel,2024-01-01,2025-12-31,active,True
PHN_04213,ae30a4fdc6989c7f,P_01227,Airtel,2024-01-01,2025-12-31,active,True
PHN_04214,cce465433e3e8ade,P_01876,Jio,2024-01-01,2025-12-31,active,True
PHN_04215,8d2adea1d6f078a0,P_01543,Jio,2024-01-01,2025-12-31,active,True
PHN_04216,d41ee7c3725f26fd,P_04504,Airtel,2024-01-01,2025-12-31,active,True
PHN_04217,c7f0779a9e6525c6,P_03407,Vi,2024-01-01,2025-12-31,active,True
PHN_04218,c3bad1a6a3598511,P_04336,Vi,2024-01-01,2025-12-31,active,True
PHN_04219,dd6d9caa598991e5,P_04814,Jio,2024-01-01,2025-12-31,active,True
PHN_04220,11da0b1ea3b38615,P_04392,BSNL,2024-01-01,2025-12-31,active,True
PHN_04221,e0ea9421e6f3e66a,P_04919,BSNL,2024-01-01,2025-12-31,active,True
PHN_04222,591d424ff69e660f,P_01691,BSNL,2024-01-01,2025-12-31,active,True
PHN_04223,7238dbc706740566,P_02586,Vi,2024-01-01,2025-12-31,active,True
PHN_04224,75d010c9c36618b3,P_02744,Airtel,2024-01-01,2025-12-31,active,True
PHN_04225,2a54d44c801293d7,P_03885,Airtel,2024-01-01,2025-12-31,active,True
PHN_04226,99ee36771accbcb8,P_03820,Airtel,2024-01-01,2025-12-31,active,True
PHN_04227,0ecc54e7563f74e0,P_02174,BSNL,2024-01-01,2025-12-31,active,True
PHN_04228,6790c44e288d5e80,P_04999,Vi,2024-01-01,2025-12-31,active,True
PHN_04229,13a7a4dbfa1c4e68,P_02849,Jio,2024-01-01,2025-12-31,active,True
PHN_04230,e9682e8638d63431,P_04931,BSNL,2024-01-01,2025-12-31,active,True
PHN_04231,265abed17ed6ff72,P_03271,Vi,2024-01-01,2025-12-31,active,True
PHN_04232,1e06ceba947738f0,P_03829,Airtel,2024-01-01,2025-12-31,active,True
PHN_04233,eb0f3362fa988bdd,P_00448,Airtel,2024-01-01,2025-12-31,active,True
PHN_04234,0ea4019fda9c9e31,P_03488,BSNL,2024-01-01,2025-12-31,active,True
PHN_04235,799807ecabe8b252,P_02717,BSNL,2024-01-01,2025-12-31,active,True
PHN_04236,3431b3eba7030967,P_01454,Vi,2024-01-01,2025-12-31,active,True
PHN_04237,3589fe1591c58d88,P_02010,Airtel,2024-01-01,2025-12-31,active,True
PHN_04238,f264a54e8a0c7418,P_00673,Vi,2024-01-01,2025-12-31,active,True
PHN_04239,fa97c51d4fbab259,P_01146,Airtel,2024-01-01,2025-12-31,active,True
PHN_04240,c84f52c11337fadc,P_03757,Airtel,2024-01-01,2025-12-31,active,True
PHN_04241,53cbb4d23b3bf7fe,P_04646,Jio,2024-01-01,2025-12-31,active,True
PHN_04242,8b84721776313e60,P_00656,Airtel,2024-01-01,2025-12-31,active,True
PHN_04243,2a090fe28126b0c6,P_00312,Jio,2024-01-01,2025-12-31,active,True
PHN_04244,64d96060ab70a450,P_02796,Jio,2024-01-01,2025-12-31,active,True
PHN_04245,34cdfd850e0be751,P_01135,Vi,2024-01-01,2025-12-31,active,True
PHN_04246,25c122a6e5190440,P_00642,BSNL,2024-01-01,2025-12-31,active,True
PHN_04247,c4b941df2012c2b1,P_04271,Jio,2024-01-01,2025-12-31,active,True
PHN_04248,3065556decd5a1a0,P_02660,Jio,2024-01-01,2025-12-31,active,True
PHN_04249,0c5c8ea436b2b1d3,P_03177,Vi,2024-01-01,2025-12-31,active,True
PHN_04250,6dcddcba96e41a09,P_01354,BSNL,2024-01-01,2025-12-31,active,True
PHN_04251,1d591a1c833050b2,P_00065,BSNL,2024-01-01,2025-12-31,active,True
PHN_04252,8c14c84cbadca31f,P_04177,Vi,2024-01-01,2025-12-31,active,True
PHN_04253,6f3bf9943e00721f,P_00634,Jio,2024-01-01,2025-12-31,active,True
PHN_04254,8c35a4c8ff27473d,P_00379,Airtel,2024-01-01,2025-12-31,active,True
PHN_04255,a2ae57d9f7b36f53,P_01298,Jio,2024-01-01,2025-12-31,active,True
PHN_04256,48c24a3dccad4cce,P_03898,Vi,2024-01-01,2025-12-31,active,True
PHN_04257,b7e2a01b6b93bf6f,P_03804,Vi,2024-01-01,2025-12-31,active,True
PHN_04258,db6bfd59877015ef,P_01965,BSNL,2024-01-01,2025-12-31,active,True
PHN_04259,4252514dcf4518cd,P_03832,Vi,2024-01-01,2025-12-31,active,True
PHN_04260,0d2efd3a46144e6d,P_03459,Airtel,2024-01-01,2025-12-31,active,True
PHN_04261,28ffe1a6663fa0a0,P_00636,Airtel,2024-01-01,2025-12-31,active,True
PHN_04262,1e29552ff46dae25,P_01150,Airtel,2024-01-01,2025-12-31,active,True
PHN_04263,ff3b84ed2c022ba6,P_04059,Vi,2024-01-01,2025-12-31,active,True
PHN_04264,05ef2146c6248101,P_02158,BSNL,2024-01-01,2025-12-31,active,True
PHN_04265,26ac8d6cd46ccf7e,P_03561,Airtel,2024-01-01,2025-12-31,active,True
PHN_04266,e7b61be936543ad6,P_00452,Vi,2024-01-01,2025-12-31,active,True
PHN_04267,b7fa1788448588b2,P_04004,Jio,2024-01-01,2025-12-31,active,True
PHN_04268,df8f81bada657b31,P_03464,Vi,2024-01-01,2025-12-31,active,True
PHN_04269,2d27ebc51d475b01,P_04936,BSNL,2024-01-01,2025-12-31,active,True
PHN_04270,a3aa96860b2d651b,P_04065,Airtel,2024-01-01,2025-12-31,active,True
PHN_04271,24965a5f1a4bde15,P_02272,Jio,2024-01-01,2025-12-31,active,True
PHN_04272,b439ea96f1669f02,P_01116,Jio,2024-01-01,2025-12-31,active,True
PHN_04273,6b8a44dd12623a3d,P_01223,Vi,2024-01-01,2025-12-31,active,True
PHN_04274,92bd405ba22b1b32,P_04204,Airtel,2024-01-01,2025-12-31,active,True
PHN_04275,6e866993fa1cecff,P_01380,Jio,2024-01-01,2025-12-31,active,True
PHN_04276,37f751f875f82582,P_03910,Jio,2024-01-01,2025-12-31,active,True
PHN_04277,ac94a181886d1569,P_02238,Airtel,2024-01-01,2025-12-31,active,True
PHN_04278,73537a3a4abc8ac9,P_02703,Jio,2024-01-01,2025-12-31,active,True
PHN_04279,53e6cd9eaae838d0,P_03380,Jio,2024-01-01,2025-12-31,active,True
PHN_04280,a6ef64cf0efcdbea,P_03746,Airtel,2024-01-01,2025-12-31,active,True
PHN_04281,5fcc3e7d5921f541,P_02007,Vi,2024-01-01,2025-12-31,active,True
PHN_04282,b4a98a0ed9c4e12b,P_02010,Vi,2024-01-01,2025-12-31,active,True
PHN_04283,d29977f246537e86,P_04936,Jio,2024-01-01,2025-12-31,active,True
PHN_04284,edcc20968af8a94b,P_00845,Jio,2024-01-01,2025-12-31,active,True
PHN_04285,9fcbd2ae0d256f00,P_03063,BSNL,2024-01-01,2025-12-31,active,True
PHN_04286,485593a74bbd80da,P_01728,Jio,2024-01-01,2025-12-31,active,True
PHN_04287,5b0cec0917a19e68,P_01070,Airtel,2024-01-01,2025-12-31,active,True
PHN_04288,937f2e1e9573c7a1,P_03172,Vi,2024-01-01,2025-12-31,active,True
PHN_04289,1a581a36d202989a,P_04927,Airtel,2024-01-01,2025-12-31,active,True
PHN_04290,cb9b8d4fe4d5a4c3,P_04685,BSNL,2024-01-01,2025-12-31,active,True
PHN_04291,7f8500045466c6fd,P_04425,Vi,2024-01-01,2025-12-31,active,True
PHN_04292,c07c80604ff813d6,P_04303,Jio,2024-01-01,2025-12-31,active,True
PHN_04293,346aec97eaa778b6,P_00103,Jio,2024-01-01,2025-12-31,active,True
PHN_04294,40fe22976c71afe1,P_01576,Vi,2024-01-01,2025-12-31,active,True
PHN_04295,a25fa4f5bad6df85,P_04221,Airtel,2024-01-01,2025-12-31,active,True
PHN_04296,c2d82c60ca85ed51,P_03097,Airtel,2024-01-01,2025-12-31,active,True
PHN_04297,de3bc3fee1ba9c74,P_03880,Jio,2024-01-01,2025-12-31,active,True
PHN_04298,e85a55ecccb12c5d,P_01535,Jio,2024-01-01,2025-12-31,active,True
PHN_04299,1352f0df3d13b2d4,P_04964,BSNL,2024-01-01,2025-12-31,active,True
PHN_04300,01bcfea93d308ec7,P_02505,Jio,2024-01-01,2025-12-31,active,True
PHN_04301,eb16f074a3c17253,P_00055,Airtel,2024-01-01,2025-12-31,active,True
PHN_04302,c1fd5dad7c12c9f2,P_04504,Airtel,2024-01-01,2025-12-31,active,True
PHN_04303,5d7991480bbdf1a3,P_04326,Jio,2024-01-01,2025-12-31,active,True
PHN_04304,9c7be972ab687bd9,P_04099,BSNL,2024-01-01,2025-12-31,active,True
PHN_04305,7887caaecc301a23,P_03393,Vi,2024-01-01,2025-12-31,active,True
PHN_04306,f00e7682a3640d28,P_04663,Jio,2024-01-01,2025-12-31,active,True
PHN_04307,1b3a8d37eb110fb3,P_03103,Vi,2024-01-01,2025-12-31,active,True
PHN_04308,bcce752dc5deaf04,P_04742,Jio,2024-01-01,2025-12-31,active,True
PHN_04309,b9aa0c93efca50f6,P_00959,BSNL,2024-01-01,2025-12-31,active,True
PHN_04310,c77c7d8f62689146,P_02237,Airtel,2024-01-01,2025-12-31,active,True
PHN_04311,72b8fa02e5c6f087,P_02831,Airtel,2024-01-01,2025-12-31,active,True
PHN_04312,4ed34350d452f758,P_01548,Vi,2024-01-01,2025-12-31,active,True
PHN_04313,f0f265f37d1880bb,P_00219,Jio,2024-01-01,2025-12-31,active,True
PHN_04314,aae9de9da59df9bc,P_00634,BSNL,2024-01-01,2025-12-31,active,True
PHN_04315,537c903c4473db15,P_00044,Jio,2024-01-01,2025-12-31,active,True
PHN_04316,d09b5813043bdda6,P_00329,Airtel,2024-01-01,2025-12-31,active,True
PHN_04317,98c4065673cd6c0a,P_01465,Jio,2024-01-01,2025-12-31,active,True
PHN_04318,7f750f4ff8cab204,P_02941,Airtel,2024-01-01,2025-12-31,active,True
PHN_04319,1085fb58cc5e775c,P_01367,Airtel,2024-01-01,2025-12-31,active,True
PHN_04320,e7648c7f6c066518,P_04718,BSNL,2024-01-01,2025-12-31,active,True
PHN_04321,ac21b4a2f779f4e9,P_00404,Jio,2024-01-01,2025-12-31,active,True
PHN_04322,24c8399d28690cbb,P_02436,BSNL,2024-01-01,2025-12-31,active,True
PHN_04323,6855df0a57970393,P_00581,Jio,2024-01-01,2025-12-31,active,True
PHN_04324,1d5cec5346055148,P_00128,Vi,2024-01-01,2025-12-31,active,True
PHN_04325,216e4fe22714ebce,P_03852,Airtel,2024-01-01,2025-12-31,active,True
PHN_04326,86ff488a13ca1a59,P_02208,Vi,2024-01-01,2025-12-31,active,True
PHN_04327,8e03a7bc5f7b9660,P_04631,Jio,2024-01-01,2025-12-31,active,True
PHN_04328,4dc9783cac48261c,P_00998,Airtel,2024-01-01,2025-12-31,active,True
PHN_04329,7442ba5fbe06597e,P_04651,BSNL,2024-01-01,2025-12-31,active,True
PHN_04330,c582aeb3cf685084,P_03431,Jio,2024-01-01,2025-12-31,active,True
PHN_04331,6b22c705168590f4,P_03301,Vi,2024-01-01,2025-12-31,active,True
PHN_04332,2a3851801bba00d9,P_03786,Jio,2024-01-01,2025-12-31,active,True
PHN_04333,37288e00e0ca131c,P_01498,Airtel,2024-01-01,2025-12-31,active,True
PHN_04334,796a41c261a514da,P_00993,Jio,2024-01-01,2025-12-31,active,True
PHN_04335,0c92024f3c33b5bd,P_01955,Jio,2024-01-01,2025-12-31,active,True
PHN_04336,036ebe00315485fb,P_01260,Vi,2024-01-01,2025-12-31,active,True
PHN_04337,7a28277c63a1ed5c,P_00128,Airtel,2024-01-01,2025-12-31,active,True
PHN_04338,d7ae2587aabfb0c1,P_01038,Jio,2024-01-01,2025-12-31,active,True
PHN_04339,a9142942b5366eda,P_02863,Vi,2024-01-01,2025-12-31,active,True
PHN_04340,365d032b6b19c666,P_00722,BSNL,2024-01-01,2025-12-31,active,True
PHN_04341,13646a84cb7440d2,P_04985,Vi,2024-01-01,2025-12-31,active,True
PHN_04342,03e38f4f9389923d,P_03533,BSNL,2024-01-01,2025-12-31,active,True
PHN_04343,27665229b5fd314c,P_04494,BSNL,2024-01-01,2025-12-31,active,True
PHN_04344,a4833db9905a9620,P_03825,Vi,2024-01-01,2025-12-31,active,True
PHN_04345,e40bdb14e1534d8f,P_03373,Jio,2024-01-01,2025-12-31,active,True
PHN_04346,bd1cbed2e17b621f,P_02326,Vi,2024-01-01,2025-12-31,active,True
PHN_04347,5260d007673f3992,P_00069,Jio,2024-01-01,2025-12-31,active,True
PHN_04348,2fbf6f700cc7f311,P_00111,Airtel,2024-01-01,2025-12-31,active,True
PHN_04349,fac71000177f9768,P_03634,Airtel,2024-01-01,2025-12-31,active,True
PHN_04350,36bb8fbe13e12e54,P_03665,Vi,2024-01-01,2025-12-31,active,True
PHN_04351,a22082aa7cc2537e,P_04103,Jio,2024-01-01,2025-12-31,active,True
PHN_04352,c775f14b8bc87e71,P_03889,Airtel,2024-01-01,2025-12-31,active,True
PHN_04353,7971465dc60ca77f,P_01561,Airtel,2024-01-01,2025-12-31,active,True
PHN_04354,08a9498bc5fab9bc,P_02664,Airtel,2024-01-01,2025-12-31,active,True
PHN_04355,b96ca3008a71824c,P_01829,BSNL,2024-01-01,2025-12-31,active,True
PHN_04356,1ea00a0bbe6d3519,P_01348,Airtel,2024-01-01,2025-12-31,active,True
PHN_04357,62b60dc5400bb176,P_01713,Vi,2024-01-01,2025-12-31,active,True
PHN_04358,0824148591915a69,P_02700,Jio,2024-01-01,2025-12-31,active,True
PHN_04359,bafed6cdf0d31e70,P_02805,Jio,2024-01-01,2025-12-31,active,True
PHN_04360,d461b4f82f7d0f29,P_03857,BSNL,2024-01-01,2025-12-31,active,True
PHN_04361,7148ba682d8fe06b,P_03024,BSNL,2024-01-01,2025-12-31,active,True
PHN_04362,148e4cded0613932,P_03581,Jio,2024-01-01,2025-12-31,active,True
PHN_04363,ad44cd0368204cc8,P_00414,Jio,2024-01-01,2025-12-31,active,True
PHN_04364,e293eb1bf5ab440c,P_02880,Jio,2024-01-01,2025-12-31,active,True
PHN_04365,d47592e5c1be9fc2,P_01005,BSNL,2024-01-01,2025-12-31,active,True
PHN_04366,6524f2aed99b1bf7,P_01333,Vi,2024-01-01,2025-12-31,active,True
PHN_04367,4474d97467456f42,P_04189,Airtel,2024-01-01,2025-12-31,active,True
PHN_04368,9503b759ecc08da0,P_01764,Airtel,2024-01-01,2025-12-31,active,True
PHN_04369,976a4b562e06f9fa,P_02017,Jio,2024-01-01,2025-12-31,active,True
PHN_04370,fd395cf3bf1061a8,P_02385,Airtel,2024-01-01,2025-12-31,active,True
PHN_04371,e1a93dfc91f7aed2,P_03234,BSNL,2024-01-01,2025-12-31,active,True
PHN_04372,41568ab7ecb08c15,P_01846,Vi,2024-01-01,2025-12-31,active,True
PHN_04373,19d20bbd28bf09f8,P_02848,Vi,2024-01-01,2025-12-31,active,True
PHN_04374,57353f71c8fb5537,P_04403,Jio,2024-01-01,2025-12-31,active,True
PHN_04375,27d9a7468c05be72,P_04220,Vi,2024-01-01,2025-12-31,active,True
PHN_04376,5e1575e6b6fae557,P_04178,BSNL,2024-01-01,2025-12-31,active,True
PHN_04377,1e2d26dde0974e60,P_02692,Airtel,2024-01-01,2025-12-31,active,True
PHN_04378,6ad9a09c067d10a4,P_00899,Airtel,2024-01-01,2025-12-31,active,True
PHN_04379,a98e101e21ceb40b,P_04519,Airtel,2024-01-01,2025-12-31,active,True
PHN_04380,f4e153022d5cb818,P_04120,Vi,2024-01-01,2025-12-31,active,True
PHN_04381,671e78cd871fcc96,P_02298,BSNL,2024-01-01,2025-12-31,active,True
PHN_04382,9c15c0ab93fb5ff9,P_04487,Vi,2024-01-01,2025-12-31,active,True
PHN_04383,6227385faa5fe92a,P_00136,Airtel,2024-01-01,2025-12-31,active,True
PHN_04384,51b7befb00cc34a8,P_04034,Airtel,2024-01-01,2025-12-31,active,True
PHN_04385,2a372cb00f79ff6b,P_04246,Vi,2024-01-01,2025-12-31,active,True
PHN_04386,998542f89fff113f,P_00895,Vi,2024-01-01,2025-12-31,active,True
PHN_04387,5faa669b6b4e0d2d,P_01450,Airtel,2024-01-01,2025-12-31,active,True
PHN_04388,825bccdacc61a333,P_01318,Vi,2024-01-01,2025-12-31,active,True
PHN_04389,85f24d345cd5e9db,P_02648,Jio,2024-01-01,2025-12-31,active,True
PHN_04390,f6d5b30cbc4af768,P_00539,BSNL,2024-01-01,2025-12-31,active,True
PHN_04391,e05897978935f01a,P_02093,BSNL,2024-01-01,2025-12-31,active,True
PHN_04392,36cfc5cd8c783549,P_00312,Jio,2024-01-01,2025-12-31,active,True
PHN_04393,11b8dc72fa16aab5,P_03459,Airtel,2024-01-01,2025-12-31,active,True
PHN_04394,7b2c7b96893220cc,P_03291,Vi,2024-01-01,2025-12-31,active,True
PHN_04395,7deaad54b4382680,P_02461,BSNL,2024-01-01,2025-12-31,active,True
PHN_04396,a52a6462ea1765da,P_00680,BSNL,2024-01-01,2025-12-31,active,True
PHN_04397,4fb9b344139f4308,P_04732,Jio,2024-01-01,2025-12-31,active,True
PHN_04398,119e0de3faaa5a37,P_00312,Airtel,2024-01-01,2025-12-31,active,True
PHN_04399,56fc5f0fd8255ec9,P_03180,BSNL,2024-01-01,2025-12-31,active,True
PHN_04400,340bfdc643239ad4,P_03833,BSNL,2024-01-01,2025-12-31,active,True
PHN_04401,15e90eda375e5085,P_04898,Jio,2024-01-01,2025-12-31,active,True
PHN_04402,68babe4be75f784a,P_03558,Vi,2024-01-01,2025-12-31,active,True
PHN_04403,60e474e8c17558cf,P_00949,BSNL,2024-01-01,2025-12-31,active,True
PHN_04404,1ee2111665ffaff6,P_03181,Vi,2024-01-01,2025-12-31,active,True
PHN_04405,7b74241bba93d751,P_03148,Jio,2024-01-01,2025-12-31,active,True
PHN_04406,ef146667a53781ee,P_00696,Airtel,2024-01-01,2025-12-31,active,True
PHN_04407,e91bb24708696651,P_04511,Airtel,2024-01-01,2025-12-31,active,True
PHN_04408,44ae3beab903ff1a,P_00713,BSNL,2024-01-01,2025-12-31,active,True
PHN_04409,b624b6a436364aa3,P_02566,BSNL,2024-01-01,2025-12-31,active,True
PHN_04410,4ee1b1dc1d15b9f8,P_02041,Vi,2024-01-01,2025-12-31,active,True
PHN_04411,0214e550dfb25f98,P_04605,Jio,2024-01-01,2025-12-31,active,True
PHN_04412,b64b4e658c6acb7b,P_04794,Vi,2024-01-01,2025-12-31,active,True
PHN_04413,d9a380e8d929cde1,P_01829,BSNL,2024-01-01,2025-12-31,active,True
PHN_04414,ddb5797517bc41fa,P_01624,Vi,2024-01-01,2025-12-31,active,True
PHN_04415,f6a9d33c64cf3173,P_04738,BSNL,2024-01-01,2025-12-31,active,True
PHN_04416,f975fe7cefdd4dd0,P_04743,BSNL,2024-01-01,2025-12-31,active,True
PHN_04417,479fa115f62d254d,P_00984,BSNL,2024-01-01,2025-12-31,active,True
PHN_04418,f00f8ef16feac7f3,P_02620,BSNL,2024-01-01,2025-12-31,active,True
PHN_04419,14f9b048f120bd1b,P_04065,Airtel,2024-01-01,2025-12-31,active,True
PHN_04420,ac143423d5d0f251,P_02099,Vi,2024-01-01,2025-12-31,active,True
PHN_04421,d7a4083607fae111,P_04846,Vi,2024-01-01,2025-12-31,active,True
PHN_04422,af105c06b74c0cb1,P_01390,Jio,2024-01-01,2025-12-31,active,True
PHN_04423,b4bf255babf36118,P_03409,Airtel,2024-01-01,2025-12-31,active,True
PHN_04424,e332224dce18d379,P_02772,Airtel,2024-01-01,2025-12-31,active,True
PHN_04425,133a8768c4746fc4,P_00447,Airtel,2024-01-01,2025-12-31,active,True
PHN_04426,d9c42fd42eac3cb1,P_02865,Jio,2024-01-01,2025-12-31,active,True
PHN_04427,b85e5a545400586c,P_04521,Vi,2024-01-01,2025-12-31,active,True
PHN_04428,fad3cbbcbf0b6a66,P_03324,Airtel,2024-01-01,2025-12-31,active,True
PHN_04429,e00fe1718684dd09,P_02129,Jio,2024-01-01,2025-12-31,active,True
PHN_04430,005918d0fe41e4e3,P_00322,Vi,2024-01-01,2025-12-31,active,True
PHN_04431,c2c775003534892f,P_01905,Airtel,2024-01-01,2025-12-31,active,True
PHN_04432,ed6e56eb507bde03,P_00700,Airtel,2024-01-01,2025-12-31,active,True
PHN_04433,bfcfa2cc0ed9e041,P_03610,BSNL,2024-01-01,2025-12-31,active,True
PHN_04434,ac8f50d6790f7302,P_03625,Airtel,2024-01-01,2025-12-31,active,True
PHN_04435,efad0fea575ca02a,P_02412,BSNL,2024-01-01,2025-12-31,active,True
PHN_04436,500935d5be313ec8,P_04776,Airtel,2024-01-01,2025-12-31,active,True
PHN_04437,96860e7c251a8da1,P_01128,Jio,2024-01-01,2025-12-31,active,True
PHN_04438,7cc0b9b548ee2b36,P_04563,BSNL,2024-01-01,2025-12-31,active,True
PHN_04439,d18f4382d67cda36,P_03882,BSNL,2024-01-01,2025-12-31,active,True
PHN_04440,55ad8730e2598d6d,P_03703,Jio,2024-01-01,2025-12-31,active,True
PHN_04441,a32253ba97dc2000,P_00977,Airtel,2024-01-01,2025-12-31,active,True
PHN_04442,30b9b824f2acaceb,P_02379,Airtel,2024-01-01,2025-12-31,active,True
PHN_04443,2d3ee5bc83f91497,P_00437,Airtel,2024-01-01,2025-12-31,active,True
PHN_04444,82ecdeb1f4785d2d,P_03578,BSNL,2024-01-01,2025-12-31,active,True
PHN_04445,99d7f349213a9adf,P_02547,BSNL,2024-01-01,2025-12-31,active,True
PHN_04446,c2fe17b346c9418c,P_02192,BSNL,2024-01-01,2025-12-31,active,True
PHN_04447,da73634aeec4ffd7,P_00544,Vi,2024-01-01,2025-12-31,active,True
PHN_04448,60856fb238339c91,P_04426,Jio,2024-01-01,2025-12-31,active,True
PHN_04449,f3cd5da7fdf210a9,P_00510,Jio,2024-01-01,2025-12-31,active,True
PHN_04450,dcd991adc4f41776,P_00740,Airtel,2024-01-01,2025-12-31,active,True
PHN_04451,8210730388cc7e91,P_00484,Airtel,2024-01-01,2025-12-31,active,True
PHN_04452,2508f67a9d7446f3,P_00963,Jio,2024-01-01,2025-12-31,active,True
PHN_04453,146142cde35d2f5e,P_02140,Jio,2024-01-01,2025-12-31,active,True
PHN_04454,78138ca467e98375,P_00768,Airtel,2024-01-01,2025-12-31,active,True
PHN_04455,4b7eb50cb1f205b4,P_00893,Jio,2024-01-01,2025-12-31,active,True
PHN_04456,26077feb13cdadff,P_04754,BSNL,2024-01-01,2025-12-31,active,True
PHN_04457,b60d931db35d2885,P_04127,Vi,2024-01-01,2025-12-31,active,True
PHN_04458,7847f5b98e9a4ef8,P_02413,BSNL,2024-01-01,2025-12-31,active,True
PHN_04459,649593136f6dfd2d,P_03445,Vi,2024-01-01,2025-12-31,active,True
PHN_04460,32e6b0871d00b97d,P_03092,Vi,2024-01-01,2025-12-31,active,True
PHN_04461,d497655c6c71de37,P_03493,Jio,2024-01-01,2025-12-31,active,True
PHN_04462,9b0420f8193bf172,P_03059,Airtel,2024-01-01,2025-12-31,active,True
PHN_04463,68cc8afbfa28e968,P_01691,Vi,2024-01-01,2025-12-31,active,True
PHN_04464,f92d47017ffd6031,P_03631,BSNL,2024-01-01,2025-12-31,active,True
PHN_04465,9d26a2210418b800,P_00365,Jio,2024-01-01,2025-12-31,active,True
PHN_04466,882595a26b8a6dc1,P_02436,BSNL,2024-01-01,2025-12-31,active,True
PHN_04467,1e89de33b4c4cea5,P_00973,Airtel,2024-01-01,2025-12-31,active,True
PHN_04468,47b70acf678a0b9c,P_04989,Airtel,2024-01-01,2025-12-31,active,True
PHN_04469,14300bc9f80bbae4,P_01826,Airtel,2024-01-01,2025-12-31,active,True
PHN_04470,bf7afdd39b2c72f0,P_03080,BSNL,2024-01-01,2025-12-31,active,True
PHN_04471,063e7894da67ae30,P_00994,BSNL,2024-01-01,2025-12-31,active,True
PHN_04472,79f7447d8bd85fc6,P_04477,BSNL,2024-01-01,2025-12-31,active,True
PHN_04473,54fb227ae4b3a8b1,P_04048,Airtel,2024-01-01,2025-12-31,active,True
PHN_04474,79e662607ac186a0,P_03089,BSNL,2024-01-01,2025-12-31,active,True
PHN_04475,bce5a368a9baf53c,P_04754,BSNL,2024-01-01,2025-12-31,active,True
PHN_04476,2f945fa819a2f9ac,P_04703,Airtel,2024-01-01,2025-12-31,active,True
PHN_04477,6bbaaa9a040f7819,P_03749,Jio,2024-01-01,2025-12-31,active,True
PHN_04478,64aef4a2007a9643,P_04212,BSNL,2024-01-01,2025-12-31,active,True
PHN_04479,7df40ca3cab4915c,P_03087,BSNL,2024-01-01,2025-12-31,active,True
PHN_04480,3f9d5031e780751c,P_02477,BSNL,2024-01-01,2025-12-31,active,True
PHN_04481,70ae420a3cfcb1ae,P_03041,BSNL,2024-01-01,2025-12-31,active,True
PHN_04482,d7da6b560779dd83,P_03624,Vi,2024-01-01,2025-12-31,active,True
PHN_04483,e55e5b0ab20937a4,P_04919,BSNL,2024-01-01,2025-12-31,active,True
PHN_04484,1d5939c74d0a6f92,P_03553,Airtel,2024-01-01,2025-12-31,active,True
PHN_04485,dfdc4a825be0a51b,P_04250,Jio,2024-01-01,2025-12-31,active,True
PHN_04486,97d200f08405be55,P_03788,Jio,2024-01-01,2025-12-31,active,True
PHN_04487,22fb8d726505ddc2,P_03371,Airtel,2024-01-01,2025-12-31,active,True
PHN_04488,50885121f9ee5dfa,P_01575,Airtel,2024-01-01,2025-12-31,active,True
PHN_04489,c1b224ccf43daf97,P_03891,Airtel,2024-01-01,2025-12-31,active,True
PHN_04490,5223480b5a5d2922,P_04637,Vi,2024-01-01,2025-12-31,active,True
PHN_04491,f19cee88b1339388,P_03831,Jio,2024-01-01,2025-12-31,active,True
PHN_04492,428f12804af6f874,P_01440,BSNL,2024-01-01,2025-12-31,active,True
PHN_04493,6027db720841e7c4,P_04608,BSNL,2024-01-01,2025-12-31,active,True
PHN_04494,57ca8fa9e5e69ef1,P_02768,Jio,2024-01-01,2025-12-31,active,True
PHN_04495,b0c20b3962d8a7b7,P_03660,Vi,2024-01-01,2025-12-31,active,True
PHN_04496,7148710e4252bd3f,P_02191,Jio,2024-01-01,2025-12-31,active,True
PHN_04497,13748563de02127e,P_02945,Jio,2024-01-01,2025-12-31,active,True
PHN_04498,5f577804f20decc2,P_03768,Airtel,2024-01-01,2025-12-31,active,True
PHN_04499,2d9053ed22ff8fb0,P_00547,Airtel,2024-01-01,2025-12-31,active,True
PHN_04500,ab6119230bb4aa77,P_00025,Vi,2024-01-01,2025-12-31,active,True
PHN_04501,40bfe68ee610225b,P_04307,Airtel,2024-01-01,2025-12-31,active,True
PHN_04502,22f8e0bc77fe1b4d,P_04257,Jio,2024-01-01,2025-12-31,active,True
PHN_04503,52fcfaad1d8e4dac,P_01347,Vi,2024-01-01,2025-12-31,active,True
PHN_04504,2e5f774049ed5876,P_02734,BSNL,2024-01-01,2025-12-31,active,True
PHN_04505,cedff7f7c5ae9a85,P_01786,Airtel,2024-01-01,2025-12-31,active,True
PHN_04506,e1f2f38a227f6d06,P_04177,BSNL,2024-01-01,2025-12-31,active,True
PHN_04507,432a760285c81c61,P_04903,Jio,2024-01-01,2025-12-31,active,True
PHN_04508,7516fb6151455e8c,P_04926,BSNL,2024-01-01,2025-12-31,active,True
PHN_04509,50ee1df134056e62,P_01044,Jio,2024-01-01,2025-12-31,active,True
PHN_04510,179ef301d3625824,P_02833,Airtel,2024-01-01,2025-12-31,active,True
PHN_04511,6c35234c686239f2,P_02512,Jio,2024-01-01,2025-12-31,active,True
PHN_04512,c86cf065ee9d971f,P_04612,Vi,2024-01-01,2025-12-31,active,True
PHN_04513,87b2efb20d59865b,P_03721,Vi,2024-01-01,2025-12-31,active,True
PHN_04514,862e3950cae9ffb9,P_04030,BSNL,2024-01-01,2025-12-31,active,True
PHN_04515,9fb964078d3c99b5,P_01017,BSNL,2024-01-01,2025-12-31,active,True
PHN_04516,b8ee18886658f460,P_01298,Vi,2024-01-01,2025-12-31,active,True
PHN_04517,4be5e9d5e025125d,P_04799,Airtel,2024-01-01,2025-12-31,active,True
PHN_04518,54a7ff99f1eb8391,P_02146,BSNL,2024-01-01,2025-12-31,active,True
PHN_04519,4c75df58496f33cf,P_03062,Vi,2024-01-01,2025-12-31,active,True
PHN_04520,d1d69d31bc0ec85e,P_00855,Airtel,2024-01-01,2025-12-31,active,True
PHN_04521,f4769fa76e3c550c,P_03210,Airtel,2024-01-01,2025-12-31,active,True
PHN_04522,b51dbbc60e4ec5e3,P_02228,BSNL,2024-01-01,2025-12-31,active,True
PHN_04523,58009d380f047799,P_01344,BSNL,2024-01-01,2025-12-31,active,True
PHN_04524,142dc8c2adc3f497,P_00466,Airtel,2024-01-01,2025-12-31,active,True
PHN_04525,28fddef30cc66dde,P_01169,Vi,2024-01-01,2025-12-31,active,True
PHN_04526,28fb522092c7f92b,P_03262,BSNL,2024-01-01,2025-12-31,active,True
PHN_04527,25716e3a4f058c18,P_00507,Jio,2024-01-01,2025-12-31,active,True
PHN_04528,62607eeeabd3fca3,P_04281,Jio,2024-01-01,2025-12-31,active,True
PHN_04529,70e022c2b7b088c5,P_03808,Jio,2024-01-01,2025-12-31,active,True
PHN_04530,ea53226dd02ca997,P_02242,Airtel,2024-01-01,2025-12-31,active,True
PHN_04531,39bb576cd0e23cfc,P_00370,Jio,2024-01-01,2025-12-31,active,True
PHN_04532,046e066a7014721e,P_04321,Jio,2024-01-01,2025-12-31,active,True
PHN_04533,05753988c1968e80,P_01228,Jio,2024-01-01,2025-12-31,active,True
PHN_04534,ea413e39ccb71cb3,P_01985,BSNL,2024-01-01,2025-12-31,active,True
PHN_04535,b5e0f3926de06160,P_00266,Jio,2024-01-01,2025-12-31,active,True
PHN_04536,63ab0975803442af,P_01564,BSNL,2024-01-01,2025-12-31,active,True
PHN_04537,4489a3582fcd2f24,P_00893,Jio,2024-01-01,2025-12-31,active,True
PHN_04538,cf45520a68bd51d5,P_03881,Vi,2024-01-01,2025-12-31,active,True
PHN_04539,a738b8bd20045432,P_00737,Vi,2024-01-01,2025-12-31,active,True
PHN_04540,30a3656c2ae63018,P_00721,BSNL,2024-01-01,2025-12-31,active,True
PHN_04541,4597bf6ca91556d5,P_02830,Vi,2024-01-01,2025-12-31,active,True
PHN_04542,97021c21410b708e,P_02685,Airtel,2024-01-01,2025-12-31,active,True
PHN_04543,f5978f6a7b00be1c,P_02075,Vi,2024-01-01,2025-12-31,active,True
PHN_04544,0ae81917815a95d6,P_02984,Jio,2024-01-01,2025-12-31,active,True
PHN_04545,964e00bd70128ff2,P_03400,Jio,2024-01-01,2025-12-31,active,True
PHN_04546,979d92864134ebee,P_02859,BSNL,2024-01-01,2025-12-31,active,True
PHN_04547,ac30faf727351142,P_03328,Jio,2024-01-01,2025-12-31,active,True
PHN_04548,d860e46e0006d317,P_01609,Airtel,2024-01-01,2025-12-31,active,True
PHN_04549,886c6bd6ea40f580,P_01907,BSNL,2024-01-01,2025-12-31,active,True
PHN_04550,57084f8eb55ff7a5,P_02521,BSNL,2024-01-01,2025-12-31,active,True
PHN_04551,44219b28ce2fb5a4,P_02727,Jio,2024-01-01,2025-12-31,active,True
PHN_04552,b636a36b2a4fed99,P_03658,Vi,2024-01-01,2025-12-31,active,True
PHN_04553,abba1c76b779e413,P_01711,Airtel,2024-01-01,2025-12-31,active,True
PHN_04554,d5c94b399ef66136,P_02598,Jio,2024-01-01,2025-12-31,active,True
PHN_04555,39fe25fbe3daa845,P_00527,Jio,2024-01-01,2025-12-31,active,True
PHN_04556,6a7b990b31a2b50d,P_03386,Airtel,2024-01-01,2025-12-31,active,True
PHN_04557,026dfa30ef552b8c,P_03258,BSNL,2024-01-01,2025-12-31,active,True
PHN_04558,ac90825ceef15122,P_00162,BSNL,2024-01-01,2025-12-31,active,True
PHN_04559,79a641582974bef4,P_03499,BSNL,2024-01-01,2025-12-31,active,True
PHN_04560,d77bfa719454750b,P_03977,Jio,2024-01-01,2025-12-31,active,True
PHN_04561,024b4b951d9930e5,P_01704,Jio,2024-01-01,2025-12-31,active,True
PHN_04562,cbc761c76c1e4470,P_02531,Airtel,2024-01-01,2025-12-31,active,True
PHN_04563,24b20ca82f91adf4,P_02293,BSNL,2024-01-01,2025-12-31,active,True
PHN_04564,2a4a7f1f5a5d0566,P_02299,Jio,2024-01-01,2025-12-31,active,True
PHN_04565,9c3058876f7efac9,P_02592,Vi,2024-01-01,2025-12-31,active,True
PHN_04566,584ed0e2afcfa6ff,P_00201,Jio,2024-01-01,2025-12-31,active,True
PHN_04567,6ec3149866fe26a6,P_02223,Vi,2024-01-01,2025-12-31,active,True
PHN_04568,c7c426af87507ec5,P_00622,Vi,2024-01-01,2025-12-31,active,True
PHN_04569,237546d65393a469,P_00322,Airtel,2024-01-01,2025-12-31,active,True
PHN_04570,77e8987f58717f5d,P_04904,Vi,2024-01-01,2025-12-31,active,True
PHN_04571,5274c61439b31d33,P_03310,Jio,2024-01-01,2025-12-31,active,True
PHN_04572,57487a56004912e9,P_01675,BSNL,2024-01-01,2025-12-31,active,True
PHN_04573,5e3099ea3d62325f,P_00703,Jio,2024-01-01,2025-12-31,active,True
PHN_04574,b5a54e3141b557eb,P_02500,Jio,2024-01-01,2025-12-31,active,True
PHN_04575,02a7cc20e7bc0e31,P_01417,Vi,2024-01-01,2025-12-31,active,True
PHN_04576,93421508931811fe,P_01930,Vi,2024-01-01,2025-12-31,active,True
PHN_04577,e4d66ff980ccd51c,P_03868,Jio,2024-01-01,2025-12-31,active,True
PHN_04578,2fac3108b79fc231,P_04718,Jio,2024-01-01,2025-12-31,active,True
PHN_04579,5af3bae361316882,P_02969,Jio,2024-01-01,2025-12-31,active,True
PHN_04580,45e67f3b39213772,P_03140,Airtel,2024-01-01,2025-12-31,active,True
PHN_04581,cc38ef4efcfd56a5,P_04642,Airtel,2024-01-01,2025-12-31,active,True
PHN_04582,3568ad19b2be6f59,P_03204,Vi,2024-01-01,2025-12-31,active,True
PHN_04583,0386fc9b305f43ea,P_04773,Airtel,2024-01-01,2025-12-31,active,True
PHN_04584,ebd559cfb5f88f81,P_04526,Vi,2024-01-01,2025-12-31,active,True
PHN_04585,6dbc698eadc1b7c3,P_04107,Jio,2024-01-01,2025-12-31,active,True
PHN_04586,67b65f30a87eddf2,P_04977,Vi,2024-01-01,2025-12-31,active,True
PHN_04587,065bf146e67baeb5,P_04702,Airtel,2024-01-01,2025-12-31,active,True
PHN_04588,dfbbb37af6a4de76,P_04281,Jio,2024-01-01,2025-12-31,active,True
PHN_04589,6ffc6d071d6e91a6,P_00218,Airtel,2024-01-01,2025-12-31,active,True
PHN_04590,312ea2fbe084a563,P_01958,Jio,2024-01-01,2025-12-31,active,True
PHN_04591,2217630d0fef638e,P_04294,Airtel,2024-01-01,2025-12-31,active,True
PHN_04592,b9ef53243b3f942a,P_02246,Jio,2024-01-01,2025-12-31,active,True
PHN_04593,9ea3f64e2073bd8e,P_03396,Jio,2024-01-01,2025-12-31,active,True
PHN_04594,32d7eeeb30a30cff,P_04140,BSNL,2024-01-01,2025-12-31,active,True
PHN_04595,4b6434705bb6728c,P_01003,BSNL,2024-01-01,2025-12-31,active,True
PHN_04596,88d738d5fb4eeb5a,P_00065,Jio,2024-01-01,2025-12-31,active,True
PHN_04597,2823a9b949a4e01a,P_00778,Airtel,2024-01-01,2025-12-31,active,True
PHN_04598,2dde9cead5991459,P_01224,Airtel,2024-01-01,2025-12-31,active,True
PHN_04599,a438f9537591c6e1,P_02673,Jio,2024-01-01,2025-12-31,active,True
PHN_04600,63b4aff631822399,P_02088,Vi,2024-01-01,2025-12-31,active,True
PHN_04601,18b1a2104ab4b09c,P_01690,Vi,2024-01-01,2025-12-31,active,True
PHN_04602,f55230583f67c168,P_02074,BSNL,2024-01-01,2025-12-31,active,True
PHN_04603,7c0238a0e8b14425,P_01373,BSNL,2024-01-01,2025-12-31,active,True
PHN_04604,077d5e2b717c6d28,P_01125,Vi,2024-01-01,2025-12-31,active,True
PHN_04605,e030b31a617227d2,P_00181,Jio,2024-01-01,2025-12-31,active,True
PHN_04606,ad99b1ccf68088c4,P_04707,Jio,2024-01-01,2025-12-31,active,True
PHN_04607,fa0117da860a44dd,P_02231,BSNL,2024-01-01,2025-12-31,active,True
PHN_04608,da916b2ec5adde6a,P_00738,Airtel,2024-01-01,2025-12-31,active,True
PHN_04609,b6b12a6e8c7494da,P_04453,Airtel,2024-01-01,2025-12-31,active,True
PHN_04610,39fa4a983f7d8d97,P_00636,Airtel,2024-01-01,2025-12-31,active,True
PHN_04611,5b5d9099bdc98df8,P_02426,BSNL,2024-01-01,2025-12-31,active,True
PHN_04612,f7b652f3ea2b6fb5,P_04081,Jio,2024-01-01,2025-12-31,active,True
PHN_04613,2e966f525ed088bb,P_03279,BSNL,2024-01-01,2025-12-31,active,True
PHN_04614,b23eb383f81f600b,P_01067,BSNL,2024-01-01,2025-12-31,active,True
PHN_04615,4ad0798fd6098a53,P_00033,BSNL,2024-01-01,2025-12-31,active,True
PHN_04616,a95a5a22f8cf5f02,P_02382,BSNL,2024-01-01,2025-12-31,active,True
PHN_04617,03072d99013592fa,P_01890,Airtel,2024-01-01,2025-12-31,active,True
PHN_04618,b800bf19ed8b216b,P_01784,Airtel,2024-01-01,2025-12-31,active,True
PHN_04619,1a3e61e6cfc9d12f,P_02115,BSNL,2024-01-01,2025-12-31,active,True
PHN_04620,722d00f18c073a45,P_01639,Airtel,2024-01-01,2025-12-31,active,True
PHN_04621,cdaf72a422b19ca9,P_03218,Jio,2024-01-01,2025-12-31,active,True
PHN_04622,cc8de7b01634df9a,P_01299,Vi,2024-01-01,2025-12-31,active,True
PHN_04623,751ecb46fbfa7673,P_00853,Vi,2024-01-01,2025-12-31,active,True
PHN_04624,b4b9bbfaea1c0703,P_01118,BSNL,2024-01-01,2025-12-31,active,True
PHN_04625,5b70d5ed3204f33e,P_04032,BSNL,2024-01-01,2025-12-31,active,True
PHN_04626,b16f8f705c6899c1,P_02845,Jio,2024-01-01,2025-12-31,active,True
PHN_04627,599b9d6e3f2dec3c,P_02322,BSNL,2024-01-01,2025-12-31,active,True
PHN_04628,d585faf82a218f34,P_02367,BSNL,2024-01-01,2025-12-31,active,True
PHN_04629,3b2b202560ff790a,P_03476,Airtel,2024-01-01,2025-12-31,active,True
PHN_04630,03e77b12f20df9b0,P_02286,Jio,2024-01-01,2025-12-31,active,True
PHN_04631,b925529115f844a4,P_00029,BSNL,2024-01-01,2025-12-31,active,True
PHN_04632,baf59203142c6bbf,P_04803,Jio,2024-01-01,2025-12-31,active,True
PHN_04633,5428337b0353e2c7,P_03168,Airtel,2024-01-01,2025-12-31,active,True
PHN_04634,5bd8c280d499fb9c,P_02866,Airtel,2024-01-01,2025-12-31,active,True
PHN_04635,9864b96c380da3de,P_04744,Airtel,2024-01-01,2025-12-31,active,True
PHN_04636,103c19231386ae1e,P_02245,Vi,2024-01-01,2025-12-31,active,True
PHN_04637,7f6f847f07d1521c,P_04001,Vi,2024-01-01,2025-12-31,active,True
PHN_04638,0c3d915146c12c33,P_03066,Vi,2024-01-01,2025-12-31,active,True
PHN_04639,3d7fb9d11858f8a4,P_02616,BSNL,2024-01-01,2025-12-31,active,True
PHN_04640,ba2930c5bffbc1c6,P_03956,Vi,2024-01-01,2025-12-31,active,True
PHN_04641,288650faa415c651,P_04144,Jio,2024-01-01,2025-12-31,active,True
PHN_04642,f0db8fef66061dd2,P_02640,BSNL,2024-01-01,2025-12-31,active,True
PHN_04643,8ef90a59d4a9a7e9,P_00227,BSNL,2024-01-01,2025-12-31,active,True
PHN_04644,d3374eb01223ce67,P_01458,Jio,2024-01-01,2025-12-31,active,True
PHN_04645,0080df12f5073311,P_00849,Airtel,2024-01-01,2025-12-31,active,True
PHN_04646,49e3b5cbd3ebe701,P_01534,Vi,2024-01-01,2025-12-31,active,True
PHN_04647,6a6ea566557d7d35,P_01599,BSNL,2024-01-01,2025-12-31,active,True
PHN_04648,2bc4e55e61561ba7,P_03634,Vi,2024-01-01,2025-12-31,active,True
PHN_04649,7a724a5e9723e77c,P_02385,BSNL,2024-01-01,2025-12-31,active,True
PHN_04650,13869f66bdd3d0d9,P_01352,Vi,2024-01-01,2025-12-31,active,True
PHN_04651,5b1f9ad6a917be5e,P_04788,BSNL,2024-01-01,2025-12-31,active,True
PHN_04652,4db31faad2092b43,P_00960,Airtel,2024-01-01,2025-12-31,active,True
PHN_04653,80f3332c3e23ecab,P_04347,Jio,2024-01-01,2025-12-31,active,True
PHN_04654,157e92b197a0b5b2,P_02644,Airtel,2024-01-01,2025-12-31,active,True
PHN_04655,b0324faabb3f084a,P_00421,Jio,2024-01-01,2025-12-31,active,True
PHN_04656,30fc197ba6f4d8a1,P_04264,Jio,2024-01-01,2025-12-31,active,True
PHN_04657,c2732094f0ab666c,P_03883,Jio,2024-01-01,2025-12-31,active,True
PHN_04658,adb40c1236078245,P_04866,Airtel,2024-01-01,2025-12-31,active,True
PHN_04659,2e01b9f24a165743,P_01402,Airtel,2024-01-01,2025-12-31,active,True
PHN_04660,1ba330155b34a5ed,P_02920,Jio,2024-01-01,2025-12-31,active,True
PHN_04661,b31f40ef58b6d30a,P_00033,Vi,2024-01-01,2025-12-31,active,True
PHN_04662,069902671c9eec5e,P_01182,Vi,2024-01-01,2025-12-31,active,True
PHN_04663,636dba3996c7a6b8,P_02172,Jio,2024-01-01,2025-12-31,active,True
PHN_04664,a8669fa3a5286184,P_01734,Airtel,2024-01-01,2025-12-31,active,True
PHN_04665,b5ddc369055da997,P_04110,Airtel,2024-01-01,2025-12-31,active,True
PHN_04666,1c5808fd96174cf3,P_04813,Jio,2024-01-01,2025-12-31,active,True
PHN_04667,bb47098cd5f78cdd,P_01373,Jio,2024-01-01,2025-12-31,active,True
PHN_04668,81c8f2dafd831d70,P_00187,Airtel,2024-01-01,2025-12-31,active,True
PHN_04669,8979e0dab33516d0,P_01388,Airtel,2024-01-01,2025-12-31,active,True
PHN_04670,68054cc36999eed7,P_02959,Airtel,2024-01-01,2025-12-31,active,True
PHN_04671,f5942e1467e74ccd,P_02728,Vi,2024-01-01,2025-12-31,active,True
PHN_04672,9325ee957e7dab21,P_01735,BSNL,2024-01-01,2025-12-31,active,True
PHN_04673,b4bac0476d6203b5,P_00279,Airtel,2024-01-01,2025-12-31,active,True
PHN_04674,95fc215ba0b05905,P_01399,Jio,2024-01-01,2025-12-31,active,True
PHN_04675,9a0d55541c5ad947,P_04514,BSNL,2024-01-01,2025-12-31,active,True
PHN_04676,891a5034395b605e,P_03880,Jio,2024-01-01,2025-12-31,active,True
PHN_04677,93618931bc15f3d1,P_00103,BSNL,2024-01-01,2025-12-31,active,True
PHN_04678,ee1f3b2cb434a31d,P_04472,BSNL,2024-01-01,2025-12-31,active,True
PHN_04679,0762e849dfecc58c,P_00867,Jio,2024-01-01,2025-12-31,active,True
PHN_04680,87eab409ee974ecd,P_03112,Vi,2024-01-01,2025-12-31,active,True
PHN_04681,f7e2a147c308e8bd,P_01216,BSNL,2024-01-01,2025-12-31,active,True
PHN_04682,cd24ae477f10e0c6,P_00111,Vi,2024-01-01,2025-12-31,active,True
PHN_04683,fbe729f1cba1835f,P_04718,Jio,2024-01-01,2025-12-31,active,True
PHN_04684,8a3f0a85666f868c,P_04031,Jio,2024-01-01,2025-12-31,active,True
PHN_04685,7f52bd3e3aab72ee,P_02934,Airtel,2024-01-01,2025-12-31,active,True
PHN_04686,e968571123a67bab,P_01150,BSNL,2024-01-01,2025-12-31,active,True
PHN_04687,64878c60a7a1bf76,P_03140,Jio,2024-01-01,2025-12-31,active,True
PHN_04688,48e8596283d2bf08,P_04691,BSNL,2024-01-01,2025-12-31,active,True
PHN_04689,46c7a5588ca3dc8d,P_02422,Vi,2024-01-01,2025-12-31,active,True
PHN_04690,3f03b0b98e283c8a,P_00898,BSNL,2024-01-01,2025-12-31,active,True
PHN_04691,30abb9c9b59c0a1e,P_00901,Jio,2024-01-01,2025-12-31,active,True
PHN_04692,d12e134c23727a5f,P_01923,Vi,2024-01-01,2025-12-31,active,True
PHN_04693,99b07121f4377b36,P_04199,Airtel,2024-01-01,2025-12-31,active,True
PHN_04694,cddaaae5d80adab4,P_03861,Vi,2024-01-01,2025-12-31,active,True
PHN_04695,fc6f8d2ee9cdc44a,P_00176,Airtel,2024-01-01,2025-12-31,active,True
PHN_04696,d5527ff078a90444,P_02590,BSNL,2024-01-01,2025-12-31,active,True
PHN_04697,4e023aa3e250df37,P_04243,Airtel,2024-01-01,2025-12-31,active,True
PHN_04698,bdcb5623c5c6c738,P_02253,Airtel,2024-01-01,2025-12-31,active,True
PHN_04699,8e96b289e052ea44,P_04624,BSNL,2024-01-01,2025-12-31,active,True
PHN_04700,47914be9f05a51c0,P_04113,Vi,2024-01-01,2025-12-31,active,True
PHN_04701,c2ca181d5610ecac,P_02558,Airtel,2024-01-01,2025-12-31,active,True
PHN_04702,25776711b7e11997,P_04645,Vi,2024-01-01,2025-12-31,active,True
PHN_04703,5a4c7ddb2606914c,P_03973,Vi,2024-01-01,2025-12-31,active,True
PHN_04704,84a51498303188a0,P_03599,BSNL,2024-01-01,2025-12-31,active,True
PHN_04705,7571eef76543cc57,P_00423,BSNL,2024-01-01,2025-12-31,active,True
PHN_04706,313120c5e388fb5a,P_00724,Jio,2024-01-01,2025-12-31,active,True
PHN_04707,c44f2cbfe859dcbb,P_00386,Vi,2024-01-01,2025-12-31,active,True
PHN_04708,116d50a634ebd9d2,P_01546,BSNL,2024-01-01,2025-12-31,active,True
PHN_04709,eaf8ef525dcc90b6,P_01825,Airtel,2024-01-01,2025-12-31,active,True
PHN_04710,96b5c9f0e4f28436,P_00938,BSNL,2024-01-01,2025-12-31,active,True
PHN_04711,7253190b790b823c,P_01471,Vi,2024-01-01,2025-12-31,active,True
PHN_04712,1e5d44663a44b22b,P_00091,Jio,2024-01-01,2025-12-31,active,True
PHN_04713,eab709a914722cdb,P_03055,BSNL,2024-01-01,2025-12-31,active,True
PHN_04714,12476038cd90c082,P_03445,Jio,2024-01-01,2025-12-31,active,True
PHN_04715,6bc75cb46ca1ac02,P_02277,Airtel,2024-01-01,2025-12-31,active,True
PHN_04716,00111f80d112f71c,P_04036,Jio,2024-01-01,2025-12-31,active,True
PHN_04717,727b07e313b9e76f,P_03076,Jio,2024-01-01,2025-12-31,active,True
PHN_04718,7c51188da48b8462,P_02809,Airtel,2024-01-01,2025-12-31,active,True
PHN_04719,0a172581e20418f2,P_00950,Vi,2024-01-01,2025-12-31,active,True
PHN_04720,7ac01841b9364b77,P_02152,Jio,2024-01-01,2025-12-31,active,True
PHN_04721,a440f5c3f6cde11d,P_01212,Vi,2024-01-01,2025-12-31,active,True
PHN_04722,b5806fdc58ce693b,P_04757,Jio,2024-01-01,2025-12-31,active,True
PHN_04723,17e276a973e6d96c,P_03899,Airtel,2024-01-01,2025-12-31,active,True
PHN_04724,de81215f3ea953ad,P_03227,BSNL,2024-01-01,2025-12-31,active,True
PHN_04725,97a1ffa610fbb7b8,P_03466,Jio,2024-01-01,2025-12-31,active,True
PHN_04726,6bea7d353f5f6193,P_02331,Jio,2024-01-01,2025-12-31,active,True
PHN_04727,580436bf6e8f7806,P_01786,Vi,2024-01-01,2025-12-31,active,True
PHN_04728,971df932c93b1b94,P_00191,Jio,2024-01-01,2025-12-31,active,True
PHN_04729,dec638185a4f7e82,P_04644,Jio,2024-01-01,2025-12-31,active,True
PHN_04730,324e7edf3e66fd8d,P_00960,Jio,2024-01-01,2025-12-31,active,True
PHN_04731,d76f0bb2e33aabab,P_03358,Airtel,2024-01-01,2025-12-31,active,True
PHN_04732,00e64ed8d8238ffe,P_01485,Vi,2024-01-01,2025-12-31,active,True
PHN_04733,dac66376aa76e4b6,P_01927,BSNL,2024-01-01,2025-12-31,active,True
PHN_04734,179470e060d28ebe,P_02846,Vi,2024-01-01,2025-12-31,active,True
PHN_04735,f3fd0cda6c296564,P_00658,Jio,2024-01-01,2025-12-31,active,True
PHN_04736,9320267187970a2d,P_04746,Vi,2024-01-01,2025-12-31,active,True
PHN_04737,0f3368b25f2d165e,P_02669,BSNL,2024-01-01,2025-12-31,active,True
PHN_04738,1889616ca2b37e3a,P_04900,Vi,2024-01-01,2025-12-31,active,True
PHN_04739,cd84276dd666e7b5,P_02383,BSNL,2024-01-01,2025-12-31,active,True
PHN_04740,fd696efdb3e1beae,P_04745,Jio,2024-01-01,2025-12-31,active,True
PHN_04741,104bf8d1e9f1a072,P_01750,Vi,2024-01-01,2025-12-31,active,True
PHN_04742,8bd3d2f988e8bd64,P_04936,Airtel,2024-01-01,2025-12-31,active,True
PHN_04743,17ed6a813261f408,P_00235,Vi,2024-01-01,2025-12-31,active,True
PHN_04744,62373f81f2890246,P_00405,Jio,2024-01-01,2025-12-31,active,True
PHN_04745,bb31fb4926572590,P_04984,Jio,2024-01-01,2025-12-31,active,True
PHN_04746,b238ea4af1da2c81,P_00048,Vi,2024-01-01,2025-12-31,active,True
PHN_04747,cb17296474ff91b4,P_03283,Jio,2024-01-01,2025-12-31,active,True
PHN_04748,c57ede518cec5abb,P_04939,Airtel,2024-01-01,2025-12-31,active,True
PHN_04749,6118b673bab94664,P_01542,Jio,2024-01-01,2025-12-31,active,True
PHN_04750,417ef1309032ebe0,P_03257,Airtel,2024-01-01,2025-12-31,active,True
PHN_04751,8e51458c33b0a371,P_03190,Vi,2024-01-01,2025-12-31,active,True
PHN_04752,f5bdfb578a5bee74,P_00141,Jio,2024-01-01,2025-12-31,active,True
PHN_04753,0b03eeea77c7d221,P_03662,Jio,2024-01-01,2025-12-31,active,True
PHN_04754,a0101abe4c5eed04,P_02759,Jio,2024-01-01,2025-12-31,active,True
PHN_04755,1c6f7539327aa57b,P_03528,Jio,2024-01-01,2025-12-31,active,True
PHN_04756,3484dc9bac0920e7,P_04323,Jio,2024-01-01,2025-12-31,active,True
PHN_04757,f29dca4dd286a6dc,P_03077,Jio,2024-01-01,2025-12-31,active,True
PHN_04758,2242990eb1a45188,P_00471,Jio,2024-01-01,2025-12-31,active,True
PHN_04759,5f55a6bd94095e13,P_03618,BSNL,2024-01-01,2025-12-31,active,True
PHN_04760,0049cfa0af8a3ab9,P_03028,Jio,2024-01-01,2025-12-31,active,True
PHN_04761,8e68758487888470,P_02671,Airtel,2024-01-01,2025-12-31,active,True
PHN_04762,2db9579afcf1316c,P_00209,BSNL,2024-01-01,2025-12-31,active,True
PHN_04763,21ace4d559654f09,P_02689,BSNL,2024-01-01,2025-12-31,active,True
PHN_04764,af792e1d7e0b80a2,P_02418,Vi,2024-01-01,2025-12-31,active,True
PHN_04765,9adb026a981289ad,P_02899,Airtel,2024-01-01,2025-12-31,active,True
PHN_04766,9feb92b3240c49c6,P_04866,Jio,2024-01-01,2025-12-31,active,True
PHN_04767,5e1c01cf9cb0a641,P_04399,BSNL,2024-01-01,2025-12-31,active,True
PHN_04768,3624b06cb2d4b9d0,P_03156,Vi,2024-01-01,2025-12-31,active,True
PHN_04769,6eafc1dcbfdb382f,P_04627,Vi,2024-01-01,2025-12-31,active,True
PHN_04770,13ccf714c8480f6b,P_03787,Jio,2024-01-01,2025-12-31,active,True
PHN_04771,e60691583cb61512,P_01211,Jio,2024-01-01,2025-12-31,active,True
PHN_04772,1586a495df12f1dc,P_00060,BSNL,2024-01-01,2025-12-31,active,True
PHN_04773,99c168ec0c94697b,P_01953,Jio,2024-01-01,2025-12-31,active,True
PHN_04774,6f88f97e2ece4dd9,P_00663,BSNL,2024-01-01,2025-12-31,active,True
PHN_04775,3f5e0e64e4a4f233,P_00327,Airtel,2024-01-01,2025-12-31,active,True
PHN_04776,c2da9ddf6e605103,P_00188,Jio,2024-01-01,2025-12-31,active,True
PHN_04777,1cf5335f11182014,P_03804,Airtel,2024-01-01,2025-12-31,active,True
PHN_04778,9d3d80817c45a8f8,P_02093,Vi,2024-01-01,2025-12-31,active,True
PHN_04779,2f134528ee3d9832,P_02748,Jio,2024-01-01,2025-12-31,active,True
PHN_04780,d4adf048380e22c8,P_00696,Jio,2024-01-01,2025-12-31,active,True
PHN_04781,1f2d649cb1bb1113,P_01356,BSNL,2024-01-01,2025-12-31,active,True
PHN_04782,bb72346233b2485b,P_03430,Vi,2024-01-01,2025-12-31,active,True
PHN_04783,f99d95b1933bd3de,P_00782,Jio,2024-01-01,2025-12-31,active,True
PHN_04784,7cf76bd45cea4d8c,P_03686,Vi,2024-01-01,2025-12-31,active,True
PHN_04785,d8a00e750ab2707c,P_02549,Vi,2024-01-01,2025-12-31,active,True
PHN_04786,fd5d168c0d58ee10,P_03187,BSNL,2024-01-01,2025-12-31,active,True
PHN_04787,3135e7c8348414b5,P_00160,Vi,2024-01-01,2025-12-31,active,True
PHN_04788,f855d5b2247ff812,P_01139,BSNL,2024-01-01,2025-12-31,active,True
PHN_04789,ba088e1c649f54dd,P_03370,BSNL,2024-01-01,2025-12-31,active,True
PHN_04790,6ba3cce9293d4195,P_00758,Vi,2024-01-01,2025-12-31,active,True
PHN_04791,69bd31a2a0824b69,P_02151,Vi,2024-01-01,2025-12-31,active,True
PHN_04792,7012eeec43343f5a,P_04062,BSNL,2024-01-01,2025-12-31,active,True
PHN_04793,9e40a0d49982f0e3,P_04655,Vi,2024-01-01,2025-12-31,active,True
PHN_04794,25478cb70e144645,P_00719,BSNL,2024-01-01,2025-12-31,active,True
PHN_04795,7fea66f28e478994,P_00523,Jio,2024-01-01,2025-12-31,active,True
PHN_04796,8de5cd404468550b,P_00547,Vi,2024-01-01,2025-12-31,active,True
PHN_04797,879b08b1acd3d0d6,P_00230,Jio,2024-01-01,2025-12-31,active,True
PHN_04798,bdebe98b3cad08b1,P_02743,Vi,2024-01-01,2025-12-31,active,True
PHN_04799,063cc169d07dffb9,P_02550,BSNL,2024-01-01,2025-12-31,active,True
PHN_04800,352e669fb1178eda,P_01393,Vi,2024-01-01,2025-12-31,active,True
PHN_04801,db2b525c10cbffc8,P_01186,BSNL,2024-01-01,2025-12-31,active,True
PHN_04802,5e60d66868f65b93,P_02862,BSNL,2024-01-01,2025-12-31,active,True
PHN_04803,c7c168fc5c0ede13,P_01779,Jio,2024-01-01,2025-12-31,active,True
PHN_04804,8acd2e3942633c92,P_03748,BSNL,2024-01-01,2025-12-31,active,True
PHN_04805,8a294351aa94445b,P_03296,Vi,2024-01-01,2025-12-31,active,True
PHN_04806,6469a90da38a419e,P_01244,Vi,2024-01-01,2025-12-31,active,True
PHN_04807,f5ff4dcae1d274bd,P_01489,Airtel,2024-01-01,2025-12-31,active,True
PHN_04808,9dcd81996ad39ccd,P_00851,BSNL,2024-01-01,2025-12-31,active,True
PHN_04809,db2cae5cd6803dc9,P_04827,BSNL,2024-01-01,2025-12-31,active,True
PHN_04810,a619146221138c0a,P_00075,Vi,2024-01-01,2025-12-31,active,True
PHN_04811,0e3fb8c81c6b2e1b,P_04567,Jio,2024-01-01,2025-12-31,active,True
PHN_04812,5b18e5e028d54ba0,P_01073,Vi,2024-01-01,2025-12-31,active,True
PHN_04813,44c12f71bbb10f40,P_00479,BSNL,2024-01-01,2025-12-31,active,True
PHN_04814,5d100074ea47070b,P_04512,BSNL,2024-01-01,2025-12-31,active,True
PHN_04815,1ccf8dfeeeb898c0,P_01833,Jio,2024-01-01,2025-12-31,active,True
PHN_04816,7c51602acab4920f,P_03454,Jio,2024-01-01,2025-12-31,active,True
PHN_04817,8493f4b293198f7a,P_00844,Airtel,2024-01-01,2025-12-31,active,True
PHN_04818,6338bf7aae70f150,P_01199,Jio,2024-01-01,2025-12-31,active,True
PHN_04819,d17d2663e9dc11b8,P_03428,Airtel,2024-01-01,2025-12-31,active,True
PHN_04820,211879fae6b7e87a,P_01691,Airtel,2024-01-01,2025-12-31,active,True
PHN_04821,08d5b57a5da4ca1a,P_02934,BSNL,2024-01-01,2025-12-31,active,True
PHN_04822,82ce749d6c03a3eb,P_00011,BSNL,2024-01-01,2025-12-31,active,True
PHN_04823,f013cff0ac6a21a9,P_03666,BSNL,2024-01-01,2025-12-31,active,True
PHN_04824,b2a37c8bee56ed94,P_02813,Jio,2024-01-01,2025-12-31,active,True
PHN_04825,7c31014f049f0464,P_01672,BSNL,2024-01-01,2025-12-31,active,True
PHN_04826,691f67a2ec0faf3a,P_00808,Vi,2024-01-01,2025-12-31,active,True
PHN_04827,45b1540432e2a18c,P_02178,BSNL,2024-01-01,2025-12-31,active,True
PHN_04828,2b0186006e32ecb8,P_00045,Airtel,2024-01-01,2025-12-31,active,True
PHN_04829,0c48199a67964bfe,P_01752,Airtel,2024-01-01,2025-12-31,active,True
PHN_04830,0932e2955a167d0c,P_00471,Airtel,2024-01-01,2025-12-31,active,True
PHN_04831,9ed574a986247793,P_02657,Jio,2024-01-01,2025-12-31,active,True
PHN_04832,c87c42f1e9903a88,P_02305,BSNL,2024-01-01,2025-12-31,active,True
PHN_04833,ddcf89fe370019fa,P_02531,BSNL,2024-01-01,2025-12-31,active,True
PHN_04834,a00d1d9f46a537bb,P_00770,Vi,2024-01-01,2025-12-31,active,True
PHN_04835,0124fc63628655d1,P_01803,Jio,2024-01-01,2025-12-31,active,True
PHN_04836,3bf777569c1aa130,P_00636,BSNL,2024-01-01,2025-12-31,active,True
PHN_04837,839c295ea1d36195,P_02465,Airtel,2024-01-01,2025-12-31,active,True
PHN_04838,9ad7b78d1d47637e,P_02653,Airtel,2024-01-01,2025-12-31,active,True
PHN_04839,87705ab5abdbfdaa,P_04552,Vi,2024-01-01,2025-12-31,active,True
PHN_04840,b1279bcf147779c6,P_01584,Vi,2024-01-01,2025-12-31,active,True
PHN_04841,fd1448c3e282a12b,P_04044,Airtel,2024-01-01,2025-12-31,active,True
PHN_04842,74dc753f1296e01a,P_03103,Airtel,2024-01-01,2025-12-31,active,True
PHN_04843,1bac811e834ad3ad,P_00908,Airtel,2024-01-01,2025-12-31,active,True
PHN_04844,cceb70d406bd6c33,P_04809,Vi,2024-01-01,2025-12-31,active,True
PHN_04845,9b214a04de6359aa,P_02981,BSNL,2024-01-01,2025-12-31,active,True
PHN_04846,c805b32b2515825c,P_00518,BSNL,2024-01-01,2025-12-31,active,True
PHN_04847,bc6dacb4ba291382,P_01591,Airtel,2024-01-01,2025-12-31,active,True
PHN_04848,1a54d9c3d738b801,P_00387,Airtel,2024-01-01,2025-12-31,active,True
PHN_04849,19371831b6225e6b,P_01319,BSNL,2024-01-01,2025-12-31,active,True
PHN_04850,cb2cf5a850fd88eb,P_04523,Jio,2024-01-01,2025-12-31,active,True
PHN_04851,9123a658e14f4d67,P_03821,Jio,2024-01-01,2025-12-31,active,True
PHN_04852,40c59ff05bdd5a44,P_04290,Jio,2024-01-01,2025-12-31,active,True
PHN_04853,f0af52d5ceb741a6,P_02740,BSNL,2024-01-01,2025-12-31,active,True
PHN_04854,8601cc5fad555ad4,P_02202,Airtel,2024-01-01,2025-12-31,active,True
PHN_04855,2ec342c21a091814,P_03013,Airtel,2024-01-01,2025-12-31,active,True
PHN_04856,ec74182b5539ea84,P_00851,Airtel,2024-01-01,2025-12-31,active,True
PHN_04857,26b6465c079c71a6,P_01598,Jio,2024-01-01,2025-12-31,active,True
PHN_04858,55c5ae8024f0246d,P_00639,Jio,2024-01-01,2025-12-31,active,True
PHN_04859,af900086cd43a53d,P_04857,Vi,2024-01-01,2025-12-31,active,True
PHN_04860,90677e5c40eec324,P_02801,Vi,2024-01-01,2025-12-31,active,True
PHN_04861,854745f393183830,P_03879,BSNL,2024-01-01,2025-12-31,active,True
PHN_04862,6d3b8c4c4f09804b,P_04768,Airtel,2024-01-01,2025-12-31,active,True
PHN_04863,1bd040749c734eb4,P_02817,BSNL,2024-01-01,2025-12-31,active,True
PHN_04864,ccc56e216137a4c3,P_03698,Jio,2024-01-01,2025-12-31,active,True
PHN_04865,077b0a072c1d69f8,P_03978,Airtel,2024-01-01,2025-12-31,active,True
PHN_04866,61b022d51be622fb,P_00354,Vi,2024-01-01,2025-12-31,active,True
PHN_04867,b2120c62f5235de3,P_03005,Vi,2024-01-01,2025-12-31,active,True
PHN_04868,0a2910354eb23424,P_01001,BSNL,2024-01-01,2025-12-31,active,True
PHN_04869,09794cd04e94e6e0,P_02792,Vi,2024-01-01,2025-12-31,active,True
PHN_04870,0142bd8e26ef49df,P_01415,Jio,2024-01-01,2025-12-31,active,True
PHN_04871,d03a6b4d5f6f8b1a,P_00388,Airtel,2024-01-01,2025-12-31,active,True
PHN_04872,5697449d59702a22,P_02445,Airtel,2024-01-01,2025-12-31,active,True
PHN_04873,c16ace5e52b82055,P_01893,Jio,2024-01-01,2025-12-31,active,True
PHN_04874,7fc458d2d474bced,P_03297,Vi,2024-01-01,2025-12-31,active,True
PHN_04875,dfcf890c997d3d20,P_01868,Airtel,2024-01-01,2025-12-31,active,True
PHN_04876,863ff87ce156970e,P_02914,BSNL,2024-01-01,2025-12-31,active,True
PHN_04877,2cd212cb1d30df3d,P_01310,Jio,2024-01-01,2025-12-31,active,True
PHN_04878,029efbaac9b45516,P_00563,Airtel,2024-01-01,2025-12-31,active,True
PHN_04879,f04935f5bb081463,P_01325,Jio,2024-01-01,2025-12-31,active,True
PHN_04880,a562ade74ae2e82a,P_04739,Jio,2024-01-01,2025-12-31,active,True
PHN_04881,0bf2b6d69ee5bdf8,P_03455,BSNL,2024-01-01,2025-12-31,active,True
PHN_04882,453b26a5baa65902,P_02151,Jio,2024-01-01,2025-12-31,active,True
PHN_04883,3a67f50fd7b7a43a,P_00956,BSNL,2024-01-01,2025-12-31,active,True
PHN_04884,d1b5fcc0366d5cc1,P_02060,Jio,2024-01-01,2025-12-31,active,True
PHN_04885,0fc3afae1ddb7f5c,P_00638,Jio,2024-01-01,2025-12-31,active,True
PHN_04886,b1e69813905191ed,P_00253,BSNL,2024-01-01,2025-12-31,active,True
PHN_04887,66bf35eea3c30d14,P_00294,Vi,2024-01-01,2025-12-31,active,True
PHN_04888,5ee3e097cc414ba7,P_01524,Jio,2024-01-01,2025-12-31,active,True
PHN_04889,37724f62ebb88418,P_02551,Vi,2024-01-01,2025-12-31,active,True
PHN_04890,a7290bb0257a60aa,P_03171,BSNL,2024-01-01,2025-12-31,active,True
PHN_04891,b14deba2c46700f4,P_02838,Jio,2024-01-01,2025-12-31,active,True
PHN_04892,74340fa83747c80a,P_01641,Vi,2024-01-01,2025-12-31,active,True
PHN_04893,dbb00449bb7c1c31,P_01725,Airtel,2024-01-01,2025-12-31,active,True
PHN_04894,482612738faac002,P_01110,Airtel,2024-01-01,2025-12-31,active,True
PHN_04895,c397c84db380b9df,P_04700,Jio,2024-01-01,2025-12-31,active,True
PHN_04896,75208b02822213bf,P_01365,Airtel,2024-01-01,2025-12-31,active,True
PHN_04897,ca7b8343e5a0d2e7,P_01486,Vi,2024-01-01,2025-12-31,active,True
PHN_04898,43194aa5c9778d2a,P_04428,Jio,2024-01-01,2025-12-31,active,True
PHN_04899,d6885b4f0a2a24b7,P_04125,BSNL,2024-01-01,2025-12-31,active,True
PHN_04900,3ed55449ac8d2541,P_02924,BSNL,2024-01-01,2025-12-31,active,True
PHN_04901,46e3c7defcb2155d,P_03268,Vi,2024-01-01,2025-12-31,active,True
PHN_04902,83193d56794030e9,P_01748,Vi,2024-01-01,2025-12-31,active,True
PHN_04903,3d29ad3c1dd452ba,P_04884,Jio,2024-01-01,2025-12-31,active,True
PHN_04904,a5eea34b6511b57b,P_02148,Airtel,2024-01-01,2025-12-31,active,True
PHN_04905,b98fa9baabe323f3,P_00598,Vi,2024-01-01,2025-12-31,active,True
PHN_04906,48f3ed407018713f,P_02806,Vi,2024-01-01,2025-12-31,active,True
PHN_04907,9ce51eb276d87c86,P_03716,Jio,2024-01-01,2025-12-31,active,True
PHN_04908,f1309c7ec9df608a,P_00625,Jio,2024-01-01,2025-12-31,active,True
PHN_04909,ade35ee579a06aad,P_04269,BSNL,2024-01-01,2025-12-31,active,True
PHN_04910,2b9e18f0f5b6e11f,P_04054,Airtel,2024-01-01,2025-12-31,active,True
PHN_04911,707d732a9a2da373,P_01188,Airtel,2024-01-01,2025-12-31,active,True
PHN_04912,2658d442c4368472,P_02232,Vi,2024-01-01,2025-12-31,active,True
PHN_04913,5fdf49646ed4e184,P_02329,Vi,2024-01-01,2025-12-31,active,True
PHN_04914,49cfbef87c4e7bac,P_04486,Vi,2024-01-01,2025-12-31,active,True
PHN_04915,0ed0bc808122205a,P_03237,Vi,2024-01-01,2025-12-31,active,True
PHN_04916,4160efd3d1301248,P_02016,Jio,2024-01-01,2025-12-31,active,True
PHN_04917,6c2e7f8e297bc201,P_02199,Jio,2024-01-01,2025-12-31,active,True
PHN_04918,b30172b2ff354792,P_03015,Airtel,2024-01-01,2025-12-31,active,True
PHN_04919,6d32e28b07723fb8,P_04804,Vi,2024-01-01,2025-12-31,active,True
PHN_04920,e4ef311918b5f1d5,P_01086,Jio,2024-01-01,2025-12-31,active,True
PHN_04921,2df9e097473b5a69,P_03930,Airtel,2024-01-01,2025-12-31,active,True
PHN_04922,6a119e6d850604bf,P_01663,Jio,2024-01-01,2025-12-31,active,True
PHN_04923,674aa297d742678b,P_02259,Airtel,2024-01-01,2025-12-31,active,True
PHN_04924,9c133faf11c85fe9,P_03611,Vi,2024-01-01,2025-12-31,active,True
PHN_04925,d809ab56f4a690df,P_03249,Airtel,2024-01-01,2025-12-31,active,True
PHN_04926,70a83f87d2fb388a,P_01734,Vi,2024-01-01,2025-12-31,active,True
PHN_04927,9486ef9dbca2c759,P_02643,Vi,2024-01-01,2025-12-31,active,True
PHN_04928,c43e10e4d76f56ec,P_01207,Jio,2024-01-01,2025-12-31,active,True
PHN_04929,1d9469081692b3d9,P_01704,Airtel,2024-01-01,2025-12-31,active,True
PHN_04930,3e1a596ac8059448,P_00086,BSNL,2024-01-01,2025-12-31,active,True
PHN_04931,98bf84bebc2a86b1,P_03616,Airtel,2024-01-01,2025-12-31,active,True
PHN_04932,b5e284bcab78ea52,P_00494,BSNL,2024-01-01,2025-12-31,active,True
PHN_04933,9708581ce84ab47d,P_04601,Airtel,2024-01-01,2025-12-31,active,True
PHN_04934,3326b3ac71a8a562,P_01752,BSNL,2024-01-01,2025-12-31,active,True
PHN_04935,0c2c14c06912ac5b,P_04582,Airtel,2024-01-01,2025-12-31,active,True
PHN_04936,c825a2a3f7ad0c07,P_00417,Vi,2024-01-01,2025-12-31,active,True
PHN_04937,ed6df31ee41b6245,P_01738,Jio,2024-01-01,2025-12-31,active,True
PHN_04938,8dbc348626a96a11,P_04911,Airtel,2024-01-01,2025-12-31,active,True
PHN_04939,a506479483c486bb,P_04094,Jio,2024-01-01,2025-12-31,active,True
PHN_04940,0829371b58263680,P_04275,Vi,2024-01-01,2025-12-31,active,True
PHN_04941,7d67a4ef179c6ed9,P_00108,Airtel,2024-01-01,2025-12-31,active,True
PHN_04942,0dc0ad5d6e33d0b8,P_04195,Vi,2024-01-01,2025-12-31,active,True
PHN_04943,ce9e31ca108c025c,P_02784,Vi,2024-01-01,2025-12-31,active,True
PHN_04944,1ea518b58e372e4b,P_00302,Jio,2024-01-01,2025-12-31,active,True
PHN_04945,d6c0137c159cf4c2,P_02833,Jio,2024-01-01,2025-12-31,active,True
PHN_04946,c901365ffc8b9116,P_02220,Airtel,2024-01-01,2025-12-31,active,True
PHN_04947,a2a7e0586067a171,P_03774,Vi,2024-01-01,2025-12-31,active,True
PHN_04948,c7af7c71804acf16,P_03239,BSNL,2024-01-01,2025-12-31,active,True
PHN_04949,0289b496e3426302,P_01320,BSNL,2024-01-01,2025-12-31,active,True
PHN_04950,e57c6a8dad37b48e,P_03217,BSNL,2024-01-01,2025-12-31,active,True
PHN_04951,c9dbfb1f4a89ee0b,P_01452,Airtel,2024-01-01,2025-12-31,active,True
PHN_04952,50c85acffef61cce,P_04237,Vi,2024-01-01,2025-12-31,active,True
PHN_04953,479337996027ed67,P_02253,BSNL,2024-01-01,2025-12-31,active,True
PHN_04954,4bd55999672364ac,P_02875,Vi,2024-01-01,2025-12-31,active,True
PHN_04955,05308c5059b2bea2,P_04856,BSNL,2024-01-01,2025-12-31,active,True
PHN_04956,e242c93b23265826,P_02810,Jio,2024-01-01,2025-12-31,active,True
PHN_04957,3cf68e4745f673fd,P_00571,Vi,2024-01-01,2025-12-31,active,True
PHN_04958,55b0bf8f15501477,P_03154,Airtel,2024-01-01,2025-12-31,active,True
PHN_04959,a42bd48dffb03a8e,P_04054,Vi,2024-01-01,2025-12-31,active,True
PHN_04960,48413f59e6059d96,P_02657,Vi,2024-01-01,2025-12-31,active,True
PHN_04961,e1ce73c3cd2ae939,P_00028,Airtel,2024-01-01,2025-12-31,active,True
PHN_04962,dc490f730d270d04,P_01166,Jio,2024-01-01,2025-12-31,active,True
PHN_04963,82fce8183c5cd578,P_04366,Vi,2024-01-01,2025-12-31,active,True
PHN_04964,f527b9ce0b1461a3,P_04587,Airtel,2024-01-01,2025-12-31,active,True
PHN_04965,e0e0662d51ffbdc4,P_00647,Jio,2024-01-01,2025-12-31,active,True
PHN_04966,464f651f1f829f32,P_02932,Airtel,2024-01-01,2025-12-31,active,True
PHN_04967,1f78e1bfdeb95f68,P_00459,Airtel,2024-01-01,2025-12-31,active,True
PHN_04968,0148f8eb738e3a89,P_00195,Airtel,2024-01-01,2025-12-31,active,True
PHN_04969,c347ec92d07da4c3,P_01519,Jio,2024-01-01,2025-12-31,active,True
PHN_04970,5c0a73d09de2fd0a,P_01352,Jio,2024-01-01,2025-12-31,active,True
PHN_04971,1854142925f3869b,P_04191,BSNL,2024-01-01,2025-12-31,active,True
PHN_04972,4489a2b1552ccd5a,P_04851,Jio,2024-01-01,2025-12-31,active,True
PHN_04973,e533fa7d1b544e25,P_03309,Airtel,2024-01-01,2025-12-31,active,True
PHN_04974,3e85d55aac89fdc1,P_04082,Airtel,2024-01-01,2025-12-31,active,True
PHN_04975,7c656d54d05c8f03,P_03098,BSNL,2024-01-01,2025-12-31,active,True
PHN_04976,953c8f5d86d2f54e,P_02420,Jio,2024-01-01,2025-12-31,active,True
PHN_04977,f9b46760b5cb590b,P_00059,BSNL,2024-01-01,2025-12-31,active,True
PHN_04978,38fba2049f9dbfd4,P_03996,Vi,2024-01-01,2025-12-31,active,True
PHN_04979,96e3272f88632905,P_02454,BSNL,2024-01-01,2025-12-31,active,True
PHN_04980,7da751b01012109c,P_01518,Vi,2024-01-01,2025-12-31,active,True
PHN_04981,a17bee6da524ceda,P_04844,Jio,2024-01-01,2025-12-31,active,True
PHN_04982,2bcf3f4c39d87aba,P_01157,Airtel,2024-01-01,2025-12-31,active,True
PHN_04983,3735b491ab962e6c,P_02984,Airtel,2024-01-01,2025-12-31,active,True
PHN_04984,c1bd69fcc61d7b60,P_00425,Airtel,2024-01-01,2025-12-31,active,True
PHN_04985,714a31225de9f33f,P_02770,Vi,2024-01-01,2025-12-31,active,True
PHN_04986,b5fd1b1ea05e8a29,P_01627,Vi,2024-01-01,2025-12-31,active,True
PHN_04987,a2e656803386c105,P_03186,Airtel,2024-01-01,2025-12-31,active,True
PHN_04988,f4101a60df00fede,P_03810,BSNL,2024-01-01,2025-12-31,active,True
PHN_04989,afbab11105b82728,P_03896,Vi,2024-01-01,2025-12-31,active,True
PHN_04990,d858dd59550bfd81,P_03561,Vi,2024-01-01,2025-12-31,active,True
PHN_04991,b371edb600a76ac4,P_00188,Jio,2024-01-01,2025-12-31,active,True
PHN_04992,4d5bf90c2043e500,P_02243,Airtel,2024-01-01,2025-12-31,active,True
PHN_04993,f760654fbdbf5073,P_01504,Jio,2024-01-01,2025-12-31,active,True
PHN_04994,9f4b91938b8bcb77,P_02181,BSNL,2024-01-01,2025-12-31,active,True
PHN_04995,9223f4f6c8ac10e4,P_01480,Vi,2024-01-01,2025-12-31,active,True
PHN_04996,44e6d9d1230e2c55,P_03072,Airtel,2024-01-01,2025-12-31,active,True
PHN_04997,0156173d61feb1c5,P_01334,BSNL,2024-01-01,2025-12-31,active,True
PHN_04998,e2fc8ef5abfaa4ee,P_04519,Vi,2024-01-01,2025-12-31,active,True
PHN_04999,903788e6c32b5125,P_02599,Airtel,2024-01-01,2025-12-31,active,True
PHN_05000,95afe4310216a4eb,P_03175,Vi,2024-01-01,2025-12-31,active,True
PHN_05001,0ccfc0a84674261d,P_03010,Vi,2024-01-01,2025-12-31,active,True
PHN_05002,d34279dfe588b81e,P_04380,BSNL,2024-01-01,2025-12-31,active,True
PHN_05003,edd08429e245c076,P_00441,Airtel,2024-01-01,2025-12-31,active,True
PHN_05004,58983effb697e504,P_01219,Vi,2024-01-01,2025-12-31,active,True
PHN_05005,135c5feed0d223aa,P_04737,Airtel,2024-01-01,2025-12-31,active,True
PHN_05006,847674e5d19c997b,P_04752,BSNL,2024-01-01,2025-12-31,active,True
PHN_05007,2efe23c616c0957b,P_03180,Jio,2024-01-01,2025-12-31,active,True
PHN_05008,a8302a4602590073,P_00803,BSNL,2024-01-01,2025-12-31,active,True
PHN_05009,aa9537e9b70c8bb9,P_02790,Vi,2024-01-01,2025-12-31,active,True
PHN_05010,5d36e8861a90287f,P_02384,Airtel,2024-01-01,2025-12-31,active,True
PHN_05011,23b269d6287774df,P_00263,Airtel,2024-01-01,2025-12-31,active,True
PHN_05012,4a47082790e17dae,P_01732,Jio,2024-01-01,2025-12-31,active,True
PHN_05013,3cb3fe7891ba94ef,P_02134,BSNL,2024-01-01,2025-12-31,active,True
PHN_05014,c45cf3b2bf475196,P_01914,BSNL,2024-01-01,2025-12-31,active,True
PHN_05015,32cba0d84fb38489,P_00147,Airtel,2024-01-01,2025-12-31,active,True
PHN_05016,99a8253796917f47,P_04165,Airtel,2024-01-01,2025-12-31,active,True
PHN_05017,493ad1ac8e697efb,P_00240,Vi,2024-01-01,2025-12-31,active,True
PHN_05018,df2816a966889924,P_00434,Vi,2024-01-01,2025-12-31,active,True
PHN_05019,fd182bae2e9c9514,P_00039,Airtel,2024-01-01,2025-12-31,active,True
PHN_05020,45174002ff634e2b,P_04933,BSNL,2024-01-01,2025-12-31,active,True
PHN_05021,f651c5994208ab94,P_04596,Jio,2024-01-01,2025-12-31,active,True
PHN_05022,93dbd292854ed022,P_00387,Vi,2024-01-01,2025-12-31,active,True
PHN_05023,1680453ca1b5829f,P_04799,Vi,2024-01-01,2025-12-31,active,True
PHN_05024,8ea8c2b61aedf5f2,P_04896,Vi,2024-01-01,2025-12-31,active,True
PHN_05025,58603166b618ca11,P_02221,Vi,2024-01-01,2025-12-31,active,True
PHN_05026,97e9c5548d3e53d8,P_04556,Vi,2024-01-01,2025-12-31,active,True
PHN_05027,e0bc975f6cc563e5,P_00361,Jio,2024-01-01,2025-12-31,active,True
PHN_05028,b86c679e83066c91,P_02518,Jio,2024-01-01,2025-12-31,active,True
PHN_05029,95870f8e9340f17a,P_02181,BSNL,2024-01-01,2025-12-31,active,True
PHN_05030,6f20dc4d2b8fd372,P_03998,Vi,2024-01-01,2025-12-31,active,True
PHN_05031,02a33fd1bb31d7bf,P_00636,BSNL,2024-01-01,2025-12-31,active,True
PHN_05032,fa1f0864cae8b4eb,P_04997,Airtel,2024-01-01,2025-12-31,active,True
PHN_05033,90aaf5e932125e88,P_01097,Jio,2024-01-01,2025-12-31,active,True
PHN_05034,dd22b90685afb03a,P_01635,Jio,2024-01-01,2025-12-31,active,True
PHN_05035,28edcf46ba2b21da,P_00517,Vi,2024-01-01,2025-12-31,active,True
PHN_05036,9baace0ba6715e69,P_00113,BSNL,2024-01-01,2025-12-31,active,True
PHN_05037,bf3a94b000701bef,P_03308,Airtel,2024-01-01,2025-12-31,active,True
PHN_05038,c9fa1093b214f379,P_00094,Vi,2024-01-01,2025-12-31,active,True
PHN_05039,6f86cb179d294170,P_03858,Jio,2024-01-01,2025-12-31,active,True
PHN_05040,cfb95f220df6a972,P_02045,Vi,2024-01-01,2025-12-31,active,True
PHN_05041,c812f687175f5668,P_04723,Vi,2024-01-01,2025-12-31,active,True
PHN_05042,e73804c42fe90660,P_01136,BSNL,2024-01-01,2025-12-31,active,True
PHN_05043,bbba3a8723391a7d,P_04113,Vi,2024-01-01,2025-12-31,active,True
PHN_05044,601045b04cc7404d,P_00840,Vi,2024-01-01,2025-12-31,active,True
PHN_05045,02c7ed77b66fc03a,P_01983,Vi,2024-01-01,2025-12-31,active,True
PHN_05046,47b5c848d000dbb7,P_03344,BSNL,2024-01-01,2025-12-31,active,True
PHN_05047,1433ebffe6c3962e,P_04554,BSNL,2024-01-01,2025-12-31,active,True
PHN_05048,0d6be686c2f3b2d3,P_01688,Jio,2024-01-01,2025-12-31,active,True
PHN_05049,0e94eb3360cd0965,P_03096,Airtel,2024-01-01,2025-12-31,active,True
PHN_05050,e06121f32bea573d,P_03253,Jio,2024-01-01,2025-12-31,active,True
PHN_05051,7cdeb8589dd8d599,P_00774,Vi,2024-01-01,2025-12-31,active,True
PHN_05052,c83b02281047e34a,P_04815,Airtel,2024-01-01,2025-12-31,active,True
PHN_05053,234c2209ed202c47,P_02546,BSNL,2024-01-01,2025-12-31,active,True
PHN_05054,d95a2c9099d084d9,P_00964,BSNL,2024-01-01,2025-12-31,active,True
PHN_05055,b4ce1973b9713f4d,P_02013,Airtel,2024-01-01,2025-12-31,active,True
PHN_05056,5c0eedc4100ac9e1,P_02577,Airtel,2024-01-01,2025-12-31,active,True
PHN_05057,6c680c4f61e4eedd,P_02284,Airtel,2024-01-01,2025-12-31,active,True
PHN_05058,5fdb23c9c3764c5b,P_02660,Jio,2024-01-01,2025-12-31,active,True
PHN_05059,2f9f99bb98b737d0,P_01005,Jio,2024-01-01,2025-12-31,active,True
PHN_05060,e6d566bc2d540d90,P_01357,Airtel,2024-01-01,2025-12-31,active,True
PHN_05061,ff24b6600759e646,P_00961,Jio,2024-01-01,2025-12-31,active,True
PHN_05062,38fee95ae761f370,P_02259,Jio,2024-01-01,2025-12-31,active,True
PHN_05063,33cf49ac9f7b2095,P_00695,Airtel,2024-01-01,2025-12-31,active,True
PHN_05064,89fabf2c5f60ee61,P_00373,BSNL,2024-01-01,2025-12-31,active,True
PHN_05065,e0ae0d5c0d4b7bd5,P_02503,Vi,2024-01-01,2025-12-31,active,True
PHN_05066,e4ad3a7f56e95dfa,P_04589,Vi,2024-01-01,2025-12-31,active,True
PHN_05067,b96091bafe56190e,P_03892,BSNL,2024-01-01,2025-12-31,active,True
PHN_05068,ae80f0386e28e057,P_00791,Vi,2024-01-01,2025-12-31,active,True
PHN_05069,57c031086a3520c5,P_01061,Jio,2024-01-01,2025-12-31,active,True
PHN_05070,12382b7deb631194,P_01525,Airtel,2024-01-01,2025-12-31,active,True
PHN_05071,2dfd24f3675f4326,P_02158,Airtel,2024-01-01,2025-12-31,active,True
PHN_05072,360cf77ce5508f1e,P_02200,Jio,2024-01-01,2025-12-31,active,True
PHN_05073,b9a3cee5b9c3ffef,P_04266,BSNL,2024-01-01,2025-12-31,active,True
PHN_05074,79403ed03c8debbf,P_00354,Airtel,2024-01-01,2025-12-31,active,True
PHN_05075,626072d4c249d839,P_03780,Vi,2024-01-01,2025-12-31,active,True
PHN_05076,0ccb994c2b2592e1,P_03676,Airtel,2024-01-01,2025-12-31,active,True
PHN_05077,9d99700dd767407f,P_03357,Airtel,2024-01-01,2025-12-31,active,True
PHN_05078,985e6883bf71478a,P_02704,Airtel,2024-01-01,2025-12-31,active,True
PHN_05079,76889c1e29200a86,P_02537,Jio,2024-01-01,2025-12-31,active,True
PHN_05080,039362b9fc102e18,P_01411,Jio,2024-01-01,2025-12-31,active,True
PHN_05081,1b8a02120ae0cc68,P_02609,Vi,2024-01-01,2025-12-31,active,True
PHN_05082,1a3e5154f3f9ffbe,P_03265,BSNL,2024-01-01,2025-12-31,active,True
PHN_05083,7b1c58abba7d2331,P_04969,Airtel,2024-01-01,2025-12-31,active,True
PHN_05084,63548e310ace64ba,P_00013,Airtel,2024-01-01,2025-12-31,active,True
PHN_05085,6667929f0f6cbeeb,P_04684,Airtel,2024-01-01,2025-12-31,active,True
PHN_05086,45061014cd414ae8,P_01078,Jio,2024-01-01,2025-12-31,active,True
PHN_05087,199a88a95a721aa2,P_04383,BSNL,2024-01-01,2025-12-31,active,True
PHN_05088,e47ede0b386c12cf,P_00209,BSNL,2024-01-01,2025-12-31,active,True
PHN_05089,cde3e7894f665de0,P_01973,Vi,2024-01-01,2025-12-31,active,True
PHN_05090,bf9079e151d974bd,P_02315,Airtel,2024-01-01,2025-12-31,active,True
PHN_05091,9c7eb8666d81ee2d,P_04770,Vi,2024-01-01,2025-12-31,active,True
PHN_05092,33d058235a948eb1,P_00384,Airtel,2024-01-01,2025-12-31,active,True
PHN_05093,e784440814980c67,P_04666,Jio,2024-01-01,2025-12-31,active,True
PHN_05094,e42f4dd901e3bf1d,P_01648,Vi,2024-01-01,2025-12-31,active,True
PHN_05095,1b977e4d383c7a05,P_03190,Jio,2024-01-01,2025-12-31,active,True
PHN_05096,63b098c69559438c,P_01134,Vi,2024-01-01,2025-12-31,active,True
PHN_05097,bbe1e0c361cd9abe,P_02330,Airtel,2024-01-01,2025-12-31,active,True
PHN_05098,a2c9872398b33b8f,P_03693,Airtel,2024-01-01,2025-12-31,active,True
PHN_05099,222c53b7c0db7510,P_03440,BSNL,2024-01-01,2025-12-31,active,True
PHN_05100,8074bf7f19ced2f1,P_04524,Vi,2024-01-01,2025-12-31,active,True
PHN_05101,723f1ca50c0f84c8,P_00892,BSNL,2024-01-01,2025-12-31,active,True
PHN_05102,9fba905ca0dcfcab,P_04911,Vi,2024-01-01,2025-12-31,active,True
PHN_05103,92f4f0cfa5a171d1,P_02394,Vi,2024-01-01,2025-12-31,active,True
PHN_05104,4bb8c25cc5f01cfa,P_00672,Airtel,2024-01-01,2025-12-31,active,True
PHN_05105,f475bb53ee64bda5,P_04115,Airtel,2024-01-01,2025-12-31,active,True
PHN_05106,c31b7d5e3975ff91,P_03284,Jio,2024-01-01,2025-12-31,active,True
PHN_05107,80c6ef9caae94c78,P_03534,Airtel,2024-01-01,2025-12-31,active,True
PHN_05108,b18d8b8b4fd12580,P_02089,Airtel,2024-01-01,2025-12-31,active,True
PHN_05109,0305b158739fdcac,P_00094,Jio,2024-01-01,2025-12-31,active,True
PHN_05110,2f3244d2d6551a4d,P_01412,BSNL,2024-01-01,2025-12-31,active,True
PHN_05111,6e1cca49b3f3f9aa,P_04490,BSNL,2024-01-01,2025-12-31,active,True
PHN_05112,6e39c8f8918842a8,P_03947,Airtel,2024-01-01,2025-12-31,active,True
PHN_05113,04cbdc58c242fb6d,P_02245,Vi,2024-01-01,2025-12-31,active,True
PHN_05114,91e1c53a7c6ea4bc,P_02569,Jio,2024-01-01,2025-12-31,active,True
PHN_05115,ab02a959c4c00221,P_04994,Airtel,2024-01-01,2025-12-31,active,True
PHN_05116,024166a001f48d4e,P_01483,Jio,2024-01-01,2025-12-31,active,True
PHN_05117,9c3d36086757918c,P_01047,Jio,2024-01-01,2025-12-31,active,True
PHN_05118,b72787f57907c8f8,P_03267,Jio,2024-01-01,2025-12-31,active,True
PHN_05119,faca1c6d589126c8,P_01678,Airtel,2024-01-01,2025-12-31,active,True
PHN_05120,2deea3ae58021ee8,P_01430,Airtel,2024-01-01,2025-12-31,active,True
PHN_05121,582185456318eb4b,P_01364,Airtel,2024-01-01,2025-12-31,active,True
PHN_05122,dbc30d0d8981a653,P_01848,Vi,2024-01-01,2025-12-31,active,True
PHN_05123,64d298117d68ee3f,P_01133,Jio,2024-01-01,2025-12-31,active,True
PHN_05124,cd9cc01291ca7d94,P_03211,Airtel,2024-01-01,2025-12-31,active,True
PHN_05125,d11818c76c920933,P_04557,Jio,2024-01-01,2025-12-31,active,True
PHN_05126,1bd818c47319a22e,P_02132,Vi,2024-01-01,2025-12-31,active,True
PHN_05127,21ebb2eb75d526b4,P_04036,Airtel,2024-01-01,2025-12-31,active,True
PHN_05128,91cf3ab07985c8b4,P_01345,Airtel,2024-01-01,2025-12-31,active,True
PHN_05129,68848ce05152c985,P_01040,Vi,2024-01-01,2025-12-31,active,True
PHN_05130,e3d0c84f3efc2375,P_03482,Jio,2024-01-01,2025-12-31,active,True
PHN_05131,412cdce30360c377,P_04930,BSNL,2024-01-01,2025-12-31,active,True
PHN_05132,2d6795a6e1c95f12,P_00665,Jio,2024-01-01,2025-12-31,active,True
PHN_05133,b6c33e47bbabbddf,P_04266,Airtel,2024-01-01,2025-12-31,active,True
PHN_05134,d341a42b50225256,P_01202,Airtel,2024-01-01,2025-12-31,active,True
PHN_05135,57939a50fc20d2bf,P_01858,Vi,2024-01-01,2025-12-31,active,True
PHN_05136,ffdadd1c3efaa8b3,P_01463,Vi,2024-01-01,2025-12-31,active,True
PHN_05137,1ba8a17e939e1fa4,P_02825,Vi,2024-01-01,2025-12-31,active,True
PHN_05138,246934db238d9306,P_02022,BSNL,2024-01-01,2025-12-31,active,True
PHN_05139,2927714164b66847,P_01076,BSNL,2024-01-01,2025-12-31,active,True
PHN_05140,def7440f05cac62b,P_00229,Vi,2024-01-01,2025-12-31,active,True
PHN_05141,8447fe645a526568,P_04323,BSNL,2024-01-01,2025-12-31,active,True
PHN_05142,fac2ef3119db722f,P_02206,Airtel,2024-01-01,2025-12-31,active,True
PHN_05143,e6bd386d371e15f4,P_01435,Vi,2024-01-01,2025-12-31,active,True
PHN_05144,1b42d7c28018b5c9,P_03707,Jio,2024-01-01,2025-12-31,active,True
PHN_05145,5fc9b7e6426de209,P_01789,Vi,2024-01-01,2025-12-31,active,True
PHN_05146,2d1b95e6b4ed60fe,P_04316,Jio,2024-01-01,2025-12-31,active,True
PHN_05147,4d8c924412a5ef90,P_04395,BSNL,2024-01-01,2025-12-31,active,True
PHN_05148,be50a1a58b936e74,P_02251,Airtel,2024-01-01,2025-12-31,active,True
PHN_05149,c0a83d666e8d2fc8,P_00413,BSNL,2024-01-01,2025-12-31,active,True
PHN_05150,03acd361c08e5379,P_00037,Airtel,2024-01-01,2025-12-31,active,True
PHN_05151,f4a70401c9e5f215,P_00017,BSNL,2024-01-01,2025-12-31,active,True
PHN_05152,9828646851765a0e,P_03994,BSNL,2024-01-01,2025-12-31,active,True
PHN_05153,e20ee9038776010b,P_03128,Vi,2024-01-01,2025-12-31,active,True
PHN_05154,39a1b8c9b65a8181,P_04256,BSNL,2024-01-01,2025-12-31,active,True
PHN_05155,163c47838e646887,P_03986,Vi,2024-01-01,2025-12-31,active,True
PHN_05156,0b64191eb0abd3c7,P_03833,Airtel,2024-01-01,2025-12-31,active,True
PHN_05157,7af83b6aa1da9c21,P_01906,Airtel,2024-01-01,2025-12-31,active,True
PHN_05158,e91467aba88ab03f,P_04205,BSNL,2024-01-01,2025-12-31,active,True
PHN_05159,a2552acd1bda6804,P_04832,Airtel,2024-01-01,2025-12-31,active,True
PHN_05160,237bd9fdd773fd7f,P_02069,Vi,2024-01-01,2025-12-31,active,True
PHN_05161,6cd35e794643e5c6,P_00459,BSNL,2024-01-01,2025-12-31,active,True
PHN_05162,2c369bb51bc33170,P_04868,BSNL,2024-01-01,2025-12-31,active,True
PHN_05163,aac3930de921a55b,P_03112,Airtel,2024-01-01,2025-12-31,active,True
PHN_05164,045091cb99e718b3,P_03796,Jio,2024-01-01,2025-12-31,active,True
PHN_05165,83a0ea658e2f4042,P_01257,BSNL,2024-01-01,2025-12-31,active,True
PHN_05166,fc64a73e5dadbec8,P_04962,BSNL,2024-01-01,2025-12-31,active,True
PHN_05167,e9df71d6b80f9dcc,P_01268,Jio,2024-01-01,2025-12-31,active,True
PHN_05168,7472147b84eaf21d,P_04706,Vi,2024-01-01,2025-12-31,active,True
PHN_05169,ba8655185bdb61ee,P_01297,Vi,2024-01-01,2025-12-31,active,True
PHN_05170,30f0d000da93a1ef,P_01089,Vi,2024-01-01,2025-12-31,active,True
PHN_05171,d90f815ba2e96400,P_03496,BSNL,2024-01-01,2025-12-31,active,True
PHN_05172,45c7538c20800908,P_02059,Airtel,2024-01-01,2025-12-31,active,True
PHN_05173,1ff919c9a55054f6,P_00446,BSNL,2024-01-01,2025-12-31,active,True
PHN_05174,a2c6e9a0eb45c9b7,P_00187,Jio,2024-01-01,2025-12-31,active,True
PHN_05175,fe74de5d79e0815d,P_03656,Vi,2024-01-01,2025-12-31,active,True
PHN_05176,a6f2f8d8ae497fd4,P_02728,BSNL,2024-01-01,2025-12-31,active,True
PHN_05177,fcdb6fcbf8c72811,P_03766,BSNL,2024-01-01,2025-12-31,active,True
PHN_05178,59d1f7ef387d8919,P_02078,Jio,2024-01-01,2025-12-31,active,True
PHN_05179,f644ab8002ce0af4,P_00354,BSNL,2024-01-01,2025-12-31,active,True
PHN_05180,bf21196374163463,P_02036,Vi,2024-01-01,2025-12-31,active,True
PHN_05181,6d784494887dc0fa,P_04955,Jio,2024-01-01,2025-12-31,active,True
PHN_05182,e986db6aff851755,P_04118,BSNL,2024-01-01,2025-12-31,active,True
PHN_05183,cd2683de11fd47b2,P_04000,BSNL,2024-01-01,2025-12-31,active,True
PHN_05184,e4b5101a8fcf2edb,P_04351,Jio,2024-01-01,2025-12-31,active,True
PHN_05185,bba4052b1c4bc3a1,P_01926,Airtel,2024-01-01,2025-12-31,active,True
PHN_05186,3c28411ec19a65c0,P_02394,Airtel,2024-01-01,2025-12-31,active,True
PHN_05187,716bb140b95fd89b,P_01795,Jio,2024-01-01,2025-12-31,active,True
PHN_05188,6e307a4ec0ab41ca,P_04589,Airtel,2024-01-01,2025-12-31,active,True
PHN_05189,9168f787e7cb08b0,P_02028,BSNL,2024-01-01,2025-12-31,active,True
PHN_05190,89a598168e3f631e,P_00987,Vi,2024-01-01,2025-12-31,active,True
PHN_05191,ea125488ef31d09c,P_00150,Airtel,2024-01-01,2025-12-31,active,True
PHN_05192,0cff203e6f8c3257,P_00449,Jio,2024-01-01,2025-12-31,active,True
PHN_05193,f8c710d41f338d66,P_01560,Vi,2024-01-01,2025-12-31,active,True
PHN_05194,dd6cd163cc4077bc,P_01686,Airtel,2024-01-01,2025-12-31,active,True
PHN_05195,d8ae2e3a0890d035,P_03613,Jio,2024-01-01,2025-12-31,active,True
PHN_05196,2d9a6cebec469c05,P_01238,Vi,2024-01-01,2025-12-31,active,True
PHN_05197,130a91d3260f1c86,P_00237,Jio,2024-01-01,2025-12-31,active,True
PHN_05198,dc90d79fd154efc5,P_04029,Vi,2024-01-01,2025-12-31,active,True
PHN_05199,c2d6854d870af35e,P_04630,BSNL,2024-01-01,2025-12-31,active,True
PHN_05200,e856152f605c0cb8,P_01871,Airtel,2024-01-01,2025-12-31,active,True
PHN_05201,b53fc543bc51ff63,P_04779,BSNL,2024-01-01,2025-12-31,active,True
PHN_05202,4b907b870a9ab16e,P_04399,Airtel,2024-01-01,2025-12-31,active,True
PHN_05203,87b7cc56e33ddaed,P_04372,BSNL,2024-01-01,2025-12-31,active,True
PHN_05204,6aad5cc5ff145ed2,P_01726,Jio,2024-01-01,2025-12-31,active,True
PHN_05205,8201570355dec195,P_00320,Airtel,2024-01-01,2025-12-31,active,True
PHN_05206,07669195b8378f48,P_00256,BSNL,2024-01-01,2025-12-31,active,True
PHN_05207,78307aeb478bae59,P_03769,BSNL,2024-01-01,2025-12-31,active,True
PHN_05208,8290a12cd41520b9,P_01610,Airtel,2024-01-01,2025-12-31,active,True
PHN_05209,024065d4b75d1acf,P_04043,BSNL,2024-01-01,2025-12-31,active,True
PHN_05210,86ecc5f771fb21fb,P_04742,Vi,2024-01-01,2025-12-31,active,True
PHN_05211,cc682f1615e00097,P_04064,BSNL,2024-01-01,2025-12-31,active,True
PHN_05212,15f2f589def55dd7,P_00321,BSNL,2024-01-01,2025-12-31,active,True
PHN_05213,c6b57ffdf092a1ae,P_04002,Vi,2024-01-01,2025-12-31,active,True
PHN_05214,138b7bb9f081692b,P_02281,Jio,2024-01-01,2025-12-31,active,True
PHN_05215,18e005f49f979981,P_00984,Vi,2024-01-01,2025-12-31,active,True
PHN_05216,eab254f78bd3fe0f,P_00671,Jio,2024-01-01,2025-12-31,active,True
PHN_05217,ad97bac14dbdd2e1,P_02811,Airtel,2024-01-01,2025-12-31,active,True
PHN_05218,6069fe60ab3b7f04,P_03608,Vi,2024-01-01,2025-12-31,active,True
PHN_05219,d925780220245ecc,P_02739,Airtel,2024-01-01,2025-12-31,active,True
PHN_05220,273214f4c23dfc8e,P_00121,Jio,2024-01-01,2025-12-31,active,True
PHN_05221,1a2087a798231970,P_04401,Airtel,2024-01-01,2025-12-31,active,True
PHN_05222,0297830ba20e3071,P_02765,Vi,2024-01-01,2025-12-31,active,True
PHN_05223,70f6a921b385c171,P_01438,Jio,2024-01-01,2025-12-31,active,True
PHN_05224,9902a9da394a3320,P_01075,BSNL,2024-01-01,2025-12-31,active,True
PHN_05225,6d8baa2d2007387e,P_01473,Vi,2024-01-01,2025-12-31,active,True
PHN_05226,42f38869ea9ba673,P_01297,Vi,2024-01-01,2025-12-31,active,True
PHN_05227,cd1fd8ddeba0b70c,P_01377,Airtel,2024-01-01,2025-12-31,active,True
PHN_05228,35ecbf217e201c61,P_01978,Jio,2024-01-01,2025-12-31,active,True
PHN_05229,309d525758e3f48e,P_02231,Vi,2024-01-01,2025-12-31,active,True
PHN_05230,5aba148080390d83,P_00556,BSNL,2024-01-01,2025-12-31,active,True
PHN_05231,5cd95922d468cf8d,P_01916,Airtel,2024-01-01,2025-12-31,active,True
PHN_05232,bddc5ef08b9e3f39,P_03424,BSNL,2024-01-01,2025-12-31,active,True
PHN_05233,311e537f697441ea,P_02994,BSNL,2024-01-01,2025-12-31,active,True
PHN_05234,035097171824f5a1,P_01081,BSNL,2024-01-01,2025-12-31,active,True
PHN_05235,f54a5a896d6fe2b2,P_03819,Vi,2024-01-01,2025-12-31,active,True
PHN_05236,6b5f821e18f35be2,P_03338,Vi,2024-01-01,2025-12-31,active,True
PHN_05237,148a68e03956c7f6,P_01546,BSNL,2024-01-01,2025-12-31,active,True
PHN_05238,8837e7184c3813a5,P_02715,BSNL,2024-01-01,2025-12-31,active,True
PHN_05239,a1ba0dbfa783270d,P_02395,BSNL,2024-01-01,2025-12-31,active,True
PHN_05240,6de38a81f9e2e8e1,P_04006,Vi,2024-01-01,2025-12-31,active,True
PHN_05241,d5f18f5b47d69217,P_04471,BSNL,2024-01-01,2025-12-31,active,True
PHN_05242,f94cf366b2fb0c48,P_00769,Vi,2024-01-01,2025-12-31,active,True
PHN_05243,d4a6ff1836649b60,P_03282,Airtel,2024-01-01,2025-12-31,active,True
PHN_05244,d480b65232483085,P_04628,BSNL,2024-01-01,2025-12-31,active,True
PHN_05245,101ae77038168fe9,P_03935,BSNL,2024-01-01,2025-12-31,active,True
PHN_05246,22ea3cffc1748a53,P_00160,Airtel,2024-01-01,2025-12-31,active,True
PHN_05247,baccae7d6e2d6ed2,P_04891,Jio,2024-01-01,2025-12-31,active,True
PHN_05248,2b2602a66d24f193,P_00700,Jio,2024-01-01,2025-12-31,active,True
PHN_05249,ce891bb9f9882a26,P_00262,BSNL,2024-01-01,2025-12-31,active,True
PHN_05250,697a586a030b76ea,P_04024,Jio,2024-01-01,2025-12-31,active,True
PHN_05251,6249b58b0a7af2ce,P_04343,BSNL,2024-01-01,2025-12-31,active,True
PHN_05252,5685d8438789b122,P_01666,Vi,2024-01-01,2025-12-31,active,True
PHN_05253,81bab1d8206c9395,P_00580,BSNL,2024-01-01,2025-12-31,active,True
PHN_05254,fd4871647b7be553,P_00391,Airtel,2024-01-01,2025-12-31,active,True
PHN_05255,c5740c8b4b47516e,P_01524,Jio,2024-01-01,2025-12-31,active,True
PHN_05256,32acb615708887e2,P_04317,Airtel,2024-01-01,2025-12-31,active,True
PHN_05257,73969e139c5d328f,P_01892,Airtel,2024-01-01,2025-12-31,active,True
PHN_05258,a128189aa3068332,P_01319,Vi,2024-01-01,2025-12-31,active,True
PHN_05259,dd4851fb6a97ffcf,P_02433,Vi,2024-01-01,2025-12-31,active,True
PHN_05260,eccc259235ae836d,P_02868,Vi,2024-01-01,2025-12-31,active,True
PHN_05261,aab63fa8f56719a9,P_03951,BSNL,2024-01-01,2025-12-31,active,True
PHN_05262,d2c13274ff260791,P_04346,Airtel,2024-01-01,2025-12-31,active,True
PHN_05263,aff9de2974ea4b65,P_02426,BSNL,2024-01-01,2025-12-31,active,True
PHN_05264,59242add04851d37,P_03766,BSNL,2024-01-01,2025-12-31,active,True
PHN_05265,bbe3eb352af9be10,P_02555,BSNL,2024-01-01,2025-12-31,active,True
PHN_05266,d3eb9839a4425789,P_03211,BSNL,2024-01-01,2025-12-31,active,True
PHN_05267,a4f8ec7811abbea0,P_03682,Vi,2024-01-01,2025-12-31,active,True
PHN_05268,91487a984ac6f812,P_01030,BSNL,2024-01-01,2025-12-31,active,True
PHN_05269,7bab9237398db934,P_00989,BSNL,2024-01-01,2025-12-31,active,True
PHN_05270,d216994d921ed5e0,P_03515,Airtel,2024-01-01,2025-12-31,active,True
PHN_05271,11153d775645e961,P_01566,BSNL,2024-01-01,2025-12-31,active,True
PHN_05272,92d61406c489f483,P_00700,Airtel,2024-01-01,2025-12-31,active,True
PHN_05273,099dd69caf48281d,P_02599,Airtel,2024-01-01,2025-12-31,active,True
PHN_05274,c9f9a17f1dba3985,P_00244,BSNL,2024-01-01,2025-12-31,active,True
PHN_05275,74b4eeda5944459e,P_04338,Jio,2024-01-01,2025-12-31,active,True
PHN_05276,b0b0b8fb0acb2ff4,P_04917,Airtel,2024-01-01,2025-12-31,active,True
PHN_05277,a3648871934552c8,P_04195,Airtel,2024-01-01,2025-12-31,active,True
PHN_05278,963e34c1a59ef0b9,P_00676,BSNL,2024-01-01,2025-12-31,active,True
PHN_05279,385d95bee362db73,P_01780,Jio,2024-01-01,2025-12-31,active,True
PHN_05280,003641cd77629fba,P_02993,BSNL,2024-01-01,2025-12-31,active,True
PHN_05281,f74796f6b3b8222c,P_00615,Airtel,2024-01-01,2025-12-31,active,True
PHN_05282,2bf621884e31d646,P_03185,Airtel,2024-01-01,2025-12-31,active,True
PHN_05283,bf33fbce568377e9,P_02660,Airtel,2024-01-01,2025-12-31,active,True
PHN_05284,a6e6a70e9b413c5e,P_01573,BSNL,2024-01-01,2025-12-31,active,True
PHN_05285,8dba2bc8942c2e0e,P_01070,Vi,2024-01-01,2025-12-31,active,True
PHN_05286,82f7815ba576671e,P_02429,BSNL,2024-01-01,2025-12-31,active,True
PHN_05287,80be57e3c28c18da,P_01502,Airtel,2024-01-01,2025-12-31,active,True
PHN_05288,4fbc27019e8dae02,P_04193,Jio,2024-01-01,2025-12-31,active,True
PHN_05289,f8b0006658576eb0,P_00814,Vi,2024-01-01,2025-12-31,active,True
PHN_05290,30de4e5d349e6de0,P_01087,Jio,2024-01-01,2025-12-31,active,True
PHN_05291,2369405152bdcc2a,P_02222,Airtel,2024-01-01,2025-12-31,active,True
PHN_05292,24fe196e77a9ffb1,P_00382,Jio,2024-01-01,2025-12-31,active,True
PHN_05293,32dbe42cb8cc13b3,P_04027,Jio,2024-01-01,2025-12-31,active,True
PHN_05294,0853fbb4e689f1f2,P_01258,BSNL,2024-01-01,2025-12-31,active,True
PHN_05295,78749315d9673376,P_03255,BSNL,2024-01-01,2025-12-31,active,True
PHN_05296,b75421fb2405be1f,P_03532,BSNL,2024-01-01,2025-12-31,active,True
PHN_05297,c98ee8daeb672a13,P_04300,Jio,2024-01-01,2025-12-31,active,True
PHN_05298,091e606a3098489f,P_01579,BSNL,2024-01-01,2025-12-31,active,True
PHN_05299,d365b981cb7cf90d,P_01389,Vi,2024-01-01,2025-12-31,active,True
PHN_05300,68ee0853cf25bce2,P_00412,Airtel,2024-01-01,2025-12-31,active,True
PHN_05301,3ab7a90570626851,P_03896,Jio,2024-01-01,2025-12-31,active,True
PHN_05302,6b8d47d9be7bfebd,P_01746,BSNL,2024-01-01,2025-12-31,active,True
PHN_05303,ca3da202e763a299,P_04480,Jio,2024-01-01,2025-12-31,active,True
PHN_05304,caf4579448dbdea3,P_02031,Jio,2024-01-01,2025-12-31,active,True
PHN_05305,fb9e2a22ea00263b,P_04879,BSNL,2024-01-01,2025-12-31,active,True
PHN_05306,9f3ec9e11085dff9,P_04616,Jio,2024-01-01,2025-12-31,active,True
PHN_05307,02b93ee9b8f81317,P_04560,Vi,2024-01-01,2025-12-31,active,True
PHN_05308,09377d40280a22df,P_00560,Airtel,2024-01-01,2025-12-31,active,True
PHN_05309,764d19b1f2ce4d50,P_00024,Vi,2024-01-01,2025-12-31,active,True
PHN_05310,b23deeec01ef9baa,P_03495,Airtel,2024-01-01,2025-12-31,active,True
PHN_05311,4987467786f4fa7e,P_04298,Jio,2024-01-01,2025-12-31,active,True
PHN_05312,b7d082b81eee17af,P_04670,Jio,2024-01-01,2025-12-31,active,True
PHN_05313,a012231cdd3d17ee,P_03058,Vi,2024-01-01,2025-12-31,active,True
PHN_05314,6d5921d774c67ab5,P_02843,Airtel,2024-01-01,2025-12-31,active,True
PHN_05315,7215b7c939a65323,P_02114,Jio,2024-01-01,2025-12-31,active,True
PHN_05316,6e2341cfbdb53175,P_00386,Vi,2024-01-01,2025-12-31,active,True
PHN_05317,f265195c8bd225f4,P_01431,BSNL,2024-01-01,2025-12-31,active,True
PHN_05318,5106e8b4fa509c22,P_04984,BSNL,2024-01-01,2025-12-31,active,True
PHN_05319,7e9201fe826e9e86,P_01349,Vi,2024-01-01,2025-12-31,active,True
PHN_05320,013e51174a73cfa2,P_03872,Vi,2024-01-01,2025-12-31,active,True
PHN_05321,a9f8d1413496e7dd,P_00388,Airtel,2024-01-01,2025-12-31,active,True
PHN_05322,5e3d43e555435a1d,P_02756,Airtel,2024-01-01,2025-12-31,active,True
PHN_05323,e6ea3d4feebcd3e9,P_00964,Airtel,2024-01-01,2025-12-31,active,True
PHN_05324,b97924db6b893e3e,P_01513,Airtel,2024-01-01,2025-12-31,active,True
PHN_05325,c243887ddbf122f4,P_03055,Vi,2024-01-01,2025-12-31,active,True
PHN_05326,7e11ed8dd539af7f,P_04671,Vi,2024-01-01,2025-12-31,active,True
PHN_05327,f35462ffafe98e61,P_00098,Jio,2024-01-01,2025-12-31,active,True
PHN_05328,ceefeb48ccdadf36,P_03711,Vi,2024-01-01,2025-12-31,active,True
PHN_05329,ebd7303e32ef1689,P_04068,Vi,2024-01-01,2025-12-31,active,True
PHN_05330,b6ce33a492ff41bc,P_02108,BSNL,2024-01-01,2025-12-31,active,True
PHN_05331,17bfbb6f9c88c2fa,P_03608,Airtel,2024-01-01,2025-12-31,active,True
PHN_05332,0a9f2bcb763ba9a3,P_03074,BSNL,2024-01-01,2025-12-31,active,True
PHN_05333,b1852af6443bc5cd,P_04358,Jio,2024-01-01,2025-12-31,active,True
PHN_05334,c15c02759496fe93,P_03636,Jio,2024-01-01,2025-12-31,active,True
PHN_05335,5d14264a1a0e3973,P_03336,Jio,2024-01-01,2025-12-31,active,True
PHN_05336,90dec6d0cb8a11ed,P_03283,Airtel,2024-01-01,2025-12-31,active,True
PHN_05337,444153356f78cc45,P_03313,Vi,2024-01-01,2025-12-31,active,True
PHN_05338,37f67d739d742b21,P_00107,Jio,2024-01-01,2025-12-31,active,True
PHN_05339,3b7f3fbc256cd4d3,P_03761,BSNL,2024-01-01,2025-12-31,active,True
PHN_05340,ca8a85f490844b66,P_01116,Jio,2024-01-01,2025-12-31,active,True
PHN_05341,80dfbea79f3016fe,P_04189,Vi,2024-01-01,2025-12-31,active,True
PHN_05342,35eb353898e063b4,P_04461,Airtel,2024-01-01,2025-12-31,active,True
PHN_05343,cdd6ccd2c19402ca,P_03277,Vi,2024-01-01,2025-12-31,active,True
PHN_05344,1fe1579154ea59cb,P_02916,Vi,2024-01-01,2025-12-31,active,True
PHN_05345,c47580d8f7c7ab3d,P_00208,Jio,2024-01-01,2025-12-31,active,True
PHN_05346,9f7a967f6591fe2c,P_02967,Vi,2024-01-01,2025-12-31,active,True
PHN_05347,263ea03cb02c0acf,P_00159,Vi,2024-01-01,2025-12-31,active,True
PHN_05348,7e28181b9a88700c,P_04378,Vi,2024-01-01,2025-12-31,active,True
PHN_05349,82117620f7b4c38b,P_00582,Vi,2024-01-01,2025-12-31,active,True
PHN_05350,0b2eaaa86f60f27f,P_04675,Airtel,2024-01-01,2025-12-31,active,True
PHN_05351,ccdaf5f00e0aee6d,P_04002,Vi,2024-01-01,2025-12-31,active,True
PHN_05352,2152450449a8b4d1,P_03290,Airtel,2024-01-01,2025-12-31,active,True
PHN_05353,218df4e753540005,P_01105,Airtel,2024-01-01,2025-12-31,active,True
PHN_05354,0665ef7e883922bf,P_02921,Jio,2024-01-01,2025-12-31,active,True
PHN_05355,2544a44be4eed257,P_03995,BSNL,2024-01-01,2025-12-31,active,True
PHN_05356,0a35c3bef9cb3e4f,P_01552,Airtel,2024-01-01,2025-12-31,active,True
PHN_05357,08cb412cc5149ade,P_04023,Vi,2024-01-01,2025-12-31,active,True
PHN_05358,4dc1b2c6395a29eb,P_04011,BSNL,2024-01-01,2025-12-31,active,True
PHN_05359,8d06da2fbdf536b9,P_00273,Jio,2024-01-01,2025-12-31,active,True
PHN_05360,905066d9d45bfc66,P_02202,Vi,2024-01-01,2025-12-31,active,True
PHN_05361,4b4e02b7292c5cc0,P_00860,Vi,2024-01-01,2025-12-31,active,True
PHN_05362,11b0542202123af4,P_04967,Jio,2024-01-01,2025-12-31,active,True
PHN_05363,1a45ae5ae889c090,P_03585,BSNL,2024-01-01,2025-12-31,active,True
PHN_05364,702329f1ed5423fd,P_00537,Vi,2024-01-01,2025-12-31,active,True
PHN_05365,838d55afc7b33f92,P_02676,Airtel,2024-01-01,2025-12-31,active,True
PHN_05366,8c927dd561250aac,P_00626,BSNL,2024-01-01,2025-12-31,active,True
PHN_05367,218f40fe9ea2d10b,P_04847,Jio,2024-01-01,2025-12-31,active,True
PHN_05368,79b70b1343c771c7,P_01471,Vi,2024-01-01,2025-12-31,active,True
PHN_05369,35e519dc89439e2a,P_00411,BSNL,2024-01-01,2025-12-31,active,True
PHN_05370,bb353df4427eabe1,P_02951,Vi,2024-01-01,2025-12-31,active,True
PHN_05371,c9b6ede372e9dd8b,P_01594,BSNL,2024-01-01,2025-12-31,active,True
PHN_05372,51edf289519033a9,P_04011,Jio,2024-01-01,2025-12-31,active,True
PHN_05373,06afe5b79b418428,P_03489,Jio,2024-01-01,2025-12-31,active,True
PHN_05374,ee6417a33c67782f,P_03315,Jio,2024-01-01,2025-12-31,active,True
PHN_05375,5910ca097ae60978,P_00860,BSNL,2024-01-01,2025-12-31,active,True
PHN_05376,1082d495342aa28f,P_02390,Vi,2024-01-01,2025-12-31,active,True
PHN_05377,2e243c3c214843ae,P_03890,Airtel,2024-01-01,2025-12-31,active,True
PHN_05378,d0fd1ca60ea4f2bd,P_00685,BSNL,2024-01-01,2025-12-31,active,True
PHN_05379,ee58ff01c66711df,P_04265,Vi,2024-01-01,2025-12-31,active,True
PHN_05380,546ca4dfc9e5e786,P_02606,Vi,2024-01-01,2025-12-31,active,True
PHN_05381,9fd4b00ae5abd21a,P_03908,Jio,2024-01-01,2025-12-31,active,True
PHN_05382,213662580780d392,P_03251,Vi,2024-01-01,2025-12-31,active,True
PHN_05383,864df38a78a6a676,P_02780,Airtel,2024-01-01,2025-12-31,active,True
PHN_05384,e048763aab07be5e,P_02557,Vi,2024-01-01,2025-12-31,active,True
PHN_05385,a2e5081314a4e8ba,P_03394,Airtel,2024-01-01,2025-12-31,active,True
PHN_05386,af72a6c4956685e5,P_01366,Vi,2024-01-01,2025-12-31,active,True
PHN_05387,9ddaf5bfe05498cd,P_02525,Jio,2024-01-01,2025-12-31,active,True
PHN_05388,75010d3634fd049a,P_02636,Vi,2024-01-01,2025-12-31,active,True
PHN_05389,6c56959cf4a3c689,P_01232,BSNL,2024-01-01,2025-12-31,active,True
PHN_05390,4ba1c8b52d596047,P_00420,Vi,2024-01-01,2025-12-31,active,True
PHN_05391,15af737121743106,P_03137,BSNL,2024-01-01,2025-12-31,active,True
PHN_05392,ff85d14373f22263,P_03285,Jio,2024-01-01,2025-12-31,active,True
PHN_05393,e103ba5b7a3afc17,P_04019,Vi,2024-01-01,2025-12-31,active,True
PHN_05394,4d485948c5e90295,P_01031,Airtel,2024-01-01,2025-12-31,active,True
PHN_05395,1a6d1f57e235dc20,P_00218,Vi,2024-01-01,2025-12-31,active,True
PHN_05396,76a567c764f2fb61,P_02136,Airtel,2024-01-01,2025-12-31,active,True
PHN_05397,a28468b9beed60c5,P_00836,Vi,2024-01-01,2025-12-31,active,True
PHN_05398,458ca8d7de031bc9,P_03352,BSNL,2024-01-01,2025-12-31,active,True
PHN_05399,288ae07c8ea7ae17,P_03292,Vi,2024-01-01,2025-12-31,active,True
PHN_05400,0fefb02f942f5472,P_04622,Airtel,2024-01-01,2025-12-31,active,True
PHN_05401,73d2e59cbcbfdc30,P_01956,Vi,2024-01-01,2025-12-31,active,True
PHN_05402,50648193ef02e675,P_02695,Airtel,2024-01-01,2025-12-31,active,True
PHN_05403,f144070fda15f7d1,P_04317,Airtel,2024-01-01,2025-12-31,active,True
PHN_05404,21ff5386f8c97368,P_01843,Jio,2024-01-01,2025-12-31,active,True
PHN_05405,8270c000bfb601b0,P_02206,Airtel,2024-01-01,2025-12-31,active,True
PHN_05406,2e5117150fb05557,P_01268,Vi,2024-01-01,2025-12-31,active,True
PHN_05407,e7d5afb1aecce009,P_04284,Airtel,2024-01-01,2025-12-31,active,True
PHN_05408,3cb64471c2d4d28d,P_04206,Airtel,2024-01-01,2025-12-31,active,True
PHN_05409,1448e5b75097a44a,P_00066,BSNL,2024-01-01,2025-12-31,active,True
PHN_05410,bbc53be367006ca7,P_03562,Airtel,2024-01-01,2025-12-31,active,True
PHN_05411,e9d23cdd0f0f0477,P_02168,BSNL,2024-01-01,2025-12-31,active,True
PHN_05412,4eff061319a9d8fd,P_00719,Jio,2024-01-01,2025-12-31,active,True
PHN_05413,235e250b7d254332,P_00176,Jio,2024-01-01,2025-12-31,active,True
PHN_05414,6d39ed903550849b,P_00001,Jio,2024-01-01,2025-12-31,active,True
PHN_05415,4107d3ca98f00316,P_01682,BSNL,2024-01-01,2025-12-31,active,True
PHN_05416,43eed98d262e81be,P_03271,Jio,2024-01-01,2025-12-31,active,True
PHN_05417,5f33e0fac1debc37,P_03822,Jio,2024-01-01,2025-12-31,active,True
PHN_05418,b772c703a639862c,P_04259,BSNL,2024-01-01,2025-12-31,active,True
PHN_05419,b1d093cce45ab700,P_02152,Jio,2024-01-01,2025-12-31,active,True
PHN_05420,52449ab430436006,P_03208,BSNL,2024-01-01,2025-12-31,active,True
PHN_05421,0486b6e2a056b98e,P_03984,Vi,2024-01-01,2025-12-31,active,True
PHN_05422,874560db5604ea74,P_00029,Vi,2024-01-01,2025-12-31,active,True
PHN_05423,04067e7b0cf69236,P_01326,Jio,2024-01-01,2025-12-31,active,True
PHN_05424,9887db63817a9be2,P_00697,Airtel,2024-01-01,2025-12-31,active,True
PHN_05425,55d6e940b78fa649,P_04702,Vi,2024-01-01,2025-12-31,active,True
PHN_05426,2d5ce6a5c6beff56,P_01650,Airtel,2024-01-01,2025-12-31,active,True
PHN_05427,7239f6b322e75345,P_03740,Airtel,2024-01-01,2025-12-31,active,True
PHN_05428,2368d0d9a213c23f,P_03942,BSNL,2024-01-01,2025-12-31,active,True
PHN_05429,018843a58892c449,P_03237,Jio,2024-01-01,2025-12-31,active,True
PHN_05430,4a0e4fb5eb100e1a,P_03080,Vi,2024-01-01,2025-12-31,active,True
PHN_05431,6d889070b28d4c9b,P_01117,Airtel,2024-01-01,2025-12-31,active,True
PHN_05432,6cc6e8c1ae64f185,P_01742,Jio,2024-01-01,2025-12-31,active,True
PHN_05433,27acfae2545bac7f,P_00897,Jio,2024-01-01,2025-12-31,active,True
PHN_05434,a61bb4cd773c34da,P_03887,Jio,2024-01-01,2025-12-31,active,True
PHN_05435,117a90adf1a53b58,P_03593,Vi,2024-01-01,2025-12-31,active,True
PHN_05436,8fd620a9ae8150f3,P_02528,Jio,2024-01-01,2025-12-31,active,True
PHN_05437,3b77cd0f504bae27,P_04014,Vi,2024-01-01,2025-12-31,active,True
PHN_05438,5ef42ebbd2ed505b,P_04581,Vi,2024-01-01,2025-12-31,active,True
PHN_05439,05ca075368c98a3e,P_04707,BSNL,2024-01-01,2025-12-31,active,True
PHN_05440,9fb857709e97bba6,P_02650,BSNL,2024-01-01,2025-12-31,active,True
PHN_05441,38e1a03557723e01,P_04082,Jio,2024-01-01,2025-12-31,active,True
PHN_05442,4f556abba49b5959,P_01082,Airtel,2024-01-01,2025-12-31,active,True
PHN_05443,eea1cf31f99e641d,P_00945,Airtel,2024-01-01,2025-12-31,active,True
PHN_05444,be2132af02508b4e,P_02283,BSNL,2024-01-01,2025-12-31,active,True
PHN_05445,333be9f9c09e0340,P_03091,Jio,2024-01-01,2025-12-31,active,True
PHN_05446,d772bb58fa6bd812,P_04111,Jio,2024-01-01,2025-12-31,active,True
PHN_05447,a6b24b304be95be8,P_00245,Airtel,2024-01-01,2025-12-31,active,True
PHN_05448,32f429cf060592aa,P_03708,Jio,2024-01-01,2025-12-31,active,True
PHN_05449,8ed41ce1c4db5009,P_02491,BSNL,2024-01-01,2025-12-31,active,True
PHN_05450,13d55234821d4d0e,P_02344,BSNL,2024-01-01,2025-12-31,active,True
PHN_05451,34c5672d40f9213e,P_03150,Airtel,2024-01-01,2025-12-31,active,True
PHN_05452,5a5e06004f4b11a6,P_01554,BSNL,2024-01-01,2025-12-31,active,True
PHN_05453,d9c4fc5ceffa33e1,P_01579,Airtel,2024-01-01,2025-12-31,active,True
PHN_05454,aec3b04db4fca5ea,P_03648,BSNL,2024-01-01,2025-12-31,active,True
PHN_05455,0fa88bf4b48aa8e8,P_00264,Vi,2024-01-01,2025-12-31,active,True
PHN_05456,54a6b1e362899e08,P_03385,Vi,2024-01-01,2025-12-31,active,True
PHN_05457,0d3e699f030138a3,P_03002,Jio,2024-01-01,2025-12-31,active,True
PHN_05458,c40e584e947093f2,P_00558,Jio,2024-01-01,2025-12-31,active,True
PHN_05459,397d4fc1f8948171,P_04918,Jio,2024-01-01,2025-12-31,active,True
PHN_05460,a5575b1227f7a5c9,P_02199,Vi,2024-01-01,2025-12-31,active,True
PHN_05461,d0cb2ede99af9497,P_01059,Airtel,2024-01-01,2025-12-31,active,True
PHN_05462,346c551d6bc42098,P_02760,Vi,2024-01-01,2025-12-31,active,True
PHN_05463,1014e1a33ccb62f1,P_01939,Jio,2024-01-01,2025-12-31,active,True
PHN_05464,b0a18ba879a3c078,P_04689,Vi,2024-01-01,2025-12-31,active,True
PHN_05465,572726df103cf380,P_02273,BSNL,2024-01-01,2025-12-31,active,True
PHN_05466,388b5a6c4a700239,P_00476,Vi,2024-01-01,2025-12-31,active,True
PHN_05467,a1710bcd601274c1,P_02147,Jio,2024-01-01,2025-12-31,active,True
PHN_05468,31a0e0fcec1cf190,P_02177,Airtel,2024-01-01,2025-12-31,active,True
PHN_05469,17295671e34dd7ae,P_00577,Airtel,2024-01-01,2025-12-31,active,True
PHN_05470,1a4d882901d9b702,P_00308,Airtel,2024-01-01,2025-12-31,active,True
PHN_05471,448381955140b785,P_04228,BSNL,2024-01-01,2025-12-31,active,True
PHN_05472,ae4f6caaffabe591,P_00014,BSNL,2024-01-01,2025-12-31,active,True
PHN_05473,7256de04efecb762,P_00597,BSNL,2024-01-01,2025-12-31,active,True
PHN_05474,9365404b0c0b6a22,P_00182,Airtel,2024-01-01,2025-12-31,active,True
PHN_05475,11dedc2bb58379bb,P_00547,Jio,2024-01-01,2025-12-31,active,True
PHN_05476,37ba21df9249522e,P_00051,Vi,2024-01-01,2025-12-31,active,True
PHN_05477,2829e56c727ee0e4,P_03337,BSNL,2024-01-01,2025-12-31,active,True
PHN_05478,875c783126602612,P_04987,Vi,2024-01-01,2025-12-31,active,True
PHN_05479,0022cbba49e65708,P_01182,Jio,2024-01-01,2025-12-31,active,True
PHN_05480,5d09170a39e5dc27,P_00496,Vi,2024-01-01,2025-12-31,active,True
PHN_05481,1c2287559fffb43a,P_04516,Vi,2024-01-01,2025-12-31,active,True
PHN_05482,08d368a255d530a4,P_02003,Vi,2024-01-01,2025-12-31,active,True
PHN_05483,b9f1fe38d46a9752,P_02713,BSNL,2024-01-01,2025-12-31,active,True
PHN_05484,f8be2baaf4f7514b,P_01165,Airtel,2024-01-01,2025-12-31,active,True
PHN_05485,62eaf3380720cbb1,P_00452,Vi,2024-01-01,2025-12-31,active,True
PHN_05486,91fb0cdea4a9ddf5,P_02230,Jio,2024-01-01,2025-12-31,active,True
PHN_05487,7fe844cb1d98c947,P_03769,Jio,2024-01-01,2025-12-31,active,True
PHN_05488,2a3ccdbee293ad09,P_02845,BSNL,2024-01-01,2025-12-31,active,True
PHN_05489,286e4d7c6ae86295,P_01760,Airtel,2024-01-01,2025-12-31,active,True
PHN_05490,51e4653f158e6fbb,P_01774,BSNL,2024-01-01,2025-12-31,active,True
PHN_05491,e11ab7400f0fabff,P_04698,BSNL,2024-01-01,2025-12-31,active,True
PHN_05492,f0e893e08436d924,P_00076,Vi,2024-01-01,2025-12-31,active,True
PHN_05493,37a99a47db1d8cdc,P_04326,BSNL,2024-01-01,2025-12-31,active,True
PHN_05494,586fee0806a7e175,P_01161,Vi,2024-01-01,2025-12-31,active,True
PHN_05495,23a7d78205f4f8bf,P_04393,Vi,2024-01-01,2025-12-31,active,True
PHN_05496,9a69db33b89d00ca,P_00677,Vi,2024-01-01,2025-12-31,active,True
PHN_05497,2626c28f45967188,P_01137,Vi,2024-01-01,2025-12-31,active,True
PHN_05498,27ff25444ca5302a,P_03807,Jio,2024-01-01,2025-12-31,active,True
PHN_05499,d7f8913e62dacd45,P_00327,Airtel,2024-01-01,2025-12-31,active,True
PHN_05500,e532fac54d598e30,P_00060,BSNL,2024-01-01,2025-12-31,active,True
PHN_05501,f0c5ba4a6860d5dc,P_01063,Airtel,2024-01-01,2025-12-31,active,True
PHN_05502,be7e777911c313dd,P_01394,Vi,2024-01-01,2025-12-31,active,True
PHN_05503,4e280f889c645a12,P_01748,Airtel,2024-01-01,2025-12-31,active,True
PHN_05504,7374d9c6bbf6c761,P_03769,Airtel,2024-01-01,2025-12-31,active,True
PHN_05505,725ac99f658714ba,P_04576,Airtel,2024-01-01,2025-12-31,active,True
PHN_05506,693949967685815e,P_03234,Airtel,2024-01-01,2025-12-31,active,True
PHN_05507,694a0d80dcb637b1,P_02764,BSNL,2024-01-01,2025-12-31,active,True
PHN_05508,2ba900e7a8f879cc,P_01706,Airtel,2024-01-01,2025-12-31,active,True
PHN_05509,1374b2e903d8d65b,P_03732,Airtel,2024-01-01,2025-12-31,active,True
PHN_05510,8955a512dd63baf9,P_01900,Jio,2024-01-01,2025-12-31,active,True
PHN_05511,7998b55420be897f,P_02179,Vi,2024-01-01,2025-12-31,active,True
PHN_05512,53e174e1de76e9ab,P_03474,Vi,2024-01-01,2025-12-31,active,True
PHN_05513,fbdd6f640000db62,P_00245,Jio,2024-01-01,2025-12-31,active,True
PHN_05514,36bb65669df965ef,P_04934,Vi,2024-01-01,2025-12-31,active,True
PHN_05515,2c671244d04e5b73,P_00698,Vi,2024-01-01,2025-12-31,active,True
PHN_05516,6648ef20102b8afa,P_01356,Airtel,2024-01-01,2025-12-31,active,True
PHN_05517,05b8b6e532ead560,P_04791,Jio,2024-01-01,2025-12-31,active,True
PHN_05518,03bc37a03fa86e02,P_00358,Jio,2024-01-01,2025-12-31,active,True
PHN_05519,78f0a38ff8775a0e,P_02312,Airtel,2024-01-01,2025-12-31,active,True
PHN_05520,751132f2e6b56590,P_01785,Vi,2024-01-01,2025-12-31,active,True
PHN_05521,4ecc1d1cee5c8a2f,P_00355,Jio,2024-01-01,2025-12-31,active,True
PHN_05522,af60446bda0f2a0f,P_04759,Airtel,2024-01-01,2025-12-31,active,True
PHN_05523,ac17fab270e77ee5,P_02131,BSNL,2024-01-01,2025-12-31,active,True
PHN_05524,c690da8f45304d79,P_00162,BSNL,2024-01-01,2025-12-31,active,True
PHN_05525,6c9c1bca37ff960d,P_03312,Vi,2024-01-01,2025-12-31,active,True
PHN_05526,b5969033d0746fd4,P_04411,Vi,2024-01-01,2025-12-31,active,True
PHN_05527,5ddcd35a9d1d3ebb,P_02682,Vi,2024-01-01,2025-12-31,active,True
PHN_05528,410f99a56d78fc29,P_01274,Vi,2024-01-01,2025-12-31,active,True
PHN_05529,5a4a4dfc64d2107b,P_01517,BSNL,2024-01-01,2025-12-31,active,True
PHN_05530,4b345fb83c777118,P_03197,Vi,2024-01-01,2025-12-31,active,True
PHN_05531,ec9b989092014560,P_03831,Vi,2024-01-01,2025-12-31,active,True
PHN_05532,9fb5b43f06b28836,P_03562,Vi,2024-01-01,2025-12-31,active,True
PHN_05533,3db40a9fd04487dd,P_01160,Airtel,2024-01-01,2025-12-31,active,True
PHN_05534,b1e5f05e43a1fd0c,P_04145,Vi,2024-01-01,2025-12-31,active,True
PHN_05535,f9a2400df8fe7744,P_00189,Airtel,2024-01-01,2025-12-31,active,True
PHN_05536,0c5c3baf312969a6,P_01200,Airtel,2024-01-01,2025-12-31,active,True
PHN_05537,120b8edd31673c55,P_03341,Vi,2024-01-01,2025-12-31,active,True
PHN_05538,02f1c3370f4dd890,P_04996,Airtel,2024-01-01,2025-12-31,active,True
PHN_05539,cfd6d4b13092f648,P_01533,Jio,2024-01-01,2025-12-31,active,True
PHN_05540,6962b36312881ca6,P_03477,Jio,2024-01-01,2025-12-31,active,True
PHN_05541,32491344eab7985b,P_02911,Airtel,2024-01-01,2025-12-31,active,True
PHN_05542,70e26c966590fb7a,P_04268,Vi,2024-01-01,2025-12-31,active,True
PHN_05543,99870f6bc8013d5d,P_04990,BSNL,2024-01-01,2025-12-31,active,True
PHN_05544,eb6999a3d48af23c,P_00621,Airtel,2024-01-01,2025-12-31,active,True
PHN_05545,cfa35fc008105fab,P_00179,Vi,2024-01-01,2025-12-31,active,True
PHN_05546,4a909549c51a5a32,P_03740,BSNL,2024-01-01,2025-12-31,active,True
PHN_05547,c62a145794ebcc88,P_01806,Airtel,2024-01-01,2025-12-31,active,True
PHN_05548,cb203ccd9a9bd738,P_02125,Vi,2024-01-01,2025-12-31,active,True
PHN_05549,a78778d7ab5cb9a0,P_04830,BSNL,2024-01-01,2025-12-31,active,True
PHN_05550,78a9f1ccaa3bc443,P_01747,Airtel,2024-01-01,2025-12-31,active,True
PHN_05551,cffddba1ed5fded6,P_01877,BSNL,2024-01-01,2025-12-31,active,True
PHN_05552,0b03b0aef8cd8d81,P_02769,Vi,2024-01-01,2025-12-31,active,True
PHN_05553,c53e36a2f186408a,P_01672,BSNL,2024-01-01,2025-12-31,active,True
PHN_05554,a63c1cd723c00e09,P_01640,Vi,2024-01-01,2025-12-31,active,True
PHN_05555,8f4b5c67993b432c,P_03958,BSNL,2024-01-01,2025-12-31,active,True
PHN_05556,b329f21b3964daa5,P_01784,BSNL,2024-01-01,2025-12-31,active,True
PHN_05557,cb1265604a67831c,P_02624,Vi,2024-01-01,2025-12-31,active,True
PHN_05558,64b03edb034f3c69,P_04269,BSNL,2024-01-01,2025-12-31,active,True
PHN_05559,c7930c831bd0b612,P_03532,Vi,2024-01-01,2025-12-31,active,True
PHN_05560,819fa8a2dca1c14c,P_03182,Jio,2024-01-01,2025-12-31,active,True
PHN_05561,b8bd210321bcf742,P_02829,BSNL,2024-01-01,2025-12-31,active,True
PHN_05562,49915c3d115b0038,P_01795,Jio,2024-01-01,2025-12-31,active,True
PHN_05563,a5c4906f377548e7,P_02054,Vi,2024-01-01,2025-12-31,active,True
PHN_05564,eda6584c51b57324,P_04418,Vi,2024-01-01,2025-12-31,active,True
PHN_05565,008bc031408564cc,P_02556,Airtel,2024-01-01,2025-12-31,active,True
PHN_05566,6f8a706b915d49a0,P_04643,Airtel,2024-01-01,2025-12-31,active,True
PHN_05567,2978069c7e52f4aa,P_03345,BSNL,2024-01-01,2025-12-31,active,True
PHN_05568,6dd34bab50944973,P_03358,Jio,2024-01-01,2025-12-31,active,True
PHN_05569,87dbc829b7a7dfb7,P_03769,Jio,2024-01-01,2025-12-31,active,True
PHN_05570,86f2b71a7ff47aad,P_02596,Jio,2024-01-01,2025-12-31,active,True
PHN_05571,c821501ab39dfbb3,P_00813,Vi,2024-01-01,2025-12-31,active,True
PHN_05572,c567ffa50c338afc,P_02981,Jio,2024-01-01,2025-12-31,active,True
PHN_05573,ef07f49b61bd2d70,P_04141,Jio,2024-01-01,2025-12-31,active,True
PHN_05574,c1c99c8cf136da3b,P_04608,BSNL,2024-01-01,2025-12-31,active,True
PHN_05575,9ac2f3bb9ee6b38f,P_04963,Jio,2024-01-01,2025-12-31,active,True
PHN_05576,473ab1cb8f2c2ffd,P_00708,Jio,2024-01-01,2025-12-31,active,True
PHN_05577,af0129618b578032,P_00526,Jio,2024-01-01,2025-12-31,active,True
PHN_05578,b7e8f1eedbe49917,P_04215,Airtel,2024-01-01,2025-12-31,active,True
PHN_05579,8a38f6dc819e609d,P_04856,Jio,2024-01-01,2025-12-31,active,True
PHN_05580,74da4deb2d7cb7e9,P_00649,BSNL,2024-01-01,2025-12-31,active,True
PHN_05581,714f8b6aa886cd5c,P_04250,Jio,2024-01-01,2025-12-31,active,True
PHN_05582,5de9d2e65ef5fec1,P_02918,Airtel,2024-01-01,2025-12-31,active,True
PHN_05583,3eefd7d4da3ffcb9,P_02185,Jio,2024-01-01,2025-12-31,active,True
PHN_05584,516175df555593a5,P_03198,Vi,2024-01-01,2025-12-31,active,True
PHN_05585,04f2f83cd0e1f5db,P_00567,BSNL,2024-01-01,2025-12-31,active,True
PHN_05586,f9cfbddc44ed9460,P_03945,Jio,2024-01-01,2025-12-31,active,True
PHN_05587,bb5284e12789f0f8,P_02813,Airtel,2024-01-01,2025-12-31,active,True
PHN_05588,812965371bd5070c,P_02734,BSNL,2024-01-01,2025-12-31,active,True
PHN_05589,6d9380fb3a1f4fe4,P_04520,Jio,2024-01-01,2025-12-31,active,True
PHN_05590,f45f300e5fe2f929,P_04954,BSNL,2024-01-01,2025-12-31,active,True
PHN_05591,f462084ed4c52497,P_00685,Jio,2024-01-01,2025-12-31,active,True
PHN_05592,d2ab3531441c34e6,P_01074,Airtel,2024-01-01,2025-12-31,active,True
PHN_05593,a676ea8b8ad2635a,P_01419,Jio,2024-01-01,2025-12-31,active,True
PHN_05594,2b85f8af62620ec1,P_00264,Airtel,2024-01-01,2025-12-31,active,True
PHN_05595,89fcc878e35bf0c5,P_01033,BSNL,2024-01-01,2025-12-31,active,True
PHN_05596,346e45a4b240330a,P_02994,Airtel,2024-01-01,2025-12-31,active,True
PHN_05597,f890ac5f55439f91,P_00987,Airtel,2024-01-01,2025-12-31,active,True
PHN_05598,f403e913113542fe,P_00293,Vi,2024-01-01,2025-12-31,active,True
PHN_05599,481b71020ebf25d0,P_04264,Jio,2024-01-01,2025-12-31,active,True
PHN_05600,e61812099472633c,P_02660,Vi,2024-01-01,2025-12-31,active,True
PHN_05601,afba5bd502c353bf,P_01675,BSNL,2024-01-01,2025-12-31,active,True
PHN_05602,af2b8cd34d4d668c,P_01128,Jio,2024-01-01,2025-12-31,active,True
PHN_05603,39f96d61ab90a093,P_02341,Airtel,2024-01-01,2025-12-31,active,True
PHN_05604,bb449ab405cb4991,P_00547,BSNL,2024-01-01,2025-12-31,active,True
PHN_05605,e10a2132daac014a,P_03727,Jio,2024-01-01,2025-12-31,active,True
PHN_05606,ef6f03666e1569f0,P_04640,BSNL,2024-01-01,2025-12-31,active,True
PHN_05607,2f22480553248f31,P_04475,Vi,2024-01-01,2025-12-31,active,True
PHN_05608,a306f0e2fd335f86,P_00164,Vi,2024-01-01,2025-12-31,active,True
PHN_05609,ff03fcfb5e37269b,P_02467,Airtel,2024-01-01,2025-12-31,active,True
PHN_05610,f8becd3f7ebeb2bb,P_00895,Jio,2024-01-01,2025-12-31,active,True
PHN_05611,7e5fc9ba5cd7150e,P_01822,Airtel,2024-01-01,2025-12-31,active,True
PHN_05612,1f8ba0c18622e272,P_02942,BSNL,2024-01-01,2025-12-31,active,True
PHN_05613,ece4e294ac03f6ba,P_00030,BSNL,2024-01-01,2025-12-31,active,True
PHN_05614,02ce66ac80378e56,P_01582,Jio,2024-01-01,2025-12-31,active,True
PHN_05615,815404d3f8517475,P_01934,Jio,2024-01-01,2025-12-31,active,True
PHN_05616,a425e04107159ea7,P_02802,Jio,2024-01-01,2025-12-31,active,True
PHN_05617,37c8da8a9e5f6e95,P_03683,Vi,2024-01-01,2025-12-31,active,True
PHN_05618,c16ff0dbf4c7e6f0,P_03956,BSNL,2024-01-01,2025-12-31,active,True
PHN_05619,2e3a7667719fe843,P_01065,Vi,2024-01-01,2025-12-31,active,True
PHN_05620,950127692a76344e,P_01572,Jio,2024-01-01,2025-12-31,active,True
PHN_05621,b37b5c9e6ca31cd2,P_01553,Vi,2024-01-01,2025-12-31,active,True
PHN_05622,8528834b892788a4,P_02729,Vi,2024-01-01,2025-12-31,active,True
PHN_05623,e53aa1075cc02c2b,P_04529,Jio,2024-01-01,2025-12-31,active,True
PHN_05624,13b2a18007e0489b,P_03839,Jio,2024-01-01,2025-12-31,active,True
PHN_05625,8eda4507483a8f5a,P_03610,Vi,2024-01-01,2025-12-31,active,True
PHN_05626,2088e86bb6098299,P_02841,Vi,2024-01-01,2025-12-31,active,True
PHN_05627,795fa156bbdcccaf,P_02698,Vi,2024-01-01,2025-12-31,active,True
PHN_05628,b4d4ece4fb9f69db,P_00444,Airtel,2024-01-01,2025-12-31,active,True
PHN_05629,673569d8a66e5bf6,P_01324,BSNL,2024-01-01,2025-12-31,active,True
PHN_05630,4dcefa6763fe52dc,P_03104,Airtel,2024-01-01,2025-12-31,active,True
PHN_05631,7a2b9825082d2f15,P_00785,Jio,2024-01-01,2025-12-31,active,True
PHN_05632,1d05f90cb9b1ba34,P_03470,BSNL,2024-01-01,2025-12-31,active,True
PHN_05633,ad08da700fa18236,P_01037,Airtel,2024-01-01,2025-12-31,active,True
PHN_05634,65850c6ee14166c9,P_03676,Airtel,2024-01-01,2025-12-31,active,True
PHN_05635,7ee4eb96ce5bafaa,P_02373,Vi,2024-01-01,2025-12-31,active,True
PHN_05636,67257a14fd7818c4,P_02875,Jio,2024-01-01,2025-12-31,active,True
PHN_05637,eeab16ddb293b46e,P_03323,BSNL,2024-01-01,2025-12-31,active,True
PHN_05638,5050d0750b7bb3bd,P_02483,Airtel,2024-01-01,2025-12-31,active,True
PHN_05639,064bceb009404120,P_00536,Airtel,2024-01-01,2025-12-31,active,True
PHN_05640,3eb0e0a375f1a35b,P_00122,Airtel,2024-01-01,2025-12-31,active,True
PHN_05641,119201ed4b462ffe,P_02315,Airtel,2024-01-01,2025-12-31,active,True
PHN_05642,dece01e18ae33ab0,P_04110,Jio,2024-01-01,2025-12-31,active,True
PHN_05643,10d811f5f452e053,P_04347,Airtel,2024-01-01,2025-12-31,active,True
PHN_05644,b30e390741201c02,P_02718,Vi,2024-01-01,2025-12-31,active,True
PHN_05645,632b4245831991d1,P_02257,Airtel,2024-01-01,2025-12-31,active,True
PHN_05646,4ebc79c55c850253,P_03770,Vi,2024-01-01,2025-12-31,active,True
PHN_05647,09219327b40abede,P_01727,BSNL,2024-01-01,2025-12-31,active,True
PHN_05648,084e1149deaa2eb7,P_01029,BSNL,2024-01-01,2025-12-31,active,True
PHN_05649,00b005a5fecfc368,P_04358,Airtel,2024-01-01,2025-12-31,active,True
PHN_05650,0bb715eace732641,P_01359,Vi,2024-01-01,2025-12-31,active,True
PHN_05651,2feecee96f7ddd84,P_01812,Jio,2024-01-01,2025-12-31,active,True
PHN_05652,48e06074296be35c,P_01510,BSNL,2024-01-01,2025-12-31,active,True
PHN_05653,a3513646cc39f815,P_03654,BSNL,2024-01-01,2025-12-31,active,True
PHN_05654,2c98660a1f47ef7a,P_04745,Airtel,2024-01-01,2025-12-31,active,True
PHN_05655,965e51f793f0d070,P_01885,Vi,2024-01-01,2025-12-31,active,True
PHN_05656,750b1a44b8f3de16,P_04128,Airtel,2024-01-01,2025-12-31,active,True
PHN_05657,03b83f2525b7a6e7,P_03907,Vi,2024-01-01,2025-12-31,active,True
PHN_05658,d6de56ac275b0cc7,P_04421,BSNL,2024-01-01,2025-12-31,active,True
PHN_05659,c18a669f7a0e69b4,P_02745,Airtel,2024-01-01,2025-12-31,active,True
PHN_05660,5ecee71dd05bf253,P_01495,Airtel,2024-01-01,2025-12-31,active,True
PHN_05661,7837949fae1a3baa,P_00370,Vi,2024-01-01,2025-12-31,active,True
PHN_05662,b7b212207dd373a0,P_00101,Airtel,2024-01-01,2025-12-31,active,True
PHN_05663,b82a5fc4a490ab4e,P_01760,Vi,2024-01-01,2025-12-31,active,True
PHN_05664,f58b4c1cabddd5ef,P_01089,Airtel,2024-01-01,2025-12-31,active,True
PHN_05665,c6df89e52ae4e32c,P_01853,BSNL,2024-01-01,2025-12-31,active,True
PHN_05666,270dd13dfc48d4bc,P_01727,Vi,2024-01-01,2025-12-31,active,True
PHN_05667,7ba7cd0d4ccc139b,P_03056,Vi,2024-01-01,2025-12-31,active,True
PHN_05668,6be86e2018fbae0b,P_00270,Airtel,2024-01-01,2025-12-31,active,True
PHN_05669,5379bcbb6fac78cb,P_00795,BSNL,2024-01-01,2025-12-31,active,True
PHN_05670,ebd19e8bdfc074fc,P_01966,Airtel,2024-01-01,2025-12-31,active,True
PHN_05671,ceac08a8ee62ac08,P_03301,BSNL,2024-01-01,2025-12-31,active,True
PHN_05672,57241612164759d6,P_04636,Airtel,2024-01-01,2025-12-31,active,True
PHN_05673,0484d087f2299450,P_03335,BSNL,2024-01-01,2025-12-31,active,True
PHN_05674,11c42abb34f334e1,P_02040,Jio,2024-01-01,2025-12-31,active,True
PHN_05675,3b35a4e3889beb25,P_04963,BSNL,2024-01-01,2025-12-31,active,True
PHN_05676,3bd95e090be1c126,P_04037,Jio,2024-01-01,2025-12-31,active,True
PHN_05677,faebfc8d5ab84438,P_01802,Vi,2024-01-01,2025-12-31,active,True
PHN_05678,04d3187c3084e483,P_02455,Vi,2024-01-01,2025-12-31,active,True
PHN_05679,8f8a110e6f22580b,P_02077,BSNL,2024-01-01,2025-12-31,active,True
PHN_05680,567e7a1d5e60fbbf,P_04176,Airtel,2024-01-01,2025-12-31,active,True
PHN_05681,2cc051ee44aae75b,P_04124,Vi,2024-01-01,2025-12-31,active,True
PHN_05682,5d6458d98d448719,P_01280,Airtel,2024-01-01,2025-12-31,active,True
PHN_05683,80fd7be27a8b5f18,P_00727,BSNL,2024-01-01,2025-12-31,active,True
PHN_05684,d6e820edbaba8738,P_00892,BSNL,2024-01-01,2025-12-31,active,True
PHN_05685,e30fb18e5293591e,P_03278,Airtel,2024-01-01,2025-12-31,active,True
PHN_05686,48e4d95a7374ea61,P_02001,Jio,2024-01-01,2025-12-31,active,True
PHN_05687,21f67b48b1020da4,P_04942,Jio,2024-01-01,2025-12-31,active,True
PHN_05688,4ed6846aa5968236,P_02779,Jio,2024-01-01,2025-12-31,active,True
PHN_05689,3a49ad39b4fee19c,P_03106,Airtel,2024-01-01,2025-12-31,active,True
PHN_05690,380c8496751655c3,P_02468,BSNL,2024-01-01,2025-12-31,active,True
PHN_05691,47d1fa0c602da7b2,P_03739,Vi,2024-01-01,2025-12-31,active,True
PHN_05692,93513119ebcacb24,P_02171,Jio,2024-01-01,2025-12-31,active,True
PHN_05693,95e3481e7500a610,P_00579,Jio,2024-01-01,2025-12-31,active,True
PHN_05694,790d107d4c373a9a,P_03512,Vi,2024-01-01,2025-12-31,active,True
PHN_05695,2d7e3ff11d832789,P_04144,Vi,2024-01-01,2025-12-31,active,True
PHN_05696,a76e33623701c379,P_00784,BSNL,2024-01-01,2025-12-31,active,True
PHN_05697,eb7efd817b593041,P_03953,Vi,2024-01-01,2025-12-31,active,True
PHN_05698,5e9cf179c961143d,P_04892,BSNL,2024-01-01,2025-12-31,active,True
PHN_05699,0be827bcf551e324,P_02921,Vi,2024-01-01,2025-12-31,active,True
PHN_05700,88621976877cf5d2,P_00831,Airtel,2024-01-01,2025-12-31,active,True
PHN_05701,60840be255ad934f,P_02184,BSNL,2024-01-01,2025-12-31,active,True
PHN_05702,273c41bea215f74d,P_01346,Airtel,2024-01-01,2025-12-31,active,True
PHN_05703,3d16c4f00635273e,P_01811,Vi,2024-01-01,2025-12-31,active,True
PHN_05704,8710f50b564caaf7,P_03457,Jio,2024-01-01,2025-12-31,active,True
PHN_05705,e24f67e6041a5ce2,P_02742,Airtel,2024-01-01,2025-12-31,active,True
PHN_05706,546c04d43c04c19c,P_01269,Jio,2024-01-01,2025-12-31,active,True
PHN_05707,552f8ccba32867b7,P_04866,BSNL,2024-01-01,2025-12-31,active,True
PHN_05708,7a605e6e5fb10269,P_03286,Vi,2024-01-01,2025-12-31,active,True
PHN_05709,99fd4534a00df44e,P_04650,BSNL,2024-01-01,2025-12-31,active,True
PHN_05710,bb60c34323e2c2bc,P_03345,BSNL,2024-01-01,2025-12-31,active,True
PHN_05711,586a2b7fcefa6f87,P_00687,Vi,2024-01-01,2025-12-31,active,True
PHN_05712,7fab1ee1f51e7908,P_04625,Airtel,2024-01-01,2025-12-31,active,True
PHN_05713,a9d9767e9a971dd6,P_01886,Vi,2024-01-01,2025-12-31,active,True
PHN_05714,79e87ac1088e868c,P_00800,BSNL,2024-01-01,2025-12-31,active,True
PHN_05715,44dbac252c8d2b43,P_03980,BSNL,2024-01-01,2025-12-31,active,True
PHN_05716,f2cfd9ae4e4273f0,P_04764,Airtel,2024-01-01,2025-12-31,active,True
PHN_05717,6e7e807949b136aa,P_03045,Jio,2024-01-01,2025-12-31,active,True
PHN_05718,f93aff445fdae3da,P_02394,Airtel,2024-01-01,2025-12-31,active,True
PHN_05719,7e3cbc0b313f9170,P_03879,Vi,2024-01-01,2025-12-31,active,True
PHN_05720,53ff2303ad796f55,P_01308,Jio,2024-01-01,2025-12-31,active,True
PHN_05721,ffb2a9cbd55dbab4,P_04350,Jio,2024-01-01,2025-12-31,active,True
PHN_05722,79ab761b15103c0a,P_00658,BSNL,2024-01-01,2025-12-31,active,True
PHN_05723,543a4cddcf78db40,P_03668,Vi,2024-01-01,2025-12-31,active,True
PHN_05724,9d661ce91fb5ceb0,P_03671,BSNL,2024-01-01,2025-12-31,active,True
PHN_05725,b6e7ed29daa51e76,P_04403,Airtel,2024-01-01,2025-12-31,active,True
PHN_05726,cc9e1b4e2c07cce4,P_01075,BSNL,2024-01-01,2025-12-31,active,True
PHN_05727,c8dad7fe55f0e9f4,P_00519,Jio,2024-01-01,2025-12-31,active,True
PHN_05728,2912d51c92f3c433,P_00796,Vi,2024-01-01,2025-12-31,active,True
PHN_05729,2db1f562d496e4d7,P_02105,Airtel,2024-01-01,2025-12-31,active,True
PHN_05730,9178bb5ef7886232,P_03227,BSNL,2024-01-01,2025-12-31,active,True
PHN_05731,2b03fca537de5a08,P_00673,BSNL,2024-01-01,2025-12-31,active,True
PHN_05732,97339c876fa56112,P_00466,Vi,2024-01-01,2025-12-31,active,True
PHN_05733,1b080dbb12cd7f37,P_01871,BSNL,2024-01-01,2025-12-31,active,True
PHN_05734,c44aeb033196a6f7,P_02245,Vi,2024-01-01,2025-12-31,active,True
PHN_05735,e118d9d37f165ac2,P_02276,Jio,2024-01-01,2025-12-31,active,True
PHN_05736,e7d2eeea638bf7f0,P_04776,Vi,2024-01-01,2025-12-31,active,True
PHN_05737,a8577f36700fe51e,P_04929,Vi,2024-01-01,2025-12-31,active,True
PHN_05738,89afec6cd37c302c,P_00995,BSNL,2024-01-01,2025-12-31,active,True
PHN_05739,30dc61c83bfc6b0a,P_02413,BSNL,2024-01-01,2025-12-31,active,True
PHN_05740,b2d12ec353c1ff2f,P_00655,Airtel,2024-01-01,2025-12-31,active,True
PHN_05741,f259e4effc105fa6,P_01163,Vi,2024-01-01,2025-12-31,active,True
PHN_05742,932877d09ec18d9a,P_00234,Vi,2024-01-01,2025-12-31,active,True
PHN_05743,ca7212be2c95667d,P_00671,Airtel,2024-01-01,2025-12-31,active,True
PHN_05744,a361c852fafc2a80,P_04388,Airtel,2024-01-01,2025-12-31,active,True
PHN_05745,11c6cce5c0608259,P_03770,Jio,2024-01-01,2025-12-31,active,True
PHN_05746,28b86dc767e72b08,P_00406,Vi,2024-01-01,2025-12-31,active,True
PHN_05747,5d538b7532680584,P_03711,Airtel,2024-01-01,2025-12-31,active,True
PHN_05748,1a3ed8146d8ace11,P_00716,Jio,2024-01-01,2025-12-31,active,True
PHN_05749,c13144b87402eb22,P_00304,Vi,2024-01-01,2025-12-31,active,True
PHN_05750,4ed8b2f8480103d4,P_04771,Vi,2024-01-01,2025-12-31,active,True
PHN_05751,93719984c67b17bc,P_03294,Jio,2024-01-01,2025-12-31,active,True
PHN_05752,fa6272beda5be015,P_01235,Vi,2024-01-01,2025-12-31,active,True
PHN_05753,37700e52e2af8312,P_02175,BSNL,2024-01-01,2025-12-31,active,True
PHN_05754,f777029710466117,P_01464,Airtel,2024-01-01,2025-12-31,active,True
PHN_05755,c3198864b6872a84,P_00821,Vi,2024-01-01,2025-12-31,active,True
PHN_05756,867e3c85843f2a74,P_00431,Jio,2024-01-01,2025-12-31,active,True
PHN_05757,90868df583b96e79,P_00065,BSNL,2024-01-01,2025-12-31,active,True
PHN_05758,31d1ea265d8b965a,P_03584,Jio,2024-01-01,2025-12-31,active,True
PHN_05759,22b84fe3cdfd928a,P_02248,Vi,2024-01-01,2025-12-31,active,True
PHN_05760,2abed779afa5fb4d,P_03678,Jio,2024-01-01,2025-12-31,active,True
PHN_05761,0666f375c30d244d,P_01745,Vi,2024-01-01,2025-12-31,active,True
PHN_05762,15ca8436417669cd,P_00378,Vi,2024-01-01,2025-12-31,active,True
PHN_05763,4d05a4609017bbb5,P_01227,Airtel,2024-01-01,2025-12-31,active,True
PHN_05764,c2d9248b0e5d5692,P_01821,Vi,2024-01-01,2025-12-31,active,True
PHN_05765,088f0db7a7048d4b,P_04461,BSNL,2024-01-01,2025-12-31,active,True
PHN_05766,2b777ca9eb3a74da,P_03264,Jio,2024-01-01,2025-12-31,active,True
PHN_05767,7bdd4620e386e2d3,P_04002,Vi,2024-01-01,2025-12-31,active,True
PHN_05768,a29c7738c699e52b,P_04343,Jio,2024-01-01,2025-12-31,active,True
PHN_05769,0905c4d8e6d91801,P_01440,Airtel,2024-01-01,2025-12-31,active,True
PHN_05770,e4223e3843b9d8f0,P_01949,BSNL,2024-01-01,2025-12-31,active,True
PHN_05771,f283bbdac551167b,P_00287,Airtel,2024-01-01,2025-12-31,active,True
PHN_05772,1d93a5747dfd88db,P_04190,BSNL,2024-01-01,2025-12-31,active,True
PHN_05773,94c4d45799558598,P_01198,Airtel,2024-01-01,2025-12-31,active,True
PHN_05774,7cb2b5a59904238c,P_01850,Airtel,2024-01-01,2025-12-31,active,True
PHN_05775,b7270c749c0d5fef,P_03206,Airtel,2024-01-01,2025-12-31,active,True
PHN_05776,f470e0093c29c1f5,P_03126,Jio,2024-01-01,2025-12-31,active,True
PHN_05777,37fde46356a2c09c,P_02062,BSNL,2024-01-01,2025-12-31,active,True
PHN_05778,79100d98cc8de267,P_00474,BSNL,2024-01-01,2025-12-31,active,True
PHN_05779,ed36fb814b4883e2,P_00841,Airtel,2024-01-01,2025-12-31,active,True
PHN_05780,9bdd06abbccc36c9,P_04249,BSNL,2024-01-01,2025-12-31,active,True
PHN_05781,4a96e28a532960eb,P_03062,BSNL,2024-01-01,2025-12-31,active,True
PHN_05782,6ffd66a336c2c96e,P_00367,BSNL,2024-01-01,2025-12-31,active,True
PHN_05783,9e25c86da38bfd83,P_02137,Jio,2024-01-01,2025-12-31,active,True
PHN_05784,40c191b5b9d57736,P_02235,Vi,2024-01-01,2025-12-31,active,True
PHN_05785,407b94a2bf9a108c,P_04311,Vi,2024-01-01,2025-12-31,active,True
PHN_05786,4f52decde051e12c,P_03318,Jio,2024-01-01,2025-12-31,active,True
PHN_05787,805fc82bd676ead7,P_03561,Vi,2024-01-01,2025-12-31,active,True
PHN_05788,abde241579c43ebb,P_04538,BSNL,2024-01-01,2025-12-31,active,True
PHN_05789,480b9c9b8df2f015,P_03601,Vi,2024-01-01,2025-12-31,active,True
PHN_05790,5fc6089b156b7702,P_01891,Vi,2024-01-01,2025-12-31,active,True
PHN_05791,310a1ead54847368,P_03691,Airtel,2024-01-01,2025-12-31,active,True
PHN_05792,9864daca1bd65ba5,P_01714,Airtel,2024-01-01,2025-12-31,active,True
PHN_05793,becda3a6e4ea324c,P_03201,Airtel,2024-01-01,2025-12-31,active,True
PHN_05794,887075308cab7f4b,P_01032,Jio,2024-01-01,2025-12-31,active,True
PHN_05795,c667c08e15821238,P_02079,BSNL,2024-01-01,2025-12-31,active,True
PHN_05796,35120c5f50282198,P_00915,Vi,2024-01-01,2025-12-31,active,True
PHN_05797,6de412a8e563dfb4,P_03592,Vi,2024-01-01,2025-12-31,active,True
PHN_05798,c25efd5947ce4ff0,P_01086,BSNL,2024-01-01,2025-12-31,active,True
PHN_05799,114d09a6628e4718,P_04480,BSNL,2024-01-01,2025-12-31,active,True
PHN_05800,0ae6e3c09d949070,P_04393,Airtel,2024-01-01,2025-12-31,active,True
PHN_05801,68e1518c14be668a,P_03704,BSNL,2024-01-01,2025-12-31,active,True
PHN_05802,d9dee30369e1d238,P_00597,BSNL,2024-01-01,2025-12-31,active,True
PHN_05803,2c8b2b310acd1a52,P_02638,Jio,2024-01-01,2025-12-31,active,True
PHN_05804,d698c0449d9a0a72,P_03737,BSNL,2024-01-01,2025-12-31,active,True
PHN_05805,9d75955ed9643103,P_00953,Jio,2024-01-01,2025-12-31,active,True
PHN_05806,887301f6e3f848f4,P_02107,Vi,2024-01-01,2025-12-31,active,True
PHN_05807,57a7e697b05f965c,P_02026,BSNL,2024-01-01,2025-12-31,active,True
PHN_05808,b69541ae1da86ea0,P_02602,BSNL,2024-01-01,2025-12-31,active,True
PHN_05809,b71c76a6e860c858,P_01812,Airtel,2024-01-01,2025-12-31,active,True
PHN_05810,93a09cf3d481096e,P_03201,Jio,2024-01-01,2025-12-31,active,True
PHN_05811,d39b356665d3c695,P_01711,Airtel,2024-01-01,2025-12-31,active,True
PHN_05812,57e0a010e735574f,P_01152,Airtel,2024-01-01,2025-12-31,active,True
PHN_05813,ac1e7da17ddd17ea,P_00477,Airtel,2024-01-01,2025-12-31,active,True
PHN_05814,f64b0caa0471d7ac,P_00794,Airtel,2024-01-01,2025-12-31,active,True
PHN_05815,7c7a0f80bdcd8bcb,P_04128,Airtel,2024-01-01,2025-12-31,active,True
PHN_05816,46299132deecd7a3,P_00252,BSNL,2024-01-01,2025-12-31,active,True
PHN_05817,84d95466095457cb,P_04611,BSNL,2024-01-01,2025-12-31,active,True
PHN_05818,aaa49eaeed7c8611,P_00377,Airtel,2024-01-01,2025-12-31,active,True
PHN_05819,47b7a5cbc1291292,P_01899,Vi,2024-01-01,2025-12-31,active,True
PHN_05820,11213c14103c165f,P_03665,Airtel,2024-01-01,2025-12-31,active,True
PHN_05821,1f7fb8885acb0a78,P_04146,BSNL,2024-01-01,2025-12-31,active,True
PHN_05822,ceb87324f900e93b,P_02843,Jio,2024-01-01,2025-12-31,active,True
PHN_05823,dcf40eb42c7fad45,P_00662,Airtel,2024-01-01,2025-12-31,active,True
PHN_05824,1672f6176dadbce2,P_04831,Airtel,2024-01-01,2025-12-31,active,True
PHN_05825,385d78afcb31556f,P_01268,Jio,2024-01-01,2025-12-31,active,True
PHN_05826,0a6a3b2ef57cc34e,P_01920,BSNL,2024-01-01,2025-12-31,active,True
PHN_05827,25ae4a4697fba786,P_00119,Vi,2024-01-01,2025-12-31,active,True
PHN_05828,e7a3a825266edd86,P_03886,Jio,2024-01-01,2025-12-31,active,True
PHN_05829,4b2e4673e43f4ede,P_04525,Jio,2024-01-01,2025-12-31,active,True
PHN_05830,cbe9b208b2c2c14e,P_03871,Jio,2024-01-01,2025-12-31,active,True
PHN_05831,f6696faa79f6d96e,P_00663,Airtel,2024-01-01,2025-12-31,active,True
PHN_05832,3e4f7c45a94b5d8c,P_04008,Airtel,2024-01-01,2025-12-31,active,True
PHN_05833,b4c2307a34e04173,P_03371,BSNL,2024-01-01,2025-12-31,active,True
PHN_05834,0bb071ccdbab5e7b,P_02558,Airtel,2024-01-01,2025-12-31,active,True
PHN_05835,2790e28d93fa3cbb,P_04070,BSNL,2024-01-01,2025-12-31,active,True
PHN_05836,87a5c20708a0f2f4,P_04596,Jio,2024-01-01,2025-12-31,active,True
PHN_05837,b1129431a60cec5d,P_01955,Jio,2024-01-01,2025-12-31,active,True
PHN_05838,43a4e2f4ad47198e,P_00158,Airtel,2024-01-01,2025-12-31,active,True
PHN_05839,4f4682d3d336d5fb,P_04605,Airtel,2024-01-01,2025-12-31,active,True
PHN_05840,2776dc56cc17ae78,P_03553,Airtel,2024-01-01,2025-12-31,active,True
PHN_05841,976e91d29bdf70da,P_03315,Vi,2024-01-01,2025-12-31,active,True
PHN_05842,5bd0178a7670ba2b,P_00512,BSNL,2024-01-01,2025-12-31,active,True
PHN_05843,3f52e5549aef1808,P_03392,Vi,2024-01-01,2025-12-31,active,True
PHN_05844,0981bfc645173560,P_02989,Jio,2024-01-01,2025-12-31,active,True
PHN_05845,66e6d6211ef963f0,P_02618,Jio,2024-01-01,2025-12-31,active,True
PHN_05846,95a97ca31d9dcce3,P_04234,Jio,2024-01-01,2025-12-31,active,True
PHN_05847,123596d2a5c28a60,P_00096,Vi,2024-01-01,2025-12-31,active,True
PHN_05848,4fce30be1b25c463,P_01239,Airtel,2024-01-01,2025-12-31,active,True
PHN_05849,ddc76699da345884,P_01345,Jio,2024-01-01,2025-12-31,active,True
PHN_05850,0bb9c4a994e5c5d2,P_04114,Vi,2024-01-01,2025-12-31,active,True
PHN_05851,d986e8236a41bc7b,P_04378,Airtel,2024-01-01,2025-12-31,active,True
PHN_05852,1279bf3866db37c7,P_01206,Jio,2024-01-01,2025-12-31,active,True
PHN_05853,0963b4d134e3c2f7,P_00318,Jio,2024-01-01,2025-12-31,active,True
PHN_05854,75898b2199b7086d,P_00059,Airtel,2024-01-01,2025-12-31,active,True
PHN_05855,72a2e561d582cf7b,P_01882,Airtel,2024-01-01,2025-12-31,active,True
PHN_05856,80c0fbe7028172cd,P_04174,BSNL,2024-01-01,2025-12-31,active,True
PHN_05857,75e8f903912c7dba,P_04347,Jio,2024-01-01,2025-12-31,active,True
PHN_05858,2ad267b0630d1a79,P_00743,Vi,2024-01-01,2025-12-31,active,True
PHN_05859,582f8f9a22ba60a9,P_02240,Jio,2024-01-01,2025-12-31,active,True
PHN_05860,678e5cb57c43b4cb,P_04266,Airtel,2024-01-01,2025-12-31,active,True
PHN_05861,46911f7af21394fd,P_02516,Vi,2024-01-01,2025-12-31,active,True
PHN_05862,809f489d2590f08f,P_01241,Airtel,2024-01-01,2025-12-31,active,True
PHN_05863,1421bedfd5b3fbeb,P_03980,Airtel,2024-01-01,2025-12-31,active,True
PHN_05864,b11679e7cadae04b,P_02233,Vi,2024-01-01,2025-12-31,active,True
PHN_05865,d1726e48816be9c1,P_00755,Vi,2024-01-01,2025-12-31,active,True
PHN_05866,bc1fe3c337d101c6,P_04093,BSNL,2024-01-01,2025-12-31,active,True
PHN_05867,fb34d219b0d72d59,P_04188,Airtel,2024-01-01,2025-12-31,active,True
PHN_05868,a517681c9b2c97e1,P_01763,Airtel,2024-01-01,2025-12-31,active,True
PHN_05869,51bf0b49c670adaf,P_04249,Airtel,2024-01-01,2025-12-31,active,True
PHN_05870,8d5ac67b7420a165,P_00669,Jio,2024-01-01,2025-12-31,active,True
PHN_05871,b4c0669b119a4908,P_03066,Jio,2024-01-01,2025-12-31,active,True
PHN_05872,3a2fdc077b8d1e03,P_04893,Jio,2024-01-01,2025-12-31,active,True
PHN_05873,f3c0bad84d30560c,P_02442,Airtel,2024-01-01,2025-12-31,active,True
PHN_05874,8f3dc1447b8ae730,P_04856,Airtel,2024-01-01,2025-12-31,active,True
PHN_05875,49d47db99d89db87,P_01965,Jio,2024-01-01,2025-12-31,active,True
PHN_05876,3877d7f41618c146,P_00231,Airtel,2024-01-01,2025-12-31,active,True
PHN_05877,8811122b94d9d258,P_02013,Vi,2024-01-01,2025-12-31,active,True
PHN_05878,62226ad28d9806b0,P_00378,BSNL,2024-01-01,2025-12-31,active,True
PHN_05879,1dd16c436da3dab7,P_01666,Jio,2024-01-01,2025-12-31,active,True
PHN_05880,12a2af2ea5118782,P_03085,BSNL,2024-01-01,2025-12-31,active,True
PHN_05881,e79faf27b5468baf,P_04591,Vi,2024-01-01,2025-12-31,active,True
PHN_05882,d0906cfa7c0f1156,P_00543,BSNL,2024-01-01,2025-12-31,active,True
PHN_05883,7484ec6d30299a55,P_03835,BSNL,2024-01-01,2025-12-31,active,True
PHN_05884,5a8693faf6e95759,P_00717,BSNL,2024-01-01,2025-12-31,active,True
PHN_05885,5877548d58e31974,P_04465,Airtel,2024-01-01,2025-12-31,active,True
PHN_05886,6a0688c376a34675,P_04613,Airtel,2024-01-01,2025-12-31,active,True
PHN_05887,d663dec90aec2a73,P_00163,Airtel,2024-01-01,2025-12-31,active,True
PHN_05888,e6c4281897da255c,P_04807,Vi,2024-01-01,2025-12-31,active,True
PHN_05889,ebfdff404a087693,P_04070,Jio,2024-01-01,2025-12-31,active,True
PHN_05890,139f47daaa67ec8d,P_00476,Vi,2024-01-01,2025-12-31,active,True
PHN_05891,56ffa82895c83be7,P_00520,Jio,2024-01-01,2025-12-31,active,True
PHN_05892,d5f3ef36f4226847,P_04415,Vi,2024-01-01,2025-12-31,active,True
PHN_05893,c8ae4b07356c6839,P_04853,Airtel,2024-01-01,2025-12-31,active,True
PHN_05894,f1192b3fc6868714,P_01734,BSNL,2024-01-01,2025-12-31,active,True
PHN_05895,42c7762be0973802,P_02823,Jio,2024-01-01,2025-12-31,active,True
PHN_05896,448a350b44194168,P_03922,Airtel,2024-01-01,2025-12-31,active,True
PHN_05897,9e897799db018a22,P_02663,Vi,2024-01-01,2025-12-31,active,True
PHN_05898,10cf48ce32c0a91f,P_01246,Jio,2024-01-01,2025-12-31,active,True
PHN_05899,09daa638c2516c54,P_00345,BSNL,2024-01-01,2025-12-31,active,True
PHN_05900,d7918137472a0a52,P_00202,Vi,2024-01-01,2025-12-31,active,True
PHN_05901,0dabefcc16d67efa,P_03432,Jio,2024-01-01,2025-12-31,active,True
PHN_05902,c059928693c51328,P_03059,Vi,2024-01-01,2025-12-31,active,True
PHN_05903,3e25a65f9253bfe2,P_04808,Jio,2024-01-01,2025-12-31,active,True
PHN_05904,63de36b4fabab347,P_03889,Vi,2024-01-01,2025-12-31,active,True
PHN_05905,bdd89a360b49af0e,P_01031,Vi,2024-01-01,2025-12-31,active,True
PHN_05906,b14e34c08cc8d3ef,P_03927,Jio,2024-01-01,2025-12-31,active,True
PHN_05907,80ec63496df3762f,P_04387,BSNL,2024-01-01,2025-12-31,active,True
PHN_05908,e07cc33bc06f9f0a,P_02716,BSNL,2024-01-01,2025-12-31,active,True
PHN_05909,7fc05b297f828626,P_01838,Airtel,2024-01-01,2025-12-31,active,True
PHN_05910,22a7b5dad03ea7ae,P_04374,Vi,2024-01-01,2025-12-31,active,True
PHN_05911,acc215fa312a4b64,P_00948,Airtel,2024-01-01,2025-12-31,active,True
PHN_05912,d6f36739c393086c,P_01574,Jio,2024-01-01,2025-12-31,active,True
PHN_05913,b501f557602e1a62,P_01434,Jio,2024-01-01,2025-12-31,active,True
PHN_05914,de68b598e9963716,P_01768,BSNL,2024-01-01,2025-12-31,active,True
PHN_05915,824be2f24248169b,P_00124,Airtel,2024-01-01,2025-12-31,active,True
PHN_05916,ecbe2c48c12a122f,P_01956,Vi,2024-01-01,2025-12-31,active,True
PHN_05917,9c7726dac7818fce,P_04042,Airtel,2024-01-01,2025-12-31,active,True
PHN_05918,b25fcad3dce37282,P_02709,BSNL,2024-01-01,2025-12-31,active,True
PHN_05919,f6654b11c0bab9d8,P_01425,Vi,2024-01-01,2025-12-31,active,True
PHN_05920,b5617be295554784,P_00678,BSNL,2024-01-01,2025-12-31,active,True
PHN_05921,677d0a38275404e7,P_00437,Airtel,2024-01-01,2025-12-31,active,True
PHN_05922,14914a9db12f915c,P_01371,BSNL,2024-01-01,2025-12-31,active,True
PHN_05923,7e228f2d7d59e4f3,P_00293,Jio,2024-01-01,2025-12-31,active,True
PHN_05924,96e13f25be7368b6,P_03118,Vi,2024-01-01,2025-12-31,active,True
PHN_05925,2898d683c68ed129,P_01842,Vi,2024-01-01,2025-12-31,active,True
PHN_05926,4cee86461d9ba71f,P_01801,Jio,2024-01-01,2025-12-31,active,True
PHN_05927,2f0783853f3c236a,P_04217,Airtel,2024-01-01,2025-12-31,active,True
PHN_05928,ef97f3781b28af57,P_02519,Vi,2024-01-01,2025-12-31,active,True
PHN_05929,1477e3f46c3c352e,P_03708,BSNL,2024-01-01,2025-12-31,active,True
PHN_05930,4c2d6c4ac32522d4,P_02466,Airtel,2024-01-01,2025-12-31,active,True
PHN_05931,a2fa74a9822e5140,P_01889,Vi,2024-01-01,2025-12-31,active,True
PHN_05932,fab0c7fdd3845c27,P_00132,Jio,2024-01-01,2025-12-31,active,True
PHN_05933,78a73c012ca9fa1c,P_02777,Jio,2024-01-01,2025-12-31,active,True
PHN_05934,110725b200e66e05,P_04200,Vi,2024-01-01,2025-12-31,active,True
PHN_05935,e503b7f767290b6d,P_04303,Airtel,2024-01-01,2025-12-31,active,True
PHN_05936,dc539817923304c7,P_02812,BSNL,2024-01-01,2025-12-31,active,True
PHN_05937,0d98dba59bb8d642,P_01028,Airtel,2024-01-01,2025-12-31,active,True
PHN_05938,be7f0f58fc19f25f,P_02955,Jio,2024-01-01,2025-12-31,active,True
PHN_05939,7ed0cf0a511edbc5,P_04887,Vi,2024-01-01,2025-12-31,active,True
PHN_05940,411e52a7c23b4db5,P_00517,Vi,2024-01-01,2025-12-31,active,True
PHN_05941,d1c024e5ba14339b,P_01968,Airtel,2024-01-01,2025-12-31,active,True
PHN_05942,3a6f91e0b11bf6c9,P_01952,Jio,2024-01-01,2025-12-31,active,True
PHN_05943,c557175fc5f34433,P_01444,Airtel,2024-01-01,2025-12-31,active,True
PHN_05944,414820baaab3daaf,P_04441,Vi,2024-01-01,2025-12-31,active,True
PHN_05945,038b8c74738719c7,P_02755,Vi,2024-01-01,2025-12-31,active,True
PHN_05946,0c0ca136db452d88,P_00486,Airtel,2024-01-01,2025-12-31,active,True
PHN_05947,c9e0b1ffe689275b,P_00080,Jio,2024-01-01,2025-12-31,active,True
PHN_05948,a6c333b2cf7cf954,P_03066,Vi,2024-01-01,2025-12-31,active,True
PHN_05949,c8d3dfd4acfeb96b,P_04159,Airtel,2024-01-01,2025-12-31,active,True
PHN_05950,089c9a987c29d1b1,P_03686,Vi,2024-01-01,2025-12-31,active,True
PHN_05951,38970940d3435e97,P_00536,Airtel,2024-01-01,2025-12-31,active,True
PHN_05952,88e4e1c685969535,P_02342,Vi,2024-01-01,2025-12-31,active,True
PHN_05953,b928f8f41f2ed20e,P_00623,Airtel,2024-01-01,2025-12-31,active,True
PHN_05954,19ea1ba105aa48c8,P_03029,Jio,2024-01-01,2025-12-31,active,True
PHN_05955,bdff365a81dc4825,P_02138,Jio,2024-01-01,2025-12-31,active,True
PHN_05956,d7da6ca8c0e0b262,P_01371,Jio,2024-01-01,2025-12-31,active,True
PHN_05957,bde6320543d5698d,P_02222,BSNL,2024-01-01,2025-12-31,active,True
PHN_05958,be6caf839fc4d526,P_04831,Airtel,2024-01-01,2025-12-31,active,True
PHN_05959,776f0fa0a1b2fb20,P_02298,Jio,2024-01-01,2025-12-31,active,True
PHN_05960,b93de1181258ea21,P_03685,Jio,2024-01-01,2025-12-31,active,True
PHN_05961,4821a08eb57d3fbb,P_03451,Jio,2024-01-01,2025-12-31,active,True
PHN_05962,15c0d339273f5356,P_00820,Airtel,2024-01-01,2025-12-31,active,True
PHN_05963,711177d4ef644e27,P_00900,Airtel,2024-01-01,2025-12-31,active,True
PHN_05964,cb8e499bac2da0bc,P_02532,BSNL,2024-01-01,2025-12-31,active,True
PHN_05965,c33d1a5bb4c65ef8,P_01663,Jio,2024-01-01,2025-12-31,active,True
PHN_05966,19c93eaf08e8e2e1,P_03016,Airtel,2024-01-01,2025-12-31,active,True
PHN_05967,d8e39bb3cdd78afb,P_01975,BSNL,2024-01-01,2025-12-31,active,True
PHN_05968,fd9e7eed78980a79,P_02626,Jio,2024-01-01,2025-12-31,active,True
PHN_05969,19f25d466faff54b,P_04146,Airtel,2024-01-01,2025-12-31,active,True
PHN_05970,911d5e053107cfdd,P_04072,Jio,2024-01-01,2025-12-31,active,True
PHN_05971,1345dc077dcb0a15,P_01515,Airtel,2024-01-01,2025-12-31,active,True
PHN_05972,661e3277453249d9,P_02141,Jio,2024-01-01,2025-12-31,active,True
PHN_05973,03759244136b2a9b,P_00270,Vi,2024-01-01,2025-12-31,active,True
PHN_05974,739e18184f824f51,P_04702,BSNL,2024-01-01,2025-12-31,active,True
PHN_05975,e076a3c8693d59da,P_02738,Jio,2024-01-01,2025-12-31,active,True
PHN_05976,b795b6716e1a78aa,P_04463,Vi,2024-01-01,2025-12-31,active,True
PHN_05977,0b25f29a470e1f39,P_00314,Jio,2024-01-01,2025-12-31,active,True
PHN_05978,c196a013aa75f130,P_01516,BSNL,2024-01-01,2025-12-31,active,True
PHN_05979,b23ab7bf40e30a87,P_02239,BSNL,2024-01-01,2025-12-31,active,True
PHN_05980,01c7a312e1a57c99,P_03048,BSNL,2024-01-01,2025-12-31,active,True
PHN_05981,f0dbad8c554b7cc2,P_04330,Airtel,2024-01-01,2025-12-31,active,True
PHN_05982,8f784c6541d6e139,P_01876,Jio,2024-01-01,2025-12-31,active,True
PHN_05983,e5105fd38c6e856e,P_04598,Airtel,2024-01-01,2025-12-31,active,True
PHN_05984,02f77c971a157a22,P_03554,Airtel,2024-01-01,2025-12-31,active,True
PHN_05985,39dc0561f8107395,P_00906,Vi,2024-01-01,2025-12-31,active,True
PHN_05986,4f42792a249eaac4,P_04796,Vi,2024-01-01,2025-12-31,active,True
PHN_05987,23adbeff5d5bd491,P_00596,Airtel,2024-01-01,2025-12-31,active,True
PHN_05988,02e4fbfe8c93e5a2,P_02329,BSNL,2024-01-01,2025-12-31,active,True
PHN_05989,323eb00093bab0e1,P_03837,Airtel,2024-01-01,2025-12-31,active,True
PHN_05990,479f650ec9b04fe6,P_03973,BSNL,2024-01-01,2025-12-31,active,True
PHN_05991,7724cac0df352545,P_01629,Airtel,2024-01-01,2025-12-31,active,True
PHN_05992,67e4a0a372758b57,P_00047,Vi,2024-01-01,2025-12-31,active,True
PHN_05993,6bc4145dfa9c4d73,P_00660,BSNL,2024-01-01,2025-12-31,active,True
PHN_05994,b6fe0bd033401f82,P_00046,Vi,2024-01-01,2025-12-31,active,True
PHN_05995,e7934af30bc6daf3,P_01547,Jio,2024-01-01,2025-12-31,active,True
PHN_05996,26dd0cf11f2dcfe7,P_02420,Vi,2024-01-01,2025-12-31,active,True
PHN_05997,16c320d834c163ba,P_02280,Jio,2024-01-01,2025-12-31,active,True
PHN_05998,7e8d1be53762e92a,P_02963,Airtel,2024-01-01,2025-12-31,active,True
PHN_05999,2ac584534354c854,P_03188,BSNL,2024-01-01,2025-12-31,active,True
PHN_06000,48969b5dcb89e30d,P_02446,Airtel,2024-01-01,2025-12-31,active,True
