relationship_id,source_entity_id,source_entity_type,target_entity_id,target_entity_type,relationship_type,valid_from,valid_to,first_seen,last_seen,frequency,confidence,relationship_status,source_evidence_id,created_by,model_name,model_version,synthetic_demo_record
REL_000001,P_00283,Person,P_04190,Person,CALLS,2025-03-01T21:25:10,2025-03-01T21:25:10,2025-03-01T21:25:10,2025-03-01T21:25:10,1,0.95,observed,EVI_CDR_CDR_000001,INGESTION_PIPELINE,RULE_BASED_EXTRACTOR,v1.0,True
REL_000002,P_02858,Person,P_00004,Person,CALLS,2027-08-06T01:19:23,2027-08-06T01:19:23,2027-08-06T01:19:23,2027-08-06T01:19:23,1,0.95,observed,EVI_CDR_CDR_000002,INGESTION_PIPELINE,RULE_BASED_EXTRACTOR,v1.0,True
REL_000003,P_04342,Person,P_01407,Person,CALLS,2026-05-06T14:29:58,2026-05-06T14:29:58,2026-05-06T14:29:58,2026-05-06T14:29:58,1,0.95,observed,EVI_CDR_CDR_000003,INGESTION_PIPELINE,RULE_BASED_EXTRACTOR,v1.0,True
REL_000004,P_03406,Person,P_04631,Person,CALLS,2026-01-30T20:31:45,2026-01-30T20:31:45,2026-01-30T20:31:45,2026-01-30T20:31:45,1,0.95,observed,EVI_CDR_CDR_000004,INGESTION_PIPELINE,RULE_BASED_EXTRACTOR,v1.0,True
REL_000005,P_04698,Person,P_00968,Person,CALLS,2027-11-19T05:14:59,2027-11-19T05:14:59,2027-11-19T05:14:59,2027-11-19T05:14:59,1,0.95,observed,EVI_CDR_CDR_000005,INGESTION_PIPELINE,RULE_BASED_EXTRACTOR,v1.0,True
REL_000006,P_00024,Person,P_04854,Person,CALLS,2026-11-26T02:05:18,2026-11-26T02:05:18,2026-11-26T02:05:18,2026-11-26T02:05:18,1,0.95,observed,EVI_CDR_CDR_000006,INGESTION_PIPELINE,RULE_BASED_EXTRACTOR,v1.0,True
REL_000007,P_04178,Person,P_04702,Person,CALLS,2025-05-09T15:19:54,2025-05-09T15:19:54,2025-05-09T15:19:54,2025-05-09T15:19:54,1,0.95,observed,EVI_CDR_CDR_000007,INGESTION_PIPELINE,RULE_BASED_EXTRACTOR,v1.0,True
REL_000008,P_03169,Person,P_02207,Person,CALLS,2026-12-01T03:52:50,2026-12-01T03:52:50,2026-12-01T03:52:50,2026-12-01T03:52:50,1,0.95,observed,EVI_CDR_CDR_000008,INGESTION_PIPELINE,RULE_BASED_EXTRACTOR,v1.0,True
REL_000009,P_02293,Person,P_02178,Person,CALLS,2025-12-26T18:29:10,2025-12-26T18:29:10,2025-12-26T18:29:10,2025-12-26T18:29:10,1,0.95,observed,EVI_CDR_CDR_000009,INGESTION_PIPELINE,RULE_BASED_EXTRACTOR,v1.0,True
REL_000010,P_00613,Person,P_03512,Person,CALLS,2025-02-12T08:38:53,2025-02-12T08:38:53,2025-02-12T08:38:53,2025-02-12T08:38:53,1,0.95,observed,EVI_CDR_CDR_000010,INGESTION_PIPELINE,RULE_BASED_EXTRACTOR,v1.0,True
REL_000011,P_00786,Person,P_02240,Person,CALLS,2025-03-27T03:06:28,2025-03-27T03:06:28,2025-03-27T03:06:28,2025-03-27T03:06:28,1,0.95,observed,EVI_CDR_CDR_000011,INGESTION_PIPELINE,RULE_BASED_EXTRACTOR,v1.0,True
REL_000012,P_01599,Person,P_00543,Person,CALLS,2025-07-04T01:44:18,2025-07-04T01:44:18,2025-07-04T01:44:18,2025-07-04T01:44:18,1,0.95,observed,EVI_CDR_CDR_000012,INGESTION_PIPELINE,RULE_BASED_EXTRACTOR,v1.0,True
REL_000013,P_04049,Person,P_01089,Person,CALLS,2027-10-28T02:16:03,2027-10-28T02:16:03,2027-10-28T02:16:03,2027-10-28T02:16:03,1,0.95,observed,EVI_CDR_CDR_000013,INGESTION_PIPELINE,RULE_BASED_EXTRACTOR,v1.0,True
REL_000014,P_00340,Person,P_04839,Person,CALLS,2025-04-22T13:22:27,2025-04-22T13:22:27,2025-04-22T13:22:27,2025-04-22T13:22:27,1,0.95,observed,EVI_CDR_CDR_000014,INGESTION_PIPELINE,RULE_BASED_EXTRACTOR,v1.0,True
REL_000015,P_02673,Person,P_04743,Person,CALLS,2027-04-05T17:18:16,2027-04-05T17:18:16,2027-04-05T17:18:16,2027-04-05T17:18:16,1,0.95,observed,EVI_CDR_CDR_000015,INGESTION_PIPELINE,RULE_BASED_EXTRACTOR,v1.0,True
REL_000016,P_02204,Person,P_01356,Person,CALLS,2026-02-08T04:07:51,2026-02-08T04:07:51,2026-02-08T04:07:51,2026-02-08T04:07:51,1,0.95,observed,EVI_CDR_CDR_000016,INGESTION_PIPELINE,RULE_BASED_EXTRACTOR,v1.0,True
REL_000017,P_00546,Person,P_03589,Person,CALLS,2025-04-07T06:19:00,2025-04-07T06:19:00,2025-04-07T06:19:00,2025-04-07T06:19:00,1,0.95,observed,EVI_CDR_CDR_000017,INGESTION_PIPELINE,RULE_BASED_EXTRACTOR,v1.0,True
REL_000018,P_01385,Person,P_04518,Person,CALLS,2026-11-17T18:34:00,2026-11-17T18:34:00,2026-11-17T18:34:00,2026-11-17T18:34:00,1,0.95,observed,EVI_CDR_CDR_000018,INGESTION_PIPELINE,RULE_BASED_EXTRACTOR,v1.0,True
REL_000019,P_04963,Person,P_04063,Person,CALLS,2025-03-23T22:50:13,2025-03-23T22:50:13,2025-03-23T22:50:13,2025-03-23T22:50:13,1,0.95,observed,EVI_CDR_CDR_000019,INGESTION_PIPELINE,RULE_BASED_EXTRACTOR,v1.0,True
REL_000020,P_03289,Person,P_02151,Person,CALLS,2026-07-27T02:42:22,2026-07-27T02:42:22,2026-07-27T02:42:22,2026-07-27T02:42:22,1,0.95,observed,EVI_CDR_CDR_000020,INGESTION_PIPELINE,RULE_BASED_EXTRACTOR,v1.0,True
REL_000021,P_01228,Person,P_02291,Person,CALLS,2027-03-04T12:34:02,2027-03-04T12:34:02,2027-03-04T12:34:02,2027-03-04T12:34:02,1,0.95,observed,EVI_CDR_CDR_000021,INGESTION_PIPELINE,RULE_BASED_EXTRACTOR,v1.0,True
REL_000022,P_00567,Person,P_03180,Person,CALLS,2025-10-16T16:02:13,2025-10-16T16:02:13,2025-10-16T16:02:13,2025-10-16T16:02:13,1,0.95,observed,EVI_CDR_CDR_000022,INGESTION_PIPELINE,RULE_BASED_EXTRACTOR,v1.0,True
REL_000023,P_04343,Person,P_02914,Person,CALLS,2025-11-15T11:54:00,2025-11-15T11:54:00,2025-11-15T11:54:00,2025-11-15T11:54:00,1,0.95,observed,EVI_CDR_CDR_000023,INGESTION_PIPELINE,RULE_BASED_EXTRACTOR,v1.0,True
REL_000024,P_00868,Person,P_00710,Person,CALLS,2027-12-05T10:56:18,2027-12-05T10:56:18,2027-12-05T10:56:18,2027-12-05T10:56:18,1,0.95,observed,EVI_CDR_CDR_000024,INGESTION_PIPELINE,RULE_BASED_EXTRACTOR,v1.0,True
REL_000025,P_03922,Person,P_00930,Person,CALLS,2027-04-19T08:14:03,2027-04-19T08:14:03,2027-04-19T08:14:03,2027-04-19T08:14:03,1,0.95,observed,EVI_CDR_CDR_000025,INGESTION_PIPELINE,RULE_BASED_EXTRACTOR,v1.0,True
REL_000026,P_04584,Person,P_02252,Person,CALLS,2026-11-13T19:31:22,2026-11-13T19:31:22,2026-11-13T19:31:22,2026-11-13T19:31:22,1,0.95,observed,EVI_CDR_CDR_000026,INGESTION_PIPELINE,RULE_BASED_EXTRACTOR,v1.0,True
REL_000027,P_03819,Person,P_04584,Person,CALLS,2025-06-18T06:33:03,2025-06-18T06:33:03,2025-06-18T06:33:03,2025-06-18T06:33:03,1,0.95,observed,EVI_CDR_CDR_000027,INGESTION_PIPELINE,RULE_BASED_EXTRACTOR,v1.0,True
REL_000028,P_01048,Person,P_03663,Person,CALLS,2027-12-05T10:56:18,2027-12-05T10:56:18,2027-12-05T10:56:18,2027-12-05T10:56:18,1,0.95,observed,EVI_CDR_CDR_000028,INGESTION_PIPELINE,RULE_BASED_EXTRACTOR,v1.0,True
REL_000029,P_03373,Person,P_01925,Person,CALLS,2025-12-25T22:21:00,2025-12-25T22:21:00,2025-12-25T22:21:00,2025-12-25T22:21:00,1,0.95,observed,EVI_CDR_CDR_000029,INGESTION_PIPELINE,RULE_BASED_EXTRACTOR,v1.0,True
REL_000030,P_02319,Person,P_02007,Person,CALLS,2026-02-08T05:02:11,2026-02-08T05:02:11,2026-02-08T05:02:11,2026-02-08T05:02:11,1,0.95,observed,EVI_CDR_CDR_000030,INGESTION_PIPELINE,RULE_BASED_EXTRACTOR,v1.0,True
REL_000031,P_03002,Person,P_04987,Person,CALLS,2025-09-06T00:30:46,2025-09-06T00:30:46,2025-09-06T00:30:46,2025-09-06T00:30:46,1,0.95,observed,EVI_CDR_CDR_000031,INGESTION_PIPELINE,RULE_BASED_EXTRACTOR,v1.0,True
REL_000032,P_03295,Person,P_02140,Person,CALLS,2026-06-04T16:27:25,2026-06-04T16:27:25,2026-06-04T16:27:25,2026-06-04T16:27:25,1,0.95,observed,EVI_CDR_CDR_000032,INGESTION_PIPELINE,RULE_BASED_EXTRACTOR,v1.0,True
REL_000033,P_04753,Person,P_02880,Person,CALLS,2025-04-16T15:40:46,2025-04-16T15:40:46,2025-04-16T15:40:46,2025-04-16T15:40:46,1,0.95,observed,EVI_CDR_CDR_000033,INGESTION_PIPELINE,RULE_BASED_EXTRACTOR,v1.0,True
REL_000034,P_02206,Person,P_01920,Person,CALLS,2025-05-10T21:39:53,2025-05-10T21:39:53,2025-05-10T21:39:53,2025-05-10T21:39:53,1,0.95,observed,EVI_CDR_CDR_000034,INGESTION_PIPELINE,RULE_BASED_EXTRACTOR,v1.0,True
REL_000035,P_00581,Person,P_01352,Person,CALLS,2027-12-16T23:00:02,2027-12-16T23:00:02,2027-12-16T23:00:02,2027-12-16T23:00:02,1,0.95,observed,EVI_CDR_CDR_000035,INGESTION_PIPELINE,RULE_BASED_EXTRACTOR,v1.0,True
REL_000036,P_02620,Person,P_03048,Person,CALLS,2025-06-18T10:30:27,2025-06-18T10:30:27,2025-06-18T10:30:27,2025-06-18T10:30:27,1,0.95,observed,EVI_CDR_CDR_000036,INGESTION_PIPELINE,RULE_BASED_EXTRACTOR,v1.0,True
REL_000037,P_02858,Person,P_02040,Person,CALLS,2026-12-16T05:38:09,2026-12-16T05:38:09,2026-12-16T05:38:09,2026-12-16T05:38:09,1,0.95,observed,EVI_CDR_CDR_000037,INGESTION_PIPELINE,RULE_BASED_EXTRACTOR,v1.0,True
REL_000038,P_01740,Person,P_03757,Person,CALLS,2025-04-14T12:53:58,2025-04-14T12:53:58,2025-04-14T12:53:58,2025-04-14T12:53:58,1,0.95,observed,EVI_CDR_CDR_000038,INGESTION_PIPELINE,RULE_BASED_EXTRACTOR,v1.0,True
REL_000039,P_03317,Person,P_00408,Person,CALLS,2025-01-30T19:36:15,2025-01-30T19:36:15,2025-01-30T19:36:15,2025-01-30T19:36:15,1,0.95,observed,EVI_CDR_CDR_000039,INGESTION_PIPELINE,RULE_BASED_EXTRACTOR,v1.0,True
REL_000040,P_03881,Person,P_02556,Person,CALLS,2025-07-11T03:36:27,2025-07-11T03:36:27,2025-07-11T03:36:27,2025-07-11T03:36:27,1,0.95,observed,EVI_CDR_CDR_000040,INGESTION_PIPELINE,RULE_BASED_EXTRACTOR,v1.0,True
REL_000041,P_01860,Person,P_04480,Person,CALLS,2025-03-21T06:13:51,2025-03-21T06:13:51,2025-03-21T06:13:51,2025-03-21T06:13:51,1,0.95,observed,EVI_CDR_CDR_000041,INGESTION_PIPELINE,RULE_BASED_EXTRACTOR,v1.0,True
REL_000042,P_03651,Person,P_02270,Person,CALLS,2025-12-31T23:29:59,2025-12-31T23:29:59,2025-12-31T23:29:59,2025-12-31T23:29:59,1,0.95,observed,EVI_CDR_CDR_000042,INGESTION_PIPELINE,RULE_BASED_EXTRACTOR,v1.0,True
REL_000043,P_02069,Person,P_04635,Person,CALLS,2027-01-04T16:09:13,2027-01-04T16:09:13,2027-01-04T16:09:13,2027-01-04T16:09:13,1,0.95,observed,EVI_CDR_CDR_000043,INGESTION_PIPELINE,RULE_BASED_EXTRACTOR,v1.0,True
REL_000044,P_00489,Person,P_02620,Person,CALLS,2027-03-06T07:18:38,2027-03-06T07:18:38,2027-03-06T07:18:38,2027-03-06T07:18:38,1,0.95,observed,EVI_CDR_CDR_000044,INGESTION_PIPELINE,RULE_BASED_EXTRACTOR,v1.0,True
REL_000045,P_01212,Person,P_00980,Person,CALLS,2027-05-20T16:45:05,2027-05-20T16:45:05,2027-05-20T16:45:05,2027-05-20T16:45:05,1,0.95,observed,EVI_CDR_CDR_000045,INGESTION_PIPELINE,RULE_BASED_EXTRACTOR,v1.0,True
REL_000046,P_03037,Person,P_01001,Person,CALLS,2025-04-08T14:28:09,2025-04-08T14:28:09,2025-04-08T14:28:09,2025-04-08T14:28:09,1,0.95,observed,EVI_CDR_CDR_000046,INGESTION_PIPELINE,RULE_BASED_EXTRACTOR,v1.0,True
REL_000047,P_02117,Person,P_01918,Person,CALLS,2026-04-06T17:16:56,2026-04-06T17:16:56,2026-04-06T17:16:56,2026-04-06T17:16:56,1,0.95,observed,EVI_CDR_CDR_000047,INGESTION_PIPELINE,RULE_BASED_EXTRACTOR,v1.0,True
REL_000048,P_00270,Person,P_01792,Person,CALLS,2026-12-19T07:56:09,2026-12-19T07:56:09,2026-12-19T07:56:09,2026-12-19T07:56:09,1,0.95,observed,EVI_CDR_CDR_000048,INGESTION_PIPELINE,RULE_BASED_EXTRACTOR,v1.0,True
REL_000049,P_00812,Person,P_03183,Person,CALLS,2027-03-14T21:14:44,2027-03-14T21:14:44,2027-03-14T21:14:44,2027-03-14T21:14:44,1,0.95,observed,EVI_CDR_CDR_000049,INGESTION_PIPELINE,RULE_BASED_EXTRACTOR,v1.0,True
REL_000050,P_01854,Person,P_00872,Person,CALLS,2025-06-11T07:24:45,2025-06-11T07:24:45,2025-06-11T07:24:45,2025-06-11T07:24:45,1,0.95,observed,EVI_CDR_CDR_000050,INGESTION_PIPELINE,RULE_BASED_EXTRACTOR,v1.0,True
REL_000051,P_01463,Person,P_04486,Person,CALLS,2025-06-04T12:02:23,2025-06-04T12:02:23,2025-06-04T12:02:23,2025-06-04T12:02:23,1,0.95,observed,EVI_CDR_CDR_000051,INGESTION_PIPELINE,RULE_BASED_EXTRACTOR,v1.0,True
REL_000052,P_04218,Person,P_00927,Person,CALLS,2027-11-09T22:25:28,2027-11-09T22:25:28,2027-11-09T22:25:28,2027-11-09T22:25:28,1,0.95,observed,EVI_CDR_CDR_000052,INGESTION_PIPELINE,RULE_BASED_EXTRACTOR,v1.0,True
REL_000053,P_01198,Person,P_01044,Person,CALLS,2025-03-08T09:37:55,2025-03-08T09:37:55,2025-03-08T09:37:55,2025-03-08T09:37:55,1,0.95,observed,EVI_CDR_CDR_000053,INGESTION_PIPELINE,RULE_BASED_EXTRACTOR,v1.0,True
REL_000054,P_02129,Person,P_02963,Person,CALLS,2027-11-10T23:02:35,2027-11-10T23:02:35,2027-11-10T23:02:35,2027-11-10T23:02:35,1,0.95,observed,EVI_CDR_CDR_000054,INGESTION_PIPELINE,RULE_BASED_EXTRACTOR,v1.0,True
REL_000055,P_00955,Person,P_01235,Person,CALLS,2026-06-04T16:27:25,2026-06-04T16:27:25,2026-06-04T16:27:25,2026-06-04T16:27:25,1,0.95,observed,EVI_CDR_CDR_000055,INGESTION_PIPELINE,RULE_BASED_EXTRACTOR,v1.0,True
REL_000056,P_03664,Person,P_04152,Person,CALLS,2025-03-21T06:13:51,2025-03-21T06:13:51,2025-03-21T06:13:51,2025-03-21T06:13:51,1,0.95,observed,EVI_CDR_CDR_000056,INGESTION_PIPELINE,RULE_BASED_EXTRACTOR,v1.0,True
REL_000057,P_04685,Person,P_00942,Person,CALLS,2025-10-13T15:15:21,2025-10-13T15:15:21,2025-10-13T15:15:21,2025-10-13T15:15:21,1,0.95,observed,EVI_CDR_CDR_000057,INGESTION_PIPELINE,RULE_BASED_EXTRACTOR,v1.0,True
REL_000058,P_04265,Person,P_03494,Person,CALLS,2027-02-07T05:48:05,2027-02-07T05:48:05,2027-02-07T05:48:05,2027-02-07T05:48:05,1,0.95,observed,EVI_CDR_CDR_000058,INGESTION_PIPELINE,RULE_BASED_EXTRACTOR,v1.0,True
REL_000059,P_01711,Person,P_01326,Person,CALLS,2026-06-04T22:45:59,2026-06-04T22:45:59,2026-06-04T22:45:59,2026-06-04T22:45:59,1,0.95,observed,EVI_CDR_CDR_000059,INGESTION_PIPELINE,RULE_BASED_EXTRACTOR,v1.0,True
REL_000060,P_03751,Person,P_01302,Person,CALLS,2027-12-19T11:12:07,2027-12-19T11:12:07,2027-12-19T11:12:07,2027-12-19T11:12:07,1,0.95,observed,EVI_CDR_CDR_000060,INGESTION_PIPELINE,RULE_BASED_EXTRACTOR,v1.0,True
REL_000061,P_04984,Person,P_02379,Person,CALLS,2027-04-06T11:19:28,2027-04-06T11:19:28,2027-04-06T11:19:28,2027-04-06T11:19:28,1,0.95,observed,EVI_CDR_CDR_000061,INGESTION_PIPELINE,RULE_BASED_EXTRACTOR,v1.0,True
REL_000062,P_01082,Person,P_00752,Person,CALLS,2026-05-30T19:44:18,2026-05-30T19:44:18,2026-05-30T19:44:18,2026-05-30T19:44:18,1,0.95,observed,EVI_CDR_CDR_000062,INGESTION_PIPELINE,RULE_BASED_EXTRACTOR,v1.0,True
REL_000063,P_04103,Person,P_04264,Person,CALLS,2027-12-15T19:49:21,2027-12-15T19:49:21,2027-12-15T19:49:21,2027-12-15T19:49:21,1,0.95,observed,EVI_CDR_CDR_000063,INGESTION_PIPELINE,RULE_BASED_EXTRACTOR,v1.0,True
REL_000064,P_00027,Person,P_03124,Person,CALLS,2026-09-30T13:39:52,2026-09-30T13:39:52,2026-09-30T13:39:52,2026-09-30T13:39:52,1,0.95,observed,EVI_CDR_CDR_000064,INGESTION_PIPELINE,RULE_BASED_EXTRACTOR,v1.0,True
REL_000065,P_03562,Person,P_03260,Person,CALLS,2025-04-14T12:35:09,2025-04-14T12:35:09,2025-04-14T12:35:09,2025-04-14T12:35:09,1,0.95,observed,EVI_CDR_CDR_000065,INGESTION_PIPELINE,RULE_BASED_EXTRACTOR,v1.0,True
REL_000066,P_03255,Person,P_00235,Person,CALLS,2025-02-22T15:15:50,2025-02-22T15:15:50,2025-02-22T15:15:50,2025-02-22T15:15:50,1,0.95,observed,EVI_CDR_CDR_000066,INGESTION_PIPELINE,RULE_BASED_EXTRACTOR,v1.0,True
REL_000067,P_00520,Person,P_04657,Person,CALLS,2026-09-18T01:21:28,2026-09-18T01:21:28,2026-09-18T01:21:28,2026-09-18T01:21:28,1,0.95,observed,EVI_CDR_CDR_000067,INGESTION_PIPELINE,RULE_BASED_EXTRACTOR,v1.0,True
REL_000068,P_04936,Person,P_04674,Person,CALLS,2025-10-10T08:11:13,2025-10-10T08:11:13,2025-10-10T08:11:13,2025-10-10T08:11:13,1,0.95,observed,EVI_CDR_CDR_000068,INGESTION_PIPELINE,RULE_BASED_EXTRACTOR,v1.0,True
REL_000069,P_03769,Person,P_01763,Person,CALLS,2025-09-05T02:18:12,2025-09-05T02:18:12,2025-09-05T02:18:12,2025-09-05T02:18:12,1,0.95,observed,EVI_CDR_CDR_000069,INGESTION_PIPELINE,RULE_BASED_EXTRACTOR,v1.0,True
REL_000070,P_03216,Person,P_00827,Person,CALLS,2026-12-10T16:38:49,2026-12-10T16:38:49,2026-12-10T16:38:49,2026-12-10T16:38:49,1,0.95,observed,EVI_CDR_CDR_000070,INGESTION_PIPELINE,RULE_BASED_EXTRACTOR,v1.0,True
REL_000071,P_03346,Person,P_01860,Person,CALLS,2027-04-09T16:21:33,2027-04-09T16:21:33,2027-04-09T16:21:33,2027-04-09T16:21:33,1,0.95,observed,EVI_CDR_CDR_000071,INGESTION_PIPELINE,RULE_BASED_EXTRACTOR,v1.0,True
REL_000072,P_03336,Person,P_02898,Person,CALLS,2026-08-27T13:26:33,2026-08-27T13:26:33,2026-08-27T13:26:33,2026-08-27T13:26:33,1,0.95,observed,EVI_CDR_CDR_000072,INGESTION_PIPELINE,RULE_BASED_EXTRACTOR,v1.0,True
REL_000073,P_03351,Person,P_03148,Person,CALLS,2026-06-21T12:17:25,2026-06-21T12:17:25,2026-06-21T12:17:25,2026-06-21T12:17:25,1,0.95,observed,EVI_CDR_CDR_000073,INGESTION_PIPELINE,RULE_BASED_EXTRACTOR,v1.0,True
REL_000074,P_00507,Person,P_03057,Person,CALLS,2025-03-28T03:40:56,2025-03-28T03:40:56,2025-03-28T03:40:56,2025-03-28T03:40:56,1,0.95,observed,EVI_CDR_CDR_000074,INGESTION_PIPELINE,RULE_BASED_EXTRACTOR,v1.0,True
REL_000075,P_03648,Person,P_02573,Person,CALLS,2026-04-24T12:50:10,2026-04-24T12:50:10,2026-04-24T12:50:10,2026-04-24T12:50:10,1,0.95,observed,EVI_CDR_CDR_000075,INGESTION_PIPELINE,RULE_BASED_EXTRACTOR,v1.0,True
REL_000076,P_00484,Person,P_01821,Person,CALLS,2026-10-25T23:51:58,2026-10-25T23:51:58,2026-10-25T23:51:58,2026-10-25T23:51:58,1,0.95,observed,EVI_CDR_CDR_000076,INGESTION_PIPELINE,RULE_BASED_EXTRACTOR,v1.0,True
REL_000077,P_04011,Person,P_00993,Person,CALLS,2027-01-02T04:18:15,2027-01-02T04:18:15,2027-01-02T04:18:15,2027-01-02T04:18:15,1,0.95,observed,EVI_CDR_CDR_000077,INGESTION_PIPELINE,RULE_BASED_EXTRACTOR,v1.0,True
REL_000078,P_02984,Person,P_02847,Person,CALLS,2026-12-28T23:39:42,2026-12-28T23:39:42,2026-12-28T23:39:42,2026-12-28T23:39:42,1,0.95,observed,EVI_CDR_CDR_000078,INGESTION_PIPELINE,RULE_BASED_EXTRACTOR,v1.0,True
REL_000079,P_02879,Person,P_01178,Person,CALLS,2027-09-23T20:38:09,2027-09-23T20:38:09,2027-09-23T20:38:09,2027-09-23T20:38:09,1,0.95,observed,EVI_CDR_CDR_000079,INGESTION_PIPELINE,RULE_BASED_EXTRACTOR,v1.0,True
REL_000080,P_01228,Person,P_04203,Person,CALLS,2025-10-30T04:06:30,2025-10-30T04:06:30,2025-10-30T04:06:30,2025-10-30T04:06:30,1,0.95,observed,EVI_CDR_CDR_000080,INGESTION_PIPELINE,RULE_BASED_EXTRACTOR,v1.0,True
REL_000081,P_02127,Person,P_01666,Person,CALLS,2025-06-21T19:50:26,2025-06-21T19:50:26,2025-06-21T19:50:26,2025-06-21T19:50:26,1,0.95,observed,EVI_CDR_CDR_000081,INGESTION_PIPELINE,RULE_BASED_EXTRACTOR,v1.0,True
REL_000082,P_01238,Person,P_00273,Person,CALLS,2026-06-08T05:22:22,2026-06-08T05:22:22,2026-06-08T05:22:22,2026-06-08T05:22:22,1,0.95,observed,EVI_CDR_CDR_000082,INGESTION_PIPELINE,RULE_BASED_EXTRACTOR,v1.0,True
REL_000083,P_02187,Person,P_02617,Person,CALLS,2026-04-15T11:04:17,2026-04-15T11:04:17,2026-04-15T11:04:17,2026-04-15T11:04:17,1,0.95,observed,EVI_CDR_CDR_000083,INGESTION_PIPELINE,RULE_BASED_EXTRACTOR,v1.0,True
REL_000084,P_01293,Person,P_02959,Person,CALLS,2026-01-05T17:16:03,2026-01-05T17:16:03,2026-01-05T17:16:03,2026-01-05T17:16:03,1,0.95,observed,EVI_CDR_CDR_000084,INGESTION_PIPELINE,RULE_BASED_EXTRACTOR,v1.0,True
REL_000085,P_02294,Person,P_00121,Person,CALLS,2025-05-09T10:57:49,2025-05-09T10:57:49,2025-05-09T10:57:49,2025-05-09T10:57:49,1,0.95,observed,EVI_CDR_CDR_000085,INGESTION_PIPELINE,RULE_BASED_EXTRACTOR,v1.0,True
REL_000086,P_00180,Person,P_00855,Person,CALLS,2026-04-20T13:36:11,2026-04-20T13:36:11,2026-04-20T13:36:11,2026-04-20T13:36:11,1,0.95,observed,EVI_CDR_CDR_000086,INGESTION_PIPELINE,RULE_BASED_EXTRACTOR,v1.0,True
REL_000087,P_04713,Person,P_02007,Person,CALLS,2027-11-26T17:04:34,2027-11-26T17:04:34,2027-11-26T17:04:34,2027-11-26T17:04:34,1,0.95,observed,EVI_CDR_CDR_000087,INGESTION_PIPELINE,RULE_BASED_EXTRACTOR,v1.0,True
REL_000088,P_02996,Person,P_03080,Person,CALLS,2027-07-12T04:10:58,2027-07-12T04:10:58,2027-07-12T04:10:58,2027-07-12T04:10:58,1,0.95,observed,EVI_CDR_CDR_000088,INGESTION_PIPELINE,RULE_BASED_EXTRACTOR,v1.0,True
REL_000089,P_00060,Person,P_00507,Person,CALLS,2026-04-22T00:20:31,2026-04-22T00:20:31,2026-04-22T00:20:31,2026-04-22T00:20:31,1,0.95,observed,EVI_CDR_CDR_000089,INGESTION_PIPELINE,RULE_BASED_EXTRACTOR,v1.0,True
REL_000090,P_01985,Person,P_04704,Person,CALLS,2027-10-09T01:11:28,2027-10-09T01:11:28,2027-10-09T01:11:28,2027-10-09T01:11:28,1,0.95,observed,EVI_CDR_CDR_000090,INGESTION_PIPELINE,RULE_BASED_EXTRACTOR,v1.0,True
REL_000091,P_01188,Person,P_02973,Person,CALLS,2027-01-15T10:59:59,2027-01-15T10:59:59,2027-01-15T10:59:59,2027-01-15T10:59:59,1,0.95,observed,EVI_CDR_CDR_000091,INGESTION_PIPELINE,RULE_BASED_EXTRACTOR,v1.0,True
REL_000092,P_04689,Person,P_00741,Person,CALLS,2027-05-15T02:44:29,2027-05-15T02:44:29,2027-05-15T02:44:29,2027-05-15T02:44:29,1,0.95,observed,EVI_CDR_CDR_000092,INGESTION_PIPELINE,RULE_BASED_EXTRACTOR,v1.0,True
REL_000093,P_00035,Person,P_04684,Person,CALLS,2025-04-30T08:05:02,2025-04-30T08:05:02,2025-04-30T08:05:02,2025-04-30T08:05:02,1,0.95,observed,EVI_CDR_CDR_000093,INGESTION_PIPELINE,RULE_BASED_EXTRACTOR,v1.0,True
REL_000094,P_04696,Person,P_00525,Person,CALLS,2026-04-08T13:12:17,2026-04-08T13:12:17,2026-04-08T13:12:17,2026-04-08T13:12:17,1,0.95,observed,EVI_CDR_CDR_000094,INGESTION_PIPELINE,RULE_BASED_EXTRACTOR,v1.0,True
REL_000095,P_01611,Person,P_00141,Person,CALLS,2027-11-15T07:37:59,2027-11-15T07:37:59,2027-11-15T07:37:59,2027-11-15T07:37:59,1,0.95,observed,EVI_CDR_CDR_000095,INGESTION_PIPELINE,RULE_BASED_EXTRACTOR,v1.0,True
REL_000096,P_02845,Person,P_01406,Person,CALLS,2025-05-05T20:37:08,2025-05-05T20:37:08,2025-05-05T20:37:08,2025-05-05T20:37:08,1,0.95,observed,EVI_CDR_CDR_000096,INGESTION_PIPELINE,RULE_BASED_EXTRACTOR,v1.0,True
REL_000097,P_03770,Person,P_00315,Person,CALLS,2027-09-03T23:44:58,2027-09-03T23:44:58,2027-09-03T23:44:58,2027-09-03T23:44:58,1,0.95,observed,EVI_CDR_CDR_000097,INGESTION_PIPELINE,RULE_BASED_EXTRACTOR,v1.0,True
REL_000098,P_01647,Person,P_04505,Person,CALLS,2027-06-25T19:23:42,2027-06-25T19:23:42,2027-06-25T19:23:42,2027-06-25T19:23:42,1,0.95,observed,EVI_CDR_CDR_000098,INGESTION_PIPELINE,RULE_BASED_EXTRACTOR,v1.0,True
REL_000099,P_04440,Person,P_01567,Person,CALLS,2027-05-30T02:05:52,2027-05-30T02:05:52,2027-05-30T02:05:52,2027-05-30T02:05:52,1,0.95,observed,EVI_CDR_CDR_000099,INGESTION_PIPELINE,RULE_BASED_EXTRACTOR,v1.0,True
REL_000100,P_04535,Person,P_04101,Person,CALLS,2026-12-25T10:27:29,2026-12-25T10:27:29,2026-12-25T10:27:29,2026-12-25T10:27:29,1,0.95,observed,EVI_CDR_CDR_000100,INGESTION_PIPELINE,RULE_BASED_EXTRACTOR,v1.0,True
REL_000101,P_02747,Person,P_00667,Person,CALLS,2027-08-21T03:36:18,2027-08-21T03:36:18,2027-08-21T03:36:18,2027-08-21T03:36:18,1,0.95,observed,EVI_CDR_CDR_000101,INGESTION_PIPELINE,RULE_BASED_EXTRACTOR,v1.0,True
REL_000102,P_00790,Person,P_00582,Person,CALLS,2026-06-26T06:10:41,2026-06-26T06:10:41,2026-06-26T06:10:41,2026-06-26T06:10:41,1,0.95,observed,EVI_CDR_CDR_000102,INGESTION_PIPELINE,RULE_BASED_EXTRACTOR,v1.0,True
REL_000103,P_03345,Person,P_03459,Person,CALLS,2027-11-20T10:22:26,2027-11-20T10:22:26,2027-11-20T10:22:26,2027-11-20T10:22:26,1,0.95,observed,EVI_CDR_CDR_000103,INGESTION_PIPELINE,RULE_BASED_EXTRACTOR,v1.0,True
REL_000104,P_01991,Person,P_02522,Person,CALLS,2026-09-15T21:45:52,2026-09-15T21:45:52,2026-09-15T21:45:52,2026-09-15T21:45:52,1,0.95,observed,EVI_CDR_CDR_000104,INGESTION_PIPELINE,RULE_BASED_EXTRACTOR,v1.0,True
REL_000105,P_00482,Person,P_00120,Person,CALLS,2026-04-22T18:50:11,2026-04-22T18:50:11,2026-04-22T18:50:11,2026-04-22T18:50:11,1,0.95,observed,EVI_CDR_CDR_000105,INGESTION_PIPELINE,RULE_BASED_EXTRACTOR,v1.0,True
REL_000106,P_04146,Person,P_00380,Person,CALLS,2026-10-17T13:59:54,2026-10-17T13:59:54,2026-10-17T13:59:54,2026-10-17T13:59:54,1,0.95,observed,EVI_CDR_CDR_000106,INGESTION_PIPELINE,RULE_BASED_EXTRACTOR,v1.0,True
REL_000107,P_01714,Person,P_04580,Person,CALLS,2026-09-12T18:28:17,2026-09-12T18:28:17,2026-09-12T18:28:17,2026-09-12T18:28:17,1,0.95,observed,EVI_CDR_CDR_000107,INGESTION_PIPELINE,RULE_BASED_EXTRACTOR,v1.0,True
REL_000108,P_02638,Person,P_04386,Person,CALLS,2026-04-23T13:10:19,2026-04-23T13:10:19,2026-04-23T13:10:19,2026-04-23T13:10:19,1,0.95,observed,EVI_CDR_CDR_000108,INGESTION_PIPELINE,RULE_BASED_EXTRACTOR,v1.0,True
REL_000109,P_03459,Person,P_04605,Person,CALLS,2027-03-01T03:20:26,2027-03-01T03:20:26,2027-03-01T03:20:26,2027-03-01T03:20:26,1,0.95,observed,EVI_CDR_CDR_000109,INGESTION_PIPELINE,RULE_BASED_EXTRACTOR,v1.0,True
REL_000110,P_01161,Person,P_03287,Person,CALLS,2026-04-22T07:28:42,2026-04-22T07:28:42,2026-04-22T07:28:42,2026-04-22T07:28:42,1,0.95,observed,EVI_CDR_CDR_000110,INGESTION_PIPELINE,RULE_BASED_EXTRACTOR,v1.0,True
REL_000111,P_01082,Person,P_04264,Person,CALLS,2025-12-15T23:52:59,2025-12-15T23:52:59,2025-12-15T23:52:59,2025-12-15T23:52:59,1,0.95,observed,EVI_CDR_CDR_000111,INGESTION_PIPELINE,RULE_BASED_EXTRACTOR,v1.0,True
REL_000112,P_03858,Person,P_02663,Person,CALLS,2025-11-23T19:26:50,2025-11-23T19:26:50,2025-11-23T19:26:50,2025-11-23T19:26:50,1,0.95,observed,EVI_CDR_CDR_000112,INGESTION_PIPELINE,RULE_BASED_EXTRACTOR,v1.0,True
REL_000113,P_00938,Person,P_04689,Person,CALLS,2025-12-27T23:42:12,2025-12-27T23:42:12,2025-12-27T23:42:12,2025-12-27T23:42:12,1,0.95,observed,EVI_CDR_CDR_000113,INGESTION_PIPELINE,RULE_BASED_EXTRACTOR,v1.0,True
REL_000114,P_04625,Person,P_02558,Person,CALLS,2025-04-17T15:00:08,2025-04-17T15:00:08,2025-04-17T15:00:08,2025-04-17T15:00:08,1,0.95,observed,EVI_CDR_CDR_000114,INGESTION_PIPELINE,RULE_BASED_EXTRACTOR,v1.0,True
REL_000115,P_01709,Person,P_03708,Person,CALLS,2027-01-09T19:46:16,2027-01-09T19:46:16,2027-01-09T19:46:16,2027-01-09T19:46:16,1,0.95,observed,EVI_CDR_CDR_000115,INGESTION_PIPELINE,RULE_BASED_EXTRACTOR,v1.0,True
REL_000116,P_02728,Person,P_04113,Person,CALLS,2025-11-24T20:51:28,2025-11-24T20:51:28,2025-11-24T20:51:28,2025-11-24T20:51:28,1,0.95,observed,EVI_CDR_CDR_000116,INGESTION_PIPELINE,RULE_BASED_EXTRACTOR,v1.0,True
REL_000117,P_03891,Person,P_04024,Person,CALLS,2025-11-01T20:06:24,2025-11-01T20:06:24,2025-11-01T20:06:24,2025-11-01T20:06:24,1,0.95,observed,EVI_CDR_CDR_000117,INGESTION_PIPELINE,RULE_BASED_EXTRACTOR,v1.0,True
REL_000118,P_02684,Person,P_00141,Person,CALLS,2026-12-20T12:12:13,2026-12-20T12:12:13,2026-12-20T12:12:13,2026-12-20T12:12:13,1,0.95,observed,EVI_CDR_CDR_000118,INGESTION_PIPELINE,RULE_BASED_EXTRACTOR,v1.0,True
REL_000119,P_00708,Person,P_00180,Person,CALLS,2027-01-07T22:16:39,2027-01-07T22:16:39,2027-01-07T22:16:39,2027-01-07T22:16:39,1,0.95,observed,EVI_CDR_CDR_000119,INGESTION_PIPELINE,RULE_BASED_EXTRACTOR,v1.0,True
REL_000120,P_00385,Person,P_01231,Person,CALLS,2027-10-10T10:31:20,2027-10-10T10:31:20,2027-10-10T10:31:20,2027-10-10T10:31:20,1,0.95,observed,EVI_CDR_CDR_000120,INGESTION_PIPELINE,RULE_BASED_EXTRACTOR,v1.0,True
REL_000121,P_04097,Person,P_03352,Person,CALLS,2025-10-31T10:59:56,2025-10-31T10:59:56,2025-10-31T10:59:56,2025-10-31T10:59:56,1,0.95,observed,EVI_CDR_CDR_000121,INGESTION_PIPELINE,RULE_BASED_EXTRACTOR,v1.0,True
REL_000122,P_04707,Person,P_02394,Person,CALLS,2026-01-09T13:05:39,2026-01-09T13:05:39,2026-01-09T13:05:39,2026-01-09T13:05:39,1,0.95,observed,EVI_CDR_CDR_000122,INGESTION_PIPELINE,RULE_BASED_EXTRACTOR,v1.0,True
REL_000123,P_00149,Person,P_03474,Person,CALLS,2025-07-21T22:40:33,2025-07-21T22:40:33,2025-07-21T22:40:33,2025-07-21T22:40:33,1,0.95,observed,EVI_CDR_CDR_000123,INGESTION_PIPELINE,RULE_BASED_EXTRACTOR,v1.0,True
REL_000124,P_02880,Person,P_04577,Person,CALLS,2025-03-02T15:43:46,2025-03-02T15:43:46,2025-03-02T15:43:46,2025-03-02T15:43:46,1,0.95,observed,EVI_CDR_CDR_000124,INGESTION_PIPELINE,RULE_BASED_EXTRACTOR,v1.0,True
REL_000125,P_00201,Person,P_00803,Person,CALLS,2027-05-04T09:03:11,2027-05-04T09:03:11,2027-05-04T09:03:11,2027-05-04T09:03:11,1,0.95,observed,EVI_CDR_CDR_000125,INGESTION_PIPELINE,RULE_BASED_EXTRACTOR,v1.0,True
REL_000126,P_04155,Person,P_02985,Person,CALLS,2026-11-20T11:46:03,2026-11-20T11:46:03,2026-11-20T11:46:03,2026-11-20T11:46:03,1,0.95,observed,EVI_CDR_CDR_000126,INGESTION_PIPELINE,RULE_BASED_EXTRACTOR,v1.0,True
REL_000127,P_03926,Person,P_04465,Person,CALLS,2026-03-09T02:13:09,2026-03-09T02:13:09,2026-03-09T02:13:09,2026-03-09T02:13:09,1,0.95,observed,EVI_CDR_CDR_000127,INGESTION_PIPELINE,RULE_BASED_EXTRACTOR,v1.0,True
REL_000128,P_02340,Person,P_04326,Person,CALLS,2026-12-21T03:34:59,2026-12-21T03:34:59,2026-12-21T03:34:59,2026-12-21T03:34:59,1,0.95,observed,EVI_CDR_CDR_000128,INGESTION_PIPELINE,RULE_BASED_EXTRACTOR,v1.0,True
REL_000129,P_02502,Person,P_02402,Person,CALLS,2026-04-18T07:54:37,2026-04-18T07:54:37,2026-04-18T07:54:37,2026-04-18T07:54:37,1,0.95,observed,EVI_CDR_CDR_000129,INGESTION_PIPELINE,RULE_BASED_EXTRACTOR,v1.0,True
REL_000130,P_03087,Person,P_02184,Person,CALLS,2026-05-18T04:43:29,2026-05-18T04:43:29,2026-05-18T04:43:29,2026-05-18T04:43:29,1,0.95,observed,EVI_CDR_CDR_000130,INGESTION_PIPELINE,RULE_BASED_EXTRACTOR,v1.0,True
REL_000131,P_02223,Person,P_02973,Person,CALLS,2027-07-26T06:26:46,2027-07-26T06:26:46,2027-07-26T06:26:46,2027-07-26T06:26:46,1,0.95,observed,EVI_CDR_CDR_000131,INGESTION_PIPELINE,RULE_BASED_EXTRACTOR,v1.0,True
REL_000132,P_00927,Person,P_04986,Person,CALLS,2026-05-18T04:43:29,2026-05-18T04:43:29,2026-05-18T04:43:29,2026-05-18T04:43:29,1,0.95,observed,EVI_CDR_CDR_000132,INGESTION_PIPELINE,RULE_BASED_EXTRACTOR,v1.0,True
REL_000133,P_03889,Person,P_02969,Person,CALLS,2025-12-19T15:10:00,2025-12-19T15:10:00,2025-12-19T15:10:00,2025-12-19T15:10:00,1,0.95,observed,EVI_CDR_CDR_000133,INGESTION_PIPELINE,RULE_BASED_EXTRACTOR,v1.0,True
REL_000134,P_03094,Person,P_00039,Person,CALLS,2027-03-01T03:20:26,2027-03-01T03:20:26,2027-03-01T03:20:26,2027-03-01T03:20:26,1,0.95,observed,EVI_CDR_CDR_000134,INGESTION_PIPELINE,RULE_BASED_EXTRACTOR,v1.0,True
REL_000135,P_01563,Person,P_03891,Person,CALLS,2027-10-05T09:37:44,2027-10-05T09:37:44,2027-10-05T09:37:44,2027-10-05T09:37:44,1,0.95,observed,EVI_CDR_CDR_000135,INGESTION_PIPELINE,RULE_BASED_EXTRACTOR,v1.0,True
REL_000136,P_01567,Person,P_02396,Person,CALLS,2027-04-09T16:21:33,2027-04-09T16:21:33,2027-04-09T16:21:33,2027-04-09T16:21:33,1,0.95,observed,EVI_CDR_CDR_000136,INGESTION_PIPELINE,RULE_BASED_EXTRACTOR,v1.0,True
REL_000137,P_01075,Person,P_02832,Person,CALLS,2027-05-11T20:18:36,2027-05-11T20:18:36,2027-05-11T20:18:36,2027-05-11T20:18:36,1,0.95,observed,EVI_CDR_CDR_000137,INGESTION_PIPELINE,RULE_BASED_EXTRACTOR,v1.0,True
REL_000138,P_01867,Person,P_01858,Person,CALLS,2025-10-23T20:14:05,2025-10-23T20:14:05,2025-10-23T20:14:05,2025-10-23T20:14:05,1,0.95,observed,EVI_CDR_CDR_000138,INGESTION_PIPELINE,RULE_BASED_EXTRACTOR,v1.0,True
REL_000139,P_04854,Person,P_04234,Person,CALLS,2025-09-01T10:17:52,2025-09-01T10:17:52,2025-09-01T10:17:52,2025-09-01T10:17:52,1,0.95,observed,EVI_CDR_CDR_000139,INGESTION_PIPELINE,RULE_BASED_EXTRACTOR,v1.0,True
REL_000140,P_04562,Person,P_00286,Person,CALLS,2026-08-05T14:08:30,2026-08-05T14:08:30,2026-08-05T14:08:30,2026-08-05T14:08:30,1,0.95,observed,EVI_CDR_CDR_000140,INGESTION_PIPELINE,RULE_BASED_EXTRACTOR,v1.0,True
REL_000141,P_00546,Person,P_00352,Person,CALLS,2026-03-07T18:52:32,2026-03-07T18:52:32,2026-03-07T18:52:32,2026-03-07T18:52:32,1,0.95,observed,EVI_CDR_CDR_000141,INGESTION_PIPELINE,RULE_BASED_EXTRACTOR,v1.0,True
REL_000142,P_02287,Person,P_03561,Person,CALLS,2025-03-23T22:50:13,2025-03-23T22:50:13,2025-03-23T22:50:13,2025-03-23T22:50:13,1,0.95,observed,EVI_CDR_CDR_000142,INGESTION_PIPELINE,RULE_BASED_EXTRACTOR,v1.0,True
REL_000143,P_03030,Person,P_02512,Person,CALLS,2026-05-20T20:26:24,2026-05-20T20:26:24,2026-05-20T20:26:24,2026-05-20T20:26:24,1,0.95,observed,EVI_CDR_CDR_000143,INGESTION_PIPELINE,RULE_BASED_EXTRACTOR,v1.0,True
REL_000144,P_01608,Person,P_01444,Person,CALLS,2026-04-11T09:11:22,2026-04-11T09:11:22,2026-04-11T09:11:22,2026-04-11T09:11:22,1,0.95,observed,EVI_CDR_CDR_000144,INGESTION_PIPELINE,RULE_BASED_EXTRACTOR,v1.0,True
REL_000145,P_02549,Person,P_04892,Person,CALLS,2027-08-09T06:30:05,2027-08-09T06:30:05,2027-08-09T06:30:05,2027-08-09T06:30:05,1,0.95,observed,EVI_CDR_CDR_000145,INGESTION_PIPELINE,RULE_BASED_EXTRACTOR,v1.0,True
REL_000146,P_03076,Person,P_03607,Person,CALLS,2025-01-13T08:34:30,2025-01-13T08:34:30,2025-01-13T08:34:30,2025-01-13T08:34:30,1,0.95,observed,EVI_CDR_CDR_000146,INGESTION_PIPELINE,RULE_BASED_EXTRACTOR,v1.0,True
REL_000147,P_02603,Person,P_01784,Person,CALLS,2027-09-24T18:05:07,2027-09-24T18:05:07,2027-09-24T18:05:07,2027-09-24T18:05:07,1,0.95,observed,EVI_CDR_CDR_000147,INGESTION_PIPELINE,RULE_BASED_EXTRACTOR,v1.0,True
REL_000148,P_00208,Person,P_02041,Person,CALLS,2027-03-23T07:19:25,2027-03-23T07:19:25,2027-03-23T07:19:25,2027-03-23T07:19:25,1,0.95,observed,EVI_CDR_CDR_000148,INGESTION_PIPELINE,RULE_BASED_EXTRACTOR,v1.0,True
REL_000149,P_04195,Person,P_01203,Person,CALLS,2025-07-08T20:39:24,2025-07-08T20:39:24,2025-07-08T20:39:24,2025-07-08T20:39:24,1,0.95,observed,EVI_CDR_CDR_000149,INGESTION_PIPELINE,RULE_BASED_EXTRACTOR,v1.0,True
REL_000150,P_03700,Person,P_00375,Person,CALLS,2026-03-14T07:25:24,2026-03-14T07:25:24,2026-03-14T07:25:24,2026-03-14T07:25:24,1,0.95,observed,EVI_CDR_CDR_000150,INGESTION_PIPELINE,RULE_BASED_EXTRACTOR,v1.0,True
REL_000151,P_00496,Person,P_04418,Person,CALLS,2026-04-01T03:23:16,2026-04-01T03:23:16,2026-04-01T03:23:16,2026-04-01T03:23:16,1,0.95,observed,EVI_CDR_CDR_000151,INGESTION_PIPELINE,RULE_BASED_EXTRACTOR,v1.0,True
REL_000152,P_00365,Person,P_03540,Person,CALLS,2025-04-17T15:00:08,2025-04-17T15:00:08,2025-04-17T15:00:08,2025-04-17T15:00:08,1,0.95,observed,EVI_CDR_CDR_000152,INGESTION_PIPELINE,RULE_BASED_EXTRACTOR,v1.0,True
REL_000153,P_04178,Person,P_02728,Person,CALLS,2026-03-18T20:11:50,2026-03-18T20:11:50,2026-03-18T20:11:50,2026-03-18T20:11:50,1,0.95,observed,EVI_CDR_CDR_000153,INGESTION_PIPELINE,RULE_BASED_EXTRACTOR,v1.0,True
REL_000154,P_01118,Person,P_01742,Person,CALLS,2025-04-04T13:34:03,2025-04-04T13:34:03,2025-04-04T13:34:03,2025-04-04T13:34:03,1,0.95,observed,EVI_CDR_CDR_000154,INGESTION_PIPELINE,RULE_BASED_EXTRACTOR,v1.0,True
REL_000155,P_01699,Person,P_03335,Person,CALLS,2026-05-13T12:14:17,2026-05-13T12:14:17,2026-05-13T12:14:17,2026-05-13T12:14:17,1,0.95,observed,EVI_CDR_CDR_000155,INGESTION_PIPELINE,RULE_BASED_EXTRACTOR,v1.0,True
REL_000156,P_00815,Person,P_03129,Person,CALLS,2025-12-29T13:48:12,2025-12-29T13:48:12,2025-12-29T13:48:12,2025-12-29T13:48:12,1,0.95,observed,EVI_CDR_CDR_000156,INGESTION_PIPELINE,RULE_BASED_EXTRACTOR,v1.0,True
REL_000157,P_01764,Person,P_04129,Person,CALLS,2027-04-19T05:00:47,2027-04-19T05:00:47,2027-04-19T05:00:47,2027-04-19T05:00:47,1,0.95,observed,EVI_CDR_CDR_000157,INGESTION_PIPELINE,RULE_BASED_EXTRACTOR,v1.0,True
REL_000158,P_01522,Person,P_02435,Person,CALLS,2027-07-12T04:10:58,2027-07-12T04:10:58,2027-07-12T04:10:58,2027-07-12T04:10:58,1,0.95,observed,EVI_CDR_CDR_000158,INGESTION_PIPELINE,RULE_BASED_EXTRACTOR,v1.0,True
REL_000159,P_04679,Person,P_04350,Person,CALLS,2026-08-04T18:47:01,2026-08-04T18:47:01,2026-08-04T18:47:01,2026-08-04T18:47:01,1,0.95,observed,EVI_CDR_CDR_000159,INGESTION_PIPELINE,RULE_BASED_EXTRACTOR,v1.0,True
REL_000160,P_04794,Person,P_00623,Person,CALLS,2025-03-28T03:40:56,2025-03-28T03:40:56,2025-03-28T03:40:56,2025-03-28T03:40:56,1,0.95,observed,EVI_CDR_CDR_000160,INGESTION_PIPELINE,RULE_BASED_EXTRACTOR,v1.0,True
REL_000161,P_01116,Person,P_03463,Person,CALLS,2025-02-12T04:47:04,2025-02-12T04:47:04,2025-02-12T04:47:04,2025-02-12T04:47:04,1,0.95,observed,EVI_CDR_CDR_000161,INGESTION_PIPELINE,RULE_BASED_EXTRACTOR,v1.0,True
REL_000162,P_04793,Person,P_01360,Person,CALLS,2025-04-28T12:39:42,2025-04-28T12:39:42,2025-04-28T12:39:42,2025-04-28T12:39:42,1,0.95,observed,EVI_CDR_CDR_000162,INGESTION_PIPELINE,RULE_BASED_EXTRACTOR,v1.0,True
REL_000163,P_04004,Person,P_04640,Person,CALLS,2025-04-13T05:36:58,2025-04-13T05:36:58,2025-04-13T05:36:58,2025-04-13T05:36:58,1,0.95,observed,EVI_CDR_CDR_000163,INGESTION_PIPELINE,RULE_BASED_EXTRACTOR,v1.0,True
REL_000164,P_01047,Person,P_00708,Person,CALLS,2025-10-02T07:15:44,2025-10-02T07:15:44,2025-10-02T07:15:44,2025-10-02T07:15:44,1,0.95,observed,EVI_CDR_CDR_000164,INGESTION_PIPELINE,RULE_BASED_EXTRACTOR,v1.0,True
REL_000165,P_00116,Person,P_03323,Person,CALLS,2026-10-20T03:36:46,2026-10-20T03:36:46,2026-10-20T03:36:46,2026-10-20T03:36:46,1,0.95,observed,EVI_CDR_CDR_000165,INGESTION_PIPELINE,RULE_BASED_EXTRACTOR,v1.0,True
REL_000166,P_04465,Person,P_04882,Person,CALLS,2027-06-26T22:00:54,2027-06-26T22:00:54,2027-06-26T22:00:54,2027-06-26T22:00:54,1,0.95,observed,EVI_CDR_CDR_000166,INGESTION_PIPELINE,RULE_BASED_EXTRACTOR,v1.0,True
REL_000167,P_04780,Person,P_00315,Person,CALLS,2025-02-07T08:28:15,2025-02-07T08:28:15,2025-02-07T08:28:15,2025-02-07T08:28:15,1,0.95,observed,EVI_CDR_CDR_000167,INGESTION_PIPELINE,RULE_BASED_EXTRACTOR,v1.0,True
REL_000168,P_03076,Person,P_04830,Person,CALLS,2027-12-13T13:35:15,2027-12-13T13:35:15,2027-12-13T13:35:15,2027-12-13T13:35:15,1,0.95,observed,EVI_CDR_CDR_000168,INGESTION_PIPELINE,RULE_BASED_EXTRACTOR,v1.0,True
REL_000169,P_02281,Person,P_00743,Person,CALLS,2025-04-01T20:54:03,2025-04-01T20:54:03,2025-04-01T20:54:03,2025-04-01T20:54:03,1,0.95,observed,EVI_CDR_CDR_000169,INGESTION_PIPELINE,RULE_BASED_EXTRACTOR,v1.0,True
REL_000170,P_04421,Person,P_01076,Person,CALLS,2025-04-10T08:31:32,2025-04-10T08:31:32,2025-04-10T08:31:32,2025-04-10T08:31:32,1,0.95,observed,EVI_CDR_CDR_000170,INGESTION_PIPELINE,RULE_BASED_EXTRACTOR,v1.0,True
REL_000171,P_02430,Person,P_04640,Person,CALLS,2027-06-09T17:32:36,2027-06-09T17:32:36,2027-06-09T17:32:36,2027-06-09T17:32:36,1,0.95,observed,EVI_CDR_CDR_000171,INGESTION_PIPELINE,RULE_BASED_EXTRACTOR,v1.0,True
REL_000172,P_04001,Person,P_04932,Person,CALLS,2026-07-30T13:46:55,2026-07-30T13:46:55,2026-07-30T13:46:55,2026-07-30T13:46:55,1,0.95,observed,EVI_CDR_CDR_000172,INGESTION_PIPELINE,RULE_BASED_EXTRACTOR,v1.0,True
REL_000173,P_03208,Person,P_00252,Person,CALLS,2026-06-21T12:17:25,2026-06-21T12:17:25,2026-06-21T12:17:25,2026-06-21T12:17:25,1,0.95,observed,EVI_CDR_CDR_000173,INGESTION_PIPELINE,RULE_BASED_EXTRACTOR,v1.0,True
REL_000174,P_00960,Person,P_03723,Person,CALLS,2026-04-11T09:11:22,2026-04-11T09:11:22,2026-04-11T09:11:22,2026-04-11T09:11:22,1,0.95,observed,EVI_CDR_CDR_000174,INGESTION_PIPELINE,RULE_BASED_EXTRACTOR,v1.0,True
REL_000175,P_01606,Person,P_01167,Person,CALLS,2027-12-15T19:49:21,2027-12-15T19:49:21,2027-12-15T19:49:21,2027-12-15T19:49:21,1,0.95,observed,EVI_CDR_CDR_000175,INGESTION_PIPELINE,RULE_BASED_EXTRACTOR,v1.0,True
REL_000176,P_03769,Person,P_00372,Person,CALLS,2025-04-28T12:39:42,2025-04-28T12:39:42,2025-04-28T12:39:42,2025-04-28T12:39:42,1,0.95,observed,EVI_CDR_CDR_000176,INGESTION_PIPELINE,RULE_BASED_EXTRACTOR,v1.0,True
REL_000177,P_02740,Person,P_01380,Person,CALLS,2025-10-20T23:49:15,2025-10-20T23:49:15,2025-10-20T23:49:15,2025-10-20T23:49:15,1,0.95,observed,EVI_CDR_CDR_000177,INGESTION_PIPELINE,RULE_BASED_EXTRACTOR,v1.0,True
REL_000178,P_02566,Person,P_04403,Person,CALLS,2026-04-23T13:10:19,2026-04-23T13:10:19,2026-04-23T13:10:19,2026-04-23T13:10:19,1,0.95,observed,EVI_CDR_CDR_000178,INGESTION_PIPELINE,RULE_BASED_EXTRACTOR,v1.0,True
REL_000179,P_03837,Person,P_02202,Person,CALLS,2025-12-23T16:31:13,2025-12-23T16:31:13,2025-12-23T16:31:13,2025-12-23T16:31:13,1,0.95,observed,EVI_CDR_CDR_000179,INGESTION_PIPELINE,RULE_BASED_EXTRACTOR,v1.0,True
REL_000180,P_02571,Person,P_01065,Person,CALLS,2027-09-10T21:25:39,2027-09-10T21:25:39,2027-09-10T21:25:39,2027-09-10T21:25:39,1,0.95,observed,EVI_CDR_CDR_000180,INGESTION_PIPELINE,RULE_BASED_EXTRACTOR,v1.0,True
REL_000181,P_03179,Person,P_03832,Person,CALLS,2026-10-22T22:26:48,2026-10-22T22:26:48,2026-10-22T22:26:48,2026-10-22T22:26:48,1,0.95,observed,EVI_CDR_CDR_000181,INGESTION_PIPELINE,RULE_BASED_EXTRACTOR,v1.0,True
REL_000182,P_04685,Person,P_01486,Person,CALLS,2026-06-12T02:12:03,2026-06-12T02:12:03,2026-06-12T02:12:03,2026-06-12T02:12:03,1,0.95,observed,EVI_CDR_CDR_000182,INGESTION_PIPELINE,RULE_BASED_EXTRACTOR,v1.0,True
REL_000183,P_01573,Person,P_02251,Person,CALLS,2025-07-04T01:44:18,2025-07-04T01:44:18,2025-07-04T01:44:18,2025-07-04T01:44:18,1,0.95,observed,EVI_CDR_CDR_000183,INGESTION_PIPELINE,RULE_BASED_EXTRACTOR,v1.0,True
REL_000184,P_02603,Person,P_04135,Person,CALLS,2027-09-08T07:41:50,2027-09-08T07:41:50,2027-09-08T07:41:50,2027-09-08T07:41:50,1,0.95,observed,EVI_CDR_CDR_000184,INGESTION_PIPELINE,RULE_BASED_EXTRACTOR,v1.0,True
REL_000185,P_03770,Person,P_04742,Person,CALLS,2025-01-18T04:29:59,2025-01-18T04:29:59,2025-01-18T04:29:59,2025-01-18T04:29:59,1,0.95,observed,EVI_CDR_CDR_000185,INGESTION_PIPELINE,RULE_BASED_EXTRACTOR,v1.0,True
REL_000186,P_02668,Person,P_02140,Person,CALLS,2027-03-02T01:49:32,2027-03-02T01:49:32,2027-03-02T01:49:32,2027-03-02T01:49:32,1,0.95,observed,EVI_CDR_CDR_000186,INGESTION_PIPELINE,RULE_BASED_EXTRACTOR,v1.0,True
REL_000187,P_00871,Person,P_01907,Person,CALLS,2025-09-06T00:30:46,2025-09-06T00:30:46,2025-09-06T00:30:46,2025-09-06T00:30:46,1,0.95,observed,EVI_CDR_CDR_000187,INGESTION_PIPELINE,RULE_BASED_EXTRACTOR,v1.0,True
REL_000188,P_01838,Person,P_00382,Person,CALLS,2026-06-09T01:50:58,2026-06-09T01:50:58,2026-06-09T01:50:58,2026-06-09T01:50:58,1,0.95,observed,EVI_CDR_CDR_000188,INGESTION_PIPELINE,RULE_BASED_EXTRACTOR,v1.0,True
REL_000189,P_00425,Person,P_03923,Person,CALLS,2025-07-11T11:38:24,2025-07-11T11:38:24,2025-07-11T11:38:24,2025-07-11T11:38:24,1,0.95,observed,EVI_CDR_CDR_000189,INGESTION_PIPELINE,RULE_BASED_EXTRACTOR,v1.0,True
REL_000190,P_00270,Person,P_04316,Person,CALLS,2026-12-28T23:39:42,2026-12-28T23:39:42,2026-12-28T23:39:42,2026-12-28T23:39:42,1,0.95,observed,EVI_CDR_CDR_000190,INGESTION_PIPELINE,RULE_BASED_EXTRACTOR,v1.0,True
REL_000191,P_01197,Person,P_01231,Person,CALLS,2026-07-29T04:53:09,2026-07-29T04:53:09,2026-07-29T04:53:09,2026-07-29T04:53:09,1,0.95,observed,EVI_CDR_CDR_000191,INGESTION_PIPELINE,RULE_BASED_EXTRACTOR,v1.0,True
REL_000192,P_03234,Person,P_01044,Person,CALLS,2026-01-26T18:54:22,2026-01-26T18:54:22,2026-01-26T18:54:22,2026-01-26T18:54:22,1,0.95,observed,EVI_CDR_CDR_000192,INGESTION_PIPELINE,RULE_BASED_EXTRACTOR,v1.0,True
REL_000193,P_03641,Person,P_03253,Person,CALLS,2025-09-27T17:47:24,2025-09-27T17:47:24,2025-09-27T17:47:24,2025-09-27T17:47:24,1,0.95,observed,EVI_CDR_CDR_000193,INGESTION_PIPELINE,RULE_BASED_EXTRACTOR,v1.0,True
REL_000194,P_00475,Person,P_01838,Person,CALLS,2025-12-19T05:08:57,2025-12-19T05:08:57,2025-12-19T05:08:57,2025-12-19T05:08:57,1,0.95,observed,EVI_CDR_CDR_000194,INGESTION_PIPELINE,RULE_BASED_EXTRACTOR,v1.0,True
REL_000195,P_00539,Person,P_04745,Person,CALLS,2025-06-13T02:08:05,2025-06-13T02:08:05,2025-06-13T02:08:05,2025-06-13T02:08:05,1,0.95,observed,EVI_CDR_CDR_000195,INGESTION_PIPELINE,RULE_BASED_EXTRACTOR,v1.0,True
REL_000196,P_00798,Person,P_04675,Person,CALLS,2026-09-23T13:58:48,2026-09-23T13:58:48,2026-09-23T13:58:48,2026-09-23T13:58:48,1,0.95,observed,EVI_CDR_CDR_000196,INGESTION_PIPELINE,RULE_BASED_EXTRACTOR,v1.0,True
REL_000197,P_01535,Person,P_02551,Person,CALLS,2025-04-09T01:53:59,2025-04-09T01:53:59,2025-04-09T01:53:59,2025-04-09T01:53:59,1,0.95,observed,EVI_CDR_CDR_000197,INGESTION_PIPELINE,RULE_BASED_EXTRACTOR,v1.0,True
REL_000198,P_01218,Person,P_03790,Person,CALLS,2026-02-05T01:39:03,2026-02-05T01:39:03,2026-02-05T01:39:03,2026-02-05T01:39:03,1,0.95,observed,EVI_CDR_CDR_000198,INGESTION_PIPELINE,RULE_BASED_EXTRACTOR,v1.0,True
REL_000199,P_03137,Person,P_02913,Person,CALLS,2026-07-30T20:26:59,2026-07-30T20:26:59,2026-07-30T20:26:59,2026-07-30T20:26:59,1,0.95,observed,EVI_CDR_CDR_000199,INGESTION_PIPELINE,RULE_BASED_EXTRACTOR,v1.0,True
REL_000200,P_03188,Person,P_03636,Person,CALLS,2026-08-21T13:03:32,2026-08-21T13:03:32,2026-08-21T13:03:32,2026-08-21T13:03:32,1,0.95,observed,EVI_CDR_CDR_000200,INGESTION_PIPELINE,RULE_BASED_EXTRACTOR,v1.0,True
REL_000201,P_00800,Person,P_04004,Person,CALLS,2027-08-24T16:00:37,2027-08-24T16:00:37,2027-08-24T16:00:37,2027-08-24T16:00:37,1,0.95,observed,EVI_CDR_CDR_000201,INGESTION_PIPELINE,RULE_BASED_EXTRACTOR,v1.0,True
REL_000202,P_00513,Person,P_04503,Person,CALLS,2025-01-18T20:05:05,2025-01-18T20:05:05,2025-01-18T20:05:05,2025-01-18T20:05:05,1,0.95,observed,EVI_CDR_CDR_000202,INGESTION_PIPELINE,RULE_BASED_EXTRACTOR,v1.0,True
REL_000203,P_01448,Person,P_02650,Person,CALLS,2026-04-25T09:49:18,2026-04-25T09:49:18,2026-04-25T09:49:18,2026-04-25T09:49:18,1,0.95,observed,EVI_CDR_CDR_000203,INGESTION_PIPELINE,RULE_BASED_EXTRACTOR,v1.0,True
REL_000204,P_02465,Person,P_01741,Person,CALLS,2027-11-21T02:42:00,2027-11-21T02:42:00,2027-11-21T02:42:00,2027-11-21T02:42:00,1,0.95,observed,EVI_CDR_CDR_000204,INGESTION_PIPELINE,RULE_BASED_EXTRACTOR,v1.0,True
REL_000205,P_03765,Person,P_01275,Person,CALLS,2025-03-24T12:21:13,2025-03-24T12:21:13,2025-03-24T12:21:13,2025-03-24T12:21:13,1,0.95,observed,EVI_CDR_CDR_000205,INGESTION_PIPELINE,RULE_BASED_EXTRACTOR,v1.0,True
REL_000206,P_00323,Person,P_02631,Person,CALLS,2026-11-20T11:46:03,2026-11-20T11:46:03,2026-11-20T11:46:03,2026-11-20T11:46:03,1,0.95,observed,EVI_CDR_CDR_000206,INGESTION_PIPELINE,RULE_BASED_EXTRACTOR,v1.0,True
REL_000207,P_02051,Person,P_02385,Person,CALLS,2027-06-20T14:51:32,2027-06-20T14:51:32,2027-06-20T14:51:32,2027-06-20T14:51:32,1,0.95,observed,EVI_CDR_CDR_000207,INGESTION_PIPELINE,RULE_BASED_EXTRACTOR,v1.0,True
REL_000208,P_00570,Person,P_00529,Person,CALLS,2025-04-14T10:04:25,2025-04-14T10:04:25,2025-04-14T10:04:25,2025-04-14T10:04:25,1,0.95,observed,EVI_CDR_CDR_000208,INGESTION_PIPELINE,RULE_BASED_EXTRACTOR,v1.0,True
REL_000209,P_02544,Person,P_00459,Person,CALLS,2027-05-24T16:43:37,2027-05-24T16:43:37,2027-05-24T16:43:37,2027-05-24T16:43:37,1,0.95,observed,EVI_CDR_CDR_000209,INGESTION_PIPELINE,RULE_BASED_EXTRACTOR,v1.0,True
REL_000210,P_01240,Person,P_02007,Person,CALLS,2026-05-02T23:33:10,2026-05-02T23:33:10,2026-05-02T23:33:10,2026-05-02T23:33:10,1,0.95,observed,EVI_CDR_CDR_000210,INGESTION_PIPELINE,RULE_BASED_EXTRACTOR,v1.0,True
REL_000211,P_04673,Person,P_00011,Person,CALLS,2025-12-01T04:11:58,2025-12-01T04:11:58,2025-12-01T04:11:58,2025-12-01T04:11:58,1,0.95,observed,EVI_CDR_CDR_000211,INGESTION_PIPELINE,RULE_BASED_EXTRACTOR,v1.0,True
REL_000212,P_00209,Person,P_02972,Person,CALLS,2027-12-15T19:49:21,2027-12-15T19:49:21,2027-12-15T19:49:21,2027-12-15T19:49:21,1,0.95,observed,EVI_CDR_CDR_000212,INGESTION_PIPELINE,RULE_BASED_EXTRACTOR,v1.0,True
REL_000213,P_01787,Person,P_03833,Person,CALLS,2025-07-03T03:40:24,2025-07-03T03:40:24,2025-07-03T03:40:24,2025-07-03T03:40:24,1,0.95,observed,EVI_CDR_CDR_000213,INGESTION_PIPELINE,RULE_BASED_EXTRACTOR,v1.0,True
REL_000214,P_02168,Person,P_04575,Person,CALLS,2025-09-05T15:19:36,2025-09-05T15:19:36,2025-09-05T15:19:36,2025-09-05T15:19:36,1,0.95,observed,EVI_CDR_CDR_000214,INGESTION_PIPELINE,RULE_BASED_EXTRACTOR,v1.0,True
REL_000215,P_02228,Person,P_03857,Person,CALLS,2025-01-06T18:10:10,2025-01-06T18:10:10,2025-01-06T18:10:10,2025-01-06T18:10:10,1,0.95,observed,EVI_CDR_CDR_000215,INGESTION_PIPELINE,RULE_BASED_EXTRACTOR,v1.0,True
REL_000216,P_03402,Person,P_01029,Person,CALLS,2026-05-25T13:10:53,2026-05-25T13:10:53,2026-05-25T13:10:53,2026-05-25T13:10:53,1,0.95,observed,EVI_CDR_CDR_000216,INGESTION_PIPELINE,RULE_BASED_EXTRACTOR,v1.0,True
REL_000217,P_04211,Person,P_04032,Person,CALLS,2027-02-17T07:32:56,2027-02-17T07:32:56,2027-02-17T07:32:56,2027-02-17T07:32:56,1,0.95,observed,EVI_CDR_CDR_000217,INGESTION_PIPELINE,RULE_BASED_EXTRACTOR,v1.0,True
REL_000218,P_02248,Person,P_04087,Person,CALLS,2027-01-21T10:44:31,2027-01-21T10:44:31,2027-01-21T10:44:31,2027-01-21T10:44:31,1,0.95,observed,EVI_CDR_CDR_000218,INGESTION_PIPELINE,RULE_BASED_EXTRACTOR,v1.0,True
REL_000219,P_00792,Person,P_01364,Person,CALLS,2026-12-26T19:05:42,2026-12-26T19:05:42,2026-12-26T19:05:42,2026-12-26T19:05:42,1,0.95,observed,EVI_CDR_CDR_000219,INGESTION_PIPELINE,RULE_BASED_EXTRACTOR,v1.0,True
REL_000220,P_03376,Person,P_00886,Person,CALLS,2026-08-11T09:29:39,2026-08-11T09:29:39,2026-08-11T09:29:39,2026-08-11T09:29:39,1,0.95,observed,EVI_CDR_CDR_000220,INGESTION_PIPELINE,RULE_BASED_EXTRACTOR,v1.0,True
REL_000221,P_04616,Person,P_02869,Person,CALLS,2025-10-14T21:06:59,2025-10-14T21:06:59,2025-10-14T21:06:59,2025-10-14T21:06:59,1,0.95,observed,EVI_CDR_CDR_000221,INGESTION_PIPELINE,RULE_BASED_EXTRACTOR,v1.0,True
REL_000222,P_00812,Person,P_04854,Person,CALLS,2025-05-10T21:39:53,2025-05-10T21:39:53,2025-05-10T21:39:53,2025-05-10T21:39:53,1,0.95,observed,EVI_CDR_CDR_000222,INGESTION_PIPELINE,RULE_BASED_EXTRACTOR,v1.0,True
REL_000223,P_03002,Person,P_01868,Person,CALLS,2027-07-03T18:43:11,2027-07-03T18:43:11,2027-07-03T18:43:11,2027-07-03T18:43:11,1,0.95,observed,EVI_CDR_CDR_000223,INGESTION_PIPELINE,RULE_BASED_EXTRACTOR,v1.0,True
REL_000224,P_03134,Person,P_01652,Person,CALLS,2026-05-22T11:13:45,2026-05-22T11:13:45,2026-05-22T11:13:45,2026-05-22T11:13:45,1,0.95,observed,EVI_CDR_CDR_000224,INGESTION_PIPELINE,RULE_BASED_EXTRACTOR,v1.0,True
REL_000225,P_01515,Person,P_01871,Person,CALLS,2027-11-25T06:30:16,2027-11-25T06:30:16,2027-11-25T06:30:16,2027-11-25T06:30:16,1,0.95,observed,EVI_CDR_CDR_000225,INGESTION_PIPELINE,RULE_BASED_EXTRACTOR,v1.0,True
REL_000226,P_02545,Person,P_02772,Person,CALLS,2026-04-24T12:50:10,2026-04-24T12:50:10,2026-04-24T12:50:10,2026-04-24T12:50:10,1,0.95,observed,EVI_CDR_CDR_000226,INGESTION_PIPELINE,RULE_BASED_EXTRACTOR,v1.0,True
REL_000227,P_02924,Person,P_01188,Person,CALLS,2026-04-22T07:46:50,2026-04-22T07:46:50,2026-04-22T07:46:50,2026-04-22T07:46:50,1,0.95,observed,EVI_CDR_CDR_000227,INGESTION_PIPELINE,RULE_BASED_EXTRACTOR,v1.0,True
REL_000228,P_01846,Person,P_02220,Person,CALLS,2025-02-07T08:28:15,2025-02-07T08:28:15,2025-02-07T08:28:15,2025-02-07T08:28:15,1,0.95,observed,EVI_CDR_CDR_000228,INGESTION_PIPELINE,RULE_BASED_EXTRACTOR,v1.0,True
REL_000229,P_03933,Person,P_00162,Person,CALLS,2027-08-13T10:07:14,2027-08-13T10:07:14,2027-08-13T10:07:14,2027-08-13T10:07:14,1,0.95,observed,EVI_CDR_CDR_000229,INGESTION_PIPELINE,RULE_BASED_EXTRACTOR,v1.0,True
REL_000230,P_00075,Person,P_01835,Person,CALLS,2027-01-05T17:04:47,2027-01-05T17:04:47,2027-01-05T17:04:47,2027-01-05T17:04:47,1,0.95,observed,EVI_CDR_CDR_000230,INGESTION_PIPELINE,RULE_BASED_EXTRACTOR,v1.0,True
REL_000231,P_00635,Person,P_01212,Person,CALLS,2027-04-19T21:42:28,2027-04-19T21:42:28,2027-04-19T21:42:28,2027-04-19T21:42:28,1,0.95,observed,EVI_CDR_CDR_000231,INGESTION_PIPELINE,RULE_BASED_EXTRACTOR,v1.0,True
REL_000232,P_01766,Person,P_01028,Person,CALLS,2026-12-18T12:04:40,2026-12-18T12:04:40,2026-12-18T12:04:40,2026-12-18T12:04:40,1,0.95,observed,EVI_CDR_CDR_000232,INGESTION_PIPELINE,RULE_BASED_EXTRACTOR,v1.0,True
REL_000233,P_02024,Person,P_03227,Person,CALLS,2026-04-23T13:10:19,2026-04-23T13:10:19,2026-04-23T13:10:19,2026-04-23T13:10:19,1,0.95,observed,EVI_CDR_CDR_000233,INGESTION_PIPELINE,RULE_BASED_EXTRACTOR,v1.0,True
REL_000234,P_00323,Person,P_04863,Person,CALLS,2026-01-24T11:48:37,2026-01-24T11:48:37,2026-01-24T11:48:37,2026-01-24T11:48:37,1,0.95,observed,EVI_CDR_CDR_000234,INGESTION_PIPELINE,RULE_BASED_EXTRACTOR,v1.0,True
REL_000235,P_01000,Person,P_04923,Person,CALLS,2025-04-10T22:01:16,2025-04-10T22:01:16,2025-04-10T22:01:16,2025-04-10T22:01:16,1,0.95,observed,EVI_CDR_CDR_000235,INGESTION_PIPELINE,RULE_BASED_EXTRACTOR,v1.0,True
REL_000236,P_04409,Person,P_04035,Person,CALLS,2027-02-01T07:57:48,2027-02-01T07:57:48,2027-02-01T07:57:48,2027-02-01T07:57:48,1,0.95,observed,EVI_CDR_CDR_000236,INGESTION_PIPELINE,RULE_BASED_EXTRACTOR,v1.0,True
REL_000237,P_00089,Person,P_03942,Person,CALLS,2027-06-24T07:56:00,2027-06-24T07:56:00,2027-06-24T07:56:00,2027-06-24T07:56:00,1,0.95,observed,EVI_CDR_CDR_000237,INGESTION_PIPELINE,RULE_BASED_EXTRACTOR,v1.0,True
REL_000238,P_04903,Person,P_04378,Person,CALLS,2025-04-05T17:14:30,2025-04-05T17:14:30,2025-04-05T17:14:30,2025-04-05T17:14:30,1,0.95,observed,EVI_CDR_CDR_000238,INGESTION_PIPELINE,RULE_BASED_EXTRACTOR,v1.0,True
REL_000239,P_04185,Person,P_02938,Person,CALLS,2027-12-20T11:33:08,2027-12-20T11:33:08,2027-12-20T11:33:08,2027-12-20T11:33:08,1,0.95,observed,EVI_CDR_CDR_000239,INGESTION_PIPELINE,RULE_BASED_EXTRACTOR,v1.0,True
REL_000240,P_04240,Person,P_04504,Person,CALLS,2025-01-05T14:55:36,2025-01-05T14:55:36,2025-01-05T14:55:36,2025-01-05T14:55:36,1,0.95,observed,EVI_CDR_CDR_000240,INGESTION_PIPELINE,RULE_BASED_EXTRACTOR,v1.0,True
REL_000241,P_02547,Person,P_00215,Person,CALLS,2025-03-15T16:27:13,2025-03-15T16:27:13,2025-03-15T16:27:13,2025-03-15T16:27:13,1,0.95,observed,EVI_CDR_CDR_000241,INGESTION_PIPELINE,RULE_BASED_EXTRACTOR,v1.0,True
REL_000242,P_02660,Person,P_03420,Person,CALLS,2027-04-13T16:24:09,2027-04-13T16:24:09,2027-04-13T16:24:09,2027-04-13T16:24:09,1,0.95,observed,EVI_CDR_CDR_000242,INGESTION_PIPELINE,RULE_BASED_EXTRACTOR,v1.0,True
REL_000243,P_03211,Person,P_02930,Person,CALLS,2025-03-09T06:54:38,2025-03-09T06:54:38,2025-03-09T06:54:38,2025-03-09T06:54:38,1,0.95,observed,EVI_CDR_CDR_000243,INGESTION_PIPELINE,RULE_BASED_EXTRACTOR,v1.0,True
REL_000244,P_00968,Person,P_00025,Person,CALLS,2027-11-11T03:43:16,2027-11-11T03:43:16,2027-11-11T03:43:16,2027-11-11T03:43:16,1,0.95,observed,EVI_CDR_CDR_000244,INGESTION_PIPELINE,RULE_BASED_EXTRACTOR,v1.0,True
REL_000245,P_02864,Person,P_04350,Person,CALLS,2025-04-14T13:48:15,2025-04-14T13:48:15,2025-04-14T13:48:15,2025-04-14T13:48:15,1,0.95,observed,EVI_CDR_CDR_000245,INGESTION_PIPELINE,RULE_BASED_EXTRACTOR,v1.0,True
REL_000246,P_04868,Person,P_03810,Person,CALLS,2025-09-05T15:19:36,2025-09-05T15:19:36,2025-09-05T15:19:36,2025-09-05T15:19:36,1,0.95,observed,EVI_CDR_CDR_000246,INGESTION_PIPELINE,RULE_BASED_EXTRACTOR,v1.0,True
REL_000247,P_01621,Person,P_03260,Person,CALLS,2025-01-20T20:29:52,2025-01-20T20:29:52,2025-01-20T20:29:52,2025-01-20T20:29:52,1,0.95,observed,EVI_CDR_CDR_000247,INGESTION_PIPELINE,RULE_BASED_EXTRACTOR,v1.0,True
REL_000248,P_03457,Person,P_00949,Person,CALLS,2027-07-20T09:37:51,2027-07-20T09:37:51,2027-07-20T09:37:51,2027-07-20T09:37:51,1,0.95,observed,EVI_CDR_CDR_000248,INGESTION_PIPELINE,RULE_BASED_EXTRACTOR,v1.0,True
REL_000249,P_01796,Person,P_01476,Person,CALLS,2027-07-10T05:15:20,2027-07-10T05:15:20,2027-07-10T05:15:20,2027-07-10T05:15:20,1,0.95,observed,EVI_CDR_CDR_000249,INGESTION_PIPELINE,RULE_BASED_EXTRACTOR,v1.0,True
REL_000250,P_02218,Person,P_03066,Person,CALLS,2026-06-26T06:10:41,2026-06-26T06:10:41,2026-06-26T06:10:41,2026-06-26T06:10:41,1,0.95,observed,EVI_CDR_CDR_000250,INGESTION_PIPELINE,RULE_BASED_EXTRACTOR,v1.0,True
REL_000251,P_02983,Person,P_04395,Person,CALLS,2026-06-03T14:35:38,2026-06-03T14:35:38,2026-06-03T14:35:38,2026-06-03T14:35:38,1,0.95,observed,EVI_CDR_CDR_000251,INGESTION_PIPELINE,RULE_BASED_EXTRACTOR,v1.0,True
REL_000252,P_00626,Person,P_03712,Person,CALLS,2025-04-24T14:47:51,2025-04-24T14:47:51,2025-04-24T14:47:51,2025-04-24T14:47:51,1,0.95,observed,EVI_CDR_CDR_000252,INGESTION_PIPELINE,RULE_BASED_EXTRACTOR,v1.0,True
REL_000253,P_00789,Person,P_01188,Person,CALLS,2027-04-05T17:18:16,2027-04-05T17:18:16,2027-04-05T17:18:16,2027-04-05T17:18:16,1,0.95,observed,EVI_CDR_CDR_000253,INGESTION_PIPELINE,RULE_BASED_EXTRACTOR,v1.0,True
REL_000254,P_02641,Person,P_04742,Person,CALLS,2027-05-23T18:51:29,2027-05-23T18:51:29,2027-05-23T18:51:29,2027-05-23T18:51:29,1,0.95,observed,EVI_CDR_CDR_000254,INGESTION_PIPELINE,RULE_BASED_EXTRACTOR,v1.0,True
REL_000255,P_04384,Person,P_01446,Person,CALLS,2027-05-23T02:51:19,2027-05-23T02:51:19,2027-05-23T02:51:19,2027-05-23T02:51:19,1,0.95,observed,EVI_CDR_CDR_000255,INGESTION_PIPELINE,RULE_BASED_EXTRACTOR,v1.0,True
REL_000256,P_01693,Person,P_04283,Person,CALLS,2027-03-11T13:07:57,2027-03-11T13:07:57,2027-03-11T13:07:57,2027-03-11T13:07:57,1,0.95,observed,EVI_CDR_CDR_000256,INGESTION_PIPELINE,RULE_BASED_EXTRACTOR,v1.0,True
REL_000257,P_04827,Person,P_03190,Person,CALLS,2026-06-08T07:49:59,2026-06-08T07:49:59,2026-06-08T07:49:59,2026-06-08T07:49:59,1,0.95,observed,EVI_CDR_CDR_000257,INGESTION_PIPELINE,RULE_BASED_EXTRACTOR,v1.0,True
REL_000258,P_02199,Person,P_04002,Person,CALLS,2026-06-04T00:57:22,2026-06-04T00:57:22,2026-06-04T00:57:22,2026-06-04T00:57:22,1,0.95,observed,EVI_CDR_CDR_000258,INGESTION_PIPELINE,RULE_BASED_EXTRACTOR,v1.0,True
REL_000259,P_00674,Person,P_02228,Person,CALLS,2026-08-11T03:44:07,2026-08-11T03:44:07,2026-08-11T03:44:07,2026-08-11T03:44:07,1,0.95,observed,EVI_CDR_CDR_000259,INGESTION_PIPELINE,RULE_BASED_EXTRACTOR,v1.0,True
REL_000260,P_04155,Person,P_04900,Person,CALLS,2025-06-09T04:58:47,2025-06-09T04:58:47,2025-06-09T04:58:47,2025-06-09T04:58:47,1,0.95,observed,EVI_CDR_CDR_000260,INGESTION_PIPELINE,RULE_BASED_EXTRACTOR,v1.0,True
REL_000261,P_02188,Person,P_02934,Person,CALLS,2025-08-23T10:58:49,2025-08-23T10:58:49,2025-08-23T10:58:49,2025-08-23T10:58:49,1,0.95,observed,EVI_CDR_CDR_000261,INGESTION_PIPELINE,RULE_BASED_EXTRACTOR,v1.0,True
REL_000262,P_01091,Person,P_01534,Person,CALLS,2027-04-03T14:45:20,2027-04-03T14:45:20,2027-04-03T14:45:20,2027-04-03T14:45:20,1,0.95,observed,EVI_CDR_CDR_000262,INGESTION_PIPELINE,RULE_BASED_EXTRACTOR,v1.0,True
REL_000263,P_00474,Person,P_00993,Person,CALLS,2026-12-28T23:39:42,2026-12-28T23:39:42,2026-12-28T23:39:42,2026-12-28T23:39:42,1,0.95,observed,EVI_CDR_CDR_000263,INGESTION_PIPELINE,RULE_BASED_EXTRACTOR,v1.0,True
REL_000264,P_04461,Person,P_04194,Person,CALLS,2027-12-16T23:00:02,2027-12-16T23:00:02,2027-12-16T23:00:02,2027-12-16T23:00:02,1,0.95,observed,EVI_CDR_CDR_000264,INGESTION_PIPELINE,RULE_BASED_EXTRACTOR,v1.0,True
REL_000265,P_04004,Person,P_04639,Person,CALLS,2026-01-01T12:48:25,2026-01-01T12:48:25,2026-01-01T12:48:25,2026-01-01T12:48:25,1,0.95,observed,EVI_CDR_CDR_000265,INGESTION_PIPELINE,RULE_BASED_EXTRACTOR,v1.0,True
REL_000266,P_00992,Person,P_04042,Person,CALLS,2026-07-24T08:06:28,2026-07-24T08:06:28,2026-07-24T08:06:28,2026-07-24T08:06:28,1,0.95,observed,EVI_CDR_CDR_000266,INGESTION_PIPELINE,RULE_BASED_EXTRACTOR,v1.0,True
REL_000267,P_00458,Person,P_01425,Person,CALLS,2026-04-05T13:57:57,2026-04-05T13:57:57,2026-04-05T13:57:57,2026-04-05T13:57:57,1,0.95,observed,EVI_CDR_CDR_000267,INGESTION_PIPELINE,RULE_BASED_EXTRACTOR,v1.0,True
REL_000268,P_00537,Person,P_00775,Person,CALLS,2026-05-25T08:44:59,2026-05-25T08:44:59,2026-05-25T08:44:59,2026-05-25T08:44:59,1,0.95,observed,EVI_CDR_CDR_000268,INGESTION_PIPELINE,RULE_BASED_EXTRACTOR,v1.0,True
REL_000269,P_00225,Person,P_01399,Person,CALLS,2027-01-31T09:54:43,2027-01-31T09:54:43,2027-01-31T09:54:43,2027-01-31T09:54:43,1,0.95,observed,EVI_CDR_CDR_000269,INGESTION_PIPELINE,RULE_BASED_EXTRACTOR,v1.0,True
REL_000270,P_01513,Person,P_02319,Person,CALLS,2025-12-29T20:04:20,2025-12-29T20:04:20,2025-12-29T20:04:20,2025-12-29T20:04:20,1,0.95,observed,EVI_CDR_CDR_000270,INGESTION_PIPELINE,RULE_BASED_EXTRACTOR,v1.0,True
REL_000271,P_03312,Person,P_01846,Person,CALLS,2027-12-05T13:29:27,2027-12-05T13:29:27,2027-12-05T13:29:27,2027-12-05T13:29:27,1,0.95,observed,EVI_CDR_CDR_000271,INGESTION_PIPELINE,RULE_BASED_EXTRACTOR,v1.0,True
REL_000272,P_01858,Person,P_04807,Person,CALLS,2027-04-15T20:33:09,2027-04-15T20:33:09,2027-04-15T20:33:09,2027-04-15T20:33:09,1,0.95,observed,EVI_CDR_CDR_000272,INGESTION_PIPELINE,RULE_BASED_EXTRACTOR,v1.0,True
REL_000273,P_03610,Person,P_02137,Person,CALLS,2025-03-28T03:40:56,2025-03-28T03:40:56,2025-03-28T03:40:56,2025-03-28T03:40:56,1,0.95,observed,EVI_CDR_CDR_000273,INGESTION_PIPELINE,RULE_BASED_EXTRACTOR,v1.0,True
REL_000274,P_03496,Person,P_04475,Person,CALLS,2025-11-06T11:44:51,2025-11-06T11:44:51,2025-11-06T11:44:51,2025-11-06T11:44:51,1,0.95,observed,EVI_CDR_CDR_000274,INGESTION_PIPELINE,RULE_BASED_EXTRACTOR,v1.0,True
REL_000275,P_00021,Person,P_03531,Person,CALLS,2027-04-18T19:18:34,2027-04-18T19:18:34,2027-04-18T19:18:34,2027-04-18T19:18:34,1,0.95,observed,EVI_CDR_CDR_000275,INGESTION_PIPELINE,RULE_BASED_EXTRACTOR,v1.0,True
REL_000276,P_04002,Person,P_03170,Person,CALLS,2025-05-12T07:37:40,2025-05-12T07:37:40,2025-05-12T07:37:40,2025-05-12T07:37:40,1,0.95,observed,EVI_CDR_CDR_000276,INGESTION_PIPELINE,RULE_BASED_EXTRACTOR,v1.0,True
REL_000277,P_01037,Person,P_02740,Person,CALLS,2025-12-26T18:29:10,2025-12-26T18:29:10,2025-12-26T18:29:10,2025-12-26T18:29:10,1,0.95,observed,EVI_CDR_CDR_000277,INGESTION_PIPELINE,RULE_BASED_EXTRACTOR,v1.0,True
REL_000278,P_03175,Person,P_04289,Person,CALLS,2026-02-23T07:13:15,2026-02-23T07:13:15,2026-02-23T07:13:15,2026-02-23T07:13:15,1,0.95,observed,EVI_CDR_CDR_000278,INGESTION_PIPELINE,RULE_BASED_EXTRACTOR,v1.0,True
REL_000279,P_03737,Person,P_01350,Person,CALLS,2026-04-08T08:10:51,2026-04-08T08:10:51,2026-04-08T08:10:51,2026-04-08T08:10:51,1,0.95,observed,EVI_CDR_CDR_000279,INGESTION_PIPELINE,RULE_BASED_EXTRACTOR,v1.0,True
REL_000280,P_03945,Person,P_02789,Person,CALLS,2025-05-24T10:32:21,2025-05-24T10:32:21,2025-05-24T10:32:21,2025-05-24T10:32:21,1,0.95,observed,EVI_CDR_CDR_000280,INGESTION_PIPELINE,RULE_BASED_EXTRACTOR,v1.0,True
REL_000281,P_01504,Person,P_00191,Person,CALLS,2027-01-17T20:20:33,2027-01-17T20:20:33,2027-01-17T20:20:33,2027-01-17T20:20:33,1,0.95,observed,EVI_CDR_CDR_000281,INGESTION_PIPELINE,RULE_BASED_EXTRACTOR,v1.0,True
REL_000282,P_03731,Person,P_02093,Person,CALLS,2025-08-07T12:01:28,2025-08-07T12:01:28,2025-08-07T12:01:28,2025-08-07T12:01:28,1,0.95,observed,EVI_CDR_CDR_000282,INGESTION_PIPELINE,RULE_BASED_EXTRACTOR,v1.0,True
REL_000283,P_01297,Person,P_03996,Person,CALLS,2025-10-01T22:23:04,2025-10-01T22:23:04,2025-10-01T22:23:04,2025-10-01T22:23:04,1,0.95,observed,EVI_CDR_CDR_000283,INGESTION_PIPELINE,RULE_BASED_EXTRACTOR,v1.0,True
REL_000284,P_03336,Person,P_01888,Person,CALLS,2025-11-06T11:44:51,2025-11-06T11:44:51,2025-11-06T11:44:51,2025-11-06T11:44:51,1,0.95,observed,EVI_CDR_CDR_000284,INGESTION_PIPELINE,RULE_BASED_EXTRACTOR,v1.0,True
REL_000285,P_04212,Person,P_00331,Person,CALLS,2026-04-26T12:30:15,2026-04-26T12:30:15,2026-04-26T12:30:15,2026-04-26T12:30:15,1,0.95,observed,EVI_CDR_CDR_000285,INGESTION_PIPELINE,RULE_BASED_EXTRACTOR,v1.0,True
REL_000286,P_04512,Person,P_03615,Person,CALLS,2027-12-16T01:20:52,2027-12-16T01:20:52,2027-12-16T01:20:52,2027-12-16T01:20:52,1,0.95,observed,EVI_CDR_CDR_000286,INGESTION_PIPELINE,RULE_BASED_EXTRACTOR,v1.0,True
REL_000287,P_04128,Person,P_02519,Person,CALLS,2027-07-23T23:13:04,2027-07-23T23:13:04,2027-07-23T23:13:04,2027-07-23T23:13:04,1,0.95,observed,EVI_CDR_CDR_000287,INGESTION_PIPELINE,RULE_BASED_EXTRACTOR,v1.0,True
REL_000288,P_02880,Person,P_04448,Person,CALLS,2026-06-03T14:35:38,2026-06-03T14:35:38,2026-06-03T14:35:38,2026-06-03T14:35:38,1,0.95,observed,EVI_CDR_CDR_000288,INGESTION_PIPELINE,RULE_BASED_EXTRACTOR,v1.0,True
REL_000289,P_02312,Person,P_03442,Person,CALLS,2026-02-03T07:40:53,2026-02-03T07:40:53,2026-02-03T07:40:53,2026-02-03T07:40:53,1,0.95,observed,EVI_CDR_CDR_000289,INGESTION_PIPELINE,RULE_BASED_EXTRACTOR,v1.0,True
REL_000290,P_02206,Person,P_02105,Person,CALLS,2025-01-30T23:57:03,2025-01-30T23:57:03,2025-01-30T23:57:03,2025-01-30T23:57:03,1,0.95,observed,EVI_CDR_CDR_000290,INGESTION_PIPELINE,RULE_BASED_EXTRACTOR,v1.0,True
REL_000291,P_04019,Person,P_03216,Person,CALLS,2025-01-16T09:40:03,2025-01-16T09:40:03,2025-01-16T09:40:03,2025-01-16T09:40:03,1,0.95,observed,EVI_CDR_CDR_000291,INGESTION_PIPELINE,RULE_BASED_EXTRACTOR,v1.0,True
REL_000292,P_01065,Person,P_02059,Person,CALLS,2026-10-17T13:59:54,2026-10-17T13:59:54,2026-10-17T13:59:54,2026-10-17T13:59:54,1,0.95,observed,EVI_CDR_CDR_000292,INGESTION_PIPELINE,RULE_BASED_EXTRACTOR,v1.0,True
REL_000293,P_04874,Person,P_03972,Person,CALLS,2027-06-03T02:10:16,2027-06-03T02:10:16,2027-06-03T02:10:16,2027-06-03T02:10:16,1,0.95,observed,EVI_CDR_CDR_000293,INGESTION_PIPELINE,RULE_BASED_EXTRACTOR,v1.0,True
REL_000294,P_04082,Person,P_00626,Person,CALLS,2026-11-28T13:30:55,2026-11-28T13:30:55,2026-11-28T13:30:55,2026-11-28T13:30:55,1,0.95,observed,EVI_CDR_CDR_000294,INGESTION_PIPELINE,RULE_BASED_EXTRACTOR,v1.0,True
REL_000295,P_04383,Person,P_00193,Person,CALLS,2027-04-12T01:38:50,2027-04-12T01:38:50,2027-04-12T01:38:50,2027-04-12T01:38:50,1,0.95,observed,EVI_CDR_CDR_000295,INGESTION_PIPELINE,RULE_BASED_EXTRACTOR,v1.0,True
REL_000296,P_01956,Person,P_04215,Person,CALLS,2025-04-21T22:10:06,2025-04-21T22:10:06,2025-04-21T22:10:06,2025-04-21T22:10:06,1,0.95,observed,EVI_CDR_CDR_000296,INGESTION_PIPELINE,RULE_BASED_EXTRACTOR,v1.0,True
REL_000297,P_01338,Person,P_04323,Person,CALLS,2025-02-22T15:15:50,2025-02-22T15:15:50,2025-02-22T15:15:50,2025-02-22T15:15:50,1,0.95,observed,EVI_CDR_CDR_000297,INGESTION_PIPELINE,RULE_BASED_EXTRACTOR,v1.0,True
REL_000298,P_04360,Person,P_01241,Person,CALLS,2026-02-10T20:11:07,2026-02-10T20:11:07,2026-02-10T20:11:07,2026-02-10T20:11:07,1,0.95,observed,EVI_CDR_CDR_000298,INGESTION_PIPELINE,RULE_BASED_EXTRACTOR,v1.0,True
REL_000299,P_02439,Person,P_01919,Person,CALLS,2025-11-20T11:40:30,2025-11-20T11:40:30,2025-11-20T11:40:30,2025-11-20T11:40:30,1,0.95,observed,EVI_CDR_CDR_000299,INGESTION_PIPELINE,RULE_BASED_EXTRACTOR,v1.0,True
REL_000300,P_04395,Person,P_00326,Person,CALLS,2025-04-19T12:05:15,2025-04-19T12:05:15,2025-04-19T12:05:15,2025-04-19T12:05:15,1,0.95,observed,EVI_CDR_CDR_000300,INGESTION_PIPELINE,RULE_BASED_EXTRACTOR,v1.0,True
REL_000301,P_04065,Person,P_00044,Person,CALLS,2026-06-18T19:10:13,2026-06-18T19:10:13,2026-06-18T19:10:13,2026-06-18T19:10:13,1,0.95,observed,EVI_CDR_CDR_000301,INGESTION_PIPELINE,RULE_BASED_EXTRACTOR,v1.0,True
REL_000302,P_04310,Person,P_00428,Person,CALLS,2027-07-03T18:43:11,2027-07-03T18:43:11,2027-07-03T18:43:11,2027-07-03T18:43:11,1,0.95,observed,EVI_CDR_CDR_000302,INGESTION_PIPELINE,RULE_BASED_EXTRACTOR,v1.0,True
REL_000303,P_01929,Person,P_03934,Person,CALLS,2025-04-13T05:36:58,2025-04-13T05:36:58,2025-04-13T05:36:58,2025-04-13T05:36:58,1,0.95,observed,EVI_CDR_CDR_000303,INGESTION_PIPELINE,RULE_BASED_EXTRACTOR,v1.0,True
REL_000304,P_03505,Person,P_03170,Person,CALLS,2027-12-17T10:44:12,2027-12-17T10:44:12,2027-12-17T10:44:12,2027-12-17T10:44:12,1,0.95,observed,EVI_CDR_CDR_000304,INGESTION_PIPELINE,RULE_BASED_EXTRACTOR,v1.0,True
REL_000305,P_02911,Person,P_02777,Person,CALLS,2026-03-24T05:37:33,2026-03-24T05:37:33,2026-03-24T05:37:33,2026-03-24T05:37:33,1,0.95,observed,EVI_CDR_CDR_000305,INGESTION_PIPELINE,RULE_BASED_EXTRACTOR,v1.0,True
REL_000306,P_00201,Person,P_02033,Person,CALLS,2027-05-24T16:43:37,2027-05-24T16:43:37,2027-05-24T16:43:37,2027-05-24T16:43:37,1,0.95,observed,EVI_CDR_CDR_000306,INGESTION_PIPELINE,RULE_BASED_EXTRACTOR,v1.0,True
REL_000307,P_04215,Person,P_01178,Person,CALLS,2025-04-15T13:30:29,2025-04-15T13:30:29,2025-04-15T13:30:29,2025-04-15T13:30:29,1,0.95,observed,EVI_CDR_CDR_000307,INGESTION_PIPELINE,RULE_BASED_EXTRACTOR,v1.0,True
REL_000308,P_00291,Person,P_03474,Person,CALLS,2027-01-05T17:04:47,2027-01-05T17:04:47,2027-01-05T17:04:47,2027-01-05T17:04:47,1,0.95,observed,EVI_CDR_CDR_000308,INGESTION_PIPELINE,RULE_BASED_EXTRACTOR,v1.0,True
REL_000309,P_03370,Person,P_02443,Person,CALLS,2026-11-30T09:40:16,2026-11-30T09:40:16,2026-11-30T09:40:16,2026-11-30T09:40:16,1,0.95,observed,EVI_CDR_CDR_000309,INGESTION_PIPELINE,RULE_BASED_EXTRACTOR,v1.0,True
REL_000310,P_02590,Person,P_01517,Person,CALLS,2026-05-26T11:13:12,2026-05-26T11:13:12,2026-05-26T11:13:12,2026-05-26T11:13:12,1,0.95,observed,EVI_CDR_CDR_000310,INGESTION_PIPELINE,RULE_BASED_EXTRACTOR,v1.0,True
REL_000311,P_03676,Person,P_02088,Person,CALLS,2027-10-28T06:52:07,2027-10-28T06:52:07,2027-10-28T06:52:07,2027-10-28T06:52:07,1,0.95,observed,EVI_CDR_CDR_000311,INGESTION_PIPELINE,RULE_BASED_EXTRACTOR,v1.0,True
REL_000312,P_02345,Person,P_04616,Person,CALLS,2026-11-26T02:05:18,2026-11-26T02:05:18,2026-11-26T02:05:18,2026-11-26T02:05:18,1,0.95,observed,EVI_CDR_CDR_000312,INGESTION_PIPELINE,RULE_BASED_EXTRACTOR,v1.0,True
REL_000313,P_04183,Person,P_04388,Person,CALLS,2026-12-12T20:23:05,2026-12-12T20:23:05,2026-12-12T20:23:05,2026-12-12T20:23:05,1,0.95,observed,EVI_CDR_CDR_000313,INGESTION_PIPELINE,RULE_BASED_EXTRACTOR,v1.0,True
REL_000314,P_04935,Person,P_01851,Person,CALLS,2027-11-26T20:17:28,2027-11-26T20:17:28,2027-11-26T20:17:28,2027-11-26T20:17:28,1,0.95,observed,EVI_CDR_CDR_000314,INGESTION_PIPELINE,RULE_BASED_EXTRACTOR,v1.0,True
REL_000315,P_01332,Person,P_00919,Person,CALLS,2025-04-08T14:28:09,2025-04-08T14:28:09,2025-04-08T14:28:09,2025-04-08T14:28:09,1,0.95,observed,EVI_CDR_CDR_000315,INGESTION_PIPELINE,RULE_BASED_EXTRACTOR,v1.0,True
REL_000316,P_03181,Person,P_03335,Person,CALLS,2026-05-06T14:29:58,2026-05-06T14:29:58,2026-05-06T14:29:58,2026-05-06T14:29:58,1,0.95,observed,EVI_CDR_CDR_000316,INGESTION_PIPELINE,RULE_BASED_EXTRACTOR,v1.0,True
REL_000317,P_04326,Person,P_01269,Person,CALLS,2026-04-10T13:54:12,2026-04-10T13:54:12,2026-04-10T13:54:12,2026-04-10T13:54:12,1,0.95,observed,EVI_CDR_CDR_000317,INGESTION_PIPELINE,RULE_BASED_EXTRACTOR,v1.0,True
REL_000318,P_00623,Person,P_03421,Person,CALLS,2026-04-09T07:50:55,2026-04-09T07:50:55,2026-04-09T07:50:55,2026-04-09T07:50:55,1,0.95,observed,EVI_CDR_CDR_000318,INGESTION_PIPELINE,RULE_BASED_EXTRACTOR,v1.0,True
REL_000319,P_04928,Person,P_04476,Person,CALLS,2026-04-04T23:34:56,2026-04-04T23:34:56,2026-04-04T23:34:56,2026-04-04T23:34:56,1,0.95,observed,EVI_CDR_CDR_000319,INGESTION_PIPELINE,RULE_BASED_EXTRACTOR,v1.0,True
REL_000320,P_00101,Person,P_01885,Person,CALLS,2025-07-08T01:54:40,2025-07-08T01:54:40,2025-07-08T01:54:40,2025-07-08T01:54:40,1,0.95,observed,EVI_CDR_CDR_000320,INGESTION_PIPELINE,RULE_BASED_EXTRACTOR,v1.0,True
REL_000321,P_03112,Person,P_01034,Person,CALLS,2026-02-08T05:02:11,2026-02-08T05:02:11,2026-02-08T05:02:11,2026-02-08T05:02:11,1,0.95,observed,EVI_CDR_CDR_000321,INGESTION_PIPELINE,RULE_BASED_EXTRACTOR,v1.0,True
REL_000322,P_03956,Person,P_02935,Person,CALLS,2027-10-11T00:34:12,2027-10-11T00:34:12,2027-10-11T00:34:12,2027-10-11T00:34:12,1,0.95,observed,EVI_CDR_CDR_000322,INGESTION_PIPELINE,RULE_BASED_EXTRACTOR,v1.0,True
REL_000323,P_04875,Person,P_03183,Person,CALLS,2025-10-26T02:48:02,2025-10-26T02:48:02,2025-10-26T02:48:02,2025-10-26T02:48:02,1,0.95,observed,EVI_CDR_CDR_000323,INGESTION_PIPELINE,RULE_BASED_EXTRACTOR,v1.0,True
REL_000324,P_00656,Person,P_02377,Person,CALLS,2026-12-28T01:46:20,2026-12-28T01:46:20,2026-12-28T01:46:20,2026-12-28T01:46:20,1,0.95,observed,EVI_CDR_CDR_000324,INGESTION_PIPELINE,RULE_BASED_EXTRACTOR,v1.0,True
REL_000325,P_01892,Person,P_02395,Person,CALLS,2027-12-24T03:17:26,2027-12-24T03:17:26,2027-12-24T03:17:26,2027-12-24T03:17:26,1,0.95,observed,EVI_CDR_CDR_000325,INGESTION_PIPELINE,RULE_BASED_EXTRACTOR,v1.0,True
REL_000326,P_04255,Person,P_00947,Person,CALLS,2025-04-16T15:40:46,2025-04-16T15:40:46,2025-04-16T15:40:46,2025-04-16T15:40:46,1,0.95,observed,EVI_CDR_CDR_000326,INGESTION_PIPELINE,RULE_BASED_EXTRACTOR,v1.0,True
REL_000327,P_02845,Person,P_03820,Person,CALLS,2027-07-09T07:08:49,2027-07-09T07:08:49,2027-07-09T07:08:49,2027-07-09T07:08:49,1,0.95,observed,EVI_CDR_CDR_000327,INGESTION_PIPELINE,RULE_BASED_EXTRACTOR,v1.0,True
REL_000328,P_02830,Person,P_02036,Person,CALLS,2025-07-07T05:03:22,2025-07-07T05:03:22,2025-07-07T05:03:22,2025-07-07T05:03:22,1,0.95,observed,EVI_CDR_CDR_000328,INGESTION_PIPELINE,RULE_BASED_EXTRACTOR,v1.0,True
REL_000329,P_01946,Person,P_03417,Person,CALLS,2025-04-25T08:33:04,2025-04-25T08:33:04,2025-04-25T08:33:04,2025-04-25T08:33:04,1,0.95,observed,EVI_CDR_CDR_000329,INGESTION_PIPELINE,RULE_BASED_EXTRACTOR,v1.0,True
REL_000330,P_00956,Person,P_02590,Person,CALLS,2027-08-11T11:17:22,2027-08-11T11:17:22,2027-08-11T11:17:22,2027-08-11T11:17:22,1,0.95,observed,EVI_CDR_CDR_000330,INGESTION_PIPELINE,RULE_BASED_EXTRACTOR,v1.0,True
REL_000331,P_01909,Person,P_02865,Person,CALLS,2027-06-01T02:57:26,2027-06-01T02:57:26,2027-06-01T02:57:26,2027-06-01T02:57:26,1,0.95,observed,EVI_CDR_CDR_000331,INGESTION_PIPELINE,RULE_BASED_EXTRACTOR,v1.0,True
REL_000332,P_03099,Person,P_03271,Person,CALLS,2025-02-07T08:28:15,2025-02-07T08:28:15,2025-02-07T08:28:15,2025-02-07T08:28:15,1,0.95,observed,EVI_CDR_CDR_000332,INGESTION_PIPELINE,RULE_BASED_EXTRACTOR,v1.0,True
REL_000333,P_01873,Person,P_00996,Person,CALLS,2027-05-23T05:45:58,2027-05-23T05:45:58,2027-05-23T05:45:58,2027-05-23T05:45:58,1,0.95,observed,EVI_CDR_CDR_000333,INGESTION_PIPELINE,RULE_BASED_EXTRACTOR,v1.0,True
REL_000334,P_02813,Person,P_00717,Person,CALLS,2025-05-23T11:14:59,2025-05-23T11:14:59,2025-05-23T11:14:59,2025-05-23T11:14:59,1,0.95,observed,EVI_CDR_CDR_000334,INGESTION_PIPELINE,RULE_BASED_EXTRACTOR,v1.0,True
REL_000335,P_04402,Person,P_00214,Person,CALLS,2026-04-12T21:23:34,2026-04-12T21:23:34,2026-04-12T21:23:34,2026-04-12T21:23:34,1,0.95,observed,EVI_CDR_CDR_000335,INGESTION_PIPELINE,RULE_BASED_EXTRACTOR,v1.0,True
REL_000336,P_03529,Person,P_02469,Person,CALLS,2026-04-30T13:44:39,2026-04-30T13:44:39,2026-04-30T13:44:39,2026-04-30T13:44:39,1,0.95,observed,EVI_CDR_CDR_000336,INGESTION_PIPELINE,RULE_BASED_EXTRACTOR,v1.0,True
REL_000337,P_00260,Person,P_00677,Person,CALLS,2025-04-11T17:14:54,2025-04-11T17:14:54,2025-04-11T17:14:54,2025-04-11T17:14:54,1,0.95,observed,EVI_CDR_CDR_000337,INGESTION_PIPELINE,RULE_BASED_EXTRACTOR,v1.0,True
REL_000338,P_00449,Person,P_02175,Person,CALLS,2025-03-01T06:14:23,2025-03-01T06:14:23,2025-03-01T06:14:23,2025-03-01T06:14:23,1,0.95,observed,EVI_CDR_CDR_000338,INGESTION_PIPELINE,RULE_BASED_EXTRACTOR,v1.0,True
REL_000339,P_03352,Person,P_01116,Person,CALLS,2026-05-09T15:52:05,2026-05-09T15:52:05,2026-05-09T15:52:05,2026-05-09T15:52:05,1,0.95,observed,EVI_CDR_CDR_000339,INGESTION_PIPELINE,RULE_BASED_EXTRACTOR,v1.0,True
REL_000340,P_04651,Person,P_04898,Person,CALLS,2027-07-25T02:02:11,2027-07-25T02:02:11,2027-07-25T02:02:11,2027-07-25T02:02:11,1,0.95,observed,EVI_CDR_CDR_000340,INGESTION_PIPELINE,RULE_BASED_EXTRACTOR,v1.0,True
REL_000341,P_04782,Person,P_01553,Person,CALLS,2026-06-09T01:50:58,2026-06-09T01:50:58,2026-06-09T01:50:58,2026-06-09T01:50:58,1,0.95,observed,EVI_CDR_CDR_000341,INGESTION_PIPELINE,RULE_BASED_EXTRACTOR,v1.0,True
REL_000342,P_02922,Person,P_02215,Person,CALLS,2025-04-03T14:35:21,2025-04-03T14:35:21,2025-04-03T14:35:21,2025-04-03T14:35:21,1,0.95,observed,EVI_CDR_CDR_000342,INGESTION_PIPELINE,RULE_BASED_EXTRACTOR,v1.0,True
REL_000343,P_00425,Person,P_02976,Person,CALLS,2025-04-17T02:55:00,2025-04-17T02:55:00,2025-04-17T02:55:00,2025-04-17T02:55:00,1,0.95,observed,EVI_CDR_CDR_000343,INGESTION_PIPELINE,RULE_BASED_EXTRACTOR,v1.0,True
REL_000344,P_04994,Person,P_01795,Person,CALLS,2026-08-17T06:57:22,2026-08-17T06:57:22,2026-08-17T06:57:22,2026-08-17T06:57:22,1,0.95,observed,EVI_CDR_CDR_000344,INGESTION_PIPELINE,RULE_BASED_EXTRACTOR,v1.0,True
REL_000345,P_00414,Person,P_00243,Person,CALLS,2026-07-29T04:53:09,2026-07-29T04:53:09,2026-07-29T04:53:09,2026-07-29T04:53:09,1,0.95,observed,EVI_CDR_CDR_000345,INGESTION_PIPELINE,RULE_BASED_EXTRACTOR,v1.0,True
REL_000346,P_00710,Person,P_04352,Person,CALLS,2026-04-22T00:20:31,2026-04-22T00:20:31,2026-04-22T00:20:31,2026-04-22T00:20:31,1,0.95,observed,EVI_CDR_CDR_000346,INGESTION_PIPELINE,RULE_BASED_EXTRACTOR,v1.0,True
REL_000347,P_00304,Person,P_03102,Person,CALLS,2026-12-20T12:12:13,2026-12-20T12:12:13,2026-12-20T12:12:13,2026-12-20T12:12:13,1,0.95,observed,EVI_CDR_CDR_000347,INGESTION_PIPELINE,RULE_BASED_EXTRACTOR,v1.0,True
REL_000348,P_04799,Person,P_03927,Person,CALLS,2025-07-05T05:38:28,2025-07-05T05:38:28,2025-07-05T05:38:28,2025-07-05T05:38:28,1,0.95,observed,EVI_CDR_CDR_000348,INGESTION_PIPELINE,RULE_BASED_EXTRACTOR,v1.0,True
REL_000349,P_00809,Person,P_03696,Person,CALLS,2026-01-13T12:33:57,2026-01-13T12:33:57,2026-01-13T12:33:57,2026-01-13T12:33:57,1,0.95,observed,EVI_CDR_CDR_000349,INGESTION_PIPELINE,RULE_BASED_EXTRACTOR,v1.0,True
REL_000350,P_03170,Person,P_01857,Person,CALLS,2027-03-18T09:33:58,2027-03-18T09:33:58,2027-03-18T09:33:58,2027-03-18T09:33:58,1,0.95,observed,EVI_CDR_CDR_000350,INGESTION_PIPELINE,RULE_BASED_EXTRACTOR,v1.0,True
REL_000351,P_00429,Person,P_00678,Person,CALLS,2026-12-29T19:51:22,2026-12-29T19:51:22,2026-12-29T19:51:22,2026-12-29T19:51:22,1,0.95,observed,EVI_CDR_CDR_000351,INGESTION_PIPELINE,RULE_BASED_EXTRACTOR,v1.0,True
REL_000352,P_03280,Person,P_01730,Person,CALLS,2027-11-09T22:25:28,2027-11-09T22:25:28,2027-11-09T22:25:28,2027-11-09T22:25:28,1,0.95,observed,EVI_CDR_CDR_000352,INGESTION_PIPELINE,RULE_BASED_EXTRACTOR,v1.0,True
REL_000353,P_03182,Person,P_04863,Person,CALLS,2025-04-04T20:08:32,2025-04-04T20:08:32,2025-04-04T20:08:32,2025-04-04T20:08:32,1,0.95,observed,EVI_CDR_CDR_000353,INGESTION_PIPELINE,RULE_BASED_EXTRACTOR,v1.0,True
REL_000354,P_01925,Person,P_00464,Person,CALLS,2027-03-25T23:20:12,2027-03-25T23:20:12,2027-03-25T23:20:12,2027-03-25T23:20:12,1,0.95,observed,EVI_CDR_CDR_000354,INGESTION_PIPELINE,RULE_BASED_EXTRACTOR,v1.0,True
REL_000355,P_00699,Person,P_00162,Person,CALLS,2026-09-20T08:13:01,2026-09-20T08:13:01,2026-09-20T08:13:01,2026-09-20T08:13:01,1,0.95,observed,EVI_CDR_CDR_000355,INGESTION_PIPELINE,RULE_BASED_EXTRACTOR,v1.0,True
REL_000356,P_02074,Person,P_02267,Person,CALLS,2025-04-14T17:37:51,2025-04-14T17:37:51,2025-04-14T17:37:51,2025-04-14T17:37:51,1,0.95,observed,EVI_CDR_CDR_000356,INGESTION_PIPELINE,RULE_BASED_EXTRACTOR,v1.0,True
REL_000357,P_03737,Person,P_03150,Person,CALLS,2026-04-15T11:04:17,2026-04-15T11:04:17,2026-04-15T11:04:17,2026-04-15T11:04:17,1,0.95,observed,EVI_CDR_CDR_000357,INGESTION_PIPELINE,RULE_BASED_EXTRACTOR,v1.0,True
REL_000358,P_04387,Person,P_00596,Person,CALLS,2026-10-10T14:47:05,2026-10-10T14:47:05,2026-10-10T14:47:05,2026-10-10T14:47:05,1,0.95,observed,EVI_CDR_CDR_000358,INGESTION_PIPELINE,RULE_BASED_EXTRACTOR,v1.0,True
REL_000359,P_03016,Person,P_00153,Person,CALLS,2026-06-21T19:51:49,2026-06-21T19:51:49,2026-06-21T19:51:49,2026-06-21T19:51:49,1,0.95,observed,EVI_CDR_CDR_000359,INGESTION_PIPELINE,RULE_BASED_EXTRACTOR,v1.0,True
REL_000360,P_04233,Person,P_02606,Person,CALLS,2025-07-21T09:14:49,2025-07-21T09:14:49,2025-07-21T09:14:49,2025-07-21T09:14:49,1,0.95,observed,EVI_CDR_CDR_000360,INGESTION_PIPELINE,RULE_BASED_EXTRACTOR,v1.0,True
REL_000361,P_01790,Person,P_03943,Person,CALLS,2026-08-22T23:25:19,2026-08-22T23:25:19,2026-08-22T23:25:19,2026-08-22T23:25:19,1,0.95,observed,EVI_CDR_CDR_000361,INGESTION_PIPELINE,RULE_BASED_EXTRACTOR,v1.0,True
REL_000362,P_00502,Person,P_01097,Person,CALLS,2025-07-22T07:01:53,2025-07-22T07:01:53,2025-07-22T07:01:53,2025-07-22T07:01:53,1,0.95,observed,EVI_CDR_CDR_000362,INGESTION_PIPELINE,RULE_BASED_EXTRACTOR,v1.0,True
REL_000363,P_02621,Person,P_00065,Person,CALLS,2027-06-26T22:00:54,2027-06-26T22:00:54,2027-06-26T22:00:54,2027-06-26T22:00:54,1,0.95,observed,EVI_CDR_CDR_000363,INGESTION_PIPELINE,RULE_BASED_EXTRACTOR,v1.0,True
REL_000364,P_00361,Person,P_03197,Person,CALLS,2026-08-23T04:35:51,2026-08-23T04:35:51,2026-08-23T04:35:51,2026-08-23T04:35:51,1,0.95,observed,EVI_CDR_CDR_000364,INGESTION_PIPELINE,RULE_BASED_EXTRACTOR,v1.0,True
REL_000365,P_03896,Person,P_01232,Person,CALLS,2027-02-01T07:57:48,2027-02-01T07:57:48,2027-02-01T07:57:48,2027-02-01T07:57:48,1,0.95,observed,EVI_CDR_CDR_000365,INGESTION_PIPELINE,RULE_BASED_EXTRACTOR,v1.0,True
REL_000366,P_02740,Person,P_02788,Person,CALLS,2027-02-15T01:20:47,2027-02-15T01:20:47,2027-02-15T01:20:47,2027-02-15T01:20:47,1,0.95,observed,EVI_CDR_CDR_000366,INGESTION_PIPELINE,RULE_BASED_EXTRACTOR,v1.0,True
REL_000367,P_01412,Person,P_02431,Person,CALLS,2025-01-13T08:34:30,2025-01-13T08:34:30,2025-01-13T08:34:30,2025-01-13T08:34:30,1,0.95,observed,EVI_CDR_CDR_000367,INGESTION_PIPELINE,RULE_BASED_EXTRACTOR,v1.0,True
REL_000368,P_04407,Person,P_03956,Person,CALLS,2026-03-30T02:01:03,2026-03-30T02:01:03,2026-03-30T02:01:03,2026-03-30T02:01:03,1,0.95,observed,EVI_CDR_CDR_000368,INGESTION_PIPELINE,RULE_BASED_EXTRACTOR,v1.0,True
REL_000369,P_01388,Person,P_01795,Person,CALLS,2025-04-07T06:19:00,2025-04-07T06:19:00,2025-04-07T06:19:00,2025-04-07T06:19:00,1,0.95,observed,EVI_CDR_CDR_000369,INGESTION_PIPELINE,RULE_BASED_EXTRACTOR,v1.0,True
REL_000370,P_02326,Person,P_03578,Person,CALLS,2026-04-10T13:54:12,2026-04-10T13:54:12,2026-04-10T13:54:12,2026-04-10T13:54:12,1,0.95,observed,EVI_CDR_CDR_000370,INGESTION_PIPELINE,RULE_BASED_EXTRACTOR,v1.0,True
REL_000371,P_03051,Person,P_04264,Person,CALLS,2025-12-14T13:29:31,2025-12-14T13:29:31,2025-12-14T13:29:31,2025-12-14T13:29:31,1,0.95,observed,EVI_CDR_CDR_000371,INGESTION_PIPELINE,RULE_BASED_EXTRACTOR,v1.0,True
REL_000372,P_03623,Person,P_01352,Person,CALLS,2025-04-04T19:05:32,2025-04-04T19:05:32,2025-04-04T19:05:32,2025-04-04T19:05:32,1,0.95,observed,EVI_CDR_CDR_000372,INGESTION_PIPELINE,RULE_BASED_EXTRACTOR,v1.0,True
REL_000373,P_02820,Person,P_04264,Person,CALLS,2026-11-01T10:00:48,2026-11-01T10:00:48,2026-11-01T10:00:48,2026-11-01T10:00:48,1,0.95,observed,EVI_CDR_CDR_000373,INGESTION_PIPELINE,RULE_BASED_EXTRACTOR,v1.0,True
REL_000374,P_04759,Person,P_04224,Person,CALLS,2026-04-26T20:48:48,2026-04-26T20:48:48,2026-04-26T20:48:48,2026-04-26T20:48:48,1,0.95,observed,EVI_CDR_CDR_000374,INGESTION_PIPELINE,RULE_BASED_EXTRACTOR,v1.0,True
REL_000375,P_02522,Person,P_00375,Person,CALLS,2026-04-26T12:30:15,2026-04-26T12:30:15,2026-04-26T12:30:15,2026-04-26T12:30:15,1,0.95,observed,EVI_CDR_CDR_000375,INGESTION_PIPELINE,RULE_BASED_EXTRACTOR,v1.0,True
REL_000376,P_03067,Person,P_03413,Person,CALLS,2026-07-04T10:29:22,2026-07-04T10:29:22,2026-07-04T10:29:22,2026-07-04T10:29:22,1,0.95,observed,EVI_CDR_CDR_000376,INGESTION_PIPELINE,RULE_BASED_EXTRACTOR,v1.0,True
REL_000377,P_01299,Person,P_02684,Person,CALLS,2025-10-31T10:59:56,2025-10-31T10:59:56,2025-10-31T10:59:56,2025-10-31T10:59:56,1,0.95,observed,EVI_CDR_CDR_000377,INGESTION_PIPELINE,RULE_BASED_EXTRACTOR,v1.0,True
REL_000378,P_03532,Person,P_04857,Person,CALLS,2026-07-24T19:53:02,2026-07-24T19:53:02,2026-07-24T19:53:02,2026-07-24T19:53:02,1,0.95,observed,EVI_CDR_CDR_000378,INGESTION_PIPELINE,RULE_BASED_EXTRACTOR,v1.0,True
REL_000379,P_01711,Person,P_03636,Person,CALLS,2026-03-21T01:06:09,2026-03-21T01:06:09,2026-03-21T01:06:09,2026-03-21T01:06:09,1,0.95,observed,EVI_CDR_CDR_000379,INGESTION_PIPELINE,RULE_BASED_EXTRACTOR,v1.0,True
REL_000380,P_01846,Person,P_02491,Person,CALLS,2025-11-24T20:51:28,2025-11-24T20:51:28,2025-11-24T20:51:28,2025-11-24T20:51:28,1,0.95,observed,EVI_CDR_CDR_000380,INGESTION_PIPELINE,RULE_BASED_EXTRACTOR,v1.0,True
REL_000381,P_04591,Person,P_03654,Person,CALLS,2025-12-29T13:48:12,2025-12-29T13:48:12,2025-12-29T13:48:12,2025-12-29T13:48:12,1,0.95,observed,EVI_CDR_CDR_000381,INGESTION_PIPELINE,RULE_BASED_EXTRACTOR,v1.0,True
REL_000382,P_00035,Person,P_03384,Person,CALLS,2026-04-22T00:20:31,2026-04-22T00:20:31,2026-04-22T00:20:31,2026-04-22T00:20:31,1,0.95,observed,EVI_CDR_CDR_000382,INGESTION_PIPELINE,RULE_BASED_EXTRACTOR,v1.0,True
REL_000383,P_03805,Person,P_03503,Person,CALLS,2027-02-15T19:04:50,2027-02-15T19:04:50,2027-02-15T19:04:50,2027-02-15T19:04:50,1,0.95,observed,EVI_CDR_CDR_000383,INGESTION_PIPELINE,RULE_BASED_EXTRACTOR,v1.0,True
REL_000384,P_04523,Person,P_04718,Person,CALLS,2027-01-04T04:41:04,2027-01-04T04:41:04,2027-01-04T04:41:04,2027-01-04T04:41:04,1,0.95,observed,EVI_CDR_CDR_000384,INGESTION_PIPELINE,RULE_BASED_EXTRACTOR,v1.0,True
REL_000385,P_04522,Person,P_02854,Person,CALLS,2027-08-14T22:35:51,2027-08-14T22:35:51,2027-08-14T22:35:51,2027-08-14T22:35:51,1,0.95,observed,EVI_CDR_CDR_000385,INGESTION_PIPELINE,RULE_BASED_EXTRACTOR,v1.0,True
REL_000386,P_01186,Person,P_03337,Person,CALLS,2026-05-11T20:05:40,2026-05-11T20:05:40,2026-05-11T20:05:40,2026-05-11T20:05:40,1,0.95,observed,EVI_CDR_CDR_000386,INGESTION_PIPELINE,RULE_BASED_EXTRACTOR,v1.0,True
REL_000387,P_02565,Person,P_03076,Person,CALLS,2026-09-06T19:05:12,2026-09-06T19:05:12,2026-09-06T19:05:12,2026-09-06T19:05:12,1,0.95,observed,EVI_CDR_CDR_000387,INGESTION_PIPELINE,RULE_BASED_EXTRACTOR,v1.0,True
REL_000388,P_00477,Person,P_03935,Person,CALLS,2025-11-09T14:18:22,2025-11-09T14:18:22,2025-11-09T14:18:22,2025-11-09T14:18:22,1,0.95,observed,EVI_CDR_CDR_000388,INGESTION_PIPELINE,RULE_BASED_EXTRACTOR,v1.0,True
REL_000389,P_04043,Person,P_00579,Person,CALLS,2025-05-16T17:31:32,2025-05-16T17:31:32,2025-05-16T17:31:32,2025-05-16T17:31:32,1,0.95,observed,EVI_CDR_CDR_000389,INGESTION_PIPELINE,RULE_BASED_EXTRACTOR,v1.0,True
REL_000390,P_00373,Person,P_00392,Person,CALLS,2027-01-28T09:36:40,2027-01-28T09:36:40,2027-01-28T09:36:40,2027-01-28T09:36:40,1,0.95,observed,EVI_CDR_CDR_000390,INGESTION_PIPELINE,RULE_BASED_EXTRACTOR,v1.0,True
REL_000391,P_01814,Person,P_02694,Person,CALLS,2025-04-10T22:22:14,2025-04-10T22:22:14,2025-04-10T22:22:14,2025-04-10T22:22:14,1,0.95,observed,EVI_CDR_CDR_000391,INGESTION_PIPELINE,RULE_BASED_EXTRACTOR,v1.0,True
REL_000392,P_03662,Person,P_01672,Person,CALLS,2026-07-23T20:29:43,2026-07-23T20:29:43,2026-07-23T20:29:43,2026-07-23T20:29:43,1,0.95,observed,EVI_CDR_CDR_000392,INGESTION_PIPELINE,RULE_BASED_EXTRACTOR,v1.0,True
REL_000393,P_03216,Person,P_02389,Person,CALLS,2026-01-13T12:33:57,2026-01-13T12:33:57,2026-01-13T12:33:57,2026-01-13T12:33:57,1,0.95,observed,EVI_CDR_CDR_000393,INGESTION_PIPELINE,RULE_BASED_EXTRACTOR,v1.0,True
REL_000394,P_01759,Person,P_04445,Person,CALLS,2026-06-27T19:46:16,2026-06-27T19:46:16,2026-06-27T19:46:16,2026-06-27T19:46:16,1,0.95,observed,EVI_CDR_CDR_000394,INGESTION_PIPELINE,RULE_BASED_EXTRACTOR,v1.0,True
REL_000395,P_01275,Person,P_00069,Person,CALLS,2025-06-15T11:25:16,2025-06-15T11:25:16,2025-06-15T11:25:16,2025-06-15T11:25:16,1,0.95,observed,EVI_CDR_CDR_000395,INGESTION_PIPELINE,RULE_BASED_EXTRACTOR,v1.0,True
REL_000396,P_02444,Person,P_00582,Person,CALLS,2027-12-13T13:35:15,2027-12-13T13:35:15,2027-12-13T13:35:15,2027-12-13T13:35:15,1,0.95,observed,EVI_CDR_CDR_000396,INGESTION_PIPELINE,RULE_BASED_EXTRACTOR,v1.0,True
REL_000397,P_04193,Person,P_02510,Person,CALLS,2025-04-10T11:53:43,2025-04-10T11:53:43,2025-04-10T11:53:43,2025-04-10T11:53:43,1,0.95,observed,EVI_CDR_CDR_000397,INGESTION_PIPELINE,RULE_BASED_EXTRACTOR,v1.0,True
REL_000398,P_02925,Person,P_00717,Person,CALLS,2026-10-13T23:39:35,2026-10-13T23:39:35,2026-10-13T23:39:35,2026-10-13T23:39:35,1,0.95,observed,EVI_CDR_CDR_000398,INGESTION_PIPELINE,RULE_BASED_EXTRACTOR,v1.0,True
REL_000399,P_02951,Person,P_02099,Person,CALLS,2027-12-03T19:34:28,2027-12-03T19:34:28,2027-12-03T19:34:28,2027-12-03T19:34:28,1,0.95,observed,EVI_CDR_CDR_000399,INGESTION_PIPELINE,RULE_BASED_EXTRACTOR,v1.0,True
REL_000400,P_01789,Person,P_00538,Person,CALLS,2027-04-11T07:23:44,2027-04-11T07:23:44,2027-04-11T07:23:44,2027-04-11T07:23:44,1,0.95,observed,EVI_CDR_CDR_000400,INGESTION_PIPELINE,RULE_BASED_EXTRACTOR,v1.0,True
REL_000401,P_04939,Person,P_02751,Person,CALLS,2027-11-10T12:19:56,2027-11-10T12:19:56,2027-11-10T12:19:56,2027-11-10T12:19:56,1,0.95,observed,EVI_CDR_CDR_000401,INGESTION_PIPELINE,RULE_BASED_EXTRACTOR,v1.0,True
REL_000402,P_01030,Person,P_00320,Person,CALLS,2025-12-23T16:31:13,2025-12-23T16:31:13,2025-12-23T16:31:13,2025-12-23T16:31:13,1,0.95,observed,EVI_CDR_CDR_000402,INGESTION_PIPELINE,RULE_BASED_EXTRACTOR,v1.0,True
REL_000403,P_01076,Person,P_04071,Person,CALLS,2026-04-25T09:00:06,2026-04-25T09:00:06,2026-04-25T09:00:06,2026-04-25T09:00:06,1,0.95,observed,EVI_CDR_CDR_000403,INGESTION_PIPELINE,RULE_BASED_EXTRACTOR,v1.0,True
REL_000404,P_04977,Person,P_04288,Person,CALLS,2025-11-25T14:42:56,2025-11-25T14:42:56,2025-11-25T14:42:56,2025-11-25T14:42:56,1,0.95,observed,EVI_CDR_CDR_000404,INGESTION_PIPELINE,RULE_BASED_EXTRACTOR,v1.0,True
REL_000405,P_04824,Person,P_02981,Person,CALLS,2026-01-26T18:54:22,2026-01-26T18:54:22,2026-01-26T18:54:22,2026-01-26T18:54:22,1,0.95,observed,EVI_CDR_CDR_000405,INGESTION_PIPELINE,RULE_BASED_EXTRACTOR,v1.0,True
REL_000406,P_00516,Person,P_00809,Person,CALLS,2026-05-04T13:12:56,2026-05-04T13:12:56,2026-05-04T13:12:56,2026-05-04T13:12:56,1,0.95,observed,EVI_CDR_CDR_000406,INGESTION_PIPELINE,RULE_BASED_EXTRACTOR,v1.0,True
REL_000407,P_02969,Person,P_03999,Person,CALLS,2025-11-01T20:06:24,2025-11-01T20:06:24,2025-11-01T20:06:24,2025-11-01T20:06:24,1,0.95,observed,EVI_CDR_CDR_000407,INGESTION_PIPELINE,RULE_BASED_EXTRACTOR,v1.0,True
REL_000408,P_03185,Person,P_01707,Person,CALLS,2026-09-27T23:14:55,2026-09-27T23:14:55,2026-09-27T23:14:55,2026-09-27T23:14:55,1,0.95,observed,EVI_CDR_CDR_000408,INGESTION_PIPELINE,RULE_BASED_EXTRACTOR,v1.0,True
REL_000409,P_00064,Person,P_04657,Person,CALLS,2026-08-22T13:47:54,2026-08-22T13:47:54,2026-08-22T13:47:54,2026-08-22T13:47:54,1,0.95,observed,EVI_CDR_CDR_000409,INGESTION_PIPELINE,RULE_BASED_EXTRACTOR,v1.0,True
REL_000410,P_04932,Person,P_01417,Person,CALLS,2027-06-18T07:32:32,2027-06-18T07:32:32,2027-06-18T07:32:32,2027-06-18T07:32:32,1,0.95,observed,EVI_CDR_CDR_000410,INGESTION_PIPELINE,RULE_BASED_EXTRACTOR,v1.0,True
REL_000411,P_01116,Person,P_03756,Person,CALLS,2026-10-17T04:12:37,2026-10-17T04:12:37,2026-10-17T04:12:37,2026-10-17T04:12:37,1,0.95,observed,EVI_CDR_CDR_000411,INGESTION_PIPELINE,RULE_BASED_EXTRACTOR,v1.0,True
REL_000412,P_02479,Person,P_00352,Person,CALLS,2026-05-02T23:33:10,2026-05-02T23:33:10,2026-05-02T23:33:10,2026-05-02T23:33:10,1,0.95,observed,EVI_CDR_CDR_000412,INGESTION_PIPELINE,RULE_BASED_EXTRACTOR,v1.0,True
REL_000413,P_01685,Person,P_01206,Person,CALLS,2026-06-19T22:55:02,2026-06-19T22:55:02,2026-06-19T22:55:02,2026-06-19T22:55:02,1,0.95,observed,EVI_CDR_CDR_000413,INGESTION_PIPELINE,RULE_BASED_EXTRACTOR,v1.0,True
REL_000414,P_01772,Person,P_04998,Person,CALLS,2027-02-18T07:54:04,2027-02-18T07:54:04,2027-02-18T07:54:04,2027-02-18T07:54:04,1,0.95,observed,EVI_CDR_CDR_000414,INGESTION_PIPELINE,RULE_BASED_EXTRACTOR,v1.0,True
REL_000415,P_00128,Person,P_01576,Person,CALLS,2026-10-22T22:26:48,2026-10-22T22:26:48,2026-10-22T22:26:48,2026-10-22T22:26:48,1,0.95,observed,EVI_CDR_CDR_000415,INGESTION_PIPELINE,RULE_BASED_EXTRACTOR,v1.0,True
REL_000416,P_02625,Person,P_00971,Person,CALLS,2025-10-30T17:53:02,2025-10-30T17:53:02,2025-10-30T17:53:02,2025-10-30T17:53:02,1,0.95,observed,EVI_CDR_CDR_000416,INGESTION_PIPELINE,RULE_BASED_EXTRACTOR,v1.0,True
REL_000417,P_02590,Person,P_01096,Person,CALLS,2026-10-04T07:04:03,2026-10-04T07:04:03,2026-10-04T07:04:03,2026-10-04T07:04:03,1,0.95,observed,EVI_CDR_CDR_000417,INGESTION_PIPELINE,RULE_BASED_EXTRACTOR,v1.0,True
REL_000418,P_01297,Person,P_04480,Person,CALLS,2025-03-27T03:06:28,2025-03-27T03:06:28,2025-03-27T03:06:28,2025-03-27T03:06:28,1,0.95,observed,EVI_CDR_CDR_000418,INGESTION_PIPELINE,RULE_BASED_EXTRACTOR,v1.0,True
REL_000419,P_02689,Person,P_03310,Person,CALLS,2026-03-11T05:43:51,2026-03-11T05:43:51,2026-03-11T05:43:51,2026-03-11T05:43:51,1,0.95,observed,EVI_CDR_CDR_000419,INGESTION_PIPELINE,RULE_BASED_EXTRACTOR,v1.0,True
REL_000420,P_04627,Person,P_03708,Person,CALLS,2026-12-23T02:21:51,2026-12-23T02:21:51,2026-12-23T02:21:51,2026-12-23T02:21:51,1,0.95,observed,EVI_CDR_CDR_000420,INGESTION_PIPELINE,RULE_BASED_EXTRACTOR,v1.0,True
REL_000421,P_03877,Person,P_01000,Person,CALLS,2026-09-17T19:20:15,2026-09-17T19:20:15,2026-09-17T19:20:15,2026-09-17T19:20:15,1,0.95,observed,EVI_CDR_CDR_000421,INGESTION_PIPELINE,RULE_BASED_EXTRACTOR,v1.0,True
REL_000422,P_00846,Person,P_02676,Person,CALLS,2027-12-18T09:07:33,2027-12-18T09:07:33,2027-12-18T09:07:33,2027-12-18T09:07:33,1,0.95,observed,EVI_CDR_CDR_000422,INGESTION_PIPELINE,RULE_BASED_EXTRACTOR,v1.0,True
REL_000423,P_00658,Person,P_04702,Person,CALLS,2025-04-18T06:44:27,2025-04-18T06:44:27,2025-04-18T06:44:27,2025-04-18T06:44:27,1,0.95,observed,EVI_CDR_CDR_000423,INGESTION_PIPELINE,RULE_BASED_EXTRACTOR,v1.0,True
REL_000424,P_02026,Person,P_00701,Person,CALLS,2026-08-24T22:10:07,2026-08-24T22:10:07,2026-08-24T22:10:07,2026-08-24T22:10:07,1,0.95,observed,EVI_CDR_CDR_000424,INGESTION_PIPELINE,RULE_BASED_EXTRACTOR,v1.0,True
REL_000425,P_00700,Person,P_03701,Person,CALLS,2025-04-17T15:00:08,2025-04-17T15:00:08,2025-04-17T15:00:08,2025-04-17T15:00:08,1,0.95,observed,EVI_CDR_CDR_000425,INGESTION_PIPELINE,RULE_BASED_EXTRACTOR,v1.0,True
REL_000426,P_03584,Person,P_01934,Person,CALLS,2026-07-24T19:53:02,2026-07-24T19:53:02,2026-07-24T19:53:02,2026-07-24T19:53:02,1,0.95,observed,EVI_CDR_CDR_000426,INGESTION_PIPELINE,RULE_BASED_EXTRACTOR,v1.0,True
REL_000427,P_04027,Person,P_04326,Person,CALLS,2026-06-25T20:31:29,2026-06-25T20:31:29,2026-06-25T20:31:29,2026-06-25T20:31:29,1,0.95,observed,EVI_CDR_CDR_000427,INGESTION_PIPELINE,RULE_BASED_EXTRACTOR,v1.0,True
REL_000428,P_03712,Person,P_04878,Person,CALLS,2025-05-28T23:15:19,2025-05-28T23:15:19,2025-05-28T23:15:19,2025-05-28T23:15:19,1,0.95,observed,EVI_CDR_CDR_000428,INGESTION_PIPELINE,RULE_BASED_EXTRACTOR,v1.0,True
REL_000429,P_00276,Person,P_01766,Person,CALLS,2025-07-22T07:01:53,2025-07-22T07:01:53,2025-07-22T07:01:53,2025-07-22T07:01:53,1,0.95,observed,EVI_CDR_CDR_000429,INGESTION_PIPELINE,RULE_BASED_EXTRACTOR,v1.0,True
REL_000430,P_01286,Person,P_03704,Person,CALLS,2027-07-21T20:04:24,2027-07-21T20:04:24,2027-07-21T20:04:24,2027-07-21T20:04:24,1,0.95,observed,EVI_CDR_CDR_000430,INGESTION_PIPELINE,RULE_BASED_EXTRACTOR,v1.0,True
REL_000431,P_04628,Person,P_04584,Person,CALLS,2026-08-04T18:47:01,2026-08-04T18:47:01,2026-08-04T18:47:01,2026-08-04T18:47:01,1,0.95,observed,EVI_CDR_CDR_000431,INGESTION_PIPELINE,RULE_BASED_EXTRACTOR,v1.0,True
REL_000432,P_00634,Person,P_00096,Person,CALLS,2026-01-10T10:44:56,2026-01-10T10:44:56,2026-01-10T10:44:56,2026-01-10T10:44:56,1,0.95,observed,EVI_CDR_CDR_000432,INGESTION_PIPELINE,RULE_BASED_EXTRACTOR,v1.0,True
REL_000433,P_00695,Person,P_01927,Person,CALLS,2026-02-25T21:15:56,2026-02-25T21:15:56,2026-02-25T21:15:56,2026-02-25T21:15:56,1,0.95,observed,EVI_CDR_CDR_000433,INGESTION_PIPELINE,RULE_BASED_EXTRACTOR,v1.0,True
REL_000434,P_02753,Person,P_01844,Person,CALLS,2027-01-31T09:54:43,2027-01-31T09:54:43,2027-01-31T09:54:43,2027-01-31T09:54:43,1,0.95,observed,EVI_CDR_CDR_000434,INGESTION_PIPELINE,RULE_BASED_EXTRACTOR,v1.0,True
REL_000435,P_03267,Person,P_00017,Person,CALLS,2026-04-24T12:50:10,2026-04-24T12:50:10,2026-04-24T12:50:10,2026-04-24T12:50:10,1,0.95,observed,EVI_CDR_CDR_000435,INGESTION_PIPELINE,RULE_BASED_EXTRACTOR,v1.0,True
REL_000436,P_01091,Person,P_02502,Person,CALLS,2027-03-01T03:20:26,2027-03-01T03:20:26,2027-03-01T03:20:26,2027-03-01T03:20:26,1,0.95,observed,EVI_CDR_CDR_000436,INGESTION_PIPELINE,RULE_BASED_EXTRACTOR,v1.0,True
REL_000437,P_02501,Person,P_04380,Person,CALLS,2027-04-09T22:41:29,2027-04-09T22:41:29,2027-04-09T22:41:29,2027-04-09T22:41:29,1,0.95,observed,EVI_CDR_CDR_000437,INGESTION_PIPELINE,RULE_BASED_EXTRACTOR,v1.0,True
REL_000438,P_02751,Person,P_00981,Person,CALLS,2025-09-05T02:18:12,2025-09-05T02:18:12,2025-09-05T02:18:12,2025-09-05T02:18:12,1,0.95,observed,EVI_CDR_CDR_000438,INGESTION_PIPELINE,RULE_BASED_EXTRACTOR,v1.0,True
REL_000439,P_03175,Person,P_02489,Person,CALLS,2027-01-10T14:34:48,2027-01-10T14:34:48,2027-01-10T14:34:48,2027-01-10T14:34:48,1,0.95,observed,EVI_CDR_CDR_000439,INGESTION_PIPELINE,RULE_BASED_EXTRACTOR,v1.0,True
REL_000440,P_03493,Person,P_04913,Person,CALLS,2025-10-30T04:06:30,2025-10-30T04:06:30,2025-10-30T04:06:30,2025-10-30T04:06:30,1,0.95,observed,EVI_CDR_CDR_000440,INGESTION_PIPELINE,RULE_BASED_EXTRACTOR,v1.0,True
REL_000441,P_01985,Person,P_00968,Person,CALLS,2026-04-10T10:00:02,2026-04-10T10:00:02,2026-04-10T10:00:02,2026-04-10T10:00:02,1,0.95,observed,EVI_CDR_CDR_000441,INGESTION_PIPELINE,RULE_BASED_EXTRACTOR,v1.0,True
REL_000442,P_01731,Person,P_02875,Person,CALLS,2027-09-03T23:44:58,2027-09-03T23:44:58,2027-09-03T23:44:58,2027-09-03T23:44:58,1,0.95,observed,EVI_CDR_CDR_000442,INGESTION_PIPELINE,RULE_BASED_EXTRACTOR,v1.0,True
REL_000443,P_01447,Person,P_00580,Person,CALLS,2027-09-05T11:56:27,2027-09-05T11:56:27,2027-09-05T11:56:27,2027-09-05T11:56:27,1,0.95,observed,EVI_CDR_CDR_000443,INGESTION_PIPELINE,RULE_BASED_EXTRACTOR,v1.0,True
REL_000444,P_02075,Person,P_04503,Person,CALLS,2027-07-25T01:47:08,2027-07-25T01:47:08,2027-07-25T01:47:08,2027-07-25T01:47:08,1,0.95,observed,EVI_CDR_CDR_000444,INGESTION_PIPELINE,RULE_BASED_EXTRACTOR,v1.0,True
REL_000445,P_00858,Person,P_00718,Person,CALLS,2027-04-19T21:42:28,2027-04-19T21:42:28,2027-04-19T21:42:28,2027-04-19T21:42:28,1,0.95,observed,EVI_CDR_CDR_000445,INGESTION_PIPELINE,RULE_BASED_EXTRACTOR,v1.0,True
REL_000446,P_00580,Person,P_04604,Person,CALLS,2026-07-05T22:04:23,2026-07-05T22:04:23,2026-07-05T22:04:23,2026-07-05T22:04:23,1,0.95,observed,EVI_CDR_CDR_000446,INGESTION_PIPELINE,RULE_BASED_EXTRACTOR,v1.0,True
REL_000447,P_01941,Person,P_00265,Person,CALLS,2025-07-13T04:45:54,2025-07-13T04:45:54,2025-07-13T04:45:54,2025-07-13T04:45:54,1,0.95,observed,EVI_CDR_CDR_000447,INGESTION_PIPELINE,RULE_BASED_EXTRACTOR,v1.0,True
REL_000448,P_02977,Person,P_02033,Person,CALLS,2025-02-08T10:32:10,2025-02-08T10:32:10,2025-02-08T10:32:10,2025-02-08T10:32:10,1,0.95,observed,EVI_CDR_CDR_000448,INGESTION_PIPELINE,RULE_BASED_EXTRACTOR,v1.0,True
REL_000449,P_01089,Person,P_00408,Person,CALLS,2026-02-22T23:44:21,2026-02-22T23:44:21,2026-02-22T23:44:21,2026-02-22T23:44:21,1,0.95,observed,EVI_CDR_CDR_000449,INGESTION_PIPELINE,RULE_BASED_EXTRACTOR,v1.0,True
REL_000450,P_01034,Person,P_04224,Person,CALLS,2025-07-21T09:14:49,2025-07-21T09:14:49,2025-07-21T09:14:49,2025-07-21T09:14:49,1,0.95,observed,EVI_CDR_CDR_000450,INGESTION_PIPELINE,RULE_BASED_EXTRACTOR,v1.0,True
REL_000451,P_02193,Person,P_04928,Person,CALLS,2027-02-25T17:45:56,2027-02-25T17:45:56,2027-02-25T17:45:56,2027-02-25T17:45:56,1,0.95,observed,EVI_CDR_CDR_000451,INGESTION_PIPELINE,RULE_BASED_EXTRACTOR,v1.0,True
REL_000452,P_04434,Person,P_03722,Person,CALLS,2025-02-21T23:34:03,2025-02-21T23:34:03,2025-02-21T23:34:03,2025-02-21T23:34:03,1,0.95,observed,EVI_CDR_CDR_000452,INGESTION_PIPELINE,RULE_BASED_EXTRACTOR,v1.0,True
REL_000453,P_00578,Person,P_01811,Person,CALLS,2025-04-22T13:22:27,2025-04-22T13:22:27,2025-04-22T13:22:27,2025-04-22T13:22:27,1,0.95,observed,EVI_CDR_CDR_000453,INGESTION_PIPELINE,RULE_BASED_EXTRACTOR,v1.0,True
REL_000454,P_04249,Person,P_03175,Person,CALLS,2026-10-30T00:34:10,2026-10-30T00:34:10,2026-10-30T00:34:10,2026-10-30T00:34:10,1,0.95,observed,EVI_CDR_CDR_000454,INGESTION_PIPELINE,RULE_BASED_EXTRACTOR,v1.0,True
REL_000455,P_01783,Person,P_01336,Person,CALLS,2025-07-05T05:38:28,2025-07-05T05:38:28,2025-07-05T05:38:28,2025-07-05T05:38:28,1,0.95,observed,EVI_CDR_CDR_000455,INGESTION_PIPELINE,RULE_BASED_EXTRACTOR,v1.0,True
REL_000456,P_04995,Person,P_02191,Person,CALLS,2026-10-22T04:32:14,2026-10-22T04:32:14,2026-10-22T04:32:14,2026-10-22T04:32:14,1,0.95,observed,EVI_CDR_CDR_000456,INGESTION_PIPELINE,RULE_BASED_EXTRACTOR,v1.0,True
REL_000457,P_03346,Person,P_03519,Person,CALLS,2025-11-07T12:26:31,2025-11-07T12:26:31,2025-11-07T12:26:31,2025-11-07T12:26:31,1,0.95,observed,EVI_CDR_CDR_000457,INGESTION_PIPELINE,RULE_BASED_EXTRACTOR,v1.0,True
REL_000458,P_00402,Person,P_00872,Person,CALLS,2025-09-05T02:18:12,2025-09-05T02:18:12,2025-09-05T02:18:12,2025-09-05T02:18:12,1,0.95,observed,EVI_CDR_CDR_000458,INGESTION_PIPELINE,RULE_BASED_EXTRACTOR,v1.0,True
REL_000459,P_03819,Person,P_02394,Person,CALLS,2025-03-22T10:45:50,2025-03-22T10:45:50,2025-03-22T10:45:50,2025-03-22T10:45:50,1,0.95,observed,EVI_CDR_CDR_000459,INGESTION_PIPELINE,RULE_BASED_EXTRACTOR,v1.0,True
REL_000460,P_03591,Person,P_02551,Person,CALLS,2025-01-23T22:58:39,2025-01-23T22:58:39,2025-01-23T22:58:39,2025-01-23T22:58:39,1,0.95,observed,EVI_CDR_CDR_000460,INGESTION_PIPELINE,RULE_BASED_EXTRACTOR,v1.0,True
REL_000461,P_01691,Person,P_01471,Person,CALLS,2027-02-28T23:59:23,2027-02-28T23:59:23,2027-02-28T23:59:23,2027-02-28T23:59:23,1,0.95,observed,EVI_CDR_CDR_000461,INGESTION_PIPELINE,RULE_BASED_EXTRACTOR,v1.0,True
REL_000462,P_01858,Person,P_03391,Person,CALLS,2026-10-28T13:10:00,2026-10-28T13:10:00,2026-10-28T13:10:00,2026-10-28T13:10:00,1,0.95,observed,EVI_CDR_CDR_000462,INGESTION_PIPELINE,RULE_BASED_EXTRACTOR,v1.0,True
REL_000463,P_01548,Person,P_04514,Person,CALLS,2025-06-07T04:16:16,2025-06-07T04:16:16,2025-06-07T04:16:16,2025-06-07T04:16:16,1,0.95,observed,EVI_CDR_CDR_000463,INGESTION_PIPELINE,RULE_BASED_EXTRACTOR,v1.0,True
REL_000464,P_00547,Person,P_02140,Person,CALLS,2027-12-30T02:30:46,2027-12-30T02:30:46,2027-12-30T02:30:46,2027-12-30T02:30:46,1,0.95,observed,EVI_CDR_CDR_000464,INGESTION_PIPELINE,RULE_BASED_EXTRACTOR,v1.0,True
REL_000465,P_00847,Person,P_02237,Person,CALLS,2026-06-21T19:51:49,2026-06-21T19:51:49,2026-06-21T19:51:49,2026-06-21T19:51:49,1,0.95,observed,EVI_CDR_CDR_000465,INGESTION_PIPELINE,RULE_BASED_EXTRACTOR,v1.0,True
REL_000466,P_04584,Person,P_00721,Person,CALLS,2026-03-15T01:58:20,2026-03-15T01:58:20,2026-03-15T01:58:20,2026-03-15T01:58:20,1,0.95,observed,EVI_CDR_CDR_000466,INGESTION_PIPELINE,RULE_BASED_EXTRACTOR,v1.0,True
REL_000467,P_00172,Person,P_04029,Person,CALLS,2026-03-11T21:46:06,2026-03-11T21:46:06,2026-03-11T21:46:06,2026-03-11T21:46:06,1,0.95,observed,EVI_CDR_CDR_000467,INGESTION_PIPELINE,RULE_BASED_EXTRACTOR,v1.0,True
REL_000468,P_03534,Person,P_01279,Person,CALLS,2027-05-23T05:45:58,2027-05-23T05:45:58,2027-05-23T05:45:58,2027-05-23T05:45:58,1,0.95,observed,EVI_CDR_CDR_000468,INGESTION_PIPELINE,RULE_BASED_EXTRACTOR,v1.0,True
REL_000469,P_03036,Person,P_04146,Person,CALLS,2026-12-23T02:21:51,2026-12-23T02:21:51,2026-12-23T02:21:51,2026-12-23T02:21:51,1,0.95,observed,EVI_CDR_CDR_000469,INGESTION_PIPELINE,RULE_BASED_EXTRACTOR,v1.0,True
REL_000470,P_04479,Person,P_04399,Person,CALLS,2027-04-13T16:24:09,2027-04-13T16:24:09,2027-04-13T16:24:09,2027-04-13T16:24:09,1,0.95,observed,EVI_CDR_CDR_000470,INGESTION_PIPELINE,RULE_BASED_EXTRACTOR,v1.0,True
REL_000471,P_04986,Person,P_04386,Person,CALLS,2026-08-13T10:20:43,2026-08-13T10:20:43,2026-08-13T10:20:43,2026-08-13T10:20:43,1,0.95,observed,EVI_CDR_CDR_000471,INGESTION_PIPELINE,RULE_BASED_EXTRACTOR,v1.0,True
REL_000472,P_03211,Person,P_03755,Person,CALLS,2027-05-12T08:46:44,2027-05-12T08:46:44,2027-05-12T08:46:44,2027-05-12T08:46:44,1,0.95,observed,EVI_CDR_CDR_000472,INGESTION_PIPELINE,RULE_BASED_EXTRACTOR,v1.0,True
REL_000473,P_03832,Person,P_03953,Person,CALLS,2026-11-21T16:54:12,2026-11-21T16:54:12,2026-11-21T16:54:12,2026-11-21T16:54:12,1,0.95,observed,EVI_CDR_CDR_000473,INGESTION_PIPELINE,RULE_BASED_EXTRACTOR,v1.0,True
REL_000474,P_04417,Person,P_02378,Person,CALLS,2027-05-11T10:10:55,2027-05-11T10:10:55,2027-05-11T10:10:55,2027-05-11T10:10:55,1,0.95,observed,EVI_CDR_CDR_000474,INGESTION_PIPELINE,RULE_BASED_EXTRACTOR,v1.0,True
REL_000475,P_03496,Person,P_04289,Person,CALLS,2025-03-01T06:14:23,2025-03-01T06:14:23,2025-03-01T06:14:23,2025-03-01T06:14:23,1,0.95,observed,EVI_CDR_CDR_000475,INGESTION_PIPELINE,RULE_BASED_EXTRACTOR,v1.0,True
REL_000476,P_00554,Person,P_02619,Person,CALLS,2027-11-16T06:59:26,2027-11-16T06:59:26,2027-11-16T06:59:26,2027-11-16T06:59:26,1,0.95,observed,EVI_CDR_CDR_000476,INGESTION_PIPELINE,RULE_BASED_EXTRACTOR,v1.0,True
REL_000477,P_02586,Person,P_03369,Person,CALLS,2026-08-11T03:44:07,2026-08-11T03:44:07,2026-08-11T03:44:07,2026-08-11T03:44:07,1,0.95,observed,EVI_CDR_CDR_000477,INGESTION_PIPELINE,RULE_BASED_EXTRACTOR,v1.0,True
REL_000478,P_02043,Person,P_00410,Person,CALLS,2026-12-10T19:32:25,2026-12-10T19:32:25,2026-12-10T19:32:25,2026-12-10T19:32:25,1,0.95,observed,EVI_CDR_CDR_000478,INGESTION_PIPELINE,RULE_BASED_EXTRACTOR,v1.0,True
REL_000479,P_02652,Person,P_04818,Person,CALLS,2027-05-17T20:10:33,2027-05-17T20:10:33,2027-05-17T20:10:33,2027-05-17T20:10:33,1,0.95,observed,EVI_CDR_CDR_000479,INGESTION_PIPELINE,RULE_BASED_EXTRACTOR,v1.0,True
REL_000480,P_04011,Person,P_02598,Person,CALLS,2025-04-15T19:20:16,2025-04-15T19:20:16,2025-04-15T19:20:16,2025-04-15T19:20:16,1,0.95,observed,EVI_CDR_CDR_000480,INGESTION_PIPELINE,RULE_BASED_EXTRACTOR,v1.0,True
REL_000481,P_03598,Person,P_02184,Person,CALLS,2026-03-25T22:15:47,2026-03-25T22:15:47,2026-03-25T22:15:47,2026-03-25T22:15:47,1,0.95,observed,EVI_CDR_CDR_000481,INGESTION_PIPELINE,RULE_BASED_EXTRACTOR,v1.0,True
REL_000482,P_02499,Person,P_03308,Person,CALLS,2027-12-28T08:28:32,2027-12-28T08:28:32,2027-12-28T08:28:32,2027-12-28T08:28:32,1,0.95,observed,EVI_CDR_CDR_000482,INGESTION_PIPELINE,RULE_BASED_EXTRACTOR,v1.0,True
REL_000483,P_00306,Person,P_01966,Person,CALLS,2026-02-16T17:23:00,2026-02-16T17:23:00,2026-02-16T17:23:00,2026-02-16T17:23:00,1,0.95,observed,EVI_CDR_CDR_000483,INGESTION_PIPELINE,RULE_BASED_EXTRACTOR,v1.0,True
REL_000484,P_00379,Person,P_03211,Person,CALLS,2025-04-04T13:04:12,2025-04-04T13:04:12,2025-04-04T13:04:12,2025-04-04T13:04:12,1,0.95,observed,EVI_CDR_CDR_000484,INGESTION_PIPELINE,RULE_BASED_EXTRACTOR,v1.0,True
REL_000485,P_00303,Person,P_03541,Person,CALLS,2026-10-13T23:39:35,2026-10-13T23:39:35,2026-10-13T23:39:35,2026-10-13T23:39:35,1,0.95,observed,EVI_CDR_CDR_000485,INGESTION_PIPELINE,RULE_BASED_EXTRACTOR,v1.0,True
REL_000486,P_02961,Person,P_01826,Person,CALLS,2025-12-21T06:22:29,2025-12-21T06:22:29,2025-12-21T06:22:29,2025-12-21T06:22:29,1,0.95,observed,EVI_CDR_CDR_000486,INGESTION_PIPELINE,RULE_BASED_EXTRACTOR,v1.0,True
REL_000487,P_02781,Person,P_02742,Person,CALLS,2025-11-20T11:40:30,2025-11-20T11:40:30,2025-11-20T11:40:30,2025-11-20T11:40:30,1,0.95,observed,EVI_CDR_CDR_000487,INGESTION_PIPELINE,RULE_BASED_EXTRACTOR,v1.0,True
REL_000488,P_01420,Person,P_01738,Person,CALLS,2026-04-18T12:27:49,2026-04-18T12:27:49,2026-04-18T12:27:49,2026-04-18T12:27:49,1,0.95,observed,EVI_CDR_CDR_000488,INGESTION_PIPELINE,RULE_BASED_EXTRACTOR,v1.0,True
REL_000489,P_01812,Person,P_00430,Person,CALLS,2026-04-29T16:12:21,2026-04-29T16:12:21,2026-04-29T16:12:21,2026-04-29T16:12:21,1,0.95,observed,EVI_CDR_CDR_000489,INGESTION_PIPELINE,RULE_BASED_EXTRACTOR,v1.0,True
REL_000490,P_02138,Person,P_03338,Person,CALLS,2026-04-23T10:24:10,2026-04-23T10:24:10,2026-04-23T10:24:10,2026-04-23T10:24:10,1,0.95,observed,EVI_CDR_CDR_000490,INGESTION_PIPELINE,RULE_BASED_EXTRACTOR,v1.0,True
REL_000491,P_02395,Person,P_00293,Person,CALLS,2027-01-05T05:25:55,2027-01-05T05:25:55,2027-01-05T05:25:55,2027-01-05T05:25:55,1,0.95,observed,EVI_CDR_CDR_000491,INGESTION_PIPELINE,RULE_BASED_EXTRACTOR,v1.0,True
REL_000492,P_02399,Person,P_02135,Person,CALLS,2027-06-03T08:36:22,2027-06-03T08:36:22,2027-06-03T08:36:22,2027-06-03T08:36:22,1,0.95,observed,EVI_CDR_CDR_000492,INGESTION_PIPELINE,RULE_BASED_EXTRACTOR,v1.0,True
REL_000493,P_04643,Person,P_00814,Person,CALLS,2025-04-22T22:44:11,2025-04-22T22:44:11,2025-04-22T22:44:11,2025-04-22T22:44:11,1,0.95,observed,EVI_CDR_CDR_000493,INGESTION_PIPELINE,RULE_BASED_EXTRACTOR,v1.0,True
REL_000494,P_03996,Person,P_03958,Person,CALLS,2026-04-24T12:50:10,2026-04-24T12:50:10,2026-04-24T12:50:10,2026-04-24T12:50:10,1,0.95,observed,EVI_CDR_CDR_000494,INGESTION_PIPELINE,RULE_BASED_EXTRACTOR,v1.0,True
REL_000495,P_04004,Person,P_00297,Person,CALLS,2027-05-12T08:46:44,2027-05-12T08:46:44,2027-05-12T08:46:44,2027-05-12T08:46:44,1,0.95,observed,EVI_CDR_CDR_000495,INGESTION_PIPELINE,RULE_BASED_EXTRACTOR,v1.0,True
REL_000496,P_00600,Person,P_04987,Person,CALLS,2027-11-30T19:38:06,2027-11-30T19:38:06,2027-11-30T19:38:06,2027-11-30T19:38:06,1,0.95,observed,EVI_CDR_CDR_000496,INGESTION_PIPELINE,RULE_BASED_EXTRACTOR,v1.0,True
REL_000497,P_04447,Person,P_00571,Person,CALLS,2027-01-13T04:41:41,2027-01-13T04:41:41,2027-01-13T04:41:41,2027-01-13T04:41:41,1,0.95,observed,EVI_CDR_CDR_000497,INGESTION_PIPELINE,RULE_BASED_EXTRACTOR,v1.0,True
REL_000498,P_04244,Person,P_02734,Person,CALLS,2027-04-19T21:42:28,2027-04-19T21:42:28,2027-04-19T21:42:28,2027-04-19T21:42:28,1,0.95,observed,EVI_CDR_CDR_000498,INGESTION_PIPELINE,RULE_BASED_EXTRACTOR,v1.0,True
REL_000499,P_04645,Person,P_03624,Person,CALLS,2026-02-12T08:35:03,2026-02-12T08:35:03,2026-02-12T08:35:03,2026-02-12T08:35:03,1,0.95,observed,EVI_CDR_CDR_000499,INGESTION_PIPELINE,RULE_BASED_EXTRACTOR,v1.0,True
REL_000500,P_01166,Person,P_02756,Person,CALLS,2025-09-26T03:56:08,2025-09-26T03:56:08,2025-09-26T03:56:08,2025-09-26T03:56:08,1,0.95,observed,EVI_CDR_CDR_000500,INGESTION_PIPELINE,RULE_BASED_EXTRACTOR,v1.0,True
REL_000501,P_03540,Person,P_04722,Person,TRANSACTS_WITH,2025-02-05T16:22:52,2025-02-05T16:22:52,2025-02-05T16:22:52,2025-02-05T16:22:52,1,0.98,observed,EVI_TXN_TXN_000001,INGESTION_PIPELINE,RULE_BASED_EXTRACTOR,v1.0,True
REL_000502,P_02659,Person,P_02564,Person,TRANSACTS_WITH,2026-09-23T23:18:24,2026-09-23T23:18:24,2026-09-23T23:18:24,2026-09-23T23:18:24,1,0.98,observed,EVI_TXN_TXN_000002,INGESTION_PIPELINE,RULE_BASED_EXTRACTOR,v1.0,True
REL_000503,P_03333,Person,P_03196,Person,TRANSACTS_WITH,2025-06-18T06:33:03,2025-06-18T06:33:03,2025-06-18T06:33:03,2025-06-18T06:33:03,1,0.98,observed,EVI_TXN_TXN_000003,INGESTION_PIPELINE,RULE_BASED_EXTRACTOR,v1.0,True
REL_000504,P_01563,Person,P_03388,Person,TRANSACTS_WITH,2027-04-15T20:33:09,2027-04-15T20:33:09,2027-04-15T20:33:09,2027-04-15T20:33:09,1,0.98,observed,EVI_TXN_TXN_000004,INGESTION_PIPELINE,RULE_BASED_EXTRACTOR,v1.0,True
REL_000505,P_04225,Person,P_01734,Person,TRANSACTS_WITH,2025-04-07T11:29:19,2025-04-07T11:29:19,2025-04-07T11:29:19,2025-04-07T11:29:19,1,0.98,observed,EVI_TXN_TXN_000005,INGESTION_PIPELINE,RULE_BASED_EXTRACTOR,v1.0,True
REL_000506,P_02157,Person,P_03137,Person,TRANSACTS_WITH,2026-08-02T06:31:48,2026-08-02T06:31:48,2026-08-02T06:31:48,2026-08-02T06:31:48,1,0.98,observed,EVI_TXN_TXN_000006,INGESTION_PIPELINE,RULE_BASED_EXTRACTOR,v1.0,True
REL_000507,P_03952,Person,P_01145,Person,TRANSACTS_WITH,2026-09-13T13:53:39,2026-09-13T13:53:39,2026-09-13T13:53:39,2026-09-13T13:53:39,1,0.98,observed,EVI_TXN_TXN_000007,INGESTION_PIPELINE,RULE_BASED_EXTRACTOR,v1.0,True
REL_000508,P_04212,Person,P_02386,Person,TRANSACTS_WITH,2026-03-04T14:44:48,2026-03-04T14:44:48,2026-03-04T14:44:48,2026-03-04T14:44:48,1,0.98,observed,EVI_TXN_TXN_000008,INGESTION_PIPELINE,RULE_BASED_EXTRACTOR,v1.0,True
REL_000509,P_03793,Person,P_02526,Person,TRANSACTS_WITH,2025-10-16T16:02:13,2025-10-16T16:02:13,2025-10-16T16:02:13,2025-10-16T16:02:13,1,0.98,observed,EVI_TXN_TXN_000009,INGESTION_PIPELINE,RULE_BASED_EXTRACTOR,v1.0,True
REL_000510,P_02841,Person,P_04568,Person,TRANSACTS_WITH,2025-09-13T02:52:37,2025-09-13T02:52:37,2025-09-13T02:52:37,2025-09-13T02:52:37,1,0.98,observed,EVI_TXN_TXN_000010,INGESTION_PIPELINE,RULE_BASED_EXTRACTOR,v1.0,True
REL_000511,P_02213,Person,P_01254,Person,TRANSACTS_WITH,2027-01-19T16:02:29,2027-01-19T16:02:29,2027-01-19T16:02:29,2027-01-19T16:02:29,1,0.98,observed,EVI_TXN_TXN_000011,INGESTION_PIPELINE,RULE_BASED_EXTRACTOR,v1.0,True
REL_000512,P_04656,Person,P_00012,Person,TRANSACTS_WITH,2025-03-27T03:06:28,2025-03-27T03:06:28,2025-03-27T03:06:28,2025-03-27T03:06:28,1,0.98,observed,EVI_TXN_TXN_000012,INGESTION_PIPELINE,RULE_BASED_EXTRACTOR,v1.0,True
REL_000513,P_00225,Person,P_00426,Person,TRANSACTS_WITH,2026-03-22T09:16:48,2026-03-22T09:16:48,2026-03-22T09:16:48,2026-03-22T09:16:48,1,0.98,observed,EVI_TXN_TXN_000013,INGESTION_PIPELINE,RULE_BASED_EXTRACTOR,v1.0,True
REL_000514,P_00633,Person,P_04341,Person,TRANSACTS_WITH,2025-10-12T15:40:50,2025-10-12T15:40:50,2025-10-12T15:40:50,2025-10-12T15:40:50,1,0.98,observed,EVI_TXN_TXN_000014,INGESTION_PIPELINE,RULE_BASED_EXTRACTOR,v1.0,True
REL_000515,P_01226,Person,P_02209,Person,TRANSACTS_WITH,2026-06-12T01:57:18,2026-06-12T01:57:18,2026-06-12T01:57:18,2026-06-12T01:57:18,1,0.98,observed,EVI_TXN_TXN_000015,INGESTION_PIPELINE,RULE_BASED_EXTRACTOR,v1.0,True
REL_000516,P_00464,Person,P_04207,Person,TRANSACTS_WITH,2026-10-03T02:23:37,2026-10-03T02:23:37,2026-10-03T02:23:37,2026-10-03T02:23:37,1,0.98,observed,EVI_TXN_TXN_000016,INGESTION_PIPELINE,RULE_BASED_EXTRACTOR,v1.0,True
REL_000517,P_02221,Person,P_00055,Person,TRANSACTS_WITH,2027-01-13T08:42:49,2027-01-13T08:42:49,2027-01-13T08:42:49,2027-01-13T08:42:49,1,0.98,observed,EVI_TXN_TXN_000017,INGESTION_PIPELINE,RULE_BASED_EXTRACTOR,v1.0,True
REL_000518,P_00944,Person,P_04722,Person,TRANSACTS_WITH,2025-11-15T11:54:00,2025-11-15T11:54:00,2025-11-15T11:54:00,2025-11-15T11:54:00,1,0.98,observed,EVI_TXN_TXN_000018,INGESTION_PIPELINE,RULE_BASED_EXTRACTOR,v1.0,True
REL_000519,P_02455,Person,P_01812,Person,TRANSACTS_WITH,2026-06-21T19:51:49,2026-06-21T19:51:49,2026-06-21T19:51:49,2026-06-21T19:51:49,1,0.98,observed,EVI_TXN_TXN_000019,INGESTION_PIPELINE,RULE_BASED_EXTRACTOR,v1.0,True
REL_000520,P_02448,Person,P_02750,Person,TRANSACTS_WITH,2025-04-28T12:39:42,2025-04-28T12:39:42,2025-04-28T12:39:42,2025-04-28T12:39:42,1,0.98,observed,EVI_TXN_TXN_000020,INGESTION_PIPELINE,RULE_BASED_EXTRACTOR,v1.0,True
REL_000521,P_02188,Person,P_02774,Person,TRANSACTS_WITH,2026-06-08T05:22:22,2026-06-08T05:22:22,2026-06-08T05:22:22,2026-06-08T05:22:22,1,0.98,observed,EVI_TXN_TXN_000021,INGESTION_PIPELINE,RULE_BASED_EXTRACTOR,v1.0,True
REL_000522,P_02735,Person,P_02062,Person,TRANSACTS_WITH,2027-09-07T09:05:06,2027-09-07T09:05:06,2027-09-07T09:05:06,2027-09-07T09:05:06,1,0.98,observed,EVI_TXN_TXN_000022,INGESTION_PIPELINE,RULE_BASED_EXTRACTOR,v1.0,True
REL_000523,P_02143,Person,P_01062,Person,TRANSACTS_WITH,2026-12-25T10:27:29,2026-12-25T10:27:29,2026-12-25T10:27:29,2026-12-25T10:27:29,1,0.98,observed,EVI_TXN_TXN_000023,INGESTION_PIPELINE,RULE_BASED_EXTRACTOR,v1.0,True
REL_000524,P_04808,Person,P_02336,Person,TRANSACTS_WITH,2027-04-12T01:38:50,2027-04-12T01:38:50,2027-04-12T01:38:50,2027-04-12T01:38:50,1,0.98,observed,EVI_TXN_TXN_000024,INGESTION_PIPELINE,RULE_BASED_EXTRACTOR,v1.0,True
REL_000525,P_04640,Person,P_02143,Person,TRANSACTS_WITH,2027-10-10T05:54:52,2027-10-10T05:54:52,2027-10-10T05:54:52,2027-10-10T05:54:52,1,0.98,observed,EVI_TXN_TXN_000025,INGESTION_PIPELINE,RULE_BASED_EXTRACTOR,v1.0,True
REL_000526,P_00290,Person,P_04827,Person,TRANSACTS_WITH,2025-08-02T14:38:45,2025-08-02T14:38:45,2025-08-02T14:38:45,2025-08-02T14:38:45,1,0.98,observed,EVI_TXN_TXN_000026,INGESTION_PIPELINE,RULE_BASED_EXTRACTOR,v1.0,True
REL_000527,P_04035,Person,P_00034,Person,TRANSACTS_WITH,2027-08-12T10:22:33,2027-08-12T10:22:33,2027-08-12T10:22:33,2027-08-12T10:22:33,1,0.98,observed,EVI_TXN_TXN_000027,INGESTION_PIPELINE,RULE_BASED_EXTRACTOR,v1.0,True
REL_000528,P_02336,Person,P_04015,Person,TRANSACTS_WITH,2027-03-06T07:18:38,2027-03-06T07:18:38,2027-03-06T07:18:38,2027-03-06T07:18:38,1,0.98,observed,EVI_TXN_TXN_000028,INGESTION_PIPELINE,RULE_BASED_EXTRACTOR,v1.0,True
REL_000529,P_04102,Person,P_01293,Person,TRANSACTS_WITH,2025-04-08T14:28:09,2025-04-08T14:28:09,2025-04-08T14:28:09,2025-04-08T14:28:09,1,0.98,observed,EVI_TXN_TXN_000029,INGESTION_PIPELINE,RULE_BASED_EXTRACTOR,v1.0,True
REL_000530,P_04683,Person,P_03586,Person,TRANSACTS_WITH,2026-12-10T18:46:01,2026-12-10T18:46:01,2026-12-10T18:46:01,2026-12-10T18:46:01,1,0.98,observed,EVI_TXN_TXN_000030,INGESTION_PIPELINE,RULE_BASED_EXTRACTOR,v1.0,True
REL_000531,P_04387,Person,P_04102,Person,TRANSACTS_WITH,2026-08-02T06:31:48,2026-08-02T06:31:48,2026-08-02T06:31:48,2026-08-02T06:31:48,1,0.98,observed,EVI_TXN_TXN_000031,INGESTION_PIPELINE,RULE_BASED_EXTRACTOR,v1.0,True
REL_000532,P_04809,Person,P_02722,Person,TRANSACTS_WITH,2025-04-08T19:34:17,2025-04-08T19:34:17,2025-04-08T19:34:17,2025-04-08T19:34:17,1,0.98,observed,EVI_TXN_TXN_000032,INGESTION_PIPELINE,RULE_BASED_EXTRACTOR,v1.0,True
REL_000533,P_04741,Person,P_00485,Person,TRANSACTS_WITH,2026-06-04T16:27:25,2026-06-04T16:27:25,2026-06-04T16:27:25,2026-06-04T16:27:25,1,0.98,observed,EVI_TXN_TXN_000033,INGESTION_PIPELINE,RULE_BASED_EXTRACTOR,v1.0,True
REL_000534,P_00196,Person,P_03070,Person,TRANSACTS_WITH,2025-10-13T15:15:21,2025-10-13T15:15:21,2025-10-13T15:15:21,2025-10-13T15:15:21,1,0.98,observed,EVI_TXN_TXN_000034,INGESTION_PIPELINE,RULE_BASED_EXTRACTOR,v1.0,True
REL_000535,P_04455,Person,P_02207,Person,TRANSACTS_WITH,2027-02-28T23:59:23,2027-02-28T23:59:23,2027-02-28T23:59:23,2027-02-28T23:59:23,1,0.98,observed,EVI_TXN_TXN_000035,INGESTION_PIPELINE,RULE_BASED_EXTRACTOR,v1.0,True
REL_000536,P_01094,Person,P_02492,Person,TRANSACTS_WITH,2027-04-06T11:19:28,2027-04-06T11:19:28,2027-04-06T11:19:28,2027-04-06T11:19:28,1,0.98,observed,EVI_TXN_TXN_000036,INGESTION_PIPELINE,RULE_BASED_EXTRACTOR,v1.0,True
REL_000537,P_00097,Person,P_00166,Person,TRANSACTS_WITH,2025-04-03T14:35:21,2025-04-03T14:35:21,2025-04-03T14:35:21,2025-04-03T14:35:21,1,0.98,observed,EVI_TXN_TXN_000037,INGESTION_PIPELINE,RULE_BASED_EXTRACTOR,v1.0,True
REL_000538,P_00777,Person,P_00013,Person,TRANSACTS_WITH,2025-09-18T00:25:04,2025-09-18T00:25:04,2025-09-18T00:25:04,2025-09-18T00:25:04,1,0.98,observed,EVI_TXN_TXN_000038,INGESTION_PIPELINE,RULE_BASED_EXTRACTOR,v1.0,True
REL_000539,P_00553,Person,P_01285,Person,TRANSACTS_WITH,2025-12-19T05:08:57,2025-12-19T05:08:57,2025-12-19T05:08:57,2025-12-19T05:08:57,1,0.98,observed,EVI_TXN_TXN_000039,INGESTION_PIPELINE,RULE_BASED_EXTRACTOR,v1.0,True
REL_000540,P_04274,Person,P_04387,Person,TRANSACTS_WITH,2027-01-05T05:25:55,2027-01-05T05:25:55,2027-01-05T05:25:55,2027-01-05T05:25:55,1,0.98,observed,EVI_TXN_TXN_000040,INGESTION_PIPELINE,RULE_BASED_EXTRACTOR,v1.0,True
REL_000541,P_04320,Person,P_00427,Person,TRANSACTS_WITH,2026-08-27T13:26:33,2026-08-27T13:26:33,2026-08-27T13:26:33,2026-08-27T13:26:33,1,0.98,observed,EVI_TXN_TXN_000041,INGESTION_PIPELINE,RULE_BASED_EXTRACTOR,v1.0,True
REL_000542,P_02700,Person,P_03717,Person,TRANSACTS_WITH,2027-09-07T13:23:33,2027-09-07T13:23:33,2027-09-07T13:23:33,2027-09-07T13:23:33,1,0.98,observed,EVI_TXN_TXN_000042,INGESTION_PIPELINE,RULE_BASED_EXTRACTOR,v1.0,True
REL_000543,P_02619,Person,P_01636,Person,TRANSACTS_WITH,2027-06-16T10:37:34,2027-06-16T10:37:34,2027-06-16T10:37:34,2027-06-16T10:37:34,1,0.98,observed,EVI_TXN_TXN_000043,INGESTION_PIPELINE,RULE_BASED_EXTRACTOR,v1.0,True
REL_000544,P_04334,Person,P_03446,Person,TRANSACTS_WITH,2025-10-13T08:51:30,2025-10-13T08:51:30,2025-10-13T08:51:30,2025-10-13T08:51:30,1,0.98,observed,EVI_TXN_TXN_000044,INGESTION_PIPELINE,RULE_BASED_EXTRACTOR,v1.0,True
REL_000545,P_01270,Person,P_00320,Person,TRANSACTS_WITH,2027-02-27T21:22:11,2027-02-27T21:22:11,2027-02-27T21:22:11,2027-02-27T21:22:11,1,0.98,observed,EVI_TXN_TXN_000045,INGESTION_PIPELINE,RULE_BASED_EXTRACTOR,v1.0,True
REL_000546,P_02473,Person,P_04067,Person,TRANSACTS_WITH,2025-04-07T11:29:19,2025-04-07T11:29:19,2025-04-07T11:29:19,2025-04-07T11:29:19,1,0.98,observed,EVI_TXN_TXN_000046,INGESTION_PIPELINE,RULE_BASED_EXTRACTOR,v1.0,True
REL_000547,P_02577,Person,P_01015,Person,TRANSACTS_WITH,2025-05-09T10:57:49,2025-05-09T10:57:49,2025-05-09T10:57:49,2025-05-09T10:57:49,1,0.98,observed,EVI_TXN_TXN_000047,INGESTION_PIPELINE,RULE_BASED_EXTRACTOR,v1.0,True
REL_000548,P_01373,Person,P_04305,Person,TRANSACTS_WITH,2027-10-12T00:13:20,2027-10-12T00:13:20,2027-10-12T00:13:20,2027-10-12T00:13:20,1,0.98,observed,EVI_TXN_TXN_000048,INGESTION_PIPELINE,RULE_BASED_EXTRACTOR,v1.0,True
REL_000549,P_03438,Person,P_02935,Person,TRANSACTS_WITH,2025-02-24T17:13:13,2025-02-24T17:13:13,2025-02-24T17:13:13,2025-02-24T17:13:13,1,0.98,observed,EVI_TXN_TXN_000049,INGESTION_PIPELINE,RULE_BASED_EXTRACTOR,v1.0,True
REL_000550,P_02674,Person,P_03857,Person,TRANSACTS_WITH,2025-09-26T03:56:08,2025-09-26T03:56:08,2025-09-26T03:56:08,2025-09-26T03:56:08,1,0.98,observed,EVI_TXN_TXN_000050,INGESTION_PIPELINE,RULE_BASED_EXTRACTOR,v1.0,True
REL_000551,P_00671,Person,P_04610,Person,TRANSACTS_WITH,2027-08-21T03:36:18,2027-08-21T03:36:18,2027-08-21T03:36:18,2027-08-21T03:36:18,1,0.98,observed,EVI_TXN_TXN_000051,INGESTION_PIPELINE,RULE_BASED_EXTRACTOR,v1.0,True
REL_000552,P_01483,Person,P_02864,Person,TRANSACTS_WITH,2027-05-18T17:36:12,2027-05-18T17:36:12,2027-05-18T17:36:12,2027-05-18T17:36:12,1,0.98,observed,EVI_TXN_TXN_000052,INGESTION_PIPELINE,RULE_BASED_EXTRACTOR,v1.0,True
REL_000553,P_04072,Person,P_02839,Person,TRANSACTS_WITH,2025-04-11T17:11:58,2025-04-11T17:11:58,2025-04-11T17:11:58,2025-04-11T17:11:58,1,0.98,observed,EVI_TXN_TXN_000053,INGESTION_PIPELINE,RULE_BASED_EXTRACTOR,v1.0,True
REL_000554,P_04574,Person,P_01221,Person,TRANSACTS_WITH,2027-06-29T12:43:40,2027-06-29T12:43:40,2027-06-29T12:43:40,2027-06-29T12:43:40,1,0.98,observed,EVI_TXN_TXN_000054,INGESTION_PIPELINE,RULE_BASED_EXTRACTOR,v1.0,True
REL_000555,P_02303,Person,P_01400,Person,TRANSACTS_WITH,2027-08-21T03:36:18,2027-08-21T03:36:18,2027-08-21T03:36:18,2027-08-21T03:36:18,1,0.98,observed,EVI_TXN_TXN_000055,INGESTION_PIPELINE,RULE_BASED_EXTRACTOR,v1.0,True
REL_000556,P_00188,Person,P_02830,Person,TRANSACTS_WITH,2026-01-01T12:48:25,2026-01-01T12:48:25,2026-01-01T12:48:25,2026-01-01T12:48:25,1,0.98,observed,EVI_TXN_TXN_000056,INGESTION_PIPELINE,RULE_BASED_EXTRACTOR,v1.0,True
REL_000557,P_04846,Person,P_03950,Person,TRANSACTS_WITH,2025-04-11T17:14:54,2025-04-11T17:14:54,2025-04-11T17:14:54,2025-04-11T17:14:54,1,0.98,observed,EVI_TXN_TXN_000057,INGESTION_PIPELINE,RULE_BASED_EXTRACTOR,v1.0,True
REL_000558,P_04590,Person,P_02357,Person,TRANSACTS_WITH,2026-03-10T21:35:43,2026-03-10T21:35:43,2026-03-10T21:35:43,2026-03-10T21:35:43,1,0.98,observed,EVI_TXN_TXN_000058,INGESTION_PIPELINE,RULE_BASED_EXTRACTOR,v1.0,True
REL_000559,P_01902,Person,P_04225,Person,TRANSACTS_WITH,2027-01-21T10:44:31,2027-01-21T10:44:31,2027-01-21T10:44:31,2027-01-21T10:44:31,1,0.98,observed,EVI_TXN_TXN_000059,INGESTION_PIPELINE,RULE_BASED_EXTRACTOR,v1.0,True
REL_000560,P_03356,Person,P_02275,Person,TRANSACTS_WITH,2027-11-06T09:39:01,2027-11-06T09:39:01,2027-11-06T09:39:01,2027-11-06T09:39:01,1,0.98,observed,EVI_TXN_TXN_000060,INGESTION_PIPELINE,RULE_BASED_EXTRACTOR,v1.0,True
REL_000561,P_03154,Person,P_03009,Person,TRANSACTS_WITH,2026-12-30T07:12:08,2026-12-30T07:12:08,2026-12-30T07:12:08,2026-12-30T07:12:08,1,0.98,observed,EVI_TXN_TXN_000061,INGESTION_PIPELINE,RULE_BASED_EXTRACTOR,v1.0,True
REL_000562,P_00124,Person,P_02448,Person,TRANSACTS_WITH,2027-11-20T11:22:33,2027-11-20T11:22:33,2027-11-20T11:22:33,2027-11-20T11:22:33,1,0.98,observed,EVI_TXN_TXN_000062,INGESTION_PIPELINE,RULE_BASED_EXTRACTOR,v1.0,True
REL_000563,P_03368,Person,P_04217,Person,TRANSACTS_WITH,2027-07-11T14:59:15,2027-07-11T14:59:15,2027-07-11T14:59:15,2027-07-11T14:59:15,1,0.98,observed,EVI_TXN_TXN_000063,INGESTION_PIPELINE,RULE_BASED_EXTRACTOR,v1.0,True
REL_000564,P_01906,Person,P_01748,Person,TRANSACTS_WITH,2026-05-18T09:04:22,2026-05-18T09:04:22,2026-05-18T09:04:22,2026-05-18T09:04:22,1,0.98,observed,EVI_TXN_TXN_000064,INGESTION_PIPELINE,RULE_BASED_EXTRACTOR,v1.0,True
REL_000565,P_03393,Person,P_01358,Person,TRANSACTS_WITH,2025-10-31T10:59:56,2025-10-31T10:59:56,2025-10-31T10:59:56,2025-10-31T10:59:56,1,0.98,observed,EVI_TXN_TXN_000065,INGESTION_PIPELINE,RULE_BASED_EXTRACTOR,v1.0,True
REL_000566,P_01269,Person,P_01556,Person,TRANSACTS_WITH,2027-06-16T08:52:26,2027-06-16T08:52:26,2027-06-16T08:52:26,2027-06-16T08:52:26,1,0.98,observed,EVI_TXN_TXN_000066,INGESTION_PIPELINE,RULE_BASED_EXTRACTOR,v1.0,True
REL_000567,P_02613,Person,P_04215,Person,TRANSACTS_WITH,2026-04-09T07:50:55,2026-04-09T07:50:55,2026-04-09T07:50:55,2026-04-09T07:50:55,1,0.98,observed,EVI_TXN_TXN_000067,INGESTION_PIPELINE,RULE_BASED_EXTRACTOR,v1.0,True
REL_000568,P_04950,Person,P_04377,Person,TRANSACTS_WITH,2025-04-25T08:33:04,2025-04-25T08:33:04,2025-04-25T08:33:04,2025-04-25T08:33:04,1,0.98,observed,EVI_TXN_TXN_000068,INGESTION_PIPELINE,RULE_BASED_EXTRACTOR,v1.0,True
REL_000569,P_04802,Person,P_04289,Person,TRANSACTS_WITH,2027-06-09T01:03:14,2027-06-09T01:03:14,2027-06-09T01:03:14,2027-06-09T01:03:14,1,0.98,observed,EVI_TXN_TXN_000069,INGESTION_PIPELINE,RULE_BASED_EXTRACTOR,v1.0,True
REL_000570,P_03609,Person,P_04688,Person,TRANSACTS_WITH,2027-06-03T08:36:22,2027-06-03T08:36:22,2027-06-03T08:36:22,2027-06-03T08:36:22,1,0.98,observed,EVI_TXN_TXN_000070,INGESTION_PIPELINE,RULE_BASED_EXTRACTOR,v1.0,True
REL_000571,P_04891,Person,P_01853,Person,TRANSACTS_WITH,2027-09-24T18:05:07,2027-09-24T18:05:07,2027-09-24T18:05:07,2027-09-24T18:05:07,1,0.98,observed,EVI_TXN_TXN_000071,INGESTION_PIPELINE,RULE_BASED_EXTRACTOR,v1.0,True
REL_000572,P_03708,Person,P_00950,Person,TRANSACTS_WITH,2025-10-08T10:29:22,2025-10-08T10:29:22,2025-10-08T10:29:22,2025-10-08T10:29:22,1,0.98,observed,EVI_TXN_TXN_000072,INGESTION_PIPELINE,RULE_BASED_EXTRACTOR,v1.0,True
REL_000573,P_03418,Person,P_01588,Person,TRANSACTS_WITH,2025-10-23T20:14:05,2025-10-23T20:14:05,2025-10-23T20:14:05,2025-10-23T20:14:05,1,0.98,observed,EVI_TXN_TXN_000073,INGESTION_PIPELINE,RULE_BASED_EXTRACTOR,v1.0,True
REL_000574,P_04899,Person,P_02330,Person,TRANSACTS_WITH,2025-04-22T08:49:05,2025-04-22T08:49:05,2025-04-22T08:49:05,2025-04-22T08:49:05,1,0.98,observed,EVI_TXN_TXN_000074,INGESTION_PIPELINE,RULE_BASED_EXTRACTOR,v1.0,True
REL_000575,P_00014,Person,P_02230,Person,TRANSACTS_WITH,2025-12-31T23:29:59,2025-12-31T23:29:59,2025-12-31T23:29:59,2025-12-31T23:29:59,1,0.98,observed,EVI_TXN_TXN_000075,INGESTION_PIPELINE,RULE_BASED_EXTRACTOR,v1.0,True
REL_000576,P_00992,Person,P_02187,Person,TRANSACTS_WITH,2025-01-28T17:07:01,2025-01-28T17:07:01,2025-01-28T17:07:01,2025-01-28T17:07:01,1,0.98,observed,EVI_TXN_TXN_000076,INGESTION_PIPELINE,RULE_BASED_EXTRACTOR,v1.0,True
REL_000577,P_02799,Person,P_04653,Person,TRANSACTS_WITH,2027-08-03T19:07:59,2027-08-03T19:07:59,2027-08-03T19:07:59,2027-08-03T19:07:59,1,0.98,observed,EVI_TXN_TXN_000077,INGESTION_PIPELINE,RULE_BASED_EXTRACTOR,v1.0,True
REL_000578,P_04569,Person,P_02894,Person,TRANSACTS_WITH,2026-06-08T05:13:38,2026-06-08T05:13:38,2026-06-08T05:13:38,2026-06-08T05:13:38,1,0.98,observed,EVI_TXN_TXN_000078,INGESTION_PIPELINE,RULE_BASED_EXTRACTOR,v1.0,True
REL_000579,P_03188,Person,P_02393,Person,TRANSACTS_WITH,2027-03-07T13:41:48,2027-03-07T13:41:48,2027-03-07T13:41:48,2027-03-07T13:41:48,1,0.98,observed,EVI_TXN_TXN_000079,INGESTION_PIPELINE,RULE_BASED_EXTRACTOR,v1.0,True
REL_000580,P_01544,Person,P_00497,Person,TRANSACTS_WITH,2026-09-25T06:22:42,2026-09-25T06:22:42,2026-09-25T06:22:42,2026-09-25T06:22:42,1,0.98,observed,EVI_TXN_TXN_000080,INGESTION_PIPELINE,RULE_BASED_EXTRACTOR,v1.0,True
REL_000581,P_00804,Person,P_03617,Person,TRANSACTS_WITH,2025-10-10T02:52:38,2025-10-10T02:52:38,2025-10-10T02:52:38,2025-10-10T02:52:38,1,0.98,observed,EVI_TXN_TXN_000081,INGESTION_PIPELINE,RULE_BASED_EXTRACTOR,v1.0,True
REL_000582,P_03191,Person,P_01494,Person,TRANSACTS_WITH,2027-07-12T04:10:58,2027-07-12T04:10:58,2027-07-12T04:10:58,2027-07-12T04:10:58,1,0.98,observed,EVI_TXN_TXN_000082,INGESTION_PIPELINE,RULE_BASED_EXTRACTOR,v1.0,True
REL_000583,P_03318,Person,P_03717,Person,TRANSACTS_WITH,2027-05-17T20:10:33,2027-05-17T20:10:33,2027-05-17T20:10:33,2027-05-17T20:10:33,1,0.98,observed,EVI_TXN_TXN_000083,INGESTION_PIPELINE,RULE_BASED_EXTRACTOR,v1.0,True
REL_000584,P_00527,Person,P_00427,Person,TRANSACTS_WITH,2025-04-28T12:39:42,2025-04-28T12:39:42,2025-04-28T12:39:42,2025-04-28T12:39:42,1,0.98,observed,EVI_TXN_TXN_000084,INGESTION_PIPELINE,RULE_BASED_EXTRACTOR,v1.0,True
REL_000585,P_04572,Person,P_00303,Person,TRANSACTS_WITH,2027-05-04T00:56:19,2027-05-04T00:56:19,2027-05-04T00:56:19,2027-05-04T00:56:19,1,0.98,observed,EVI_TXN_TXN_000085,INGESTION_PIPELINE,RULE_BASED_EXTRACTOR,v1.0,True
REL_000586,P_04170,Person,P_03107,Person,TRANSACTS_WITH,2025-04-11T17:11:58,2025-04-11T17:11:58,2025-04-11T17:11:58,2025-04-11T17:11:58,1,0.98,observed,EVI_TXN_TXN_000086,INGESTION_PIPELINE,RULE_BASED_EXTRACTOR,v1.0,True
REL_000587,P_02691,Person,P_01790,Person,TRANSACTS_WITH,2025-04-01T20:54:03,2025-04-01T20:54:03,2025-04-01T20:54:03,2025-04-01T20:54:03,1,0.98,observed,EVI_TXN_TXN_000087,INGESTION_PIPELINE,RULE_BASED_EXTRACTOR,v1.0,True
REL_000588,P_02354,Person,P_02981,Person,TRANSACTS_WITH,2027-06-09T17:32:36,2027-06-09T17:32:36,2027-06-09T17:32:36,2027-06-09T17:32:36,1,0.98,observed,EVI_TXN_TXN_000088,INGESTION_PIPELINE,RULE_BASED_EXTRACTOR,v1.0,True
REL_000589,P_01471,Person,P_02203,Person,TRANSACTS_WITH,2026-02-19T08:57:51,2026-02-19T08:57:51,2026-02-19T08:57:51,2026-02-19T08:57:51,1,0.98,observed,EVI_TXN_TXN_000089,INGESTION_PIPELINE,RULE_BASED_EXTRACTOR,v1.0,True
REL_000590,P_03123,Person,P_00188,Person,TRANSACTS_WITH,2027-12-15T19:49:21,2027-12-15T19:49:21,2027-12-15T19:49:21,2027-12-15T19:49:21,1,0.98,observed,EVI_TXN_TXN_000090,INGESTION_PIPELINE,RULE_BASED_EXTRACTOR,v1.0,True
REL_000591,P_03002,Person,P_00767,Person,TRANSACTS_WITH,2027-12-17T08:02:52,2027-12-17T08:02:52,2027-12-17T08:02:52,2027-12-17T08:02:52,1,0.98,observed,EVI_TXN_TXN_000091,INGESTION_PIPELINE,RULE_BASED_EXTRACTOR,v1.0,True
REL_000592,P_04252,Person,P_03400,Person,TRANSACTS_WITH,2026-09-25T06:22:42,2026-09-25T06:22:42,2026-09-25T06:22:42,2026-09-25T06:22:42,1,0.98,observed,EVI_TXN_TXN_000092,INGESTION_PIPELINE,RULE_BASED_EXTRACTOR,v1.0,True
REL_000593,P_00550,Person,P_00582,Person,TRANSACTS_WITH,2027-04-08T22:06:09,2027-04-08T22:06:09,2027-04-08T22:06:09,2027-04-08T22:06:09,1,0.98,observed,EVI_TXN_TXN_000093,INGESTION_PIPELINE,RULE_BASED_EXTRACTOR,v1.0,True
REL_000594,P_01092,Person,P_00804,Person,TRANSACTS_WITH,2026-06-08T05:13:38,2026-06-08T05:13:38,2026-06-08T05:13:38,2026-06-08T05:13:38,1,0.98,observed,EVI_TXN_TXN_000094,INGESTION_PIPELINE,RULE_BASED_EXTRACTOR,v1.0,True
REL_000595,P_00424,Person,P_04455,Person,TRANSACTS_WITH,2025-01-18T04:29:59,2025-01-18T04:29:59,2025-01-18T04:29:59,2025-01-18T04:29:59,1,0.98,observed,EVI_TXN_TXN_000095,INGESTION_PIPELINE,RULE_BASED_EXTRACTOR,v1.0,True
REL_000596,P_03666,Person,P_01648,Person,TRANSACTS_WITH,2027-01-30T11:19:20,2027-01-30T11:19:20,2027-01-30T11:19:20,2027-01-30T11:19:20,1,0.98,observed,EVI_TXN_TXN_000096,INGESTION_PIPELINE,RULE_BASED_EXTRACTOR,v1.0,True
REL_000597,P_01538,Person,P_02918,Person,TRANSACTS_WITH,2026-04-01T03:23:16,2026-04-01T03:23:16,2026-04-01T03:23:16,2026-04-01T03:23:16,1,0.98,observed,EVI_TXN_TXN_000097,INGESTION_PIPELINE,RULE_BASED_EXTRACTOR,v1.0,True
REL_000598,P_03292,Person,P_04109,Person,TRANSACTS_WITH,2026-04-18T07:54:37,2026-04-18T07:54:37,2026-04-18T07:54:37,2026-04-18T07:54:37,1,0.98,observed,EVI_TXN_TXN_000098,INGESTION_PIPELINE,RULE_BASED_EXTRACTOR,v1.0,True
REL_000599,P_03795,Person,P_04678,Person,TRANSACTS_WITH,2025-08-05T03:43:54,2025-08-05T03:43:54,2025-08-05T03:43:54,2025-08-05T03:43:54,1,0.98,observed,EVI_TXN_TXN_000099,INGESTION_PIPELINE,RULE_BASED_EXTRACTOR,v1.0,True
REL_000600,P_00193,Person,P_04387,Person,TRANSACTS_WITH,2025-07-07T05:03:22,2025-07-07T05:03:22,2025-07-07T05:03:22,2025-07-07T05:03:22,1,0.98,observed,EVI_TXN_TXN_000100,INGESTION_PIPELINE,RULE_BASED_EXTRACTOR,v1.0,True
REL_000601,P_04514,Person,P_02094,Person,TRANSACTS_WITH,2027-07-10T05:15:20,2027-07-10T05:15:20,2027-07-10T05:15:20,2027-07-10T05:15:20,1,0.98,observed,EVI_TXN_TXN_000101,INGESTION_PIPELINE,RULE_BASED_EXTRACTOR,v1.0,True
REL_000602,P_02841,Person,P_03545,Person,TRANSACTS_WITH,2025-10-22T03:46:17,2025-10-22T03:46:17,2025-10-22T03:46:17,2025-10-22T03:46:17,1,0.98,observed,EVI_TXN_TXN_000102,INGESTION_PIPELINE,RULE_BASED_EXTRACTOR,v1.0,True
REL_000603,P_01209,Person,P_04103,Person,TRANSACTS_WITH,2027-09-03T23:44:58,2027-09-03T23:44:58,2027-09-03T23:44:58,2027-09-03T23:44:58,1,0.98,observed,EVI_TXN_TXN_000103,INGESTION_PIPELINE,RULE_BASED_EXTRACTOR,v1.0,True
REL_000604,P_01202,Person,P_00214,Person,TRANSACTS_WITH,2027-11-21T02:42:00,2027-11-21T02:42:00,2027-11-21T02:42:00,2027-11-21T02:42:00,1,0.98,observed,EVI_TXN_TXN_000104,INGESTION_PIPELINE,RULE_BASED_EXTRACTOR,v1.0,True
REL_000605,P_00667,Person,P_04413,Person,TRANSACTS_WITH,2027-01-20T23:48:37,2027-01-20T23:48:37,2027-01-20T23:48:37,2027-01-20T23:48:37,1,0.98,observed,EVI_TXN_TXN_000105,INGESTION_PIPELINE,RULE_BASED_EXTRACTOR,v1.0,True
REL_000606,P_03789,Person,P_04232,Person,TRANSACTS_WITH,2026-08-23T08:13:23,2026-08-23T08:13:23,2026-08-23T08:13:23,2026-08-23T08:13:23,1,0.98,observed,EVI_TXN_TXN_000106,INGESTION_PIPELINE,RULE_BASED_EXTRACTOR,v1.0,True
REL_000607,P_03997,Person,P_04774,Person,TRANSACTS_WITH,2027-10-22T01:45:58,2027-10-22T01:45:58,2027-10-22T01:45:58,2027-10-22T01:45:58,1,0.98,observed,EVI_TXN_TXN_000107,INGESTION_PIPELINE,RULE_BASED_EXTRACTOR,v1.0,True
REL_000608,P_02958,Person,P_04468,Person,TRANSACTS_WITH,2026-10-22T22:26:48,2026-10-22T22:26:48,2026-10-22T22:26:48,2026-10-22T22:26:48,1,0.98,observed,EVI_TXN_TXN_000108,INGESTION_PIPELINE,RULE_BASED_EXTRACTOR,v1.0,True
REL_000609,P_02077,Person,P_00199,Person,TRANSACTS_WITH,2025-04-03T17:04:22,2025-04-03T17:04:22,2025-04-03T17:04:22,2025-04-03T17:04:22,1,0.98,observed,EVI_TXN_TXN_000109,INGESTION_PIPELINE,RULE_BASED_EXTRACTOR,v1.0,True
REL_000610,P_04774,Person,P_03780,Person,TRANSACTS_WITH,2026-09-27T23:14:55,2026-09-27T23:14:55,2026-09-27T23:14:55,2026-09-27T23:14:55,1,0.98,observed,EVI_TXN_TXN_000110,INGESTION_PIPELINE,RULE_BASED_EXTRACTOR,v1.0,True
REL_000611,P_03700,Person,P_01747,Person,TRANSACTS_WITH,2027-01-21T10:44:31,2027-01-21T10:44:31,2027-01-21T10:44:31,2027-01-21T10:44:31,1,0.98,observed,EVI_TXN_TXN_000111,INGESTION_PIPELINE,RULE_BASED_EXTRACTOR,v1.0,True
REL_000612,P_03233,Person,P_00494,Person,TRANSACTS_WITH,2025-04-13T05:36:58,2025-04-13T05:36:58,2025-04-13T05:36:58,2025-04-13T05:36:58,1,0.98,observed,EVI_TXN_TXN_000112,INGESTION_PIPELINE,RULE_BASED_EXTRACTOR,v1.0,True
REL_000613,P_01883,Person,P_01884,Person,TRANSACTS_WITH,2027-05-28T09:02:07,2027-05-28T09:02:07,2027-05-28T09:02:07,2027-05-28T09:02:07,1,0.98,observed,EVI_TXN_TXN_000113,INGESTION_PIPELINE,RULE_BASED_EXTRACTOR,v1.0,True
REL_000614,P_04900,Person,P_01870,Person,TRANSACTS_WITH,2027-01-22T13:50:16,2027-01-22T13:50:16,2027-01-22T13:50:16,2027-01-22T13:50:16,1,0.98,observed,EVI_TXN_TXN_000114,INGESTION_PIPELINE,RULE_BASED_EXTRACTOR,v1.0,True
REL_000615,P_04408,Person,P_03203,Person,TRANSACTS_WITH,2026-10-04T07:04:03,2026-10-04T07:04:03,2026-10-04T07:04:03,2026-10-04T07:04:03,1,0.98,observed,EVI_TXN_TXN_000115,INGESTION_PIPELINE,RULE_BASED_EXTRACTOR,v1.0,True
REL_000616,P_01671,Person,P_02156,Person,TRANSACTS_WITH,2027-12-16T01:09:19,2027-12-16T01:09:19,2027-12-16T01:09:19,2027-12-16T01:09:19,1,0.98,observed,EVI_TXN_TXN_000116,INGESTION_PIPELINE,RULE_BASED_EXTRACTOR,v1.0,True
REL_000617,P_02739,Person,P_02323,Person,TRANSACTS_WITH,2025-02-23T04:00:04,2025-02-23T04:00:04,2025-02-23T04:00:04,2025-02-23T04:00:04,1,0.98,observed,EVI_TXN_TXN_000117,INGESTION_PIPELINE,RULE_BASED_EXTRACTOR,v1.0,True
REL_000618,P_04363,Person,P_02584,Person,TRANSACTS_WITH,2026-04-23T13:10:19,2026-04-23T13:10:19,2026-04-23T13:10:19,2026-04-23T13:10:19,1,0.98,observed,EVI_TXN_TXN_000118,INGESTION_PIPELINE,RULE_BASED_EXTRACTOR,v1.0,True
REL_000619,P_01459,Person,P_02510,Person,TRANSACTS_WITH,2027-01-04T19:33:01,2027-01-04T19:33:01,2027-01-04T19:33:01,2027-01-04T19:33:01,1,0.98,observed,EVI_TXN_TXN_000119,INGESTION_PIPELINE,RULE_BASED_EXTRACTOR,v1.0,True
REL_000620,P_02670,Person,P_03295,Person,TRANSACTS_WITH,2027-06-24T07:56:00,2027-06-24T07:56:00,2027-06-24T07:56:00,2027-06-24T07:56:00,1,0.98,observed,EVI_TXN_TXN_000120,INGESTION_PIPELINE,RULE_BASED_EXTRACTOR,v1.0,True
REL_000621,P_02873,Person,P_04217,Person,TRANSACTS_WITH,2027-08-21T03:36:18,2027-08-21T03:36:18,2027-08-21T03:36:18,2027-08-21T03:36:18,1,0.98,observed,EVI_TXN_TXN_000121,INGESTION_PIPELINE,RULE_BASED_EXTRACTOR,v1.0,True
REL_000622,P_03189,Person,P_03605,Person,TRANSACTS_WITH,2025-06-09T04:49:21,2025-06-09T04:49:21,2025-06-09T04:49:21,2025-06-09T04:49:21,1,0.98,observed,EVI_TXN_TXN_000122,INGESTION_PIPELINE,RULE_BASED_EXTRACTOR,v1.0,True
REL_000623,P_04178,Person,P_02282,Person,TRANSACTS_WITH,2026-08-19T06:22:35,2026-08-19T06:22:35,2026-08-19T06:22:35,2026-08-19T06:22:35,1,0.98,observed,EVI_TXN_TXN_000123,INGESTION_PIPELINE,RULE_BASED_EXTRACTOR,v1.0,True
REL_000624,P_03757,Person,P_00868,Person,TRANSACTS_WITH,2026-10-22T04:32:14,2026-10-22T04:32:14,2026-10-22T04:32:14,2026-10-22T04:32:14,1,0.98,observed,EVI_TXN_TXN_000124,INGESTION_PIPELINE,RULE_BASED_EXTRACTOR,v1.0,True
REL_000625,P_00689,Person,P_01670,Person,TRANSACTS_WITH,2025-07-21T22:40:33,2025-07-21T22:40:33,2025-07-21T22:40:33,2025-07-21T22:40:33,1,0.98,observed,EVI_TXN_TXN_000125,INGESTION_PIPELINE,RULE_BASED_EXTRACTOR,v1.0,True
REL_000626,P_03182,Person,P_00867,Person,TRANSACTS_WITH,2027-11-16T06:59:26,2027-11-16T06:59:26,2027-11-16T06:59:26,2027-11-16T06:59:26,1,0.98,observed,EVI_TXN_TXN_000126,INGESTION_PIPELINE,RULE_BASED_EXTRACTOR,v1.0,True
REL_000627,P_00582,Person,P_03169,Person,TRANSACTS_WITH,2026-08-19T14:10:07,2026-08-19T14:10:07,2026-08-19T14:10:07,2026-08-19T14:10:07,1,0.98,observed,EVI_TXN_TXN_000127,INGESTION_PIPELINE,RULE_BASED_EXTRACTOR,v1.0,True
REL_000628,P_02863,Person,P_00424,Person,TRANSACTS_WITH,2027-05-08T04:35:05,2027-05-08T04:35:05,2027-05-08T04:35:05,2027-05-08T04:35:05,1,0.98,observed,EVI_TXN_TXN_000128,INGESTION_PIPELINE,RULE_BASED_EXTRACTOR,v1.0,True
REL_000629,P_00454,Person,P_01458,Person,TRANSACTS_WITH,2027-03-11T13:07:57,2027-03-11T13:07:57,2027-03-11T13:07:57,2027-03-11T13:07:57,1,0.98,observed,EVI_TXN_TXN_000129,INGESTION_PIPELINE,RULE_BASED_EXTRACTOR,v1.0,True
REL_000630,P_00885,Person,P_01640,Person,TRANSACTS_WITH,2026-06-04T00:57:22,2026-06-04T00:57:22,2026-06-04T00:57:22,2026-06-04T00:57:22,1,0.98,observed,EVI_TXN_TXN_000130,INGESTION_PIPELINE,RULE_BASED_EXTRACTOR,v1.0,True
REL_000631,P_04689,Person,P_01238,Person,TRANSACTS_WITH,2025-09-05T02:18:12,2025-09-05T02:18:12,2025-09-05T02:18:12,2025-09-05T02:18:12,1,0.98,observed,EVI_TXN_TXN_000131,INGESTION_PIPELINE,RULE_BASED_EXTRACTOR,v1.0,True
REL_000632,P_01522,Person,P_03506,Person,TRANSACTS_WITH,2027-10-26T09:57:22,2027-10-26T09:57:22,2027-10-26T09:57:22,2027-10-26T09:57:22,1,0.98,observed,EVI_TXN_TXN_000132,INGESTION_PIPELINE,RULE_BASED_EXTRACTOR,v1.0,True
REL_000633,P_00468,Person,P_00713,Person,TRANSACTS_WITH,2025-04-17T02:55:00,2025-04-17T02:55:00,2025-04-17T02:55:00,2025-04-17T02:55:00,1,0.98,observed,EVI_TXN_TXN_000133,INGESTION_PIPELINE,RULE_BASED_EXTRACTOR,v1.0,True
REL_000634,P_04807,Person,P_02251,Person,TRANSACTS_WITH,2025-01-21T13:05:27,2025-01-21T13:05:27,2025-01-21T13:05:27,2025-01-21T13:05:27,1,0.98,observed,EVI_TXN_TXN_000134,INGESTION_PIPELINE,RULE_BASED_EXTRACTOR,v1.0,True
REL_000635,P_01741,Person,P_01153,Person,TRANSACTS_WITH,2026-01-11T22:49:15,2026-01-11T22:49:15,2026-01-11T22:49:15,2026-01-11T22:49:15,1,0.98,observed,EVI_TXN_TXN_000135,INGESTION_PIPELINE,RULE_BASED_EXTRACTOR,v1.0,True
REL_000636,P_02429,Person,P_04677,Person,TRANSACTS_WITH,2027-12-05T13:29:27,2027-12-05T13:29:27,2027-12-05T13:29:27,2027-12-05T13:29:27,1,0.98,observed,EVI_TXN_TXN_000136,INGESTION_PIPELINE,RULE_BASED_EXTRACTOR,v1.0,True
REL_000637,P_01606,Person,P_00027,Person,TRANSACTS_WITH,2025-09-01T10:17:52,2025-09-01T10:17:52,2025-09-01T10:17:52,2025-09-01T10:17:52,1,0.98,observed,EVI_TXN_TXN_000137,INGESTION_PIPELINE,RULE_BASED_EXTRACTOR,v1.0,True
REL_000638,P_03605,Person,P_03601,Person,TRANSACTS_WITH,2027-04-18T19:18:34,2027-04-18T19:18:34,2027-04-18T19:18:34,2027-04-18T19:18:34,1,0.98,observed,EVI_TXN_TXN_000138,INGESTION_PIPELINE,RULE_BASED_EXTRACTOR,v1.0,True
REL_000639,P_03757,Person,P_03096,Person,TRANSACTS_WITH,2025-12-26T18:29:10,2025-12-26T18:29:10,2025-12-26T18:29:10,2025-12-26T18:29:10,1,0.98,observed,EVI_TXN_TXN_000139,INGESTION_PIPELINE,RULE_BASED_EXTRACTOR,v1.0,True
REL_000640,P_02094,Person,P_01611,Person,TRANSACTS_WITH,2026-09-01T09:48:45,2026-09-01T09:48:45,2026-09-01T09:48:45,2026-09-01T09:48:45,1,0.98,observed,EVI_TXN_TXN_000140,INGESTION_PIPELINE,RULE_BASED_EXTRACTOR,v1.0,True
REL_000641,P_04883,Person,P_00378,Person,TRANSACTS_WITH,2025-09-06T00:30:46,2025-09-06T00:30:46,2025-09-06T00:30:46,2025-09-06T00:30:46,1,0.98,observed,EVI_TXN_TXN_000141,INGESTION_PIPELINE,RULE_BASED_EXTRACTOR,v1.0,True
REL_000642,P_01883,Person,P_04614,Person,TRANSACTS_WITH,2026-12-30T07:12:08,2026-12-30T07:12:08,2026-12-30T07:12:08,2026-12-30T07:12:08,1,0.98,observed,EVI_TXN_TXN_000142,INGESTION_PIPELINE,RULE_BASED_EXTRACTOR,v1.0,True
REL_000643,P_03481,Person,P_01143,Person,TRANSACTS_WITH,2026-04-26T12:30:15,2026-04-26T12:30:15,2026-04-26T12:30:15,2026-04-26T12:30:15,1,0.98,observed,EVI_TXN_TXN_000143,INGESTION_PIPELINE,RULE_BASED_EXTRACTOR,v1.0,True
REL_000644,P_04970,Person,P_02251,Person,TRANSACTS_WITH,2027-07-23T23:13:04,2027-07-23T23:13:04,2027-07-23T23:13:04,2027-07-23T23:13:04,1,0.98,observed,EVI_TXN_TXN_000144,INGESTION_PIPELINE,RULE_BASED_EXTRACTOR,v1.0,True
REL_000645,P_03410,Person,P_00609,Person,TRANSACTS_WITH,2026-02-03T07:40:53,2026-02-03T07:40:53,2026-02-03T07:40:53,2026-02-03T07:40:53,1,0.98,observed,EVI_TXN_TXN_000145,INGESTION_PIPELINE,RULE_BASED_EXTRACTOR,v1.0,True
REL_000646,P_04792,Person,P_01528,Person,TRANSACTS_WITH,2026-09-01T09:48:45,2026-09-01T09:48:45,2026-09-01T09:48:45,2026-09-01T09:48:45,1,0.98,observed,EVI_TXN_TXN_000146,INGESTION_PIPELINE,RULE_BASED_EXTRACTOR,v1.0,True
REL_000647,P_02153,Person,P_02839,Person,TRANSACTS_WITH,2027-05-11T10:10:55,2027-05-11T10:10:55,2027-05-11T10:10:55,2027-05-11T10:10:55,1,0.98,observed,EVI_TXN_TXN_000147,INGESTION_PIPELINE,RULE_BASED_EXTRACTOR,v1.0,True
REL_000648,P_02958,Person,P_02404,Person,TRANSACTS_WITH,2027-01-10T14:34:48,2027-01-10T14:34:48,2027-01-10T14:34:48,2027-01-10T14:34:48,1,0.98,observed,EVI_TXN_TXN_000148,INGESTION_PIPELINE,RULE_BASED_EXTRACTOR,v1.0,True
REL_000649,P_00228,Person,P_00231,Person,TRANSACTS_WITH,2026-12-10T18:46:01,2026-12-10T18:46:01,2026-12-10T18:46:01,2026-12-10T18:46:01,1,0.98,observed,EVI_TXN_TXN_000149,INGESTION_PIPELINE,RULE_BASED_EXTRACTOR,v1.0,True
REL_000650,P_00136,Person,P_01350,Person,TRANSACTS_WITH,2027-10-23T05:25:36,2027-10-23T05:25:36,2027-10-23T05:25:36,2027-10-23T05:25:36,1,0.98,observed,EVI_TXN_TXN_000150,INGESTION_PIPELINE,RULE_BASED_EXTRACTOR,v1.0,True
REL_000651,P_01548,Person,P_03292,Person,TRANSACTS_WITH,2026-06-18T19:10:13,2026-06-18T19:10:13,2026-06-18T19:10:13,2026-06-18T19:10:13,1,0.98,observed,EVI_TXN_TXN_000151,INGESTION_PIPELINE,RULE_BASED_EXTRACTOR,v1.0,True
REL_000652,P_04751,Person,P_03319,Person,TRANSACTS_WITH,2026-05-22T11:13:45,2026-05-22T11:13:45,2026-05-22T11:13:45,2026-05-22T11:13:45,1,0.98,observed,EVI_TXN_TXN_000152,INGESTION_PIPELINE,RULE_BASED_EXTRACTOR,v1.0,True
REL_000653,P_01726,Person,P_01584,Person,TRANSACTS_WITH,2027-12-18T09:07:33,2027-12-18T09:07:33,2027-12-18T09:07:33,2027-12-18T09:07:33,1,0.98,observed,EVI_TXN_TXN_000153,INGESTION_PIPELINE,RULE_BASED_EXTRACTOR,v1.0,True
REL_000654,P_02077,Person,P_04203,Person,TRANSACTS_WITH,2025-04-15T13:30:29,2025-04-15T13:30:29,2025-04-15T13:30:29,2025-04-15T13:30:29,1,0.98,observed,EVI_TXN_TXN_000154,INGESTION_PIPELINE,RULE_BASED_EXTRACTOR,v1.0,True
REL_000655,P_03079,Person,P_02532,Person,TRANSACTS_WITH,2025-04-11T17:11:58,2025-04-11T17:11:58,2025-04-11T17:11:58,2025-04-11T17:11:58,1,0.98,observed,EVI_TXN_TXN_000155,INGESTION_PIPELINE,RULE_BASED_EXTRACTOR,v1.0,True
REL_000656,P_04151,Person,P_03963,Person,TRANSACTS_WITH,2026-12-11T22:01:39,2026-12-11T22:01:39,2026-12-11T22:01:39,2026-12-11T22:01:39,1,0.98,observed,EVI_TXN_TXN_000156,INGESTION_PIPELINE,RULE_BASED_EXTRACTOR,v1.0,True
REL_000657,P_02221,Person,P_01705,Person,TRANSACTS_WITH,2025-04-22T15:22:13,2025-04-22T15:22:13,2025-04-22T15:22:13,2025-04-22T15:22:13,1,0.98,observed,EVI_TXN_TXN_000157,INGESTION_PIPELINE,RULE_BASED_EXTRACTOR,v1.0,True
REL_000658,P_00720,Person,P_03865,Person,TRANSACTS_WITH,2025-04-20T21:21:57,2025-04-20T21:21:57,2025-04-20T21:21:57,2025-04-20T21:21:57,1,0.98,observed,EVI_TXN_TXN_000158,INGESTION_PIPELINE,RULE_BASED_EXTRACTOR,v1.0,True
REL_000659,P_03634,Person,P_03685,Person,TRANSACTS_WITH,2027-03-28T12:34:28,2027-03-28T12:34:28,2027-03-28T12:34:28,2027-03-28T12:34:28,1,0.98,observed,EVI_TXN_TXN_000159,INGESTION_PIPELINE,RULE_BASED_EXTRACTOR,v1.0,True
REL_000660,P_00689,Person,P_01143,Person,TRANSACTS_WITH,2025-02-12T10:27:07,2025-02-12T10:27:07,2025-02-12T10:27:07,2025-02-12T10:27:07,1,0.98,observed,EVI_TXN_TXN_000160,INGESTION_PIPELINE,RULE_BASED_EXTRACTOR,v1.0,True
REL_000661,P_04977,Person,P_02859,Person,TRANSACTS_WITH,2026-02-16T17:23:00,2026-02-16T17:23:00,2026-02-16T17:23:00,2026-02-16T17:23:00,1,0.98,observed,EVI_TXN_TXN_000161,INGESTION_PIPELINE,RULE_BASED_EXTRACTOR,v1.0,True
REL_000662,P_04636,Person,P_02063,Person,TRANSACTS_WITH,2027-11-29T16:06:48,2027-11-29T16:06:48,2027-11-29T16:06:48,2027-11-29T16:06:48,1,0.98,observed,EVI_TXN_TXN_000162,INGESTION_PIPELINE,RULE_BASED_EXTRACTOR,v1.0,True
REL_000663,P_01358,Person,P_00779,Person,TRANSACTS_WITH,2025-03-08T09:37:55,2025-03-08T09:37:55,2025-03-08T09:37:55,2025-03-08T09:37:55,1,0.98,observed,EVI_TXN_TXN_000163,INGESTION_PIPELINE,RULE_BASED_EXTRACTOR,v1.0,True
REL_000664,P_03717,Person,P_02829,Person,TRANSACTS_WITH,2025-06-24T17:37:44,2025-06-24T17:37:44,2025-06-24T17:37:44,2025-06-24T17:37:44,1,0.98,observed,EVI_TXN_TXN_000164,INGESTION_PIPELINE,RULE_BASED_EXTRACTOR,v1.0,True
REL_000665,P_00577,Person,P_01021,Person,TRANSACTS_WITH,2027-08-11T11:17:22,2027-08-11T11:17:22,2027-08-11T11:17:22,2027-08-11T11:17:22,1,0.98,observed,EVI_TXN_TXN_000165,INGESTION_PIPELINE,RULE_BASED_EXTRACTOR,v1.0,True
REL_000666,P_02571,Person,P_01076,Person,TRANSACTS_WITH,2025-04-18T14:18:38,2025-04-18T14:18:38,2025-04-18T14:18:38,2025-04-18T14:18:38,1,0.98,observed,EVI_TXN_TXN_000166,INGESTION_PIPELINE,RULE_BASED_EXTRACTOR,v1.0,True
REL_000667,P_01004,Person,P_02274,Person,TRANSACTS_WITH,2025-03-10T22:53:17,2025-03-10T22:53:17,2025-03-10T22:53:17,2025-03-10T22:53:17,1,0.98,observed,EVI_TXN_TXN_000167,INGESTION_PIPELINE,RULE_BASED_EXTRACTOR,v1.0,True
REL_000668,P_02419,Person,P_01657,Person,TRANSACTS_WITH,2026-07-05T22:04:23,2026-07-05T22:04:23,2026-07-05T22:04:23,2026-07-05T22:04:23,1,0.98,observed,EVI_TXN_TXN_000168,INGESTION_PIPELINE,RULE_BASED_EXTRACTOR,v1.0,True
REL_000669,P_00558,Person,P_03393,Person,TRANSACTS_WITH,2026-07-17T23:20:15,2026-07-17T23:20:15,2026-07-17T23:20:15,2026-07-17T23:20:15,1,0.98,observed,EVI_TXN_TXN_000169,INGESTION_PIPELINE,RULE_BASED_EXTRACTOR,v1.0,True
REL_000670,P_04048,Person,P_04938,Person,TRANSACTS_WITH,2025-04-11T17:11:58,2025-04-11T17:11:58,2025-04-11T17:11:58,2025-04-11T17:11:58,1,0.98,observed,EVI_TXN_TXN_000170,INGESTION_PIPELINE,RULE_BASED_EXTRACTOR,v1.0,True
REL_000671,P_01998,Person,P_03286,Person,TRANSACTS_WITH,2025-03-27T03:06:28,2025-03-27T03:06:28,2025-03-27T03:06:28,2025-03-27T03:06:28,1,0.98,observed,EVI_TXN_TXN_000171,INGESTION_PIPELINE,RULE_BASED_EXTRACTOR,v1.0,True
REL_000672,P_02264,Person,P_00084,Person,TRANSACTS_WITH,2026-07-29T04:53:09,2026-07-29T04:53:09,2026-07-29T04:53:09,2026-07-29T04:53:09,1,0.98,observed,EVI_TXN_TXN_000172,INGESTION_PIPELINE,RULE_BASED_EXTRACTOR,v1.0,True
REL_000673,P_01906,Person,P_02636,Person,TRANSACTS_WITH,2027-09-06T21:18:40,2027-09-06T21:18:40,2027-09-06T21:18:40,2027-09-06T21:18:40,1,0.98,observed,EVI_TXN_TXN_000173,INGESTION_PIPELINE,RULE_BASED_EXTRACTOR,v1.0,True
REL_000674,P_00524,Person,P_01303,Person,TRANSACTS_WITH,2027-07-05T22:50:40,2027-07-05T22:50:40,2027-07-05T22:50:40,2027-07-05T22:50:40,1,0.98,observed,EVI_TXN_TXN_000174,INGESTION_PIPELINE,RULE_BASED_EXTRACTOR,v1.0,True
REL_000675,P_02112,Person,P_03160,Person,TRANSACTS_WITH,2026-02-23T07:13:15,2026-02-23T07:13:15,2026-02-23T07:13:15,2026-02-23T07:13:15,1,0.98,observed,EVI_TXN_TXN_000175,INGESTION_PIPELINE,RULE_BASED_EXTRACTOR,v1.0,True
REL_000676,P_01670,Person,P_02711,Person,TRANSACTS_WITH,2025-04-08T04:18:45,2025-04-08T04:18:45,2025-04-08T04:18:45,2025-04-08T04:18:45,1,0.98,observed,EVI_TXN_TXN_000176,INGESTION_PIPELINE,RULE_BASED_EXTRACTOR,v1.0,True
REL_000677,P_04278,Person,P_01475,Person,TRANSACTS_WITH,2027-01-04T19:33:01,2027-01-04T19:33:01,2027-01-04T19:33:01,2027-01-04T19:33:01,1,0.98,observed,EVI_TXN_TXN_000177,INGESTION_PIPELINE,RULE_BASED_EXTRACTOR,v1.0,True
REL_000678,P_01202,Person,P_02458,Person,TRANSACTS_WITH,2026-10-10T14:47:05,2026-10-10T14:47:05,2026-10-10T14:47:05,2026-10-10T14:47:05,1,0.98,observed,EVI_TXN_TXN_000178,INGESTION_PIPELINE,RULE_BASED_EXTRACTOR,v1.0,True
REL_000679,P_02189,Person,P_00885,Person,TRANSACTS_WITH,2027-07-25T02:02:11,2027-07-25T02:02:11,2027-07-25T02:02:11,2027-07-25T02:02:11,1,0.98,observed,EVI_TXN_TXN_000179,INGESTION_PIPELINE,RULE_BASED_EXTRACTOR,v1.0,True
REL_000680,P_03542,Person,P_03151,Person,TRANSACTS_WITH,2027-07-23T23:13:04,2027-07-23T23:13:04,2027-07-23T23:13:04,2027-07-23T23:13:04,1,0.98,observed,EVI_TXN_TXN_000180,INGESTION_PIPELINE,RULE_BASED_EXTRACTOR,v1.0,True
REL_000681,P_00245,Person,P_01484,Person,TRANSACTS_WITH,2026-10-22T04:32:14,2026-10-22T04:32:14,2026-10-22T04:32:14,2026-10-22T04:32:14,1,0.98,observed,EVI_TXN_TXN_000181,INGESTION_PIPELINE,RULE_BASED_EXTRACTOR,v1.0,True
REL_000682,P_04012,Person,P_04275,Person,TRANSACTS_WITH,2027-11-07T22:46:27,2027-11-07T22:46:27,2027-11-07T22:46:27,2027-11-07T22:46:27,1,0.98,observed,EVI_TXN_TXN_000182,INGESTION_PIPELINE,RULE_BASED_EXTRACTOR,v1.0,True
REL_000683,P_04788,Person,P_02863,Person,TRANSACTS_WITH,2025-04-22T21:15:03,2025-04-22T21:15:03,2025-04-22T21:15:03,2025-04-22T21:15:03,1,0.98,observed,EVI_TXN_TXN_000183,INGESTION_PIPELINE,RULE_BASED_EXTRACTOR,v1.0,True
REL_000684,P_01515,Person,P_02348,Person,TRANSACTS_WITH,2026-05-06T14:29:58,2026-05-06T14:29:58,2026-05-06T14:29:58,2026-05-06T14:29:58,1,0.98,observed,EVI_TXN_TXN_000184,INGESTION_PIPELINE,RULE_BASED_EXTRACTOR,v1.0,True
REL_000685,P_01358,Person,P_00609,Person,TRANSACTS_WITH,2025-04-30T16:38:10,2025-04-30T16:38:10,2025-04-30T16:38:10,2025-04-30T16:38:10,1,0.98,observed,EVI_TXN_TXN_000185,INGESTION_PIPELINE,RULE_BASED_EXTRACTOR,v1.0,True
REL_000686,P_02207,Person,P_02428,Person,TRANSACTS_WITH,2026-06-04T16:27:25,2026-06-04T16:27:25,2026-06-04T16:27:25,2026-06-04T16:27:25,1,0.98,observed,EVI_TXN_TXN_000186,INGESTION_PIPELINE,RULE_BASED_EXTRACTOR,v1.0,True
REL_000687,P_00521,Person,P_03438,Person,TRANSACTS_WITH,2025-04-12T15:54:32,2025-04-12T15:54:32,2025-04-12T15:54:32,2025-04-12T15:54:32,1,0.98,observed,EVI_TXN_TXN_000187,INGESTION_PIPELINE,RULE_BASED_EXTRACTOR,v1.0,True
REL_000688,P_01587,Person,P_02894,Person,TRANSACTS_WITH,2026-03-21T01:06:09,2026-03-21T01:06:09,2026-03-21T01:06:09,2026-03-21T01:06:09,1,0.98,observed,EVI_TXN_TXN_000188,INGESTION_PIPELINE,RULE_BASED_EXTRACTOR,v1.0,True
REL_000689,P_03556,Person,P_01414,Person,TRANSACTS_WITH,2025-12-29T13:48:12,2025-12-29T13:48:12,2025-12-29T13:48:12,2025-12-29T13:48:12,1,0.98,observed,EVI_TXN_TXN_000189,INGESTION_PIPELINE,RULE_BASED_EXTRACTOR,v1.0,True
REL_000690,P_04342,Person,P_00389,Person,TRANSACTS_WITH,2025-08-02T14:38:45,2025-08-02T14:38:45,2025-08-02T14:38:45,2025-08-02T14:38:45,1,0.98,observed,EVI_TXN_TXN_000190,INGESTION_PIPELINE,RULE_BASED_EXTRACTOR,v1.0,True
REL_000691,P_01902,Person,P_02215,Person,TRANSACTS_WITH,2025-01-28T05:16:04,2025-01-28T05:16:04,2025-01-28T05:16:04,2025-01-28T05:16:04,1,0.98,observed,EVI_TXN_TXN_000191,INGESTION_PIPELINE,RULE_BASED_EXTRACTOR,v1.0,True
REL_000692,P_02393,Person,P_04691,Person,TRANSACTS_WITH,2026-12-01T03:52:50,2026-12-01T03:52:50,2026-12-01T03:52:50,2026-12-01T03:52:50,1,0.98,observed,EVI_TXN_TXN_000192,INGESTION_PIPELINE,RULE_BASED_EXTRACTOR,v1.0,True
REL_000693,P_00083,Person,P_01146,Person,TRANSACTS_WITH,2027-07-10T03:03:13,2027-07-10T03:03:13,2027-07-10T03:03:13,2027-07-10T03:03:13,1,0.98,observed,EVI_TXN_TXN_000193,INGESTION_PIPELINE,RULE_BASED_EXTRACTOR,v1.0,True
REL_000694,P_04252,Person,P_01327,Person,TRANSACTS_WITH,2026-03-30T02:01:03,2026-03-30T02:01:03,2026-03-30T02:01:03,2026-03-30T02:01:03,1,0.98,observed,EVI_TXN_TXN_000194,INGESTION_PIPELINE,RULE_BASED_EXTRACTOR,v1.0,True
REL_000695,P_02435,Person,P_00894,Person,TRANSACTS_WITH,2025-04-02T01:59:06,2025-04-02T01:59:06,2025-04-02T01:59:06,2025-04-02T01:59:06,1,0.98,observed,EVI_TXN_TXN_000195,INGESTION_PIPELINE,RULE_BASED_EXTRACTOR,v1.0,True
REL_000696,P_00113,Person,P_01553,Person,TRANSACTS_WITH,2027-06-24T20:58:31,2027-06-24T20:58:31,2027-06-24T20:58:31,2027-06-24T20:58:31,1,0.98,observed,EVI_TXN_TXN_000196,INGESTION_PIPELINE,RULE_BASED_EXTRACTOR,v1.0,True
REL_000697,P_00599,Person,P_00225,Person,TRANSACTS_WITH,2025-04-01T20:54:03,2025-04-01T20:54:03,2025-04-01T20:54:03,2025-04-01T20:54:03,1,0.98,observed,EVI_TXN_TXN_000197,INGESTION_PIPELINE,RULE_BASED_EXTRACTOR,v1.0,True
REL_000698,P_01779,Person,P_03826,Person,TRANSACTS_WITH,2027-11-10T12:19:56,2027-11-10T12:19:56,2027-11-10T12:19:56,2027-11-10T12:19:56,1,0.98,observed,EVI_TXN_TXN_000198,INGESTION_PIPELINE,RULE_BASED_EXTRACTOR,v1.0,True
REL_000699,P_02385,Person,P_04131,Person,TRANSACTS_WITH,2026-04-25T09:00:06,2026-04-25T09:00:06,2026-04-25T09:00:06,2026-04-25T09:00:06,1,0.98,observed,EVI_TXN_TXN_000199,INGESTION_PIPELINE,RULE_BASED_EXTRACTOR,v1.0,True
REL_000700,P_00005,Person,P_04053,Person,TRANSACTS_WITH,2026-06-21T19:51:49,2026-06-21T19:51:49,2026-06-21T19:51:49,2026-06-21T19:51:49,1,0.98,observed,EVI_TXN_TXN_000200,INGESTION_PIPELINE,RULE_BASED_EXTRACTOR,v1.0,True
REL_000701,P_04597,Person,P_03982,Person,TRANSACTS_WITH,2027-08-20T08:46:06,2027-08-20T08:46:06,2027-08-20T08:46:06,2027-08-20T08:46:06,1,0.98,observed,EVI_TXN_TXN_000201,INGESTION_PIPELINE,RULE_BASED_EXTRACTOR,v1.0,True
REL_000702,P_04400,Person,P_02829,Person,TRANSACTS_WITH,2027-12-05T13:29:27,2027-12-05T13:29:27,2027-12-05T13:29:27,2027-12-05T13:29:27,1,0.98,observed,EVI_TXN_TXN_000202,INGESTION_PIPELINE,RULE_BASED_EXTRACTOR,v1.0,True
REL_000703,P_04441,Person,P_00951,Person,TRANSACTS_WITH,2026-10-17T04:12:37,2026-10-17T04:12:37,2026-10-17T04:12:37,2026-10-17T04:12:37,1,0.98,observed,EVI_TXN_TXN_000203,INGESTION_PIPELINE,RULE_BASED_EXTRACTOR,v1.0,True
REL_000704,P_03486,Person,P_02344,Person,TRANSACTS_WITH,2026-06-19T22:55:02,2026-06-19T22:55:02,2026-06-19T22:55:02,2026-06-19T22:55:02,1,0.98,observed,EVI_TXN_TXN_000204,INGESTION_PIPELINE,RULE_BASED_EXTRACTOR,v1.0,True
REL_000705,P_01285,Person,P_01649,Person,TRANSACTS_WITH,2025-05-05T02:17:50,2025-05-05T02:17:50,2025-05-05T02:17:50,2025-05-05T02:17:50,1,0.98,observed,EVI_TXN_TXN_000205,INGESTION_PIPELINE,RULE_BASED_EXTRACTOR,v1.0,True
REL_000706,P_00603,Person,P_03172,Person,TRANSACTS_WITH,2027-05-23T18:51:29,2027-05-23T18:51:29,2027-05-23T18:51:29,2027-05-23T18:51:29,1,0.98,observed,EVI_TXN_TXN_000206,INGESTION_PIPELINE,RULE_BASED_EXTRACTOR,v1.0,True
REL_000707,P_01535,Person,P_02295,Person,TRANSACTS_WITH,2025-09-28T08:56:17,2025-09-28T08:56:17,2025-09-28T08:56:17,2025-09-28T08:56:17,1,0.98,observed,EVI_TXN_TXN_000207,INGESTION_PIPELINE,RULE_BASED_EXTRACTOR,v1.0,True
REL_000708,P_04476,Person,P_04921,Person,TRANSACTS_WITH,2026-12-28T23:39:42,2026-12-28T23:39:42,2026-12-28T23:39:42,2026-12-28T23:39:42,1,0.98,observed,EVI_TXN_TXN_000208,INGESTION_PIPELINE,RULE_BASED_EXTRACTOR,v1.0,True
REL_000709,P_00218,Person,P_01704,Person,TRANSACTS_WITH,2026-09-30T13:39:52,2026-09-30T13:39:52,2026-09-30T13:39:52,2026-09-30T13:39:52,1,0.98,observed,EVI_TXN_TXN_000209,INGESTION_PIPELINE,RULE_BASED_EXTRACTOR,v1.0,True
REL_000710,P_04920,Person,P_02994,Person,TRANSACTS_WITH,2027-02-15T01:20:47,2027-02-15T01:20:47,2027-02-15T01:20:47,2027-02-15T01:20:47,1,0.98,observed,EVI_TXN_TXN_000210,INGESTION_PIPELINE,RULE_BASED_EXTRACTOR,v1.0,True
REL_000711,P_02536,Person,P_04262,Person,TRANSACTS_WITH,2026-04-15T11:04:17,2026-04-15T11:04:17,2026-04-15T11:04:17,2026-04-15T11:04:17,1,0.98,observed,EVI_TXN_TXN_000211,INGESTION_PIPELINE,RULE_BASED_EXTRACTOR,v1.0,True
REL_000712,P_03843,Person,P_01594,Person,TRANSACTS_WITH,2025-07-22T07:01:53,2025-07-22T07:01:53,2025-07-22T07:01:53,2025-07-22T07:01:53,1,0.98,observed,EVI_TXN_TXN_000212,INGESTION_PIPELINE,RULE_BASED_EXTRACTOR,v1.0,True
REL_000713,P_01409,Person,P_01233,Person,TRANSACTS_WITH,2025-02-21T20:59:58,2025-02-21T20:59:58,2025-02-21T20:59:58,2025-02-21T20:59:58,1,0.98,observed,EVI_TXN_TXN_000213,INGESTION_PIPELINE,RULE_BASED_EXTRACTOR,v1.0,True
REL_000714,P_02606,Person,P_04021,Person,TRANSACTS_WITH,2025-05-31T21:08:26,2025-05-31T21:08:26,2025-05-31T21:08:26,2025-05-31T21:08:26,1,0.98,observed,EVI_TXN_TXN_000214,INGESTION_PIPELINE,RULE_BASED_EXTRACTOR,v1.0,True
REL_000715,P_02161,Person,P_01506,Person,TRANSACTS_WITH,2026-04-06T17:16:56,2026-04-06T17:16:56,2026-04-06T17:16:56,2026-04-06T17:16:56,1,0.98,observed,EVI_TXN_TXN_000215,INGESTION_PIPELINE,RULE_BASED_EXTRACTOR,v1.0,True
REL_000716,P_01779,Person,P_00299,Person,TRANSACTS_WITH,2026-07-30T20:26:59,2026-07-30T20:26:59,2026-07-30T20:26:59,2026-07-30T20:26:59,1,0.98,observed,EVI_TXN_TXN_000216,INGESTION_PIPELINE,RULE_BASED_EXTRACTOR,v1.0,True
REL_000717,P_00217,Person,P_04450,Person,TRANSACTS_WITH,2026-04-25T09:49:18,2026-04-25T09:49:18,2026-04-25T09:49:18,2026-04-25T09:49:18,1,0.98,observed,EVI_TXN_TXN_000217,INGESTION_PIPELINE,RULE_BASED_EXTRACTOR,v1.0,True
REL_000718,P_00991,Person,P_03957,Person,TRANSACTS_WITH,2027-06-03T08:36:22,2027-06-03T08:36:22,2027-06-03T08:36:22,2027-06-03T08:36:22,1,0.98,observed,EVI_TXN_TXN_000218,INGESTION_PIPELINE,RULE_BASED_EXTRACTOR,v1.0,True
REL_000719,P_03808,Person,P_04103,Person,TRANSACTS_WITH,2027-02-21T05:37:01,2027-02-21T05:37:01,2027-02-21T05:37:01,2027-02-21T05:37:01,1,0.98,observed,EVI_TXN_TXN_000219,INGESTION_PIPELINE,RULE_BASED_EXTRACTOR,v1.0,True
REL_000720,P_01427,Person,P_01954,Person,TRANSACTS_WITH,2025-04-25T05:00:18,2025-04-25T05:00:18,2025-04-25T05:00:18,2025-04-25T05:00:18,1,0.98,observed,EVI_TXN_TXN_000220,INGESTION_PIPELINE,RULE_BASED_EXTRACTOR,v1.0,True
REL_000721,P_04912,Person,P_00014,Person,TRANSACTS_WITH,2025-03-11T19:25:42,2025-03-11T19:25:42,2025-03-11T19:25:42,2025-03-11T19:25:42,1,0.98,observed,EVI_TXN_TXN_000221,INGESTION_PIPELINE,RULE_BASED_EXTRACTOR,v1.0,True
REL_000722,P_03326,Person,P_01376,Person,TRANSACTS_WITH,2025-12-20T08:03:35,2025-12-20T08:03:35,2025-12-20T08:03:35,2025-12-20T08:03:35,1,0.98,observed,EVI_TXN_TXN_000222,INGESTION_PIPELINE,RULE_BASED_EXTRACTOR,v1.0,True
REL_000723,P_03950,Person,P_02156,Person,TRANSACTS_WITH,2027-11-02T17:26:21,2027-11-02T17:26:21,2027-11-02T17:26:21,2027-11-02T17:26:21,1,0.98,observed,EVI_TXN_TXN_000223,INGESTION_PIPELINE,RULE_BASED_EXTRACTOR,v1.0,True
REL_000724,P_00016,Person,P_00354,Person,TRANSACTS_WITH,2025-01-11T06:15:27,2025-01-11T06:15:27,2025-01-11T06:15:27,2025-01-11T06:15:27,1,0.98,observed,EVI_TXN_TXN_000224,INGESTION_PIPELINE,RULE_BASED_EXTRACTOR,v1.0,True
REL_000725,P_00558,Person,P_02751,Person,TRANSACTS_WITH,2026-07-25T14:54:25,2026-07-25T14:54:25,2026-07-25T14:54:25,2026-07-25T14:54:25,1,0.98,observed,EVI_TXN_TXN_000225,INGESTION_PIPELINE,RULE_BASED_EXTRACTOR,v1.0,True
REL_000726,P_04904,Person,P_02348,Person,TRANSACTS_WITH,2026-11-30T16:22:34,2026-11-30T16:22:34,2026-11-30T16:22:34,2026-11-30T16:22:34,1,0.98,observed,EVI_TXN_TXN_000226,INGESTION_PIPELINE,RULE_BASED_EXTRACTOR,v1.0,True
REL_000727,P_00791,Person,P_03522,Person,TRANSACTS_WITH,2026-11-25T01:52:44,2026-11-25T01:52:44,2026-11-25T01:52:44,2026-11-25T01:52:44,1,0.98,observed,EVI_TXN_TXN_000227,INGESTION_PIPELINE,RULE_BASED_EXTRACTOR,v1.0,True
REL_000728,P_04958,Person,P_04177,Person,TRANSACTS_WITH,2025-09-06T00:30:46,2025-09-06T00:30:46,2025-09-06T00:30:46,2025-09-06T00:30:46,1,0.98,observed,EVI_TXN_TXN_000228,INGESTION_PIPELINE,RULE_BASED_EXTRACTOR,v1.0,True
REL_000729,P_02450,Person,P_04807,Person,TRANSACTS_WITH,2026-08-11T09:29:39,2026-08-11T09:29:39,2026-08-11T09:29:39,2026-08-11T09:29:39,1,0.98,observed,EVI_TXN_TXN_000229,INGESTION_PIPELINE,RULE_BASED_EXTRACTOR,v1.0,True
REL_000730,P_01506,Person,P_00650,Person,TRANSACTS_WITH,2026-03-11T21:46:06,2026-03-11T21:46:06,2026-03-11T21:46:06,2026-03-11T21:46:06,1,0.98,observed,EVI_TXN_TXN_000230,INGESTION_PIPELINE,RULE_BASED_EXTRACTOR,v1.0,True
REL_000731,P_02359,Person,P_03290,Person,TRANSACTS_WITH,2026-11-18T09:59:32,2026-11-18T09:59:32,2026-11-18T09:59:32,2026-11-18T09:59:32,1,0.98,observed,EVI_TXN_TXN_000231,INGESTION_PIPELINE,RULE_BASED_EXTRACTOR,v1.0,True
REL_000732,P_04261,Person,P_03738,Person,TRANSACTS_WITH,2026-01-11T22:49:15,2026-01-11T22:49:15,2026-01-11T22:49:15,2026-01-11T22:49:15,1,0.98,observed,EVI_TXN_TXN_000232,INGESTION_PIPELINE,RULE_BASED_EXTRACTOR,v1.0,True
REL_000733,P_01094,Person,P_01574,Person,TRANSACTS_WITH,2025-06-01T22:37:19,2025-06-01T22:37:19,2025-06-01T22:37:19,2025-06-01T22:37:19,1,0.98,observed,EVI_TXN_TXN_000233,INGESTION_PIPELINE,RULE_BASED_EXTRACTOR,v1.0,True
REL_000734,P_03479,Person,P_00188,Person,TRANSACTS_WITH,2025-03-01T06:14:23,2025-03-01T06:14:23,2025-03-01T06:14:23,2025-03-01T06:14:23,1,0.98,observed,EVI_TXN_TXN_000234,INGESTION_PIPELINE,RULE_BASED_EXTRACTOR,v1.0,True
REL_000735,P_00542,Person,P_03498,Person,TRANSACTS_WITH,2026-05-27T21:34:16,2026-05-27T21:34:16,2026-05-27T21:34:16,2026-05-27T21:34:16,1,0.98,observed,EVI_TXN_TXN_000235,INGESTION_PIPELINE,RULE_BASED_EXTRACTOR,v1.0,True
REL_000736,P_01904,Person,P_03635,Person,TRANSACTS_WITH,2025-10-21T21:18:44,2025-10-21T21:18:44,2025-10-21T21:18:44,2025-10-21T21:18:44,1,0.98,observed,EVI_TXN_TXN_000236,INGESTION_PIPELINE,RULE_BASED_EXTRACTOR,v1.0,True
REL_000737,P_01535,Person,P_01303,Person,TRANSACTS_WITH,2027-12-28T08:28:32,2027-12-28T08:28:32,2027-12-28T08:28:32,2027-12-28T08:28:32,1,0.98,observed,EVI_TXN_TXN_000237,INGESTION_PIPELINE,RULE_BASED_EXTRACTOR,v1.0,True
REL_000738,P_00485,Person,P_00558,Person,TRANSACTS_WITH,2026-04-17T15:07:30,2026-04-17T15:07:30,2026-04-17T15:07:30,2026-04-17T15:07:30,1,0.98,observed,EVI_TXN_TXN_000238,INGESTION_PIPELINE,RULE_BASED_EXTRACTOR,v1.0,True
REL_000739,P_02510,Person,P_04103,Person,TRANSACTS_WITH,2025-04-03T06:49:21,2025-04-03T06:49:21,2025-04-03T06:49:21,2025-04-03T06:49:21,1,0.98,observed,EVI_TXN_TXN_000239,INGESTION_PIPELINE,RULE_BASED_EXTRACTOR,v1.0,True
REL_000740,P_00616,Person,P_03574,Person,TRANSACTS_WITH,2026-04-27T13:16:59,2026-04-27T13:16:59,2026-04-27T13:16:59,2026-04-27T13:16:59,1,0.98,observed,EVI_TXN_TXN_000240,INGESTION_PIPELINE,RULE_BASED_EXTRACTOR,v1.0,True
REL_000741,P_00447,Person,P_04792,Person,TRANSACTS_WITH,2026-11-30T16:22:34,2026-11-30T16:22:34,2026-11-30T16:22:34,2026-11-30T16:22:34,1,0.98,observed,EVI_TXN_TXN_000241,INGESTION_PIPELINE,RULE_BASED_EXTRACTOR,v1.0,True
REL_000742,P_02766,Person,P_03642,Person,TRANSACTS_WITH,2027-06-03T08:36:22,2027-06-03T08:36:22,2027-06-03T08:36:22,2027-06-03T08:36:22,1,0.98,observed,EVI_TXN_TXN_000242,INGESTION_PIPELINE,RULE_BASED_EXTRACTOR,v1.0,True
REL_000743,P_02143,Person,P_00320,Person,TRANSACTS_WITH,2025-04-17T02:55:00,2025-04-17T02:55:00,2025-04-17T02:55:00,2025-04-17T02:55:00,1,0.98,observed,EVI_TXN_TXN_000243,INGESTION_PIPELINE,RULE_BASED_EXTRACTOR,v1.0,True
REL_000744,P_04764,Person,P_00708,Person,TRANSACTS_WITH,2025-04-28T15:47:53,2025-04-28T15:47:53,2025-04-28T15:47:53,2025-04-28T15:47:53,1,0.98,observed,EVI_TXN_TXN_000244,INGESTION_PIPELINE,RULE_BASED_EXTRACTOR,v1.0,True
REL_000745,P_02391,Person,P_01157,Person,TRANSACTS_WITH,2026-02-12T08:35:03,2026-02-12T08:35:03,2026-02-12T08:35:03,2026-02-12T08:35:03,1,0.98,observed,EVI_TXN_TXN_000245,INGESTION_PIPELINE,RULE_BASED_EXTRACTOR,v1.0,True
REL_000746,P_00226,Person,P_00426,Person,TRANSACTS_WITH,2026-07-13T11:17:48,2026-07-13T11:17:48,2026-07-13T11:17:48,2026-07-13T11:17:48,1,0.98,observed,EVI_TXN_TXN_000246,INGESTION_PIPELINE,RULE_BASED_EXTRACTOR,v1.0,True
REL_000747,P_01099,Person,P_02458,Person,TRANSACTS_WITH,2026-10-25T23:51:58,2026-10-25T23:51:58,2026-10-25T23:51:58,2026-10-25T23:51:58,1,0.98,observed,EVI_TXN_TXN_000247,INGESTION_PIPELINE,RULE_BASED_EXTRACTOR,v1.0,True
REL_000748,P_04785,Person,P_02037,Person,TRANSACTS_WITH,2025-05-20T04:10:12,2025-05-20T04:10:12,2025-05-20T04:10:12,2025-05-20T04:10:12,1,0.98,observed,EVI_TXN_TXN_000248,INGESTION_PIPELINE,RULE_BASED_EXTRACTOR,v1.0,True
REL_000749,P_01969,Person,P_04826,Person,TRANSACTS_WITH,2027-02-18T10:26:16,2027-02-18T10:26:16,2027-02-18T10:26:16,2027-02-18T10:26:16,1,0.98,observed,EVI_TXN_TXN_000249,INGESTION_PIPELINE,RULE_BASED_EXTRACTOR,v1.0,True
REL_000750,P_04691,Person,P_04126,Person,TRANSACTS_WITH,2026-11-30T09:40:16,2026-11-30T09:40:16,2026-11-30T09:40:16,2026-11-30T09:40:16,1,0.98,observed,EVI_TXN_TXN_000250,INGESTION_PIPELINE,RULE_BASED_EXTRACTOR,v1.0,True
REL_000751,P_04610,Person,P_04255,Person,TRANSACTS_WITH,2025-02-07T08:28:15,2025-02-07T08:28:15,2025-02-07T08:28:15,2025-02-07T08:28:15,1,0.98,observed,EVI_TXN_TXN_000251,INGESTION_PIPELINE,RULE_BASED_EXTRACTOR,v1.0,True
REL_000752,P_00786,Person,P_04614,Person,TRANSACTS_WITH,2025-03-27T03:06:28,2025-03-27T03:06:28,2025-03-27T03:06:28,2025-03-27T03:06:28,1,0.98,observed,EVI_TXN_TXN_000252,INGESTION_PIPELINE,RULE_BASED_EXTRACTOR,v1.0,True
REL_000753,P_03342,Person,P_03615,Person,TRANSACTS_WITH,2025-04-01T11:21:28,2025-04-01T11:21:28,2025-04-01T11:21:28,2025-04-01T11:21:28,1,0.98,observed,EVI_TXN_TXN_000253,INGESTION_PIPELINE,RULE_BASED_EXTRACTOR,v1.0,True
REL_000754,P_03251,Person,P_04188,Person,TRANSACTS_WITH,2025-04-18T03:23:18,2025-04-18T03:23:18,2025-04-18T03:23:18,2025-04-18T03:23:18,1,0.98,observed,EVI_TXN_TXN_000254,INGESTION_PIPELINE,RULE_BASED_EXTRACTOR,v1.0,True
REL_000755,P_02092,Person,P_04979,Person,TRANSACTS_WITH,2027-10-23T09:53:21,2027-10-23T09:53:21,2027-10-23T09:53:21,2027-10-23T09:53:21,1,0.98,observed,EVI_TXN_TXN_000255,INGESTION_PIPELINE,RULE_BASED_EXTRACTOR,v1.0,True
REL_000756,P_00991,Person,P_00250,Person,TRANSACTS_WITH,2027-11-17T10:20:30,2027-11-17T10:20:30,2027-11-17T10:20:30,2027-11-17T10:20:30,1,0.98,observed,EVI_TXN_TXN_000256,INGESTION_PIPELINE,RULE_BASED_EXTRACTOR,v1.0,True
REL_000757,P_02404,Person,P_02315,Person,TRANSACTS_WITH,2026-11-26T02:05:18,2026-11-26T02:05:18,2026-11-26T02:05:18,2026-11-26T02:05:18,1,0.98,observed,EVI_TXN_TXN_000257,INGESTION_PIPELINE,RULE_BASED_EXTRACTOR,v1.0,True
REL_000758,P_00756,Person,P_00959,Person,TRANSACTS_WITH,2026-12-03T05:09:55,2026-12-03T05:09:55,2026-12-03T05:09:55,2026-12-03T05:09:55,1,0.98,observed,EVI_TXN_TXN_000258,INGESTION_PIPELINE,RULE_BASED_EXTRACTOR,v1.0,True
REL_000759,P_01668,Person,P_00708,Person,TRANSACTS_WITH,2026-01-10T14:06:19,2026-01-10T14:06:19,2026-01-10T14:06:19,2026-01-10T14:06:19,1,0.98,observed,EVI_TXN_TXN_000259,INGESTION_PIPELINE,RULE_BASED_EXTRACTOR,v1.0,True
REL_000760,P_01587,Person,P_04626,Person,TRANSACTS_WITH,2027-05-07T02:29:52,2027-05-07T02:29:52,2027-05-07T02:29:52,2027-05-07T02:29:52,1,0.98,observed,EVI_TXN_TXN_000260,INGESTION_PIPELINE,RULE_BASED_EXTRACTOR,v1.0,True
REL_000761,P_02371,Person,P_01731,Person,TRANSACTS_WITH,2026-06-14T05:54:01,2026-06-14T05:54:01,2026-06-14T05:54:01,2026-06-14T05:54:01,1,0.98,observed,EVI_TXN_TXN_000261,INGESTION_PIPELINE,RULE_BASED_EXTRACTOR,v1.0,True
REL_000762,P_00460,Person,P_02010,Person,TRANSACTS_WITH,2026-04-02T20:20:42,2026-04-02T20:20:42,2026-04-02T20:20:42,2026-04-02T20:20:42,1,0.98,observed,EVI_TXN_TXN_000262,INGESTION_PIPELINE,RULE_BASED_EXTRACTOR,v1.0,True
REL_000763,P_03341,Person,P_02686,Person,TRANSACTS_WITH,2025-06-21T19:50:26,2025-06-21T19:50:26,2025-06-21T19:50:26,2025-06-21T19:50:26,1,0.98,observed,EVI_TXN_TXN_000263,INGESTION_PIPELINE,RULE_BASED_EXTRACTOR,v1.0,True
REL_000764,P_03427,Person,P_03219,Person,TRANSACTS_WITH,2025-04-18T13:19:13,2025-04-18T13:19:13,2025-04-18T13:19:13,2025-04-18T13:19:13,1,0.98,observed,EVI_TXN_TXN_000264,INGESTION_PIPELINE,RULE_BASED_EXTRACTOR,v1.0,True
REL_000765,P_04292,Person,P_01581,Person,TRANSACTS_WITH,2026-05-02T02:42:24,2026-05-02T02:42:24,2026-05-02T02:42:24,2026-05-02T02:42:24,1,0.98,observed,EVI_TXN_TXN_000265,INGESTION_PIPELINE,RULE_BASED_EXTRACTOR,v1.0,True
REL_000766,P_02652,Person,P_03789,Person,TRANSACTS_WITH,2027-12-16T01:20:52,2027-12-16T01:20:52,2027-12-16T01:20:52,2027-12-16T01:20:52,1,0.98,observed,EVI_TXN_TXN_000266,INGESTION_PIPELINE,RULE_BASED_EXTRACTOR,v1.0,True
REL_000767,P_00891,Person,P_04636,Person,TRANSACTS_WITH,2027-04-19T21:42:28,2027-04-19T21:42:28,2027-04-19T21:42:28,2027-04-19T21:42:28,1,0.98,observed,EVI_TXN_TXN_000267,INGESTION_PIPELINE,RULE_BASED_EXTRACTOR,v1.0,True
REL_000768,P_04219,Person,P_00726,Person,TRANSACTS_WITH,2027-11-26T17:04:34,2027-11-26T17:04:34,2027-11-26T17:04:34,2027-11-26T17:04:34,1,0.98,observed,EVI_TXN_TXN_000268,INGESTION_PIPELINE,RULE_BASED_EXTRACTOR,v1.0,True
REL_000769,P_02266,Person,P_00708,Person,TRANSACTS_WITH,2025-10-30T04:06:30,2025-10-30T04:06:30,2025-10-30T04:06:30,2025-10-30T04:06:30,1,0.98,observed,EVI_TXN_TXN_000269,INGESTION_PIPELINE,RULE_BASED_EXTRACTOR,v1.0,True
REL_000770,P_00823,Person,P_01528,Person,TRANSACTS_WITH,2027-07-25T02:02:11,2027-07-25T02:02:11,2027-07-25T02:02:11,2027-07-25T02:02:11,1,0.98,observed,EVI_TXN_TXN_000270,INGESTION_PIPELINE,RULE_BASED_EXTRACTOR,v1.0,True
REL_000771,P_01548,Person,P_00939,Person,TRANSACTS_WITH,2026-03-30T02:01:03,2026-03-30T02:01:03,2026-03-30T02:01:03,2026-03-30T02:01:03,1,0.98,observed,EVI_TXN_TXN_000271,INGESTION_PIPELINE,RULE_BASED_EXTRACTOR,v1.0,True
REL_000772,P_01002,Person,P_01284,Person,TRANSACTS_WITH,2026-05-02T23:33:10,2026-05-02T23:33:10,2026-05-02T23:33:10,2026-05-02T23:33:10,1,0.98,observed,EVI_TXN_TXN_000272,INGESTION_PIPELINE,RULE_BASED_EXTRACTOR,v1.0,True
REL_000773,P_02034,Person,P_01795,Person,TRANSACTS_WITH,2027-12-30T02:30:46,2027-12-30T02:30:46,2027-12-30T02:30:46,2027-12-30T02:30:46,1,0.98,observed,EVI_TXN_TXN_000273,INGESTION_PIPELINE,RULE_BASED_EXTRACTOR,v1.0,True
REL_000774,P_01228,Person,P_02372,Person,TRANSACTS_WITH,2026-10-13T23:39:35,2026-10-13T23:39:35,2026-10-13T23:39:35,2026-10-13T23:39:35,1,0.98,observed,EVI_TXN_TXN_000274,INGESTION_PIPELINE,RULE_BASED_EXTRACTOR,v1.0,True
REL_000775,P_02435,Person,P_04892,Person,TRANSACTS_WITH,2026-07-13T11:26:47,2026-07-13T11:26:47,2026-07-13T11:26:47,2026-07-13T11:26:47,1,0.98,observed,EVI_TXN_TXN_000275,INGESTION_PIPELINE,RULE_BASED_EXTRACTOR,v1.0,True
REL_000776,P_01623,Person,P_02527,Person,TRANSACTS_WITH,2026-03-18T17:08:32,2026-03-18T17:08:32,2026-03-18T17:08:32,2026-03-18T17:08:32,1,0.98,observed,EVI_TXN_TXN_000276,INGESTION_PIPELINE,RULE_BASED_EXTRACTOR,v1.0,True
REL_000777,P_02209,Person,P_00396,Person,TRANSACTS_WITH,2026-06-08T07:49:59,2026-06-08T07:49:59,2026-06-08T07:49:59,2026-06-08T07:49:59,1,0.98,observed,EVI_TXN_TXN_000277,INGESTION_PIPELINE,RULE_BASED_EXTRACTOR,v1.0,True
REL_000778,P_03750,Person,P_03012,Person,TRANSACTS_WITH,2026-04-09T23:18:06,2026-04-09T23:18:06,2026-04-09T23:18:06,2026-04-09T23:18:06,1,0.98,observed,EVI_TXN_TXN_000278,INGESTION_PIPELINE,RULE_BASED_EXTRACTOR,v1.0,True
REL_000779,P_04912,Person,P_04092,Person,TRANSACTS_WITH,2026-05-28T02:44:40,2026-05-28T02:44:40,2026-05-28T02:44:40,2026-05-28T02:44:40,1,0.98,observed,EVI_TXN_TXN_000279,INGESTION_PIPELINE,RULE_BASED_EXTRACTOR,v1.0,True
REL_000780,P_01364,Person,P_04740,Person,TRANSACTS_WITH,2025-03-09T06:54:38,2025-03-09T06:54:38,2025-03-09T06:54:38,2025-03-09T06:54:38,1,0.98,observed,EVI_TXN_TXN_000280,INGESTION_PIPELINE,RULE_BASED_EXTRACTOR,v1.0,True
REL_000781,P_02028,Person,P_03542,Person,TRANSACTS_WITH,2025-09-09T08:23:37,2025-09-09T08:23:37,2025-09-09T08:23:37,2025-09-09T08:23:37,1,0.98,observed,EVI_TXN_TXN_000281,INGESTION_PIPELINE,RULE_BASED_EXTRACTOR,v1.0,True
REL_000782,P_03021,Person,P_03915,Person,TRANSACTS_WITH,2025-04-28T11:37:33,2025-04-28T11:37:33,2025-04-28T11:37:33,2025-04-28T11:37:33,1,0.98,observed,EVI_TXN_TXN_000282,INGESTION_PIPELINE,RULE_BASED_EXTRACTOR,v1.0,True
REL_000783,P_00113,Person,P_02166,Person,TRANSACTS_WITH,2027-02-16T21:37:11,2027-02-16T21:37:11,2027-02-16T21:37:11,2027-02-16T21:37:11,1,0.98,observed,EVI_TXN_TXN_000283,INGESTION_PIPELINE,RULE_BASED_EXTRACTOR,v1.0,True
REL_000784,P_04605,Person,P_01559,Person,TRANSACTS_WITH,2025-12-15T23:52:59,2025-12-15T23:52:59,2025-12-15T23:52:59,2025-12-15T23:52:59,1,0.98,observed,EVI_TXN_TXN_000284,INGESTION_PIPELINE,RULE_BASED_EXTRACTOR,v1.0,True
REL_000785,P_03943,Person,P_00710,Person,TRANSACTS_WITH,2027-01-15T01:16:01,2027-01-15T01:16:01,2027-01-15T01:16:01,2027-01-15T01:16:01,1,0.98,observed,EVI_TXN_TXN_000285,INGESTION_PIPELINE,RULE_BASED_EXTRACTOR,v1.0,True
REL_000786,P_02102,Person,P_04196,Person,TRANSACTS_WITH,2025-11-23T07:18:46,2025-11-23T07:18:46,2025-11-23T07:18:46,2025-11-23T07:18:46,1,0.98,observed,EVI_TXN_TXN_000286,INGESTION_PIPELINE,RULE_BASED_EXTRACTOR,v1.0,True
REL_000787,P_01767,Person,P_02462,Person,TRANSACTS_WITH,2027-02-16T03:18:39,2027-02-16T03:18:39,2027-02-16T03:18:39,2027-02-16T03:18:39,1,0.98,observed,EVI_TXN_TXN_000287,INGESTION_PIPELINE,RULE_BASED_EXTRACTOR,v1.0,True
REL_000788,P_02458,Person,P_03870,Person,TRANSACTS_WITH,2026-09-06T19:05:12,2026-09-06T19:05:12,2026-09-06T19:05:12,2026-09-06T19:05:12,1,0.98,observed,EVI_TXN_TXN_000288,INGESTION_PIPELINE,RULE_BASED_EXTRACTOR,v1.0,True
REL_000789,P_03615,Person,P_03992,Person,TRANSACTS_WITH,2025-11-06T11:44:51,2025-11-06T11:44:51,2025-11-06T11:44:51,2025-11-06T11:44:51,1,0.98,observed,EVI_TXN_TXN_000289,INGESTION_PIPELINE,RULE_BASED_EXTRACTOR,v1.0,True
REL_000790,P_01191,Person,P_02690,Person,TRANSACTS_WITH,2025-06-18T16:20:00,2025-06-18T16:20:00,2025-06-18T16:20:00,2025-06-18T16:20:00,1,0.98,observed,EVI_TXN_TXN_000290,INGESTION_PIPELINE,RULE_BASED_EXTRACTOR,v1.0,True
REL_000791,P_03200,Person,P_00495,Person,TRANSACTS_WITH,2027-03-26T10:44:29,2027-03-26T10:44:29,2027-03-26T10:44:29,2027-03-26T10:44:29,1,0.98,observed,EVI_TXN_TXN_000291,INGESTION_PIPELINE,RULE_BASED_EXTRACTOR,v1.0,True
REL_000792,P_00098,Person,P_04212,Person,TRANSACTS_WITH,2025-03-10T22:53:17,2025-03-10T22:53:17,2025-03-10T22:53:17,2025-03-10T22:53:17,1,0.98,observed,EVI_TXN_TXN_000292,INGESTION_PIPELINE,RULE_BASED_EXTRACTOR,v1.0,True
REL_000793,P_00576,Person,P_02722,Person,TRANSACTS_WITH,2027-11-12T16:09:48,2027-11-12T16:09:48,2027-11-12T16:09:48,2027-11-12T16:09:48,1,0.98,observed,EVI_TXN_TXN_000293,INGESTION_PIPELINE,RULE_BASED_EXTRACTOR,v1.0,True
REL_000794,P_01143,Person,P_01467,Person,TRANSACTS_WITH,2027-04-13T16:24:09,2027-04-13T16:24:09,2027-04-13T16:24:09,2027-04-13T16:24:09,1,0.98,observed,EVI_TXN_TXN_000294,INGESTION_PIPELINE,RULE_BASED_EXTRACTOR,v1.0,True
REL_000795,P_04460,Person,P_02686,Person,TRANSACTS_WITH,2026-08-01T03:03:23,2026-08-01T03:03:23,2026-08-01T03:03:23,2026-08-01T03:03:23,1,0.98,observed,EVI_TXN_TXN_000295,INGESTION_PIPELINE,RULE_BASED_EXTRACTOR,v1.0,True
REL_000796,P_04289,Person,P_02635,Person,TRANSACTS_WITH,2027-07-15T09:56:01,2027-07-15T09:56:01,2027-07-15T09:56:01,2027-07-15T09:56:01,1,0.98,observed,EVI_TXN_TXN_000296,INGESTION_PIPELINE,RULE_BASED_EXTRACTOR,v1.0,True
REL_000797,P_01824,Person,P_02301,Person,TRANSACTS_WITH,2026-09-02T01:50:24,2026-09-02T01:50:24,2026-09-02T01:50:24,2026-09-02T01:50:24,1,0.98,observed,EVI_TXN_TXN_000297,INGESTION_PIPELINE,RULE_BASED_EXTRACTOR,v1.0,True
REL_000798,P_03458,Person,P_04571,Person,TRANSACTS_WITH,2026-06-12T01:57:18,2026-06-12T01:57:18,2026-06-12T01:57:18,2026-06-12T01:57:18,1,0.98,observed,EVI_TXN_TXN_000298,INGESTION_PIPELINE,RULE_BASED_EXTRACTOR,v1.0,True
REL_000799,P_02809,Person,P_00243,Person,TRANSACTS_WITH,2025-05-09T13:48:09,2025-05-09T13:48:09,2025-05-09T13:48:09,2025-05-09T13:48:09,1,0.98,observed,EVI_TXN_TXN_000299,INGESTION_PIPELINE,RULE_BASED_EXTRACTOR,v1.0,True
REL_000800,P_03724,Person,P_00544,Person,TRANSACTS_WITH,2026-09-02T01:50:24,2026-09-02T01:50:24,2026-09-02T01:50:24,2026-09-02T01:50:24,1,0.98,observed,EVI_TXN_TXN_000300,INGESTION_PIPELINE,RULE_BASED_EXTRACTOR,v1.0,True
REL_000801,P_00071,Person,ORG_0001,Organization,MEMBER_OF,2024-01-01,2026-12-31,2024-01-01,2026-12-31,1,0.99,observed,EVI_ORG_REG_ORG_0001_P_00071,INGESTION_PIPELINE,RULE_BASED_EXTRACTOR,v1.0,True
REL_000802,P_01603,Person,ORG_0002,Organization,MEMBER_OF,2024-01-01,2026-12-31,2024-01-01,2026-12-31,1,0.99,observed,EVI_ORG_REG_ORG_0002_P_01603,INGESTION_PIPELINE,RULE_BASED_EXTRACTOR,v1.0,True
REL_000803,P_02240,Person,ORG_0002,Organization,MEMBER_OF,2024-01-01,2026-12-31,2024-01-01,2026-12-31,1,0.99,observed,EVI_ORG_REG_ORG_0002_P_02240,INGESTION_PIPELINE,RULE_BASED_EXTRACTOR,v1.0,True
REL_000804,P_02862,Person,ORG_0003,Organization,MEMBER_OF,2024-01-01,2026-12-31,2024-01-01,2026-12-31,1,0.99,observed,EVI_ORG_REG_ORG_0003_P_02862,INGESTION_PIPELINE,RULE_BASED_EXTRACTOR,v1.0,True
REL_000805,P_04004,Person,ORG_0004,Organization,MEMBER_OF,2024-01-01,2026-12-31,2024-01-01,2026-12-31,1,0.99,observed,EVI_ORG_REG_ORG_0004_P_04004,INGESTION_PIPELINE,RULE_BASED_EXTRACTOR,v1.0,True
REL_000806,P_02988,Person,ORG_0004,Organization,MEMBER_OF,2024-01-01,2026-12-31,2024-01-01,2026-12-31,1,0.99,observed,EVI_ORG_REG_ORG_0004_P_02988,INGESTION_PIPELINE,RULE_BASED_EXTRACTOR,v1.0,True
REL_000807,P_01375,Person,ORG_0004,Organization,MEMBER_OF,2024-01-01,2026-12-31,2024-01-01,2026-12-31,1,0.99,observed,EVI_ORG_REG_ORG_0004_P_01375,INGESTION_PIPELINE,RULE_BASED_EXTRACTOR,v1.0,True
REL_000808,P_02686,Person,ORG_0005,Organization,MEMBER_OF,2024-01-01,2026-12-31,2024-01-01,2026-12-31,1,0.99,observed,EVI_ORG_REG_ORG_0005_P_02686,INGESTION_PIPELINE,RULE_BASED_EXTRACTOR,v1.0,True
REL_000809,P_02816,Person,ORG_0005,Organization,MEMBER_OF,2024-01-01,2026-12-31,2024-01-01,2026-12-31,1,0.99,observed,EVI_ORG_REG_ORG_0005_P_02816,INGESTION_PIPELINE,RULE_BASED_EXTRACTOR,v1.0,True
REL_000810,P_00475,Person,ORG_0005,Organization,MEMBER_OF,2024-01-01,2026-12-31,2024-01-01,2026-12-31,1,0.99,observed,EVI_ORG_REG_ORG_0005_P_00475,INGESTION_PIPELINE,RULE_BASED_EXTRACTOR,v1.0,True
REL_000811,P_00623,Person,ORG_0006,Organization,MEMBER_OF,2024-01-01,2026-12-31,2024-01-01,2026-12-31,1,0.99,observed,EVI_ORG_REG_ORG_0006_P_00623,INGESTION_PIPELINE,RULE_BASED_EXTRACTOR,v1.0,True
REL_000812,P_01400,Person,ORG_0006,Organization,MEMBER_OF,2024-01-01,2026-12-31,2024-01-01,2026-12-31,1,0.99,observed,EVI_ORG_REG_ORG_0006_P_01400,INGESTION_PIPELINE,RULE_BASED_EXTRACTOR,v1.0,True
REL_000813,P_04539,Person,ORG_0006,Organization,MEMBER_OF,2024-01-01,2026-12-31,2024-01-01,2026-12-31,1,0.99,observed,EVI_ORG_REG_ORG_0006_P_04539,INGESTION_PIPELINE,RULE_BASED_EXTRACTOR,v1.0,True
REL_000814,P_00907,Person,ORG_0007,Organization,MEMBER_OF,2024-01-01,2026-12-31,2024-01-01,2026-12-31,1,0.99,observed,EVI_ORG_REG_ORG_0007_P_00907,INGESTION_PIPELINE,RULE_BASED_EXTRACTOR,v1.0,True
REL_000815,P_03087,Person,ORG_0007,Organization,MEMBER_OF,2024-01-01,2026-12-31,2024-01-01,2026-12-31,1,0.99,observed,EVI_ORG_REG_ORG_0007_P_03087,INGESTION_PIPELINE,RULE_BASED_EXTRACTOR,v1.0,True
REL_000816,P_03775,Person,ORG_0007,Organization,MEMBER_OF,2024-01-01,2026-12-31,2024-01-01,2026-12-31,1,0.99,observed,EVI_ORG_REG_ORG_0007_P_03775,INGESTION_PIPELINE,RULE_BASED_EXTRACTOR,v1.0,True
REL_000817,P_04004,Person,ORG_0008,Organization,MEMBER_OF,2024-01-01,2026-12-31,2024-01-01,2026-12-31,1,0.99,observed,EVI_ORG_REG_ORG_0008_P_04004,INGESTION_PIPELINE,RULE_BASED_EXTRACTOR,v1.0,True
REL_000818,P_02549,Person,ORG_0009,Organization,MEMBER_OF,2024-01-01,2026-12-31,2024-01-01,2026-12-31,1,0.99,observed,EVI_ORG_REG_ORG_0009_P_02549,INGESTION_PIPELINE,RULE_BASED_EXTRACTOR,v1.0,True
REL_000819,P_00337,Person,ORG_0010,Organization,MEMBER_OF,2024-01-01,2026-12-31,2024-01-01,2026-12-31,1,0.99,observed,EVI_ORG_REG_ORG_0010_P_00337,INGESTION_PIPELINE,RULE_BASED_EXTRACTOR,v1.0,True
REL_000820,P_00455,Person,ORG_0010,Organization,MEMBER_OF,2024-01-01,2026-12-31,2024-01-01,2026-12-31,1,0.99,observed,EVI_ORG_REG_ORG_0010_P_00455,INGESTION_PIPELINE,RULE_BASED_EXTRACTOR,v1.0,True
REL_000821,P_01607,Person,ORG_0010,Organization,MEMBER_OF,2024-01-01,2026-12-31,2024-01-01,2026-12-31,1,0.99,observed,EVI_ORG_REG_ORG_0010_P_01607,INGESTION_PIPELINE,RULE_BASED_EXTRACTOR,v1.0,True
REL_000822,P_03156,Person,ORG_0011,Organization,MEMBER_OF,2024-01-01,2026-12-31,2024-01-01,2026-12-31,1,0.99,observed,EVI_ORG_REG_ORG_0011_P_03156,INGESTION_PIPELINE,RULE_BASED_EXTRACTOR,v1.0,True
REL_000823,P_01549,Person,ORG_0011,Organization,MEMBER_OF,2024-01-01,2026-12-31,2024-01-01,2026-12-31,1,0.99,observed,EVI_ORG_REG_ORG_0011_P_01549,INGESTION_PIPELINE,RULE_BASED_EXTRACTOR,v1.0,True
REL_000824,P_01418,Person,ORG_0012,Organization,MEMBER_OF,2024-01-01,2026-12-31,2024-01-01,2026-12-31,1,0.99,observed,EVI_ORG_REG_ORG_0012_P_01418,INGESTION_PIPELINE,RULE_BASED_EXTRACTOR,v1.0,True
REL_000825,P_02554,Person,ORG_0012,Organization,MEMBER_OF,2024-01-01,2026-12-31,2024-01-01,2026-12-31,1,0.99,observed,EVI_ORG_REG_ORG_0012_P_02554,INGESTION_PIPELINE,RULE_BASED_EXTRACTOR,v1.0,True
REL_000826,P_01287,Person,ORG_0012,Organization,MEMBER_OF,2024-01-01,2026-12-31,2024-01-01,2026-12-31,1,0.99,observed,EVI_ORG_REG_ORG_0012_P_01287,INGESTION_PIPELINE,RULE_BASED_EXTRACTOR,v1.0,True
REL_000827,P_04705,Person,ORG_0013,Organization,MEMBER_OF,2024-01-01,2026-12-31,2024-01-01,2026-12-31,1,0.99,observed,EVI_ORG_REG_ORG_0013_P_04705,INGESTION_PIPELINE,RULE_BASED_EXTRACTOR,v1.0,True
REL_000828,P_03796,Person,ORG_0013,Organization,MEMBER_OF,2024-01-01,2026-12-31,2024-01-01,2026-12-31,1,0.99,observed,EVI_ORG_REG_ORG_0013_P_03796,INGESTION_PIPELINE,RULE_BASED_EXTRACTOR,v1.0,True
REL_000829,P_00833,Person,ORG_0014,Organization,MEMBER_OF,2024-01-01,2026-12-31,2024-01-01,2026-12-31,1,0.99,observed,EVI_ORG_REG_ORG_0014_P_00833,INGESTION_PIPELINE,RULE_BASED_EXTRACTOR,v1.0,True
REL_000830,P_01421,Person,ORG_0014,Organization,MEMBER_OF,2024-01-01,2026-12-31,2024-01-01,2026-12-31,1,0.99,observed,EVI_ORG_REG_ORG_0014_P_01421,INGESTION_PIPELINE,RULE_BASED_EXTRACTOR,v1.0,True
REL_000831,P_00519,Person,ORG_0014,Organization,MEMBER_OF,2024-01-01,2026-12-31,2024-01-01,2026-12-31,1,0.99,observed,EVI_ORG_REG_ORG_0014_P_00519,INGESTION_PIPELINE,RULE_BASED_EXTRACTOR,v1.0,True
REL_000832,P_01583,Person,ORG_0015,Organization,MEMBER_OF,2024-01-01,2026-12-31,2024-01-01,2026-12-31,1,0.99,observed,EVI_ORG_REG_ORG_0015_P_01583,INGESTION_PIPELINE,RULE_BASED_EXTRACTOR,v1.0,True
REL_000833,P_02467,Person,ORG_0015,Organization,MEMBER_OF,2024-01-01,2026-12-31,2024-01-01,2026-12-31,1,0.99,observed,EVI_ORG_REG_ORG_0015_P_02467,INGESTION_PIPELINE,RULE_BASED_EXTRACTOR,v1.0,True
REL_000834,P_03290,Person,ORG_0016,Organization,MEMBER_OF,2024-01-01,2026-12-31,2024-01-01,2026-12-31,1,0.99,observed,EVI_ORG_REG_ORG_0016_P_03290,INGESTION_PIPELINE,RULE_BASED_EXTRACTOR,v1.0,True
REL_000835,P_00722,Person,ORG_0016,Organization,MEMBER_OF,2024-01-01,2026-12-31,2024-01-01,2026-12-31,1,0.99,observed,EVI_ORG_REG_ORG_0016_P_00722,INGESTION_PIPELINE,RULE_BASED_EXTRACTOR,v1.0,True
REL_000836,P_01611,Person,ORG_0016,Organization,MEMBER_OF,2024-01-01,2026-12-31,2024-01-01,2026-12-31,1,0.99,observed,EVI_ORG_REG_ORG_0016_P_01611,INGESTION_PIPELINE,RULE_BASED_EXTRACTOR,v1.0,True
REL_000837,P_02920,Person,ORG_0017,Organization,MEMBER_OF,2024-01-01,2026-12-31,2024-01-01,2026-12-31,1,0.99,observed,EVI_ORG_REG_ORG_0017_P_02920,INGESTION_PIPELINE,RULE_BASED_EXTRACTOR,v1.0,True
REL_000838,P_02970,Person,ORG_0017,Organization,MEMBER_OF,2024-01-01,2026-12-31,2024-01-01,2026-12-31,1,0.99,observed,EVI_ORG_REG_ORG_0017_P_02970,INGESTION_PIPELINE,RULE_BASED_EXTRACTOR,v1.0,True
REL_000839,P_01604,Person,ORG_0017,Organization,MEMBER_OF,2024-01-01,2026-12-31,2024-01-01,2026-12-31,1,0.99,observed,EVI_ORG_REG_ORG_0017_P_01604,INGESTION_PIPELINE,RULE_BASED_EXTRACTOR,v1.0,True
REL_000840,P_00320,Person,ORG_0018,Organization,MEMBER_OF,2024-01-01,2026-12-31,2024-01-01,2026-12-31,1,0.99,observed,EVI_ORG_REG_ORG_0018_P_00320,INGESTION_PIPELINE,RULE_BASED_EXTRACTOR,v1.0,True
REL_000841,P_02480,Person,ORG_0019,Organization,MEMBER_OF,2024-01-01,2026-12-31,2024-01-01,2026-12-31,1,0.99,observed,EVI_ORG_REG_ORG_0019_P_02480,INGESTION_PIPELINE,RULE_BASED_EXTRACTOR,v1.0,True
REL_000842,P_00085,Person,ORG_0019,Organization,MEMBER_OF,2024-01-01,2026-12-31,2024-01-01,2026-12-31,1,0.99,observed,EVI_ORG_REG_ORG_0019_P_00085,INGESTION_PIPELINE,RULE_BASED_EXTRACTOR,v1.0,True
REL_000843,P_00818,Person,ORG_0020,Organization,MEMBER_OF,2024-01-01,2026-12-31,2024-01-01,2026-12-31,1,0.99,observed,EVI_ORG_REG_ORG_0020_P_00818,INGESTION_PIPELINE,RULE_BASED_EXTRACTOR,v1.0,True
REL_000844,P_03337,Person,ORG_0021,Organization,MEMBER_OF,2024-01-01,2026-12-31,2024-01-01,2026-12-31,1,0.99,observed,EVI_ORG_REG_ORG_0021_P_03337,INGESTION_PIPELINE,RULE_BASED_EXTRACTOR,v1.0,True
REL_000845,P_02954,Person,ORG_0021,Organization,MEMBER_OF,2024-01-01,2026-12-31,2024-01-01,2026-12-31,1,0.99,observed,EVI_ORG_REG_ORG_0021_P_02954,INGESTION_PIPELINE,RULE_BASED_EXTRACTOR,v1.0,True
REL_000846,P_04094,Person,ORG_0021,Organization,MEMBER_OF,2024-01-01,2026-12-31,2024-01-01,2026-12-31,1,0.99,observed,EVI_ORG_REG_ORG_0021_P_04094,INGESTION_PIPELINE,RULE_BASED_EXTRACTOR,v1.0,True
REL_000847,P_02620,Person,ORG_0022,Organization,MEMBER_OF,2024-01-01,2026-12-31,2024-01-01,2026-12-31,1,0.99,observed,EVI_ORG_REG_ORG_0022_P_02620,INGESTION_PIPELINE,RULE_BASED_EXTRACTOR,v1.0,True
REL_000848,P_03741,Person,ORG_0022,Organization,MEMBER_OF,2024-01-01,2026-12-31,2024-01-01,2026-12-31,1,0.99,observed,EVI_ORG_REG_ORG_0022_P_03741,INGESTION_PIPELINE,RULE_BASED_EXTRACTOR,v1.0,True
REL_000849,P_03541,Person,ORG_0023,Organization,MEMBER_OF,2024-01-01,2026-12-31,2024-01-01,2026-12-31,1,0.99,observed,EVI_ORG_REG_ORG_0023_P_03541,INGESTION_PIPELINE,RULE_BASED_EXTRACTOR,v1.0,True
REL_000850,P_01945,Person,ORG_0023,Organization,MEMBER_OF,2024-01-01,2026-12-31,2024-01-01,2026-12-31,1,0.99,observed,EVI_ORG_REG_ORG_0023_P_01945,INGESTION_PIPELINE,RULE_BASED_EXTRACTOR,v1.0,True
REL_000851,P_02503,Person,ORG_0023,Organization,MEMBER_OF,2024-01-01,2026-12-31,2024-01-01,2026-12-31,1,0.99,observed,EVI_ORG_REG_ORG_0023_P_02503,INGESTION_PIPELINE,RULE_BASED_EXTRACTOR,v1.0,True
REL_000852,P_01506,Person,ORG_0024,Organization,MEMBER_OF,2024-01-01,2026-12-31,2024-01-01,2026-12-31,1,0.99,observed,EVI_ORG_REG_ORG_0024_P_01506,INGESTION_PIPELINE,RULE_BASED_EXTRACTOR,v1.0,True
REL_000853,P_04896,Person,ORG_0024,Organization,MEMBER_OF,2024-01-01,2026-12-31,2024-01-01,2026-12-31,1,0.99,observed,EVI_ORG_REG_ORG_0024_P_04896,INGESTION_PIPELINE,RULE_BASED_EXTRACTOR,v1.0,True
REL_000854,P_04842,Person,ORG_0024,Organization,MEMBER_OF,2024-01-01,2026-12-31,2024-01-01,2026-12-31,1,0.99,observed,EVI_ORG_REG_ORG_0024_P_04842,INGESTION_PIPELINE,RULE_BASED_EXTRACTOR,v1.0,True
REL_000855,P_04899,Person,ORG_0025,Organization,MEMBER_OF,2024-01-01,2026-12-31,2024-01-01,2026-12-31,1,0.99,observed,EVI_ORG_REG_ORG_0025_P_04899,INGESTION_PIPELINE,RULE_BASED_EXTRACTOR,v1.0,True
REL_000856,P_02235,Person,ORG_0025,Organization,MEMBER_OF,2024-01-01,2026-12-31,2024-01-01,2026-12-31,1,0.99,observed,EVI_ORG_REG_ORG_0025_P_02235,INGESTION_PIPELINE,RULE_BASED_EXTRACTOR,v1.0,True
REL_000857,P_02796,Person,ORG_0025,Organization,MEMBER_OF,2024-01-01,2026-12-31,2024-01-01,2026-12-31,1,0.99,observed,EVI_ORG_REG_ORG_0025_P_02796,INGESTION_PIPELINE,RULE_BASED_EXTRACTOR,v1.0,True
REL_000858,P_00673,Person,ORG_0026,Organization,MEMBER_OF,2024-01-01,2026-12-31,2024-01-01,2026-12-31,1,0.99,observed,EVI_ORG_REG_ORG_0026_P_00673,INGESTION_PIPELINE,RULE_BASED_EXTRACTOR,v1.0,True
REL_000859,P_00844,Person,ORG_0026,Organization,MEMBER_OF,2024-01-01,2026-12-31,2024-01-01,2026-12-31,1,0.99,observed,EVI_ORG_REG_ORG_0026_P_00844,INGESTION_PIPELINE,RULE_BASED_EXTRACTOR,v1.0,True
REL_000860,P_03133,Person,ORG_0027,Organization,MEMBER_OF,2024-01-01,2026-12-31,2024-01-01,2026-12-31,1,0.99,observed,EVI_ORG_REG_ORG_0027_P_03133,INGESTION_PIPELINE,RULE_BASED_EXTRACTOR,v1.0,True
REL_000861,P_00142,Person,ORG_0028,Organization,MEMBER_OF,2024-01-01,2026-12-31,2024-01-01,2026-12-31,1,0.99,observed,EVI_ORG_REG_ORG_0028_P_00142,INGESTION_PIPELINE,RULE_BASED_EXTRACTOR,v1.0,True
REL_000862,P_01085,Person,ORG_0029,Organization,MEMBER_OF,2024-01-01,2026-12-31,2024-01-01,2026-12-31,1,0.99,observed,EVI_ORG_REG_ORG_0029_P_01085,INGESTION_PIPELINE,RULE_BASED_EXTRACTOR,v1.0,True
REL_000863,P_01312,Person,ORG_0029,Organization,MEMBER_OF,2024-01-01,2026-12-31,2024-01-01,2026-12-31,1,0.99,observed,EVI_ORG_REG_ORG_0029_P_01312,INGESTION_PIPELINE,RULE_BASED_EXTRACTOR,v1.0,True
REL_000864,P_02097,Person,ORG_0029,Organization,MEMBER_OF,2024-01-01,2026-12-31,2024-01-01,2026-12-31,1,0.99,observed,EVI_ORG_REG_ORG_0029_P_02097,INGESTION_PIPELINE,RULE_BASED_EXTRACTOR,v1.0,True
REL_000865,P_04484,Person,ORG_0030,Organization,MEMBER_OF,2024-01-01,2026-12-31,2024-01-01,2026-12-31,1,0.99,observed,EVI_ORG_REG_ORG_0030_P_04484,INGESTION_PIPELINE,RULE_BASED_EXTRACTOR,v1.0,True
REL_000866,P_01159,Person,ORG_0030,Organization,MEMBER_OF,2024-01-01,2026-12-31,2024-01-01,2026-12-31,1,0.99,observed,EVI_ORG_REG_ORG_0030_P_01159,INGESTION_PIPELINE,RULE_BASED_EXTRACTOR,v1.0,True
REL_000867,P_01245,Person,ORG_0031,Organization,MEMBER_OF,2024-01-01,2026-12-31,2024-01-01,2026-12-31,1,0.99,observed,EVI_ORG_REG_ORG_0031_P_01245,INGESTION_PIPELINE,RULE_BASED_EXTRACTOR,v1.0,True
REL_000868,P_02916,Person,ORG_0032,Organization,MEMBER_OF,2024-01-01,2026-12-31,2024-01-01,2026-12-31,1,0.99,observed,EVI_ORG_REG_ORG_0032_P_02916,INGESTION_PIPELINE,RULE_BASED_EXTRACTOR,v1.0,True
REL_000869,P_03295,Person,ORG_0032,Organization,MEMBER_OF,2024-01-01,2026-12-31,2024-01-01,2026-12-31,1,0.99,observed,EVI_ORG_REG_ORG_0032_P_03295,INGESTION_PIPELINE,RULE_BASED_EXTRACTOR,v1.0,True
REL_000870,P_04657,Person,ORG_0033,Organization,MEMBER_OF,2024-01-01,2026-12-31,2024-01-01,2026-12-31,1,0.99,observed,EVI_ORG_REG_ORG_0033_P_04657,INGESTION_PIPELINE,RULE_BASED_EXTRACTOR,v1.0,True
REL_000871,P_03125,Person,ORG_0033,Organization,MEMBER_OF,2024-01-01,2026-12-31,2024-01-01,2026-12-31,1,0.99,observed,EVI_ORG_REG_ORG_0033_P_03125,INGESTION_PIPELINE,RULE_BASED_EXTRACTOR,v1.0,True
REL_000872,P_02268,Person,ORG_0034,Organization,MEMBER_OF,2024-01-01,2026-12-31,2024-01-01,2026-12-31,1,0.99,observed,EVI_ORG_REG_ORG_0034_P_02268,INGESTION_PIPELINE,RULE_BASED_EXTRACTOR,v1.0,True
REL_000873,P_00708,Person,ORG_0035,Organization,MEMBER_OF,2024-01-01,2026-12-31,2024-01-01,2026-12-31,1,0.99,observed,EVI_ORG_REG_ORG_0035_P_00708,INGESTION_PIPELINE,RULE_BASED_EXTRACTOR,v1.0,True
REL_000874,P_00032,Person,ORG_0035,Organization,MEMBER_OF,2024-01-01,2026-12-31,2024-01-01,2026-12-31,1,0.99,observed,EVI_ORG_REG_ORG_0035_P_00032,INGESTION_PIPELINE,RULE_BASED_EXTRACTOR,v1.0,True
REL_000875,P_00092,Person,ORG_0035,Organization,MEMBER_OF,2024-01-01,2026-12-31,2024-01-01,2026-12-31,1,0.99,observed,EVI_ORG_REG_ORG_0035_P_00092,INGESTION_PIPELINE,RULE_BASED_EXTRACTOR,v1.0,True
REL_000876,P_02882,Person,ORG_0036,Organization,MEMBER_OF,2024-01-01,2026-12-31,2024-01-01,2026-12-31,1,0.99,observed,EVI_ORG_REG_ORG_0036_P_02882,INGESTION_PIPELINE,RULE_BASED_EXTRACTOR,v1.0,True
REL_000877,P_04516,Person,ORG_0037,Organization,MEMBER_OF,2024-01-01,2026-12-31,2024-01-01,2026-12-31,1,0.99,observed,EVI_ORG_REG_ORG_0037_P_04516,INGESTION_PIPELINE,RULE_BASED_EXTRACTOR,v1.0,True
REL_000878,P_01294,Person,ORG_0038,Organization,MEMBER_OF,2024-01-01,2026-12-31,2024-01-01,2026-12-31,1,0.99,observed,EVI_ORG_REG_ORG_0038_P_01294,INGESTION_PIPELINE,RULE_BASED_EXTRACTOR,v1.0,True
REL_000879,P_03796,Person,ORG_0039,Organization,MEMBER_OF,2024-01-01,2026-12-31,2024-01-01,2026-12-31,1,0.99,observed,EVI_ORG_REG_ORG_0039_P_03796,INGESTION_PIPELINE,RULE_BASED_EXTRACTOR,v1.0,True
REL_000880,P_02238,Person,ORG_0039,Organization,MEMBER_OF,2024-01-01,2026-12-31,2024-01-01,2026-12-31,1,0.99,observed,EVI_ORG_REG_ORG_0039_P_02238,INGESTION_PIPELINE,RULE_BASED_EXTRACTOR,v1.0,True
REL_000881,P_04579,Person,ORG_0039,Organization,MEMBER_OF,2024-01-01,2026-12-31,2024-01-01,2026-12-31,1,0.99,observed,EVI_ORG_REG_ORG_0039_P_04579,INGESTION_PIPELINE,RULE_BASED_EXTRACTOR,v1.0,True
REL_000882,P_01056,Person,ORG_0040,Organization,MEMBER_OF,2024-01-01,2026-12-31,2024-01-01,2026-12-31,1,0.99,observed,EVI_ORG_REG_ORG_0040_P_01056,INGESTION_PIPELINE,RULE_BASED_EXTRACTOR,v1.0,True
REL_000883,P_02130,Person,ORG_0040,Organization,MEMBER_OF,2024-01-01,2026-12-31,2024-01-01,2026-12-31,1,0.99,observed,EVI_ORG_REG_ORG_0040_P_02130,INGESTION_PIPELINE,RULE_BASED_EXTRACTOR,v1.0,True
REL_000884,P_01568,Person,ORG_0040,Organization,MEMBER_OF,2024-01-01,2026-12-31,2024-01-01,2026-12-31,1,0.99,observed,EVI_ORG_REG_ORG_0040_P_01568,INGESTION_PIPELINE,RULE_BASED_EXTRACTOR,v1.0,True
REL_000885,P_01186,Person,ORG_0041,Organization,MEMBER_OF,2024-01-01,2026-12-31,2024-01-01,2026-12-31,1,0.99,observed,EVI_ORG_REG_ORG_0041_P_01186,INGESTION_PIPELINE,RULE_BASED_EXTRACTOR,v1.0,True
REL_000886,P_02742,Person,ORG_0042,Organization,MEMBER_OF,2024-01-01,2026-12-31,2024-01-01,2026-12-31,1,0.99,observed,EVI_ORG_REG_ORG_0042_P_02742,INGESTION_PIPELINE,RULE_BASED_EXTRACTOR,v1.0,True
REL_000887,P_01526,Person,ORG_0042,Organization,MEMBER_OF,2024-01-01,2026-12-31,2024-01-01,2026-12-31,1,0.99,observed,EVI_ORG_REG_ORG_0042_P_01526,INGESTION_PIPELINE,RULE_BASED_EXTRACTOR,v1.0,True
REL_000888,P_00189,Person,ORG_0043,Organization,MEMBER_OF,2024-01-01,2026-12-31,2024-01-01,2026-12-31,1,0.99,observed,EVI_ORG_REG_ORG_0043_P_00189,INGESTION_PIPELINE,RULE_BASED_EXTRACTOR,v1.0,True
REL_000889,P_01208,Person,ORG_0043,Organization,MEMBER_OF,2024-01-01,2026-12-31,2024-01-01,2026-12-31,1,0.99,observed,EVI_ORG_REG_ORG_0043_P_01208,INGESTION_PIPELINE,RULE_BASED_EXTRACTOR,v1.0,True
REL_000890,P_04324,Person,ORG_0043,Organization,MEMBER_OF,2024-01-01,2026-12-31,2024-01-01,2026-12-31,1,0.99,observed,EVI_ORG_REG_ORG_0043_P_04324,INGESTION_PIPELINE,RULE_BASED_EXTRACTOR,v1.0,True
REL_000891,P_00360,Person,ORG_0044,Organization,MEMBER_OF,2024-01-01,2026-12-31,2024-01-01,2026-12-31,1,0.99,observed,EVI_ORG_REG_ORG_0044_P_00360,INGESTION_PIPELINE,RULE_BASED_EXTRACTOR,v1.0,True
REL_000892,P_02408,Person,ORG_0044,Organization,MEMBER_OF,2024-01-01,2026-12-31,2024-01-01,2026-12-31,1,0.99,observed,EVI_ORG_REG_ORG_0044_P_02408,INGESTION_PIPELINE,RULE_BASED_EXTRACTOR,v1.0,True
REL_000893,P_02196,Person,ORG_0045,Organization,MEMBER_OF,2024-01-01,2026-12-31,2024-01-01,2026-12-31,1,0.99,observed,EVI_ORG_REG_ORG_0045_P_02196,INGESTION_PIPELINE,RULE_BASED_EXTRACTOR,v1.0,True
REL_000894,P_02010,Person,ORG_0046,Organization,MEMBER_OF,2024-01-01,2026-12-31,2024-01-01,2026-12-31,1,0.99,observed,EVI_ORG_REG_ORG_0046_P_02010,INGESTION_PIPELINE,RULE_BASED_EXTRACTOR,v1.0,True
REL_000895,P_03909,Person,ORG_0046,Organization,MEMBER_OF,2024-01-01,2026-12-31,2024-01-01,2026-12-31,1,0.99,observed,EVI_ORG_REG_ORG_0046_P_03909,INGESTION_PIPELINE,RULE_BASED_EXTRACTOR,v1.0,True
REL_000896,P_04973,Person,ORG_0047,Organization,MEMBER_OF,2024-01-01,2026-12-31,2024-01-01,2026-12-31,1,0.99,observed,EVI_ORG_REG_ORG_0047_P_04973,INGESTION_PIPELINE,RULE_BASED_EXTRACTOR,v1.0,True
REL_000897,P_02795,Person,ORG_0047,Organization,MEMBER_OF,2024-01-01,2026-12-31,2024-01-01,2026-12-31,1,0.99,observed,EVI_ORG_REG_ORG_0047_P_02795,INGESTION_PIPELINE,RULE_BASED_EXTRACTOR,v1.0,True
REL_000898,P_02155,Person,ORG_0048,Organization,MEMBER_OF,2024-01-01,2026-12-31,2024-01-01,2026-12-31,1,0.99,observed,EVI_ORG_REG_ORG_0048_P_02155,INGESTION_PIPELINE,RULE_BASED_EXTRACTOR,v1.0,True
REL_000899,P_04788,Person,ORG_0049,Organization,MEMBER_OF,2024-01-01,2026-12-31,2024-01-01,2026-12-31,1,0.99,observed,EVI_ORG_REG_ORG_0049_P_04788,INGESTION_PIPELINE,RULE_BASED_EXTRACTOR,v1.0,True
REL_000900,P_04234,Person,ORG_0049,Organization,MEMBER_OF,2024-01-01,2026-12-31,2024-01-01,2026-12-31,1,0.99,observed,EVI_ORG_REG_ORG_0049_P_04234,INGESTION_PIPELINE,RULE_BASED_EXTRACTOR,v1.0,True
REL_000901,P_02708,Person,ORG_0049,Organization,MEMBER_OF,2024-01-01,2026-12-31,2024-01-01,2026-12-31,1,0.99,observed,EVI_ORG_REG_ORG_0049_P_02708,INGESTION_PIPELINE,RULE_BASED_EXTRACTOR,v1.0,True
REL_000902,P_02175,Person,ORG_0050,Organization,MEMBER_OF,2024-01-01,2026-12-31,2024-01-01,2026-12-31,1,0.99,observed,EVI_ORG_REG_ORG_0050_P_02175,INGESTION_PIPELINE,RULE_BASED_EXTRACTOR,v1.0,True
REL_000903,P_01674,Person,ORG_0050,Organization,MEMBER_OF,2024-01-01,2026-12-31,2024-01-01,2026-12-31,1,0.99,observed,EVI_ORG_REG_ORG_0050_P_01674,INGESTION_PIPELINE,RULE_BASED_EXTRACTOR,v1.0,True
REL_000904,P_00289,Person,ORG_0050,Organization,MEMBER_OF,2024-01-01,2026-12-31,2024-01-01,2026-12-31,1,0.99,observed,EVI_ORG_REG_ORG_0050_P_00289,INGESTION_PIPELINE,RULE_BASED_EXTRACTOR,v1.0,True
REL_000905,P_02904,Person,ORG_0051,Organization,MEMBER_OF,2024-01-01,2026-12-31,2024-01-01,2026-12-31,1,0.99,observed,EVI_ORG_REG_ORG_0051_P_02904,INGESTION_PIPELINE,RULE_BASED_EXTRACTOR,v1.0,True
REL_000906,P_03535,Person,ORG_0051,Organization,MEMBER_OF,2024-01-01,2026-12-31,2024-01-01,2026-12-31,1,0.99,observed,EVI_ORG_REG_ORG_0051_P_03535,INGESTION_PIPELINE,RULE_BASED_EXTRACTOR,v1.0,True
REL_000907,P_01103,Person,ORG_0051,Organization,MEMBER_OF,2024-01-01,2026-12-31,2024-01-01,2026-12-31,1,0.99,observed,EVI_ORG_REG_ORG_0051_P_01103,INGESTION_PIPELINE,RULE_BASED_EXTRACTOR,v1.0,True
REL_000908,P_04445,Person,ORG_0052,Organization,MEMBER_OF,2024-01-01,2026-12-31,2024-01-01,2026-12-31,1,0.99,observed,EVI_ORG_REG_ORG_0052_P_04445,INGESTION_PIPELINE,RULE_BASED_EXTRACTOR,v1.0,True
REL_000909,P_04263,Person,ORG_0052,Organization,MEMBER_OF,2024-01-01,2026-12-31,2024-01-01,2026-12-31,1,0.99,observed,EVI_ORG_REG_ORG_0052_P_04263,INGESTION_PIPELINE,RULE_BASED_EXTRACTOR,v1.0,True
REL_000910,P_02848,Person,ORG_0053,Organization,MEMBER_OF,2024-01-01,2026-12-31,2024-01-01,2026-12-31,1,0.99,observed,EVI_ORG_REG_ORG_0053_P_02848,INGESTION_PIPELINE,RULE_BASED_EXTRACTOR,v1.0,True
REL_000911,P_03487,Person,ORG_0053,Organization,MEMBER_OF,2024-01-01,2026-12-31,2024-01-01,2026-12-31,1,0.99,observed,EVI_ORG_REG_ORG_0053_P_03487,INGESTION_PIPELINE,RULE_BASED_EXTRACTOR,v1.0,True
REL_000912,P_00607,Person,ORG_0054,Organization,MEMBER_OF,2024-01-01,2026-12-31,2024-01-01,2026-12-31,1,0.99,observed,EVI_ORG_REG_ORG_0054_P_00607,INGESTION_PIPELINE,RULE_BASED_EXTRACTOR,v1.0,True
REL_000913,P_03414,Person,ORG_0055,Organization,MEMBER_OF,2024-01-01,2026-12-31,2024-01-01,2026-12-31,1,0.99,observed,EVI_ORG_REG_ORG_0055_P_03414,INGESTION_PIPELINE,RULE_BASED_EXTRACTOR,v1.0,True
REL_000914,P_00189,Person,ORG_0056,Organization,MEMBER_OF,2024-01-01,2026-12-31,2024-01-01,2026-12-31,1,0.99,observed,EVI_ORG_REG_ORG_0056_P_00189,INGESTION_PIPELINE,RULE_BASED_EXTRACTOR,v1.0,True
REL_000915,P_00723,Person,ORG_0056,Organization,MEMBER_OF,2024-01-01,2026-12-31,2024-01-01,2026-12-31,1,0.99,observed,EVI_ORG_REG_ORG_0056_P_00723,INGESTION_PIPELINE,RULE_BASED_EXTRACTOR,v1.0,True
REL_000916,P_00801,Person,ORG_0056,Organization,MEMBER_OF,2024-01-01,2026-12-31,2024-01-01,2026-12-31,1,0.99,observed,EVI_ORG_REG_ORG_0056_P_00801,INGESTION_PIPELINE,RULE_BASED_EXTRACTOR,v1.0,True
REL_000917,P_02338,Person,ORG_0057,Organization,MEMBER_OF,2024-01-01,2026-12-31,2024-01-01,2026-12-31,1,0.99,observed,EVI_ORG_REG_ORG_0057_P_02338,INGESTION_PIPELINE,RULE_BASED_EXTRACTOR,v1.0,True
REL_000918,P_03664,Person,ORG_0058,Organization,MEMBER_OF,2024-01-01,2026-12-31,2024-01-01,2026-12-31,1,0.99,observed,EVI_ORG_REG_ORG_0058_P_03664,INGESTION_PIPELINE,RULE_BASED_EXTRACTOR,v1.0,True
REL_000919,P_00653,Person,ORG_0058,Organization,MEMBER_OF,2024-01-01,2026-12-31,2024-01-01,2026-12-31,1,0.99,observed,EVI_ORG_REG_ORG_0058_P_00653,INGESTION_PIPELINE,RULE_BASED_EXTRACTOR,v1.0,True
REL_000920,P_04731,Person,ORG_0058,Organization,MEMBER_OF,2024-01-01,2026-12-31,2024-01-01,2026-12-31,1,0.99,observed,EVI_ORG_REG_ORG_0058_P_04731,INGESTION_PIPELINE,RULE_BASED_EXTRACTOR,v1.0,True
REL_000921,P_00137,Person,ORG_0059,Organization,MEMBER_OF,2024-01-01,2026-12-31,2024-01-01,2026-12-31,1,0.99,observed,EVI_ORG_REG_ORG_0059_P_00137,INGESTION_PIPELINE,RULE_BASED_EXTRACTOR,v1.0,True
REL_000922,P_01699,Person,ORG_0059,Organization,MEMBER_OF,2024-01-01,2026-12-31,2024-01-01,2026-12-31,1,0.99,observed,EVI_ORG_REG_ORG_0059_P_01699,INGESTION_PIPELINE,RULE_BASED_EXTRACTOR,v1.0,True
REL_000923,P_02698,Person,ORG_0059,Organization,MEMBER_OF,2024-01-01,2026-12-31,2024-01-01,2026-12-31,1,0.99,observed,EVI_ORG_REG_ORG_0059_P_02698,INGESTION_PIPELINE,RULE_BASED_EXTRACTOR,v1.0,True
REL_000924,P_04365,Person,ORG_0060,Organization,MEMBER_OF,2024-01-01,2026-12-31,2024-01-01,2026-12-31,1,0.99,observed,EVI_ORG_REG_ORG_0060_P_04365,INGESTION_PIPELINE,RULE_BASED_EXTRACTOR,v1.0,True
REL_000925,P_04808,Person,ORG_0060,Organization,MEMBER_OF,2024-01-01,2026-12-31,2024-01-01,2026-12-31,1,0.99,observed,EVI_ORG_REG_ORG_0060_P_04808,INGESTION_PIPELINE,RULE_BASED_EXTRACTOR,v1.0,True
REL_000926,P_01381,Person,ORG_0061,Organization,MEMBER_OF,2024-01-01,2026-12-31,2024-01-01,2026-12-31,1,0.99,observed,EVI_ORG_REG_ORG_0061_P_01381,INGESTION_PIPELINE,RULE_BASED_EXTRACTOR,v1.0,True
REL_000927,P_04666,Person,ORG_0061,Organization,MEMBER_OF,2024-01-01,2026-12-31,2024-01-01,2026-12-31,1,0.99,observed,EVI_ORG_REG_ORG_0061_P_04666,INGESTION_PIPELINE,RULE_BASED_EXTRACTOR,v1.0,True
REL_000928,P_02423,Person,ORG_0061,Organization,MEMBER_OF,2024-01-01,2026-12-31,2024-01-01,2026-12-31,1,0.99,observed,EVI_ORG_REG_ORG_0061_P_02423,INGESTION_PIPELINE,RULE_BASED_EXTRACTOR,v1.0,True
REL_000929,P_01000,Person,ORG_0062,Organization,MEMBER_OF,2024-01-01,2026-12-31,2024-01-01,2026-12-31,1,0.99,observed,EVI_ORG_REG_ORG_0062_P_01000,INGESTION_PIPELINE,RULE_BASED_EXTRACTOR,v1.0,True
REL_000930,P_02175,Person,ORG_0062,Organization,MEMBER_OF,2024-01-01,2026-12-31,2024-01-01,2026-12-31,1,0.99,observed,EVI_ORG_REG_ORG_0062_P_02175,INGESTION_PIPELINE,RULE_BASED_EXTRACTOR,v1.0,True
REL_000931,P_03766,Person,ORG_0062,Organization,MEMBER_OF,2024-01-01,2026-12-31,2024-01-01,2026-12-31,1,0.99,observed,EVI_ORG_REG_ORG_0062_P_03766,INGESTION_PIPELINE,RULE_BASED_EXTRACTOR,v1.0,True
REL_000932,P_01912,Person,ORG_0063,Organization,MEMBER_OF,2024-01-01,2026-12-31,2024-01-01,2026-12-31,1,0.99,observed,EVI_ORG_REG_ORG_0063_P_01912,INGESTION_PIPELINE,RULE_BASED_EXTRACTOR,v1.0,True
REL_000933,P_02521,Person,ORG_0063,Organization,MEMBER_OF,2024-01-01,2026-12-31,2024-01-01,2026-12-31,1,0.99,observed,EVI_ORG_REG_ORG_0063_P_02521,INGESTION_PIPELINE,RULE_BASED_EXTRACTOR,v1.0,True
REL_000934,P_04822,Person,ORG_0064,Organization,MEMBER_OF,2024-01-01,2026-12-31,2024-01-01,2026-12-31,1,0.99,observed,EVI_ORG_REG_ORG_0064_P_04822,INGESTION_PIPELINE,RULE_BASED_EXTRACTOR,v1.0,True
REL_000935,P_03350,Person,ORG_0065,Organization,MEMBER_OF,2024-01-01,2026-12-31,2024-01-01,2026-12-31,1,0.99,observed,EVI_ORG_REG_ORG_0065_P_03350,INGESTION_PIPELINE,RULE_BASED_EXTRACTOR,v1.0,True
REL_000936,P_03885,Person,ORG_0065,Organization,MEMBER_OF,2024-01-01,2026-12-31,2024-01-01,2026-12-31,1,0.99,observed,EVI_ORG_REG_ORG_0065_P_03885,INGESTION_PIPELINE,RULE_BASED_EXTRACTOR,v1.0,True
REL_000937,P_01762,Person,ORG_0065,Organization,MEMBER_OF,2024-01-01,2026-12-31,2024-01-01,2026-12-31,1,0.99,observed,EVI_ORG_REG_ORG_0065_P_01762,INGESTION_PIPELINE,RULE_BASED_EXTRACTOR,v1.0,True
REL_000938,P_01811,Person,ORG_0066,Organization,MEMBER_OF,2024-01-01,2026-12-31,2024-01-01,2026-12-31,1,0.99,observed,EVI_ORG_REG_ORG_0066_P_01811,INGESTION_PIPELINE,RULE_BASED_EXTRACTOR,v1.0,True
REL_000939,P_01033,Person,ORG_0066,Organization,MEMBER_OF,2024-01-01,2026-12-31,2024-01-01,2026-12-31,1,0.99,observed,EVI_ORG_REG_ORG_0066_P_01033,INGESTION_PIPELINE,RULE_BASED_EXTRACTOR,v1.0,True
REL_000940,P_03227,Person,ORG_0066,Organization,MEMBER_OF,2024-01-01,2026-12-31,2024-01-01,2026-12-31,1,0.99,observed,EVI_ORG_REG_ORG_0066_P_03227,INGESTION_PIPELINE,RULE_BASED_EXTRACTOR,v1.0,True
REL_000941,P_02144,Person,ORG_0067,Organization,MEMBER_OF,2024-01-01,2026-12-31,2024-01-01,2026-12-31,1,0.99,observed,EVI_ORG_REG_ORG_0067_P_02144,INGESTION_PIPELINE,RULE_BASED_EXTRACTOR,v1.0,True
REL_000942,P_04279,Person,ORG_0067,Organization,MEMBER_OF,2024-01-01,2026-12-31,2024-01-01,2026-12-31,1,0.99,observed,EVI_ORG_REG_ORG_0067_P_04279,INGESTION_PIPELINE,RULE_BASED_EXTRACTOR,v1.0,True
REL_000943,P_04332,Person,ORG_0067,Organization,MEMBER_OF,2024-01-01,2026-12-31,2024-01-01,2026-12-31,1,0.99,observed,EVI_ORG_REG_ORG_0067_P_04332,INGESTION_PIPELINE,RULE_BASED_EXTRACTOR,v1.0,True
REL_000944,P_03391,Person,ORG_0068,Organization,MEMBER_OF,2024-01-01,2026-12-31,2024-01-01,2026-12-31,1,0.99,observed,EVI_ORG_REG_ORG_0068_P_03391,INGESTION_PIPELINE,RULE_BASED_EXTRACTOR,v1.0,True
REL_000945,P_02718,Person,ORG_0068,Organization,MEMBER_OF,2024-01-01,2026-12-31,2024-01-01,2026-12-31,1,0.99,observed,EVI_ORG_REG_ORG_0068_P_02718,INGESTION_PIPELINE,RULE_BASED_EXTRACTOR,v1.0,True
REL_000946,P_03113,Person,ORG_0068,Organization,MEMBER_OF,2024-01-01,2026-12-31,2024-01-01,2026-12-31,1,0.99,observed,EVI_ORG_REG_ORG_0068_P_03113,INGESTION_PIPELINE,RULE_BASED_EXTRACTOR,v1.0,True
REL_000947,P_03012,Person,ORG_0069,Organization,MEMBER_OF,2024-01-01,2026-12-31,2024-01-01,2026-12-31,1,0.99,observed,EVI_ORG_REG_ORG_0069_P_03012,INGESTION_PIPELINE,RULE_BASED_EXTRACTOR,v1.0,True
REL_000948,P_04402,Person,ORG_0070,Organization,MEMBER_OF,2024-01-01,2026-12-31,2024-01-01,2026-12-31,1,0.99,observed,EVI_ORG_REG_ORG_0070_P_04402,INGESTION_PIPELINE,RULE_BASED_EXTRACTOR,v1.0,True
REL_000949,P_00908,Person,ORG_0071,Organization,MEMBER_OF,2024-01-01,2026-12-31,2024-01-01,2026-12-31,1,0.99,observed,EVI_ORG_REG_ORG_0071_P_00908,INGESTION_PIPELINE,RULE_BASED_EXTRACTOR,v1.0,True
REL_000950,P_03060,Person,ORG_0072,Organization,MEMBER_OF,2024-01-01,2026-12-31,2024-01-01,2026-12-31,1,0.99,observed,EVI_ORG_REG_ORG_0072_P_03060,INGESTION_PIPELINE,RULE_BASED_EXTRACTOR,v1.0,True
REL_000951,P_04309,Person,ORG_0073,Organization,MEMBER_OF,2024-01-01,2026-12-31,2024-01-01,2026-12-31,1,0.99,observed,EVI_ORG_REG_ORG_0073_P_04309,INGESTION_PIPELINE,RULE_BASED_EXTRACTOR,v1.0,True
REL_000952,P_02809,Person,ORG_0073,Organization,MEMBER_OF,2024-01-01,2026-12-31,2024-01-01,2026-12-31,1,0.99,observed,EVI_ORG_REG_ORG_0073_P_02809,INGESTION_PIPELINE,RULE_BASED_EXTRACTOR,v1.0,True
REL_000953,P_03499,Person,ORG_0073,Organization,MEMBER_OF,2024-01-01,2026-12-31,2024-01-01,2026-12-31,1,0.99,observed,EVI_ORG_REG_ORG_0073_P_03499,INGESTION_PIPELINE,RULE_BASED_EXTRACTOR,v1.0,True
REL_000954,P_03461,Person,ORG_0074,Organization,MEMBER_OF,2024-01-01,2026-12-31,2024-01-01,2026-12-31,1,0.99,observed,EVI_ORG_REG_ORG_0074_P_03461,INGESTION_PIPELINE,RULE_BASED_EXTRACTOR,v1.0,True
REL_000955,P_03973,Person,ORG_0074,Organization,MEMBER_OF,2024-01-01,2026-12-31,2024-01-01,2026-12-31,1,0.99,observed,EVI_ORG_REG_ORG_0074_P_03973,INGESTION_PIPELINE,RULE_BASED_EXTRACTOR,v1.0,True
REL_000956,P_03355,Person,ORG_0074,Organization,MEMBER_OF,2024-01-01,2026-12-31,2024-01-01,2026-12-31,1,0.99,observed,EVI_ORG_REG_ORG_0074_P_03355,INGESTION_PIPELINE,RULE_BASED_EXTRACTOR,v1.0,True
REL_000957,P_03271,Person,ORG_0075,Organization,MEMBER_OF,2024-01-01,2026-12-31,2024-01-01,2026-12-31,1,0.99,observed,EVI_ORG_REG_ORG_0075_P_03271,INGESTION_PIPELINE,RULE_BASED_EXTRACTOR,v1.0,True
REL_000958,P_02330,Person,ORG_0075,Organization,MEMBER_OF,2024-01-01,2026-12-31,2024-01-01,2026-12-31,1,0.99,observed,EVI_ORG_REG_ORG_0075_P_02330,INGESTION_PIPELINE,RULE_BASED_EXTRACTOR,v1.0,True
REL_000959,P_02654,Person,ORG_0075,Organization,MEMBER_OF,2024-01-01,2026-12-31,2024-01-01,2026-12-31,1,0.99,observed,EVI_ORG_REG_ORG_0075_P_02654,INGESTION_PIPELINE,RULE_BASED_EXTRACTOR,v1.0,True
REL_000960,P_02348,Person,ORG_0076,Organization,MEMBER_OF,2024-01-01,2026-12-31,2024-01-01,2026-12-31,1,0.99,observed,EVI_ORG_REG_ORG_0076_P_02348,INGESTION_PIPELINE,RULE_BASED_EXTRACTOR,v1.0,True
REL_000961,P_04707,Person,ORG_0076,Organization,MEMBER_OF,2024-01-01,2026-12-31,2024-01-01,2026-12-31,1,0.99,observed,EVI_ORG_REG_ORG_0076_P_04707,INGESTION_PIPELINE,RULE_BASED_EXTRACTOR,v1.0,True
REL_000962,P_01201,Person,ORG_0077,Organization,MEMBER_OF,2024-01-01,2026-12-31,2024-01-01,2026-12-31,1,0.99,observed,EVI_ORG_REG_ORG_0077_P_01201,INGESTION_PIPELINE,RULE_BASED_EXTRACTOR,v1.0,True
REL_000963,P_00651,Person,ORG_0077,Organization,MEMBER_OF,2024-01-01,2026-12-31,2024-01-01,2026-12-31,1,0.99,observed,EVI_ORG_REG_ORG_0077_P_00651,INGESTION_PIPELINE,RULE_BASED_EXTRACTOR,v1.0,True
REL_000964,P_00665,Person,ORG_0078,Organization,MEMBER_OF,2024-01-01,2026-12-31,2024-01-01,2026-12-31,1,0.99,observed,EVI_ORG_REG_ORG_0078_P_00665,INGESTION_PIPELINE,RULE_BASED_EXTRACTOR,v1.0,True
REL_000965,P_02702,Person,ORG_0079,Organization,MEMBER_OF,2024-01-01,2026-12-31,2024-01-01,2026-12-31,1,0.99,observed,EVI_ORG_REG_ORG_0079_P_02702,INGESTION_PIPELINE,RULE_BASED_EXTRACTOR,v1.0,True
REL_000966,P_04913,Person,ORG_0079,Organization,MEMBER_OF,2024-01-01,2026-12-31,2024-01-01,2026-12-31,1,0.99,observed,EVI_ORG_REG_ORG_0079_P_04913,INGESTION_PIPELINE,RULE_BASED_EXTRACTOR,v1.0,True
REL_000967,P_04099,Person,ORG_0080,Organization,MEMBER_OF,2024-01-01,2026-12-31,2024-01-01,2026-12-31,1,0.99,observed,EVI_ORG_REG_ORG_0080_P_04099,INGESTION_PIPELINE,RULE_BASED_EXTRACTOR,v1.0,True
REL_000968,P_02298,Person,ORG_0080,Organization,MEMBER_OF,2024-01-01,2026-12-31,2024-01-01,2026-12-31,1,0.99,observed,EVI_ORG_REG_ORG_0080_P_02298,INGESTION_PIPELINE,RULE_BASED_EXTRACTOR,v1.0,True
REL_000969,P_04499,Person,ORG_0080,Organization,MEMBER_OF,2024-01-01,2026-12-31,2024-01-01,2026-12-31,1,0.99,observed,EVI_ORG_REG_ORG_0080_P_04499,INGESTION_PIPELINE,RULE_BASED_EXTRACTOR,v1.0,True
REL_000970,P_00528,Person,ORG_0081,Organization,MEMBER_OF,2024-01-01,2026-12-31,2024-01-01,2026-12-31,1,0.99,observed,EVI_ORG_REG_ORG_0081_P_00528,INGESTION_PIPELINE,RULE_BASED_EXTRACTOR,v1.0,True
REL_000971,P_02433,Person,ORG_0081,Organization,MEMBER_OF,2024-01-01,2026-12-31,2024-01-01,2026-12-31,1,0.99,observed,EVI_ORG_REG_ORG_0081_P_02433,INGESTION_PIPELINE,RULE_BASED_EXTRACTOR,v1.0,True
REL_000972,P_04410,Person,ORG_0081,Organization,MEMBER_OF,2024-01-01,2026-12-31,2024-01-01,2026-12-31,1,0.99,observed,EVI_ORG_REG_ORG_0081_P_04410,INGESTION_PIPELINE,RULE_BASED_EXTRACTOR,v1.0,True
REL_000973,P_03511,Person,ORG_0082,Organization,MEMBER_OF,2024-01-01,2026-12-31,2024-01-01,2026-12-31,1,0.99,observed,EVI_ORG_REG_ORG_0082_P_03511,INGESTION_PIPELINE,RULE_BASED_EXTRACTOR,v1.0,True
REL_000974,P_00966,Person,ORG_0083,Organization,MEMBER_OF,2024-01-01,2026-12-31,2024-01-01,2026-12-31,1,0.99,observed,EVI_ORG_REG_ORG_0083_P_00966,INGESTION_PIPELINE,RULE_BASED_EXTRACTOR,v1.0,True
REL_000975,P_02155,Person,ORG_0084,Organization,MEMBER_OF,2024-01-01,2026-12-31,2024-01-01,2026-12-31,1,0.99,observed,EVI_ORG_REG_ORG_0084_P_02155,INGESTION_PIPELINE,RULE_BASED_EXTRACTOR,v1.0,True
REL_000976,P_02742,Person,ORG_0084,Organization,MEMBER_OF,2024-01-01,2026-12-31,2024-01-01,2026-12-31,1,0.99,observed,EVI_ORG_REG_ORG_0084_P_02742,INGESTION_PIPELINE,RULE_BASED_EXTRACTOR,v1.0,True
REL_000977,P_02914,Person,ORG_0085,Organization,MEMBER_OF,2024-01-01,2026-12-31,2024-01-01,2026-12-31,1,0.99,observed,EVI_ORG_REG_ORG_0085_P_02914,INGESTION_PIPELINE,RULE_BASED_EXTRACTOR,v1.0,True
REL_000978,P_02608,Person,ORG_0085,Organization,MEMBER_OF,2024-01-01,2026-12-31,2024-01-01,2026-12-31,1,0.99,observed,EVI_ORG_REG_ORG_0085_P_02608,INGESTION_PIPELINE,RULE_BASED_EXTRACTOR,v1.0,True
REL_000979,P_03571,Person,ORG_0086,Organization,MEMBER_OF,2024-01-01,2026-12-31,2024-01-01,2026-12-31,1,0.99,observed,EVI_ORG_REG_ORG_0086_P_03571,INGESTION_PIPELINE,RULE_BASED_EXTRACTOR,v1.0,True
REL_000980,P_02546,Person,ORG_0086,Organization,MEMBER_OF,2024-01-01,2026-12-31,2024-01-01,2026-12-31,1,0.99,observed,EVI_ORG_REG_ORG_0086_P_02546,INGESTION_PIPELINE,RULE_BASED_EXTRACTOR,v1.0,True
REL_000981,P_00915,Person,ORG_0086,Organization,MEMBER_OF,2024-01-01,2026-12-31,2024-01-01,2026-12-31,1,0.99,observed,EVI_ORG_REG_ORG_0086_P_00915,INGESTION_PIPELINE,RULE_BASED_EXTRACTOR,v1.0,True
REL_000982,P_04906,Person,ORG_0087,Organization,MEMBER_OF,2024-01-01,2026-12-31,2024-01-01,2026-12-31,1,0.99,observed,EVI_ORG_REG_ORG_0087_P_04906,INGESTION_PIPELINE,RULE_BASED_EXTRACTOR,v1.0,True
REL_000983,P_03497,Person,ORG_0087,Organization,MEMBER_OF,2024-01-01,2026-12-31,2024-01-01,2026-12-31,1,0.99,observed,EVI_ORG_REG_ORG_0087_P_03497,INGESTION_PIPELINE,RULE_BASED_EXTRACTOR,v1.0,True
REL_000984,P_01947,Person,ORG_0087,Organization,MEMBER_OF,2024-01-01,2026-12-31,2024-01-01,2026-12-31,1,0.99,observed,EVI_ORG_REG_ORG_0087_P_01947,INGESTION_PIPELINE,RULE_BASED_EXTRACTOR,v1.0,True
REL_000985,P_02876,Person,ORG_0088,Organization,MEMBER_OF,2024-01-01,2026-12-31,2024-01-01,2026-12-31,1,0.99,observed,EVI_ORG_REG_ORG_0088_P_02876,INGESTION_PIPELINE,RULE_BASED_EXTRACTOR,v1.0,True
REL_000986,P_03245,Person,ORG_0089,Organization,MEMBER_OF,2024-01-01,2026-12-31,2024-01-01,2026-12-31,1,0.99,observed,EVI_ORG_REG_ORG_0089_P_03245,INGESTION_PIPELINE,RULE_BASED_EXTRACTOR,v1.0,True
REL_000987,P_02682,Person,ORG_0090,Organization,MEMBER_OF,2024-01-01,2026-12-31,2024-01-01,2026-12-31,1,0.99,observed,EVI_ORG_REG_ORG_0090_P_02682,INGESTION_PIPELINE,RULE_BASED_EXTRACTOR,v1.0,True
REL_000988,P_04716,Person,ORG_0090,Organization,MEMBER_OF,2024-01-01,2026-12-31,2024-01-01,2026-12-31,1,0.99,observed,EVI_ORG_REG_ORG_0090_P_04716,INGESTION_PIPELINE,RULE_BASED_EXTRACTOR,v1.0,True
REL_000989,P_03895,Person,ORG_0090,Organization,MEMBER_OF,2024-01-01,2026-12-31,2024-01-01,2026-12-31,1,0.99,observed,EVI_ORG_REG_ORG_0090_P_03895,INGESTION_PIPELINE,RULE_BASED_EXTRACTOR,v1.0,True
REL_000990,P_01185,Person,ORG_0091,Organization,MEMBER_OF,2024-01-01,2026-12-31,2024-01-01,2026-12-31,1,0.99,observed,EVI_ORG_REG_ORG_0091_P_01185,INGESTION_PIPELINE,RULE_BASED_EXTRACTOR,v1.0,True
REL_000991,P_01035,Person,ORG_0091,Organization,MEMBER_OF,2024-01-01,2026-12-31,2024-01-01,2026-12-31,1,0.99,observed,EVI_ORG_REG_ORG_0091_P_01035,INGESTION_PIPELINE,RULE_BASED_EXTRACTOR,v1.0,True
REL_000992,P_01762,Person,ORG_0092,Organization,MEMBER_OF,2024-01-01,2026-12-31,2024-01-01,2026-12-31,1,0.99,observed,EVI_ORG_REG_ORG_0092_P_01762,INGESTION_PIPELINE,RULE_BASED_EXTRACTOR,v1.0,True
REL_000993,P_02502,Person,ORG_0092,Organization,MEMBER_OF,2024-01-01,2026-12-31,2024-01-01,2026-12-31,1,0.99,observed,EVI_ORG_REG_ORG_0092_P_02502,INGESTION_PIPELINE,RULE_BASED_EXTRACTOR,v1.0,True
REL_000994,P_04917,Person,ORG_0092,Organization,MEMBER_OF,2024-01-01,2026-12-31,2024-01-01,2026-12-31,1,0.99,observed,EVI_ORG_REG_ORG_0092_P_04917,INGESTION_PIPELINE,RULE_BASED_EXTRACTOR,v1.0,True
REL_000995,P_04533,Person,ORG_0093,Organization,MEMBER_OF,2024-01-01,2026-12-31,2024-01-01,2026-12-31,1,0.99,observed,EVI_ORG_REG_ORG_0093_P_04533,INGESTION_PIPELINE,RULE_BASED_EXTRACTOR,v1.0,True
REL_000996,P_00400,Person,ORG_0093,Organization,MEMBER_OF,2024-01-01,2026-12-31,2024-01-01,2026-12-31,1,0.99,observed,EVI_ORG_REG_ORG_0093_P_00400,INGESTION_PIPELINE,RULE_BASED_EXTRACTOR,v1.0,True
REL_000997,P_03571,Person,ORG_0094,Organization,MEMBER_OF,2024-01-01,2026-12-31,2024-01-01,2026-12-31,1,0.99,observed,EVI_ORG_REG_ORG_0094_P_03571,INGESTION_PIPELINE,RULE_BASED_EXTRACTOR,v1.0,True
REL_000998,P_00404,Person,ORG_0094,Organization,MEMBER_OF,2024-01-01,2026-12-31,2024-01-01,2026-12-31,1,0.99,observed,EVI_ORG_REG_ORG_0094_P_00404,INGESTION_PIPELINE,RULE_BASED_EXTRACTOR,v1.0,True
REL_000999,P_00276,Person,ORG_0095,Organization,MEMBER_OF,2024-01-01,2026-12-31,2024-01-01,2026-12-31,1,0.99,observed,EVI_ORG_REG_ORG_0095_P_00276,INGESTION_PIPELINE,RULE_BASED_EXTRACTOR,v1.0,True
REL_001000,P_02298,Person,ORG_0095,Organization,MEMBER_OF,2024-01-01,2026-12-31,2024-01-01,2026-12-31,1,0.99,observed,EVI_ORG_REG_ORG_0095_P_02298,INGESTION_PIPELINE,RULE_BASED_EXTRACTOR,v1.0,True
REL_001001,P_00067,Person,ORG_0095,Organization,MEMBER_OF,2024-01-01,2026-12-31,2024-01-01,2026-12-31,1,0.99,observed,EVI_ORG_REG_ORG_0095_P_00067,INGESTION_PIPELINE,RULE_BASED_EXTRACTOR,v1.0,True
REL_001002,P_04535,Person,ORG_0096,Organization,MEMBER_OF,2024-01-01,2026-12-31,2024-01-01,2026-12-31,1,0.99,observed,EVI_ORG_REG_ORG_0096_P_04535,INGESTION_PIPELINE,RULE_BASED_EXTRACTOR,v1.0,True
REL_001003,P_00042,Person,ORG_0096,Organization,MEMBER_OF,2024-01-01,2026-12-31,2024-01-01,2026-12-31,1,0.99,observed,EVI_ORG_REG_ORG_0096_P_00042,INGESTION_PIPELINE,RULE_BASED_EXTRACTOR,v1.0,True
REL_001004,P_03594,Person,ORG_0097,Organization,MEMBER_OF,2024-01-01,2026-12-31,2024-01-01,2026-12-31,1,0.99,observed,EVI_ORG_REG_ORG_0097_P_03594,INGESTION_PIPELINE,RULE_BASED_EXTRACTOR,v1.0,True
REL_001005,P_03270,Person,ORG_0098,Organization,MEMBER_OF,2024-01-01,2026-12-31,2024-01-01,2026-12-31,1,0.99,observed,EVI_ORG_REG_ORG_0098_P_03270,INGESTION_PIPELINE,RULE_BASED_EXTRACTOR,v1.0,True
REL_001006,P_03279,Person,ORG_0098,Organization,MEMBER_OF,2024-01-01,2026-12-31,2024-01-01,2026-12-31,1,0.99,observed,EVI_ORG_REG_ORG_0098_P_03279,INGESTION_PIPELINE,RULE_BASED_EXTRACTOR,v1.0,True
REL_001007,P_03982,Person,ORG_0098,Organization,MEMBER_OF,2024-01-01,2026-12-31,2024-01-01,2026-12-31,1,0.99,observed,EVI_ORG_REG_ORG_0098_P_03982,INGESTION_PIPELINE,RULE_BASED_EXTRACTOR,v1.0,True
REL_001008,P_02281,Person,ORG_0099,Organization,MEMBER_OF,2024-01-01,2026-12-31,2024-01-01,2026-12-31,1,0.99,observed,EVI_ORG_REG_ORG_0099_P_02281,INGESTION_PIPELINE,RULE_BASED_EXTRACTOR,v1.0,True
REL_001009,P_03415,Person,ORG_0099,Organization,MEMBER_OF,2024-01-01,2026-12-31,2024-01-01,2026-12-31,1,0.99,observed,EVI_ORG_REG_ORG_0099_P_03415,INGESTION_PIPELINE,RULE_BASED_EXTRACTOR,v1.0,True
REL_001010,P_01264,Person,ORG_0100,Organization,MEMBER_OF,2024-01-01,2026-12-31,2024-01-01,2026-12-31,1,0.99,observed,EVI_ORG_REG_ORG_0100_P_01264,INGESTION_PIPELINE,RULE_BASED_EXTRACTOR,v1.0,True
REL_001011,P_03220,Person,ORG_0100,Organization,MEMBER_OF,2024-01-01,2026-12-31,2024-01-01,2026-12-31,1,0.99,observed,EVI_ORG_REG_ORG_0100_P_03220,INGESTION_PIPELINE,RULE_BASED_EXTRACTOR,v1.0,True
REL_001012,P_00336,Person,ORG_0100,Organization,MEMBER_OF,2024-01-01,2026-12-31,2024-01-01,2026-12-31,1,0.99,observed,EVI_ORG_REG_ORG_0100_P_00336,INGESTION_PIPELINE,RULE_BASED_EXTRACTOR,v1.0,True
REL_001013,P_03301,Person,ORG_0101,Organization,MEMBER_OF,2024-01-01,2026-12-31,2024-01-01,2026-12-31,1,0.99,observed,EVI_ORG_REG_ORG_0101_P_03301,INGESTION_PIPELINE,RULE_BASED_EXTRACTOR,v1.0,True
REL_001014,P_01129,Person,ORG_0101,Organization,MEMBER_OF,2024-01-01,2026-12-31,2024-01-01,2026-12-31,1,0.99,observed,EVI_ORG_REG_ORG_0101_P_01129,INGESTION_PIPELINE,RULE_BASED_EXTRACTOR,v1.0,True
REL_001015,P_02726,Person,ORG_0102,Organization,MEMBER_OF,2024-01-01,2026-12-31,2024-01-01,2026-12-31,1,0.99,observed,EVI_ORG_REG_ORG_0102_P_02726,INGESTION_PIPELINE,RULE_BASED_EXTRACTOR,v1.0,True
REL_001016,P_01690,Person,ORG_0102,Organization,MEMBER_OF,2024-01-01,2026-12-31,2024-01-01,2026-12-31,1,0.99,observed,EVI_ORG_REG_ORG_0102_P_01690,INGESTION_PIPELINE,RULE_BASED_EXTRACTOR,v1.0,True
REL_001017,P_03237,Person,ORG_0102,Organization,MEMBER_OF,2024-01-01,2026-12-31,2024-01-01,2026-12-31,1,0.99,observed,EVI_ORG_REG_ORG_0102_P_03237,INGESTION_PIPELINE,RULE_BASED_EXTRACTOR,v1.0,True
REL_001018,P_00878,Person,ORG_0103,Organization,MEMBER_OF,2024-01-01,2026-12-31,2024-01-01,2026-12-31,1,0.99,observed,EVI_ORG_REG_ORG_0103_P_00878,INGESTION_PIPELINE,RULE_BASED_EXTRACTOR,v1.0,True
REL_001019,P_04444,Person,ORG_0104,Organization,MEMBER_OF,2024-01-01,2026-12-31,2024-01-01,2026-12-31,1,0.99,observed,EVI_ORG_REG_ORG_0104_P_04444,INGESTION_PIPELINE,RULE_BASED_EXTRACTOR,v1.0,True
REL_001020,P_02860,Person,ORG_0104,Organization,MEMBER_OF,2024-01-01,2026-12-31,2024-01-01,2026-12-31,1,0.99,observed,EVI_ORG_REG_ORG_0104_P_02860,INGESTION_PIPELINE,RULE_BASED_EXTRACTOR,v1.0,True
REL_001021,P_03349,Person,ORG_0104,Organization,MEMBER_OF,2024-01-01,2026-12-31,2024-01-01,2026-12-31,1,0.99,observed,EVI_ORG_REG_ORG_0104_P_03349,INGESTION_PIPELINE,RULE_BASED_EXTRACTOR,v1.0,True
REL_001022,P_01258,Person,ORG_0105,Organization,MEMBER_OF,2024-01-01,2026-12-31,2024-01-01,2026-12-31,1,0.99,observed,EVI_ORG_REG_ORG_0105_P_01258,INGESTION_PIPELINE,RULE_BASED_EXTRACTOR,v1.0,True
REL_001023,P_04203,Person,ORG_0105,Organization,MEMBER_OF,2024-01-01,2026-12-31,2024-01-01,2026-12-31,1,0.99,observed,EVI_ORG_REG_ORG_0105_P_04203,INGESTION_PIPELINE,RULE_BASED_EXTRACTOR,v1.0,True
REL_001024,P_02986,Person,ORG_0105,Organization,MEMBER_OF,2024-01-01,2026-12-31,2024-01-01,2026-12-31,1,0.99,observed,EVI_ORG_REG_ORG_0105_P_02986,INGESTION_PIPELINE,RULE_BASED_EXTRACTOR,v1.0,True
REL_001025,P_02630,Person,ORG_0106,Organization,MEMBER_OF,2024-01-01,2026-12-31,2024-01-01,2026-12-31,1,0.99,observed,EVI_ORG_REG_ORG_0106_P_02630,INGESTION_PIPELINE,RULE_BASED_EXTRACTOR,v1.0,True
REL_001026,P_01782,Person,ORG_0106,Organization,MEMBER_OF,2024-01-01,2026-12-31,2024-01-01,2026-12-31,1,0.99,observed,EVI_ORG_REG_ORG_0106_P_01782,INGESTION_PIPELINE,RULE_BASED_EXTRACTOR,v1.0,True
REL_001027,P_04169,Person,ORG_0107,Organization,MEMBER_OF,2024-01-01,2026-12-31,2024-01-01,2026-12-31,1,0.99,observed,EVI_ORG_REG_ORG_0107_P_04169,INGESTION_PIPELINE,RULE_BASED_EXTRACTOR,v1.0,True
REL_001028,P_04094,Person,ORG_0108,Organization,MEMBER_OF,2024-01-01,2026-12-31,2024-01-01,2026-12-31,1,0.99,observed,EVI_ORG_REG_ORG_0108_P_04094,INGESTION_PIPELINE,RULE_BASED_EXTRACTOR,v1.0,True
REL_001029,P_01137,Person,ORG_0108,Organization,MEMBER_OF,2024-01-01,2026-12-31,2024-01-01,2026-12-31,1,0.99,observed,EVI_ORG_REG_ORG_0108_P_01137,INGESTION_PIPELINE,RULE_BASED_EXTRACTOR,v1.0,True
REL_001030,P_03415,Person,ORG_0109,Organization,MEMBER_OF,2024-01-01,2026-12-31,2024-01-01,2026-12-31,1,0.99,observed,EVI_ORG_REG_ORG_0109_P_03415,INGESTION_PIPELINE,RULE_BASED_EXTRACTOR,v1.0,True
REL_001031,P_03038,Person,ORG_0110,Organization,MEMBER_OF,2024-01-01,2026-12-31,2024-01-01,2026-12-31,1,0.99,observed,EVI_ORG_REG_ORG_0110_P_03038,INGESTION_PIPELINE,RULE_BASED_EXTRACTOR,v1.0,True
REL_001032,P_03258,Person,ORG_0110,Organization,MEMBER_OF,2024-01-01,2026-12-31,2024-01-01,2026-12-31,1,0.99,observed,EVI_ORG_REG_ORG_0110_P_03258,INGESTION_PIPELINE,RULE_BASED_EXTRACTOR,v1.0,True
REL_001033,P_03914,Person,ORG_0110,Organization,MEMBER_OF,2024-01-01,2026-12-31,2024-01-01,2026-12-31,1,0.99,observed,EVI_ORG_REG_ORG_0110_P_03914,INGESTION_PIPELINE,RULE_BASED_EXTRACTOR,v1.0,True
REL_001034,P_03240,Person,ORG_0111,Organization,MEMBER_OF,2024-01-01,2026-12-31,2024-01-01,2026-12-31,1,0.99,observed,EVI_ORG_REG_ORG_0111_P_03240,INGESTION_PIPELINE,RULE_BASED_EXTRACTOR,v1.0,True
REL_001035,P_00021,Person,ORG_0111,Organization,MEMBER_OF,2024-01-01,2026-12-31,2024-01-01,2026-12-31,1,0.99,observed,EVI_ORG_REG_ORG_0111_P_00021,INGESTION_PIPELINE,RULE_BASED_EXTRACTOR,v1.0,True
REL_001036,P_03653,Person,ORG_0111,Organization,MEMBER_OF,2024-01-01,2026-12-31,2024-01-01,2026-12-31,1,0.99,observed,EVI_ORG_REG_ORG_0111_P_03653,INGESTION_PIPELINE,RULE_BASED_EXTRACTOR,v1.0,True
REL_001037,P_03937,Person,ORG_0112,Organization,MEMBER_OF,2024-01-01,2026-12-31,2024-01-01,2026-12-31,1,0.99,observed,EVI_ORG_REG_ORG_0112_P_03937,INGESTION_PIPELINE,RULE_BASED_EXTRACTOR,v1.0,True
REL_001038,P_04666,Person,ORG_0113,Organization,MEMBER_OF,2024-01-01,2026-12-31,2024-01-01,2026-12-31,1,0.99,observed,EVI_ORG_REG_ORG_0113_P_04666,INGESTION_PIPELINE,RULE_BASED_EXTRACTOR,v1.0,True
REL_001039,P_00820,Person,ORG_0113,Organization,MEMBER_OF,2024-01-01,2026-12-31,2024-01-01,2026-12-31,1,0.99,observed,EVI_ORG_REG_ORG_0113_P_00820,INGESTION_PIPELINE,RULE_BASED_EXTRACTOR,v1.0,True
REL_001040,P_04974,Person,ORG_0113,Organization,MEMBER_OF,2024-01-01,2026-12-31,2024-01-01,2026-12-31,1,0.99,observed,EVI_ORG_REG_ORG_0113_P_04974,INGESTION_PIPELINE,RULE_BASED_EXTRACTOR,v1.0,True
REL_001041,P_03070,Person,ORG_0114,Organization,MEMBER_OF,2024-01-01,2026-12-31,2024-01-01,2026-12-31,1,0.99,observed,EVI_ORG_REG_ORG_0114_P_03070,INGESTION_PIPELINE,RULE_BASED_EXTRACTOR,v1.0,True
REL_001042,P_03034,Person,ORG_0114,Organization,MEMBER_OF,2024-01-01,2026-12-31,2024-01-01,2026-12-31,1,0.99,observed,EVI_ORG_REG_ORG_0114_P_03034,INGESTION_PIPELINE,RULE_BASED_EXTRACTOR,v1.0,True
REL_001043,P_02320,Person,ORG_0115,Organization,MEMBER_OF,2024-01-01,2026-12-31,2024-01-01,2026-12-31,1,0.99,observed,EVI_ORG_REG_ORG_0115_P_02320,INGESTION_PIPELINE,RULE_BASED_EXTRACTOR,v1.0,True
REL_001044,P_02497,Person,ORG_0115,Organization,MEMBER_OF,2024-01-01,2026-12-31,2024-01-01,2026-12-31,1,0.99,observed,EVI_ORG_REG_ORG_0115_P_02497,INGESTION_PIPELINE,RULE_BASED_EXTRACTOR,v1.0,True
REL_001045,P_00787,Person,ORG_0115,Organization,MEMBER_OF,2024-01-01,2026-12-31,2024-01-01,2026-12-31,1,0.99,observed,EVI_ORG_REG_ORG_0115_P_00787,INGESTION_PIPELINE,RULE_BASED_EXTRACTOR,v1.0,True
REL_001046,P_02778,Person,ORG_0116,Organization,MEMBER_OF,2024-01-01,2026-12-31,2024-01-01,2026-12-31,1,0.99,observed,EVI_ORG_REG_ORG_0116_P_02778,INGESTION_PIPELINE,RULE_BASED_EXTRACTOR,v1.0,True
REL_001047,P_02306,Person,ORG_0117,Organization,MEMBER_OF,2024-01-01,2026-12-31,2024-01-01,2026-12-31,1,0.99,observed,EVI_ORG_REG_ORG_0117_P_02306,INGESTION_PIPELINE,RULE_BASED_EXTRACTOR,v1.0,True
REL_001048,P_04032,Person,ORG_0117,Organization,MEMBER_OF,2024-01-01,2026-12-31,2024-01-01,2026-12-31,1,0.99,observed,EVI_ORG_REG_ORG_0117_P_04032,INGESTION_PIPELINE,RULE_BASED_EXTRACTOR,v1.0,True
REL_001049,P_02052,Person,ORG_0118,Organization,MEMBER_OF,2024-01-01,2026-12-31,2024-01-01,2026-12-31,1,0.99,observed,EVI_ORG_REG_ORG_0118_P_02052,INGESTION_PIPELINE,RULE_BASED_EXTRACTOR,v1.0,True
REL_001050,P_04335,Person,ORG_0118,Organization,MEMBER_OF,2024-01-01,2026-12-31,2024-01-01,2026-12-31,1,0.99,observed,EVI_ORG_REG_ORG_0118_P_04335,INGESTION_PIPELINE,RULE_BASED_EXTRACTOR,v1.0,True
REL_001051,P_02756,Person,ORG_0118,Organization,MEMBER_OF,2024-01-01,2026-12-31,2024-01-01,2026-12-31,1,0.99,observed,EVI_ORG_REG_ORG_0118_P_02756,INGESTION_PIPELINE,RULE_BASED_EXTRACTOR,v1.0,True
REL_001052,P_03645,Person,ORG_0119,Organization,MEMBER_OF,2024-01-01,2026-12-31,2024-01-01,2026-12-31,1,0.99,observed,EVI_ORG_REG_ORG_0119_P_03645,INGESTION_PIPELINE,RULE_BASED_EXTRACTOR,v1.0,True
REL_001053,P_03559,Person,ORG_0119,Organization,MEMBER_OF,2024-01-01,2026-12-31,2024-01-01,2026-12-31,1,0.99,observed,EVI_ORG_REG_ORG_0119_P_03559,INGESTION_PIPELINE,RULE_BASED_EXTRACTOR,v1.0,True
REL_001054,P_04771,Person,ORG_0120,Organization,MEMBER_OF,2024-01-01,2026-12-31,2024-01-01,2026-12-31,1,0.99,observed,EVI_ORG_REG_ORG_0120_P_04771,INGESTION_PIPELINE,RULE_BASED_EXTRACTOR,v1.0,True
REL_001055,P_00301,Person,ORG_0120,Organization,MEMBER_OF,2024-01-01,2026-12-31,2024-01-01,2026-12-31,1,0.99,observed,EVI_ORG_REG_ORG_0120_P_00301,INGESTION_PIPELINE,RULE_BASED_EXTRACTOR,v1.0,True
REL_001056,P_02031,Person,ORG_0121,Organization,MEMBER_OF,2024-01-01,2026-12-31,2024-01-01,2026-12-31,1,0.99,observed,EVI_ORG_REG_ORG_0121_P_02031,INGESTION_PIPELINE,RULE_BASED_EXTRACTOR,v1.0,True
REL_001057,P_02206,Person,ORG_0121,Organization,MEMBER_OF,2024-01-01,2026-12-31,2024-01-01,2026-12-31,1,0.99,observed,EVI_ORG_REG_ORG_0121_P_02206,INGESTION_PIPELINE,RULE_BASED_EXTRACTOR,v1.0,True
REL_001058,P_01824,Person,ORG_0122,Organization,MEMBER_OF,2024-01-01,2026-12-31,2024-01-01,2026-12-31,1,0.99,observed,EVI_ORG_REG_ORG_0122_P_01824,INGESTION_PIPELINE,RULE_BASED_EXTRACTOR,v1.0,True
REL_001059,P_03539,Person,ORG_0122,Organization,MEMBER_OF,2024-01-01,2026-12-31,2024-01-01,2026-12-31,1,0.99,observed,EVI_ORG_REG_ORG_0122_P_03539,INGESTION_PIPELINE,RULE_BASED_EXTRACTOR,v1.0,True
REL_001060,P_00835,Person,ORG_0123,Organization,MEMBER_OF,2024-01-01,2026-12-31,2024-01-01,2026-12-31,1,0.99,observed,EVI_ORG_REG_ORG_0123_P_00835,INGESTION_PIPELINE,RULE_BASED_EXTRACTOR,v1.0,True
REL_001061,P_02755,Person,ORG_0123,Organization,MEMBER_OF,2024-01-01,2026-12-31,2024-01-01,2026-12-31,1,0.99,observed,EVI_ORG_REG_ORG_0123_P_02755,INGESTION_PIPELINE,RULE_BASED_EXTRACTOR,v1.0,True
REL_001062,P_00022,Person,ORG_0124,Organization,MEMBER_OF,2024-01-01,2026-12-31,2024-01-01,2026-12-31,1,0.99,observed,EVI_ORG_REG_ORG_0124_P_00022,INGESTION_PIPELINE,RULE_BASED_EXTRACTOR,v1.0,True
REL_001063,P_00441,Person,ORG_0125,Organization,MEMBER_OF,2024-01-01,2026-12-31,2024-01-01,2026-12-31,1,0.99,observed,EVI_ORG_REG_ORG_0125_P_00441,INGESTION_PIPELINE,RULE_BASED_EXTRACTOR,v1.0,True
REL_001064,P_03989,Person,ORG_0125,Organization,MEMBER_OF,2024-01-01,2026-12-31,2024-01-01,2026-12-31,1,0.99,observed,EVI_ORG_REG_ORG_0125_P_03989,INGESTION_PIPELINE,RULE_BASED_EXTRACTOR,v1.0,True
REL_001065,P_03318,Person,ORG_0125,Organization,MEMBER_OF,2024-01-01,2026-12-31,2024-01-01,2026-12-31,1,0.99,observed,EVI_ORG_REG_ORG_0125_P_03318,INGESTION_PIPELINE,RULE_BASED_EXTRACTOR,v1.0,True
REL_001066,P_02833,Person,ORG_0126,Organization,MEMBER_OF,2024-01-01,2026-12-31,2024-01-01,2026-12-31,1,0.99,observed,EVI_ORG_REG_ORG_0126_P_02833,INGESTION_PIPELINE,RULE_BASED_EXTRACTOR,v1.0,True
REL_001067,P_03823,Person,ORG_0127,Organization,MEMBER_OF,2024-01-01,2026-12-31,2024-01-01,2026-12-31,1,0.99,observed,EVI_ORG_REG_ORG_0127_P_03823,INGESTION_PIPELINE,RULE_BASED_EXTRACTOR,v1.0,True
REL_001068,P_01024,Person,ORG_0127,Organization,MEMBER_OF,2024-01-01,2026-12-31,2024-01-01,2026-12-31,1,0.99,observed,EVI_ORG_REG_ORG_0127_P_01024,INGESTION_PIPELINE,RULE_BASED_EXTRACTOR,v1.0,True
REL_001069,P_01009,Person,ORG_0128,Organization,MEMBER_OF,2024-01-01,2026-12-31,2024-01-01,2026-12-31,1,0.99,observed,EVI_ORG_REG_ORG_0128_P_01009,INGESTION_PIPELINE,RULE_BASED_EXTRACTOR,v1.0,True
REL_001070,P_03727,Person,ORG_0129,Organization,MEMBER_OF,2024-01-01,2026-12-31,2024-01-01,2026-12-31,1,0.99,observed,EVI_ORG_REG_ORG_0129_P_03727,INGESTION_PIPELINE,RULE_BASED_EXTRACTOR,v1.0,True
REL_001071,P_01874,Person,ORG_0129,Organization,MEMBER_OF,2024-01-01,2026-12-31,2024-01-01,2026-12-31,1,0.99,observed,EVI_ORG_REG_ORG_0129_P_01874,INGESTION_PIPELINE,RULE_BASED_EXTRACTOR,v1.0,True
REL_001072,P_01970,Person,ORG_0130,Organization,MEMBER_OF,2024-01-01,2026-12-31,2024-01-01,2026-12-31,1,0.99,observed,EVI_ORG_REG_ORG_0130_P_01970,INGESTION_PIPELINE,RULE_BASED_EXTRACTOR,v1.0,True
REL_001073,P_00588,Person,ORG_0130,Organization,MEMBER_OF,2024-01-01,2026-12-31,2024-01-01,2026-12-31,1,0.99,observed,EVI_ORG_REG_ORG_0130_P_00588,INGESTION_PIPELINE,RULE_BASED_EXTRACTOR,v1.0,True
REL_001074,P_01094,Person,ORG_0131,Organization,MEMBER_OF,2024-01-01,2026-12-31,2024-01-01,2026-12-31,1,0.99,observed,EVI_ORG_REG_ORG_0131_P_01094,INGESTION_PIPELINE,RULE_BASED_EXTRACTOR,v1.0,True
REL_001075,P_01417,Person,ORG_0131,Organization,MEMBER_OF,2024-01-01,2026-12-31,2024-01-01,2026-12-31,1,0.99,observed,EVI_ORG_REG_ORG_0131_P_01417,INGESTION_PIPELINE,RULE_BASED_EXTRACTOR,v1.0,True
REL_001076,P_02759,Person,ORG_0132,Organization,MEMBER_OF,2024-01-01,2026-12-31,2024-01-01,2026-12-31,1,0.99,observed,EVI_ORG_REG_ORG_0132_P_02759,INGESTION_PIPELINE,RULE_BASED_EXTRACTOR,v1.0,True
REL_001077,P_03288,Person,ORG_0132,Organization,MEMBER_OF,2024-01-01,2026-12-31,2024-01-01,2026-12-31,1,0.99,observed,EVI_ORG_REG_ORG_0132_P_03288,INGESTION_PIPELINE,RULE_BASED_EXTRACTOR,v1.0,True
REL_001078,P_02134,Person,ORG_0132,Organization,MEMBER_OF,2024-01-01,2026-12-31,2024-01-01,2026-12-31,1,0.99,observed,EVI_ORG_REG_ORG_0132_P_02134,INGESTION_PIPELINE,RULE_BASED_EXTRACTOR,v1.0,True
REL_001079,P_03997,Person,ORG_0133,Organization,MEMBER_OF,2024-01-01,2026-12-31,2024-01-01,2026-12-31,1,0.99,observed,EVI_ORG_REG_ORG_0133_P_03997,INGESTION_PIPELINE,RULE_BASED_EXTRACTOR,v1.0,True
REL_001080,P_02532,Person,ORG_0133,Organization,MEMBER_OF,2024-01-01,2026-12-31,2024-01-01,2026-12-31,1,0.99,observed,EVI_ORG_REG_ORG_0133_P_02532,INGESTION_PIPELINE,RULE_BASED_EXTRACTOR,v1.0,True
REL_001081,P_03065,Person,ORG_0134,Organization,MEMBER_OF,2024-01-01,2026-12-31,2024-01-01,2026-12-31,1,0.99,observed,EVI_ORG_REG_ORG_0134_P_03065,INGESTION_PIPELINE,RULE_BASED_EXTRACTOR,v1.0,True
REL_001082,P_03831,Person,ORG_0134,Organization,MEMBER_OF,2024-01-01,2026-12-31,2024-01-01,2026-12-31,1,0.99,observed,EVI_ORG_REG_ORG_0134_P_03831,INGESTION_PIPELINE,RULE_BASED_EXTRACTOR,v1.0,True
REL_001083,P_01243,Person,ORG_0135,Organization,MEMBER_OF,2024-01-01,2026-12-31,2024-01-01,2026-12-31,1,0.99,observed,EVI_ORG_REG_ORG_0135_P_01243,INGESTION_PIPELINE,RULE_BASED_EXTRACTOR,v1.0,True
REL_001084,P_01948,Person,ORG_0135,Organization,MEMBER_OF,2024-01-01,2026-12-31,2024-01-01,2026-12-31,1,0.99,observed,EVI_ORG_REG_ORG_0135_P_01948,INGESTION_PIPELINE,RULE_BASED_EXTRACTOR,v1.0,True
REL_001085,P_02864,Person,ORG_0136,Organization,MEMBER_OF,2024-01-01,2026-12-31,2024-01-01,2026-12-31,1,0.99,observed,EVI_ORG_REG_ORG_0136_P_02864,INGESTION_PIPELINE,RULE_BASED_EXTRACTOR,v1.0,True
REL_001086,P_04528,Person,ORG_0136,Organization,MEMBER_OF,2024-01-01,2026-12-31,2024-01-01,2026-12-31,1,0.99,observed,EVI_ORG_REG_ORG_0136_P_04528,INGESTION_PIPELINE,RULE_BASED_EXTRACTOR,v1.0,True
REL_001087,P_02819,Person,ORG_0137,Organization,MEMBER_OF,2024-01-01,2026-12-31,2024-01-01,2026-12-31,1,0.99,observed,EVI_ORG_REG_ORG_0137_P_02819,INGESTION_PIPELINE,RULE_BASED_EXTRACTOR,v1.0,True
REL_001088,P_03982,Person,ORG_0137,Organization,MEMBER_OF,2024-01-01,2026-12-31,2024-01-01,2026-12-31,1,0.99,observed,EVI_ORG_REG_ORG_0137_P_03982,INGESTION_PIPELINE,RULE_BASED_EXTRACTOR,v1.0,True
REL_001089,P_04898,Person,ORG_0137,Organization,MEMBER_OF,2024-01-01,2026-12-31,2024-01-01,2026-12-31,1,0.99,observed,EVI_ORG_REG_ORG_0137_P_04898,INGESTION_PIPELINE,RULE_BASED_EXTRACTOR,v1.0,True
REL_001090,P_00801,Person,ORG_0138,Organization,MEMBER_OF,2024-01-01,2026-12-31,2024-01-01,2026-12-31,1,0.99,observed,EVI_ORG_REG_ORG_0138_P_00801,INGESTION_PIPELINE,RULE_BASED_EXTRACTOR,v1.0,True
REL_001091,P_03349,Person,ORG_0138,Organization,MEMBER_OF,2024-01-01,2026-12-31,2024-01-01,2026-12-31,1,0.99,observed,EVI_ORG_REG_ORG_0138_P_03349,INGESTION_PIPELINE,RULE_BASED_EXTRACTOR,v1.0,True
REL_001092,P_03297,Person,ORG_0138,Organization,MEMBER_OF,2024-01-01,2026-12-31,2024-01-01,2026-12-31,1,0.99,observed,EVI_ORG_REG_ORG_0138_P_03297,INGESTION_PIPELINE,RULE_BASED_EXTRACTOR,v1.0,True
REL_001093,P_02199,Person,ORG_0139,Organization,MEMBER_OF,2024-01-01,2026-12-31,2024-01-01,2026-12-31,1,0.99,observed,EVI_ORG_REG_ORG_0139_P_02199,INGESTION_PIPELINE,RULE_BASED_EXTRACTOR,v1.0,True
REL_001094,P_00964,Person,ORG_0139,Organization,MEMBER_OF,2024-01-01,2026-12-31,2024-01-01,2026-12-31,1,0.99,observed,EVI_ORG_REG_ORG_0139_P_00964,INGESTION_PIPELINE,RULE_BASED_EXTRACTOR,v1.0,True
REL_001095,P_01585,Person,ORG_0139,Organization,MEMBER_OF,2024-01-01,2026-12-31,2024-01-01,2026-12-31,1,0.99,observed,EVI_ORG_REG_ORG_0139_P_01585,INGESTION_PIPELINE,RULE_BASED_EXTRACTOR,v1.0,True
REL_001096,P_02022,Person,ORG_0140,Organization,MEMBER_OF,2024-01-01,2026-12-31,2024-01-01,2026-12-31,1,0.99,observed,EVI_ORG_REG_ORG_0140_P_02022,INGESTION_PIPELINE,RULE_BASED_EXTRACTOR,v1.0,True
REL_001097,P_03810,Person,ORG_0141,Organization,MEMBER_OF,2024-01-01,2026-12-31,2024-01-01,2026-12-31,1,0.99,observed,EVI_ORG_REG_ORG_0141_P_03810,INGESTION_PIPELINE,RULE_BASED_EXTRACTOR,v1.0,True
REL_001098,P_03643,Person,ORG_0142,Organization,MEMBER_OF,2024-01-01,2026-12-31,2024-01-01,2026-12-31,1,0.99,observed,EVI_ORG_REG_ORG_0142_P_03643,INGESTION_PIPELINE,RULE_BASED_EXTRACTOR,v1.0,True
REL_001099,P_00787,Person,ORG_0142,Organization,MEMBER_OF,2024-01-01,2026-12-31,2024-01-01,2026-12-31,1,0.99,observed,EVI_ORG_REG_ORG_0142_P_00787,INGESTION_PIPELINE,RULE_BASED_EXTRACTOR,v1.0,True
REL_001100,P_02133,Person,ORG_0142,Organization,MEMBER_OF,2024-01-01,2026-12-31,2024-01-01,2026-12-31,1,0.99,observed,EVI_ORG_REG_ORG_0142_P_02133,INGESTION_PIPELINE,RULE_BASED_EXTRACTOR,v1.0,True
REL_001101,P_02060,Person,ORG_0143,Organization,MEMBER_OF,2024-01-01,2026-12-31,2024-01-01,2026-12-31,1,0.99,observed,EVI_ORG_REG_ORG_0143_P_02060,INGESTION_PIPELINE,RULE_BASED_EXTRACTOR,v1.0,True
REL_001102,P_02431,Person,ORG_0143,Organization,MEMBER_OF,2024-01-01,2026-12-31,2024-01-01,2026-12-31,1,0.99,observed,EVI_ORG_REG_ORG_0143_P_02431,INGESTION_PIPELINE,RULE_BASED_EXTRACTOR,v1.0,True
REL_001103,P_02617,Person,ORG_0144,Organization,MEMBER_OF,2024-01-01,2026-12-31,2024-01-01,2026-12-31,1,0.99,observed,EVI_ORG_REG_ORG_0144_P_02617,INGESTION_PIPELINE,RULE_BASED_EXTRACTOR,v1.0,True
REL_001104,P_04686,Person,ORG_0144,Organization,MEMBER_OF,2024-01-01,2026-12-31,2024-01-01,2026-12-31,1,0.99,observed,EVI_ORG_REG_ORG_0144_P_04686,INGESTION_PIPELINE,RULE_BASED_EXTRACTOR,v1.0,True
REL_001105,P_02786,Person,ORG_0144,Organization,MEMBER_OF,2024-01-01,2026-12-31,2024-01-01,2026-12-31,1,0.99,observed,EVI_ORG_REG_ORG_0144_P_02786,INGESTION_PIPELINE,RULE_BASED_EXTRACTOR,v1.0,True
REL_001106,P_04187,Person,ORG_0145,Organization,MEMBER_OF,2024-01-01,2026-12-31,2024-01-01,2026-12-31,1,0.99,observed,EVI_ORG_REG_ORG_0145_P_04187,INGESTION_PIPELINE,RULE_BASED_EXTRACTOR,v1.0,True
REL_001107,P_00304,Person,ORG_0146,Organization,MEMBER_OF,2024-01-01,2026-12-31,2024-01-01,2026-12-31,1,0.99,observed,EVI_ORG_REG_ORG_0146_P_00304,INGESTION_PIPELINE,RULE_BASED_EXTRACTOR,v1.0,True
REL_001108,P_01005,Person,ORG_0146,Organization,MEMBER_OF,2024-01-01,2026-12-31,2024-01-01,2026-12-31,1,0.99,observed,EVI_ORG_REG_ORG_0146_P_01005,INGESTION_PIPELINE,RULE_BASED_EXTRACTOR,v1.0,True
REL_001109,P_03181,Person,ORG_0147,Organization,MEMBER_OF,2024-01-01,2026-12-31,2024-01-01,2026-12-31,1,0.99,observed,EVI_ORG_REG_ORG_0147_P_03181,INGESTION_PIPELINE,RULE_BASED_EXTRACTOR,v1.0,True
REL_001110,P_00826,Person,ORG_0147,Organization,MEMBER_OF,2024-01-01,2026-12-31,2024-01-01,2026-12-31,1,0.99,observed,EVI_ORG_REG_ORG_0147_P_00826,INGESTION_PIPELINE,RULE_BASED_EXTRACTOR,v1.0,True
REL_001111,P_00159,Person,ORG_0147,Organization,MEMBER_OF,2024-01-01,2026-12-31,2024-01-01,2026-12-31,1,0.99,observed,EVI_ORG_REG_ORG_0147_P_00159,INGESTION_PIPELINE,RULE_BASED_EXTRACTOR,v1.0,True
REL_001112,P_00256,Person,ORG_0148,Organization,MEMBER_OF,2024-01-01,2026-12-31,2024-01-01,2026-12-31,1,0.99,observed,EVI_ORG_REG_ORG_0148_P_00256,INGESTION_PIPELINE,RULE_BASED_EXTRACTOR,v1.0,True
REL_001113,P_00323,Person,ORG_0148,Organization,MEMBER_OF,2024-01-01,2026-12-31,2024-01-01,2026-12-31,1,0.99,observed,EVI_ORG_REG_ORG_0148_P_00323,INGESTION_PIPELINE,RULE_BASED_EXTRACTOR,v1.0,True
REL_001114,P_00860,Person,ORG_0148,Organization,MEMBER_OF,2024-01-01,2026-12-31,2024-01-01,2026-12-31,1,0.99,observed,EVI_ORG_REG_ORG_0148_P_00860,INGESTION_PIPELINE,RULE_BASED_EXTRACTOR,v1.0,True
REL_001115,P_03769,Person,ORG_0149,Organization,MEMBER_OF,2024-01-01,2026-12-31,2024-01-01,2026-12-31,1,0.99,observed,EVI_ORG_REG_ORG_0149_P_03769,INGESTION_PIPELINE,RULE_BASED_EXTRACTOR,v1.0,True
REL_001116,P_04693,Person,ORG_0149,Organization,MEMBER_OF,2024-01-01,2026-12-31,2024-01-01,2026-12-31,1,0.99,observed,EVI_ORG_REG_ORG_0149_P_04693,INGESTION_PIPELINE,RULE_BASED_EXTRACTOR,v1.0,True
REL_001117,P_04045,Person,ORG_0150,Organization,MEMBER_OF,2024-01-01,2026-12-31,2024-01-01,2026-12-31,1,0.99,observed,EVI_ORG_REG_ORG_0150_P_04045,INGESTION_PIPELINE,RULE_BASED_EXTRACTOR,v1.0,True
REL_001118,P_03543,Person,ORG_0150,Organization,MEMBER_OF,2024-01-01,2026-12-31,2024-01-01,2026-12-31,1,0.99,observed,EVI_ORG_REG_ORG_0150_P_03543,INGESTION_PIPELINE,RULE_BASED_EXTRACTOR,v1.0,True
REL_001119,P_02561,Person,ORG_0151,Organization,MEMBER_OF,2024-01-01,2026-12-31,2024-01-01,2026-12-31,1,0.99,observed,EVI_ORG_REG_ORG_0151_P_02561,INGESTION_PIPELINE,RULE_BASED_EXTRACTOR,v1.0,True
REL_001120,P_02571,Person,ORG_0151,Organization,MEMBER_OF,2024-01-01,2026-12-31,2024-01-01,2026-12-31,1,0.99,observed,EVI_ORG_REG_ORG_0151_P_02571,INGESTION_PIPELINE,RULE_BASED_EXTRACTOR,v1.0,True
REL_001121,P_00802,Person,ORG_0151,Organization,MEMBER_OF,2024-01-01,2026-12-31,2024-01-01,2026-12-31,1,0.99,observed,EVI_ORG_REG_ORG_0151_P_00802,INGESTION_PIPELINE,RULE_BASED_EXTRACTOR,v1.0,True
REL_001122,P_02992,Person,ORG_0152,Organization,MEMBER_OF,2024-01-01,2026-12-31,2024-01-01,2026-12-31,1,0.99,observed,EVI_ORG_REG_ORG_0152_P_02992,INGESTION_PIPELINE,RULE_BASED_EXTRACTOR,v1.0,True
REL_001123,P_04796,Person,ORG_0153,Organization,MEMBER_OF,2024-01-01,2026-12-31,2024-01-01,2026-12-31,1,0.99,observed,EVI_ORG_REG_ORG_0153_P_04796,INGESTION_PIPELINE,RULE_BASED_EXTRACTOR,v1.0,True
REL_001124,P_03476,Person,ORG_0153,Organization,MEMBER_OF,2024-01-01,2026-12-31,2024-01-01,2026-12-31,1,0.99,observed,EVI_ORG_REG_ORG_0153_P_03476,INGESTION_PIPELINE,RULE_BASED_EXTRACTOR,v1.0,True
REL_001125,P_03647,Person,ORG_0153,Organization,MEMBER_OF,2024-01-01,2026-12-31,2024-01-01,2026-12-31,1,0.99,observed,EVI_ORG_REG_ORG_0153_P_03647,INGESTION_PIPELINE,RULE_BASED_EXTRACTOR,v1.0,True
REL_001126,P_01622,Person,ORG_0154,Organization,MEMBER_OF,2024-01-01,2026-12-31,2024-01-01,2026-12-31,1,0.99,observed,EVI_ORG_REG_ORG_0154_P_01622,INGESTION_PIPELINE,RULE_BASED_EXTRACTOR,v1.0,True
REL_001127,P_03510,Person,ORG_0154,Organization,MEMBER_OF,2024-01-01,2026-12-31,2024-01-01,2026-12-31,1,0.99,observed,EVI_ORG_REG_ORG_0154_P_03510,INGESTION_PIPELINE,RULE_BASED_EXTRACTOR,v1.0,True
REL_001128,P_02917,Person,ORG_0155,Organization,MEMBER_OF,2024-01-01,2026-12-31,2024-01-01,2026-12-31,1,0.99,observed,EVI_ORG_REG_ORG_0155_P_02917,INGESTION_PIPELINE,RULE_BASED_EXTRACTOR,v1.0,True
REL_001129,P_04415,Person,ORG_0155,Organization,MEMBER_OF,2024-01-01,2026-12-31,2024-01-01,2026-12-31,1,0.99,observed,EVI_ORG_REG_ORG_0155_P_04415,INGESTION_PIPELINE,RULE_BASED_EXTRACTOR,v1.0,True
REL_001130,P_04869,Person,ORG_0155,Organization,MEMBER_OF,2024-01-01,2026-12-31,2024-01-01,2026-12-31,1,0.99,observed,EVI_ORG_REG_ORG_0155_P_04869,INGESTION_PIPELINE,RULE_BASED_EXTRACTOR,v1.0,True
REL_001131,P_03723,Person,ORG_0156,Organization,MEMBER_OF,2024-01-01,2026-12-31,2024-01-01,2026-12-31,1,0.99,observed,EVI_ORG_REG_ORG_0156_P_03723,INGESTION_PIPELINE,RULE_BASED_EXTRACTOR,v1.0,True
REL_001132,P_01757,Person,ORG_0157,Organization,MEMBER_OF,2024-01-01,2026-12-31,2024-01-01,2026-12-31,1,0.99,observed,EVI_ORG_REG_ORG_0157_P_01757,INGESTION_PIPELINE,RULE_BASED_EXTRACTOR,v1.0,True
REL_001133,P_02261,Person,ORG_0157,Organization,MEMBER_OF,2024-01-01,2026-12-31,2024-01-01,2026-12-31,1,0.99,observed,EVI_ORG_REG_ORG_0157_P_02261,INGESTION_PIPELINE,RULE_BASED_EXTRACTOR,v1.0,True
REL_001134,P_00700,Person,ORG_0157,Organization,MEMBER_OF,2024-01-01,2026-12-31,2024-01-01,2026-12-31,1,0.99,observed,EVI_ORG_REG_ORG_0157_P_00700,INGESTION_PIPELINE,RULE_BASED_EXTRACTOR,v1.0,True
REL_001135,P_00873,Person,ORG_0158,Organization,MEMBER_OF,2024-01-01,2026-12-31,2024-01-01,2026-12-31,1,0.99,observed,EVI_ORG_REG_ORG_0158_P_00873,INGESTION_PIPELINE,RULE_BASED_EXTRACTOR,v1.0,True
REL_001136,P_01589,Person,ORG_0158,Organization,MEMBER_OF,2024-01-01,2026-12-31,2024-01-01,2026-12-31,1,0.99,observed,EVI_ORG_REG_ORG_0158_P_01589,INGESTION_PIPELINE,RULE_BASED_EXTRACTOR,v1.0,True
REL_001137,P_01553,Person,ORG_0159,Organization,MEMBER_OF,2024-01-01,2026-12-31,2024-01-01,2026-12-31,1,0.99,observed,EVI_ORG_REG_ORG_0159_P_01553,INGESTION_PIPELINE,RULE_BASED_EXTRACTOR,v1.0,True
REL_001138,P_00387,Person,ORG_0159,Organization,MEMBER_OF,2024-01-01,2026-12-31,2024-01-01,2026-12-31,1,0.99,observed,EVI_ORG_REG_ORG_0159_P_00387,INGESTION_PIPELINE,RULE_BASED_EXTRACTOR,v1.0,True
REL_001139,P_01352,Person,ORG_0160,Organization,MEMBER_OF,2024-01-01,2026-12-31,2024-01-01,2026-12-31,1,0.99,observed,EVI_ORG_REG_ORG_0160_P_01352,INGESTION_PIPELINE,RULE_BASED_EXTRACTOR,v1.0,True
REL_001140,P_04131,Person,ORG_0160,Organization,MEMBER_OF,2024-01-01,2026-12-31,2024-01-01,2026-12-31,1,0.99,observed,EVI_ORG_REG_ORG_0160_P_04131,INGESTION_PIPELINE,RULE_BASED_EXTRACTOR,v1.0,True
REL_001141,P_03320,Person,ORG_0161,Organization,MEMBER_OF,2024-01-01,2026-12-31,2024-01-01,2026-12-31,1,0.99,observed,EVI_ORG_REG_ORG_0161_P_03320,INGESTION_PIPELINE,RULE_BASED_EXTRACTOR,v1.0,True
REL_001142,P_01844,Person,ORG_0161,Organization,MEMBER_OF,2024-01-01,2026-12-31,2024-01-01,2026-12-31,1,0.99,observed,EVI_ORG_REG_ORG_0161_P_01844,INGESTION_PIPELINE,RULE_BASED_EXTRACTOR,v1.0,True
REL_001143,P_04652,Person,ORG_0162,Organization,MEMBER_OF,2024-01-01,2026-12-31,2024-01-01,2026-12-31,1,0.99,observed,EVI_ORG_REG_ORG_0162_P_04652,INGESTION_PIPELINE,RULE_BASED_EXTRACTOR,v1.0,True
REL_001144,P_03392,Person,ORG_0162,Organization,MEMBER_OF,2024-01-01,2026-12-31,2024-01-01,2026-12-31,1,0.99,observed,EVI_ORG_REG_ORG_0162_P_03392,INGESTION_PIPELINE,RULE_BASED_EXTRACTOR,v1.0,True
REL_001145,P_03618,Person,ORG_0162,Organization,MEMBER_OF,2024-01-01,2026-12-31,2024-01-01,2026-12-31,1,0.99,observed,EVI_ORG_REG_ORG_0162_P_03618,INGESTION_PIPELINE,RULE_BASED_EXTRACTOR,v1.0,True
REL_001146,P_00184,Person,ORG_0163,Organization,MEMBER_OF,2024-01-01,2026-12-31,2024-01-01,2026-12-31,1,0.99,observed,EVI_ORG_REG_ORG_0163_P_00184,INGESTION_PIPELINE,RULE_BASED_EXTRACTOR,v1.0,True
REL_001147,P_01606,Person,ORG_0163,Organization,MEMBER_OF,2024-01-01,2026-12-31,2024-01-01,2026-12-31,1,0.99,observed,EVI_ORG_REG_ORG_0163_P_01606,INGESTION_PIPELINE,RULE_BASED_EXTRACTOR,v1.0,True
REL_001148,P_00091,Person,ORG_0163,Organization,MEMBER_OF,2024-01-01,2026-12-31,2024-01-01,2026-12-31,1,0.99,observed,EVI_ORG_REG_ORG_0163_P_00091,INGESTION_PIPELINE,RULE_BASED_EXTRACTOR,v1.0,True
REL_001149,P_01871,Person,ORG_0164,Organization,MEMBER_OF,2024-01-01,2026-12-31,2024-01-01,2026-12-31,1,0.99,observed,EVI_ORG_REG_ORG_0164_P_01871,INGESTION_PIPELINE,RULE_BASED_EXTRACTOR,v1.0,True
REL_001150,P_02984,Person,ORG_0164,Organization,MEMBER_OF,2024-01-01,2026-12-31,2024-01-01,2026-12-31,1,0.99,observed,EVI_ORG_REG_ORG_0164_P_02984,INGESTION_PIPELINE,RULE_BASED_EXTRACTOR,v1.0,True
REL_001151,P_03580,Person,ORG_0164,Organization,MEMBER_OF,2024-01-01,2026-12-31,2024-01-01,2026-12-31,1,0.99,observed,EVI_ORG_REG_ORG_0164_P_03580,INGESTION_PIPELINE,RULE_BASED_EXTRACTOR,v1.0,True
REL_001152,P_03194,Person,ORG_0165,Organization,MEMBER_OF,2024-01-01,2026-12-31,2024-01-01,2026-12-31,1,0.99,observed,EVI_ORG_REG_ORG_0165_P_03194,INGESTION_PIPELINE,RULE_BASED_EXTRACTOR,v1.0,True
REL_001153,P_01487,Person,ORG_0166,Organization,MEMBER_OF,2024-01-01,2026-12-31,2024-01-01,2026-12-31,1,0.99,observed,EVI_ORG_REG_ORG_0166_P_01487,INGESTION_PIPELINE,RULE_BASED_EXTRACTOR,v1.0,True
REL_001154,P_03401,Person,ORG_0166,Organization,MEMBER_OF,2024-01-01,2026-12-31,2024-01-01,2026-12-31,1,0.99,observed,EVI_ORG_REG_ORG_0166_P_03401,INGESTION_PIPELINE,RULE_BASED_EXTRACTOR,v1.0,True
REL_001155,P_02215,Person,ORG_0167,Organization,MEMBER_OF,2024-01-01,2026-12-31,2024-01-01,2026-12-31,1,0.99,observed,EVI_ORG_REG_ORG_0167_P_02215,INGESTION_PIPELINE,RULE_BASED_EXTRACTOR,v1.0,True
REL_001156,P_00560,Person,ORG_0167,Organization,MEMBER_OF,2024-01-01,2026-12-31,2024-01-01,2026-12-31,1,0.99,observed,EVI_ORG_REG_ORG_0167_P_00560,INGESTION_PIPELINE,RULE_BASED_EXTRACTOR,v1.0,True
REL_001157,P_01160,Person,ORG_0167,Organization,MEMBER_OF,2024-01-01,2026-12-31,2024-01-01,2026-12-31,1,0.99,observed,EVI_ORG_REG_ORG_0167_P_01160,INGESTION_PIPELINE,RULE_BASED_EXTRACTOR,v1.0,True
REL_001158,P_04779,Person,ORG_0168,Organization,MEMBER_OF,2024-01-01,2026-12-31,2024-01-01,2026-12-31,1,0.99,observed,EVI_ORG_REG_ORG_0168_P_04779,INGESTION_PIPELINE,RULE_BASED_EXTRACTOR,v1.0,True
REL_001159,P_00850,Person,ORG_0168,Organization,MEMBER_OF,2024-01-01,2026-12-31,2024-01-01,2026-12-31,1,0.99,observed,EVI_ORG_REG_ORG_0168_P_00850,INGESTION_PIPELINE,RULE_BASED_EXTRACTOR,v1.0,True
REL_001160,P_01607,Person,ORG_0169,Organization,MEMBER_OF,2024-01-01,2026-12-31,2024-01-01,2026-12-31,1,0.99,observed,EVI_ORG_REG_ORG_0169_P_01607,INGESTION_PIPELINE,RULE_BASED_EXTRACTOR,v1.0,True
REL_001161,P_01364,Person,ORG_0170,Organization,MEMBER_OF,2024-01-01,2026-12-31,2024-01-01,2026-12-31,1,0.99,observed,EVI_ORG_REG_ORG_0170_P_01364,INGESTION_PIPELINE,RULE_BASED_EXTRACTOR,v1.0,True
REL_001162,P_02641,Person,ORG_0170,Organization,MEMBER_OF,2024-01-01,2026-12-31,2024-01-01,2026-12-31,1,0.99,observed,EVI_ORG_REG_ORG_0170_P_02641,INGESTION_PIPELINE,RULE_BASED_EXTRACTOR,v1.0,True
REL_001163,P_01304,Person,ORG_0170,Organization,MEMBER_OF,2024-01-01,2026-12-31,2024-01-01,2026-12-31,1,0.99,observed,EVI_ORG_REG_ORG_0170_P_01304,INGESTION_PIPELINE,RULE_BASED_EXTRACTOR,v1.0,True
REL_001164,P_04798,Person,ORG_0171,Organization,MEMBER_OF,2024-01-01,2026-12-31,2024-01-01,2026-12-31,1,0.99,observed,EVI_ORG_REG_ORG_0171_P_04798,INGESTION_PIPELINE,RULE_BASED_EXTRACTOR,v1.0,True
REL_001165,P_01203,Person,ORG_0172,Organization,MEMBER_OF,2024-01-01,2026-12-31,2024-01-01,2026-12-31,1,0.99,observed,EVI_ORG_REG_ORG_0172_P_01203,INGESTION_PIPELINE,RULE_BASED_EXTRACTOR,v1.0,True
REL_001166,P_02730,Person,ORG_0172,Organization,MEMBER_OF,2024-01-01,2026-12-31,2024-01-01,2026-12-31,1,0.99,observed,EVI_ORG_REG_ORG_0172_P_02730,INGESTION_PIPELINE,RULE_BASED_EXTRACTOR,v1.0,True
REL_001167,P_02508,Person,ORG_0172,Organization,MEMBER_OF,2024-01-01,2026-12-31,2024-01-01,2026-12-31,1,0.99,observed,EVI_ORG_REG_ORG_0172_P_02508,INGESTION_PIPELINE,RULE_BASED_EXTRACTOR,v1.0,True
REL_001168,P_02284,Person,ORG_0173,Organization,MEMBER_OF,2024-01-01,2026-12-31,2024-01-01,2026-12-31,1,0.99,observed,EVI_ORG_REG_ORG_0173_P_02284,INGESTION_PIPELINE,RULE_BASED_EXTRACTOR,v1.0,True
REL_001169,P_03093,Person,ORG_0173,Organization,MEMBER_OF,2024-01-01,2026-12-31,2024-01-01,2026-12-31,1,0.99,observed,EVI_ORG_REG_ORG_0173_P_03093,INGESTION_PIPELINE,RULE_BASED_EXTRACTOR,v1.0,True
REL_001170,P_03071,Person,ORG_0174,Organization,MEMBER_OF,2024-01-01,2026-12-31,2024-01-01,2026-12-31,1,0.99,observed,EVI_ORG_REG_ORG_0174_P_03071,INGESTION_PIPELINE,RULE_BASED_EXTRACTOR,v1.0,True
REL_001171,P_00897,Person,ORG_0175,Organization,MEMBER_OF,2024-01-01,2026-12-31,2024-01-01,2026-12-31,1,0.99,observed,EVI_ORG_REG_ORG_0175_P_00897,INGESTION_PIPELINE,RULE_BASED_EXTRACTOR,v1.0,True
REL_001172,P_04457,Person,ORG_0176,Organization,MEMBER_OF,2024-01-01,2026-12-31,2024-01-01,2026-12-31,1,0.99,observed,EVI_ORG_REG_ORG_0176_P_04457,INGESTION_PIPELINE,RULE_BASED_EXTRACTOR,v1.0,True
REL_001173,P_02807,Person,ORG_0176,Organization,MEMBER_OF,2024-01-01,2026-12-31,2024-01-01,2026-12-31,1,0.99,observed,EVI_ORG_REG_ORG_0176_P_02807,INGESTION_PIPELINE,RULE_BASED_EXTRACTOR,v1.0,True
REL_001174,P_00700,Person,ORG_0176,Organization,MEMBER_OF,2024-01-01,2026-12-31,2024-01-01,2026-12-31,1,0.99,observed,EVI_ORG_REG_ORG_0176_P_00700,INGESTION_PIPELINE,RULE_BASED_EXTRACTOR,v1.0,True
REL_001175,P_01537,Person,ORG_0177,Organization,MEMBER_OF,2024-01-01,2026-12-31,2024-01-01,2026-12-31,1,0.99,observed,EVI_ORG_REG_ORG_0177_P_01537,INGESTION_PIPELINE,RULE_BASED_EXTRACTOR,v1.0,True
REL_001176,P_04284,Person,ORG_0177,Organization,MEMBER_OF,2024-01-01,2026-12-31,2024-01-01,2026-12-31,1,0.99,observed,EVI_ORG_REG_ORG_0177_P_04284,INGESTION_PIPELINE,RULE_BASED_EXTRACTOR,v1.0,True
REL_001177,P_00475,Person,ORG_0178,Organization,MEMBER_OF,2024-01-01,2026-12-31,2024-01-01,2026-12-31,1,0.99,observed,EVI_ORG_REG_ORG_0178_P_00475,INGESTION_PIPELINE,RULE_BASED_EXTRACTOR,v1.0,True
REL_001178,P_04019,Person,ORG_0179,Organization,MEMBER_OF,2024-01-01,2026-12-31,2024-01-01,2026-12-31,1,0.99,observed,EVI_ORG_REG_ORG_0179_P_04019,INGESTION_PIPELINE,RULE_BASED_EXTRACTOR,v1.0,True
REL_001179,P_00822,Person,ORG_0179,Organization,MEMBER_OF,2024-01-01,2026-12-31,2024-01-01,2026-12-31,1,0.99,observed,EVI_ORG_REG_ORG_0179_P_00822,INGESTION_PIPELINE,RULE_BASED_EXTRACTOR,v1.0,True
REL_001180,P_04859,Person,ORG_0179,Organization,MEMBER_OF,2024-01-01,2026-12-31,2024-01-01,2026-12-31,1,0.99,observed,EVI_ORG_REG_ORG_0179_P_04859,INGESTION_PIPELINE,RULE_BASED_EXTRACTOR,v1.0,True
REL_001181,P_03514,Person,ORG_0180,Organization,MEMBER_OF,2024-01-01,2026-12-31,2024-01-01,2026-12-31,1,0.99,observed,EVI_ORG_REG_ORG_0180_P_03514,INGESTION_PIPELINE,RULE_BASED_EXTRACTOR,v1.0,True
REL_001182,P_04299,Person,ORG_0180,Organization,MEMBER_OF,2024-01-01,2026-12-31,2024-01-01,2026-12-31,1,0.99,observed,EVI_ORG_REG_ORG_0180_P_04299,INGESTION_PIPELINE,RULE_BASED_EXTRACTOR,v1.0,True
REL_001183,P_02014,Person,ORG_0180,Organization,MEMBER_OF,2024-01-01,2026-12-31,2024-01-01,2026-12-31,1,0.99,observed,EVI_ORG_REG_ORG_0180_P_02014,INGESTION_PIPELINE,RULE_BASED_EXTRACTOR,v1.0,True
REL_001184,P_04165,Person,ORG_0181,Organization,MEMBER_OF,2024-01-01,2026-12-31,2024-01-01,2026-12-31,1,0.99,observed,EVI_ORG_REG_ORG_0181_P_04165,INGESTION_PIPELINE,RULE_BASED_EXTRACTOR,v1.0,True
REL_001185,P_00658,Person,ORG_0181,Organization,MEMBER_OF,2024-01-01,2026-12-31,2024-01-01,2026-12-31,1,0.99,observed,EVI_ORG_REG_ORG_0181_P_00658,INGESTION_PIPELINE,RULE_BASED_EXTRACTOR,v1.0,True
REL_001186,P_01359,Person,ORG_0182,Organization,MEMBER_OF,2024-01-01,2026-12-31,2024-01-01,2026-12-31,1,0.99,observed,EVI_ORG_REG_ORG_0182_P_01359,INGESTION_PIPELINE,RULE_BASED_EXTRACTOR,v1.0,True
REL_001187,P_04375,Person,ORG_0183,Organization,MEMBER_OF,2024-01-01,2026-12-31,2024-01-01,2026-12-31,1,0.99,observed,EVI_ORG_REG_ORG_0183_P_04375,INGESTION_PIPELINE,RULE_BASED_EXTRACTOR,v1.0,True
REL_001188,P_01998,Person,ORG_0183,Organization,MEMBER_OF,2024-01-01,2026-12-31,2024-01-01,2026-12-31,1,0.99,observed,EVI_ORG_REG_ORG_0183_P_01998,INGESTION_PIPELINE,RULE_BASED_EXTRACTOR,v1.0,True
REL_001189,P_01625,Person,ORG_0183,Organization,MEMBER_OF,2024-01-01,2026-12-31,2024-01-01,2026-12-31,1,0.99,observed,EVI_ORG_REG_ORG_0183_P_01625,INGESTION_PIPELINE,RULE_BASED_EXTRACTOR,v1.0,True
REL_001190,P_00799,Person,ORG_0184,Organization,MEMBER_OF,2024-01-01,2026-12-31,2024-01-01,2026-12-31,1,0.99,observed,EVI_ORG_REG_ORG_0184_P_00799,INGESTION_PIPELINE,RULE_BASED_EXTRACTOR,v1.0,True
REL_001191,P_04034,Person,ORG_0185,Organization,MEMBER_OF,2024-01-01,2026-12-31,2024-01-01,2026-12-31,1,0.99,observed,EVI_ORG_REG_ORG_0185_P_04034,INGESTION_PIPELINE,RULE_BASED_EXTRACTOR,v1.0,True
REL_001192,P_00014,Person,ORG_0186,Organization,MEMBER_OF,2024-01-01,2026-12-31,2024-01-01,2026-12-31,1,0.99,observed,EVI_ORG_REG_ORG_0186_P_00014,INGESTION_PIPELINE,RULE_BASED_EXTRACTOR,v1.0,True
REL_001193,P_02433,Person,ORG_0187,Organization,MEMBER_OF,2024-01-01,2026-12-31,2024-01-01,2026-12-31,1,0.99,observed,EVI_ORG_REG_ORG_0187_P_02433,INGESTION_PIPELINE,RULE_BASED_EXTRACTOR,v1.0,True
REL_001194,P_03840,Person,ORG_0187,Organization,MEMBER_OF,2024-01-01,2026-12-31,2024-01-01,2026-12-31,1,0.99,observed,EVI_ORG_REG_ORG_0187_P_03840,INGESTION_PIPELINE,RULE_BASED_EXTRACTOR,v1.0,True
REL_001195,P_00087,Person,ORG_0188,Organization,MEMBER_OF,2024-01-01,2026-12-31,2024-01-01,2026-12-31,1,0.99,observed,EVI_ORG_REG_ORG_0188_P_00087,INGESTION_PIPELINE,RULE_BASED_EXTRACTOR,v1.0,True
REL_001196,P_03456,Person,ORG_0188,Organization,MEMBER_OF,2024-01-01,2026-12-31,2024-01-01,2026-12-31,1,0.99,observed,EVI_ORG_REG_ORG_0188_P_03456,INGESTION_PIPELINE,RULE_BASED_EXTRACTOR,v1.0,True
REL_001197,P_03959,Person,ORG_0188,Organization,MEMBER_OF,2024-01-01,2026-12-31,2024-01-01,2026-12-31,1,0.99,observed,EVI_ORG_REG_ORG_0188_P_03959,INGESTION_PIPELINE,RULE_BASED_EXTRACTOR,v1.0,True
REL_001198,P_01944,Person,ORG_0189,Organization,MEMBER_OF,2024-01-01,2026-12-31,2024-01-01,2026-12-31,1,0.99,observed,EVI_ORG_REG_ORG_0189_P_01944,INGESTION_PIPELINE,RULE_BASED_EXTRACTOR,v1.0,True
REL_001199,P_03810,Person,ORG_0189,Organization,MEMBER_OF,2024-01-01,2026-12-31,2024-01-01,2026-12-31,1,0.99,observed,EVI_ORG_REG_ORG_0189_P_03810,INGESTION_PIPELINE,RULE_BASED_EXTRACTOR,v1.0,True
REL_001200,P_03091,Person,ORG_0189,Organization,MEMBER_OF,2024-01-01,2026-12-31,2024-01-01,2026-12-31,1,0.99,observed,EVI_ORG_REG_ORG_0189_P_03091,INGESTION_PIPELINE,RULE_BASED_EXTRACTOR,v1.0,True
REL_001201,P_00022,Person,ORG_0190,Organization,MEMBER_OF,2024-01-01,2026-12-31,2024-01-01,2026-12-31,1,0.99,observed,EVI_ORG_REG_ORG_0190_P_00022,INGESTION_PIPELINE,RULE_BASED_EXTRACTOR,v1.0,True
REL_001202,P_03959,Person,ORG_0190,Organization,MEMBER_OF,2024-01-01,2026-12-31,2024-01-01,2026-12-31,1,0.99,observed,EVI_ORG_REG_ORG_0190_P_03959,INGESTION_PIPELINE,RULE_BASED_EXTRACTOR,v1.0,True
REL_001203,P_00539,Person,ORG_0191,Organization,MEMBER_OF,2024-01-01,2026-12-31,2024-01-01,2026-12-31,1,0.99,observed,EVI_ORG_REG_ORG_0191_P_00539,INGESTION_PIPELINE,RULE_BASED_EXTRACTOR,v1.0,True
REL_001204,P_03409,Person,ORG_0191,Organization,MEMBER_OF,2024-01-01,2026-12-31,2024-01-01,2026-12-31,1,0.99,observed,EVI_ORG_REG_ORG_0191_P_03409,INGESTION_PIPELINE,RULE_BASED_EXTRACTOR,v1.0,True
REL_001205,P_01520,Person,ORG_0191,Organization,MEMBER_OF,2024-01-01,2026-12-31,2024-01-01,2026-12-31,1,0.99,observed,EVI_ORG_REG_ORG_0191_P_01520,INGESTION_PIPELINE,RULE_BASED_EXTRACTOR,v1.0,True
REL_001206,P_02358,Person,ORG_0192,Organization,MEMBER_OF,2024-01-01,2026-12-31,2024-01-01,2026-12-31,1,0.99,observed,EVI_ORG_REG_ORG_0192_P_02358,INGESTION_PIPELINE,RULE_BASED_EXTRACTOR,v1.0,True
REL_001207,P_03234,Person,ORG_0193,Organization,MEMBER_OF,2024-01-01,2026-12-31,2024-01-01,2026-12-31,1,0.99,observed,EVI_ORG_REG_ORG_0193_P_03234,INGESTION_PIPELINE,RULE_BASED_EXTRACTOR,v1.0,True
REL_001208,P_04596,Person,ORG_0193,Organization,MEMBER_OF,2024-01-01,2026-12-31,2024-01-01,2026-12-31,1,0.99,observed,EVI_ORG_REG_ORG_0193_P_04596,INGESTION_PIPELINE,RULE_BASED_EXTRACTOR,v1.0,True
REL_001209,P_00405,Person,ORG_0193,Organization,MEMBER_OF,2024-01-01,2026-12-31,2024-01-01,2026-12-31,1,0.99,observed,EVI_ORG_REG_ORG_0193_P_00405,INGESTION_PIPELINE,RULE_BASED_EXTRACTOR,v1.0,True
REL_001210,P_04705,Person,ORG_0194,Organization,MEMBER_OF,2024-01-01,2026-12-31,2024-01-01,2026-12-31,1,0.99,observed,EVI_ORG_REG_ORG_0194_P_04705,INGESTION_PIPELINE,RULE_BASED_EXTRACTOR,v1.0,True
REL_001211,P_01822,Person,ORG_0194,Organization,MEMBER_OF,2024-01-01,2026-12-31,2024-01-01,2026-12-31,1,0.99,observed,EVI_ORG_REG_ORG_0194_P_01822,INGESTION_PIPELINE,RULE_BASED_EXTRACTOR,v1.0,True
REL_001212,P_01326,Person,ORG_0195,Organization,MEMBER_OF,2024-01-01,2026-12-31,2024-01-01,2026-12-31,1,0.99,observed,EVI_ORG_REG_ORG_0195_P_01326,INGESTION_PIPELINE,RULE_BASED_EXTRACTOR,v1.0,True
REL_001213,P_03172,Person,ORG_0195,Organization,MEMBER_OF,2024-01-01,2026-12-31,2024-01-01,2026-12-31,1,0.99,observed,EVI_ORG_REG_ORG_0195_P_03172,INGESTION_PIPELINE,RULE_BASED_EXTRACTOR,v1.0,True
REL_001214,P_02485,Person,ORG_0195,Organization,MEMBER_OF,2024-01-01,2026-12-31,2024-01-01,2026-12-31,1,0.99,observed,EVI_ORG_REG_ORG_0195_P_02485,INGESTION_PIPELINE,RULE_BASED_EXTRACTOR,v1.0,True
REL_001215,P_03518,Person,ORG_0196,Organization,MEMBER_OF,2024-01-01,2026-12-31,2024-01-01,2026-12-31,1,0.99,observed,EVI_ORG_REG_ORG_0196_P_03518,INGESTION_PIPELINE,RULE_BASED_EXTRACTOR,v1.0,True
REL_001216,P_03828,Person,ORG_0196,Organization,MEMBER_OF,2024-01-01,2026-12-31,2024-01-01,2026-12-31,1,0.99,observed,EVI_ORG_REG_ORG_0196_P_03828,INGESTION_PIPELINE,RULE_BASED_EXTRACTOR,v1.0,True
REL_001217,P_02494,Person,ORG_0196,Organization,MEMBER_OF,2024-01-01,2026-12-31,2024-01-01,2026-12-31,1,0.99,observed,EVI_ORG_REG_ORG_0196_P_02494,INGESTION_PIPELINE,RULE_BASED_EXTRACTOR,v1.0,True
REL_001218,P_03288,Person,ORG_0197,Organization,MEMBER_OF,2024-01-01,2026-12-31,2024-01-01,2026-12-31,1,0.99,observed,EVI_ORG_REG_ORG_0197_P_03288,INGESTION_PIPELINE,RULE_BASED_EXTRACTOR,v1.0,True
REL_001219,P_01890,Person,ORG_0198,Organization,MEMBER_OF,2024-01-01,2026-12-31,2024-01-01,2026-12-31,1,0.99,observed,EVI_ORG_REG_ORG_0198_P_01890,INGESTION_PIPELINE,RULE_BASED_EXTRACTOR,v1.0,True
REL_001220,P_04991,Person,ORG_0198,Organization,MEMBER_OF,2024-01-01,2026-12-31,2024-01-01,2026-12-31,1,0.99,observed,EVI_ORG_REG_ORG_0198_P_04991,INGESTION_PIPELINE,RULE_BASED_EXTRACTOR,v1.0,True
REL_001221,P_00168,Person,ORG_0198,Organization,MEMBER_OF,2024-01-01,2026-12-31,2024-01-01,2026-12-31,1,0.99,observed,EVI_ORG_REG_ORG_0198_P_00168,INGESTION_PIPELINE,RULE_BASED_EXTRACTOR,v1.0,True
REL_001222,P_00272,Person,ORG_0199,Organization,MEMBER_OF,2024-01-01,2026-12-31,2024-01-01,2026-12-31,1,0.99,observed,EVI_ORG_REG_ORG_0199_P_00272,INGESTION_PIPELINE,RULE_BASED_EXTRACTOR,v1.0,True
REL_001223,P_04625,Person,ORG_0199,Organization,MEMBER_OF,2024-01-01,2026-12-31,2024-01-01,2026-12-31,1,0.99,observed,EVI_ORG_REG_ORG_0199_P_04625,INGESTION_PIPELINE,RULE_BASED_EXTRACTOR,v1.0,True
REL_001224,P_03986,Person,ORG_0199,Organization,MEMBER_OF,2024-01-01,2026-12-31,2024-01-01,2026-12-31,1,0.99,observed,EVI_ORG_REG_ORG_0199_P_03986,INGESTION_PIPELINE,RULE_BASED_EXTRACTOR,v1.0,True
REL_001225,P_02755,Person,ORG_0200,Organization,MEMBER_OF,2024-01-01,2026-12-31,2024-01-01,2026-12-31,1,0.99,observed,EVI_ORG_REG_ORG_0200_P_02755,INGESTION_PIPELINE,RULE_BASED_EXTRACTOR,v1.0,True
REL_001226,P_03692,Person,ORG_0201,Organization,MEMBER_OF,2024-01-01,2026-12-31,2024-01-01,2026-12-31,1,0.99,observed,EVI_ORG_REG_ORG_0201_P_03692,INGESTION_PIPELINE,RULE_BASED_EXTRACTOR,v1.0,True
REL_001227,P_00435,Person,ORG_0201,Organization,MEMBER_OF,2024-01-01,2026-12-31,2024-01-01,2026-12-31,1,0.99,observed,EVI_ORG_REG_ORG_0201_P_00435,INGESTION_PIPELINE,RULE_BASED_EXTRACTOR,v1.0,True
REL_001228,P_01011,Person,ORG_0201,Organization,MEMBER_OF,2024-01-01,2026-12-31,2024-01-01,2026-12-31,1,0.99,observed,EVI_ORG_REG_ORG_0201_P_01011,INGESTION_PIPELINE,RULE_BASED_EXTRACTOR,v1.0,True
REL_001229,P_04577,Person,ORG_0202,Organization,MEMBER_OF,2024-01-01,2026-12-31,2024-01-01,2026-12-31,1,0.99,observed,EVI_ORG_REG_ORG_0202_P_04577,INGESTION_PIPELINE,RULE_BASED_EXTRACTOR,v1.0,True
REL_001230,P_04702,Person,ORG_0202,Organization,MEMBER_OF,2024-01-01,2026-12-31,2024-01-01,2026-12-31,1,0.99,observed,EVI_ORG_REG_ORG_0202_P_04702,INGESTION_PIPELINE,RULE_BASED_EXTRACTOR,v1.0,True
REL_001231,P_01165,Person,ORG_0203,Organization,MEMBER_OF,2024-01-01,2026-12-31,2024-01-01,2026-12-31,1,0.99,observed,EVI_ORG_REG_ORG_0203_P_01165,INGESTION_PIPELINE,RULE_BASED_EXTRACTOR,v1.0,True
REL_001232,P_04748,Person,ORG_0203,Organization,MEMBER_OF,2024-01-01,2026-12-31,2024-01-01,2026-12-31,1,0.99,observed,EVI_ORG_REG_ORG_0203_P_04748,INGESTION_PIPELINE,RULE_BASED_EXTRACTOR,v1.0,True
REL_001233,P_03206,Person,ORG_0203,Organization,MEMBER_OF,2024-01-01,2026-12-31,2024-01-01,2026-12-31,1,0.99,observed,EVI_ORG_REG_ORG_0203_P_03206,INGESTION_PIPELINE,RULE_BASED_EXTRACTOR,v1.0,True
REL_001234,P_01435,Person,ORG_0204,Organization,MEMBER_OF,2024-01-01,2026-12-31,2024-01-01,2026-12-31,1,0.99,observed,EVI_ORG_REG_ORG_0204_P_01435,INGESTION_PIPELINE,RULE_BASED_EXTRACTOR,v1.0,True
REL_001235,P_00966,Person,ORG_0204,Organization,MEMBER_OF,2024-01-01,2026-12-31,2024-01-01,2026-12-31,1,0.99,observed,EVI_ORG_REG_ORG_0204_P_00966,INGESTION_PIPELINE,RULE_BASED_EXTRACTOR,v1.0,True
REL_001236,P_02088,Person,ORG_0205,Organization,MEMBER_OF,2024-01-01,2026-12-31,2024-01-01,2026-12-31,1,0.99,observed,EVI_ORG_REG_ORG_0205_P_02088,INGESTION_PIPELINE,RULE_BASED_EXTRACTOR,v1.0,True
REL_001237,P_03261,Person,ORG_0205,Organization,MEMBER_OF,2024-01-01,2026-12-31,2024-01-01,2026-12-31,1,0.99,observed,EVI_ORG_REG_ORG_0205_P_03261,INGESTION_PIPELINE,RULE_BASED_EXTRACTOR,v1.0,True
REL_001238,P_01135,Person,ORG_0205,Organization,MEMBER_OF,2024-01-01,2026-12-31,2024-01-01,2026-12-31,1,0.99,observed,EVI_ORG_REG_ORG_0205_P_01135,INGESTION_PIPELINE,RULE_BASED_EXTRACTOR,v1.0,True
REL_001239,P_01152,Person,ORG_0206,Organization,MEMBER_OF,2024-01-01,2026-12-31,2024-01-01,2026-12-31,1,0.99,observed,EVI_ORG_REG_ORG_0206_P_01152,INGESTION_PIPELINE,RULE_BASED_EXTRACTOR,v1.0,True
REL_001240,P_00206,Person,ORG_0207,Organization,MEMBER_OF,2024-01-01,2026-12-31,2024-01-01,2026-12-31,1,0.99,observed,EVI_ORG_REG_ORG_0207_P_00206,INGESTION_PIPELINE,RULE_BASED_EXTRACTOR,v1.0,True
REL_001241,P_04509,Person,ORG_0207,Organization,MEMBER_OF,2024-01-01,2026-12-31,2024-01-01,2026-12-31,1,0.99,observed,EVI_ORG_REG_ORG_0207_P_04509,INGESTION_PIPELINE,RULE_BASED_EXTRACTOR,v1.0,True
REL_001242,P_04275,Person,ORG_0207,Organization,MEMBER_OF,2024-01-01,2026-12-31,2024-01-01,2026-12-31,1,0.99,observed,EVI_ORG_REG_ORG_0207_P_04275,INGESTION_PIPELINE,RULE_BASED_EXTRACTOR,v1.0,True
REL_001243,P_04310,Person,ORG_0208,Organization,MEMBER_OF,2024-01-01,2026-12-31,2024-01-01,2026-12-31,1,0.99,observed,EVI_ORG_REG_ORG_0208_P_04310,INGESTION_PIPELINE,RULE_BASED_EXTRACTOR,v1.0,True
REL_001244,P_00086,Person,ORG_0208,Organization,MEMBER_OF,2024-01-01,2026-12-31,2024-01-01,2026-12-31,1,0.99,observed,EVI_ORG_REG_ORG_0208_P_00086,INGESTION_PIPELINE,RULE_BASED_EXTRACTOR,v1.0,True
REL_001245,P_03016,Person,ORG_0209,Organization,MEMBER_OF,2024-01-01,2026-12-31,2024-01-01,2026-12-31,1,0.99,observed,EVI_ORG_REG_ORG_0209_P_03016,INGESTION_PIPELINE,RULE_BASED_EXTRACTOR,v1.0,True
REL_001246,P_02490,Person,ORG_0210,Organization,MEMBER_OF,2024-01-01,2026-12-31,2024-01-01,2026-12-31,1,0.99,observed,EVI_ORG_REG_ORG_0210_P_02490,INGESTION_PIPELINE,RULE_BASED_EXTRACTOR,v1.0,True
REL_001247,P_01574,Person,ORG_0210,Organization,MEMBER_OF,2024-01-01,2026-12-31,2024-01-01,2026-12-31,1,0.99,observed,EVI_ORG_REG_ORG_0210_P_01574,INGESTION_PIPELINE,RULE_BASED_EXTRACTOR,v1.0,True
REL_001248,P_00678,Person,ORG_0210,Organization,MEMBER_OF,2024-01-01,2026-12-31,2024-01-01,2026-12-31,1,0.99,observed,EVI_ORG_REG_ORG_0210_P_00678,INGESTION_PIPELINE,RULE_BASED_EXTRACTOR,v1.0,True
REL_001249,P_01961,Person,ORG_0211,Organization,MEMBER_OF,2024-01-01,2026-12-31,2024-01-01,2026-12-31,1,0.99,observed,EVI_ORG_REG_ORG_0211_P_01961,INGESTION_PIPELINE,RULE_BASED_EXTRACTOR,v1.0,True
REL_001250,P_02673,Person,ORG_0211,Organization,MEMBER_OF,2024-01-01,2026-12-31,2024-01-01,2026-12-31,1,0.99,observed,EVI_ORG_REG_ORG_0211_P_02673,INGESTION_PIPELINE,RULE_BASED_EXTRACTOR,v1.0,True
REL_001251,P_02127,Person,ORG_0212,Organization,MEMBER_OF,2024-01-01,2026-12-31,2024-01-01,2026-12-31,1,0.99,observed,EVI_ORG_REG_ORG_0212_P_02127,INGESTION_PIPELINE,RULE_BASED_EXTRACTOR,v1.0,True
REL_001252,P_03092,Person,ORG_0212,Organization,MEMBER_OF,2024-01-01,2026-12-31,2024-01-01,2026-12-31,1,0.99,observed,EVI_ORG_REG_ORG_0212_P_03092,INGESTION_PIPELINE,RULE_BASED_EXTRACTOR,v1.0,True
REL_001253,P_02828,Person,ORG_0213,Organization,MEMBER_OF,2024-01-01,2026-12-31,2024-01-01,2026-12-31,1,0.99,observed,EVI_ORG_REG_ORG_0213_P_02828,INGESTION_PIPELINE,RULE_BASED_EXTRACTOR,v1.0,True
REL_001254,P_01001,Person,ORG_0213,Organization,MEMBER_OF,2024-01-01,2026-12-31,2024-01-01,2026-12-31,1,0.99,observed,EVI_ORG_REG_ORG_0213_P_01001,INGESTION_PIPELINE,RULE_BASED_EXTRACTOR,v1.0,True
REL_001255,P_00213,Person,ORG_0213,Organization,MEMBER_OF,2024-01-01,2026-12-31,2024-01-01,2026-12-31,1,0.99,observed,EVI_ORG_REG_ORG_0213_P_00213,INGESTION_PIPELINE,RULE_BASED_EXTRACTOR,v1.0,True
REL_001256,P_00386,Person,ORG_0214,Organization,MEMBER_OF,2024-01-01,2026-12-31,2024-01-01,2026-12-31,1,0.99,observed,EVI_ORG_REG_ORG_0214_P_00386,INGESTION_PIPELINE,RULE_BASED_EXTRACTOR,v1.0,True
REL_001257,P_00725,Person,ORG_0214,Organization,MEMBER_OF,2024-01-01,2026-12-31,2024-01-01,2026-12-31,1,0.99,observed,EVI_ORG_REG_ORG_0214_P_00725,INGESTION_PIPELINE,RULE_BASED_EXTRACTOR,v1.0,True
REL_001258,P_00711,Person,ORG_0215,Organization,MEMBER_OF,2024-01-01,2026-12-31,2024-01-01,2026-12-31,1,0.99,observed,EVI_ORG_REG_ORG_0215_P_00711,INGESTION_PIPELINE,RULE_BASED_EXTRACTOR,v1.0,True
REL_001259,P_04776,Person,ORG_0216,Organization,MEMBER_OF,2024-01-01,2026-12-31,2024-01-01,2026-12-31,1,0.99,observed,EVI_ORG_REG_ORG_0216_P_04776,INGESTION_PIPELINE,RULE_BASED_EXTRACTOR,v1.0,True
REL_001260,P_03951,Person,ORG_0216,Organization,MEMBER_OF,2024-01-01,2026-12-31,2024-01-01,2026-12-31,1,0.99,observed,EVI_ORG_REG_ORG_0216_P_03951,INGESTION_PIPELINE,RULE_BASED_EXTRACTOR,v1.0,True
REL_001261,P_04639,Person,ORG_0216,Organization,MEMBER_OF,2024-01-01,2026-12-31,2024-01-01,2026-12-31,1,0.99,observed,EVI_ORG_REG_ORG_0216_P_04639,INGESTION_PIPELINE,RULE_BASED_EXTRACTOR,v1.0,True
REL_001262,P_02777,Person,ORG_0217,Organization,MEMBER_OF,2024-01-01,2026-12-31,2024-01-01,2026-12-31,1,0.99,observed,EVI_ORG_REG_ORG_0217_P_02777,INGESTION_PIPELINE,RULE_BASED_EXTRACTOR,v1.0,True
REL_001263,P_04135,Person,ORG_0218,Organization,MEMBER_OF,2024-01-01,2026-12-31,2024-01-01,2026-12-31,1,0.99,observed,EVI_ORG_REG_ORG_0218_P_04135,INGESTION_PIPELINE,RULE_BASED_EXTRACTOR,v1.0,True
REL_001264,P_00668,Person,ORG_0218,Organization,MEMBER_OF,2024-01-01,2026-12-31,2024-01-01,2026-12-31,1,0.99,observed,EVI_ORG_REG_ORG_0218_P_00668,INGESTION_PIPELINE,RULE_BASED_EXTRACTOR,v1.0,True
REL_001265,P_00268,Person,ORG_0219,Organization,MEMBER_OF,2024-01-01,2026-12-31,2024-01-01,2026-12-31,1,0.99,observed,EVI_ORG_REG_ORG_0219_P_00268,INGESTION_PIPELINE,RULE_BASED_EXTRACTOR,v1.0,True
REL_001266,P_00467,Person,ORG_0220,Organization,MEMBER_OF,2024-01-01,2026-12-31,2024-01-01,2026-12-31,1,0.99,observed,EVI_ORG_REG_ORG_0220_P_00467,INGESTION_PIPELINE,RULE_BASED_EXTRACTOR,v1.0,True
REL_001267,P_04696,Person,ORG_0220,Organization,MEMBER_OF,2024-01-01,2026-12-31,2024-01-01,2026-12-31,1,0.99,observed,EVI_ORG_REG_ORG_0220_P_04696,INGESTION_PIPELINE,RULE_BASED_EXTRACTOR,v1.0,True
REL_001268,P_03130,Person,ORG_0221,Organization,MEMBER_OF,2024-01-01,2026-12-31,2024-01-01,2026-12-31,1,0.99,observed,EVI_ORG_REG_ORG_0221_P_03130,INGESTION_PIPELINE,RULE_BASED_EXTRACTOR,v1.0,True
REL_001269,P_00040,Person,ORG_0221,Organization,MEMBER_OF,2024-01-01,2026-12-31,2024-01-01,2026-12-31,1,0.99,observed,EVI_ORG_REG_ORG_0221_P_00040,INGESTION_PIPELINE,RULE_BASED_EXTRACTOR,v1.0,True
REL_001270,P_02124,Person,ORG_0222,Organization,MEMBER_OF,2024-01-01,2026-12-31,2024-01-01,2026-12-31,1,0.99,observed,EVI_ORG_REG_ORG_0222_P_02124,INGESTION_PIPELINE,RULE_BASED_EXTRACTOR,v1.0,True
REL_001271,P_04027,Person,ORG_0222,Organization,MEMBER_OF,2024-01-01,2026-12-31,2024-01-01,2026-12-31,1,0.99,observed,EVI_ORG_REG_ORG_0222_P_04027,INGESTION_PIPELINE,RULE_BASED_EXTRACTOR,v1.0,True
REL_001272,P_04839,Person,ORG_0223,Organization,MEMBER_OF,2024-01-01,2026-12-31,2024-01-01,2026-12-31,1,0.99,observed,EVI_ORG_REG_ORG_0223_P_04839,INGESTION_PIPELINE,RULE_BASED_EXTRACTOR,v1.0,True
REL_001273,P_02628,Person,ORG_0223,Organization,MEMBER_OF,2024-01-01,2026-12-31,2024-01-01,2026-12-31,1,0.99,observed,EVI_ORG_REG_ORG_0223_P_02628,INGESTION_PIPELINE,RULE_BASED_EXTRACTOR,v1.0,True
REL_001274,P_01711,Person,ORG_0223,Organization,MEMBER_OF,2024-01-01,2026-12-31,2024-01-01,2026-12-31,1,0.99,observed,EVI_ORG_REG_ORG_0223_P_01711,INGESTION_PIPELINE,RULE_BASED_EXTRACTOR,v1.0,True
REL_001275,P_02169,Person,ORG_0224,Organization,MEMBER_OF,2024-01-01,2026-12-31,2024-01-01,2026-12-31,1,0.99,observed,EVI_ORG_REG_ORG_0224_P_02169,INGESTION_PIPELINE,RULE_BASED_EXTRACTOR,v1.0,True
REL_001276,P_00945,Person,ORG_0224,Organization,MEMBER_OF,2024-01-01,2026-12-31,2024-01-01,2026-12-31,1,0.99,observed,EVI_ORG_REG_ORG_0224_P_00945,INGESTION_PIPELINE,RULE_BASED_EXTRACTOR,v1.0,True
REL_001277,P_04566,Person,ORG_0224,Organization,MEMBER_OF,2024-01-01,2026-12-31,2024-01-01,2026-12-31,1,0.99,observed,EVI_ORG_REG_ORG_0224_P_04566,INGESTION_PIPELINE,RULE_BASED_EXTRACTOR,v1.0,True
REL_001278,P_03569,Person,ORG_0225,Organization,MEMBER_OF,2024-01-01,2026-12-31,2024-01-01,2026-12-31,1,0.99,observed,EVI_ORG_REG_ORG_0225_P_03569,INGESTION_PIPELINE,RULE_BASED_EXTRACTOR,v1.0,True
REL_001279,P_00497,Person,ORG_0225,Organization,MEMBER_OF,2024-01-01,2026-12-31,2024-01-01,2026-12-31,1,0.99,observed,EVI_ORG_REG_ORG_0225_P_00497,INGESTION_PIPELINE,RULE_BASED_EXTRACTOR,v1.0,True
REL_001280,P_02541,Person,ORG_0226,Organization,MEMBER_OF,2024-01-01,2026-12-31,2024-01-01,2026-12-31,1,0.99,observed,EVI_ORG_REG_ORG_0226_P_02541,INGESTION_PIPELINE,RULE_BASED_EXTRACTOR,v1.0,True
REL_001281,P_04810,Person,ORG_0227,Organization,MEMBER_OF,2024-01-01,2026-12-31,2024-01-01,2026-12-31,1,0.99,observed,EVI_ORG_REG_ORG_0227_P_04810,INGESTION_PIPELINE,RULE_BASED_EXTRACTOR,v1.0,True
REL_001282,P_03728,Person,ORG_0227,Organization,MEMBER_OF,2024-01-01,2026-12-31,2024-01-01,2026-12-31,1,0.99,observed,EVI_ORG_REG_ORG_0227_P_03728,INGESTION_PIPELINE,RULE_BASED_EXTRACTOR,v1.0,True
REL_001283,P_01911,Person,ORG_0227,Organization,MEMBER_OF,2024-01-01,2026-12-31,2024-01-01,2026-12-31,1,0.99,observed,EVI_ORG_REG_ORG_0227_P_01911,INGESTION_PIPELINE,RULE_BASED_EXTRACTOR,v1.0,True
REL_001284,P_01937,Person,ORG_0228,Organization,MEMBER_OF,2024-01-01,2026-12-31,2024-01-01,2026-12-31,1,0.99,observed,EVI_ORG_REG_ORG_0228_P_01937,INGESTION_PIPELINE,RULE_BASED_EXTRACTOR,v1.0,True
REL_001285,P_00366,Person,ORG_0228,Organization,MEMBER_OF,2024-01-01,2026-12-31,2024-01-01,2026-12-31,1,0.99,observed,EVI_ORG_REG_ORG_0228_P_00366,INGESTION_PIPELINE,RULE_BASED_EXTRACTOR,v1.0,True
REL_001286,P_04753,Person,ORG_0229,Organization,MEMBER_OF,2024-01-01,2026-12-31,2024-01-01,2026-12-31,1,0.99,observed,EVI_ORG_REG_ORG_0229_P_04753,INGESTION_PIPELINE,RULE_BASED_EXTRACTOR,v1.0,True
REL_001287,P_03443,Person,ORG_0229,Organization,MEMBER_OF,2024-01-01,2026-12-31,2024-01-01,2026-12-31,1,0.99,observed,EVI_ORG_REG_ORG_0229_P_03443,INGESTION_PIPELINE,RULE_BASED_EXTRACTOR,v1.0,True
REL_001288,P_02211,Person,ORG_0230,Organization,MEMBER_OF,2024-01-01,2026-12-31,2024-01-01,2026-12-31,1,0.99,observed,EVI_ORG_REG_ORG_0230_P_02211,INGESTION_PIPELINE,RULE_BASED_EXTRACTOR,v1.0,True
REL_001289,P_02788,Person,ORG_0230,Organization,MEMBER_OF,2024-01-01,2026-12-31,2024-01-01,2026-12-31,1,0.99,observed,EVI_ORG_REG_ORG_0230_P_02788,INGESTION_PIPELINE,RULE_BASED_EXTRACTOR,v1.0,True
REL_001290,P_02350,Person,ORG_0231,Organization,MEMBER_OF,2024-01-01,2026-12-31,2024-01-01,2026-12-31,1,0.99,observed,EVI_ORG_REG_ORG_0231_P_02350,INGESTION_PIPELINE,RULE_BASED_EXTRACTOR,v1.0,True
REL_001291,P_04466,Person,ORG_0231,Organization,MEMBER_OF,2024-01-01,2026-12-31,2024-01-01,2026-12-31,1,0.99,observed,EVI_ORG_REG_ORG_0231_P_04466,INGESTION_PIPELINE,RULE_BASED_EXTRACTOR,v1.0,True
REL_001292,P_00354,Person,ORG_0231,Organization,MEMBER_OF,2024-01-01,2026-12-31,2024-01-01,2026-12-31,1,0.99,observed,EVI_ORG_REG_ORG_0231_P_00354,INGESTION_PIPELINE,RULE_BASED_EXTRACTOR,v1.0,True
REL_001293,P_01780,Person,ORG_0232,Organization,MEMBER_OF,2024-01-01,2026-12-31,2024-01-01,2026-12-31,1,0.99,observed,EVI_ORG_REG_ORG_0232_P_01780,INGESTION_PIPELINE,RULE_BASED_EXTRACTOR,v1.0,True
REL_001294,P_00960,Person,ORG_0232,Organization,MEMBER_OF,2024-01-01,2026-12-31,2024-01-01,2026-12-31,1,0.99,observed,EVI_ORG_REG_ORG_0232_P_00960,INGESTION_PIPELINE,RULE_BASED_EXTRACTOR,v1.0,True
REL_001295,P_00161,Person,ORG_0233,Organization,MEMBER_OF,2024-01-01,2026-12-31,2024-01-01,2026-12-31,1,0.99,observed,EVI_ORG_REG_ORG_0233_P_00161,INGESTION_PIPELINE,RULE_BASED_EXTRACTOR,v1.0,True
REL_001296,P_02793,Person,ORG_0233,Organization,MEMBER_OF,2024-01-01,2026-12-31,2024-01-01,2026-12-31,1,0.99,observed,EVI_ORG_REG_ORG_0233_P_02793,INGESTION_PIPELINE,RULE_BASED_EXTRACTOR,v1.0,True
REL_001297,P_03728,Person,ORG_0234,Organization,MEMBER_OF,2024-01-01,2026-12-31,2024-01-01,2026-12-31,1,0.99,observed,EVI_ORG_REG_ORG_0234_P_03728,INGESTION_PIPELINE,RULE_BASED_EXTRACTOR,v1.0,True
REL_001298,P_04750,Person,ORG_0235,Organization,MEMBER_OF,2024-01-01,2026-12-31,2024-01-01,2026-12-31,1,0.99,observed,EVI_ORG_REG_ORG_0235_P_04750,INGESTION_PIPELINE,RULE_BASED_EXTRACTOR,v1.0,True
REL_001299,P_02497,Person,ORG_0235,Organization,MEMBER_OF,2024-01-01,2026-12-31,2024-01-01,2026-12-31,1,0.99,observed,EVI_ORG_REG_ORG_0235_P_02497,INGESTION_PIPELINE,RULE_BASED_EXTRACTOR,v1.0,True
REL_001300,P_00862,Person,ORG_0236,Organization,MEMBER_OF,2024-01-01,2026-12-31,2024-01-01,2026-12-31,1,0.99,observed,EVI_ORG_REG_ORG_0236_P_00862,INGESTION_PIPELINE,RULE_BASED_EXTRACTOR,v1.0,True
REL_001301,P_03873,Person,ORG_0237,Organization,MEMBER_OF,2024-01-01,2026-12-31,2024-01-01,2026-12-31,1,0.99,observed,EVI_ORG_REG_ORG_0237_P_03873,INGESTION_PIPELINE,RULE_BASED_EXTRACTOR,v1.0,True
REL_001302,P_03213,Person,ORG_0237,Organization,MEMBER_OF,2024-01-01,2026-12-31,2024-01-01,2026-12-31,1,0.99,observed,EVI_ORG_REG_ORG_0237_P_03213,INGESTION_PIPELINE,RULE_BASED_EXTRACTOR,v1.0,True
REL_001303,P_02513,Person,ORG_0237,Organization,MEMBER_OF,2024-01-01,2026-12-31,2024-01-01,2026-12-31,1,0.99,observed,EVI_ORG_REG_ORG_0237_P_02513,INGESTION_PIPELINE,RULE_BASED_EXTRACTOR,v1.0,True
REL_001304,P_02877,Person,ORG_0238,Organization,MEMBER_OF,2024-01-01,2026-12-31,2024-01-01,2026-12-31,1,0.99,observed,EVI_ORG_REG_ORG_0238_P_02877,INGESTION_PIPELINE,RULE_BASED_EXTRACTOR,v1.0,True
REL_001305,P_03427,Person,ORG_0238,Organization,MEMBER_OF,2024-01-01,2026-12-31,2024-01-01,2026-12-31,1,0.99,observed,EVI_ORG_REG_ORG_0238_P_03427,INGESTION_PIPELINE,RULE_BASED_EXTRACTOR,v1.0,True
REL_001306,P_02797,Person,ORG_0238,Organization,MEMBER_OF,2024-01-01,2026-12-31,2024-01-01,2026-12-31,1,0.99,observed,EVI_ORG_REG_ORG_0238_P_02797,INGESTION_PIPELINE,RULE_BASED_EXTRACTOR,v1.0,True
REL_001307,P_03735,Person,ORG_0239,Organization,MEMBER_OF,2024-01-01,2026-12-31,2024-01-01,2026-12-31,1,0.99,observed,EVI_ORG_REG_ORG_0239_P_03735,INGESTION_PIPELINE,RULE_BASED_EXTRACTOR,v1.0,True
REL_001308,P_01243,Person,ORG_0239,Organization,MEMBER_OF,2024-01-01,2026-12-31,2024-01-01,2026-12-31,1,0.99,observed,EVI_ORG_REG_ORG_0239_P_01243,INGESTION_PIPELINE,RULE_BASED_EXTRACTOR,v1.0,True
REL_001309,P_01364,Person,ORG_0239,Organization,MEMBER_OF,2024-01-01,2026-12-31,2024-01-01,2026-12-31,1,0.99,observed,EVI_ORG_REG_ORG_0239_P_01364,INGESTION_PIPELINE,RULE_BASED_EXTRACTOR,v1.0,True
REL_001310,P_02474,Person,ORG_0240,Organization,MEMBER_OF,2024-01-01,2026-12-31,2024-01-01,2026-12-31,1,0.99,observed,EVI_ORG_REG_ORG_0240_P_02474,INGESTION_PIPELINE,RULE_BASED_EXTRACTOR,v1.0,True
REL_001311,P_00203,Person,ORG_0241,Organization,MEMBER_OF,2024-01-01,2026-12-31,2024-01-01,2026-12-31,1,0.99,observed,EVI_ORG_REG_ORG_0241_P_00203,INGESTION_PIPELINE,RULE_BASED_EXTRACTOR,v1.0,True
REL_001312,P_01665,Person,ORG_0241,Organization,MEMBER_OF,2024-01-01,2026-12-31,2024-01-01,2026-12-31,1,0.99,observed,EVI_ORG_REG_ORG_0241_P_01665,INGESTION_PIPELINE,RULE_BASED_EXTRACTOR,v1.0,True
REL_001313,P_04752,Person,ORG_0241,Organization,MEMBER_OF,2024-01-01,2026-12-31,2024-01-01,2026-12-31,1,0.99,observed,EVI_ORG_REG_ORG_0241_P_04752,INGESTION_PIPELINE,RULE_BASED_EXTRACTOR,v1.0,True
REL_001314,P_03115,Person,ORG_0242,Organization,MEMBER_OF,2024-01-01,2026-12-31,2024-01-01,2026-12-31,1,0.99,observed,EVI_ORG_REG_ORG_0242_P_03115,INGESTION_PIPELINE,RULE_BASED_EXTRACTOR,v1.0,True
REL_001315,P_04425,Person,ORG_0242,Organization,MEMBER_OF,2024-01-01,2026-12-31,2024-01-01,2026-12-31,1,0.99,observed,EVI_ORG_REG_ORG_0242_P_04425,INGESTION_PIPELINE,RULE_BASED_EXTRACTOR,v1.0,True
REL_001316,P_03555,Person,ORG_0243,Organization,MEMBER_OF,2024-01-01,2026-12-31,2024-01-01,2026-12-31,1,0.99,observed,EVI_ORG_REG_ORG_0243_P_03555,INGESTION_PIPELINE,RULE_BASED_EXTRACTOR,v1.0,True
REL_001317,P_04895,Person,ORG_0244,Organization,MEMBER_OF,2024-01-01,2026-12-31,2024-01-01,2026-12-31,1,0.99,observed,EVI_ORG_REG_ORG_0244_P_04895,INGESTION_PIPELINE,RULE_BASED_EXTRACTOR,v1.0,True
REL_001318,P_01491,Person,ORG_0244,Organization,MEMBER_OF,2024-01-01,2026-12-31,2024-01-01,2026-12-31,1,0.99,observed,EVI_ORG_REG_ORG_0244_P_01491,INGESTION_PIPELINE,RULE_BASED_EXTRACTOR,v1.0,True
REL_001319,P_03341,Person,ORG_0244,Organization,MEMBER_OF,2024-01-01,2026-12-31,2024-01-01,2026-12-31,1,0.99,observed,EVI_ORG_REG_ORG_0244_P_03341,INGESTION_PIPELINE,RULE_BASED_EXTRACTOR,v1.0,True
REL_001320,P_03357,Person,ORG_0245,Organization,MEMBER_OF,2024-01-01,2026-12-31,2024-01-01,2026-12-31,1,0.99,observed,EVI_ORG_REG_ORG_0245_P_03357,INGESTION_PIPELINE,RULE_BASED_EXTRACTOR,v1.0,True
REL_001321,P_03628,Person,ORG_0246,Organization,MEMBER_OF,2024-01-01,2026-12-31,2024-01-01,2026-12-31,1,0.99,observed,EVI_ORG_REG_ORG_0246_P_03628,INGESTION_PIPELINE,RULE_BASED_EXTRACTOR,v1.0,True
REL_001322,P_03611,Person,ORG_0246,Organization,MEMBER_OF,2024-01-01,2026-12-31,2024-01-01,2026-12-31,1,0.99,observed,EVI_ORG_REG_ORG_0246_P_03611,INGESTION_PIPELINE,RULE_BASED_EXTRACTOR,v1.0,True
REL_001323,P_03738,Person,ORG_0246,Organization,MEMBER_OF,2024-01-01,2026-12-31,2024-01-01,2026-12-31,1,0.99,observed,EVI_ORG_REG_ORG_0246_P_03738,INGESTION_PIPELINE,RULE_BASED_EXTRACTOR,v1.0,True
REL_001324,P_00335,Person,ORG_0247,Organization,MEMBER_OF,2024-01-01,2026-12-31,2024-01-01,2026-12-31,1,0.99,observed,EVI_ORG_REG_ORG_0247_P_00335,INGESTION_PIPELINE,RULE_BASED_EXTRACTOR,v1.0,True
REL_001325,P_01681,Person,ORG_0247,Organization,MEMBER_OF,2024-01-01,2026-12-31,2024-01-01,2026-12-31,1,0.99,observed,EVI_ORG_REG_ORG_0247_P_01681,INGESTION_PIPELINE,RULE_BASED_EXTRACTOR,v1.0,True
REL_001326,P_01183,Person,ORG_0248,Organization,MEMBER_OF,2024-01-01,2026-12-31,2024-01-01,2026-12-31,1,0.99,observed,EVI_ORG_REG_ORG_0248_P_01183,INGESTION_PIPELINE,RULE_BASED_EXTRACTOR,v1.0,True
REL_001327,P_03083,Person,ORG_0248,Organization,MEMBER_OF,2024-01-01,2026-12-31,2024-01-01,2026-12-31,1,0.99,observed,EVI_ORG_REG_ORG_0248_P_03083,INGESTION_PIPELINE,RULE_BASED_EXTRACTOR,v1.0,True
REL_001328,P_01506,Person,ORG_0249,Organization,MEMBER_OF,2024-01-01,2026-12-31,2024-01-01,2026-12-31,1,0.99,observed,EVI_ORG_REG_ORG_0249_P_01506,INGESTION_PIPELINE,RULE_BASED_EXTRACTOR,v1.0,True
REL_001329,P_03638,Person,ORG_0249,Organization,MEMBER_OF,2024-01-01,2026-12-31,2024-01-01,2026-12-31,1,0.99,observed,EVI_ORG_REG_ORG_0249_P_03638,INGESTION_PIPELINE,RULE_BASED_EXTRACTOR,v1.0,True
REL_001330,P_00572,Person,ORG_0249,Organization,MEMBER_OF,2024-01-01,2026-12-31,2024-01-01,2026-12-31,1,0.99,observed,EVI_ORG_REG_ORG_0249_P_00572,INGESTION_PIPELINE,RULE_BASED_EXTRACTOR,v1.0,True
REL_001331,P_01953,Person,ORG_0250,Organization,MEMBER_OF,2024-01-01,2026-12-31,2024-01-01,2026-12-31,1,0.99,observed,EVI_ORG_REG_ORG_0250_P_01953,INGESTION_PIPELINE,RULE_BASED_EXTRACTOR,v1.0,True
REL_001332,P_02930,Person,ORG_0250,Organization,MEMBER_OF,2024-01-01,2026-12-31,2024-01-01,2026-12-31,1,0.99,observed,EVI_ORG_REG_ORG_0250_P_02930,INGESTION_PIPELINE,RULE_BASED_EXTRACTOR,v1.0,True
REL_001333,P_03437,Person,ORG_0251,Organization,MEMBER_OF,2024-01-01,2026-12-31,2024-01-01,2026-12-31,1,0.99,observed,EVI_ORG_REG_ORG_0251_P_03437,INGESTION_PIPELINE,RULE_BASED_EXTRACTOR,v1.0,True
REL_001334,P_01413,Person,ORG_0251,Organization,MEMBER_OF,2024-01-01,2026-12-31,2024-01-01,2026-12-31,1,0.99,observed,EVI_ORG_REG_ORG_0251_P_01413,INGESTION_PIPELINE,RULE_BASED_EXTRACTOR,v1.0,True
REL_001335,P_01536,Person,ORG_0251,Organization,MEMBER_OF,2024-01-01,2026-12-31,2024-01-01,2026-12-31,1,0.99,observed,EVI_ORG_REG_ORG_0251_P_01536,INGESTION_PIPELINE,RULE_BASED_EXTRACTOR,v1.0,True
REL_001336,P_01376,Person,ORG_0252,Organization,MEMBER_OF,2024-01-01,2026-12-31,2024-01-01,2026-12-31,1,0.99,observed,EVI_ORG_REG_ORG_0252_P_01376,INGESTION_PIPELINE,RULE_BASED_EXTRACTOR,v1.0,True
REL_001337,P_02403,Person,ORG_0252,Organization,MEMBER_OF,2024-01-01,2026-12-31,2024-01-01,2026-12-31,1,0.99,observed,EVI_ORG_REG_ORG_0252_P_02403,INGESTION_PIPELINE,RULE_BASED_EXTRACTOR,v1.0,True
REL_001338,P_01653,Person,ORG_0252,Organization,MEMBER_OF,2024-01-01,2026-12-31,2024-01-01,2026-12-31,1,0.99,observed,EVI_ORG_REG_ORG_0252_P_01653,INGESTION_PIPELINE,RULE_BASED_EXTRACTOR,v1.0,True
REL_001339,P_01982,Person,ORG_0253,Organization,MEMBER_OF,2024-01-01,2026-12-31,2024-01-01,2026-12-31,1,0.99,observed,EVI_ORG_REG_ORG_0253_P_01982,INGESTION_PIPELINE,RULE_BASED_EXTRACTOR,v1.0,True
REL_001340,P_00426,Person,ORG_0253,Organization,MEMBER_OF,2024-01-01,2026-12-31,2024-01-01,2026-12-31,1,0.99,observed,EVI_ORG_REG_ORG_0253_P_00426,INGESTION_PIPELINE,RULE_BASED_EXTRACTOR,v1.0,True
REL_001341,P_01173,Person,ORG_0253,Organization,MEMBER_OF,2024-01-01,2026-12-31,2024-01-01,2026-12-31,1,0.99,observed,EVI_ORG_REG_ORG_0253_P_01173,INGESTION_PIPELINE,RULE_BASED_EXTRACTOR,v1.0,True
REL_001342,P_02115,Person,ORG_0254,Organization,MEMBER_OF,2024-01-01,2026-12-31,2024-01-01,2026-12-31,1,0.99,observed,EVI_ORG_REG_ORG_0254_P_02115,INGESTION_PIPELINE,RULE_BASED_EXTRACTOR,v1.0,True
REL_001343,P_00226,Person,ORG_0255,Organization,MEMBER_OF,2024-01-01,2026-12-31,2024-01-01,2026-12-31,1,0.99,observed,EVI_ORG_REG_ORG_0255_P_00226,INGESTION_PIPELINE,RULE_BASED_EXTRACTOR,v1.0,True
REL_001344,P_03096,Person,ORG_0255,Organization,MEMBER_OF,2024-01-01,2026-12-31,2024-01-01,2026-12-31,1,0.99,observed,EVI_ORG_REG_ORG_0255_P_03096,INGESTION_PIPELINE,RULE_BASED_EXTRACTOR,v1.0,True
REL_001345,P_00019,Person,ORG_0256,Organization,MEMBER_OF,2024-01-01,2026-12-31,2024-01-01,2026-12-31,1,0.99,observed,EVI_ORG_REG_ORG_0256_P_00019,INGESTION_PIPELINE,RULE_BASED_EXTRACTOR,v1.0,True
REL_001346,P_01070,Person,ORG_0257,Organization,MEMBER_OF,2024-01-01,2026-12-31,2024-01-01,2026-12-31,1,0.99,observed,EVI_ORG_REG_ORG_0257_P_01070,INGESTION_PIPELINE,RULE_BASED_EXTRACTOR,v1.0,True
REL_001347,P_01563,Person,ORG_0257,Organization,MEMBER_OF,2024-01-01,2026-12-31,2024-01-01,2026-12-31,1,0.99,observed,EVI_ORG_REG_ORG_0257_P_01563,INGESTION_PIPELINE,RULE_BASED_EXTRACTOR,v1.0,True
REL_001348,P_02794,Person,ORG_0257,Organization,MEMBER_OF,2024-01-01,2026-12-31,2024-01-01,2026-12-31,1,0.99,observed,EVI_ORG_REG_ORG_0257_P_02794,INGESTION_PIPELINE,RULE_BASED_EXTRACTOR,v1.0,True
REL_001349,P_02647,Person,ORG_0258,Organization,MEMBER_OF,2024-01-01,2026-12-31,2024-01-01,2026-12-31,1,0.99,observed,EVI_ORG_REG_ORG_0258_P_02647,INGESTION_PIPELINE,RULE_BASED_EXTRACTOR,v1.0,True
REL_001350,P_01152,Person,ORG_0258,Organization,MEMBER_OF,2024-01-01,2026-12-31,2024-01-01,2026-12-31,1,0.99,observed,EVI_ORG_REG_ORG_0258_P_01152,INGESTION_PIPELINE,RULE_BASED_EXTRACTOR,v1.0,True
REL_001351,P_04240,Person,ORG_0259,Organization,MEMBER_OF,2024-01-01,2026-12-31,2024-01-01,2026-12-31,1,0.99,observed,EVI_ORG_REG_ORG_0259_P_04240,INGESTION_PIPELINE,RULE_BASED_EXTRACTOR,v1.0,True
REL_001352,P_00398,Person,ORG_0260,Organization,MEMBER_OF,2024-01-01,2026-12-31,2024-01-01,2026-12-31,1,0.99,observed,EVI_ORG_REG_ORG_0260_P_00398,INGESTION_PIPELINE,RULE_BASED_EXTRACTOR,v1.0,True
REL_001353,P_00271,Person,ORG_0260,Organization,MEMBER_OF,2024-01-01,2026-12-31,2024-01-01,2026-12-31,1,0.99,observed,EVI_ORG_REG_ORG_0260_P_00271,INGESTION_PIPELINE,RULE_BASED_EXTRACTOR,v1.0,True
REL_001354,P_03134,Person,ORG_0260,Organization,MEMBER_OF,2024-01-01,2026-12-31,2024-01-01,2026-12-31,1,0.99,observed,EVI_ORG_REG_ORG_0260_P_03134,INGESTION_PIPELINE,RULE_BASED_EXTRACTOR,v1.0,True
REL_001355,P_02756,Person,ORG_0261,Organization,MEMBER_OF,2024-01-01,2026-12-31,2024-01-01,2026-12-31,1,0.99,observed,EVI_ORG_REG_ORG_0261_P_02756,INGESTION_PIPELINE,RULE_BASED_EXTRACTOR,v1.0,True
REL_001356,P_02402,Person,ORG_0261,Organization,MEMBER_OF,2024-01-01,2026-12-31,2024-01-01,2026-12-31,1,0.99,observed,EVI_ORG_REG_ORG_0261_P_02402,INGESTION_PIPELINE,RULE_BASED_EXTRACTOR,v1.0,True
REL_001357,P_04452,Person,ORG_0261,Organization,MEMBER_OF,2024-01-01,2026-12-31,2024-01-01,2026-12-31,1,0.99,observed,EVI_ORG_REG_ORG_0261_P_04452,INGESTION_PIPELINE,RULE_BASED_EXTRACTOR,v1.0,True
REL_001358,P_00954,Person,ORG_0262,Organization,MEMBER_OF,2024-01-01,2026-12-31,2024-01-01,2026-12-31,1,0.99,observed,EVI_ORG_REG_ORG_0262_P_00954,INGESTION_PIPELINE,RULE_BASED_EXTRACTOR,v1.0,True
REL_001359,P_00081,Person,ORG_0263,Organization,MEMBER_OF,2024-01-01,2026-12-31,2024-01-01,2026-12-31,1,0.99,observed,EVI_ORG_REG_ORG_0263_P_00081,INGESTION_PIPELINE,RULE_BASED_EXTRACTOR,v1.0,True
REL_001360,P_02145,Person,ORG_0263,Organization,MEMBER_OF,2024-01-01,2026-12-31,2024-01-01,2026-12-31,1,0.99,observed,EVI_ORG_REG_ORG_0263_P_02145,INGESTION_PIPELINE,RULE_BASED_EXTRACTOR,v1.0,True
REL_001361,P_01366,Person,ORG_0263,Organization,MEMBER_OF,2024-01-01,2026-12-31,2024-01-01,2026-12-31,1,0.99,observed,EVI_ORG_REG_ORG_0263_P_01366,INGESTION_PIPELINE,RULE_BASED_EXTRACTOR,v1.0,True
REL_001362,P_01173,Person,ORG_0264,Organization,MEMBER_OF,2024-01-01,2026-12-31,2024-01-01,2026-12-31,1,0.99,observed,EVI_ORG_REG_ORG_0264_P_01173,INGESTION_PIPELINE,RULE_BASED_EXTRACTOR,v1.0,True
REL_001363,P_04433,Person,ORG_0264,Organization,MEMBER_OF,2024-01-01,2026-12-31,2024-01-01,2026-12-31,1,0.99,observed,EVI_ORG_REG_ORG_0264_P_04433,INGESTION_PIPELINE,RULE_BASED_EXTRACTOR,v1.0,True
REL_001364,P_03361,Person,ORG_0265,Organization,MEMBER_OF,2024-01-01,2026-12-31,2024-01-01,2026-12-31,1,0.99,observed,EVI_ORG_REG_ORG_0265_P_03361,INGESTION_PIPELINE,RULE_BASED_EXTRACTOR,v1.0,True
REL_001365,P_02028,Person,ORG_0265,Organization,MEMBER_OF,2024-01-01,2026-12-31,2024-01-01,2026-12-31,1,0.99,observed,EVI_ORG_REG_ORG_0265_P_02028,INGESTION_PIPELINE,RULE_BASED_EXTRACTOR,v1.0,True
REL_001366,P_03930,Person,ORG_0266,Organization,MEMBER_OF,2024-01-01,2026-12-31,2024-01-01,2026-12-31,1,0.99,observed,EVI_ORG_REG_ORG_0266_P_03930,INGESTION_PIPELINE,RULE_BASED_EXTRACTOR,v1.0,True
REL_001367,P_03659,Person,ORG_0267,Organization,MEMBER_OF,2024-01-01,2026-12-31,2024-01-01,2026-12-31,1,0.99,observed,EVI_ORG_REG_ORG_0267_P_03659,INGESTION_PIPELINE,RULE_BASED_EXTRACTOR,v1.0,True
REL_001368,P_04056,Person,ORG_0267,Organization,MEMBER_OF,2024-01-01,2026-12-31,2024-01-01,2026-12-31,1,0.99,observed,EVI_ORG_REG_ORG_0267_P_04056,INGESTION_PIPELINE,RULE_BASED_EXTRACTOR,v1.0,True
REL_001369,P_03252,Person,ORG_0267,Organization,MEMBER_OF,2024-01-01,2026-12-31,2024-01-01,2026-12-31,1,0.99,observed,EVI_ORG_REG_ORG_0267_P_03252,INGESTION_PIPELINE,RULE_BASED_EXTRACTOR,v1.0,True
REL_001370,P_01874,Person,ORG_0268,Organization,MEMBER_OF,2024-01-01,2026-12-31,2024-01-01,2026-12-31,1,0.99,observed,EVI_ORG_REG_ORG_0268_P_01874,INGESTION_PIPELINE,RULE_BASED_EXTRACTOR,v1.0,True
REL_001371,P_02089,Person,ORG_0269,Organization,MEMBER_OF,2024-01-01,2026-12-31,2024-01-01,2026-12-31,1,0.99,observed,EVI_ORG_REG_ORG_0269_P_02089,INGESTION_PIPELINE,RULE_BASED_EXTRACTOR,v1.0,True
REL_001372,P_02671,Person,ORG_0270,Organization,MEMBER_OF,2024-01-01,2026-12-31,2024-01-01,2026-12-31,1,0.99,observed,EVI_ORG_REG_ORG_0270_P_02671,INGESTION_PIPELINE,RULE_BASED_EXTRACTOR,v1.0,True
REL_001373,P_01711,Person,ORG_0271,Organization,MEMBER_OF,2024-01-01,2026-12-31,2024-01-01,2026-12-31,1,0.99,observed,EVI_ORG_REG_ORG_0271_P_01711,INGESTION_PIPELINE,RULE_BASED_EXTRACTOR,v1.0,True
REL_001374,P_04849,Person,ORG_0271,Organization,MEMBER_OF,2024-01-01,2026-12-31,2024-01-01,2026-12-31,1,0.99,observed,EVI_ORG_REG_ORG_0271_P_04849,INGESTION_PIPELINE,RULE_BASED_EXTRACTOR,v1.0,True
REL_001375,P_03867,Person,ORG_0272,Organization,MEMBER_OF,2024-01-01,2026-12-31,2024-01-01,2026-12-31,1,0.99,observed,EVI_ORG_REG_ORG_0272_P_03867,INGESTION_PIPELINE,RULE_BASED_EXTRACTOR,v1.0,True
REL_001376,P_04636,Person,ORG_0272,Organization,MEMBER_OF,2024-01-01,2026-12-31,2024-01-01,2026-12-31,1,0.99,observed,EVI_ORG_REG_ORG_0272_P_04636,INGESTION_PIPELINE,RULE_BASED_EXTRACTOR,v1.0,True
REL_001377,P_04393,Person,ORG_0272,Organization,MEMBER_OF,2024-01-01,2026-12-31,2024-01-01,2026-12-31,1,0.99,observed,EVI_ORG_REG_ORG_0272_P_04393,INGESTION_PIPELINE,RULE_BASED_EXTRACTOR,v1.0,True
REL_001378,P_04168,Person,ORG_0273,Organization,MEMBER_OF,2024-01-01,2026-12-31,2024-01-01,2026-12-31,1,0.99,observed,EVI_ORG_REG_ORG_0273_P_04168,INGESTION_PIPELINE,RULE_BASED_EXTRACTOR,v1.0,True
REL_001379,P_01663,Person,ORG_0273,Organization,MEMBER_OF,2024-01-01,2026-12-31,2024-01-01,2026-12-31,1,0.99,observed,EVI_ORG_REG_ORG_0273_P_01663,INGESTION_PIPELINE,RULE_BASED_EXTRACTOR,v1.0,True
REL_001380,P_00625,Person,ORG_0273,Organization,MEMBER_OF,2024-01-01,2026-12-31,2024-01-01,2026-12-31,1,0.99,observed,EVI_ORG_REG_ORG_0273_P_00625,INGESTION_PIPELINE,RULE_BASED_EXTRACTOR,v1.0,True
REL_001381,P_04649,Person,ORG_0274,Organization,MEMBER_OF,2024-01-01,2026-12-31,2024-01-01,2026-12-31,1,0.99,observed,EVI_ORG_REG_ORG_0274_P_04649,INGESTION_PIPELINE,RULE_BASED_EXTRACTOR,v1.0,True
REL_001382,P_02968,Person,ORG_0274,Organization,MEMBER_OF,2024-01-01,2026-12-31,2024-01-01,2026-12-31,1,0.99,observed,EVI_ORG_REG_ORG_0274_P_02968,INGESTION_PIPELINE,RULE_BASED_EXTRACTOR,v1.0,True
REL_001383,P_03883,Person,ORG_0275,Organization,MEMBER_OF,2024-01-01,2026-12-31,2024-01-01,2026-12-31,1,0.99,observed,EVI_ORG_REG_ORG_0275_P_03883,INGESTION_PIPELINE,RULE_BASED_EXTRACTOR,v1.0,True
REL_001384,P_00941,Person,ORG_0276,Organization,MEMBER_OF,2024-01-01,2026-12-31,2024-01-01,2026-12-31,1,0.99,observed,EVI_ORG_REG_ORG_0276_P_00941,INGESTION_PIPELINE,RULE_BASED_EXTRACTOR,v1.0,True
REL_001385,P_03499,Person,ORG_0276,Organization,MEMBER_OF,2024-01-01,2026-12-31,2024-01-01,2026-12-31,1,0.99,observed,EVI_ORG_REG_ORG_0276_P_03499,INGESTION_PIPELINE,RULE_BASED_EXTRACTOR,v1.0,True
REL_001386,P_04036,Person,ORG_0277,Organization,MEMBER_OF,2024-01-01,2026-12-31,2024-01-01,2026-12-31,1,0.99,observed,EVI_ORG_REG_ORG_0277_P_04036,INGESTION_PIPELINE,RULE_BASED_EXTRACTOR,v1.0,True
REL_001387,P_00037,Person,ORG_0278,Organization,MEMBER_OF,2024-01-01,2026-12-31,2024-01-01,2026-12-31,1,0.99,observed,EVI_ORG_REG_ORG_0278_P_00037,INGESTION_PIPELINE,RULE_BASED_EXTRACTOR,v1.0,True
REL_001388,P_00159,Person,ORG_0278,Organization,MEMBER_OF,2024-01-01,2026-12-31,2024-01-01,2026-12-31,1,0.99,observed,EVI_ORG_REG_ORG_0278_P_00159,INGESTION_PIPELINE,RULE_BASED_EXTRACTOR,v1.0,True
REL_001389,P_01465,Person,ORG_0279,Organization,MEMBER_OF,2024-01-01,2026-12-31,2024-01-01,2026-12-31,1,0.99,observed,EVI_ORG_REG_ORG_0279_P_01465,INGESTION_PIPELINE,RULE_BASED_EXTRACTOR,v1.0,True
REL_001390,P_00650,Person,ORG_0280,Organization,MEMBER_OF,2024-01-01,2026-12-31,2024-01-01,2026-12-31,1,0.99,observed,EVI_ORG_REG_ORG_0280_P_00650,INGESTION_PIPELINE,RULE_BASED_EXTRACTOR,v1.0,True
REL_001391,P_01230,Person,ORG_0280,Organization,MEMBER_OF,2024-01-01,2026-12-31,2024-01-01,2026-12-31,1,0.99,observed,EVI_ORG_REG_ORG_0280_P_01230,INGESTION_PIPELINE,RULE_BASED_EXTRACTOR,v1.0,True
REL_001392,P_00030,Person,ORG_0281,Organization,MEMBER_OF,2024-01-01,2026-12-31,2024-01-01,2026-12-31,1,0.99,observed,EVI_ORG_REG_ORG_0281_P_00030,INGESTION_PIPELINE,RULE_BASED_EXTRACTOR,v1.0,True
REL_001393,P_02957,Person,ORG_0282,Organization,MEMBER_OF,2024-01-01,2026-12-31,2024-01-01,2026-12-31,1,0.99,observed,EVI_ORG_REG_ORG_0282_P_02957,INGESTION_PIPELINE,RULE_BASED_EXTRACTOR,v1.0,True
REL_001394,P_02486,Person,ORG_0282,Organization,MEMBER_OF,2024-01-01,2026-12-31,2024-01-01,2026-12-31,1,0.99,observed,EVI_ORG_REG_ORG_0282_P_02486,INGESTION_PIPELINE,RULE_BASED_EXTRACTOR,v1.0,True
REL_001395,P_02305,Person,ORG_0283,Organization,MEMBER_OF,2024-01-01,2026-12-31,2024-01-01,2026-12-31,1,0.99,observed,EVI_ORG_REG_ORG_0283_P_02305,INGESTION_PIPELINE,RULE_BASED_EXTRACTOR,v1.0,True
REL_001396,P_04437,Person,ORG_0283,Organization,MEMBER_OF,2024-01-01,2026-12-31,2024-01-01,2026-12-31,1,0.99,observed,EVI_ORG_REG_ORG_0283_P_04437,INGESTION_PIPELINE,RULE_BASED_EXTRACTOR,v1.0,True
REL_001397,P_00559,Person,ORG_0284,Organization,MEMBER_OF,2024-01-01,2026-12-31,2024-01-01,2026-12-31,1,0.99,observed,EVI_ORG_REG_ORG_0284_P_00559,INGESTION_PIPELINE,RULE_BASED_EXTRACTOR,v1.0,True
REL_001398,P_00456,Person,ORG_0284,Organization,MEMBER_OF,2024-01-01,2026-12-31,2024-01-01,2026-12-31,1,0.99,observed,EVI_ORG_REG_ORG_0284_P_00456,INGESTION_PIPELINE,RULE_BASED_EXTRACTOR,v1.0,True
REL_001399,P_02253,Person,ORG_0284,Organization,MEMBER_OF,2024-01-01,2026-12-31,2024-01-01,2026-12-31,1,0.99,observed,EVI_ORG_REG_ORG_0284_P_02253,INGESTION_PIPELINE,RULE_BASED_EXTRACTOR,v1.0,True
REL_001400,P_02618,Person,ORG_0285,Organization,MEMBER_OF,2024-01-01,2026-12-31,2024-01-01,2026-12-31,1,0.99,observed,EVI_ORG_REG_ORG_0285_P_02618,INGESTION_PIPELINE,RULE_BASED_EXTRACTOR,v1.0,True
REL_001401,P_00147,Person,ORG_0285,Organization,MEMBER_OF,2024-01-01,2026-12-31,2024-01-01,2026-12-31,1,0.99,observed,EVI_ORG_REG_ORG_0285_P_00147,INGESTION_PIPELINE,RULE_BASED_EXTRACTOR,v1.0,True
REL_001402,P_04679,Person,ORG_0286,Organization,MEMBER_OF,2024-01-01,2026-12-31,2024-01-01,2026-12-31,1,0.99,observed,EVI_ORG_REG_ORG_0286_P_04679,INGESTION_PIPELINE,RULE_BASED_EXTRACTOR,v1.0,True
REL_001403,P_03665,Person,ORG_0286,Organization,MEMBER_OF,2024-01-01,2026-12-31,2024-01-01,2026-12-31,1,0.99,observed,EVI_ORG_REG_ORG_0286_P_03665,INGESTION_PIPELINE,RULE_BASED_EXTRACTOR,v1.0,True
REL_001404,P_01883,Person,ORG_0287,Organization,MEMBER_OF,2024-01-01,2026-12-31,2024-01-01,2026-12-31,1,0.99,observed,EVI_ORG_REG_ORG_0287_P_01883,INGESTION_PIPELINE,RULE_BASED_EXTRACTOR,v1.0,True
REL_001405,P_02799,Person,ORG_0288,Organization,MEMBER_OF,2024-01-01,2026-12-31,2024-01-01,2026-12-31,1,0.99,observed,EVI_ORG_REG_ORG_0288_P_02799,INGESTION_PIPELINE,RULE_BASED_EXTRACTOR,v1.0,True
REL_001406,P_02443,Person,ORG_0288,Organization,MEMBER_OF,2024-01-01,2026-12-31,2024-01-01,2026-12-31,1,0.99,observed,EVI_ORG_REG_ORG_0288_P_02443,INGESTION_PIPELINE,RULE_BASED_EXTRACTOR,v1.0,True
REL_001407,P_04044,Person,ORG_0288,Organization,MEMBER_OF,2024-01-01,2026-12-31,2024-01-01,2026-12-31,1,0.99,observed,EVI_ORG_REG_ORG_0288_P_04044,INGESTION_PIPELINE,RULE_BASED_EXTRACTOR,v1.0,True
REL_001408,P_03052,Person,ORG_0289,Organization,MEMBER_OF,2024-01-01,2026-12-31,2024-01-01,2026-12-31,1,0.99,observed,EVI_ORG_REG_ORG_0289_P_03052,INGESTION_PIPELINE,RULE_BASED_EXTRACTOR,v1.0,True
REL_001409,P_04255,Person,ORG_0289,Organization,MEMBER_OF,2024-01-01,2026-12-31,2024-01-01,2026-12-31,1,0.99,observed,EVI_ORG_REG_ORG_0289_P_04255,INGESTION_PIPELINE,RULE_BASED_EXTRACTOR,v1.0,True
REL_001410,P_04139,Person,ORG_0289,Organization,MEMBER_OF,2024-01-01,2026-12-31,2024-01-01,2026-12-31,1,0.99,observed,EVI_ORG_REG_ORG_0289_P_04139,INGESTION_PIPELINE,RULE_BASED_EXTRACTOR,v1.0,True
REL_001411,P_01771,Person,ORG_0290,Organization,MEMBER_OF,2024-01-01,2026-12-31,2024-01-01,2026-12-31,1,0.99,observed,EVI_ORG_REG_ORG_0290_P_01771,INGESTION_PIPELINE,RULE_BASED_EXTRACTOR,v1.0,True
REL_001412,P_03260,Person,ORG_0290,Organization,MEMBER_OF,2024-01-01,2026-12-31,2024-01-01,2026-12-31,1,0.99,observed,EVI_ORG_REG_ORG_0290_P_03260,INGESTION_PIPELINE,RULE_BASED_EXTRACTOR,v1.0,True
REL_001413,P_04478,Person,ORG_0290,Organization,MEMBER_OF,2024-01-01,2026-12-31,2024-01-01,2026-12-31,1,0.99,observed,EVI_ORG_REG_ORG_0290_P_04478,INGESTION_PIPELINE,RULE_BASED_EXTRACTOR,v1.0,True
REL_001414,P_02175,Person,ORG_0291,Organization,MEMBER_OF,2024-01-01,2026-12-31,2024-01-01,2026-12-31,1,0.99,observed,EVI_ORG_REG_ORG_0291_P_02175,INGESTION_PIPELINE,RULE_BASED_EXTRACTOR,v1.0,True
REL_001415,P_01877,Person,ORG_0292,Organization,MEMBER_OF,2024-01-01,2026-12-31,2024-01-01,2026-12-31,1,0.99,observed,EVI_ORG_REG_ORG_0292_P_01877,INGESTION_PIPELINE,RULE_BASED_EXTRACTOR,v1.0,True
REL_001416,P_02243,Person,ORG_0293,Organization,MEMBER_OF,2024-01-01,2026-12-31,2024-01-01,2026-12-31,1,0.99,observed,EVI_ORG_REG_ORG_0293_P_02243,INGESTION_PIPELINE,RULE_BASED_EXTRACTOR,v1.0,True
REL_001417,P_00817,Person,ORG_0294,Organization,MEMBER_OF,2024-01-01,2026-12-31,2024-01-01,2026-12-31,1,0.99,observed,EVI_ORG_REG_ORG_0294_P_00817,INGESTION_PIPELINE,RULE_BASED_EXTRACTOR,v1.0,True
REL_001418,P_03771,Person,ORG_0294,Organization,MEMBER_OF,2024-01-01,2026-12-31,2024-01-01,2026-12-31,1,0.99,observed,EVI_ORG_REG_ORG_0294_P_03771,INGESTION_PIPELINE,RULE_BASED_EXTRACTOR,v1.0,True
REL_001419,P_00058,Person,ORG_0294,Organization,MEMBER_OF,2024-01-01,2026-12-31,2024-01-01,2026-12-31,1,0.99,observed,EVI_ORG_REG_ORG_0294_P_00058,INGESTION_PIPELINE,RULE_BASED_EXTRACTOR,v1.0,True
REL_001420,P_00876,Person,ORG_0295,Organization,MEMBER_OF,2024-01-01,2026-12-31,2024-01-01,2026-12-31,1,0.99,observed,EVI_ORG_REG_ORG_0295_P_00876,INGESTION_PIPELINE,RULE_BASED_EXTRACTOR,v1.0,True
REL_001421,P_04633,Person,ORG_0295,Organization,MEMBER_OF,2024-01-01,2026-12-31,2024-01-01,2026-12-31,1,0.99,observed,EVI_ORG_REG_ORG_0295_P_04633,INGESTION_PIPELINE,RULE_BASED_EXTRACTOR,v1.0,True
REL_001422,P_03542,Person,ORG_0295,Organization,MEMBER_OF,2024-01-01,2026-12-31,2024-01-01,2026-12-31,1,0.99,observed,EVI_ORG_REG_ORG_0295_P_03542,INGESTION_PIPELINE,RULE_BASED_EXTRACTOR,v1.0,True
REL_001423,P_01084,Person,ORG_0296,Organization,MEMBER_OF,2024-01-01,2026-12-31,2024-01-01,2026-12-31,1,0.99,observed,EVI_ORG_REG_ORG_0296_P_01084,INGESTION_PIPELINE,RULE_BASED_EXTRACTOR,v1.0,True
REL_001424,P_00227,Person,ORG_0296,Organization,MEMBER_OF,2024-01-01,2026-12-31,2024-01-01,2026-12-31,1,0.99,observed,EVI_ORG_REG_ORG_0296_P_00227,INGESTION_PIPELINE,RULE_BASED_EXTRACTOR,v1.0,True
REL_001425,P_04682,Person,ORG_0297,Organization,MEMBER_OF,2024-01-01,2026-12-31,2024-01-01,2026-12-31,1,0.99,observed,EVI_ORG_REG_ORG_0297_P_04682,INGESTION_PIPELINE,RULE_BASED_EXTRACTOR,v1.0,True
REL_001426,P_01268,Person,ORG_0298,Organization,MEMBER_OF,2024-01-01,2026-12-31,2024-01-01,2026-12-31,1,0.99,observed,EVI_ORG_REG_ORG_0298_P_01268,INGESTION_PIPELINE,RULE_BASED_EXTRACTOR,v1.0,True
REL_001427,P_04504,Person,ORG_0298,Organization,MEMBER_OF,2024-01-01,2026-12-31,2024-01-01,2026-12-31,1,0.99,observed,EVI_ORG_REG_ORG_0298_P_04504,INGESTION_PIPELINE,RULE_BASED_EXTRACTOR,v1.0,True
REL_001428,P_02891,Person,ORG_0298,Organization,MEMBER_OF,2024-01-01,2026-12-31,2024-01-01,2026-12-31,1,0.99,observed,EVI_ORG_REG_ORG_0298_P_02891,INGESTION_PIPELINE,RULE_BASED_EXTRACTOR,v1.0,True
REL_001429,P_01224,Person,ORG_0299,Organization,MEMBER_OF,2024-01-01,2026-12-31,2024-01-01,2026-12-31,1,0.99,observed,EVI_ORG_REG_ORG_0299_P_01224,INGESTION_PIPELINE,RULE_BASED_EXTRACTOR,v1.0,True
REL_001430,P_04630,Person,ORG_0299,Organization,MEMBER_OF,2024-01-01,2026-12-31,2024-01-01,2026-12-31,1,0.99,observed,EVI_ORG_REG_ORG_0299_P_04630,INGESTION_PIPELINE,RULE_BASED_EXTRACTOR,v1.0,True
REL_001431,P_03687,Person,ORG_0299,Organization,MEMBER_OF,2024-01-01,2026-12-31,2024-01-01,2026-12-31,1,0.99,observed,EVI_ORG_REG_ORG_0299_P_03687,INGESTION_PIPELINE,RULE_BASED_EXTRACTOR,v1.0,True
REL_001432,P_01620,Person,ORG_0300,Organization,MEMBER_OF,2024-01-01,2026-12-31,2024-01-01,2026-12-31,1,0.99,observed,EVI_ORG_REG_ORG_0300_P_01620,INGESTION_PIPELINE,RULE_BASED_EXTRACTOR,v1.0,True
REL_001433,P_03905,Person,ORG_0300,Organization,MEMBER_OF,2024-01-01,2026-12-31,2024-01-01,2026-12-31,1,0.99,observed,EVI_ORG_REG_ORG_0300_P_03905,INGESTION_PIPELINE,RULE_BASED_EXTRACTOR,v1.0,True
REL_001434,P_04797,Person,ORG_0300,Organization,MEMBER_OF,2024-01-01,2026-12-31,2024-01-01,2026-12-31,1,0.99,observed,EVI_ORG_REG_ORG_0300_P_04797,INGESTION_PIPELINE,RULE_BASED_EXTRACTOR,v1.0,True
REL_001435,P_00845,Person,ORG_0301,Organization,MEMBER_OF,2024-01-01,2026-12-31,2024-01-01,2026-12-31,1,0.99,observed,EVI_ORG_REG_ORG_0301_P_00845,INGESTION_PIPELINE,RULE_BASED_EXTRACTOR,v1.0,True
REL_001436,P_02816,Person,ORG_0301,Organization,MEMBER_OF,2024-01-01,2026-12-31,2024-01-01,2026-12-31,1,0.99,observed,EVI_ORG_REG_ORG_0301_P_02816,INGESTION_PIPELINE,RULE_BASED_EXTRACTOR,v1.0,True
REL_001437,P_04484,Person,ORG_0301,Organization,MEMBER_OF,2024-01-01,2026-12-31,2024-01-01,2026-12-31,1,0.99,observed,EVI_ORG_REG_ORG_0301_P_04484,INGESTION_PIPELINE,RULE_BASED_EXTRACTOR,v1.0,True
REL_001438,P_00634,Person,ORG_0302,Organization,MEMBER_OF,2024-01-01,2026-12-31,2024-01-01,2026-12-31,1,0.99,observed,EVI_ORG_REG_ORG_0302_P_00634,INGESTION_PIPELINE,RULE_BASED_EXTRACTOR,v1.0,True
REL_001439,P_03635,Person,ORG_0303,Organization,MEMBER_OF,2024-01-01,2026-12-31,2024-01-01,2026-12-31,1,0.99,observed,EVI_ORG_REG_ORG_0303_P_03635,INGESTION_PIPELINE,RULE_BASED_EXTRACTOR,v1.0,True
REL_001440,P_00683,Person,ORG_0303,Organization,MEMBER_OF,2024-01-01,2026-12-31,2024-01-01,2026-12-31,1,0.99,observed,EVI_ORG_REG_ORG_0303_P_00683,INGESTION_PIPELINE,RULE_BASED_EXTRACTOR,v1.0,True
REL_001441,P_02362,Person,ORG_0303,Organization,MEMBER_OF,2024-01-01,2026-12-31,2024-01-01,2026-12-31,1,0.99,observed,EVI_ORG_REG_ORG_0303_P_02362,INGESTION_PIPELINE,RULE_BASED_EXTRACTOR,v1.0,True
REL_001442,P_03823,Person,ORG_0304,Organization,MEMBER_OF,2024-01-01,2026-12-31,2024-01-01,2026-12-31,1,0.99,observed,EVI_ORG_REG_ORG_0304_P_03823,INGESTION_PIPELINE,RULE_BASED_EXTRACTOR,v1.0,True
REL_001443,P_00907,Person,ORG_0305,Organization,MEMBER_OF,2024-01-01,2026-12-31,2024-01-01,2026-12-31,1,0.99,observed,EVI_ORG_REG_ORG_0305_P_00907,INGESTION_PIPELINE,RULE_BASED_EXTRACTOR,v1.0,True
REL_001444,P_02538,Person,ORG_0305,Organization,MEMBER_OF,2024-01-01,2026-12-31,2024-01-01,2026-12-31,1,0.99,observed,EVI_ORG_REG_ORG_0305_P_02538,INGESTION_PIPELINE,RULE_BASED_EXTRACTOR,v1.0,True
REL_001445,P_01504,Person,ORG_0305,Organization,MEMBER_OF,2024-01-01,2026-12-31,2024-01-01,2026-12-31,1,0.99,observed,EVI_ORG_REG_ORG_0305_P_01504,INGESTION_PIPELINE,RULE_BASED_EXTRACTOR,v1.0,True
REL_001446,P_01952,Person,ORG_0306,Organization,MEMBER_OF,2024-01-01,2026-12-31,2024-01-01,2026-12-31,1,0.99,observed,EVI_ORG_REG_ORG_0306_P_01952,INGESTION_PIPELINE,RULE_BASED_EXTRACTOR,v1.0,True
REL_001447,P_04775,Person,ORG_0306,Organization,MEMBER_OF,2024-01-01,2026-12-31,2024-01-01,2026-12-31,1,0.99,observed,EVI_ORG_REG_ORG_0306_P_04775,INGESTION_PIPELINE,RULE_BASED_EXTRACTOR,v1.0,True
REL_001448,P_02834,Person,ORG_0307,Organization,MEMBER_OF,2024-01-01,2026-12-31,2024-01-01,2026-12-31,1,0.99,observed,EVI_ORG_REG_ORG_0307_P_02834,INGESTION_PIPELINE,RULE_BASED_EXTRACTOR,v1.0,True
REL_001449,P_01948,Person,ORG_0308,Organization,MEMBER_OF,2024-01-01,2026-12-31,2024-01-01,2026-12-31,1,0.99,observed,EVI_ORG_REG_ORG_0308_P_01948,INGESTION_PIPELINE,RULE_BASED_EXTRACTOR,v1.0,True
REL_001450,P_00575,Person,ORG_0308,Organization,MEMBER_OF,2024-01-01,2026-12-31,2024-01-01,2026-12-31,1,0.99,observed,EVI_ORG_REG_ORG_0308_P_00575,INGESTION_PIPELINE,RULE_BASED_EXTRACTOR,v1.0,True
REL_001451,P_01457,Person,ORG_0308,Organization,MEMBER_OF,2024-01-01,2026-12-31,2024-01-01,2026-12-31,1,0.99,observed,EVI_ORG_REG_ORG_0308_P_01457,INGESTION_PIPELINE,RULE_BASED_EXTRACTOR,v1.0,True
REL_001452,P_03683,Person,ORG_0309,Organization,MEMBER_OF,2024-01-01,2026-12-31,2024-01-01,2026-12-31,1,0.99,observed,EVI_ORG_REG_ORG_0309_P_03683,INGESTION_PIPELINE,RULE_BASED_EXTRACTOR,v1.0,True
REL_001453,P_01931,Person,ORG_0309,Organization,MEMBER_OF,2024-01-01,2026-12-31,2024-01-01,2026-12-31,1,0.99,observed,EVI_ORG_REG_ORG_0309_P_01931,INGESTION_PIPELINE,RULE_BASED_EXTRACTOR,v1.0,True
REL_001454,P_03933,Person,ORG_0310,Organization,MEMBER_OF,2024-01-01,2026-12-31,2024-01-01,2026-12-31,1,0.99,observed,EVI_ORG_REG_ORG_0310_P_03933,INGESTION_PIPELINE,RULE_BASED_EXTRACTOR,v1.0,True
REL_001455,P_01408,Person,ORG_0310,Organization,MEMBER_OF,2024-01-01,2026-12-31,2024-01-01,2026-12-31,1,0.99,observed,EVI_ORG_REG_ORG_0310_P_01408,INGESTION_PIPELINE,RULE_BASED_EXTRACTOR,v1.0,True
REL_001456,P_02505,Person,ORG_0311,Organization,MEMBER_OF,2024-01-01,2026-12-31,2024-01-01,2026-12-31,1,0.99,observed,EVI_ORG_REG_ORG_0311_P_02505,INGESTION_PIPELINE,RULE_BASED_EXTRACTOR,v1.0,True
REL_001457,P_01619,Person,ORG_0311,Organization,MEMBER_OF,2024-01-01,2026-12-31,2024-01-01,2026-12-31,1,0.99,observed,EVI_ORG_REG_ORG_0311_P_01619,INGESTION_PIPELINE,RULE_BASED_EXTRACTOR,v1.0,True
REL_001458,P_02807,Person,ORG_0311,Organization,MEMBER_OF,2024-01-01,2026-12-31,2024-01-01,2026-12-31,1,0.99,observed,EVI_ORG_REG_ORG_0311_P_02807,INGESTION_PIPELINE,RULE_BASED_EXTRACTOR,v1.0,True
REL_001459,P_04347,Person,ORG_0312,Organization,MEMBER_OF,2024-01-01,2026-12-31,2024-01-01,2026-12-31,1,0.99,observed,EVI_ORG_REG_ORG_0312_P_04347,INGESTION_PIPELINE,RULE_BASED_EXTRACTOR,v1.0,True
REL_001460,P_04155,Person,ORG_0312,Organization,MEMBER_OF,2024-01-01,2026-12-31,2024-01-01,2026-12-31,1,0.99,observed,EVI_ORG_REG_ORG_0312_P_04155,INGESTION_PIPELINE,RULE_BASED_EXTRACTOR,v1.0,True
REL_001461,P_02965,Person,ORG_0313,Organization,MEMBER_OF,2024-01-01,2026-12-31,2024-01-01,2026-12-31,1,0.99,observed,EVI_ORG_REG_ORG_0313_P_02965,INGESTION_PIPELINE,RULE_BASED_EXTRACTOR,v1.0,True
REL_001462,P_03904,Person,ORG_0313,Organization,MEMBER_OF,2024-01-01,2026-12-31,2024-01-01,2026-12-31,1,0.99,observed,EVI_ORG_REG_ORG_0313_P_03904,INGESTION_PIPELINE,RULE_BASED_EXTRACTOR,v1.0,True
REL_001463,P_02519,Person,ORG_0314,Organization,MEMBER_OF,2024-01-01,2026-12-31,2024-01-01,2026-12-31,1,0.99,observed,EVI_ORG_REG_ORG_0314_P_02519,INGESTION_PIPELINE,RULE_BASED_EXTRACTOR,v1.0,True
REL_001464,P_01826,Person,ORG_0314,Organization,MEMBER_OF,2024-01-01,2026-12-31,2024-01-01,2026-12-31,1,0.99,observed,EVI_ORG_REG_ORG_0314_P_01826,INGESTION_PIPELINE,RULE_BASED_EXTRACTOR,v1.0,True
REL_001465,P_01284,Person,ORG_0315,Organization,MEMBER_OF,2024-01-01,2026-12-31,2024-01-01,2026-12-31,1,0.99,observed,EVI_ORG_REG_ORG_0315_P_01284,INGESTION_PIPELINE,RULE_BASED_EXTRACTOR,v1.0,True
REL_001466,P_02262,Person,ORG_0316,Organization,MEMBER_OF,2024-01-01,2026-12-31,2024-01-01,2026-12-31,1,0.99,observed,EVI_ORG_REG_ORG_0316_P_02262,INGESTION_PIPELINE,RULE_BASED_EXTRACTOR,v1.0,True
REL_001467,P_02480,Person,ORG_0317,Organization,MEMBER_OF,2024-01-01,2026-12-31,2024-01-01,2026-12-31,1,0.99,observed,EVI_ORG_REG_ORG_0317_P_02480,INGESTION_PIPELINE,RULE_BASED_EXTRACTOR,v1.0,True
REL_001468,P_01027,Person,ORG_0317,Organization,MEMBER_OF,2024-01-01,2026-12-31,2024-01-01,2026-12-31,1,0.99,observed,EVI_ORG_REG_ORG_0317_P_01027,INGESTION_PIPELINE,RULE_BASED_EXTRACTOR,v1.0,True
REL_001469,P_02449,Person,ORG_0317,Organization,MEMBER_OF,2024-01-01,2026-12-31,2024-01-01,2026-12-31,1,0.99,observed,EVI_ORG_REG_ORG_0317_P_02449,INGESTION_PIPELINE,RULE_BASED_EXTRACTOR,v1.0,True
REL_001470,P_00415,Person,ORG_0318,Organization,MEMBER_OF,2024-01-01,2026-12-31,2024-01-01,2026-12-31,1,0.99,observed,EVI_ORG_REG_ORG_0318_P_00415,INGESTION_PIPELINE,RULE_BASED_EXTRACTOR,v1.0,True
REL_001471,P_00251,Person,ORG_0318,Organization,MEMBER_OF,2024-01-01,2026-12-31,2024-01-01,2026-12-31,1,0.99,observed,EVI_ORG_REG_ORG_0318_P_00251,INGESTION_PIPELINE,RULE_BASED_EXTRACTOR,v1.0,True
REL_001472,P_04927,Person,ORG_0319,Organization,MEMBER_OF,2024-01-01,2026-12-31,2024-01-01,2026-12-31,1,0.99,observed,EVI_ORG_REG_ORG_0319_P_04927,INGESTION_PIPELINE,RULE_BASED_EXTRACTOR,v1.0,True
REL_001473,P_03957,Person,ORG_0320,Organization,MEMBER_OF,2024-01-01,2026-12-31,2024-01-01,2026-12-31,1,0.99,observed,EVI_ORG_REG_ORG_0320_P_03957,INGESTION_PIPELINE,RULE_BASED_EXTRACTOR,v1.0,True
REL_001474,P_01869,Person,ORG_0320,Organization,MEMBER_OF,2024-01-01,2026-12-31,2024-01-01,2026-12-31,1,0.99,observed,EVI_ORG_REG_ORG_0320_P_01869,INGESTION_PIPELINE,RULE_BASED_EXTRACTOR,v1.0,True
REL_001475,P_01375,Person,ORG_0321,Organization,MEMBER_OF,2024-01-01,2026-12-31,2024-01-01,2026-12-31,1,0.99,observed,EVI_ORG_REG_ORG_0321_P_01375,INGESTION_PIPELINE,RULE_BASED_EXTRACTOR,v1.0,True
REL_001476,P_03322,Person,ORG_0321,Organization,MEMBER_OF,2024-01-01,2026-12-31,2024-01-01,2026-12-31,1,0.99,observed,EVI_ORG_REG_ORG_0321_P_03322,INGESTION_PIPELINE,RULE_BASED_EXTRACTOR,v1.0,True
REL_001477,P_01134,Person,ORG_0322,Organization,MEMBER_OF,2024-01-01,2026-12-31,2024-01-01,2026-12-31,1,0.99,observed,EVI_ORG_REG_ORG_0322_P_01134,INGESTION_PIPELINE,RULE_BASED_EXTRACTOR,v1.0,True
REL_001478,P_01032,Person,ORG_0322,Organization,MEMBER_OF,2024-01-01,2026-12-31,2024-01-01,2026-12-31,1,0.99,observed,EVI_ORG_REG_ORG_0322_P_01032,INGESTION_PIPELINE,RULE_BASED_EXTRACTOR,v1.0,True
REL_001479,P_02999,Person,ORG_0322,Organization,MEMBER_OF,2024-01-01,2026-12-31,2024-01-01,2026-12-31,1,0.99,observed,EVI_ORG_REG_ORG_0322_P_02999,INGESTION_PIPELINE,RULE_BASED_EXTRACTOR,v1.0,True
REL_001480,P_01809,Person,ORG_0323,Organization,MEMBER_OF,2024-01-01,2026-12-31,2024-01-01,2026-12-31,1,0.99,observed,EVI_ORG_REG_ORG_0323_P_01809,INGESTION_PIPELINE,RULE_BASED_EXTRACTOR,v1.0,True
REL_001481,P_04878,Person,ORG_0324,Organization,MEMBER_OF,2024-01-01,2026-12-31,2024-01-01,2026-12-31,1,0.99,observed,EVI_ORG_REG_ORG_0324_P_04878,INGESTION_PIPELINE,RULE_BASED_EXTRACTOR,v1.0,True
REL_001482,P_00481,Person,ORG_0325,Organization,MEMBER_OF,2024-01-01,2026-12-31,2024-01-01,2026-12-31,1,0.99,observed,EVI_ORG_REG_ORG_0325_P_00481,INGESTION_PIPELINE,RULE_BASED_EXTRACTOR,v1.0,True
REL_001483,P_00822,Person,ORG_0325,Organization,MEMBER_OF,2024-01-01,2026-12-31,2024-01-01,2026-12-31,1,0.99,observed,EVI_ORG_REG_ORG_0325_P_00822,INGESTION_PIPELINE,RULE_BASED_EXTRACTOR,v1.0,True
REL_001484,P_00891,Person,ORG_0326,Organization,MEMBER_OF,2024-01-01,2026-12-31,2024-01-01,2026-12-31,1,0.99,observed,EVI_ORG_REG_ORG_0326_P_00891,INGESTION_PIPELINE,RULE_BASED_EXTRACTOR,v1.0,True
REL_001485,P_03245,Person,ORG_0327,Organization,MEMBER_OF,2024-01-01,2026-12-31,2024-01-01,2026-12-31,1,0.99,observed,EVI_ORG_REG_ORG_0327_P_03245,INGESTION_PIPELINE,RULE_BASED_EXTRACTOR,v1.0,True
REL_001486,P_02690,Person,ORG_0328,Organization,MEMBER_OF,2024-01-01,2026-12-31,2024-01-01,2026-12-31,1,0.99,observed,EVI_ORG_REG_ORG_0328_P_02690,INGESTION_PIPELINE,RULE_BASED_EXTRACTOR,v1.0,True
REL_001487,P_03450,Person,ORG_0328,Organization,MEMBER_OF,2024-01-01,2026-12-31,2024-01-01,2026-12-31,1,0.99,observed,EVI_ORG_REG_ORG_0328_P_03450,INGESTION_PIPELINE,RULE_BASED_EXTRACTOR,v1.0,True
REL_001488,P_00539,Person,ORG_0329,Organization,MEMBER_OF,2024-01-01,2026-12-31,2024-01-01,2026-12-31,1,0.99,observed,EVI_ORG_REG_ORG_0329_P_00539,INGESTION_PIPELINE,RULE_BASED_EXTRACTOR,v1.0,True
REL_001489,P_01825,Person,ORG_0330,Organization,MEMBER_OF,2024-01-01,2026-12-31,2024-01-01,2026-12-31,1,0.99,observed,EVI_ORG_REG_ORG_0330_P_01825,INGESTION_PIPELINE,RULE_BASED_EXTRACTOR,v1.0,True
REL_001490,P_01782,Person,ORG_0330,Organization,MEMBER_OF,2024-01-01,2026-12-31,2024-01-01,2026-12-31,1,0.99,observed,EVI_ORG_REG_ORG_0330_P_01782,INGESTION_PIPELINE,RULE_BASED_EXTRACTOR,v1.0,True
REL_001491,P_02704,Person,ORG_0330,Organization,MEMBER_OF,2024-01-01,2026-12-31,2024-01-01,2026-12-31,1,0.99,observed,EVI_ORG_REG_ORG_0330_P_02704,INGESTION_PIPELINE,RULE_BASED_EXTRACTOR,v1.0,True
REL_001492,P_03674,Person,ORG_0331,Organization,MEMBER_OF,2024-01-01,2026-12-31,2024-01-01,2026-12-31,1,0.99,observed,EVI_ORG_REG_ORG_0331_P_03674,INGESTION_PIPELINE,RULE_BASED_EXTRACTOR,v1.0,True
REL_001493,P_02509,Person,ORG_0331,Organization,MEMBER_OF,2024-01-01,2026-12-31,2024-01-01,2026-12-31,1,0.99,observed,EVI_ORG_REG_ORG_0331_P_02509,INGESTION_PIPELINE,RULE_BASED_EXTRACTOR,v1.0,True
REL_001494,P_01986,Person,ORG_0332,Organization,MEMBER_OF,2024-01-01,2026-12-31,2024-01-01,2026-12-31,1,0.99,observed,EVI_ORG_REG_ORG_0332_P_01986,INGESTION_PIPELINE,RULE_BASED_EXTRACTOR,v1.0,True
REL_001495,P_02647,Person,ORG_0332,Organization,MEMBER_OF,2024-01-01,2026-12-31,2024-01-01,2026-12-31,1,0.99,observed,EVI_ORG_REG_ORG_0332_P_02647,INGESTION_PIPELINE,RULE_BASED_EXTRACTOR,v1.0,True
REL_001496,P_03419,Person,ORG_0332,Organization,MEMBER_OF,2024-01-01,2026-12-31,2024-01-01,2026-12-31,1,0.99,observed,EVI_ORG_REG_ORG_0332_P_03419,INGESTION_PIPELINE,RULE_BASED_EXTRACTOR,v1.0,True
REL_001497,P_00676,Person,ORG_0333,Organization,MEMBER_OF,2024-01-01,2026-12-31,2024-01-01,2026-12-31,1,0.99,observed,EVI_ORG_REG_ORG_0333_P_00676,INGESTION_PIPELINE,RULE_BASED_EXTRACTOR,v1.0,True
REL_001498,P_02892,Person,ORG_0333,Organization,MEMBER_OF,2024-01-01,2026-12-31,2024-01-01,2026-12-31,1,0.99,observed,EVI_ORG_REG_ORG_0333_P_02892,INGESTION_PIPELINE,RULE_BASED_EXTRACTOR,v1.0,True
REL_001499,P_01362,Person,ORG_0334,Organization,MEMBER_OF,2024-01-01,2026-12-31,2024-01-01,2026-12-31,1,0.99,observed,EVI_ORG_REG_ORG_0334_P_01362,INGESTION_PIPELINE,RULE_BASED_EXTRACTOR,v1.0,True
REL_001500,P_03810,Person,ORG_0335,Organization,MEMBER_OF,2024-01-01,2026-12-31,2024-01-01,2026-12-31,1,0.99,observed,EVI_ORG_REG_ORG_0335_P_03810,INGESTION_PIPELINE,RULE_BASED_EXTRACTOR,v1.0,True
REL_001501,P_01936,Person,ORG_0335,Organization,MEMBER_OF,2024-01-01,2026-12-31,2024-01-01,2026-12-31,1,0.99,observed,EVI_ORG_REG_ORG_0335_P_01936,INGESTION_PIPELINE,RULE_BASED_EXTRACTOR,v1.0,True
REL_001502,P_01662,Person,ORG_0336,Organization,MEMBER_OF,2024-01-01,2026-12-31,2024-01-01,2026-12-31,1,0.99,observed,EVI_ORG_REG_ORG_0336_P_01662,INGESTION_PIPELINE,RULE_BASED_EXTRACTOR,v1.0,True
REL_001503,P_04708,Person,ORG_0337,Organization,MEMBER_OF,2024-01-01,2026-12-31,2024-01-01,2026-12-31,1,0.99,observed,EVI_ORG_REG_ORG_0337_P_04708,INGESTION_PIPELINE,RULE_BASED_EXTRACTOR,v1.0,True
REL_001504,P_00456,Person,ORG_0338,Organization,MEMBER_OF,2024-01-01,2026-12-31,2024-01-01,2026-12-31,1,0.99,observed,EVI_ORG_REG_ORG_0338_P_00456,INGESTION_PIPELINE,RULE_BASED_EXTRACTOR,v1.0,True
REL_001505,P_03542,Person,ORG_0338,Organization,MEMBER_OF,2024-01-01,2026-12-31,2024-01-01,2026-12-31,1,0.99,observed,EVI_ORG_REG_ORG_0338_P_03542,INGESTION_PIPELINE,RULE_BASED_EXTRACTOR,v1.0,True
REL_001506,P_02011,Person,ORG_0338,Organization,MEMBER_OF,2024-01-01,2026-12-31,2024-01-01,2026-12-31,1,0.99,observed,EVI_ORG_REG_ORG_0338_P_02011,INGESTION_PIPELINE,RULE_BASED_EXTRACTOR,v1.0,True
REL_001507,P_02554,Person,ORG_0339,Organization,MEMBER_OF,2024-01-01,2026-12-31,2024-01-01,2026-12-31,1,0.99,observed,EVI_ORG_REG_ORG_0339_P_02554,INGESTION_PIPELINE,RULE_BASED_EXTRACTOR,v1.0,True
REL_001508,P_02015,Person,ORG_0339,Organization,MEMBER_OF,2024-01-01,2026-12-31,2024-01-01,2026-12-31,1,0.99,observed,EVI_ORG_REG_ORG_0339_P_02015,INGESTION_PIPELINE,RULE_BASED_EXTRACTOR,v1.0,True
REL_001509,P_01194,Person,ORG_0339,Organization,MEMBER_OF,2024-01-01,2026-12-31,2024-01-01,2026-12-31,1,0.99,observed,EVI_ORG_REG_ORG_0339_P_01194,INGESTION_PIPELINE,RULE_BASED_EXTRACTOR,v1.0,True
REL_001510,P_02662,Person,ORG_0340,Organization,MEMBER_OF,2024-01-01,2026-12-31,2024-01-01,2026-12-31,1,0.99,observed,EVI_ORG_REG_ORG_0340_P_02662,INGESTION_PIPELINE,RULE_BASED_EXTRACTOR,v1.0,True
REL_001511,P_02376,Person,ORG_0341,Organization,MEMBER_OF,2024-01-01,2026-12-31,2024-01-01,2026-12-31,1,0.99,observed,EVI_ORG_REG_ORG_0341_P_02376,INGESTION_PIPELINE,RULE_BASED_EXTRACTOR,v1.0,True
REL_001512,P_03282,Person,ORG_0342,Organization,MEMBER_OF,2024-01-01,2026-12-31,2024-01-01,2026-12-31,1,0.99,observed,EVI_ORG_REG_ORG_0342_P_03282,INGESTION_PIPELINE,RULE_BASED_EXTRACTOR,v1.0,True
REL_001513,P_00502,Person,ORG_0343,Organization,MEMBER_OF,2024-01-01,2026-12-31,2024-01-01,2026-12-31,1,0.99,observed,EVI_ORG_REG_ORG_0343_P_00502,INGESTION_PIPELINE,RULE_BASED_EXTRACTOR,v1.0,True
REL_001514,P_02241,Person,ORG_0344,Organization,MEMBER_OF,2024-01-01,2026-12-31,2024-01-01,2026-12-31,1,0.99,observed,EVI_ORG_REG_ORG_0344_P_02241,INGESTION_PIPELINE,RULE_BASED_EXTRACTOR,v1.0,True
REL_001515,P_04677,Person,ORG_0344,Organization,MEMBER_OF,2024-01-01,2026-12-31,2024-01-01,2026-12-31,1,0.99,observed,EVI_ORG_REG_ORG_0344_P_04677,INGESTION_PIPELINE,RULE_BASED_EXTRACTOR,v1.0,True
REL_001516,P_01894,Person,ORG_0345,Organization,MEMBER_OF,2024-01-01,2026-12-31,2024-01-01,2026-12-31,1,0.99,observed,EVI_ORG_REG_ORG_0345_P_01894,INGESTION_PIPELINE,RULE_BASED_EXTRACTOR,v1.0,True
REL_001517,P_04707,Person,ORG_0345,Organization,MEMBER_OF,2024-01-01,2026-12-31,2024-01-01,2026-12-31,1,0.99,observed,EVI_ORG_REG_ORG_0345_P_04707,INGESTION_PIPELINE,RULE_BASED_EXTRACTOR,v1.0,True
REL_001518,P_02618,Person,ORG_0346,Organization,MEMBER_OF,2024-01-01,2026-12-31,2024-01-01,2026-12-31,1,0.99,observed,EVI_ORG_REG_ORG_0346_P_02618,INGESTION_PIPELINE,RULE_BASED_EXTRACTOR,v1.0,True
REL_001519,P_01737,Person,ORG_0346,Organization,MEMBER_OF,2024-01-01,2026-12-31,2024-01-01,2026-12-31,1,0.99,observed,EVI_ORG_REG_ORG_0346_P_01737,INGESTION_PIPELINE,RULE_BASED_EXTRACTOR,v1.0,True
REL_001520,P_02841,Person,ORG_0347,Organization,MEMBER_OF,2024-01-01,2026-12-31,2024-01-01,2026-12-31,1,0.99,observed,EVI_ORG_REG_ORG_0347_P_02841,INGESTION_PIPELINE,RULE_BASED_EXTRACTOR,v1.0,True
REL_001521,P_01430,Person,ORG_0347,Organization,MEMBER_OF,2024-01-01,2026-12-31,2024-01-01,2026-12-31,1,0.99,observed,EVI_ORG_REG_ORG_0347_P_01430,INGESTION_PIPELINE,RULE_BASED_EXTRACTOR,v1.0,True
REL_001522,P_04302,Person,ORG_0347,Organization,MEMBER_OF,2024-01-01,2026-12-31,2024-01-01,2026-12-31,1,0.99,observed,EVI_ORG_REG_ORG_0347_P_04302,INGESTION_PIPELINE,RULE_BASED_EXTRACTOR,v1.0,True
REL_001523,P_02740,Person,ORG_0348,Organization,MEMBER_OF,2024-01-01,2026-12-31,2024-01-01,2026-12-31,1,0.99,observed,EVI_ORG_REG_ORG_0348_P_02740,INGESTION_PIPELINE,RULE_BASED_EXTRACTOR,v1.0,True
REL_001524,P_00808,Person,ORG_0349,Organization,MEMBER_OF,2024-01-01,2026-12-31,2024-01-01,2026-12-31,1,0.99,observed,EVI_ORG_REG_ORG_0349_P_00808,INGESTION_PIPELINE,RULE_BASED_EXTRACTOR,v1.0,True
REL_001525,P_01814,Person,ORG_0349,Organization,MEMBER_OF,2024-01-01,2026-12-31,2024-01-01,2026-12-31,1,0.99,observed,EVI_ORG_REG_ORG_0349_P_01814,INGESTION_PIPELINE,RULE_BASED_EXTRACTOR,v1.0,True
REL_001526,P_02066,Person,ORG_0349,Organization,MEMBER_OF,2024-01-01,2026-12-31,2024-01-01,2026-12-31,1,0.99,observed,EVI_ORG_REG_ORG_0349_P_02066,INGESTION_PIPELINE,RULE_BASED_EXTRACTOR,v1.0,True
REL_001527,P_02789,Person,ORG_0350,Organization,MEMBER_OF,2024-01-01,2026-12-31,2024-01-01,2026-12-31,1,0.99,observed,EVI_ORG_REG_ORG_0350_P_02789,INGESTION_PIPELINE,RULE_BASED_EXTRACTOR,v1.0,True
REL_001528,P_02085,Person,ORG_0350,Organization,MEMBER_OF,2024-01-01,2026-12-31,2024-01-01,2026-12-31,1,0.99,observed,EVI_ORG_REG_ORG_0350_P_02085,INGESTION_PIPELINE,RULE_BASED_EXTRACTOR,v1.0,True
REL_001529,P_03467,Person,ORG_0351,Organization,MEMBER_OF,2024-01-01,2026-12-31,2024-01-01,2026-12-31,1,0.99,observed,EVI_ORG_REG_ORG_0351_P_03467,INGESTION_PIPELINE,RULE_BASED_EXTRACTOR,v1.0,True
REL_001530,P_01250,Person,ORG_0352,Organization,MEMBER_OF,2024-01-01,2026-12-31,2024-01-01,2026-12-31,1,0.99,observed,EVI_ORG_REG_ORG_0352_P_01250,INGESTION_PIPELINE,RULE_BASED_EXTRACTOR,v1.0,True
REL_001531,P_00178,Person,ORG_0353,Organization,MEMBER_OF,2024-01-01,2026-12-31,2024-01-01,2026-12-31,1,0.99,observed,EVI_ORG_REG_ORG_0353_P_00178,INGESTION_PIPELINE,RULE_BASED_EXTRACTOR,v1.0,True
REL_001532,P_04670,Person,ORG_0353,Organization,MEMBER_OF,2024-01-01,2026-12-31,2024-01-01,2026-12-31,1,0.99,observed,EVI_ORG_REG_ORG_0353_P_04670,INGESTION_PIPELINE,RULE_BASED_EXTRACTOR,v1.0,True
REL_001533,P_03758,Person,ORG_0354,Organization,MEMBER_OF,2024-01-01,2026-12-31,2024-01-01,2026-12-31,1,0.99,observed,EVI_ORG_REG_ORG_0354_P_03758,INGESTION_PIPELINE,RULE_BASED_EXTRACTOR,v1.0,True
REL_001534,P_01289,Person,ORG_0354,Organization,MEMBER_OF,2024-01-01,2026-12-31,2024-01-01,2026-12-31,1,0.99,observed,EVI_ORG_REG_ORG_0354_P_01289,INGESTION_PIPELINE,RULE_BASED_EXTRACTOR,v1.0,True
REL_001535,P_00451,Person,ORG_0354,Organization,MEMBER_OF,2024-01-01,2026-12-31,2024-01-01,2026-12-31,1,0.99,observed,EVI_ORG_REG_ORG_0354_P_00451,INGESTION_PIPELINE,RULE_BASED_EXTRACTOR,v1.0,True
REL_001536,P_02656,Person,ORG_0355,Organization,MEMBER_OF,2024-01-01,2026-12-31,2024-01-01,2026-12-31,1,0.99,observed,EVI_ORG_REG_ORG_0355_P_02656,INGESTION_PIPELINE,RULE_BASED_EXTRACTOR,v1.0,True
REL_001537,P_02085,Person,ORG_0356,Organization,MEMBER_OF,2024-01-01,2026-12-31,2024-01-01,2026-12-31,1,0.99,observed,EVI_ORG_REG_ORG_0356_P_02085,INGESTION_PIPELINE,RULE_BASED_EXTRACTOR,v1.0,True
REL_001538,P_03994,Person,ORG_0357,Organization,MEMBER_OF,2024-01-01,2026-12-31,2024-01-01,2026-12-31,1,0.99,observed,EVI_ORG_REG_ORG_0357_P_03994,INGESTION_PIPELINE,RULE_BASED_EXTRACTOR,v1.0,True
REL_001539,P_02657,Person,ORG_0358,Organization,MEMBER_OF,2024-01-01,2026-12-31,2024-01-01,2026-12-31,1,0.99,observed,EVI_ORG_REG_ORG_0358_P_02657,INGESTION_PIPELINE,RULE_BASED_EXTRACTOR,v1.0,True
REL_001540,P_04474,Person,ORG_0358,Organization,MEMBER_OF,2024-01-01,2026-12-31,2024-01-01,2026-12-31,1,0.99,observed,EVI_ORG_REG_ORG_0358_P_04474,INGESTION_PIPELINE,RULE_BASED_EXTRACTOR,v1.0,True
REL_001541,P_02234,Person,ORG_0359,Organization,MEMBER_OF,2024-01-01,2026-12-31,2024-01-01,2026-12-31,1,0.99,observed,EVI_ORG_REG_ORG_0359_P_02234,INGESTION_PIPELINE,RULE_BASED_EXTRACTOR,v1.0,True
REL_001542,P_00429,Person,ORG_0359,Organization,MEMBER_OF,2024-01-01,2026-12-31,2024-01-01,2026-12-31,1,0.99,observed,EVI_ORG_REG_ORG_0359_P_00429,INGESTION_PIPELINE,RULE_BASED_EXTRACTOR,v1.0,True
REL_001543,P_02288,Person,ORG_0359,Organization,MEMBER_OF,2024-01-01,2026-12-31,2024-01-01,2026-12-31,1,0.99,observed,EVI_ORG_REG_ORG_0359_P_02288,INGESTION_PIPELINE,RULE_BASED_EXTRACTOR,v1.0,True
REL_001544,P_02499,Person,ORG_0360,Organization,MEMBER_OF,2024-01-01,2026-12-31,2024-01-01,2026-12-31,1,0.99,observed,EVI_ORG_REG_ORG_0360_P_02499,INGESTION_PIPELINE,RULE_BASED_EXTRACTOR,v1.0,True
REL_001545,P_02793,Person,ORG_0360,Organization,MEMBER_OF,2024-01-01,2026-12-31,2024-01-01,2026-12-31,1,0.99,observed,EVI_ORG_REG_ORG_0360_P_02793,INGESTION_PIPELINE,RULE_BASED_EXTRACTOR,v1.0,True
REL_001546,P_03222,Person,ORG_0360,Organization,MEMBER_OF,2024-01-01,2026-12-31,2024-01-01,2026-12-31,1,0.99,observed,EVI_ORG_REG_ORG_0360_P_03222,INGESTION_PIPELINE,RULE_BASED_EXTRACTOR,v1.0,True
REL_001547,P_01281,Person,ORG_0361,Organization,MEMBER_OF,2024-01-01,2026-12-31,2024-01-01,2026-12-31,1,0.99,observed,EVI_ORG_REG_ORG_0361_P_01281,INGESTION_PIPELINE,RULE_BASED_EXTRACTOR,v1.0,True
REL_001548,P_03042,Person,ORG_0361,Organization,MEMBER_OF,2024-01-01,2026-12-31,2024-01-01,2026-12-31,1,0.99,observed,EVI_ORG_REG_ORG_0361_P_03042,INGESTION_PIPELINE,RULE_BASED_EXTRACTOR,v1.0,True
REL_001549,P_03050,Person,ORG_0361,Organization,MEMBER_OF,2024-01-01,2026-12-31,2024-01-01,2026-12-31,1,0.99,observed,EVI_ORG_REG_ORG_0361_P_03050,INGESTION_PIPELINE,RULE_BASED_EXTRACTOR,v1.0,True
REL_001550,P_04280,Person,ORG_0362,Organization,MEMBER_OF,2024-01-01,2026-12-31,2024-01-01,2026-12-31,1,0.99,observed,EVI_ORG_REG_ORG_0362_P_04280,INGESTION_PIPELINE,RULE_BASED_EXTRACTOR,v1.0,True
REL_001551,P_00618,Person,ORG_0363,Organization,MEMBER_OF,2024-01-01,2026-12-31,2024-01-01,2026-12-31,1,0.99,observed,EVI_ORG_REG_ORG_0363_P_00618,INGESTION_PIPELINE,RULE_BASED_EXTRACTOR,v1.0,True
REL_001552,P_04804,Person,ORG_0363,Organization,MEMBER_OF,2024-01-01,2026-12-31,2024-01-01,2026-12-31,1,0.99,observed,EVI_ORG_REG_ORG_0363_P_04804,INGESTION_PIPELINE,RULE_BASED_EXTRACTOR,v1.0,True
REL_001553,P_00747,Person,ORG_0363,Organization,MEMBER_OF,2024-01-01,2026-12-31,2024-01-01,2026-12-31,1,0.99,observed,EVI_ORG_REG_ORG_0363_P_00747,INGESTION_PIPELINE,RULE_BASED_EXTRACTOR,v1.0,True
REL_001554,P_00175,Person,ORG_0364,Organization,MEMBER_OF,2024-01-01,2026-12-31,2024-01-01,2026-12-31,1,0.99,observed,EVI_ORG_REG_ORG_0364_P_00175,INGESTION_PIPELINE,RULE_BASED_EXTRACTOR,v1.0,True
REL_001555,P_02862,Person,ORG_0364,Organization,MEMBER_OF,2024-01-01,2026-12-31,2024-01-01,2026-12-31,1,0.99,observed,EVI_ORG_REG_ORG_0364_P_02862,INGESTION_PIPELINE,RULE_BASED_EXTRACTOR,v1.0,True
REL_001556,P_02129,Person,ORG_0365,Organization,MEMBER_OF,2024-01-01,2026-12-31,2024-01-01,2026-12-31,1,0.99,observed,EVI_ORG_REG_ORG_0365_P_02129,INGESTION_PIPELINE,RULE_BASED_EXTRACTOR,v1.0,True
REL_001557,P_00561,Person,ORG_0365,Organization,MEMBER_OF,2024-01-01,2026-12-31,2024-01-01,2026-12-31,1,0.99,observed,EVI_ORG_REG_ORG_0365_P_00561,INGESTION_PIPELINE,RULE_BASED_EXTRACTOR,v1.0,True
REL_001558,P_00902,Person,ORG_0366,Organization,MEMBER_OF,2024-01-01,2026-12-31,2024-01-01,2026-12-31,1,0.99,observed,EVI_ORG_REG_ORG_0366_P_00902,INGESTION_PIPELINE,RULE_BASED_EXTRACTOR,v1.0,True
REL_001559,P_02730,Person,ORG_0366,Organization,MEMBER_OF,2024-01-01,2026-12-31,2024-01-01,2026-12-31,1,0.99,observed,EVI_ORG_REG_ORG_0366_P_02730,INGESTION_PIPELINE,RULE_BASED_EXTRACTOR,v1.0,True
REL_001560,P_00994,Person,ORG_0367,Organization,MEMBER_OF,2024-01-01,2026-12-31,2024-01-01,2026-12-31,1,0.99,observed,EVI_ORG_REG_ORG_0367_P_00994,INGESTION_PIPELINE,RULE_BASED_EXTRACTOR,v1.0,True
REL_001561,P_03214,Person,ORG_0367,Organization,MEMBER_OF,2024-01-01,2026-12-31,2024-01-01,2026-12-31,1,0.99,observed,EVI_ORG_REG_ORG_0367_P_03214,INGESTION_PIPELINE,RULE_BASED_EXTRACTOR,v1.0,True
REL_001562,P_01077,Person,ORG_0368,Organization,MEMBER_OF,2024-01-01,2026-12-31,2024-01-01,2026-12-31,1,0.99,observed,EVI_ORG_REG_ORG_0368_P_01077,INGESTION_PIPELINE,RULE_BASED_EXTRACTOR,v1.0,True
REL_001563,P_02323,Person,ORG_0368,Organization,MEMBER_OF,2024-01-01,2026-12-31,2024-01-01,2026-12-31,1,0.99,observed,EVI_ORG_REG_ORG_0368_P_02323,INGESTION_PIPELINE,RULE_BASED_EXTRACTOR,v1.0,True
REL_001564,P_03356,Person,ORG_0368,Organization,MEMBER_OF,2024-01-01,2026-12-31,2024-01-01,2026-12-31,1,0.99,observed,EVI_ORG_REG_ORG_0368_P_03356,INGESTION_PIPELINE,RULE_BASED_EXTRACTOR,v1.0,True
REL_001565,P_00986,Person,ORG_0369,Organization,MEMBER_OF,2024-01-01,2026-12-31,2024-01-01,2026-12-31,1,0.99,observed,EVI_ORG_REG_ORG_0369_P_00986,INGESTION_PIPELINE,RULE_BASED_EXTRACTOR,v1.0,True
REL_001566,P_03363,Person,ORG_0369,Organization,MEMBER_OF,2024-01-01,2026-12-31,2024-01-01,2026-12-31,1,0.99,observed,EVI_ORG_REG_ORG_0369_P_03363,INGESTION_PIPELINE,RULE_BASED_EXTRACTOR,v1.0,True
REL_001567,P_04491,Person,ORG_0370,Organization,MEMBER_OF,2024-01-01,2026-12-31,2024-01-01,2026-12-31,1,0.99,observed,EVI_ORG_REG_ORG_0370_P_04491,INGESTION_PIPELINE,RULE_BASED_EXTRACTOR,v1.0,True
REL_001568,P_02988,Person,ORG_0370,Organization,MEMBER_OF,2024-01-01,2026-12-31,2024-01-01,2026-12-31,1,0.99,observed,EVI_ORG_REG_ORG_0370_P_02988,INGESTION_PIPELINE,RULE_BASED_EXTRACTOR,v1.0,True
REL_001569,P_03544,Person,ORG_0370,Organization,MEMBER_OF,2024-01-01,2026-12-31,2024-01-01,2026-12-31,1,0.99,observed,EVI_ORG_REG_ORG_0370_P_03544,INGESTION_PIPELINE,RULE_BASED_EXTRACTOR,v1.0,True
REL_001570,P_00007,Person,ORG_0371,Organization,MEMBER_OF,2024-01-01,2026-12-31,2024-01-01,2026-12-31,1,0.99,observed,EVI_ORG_REG_ORG_0371_P_00007,INGESTION_PIPELINE,RULE_BASED_EXTRACTOR,v1.0,True
REL_001571,P_02562,Person,ORG_0372,Organization,MEMBER_OF,2024-01-01,2026-12-31,2024-01-01,2026-12-31,1,0.99,observed,EVI_ORG_REG_ORG_0372_P_02562,INGESTION_PIPELINE,RULE_BASED_EXTRACTOR,v1.0,True
REL_001572,P_02576,Person,ORG_0373,Organization,MEMBER_OF,2024-01-01,2026-12-31,2024-01-01,2026-12-31,1,0.99,observed,EVI_ORG_REG_ORG_0373_P_02576,INGESTION_PIPELINE,RULE_BASED_EXTRACTOR,v1.0,True
REL_001573,P_04200,Person,ORG_0374,Organization,MEMBER_OF,2024-01-01,2026-12-31,2024-01-01,2026-12-31,1,0.99,observed,EVI_ORG_REG_ORG_0374_P_04200,INGESTION_PIPELINE,RULE_BASED_EXTRACTOR,v1.0,True
REL_001574,P_02937,Person,ORG_0374,Organization,MEMBER_OF,2024-01-01,2026-12-31,2024-01-01,2026-12-31,1,0.99,observed,EVI_ORG_REG_ORG_0374_P_02937,INGESTION_PIPELINE,RULE_BASED_EXTRACTOR,v1.0,True
REL_001575,P_00634,Person,ORG_0375,Organization,MEMBER_OF,2024-01-01,2026-12-31,2024-01-01,2026-12-31,1,0.99,observed,EVI_ORG_REG_ORG_0375_P_00634,INGESTION_PIPELINE,RULE_BASED_EXTRACTOR,v1.0,True
REL_001576,P_02508,Person,ORG_0375,Organization,MEMBER_OF,2024-01-01,2026-12-31,2024-01-01,2026-12-31,1,0.99,observed,EVI_ORG_REG_ORG_0375_P_02508,INGESTION_PIPELINE,RULE_BASED_EXTRACTOR,v1.0,True
REL_001577,P_03461,Person,ORG_0376,Organization,MEMBER_OF,2024-01-01,2026-12-31,2024-01-01,2026-12-31,1,0.99,observed,EVI_ORG_REG_ORG_0376_P_03461,INGESTION_PIPELINE,RULE_BASED_EXTRACTOR,v1.0,True
REL_001578,P_00197,Person,ORG_0376,Organization,MEMBER_OF,2024-01-01,2026-12-31,2024-01-01,2026-12-31,1,0.99,observed,EVI_ORG_REG_ORG_0376_P_00197,INGESTION_PIPELINE,RULE_BASED_EXTRACTOR,v1.0,True
REL_001579,P_04235,Person,ORG_0376,Organization,MEMBER_OF,2024-01-01,2026-12-31,2024-01-01,2026-12-31,1,0.99,observed,EVI_ORG_REG_ORG_0376_P_04235,INGESTION_PIPELINE,RULE_BASED_EXTRACTOR,v1.0,True
REL_001580,P_00311,Person,ORG_0377,Organization,MEMBER_OF,2024-01-01,2026-12-31,2024-01-01,2026-12-31,1,0.99,observed,EVI_ORG_REG_ORG_0377_P_00311,INGESTION_PIPELINE,RULE_BASED_EXTRACTOR,v1.0,True
REL_001581,P_00896,Person,ORG_0377,Organization,MEMBER_OF,2024-01-01,2026-12-31,2024-01-01,2026-12-31,1,0.99,observed,EVI_ORG_REG_ORG_0377_P_00896,INGESTION_PIPELINE,RULE_BASED_EXTRACTOR,v1.0,True
REL_001582,P_00362,Person,ORG_0377,Organization,MEMBER_OF,2024-01-01,2026-12-31,2024-01-01,2026-12-31,1,0.99,observed,EVI_ORG_REG_ORG_0377_P_00362,INGESTION_PIPELINE,RULE_BASED_EXTRACTOR,v1.0,True
REL_001583,P_00787,Person,ORG_0378,Organization,MEMBER_OF,2024-01-01,2026-12-31,2024-01-01,2026-12-31,1,0.99,observed,EVI_ORG_REG_ORG_0378_P_00787,INGESTION_PIPELINE,RULE_BASED_EXTRACTOR,v1.0,True
REL_001584,P_00411,Person,ORG_0378,Organization,MEMBER_OF,2024-01-01,2026-12-31,2024-01-01,2026-12-31,1,0.99,observed,EVI_ORG_REG_ORG_0378_P_00411,INGESTION_PIPELINE,RULE_BASED_EXTRACTOR,v1.0,True
REL_001585,P_04303,Person,ORG_0379,Organization,MEMBER_OF,2024-01-01,2026-12-31,2024-01-01,2026-12-31,1,0.99,observed,EVI_ORG_REG_ORG_0379_P_04303,INGESTION_PIPELINE,RULE_BASED_EXTRACTOR,v1.0,True
REL_001586,P_04393,Person,ORG_0379,Organization,MEMBER_OF,2024-01-01,2026-12-31,2024-01-01,2026-12-31,1,0.99,observed,EVI_ORG_REG_ORG_0379_P_04393,INGESTION_PIPELINE,RULE_BASED_EXTRACTOR,v1.0,True
REL_001587,P_04866,Person,ORG_0380,Organization,MEMBER_OF,2024-01-01,2026-12-31,2024-01-01,2026-12-31,1,0.99,observed,EVI_ORG_REG_ORG_0380_P_04866,INGESTION_PIPELINE,RULE_BASED_EXTRACTOR,v1.0,True
REL_001588,P_01697,Person,ORG_0380,Organization,MEMBER_OF,2024-01-01,2026-12-31,2024-01-01,2026-12-31,1,0.99,observed,EVI_ORG_REG_ORG_0380_P_01697,INGESTION_PIPELINE,RULE_BASED_EXTRACTOR,v1.0,True
REL_001589,P_00314,Person,ORG_0380,Organization,MEMBER_OF,2024-01-01,2026-12-31,2024-01-01,2026-12-31,1,0.99,observed,EVI_ORG_REG_ORG_0380_P_00314,INGESTION_PIPELINE,RULE_BASED_EXTRACTOR,v1.0,True
REL_001590,P_03162,Person,ORG_0381,Organization,MEMBER_OF,2024-01-01,2026-12-31,2024-01-01,2026-12-31,1,0.99,observed,EVI_ORG_REG_ORG_0381_P_03162,INGESTION_PIPELINE,RULE_BASED_EXTRACTOR,v1.0,True
REL_001591,P_03340,Person,ORG_0382,Organization,MEMBER_OF,2024-01-01,2026-12-31,2024-01-01,2026-12-31,1,0.99,observed,EVI_ORG_REG_ORG_0382_P_03340,INGESTION_PIPELINE,RULE_BASED_EXTRACTOR,v1.0,True
REL_001592,P_02887,Person,ORG_0383,Organization,MEMBER_OF,2024-01-01,2026-12-31,2024-01-01,2026-12-31,1,0.99,observed,EVI_ORG_REG_ORG_0383_P_02887,INGESTION_PIPELINE,RULE_BASED_EXTRACTOR,v1.0,True
REL_001593,P_00726,Person,ORG_0383,Organization,MEMBER_OF,2024-01-01,2026-12-31,2024-01-01,2026-12-31,1,0.99,observed,EVI_ORG_REG_ORG_0383_P_00726,INGESTION_PIPELINE,RULE_BASED_EXTRACTOR,v1.0,True
REL_001594,P_04417,Person,ORG_0383,Organization,MEMBER_OF,2024-01-01,2026-12-31,2024-01-01,2026-12-31,1,0.99,observed,EVI_ORG_REG_ORG_0383_P_04417,INGESTION_PIPELINE,RULE_BASED_EXTRACTOR,v1.0,True
REL_001595,P_00375,Person,ORG_0384,Organization,MEMBER_OF,2024-01-01,2026-12-31,2024-01-01,2026-12-31,1,0.99,observed,EVI_ORG_REG_ORG_0384_P_00375,INGESTION_PIPELINE,RULE_BASED_EXTRACTOR,v1.0,True
REL_001596,P_02872,Person,ORG_0384,Organization,MEMBER_OF,2024-01-01,2026-12-31,2024-01-01,2026-12-31,1,0.99,observed,EVI_ORG_REG_ORG_0384_P_02872,INGESTION_PIPELINE,RULE_BASED_EXTRACTOR,v1.0,True
REL_001597,P_00289,Person,ORG_0384,Organization,MEMBER_OF,2024-01-01,2026-12-31,2024-01-01,2026-12-31,1,0.99,observed,EVI_ORG_REG_ORG_0384_P_00289,INGESTION_PIPELINE,RULE_BASED_EXTRACTOR,v1.0,True
REL_001598,P_04562,Person,ORG_0385,Organization,MEMBER_OF,2024-01-01,2026-12-31,2024-01-01,2026-12-31,1,0.99,observed,EVI_ORG_REG_ORG_0385_P_04562,INGESTION_PIPELINE,RULE_BASED_EXTRACTOR,v1.0,True
REL_001599,P_04490,Person,ORG_0385,Organization,MEMBER_OF,2024-01-01,2026-12-31,2024-01-01,2026-12-31,1,0.99,observed,EVI_ORG_REG_ORG_0385_P_04490,INGESTION_PIPELINE,RULE_BASED_EXTRACTOR,v1.0,True
REL_001600,P_04389,Person,ORG_0386,Organization,MEMBER_OF,2024-01-01,2026-12-31,2024-01-01,2026-12-31,1,0.99,observed,EVI_ORG_REG_ORG_0386_P_04389,INGESTION_PIPELINE,RULE_BASED_EXTRACTOR,v1.0,True
REL_001601,P_04000,Person,ORG_0387,Organization,MEMBER_OF,2024-01-01,2026-12-31,2024-01-01,2026-12-31,1,0.99,observed,EVI_ORG_REG_ORG_0387_P_04000,INGESTION_PIPELINE,RULE_BASED_EXTRACTOR,v1.0,True
REL_001602,P_04539,Person,ORG_0388,Organization,MEMBER_OF,2024-01-01,2026-12-31,2024-01-01,2026-12-31,1,0.99,observed,EVI_ORG_REG_ORG_0388_P_04539,INGESTION_PIPELINE,RULE_BASED_EXTRACTOR,v1.0,True
REL_001603,P_00920,Person,ORG_0388,Organization,MEMBER_OF,2024-01-01,2026-12-31,2024-01-01,2026-12-31,1,0.99,observed,EVI_ORG_REG_ORG_0388_P_00920,INGESTION_PIPELINE,RULE_BASED_EXTRACTOR,v1.0,True
REL_001604,P_02427,Person,ORG_0388,Organization,MEMBER_OF,2024-01-01,2026-12-31,2024-01-01,2026-12-31,1,0.99,observed,EVI_ORG_REG_ORG_0388_P_02427,INGESTION_PIPELINE,RULE_BASED_EXTRACTOR,v1.0,True
REL_001605,P_03753,Person,ORG_0389,Organization,MEMBER_OF,2024-01-01,2026-12-31,2024-01-01,2026-12-31,1,0.99,observed,EVI_ORG_REG_ORG_0389_P_03753,INGESTION_PIPELINE,RULE_BASED_EXTRACTOR,v1.0,True
REL_001606,P_00146,Person,ORG_0390,Organization,MEMBER_OF,2024-01-01,2026-12-31,2024-01-01,2026-12-31,1,0.99,observed,EVI_ORG_REG_ORG_0390_P_00146,INGESTION_PIPELINE,RULE_BASED_EXTRACTOR,v1.0,True
REL_001607,P_03819,Person,ORG_0390,Organization,MEMBER_OF,2024-01-01,2026-12-31,2024-01-01,2026-12-31,1,0.99,observed,EVI_ORG_REG_ORG_0390_P_03819,INGESTION_PIPELINE,RULE_BASED_EXTRACTOR,v1.0,True
REL_001608,P_00236,Person,ORG_0391,Organization,MEMBER_OF,2024-01-01,2026-12-31,2024-01-01,2026-12-31,1,0.99,observed,EVI_ORG_REG_ORG_0391_P_00236,INGESTION_PIPELINE,RULE_BASED_EXTRACTOR,v1.0,True
REL_001609,P_04467,Person,ORG_0391,Organization,MEMBER_OF,2024-01-01,2026-12-31,2024-01-01,2026-12-31,1,0.99,observed,EVI_ORG_REG_ORG_0391_P_04467,INGESTION_PIPELINE,RULE_BASED_EXTRACTOR,v1.0,True
REL_001610,P_01819,Person,ORG_0391,Organization,MEMBER_OF,2024-01-01,2026-12-31,2024-01-01,2026-12-31,1,0.99,observed,EVI_ORG_REG_ORG_0391_P_01819,INGESTION_PIPELINE,RULE_BASED_EXTRACTOR,v1.0,True
REL_001611,P_04360,Person,ORG_0392,Organization,MEMBER_OF,2024-01-01,2026-12-31,2024-01-01,2026-12-31,1,0.99,observed,EVI_ORG_REG_ORG_0392_P_04360,INGESTION_PIPELINE,RULE_BASED_EXTRACTOR,v1.0,True
REL_001612,P_04903,Person,ORG_0392,Organization,MEMBER_OF,2024-01-01,2026-12-31,2024-01-01,2026-12-31,1,0.99,observed,EVI_ORG_REG_ORG_0392_P_04903,INGESTION_PIPELINE,RULE_BASED_EXTRACTOR,v1.0,True
REL_001613,P_00846,Person,ORG_0393,Organization,MEMBER_OF,2024-01-01,2026-12-31,2024-01-01,2026-12-31,1,0.99,observed,EVI_ORG_REG_ORG_0393_P_00846,INGESTION_PIPELINE,RULE_BASED_EXTRACTOR,v1.0,True
REL_001614,P_02140,Person,ORG_0393,Organization,MEMBER_OF,2024-01-01,2026-12-31,2024-01-01,2026-12-31,1,0.99,observed,EVI_ORG_REG_ORG_0393_P_02140,INGESTION_PIPELINE,RULE_BASED_EXTRACTOR,v1.0,True
REL_001615,P_01675,Person,ORG_0394,Organization,MEMBER_OF,2024-01-01,2026-12-31,2024-01-01,2026-12-31,1,0.99,observed,EVI_ORG_REG_ORG_0394_P_01675,INGESTION_PIPELINE,RULE_BASED_EXTRACTOR,v1.0,True
REL_001616,P_03373,Person,ORG_0394,Organization,MEMBER_OF,2024-01-01,2026-12-31,2024-01-01,2026-12-31,1,0.99,observed,EVI_ORG_REG_ORG_0394_P_03373,INGESTION_PIPELINE,RULE_BASED_EXTRACTOR,v1.0,True
REL_001617,P_03781,Person,ORG_0394,Organization,MEMBER_OF,2024-01-01,2026-12-31,2024-01-01,2026-12-31,1,0.99,observed,EVI_ORG_REG_ORG_0394_P_03781,INGESTION_PIPELINE,RULE_BASED_EXTRACTOR,v1.0,True
REL_001618,P_02207,Person,ORG_0395,Organization,MEMBER_OF,2024-01-01,2026-12-31,2024-01-01,2026-12-31,1,0.99,observed,EVI_ORG_REG_ORG_0395_P_02207,INGESTION_PIPELINE,RULE_BASED_EXTRACTOR,v1.0,True
REL_001619,P_04623,Person,ORG_0395,Organization,MEMBER_OF,2024-01-01,2026-12-31,2024-01-01,2026-12-31,1,0.99,observed,EVI_ORG_REG_ORG_0395_P_04623,INGESTION_PIPELINE,RULE_BASED_EXTRACTOR,v1.0,True
REL_001620,P_04316,Person,ORG_0396,Organization,MEMBER_OF,2024-01-01,2026-12-31,2024-01-01,2026-12-31,1,0.99,observed,EVI_ORG_REG_ORG_0396_P_04316,INGESTION_PIPELINE,RULE_BASED_EXTRACTOR,v1.0,True
REL_001621,P_03424,Person,ORG_0396,Organization,MEMBER_OF,2024-01-01,2026-12-31,2024-01-01,2026-12-31,1,0.99,observed,EVI_ORG_REG_ORG_0396_P_03424,INGESTION_PIPELINE,RULE_BASED_EXTRACTOR,v1.0,True
REL_001622,P_03682,Person,ORG_0396,Organization,MEMBER_OF,2024-01-01,2026-12-31,2024-01-01,2026-12-31,1,0.99,observed,EVI_ORG_REG_ORG_0396_P_03682,INGESTION_PIPELINE,RULE_BASED_EXTRACTOR,v1.0,True
REL_001623,P_02766,Person,ORG_0397,Organization,MEMBER_OF,2024-01-01,2026-12-31,2024-01-01,2026-12-31,1,0.99,observed,EVI_ORG_REG_ORG_0397_P_02766,INGESTION_PIPELINE,RULE_BASED_EXTRACTOR,v1.0,True
REL_001624,P_04122,Person,ORG_0397,Organization,MEMBER_OF,2024-01-01,2026-12-31,2024-01-01,2026-12-31,1,0.99,observed,EVI_ORG_REG_ORG_0397_P_04122,INGESTION_PIPELINE,RULE_BASED_EXTRACTOR,v1.0,True
REL_001625,P_00828,Person,ORG_0397,Organization,MEMBER_OF,2024-01-01,2026-12-31,2024-01-01,2026-12-31,1,0.99,observed,EVI_ORG_REG_ORG_0397_P_00828,INGESTION_PIPELINE,RULE_BASED_EXTRACTOR,v1.0,True
REL_001626,P_03532,Person,ORG_0398,Organization,MEMBER_OF,2024-01-01,2026-12-31,2024-01-01,2026-12-31,1,0.99,observed,EVI_ORG_REG_ORG_0398_P_03532,INGESTION_PIPELINE,RULE_BASED_EXTRACTOR,v1.0,True
REL_001627,P_00373,Person,ORG_0398,Organization,MEMBER_OF,2024-01-01,2026-12-31,2024-01-01,2026-12-31,1,0.99,observed,EVI_ORG_REG_ORG_0398_P_00373,INGESTION_PIPELINE,RULE_BASED_EXTRACTOR,v1.0,True
REL_001628,P_03295,Person,ORG_0399,Organization,MEMBER_OF,2024-01-01,2026-12-31,2024-01-01,2026-12-31,1,0.99,observed,EVI_ORG_REG_ORG_0399_P_03295,INGESTION_PIPELINE,RULE_BASED_EXTRACTOR,v1.0,True
REL_001629,P_01698,Person,ORG_0399,Organization,MEMBER_OF,2024-01-01,2026-12-31,2024-01-01,2026-12-31,1,0.99,observed,EVI_ORG_REG_ORG_0399_P_01698,INGESTION_PIPELINE,RULE_BASED_EXTRACTOR,v1.0,True
REL_001630,P_04223,Person,ORG_0400,Organization,MEMBER_OF,2024-01-01,2026-12-31,2024-01-01,2026-12-31,1,0.99,observed,EVI_ORG_REG_ORG_0400_P_04223,INGESTION_PIPELINE,RULE_BASED_EXTRACTOR,v1.0,True
REL_001631,P_01717,Person,ORG_0401,Organization,MEMBER_OF,2024-01-01,2026-12-31,2024-01-01,2026-12-31,1,0.99,observed,EVI_ORG_REG_ORG_0401_P_01717,INGESTION_PIPELINE,RULE_BASED_EXTRACTOR,v1.0,True
REL_001632,P_04822,Person,ORG_0401,Organization,MEMBER_OF,2024-01-01,2026-12-31,2024-01-01,2026-12-31,1,0.99,observed,EVI_ORG_REG_ORG_0401_P_04822,INGESTION_PIPELINE,RULE_BASED_EXTRACTOR,v1.0,True
REL_001633,P_01104,Person,ORG_0402,Organization,MEMBER_OF,2024-01-01,2026-12-31,2024-01-01,2026-12-31,1,0.99,observed,EVI_ORG_REG_ORG_0402_P_01104,INGESTION_PIPELINE,RULE_BASED_EXTRACTOR,v1.0,True
REL_001634,P_03511,Person,ORG_0403,Organization,MEMBER_OF,2024-01-01,2026-12-31,2024-01-01,2026-12-31,1,0.99,observed,EVI_ORG_REG_ORG_0403_P_03511,INGESTION_PIPELINE,RULE_BASED_EXTRACTOR,v1.0,True
REL_001635,P_02714,Person,ORG_0403,Organization,MEMBER_OF,2024-01-01,2026-12-31,2024-01-01,2026-12-31,1,0.99,observed,EVI_ORG_REG_ORG_0403_P_02714,INGESTION_PIPELINE,RULE_BASED_EXTRACTOR,v1.0,True
REL_001636,P_03907,Person,ORG_0404,Organization,MEMBER_OF,2024-01-01,2026-12-31,2024-01-01,2026-12-31,1,0.99,observed,EVI_ORG_REG_ORG_0404_P_03907,INGESTION_PIPELINE,RULE_BASED_EXTRACTOR,v1.0,True
REL_001637,P_03950,Person,ORG_0404,Organization,MEMBER_OF,2024-01-01,2026-12-31,2024-01-01,2026-12-31,1,0.99,observed,EVI_ORG_REG_ORG_0404_P_03950,INGESTION_PIPELINE,RULE_BASED_EXTRACTOR,v1.0,True
REL_001638,P_00815,Person,ORG_0405,Organization,MEMBER_OF,2024-01-01,2026-12-31,2024-01-01,2026-12-31,1,0.99,observed,EVI_ORG_REG_ORG_0405_P_00815,INGESTION_PIPELINE,RULE_BASED_EXTRACTOR,v1.0,True
REL_001639,P_03941,Person,ORG_0406,Organization,MEMBER_OF,2024-01-01,2026-12-31,2024-01-01,2026-12-31,1,0.99,observed,EVI_ORG_REG_ORG_0406_P_03941,INGESTION_PIPELINE,RULE_BASED_EXTRACTOR,v1.0,True
REL_001640,P_00887,Person,ORG_0406,Organization,MEMBER_OF,2024-01-01,2026-12-31,2024-01-01,2026-12-31,1,0.99,observed,EVI_ORG_REG_ORG_0406_P_00887,INGESTION_PIPELINE,RULE_BASED_EXTRACTOR,v1.0,True
REL_001641,P_04849,Person,ORG_0406,Organization,MEMBER_OF,2024-01-01,2026-12-31,2024-01-01,2026-12-31,1,0.99,observed,EVI_ORG_REG_ORG_0406_P_04849,INGESTION_PIPELINE,RULE_BASED_EXTRACTOR,v1.0,True
REL_001642,P_02368,Person,ORG_0407,Organization,MEMBER_OF,2024-01-01,2026-12-31,2024-01-01,2026-12-31,1,0.99,observed,EVI_ORG_REG_ORG_0407_P_02368,INGESTION_PIPELINE,RULE_BASED_EXTRACTOR,v1.0,True
REL_001643,P_04082,Person,ORG_0407,Organization,MEMBER_OF,2024-01-01,2026-12-31,2024-01-01,2026-12-31,1,0.99,observed,EVI_ORG_REG_ORG_0407_P_04082,INGESTION_PIPELINE,RULE_BASED_EXTRACTOR,v1.0,True
REL_001644,P_00848,Person,ORG_0408,Organization,MEMBER_OF,2024-01-01,2026-12-31,2024-01-01,2026-12-31,1,0.99,observed,EVI_ORG_REG_ORG_0408_P_00848,INGESTION_PIPELINE,RULE_BASED_EXTRACTOR,v1.0,True
REL_001645,P_01135,Person,ORG_0409,Organization,MEMBER_OF,2024-01-01,2026-12-31,2024-01-01,2026-12-31,1,0.99,observed,EVI_ORG_REG_ORG_0409_P_01135,INGESTION_PIPELINE,RULE_BASED_EXTRACTOR,v1.0,True
REL_001646,P_00195,Person,ORG_0410,Organization,MEMBER_OF,2024-01-01,2026-12-31,2024-01-01,2026-12-31,1,0.99,observed,EVI_ORG_REG_ORG_0410_P_00195,INGESTION_PIPELINE,RULE_BASED_EXTRACTOR,v1.0,True
REL_001647,P_00474,Person,ORG_0410,Organization,MEMBER_OF,2024-01-01,2026-12-31,2024-01-01,2026-12-31,1,0.99,observed,EVI_ORG_REG_ORG_0410_P_00474,INGESTION_PIPELINE,RULE_BASED_EXTRACTOR,v1.0,True
REL_001648,P_04252,Person,ORG_0411,Organization,MEMBER_OF,2024-01-01,2026-12-31,2024-01-01,2026-12-31,1,0.99,observed,EVI_ORG_REG_ORG_0411_P_04252,INGESTION_PIPELINE,RULE_BASED_EXTRACTOR,v1.0,True
REL_001649,P_04511,Person,ORG_0412,Organization,MEMBER_OF,2024-01-01,2026-12-31,2024-01-01,2026-12-31,1,0.99,observed,EVI_ORG_REG_ORG_0412_P_04511,INGESTION_PIPELINE,RULE_BASED_EXTRACTOR,v1.0,True
REL_001650,P_01711,Person,ORG_0412,Organization,MEMBER_OF,2024-01-01,2026-12-31,2024-01-01,2026-12-31,1,0.99,observed,EVI_ORG_REG_ORG_0412_P_01711,INGESTION_PIPELINE,RULE_BASED_EXTRACTOR,v1.0,True
REL_001651,P_04654,Person,ORG_0412,Organization,MEMBER_OF,2024-01-01,2026-12-31,2024-01-01,2026-12-31,1,0.99,observed,EVI_ORG_REG_ORG_0412_P_04654,INGESTION_PIPELINE,RULE_BASED_EXTRACTOR,v1.0,True
REL_001652,P_01941,Person,ORG_0413,Organization,MEMBER_OF,2024-01-01,2026-12-31,2024-01-01,2026-12-31,1,0.99,observed,EVI_ORG_REG_ORG_0413_P_01941,INGESTION_PIPELINE,RULE_BASED_EXTRACTOR,v1.0,True
REL_001653,P_04360,Person,ORG_0413,Organization,MEMBER_OF,2024-01-01,2026-12-31,2024-01-01,2026-12-31,1,0.99,observed,EVI_ORG_REG_ORG_0413_P_04360,INGESTION_PIPELINE,RULE_BASED_EXTRACTOR,v1.0,True
REL_001654,P_03093,Person,ORG_0414,Organization,MEMBER_OF,2024-01-01,2026-12-31,2024-01-01,2026-12-31,1,0.99,observed,EVI_ORG_REG_ORG_0414_P_03093,INGESTION_PIPELINE,RULE_BASED_EXTRACTOR,v1.0,True
REL_001655,P_00798,Person,ORG_0414,Organization,MEMBER_OF,2024-01-01,2026-12-31,2024-01-01,2026-12-31,1,0.99,observed,EVI_ORG_REG_ORG_0414_P_00798,INGESTION_PIPELINE,RULE_BASED_EXTRACTOR,v1.0,True
REL_001656,P_02359,Person,ORG_0415,Organization,MEMBER_OF,2024-01-01,2026-12-31,2024-01-01,2026-12-31,1,0.99,observed,EVI_ORG_REG_ORG_0415_P_02359,INGESTION_PIPELINE,RULE_BASED_EXTRACTOR,v1.0,True
REL_001657,P_00487,Person,ORG_0416,Organization,MEMBER_OF,2024-01-01,2026-12-31,2024-01-01,2026-12-31,1,0.99,observed,EVI_ORG_REG_ORG_0416_P_00487,INGESTION_PIPELINE,RULE_BASED_EXTRACTOR,v1.0,True
REL_001658,P_00226,Person,ORG_0416,Organization,MEMBER_OF,2024-01-01,2026-12-31,2024-01-01,2026-12-31,1,0.99,observed,EVI_ORG_REG_ORG_0416_P_00226,INGESTION_PIPELINE,RULE_BASED_EXTRACTOR,v1.0,True
REL_001659,P_00246,Person,ORG_0416,Organization,MEMBER_OF,2024-01-01,2026-12-31,2024-01-01,2026-12-31,1,0.99,observed,EVI_ORG_REG_ORG_0416_P_00246,INGESTION_PIPELINE,RULE_BASED_EXTRACTOR,v1.0,True
REL_001660,P_02564,Person,ORG_0417,Organization,MEMBER_OF,2024-01-01,2026-12-31,2024-01-01,2026-12-31,1,0.99,observed,EVI_ORG_REG_ORG_0417_P_02564,INGESTION_PIPELINE,RULE_BASED_EXTRACTOR,v1.0,True
REL_001661,P_01852,Person,ORG_0418,Organization,MEMBER_OF,2024-01-01,2026-12-31,2024-01-01,2026-12-31,1,0.99,observed,EVI_ORG_REG_ORG_0418_P_01852,INGESTION_PIPELINE,RULE_BASED_EXTRACTOR,v1.0,True
REL_001662,P_00146,Person,ORG_0418,Organization,MEMBER_OF,2024-01-01,2026-12-31,2024-01-01,2026-12-31,1,0.99,observed,EVI_ORG_REG_ORG_0418_P_00146,INGESTION_PIPELINE,RULE_BASED_EXTRACTOR,v1.0,True
REL_001663,P_04125,Person,ORG_0418,Organization,MEMBER_OF,2024-01-01,2026-12-31,2024-01-01,2026-12-31,1,0.99,observed,EVI_ORG_REG_ORG_0418_P_04125,INGESTION_PIPELINE,RULE_BASED_EXTRACTOR,v1.0,True
REL_001664,P_04640,Person,ORG_0419,Organization,MEMBER_OF,2024-01-01,2026-12-31,2024-01-01,2026-12-31,1,0.99,observed,EVI_ORG_REG_ORG_0419_P_04640,INGESTION_PIPELINE,RULE_BASED_EXTRACTOR,v1.0,True
REL_001665,P_03382,Person,ORG_0419,Organization,MEMBER_OF,2024-01-01,2026-12-31,2024-01-01,2026-12-31,1,0.99,observed,EVI_ORG_REG_ORG_0419_P_03382,INGESTION_PIPELINE,RULE_BASED_EXTRACTOR,v1.0,True
REL_001666,P_02574,Person,ORG_0419,Organization,MEMBER_OF,2024-01-01,2026-12-31,2024-01-01,2026-12-31,1,0.99,observed,EVI_ORG_REG_ORG_0419_P_02574,INGESTION_PIPELINE,RULE_BASED_EXTRACTOR,v1.0,True
REL_001667,P_01251,Person,ORG_0420,Organization,MEMBER_OF,2024-01-01,2026-12-31,2024-01-01,2026-12-31,1,0.99,observed,EVI_ORG_REG_ORG_0420_P_01251,INGESTION_PIPELINE,RULE_BASED_EXTRACTOR,v1.0,True
REL_001668,P_04291,Person,ORG_0420,Organization,MEMBER_OF,2024-01-01,2026-12-31,2024-01-01,2026-12-31,1,0.99,observed,EVI_ORG_REG_ORG_0420_P_04291,INGESTION_PIPELINE,RULE_BASED_EXTRACTOR,v1.0,True
REL_001669,P_02943,Person,ORG_0421,Organization,MEMBER_OF,2024-01-01,2026-12-31,2024-01-01,2026-12-31,1,0.99,observed,EVI_ORG_REG_ORG_0421_P_02943,INGESTION_PIPELINE,RULE_BASED_EXTRACTOR,v1.0,True
REL_001670,P_01285,Person,ORG_0422,Organization,MEMBER_OF,2024-01-01,2026-12-31,2024-01-01,2026-12-31,1,0.99,observed,EVI_ORG_REG_ORG_0422_P_01285,INGESTION_PIPELINE,RULE_BASED_EXTRACTOR,v1.0,True
REL_001671,P_01191,Person,ORG_0422,Organization,MEMBER_OF,2024-01-01,2026-12-31,2024-01-01,2026-12-31,1,0.99,observed,EVI_ORG_REG_ORG_0422_P_01191,INGESTION_PIPELINE,RULE_BASED_EXTRACTOR,v1.0,True
REL_001672,P_03312,Person,ORG_0423,Organization,MEMBER_OF,2024-01-01,2026-12-31,2024-01-01,2026-12-31,1,0.99,observed,EVI_ORG_REG_ORG_0423_P_03312,INGESTION_PIPELINE,RULE_BASED_EXTRACTOR,v1.0,True
REL_001673,P_00457,Person,ORG_0423,Organization,MEMBER_OF,2024-01-01,2026-12-31,2024-01-01,2026-12-31,1,0.99,observed,EVI_ORG_REG_ORG_0423_P_00457,INGESTION_PIPELINE,RULE_BASED_EXTRACTOR,v1.0,True
REL_001674,P_00307,Person,ORG_0424,Organization,MEMBER_OF,2024-01-01,2026-12-31,2024-01-01,2026-12-31,1,0.99,observed,EVI_ORG_REG_ORG_0424_P_00307,INGESTION_PIPELINE,RULE_BASED_EXTRACTOR,v1.0,True
REL_001675,P_00320,Person,ORG_0425,Organization,MEMBER_OF,2024-01-01,2026-12-31,2024-01-01,2026-12-31,1,0.99,observed,EVI_ORG_REG_ORG_0425_P_00320,INGESTION_PIPELINE,RULE_BASED_EXTRACTOR,v1.0,True
REL_001676,P_03050,Person,ORG_0425,Organization,MEMBER_OF,2024-01-01,2026-12-31,2024-01-01,2026-12-31,1,0.99,observed,EVI_ORG_REG_ORG_0425_P_03050,INGESTION_PIPELINE,RULE_BASED_EXTRACTOR,v1.0,True
REL_001677,P_00837,Person,ORG_0426,Organization,MEMBER_OF,2024-01-01,2026-12-31,2024-01-01,2026-12-31,1,0.99,observed,EVI_ORG_REG_ORG_0426_P_00837,INGESTION_PIPELINE,RULE_BASED_EXTRACTOR,v1.0,True
REL_001678,P_01512,Person,ORG_0426,Organization,MEMBER_OF,2024-01-01,2026-12-31,2024-01-01,2026-12-31,1,0.99,observed,EVI_ORG_REG_ORG_0426_P_01512,INGESTION_PIPELINE,RULE_BASED_EXTRACTOR,v1.0,True
REL_001679,P_04345,Person,ORG_0427,Organization,MEMBER_OF,2024-01-01,2026-12-31,2024-01-01,2026-12-31,1,0.99,observed,EVI_ORG_REG_ORG_0427_P_04345,INGESTION_PIPELINE,RULE_BASED_EXTRACTOR,v1.0,True
REL_001680,P_04620,Person,ORG_0427,Organization,MEMBER_OF,2024-01-01,2026-12-31,2024-01-01,2026-12-31,1,0.99,observed,EVI_ORG_REG_ORG_0427_P_04620,INGESTION_PIPELINE,RULE_BASED_EXTRACTOR,v1.0,True
REL_001681,P_01360,Person,ORG_0428,Organization,MEMBER_OF,2024-01-01,2026-12-31,2024-01-01,2026-12-31,1,0.99,observed,EVI_ORG_REG_ORG_0428_P_01360,INGESTION_PIPELINE,RULE_BASED_EXTRACTOR,v1.0,True
REL_001682,P_04249,Person,ORG_0428,Organization,MEMBER_OF,2024-01-01,2026-12-31,2024-01-01,2026-12-31,1,0.99,observed,EVI_ORG_REG_ORG_0428_P_04249,INGESTION_PIPELINE,RULE_BASED_EXTRACTOR,v1.0,True
REL_001683,P_00099,Person,ORG_0428,Organization,MEMBER_OF,2024-01-01,2026-12-31,2024-01-01,2026-12-31,1,0.99,observed,EVI_ORG_REG_ORG_0428_P_00099,INGESTION_PIPELINE,RULE_BASED_EXTRACTOR,v1.0,True
REL_001684,P_03534,Person,ORG_0429,Organization,MEMBER_OF,2024-01-01,2026-12-31,2024-01-01,2026-12-31,1,0.99,observed,EVI_ORG_REG_ORG_0429_P_03534,INGESTION_PIPELINE,RULE_BASED_EXTRACTOR,v1.0,True
REL_001685,P_00356,Person,ORG_0429,Organization,MEMBER_OF,2024-01-01,2026-12-31,2024-01-01,2026-12-31,1,0.99,observed,EVI_ORG_REG_ORG_0429_P_00356,INGESTION_PIPELINE,RULE_BASED_EXTRACTOR,v1.0,True
REL_001686,P_01782,Person,ORG_0430,Organization,MEMBER_OF,2024-01-01,2026-12-31,2024-01-01,2026-12-31,1,0.99,observed,EVI_ORG_REG_ORG_0430_P_01782,INGESTION_PIPELINE,RULE_BASED_EXTRACTOR,v1.0,True
REL_001687,P_04533,Person,ORG_0431,Organization,MEMBER_OF,2024-01-01,2026-12-31,2024-01-01,2026-12-31,1,0.99,observed,EVI_ORG_REG_ORG_0431_P_04533,INGESTION_PIPELINE,RULE_BASED_EXTRACTOR,v1.0,True
REL_001688,P_02456,Person,ORG_0431,Organization,MEMBER_OF,2024-01-01,2026-12-31,2024-01-01,2026-12-31,1,0.99,observed,EVI_ORG_REG_ORG_0431_P_02456,INGESTION_PIPELINE,RULE_BASED_EXTRACTOR,v1.0,True
REL_001689,P_02305,Person,ORG_0431,Organization,MEMBER_OF,2024-01-01,2026-12-31,2024-01-01,2026-12-31,1,0.99,observed,EVI_ORG_REG_ORG_0431_P_02305,INGESTION_PIPELINE,RULE_BASED_EXTRACTOR,v1.0,True
REL_001690,P_04782,Person,ORG_0432,Organization,MEMBER_OF,2024-01-01,2026-12-31,2024-01-01,2026-12-31,1,0.99,observed,EVI_ORG_REG_ORG_0432_P_04782,INGESTION_PIPELINE,RULE_BASED_EXTRACTOR,v1.0,True
REL_001691,P_03411,Person,ORG_0433,Organization,MEMBER_OF,2024-01-01,2026-12-31,2024-01-01,2026-12-31,1,0.99,observed,EVI_ORG_REG_ORG_0433_P_03411,INGESTION_PIPELINE,RULE_BASED_EXTRACTOR,v1.0,True
REL_001692,P_03203,Person,ORG_0434,Organization,MEMBER_OF,2024-01-01,2026-12-31,2024-01-01,2026-12-31,1,0.99,observed,EVI_ORG_REG_ORG_0434_P_03203,INGESTION_PIPELINE,RULE_BASED_EXTRACTOR,v1.0,True
REL_001693,P_02646,Person,ORG_0434,Organization,MEMBER_OF,2024-01-01,2026-12-31,2024-01-01,2026-12-31,1,0.99,observed,EVI_ORG_REG_ORG_0434_P_02646,INGESTION_PIPELINE,RULE_BASED_EXTRACTOR,v1.0,True
REL_001694,P_01273,Person,ORG_0435,Organization,MEMBER_OF,2024-01-01,2026-12-31,2024-01-01,2026-12-31,1,0.99,observed,EVI_ORG_REG_ORG_0435_P_01273,INGESTION_PIPELINE,RULE_BASED_EXTRACTOR,v1.0,True
REL_001695,P_00122,Person,ORG_0435,Organization,MEMBER_OF,2024-01-01,2026-12-31,2024-01-01,2026-12-31,1,0.99,observed,EVI_ORG_REG_ORG_0435_P_00122,INGESTION_PIPELINE,RULE_BASED_EXTRACTOR,v1.0,True
REL_001696,P_04550,Person,ORG_0436,Organization,MEMBER_OF,2024-01-01,2026-12-31,2024-01-01,2026-12-31,1,0.99,observed,EVI_ORG_REG_ORG_0436_P_04550,INGESTION_PIPELINE,RULE_BASED_EXTRACTOR,v1.0,True
REL_001697,P_01223,Person,ORG_0436,Organization,MEMBER_OF,2024-01-01,2026-12-31,2024-01-01,2026-12-31,1,0.99,observed,EVI_ORG_REG_ORG_0436_P_01223,INGESTION_PIPELINE,RULE_BASED_EXTRACTOR,v1.0,True
REL_001698,P_01568,Person,ORG_0437,Organization,MEMBER_OF,2024-01-01,2026-12-31,2024-01-01,2026-12-31,1,0.99,observed,EVI_ORG_REG_ORG_0437_P_01568,INGESTION_PIPELINE,RULE_BASED_EXTRACTOR,v1.0,True
REL_001699,P_00578,Person,ORG_0437,Organization,MEMBER_OF,2024-01-01,2026-12-31,2024-01-01,2026-12-31,1,0.99,observed,EVI_ORG_REG_ORG_0437_P_00578,INGESTION_PIPELINE,RULE_BASED_EXTRACTOR,v1.0,True
REL_001700,P_00630,Person,ORG_0438,Organization,MEMBER_OF,2024-01-01,2026-12-31,2024-01-01,2026-12-31,1,0.99,observed,EVI_ORG_REG_ORG_0438_P_00630,INGESTION_PIPELINE,RULE_BASED_EXTRACTOR,v1.0,True
REL_001701,P_02008,Person,ORG_0438,Organization,MEMBER_OF,2024-01-01,2026-12-31,2024-01-01,2026-12-31,1,0.99,observed,EVI_ORG_REG_ORG_0438_P_02008,INGESTION_PIPELINE,RULE_BASED_EXTRACTOR,v1.0,True
REL_001702,P_00901,Person,ORG_0439,Organization,MEMBER_OF,2024-01-01,2026-12-31,2024-01-01,2026-12-31,1,0.99,observed,EVI_ORG_REG_ORG_0439_P_00901,INGESTION_PIPELINE,RULE_BASED_EXTRACTOR,v1.0,True
REL_001703,P_03116,Person,ORG_0440,Organization,MEMBER_OF,2024-01-01,2026-12-31,2024-01-01,2026-12-31,1,0.99,observed,EVI_ORG_REG_ORG_0440_P_03116,INGESTION_PIPELINE,RULE_BASED_EXTRACTOR,v1.0,True
REL_001704,P_02208,Person,ORG_0441,Organization,MEMBER_OF,2024-01-01,2026-12-31,2024-01-01,2026-12-31,1,0.99,observed,EVI_ORG_REG_ORG_0441_P_02208,INGESTION_PIPELINE,RULE_BASED_EXTRACTOR,v1.0,True
REL_001705,P_04701,Person,ORG_0442,Organization,MEMBER_OF,2024-01-01,2026-12-31,2024-01-01,2026-12-31,1,0.99,observed,EVI_ORG_REG_ORG_0442_P_04701,INGESTION_PIPELINE,RULE_BASED_EXTRACTOR,v1.0,True
REL_001706,P_00201,Person,ORG_0443,Organization,MEMBER_OF,2024-01-01,2026-12-31,2024-01-01,2026-12-31,1,0.99,observed,EVI_ORG_REG_ORG_0443_P_00201,INGESTION_PIPELINE,RULE_BASED_EXTRACTOR,v1.0,True
REL_001707,P_04204,Person,ORG_0444,Organization,MEMBER_OF,2024-01-01,2026-12-31,2024-01-01,2026-12-31,1,0.99,observed,EVI_ORG_REG_ORG_0444_P_04204,INGESTION_PIPELINE,RULE_BASED_EXTRACTOR,v1.0,True
REL_001708,P_04753,Person,ORG_0445,Organization,MEMBER_OF,2024-01-01,2026-12-31,2024-01-01,2026-12-31,1,0.99,observed,EVI_ORG_REG_ORG_0445_P_04753,INGESTION_PIPELINE,RULE_BASED_EXTRACTOR,v1.0,True
REL_001709,P_03100,Person,ORG_0446,Organization,MEMBER_OF,2024-01-01,2026-12-31,2024-01-01,2026-12-31,1,0.99,observed,EVI_ORG_REG_ORG_0446_P_03100,INGESTION_PIPELINE,RULE_BASED_EXTRACTOR,v1.0,True
REL_001710,P_04910,Person,ORG_0446,Organization,MEMBER_OF,2024-01-01,2026-12-31,2024-01-01,2026-12-31,1,0.99,observed,EVI_ORG_REG_ORG_0446_P_04910,INGESTION_PIPELINE,RULE_BASED_EXTRACTOR,v1.0,True
REL_001711,P_03353,Person,ORG_0447,Organization,MEMBER_OF,2024-01-01,2026-12-31,2024-01-01,2026-12-31,1,0.99,observed,EVI_ORG_REG_ORG_0447_P_03353,INGESTION_PIPELINE,RULE_BASED_EXTRACTOR,v1.0,True
REL_001712,P_04590,Person,ORG_0447,Organization,MEMBER_OF,2024-01-01,2026-12-31,2024-01-01,2026-12-31,1,0.99,observed,EVI_ORG_REG_ORG_0447_P_04590,INGESTION_PIPELINE,RULE_BASED_EXTRACTOR,v1.0,True
REL_001713,P_02420,Person,ORG_0448,Organization,MEMBER_OF,2024-01-01,2026-12-31,2024-01-01,2026-12-31,1,0.99,observed,EVI_ORG_REG_ORG_0448_P_02420,INGESTION_PIPELINE,RULE_BASED_EXTRACTOR,v1.0,True
REL_001714,P_00644,Person,ORG_0449,Organization,MEMBER_OF,2024-01-01,2026-12-31,2024-01-01,2026-12-31,1,0.99,observed,EVI_ORG_REG_ORG_0449_P_00644,INGESTION_PIPELINE,RULE_BASED_EXTRACTOR,v1.0,True
REL_001715,P_02350,Person,ORG_0449,Organization,MEMBER_OF,2024-01-01,2026-12-31,2024-01-01,2026-12-31,1,0.99,observed,EVI_ORG_REG_ORG_0449_P_02350,INGESTION_PIPELINE,RULE_BASED_EXTRACTOR,v1.0,True
REL_001716,P_04321,Person,ORG_0450,Organization,MEMBER_OF,2024-01-01,2026-12-31,2024-01-01,2026-12-31,1,0.99,observed,EVI_ORG_REG_ORG_0450_P_04321,INGESTION_PIPELINE,RULE_BASED_EXTRACTOR,v1.0,True
REL_001717,P_00849,Person,ORG_0451,Organization,MEMBER_OF,2024-01-01,2026-12-31,2024-01-01,2026-12-31,1,0.99,observed,EVI_ORG_REG_ORG_0451_P_00849,INGESTION_PIPELINE,RULE_BASED_EXTRACTOR,v1.0,True
REL_001718,P_02557,Person,ORG_0451,Organization,MEMBER_OF,2024-01-01,2026-12-31,2024-01-01,2026-12-31,1,0.99,observed,EVI_ORG_REG_ORG_0451_P_02557,INGESTION_PIPELINE,RULE_BASED_EXTRACTOR,v1.0,True
REL_001719,P_00080,Person,ORG_0451,Organization,MEMBER_OF,2024-01-01,2026-12-31,2024-01-01,2026-12-31,1,0.99,observed,EVI_ORG_REG_ORG_0451_P_00080,INGESTION_PIPELINE,RULE_BASED_EXTRACTOR,v1.0,True
REL_001720,P_01897,Person,ORG_0452,Organization,MEMBER_OF,2024-01-01,2026-12-31,2024-01-01,2026-12-31,1,0.99,observed,EVI_ORG_REG_ORG_0452_P_01897,INGESTION_PIPELINE,RULE_BASED_EXTRACTOR,v1.0,True
REL_001721,P_01283,Person,ORG_0452,Organization,MEMBER_OF,2024-01-01,2026-12-31,2024-01-01,2026-12-31,1,0.99,observed,EVI_ORG_REG_ORG_0452_P_01283,INGESTION_PIPELINE,RULE_BASED_EXTRACTOR,v1.0,True
REL_001722,P_02580,Person,ORG_0452,Organization,MEMBER_OF,2024-01-01,2026-12-31,2024-01-01,2026-12-31,1,0.99,observed,EVI_ORG_REG_ORG_0452_P_02580,INGESTION_PIPELINE,RULE_BASED_EXTRACTOR,v1.0,True
REL_001723,P_00019,Person,ORG_0453,Organization,MEMBER_OF,2024-01-01,2026-12-31,2024-01-01,2026-12-31,1,0.99,observed,EVI_ORG_REG_ORG_0453_P_00019,INGESTION_PIPELINE,RULE_BASED_EXTRACTOR,v1.0,True
REL_001724,P_02538,Person,ORG_0453,Organization,MEMBER_OF,2024-01-01,2026-12-31,2024-01-01,2026-12-31,1,0.99,observed,EVI_ORG_REG_ORG_0453_P_02538,INGESTION_PIPELINE,RULE_BASED_EXTRACTOR,v1.0,True
REL_001725,P_02555,Person,ORG_0453,Organization,MEMBER_OF,2024-01-01,2026-12-31,2024-01-01,2026-12-31,1,0.99,observed,EVI_ORG_REG_ORG_0453_P_02555,INGESTION_PIPELINE,RULE_BASED_EXTRACTOR,v1.0,True
REL_001726,P_03393,Person,ORG_0454,Organization,MEMBER_OF,2024-01-01,2026-12-31,2024-01-01,2026-12-31,1,0.99,observed,EVI_ORG_REG_ORG_0454_P_03393,INGESTION_PIPELINE,RULE_BASED_EXTRACTOR,v1.0,True
REL_001727,P_00012,Person,ORG_0454,Organization,MEMBER_OF,2024-01-01,2026-12-31,2024-01-01,2026-12-31,1,0.99,observed,EVI_ORG_REG_ORG_0454_P_00012,INGESTION_PIPELINE,RULE_BASED_EXTRACTOR,v1.0,True
REL_001728,P_03166,Person,ORG_0455,Organization,MEMBER_OF,2024-01-01,2026-12-31,2024-01-01,2026-12-31,1,0.99,observed,EVI_ORG_REG_ORG_0455_P_03166,INGESTION_PIPELINE,RULE_BASED_EXTRACTOR,v1.0,True
REL_001729,P_04220,Person,ORG_0456,Organization,MEMBER_OF,2024-01-01,2026-12-31,2024-01-01,2026-12-31,1,0.99,observed,EVI_ORG_REG_ORG_0456_P_04220,INGESTION_PIPELINE,RULE_BASED_EXTRACTOR,v1.0,True
REL_001730,P_03759,Person,ORG_0456,Organization,MEMBER_OF,2024-01-01,2026-12-31,2024-01-01,2026-12-31,1,0.99,observed,EVI_ORG_REG_ORG_0456_P_03759,INGESTION_PIPELINE,RULE_BASED_EXTRACTOR,v1.0,True
REL_001731,P_04410,Person,ORG_0456,Organization,MEMBER_OF,2024-01-01,2026-12-31,2024-01-01,2026-12-31,1,0.99,observed,EVI_ORG_REG_ORG_0456_P_04410,INGESTION_PIPELINE,RULE_BASED_EXTRACTOR,v1.0,True
REL_001732,P_00857,Person,ORG_0457,Organization,MEMBER_OF,2024-01-01,2026-12-31,2024-01-01,2026-12-31,1,0.99,observed,EVI_ORG_REG_ORG_0457_P_00857,INGESTION_PIPELINE,RULE_BASED_EXTRACTOR,v1.0,True
REL_001733,P_02275,Person,ORG_0458,Organization,MEMBER_OF,2024-01-01,2026-12-31,2024-01-01,2026-12-31,1,0.99,observed,EVI_ORG_REG_ORG_0458_P_02275,INGESTION_PIPELINE,RULE_BASED_EXTRACTOR,v1.0,True
REL_001734,P_02579,Person,ORG_0458,Organization,MEMBER_OF,2024-01-01,2026-12-31,2024-01-01,2026-12-31,1,0.99,observed,EVI_ORG_REG_ORG_0458_P_02579,INGESTION_PIPELINE,RULE_BASED_EXTRACTOR,v1.0,True
REL_001735,P_03750,Person,ORG_0459,Organization,MEMBER_OF,2024-01-01,2026-12-31,2024-01-01,2026-12-31,1,0.99,observed,EVI_ORG_REG_ORG_0459_P_03750,INGESTION_PIPELINE,RULE_BASED_EXTRACTOR,v1.0,True
REL_001736,P_02250,Person,ORG_0460,Organization,MEMBER_OF,2024-01-01,2026-12-31,2024-01-01,2026-12-31,1,0.99,observed,EVI_ORG_REG_ORG_0460_P_02250,INGESTION_PIPELINE,RULE_BASED_EXTRACTOR,v1.0,True
REL_001737,P_00448,Person,ORG_0460,Organization,MEMBER_OF,2024-01-01,2026-12-31,2024-01-01,2026-12-31,1,0.99,observed,EVI_ORG_REG_ORG_0460_P_00448,INGESTION_PIPELINE,RULE_BASED_EXTRACTOR,v1.0,True
REL_001738,P_03728,Person,ORG_0460,Organization,MEMBER_OF,2024-01-01,2026-12-31,2024-01-01,2026-12-31,1,0.99,observed,EVI_ORG_REG_ORG_0460_P_03728,INGESTION_PIPELINE,RULE_BASED_EXTRACTOR,v1.0,True
REL_001739,P_03685,Person,ORG_0461,Organization,MEMBER_OF,2024-01-01,2026-12-31,2024-01-01,2026-12-31,1,0.99,observed,EVI_ORG_REG_ORG_0461_P_03685,INGESTION_PIPELINE,RULE_BASED_EXTRACTOR,v1.0,True
REL_001740,P_04757,Person,ORG_0462,Organization,MEMBER_OF,2024-01-01,2026-12-31,2024-01-01,2026-12-31,1,0.99,observed,EVI_ORG_REG_ORG_0462_P_04757,INGESTION_PIPELINE,RULE_BASED_EXTRACTOR,v1.0,True
REL_001741,P_04399,Person,ORG_0462,Organization,MEMBER_OF,2024-01-01,2026-12-31,2024-01-01,2026-12-31,1,0.99,observed,EVI_ORG_REG_ORG_0462_P_04399,INGESTION_PIPELINE,RULE_BASED_EXTRACTOR,v1.0,True
REL_001742,P_03685,Person,ORG_0462,Organization,MEMBER_OF,2024-01-01,2026-12-31,2024-01-01,2026-12-31,1,0.99,observed,EVI_ORG_REG_ORG_0462_P_03685,INGESTION_PIPELINE,RULE_BASED_EXTRACTOR,v1.0,True
REL_001743,P_02071,Person,ORG_0463,Organization,MEMBER_OF,2024-01-01,2026-12-31,2024-01-01,2026-12-31,1,0.99,observed,EVI_ORG_REG_ORG_0463_P_02071,INGESTION_PIPELINE,RULE_BASED_EXTRACTOR,v1.0,True
REL_001744,P_03221,Person,ORG_0464,Organization,MEMBER_OF,2024-01-01,2026-12-31,2024-01-01,2026-12-31,1,0.99,observed,EVI_ORG_REG_ORG_0464_P_03221,INGESTION_PIPELINE,RULE_BASED_EXTRACTOR,v1.0,True
REL_001745,P_03314,Person,ORG_0465,Organization,MEMBER_OF,2024-01-01,2026-12-31,2024-01-01,2026-12-31,1,0.99,observed,EVI_ORG_REG_ORG_0465_P_03314,INGESTION_PIPELINE,RULE_BASED_EXTRACTOR,v1.0,True
REL_001746,P_00139,Person,ORG_0466,Organization,MEMBER_OF,2024-01-01,2026-12-31,2024-01-01,2026-12-31,1,0.99,observed,EVI_ORG_REG_ORG_0466_P_00139,INGESTION_PIPELINE,RULE_BASED_EXTRACTOR,v1.0,True
REL_001747,P_01837,Person,ORG_0466,Organization,MEMBER_OF,2024-01-01,2026-12-31,2024-01-01,2026-12-31,1,0.99,observed,EVI_ORG_REG_ORG_0466_P_01837,INGESTION_PIPELINE,RULE_BASED_EXTRACTOR,v1.0,True
REL_001748,P_02873,Person,ORG_0467,Organization,MEMBER_OF,2024-01-01,2026-12-31,2024-01-01,2026-12-31,1,0.99,observed,EVI_ORG_REG_ORG_0467_P_02873,INGESTION_PIPELINE,RULE_BASED_EXTRACTOR,v1.0,True
REL_001749,P_01915,Person,ORG_0467,Organization,MEMBER_OF,2024-01-01,2026-12-31,2024-01-01,2026-12-31,1,0.99,observed,EVI_ORG_REG_ORG_0467_P_01915,INGESTION_PIPELINE,RULE_BASED_EXTRACTOR,v1.0,True
REL_001750,P_00373,Person,ORG_0468,Organization,MEMBER_OF,2024-01-01,2026-12-31,2024-01-01,2026-12-31,1,0.99,observed,EVI_ORG_REG_ORG_0468_P_00373,INGESTION_PIPELINE,RULE_BASED_EXTRACTOR,v1.0,True
REL_001751,P_02849,Person,ORG_0468,Organization,MEMBER_OF,2024-01-01,2026-12-31,2024-01-01,2026-12-31,1,0.99,observed,EVI_ORG_REG_ORG_0468_P_02849,INGESTION_PIPELINE,RULE_BASED_EXTRACTOR,v1.0,True
REL_001752,P_04102,Person,ORG_0468,Organization,MEMBER_OF,2024-01-01,2026-12-31,2024-01-01,2026-12-31,1,0.99,observed,EVI_ORG_REG_ORG_0468_P_04102,INGESTION_PIPELINE,RULE_BASED_EXTRACTOR,v1.0,True
REL_001753,P_00297,Person,ORG_0469,Organization,MEMBER_OF,2024-01-01,2026-12-31,2024-01-01,2026-12-31,1,0.99,observed,EVI_ORG_REG_ORG_0469_P_00297,INGESTION_PIPELINE,RULE_BASED_EXTRACTOR,v1.0,True
REL_001754,P_00666,Person,ORG_0469,Organization,MEMBER_OF,2024-01-01,2026-12-31,2024-01-01,2026-12-31,1,0.99,observed,EVI_ORG_REG_ORG_0469_P_00666,INGESTION_PIPELINE,RULE_BASED_EXTRACTOR,v1.0,True
REL_001755,P_00220,Person,ORG_0469,Organization,MEMBER_OF,2024-01-01,2026-12-31,2024-01-01,2026-12-31,1,0.99,observed,EVI_ORG_REG_ORG_0469_P_00220,INGESTION_PIPELINE,RULE_BASED_EXTRACTOR,v1.0,True
REL_001756,P_02723,Person,ORG_0470,Organization,MEMBER_OF,2024-01-01,2026-12-31,2024-01-01,2026-12-31,1,0.99,observed,EVI_ORG_REG_ORG_0470_P_02723,INGESTION_PIPELINE,RULE_BASED_EXTRACTOR,v1.0,True
REL_001757,P_02468,Person,ORG_0470,Organization,MEMBER_OF,2024-01-01,2026-12-31,2024-01-01,2026-12-31,1,0.99,observed,EVI_ORG_REG_ORG_0470_P_02468,INGESTION_PIPELINE,RULE_BASED_EXTRACTOR,v1.0,True
REL_001758,P_03335,Person,ORG_0470,Organization,MEMBER_OF,2024-01-01,2026-12-31,2024-01-01,2026-12-31,1,0.99,observed,EVI_ORG_REG_ORG_0470_P_03335,INGESTION_PIPELINE,RULE_BASED_EXTRACTOR,v1.0,True
REL_001759,P_03246,Person,ORG_0471,Organization,MEMBER_OF,2024-01-01,2026-12-31,2024-01-01,2026-12-31,1,0.99,observed,EVI_ORG_REG_ORG_0471_P_03246,INGESTION_PIPELINE,RULE_BASED_EXTRACTOR,v1.0,True
REL_001760,P_00175,Person,ORG_0472,Organization,MEMBER_OF,2024-01-01,2026-12-31,2024-01-01,2026-12-31,1,0.99,observed,EVI_ORG_REG_ORG_0472_P_00175,INGESTION_PIPELINE,RULE_BASED_EXTRACTOR,v1.0,True
REL_001761,P_00504,Person,ORG_0472,Organization,MEMBER_OF,2024-01-01,2026-12-31,2024-01-01,2026-12-31,1,0.99,observed,EVI_ORG_REG_ORG_0472_P_00504,INGESTION_PIPELINE,RULE_BASED_EXTRACTOR,v1.0,True
REL_001762,P_03277,Person,ORG_0473,Organization,MEMBER_OF,2024-01-01,2026-12-31,2024-01-01,2026-12-31,1,0.99,observed,EVI_ORG_REG_ORG_0473_P_03277,INGESTION_PIPELINE,RULE_BASED_EXTRACTOR,v1.0,True
REL_001763,P_03801,Person,ORG_0473,Organization,MEMBER_OF,2024-01-01,2026-12-31,2024-01-01,2026-12-31,1,0.99,observed,EVI_ORG_REG_ORG_0473_P_03801,INGESTION_PIPELINE,RULE_BASED_EXTRACTOR,v1.0,True
REL_001764,P_04911,Person,ORG_0473,Organization,MEMBER_OF,2024-01-01,2026-12-31,2024-01-01,2026-12-31,1,0.99,observed,EVI_ORG_REG_ORG_0473_P_04911,INGESTION_PIPELINE,RULE_BASED_EXTRACTOR,v1.0,True
REL_001765,P_04784,Person,ORG_0474,Organization,MEMBER_OF,2024-01-01,2026-12-31,2024-01-01,2026-12-31,1,0.99,observed,EVI_ORG_REG_ORG_0474_P_04784,INGESTION_PIPELINE,RULE_BASED_EXTRACTOR,v1.0,True
REL_001766,P_04347,Person,ORG_0474,Organization,MEMBER_OF,2024-01-01,2026-12-31,2024-01-01,2026-12-31,1,0.99,observed,EVI_ORG_REG_ORG_0474_P_04347,INGESTION_PIPELINE,RULE_BASED_EXTRACTOR,v1.0,True
REL_001767,P_04841,Person,ORG_0474,Organization,MEMBER_OF,2024-01-01,2026-12-31,2024-01-01,2026-12-31,1,0.99,observed,EVI_ORG_REG_ORG_0474_P_04841,INGESTION_PIPELINE,RULE_BASED_EXTRACTOR,v1.0,True
REL_001768,P_00569,Person,ORG_0475,Organization,MEMBER_OF,2024-01-01,2026-12-31,2024-01-01,2026-12-31,1,0.99,observed,EVI_ORG_REG_ORG_0475_P_00569,INGESTION_PIPELINE,RULE_BASED_EXTRACTOR,v1.0,True
REL_001769,P_03829,Person,ORG_0475,Organization,MEMBER_OF,2024-01-01,2026-12-31,2024-01-01,2026-12-31,1,0.99,observed,EVI_ORG_REG_ORG_0475_P_03829,INGESTION_PIPELINE,RULE_BASED_EXTRACTOR,v1.0,True
REL_001770,P_00100,Person,ORG_0475,Organization,MEMBER_OF,2024-01-01,2026-12-31,2024-01-01,2026-12-31,1,0.99,observed,EVI_ORG_REG_ORG_0475_P_00100,INGESTION_PIPELINE,RULE_BASED_EXTRACTOR,v1.0,True
REL_001771,P_00208,Person,ORG_0476,Organization,MEMBER_OF,2024-01-01,2026-12-31,2024-01-01,2026-12-31,1,0.99,observed,EVI_ORG_REG_ORG_0476_P_00208,INGESTION_PIPELINE,RULE_BASED_EXTRACTOR,v1.0,True
REL_001772,P_00033,Person,ORG_0477,Organization,MEMBER_OF,2024-01-01,2026-12-31,2024-01-01,2026-12-31,1,0.99,observed,EVI_ORG_REG_ORG_0477_P_00033,INGESTION_PIPELINE,RULE_BASED_EXTRACTOR,v1.0,True
REL_001773,P_00589,Person,ORG_0477,Organization,MEMBER_OF,2024-01-01,2026-12-31,2024-01-01,2026-12-31,1,0.99,observed,EVI_ORG_REG_ORG_0477_P_00589,INGESTION_PIPELINE,RULE_BASED_EXTRACTOR,v1.0,True
REL_001774,P_03937,Person,ORG_0478,Organization,MEMBER_OF,2024-01-01,2026-12-31,2024-01-01,2026-12-31,1,0.99,observed,EVI_ORG_REG_ORG_0478_P_03937,INGESTION_PIPELINE,RULE_BASED_EXTRACTOR,v1.0,True
REL_001775,P_04879,Person,ORG_0479,Organization,MEMBER_OF,2024-01-01,2026-12-31,2024-01-01,2026-12-31,1,0.99,observed,EVI_ORG_REG_ORG_0479_P_04879,INGESTION_PIPELINE,RULE_BASED_EXTRACTOR,v1.0,True
REL_001776,P_01617,Person,ORG_0479,Organization,MEMBER_OF,2024-01-01,2026-12-31,2024-01-01,2026-12-31,1,0.99,observed,EVI_ORG_REG_ORG_0479_P_01617,INGESTION_PIPELINE,RULE_BASED_EXTRACTOR,v1.0,True
REL_001777,P_00846,Person,ORG_0480,Organization,MEMBER_OF,2024-01-01,2026-12-31,2024-01-01,2026-12-31,1,0.99,observed,EVI_ORG_REG_ORG_0480_P_00846,INGESTION_PIPELINE,RULE_BASED_EXTRACTOR,v1.0,True
REL_001778,P_00907,Person,ORG_0480,Organization,MEMBER_OF,2024-01-01,2026-12-31,2024-01-01,2026-12-31,1,0.99,observed,EVI_ORG_REG_ORG_0480_P_00907,INGESTION_PIPELINE,RULE_BASED_EXTRACTOR,v1.0,True
REL_001779,P_00606,Person,ORG_0480,Organization,MEMBER_OF,2024-01-01,2026-12-31,2024-01-01,2026-12-31,1,0.99,observed,EVI_ORG_REG_ORG_0480_P_00606,INGESTION_PIPELINE,RULE_BASED_EXTRACTOR,v1.0,True
REL_001780,P_03467,Person,ORG_0481,Organization,MEMBER_OF,2024-01-01,2026-12-31,2024-01-01,2026-12-31,1,0.99,observed,EVI_ORG_REG_ORG_0481_P_03467,INGESTION_PIPELINE,RULE_BASED_EXTRACTOR,v1.0,True
REL_001781,P_00427,Person,ORG_0481,Organization,MEMBER_OF,2024-01-01,2026-12-31,2024-01-01,2026-12-31,1,0.99,observed,EVI_ORG_REG_ORG_0481_P_00427,INGESTION_PIPELINE,RULE_BASED_EXTRACTOR,v1.0,True
REL_001782,P_00300,Person,ORG_0481,Organization,MEMBER_OF,2024-01-01,2026-12-31,2024-01-01,2026-12-31,1,0.99,observed,EVI_ORG_REG_ORG_0481_P_00300,INGESTION_PIPELINE,RULE_BASED_EXTRACTOR,v1.0,True
REL_001783,P_00761,Person,ORG_0482,Organization,MEMBER_OF,2024-01-01,2026-12-31,2024-01-01,2026-12-31,1,0.99,observed,EVI_ORG_REG_ORG_0482_P_00761,INGESTION_PIPELINE,RULE_BASED_EXTRACTOR,v1.0,True
REL_001784,P_02922,Person,ORG_0483,Organization,MEMBER_OF,2024-01-01,2026-12-31,2024-01-01,2026-12-31,1,0.99,observed,EVI_ORG_REG_ORG_0483_P_02922,INGESTION_PIPELINE,RULE_BASED_EXTRACTOR,v1.0,True
REL_001785,P_02337,Person,ORG_0484,Organization,MEMBER_OF,2024-01-01,2026-12-31,2024-01-01,2026-12-31,1,0.99,observed,EVI_ORG_REG_ORG_0484_P_02337,INGESTION_PIPELINE,RULE_BASED_EXTRACTOR,v1.0,True
REL_001786,P_01864,Person,ORG_0484,Organization,MEMBER_OF,2024-01-01,2026-12-31,2024-01-01,2026-12-31,1,0.99,observed,EVI_ORG_REG_ORG_0484_P_01864,INGESTION_PIPELINE,RULE_BASED_EXTRACTOR,v1.0,True
REL_001787,P_04348,Person,ORG_0485,Organization,MEMBER_OF,2024-01-01,2026-12-31,2024-01-01,2026-12-31,1,0.99,observed,EVI_ORG_REG_ORG_0485_P_04348,INGESTION_PIPELINE,RULE_BASED_EXTRACTOR,v1.0,True
REL_001788,P_02031,Person,ORG_0485,Organization,MEMBER_OF,2024-01-01,2026-12-31,2024-01-01,2026-12-31,1,0.99,observed,EVI_ORG_REG_ORG_0485_P_02031,INGESTION_PIPELINE,RULE_BASED_EXTRACTOR,v1.0,True
REL_001789,P_04626,Person,ORG_0485,Organization,MEMBER_OF,2024-01-01,2026-12-31,2024-01-01,2026-12-31,1,0.99,observed,EVI_ORG_REG_ORG_0485_P_04626,INGESTION_PIPELINE,RULE_BASED_EXTRACTOR,v1.0,True
REL_001790,P_03065,Person,ORG_0486,Organization,MEMBER_OF,2024-01-01,2026-12-31,2024-01-01,2026-12-31,1,0.99,observed,EVI_ORG_REG_ORG_0486_P_03065,INGESTION_PIPELINE,RULE_BASED_EXTRACTOR,v1.0,True
REL_001791,P_01326,Person,ORG_0486,Organization,MEMBER_OF,2024-01-01,2026-12-31,2024-01-01,2026-12-31,1,0.99,observed,EVI_ORG_REG_ORG_0486_P_01326,INGESTION_PIPELINE,RULE_BASED_EXTRACTOR,v1.0,True
REL_001792,P_00218,Person,ORG_0487,Organization,MEMBER_OF,2024-01-01,2026-12-31,2024-01-01,2026-12-31,1,0.99,observed,EVI_ORG_REG_ORG_0487_P_00218,INGESTION_PIPELINE,RULE_BASED_EXTRACTOR,v1.0,True
REL_001793,P_01730,Person,ORG_0487,Organization,MEMBER_OF,2024-01-01,2026-12-31,2024-01-01,2026-12-31,1,0.99,observed,EVI_ORG_REG_ORG_0487_P_01730,INGESTION_PIPELINE,RULE_BASED_EXTRACTOR,v1.0,True
REL_001794,P_00454,Person,ORG_0488,Organization,MEMBER_OF,2024-01-01,2026-12-31,2024-01-01,2026-12-31,1,0.99,observed,EVI_ORG_REG_ORG_0488_P_00454,INGESTION_PIPELINE,RULE_BASED_EXTRACTOR,v1.0,True
REL_001795,P_04781,Person,ORG_0489,Organization,MEMBER_OF,2024-01-01,2026-12-31,2024-01-01,2026-12-31,1,0.99,observed,EVI_ORG_REG_ORG_0489_P_04781,INGESTION_PIPELINE,RULE_BASED_EXTRACTOR,v1.0,True
REL_001796,P_01476,Person,ORG_0489,Organization,MEMBER_OF,2024-01-01,2026-12-31,2024-01-01,2026-12-31,1,0.99,observed,EVI_ORG_REG_ORG_0489_P_01476,INGESTION_PIPELINE,RULE_BASED_EXTRACTOR,v1.0,True
REL_001797,P_03152,Person,ORG_0489,Organization,MEMBER_OF,2024-01-01,2026-12-31,2024-01-01,2026-12-31,1,0.99,observed,EVI_ORG_REG_ORG_0489_P_03152,INGESTION_PIPELINE,RULE_BASED_EXTRACTOR,v1.0,True
REL_001798,P_03162,Person,ORG_0490,Organization,MEMBER_OF,2024-01-01,2026-12-31,2024-01-01,2026-12-31,1,0.99,observed,EVI_ORG_REG_ORG_0490_P_03162,INGESTION_PIPELINE,RULE_BASED_EXTRACTOR,v1.0,True
REL_001799,P_00915,Person,ORG_0490,Organization,MEMBER_OF,2024-01-01,2026-12-31,2024-01-01,2026-12-31,1,0.99,observed,EVI_ORG_REG_ORG_0490_P_00915,INGESTION_PIPELINE,RULE_BASED_EXTRACTOR,v1.0,True
REL_001800,P_03913,Person,ORG_0490,Organization,MEMBER_OF,2024-01-01,2026-12-31,2024-01-01,2026-12-31,1,0.99,observed,EVI_ORG_REG_ORG_0490_P_03913,INGESTION_PIPELINE,RULE_BASED_EXTRACTOR,v1.0,True
REL_001801,P_01774,Person,ORG_0491,Organization,MEMBER_OF,2024-01-01,2026-12-31,2024-01-01,2026-12-31,1,0.99,observed,EVI_ORG_REG_ORG_0491_P_01774,INGESTION_PIPELINE,RULE_BASED_EXTRACTOR,v1.0,True
REL_001802,P_04653,Person,ORG_0491,Organization,MEMBER_OF,2024-01-01,2026-12-31,2024-01-01,2026-12-31,1,0.99,observed,EVI_ORG_REG_ORG_0491_P_04653,INGESTION_PIPELINE,RULE_BASED_EXTRACTOR,v1.0,True
REL_001803,P_02285,Person,ORG_0492,Organization,MEMBER_OF,2024-01-01,2026-12-31,2024-01-01,2026-12-31,1,0.99,observed,EVI_ORG_REG_ORG_0492_P_02285,INGESTION_PIPELINE,RULE_BASED_EXTRACTOR,v1.0,True
REL_001804,P_01248,Person,ORG_0493,Organization,MEMBER_OF,2024-01-01,2026-12-31,2024-01-01,2026-12-31,1,0.99,observed,EVI_ORG_REG_ORG_0493_P_01248,INGESTION_PIPELINE,RULE_BASED_EXTRACTOR,v1.0,True
REL_001805,P_01607,Person,ORG_0493,Organization,MEMBER_OF,2024-01-01,2026-12-31,2024-01-01,2026-12-31,1,0.99,observed,EVI_ORG_REG_ORG_0493_P_01607,INGESTION_PIPELINE,RULE_BASED_EXTRACTOR,v1.0,True
REL_001806,P_04589,Person,ORG_0493,Organization,MEMBER_OF,2024-01-01,2026-12-31,2024-01-01,2026-12-31,1,0.99,observed,EVI_ORG_REG_ORG_0493_P_04589,INGESTION_PIPELINE,RULE_BASED_EXTRACTOR,v1.0,True
REL_001807,P_01996,Person,ORG_0494,Organization,MEMBER_OF,2024-01-01,2026-12-31,2024-01-01,2026-12-31,1,0.99,observed,EVI_ORG_REG_ORG_0494_P_01996,INGESTION_PIPELINE,RULE_BASED_EXTRACTOR,v1.0,True
REL_001808,P_01257,Person,ORG_0494,Organization,MEMBER_OF,2024-01-01,2026-12-31,2024-01-01,2026-12-31,1,0.99,observed,EVI_ORG_REG_ORG_0494_P_01257,INGESTION_PIPELINE,RULE_BASED_EXTRACTOR,v1.0,True
REL_001809,P_04534,Person,ORG_0495,Organization,MEMBER_OF,2024-01-01,2026-12-31,2024-01-01,2026-12-31,1,0.99,observed,EVI_ORG_REG_ORG_0495_P_04534,INGESTION_PIPELINE,RULE_BASED_EXTRACTOR,v1.0,True
REL_001810,P_03713,Person,ORG_0495,Organization,MEMBER_OF,2024-01-01,2026-12-31,2024-01-01,2026-12-31,1,0.99,observed,EVI_ORG_REG_ORG_0495_P_03713,INGESTION_PIPELINE,RULE_BASED_EXTRACTOR,v1.0,True
REL_001811,P_01978,Person,ORG_0496,Organization,MEMBER_OF,2024-01-01,2026-12-31,2024-01-01,2026-12-31,1,0.99,observed,EVI_ORG_REG_ORG_0496_P_01978,INGESTION_PIPELINE,RULE_BASED_EXTRACTOR,v1.0,True
REL_001812,P_03946,Person,ORG_0497,Organization,MEMBER_OF,2024-01-01,2026-12-31,2024-01-01,2026-12-31,1,0.99,observed,EVI_ORG_REG_ORG_0497_P_03946,INGESTION_PIPELINE,RULE_BASED_EXTRACTOR,v1.0,True
REL_001813,P_03527,Person,ORG_0498,Organization,MEMBER_OF,2024-01-01,2026-12-31,2024-01-01,2026-12-31,1,0.99,observed,EVI_ORG_REG_ORG_0498_P_03527,INGESTION_PIPELINE,RULE_BASED_EXTRACTOR,v1.0,True
REL_001814,P_00830,Person,ORG_0499,Organization,MEMBER_OF,2024-01-01,2026-12-31,2024-01-01,2026-12-31,1,0.99,observed,EVI_ORG_REG_ORG_0499_P_00830,INGESTION_PIPELINE,RULE_BASED_EXTRACTOR,v1.0,True
REL_001815,P_03914,Person,ORG_0499,Organization,MEMBER_OF,2024-01-01,2026-12-31,2024-01-01,2026-12-31,1,0.99,observed,EVI_ORG_REG_ORG_0499_P_03914,INGESTION_PIPELINE,RULE_BASED_EXTRACTOR,v1.0,True
REL_001816,P_01876,Person,ORG_0499,Organization,MEMBER_OF,2024-01-01,2026-12-31,2024-01-01,2026-12-31,1,0.99,observed,EVI_ORG_REG_ORG_0499_P_01876,INGESTION_PIPELINE,RULE_BASED_EXTRACTOR,v1.0,True
REL_001817,P_00971,Person,ORG_0500,Organization,MEMBER_OF,2024-01-01,2026-12-31,2024-01-01,2026-12-31,1,0.99,observed,EVI_ORG_REG_ORG_0500_P_00971,INGESTION_PIPELINE,RULE_BASED_EXTRACTOR,v1.0,True
